source,target,scenario,rep,fraction,boost,q95_logit_shift,q99_logit_shift,q99_exceedance,coherent_q95_shift
development_third,CHEMBL204,natural,-1,0.0,0.0,0.19362978549198973,0.47923292777483706,0.022222222222222223,0.023529411764705882
development_third,CHEMBL204,injected,0,0.2,4.0,0.26530004585446454,0.47923292777483706,0.022222222222222223,0.03529411764705882
development_third,CHEMBL204,injected,0,0.2,6.0,0.7467520898303897,1.6247087303400054,0.06666666666666667,0.09411764705882353
development_third,CHEMBL204,injected,0,0.3,4.0,0.33997396837872884,0.5949837161029228,0.03518518518518519,0.03529411764705882
development_third,CHEMBL204,injected,0,0.3,6.0,1.148916123308711,2.1834916885786253,0.08888888888888889,0.10588235294117648
development_third,CHEMBL204,injected,1,0.2,4.0,0.26530004585446454,0.5949837161029228,0.025925925925925925,0.023529411764705882
development_third,CHEMBL204,injected,1,0.2,6.0,0.7467520898303897,1.5618410713126938,0.06481481481481481,0.0823529411764706
development_third,CHEMBL204,injected,1,0.3,4.0,0.29078823592247716,0.5949837161029228,0.025925925925925925,0.03529411764705882
development_third,CHEMBL204,injected,1,0.3,6.0,0.7175278792958983,1.678280112342752,0.06296296296296296,0.10588235294117648
development_third,CHEMBL204,injected,2,0.2,4.0,0.3058762530912076,0.6029892434069417,0.03333333333333333,0.047058823529411764
development_third,CHEMBL204,injected,2,0.2,6.0,0.7229980776463347,2.113248617922136,0.06296296296296296,0.07058823529411765
development_third,CHEMBL204,injected,2,0.3,4.0,0.3058762530912076,0.6573504617592922,0.03333333333333333,0.047058823529411764
development_third,CHEMBL204,injected,2,0.3,6.0,0.8716492528737798,2.019874131969006,0.07777777777777778,0.10588235294117648
development_third,CHEMBL204,injected,3,0.2,4.0,0.20880528551986632,0.47923292777483706,0.022222222222222223,0.023529411764705882
development_third,CHEMBL204,injected,3,0.2,6.0,0.8716492528737798,1.4637727732491026,0.07592592592592592,0.07058823529411765
development_third,CHEMBL204,injected,3,0.3,4.0,0.3214540171783522,0.5949837161029228,0.02962962962962963,0.058823529411764705
development_third,CHEMBL204,injected,3,0.3,6.0,0.811213313909144,1.851710701719922,0.06481481481481481,0.10588235294117648
development_third,CHEMBL204,injected,4,0.2,4.0,0.3058762530912076,0.49801863156374093,0.02962962962962963,0.047058823529411764
development_third,CHEMBL204,injected,4,0.2,6.0,0.8685948316827745,1.8379516741053443,0.07222222222222222,0.0823529411764706
development_third,CHEMBL204,injected,4,0.3,4.0,0.39311175463222225,0.6432609007972241,0.037037037037037035,0.07058823529411765
development_third,CHEMBL204,injected,4,0.3,6.0,1.0608757098992334,2.3062960342864463,0.08333333333333333,0.11764705882352941
development_third,CHEMBL204,injected,5,0.2,4.0,0.2693071237911475,0.5602604004199456,0.02962962962962963,0.03529411764705882
development_third,CHEMBL204,injected,5,0.2,6.0,0.40003857184160063,1.4121287598188097,0.04259259259259259,0.058823529411764705
development_third,CHEMBL204,injected,5,0.3,4.0,0.2693071237911475,0.5949837161029228,0.027777777777777776,0.023529411764705882
development_third,CHEMBL204,injected,5,0.3,6.0,0.5486740928082985,1.4200752303353799,0.05185185185185185,0.0823529411764706
development_third,CHEMBL204,injected,6,0.2,4.0,0.3058762530912076,0.5949837161029228,0.02962962962962963,0.058823529411764705
development_third,CHEMBL204,injected,6,0.2,6.0,0.4002909501390355,1.7872400469295089,0.04259259259259259,0.0823529411764706
development_third,CHEMBL204,injected,6,0.3,4.0,0.3058762530912076,0.6573504617592922,0.03333333333333333,0.058823529411764705
development_third,CHEMBL204,injected,6,0.3,6.0,0.72192716285879,1.976986360142762,0.06296296296296296,0.10588235294117648
development_third,CHEMBL204,injected,7,0.2,4.0,0.26530004585446454,0.5949837161029228,0.025925925925925925,0.03529411764705882
development_third,CHEMBL204,injected,7,0.2,6.0,0.7467520898303897,1.5618410713126938,0.06296296296296296,0.09411764705882353
development_third,CHEMBL204,injected,7,0.3,4.0,0.2693071237911475,0.47923292777483706,0.025925925925925925,0.047058823529411764
development_third,CHEMBL204,injected,7,0.3,6.0,1.136403243561071,1.6247087303400054,0.09074074074074075,0.1411764705882353
development_third,CHEMBL204,injected,8,0.2,4.0,0.2693071237911475,0.47923292777483706,0.022222222222222223,0.047058823529411764
development_third,CHEMBL204,injected,8,0.2,6.0,0.7467520898303897,1.6444565151720427,0.06481481481481481,0.11764705882352941
development_third,CHEMBL204,injected,8,0.3,4.0,0.40259635333908816,0.6432609007972241,0.040740740740740744,0.07058823529411765
development_third,CHEMBL204,injected,8,0.3,6.0,1.0788821354696982,2.480546599250755,0.08148148148148149,0.10588235294117648
development_third,CHEMBL204,injected,9,0.2,4.0,0.29078823592247716,0.5602604004199456,0.025925925925925925,0.047058823529411764
development_third,CHEMBL204,injected,9,0.2,6.0,0.7175278792958983,1.678280112342752,0.06111111111111111,0.07058823529411765
development_third,CHEMBL204,injected,9,0.3,4.0,0.26530004585446454,0.5949837161029228,0.025925925925925925,0.03529411764705882
development_third,CHEMBL204,injected,9,0.3,6.0,0.8685948316827745,1.616408006403578,0.07222222222222222,0.0823529411764706
development_third,CHEMBL216,natural,-1,0.0,0.0,0.13500363524758852,-0.01411239637974937,0.010610079575596816,0.0
development_third,CHEMBL216,injected,0,0.2,4.0,0.48462523561900817,0.2829286867758807,0.015915119363395226,0.017543859649122806
development_third,CHEMBL216,injected,0,0.2,6.0,0.8003550305375828,1.375394129684686,0.03183023872679045,0.03508771929824561
development_third,CHEMBL216,injected,0,0.3,4.0,0.7966729677736186,0.2829286867758807,0.026525198938992044,0.03508771929824561
development_third,CHEMBL216,injected,0,0.3,6.0,1.0794073505240975,2.0971412530645877,0.050397877984084884,0.08771929824561403
development_third,CHEMBL216,injected,1,0.2,4.0,0.47318057497594523,-0.01411239637974937,0.010610079575596816,0.017543859649122806
development_third,CHEMBL216,injected,1,0.2,6.0,0.8322775096996109,1.256203845999213,0.03183023872679045,0.08771929824561403
development_third,CHEMBL216,injected,1,0.3,4.0,0.8451240817800434,0.2829286867758807,0.026525198938992044,0.07017543859649122
development_third,CHEMBL216,injected,1,0.3,6.0,2.00248578824145,2.0971412530645877,0.07161803713527852,0.10526315789473684
development_third,CHEMBL216,injected,2,0.2,4.0,0.8322775096996109,0.2829286867758807,0.026525198938992044,0.05263157894736842
development_third,CHEMBL216,injected,2,0.2,6.0,1.0794073505240975,2.0971412530645877,0.050397877984084884,0.08771929824561403
development_third,CHEMBL216,injected,2,0.3,4.0,0.8783398617474898,0.2829286867758807,0.026525198938992044,0.08771929824561403
development_third,CHEMBL216,injected,2,0.3,6.0,2.4235454179904092,2.0971412530645877,0.07692307692307693,0.12280701754385964
development_third,CHEMBL216,injected,3,0.2,4.0,0.49682902799472517,-0.01411239637974937,0.010610079575596816,0.017543859649122806
development_third,CHEMBL216,injected,3,0.2,6.0,0.8451240817800434,1.3991753455054612,0.03978779840848806,0.07017543859649122
development_third,CHEMBL216,injected,3,0.3,4.0,0.8928962533870184,0.2829286867758807,0.03183023872679045,0.08771929824561403
development_third,CHEMBL216,injected,3,0.3,6.0,2.4968290279947576,2.1566433308432797,0.09018567639257294,0.10526315789473684
development_third,CHEMBL216,injected,4,0.2,4.0,0.5978439760666161,0.2829286867758807,0.026525198938992044,0.03508771929824561
development_third,CHEMBL216,injected,4,0.2,6.0,1.0794073505240975,2.0971412530645877,0.050397877984084884,0.08771929824561403
development_third,CHEMBL216,injected,4,0.3,4.0,0.7966729677736186,0.2829286867758807,0.026525198938992044,0.05263157894736842
development_third,CHEMBL216,injected,4,0.3,6.0,1.380582369265177,2.0971412530645877,0.05570291777188329,0.08771929824561403
development_third,CHEMBL216,injected,5,0.2,4.0,0.8399976003765044,0.36436208777361934,0.03183023872679045,0.03508771929824561
development_third,CHEMBL216,injected,5,0.2,6.0,0.9139956079523888,2.198325464823406,0.042440318302387266,0.07017543859649122
development_third,CHEMBL216,injected,5,0.3,4.0,0.8322775096996109,0.2829286867758807,0.026525198938992044,0.03508771929824561
development_third,CHEMBL216,injected,5,0.3,6.0,1.0278776313532436,2.0971412530645877,0.04774535809018567,0.08771929824561403
development_third,CHEMBL216,injected,6,0.2,4.0,0.5978439760666161,0.2829286867758807,0.026525198938992044,0.03508771929824561
development_third,CHEMBL216,injected,6,0.2,6.0,1.0794073505240975,2.0971412530645877,0.050397877984084884,0.07017543859649122
development_third,CHEMBL216,injected,6,0.3,4.0,0.7966729677736186,0.36436208777361934,0.03183023872679045,0.03508771929824561
development_third,CHEMBL216,injected,6,0.3,6.0,1.436646873627872,2.198325464823406,0.07161803713527852,0.12280701754385964
development_third,CHEMBL216,injected,7,0.2,4.0,0.8322775096996109,0.2829286867758807,0.026525198938992044,0.03508771929824561
development_third,CHEMBL216,injected,7,0.2,6.0,1.1893844616863243,2.0971412530645877,0.05305039787798409,0.08771929824561403
development_third,CHEMBL216,injected,7,0.3,4.0,0.5978439760666161,0.2829286867758807,0.026525198938992044,0.017543859649122806
development_third,CHEMBL216,injected,7,0.3,6.0,1.0278776313532436,2.0971412530645877,0.04774535809018567,0.07017543859649122
development_third,CHEMBL216,injected,8,0.2,4.0,0.5373137861535446,0.2829286867758807,0.015915119363395226,0.03508771929824561
development_third,CHEMBL216,injected,8,0.2,6.0,0.9571088945715518,1.897586526664563,0.042440318302387266,0.08771929824561403
development_third,CHEMBL216,injected,8,0.3,4.0,0.8322775096996109,0.2829286867758807,0.026525198938992044,0.05263157894736842
development_third,CHEMBL216,injected,8,0.3,6.0,1.6746817500829678,2.0971412530645877,0.07427055702917772,0.12280701754385964
development_third,CHEMBL216,injected,9,0.2,4.0,0.8451240817800434,0.36436208777361934,0.03183023872679045,0.05263157894736842
development_third,CHEMBL216,injected,9,0.2,6.0,1.6759793466717259,2.198325464823406,0.06631299734748011,0.07017543859649122
development_third,CHEMBL216,injected,9,0.3,4.0,0.8322775096996109,0.2829286867758807,0.026525198938992044,0.05263157894736842
development_third,CHEMBL216,injected,9,0.3,6.0,1.8834628675522538,2.0971412530645877,0.08222811671087533,0.08771929824561403
development_third,CHEMBL218,natural,-1,0.0,0.0,0.45608041980587366,0.06770573557483228,0.012195121951219513,0.0010885341074020338
development_third,CHEMBL218,injected,0,0.2,4.0,0.5164976546192608,0.15257456709381945,0.01951219512195122,0.020319303338171266
development_third,CHEMBL218,injected,0,0.2,6.0,0.7450273016967275,1.69498171337424,0.041463414634146344,0.0395500725689405
development_third,CHEMBL218,injected,0,0.3,4.0,0.49781670062307937,0.10244413658320362,0.014634146341463415,0.0010885341074020338
development_third,CHEMBL218,injected,0,0.3,6.0,1.0083381575031023,1.3051267868073522,0.06341463414634146,0.05878084179970973
development_third,CHEMBL218,injected,1,0.2,4.0,0.48739866655738906,0.10244413658320362,0.014634146341463415,0.0010885341074020338
development_third,CHEMBL218,injected,1,0.2,6.0,0.8339805373814304,0.8054188450128859,0.04878048780487805,0.0395500725689405
development_third,CHEMBL218,injected,1,0.3,4.0,0.45608041980587366,0.06770573557483228,0.012195121951219513,0.0010885341074020338
development_third,CHEMBL218,injected,1,0.3,6.0,0.7555978061968336,0.4466348594904712,0.041463414634146344,0.11647314949201741
development_third,CHEMBL218,injected,2,0.2,4.0,0.530727982530435,0.2778756268223823,0.02195121951219512,0.020319303338171266
development_third,CHEMBL218,injected,2,0.2,6.0,1.1829525628745445,1.9345828857511354,0.06829268292682927,0.0395500725689405
development_third,CHEMBL218,injected,2,0.3,4.0,0.5024437467971077,0.2778756268223823,0.02195121951219512,0.020319303338171266
development_third,CHEMBL218,injected,2,0.3,6.0,0.7803210672875514,1.3038513999225607,0.046341463414634146,0.0395500725689405
development_third,CHEMBL218,injected,3,0.2,4.0,0.48739866655738906,0.10244413658320362,0.014634146341463415,0.0010885341074020338
development_third,CHEMBL218,injected,3,0.2,6.0,0.7246073268621211,0.7626114874239054,0.03902439024390244,0.0395500725689405
development_third,CHEMBL218,injected,3,0.3,4.0,0.49781670062307937,0.10244413658320362,0.014634146341463415,0.0010885341074020338
development_third,CHEMBL218,injected,3,0.3,6.0,0.9712146191110165,1.3051267868073522,0.05609756097560976,0.020319303338171266
development_third,CHEMBL218,injected,4,0.2,4.0,0.48739866655738906,0.10244413658320362,0.014634146341463415,0.0010885341074020338
development_third,CHEMBL218,injected,4,0.2,6.0,0.7803210672875514,0.8733433185587858,0.046341463414634146,0.0395500725689405
development_third,CHEMBL218,injected,4,0.3,4.0,0.49781670062307937,0.15257456709381945,0.01951219512195122,0.0010885341074020338
development_third,CHEMBL218,injected,4,0.3,6.0,0.8339805373814304,1.086680700559521,0.04878048780487805,0.0395500725689405
development_third,CHEMBL218,injected,5,0.2,4.0,0.4967874820636049,0.06770573557483228,0.012195121951219513,0.0010885341074020338
development_third,CHEMBL218,injected,5,0.2,6.0,0.9842445869597771,1.0797146887098164,0.05609756097560976,0.05878084179970973
development_third,CHEMBL218,injected,5,0.3,4.0,0.49781670062307937,0.10244413658320362,0.014634146341463415,0.0010885341074020338
development_third,CHEMBL218,injected,5,0.3,6.0,1.2579532405368603,1.3051267868073522,0.07317073170731707,0.05878084179970973
development_third,CHEMBL218,injected,6,0.2,4.0,0.49781670062307937,0.10244413658320362,0.014634146341463415,0.0010885341074020338
development_third,CHEMBL218,injected,6,0.2,6.0,0.9621832088837108,1.3051267868073522,0.05365853658536585,0.020319303338171266
development_third,CHEMBL218,injected,6,0.3,4.0,0.49781670062307937,0.15257456709381945,0.01951219512195122,0.020319303338171266
development_third,CHEMBL218,injected,6,0.3,6.0,0.6589617457828831,0.5306783572795943,0.03414634146341464,0.05878084179970973
development_third,CHEMBL218,injected,7,0.2,4.0,0.48739866655738906,0.10244413658320362,0.014634146341463415,0.0010885341074020338
development_third,CHEMBL218,injected,7,0.2,6.0,0.6885942580417161,0.7626114874239054,0.036585365853658534,0.0395500725689405
development_third,CHEMBL218,injected,7,0.3,4.0,0.49781670062307937,0.06770573557483228,0.012195121951219513,0.020319303338171266
development_third,CHEMBL218,injected,7,0.3,6.0,0.7803210672875514,1.1079352046900146,0.04390243902439024,0.05878084179970973
development_third,CHEMBL218,injected,8,0.2,4.0,0.4967874820636049,0.06770573557483228,0.012195121951219513,0.0010885341074020338
development_third,CHEMBL218,injected,8,0.2,6.0,0.7476332700837744,0.9679905702349689,0.03902439024390244,0.0395500725689405
development_third,CHEMBL218,injected,8,0.3,4.0,0.49781670062307937,0.10244413658320362,0.014634146341463415,0.0010885341074020338
development_third,CHEMBL218,injected,8,0.3,6.0,1.2579532405368603,1.3051267868073522,0.07317073170731707,0.05878084179970973
development_third,CHEMBL218,injected,9,0.2,4.0,0.48739866655738906,0.10244413658320362,0.014634146341463415,0.0010885341074020338
development_third,CHEMBL218,injected,9,0.2,6.0,0.8310240359583032,0.7626114874239054,0.046341463414634146,0.0395500725689405
development_third,CHEMBL218,injected,9,0.3,4.0,0.49781670062307937,0.10244413658320362,0.014634146341463415,0.0010885341074020338
development_third,CHEMBL218,injected,9,0.3,6.0,1.0326810691018427,1.3051267868073522,0.06341463414634146,0.05878084179970973
development_third,CHEMBL230,natural,-1,0.0,0.0,0.2299694490091566,0.2635195789181579,0.022277227722772276,0.022727272727272728
development_third,CHEMBL230,injected,0,0.2,4.0,0.7621376935916668,0.8452785504421958,0.06683168316831684,0.09090909090909091
development_third,CHEMBL230,injected,0,0.2,6.0,2.6098447549028343,2.7054787621151224,0.16584158415841585,0.1590909090909091
development_third,CHEMBL230,injected,0,0.3,4.0,0.7756349099403792,1.0188581041861595,0.07425742574257425,0.11363636363636362
development_third,CHEMBL230,injected,0,0.3,6.0,2.6608929583119654,2.76830035975882,0.2103960396039604,0.20454545454545453
development_third,CHEMBL230,injected,1,0.2,4.0,0.4265409967597211,0.9262852207829484,0.03712871287128713,0.04545454545454545
development_third,CHEMBL230,injected,1,0.2,6.0,1.3992690543369495,2.5728936468959294,0.07673267326732673,0.11363636363636362
development_third,CHEMBL230,injected,1,0.3,4.0,0.7960137418460174,1.1208436973120643,0.07673267326732673,0.11363636363636362
development_third,CHEMBL230,injected,1,0.3,6.0,2.671473798828192,3.094146051637644,0.2202970297029703,0.22727272727272727
development_third,CHEMBL230,injected,2,0.2,4.0,0.9131985333360233,1.1208436973120643,0.08168316831683169,0.09090909090909091
development_third,CHEMBL230,injected,2,0.2,6.0,2.754541759598637,3.095563642158324,0.12623762376237624,0.13636363636363635
development_third,CHEMBL230,injected,2,0.3,4.0,0.981461075595194,1.1567864948326183,0.10148514851485149,0.11363636363636362
development_third,CHEMBL230,injected,2,0.3,6.0,2.900145577230944,2.989918207620562,0.24504950495049505,0.20454545454545453
development_third,CHEMBL230,injected,3,0.2,4.0,0.678734744624816,0.8452785504421958,0.06435643564356436,0.06818181818181818
development_third,CHEMBL230,injected,3,0.2,6.0,2.4925221650668545,2.7054787621151224,0.14356435643564355,0.11363636363636362
development_third,CHEMBL230,injected,3,0.3,4.0,0.7690693136237958,0.991577949199963,0.07178217821782178,0.11363636363636362
development_third,CHEMBL230,injected,3,0.3,6.0,2.6230094336559606,2.8678235165617867,0.1608910891089109,0.20454545454545453
development_third,CHEMBL230,injected,4,0.2,4.0,0.9014202874144175,0.8455893211904861,0.08663366336633663,0.11363636363636362
development_third,CHEMBL230,injected,4,0.2,6.0,2.7537614416453833,2.756535948475575,0.17574257425742573,0.1590909090909091
development_third,CHEMBL230,injected,4,0.3,4.0,0.7621376935916668,1.2694143586043038,0.06435643564356436,0.09090909090909091
development_third,CHEMBL230,injected,4,0.3,6.0,2.536809587939846,3.1208436973120817,0.16831683168316833,0.1590909090909091
development_third,CHEMBL230,injected,5,0.2,4.0,0.981461075595194,1.0054321778615019,0.09900990099009901,0.09090909090909091
development_third,CHEMBL230,injected,5,0.2,6.0,2.900145577230944,2.989918207620562,0.18564356435643564,0.11363636363636362
development_third,CHEMBL230,injected,5,0.3,4.0,0.8283062656137998,1.0034877259758503,0.07425742574257425,0.11363636363636362
development_third,CHEMBL230,injected,5,0.3,6.0,2.64222124233099,2.7582457955117645,0.21782178217821782,0.18181818181818182
development_third,CHEMBL230,injected,6,0.2,4.0,0.67679923856383,1.0591390169158177,0.0594059405940594,0.09090909090909091
development_third,CHEMBL230,injected,6,0.2,6.0,2.3303377765411586,2.9962688820408934,0.13366336633663367,0.13636363636363635
development_third,CHEMBL230,injected,6,0.3,4.0,0.8950496591695472,1.3151850752428178,0.07425742574257425,0.06818181818181818
development_third,CHEMBL230,injected,6,0.3,6.0,2.660373793171418,3.157154838444259,0.22277227722772278,0.18181818181818182
development_third,CHEMBL230,injected,7,0.2,4.0,0.6591886785143157,0.5387030193637807,0.05693069306930693,0.06818181818181818
development_third,CHEMBL230,injected,7,0.2,6.0,2.314894686077052,2.3626104394061826,0.13366336633663367,0.1590909090909091
development_third,CHEMBL230,injected,7,0.3,4.0,1.1372331108350875,1.3151850752428178,0.08663366336633663,0.11363636363636362
development_third,CHEMBL230,injected,7,0.3,6.0,2.963121150091154,3.1588044826332107,0.1905940594059406,0.1590909090909091
development_third,CHEMBL230,injected,8,0.2,4.0,0.67679923856383,1.0964073582918874,0.0594059405940594,0.09090909090909091
development_third,CHEMBL230,injected,8,0.2,6.0,2.1786591148835717,3.0193849655511125,0.12128712871287128,0.1590909090909091
development_third,CHEMBL230,injected,8,0.3,4.0,1.0097307237673956,1.2706235971257351,0.08415841584158416,0.11363636363636362
development_third,CHEMBL230,injected,8,0.3,6.0,2.7840374842056264,3.160626661272455,0.19306930693069307,0.18181818181818182
development_third,CHEMBL230,injected,9,0.2,4.0,1.1326858174185785,1.2706235971257351,0.10891089108910891,0.13636363636363635
development_third,CHEMBL230,injected,9,0.2,6.0,3.0043990667864247,3.160626661272455,0.21782178217821782,0.13636363636363635
development_third,CHEMBL230,injected,9,0.3,4.0,0.9754050783421331,1.1208436973120643,0.09158415841584158,0.09090909090909091
development_third,CHEMBL230,injected,9,0.3,6.0,2.833402183675209,3.095563642158324,0.2103960396039604,0.1590909090909091
development_third,CHEMBL233,natural,-1,0.0,0.0,-0.007640538748253434,-0.15710800153231297,0.00702576112412178,-0.016129032258064516
development_third,CHEMBL233,injected,0,0.2,4.0,-0.007640538748253434,-0.15710800153231297,0.00702576112412178,-0.016129032258064516
development_third,CHEMBL233,injected,0,0.2,6.0,0.10618096192950688,0.03661873160718354,0.02576112412177986,0.0
development_third,CHEMBL233,injected,0,0.3,4.0,-0.007640538748253434,-0.15710800153231297,0.00702576112412178,-0.016129032258064516
development_third,CHEMBL233,injected,0,0.3,6.0,0.02162218119301329,-0.05425991625812987,0.00936768149882904,-0.016129032258064516
development_third,CHEMBL233,injected,1,0.2,4.0,-0.007640538748253434,-0.15710800153231297,0.00702576112412178,-0.016129032258064516
development_third,CHEMBL233,injected,1,0.2,6.0,0.10618096192950688,0.03661873160718354,0.02576112412177986,0.0
development_third,CHEMBL233,injected,1,0.3,4.0,-0.007640538748253434,-0.15710800153231297,0.00702576112412178,-0.016129032258064516
development_third,CHEMBL233,injected,1,0.3,6.0,0.27076431662124634,0.2987115116153438,0.04215456674473068,0.04838709677419355
development_third,CHEMBL233,injected,2,0.2,4.0,-0.007640538748253434,-0.15710800153231297,0.00702576112412178,-0.016129032258064516
development_third,CHEMBL233,injected,2,0.2,6.0,0.01615249154377718,-0.05425991625812987,0.00936768149882904,-0.016129032258064516
development_third,CHEMBL233,injected,2,0.3,4.0,0.01615249154377718,0.041689808407442186,0.0117096018735363,-0.016129032258064516
development_third,CHEMBL233,injected,2,0.3,6.0,0.22359120001005817,0.6875205166766385,0.04215456674473068,0.04838709677419355
development_third,CHEMBL233,injected,3,0.2,4.0,-0.007640538748253434,-0.15710800153231297,0.00702576112412178,-0.016129032258064516
development_third,CHEMBL233,injected,3,0.2,6.0,0.10618096192950688,0.2437405844492586,0.01639344262295082,0.0
development_third,CHEMBL233,injected,3,0.3,4.0,-0.007640538748253434,-0.15710800153231297,0.00702576112412178,-0.016129032258064516
development_third,CHEMBL233,injected,3,0.3,6.0,0.14411011363654147,0.03661873160718354,0.02810304449648712,0.0
development_third,CHEMBL233,injected,4,0.2,4.0,-0.007640538748253434,-0.15710800153231297,0.00702576112412178,-0.016129032258064516
development_third,CHEMBL233,injected,4,0.2,6.0,0.16617983265591274,0.05738364681537078,0.03044496487119438,0.0
development_third,CHEMBL233,injected,4,0.3,4.0,-0.007640538748253434,-0.15710800153231297,0.00702576112412178,-0.016129032258064516
development_third,CHEMBL233,injected,4,0.3,6.0,0.15927010432010746,0.05738364681537078,0.03044496487119438,0.016129032258064516
development_third,CHEMBL233,injected,5,0.2,4.0,-0.007640538748253434,-0.15710800153231297,0.00702576112412178,-0.016129032258064516
development_third,CHEMBL233,injected,5,0.2,6.0,0.10618096192950688,0.03661873160718354,0.02576112412177986,0.0
development_third,CHEMBL233,injected,5,0.3,4.0,-0.007640538748253434,-0.15710800153231297,0.00702576112412178,-0.016129032258064516
development_third,CHEMBL233,injected,5,0.3,6.0,0.1093061455132549,0.03661873160718354,0.02810304449648712,0.0
development_third,CHEMBL233,injected,6,0.2,4.0,-0.007640538748253434,-0.15710800153231297,0.00702576112412178,-0.016129032258064516
development_third,CHEMBL233,injected,6,0.2,6.0,0.1093061455132549,0.03661873160718354,0.02810304449648712,0.016129032258064516
development_third,CHEMBL233,injected,6,0.3,4.0,-0.007640538748253434,-0.15710800153231297,0.00702576112412178,-0.016129032258064516
development_third,CHEMBL233,injected,6,0.3,6.0,0.10618096192950688,0.46851264387085934,0.02107728337236534,0.03225806451612903
development_third,CHEMBL233,injected,7,0.2,4.0,-0.007640538748253434,-0.15710800153231297,0.00702576112412178,-0.016129032258064516
development_third,CHEMBL233,injected,7,0.2,6.0,0.11048400412790205,0.2987115116153438,0.0234192037470726,0.016129032258064516
development_third,CHEMBL233,injected,7,0.3,4.0,-0.007640538748253434,-0.15710800153231297,0.00702576112412178,-0.016129032258064516
development_third,CHEMBL233,injected,7,0.3,6.0,0.21294232044337136,0.2437405844492586,0.0351288056206089,0.016129032258064516
development_third,CHEMBL233,injected,8,0.2,4.0,-0.007640538748253434,-0.15710800153231297,0.00702576112412178,-0.016129032258064516
development_third,CHEMBL233,injected,8,0.2,6.0,-0.007640538748253434,-0.15710800153231297,0.00702576112412178,-0.016129032258064516
development_third,CHEMBL233,injected,8,0.3,4.0,-0.007640538748253434,-0.15710800153231297,0.00702576112412178,-0.016129032258064516
development_third,CHEMBL233,injected,8,0.3,6.0,0.15927010432010746,0.16781713893367023,0.03278688524590164,0.016129032258064516
development_third,CHEMBL233,injected,9,0.2,4.0,0.01615249154377718,0.041689808407442186,0.0117096018735363,-0.016129032258064516
development_third,CHEMBL233,injected,9,0.2,6.0,0.16617983265591274,0.16781713893367023,0.03278688524590164,0.0
development_third,CHEMBL233,injected,9,0.3,4.0,-0.007640538748253434,-0.15710800153231297,0.00702576112412178,-0.016129032258064516
development_third,CHEMBL233,injected,9,0.3,6.0,0.033987655670415506,0.2437405844492586,0.01639344262295082,0.016129032258064516
development_third,CHEMBL237,natural,-1,0.0,0.0,-0.40860572991214994,-0.4032665728528855,0.004784688995215311,-0.05388471177944862
development_third,CHEMBL237,injected,0,0.2,4.0,-0.40860572991214994,-0.4032665728528855,0.004784688995215311,-0.05388471177944862
development_third,CHEMBL237,injected,0,0.2,6.0,-0.40860572991214994,-0.4032665728528855,0.004784688995215311,-0.05388471177944862
development_third,CHEMBL237,injected,0,0.3,4.0,-0.40860572991214994,-0.4032665728528855,0.004784688995215311,-0.05388471177944862
development_third,CHEMBL237,injected,0,0.3,6.0,-0.40860572991214994,-0.4032665728528855,0.004784688995215311,-0.05388471177944862
development_third,CHEMBL237,injected,1,0.2,4.0,-0.40860572991214994,-0.4032665728528855,0.004784688995215311,-0.05388471177944862
development_third,CHEMBL237,injected,1,0.2,6.0,-0.20434747920478724,-0.4032665728528855,0.004784688995215311,-0.05388471177944862
development_third,CHEMBL237,injected,1,0.3,4.0,-0.20434747920478724,-0.37284097483070155,0.004784688995215311,-0.05388471177944862
development_third,CHEMBL237,injected,1,0.3,6.0,-0.1504842318896067,-0.02637515370280763,0.011961722488038277,-0.03634085213032581
development_third,CHEMBL237,injected,2,0.2,4.0,-0.40860572991214994,-0.4032665728528855,0.004784688995215311,-0.05388471177944862
development_third,CHEMBL237,injected,2,0.2,6.0,-0.20434747920478724,-0.3174259368795562,0.004784688995215311,-0.03634085213032581
development_third,CHEMBL237,injected,2,0.3,4.0,-0.40860572991214994,-0.4032665728528855,0.004784688995215311,-0.05388471177944862
development_third,CHEMBL237,injected,2,0.3,6.0,-0.40860572991214994,-0.4032665728528855,0.004784688995215311,-0.05388471177944862
development_third,CHEMBL237,injected,3,0.2,4.0,-0.40860572991214994,-0.4032665728528855,0.004784688995215311,-0.05388471177944862
development_third,CHEMBL237,injected,3,0.2,6.0,-0.40860572991214994,-0.4032665728528855,0.004784688995215311,-0.05388471177944862
development_third,CHEMBL237,injected,3,0.3,4.0,-0.40860572991214994,-0.4032665728528855,0.004784688995215311,-0.05388471177944862
development_third,CHEMBL237,injected,3,0.3,6.0,-0.40860572991214994,-0.4032665728528855,0.004784688995215311,-0.05388471177944862
development_third,CHEMBL237,injected,4,0.2,4.0,-0.40860572991214994,-0.4032665728528855,0.004784688995215311,-0.05388471177944862
development_third,CHEMBL237,injected,4,0.2,6.0,-0.40860572991214994,-0.4032665728528855,0.004784688995215311,-0.05388471177944862
development_third,CHEMBL237,injected,4,0.3,4.0,-0.20434747920478724,-0.37284097483070155,0.004784688995215311,-0.05388471177944862
development_third,CHEMBL237,injected,4,0.3,6.0,-0.17249815656085676,-0.026833716763392523,0.011961722488038277,-0.05388471177944862
development_third,CHEMBL237,injected,5,0.2,4.0,-0.40860572991214994,-0.4032665728528855,0.004784688995215311,-0.05388471177944862
development_third,CHEMBL237,injected,5,0.2,6.0,-0.40860572991214994,-0.4032665728528855,0.004784688995215311,-0.05388471177944862
development_third,CHEMBL237,injected,5,0.3,4.0,-0.20434747920478724,-0.37284097483070155,0.004784688995215311,-0.05388471177944862
development_third,CHEMBL237,injected,5,0.3,6.0,-0.16691173855083097,-0.026833716763392523,0.011961722488038277,-0.05388471177944862
development_third,CHEMBL237,injected,6,0.2,4.0,-0.40860572991214994,-0.4032665728528855,0.004784688995215311,-0.05388471177944862
development_third,CHEMBL237,injected,6,0.2,6.0,-0.40860572991214994,-0.4032665728528855,0.004784688995215311,-0.05388471177944862
development_third,CHEMBL237,injected,6,0.3,4.0,-0.40860572991214994,-0.4032665728528855,0.004784688995215311,-0.05388471177944862
development_third,CHEMBL237,injected,6,0.3,6.0,-0.40860572991214994,-0.4032665728528855,0.004784688995215311,-0.05388471177944862
development_third,CHEMBL237,injected,7,0.2,4.0,-0.40860572991214994,-0.4032665728528855,0.004784688995215311,-0.05388471177944862
development_third,CHEMBL237,injected,7,0.2,6.0,-0.20434747920478724,-0.3174259368795562,0.004784688995215311,-0.03634085213032581
development_third,CHEMBL237,injected,7,0.3,4.0,-0.40860572991214994,-0.4032665728528855,0.004784688995215311,-0.05388471177944862
development_third,CHEMBL237,injected,7,0.3,6.0,-0.20434747920478724,-0.3174259368795562,0.004784688995215311,-0.03634085213032581
development_third,CHEMBL237,injected,8,0.2,4.0,-0.40860572991214994,-0.4032665728528855,0.004784688995215311,-0.05388471177944862
development_third,CHEMBL237,injected,8,0.2,6.0,-0.40860572991214994,-0.4032665728528855,0.004784688995215311,-0.05388471177944862
development_third,CHEMBL237,injected,8,0.3,4.0,-0.20434747920478724,-0.37284097483070155,0.004784688995215311,-0.05388471177944862
development_third,CHEMBL237,injected,8,0.3,6.0,-0.17249815656085676,-0.026833716763392523,0.011961722488038277,-0.05388471177944862
development_third,CHEMBL237,injected,9,0.2,4.0,-0.40860572991214994,-0.4032665728528855,0.004784688995215311,-0.05388471177944862
development_third,CHEMBL237,injected,9,0.2,6.0,-0.40860572991214994,-0.4032665728528855,0.004784688995215311,-0.05388471177944862
development_third,CHEMBL237,injected,9,0.3,4.0,-0.40860572991214994,-0.4032665728528855,0.004784688995215311,-0.05388471177944862
development_third,CHEMBL237,injected,9,0.3,6.0,-0.40860572991214994,-0.4032665728528855,0.004784688995215311,-0.05388471177944862
development_third,CHEMBL242,natural,-1,0.0,0.0,0.0011272915461870703,0.08552264118806763,0.02608695652173913,-0.028449502133712667
development_third,CHEMBL242,injected,0,0.2,4.0,0.1304773456851187,0.18582416792550216,0.034782608695652174,-0.0021337126600284584
development_third,CHEMBL242,injected,0,0.2,6.0,0.6175242029855248,1.929310917149214,0.09565217391304348,0.05049786628733996
development_third,CHEMBL242,injected,0,0.3,4.0,0.17356650241351446,0.5182143331605658,0.043478260869565216,0.02418207681365575
development_third,CHEMBL242,injected,0,0.3,6.0,0.7975349270146275,2.331861851502403,0.10434782608695652,0.10312944523470838
development_third,CHEMBL242,injected,1,0.2,4.0,0.1304773456851187,0.18582416792550216,0.034782608695652174,-0.0021337126600284584
development_third,CHEMBL242,injected,1,0.2,6.0,0.5575754018094541,1.929310917149214,0.0927536231884058,0.05049786628733996
development_third,CHEMBL242,injected,1,0.3,4.0,0.1505169465391325,0.467375323040613,0.03768115942028986,-0.0021337126600284584
development_third,CHEMBL242,injected,1,0.3,6.0,0.7880229760510478,2.2534197193863537,0.08985507246376812,0.05049786628733996
development_third,CHEMBL242,injected,2,0.2,4.0,0.26893974628990147,1.4577731142378467,0.04927536231884058,-0.0021337126600284584
development_third,CHEMBL242,injected,2,0.2,6.0,0.8495090359298034,3.457773114237822,0.10434782608695652,0.05049786628733996
development_third,CHEMBL242,injected,2,0.3,4.0,0.362511022541546,1.4577731142378467,0.06086956521739131,0.05049786628733996
development_third,CHEMBL242,injected,2,0.3,6.0,0.6663193919730661,3.457773114237822,0.0782608695652174,0.10312944523470838
development_third,CHEMBL242,injected,3,0.2,4.0,0.3156737512799883,1.4577731142378467,0.05507246376811594,0.02418207681365575
development_third,CHEMBL242,injected,3,0.2,6.0,0.9610493171444805,3.457773114237822,0.11014492753623188,0.05049786628733996
development_third,CHEMBL242,injected,3,0.3,4.0,0.36154996762148706,1.84269552526592,0.057971014492753624,0.02418207681365575
development_third,CHEMBL242,injected,3,0.3,6.0,1.0259784521868438,3.842695525266,0.11014492753623188,0.05049786628733996
development_third,CHEMBL242,injected,4,0.2,4.0,0.15684261614899997,0.27773343491266766,0.04057971014492753,0.02418207681365575
development_third,CHEMBL242,injected,4,0.2,6.0,0.7530132761547366,2.1506772873587434,0.0927536231884058,0.07681365576102417
development_third,CHEMBL242,injected,4,0.3,4.0,0.26893974628990147,1.4577731142378467,0.04927536231884058,-0.0021337126600284584
development_third,CHEMBL242,injected,4,0.3,6.0,0.9015050245435816,3.457773114237822,0.11304347826086956,0.07681365576102417
development_third,CHEMBL242,injected,5,0.2,4.0,0.3071757596315132,1.4577731142378467,0.05217391304347826,-0.0021337126600284584
development_third,CHEMBL242,injected,5,0.2,6.0,0.362511022541546,3.457773114237822,0.06086956521739131,0.05049786628733996
development_third,CHEMBL242,injected,5,0.3,4.0,0.37301902170686096,1.4577731142378467,0.06376811594202898,0.05049786628733996
development_third,CHEMBL242,injected,5,0.3,6.0,1.8966542543123381,3.457773114237822,0.11014492753623188,0.10312944523470838
development_third,CHEMBL242,injected,6,0.2,4.0,0.15684261614899997,1.4577731142378467,0.0463768115942029,-0.0021337126600284584
development_third,CHEMBL242,injected,6,0.2,6.0,0.362511022541546,3.457773114237822,0.06376811594202898,0.02418207681365575
development_third,CHEMBL242,injected,6,0.3,4.0,0.3195179709602236,1.4577731142378467,0.057971014492753624,0.05049786628733996
development_third,CHEMBL242,injected,6,0.3,6.0,0.49745605699495776,3.457773114237822,0.08405797101449275,0.10312944523470838
development_third,CHEMBL242,injected,7,0.2,4.0,0.1304773456851187,0.18582416792550216,0.034782608695652174,-0.0021337126600284584
development_third,CHEMBL242,injected,7,0.2,6.0,0.6175242029855248,1.929310917149214,0.08695652173913043,0.05049786628733996
development_third,CHEMBL242,injected,7,0.3,4.0,0.3195179709602236,1.4577731142378467,0.057971014492753624,0.02418207681365575
development_third,CHEMBL242,injected,7,0.3,6.0,1.0259784521868438,3.457773114237822,0.11304347826086956,0.1294452347083926
development_third,CHEMBL242,injected,8,0.2,4.0,0.09114283234034648,0.0874146010800918,0.028985507246376812,-0.028449502133712667
development_third,CHEMBL242,injected,8,0.2,6.0,0.5433244920471165,1.7017481128795384,0.08405797101449275,0.07681365576102417
development_third,CHEMBL242,injected,8,0.3,4.0,0.1505169465391325,0.27773343491266766,0.043478260869565216,0.02418207681365575
development_third,CHEMBL242,injected,8,0.3,6.0,0.37301902170686096,2.1723640866966956,0.06666666666666667,0.10312944523470838
development_third,CHEMBL242,injected,9,0.2,4.0,0.3156737512799883,1.4577731142378467,0.05507246376811594,-0.0021337126600284584
development_third,CHEMBL242,injected,9,0.2,6.0,0.9505911974441492,3.457773114237822,0.11304347826086956,0.07681365576102417
development_third,CHEMBL242,injected,9,0.3,4.0,0.1304773456851187,0.6098403822237581,0.034782608695652174,-0.0021337126600284584
development_third,CHEMBL242,injected,9,0.3,6.0,0.8070725460217796,2.3051099250120903,0.10144927536231885,0.07681365576102417
development_third,CHEMBL260,natural,-1,0.0,0.0,0.05146621866519485,0.39807351900183274,0.01639344262295082,0.017207792207792207
development_third,CHEMBL260,injected,0,0.2,4.0,0.05146621866519485,0.39807351900183274,0.01639344262295082,0.017207792207792207
development_third,CHEMBL260,injected,0,0.2,6.0,0.20791207863137418,0.45178209162881267,0.02810304449648712,0.052922077922077926
development_third,CHEMBL260,injected,0,0.3,4.0,0.11186353327300136,0.45178209162881267,0.01873536299765808,0.03506493506493506
development_third,CHEMBL260,injected,0,0.3,6.0,0.49873042571512505,0.6545185546730998,0.03747072599531616,0.08863636363636364
development_third,CHEMBL260,injected,1,0.2,4.0,0.09897348481240709,0.5140942247437561,0.02107728337236534,0.03506493506493506
development_third,CHEMBL260,injected,1,0.2,6.0,0.26849346912769567,0.5140942247437561,0.03044496487119438,0.07077922077922078
development_third,CHEMBL260,injected,1,0.3,4.0,0.13449599780330557,0.45178209162881267,0.01873536299765808,0.03506493506493506
development_third,CHEMBL260,injected,1,0.3,6.0,0.556934172603667,1.478331005684633,0.0468384074941452,0.07077922077922078
development_third,CHEMBL260,injected,2,0.2,4.0,0.12018499654330128,0.39807351900183274,0.01639344262295082,0.017207792207792207
development_third,CHEMBL260,injected,2,0.2,6.0,0.49800567556924547,0.5535510696662991,0.03747072599531616,0.03506493506493506
development_third,CHEMBL260,injected,2,0.3,4.0,0.13449599780330557,0.5301085214569188,0.02576112412177986,0.03506493506493506
development_third,CHEMBL260,injected,2,0.3,6.0,0.5050113078857881,1.006185006361373,0.04449648711943794,0.07077922077922078
development_third,CHEMBL260,injected,3,0.2,4.0,0.13449599780330557,0.4719381982045254,0.02107728337236534,0.017207792207792207
development_third,CHEMBL260,injected,3,0.2,6.0,0.37484684040402394,1.006185006361373,0.03747072599531616,0.03506493506493506
development_third,CHEMBL260,injected,3,0.3,4.0,0.13449599780330557,0.45178209162881267,0.01873536299765808,0.03506493506493506
development_third,CHEMBL260,injected,3,0.3,6.0,0.556934172603667,1.478331005684633,0.0468384074941452,0.07077922077922078
development_third,CHEMBL260,injected,4,0.2,4.0,0.09897348481240709,0.4719381982045254,0.02107728337236534,0.017207792207792207
development_third,CHEMBL260,injected,4,0.2,6.0,0.49800567556924547,0.8426116788574092,0.03981264637002342,0.07077922077922078
development_third,CHEMBL260,injected,4,0.3,4.0,0.07977744131744968,0.39807351900183274,0.01639344262295082,0.017207792207792207
development_third,CHEMBL260,injected,4,0.3,6.0,0.5000757644931926,0.5535510696662991,0.03981264637002342,0.07077922077922078
development_third,CHEMBL260,injected,5,0.2,4.0,0.12018499654330128,0.5140942247437561,0.02107728337236534,0.03506493506493506
development_third,CHEMBL260,injected,5,0.2,6.0,0.224889285755153,0.5535510696662991,0.03278688524590164,0.052922077922077926
development_third,CHEMBL260,injected,5,0.3,4.0,0.07977744131744968,0.39807351900183274,0.01639344262295082,0.017207792207792207
development_third,CHEMBL260,injected,5,0.3,6.0,0.5000757644931926,0.47992675933988505,0.03981264637002342,0.052922077922077926
development_third,CHEMBL260,injected,6,0.2,4.0,0.12018499654330128,0.4719381982045254,0.02107728337236534,0.017207792207792207
development_third,CHEMBL260,injected,6,0.2,6.0,0.48014494989712597,0.8426116788574092,0.03981264637002342,0.052922077922077926
development_third,CHEMBL260,injected,6,0.3,4.0,0.09897348481240709,0.39807351900183274,0.01639344262295082,0.017207792207792207
development_third,CHEMBL260,injected,6,0.3,6.0,0.4456774050924355,0.5140942247437561,0.0351288056206089,0.052922077922077926
development_third,CHEMBL260,injected,7,0.2,4.0,0.15076170107488718,0.47457657800324426,0.0234192037470726,0.03506493506493506
development_third,CHEMBL260,injected,7,0.2,6.0,0.5078627509029459,1.6432199195216857,0.0468384074941452,0.052922077922077926
development_third,CHEMBL260,injected,7,0.3,4.0,0.13449599780330557,0.5301085214569188,0.02576112412177986,0.03506493506493506
development_third,CHEMBL260,injected,7,0.3,6.0,0.5050113078857881,1.006185006361373,0.04215456674473068,0.08863636363636364
development_third,CHEMBL260,injected,8,0.2,4.0,0.12018499654330128,0.4719381982045254,0.02107728337236534,0.017207792207792207
development_third,CHEMBL260,injected,8,0.2,6.0,0.48014494989712597,0.8426116788574092,0.03981264637002342,0.052922077922077926
development_third,CHEMBL260,injected,8,0.3,4.0,0.07977744131744968,0.39807351900183274,0.01639344262295082,0.017207792207792207
development_third,CHEMBL260,injected,8,0.3,6.0,0.49873042571512505,0.5535510696662991,0.03747072599531616,0.08863636363636364
development_third,CHEMBL260,injected,9,0.2,4.0,0.12018499654330128,0.4719381982045254,0.02107728337236534,0.017207792207792207
development_third,CHEMBL260,injected,9,0.2,6.0,0.5050113078857881,0.9614749814433443,0.04449648711943794,0.07077922077922078
development_third,CHEMBL260,injected,9,0.3,4.0,0.19071064659820358,0.47457657800324426,0.0234192037470726,0.03506493506493506
development_third,CHEMBL260,injected,9,0.3,6.0,0.7534313007105893,1.7554289376511303,0.05620608899297424,0.07077922077922078
development_third,CHEMBL3880,natural,-1,0.0,0.0,0.26859577263715906,0.3643048826228945,0.037209302325581395,-0.03571428571428571
development_third,CHEMBL3880,injected,0,0.2,4.0,0.4784849416064789,0.9228682053361812,0.05581395348837209,-0.03571428571428571
development_third,CHEMBL3880,injected,0,0.2,6.0,0.522157950969083,2.171035534250846,0.06976744186046512,0.0
development_third,CHEMBL3880,injected,0,0.3,4.0,0.4784849416064789,0.9228682053361812,0.05581395348837209,-0.03571428571428571
development_third,CHEMBL3880,injected,0,0.3,6.0,0.4784849416064789,2.171035534250846,0.05581395348837209,-0.03571428571428571
development_third,CHEMBL3880,injected,1,0.2,4.0,0.26859577263715906,0.3643048826228945,0.037209302325581395,-0.03571428571428571
development_third,CHEMBL3880,injected,1,0.2,6.0,0.26859577263715906,0.3643048826228945,0.037209302325581395,-0.03571428571428571
development_third,CHEMBL3880,injected,1,0.3,4.0,0.26859577263715906,0.3643048826228945,0.037209302325581395,-0.03571428571428571
development_third,CHEMBL3880,injected,1,0.3,6.0,0.42655728872930343,0.46281376432000965,0.05116279069767442,0.0
development_third,CHEMBL3880,injected,2,0.2,4.0,0.26859577263715906,0.3643048826228945,0.037209302325581395,-0.03571428571428571
development_third,CHEMBL3880,injected,2,0.2,6.0,0.2857319637201723,0.4104353700101644,0.04186046511627907,-0.03571428571428571
development_third,CHEMBL3880,injected,2,0.3,4.0,0.4784849416064789,0.9228682053361812,0.05581395348837209,-0.03571428571428571
development_third,CHEMBL3880,injected,2,0.3,6.0,0.48636027186174324,2.171035534250846,0.06046511627906977,-0.03571428571428571
development_third,CHEMBL3880,injected,3,0.2,4.0,0.4784849416064789,0.9228682053361812,0.05581395348837209,-0.03571428571428571
development_third,CHEMBL3880,injected,3,0.2,6.0,0.4955998894340867,2.171035534250846,0.06511627906976744,0.0
development_third,CHEMBL3880,injected,3,0.3,4.0,0.26859577263715906,0.3643048826228945,0.037209302325581395,-0.03571428571428571
development_third,CHEMBL3880,injected,3,0.3,6.0,0.2857319637201723,0.4104353700101644,0.04186046511627907,-0.03571428571428571
development_third,CHEMBL3880,injected,4,0.2,4.0,0.4784849416064789,0.9228682053361812,0.05581395348837209,-0.03571428571428571
development_third,CHEMBL3880,injected,4,0.2,6.0,0.4955998894340867,2.171035534250846,0.06511627906976744,0.0
development_third,CHEMBL3880,injected,4,0.3,4.0,0.26859577263715906,0.3643048826228945,0.037209302325581395,-0.03571428571428571
development_third,CHEMBL3880,injected,4,0.3,6.0,0.3878595186707656,0.4104353700101644,0.046511627906976744,0.0
development_third,CHEMBL3880,injected,5,0.2,4.0,0.26859577263715906,0.3643048826228945,0.037209302325581395,-0.03571428571428571
development_third,CHEMBL3880,injected,5,0.2,6.0,0.2857319637201723,0.4104353700101644,0.04186046511627907,-0.03571428571428571
development_third,CHEMBL3880,injected,5,0.3,4.0,0.4784849416064789,0.9228682053361812,0.05581395348837209,-0.03571428571428571
development_third,CHEMBL3880,injected,5,0.3,6.0,0.522157950969083,2.171035534250846,0.06976744186046512,0.0
development_third,CHEMBL3880,injected,6,0.2,4.0,0.26859577263715906,0.3643048826228945,0.037209302325581395,-0.03571428571428571
development_third,CHEMBL3880,injected,6,0.2,6.0,0.2857319637201723,0.4104353700101644,0.04186046511627907,-0.03571428571428571
development_third,CHEMBL3880,injected,6,0.3,4.0,0.2857319637201723,0.3999848203797898,0.04186046511627907,-0.03571428571428571
development_third,CHEMBL3880,injected,6,0.3,6.0,0.2857319637201723,0.4104353700101644,0.04186046511627907,-0.03571428571428571
development_third,CHEMBL3880,injected,7,0.2,4.0,0.26859577263715906,0.3643048826228945,0.037209302325581395,-0.03571428571428571
development_third,CHEMBL3880,injected,7,0.2,6.0,0.2857319637201723,0.4104353700101644,0.04186046511627907,-0.03571428571428571
development_third,CHEMBL3880,injected,7,0.3,4.0,0.26859577263715906,0.3643048826228945,0.037209302325581395,-0.03571428571428571
development_third,CHEMBL3880,injected,7,0.3,6.0,0.2857319637201723,0.4104353700101644,0.04186046511627907,-0.03571428571428571
development_third,CHEMBL3880,injected,8,0.2,4.0,0.4784849416064789,0.9228682053361812,0.05581395348837209,-0.03571428571428571
development_third,CHEMBL3880,injected,8,0.2,6.0,0.48636027186174324,2.171035534250846,0.06046511627906977,-0.03571428571428571
development_third,CHEMBL3880,injected,8,0.3,4.0,0.4784849416064789,0.9228682053361812,0.05581395348837209,-0.03571428571428571
development_third,CHEMBL3880,injected,8,0.3,6.0,0.48636027186174324,2.171035534250846,0.06046511627906977,-0.03571428571428571
development_third,CHEMBL3880,injected,9,0.2,4.0,0.4784849416064789,0.9228682053361812,0.05581395348837209,-0.03571428571428571
development_third,CHEMBL3880,injected,9,0.2,6.0,0.4784849416064789,2.171035534250846,0.05581395348837209,-0.03571428571428571
development_third,CHEMBL3880,injected,9,0.3,4.0,0.4784849416064789,0.9228682053361812,0.05581395348837209,-0.03571428571428571
development_third,CHEMBL3880,injected,9,0.3,6.0,0.48636027186174324,2.171035534250846,0.06046511627906977,-0.03571428571428571
development_fourth,CHEMBL202,natural,-1,0.0,0.0,0.2044883078958768,-0.22935200449787008,0.011111111111111112,0.0
development_fourth,CHEMBL202,injected,0,0.2,4.0,0.4629548523762832,0.1387389735240836,0.016666666666666666,0.045454545454545456
development_fourth,CHEMBL202,injected,0,0.2,6.0,1.7510931334409245,1.2260631743881034,0.10555555555555556,0.13636363636363635
development_fourth,CHEMBL202,injected,0,0.3,4.0,0.6094834434146197,-0.015165421422826952,0.011111111111111112,0.045454545454545456
development_fourth,CHEMBL202,injected,0,0.3,6.0,2.1434307378447435,1.4735343257027398,0.10555555555555556,0.18181818181818182
development_fourth,CHEMBL202,injected,1,0.2,4.0,0.47988526860228786,0.11622587642344051,0.016666666666666666,0.045454545454545456
development_fourth,CHEMBL202,injected,1,0.2,6.0,1.8161666477991036,1.481984881642664,0.08888888888888889,0.0909090909090909
development_fourth,CHEMBL202,injected,1,0.3,4.0,0.47988526860228786,0.11622587642344051,0.016666666666666666,0.045454545454545456
development_fourth,CHEMBL202,injected,1,0.3,6.0,1.7510931334409245,1.481984881642664,0.11666666666666667,0.18181818181818182
development_fourth,CHEMBL202,injected,2,0.2,4.0,0.3947262339342843,-0.22935200449787008,0.011111111111111112,0.0
development_fourth,CHEMBL202,injected,2,0.2,6.0,1.6735311338446226,1.1007944700345642,0.08888888888888889,0.0909090909090909
development_fourth,CHEMBL202,injected,2,0.3,4.0,1.9667896790250157,2.088024003308878,0.07222222222222222,0.0909090909090909
development_fourth,CHEMBL202,injected,2,0.3,6.0,3.9667896790249935,4.0880240033088135,0.18333333333333332,0.13636363636363635
development_fourth,CHEMBL202,injected,3,0.2,4.0,1.9667896790250157,2.088024003308878,0.07222222222222222,0.045454545454545456
development_fourth,CHEMBL202,injected,3,0.2,6.0,3.9667896790249935,4.0880240033088135,0.12222222222222222,0.13636363636363635
development_fourth,CHEMBL202,injected,3,0.3,4.0,0.6094834434146197,-0.015165421422826952,0.011111111111111112,0.045454545454545456
development_fourth,CHEMBL202,injected,3,0.3,6.0,2.18503911738367,1.4735343257027398,0.1388888888888889,0.18181818181818182
development_fourth,CHEMBL202,injected,4,0.2,4.0,1.9667896790250157,2.088024003308878,0.07222222222222222,0.045454545454545456
development_fourth,CHEMBL202,injected,4,0.2,6.0,3.9667896790249935,4.0880240033088135,0.12222222222222222,0.13636363636363635
development_fourth,CHEMBL202,injected,4,0.3,4.0,0.3947262339342843,-0.22935200449787008,0.011111111111111112,0.0
development_fourth,CHEMBL202,injected,4,0.3,6.0,1.8161666477991036,1.1007944700345642,0.13333333333333333,0.13636363636363635
development_fourth,CHEMBL202,injected,5,0.2,4.0,0.6094834434146197,-0.015165421422826952,0.011111111111111112,0.045454545454545456
development_fourth,CHEMBL202,injected,5,0.2,6.0,2.1434679579005738,1.4735343257027398,0.12777777777777777,0.13636363636363635
development_fourth,CHEMBL202,injected,5,0.3,4.0,0.4629548523762832,0.1387389735240836,0.016666666666666666,0.045454545454545456
development_fourth,CHEMBL202,injected,5,0.3,6.0,1.6735311338446226,1.2260631743881034,0.08333333333333333,0.18181818181818182
development_fourth,CHEMBL202,injected,6,0.2,4.0,1.9667896790250157,2.088024003308878,0.07222222222222222,0.045454545454545456
development_fourth,CHEMBL202,injected,6,0.2,6.0,3.9667896790249935,4.0880240033088135,0.12222222222222222,0.13636363636363635
development_fourth,CHEMBL202,injected,6,0.3,4.0,1.9667896790250157,2.088024003308878,0.07777777777777778,0.13636363636363635
development_fourth,CHEMBL202,injected,6,0.3,6.0,3.9667896790249935,4.0880240033088135,0.16111111111111112,0.18181818181818182
development_fourth,CHEMBL202,injected,7,0.2,4.0,0.6094834434146197,-0.015165421422826952,0.011111111111111112,0.045454545454545456
development_fourth,CHEMBL202,injected,7,0.2,6.0,2.1434679579005738,1.4735343257027398,0.12777777777777777,0.13636363636363635
development_fourth,CHEMBL202,injected,7,0.3,4.0,1.9667896790250157,2.088024003308878,0.07222222222222222,0.045454545454545456
development_fourth,CHEMBL202,injected,7,0.3,6.0,3.9667896790249935,4.0880240033088135,0.16666666666666666,0.18181818181818182
development_fourth,CHEMBL202,injected,8,0.2,4.0,1.9667896790250157,2.088024003308878,0.07222222222222222,0.0909090909090909
development_fourth,CHEMBL202,injected,8,0.2,6.0,3.9667896790249935,4.0880240033088135,0.11666666666666667,0.13636363636363635
development_fourth,CHEMBL202,injected,8,0.3,4.0,1.9667896790250157,2.088024003308878,0.07222222222222222,0.045454545454545456
development_fourth,CHEMBL202,injected,8,0.3,6.0,3.9667896790249935,4.0880240033088135,0.16666666666666666,0.18181818181818182
development_fourth,CHEMBL202,injected,9,0.2,4.0,1.9667896790250157,2.088024003308878,0.07222222222222222,0.045454545454545456
development_fourth,CHEMBL202,injected,9,0.2,6.0,3.9667896790249935,4.0880240033088135,0.08888888888888889,0.13636363636363635
development_fourth,CHEMBL202,injected,9,0.3,4.0,1.9667896790250157,2.088024003308878,0.07222222222222222,0.0909090909090909
development_fourth,CHEMBL202,injected,9,0.3,6.0,3.9667896790249935,4.0880240033088135,0.15,0.13636363636363635
development_fourth,CHEMBL206,natural,-1,0.0,0.0,0.28390073141546335,0.32162413212063967,0.03278688524590164,0.08647342995169081
development_fourth,CHEMBL206,injected,0,0.2,4.0,0.28390073141546335,0.32162413212063967,0.03278688524590164,0.08647342995169081
development_fourth,CHEMBL206,injected,0,0.2,6.0,0.7613661004579377,0.7555475186746516,0.07259953161592506,0.10821256038647342
development_fourth,CHEMBL206,injected,0,0.3,4.0,0.3301995575265151,0.32162413212063967,0.03747072599531616,0.10821256038647342
development_fourth,CHEMBL206,injected,0,0.3,6.0,0.8790252028196663,0.9179134061843053,0.08430913348946135,0.15169082125603864
development_fourth,CHEMBL206,injected,1,0.2,4.0,0.3301995575265151,0.32162413212063967,0.03747072599531616,0.10821256038647342
development_fourth,CHEMBL206,injected,1,0.2,6.0,0.5502238542314402,0.5981400861860351,0.0585480093676815,0.12995169082125604
development_fourth,CHEMBL206,injected,1,0.3,4.0,0.30399242126941584,0.42372945956570796,0.0351288056206089,0.08647342995169081
development_fourth,CHEMBL206,injected,1,0.3,6.0,0.6230415378845962,0.7278901923489292,0.06791569086651054,0.12995169082125604
development_fourth,CHEMBL206,injected,2,0.2,4.0,0.3459820165865146,0.32162413212063967,0.0351288056206089,0.08647342995169081
development_fourth,CHEMBL206,injected,2,0.2,6.0,0.6230415378845962,0.7278901923489292,0.0702576112412178,0.10821256038647342
development_fourth,CHEMBL206,injected,2,0.3,4.0,0.30399242126941584,0.32162413212063967,0.0351288056206089,0.10821256038647342
development_fourth,CHEMBL206,injected,2,0.3,6.0,0.8790252028196663,0.9179134061843053,0.08430913348946135,0.15169082125603864
development_fourth,CHEMBL206,injected,3,0.2,4.0,0.28390073141546335,0.32162413212063967,0.03278688524590164,0.08647342995169081
development_fourth,CHEMBL206,injected,3,0.2,6.0,0.5530497105837497,0.5981400861860351,0.06323185011709602,0.12995169082125604
development_fourth,CHEMBL206,injected,3,0.3,4.0,0.3301995575265151,0.32162413212063967,0.03747072599531616,0.10821256038647342
development_fourth,CHEMBL206,injected,3,0.3,6.0,0.6230415378845962,0.7278901923489292,0.06791569086651054,0.15169082125603864
development_fourth,CHEMBL206,injected,4,0.2,4.0,0.3459820165865146,0.32162413212063967,0.0351288056206089,0.08647342995169081
development_fourth,CHEMBL206,injected,4,0.2,6.0,0.45916135015461546,0.8668479170176617,0.05152224824355972,0.10821256038647342
development_fourth,CHEMBL206,injected,4,0.3,4.0,0.3636829886512345,0.32162413212063967,0.03981264637002342,0.10821256038647342
development_fourth,CHEMBL206,injected,4,0.3,6.0,0.9545620396843919,1.8585209443682436,0.08665105386416862,0.12995169082125604
development_fourth,CHEMBL206,injected,5,0.2,4.0,0.3636829886512345,0.32162413212063967,0.03981264637002342,0.10821256038647342
development_fourth,CHEMBL206,injected,5,0.2,6.0,0.6028960053988142,1.8585209443682436,0.06791569086651054,0.10821256038647342
development_fourth,CHEMBL206,injected,5,0.3,4.0,0.3459820165865146,0.32162413212063967,0.0351288056206089,0.08647342995169081
development_fourth,CHEMBL206,injected,5,0.3,6.0,0.9936298905705767,1.598630632182788,0.0936768149882904,0.15169082125603864
development_fourth,CHEMBL206,injected,6,0.2,4.0,0.3301995575265151,0.32162413212063967,0.03747072599531616,0.10821256038647342
development_fourth,CHEMBL206,injected,6,0.2,6.0,0.7999070773159405,0.8932138729457524,0.07494145199063232,0.12995169082125604
development_fourth,CHEMBL206,injected,6,0.3,4.0,0.30399242126941584,0.42372945956570796,0.0351288056206089,0.08647342995169081
development_fourth,CHEMBL206,injected,6,0.3,6.0,0.8790252028196663,1.0949447478357923,0.08430913348946135,0.12995169082125604
development_fourth,CHEMBL206,injected,7,0.2,4.0,0.28390073141546335,0.32162413212063967,0.03278688524590164,0.08647342995169081
development_fourth,CHEMBL206,injected,7,0.2,6.0,0.5208898561865718,0.7323194437067793,0.05152224824355972,0.08647342995169081
development_fourth,CHEMBL206,injected,7,0.3,4.0,0.3459820165865146,0.32162413212063967,0.0351288056206089,0.08647342995169081
development_fourth,CHEMBL206,injected,7,0.3,6.0,0.9545620396843919,1.3822042380090762,0.08899297423887588,0.12995169082125604
development_fourth,CHEMBL206,injected,8,0.2,4.0,0.30399242126941584,0.32162413212063967,0.0351288056206089,0.10821256038647342
development_fourth,CHEMBL206,injected,8,0.2,6.0,0.3459820165865146,0.5611885840998792,0.03747072599531616,0.10821256038647342
development_fourth,CHEMBL206,injected,8,0.3,4.0,0.3459820165865146,0.32162413212063967,0.0351288056206089,0.08647342995169081
development_fourth,CHEMBL206,injected,8,0.3,6.0,0.8302344296933617,0.98241622521767,0.08196721311475409,0.15169082125603864
development_fourth,CHEMBL206,injected,9,0.2,4.0,0.28390073141546335,0.32162413212063967,0.03278688524590164,0.08647342995169081
development_fourth,CHEMBL206,injected,9,0.2,6.0,0.5272914691662098,0.8668479170176617,0.053864168618266976,0.15169082125603864
development_fourth,CHEMBL206,injected,9,0.3,4.0,0.3636829886512345,0.32162413212063967,0.03981264637002342,0.10821256038647342
development_fourth,CHEMBL206,injected,9,0.3,6.0,0.8302344296933617,1.8585209443682436,0.07962529274004684,0.15169082125603864
development_fourth,CHEMBL208,natural,-1,0.0,0.0,-0.17607607807161774,-0.1431823739165532,0.007434944237918215,-0.0008912655971479513
development_fourth,CHEMBL208,injected,0,0.2,4.0,-0.17607607807161774,-0.1431823739165532,0.007434944237918215,-0.0008912655971479513
development_fourth,CHEMBL208,injected,0,0.2,6.0,0.06108448239865272,0.07541435135273034,0.01486988847583643,0.0285204991087344
development_fourth,CHEMBL208,injected,0,0.3,4.0,-0.11329234619500328,-0.018237487275824193,0.011152416356877323,-0.0008912655971479513
development_fourth,CHEMBL208,injected,0,0.3,6.0,0.1334651869121517,0.6748844095604865,0.02973977695167286,0.05793226381461676
development_fourth,CHEMBL208,injected,1,0.2,4.0,-0.11329234619500328,-0.1431823739165532,0.007434944237918215,-0.0008912655971479513
development_fourth,CHEMBL208,injected,1,0.2,6.0,0.010365905464988945,0.5413835584144646,0.022304832713754646,0.05793226381461676
development_fourth,CHEMBL208,injected,1,0.3,4.0,-0.11329234619500328,-0.018237487275824193,0.011152416356877323,-0.0008912655971479513
development_fourth,CHEMBL208,injected,1,0.3,6.0,-0.01020738184760539,0.4262665543429085,0.01858736059479554,0.0285204991087344
development_fourth,CHEMBL208,injected,2,0.2,4.0,-0.17607607807161774,-0.1431823739165532,0.007434944237918215,-0.0008912655971479513
development_fourth,CHEMBL208,injected,2,0.2,6.0,0.010365905464988945,0.21093592756706414,0.01858736059479554,0.05793226381461676
development_fourth,CHEMBL208,injected,2,0.3,4.0,-0.17607607807161774,-0.1431823739165532,0.007434944237918215,-0.0008912655971479513
development_fourth,CHEMBL208,injected,2,0.3,6.0,-0.015815236840801106,0.36412424620719275,0.01858736059479554,0.05793226381461676
development_fourth,CHEMBL208,injected,3,0.2,4.0,-0.17607607807161774,-0.1431823739165532,0.007434944237918215,-0.0008912655971479513
development_fourth,CHEMBL208,injected,3,0.2,6.0,0.06108448239865272,0.28468403352484195,0.022304832713754646,0.05793226381461676
development_fourth,CHEMBL208,injected,3,0.3,4.0,-0.17607607807161774,-0.1431823739165532,0.007434944237918215,-0.0008912655971479513
development_fourth,CHEMBL208,injected,3,0.3,6.0,0.13179496976244076,0.4387294717178536,0.026022304832713755,0.0873440285204991
development_fourth,CHEMBL208,injected,4,0.2,4.0,-0.11329234619500328,-0.018237487275824193,0.011152416356877323,-0.0008912655971479513
development_fourth,CHEMBL208,injected,4,0.2,6.0,-0.01020738184760539,0.4262665543429085,0.01858736059479554,0.0285204991087344
development_fourth,CHEMBL208,injected,4,0.3,4.0,-0.17607607807161774,-0.1431823739165532,0.007434944237918215,-0.0008912655971479513
development_fourth,CHEMBL208,injected,4,0.3,6.0,0.06108448239865272,0.28468403352484195,0.022304832713754646,0.05793226381461676
development_fourth,CHEMBL208,injected,5,0.2,4.0,-0.17607607807161774,-0.1431823739165532,0.007434944237918215,-0.0008912655971479513
development_fourth,CHEMBL208,injected,5,0.2,6.0,-0.02673870349938845,-0.018237487275824193,0.011152416356877323,0.0285204991087344
development_fourth,CHEMBL208,injected,5,0.3,4.0,-0.17607607807161774,-0.1431823739165532,0.007434944237918215,-0.0008912655971479513
development_fourth,CHEMBL208,injected,5,0.3,6.0,0.06108448239865272,0.28468403352484195,0.022304832713754646,0.05793226381461676
development_fourth,CHEMBL208,injected,6,0.2,4.0,-0.17607607807161774,-0.1431823739165532,0.007434944237918215,-0.0008912655971479513
development_fourth,CHEMBL208,injected,6,0.2,6.0,0.07435212758465459,0.21093592756706414,0.01858736059479554,0.05793226381461676
development_fourth,CHEMBL208,injected,6,0.3,4.0,-0.11329234619500328,-0.018237487275824193,0.011152416356877323,-0.0008912655971479513
development_fourth,CHEMBL208,injected,6,0.3,6.0,0.17662811350208463,0.857903642098198,0.02973977695167286,0.0873440285204991
development_fourth,CHEMBL208,injected,7,0.2,4.0,-0.11329234619500328,-0.1431823739165532,0.007434944237918215,-0.0008912655971479513
development_fourth,CHEMBL208,injected,7,0.2,6.0,0.06108448239865272,0.8369192351746175,0.026022304832713755,0.05793226381461676
development_fourth,CHEMBL208,injected,7,0.3,4.0,-0.11329234619500328,-0.018237487275824193,0.011152416356877323,-0.0008912655971479513
development_fourth,CHEMBL208,injected,7,0.3,6.0,0.07435212758465459,0.5689604974563762,0.026022304832713755,0.05793226381461676
development_fourth,CHEMBL208,injected,8,0.2,4.0,-0.11329234619500328,-0.1431823739165532,0.007434944237918215,-0.0008912655971479513
development_fourth,CHEMBL208,injected,8,0.2,6.0,0.07435212758465459,0.6716958795200769,0.02973977695167286,0.0873440285204991
development_fourth,CHEMBL208,injected,8,0.3,4.0,-0.11329234619500328,-0.018237487275824193,0.011152416356877323,-0.0008912655971479513
development_fourth,CHEMBL208,injected,8,0.3,6.0,0.1334651869121517,0.6748844095604865,0.02973977695167286,0.05793226381461676
development_fourth,CHEMBL208,injected,9,0.2,4.0,-0.11329234619500328,-0.018237487275824193,0.011152416356877323,-0.0008912655971479513
development_fourth,CHEMBL208,injected,9,0.2,6.0,-0.02673870349938845,0.20919151084991938,0.01486988847583643,-0.0008912655971479513
development_fourth,CHEMBL208,injected,9,0.3,4.0,-0.11329234619500328,-0.018237487275824193,0.011152416356877323,-0.0008912655971479513
development_fourth,CHEMBL208,injected,9,0.3,6.0,0.06108448239865272,0.648400710138727,0.022304832713754646,0.0285204991087344
development_fourth,CHEMBL209,natural,-1,0.0,0.0,-0.08779753737951701,-0.4408181059613563,0.008928571428571428,-0.0625
development_fourth,CHEMBL209,injected,0,0.2,4.0,-0.08779753737951701,-0.4408181059613563,0.008928571428571428,-0.0625
development_fourth,CHEMBL209,injected,0,0.2,6.0,-0.08779753737951701,-0.4408181059613563,0.008928571428571428,-0.0625
development_fourth,CHEMBL209,injected,0,0.3,4.0,-0.08779753737951701,-0.4408181059613563,0.008928571428571428,-0.0625
development_fourth,CHEMBL209,injected,0,0.3,6.0,-0.08779753737951701,-0.4408181059613563,0.008928571428571428,-0.0625
development_fourth,CHEMBL209,injected,1,0.2,4.0,-0.08779753737951701,-0.4408181059613563,0.008928571428571428,-0.0625
development_fourth,CHEMBL209,injected,1,0.2,6.0,-0.08779753737951701,-0.4408181059613563,0.008928571428571428,-0.0625
development_fourth,CHEMBL209,injected,1,0.3,4.0,-0.08779753737951701,-0.4408181059613563,0.008928571428571428,-0.0625
development_fourth,CHEMBL209,injected,1,0.3,6.0,-0.08779753737951701,-0.4408181059613563,0.008928571428571428,-0.0625
development_fourth,CHEMBL209,injected,2,0.2,4.0,-0.08779753737951701,-0.4408181059613563,0.008928571428571428,-0.0625
development_fourth,CHEMBL209,injected,2,0.2,6.0,-0.08779753737951701,-0.4408181059613563,0.008928571428571428,-0.0625
development_fourth,CHEMBL209,injected,2,0.3,4.0,-0.08779753737951701,-0.4408181059613563,0.008928571428571428,-0.0625
development_fourth,CHEMBL209,injected,2,0.3,6.0,-0.08779753737951701,-0.4408181059613563,0.008928571428571428,-0.0625
development_fourth,CHEMBL209,injected,3,0.2,4.0,-0.08779753737951701,-0.4408181059613563,0.008928571428571428,-0.0625
development_fourth,CHEMBL209,injected,3,0.2,6.0,-0.08779753737951701,-0.4408181059613563,0.008928571428571428,-0.0625
development_fourth,CHEMBL209,injected,3,0.3,4.0,-0.08779753737951701,-0.4408181059613563,0.008928571428571428,-0.0625
development_fourth,CHEMBL209,injected,3,0.3,6.0,-0.08779753737951701,-0.4408181059613563,0.008928571428571428,-0.0625
development_fourth,CHEMBL209,injected,4,0.2,4.0,-0.08779753737951701,-0.4408181059613563,0.008928571428571428,-0.0625
development_fourth,CHEMBL209,injected,4,0.2,6.0,-0.08779753737951701,-0.4408181059613563,0.008928571428571428,-0.0625
development_fourth,CHEMBL209,injected,4,0.3,4.0,-0.08779753737951701,-0.4408181059613563,0.008928571428571428,-0.0625
development_fourth,CHEMBL209,injected,4,0.3,6.0,-0.08779753737951701,-0.4408181059613563,0.008928571428571428,-0.0625
development_fourth,CHEMBL209,injected,5,0.2,4.0,-0.08779753737951701,-0.4408181059613563,0.008928571428571428,-0.0625
development_fourth,CHEMBL209,injected,5,0.2,6.0,-0.08779753737951701,-0.4408181059613563,0.008928571428571428,-0.0625
development_fourth,CHEMBL209,injected,5,0.3,4.0,-0.08779753737951701,-0.4408181059613563,0.008928571428571428,-0.0625
development_fourth,CHEMBL209,injected,5,0.3,6.0,-0.08779753737951701,-0.4408181059613563,0.008928571428571428,-0.0625
development_fourth,CHEMBL209,injected,6,0.2,4.0,-0.08779753737951701,-0.4408181059613563,0.008928571428571428,-0.0625
development_fourth,CHEMBL209,injected,6,0.2,6.0,-0.08779753737951701,-0.4408181059613563,0.008928571428571428,-0.0625
development_fourth,CHEMBL209,injected,6,0.3,4.0,-0.08779753737951701,-0.4408181059613563,0.008928571428571428,-0.0625
development_fourth,CHEMBL209,injected,6,0.3,6.0,-0.08779753737951701,-0.4408181059613563,0.008928571428571428,-0.0625
development_fourth,CHEMBL209,injected,7,0.2,4.0,-0.08779753737951701,-0.4408181059613563,0.008928571428571428,-0.0625
development_fourth,CHEMBL209,injected,7,0.2,6.0,-0.08779753737951701,-0.4408181059613563,0.008928571428571428,-0.0625
development_fourth,CHEMBL209,injected,7,0.3,4.0,-0.08779753737951701,-0.4408181059613563,0.008928571428571428,-0.0625
development_fourth,CHEMBL209,injected,7,0.3,6.0,-0.08779753737951701,-0.4408181059613563,0.008928571428571428,-0.0625
development_fourth,CHEMBL209,injected,8,0.2,4.0,-0.08779753737951701,-0.4408181059613563,0.008928571428571428,-0.0625
development_fourth,CHEMBL209,injected,8,0.2,6.0,-0.08779753737951701,-0.4408181059613563,0.008928571428571428,-0.0625
development_fourth,CHEMBL209,injected,8,0.3,4.0,-0.08779753737951701,-0.4408181059613563,0.008928571428571428,-0.0625
development_fourth,CHEMBL209,injected,8,0.3,6.0,-0.08779753737951701,-0.4408181059613563,0.008928571428571428,-0.0625
development_fourth,CHEMBL209,injected,9,0.2,4.0,-0.08779753737951701,-0.4408181059613563,0.008928571428571428,-0.0625
development_fourth,CHEMBL209,injected,9,0.2,6.0,-0.08779753737951701,-0.4408181059613563,0.008928571428571428,-0.0625
development_fourth,CHEMBL209,injected,9,0.3,4.0,-0.08779753737951701,-0.4408181059613563,0.008928571428571428,-0.0625
development_fourth,CHEMBL209,injected,9,0.3,6.0,-0.08779753737951701,-0.4408181059613563,0.008928571428571428,-0.0625
development_fourth,CHEMBL210,natural,-1,0.0,0.0,1.3287612355797895,0.46766163102206715,0.02535211267605634,0.09090909090909091
development_fourth,CHEMBL210,injected,0,0.2,4.0,1.3287612355797895,0.46766163102206715,0.02535211267605634,0.09090909090909091
development_fourth,CHEMBL210,injected,0,0.2,6.0,1.3287612355797895,0.46766163102206715,0.02535211267605634,0.09090909090909091
development_fourth,CHEMBL210,injected,0,0.3,4.0,1.4707823566331601,0.7227870694099634,0.03380281690140845,0.11363636363636365
development_fourth,CHEMBL210,injected,0,0.3,6.0,1.4707823566331601,0.9040533283974517,0.03380281690140845,0.11363636363636365
development_fourth,CHEMBL210,injected,1,0.2,4.0,1.3287612355797895,0.46766163102206715,0.02535211267605634,0.09090909090909091
development_fourth,CHEMBL210,injected,1,0.2,6.0,1.3287612355797895,0.46766163102206715,0.02535211267605634,0.09090909090909091
development_fourth,CHEMBL210,injected,1,0.3,4.0,1.3287612355797895,0.46766163102206715,0.02535211267605634,0.09090909090909091
development_fourth,CHEMBL210,injected,1,0.3,6.0,1.3287612355797895,0.46766163102206715,0.02535211267605634,0.09090909090909091
development_fourth,CHEMBL210,injected,2,0.2,4.0,1.3287612355797895,0.46766163102206715,0.02535211267605634,0.09090909090909091
development_fourth,CHEMBL210,injected,2,0.2,6.0,1.3287612355797895,0.46766163102206715,0.02535211267605634,0.09090909090909091
development_fourth,CHEMBL210,injected,2,0.3,4.0,1.3287612355797895,0.46766163102206715,0.02535211267605634,0.09090909090909091
development_fourth,CHEMBL210,injected,2,0.3,6.0,1.3287612355797895,0.46766163102206715,0.02535211267605634,0.11363636363636365
development_fourth,CHEMBL210,injected,3,0.2,4.0,1.3287612355797895,0.46766163102206715,0.02535211267605634,0.09090909090909091
development_fourth,CHEMBL210,injected,3,0.2,6.0,1.3287612355797895,0.46766163102206715,0.02535211267605634,0.09090909090909091
development_fourth,CHEMBL210,injected,3,0.3,4.0,1.3287612355797895,0.46766163102206715,0.02535211267605634,0.09090909090909091
development_fourth,CHEMBL210,injected,3,0.3,6.0,1.3287612355797895,0.46766163102206715,0.02535211267605634,0.09090909090909091
development_fourth,CHEMBL210,injected,4,0.2,4.0,1.3287612355797895,0.46766163102206715,0.02535211267605634,0.09090909090909091
development_fourth,CHEMBL210,injected,4,0.2,6.0,1.3287612355797895,0.46766163102206715,0.02535211267605634,0.11363636363636365
development_fourth,CHEMBL210,injected,4,0.3,4.0,1.3287612355797895,0.46766163102206715,0.02535211267605634,0.11363636363636365
development_fourth,CHEMBL210,injected,4,0.3,6.0,1.4713012598958297,0.5225076982546382,0.036619718309859155,0.11363636363636365
development_fourth,CHEMBL210,injected,5,0.2,4.0,1.3287612355797895,0.46766163102206715,0.02535211267605634,0.09090909090909091
development_fourth,CHEMBL210,injected,5,0.2,6.0,1.3287612355797895,0.46766163102206715,0.02535211267605634,0.09090909090909091
development_fourth,CHEMBL210,injected,5,0.3,4.0,1.3287612355797895,0.46766163102206715,0.02535211267605634,0.11363636363636365
development_fourth,CHEMBL210,injected,5,0.3,6.0,1.4713012598958297,0.5225076982546382,0.036619718309859155,0.11363636363636365
development_fourth,CHEMBL210,injected,6,0.2,4.0,1.3287612355797895,0.46766163102206715,0.02535211267605634,0.11363636363636365
development_fourth,CHEMBL210,injected,6,0.2,6.0,1.4713012598958297,0.5225076982546382,0.036619718309859155,0.11363636363636365
development_fourth,CHEMBL210,injected,6,0.3,4.0,1.3287612355797895,0.46766163102206715,0.02535211267605634,0.09090909090909091
development_fourth,CHEMBL210,injected,6,0.3,6.0,1.3287612355797895,0.46766163102206715,0.02535211267605634,0.09090909090909091
development_fourth,CHEMBL210,injected,7,0.2,4.0,1.3287612355797895,0.46766163102206715,0.02535211267605634,0.09090909090909091
development_fourth,CHEMBL210,injected,7,0.2,6.0,1.3287612355797895,0.46766163102206715,0.02535211267605634,0.11363636363636365
development_fourth,CHEMBL210,injected,7,0.3,4.0,1.4707823566331601,0.7227870694099634,0.03380281690140845,0.11363636363636365
development_fourth,CHEMBL210,injected,7,0.3,6.0,1.4707823566331601,0.9040533283974517,0.03380281690140845,0.13636363636363638
development_fourth,CHEMBL210,injected,8,0.2,4.0,1.4707823566331601,0.7227870694099634,0.03380281690140845,0.11363636363636365
development_fourth,CHEMBL210,injected,8,0.2,6.0,1.4707823566331601,0.9040533283974517,0.03380281690140845,0.11363636363636365
development_fourth,CHEMBL210,injected,8,0.3,4.0,1.3287612355797895,0.46766163102206715,0.02535211267605634,0.09090909090909091
development_fourth,CHEMBL210,injected,8,0.3,6.0,1.3287612355797895,0.46766163102206715,0.02535211267605634,0.09090909090909091
development_fourth,CHEMBL210,injected,9,0.2,4.0,1.3287612355797895,0.46766163102206715,0.02535211267605634,0.09090909090909091
development_fourth,CHEMBL210,injected,9,0.2,6.0,1.3287612355797895,0.46766163102206715,0.02535211267605634,0.09090909090909091
development_fourth,CHEMBL210,injected,9,0.3,4.0,1.3287612355797895,0.46766163102206715,0.02535211267605634,0.11363636363636365
development_fourth,CHEMBL210,injected,9,0.3,6.0,1.4713012598958297,0.5225076982546382,0.036619718309859155,0.11363636363636365
development_fourth,CHEMBL211,natural,-1,0.0,0.0,-0.4817875614464642,-0.1250583971718262,0.005917159763313609,-0.057692307692307696
development_fourth,CHEMBL211,injected,0,0.2,4.0,-0.3198029737436494,1.5594370247901654,0.023668639053254437,-0.038461538461538464
development_fourth,CHEMBL211,injected,0,0.2,6.0,0.41716614109916694,3.559437024789916,0.038461538461538464,-0.019230769230769232
development_fourth,CHEMBL211,injected,0,0.3,4.0,-0.33477229525568575,-0.06583963181843089,0.008875739644970414,-0.057692307692307696
development_fourth,CHEMBL211,injected,0,0.3,6.0,0.46437799460162044,1.2812857708978411,0.04437869822485207,0.0
development_fourth,CHEMBL211,injected,1,0.2,4.0,-0.3989977941741518,-0.06583963181843089,0.008875739644970414,-0.057692307692307696
development_fourth,CHEMBL211,injected,1,0.2,6.0,0.24349645669232522,0.4124900879186608,0.023668639053254437,-0.019230769230769232
development_fourth,CHEMBL211,injected,1,0.3,4.0,-0.3989977941741518,-0.06583963181843089,0.008875739644970414,-0.057692307692307696
development_fourth,CHEMBL211,injected,1,0.3,6.0,0.4677681929934705,0.7391145556445737,0.04437869822485207,0.0
development_fourth,CHEMBL211,injected,2,0.2,4.0,-0.3198029737436494,0.24021640464034189,0.014792899408284023,-0.038461538461538464
development_fourth,CHEMBL211,injected,2,0.2,6.0,0.4165772472057929,1.7100565901748839,0.038461538461538464,-0.019230769230769232
development_fourth,CHEMBL211,injected,2,0.3,4.0,-0.3198029737436494,1.5594370247901654,0.023668639053254437,-0.038461538461538464
development_fourth,CHEMBL211,injected,2,0.3,6.0,0.46437799460162044,3.559437024789916,0.04437869822485207,0.0
development_fourth,CHEMBL211,injected,3,0.2,4.0,-0.3198029737436494,0.24021640464034189,0.014792899408284023,-0.038461538461538464
development_fourth,CHEMBL211,injected,3,0.2,6.0,0.41716614109916694,1.7100565901748839,0.04142011834319527,-0.019230769230769232
development_fourth,CHEMBL211,injected,3,0.3,4.0,-0.4817875614464642,-0.1250583971718262,0.005917159763313609,-0.057692307692307696
development_fourth,CHEMBL211,injected,3,0.3,6.0,-0.07095505428616544,0.21127456202627748,0.020710059171597635,0.0
development_fourth,CHEMBL211,injected,4,0.2,4.0,-0.3989977941741518,-0.06583963181843089,0.008875739644970414,-0.057692307692307696
development_fourth,CHEMBL211,injected,4,0.2,6.0,0.26364168426865753,0.49961128626739715,0.026627218934911243,-0.019230769230769232
development_fourth,CHEMBL211,injected,4,0.3,4.0,-0.2576997511773449,1.5594370247901654,0.023668639053254437,-0.038461538461538464
development_fourth,CHEMBL211,injected,4,0.3,6.0,0.5026941333425876,3.559437024789916,0.05029585798816568,0.019230769230769232
development_fourth,CHEMBL211,injected,5,0.2,4.0,-0.39461125924244556,-0.06583963181843089,0.008875739644970414,-0.057692307692307696
development_fourth,CHEMBL211,injected,5,0.2,6.0,0.2386550242398835,0.8800010533344871,0.026627218934911243,-0.038461538461538464
development_fourth,CHEMBL211,injected,5,0.3,4.0,-0.3794756170539708,-0.06583963181843089,0.008875739644970414,-0.057692307692307696
development_fourth,CHEMBL211,injected,5,0.3,6.0,0.41716614109916694,1.1457437718046632,0.038461538461538464,0.0
development_fourth,CHEMBL211,injected,6,0.2,4.0,-0.3198029737436494,0.24021640464034189,0.014792899408284023,-0.038461538461538464
development_fourth,CHEMBL211,injected,6,0.2,6.0,0.4165772472057929,1.7100565901748839,0.038461538461538464,-0.019230769230769232
development_fourth,CHEMBL211,injected,6,0.3,4.0,-0.0005737154333074201,1.5594370247901654,0.029585798816568046,-0.019230769230769232
development_fourth,CHEMBL211,injected,6,0.3,6.0,0.8677180211769162,3.559437024789916,0.0621301775147929,0.0
development_fourth,CHEMBL211,injected,7,0.2,4.0,-0.3198029737436494,1.5594370247901654,0.023668639053254437,-0.038461538461538464
development_fourth,CHEMBL211,injected,7,0.2,6.0,0.4677681929934705,3.559437024789916,0.047337278106508875,-0.019230769230769232
development_fourth,CHEMBL211,injected,7,0.3,4.0,-0.0576425815889996,1.531694247330286,0.026627218934911243,-0.019230769230769232
development_fourth,CHEMBL211,injected,7,0.3,6.0,0.4707572553551165,3.531694247330008,0.047337278106508875,0.019230769230769232
development_fourth,CHEMBL211,injected,8,0.2,4.0,-0.3989977941741518,-0.06583963181843089,0.008875739644970414,-0.057692307692307696
development_fourth,CHEMBL211,injected,8,0.2,6.0,0.18232091108059745,0.4124900879186608,0.020710059171597635,-0.038461538461538464
development_fourth,CHEMBL211,injected,8,0.3,4.0,-0.3198029737436494,1.5594370247901654,0.023668639053254437,-0.038461538461538464
development_fourth,CHEMBL211,injected,8,0.3,6.0,0.6186064904619624,3.559437024789916,0.05621301775147929,0.0
development_fourth,CHEMBL211,injected,9,0.2,4.0,-0.33477229525568575,1.349685640708926,0.020710059171597635,-0.038461538461538464
development_fourth,CHEMBL211,injected,9,0.2,6.0,-0.09068465438693352,3.0854571625045493,0.023668639053254437,-0.019230769230769232
development_fourth,CHEMBL211,injected,9,0.3,4.0,-0.0005737154333074201,1.5594370247901654,0.029585798816568046,-0.019230769230769232
development_fourth,CHEMBL211,injected,9,0.3,6.0,0.8677180211769162,3.559437024789916,0.06804733727810651,0.019230769230769232
development_fourth,CHEMBL213,natural,-1,0.0,0.0,0.35512434001825177,0.09452709277439286,0.0273972602739726,-0.0014245014245014287
development_fourth,CHEMBL213,injected,0,0.2,4.0,0.35512434001825177,0.09452709277439286,0.0273972602739726,-0.0014245014245014287
development_fourth,CHEMBL213,injected,0,0.2,6.0,0.592263315443871,0.12113354152246902,0.0365296803652968,0.035612535612535606
development_fourth,CHEMBL213,injected,0,0.3,4.0,0.35512434001825177,0.09452709277439286,0.0273972602739726,-0.0014245014245014287
development_fourth,CHEMBL213,injected,0,0.3,6.0,0.6702078461836152,0.3577680549537403,0.0410958904109589,-0.0014245014245014287
development_fourth,CHEMBL213,injected,1,0.2,4.0,0.35512434001825177,0.09452709277439286,0.0273972602739726,-0.0014245014245014287
development_fourth,CHEMBL213,injected,1,0.2,6.0,0.35512434001825177,0.09452709277439286,0.0273972602739726,-0.0014245014245014287
development_fourth,CHEMBL213,injected,1,0.3,4.0,0.35512434001825177,0.09452709277439286,0.0273972602739726,-0.0014245014245014287
development_fourth,CHEMBL213,injected,1,0.3,6.0,0.6702078461836152,0.3577680549537403,0.0410958904109589,-0.0014245014245014287
development_fourth,CHEMBL213,injected,2,0.2,4.0,0.35512434001825177,0.09452709277439286,0.0273972602739726,-0.0014245014245014287
development_fourth,CHEMBL213,injected,2,0.2,6.0,0.6702078461836152,0.3577680549537403,0.0410958904109589,-0.0014245014245014287
development_fourth,CHEMBL213,injected,2,0.3,4.0,0.35512434001825177,0.09452709277439286,0.0273972602739726,-0.0014245014245014287
development_fourth,CHEMBL213,injected,2,0.3,6.0,0.35512434001825177,0.09452709277439286,0.0273972602739726,-0.0014245014245014287
development_fourth,CHEMBL213,injected,3,0.2,4.0,0.592263315443871,0.12113354152246902,0.0365296803652968,0.035612535612535606
development_fourth,CHEMBL213,injected,3,0.2,6.0,0.592263315443871,0.12113354152246902,0.0365296803652968,0.035612535612535606
development_fourth,CHEMBL213,injected,3,0.3,4.0,0.35512434001825177,0.09452709277439286,0.0273972602739726,-0.0014245014245014287
development_fourth,CHEMBL213,injected,3,0.3,6.0,0.6702078461836152,0.3577680549537403,0.0410958904109589,-0.0014245014245014287
development_fourth,CHEMBL213,injected,4,0.2,4.0,0.35512434001825177,0.09452709277439286,0.0273972602739726,-0.0014245014245014287
development_fourth,CHEMBL213,injected,4,0.2,6.0,0.592263315443871,0.12113354152246902,0.0365296803652968,0.035612535612535606
development_fourth,CHEMBL213,injected,4,0.3,4.0,0.35512434001825177,0.09452709277439286,0.0273972602739726,-0.0014245014245014287
development_fourth,CHEMBL213,injected,4,0.3,6.0,0.6788632358030879,0.3577680549537403,0.0410958904109589,-0.0014245014245014287
development_fourth,CHEMBL213,injected,5,0.2,4.0,0.35512434001825177,0.09452709277439286,0.0273972602739726,-0.0014245014245014287
development_fourth,CHEMBL213,injected,5,0.2,6.0,0.592263315443871,0.12113354152246902,0.0365296803652968,0.035612535612535606
development_fourth,CHEMBL213,injected,5,0.3,4.0,0.35512434001825177,0.09452709277439286,0.0273972602739726,-0.0014245014245014287
development_fourth,CHEMBL213,injected,5,0.3,6.0,0.5193686221827418,0.09452709277439286,0.0273972602739726,-0.0014245014245014287
development_fourth,CHEMBL213,injected,6,0.2,4.0,0.35512434001825177,0.09452709277439286,0.0273972602739726,-0.0014245014245014287
development_fourth,CHEMBL213,injected,6,0.2,6.0,0.5193686221827418,0.10472104054795661,0.0319634703196347,-0.0014245014245014287
development_fourth,CHEMBL213,injected,6,0.3,4.0,0.592263315443871,0.12113354152246902,0.0365296803652968,0.035612535612535606
development_fourth,CHEMBL213,injected,6,0.3,6.0,0.6702078461836152,0.12813252929413643,0.0410958904109589,0.035612535612535606
development_fourth,CHEMBL213,injected,7,0.2,4.0,0.35512434001825177,0.09452709277439286,0.0273972602739726,-0.0014245014245014287
development_fourth,CHEMBL213,injected,7,0.2,6.0,0.35512434001825177,0.09452709277439286,0.0273972602739726,-0.0014245014245014287
development_fourth,CHEMBL213,injected,7,0.3,4.0,0.35512434001825177,0.09452709277439286,0.0273972602739726,-0.0014245014245014287
development_fourth,CHEMBL213,injected,7,0.3,6.0,0.6788632358030879,0.3577680549537403,0.0410958904109589,-0.0014245014245014287
development_fourth,CHEMBL213,injected,8,0.2,4.0,0.35512434001825177,0.09452709277439286,0.0273972602739726,-0.0014245014245014287
development_fourth,CHEMBL213,injected,8,0.2,6.0,0.592263315443871,0.12113354152246902,0.0365296803652968,0.035612535612535606
development_fourth,CHEMBL213,injected,8,0.3,4.0,0.35512434001825177,0.09452709277439286,0.0273972602739726,-0.0014245014245014287
development_fourth,CHEMBL213,injected,8,0.3,6.0,0.5193686221827418,0.09452709277439286,0.0273972602739726,-0.0014245014245014287
development_fourth,CHEMBL213,injected,9,0.2,4.0,0.592263315443871,0.12113354152246902,0.0365296803652968,0.035612535612535606
development_fourth,CHEMBL213,injected,9,0.2,6.0,0.592263315443871,0.12113354152246902,0.0365296803652968,0.035612535612535606
development_fourth,CHEMBL213,injected,9,0.3,4.0,0.592263315443871,0.12113354152246902,0.0365296803652968,0.035612535612535606
development_fourth,CHEMBL213,injected,9,0.3,6.0,0.6696521592011866,0.12113354152246902,0.0365296803652968,0.035612535612535606
development_fourth,CHEMBL215,natural,-1,0.0,0.0,1.8342317417127116,0.7760134819631492,0.060810810810810814,-0.0019230769230769301
development_fourth,CHEMBL215,injected,0,0.2,4.0,1.8342317417127116,0.7760134819631492,0.060810810810810814,-0.0019230769230769301
development_fourth,CHEMBL215,injected,0,0.2,6.0,1.9194247029701552,0.8449116914870807,0.07432432432432433,0.09807692307692306
development_fourth,CHEMBL215,injected,0,0.3,4.0,2.030852987656001,0.7760134819631492,0.0777027027027027,0.04807692307692307
development_fourth,CHEMBL215,injected,0,0.3,6.0,2.8364413118006278,2.0962257503556083,0.17567567567567569,0.1980769230769231
development_fourth,CHEMBL215,injected,1,0.2,4.0,1.8342317417127116,0.7760134819631492,0.060810810810810814,0.023076923076923078
development_fourth,CHEMBL215,injected,1,0.2,6.0,2.235408435108017,0.91201871574133,0.09121621621621621,0.09807692307692306
development_fourth,CHEMBL215,injected,1,0.3,4.0,1.8342317417127116,0.7760134819631492,0.060810810810810814,0.04807692307692307
development_fourth,CHEMBL215,injected,1,0.3,6.0,2.2471426188596935,0.9250507755066115,0.11824324324324324,0.22307692307692306
development_fourth,CHEMBL215,injected,2,0.2,4.0,2.030852987656001,0.7760134819631492,0.0777027027027027,0.04807692307692307
development_fourth,CHEMBL215,injected,2,0.2,6.0,2.6405291012970906,2.0962257503556083,0.13513513513513514,0.12307692307692308
development_fourth,CHEMBL215,injected,2,0.3,4.0,1.9194247029701552,0.7760134819631492,0.06756756756756757,0.04807692307692307
development_fourth,CHEMBL215,injected,2,0.3,6.0,2.289717671438484,1.139539680977017,0.125,0.1980769230769231
development_fourth,CHEMBL215,injected,3,0.2,4.0,2.030852987656001,0.7760134819631492,0.0777027027027027,0.04807692307692307
development_fourth,CHEMBL215,injected,3,0.2,6.0,2.8473932011344383,2.0962257503556083,0.14189189189189189,0.12307692307692308
development_fourth,CHEMBL215,injected,3,0.3,4.0,2.030852987656001,0.7760134819631492,0.0777027027027027,0.07307692307692307
development_fourth,CHEMBL215,injected,3,0.3,6.0,2.8364413118006278,2.0962257503556083,0.15878378378378377,0.22307692307692306
development_fourth,CHEMBL215,injected,4,0.2,4.0,2.030852987656001,0.7760134819631492,0.0777027027027027,0.023076923076923078
development_fourth,CHEMBL215,injected,4,0.2,6.0,2.6405291012970906,2.0962257503556083,0.13851351351351351,0.14807692307692308
development_fourth,CHEMBL215,injected,4,0.3,4.0,2.030852987656001,0.7760134819631492,0.0777027027027027,0.04807692307692307
development_fourth,CHEMBL215,injected,4,0.3,6.0,2.715013598737812,2.0962257503556083,0.1554054054054054,0.14807692307692308
development_fourth,CHEMBL215,injected,5,0.2,4.0,1.8342317417127116,0.7760134819631492,0.060810810810810814,0.04807692307692307
development_fourth,CHEMBL215,injected,5,0.2,6.0,2.251828355477059,1.1256085685255615,0.11486486486486487,0.12307692307692308
development_fourth,CHEMBL215,injected,5,0.3,4.0,2.030852987656001,0.7760134819631492,0.0777027027027027,0.09807692307692306
development_fourth,CHEMBL215,injected,5,0.3,6.0,2.969429033340097,2.0962257503556083,0.17567567567567569,0.22307692307692306
development_fourth,CHEMBL215,injected,6,0.2,4.0,2.030852987656001,0.7760134819631492,0.0777027027027027,0.023076923076923078
development_fourth,CHEMBL215,injected,6,0.2,6.0,2.715013598737812,2.0962257503556083,0.14527027027027026,0.09807692307692306
development_fourth,CHEMBL215,injected,6,0.3,4.0,2.030852987656001,0.7760134819631492,0.0777027027027027,0.023076923076923078
development_fourth,CHEMBL215,injected,6,0.3,6.0,2.6405291012970906,2.0962257503556083,0.15202702702702703,0.1980769230769231
development_fourth,CHEMBL215,injected,7,0.2,4.0,1.8342317417127116,0.7760134819631492,0.060810810810810814,0.04807692307692307
development_fourth,CHEMBL215,injected,7,0.2,6.0,2.251828355477059,0.917250261867224,0.11824324324324324,0.12307692307692308
development_fourth,CHEMBL215,injected,7,0.3,4.0,2.030852987656001,0.7760134819631492,0.0777027027027027,0.023076923076923078
development_fourth,CHEMBL215,injected,7,0.3,6.0,2.6405291012970906,2.0962257503556083,0.15202702702702703,0.22307692307692306
development_fourth,CHEMBL215,injected,8,0.2,4.0,1.9194247029701552,0.7760134819631492,0.06756756756756757,0.04807692307692307
development_fourth,CHEMBL215,injected,8,0.2,6.0,2.287673549462796,1.139539680977017,0.11824324324324324,0.09807692307692306
development_fourth,CHEMBL215,injected,8,0.3,4.0,1.8342317417127116,0.7760134819631492,0.060810810810810814,0.04807692307692307
development_fourth,CHEMBL215,injected,8,0.3,6.0,2.251828355477059,0.91201871574133,0.12162162162162163,0.1980769230769231
development_fourth,CHEMBL215,injected,9,0.2,4.0,2.030852987656001,0.7760134819631492,0.0777027027027027,0.023076923076923078
development_fourth,CHEMBL215,injected,9,0.2,6.0,2.6405291012970906,2.0962257503556083,0.1554054054054054,0.14807692307692308
development_fourth,CHEMBL215,injected,9,0.3,4.0,2.030852987656001,0.7760134819631492,0.0777027027027027,0.023076923076923078
development_fourth,CHEMBL215,injected,9,0.3,6.0,2.6405291012970906,2.0962257503556083,0.15202702702702703,0.1980769230769231
development_fourth,CHEMBL219,natural,-1,0.0,0.0,0.04357165607478963,0.39170716298585795,0.017587939698492462,0.01818181818181818
development_fourth,CHEMBL219,injected,0,0.2,4.0,0.1727860324699071,0.46141370519093794,0.032663316582914576,0.03636363636363636
development_fourth,CHEMBL219,injected,0,0.2,6.0,0.5101677089263918,2.090108590319959,0.052763819095477386,0.05454545454545455
development_fourth,CHEMBL219,injected,0,0.3,4.0,0.2731000623073716,0.46141370519093794,0.04020100502512563,0.05454545454545455
development_fourth,CHEMBL219,injected,0,0.3,6.0,0.6751285232930835,2.321175345502583,0.05527638190954774,0.07272727272727272
development_fourth,CHEMBL219,injected,1,0.2,4.0,0.07491090674870948,0.4405531580782416,0.022613065326633167,0.01818181818181818
development_fourth,CHEMBL219,injected,1,0.2,6.0,0.3152252971507723,1.3132549004461778,0.04522613065326633,0.05454545454545455
development_fourth,CHEMBL219,injected,1,0.3,4.0,0.1727860324699071,0.46141370519093794,0.032663316582914576,0.03636363636363636
development_fourth,CHEMBL219,injected,1,0.3,6.0,0.6751285232930835,2.090108590319959,0.05778894472361809,0.07272727272727272
development_fourth,CHEMBL219,injected,2,0.2,4.0,0.10539947719232279,0.8349953904205174,0.02763819095477387,0.03636363636363636
development_fourth,CHEMBL219,injected,2,0.2,6.0,0.3727878447695643,1.5663345612840498,0.04773869346733668,0.05454545454545455
development_fourth,CHEMBL219,injected,2,0.3,4.0,0.35448087316201926,2.1391701537685934,0.04522613065326633,0.05454545454545455
development_fourth,CHEMBL219,injected,2,0.3,6.0,0.5270312859551041,4.13917015376865,0.052763819095477386,0.05454545454545455
development_fourth,CHEMBL219,injected,3,0.2,4.0,0.18251458819006317,0.7190345967440033,0.035175879396984924,0.03636363636363636
development_fourth,CHEMBL219,injected,3,0.2,6.0,0.6770214657524178,2.4543801326850234,0.05778894472361809,0.05454545454545455
development_fourth,CHEMBL219,injected,3,0.3,4.0,0.20934821249237867,0.46141370519093794,0.04020100502512563,0.05454545454545455
development_fourth,CHEMBL219,injected,3,0.3,6.0,0.8808145327953891,2.321175345502583,0.06532663316582915,0.07272727272727272
development_fourth,CHEMBL219,injected,4,0.2,4.0,0.18932961814568516,0.45994839449303626,0.035175879396984924,0.05454545454545455
development_fourth,CHEMBL219,injected,4,0.2,6.0,0.20934821249237867,2.369001363381746,0.04271356783919598,0.05454545454545455
development_fourth,CHEMBL219,injected,4,0.3,4.0,0.17155761824896132,0.4403809437955193,0.03015075376884422,0.05454545454545455
development_fourth,CHEMBL219,injected,4,0.3,6.0,0.8837597808060424,2.0816404581936077,0.0678391959798995,0.0909090909090909
development_fourth,CHEMBL219,injected,5,0.2,4.0,0.32718914485675343,3.093529938186153,0.04522613065326633,0.05454545454545455
development_fourth,CHEMBL219,injected,5,0.2,6.0,0.41253280009736226,5.093529938186451,0.05025125628140704,0.05454545454545455
development_fourth,CHEMBL219,injected,5,0.3,4.0,0.18251458819006317,0.4052652208759646,0.03015075376884422,0.05454545454545455
development_fourth,CHEMBL219,injected,5,0.3,6.0,1.2121526787979553,2.097226231314286,0.07537688442211055,0.0909090909090909
development_fourth,CHEMBL219,injected,6,0.2,4.0,0.18251458819006317,0.4403809437955193,0.032663316582914576,0.05454545454545455
development_fourth,CHEMBL219,injected,6,0.2,6.0,0.20934821249237867,2.3200468923047897,0.04271356783919598,0.07272727272727272
development_fourth,CHEMBL219,injected,6,0.3,4.0,0.10539947719232279,0.46141370519093794,0.02763819095477387,0.01818181818181818
development_fourth,CHEMBL219,injected,6,0.3,6.0,0.5602642431222407,1.477334370386254,0.05527638190954774,0.07272727272727272
development_fourth,CHEMBL219,injected,7,0.2,4.0,0.18251458819006317,0.7190345967440033,0.035175879396984924,0.03636363636363636
development_fourth,CHEMBL219,injected,7,0.2,6.0,0.5270312859551041,2.4543801326850234,0.052763819095477386,0.05454545454545455
development_fourth,CHEMBL219,injected,7,0.3,4.0,0.2779162496553589,3.093529938186153,0.04271356783919598,0.05454545454545455
development_fourth,CHEMBL219,injected,7,0.3,6.0,0.8837597808060424,5.093529938186451,0.0678391959798995,0.07272727272727272
development_fourth,CHEMBL219,injected,8,0.2,4.0,0.08233633897853387,0.39170716298585795,0.022613065326633167,0.03636363636363636
development_fourth,CHEMBL219,injected,8,0.2,6.0,0.41253280009736226,1.3708925493753954,0.05025125628140704,0.07272727272727272
development_fourth,CHEMBL219,injected,8,0.3,4.0,0.18251458819006317,0.4403809437955193,0.032663316582914576,0.05454545454545455
development_fourth,CHEMBL219,injected,8,0.3,6.0,0.20934821249237867,2.3200468923047897,0.04271356783919598,0.07272727272727272
development_fourth,CHEMBL219,injected,9,0.2,4.0,0.10539947719232279,0.46141370519093794,0.02763819095477387,0.01818181818181818
development_fourth,CHEMBL219,injected,9,0.2,6.0,0.1727860324699071,0.8059951995226795,0.032663316582914576,0.03636363636363636
development_fourth,CHEMBL219,injected,9,0.3,4.0,0.18932961814568516,0.8349953904205174,0.035175879396984924,0.05454545454545455
development_fourth,CHEMBL219,injected,9,0.3,6.0,0.682257310051726,2.483675612641843,0.05778894472361809,0.0909090909090909
development_fourth,CHEMBL221,natural,-1,0.0,0.0,-0.03827494518437069,-0.43708205319548554,0.0,0.0
development_fourth,CHEMBL221,injected,0,0.2,4.0,1.8277944908133512,1.7651333959010476,0.099644128113879,0.1388888888888889
development_fourth,CHEMBL221,injected,0,0.2,6.0,3.827794490813346,3.76513339590103,0.2704626334519573,0.16666666666666669
development_fourth,CHEMBL221,injected,0,0.3,4.0,3.517749478674044,3.123897943822236,0.12099644128113879,0.19444444444444442
development_fourth,CHEMBL221,injected,0,0.3,6.0,5.5177494786741015,5.123897943822278,0.2526690391459075,0.2777777777777778
development_fourth,CHEMBL221,injected,1,0.2,4.0,3.5530122042917243,3.1342421182360223,0.13523131672597866,0.1388888888888889
development_fourth,CHEMBL221,injected,1,0.2,6.0,5.553012204291708,5.134242118235856,0.2206405693950178,0.19444444444444442
development_fourth,CHEMBL221,injected,1,0.3,4.0,1.93028015469016,2.410298103931031,0.10320284697508897,0.1388888888888889
development_fourth,CHEMBL221,injected,1,0.3,6.0,3.93028015469015,4.410298103931057,0.31316725978647686,0.25
development_fourth,CHEMBL221,injected,2,0.2,4.0,3.216448136592653,3.2501966418128037,0.12099644128113879,0.1388888888888889
development_fourth,CHEMBL221,injected,2,0.2,6.0,5.216448136592607,5.250196641812716,0.302491103202847,0.19444444444444442
development_fourth,CHEMBL221,injected,2,0.3,4.0,1.8277944908133512,1.7651333959010476,0.099644128113879,0.16666666666666669
development_fourth,CHEMBL221,injected,2,0.3,6.0,3.827794490813346,3.76513339590103,0.31316725978647686,0.25
development_fourth,CHEMBL221,injected,3,0.2,4.0,1.8416467300716453,1.7651333959010476,0.12099644128113879,0.1388888888888889
development_fourth,CHEMBL221,injected,3,0.2,6.0,3.841646730071638,3.76513339590103,0.27402135231316727,0.1388888888888889
development_fourth,CHEMBL221,injected,3,0.3,4.0,3.517749478674044,3.123897943822236,0.1494661921708185,0.1388888888888889
development_fourth,CHEMBL221,injected,3,0.3,6.0,5.5177494786741015,5.123897943822278,0.3274021352313167,0.25
development_fourth,CHEMBL221,injected,4,0.2,4.0,1.1105701347119044,0.9445161228237526,0.05338078291814947,0.08333333333333333
development_fourth,CHEMBL221,injected,4,0.2,6.0,3.110570134711906,2.9445161228237433,0.19217081850533807,0.16666666666666669
development_fourth,CHEMBL221,injected,4,0.3,4.0,3.176667393042822,3.1342421182360223,0.14590747330960854,0.16666666666666669
development_fourth,CHEMBL221,injected,4,0.3,6.0,5.176667393042834,5.134242118235856,0.3487544483985765,0.2222222222222222
development_fourth,CHEMBL221,injected,5,0.2,4.0,1.4392462721194197,1.1268762714049507,0.06761565836298933,0.08333333333333333
development_fourth,CHEMBL221,injected,5,0.2,6.0,3.439246272119434,3.126876271404953,0.26334519572953735,0.16666666666666669
development_fourth,CHEMBL221,injected,5,0.3,4.0,1.8277944908133512,1.7651333959010476,0.11387900355871886,0.1388888888888889
development_fourth,CHEMBL221,injected,5,0.3,6.0,3.827794490813346,3.76513339590103,0.29537366548042704,0.25
development_fourth,CHEMBL221,injected,6,0.2,4.0,0.6711596833824456,2.410298103931031,0.03558718861209965,0.11111111111111112
development_fourth,CHEMBL221,injected,6,0.2,6.0,2.3540507985592076,4.410298103931057,0.09252669039145907,0.16666666666666669
development_fourth,CHEMBL221,injected,6,0.3,4.0,1.8554861690722642,2.1394458478658125,0.10676156583629894,0.11111111111111112
development_fourth,CHEMBL221,injected,6,0.3,6.0,3.8554861690722686,4.139445847865788,0.30604982206405695,0.2777777777777778
development_fourth,CHEMBL221,injected,7,0.2,4.0,2.688277129547363,3.123897943822236,0.11387900355871886,0.08333333333333333
development_fourth,CHEMBL221,injected,7,0.2,6.0,4.688277129547339,5.123897943822278,0.2918149466192171,0.16666666666666669
development_fourth,CHEMBL221,injected,7,0.3,4.0,3.6389053267227163,3.2501966418128037,0.18861209964412812,0.2222222222222222
development_fourth,CHEMBL221,injected,7,0.3,6.0,5.638905326722668,5.250196641812716,0.3736654804270463,0.3055555555555555
development_fourth,CHEMBL221,injected,8,0.2,4.0,2.1668127395315344,2.6583745113080255,0.1494661921708185,0.16666666666666669
development_fourth,CHEMBL221,injected,8,0.2,6.0,4.166812739531521,4.658374511308109,0.30604982206405695,0.19444444444444442
development_fourth,CHEMBL221,injected,8,0.3,4.0,1.961174227239629,2.6583745113080255,0.10676156583629894,0.1388888888888889
development_fourth,CHEMBL221,injected,8,0.3,6.0,3.961174227239621,4.658374511308109,0.23843416370106763,0.25
development_fourth,CHEMBL221,injected,9,0.2,4.0,1.93028015469016,2.475358827999517,0.099644128113879,0.11111111111111112
development_fourth,CHEMBL221,injected,9,0.2,6.0,3.93028015469015,4.475358827999515,0.2491103202846975,0.19444444444444442
development_fourth,CHEMBL221,injected,9,0.3,4.0,3.5530122042917243,3.1342421182360223,0.18149466192170818,0.16666666666666669
development_fourth,CHEMBL221,injected,9,0.3,6.0,5.553012204291708,5.134242118235856,0.36298932384341637,0.25
inspected_fifth,CHEMBL222,natural,-1,0.0,0.0,0.5074676207041877,0.40324875179928377,0.04589371980676329,0.04444444444444444
inspected_fifth,CHEMBL222,injected,0,0.2,4.0,0.6629186566167498,0.6920449543218563,0.05555555555555555,0.08888888888888889
inspected_fifth,CHEMBL222,injected,0,0.2,6.0,0.9608171130072996,1.8914526778913734,0.07971014492753623,0.11111111111111112
inspected_fifth,CHEMBL222,injected,0,0.3,4.0,0.6929871435193191,0.6920449543218563,0.06038647342995169,0.06666666666666667
inspected_fifth,CHEMBL222,injected,0,0.3,6.0,1.067571001486097,2.1073483406943367,0.0966183574879227,0.13333333333333336
inspected_fifth,CHEMBL222,injected,1,0.2,4.0,0.6629186566167498,0.567650640108603,0.05555555555555555,0.08888888888888889
inspected_fifth,CHEMBL222,injected,1,0.2,6.0,0.896255515010941,1.8914526778913734,0.08454106280193237,0.11111111111111112
inspected_fifth,CHEMBL222,injected,1,0.3,4.0,0.5843914140565261,0.40324875179928377,0.050724637681159424,0.06666666666666667
inspected_fifth,CHEMBL222,injected,1,0.3,6.0,0.9159372504161847,1.519052245448223,0.0893719806763285,0.13333333333333336
inspected_fifth,CHEMBL222,injected,2,0.2,4.0,0.5843914140565261,0.41629580723083937,0.050724637681159424,0.04444444444444444
inspected_fifth,CHEMBL222,injected,2,0.2,6.0,0.796958939482225,0.8552192818199975,0.07004830917874397,0.08888888888888889
inspected_fifth,CHEMBL222,injected,2,0.3,4.0,0.7119014731661117,0.567650640108603,0.06280193236714976,0.04444444444444444
inspected_fifth,CHEMBL222,injected,2,0.3,6.0,0.9322672615275032,2.171656765360858,0.08695652173913043,0.06666666666666667
inspected_fifth,CHEMBL222,injected,3,0.2,4.0,0.6629186566167498,0.40324875179928377,0.05555555555555555,0.04444444444444444
inspected_fifth,CHEMBL222,injected,3,0.2,6.0,0.8699514603614689,1.0474250494106006,0.0821256038647343,0.08888888888888889
inspected_fifth,CHEMBL222,injected,3,0.3,4.0,0.6929871435193191,0.567650640108603,0.06038647342995169,0.04444444444444444
inspected_fifth,CHEMBL222,injected,3,0.3,6.0,0.9322672615275032,2.169745541785253,0.0893719806763285,0.11111111111111112
inspected_fifth,CHEMBL222,injected,4,0.2,4.0,0.6487512348487336,0.6920449543218563,0.05314009661835749,0.06666666666666667
inspected_fifth,CHEMBL222,injected,4,0.2,6.0,0.9322672615275032,1.5307400198981416,0.07971014492753623,0.11111111111111112
inspected_fifth,CHEMBL222,injected,4,0.3,4.0,0.7267559810953772,0.6920449543218563,0.06521739130434782,0.06666666666666667
inspected_fifth,CHEMBL222,injected,4,0.3,6.0,1.067571001486097,2.2129327375294707,0.0966183574879227,0.08888888888888889
inspected_fifth,CHEMBL222,injected,5,0.2,4.0,0.6929871435193191,0.41629580723083937,0.06038647342995169,0.04444444444444444
inspected_fifth,CHEMBL222,injected,5,0.2,6.0,0.8699514603614689,2.1073483406943367,0.07971014492753623,0.06666666666666667
inspected_fifth,CHEMBL222,injected,5,0.3,4.0,0.6863002816789274,0.567650640108603,0.057971014492753624,0.04444444444444444
inspected_fifth,CHEMBL222,injected,5,0.3,6.0,1.020796060102953,2.060423127765424,0.09903381642512077,0.13333333333333336
inspected_fifth,CHEMBL222,injected,6,0.2,4.0,0.5843914140565261,0.567650640108603,0.050724637681159424,0.06666666666666667
inspected_fifth,CHEMBL222,injected,6,0.2,6.0,1.020796060102953,1.5383219161259616,0.0893719806763285,0.13333333333333336
inspected_fifth,CHEMBL222,injected,6,0.3,4.0,0.6863002816789274,0.6920449543218563,0.057971014492753624,0.08888888888888889
inspected_fifth,CHEMBL222,injected,6,0.3,6.0,1.220331774667287,2.1758995306210087,0.10386473429951691,0.15555555555555556
inspected_fifth,CHEMBL222,injected,7,0.2,4.0,0.6629186566167498,0.6920449543218563,0.05555555555555555,0.06666666666666667
inspected_fifth,CHEMBL222,injected,7,0.2,6.0,0.9322672615275032,1.8749827133920052,0.0821256038647343,0.11111111111111112
inspected_fifth,CHEMBL222,injected,7,0.3,4.0,0.5843914140565261,0.40324875179928377,0.050724637681159424,0.06666666666666667
inspected_fifth,CHEMBL222,injected,7,0.3,6.0,0.9322672615275032,1.519052245448223,0.09178743961352658,0.13333333333333336
inspected_fifth,CHEMBL222,injected,8,0.2,4.0,0.6629186566167498,0.7514697351437549,0.05555555555555555,0.08888888888888889
inspected_fifth,CHEMBL222,injected,8,0.2,6.0,0.8684058263892576,1.8914526778913734,0.07246376811594203,0.13333333333333336
inspected_fifth,CHEMBL222,injected,8,0.3,4.0,0.6629186566167498,0.567650640108603,0.05555555555555555,0.06666666666666667
inspected_fifth,CHEMBL222,injected,8,0.3,6.0,0.9790528767699906,1.8497839087184138,0.0966183574879227,0.13333333333333336
inspected_fifth,CHEMBL222,injected,9,0.2,4.0,0.6863002816789274,0.6920449543218563,0.057971014492753624,0.06666666666666667
inspected_fifth,CHEMBL222,injected,9,0.2,6.0,0.9608171130072996,2.068759580827975,0.07971014492753623,0.11111111111111112
inspected_fifth,CHEMBL222,injected,9,0.3,4.0,0.6863002816789274,0.6920449543218563,0.057971014492753624,0.08888888888888889
inspected_fifth,CHEMBL222,injected,9,0.3,6.0,1.020796060102953,2.068759580827975,0.08454106280193237,0.15555555555555556
inspected_fifth,CHEMBL225,natural,-1,0.0,0.0,0.5956777024444104,0.5295209266525407,0.0583756345177665,0.02168367346938776
inspected_fifth,CHEMBL225,injected,0,0.2,4.0,0.681689761123744,3.221288935718996,0.07614213197969544,0.04251700680272109
inspected_fifth,CHEMBL225,injected,0,0.2,6.0,0.9008782677613758,5.221288935718693,0.09137055837563451,0.08418367346938777
inspected_fifth,CHEMBL225,injected,0,0.3,4.0,0.8084206747402516,3.221288935718996,0.09137055837563451,0.08418367346938777
inspected_fifth,CHEMBL225,injected,0,0.3,6.0,1.6111201439700427,5.221288935718693,0.12690355329949238,0.10501700680272111
inspected_fifth,CHEMBL225,injected,1,0.2,4.0,0.6674167863696261,0.7190146332478862,0.07106598984771574,0.06335034013605442
inspected_fifth,CHEMBL225,injected,1,0.2,6.0,0.681689761123744,2.2352417942823246,0.07360406091370558,0.06335034013605442
inspected_fifth,CHEMBL225,injected,1,0.3,4.0,0.732849197486638,3.221288935718996,0.08375634517766498,0.08418367346938777
inspected_fifth,CHEMBL225,injected,1,0.3,6.0,1.5646351012444253,5.221288935718693,0.12690355329949238,0.12585034013605442
inspected_fifth,CHEMBL225,injected,2,0.2,4.0,0.7307001198818512,0.7719772249431243,0.07868020304568528,0.06335034013605442
inspected_fifth,CHEMBL225,injected,2,0.2,6.0,0.7742553779800794,2.4431998949363845,0.08121827411167512,0.06335034013605442
inspected_fifth,CHEMBL225,injected,2,0.3,4.0,0.7742553779800794,3.221288935718996,0.08375634517766498,0.06335034013605442
inspected_fifth,CHEMBL225,injected,2,0.3,6.0,1.5646351012444253,5.221288935718693,0.12690355329949238,0.10501700680272111
inspected_fifth,CHEMBL225,injected,3,0.2,4.0,0.60912777707208,0.5295209266525407,0.06091370558375635,0.04251700680272109
inspected_fifth,CHEMBL225,injected,3,0.2,6.0,0.9561424696440679,1.3657364801333376,0.09898477157360407,0.08418367346938777
inspected_fifth,CHEMBL225,injected,3,0.3,4.0,0.7742553779800794,3.221288935718996,0.08375634517766498,0.06335034013605442
inspected_fifth,CHEMBL225,injected,3,0.3,6.0,1.6111201439700427,5.221288935718693,0.12944162436548223,0.12585034013605442
inspected_fifth,CHEMBL225,injected,4,0.2,4.0,0.6674167863696261,0.6689499061685669,0.07106598984771574,0.04251700680272109
inspected_fifth,CHEMBL225,injected,4,0.2,6.0,0.744683869805856,2.2352417942823246,0.07868020304568528,0.06335034013605442
inspected_fifth,CHEMBL225,injected,4,0.3,4.0,0.681689761123744,3.221288935718996,0.07614213197969544,0.04251700680272109
inspected_fifth,CHEMBL225,injected,4,0.3,6.0,1.589655882218052,5.221288935718693,0.1319796954314721,0.12585034013605442
inspected_fifth,CHEMBL225,injected,5,0.2,4.0,0.6467254542116976,0.6689499061685669,0.06852791878172589,0.04251700680272109
inspected_fifth,CHEMBL225,injected,5,0.2,6.0,1.0235869938877897,1.6389478850471288,0.10406091370558376,0.06335034013605442
inspected_fifth,CHEMBL225,injected,5,0.3,4.0,0.7742553779800794,3.221288935718996,0.08629441624365482,0.08418367346938777
inspected_fifth,CHEMBL225,injected,5,0.3,6.0,1.6805837700000543,5.221288935718693,0.12944162436548223,0.12585034013605442
inspected_fifth,CHEMBL225,injected,6,0.2,4.0,0.6467254542116976,0.7719772249431243,0.07106598984771574,0.06335034013605442
inspected_fifth,CHEMBL225,injected,6,0.2,6.0,0.8028529801158708,2.1245056619318374,0.08375634517766498,0.08418367346938777
inspected_fifth,CHEMBL225,injected,6,0.3,4.0,0.744683869805856,3.221288935718996,0.08629441624365482,0.06335034013605442
inspected_fifth,CHEMBL225,injected,6,0.3,6.0,1.1966320828433163,5.221288935718693,0.10152284263959391,0.10501700680272111
inspected_fifth,CHEMBL225,injected,7,0.2,4.0,0.637177041210832,0.7719772249431243,0.06852791878172589,0.04251700680272109
inspected_fifth,CHEMBL225,injected,7,0.2,6.0,1.1368120029507245,1.6292638494150884,0.10913705583756345,0.08418367346938777
inspected_fifth,CHEMBL225,injected,7,0.3,4.0,0.8084206747402516,3.221288935718996,0.09137055837563451,0.06335034013605442
inspected_fifth,CHEMBL225,injected,7,0.3,6.0,1.7470569014499073,5.221288935718693,0.13451776649746192,0.10501700680272111
inspected_fifth,CHEMBL225,injected,8,0.2,4.0,0.5968777914594638,0.5295209266525407,0.06091370558375635,0.02168367346938776
inspected_fifth,CHEMBL225,injected,8,0.2,6.0,1.0661553532620731,1.4536490310117411,0.1065989847715736,0.08418367346938777
inspected_fifth,CHEMBL225,injected,8,0.3,4.0,0.744683869805856,3.221288935718996,0.08883248730964467,0.08418367346938777
inspected_fifth,CHEMBL225,injected,8,0.3,6.0,1.2052161589359907,5.221288935718693,0.10406091370558376,0.12585034013605442
inspected_fifth,CHEMBL225,injected,9,0.2,4.0,0.6674167863696261,0.7190146332478862,0.07106598984771574,0.08418367346938777
inspected_fifth,CHEMBL225,injected,9,0.2,6.0,0.7090230470927952,2.1965112094589863,0.07614213197969544,0.08418367346938777
inspected_fifth,CHEMBL225,injected,9,0.3,4.0,0.7307001198818512,1.1451315671578257,0.08121827411167512,0.10501700680272111
inspected_fifth,CHEMBL225,injected,9,0.3,6.0,1.229802949775726,3.1451315671578755,0.11421319796954314,0.12585034013605442
inspected_fifth,CHEMBL226,natural,-1,0.0,0.0,-0.3312589713752856,-0.46215344638929867,0.0024509803921568627,-0.03125
inspected_fifth,CHEMBL226,injected,0,0.2,4.0,1.7853581987698384,2.015771494149244,0.08823529411764706,0.015625
inspected_fifth,CHEMBL226,injected,0,0.2,6.0,3.785358198769866,4.0157714941490505,0.11764705882352941,0.09375
inspected_fifth,CHEMBL226,injected,0,0.3,4.0,1.4474952411105475,2.0116443401777655,0.07107843137254902,0.03125
inspected_fifth,CHEMBL226,injected,0,0.3,6.0,3.44749524111056,4.011644340177687,0.12009803921568628,0.109375
inspected_fifth,CHEMBL226,injected,1,0.2,4.0,1.900342737765122,2.06193859576255,0.09068627450980392,0.03125
inspected_fifth,CHEMBL226,injected,1,0.2,6.0,3.9003427377650812,4.061938595762717,0.14215686274509803,0.078125
inspected_fifth,CHEMBL226,injected,1,0.3,4.0,1.900342737765122,2.06193859576255,0.1053921568627451,0.046875
inspected_fifth,CHEMBL226,injected,1,0.3,6.0,3.9003427377650812,4.061938595762717,0.1642156862745098,0.125
inspected_fifth,CHEMBL226,injected,2,0.2,4.0,1.6720918104393476,2.0116443401777655,0.08333333333333333,0.0
inspected_fifth,CHEMBL226,injected,2,0.2,6.0,3.6720918104393654,4.011644340177687,0.125,0.0625
inspected_fifth,CHEMBL226,injected,2,0.3,4.0,2.11048500224093,2.06193859576255,0.11029411764705882,0.09375
inspected_fifth,CHEMBL226,injected,2,0.3,6.0,4.110485002240938,4.061938595762717,0.14460784313725492,0.125
inspected_fifth,CHEMBL226,injected,3,0.2,4.0,1.7853581987698384,2.015771494149244,0.09803921568627451,0.03125
inspected_fifth,CHEMBL226,injected,3,0.2,6.0,3.785358198769866,4.0157714941490505,0.125,0.078125
inspected_fifth,CHEMBL226,injected,3,0.3,4.0,0.20657046171805193,1.0494442033558045,0.031862745098039214,0.015625
inspected_fifth,CHEMBL226,injected,3,0.3,6.0,1.9877890466888992,3.049444203355752,0.09068627450980392,0.109375
inspected_fifth,CHEMBL226,injected,4,0.2,4.0,1.5218648309477283,2.0116443401777655,0.06372549019607843,0.0625
inspected_fifth,CHEMBL226,injected,4,0.2,6.0,3.521864830947753,4.011644340177687,0.11519607843137254,0.09375
inspected_fifth,CHEMBL226,injected,4,0.3,4.0,1.867309451048258,2.0116443401777655,0.09558823529411764,0.03125
inspected_fifth,CHEMBL226,injected,4,0.3,6.0,3.8673094510481887,4.011644340177687,0.14950980392156862,0.109375
inspected_fifth,CHEMBL226,injected,5,0.2,4.0,1.740671397682112,2.015771494149244,0.0857843137254902,0.015625
inspected_fifth,CHEMBL226,injected,5,0.2,6.0,3.740671397682065,4.0157714941490505,0.1323529411764706,0.078125
inspected_fifth,CHEMBL226,injected,5,0.3,4.0,1.5251305574473069,2.0116443401777655,0.0784313725490196,0.03125
inspected_fifth,CHEMBL226,injected,5,0.3,6.0,3.525130557447331,4.011644340177687,0.14460784313725492,0.125
inspected_fifth,CHEMBL226,injected,6,0.2,4.0,0.23306808801604806,1.4853520111550322,0.029411764705882353,0.015625
inspected_fifth,CHEMBL226,injected,6,0.2,6.0,1.9554928452364067,3.485352011155161,0.09313725490196079,0.09375
inspected_fifth,CHEMBL226,injected,6,0.3,4.0,0.07373277626662667,0.2412126930728471,0.0196078431372549,0.015625
inspected_fifth,CHEMBL226,injected,6,0.3,6.0,1.6081690540164724,2.241212693072817,0.08823529411764706,0.125
inspected_fifth,CHEMBL226,injected,7,0.2,4.0,1.5251305574473069,2.0116443401777655,0.07352941176470588,0.0
inspected_fifth,CHEMBL226,injected,7,0.2,6.0,3.525130557447331,4.011644340177687,0.12009803921568628,0.078125
inspected_fifth,CHEMBL226,injected,7,0.3,4.0,1.1039461143738096,1.4853520111550322,0.06862745098039216,0.046875
inspected_fifth,CHEMBL226,injected,7,0.3,6.0,3.1039461143738096,3.485352011155161,0.11764705882352941,0.125
inspected_fifth,CHEMBL226,injected,8,0.2,4.0,1.5493163405615809,2.0116443401777655,0.0784313725490196,0.03125
inspected_fifth,CHEMBL226,injected,8,0.2,6.0,3.5493163405615604,4.011644340177687,0.125,0.078125
inspected_fifth,CHEMBL226,injected,8,0.3,4.0,1.6346335973499642,2.0116443401777655,0.0857843137254902,0.0625
inspected_fifth,CHEMBL226,injected,8,0.3,6.0,3.6346335973499597,4.011644340177687,0.15441176470588236,0.140625
inspected_fifth,CHEMBL226,injected,9,0.2,4.0,1.7853581987698384,2.0116443401777655,0.0784313725490196,0.015625
inspected_fifth,CHEMBL226,injected,9,0.2,6.0,3.785358198769866,4.011644340177687,0.12745098039215685,0.078125
inspected_fifth,CHEMBL226,injected,9,0.3,4.0,1.6346335973499642,2.015771494149244,0.0784313725490196,0.015625
inspected_fifth,CHEMBL226,injected,9,0.3,6.0,3.6346335973499597,4.0157714941490505,0.14950980392156862,0.109375
inspected_fifth,CHEMBL227,natural,-1,0.0,0.0,0.12161884095460085,0.24068777926225327,0.04878048780487805,-0.03988603988603989
inspected_fifth,CHEMBL227,injected,0,0.2,4.0,0.12161884095460085,0.24068777926225327,0.04878048780487805,-0.03988603988603989
inspected_fifth,CHEMBL227,injected,0,0.2,6.0,0.2211463513564782,0.8962698582412152,0.07804878048780488,-0.0028490028490028574
inspected_fifth,CHEMBL227,injected,0,0.3,4.0,0.12161884095460085,0.24068777926225327,0.04878048780487805,-0.03988603988603989
inspected_fifth,CHEMBL227,injected,0,0.3,6.0,0.2211463513564782,0.8962698582412152,0.07804878048780488,-0.0028490028490028574
inspected_fifth,CHEMBL227,injected,1,0.2,4.0,0.12161884095460085,0.24068777926225327,0.04878048780487805,-0.03988603988603989
inspected_fifth,CHEMBL227,injected,1,0.2,6.0,0.12161884095460085,0.24068777926225327,0.04878048780487805,-0.03988603988603989
inspected_fifth,CHEMBL227,injected,1,0.3,4.0,0.12161884095460085,0.24068777926225327,0.04878048780487805,-0.03988603988603989
inspected_fifth,CHEMBL227,injected,1,0.3,6.0,0.2211463513564782,0.8962698582412152,0.07804878048780488,-0.0028490028490028574
inspected_fifth,CHEMBL227,injected,2,0.2,4.0,0.12161884095460085,0.24068777926225327,0.04878048780487805,-0.03988603988603989
inspected_fifth,CHEMBL227,injected,2,0.2,6.0,0.12161884095460085,0.24068777926225327,0.04878048780487805,-0.03988603988603989
inspected_fifth,CHEMBL227,injected,2,0.3,4.0,0.12161884095460085,0.24068777926225327,0.04878048780487805,-0.03988603988603989
inspected_fifth,CHEMBL227,injected,2,0.3,6.0,0.2211463513564782,0.8962698582412152,0.07804878048780488,-0.0028490028490028574
inspected_fifth,CHEMBL227,injected,3,0.2,4.0,0.12161884095460085,0.24068777926225327,0.04878048780487805,-0.03988603988603989
inspected_fifth,CHEMBL227,injected,3,0.2,6.0,0.12161884095460085,0.24068777926225327,0.04878048780487805,-0.03988603988603989
inspected_fifth,CHEMBL227,injected,3,0.3,4.0,0.12161884095460085,0.24068777926225327,0.04878048780487805,-0.03988603988603989
inspected_fifth,CHEMBL227,injected,3,0.3,6.0,0.2211463513564782,0.8962698582412152,0.07804878048780488,-0.0028490028490028574
inspected_fifth,CHEMBL227,injected,4,0.2,4.0,0.12161884095460085,0.24068777926225327,0.04878048780487805,-0.03988603988603989
inspected_fifth,CHEMBL227,injected,4,0.2,6.0,0.2211463513564782,0.8962698582412152,0.07804878048780488,-0.0028490028490028574
inspected_fifth,CHEMBL227,injected,4,0.3,4.0,0.12161884095460085,0.24068777926225327,0.04878048780487805,-0.03988603988603989
inspected_fifth,CHEMBL227,injected,4,0.3,6.0,0.12161884095460085,0.24068777926225327,0.04878048780487805,-0.03988603988603989
inspected_fifth,CHEMBL227,injected,5,0.2,4.0,0.12161884095460085,0.24068777926225327,0.04878048780487805,-0.03988603988603989
inspected_fifth,CHEMBL227,injected,5,0.2,6.0,0.2211463513564782,0.8962698582412152,0.07804878048780488,-0.0028490028490028574
inspected_fifth,CHEMBL227,injected,5,0.3,4.0,0.12161884095460085,0.24068777926225327,0.04878048780487805,-0.03988603988603989
inspected_fifth,CHEMBL227,injected,5,0.3,6.0,0.2211463513564782,0.8962698582412152,0.07804878048780488,-0.0028490028490028574
inspected_fifth,CHEMBL227,injected,6,0.2,4.0,0.12161884095460085,0.24068777926225327,0.04878048780487805,-0.03988603988603989
inspected_fifth,CHEMBL227,injected,6,0.2,6.0,0.2211463513564782,0.8962698582412152,0.07804878048780488,-0.0028490028490028574
inspected_fifth,CHEMBL227,injected,6,0.3,4.0,0.12161884095460085,0.24068777926225327,0.04878048780487805,-0.03988603988603989
inspected_fifth,CHEMBL227,injected,6,0.3,6.0,0.2211463513564782,0.8962698582412152,0.07804878048780488,-0.0028490028490028574
inspected_fifth,CHEMBL227,injected,7,0.2,4.0,0.12161884095460085,0.24068777926225327,0.04878048780487805,-0.03988603988603989
inspected_fifth,CHEMBL227,injected,7,0.2,6.0,0.12161884095460085,0.24068777926225327,0.04878048780487805,-0.03988603988603989
inspected_fifth,CHEMBL227,injected,7,0.3,4.0,0.12161884095460085,0.24068777926225327,0.04878048780487805,-0.03988603988603989
inspected_fifth,CHEMBL227,injected,7,0.3,6.0,0.12161884095460085,0.24068777926225327,0.04878048780487805,-0.03988603988603989
inspected_fifth,CHEMBL227,injected,8,0.2,4.0,0.12161884095460085,0.24068777926225327,0.04878048780487805,-0.03988603988603989
inspected_fifth,CHEMBL227,injected,8,0.2,6.0,0.2211463513564782,0.8962698582412152,0.07804878048780488,-0.0028490028490028574
inspected_fifth,CHEMBL227,injected,8,0.3,4.0,0.12161884095460085,0.24068777926225327,0.04878048780487805,-0.03988603988603989
inspected_fifth,CHEMBL227,injected,8,0.3,6.0,0.2211463513564782,0.8962698582412152,0.07804878048780488,-0.0028490028490028574
inspected_fifth,CHEMBL227,injected,9,0.2,4.0,0.12161884095460085,0.24068777926225327,0.04878048780487805,-0.03988603988603989
inspected_fifth,CHEMBL227,injected,9,0.2,6.0,0.12161884095460085,0.24068777926225327,0.04878048780487805,-0.03988603988603989
inspected_fifth,CHEMBL227,injected,9,0.3,4.0,0.12161884095460085,0.24068777926225327,0.04878048780487805,-0.03988603988603989
inspected_fifth,CHEMBL227,injected,9,0.3,6.0,0.2211463513564782,0.8962698582412152,0.07804878048780488,-0.0028490028490028574
inspected_fifth,CHEMBL231,natural,-1,0.0,0.0,0.22296384294738392,0.5828543497473158,0.026717557251908396,0.058823529411764705
inspected_fifth,CHEMBL231,injected,0,0.2,4.0,0.2470302097006769,0.5828543497473158,0.03435114503816794,0.08823529411764706
inspected_fifth,CHEMBL231,injected,0,0.2,6.0,0.2470302097006769,0.5828543497473158,0.03435114503816794,0.08823529411764706
inspected_fifth,CHEMBL231,injected,0,0.3,4.0,0.22296384294738392,0.5828543497473158,0.026717557251908396,0.058823529411764705
inspected_fifth,CHEMBL231,injected,0,0.3,6.0,0.2470302097006769,0.5828543497473158,0.03435114503816794,0.08823529411764706
inspected_fifth,CHEMBL231,injected,1,0.2,4.0,0.22296384294738392,0.5828543497473158,0.026717557251908396,0.058823529411764705
inspected_fifth,CHEMBL231,injected,1,0.2,6.0,0.22296384294738392,0.5828543497473158,0.026717557251908396,0.058823529411764705
inspected_fifth,CHEMBL231,injected,1,0.3,4.0,0.22296384294738392,0.5828543497473158,0.026717557251908396,0.058823529411764705
inspected_fifth,CHEMBL231,injected,1,0.3,6.0,0.2470302097006769,0.5828543497473158,0.03435114503816794,0.08823529411764706
inspected_fifth,CHEMBL231,injected,2,0.2,4.0,0.22296384294738392,0.5828543497473158,0.026717557251908396,0.058823529411764705
inspected_fifth,CHEMBL231,injected,2,0.2,6.0,0.22973816534638392,0.5828543497473158,0.026717557251908396,0.058823529411764705
inspected_fifth,CHEMBL231,injected,2,0.3,4.0,0.22296384294738392,0.5828543497473158,0.026717557251908396,0.058823529411764705
inspected_fifth,CHEMBL231,injected,2,0.3,6.0,0.24618023547031154,0.5828543497473158,0.026717557251908396,0.08823529411764706
inspected_fifth,CHEMBL231,injected,3,0.2,4.0,0.22296384294738392,0.5828543497473158,0.026717557251908396,0.058823529411764705
inspected_fifth,CHEMBL231,injected,3,0.2,6.0,0.24588767572331438,0.5828543497473158,0.026717557251908396,0.08823529411764706
inspected_fifth,CHEMBL231,injected,3,0.3,4.0,0.24588767572331438,0.5828543497473158,0.030534351145038167,0.08823529411764706
inspected_fifth,CHEMBL231,injected,3,0.3,6.0,0.30992943154927577,0.5828543497473158,0.03435114503816794,0.11764705882352942
inspected_fifth,CHEMBL231,injected,4,0.2,4.0,0.30992943154927577,0.7180046468408667,0.03816793893129771,0.11764705882352942
inspected_fifth,CHEMBL231,injected,4,0.2,6.0,0.3289820942879098,1.9188669777693645,0.04198473282442748,0.11764705882352942
inspected_fifth,CHEMBL231,injected,4,0.3,4.0,0.22296384294738392,0.5828543497473158,0.026717557251908396,0.058823529411764705
inspected_fifth,CHEMBL231,injected,4,0.3,6.0,0.22973816534638392,0.5828543497473158,0.026717557251908396,0.058823529411764705
inspected_fifth,CHEMBL231,injected,5,0.2,4.0,0.22296384294738392,0.5828543497473158,0.026717557251908396,0.058823529411764705
inspected_fifth,CHEMBL231,injected,5,0.2,6.0,0.22296384294738392,0.5828543497473158,0.026717557251908396,0.058823529411764705
inspected_fifth,CHEMBL231,injected,5,0.3,4.0,0.24588767572331438,0.5828543497473158,0.030534351145038167,0.08823529411764706
inspected_fifth,CHEMBL231,injected,5,0.3,6.0,0.3289820942879098,1.1843150699341765,0.04198473282442748,0.11764705882352942
inspected_fifth,CHEMBL231,injected,6,0.2,4.0,0.24588767572331438,0.5828543497473158,0.030534351145038167,0.08823529411764706
inspected_fifth,CHEMBL231,injected,6,0.2,6.0,0.2470302097006769,0.5828543497473158,0.03435114503816794,0.08823529411764706
inspected_fifth,CHEMBL231,injected,6,0.3,4.0,0.30992943154927577,0.7180046468408667,0.03816793893129771,0.11764705882352942
inspected_fifth,CHEMBL231,injected,6,0.3,6.0,0.3289820942879098,1.9188669777693645,0.04198473282442748,0.11764705882352942
inspected_fifth,CHEMBL231,injected,7,0.2,4.0,0.22296384294738392,0.5828543497473158,0.026717557251908396,0.058823529411764705
inspected_fifth,CHEMBL231,injected,7,0.2,6.0,0.24588767572331438,0.5828543497473158,0.026717557251908396,0.08823529411764706
inspected_fifth,CHEMBL231,injected,7,0.3,4.0,0.24588767572331438,0.5828543497473158,0.030534351145038167,0.08823529411764706
inspected_fifth,CHEMBL231,injected,7,0.3,6.0,0.2470302097006769,0.5828543497473158,0.03435114503816794,0.08823529411764706
inspected_fifth,CHEMBL231,injected,8,0.2,4.0,0.22296384294738392,0.5828543497473158,0.026717557251908396,0.058823529411764705
inspected_fifth,CHEMBL231,injected,8,0.2,6.0,0.24588767572331438,0.5828543497473158,0.026717557251908396,0.08823529411764706
inspected_fifth,CHEMBL231,injected,8,0.3,4.0,0.30992943154927577,0.7180046468408667,0.03816793893129771,0.11764705882352942
inspected_fifth,CHEMBL231,injected,8,0.3,6.0,0.3289820942879098,1.9188669777693645,0.04198473282442748,0.11764705882352942
inspected_fifth,CHEMBL231,injected,9,0.2,4.0,0.22296384294738392,0.5828543497473158,0.026717557251908396,0.058823529411764705
inspected_fifth,CHEMBL231,injected,9,0.2,6.0,0.24588767572331438,0.5828543497473158,0.026717557251908396,0.08823529411764706
inspected_fifth,CHEMBL231,injected,9,0.3,4.0,0.22296384294738392,0.5828543497473158,0.026717557251908396,0.058823529411764705
inspected_fifth,CHEMBL231,injected,9,0.3,6.0,0.24588767572331438,0.5828543497473158,0.026717557251908396,0.08823529411764706
inspected_fifth,CHEMBL232,natural,-1,0.0,0.0,-0.0842967881349761,-0.26885049235351044,0.00546448087431694,-0.07692307692307693
inspected_fifth,CHEMBL232,injected,0,0.2,4.0,-0.0842967881349761,-0.26885049235351044,0.00546448087431694,-0.07692307692307693
inspected_fifth,CHEMBL232,injected,0,0.2,6.0,0.2836933553160774,0.27270992736485056,0.01639344262295082,-0.03988603988603989
inspected_fifth,CHEMBL232,injected,0,0.3,4.0,-0.0842967881349761,-0.26885049235351044,0.00546448087431694,-0.07692307692307693
inspected_fifth,CHEMBL232,injected,0,0.3,6.0,1.0932533285027564,0.7332334831795952,0.06557377049180328,-0.0028490028490028574
inspected_fifth,CHEMBL232,injected,1,0.2,4.0,-0.05703163135293643,0.028081119114536257,0.01092896174863388,-0.03988603988603989
inspected_fifth,CHEMBL232,injected,1,0.2,6.0,1.0932533285027564,0.772224212892346,0.06557377049180328,0.03418803418803418
inspected_fifth,CHEMBL232,injected,1,0.3,4.0,0.05338368859964415,1.2236024347123395,0.02185792349726776,-0.03988603988603989
inspected_fifth,CHEMBL232,injected,1,0.3,6.0,1.137246411894016,3.2236024347120873,0.07650273224043716,0.03418803418803418
inspected_fifth,CHEMBL232,injected,2,0.2,4.0,-0.0842967881349761,-0.26885049235351044,0.00546448087431694,-0.07692307692307693
inspected_fifth,CHEMBL232,injected,2,0.2,6.0,-0.02149978507645134,0.6274650449223174,0.01639344262295082,-0.07692307692307693
inspected_fifth,CHEMBL232,injected,2,0.3,4.0,-0.0842967881349761,-0.26885049235351044,0.00546448087431694,-0.07692307692307693
inspected_fifth,CHEMBL232,injected,2,0.3,6.0,1.0932533285027564,0.7332334831795952,0.06557377049180328,-0.0028490028490028574
inspected_fifth,CHEMBL232,injected,3,0.2,4.0,-0.0842967881349761,-0.26885049235351044,0.00546448087431694,-0.07692307692307693
inspected_fifth,CHEMBL232,injected,3,0.2,6.0,0.4259463261297931,0.24886290562700797,0.0273224043715847,-0.0028490028490028574
inspected_fifth,CHEMBL232,injected,3,0.3,4.0,-0.0842967881349761,-0.26885049235351044,0.00546448087431694,-0.07692307692307693
inspected_fifth,CHEMBL232,injected,3,0.3,6.0,1.0461387216312987,0.6053076908645227,0.060109289617486336,0.03418803418803418
inspected_fifth,CHEMBL232,injected,4,0.2,4.0,-0.0842967881349761,-0.26885049235351044,0.00546448087431694,-0.07692307692307693
inspected_fifth,CHEMBL232,injected,4,0.2,6.0,1.0889844516719078,0.6053076908645227,0.06557377049180328,0.03418803418803418
inspected_fifth,CHEMBL232,injected,4,0.3,4.0,0.05338368859964415,1.2236024347123395,0.02185792349726776,-0.03988603988603989
inspected_fifth,CHEMBL232,injected,4,0.3,6.0,1.137246411894016,3.2236024347120873,0.07103825136612021,-0.0028490028490028574
inspected_fifth,CHEMBL232,injected,5,0.2,4.0,-0.0842967881349761,-0.26885049235351044,0.00546448087431694,-0.07692307692307693
inspected_fifth,CHEMBL232,injected,5,0.2,6.0,1.0921866974056629,0.6053076908645227,0.07103825136612021,0.03418803418803418
inspected_fifth,CHEMBL232,injected,5,0.3,4.0,0.05338368859964415,1.2236024347123395,0.02185792349726776,-0.03988603988603989
inspected_fifth,CHEMBL232,injected,5,0.3,6.0,1.137246411894016,3.2236024347120873,0.08196721311475409,0.03418803418803418
inspected_fifth,CHEMBL232,injected,6,0.2,4.0,0.22762495300805607,1.2236024347123395,0.0273224043715847,-0.0028490028490028574
inspected_fifth,CHEMBL232,injected,6,0.2,6.0,0.7717391407130307,3.2236024347120873,0.04918032786885246,0.03418803418803418
inspected_fifth,CHEMBL232,injected,6,0.3,4.0,-0.05703163135293643,0.028081119114536257,0.01092896174863388,-0.03988603988603989
inspected_fifth,CHEMBL232,injected,6,0.3,6.0,1.137246411894016,0.8251802096338752,0.09289617486338798,0.07122507122507121
inspected_fifth,CHEMBL232,injected,7,0.2,4.0,-0.0842967881349761,-0.26885049235351044,0.00546448087431694,-0.07692307692307693
inspected_fifth,CHEMBL232,injected,7,0.2,6.0,1.1295381947114258,0.772224212892346,0.07103825136612021,-0.0028490028490028574
inspected_fifth,CHEMBL232,injected,7,0.3,4.0,-0.0842967881349761,-0.26885049235351044,0.00546448087431694,-0.07692307692307693
inspected_fifth,CHEMBL232,injected,7,0.3,6.0,1.1295381947114258,0.772224212892346,0.07103825136612021,-0.0028490028490028574
inspected_fifth,CHEMBL232,injected,8,0.2,4.0,-0.0842967881349761,-0.26885049235351044,0.00546448087431694,-0.07692307692307693
inspected_fifth,CHEMBL232,injected,8,0.2,6.0,1.137246411894016,0.772224212892346,0.07650273224043716,-0.0028490028490028574
inspected_fifth,CHEMBL232,injected,8,0.3,4.0,-0.0842967881349761,-0.26885049235351044,0.00546448087431694,-0.07692307692307693
inspected_fifth,CHEMBL232,injected,8,0.3,6.0,1.0932533285027564,0.7332334831795952,0.06557377049180328,0.03418803418803418
inspected_fifth,CHEMBL232,injected,9,0.2,4.0,-0.0842967881349761,-0.26885049235351044,0.00546448087431694,-0.07692307692307693
inspected_fifth,CHEMBL232,injected,9,0.2,6.0,0.7669584615688523,0.6053076908645227,0.04918032786885246,-0.03988603988603989
inspected_fifth,CHEMBL232,injected,9,0.3,4.0,0.05338368859964415,1.2236024347123395,0.02185792349726776,-0.03988603988603989
inspected_fifth,CHEMBL232,injected,9,0.3,6.0,0.7669584615688523,3.2236024347120873,0.04918032786885246,-0.0028490028490028574
inspected_fifth,CHEMBL234,natural,-1,0.0,0.0,0.013490107828277864,0.16484294285450662,0.01809954751131222,0.030528846153846156
inspected_fifth,CHEMBL234,injected,0,0.2,4.0,0.013490107828277864,0.16484294285450662,0.01809954751131222,0.030528846153846156
inspected_fifth,CHEMBL234,injected,0,0.2,6.0,0.08193226541284826,0.16484294285450662,0.01809954751131222,0.030528846153846156
inspected_fifth,CHEMBL234,injected,0,0.3,4.0,0.0568744519026021,0.16484294285450662,0.01809954751131222,0.030528846153846156
inspected_fifth,CHEMBL234,injected,0,0.3,6.0,0.08364688874842141,0.2291492134266475,0.020361990950226245,0.030528846153846156
inspected_fifth,CHEMBL234,injected,1,0.2,4.0,0.013490107828277864,0.16484294285450662,0.01809954751131222,0.030528846153846156
inspected_fifth,CHEMBL234,injected,1,0.2,6.0,0.14024018703737617,0.16484294285450662,0.01809954751131222,0.04591346153846154
inspected_fifth,CHEMBL234,injected,1,0.3,4.0,0.0568744519026021,0.16484294285450662,0.01809954751131222,0.030528846153846156
inspected_fifth,CHEMBL234,injected,1,0.3,6.0,0.14024018703737617,0.6213828715949665,0.024886877828054297,0.04591346153846154
inspected_fifth,CHEMBL234,injected,2,0.2,4.0,0.0568744519026021,0.16484294285450662,0.01809954751131222,0.030528846153846156
inspected_fifth,CHEMBL234,injected,2,0.2,6.0,0.08364688874842141,0.2291492134266475,0.020361990950226245,0.030528846153846156
inspected_fifth,CHEMBL234,injected,2,0.3,4.0,0.013490107828277864,0.16484294285450662,0.01809954751131222,0.030528846153846156
inspected_fifth,CHEMBL234,injected,2,0.3,6.0,0.14452187848756104,0.16484294285450662,0.01809954751131222,0.04591346153846154
inspected_fifth,CHEMBL234,injected,3,0.2,4.0,0.013490107828277864,0.16484294285450662,0.01809954751131222,0.030528846153846156
inspected_fifth,CHEMBL234,injected,3,0.2,6.0,0.08193226541284826,0.16484294285450662,0.01809954751131222,0.030528846153846156
inspected_fifth,CHEMBL234,injected,3,0.3,4.0,0.013490107828277864,0.16484294285450662,0.01809954751131222,0.030528846153846156
inspected_fifth,CHEMBL234,injected,3,0.3,6.0,0.14024018703737617,0.16484294285450662,0.01809954751131222,0.04591346153846154
inspected_fifth,CHEMBL234,injected,4,0.2,4.0,0.013490107828277864,0.16484294285450662,0.01809954751131222,0.030528846153846156
inspected_fifth,CHEMBL234,injected,4,0.2,6.0,0.14024018703737617,0.16484294285450662,0.01809954751131222,0.04591346153846154
inspected_fifth,CHEMBL234,injected,4,0.3,4.0,0.013490107828277864,0.16484294285450662,0.01809954751131222,0.030528846153846156
inspected_fifth,CHEMBL234,injected,4,0.3,6.0,0.14660384000367355,0.3819280392048041,0.02262443438914027,0.06129807692307693
inspected_fifth,CHEMBL234,injected,5,0.2,4.0,0.0568744519026021,0.16484294285450662,0.01809954751131222,0.030528846153846156
inspected_fifth,CHEMBL234,injected,5,0.2,6.0,0.09295057967816245,0.2291492134266475,0.020361990950226245,0.030528846153846156
inspected_fifth,CHEMBL234,injected,5,0.3,4.0,0.013490107828277864,0.16484294285450662,0.01809954751131222,0.030528846153846156
inspected_fifth,CHEMBL234,injected,5,0.3,6.0,0.14024018703737617,0.16484294285450662,0.01809954751131222,0.04591346153846154
inspected_fifth,CHEMBL234,injected,6,0.2,4.0,0.0568744519026021,0.16484294285450662,0.01809954751131222,0.030528846153846156
inspected_fifth,CHEMBL234,injected,6,0.2,6.0,0.08364688874842141,0.2291492134266475,0.020361990950226245,0.030528846153846156
inspected_fifth,CHEMBL234,injected,6,0.3,4.0,0.0568744519026021,0.16484294285450662,0.01809954751131222,0.030528846153846156
inspected_fifth,CHEMBL234,injected,6,0.3,6.0,0.09295057967816245,0.2291492134266475,0.020361990950226245,0.030528846153846156
inspected_fifth,CHEMBL234,injected,7,0.2,4.0,0.013490107828277864,0.16484294285450662,0.01809954751131222,0.030528846153846156
inspected_fifth,CHEMBL234,injected,7,0.2,6.0,0.08193226541284826,0.16484294285450662,0.01809954751131222,0.030528846153846156
inspected_fifth,CHEMBL234,injected,7,0.3,4.0,0.0568744519026021,0.16484294285450662,0.01809954751131222,0.030528846153846156
inspected_fifth,CHEMBL234,injected,7,0.3,6.0,0.09295057967816245,0.2291492134266475,0.020361990950226245,0.030528846153846156
inspected_fifth,CHEMBL234,injected,8,0.2,4.0,0.0568744519026021,0.16484294285450662,0.01809954751131222,0.030528846153846156
inspected_fifth,CHEMBL234,injected,8,0.2,6.0,0.09295057967816245,0.2291492134266475,0.020361990950226245,0.030528846153846156
inspected_fifth,CHEMBL234,injected,8,0.3,4.0,0.0568744519026021,0.16484294285450662,0.01809954751131222,0.030528846153846156
inspected_fifth,CHEMBL234,injected,8,0.3,6.0,0.14024018703737617,0.2291492134266475,0.020361990950226245,0.04591346153846154
inspected_fifth,CHEMBL234,injected,9,0.2,4.0,0.0568744519026021,0.16484294285450662,0.01809954751131222,0.030528846153846156
inspected_fifth,CHEMBL234,injected,9,0.2,6.0,0.14024018703737617,0.2291492134266475,0.020361990950226245,0.04591346153846154
inspected_fifth,CHEMBL234,injected,9,0.3,4.0,0.0568744519026021,0.16484294285450662,0.01809954751131222,0.030528846153846156
inspected_fifth,CHEMBL234,injected,9,0.3,6.0,0.09295057967816245,0.2291492134266475,0.020361990950226245,0.030528846153846156
inspected_fifth,CHEMBL236,natural,-1,0.0,0.0,-0.13054019224366176,0.057081277869460934,0.014150943396226415,0.0
inspected_fifth,CHEMBL236,injected,0,0.2,4.0,-0.06279580470240909,0.057081277869460934,0.014150943396226415,0.0
inspected_fifth,CHEMBL236,injected,0,0.2,6.0,0.8150002180054781,1.0748259042174446,0.054245283018867926,0.05
inspected_fifth,CHEMBL236,injected,0,0.3,4.0,-0.06279580470240909,0.057081277869460934,0.014150943396226415,0.0
inspected_fifth,CHEMBL236,injected,0,0.3,6.0,0.7640687152355454,1.0748259042174446,0.05188679245283019,0.03333333333333334
inspected_fifth,CHEMBL236,injected,1,0.2,4.0,-0.13054019224366176,0.057081277869460934,0.014150943396226415,0.0
inspected_fifth,CHEMBL236,injected,1,0.2,6.0,0.2809676447145426,0.1526733393631483,0.03773584905660377,0.03333333333333334
inspected_fifth,CHEMBL236,injected,1,0.3,4.0,0.16421064704315835,0.16002956733202023,0.025943396226415096,0.016666666666666663
inspected_fifth,CHEMBL236,injected,1,0.3,6.0,0.9140887448273167,1.9992585693458294,0.08254716981132075,0.05
inspected_fifth,CHEMBL236,injected,2,0.2,4.0,-0.13054019224366176,0.057081277869460934,0.014150943396226415,0.0
inspected_fifth,CHEMBL236,injected,2,0.2,6.0,0.22022638102291214,0.1215600010882607,0.0330188679245283,0.016666666666666663
inspected_fifth,CHEMBL236,injected,2,0.3,4.0,0.16421064704315835,0.16002956733202023,0.025943396226415096,0.016666666666666663
inspected_fifth,CHEMBL236,injected,2,0.3,6.0,0.9148108576510658,1.9992585693458294,0.0660377358490566,0.05
inspected_fifth,CHEMBL236,injected,3,0.2,4.0,0.0049687584831596965,0.15037637570084605,0.02122641509433962,0.016666666666666663
inspected_fifth,CHEMBL236,injected,3,0.2,6.0,0.6849839821319419,1.6030664306078908,0.049528301886792456,0.03333333333333334
inspected_fifth,CHEMBL236,injected,3,0.3,4.0,-0.05969709395582079,0.15037637570084605,0.02122641509433962,0.016666666666666663
inspected_fifth,CHEMBL236,injected,3,0.3,6.0,0.6849839821319419,1.1754061974578827,0.049528301886792456,0.03333333333333334
inspected_fifth,CHEMBL236,injected,4,0.2,4.0,-0.05969709395582079,0.15037637570084605,0.02122641509433962,0.016666666666666663
inspected_fifth,CHEMBL236,injected,4,0.2,6.0,0.8150002180054781,1.2600715641652354,0.054245283018867926,0.05
inspected_fifth,CHEMBL236,injected,4,0.3,4.0,-0.03397378788968464,0.06817809546153608,0.018867924528301886,0.0
inspected_fifth,CHEMBL236,injected,4,0.3,6.0,0.853905291140487,1.421812553650704,0.0660377358490566,0.03333333333333334
inspected_fifth,CHEMBL236,injected,5,0.2,4.0,-0.12820330196027463,0.057081277869460934,0.014150943396226415,0.0
inspected_fifth,CHEMBL236,injected,5,0.2,6.0,-0.041665851165484824,0.1606837165958872,0.02358490566037736,0.03333333333333334
inspected_fifth,CHEMBL236,injected,5,0.3,4.0,-0.13054019224366176,0.057081277869460934,0.014150943396226415,0.0
inspected_fifth,CHEMBL236,injected,5,0.3,6.0,0.22022638102291214,0.1215600010882607,0.0330188679245283,0.016666666666666663
inspected_fifth,CHEMBL236,injected,6,0.2,4.0,-0.06279580470240909,0.06817809546153608,0.018867924528301886,0.0
inspected_fifth,CHEMBL236,injected,6,0.2,6.0,0.8150002180054781,1.1424543498917465,0.054245283018867926,0.03333333333333334
inspected_fifth,CHEMBL236,injected,6,0.3,4.0,-0.020303963154399085,0.06817809546153608,0.018867924528301886,0.0
inspected_fifth,CHEMBL236,injected,6,0.3,6.0,0.8150002180054781,1.4350229514964061,0.054245283018867926,0.03333333333333334
inspected_fifth,CHEMBL236,injected,7,0.2,4.0,-0.05969709395582079,0.15037637570084605,0.02122641509433962,0.016666666666666663
inspected_fifth,CHEMBL236,injected,7,0.2,6.0,0.16421064704315835,1.1754061974578827,0.030660377358490566,0.016666666666666663
inspected_fifth,CHEMBL236,injected,7,0.3,4.0,-0.020303963154399085,0.06817809546153608,0.018867924528301886,0.0
inspected_fifth,CHEMBL236,injected,7,0.3,6.0,0.8778751668893303,1.4350229514964061,0.07311320754716981,0.05
inspected_fifth,CHEMBL236,injected,8,0.2,4.0,0.024147613611873453,0.16002956733202023,0.025943396226415096,0.016666666666666663
inspected_fifth,CHEMBL236,injected,8,0.2,6.0,0.853905291140487,1.9992585693458294,0.06367924528301887,0.03333333333333334
inspected_fifth,CHEMBL236,injected,8,0.3,4.0,-0.05969709395582079,0.15037637570084605,0.02122641509433962,0.016666666666666663
inspected_fifth,CHEMBL236,injected,8,0.3,6.0,0.16421064704315835,1.1754061974578827,0.030660377358490566,0.016666666666666663
inspected_fifth,CHEMBL236,injected,9,0.2,4.0,-0.13054019224366176,0.057081277869460934,0.014150943396226415,0.0
inspected_fifth,CHEMBL236,injected,9,0.2,6.0,0.21752875490149037,0.1215600010882607,0.0330188679245283,0.016666666666666663
inspected_fifth,CHEMBL236,injected,9,0.3,4.0,-0.03397378788968464,0.06817809546153608,0.018867924528301886,0.0
inspected_fifth,CHEMBL236,injected,9,0.3,6.0,0.853905291140487,1.421812553650704,0.07075471698113207,0.05
inspected_fifth,CHEMBL238,natural,-1,0.0,0.0,0.18031438942183886,0.10159510284196305,0.019851116625310174,-0.0008503401360544227
inspected_fifth,CHEMBL238,injected,0,0.2,4.0,0.7839016053431571,2.029181528875343,0.06451612903225806,0.03996598639455782
inspected_fifth,CHEMBL238,injected,0,0.2,6.0,0.9305973825481955,4.02918152887593,0.06699751861042183,0.06037414965986395
inspected_fifth,CHEMBL238,injected,0,0.3,4.0,0.7001334456908523,1.3094117657402862,0.05459057071960298,-0.0008503401360544227
inspected_fifth,CHEMBL238,injected,0,0.3,6.0,1.8342632265061622,3.3094117657405127,0.09925558312655088,0.08078231292517007
inspected_fifth,CHEMBL238,injected,1,0.2,4.0,0.23582698365153654,0.27176083831516173,0.02729528535980149,0.0195578231292517
inspected_fifth,CHEMBL238,injected,1,0.2,6.0,0.5257822393051725,1.2018659444811055,0.03722084367245657,0.03996598639455782
inspected_fifth,CHEMBL238,injected,1,0.3,4.0,0.478916627284109,1.3652177494213236,0.03722084367245657,0.03996598639455782
inspected_fifth,CHEMBL238,injected,1,0.3,6.0,0.5257822393051725,3.365217749421654,0.03722084367245657,0.06037414965986395
inspected_fifth,CHEMBL238,injected,2,0.2,4.0,0.7220261930610965,1.6908664453171491,0.05955334987593052,-0.0008503401360544227
inspected_fifth,CHEMBL238,injected,2,0.2,6.0,1.8863666733420965,3.690866445316666,0.09429280397022333,0.03996598639455782
inspected_fifth,CHEMBL238,injected,2,0.3,4.0,0.36028209990129145,0.269727185903351,0.02977667493796526,-0.0008503401360544227
inspected_fifth,CHEMBL238,injected,2,0.3,6.0,0.9305973825481955,1.9679321427367862,0.07196029776674938,0.06037414965986395
inspected_fifth,CHEMBL238,injected,3,0.2,4.0,0.30071451799068427,0.16922433800051806,0.02729528535980149,-0.0008503401360544227
inspected_fifth,CHEMBL238,injected,3,0.2,6.0,0.7154245233697258,1.333946670393229,0.05459057071960298,0.03996598639455782
inspected_fifth,CHEMBL238,injected,3,0.3,4.0,0.649168568620623,1.3094117657402862,0.04714640198511166,-0.0008503401360544227
inspected_fifth,CHEMBL238,injected,3,0.3,6.0,1.1841109325870374,3.3094117657405127,0.08684863523573201,0.03996598639455782
inspected_fifth,CHEMBL238,injected,4,0.2,4.0,0.6730721725871538,1.0280862483821318,0.052109181141439205,-0.0008503401360544227
inspected_fifth,CHEMBL238,injected,4,0.2,6.0,1.2038409372196446,3.0280862483822997,0.07692307692307693,0.0195578231292517
inspected_fifth,CHEMBL238,injected,4,0.3,4.0,0.7628465253704313,2.029181528875343,0.06451612903225806,0.0195578231292517
inspected_fifth,CHEMBL238,injected,4,0.3,6.0,1.9844499243162037,4.02918152887593,0.09429280397022333,0.06037414965986395
inspected_fifth,CHEMBL238,injected,5,0.2,4.0,0.5127557224907022,0.31981006178749993,0.034739454094292806,-0.0008503401360544227
inspected_fifth,CHEMBL238,injected,5,0.2,6.0,0.9302950601493167,2.1669985159252843,0.06947890818858561,0.03996598639455782
inspected_fifth,CHEMBL238,injected,5,0.3,4.0,0.5232270405048078,0.7052214970440858,0.03970223325062035,0.0195578231292517
inspected_fifth,CHEMBL238,injected,5,0.3,6.0,0.9305973825481955,2.7052214970441657,0.0794044665012407,0.12159863945578231
inspected_fifth,CHEMBL238,injected,6,0.2,4.0,0.36028209990129145,0.27176083831516173,0.03225806451612903,0.0195578231292517
inspected_fifth,CHEMBL238,injected,6,0.2,6.0,0.6982759462863841,2.015166597575287,0.052109181141439205,0.06037414965986395
inspected_fifth,CHEMBL238,injected,6,0.3,4.0,0.32264609178191606,0.269727185903351,0.02977667493796526,-0.0008503401360544227
inspected_fifth,CHEMBL238,injected,6,0.3,6.0,0.7837190590944996,1.961946960542182,0.062034739454094295,0.03996598639455782
inspected_fifth,CHEMBL238,injected,7,0.2,4.0,0.5127557224907022,0.9269298990671571,0.03970223325062035,0.03996598639455782
inspected_fifth,CHEMBL238,injected,7,0.2,6.0,0.6982759462863841,2.9269298990671704,0.052109181141439205,0.08078231292517007
inspected_fifth,CHEMBL238,injected,7,0.3,4.0,0.6377830989788338,1.0280862483821318,0.04466501240694789,-0.0008503401360544227
inspected_fifth,CHEMBL238,injected,7,0.3,6.0,0.9305973825481955,3.0280862483822997,0.0794044665012407,0.10119047619047619
inspected_fifth,CHEMBL238,injected,8,0.2,4.0,0.7839016053431571,2.029181528875343,0.06451612903225806,0.03996598639455782
inspected_fifth,CHEMBL238,injected,8,0.2,6.0,0.9747242204309536,4.02918152887593,0.06947890818858561,0.03996598639455782
inspected_fifth,CHEMBL238,injected,8,0.3,4.0,0.7628465253704313,2.029181528875343,0.06451612903225806,0.0195578231292517
inspected_fifth,CHEMBL238,injected,8,0.3,6.0,2.4826780866931255,4.02918152887593,0.10669975186104218,0.10119047619047619
inspected_fifth,CHEMBL238,injected,9,0.2,4.0,0.6982759462863841,1.6908664453171491,0.052109181141439205,-0.0008503401360544227
inspected_fifth,CHEMBL238,injected,9,0.2,6.0,0.7568931452798155,3.690866445316666,0.05955334987593052,0.0195578231292517
inspected_fifth,CHEMBL238,injected,9,0.3,4.0,0.6377830989788338,1.0280862483821318,0.04466501240694789,-0.0008503401360544227
inspected_fifth,CHEMBL238,injected,9,0.3,6.0,0.9243690097759343,3.0280862483822997,0.07692307692307693,0.06037414965986395
inspected_fifth,CHEMBL239,natural,-1,0.0,0.0,-0.328235621509682,0.34170457068248483,0.013123359580052493,0.0
inspected_fifth,CHEMBL239,injected,0,0.2,4.0,1.3159543981180897,1.3735017221184433,0.12073490813648294,0.13043478260869568
inspected_fifth,CHEMBL239,injected,0,0.2,6.0,3.1716209085754286,3.2669042279737637,0.22572178477690288,0.15217391304347827
inspected_fifth,CHEMBL239,injected,0,0.3,4.0,1.759520571234673,2.4906189776923346,0.14698162729658792,0.13043478260869568
inspected_fifth,CHEMBL239,injected,0,0.3,6.0,3.7543287792561757,4.490618977692433,0.2887139107611549,0.2173913043478261
inspected_fifth,CHEMBL239,injected,1,0.2,4.0,1.6133843637660332,2.4906189776923346,0.11811023622047244,0.13043478260869568
inspected_fifth,CHEMBL239,injected,1,0.2,6.0,3.578796339921946,4.490618977692433,0.1732283464566929,0.15217391304347827
inspected_fifth,CHEMBL239,injected,1,0.3,4.0,1.6896472327661427,2.4906189776923346,0.16010498687664043,0.19565217391304346
inspected_fifth,CHEMBL239,injected,1,0.3,6.0,3.6133843637660363,4.490618977692433,0.2782152230971129,0.2173913043478261
inspected_fifth,CHEMBL239,injected,2,0.2,4.0,1.443514901258427,1.3735017221184433,0.13385826771653545,0.13043478260869568
inspected_fifth,CHEMBL239,injected,2,0.2,6.0,3.3490534604302336,3.2669042279737637,0.24934383202099739,0.15217391304347827
inspected_fifth,CHEMBL239,injected,2,0.3,4.0,1.443514901258427,1.3735017221184433,0.13910761154855644,0.17391304347826086
inspected_fifth,CHEMBL239,injected,2,0.3,6.0,3.375167884608349,3.2669042279737637,0.2887139107611549,0.2173913043478261
inspected_fifth,CHEMBL239,injected,3,0.2,4.0,1.6133843637660332,2.4906189776923346,0.13123359580052493,0.10869565217391304
inspected_fifth,CHEMBL239,injected,3,0.2,6.0,3.578796339921946,4.490618977692433,0.2283464566929134,0.15217391304347827
inspected_fifth,CHEMBL239,injected,3,0.3,4.0,1.8710856052566203,2.4906189776923346,0.16010498687664043,0.15217391304347827
inspected_fifth,CHEMBL239,injected,3,0.3,6.0,3.8236456684420532,4.490618977692433,0.28083989501312334,0.2173913043478261
inspected_fifth,CHEMBL239,injected,4,0.2,4.0,0.07712697032630356,0.671554907041894,0.026246719160104987,0.08695652173913043
inspected_fifth,CHEMBL239,injected,4,0.2,6.0,1.4591933693091788,2.2170929672314035,0.08923884514435695,0.15217391304347827
inspected_fifth,CHEMBL239,injected,4,0.3,4.0,1.5787963399219462,1.6558891527056883,0.11286089238845144,0.15217391304347827
inspected_fifth,CHEMBL239,injected,4,0.3,6.0,3.4435149012584056,3.6558891527057025,0.2335958005249344,0.2173913043478261
inspected_fifth,CHEMBL239,injected,5,0.2,4.0,1.160918145528683,1.98717161117004,0.09448818897637795,0.08695652173913043
inspected_fifth,CHEMBL239,injected,5,0.2,6.0,3.0726504171993816,3.987171611170141,0.18635170603674542,0.13043478260869568
inspected_fifth,CHEMBL239,injected,5,0.3,4.0,1.3490534604302065,1.3735017221184433,0.11286089238845144,0.10869565217391304
inspected_fifth,CHEMBL239,injected,5,0.3,6.0,3.193399584643067,3.2669042279737637,0.28346456692913385,0.2173913043478261
inspected_fifth,CHEMBL239,injected,6,0.2,4.0,1.0790686154269737,1.139723046669154,0.09186351706036745,0.06521739130434782
inspected_fifth,CHEMBL239,injected,6,0.2,6.0,3.0515210391688563,3.039146841173551,0.2073490813648294,0.15217391304347827
inspected_fifth,CHEMBL239,injected,6,0.3,4.0,1.9826221450727357,2.6118059970801744,0.1732283464566929,0.13043478260869568
inspected_fifth,CHEMBL239,injected,6,0.3,6.0,3.871085605256599,4.611805997080098,0.2992125984251969,0.2173913043478261
inspected_fifth,CHEMBL239,injected,7,0.2,4.0,1.5096086235198896,1.98717161117004,0.12073490813648294,0.08695652173913043
inspected_fifth,CHEMBL239,injected,7,0.2,6.0,3.375167884608349,3.987171611170141,0.2073490813648294,0.13043478260869568
inspected_fifth,CHEMBL239,injected,7,0.3,4.0,1.8710856052566203,2.4906189776923346,0.15223097112860892,0.15217391304347827
inspected_fifth,CHEMBL239,injected,7,0.3,6.0,3.8236456684420532,4.490618977692433,0.29396325459317585,0.2173913043478261
inspected_fifth,CHEMBL239,injected,8,0.2,4.0,1.3785399148006254,1.6063976675925966,0.09186351706036745,0.08695652173913043
inspected_fifth,CHEMBL239,injected,8,0.2,6.0,3.193399584643067,3.6063976675925904,0.1837270341207349,0.15217391304347827
inspected_fifth,CHEMBL239,injected,8,0.3,4.0,1.9826221450727357,2.6118059970801744,0.12598425196850394,0.17391304347826086
inspected_fifth,CHEMBL239,injected,8,0.3,6.0,3.872632336989042,4.611805997080098,0.2152230971128609,0.2173913043478261
inspected_fifth,CHEMBL239,injected,9,0.2,4.0,1.0738619963745912,1.139723046669154,0.08923884514435695,0.08695652173913043
inspected_fifth,CHEMBL239,injected,9,0.2,6.0,2.893175032609195,3.039146841173551,0.18635170603674542,0.15217391304347827
inspected_fifth,CHEMBL239,injected,9,0.3,4.0,1.8236456684420261,2.4906189776923346,0.16010498687664043,0.13043478260869568
inspected_fifth,CHEMBL239,injected,9,0.3,6.0,3.759520571234655,4.490618977692433,0.3228346456692913,0.2173913043478261
external_natural,MLNET_BACE_scaffold_ood_s3500,natural,-1,0.0,0.0,1.662952358798802,1.706948394372668,0.09570957095709572,0.10526315789473684
external_natural,MLNET_BBBP_scaffold_ood_s3500,natural,-1,0.0,0.0,0.5078976941812545,0.10334671576711507,0.015189873417721518,0.07617021276595747
external_natural,MLNET_CLINTOX_CT_TOX_scaffold_ood_s3500,natural,-1,0.0,0.0,0.10418486599120041,0.6707810061444988,0.023972602739726026,-0.0015015015015014954
external_natural,MLNET_HIV_scaffold_ood_s3500,natural,-1,0.0,0.0,0.23179700228262365,0.21126904301477567,0.013740272373540856,0.012457638164754953
