external_dataset,source_backbone,q,budget_label,method,selected_count,true_hits,false_hits,fdp,fdp_exceeds_q,precision,power,unique_blocks,max_block_share,mean_pairwise_tanimoto,selected_count_std,true_hits_std,false_hits_std,fdp_std,fdp_exceeds_q_std,precision_std,power_std,unique_blocks_std,max_block_share_std,mean_pairwise_tanimoto_std,n_targets,true_hits_raw_top_b,fdp_raw_top_b,unique_blocks_raw_top_b,max_block_share_raw_top_b,mean_pairwise_tanimoto_raw_top_b,delta_true_hits_vs_raw_top_b,delta_fdp_vs_raw_top_b,delta_unique_blocks_vs_raw_top_b,delta_max_block_share_vs_raw_top_b,delta_mean_pairwise_tanimoto_vs_raw_top_b,true_hits_bh,fdp_bh,unique_blocks_bh,max_block_share_bh,mean_pairwise_tanimoto_bh,delta_true_hits_vs_bh,delta_fdp_vs_bh,delta_unique_blocks_vs_bh,delta_max_block_share_vs_bh,delta_mean_pairwise_tanimoto_vs_bh
DUDE,full,0.7,10,bh,6.25,0.875,5.375,0.5375,0.5,0.0875,0.014219576719576714,6.125,0.07500000000000001,0.07541957300799418,5.175491695067657,2.100170061141308,4.867897756879099,0.48678977568791,0.5345224838248488,0.2100170061141308,0.03337162913106576,5.0832357523811265,0.07071067811865475,0.06858889841123625,8,1.875,0.8125,9.25,0.17500000000000002,0.16040071747698076,-1.0,-0.275,-3.125,-0.1,-0.08498114446898658,0.875,0.5375,6.125,0.07500000000000001,0.07541957300799418,0.0,0.0,0.0,0.0,0.0
DUDE,full,0.7,10,block_bh,5.0,0.125,4.875,0.4875,0.5,0.0125,0.0023148148148148125,4.875,0.0625,0.05453040347692766,5.345224838248488,0.3535533905932738,5.221863378417434,0.5221863378417435,0.5345224838248488,0.03535533905932738,0.006547285010986544,5.221863378417434,0.0744023809142845,0.05882658482710472,8,1.875,0.8125,9.25,0.17500000000000002,0.16040071747698076,-1.75,-0.325,-4.375,-0.11250000000000002,-0.10587031400005309,0.875,0.5375,6.125,0.07500000000000001,0.07541957300799418,-0.75,-0.04999999999999999,-1.25,-0.012500000000000011,-0.020889169531066516
DUDE,full,0.7,10,by,0.0,0.0,0.0,0.0,0.0,0.0,0.0,0.0,0.0,0.0,0.0,0.0,0.0,0.0,0.0,0.0,0.0,0.0,0.0,0.0,8,1.875,0.8125,9.25,0.17500000000000002,0.16040071747698076,-1.875,-0.8125,-9.25,-0.17500000000000002,-0.16040071747698076,0.875,0.5375,6.125,0.07500000000000001,0.07541957300799418,-0.875,-0.5375,-6.125,-0.07500000000000001,-0.07541957300799418
DUDE,full,0.7,10,chemdeprc_cap1,5.0,0.25,4.75,0.475,0.5,0.025,0.004629629629629625,5.0,0.05,0.0562196252265092,5.345224838248488,0.7071067811865476,5.1199888392735495,0.5119988839273549,0.5345224838248488,0.07071067811865477,0.013094570021973088,5.345224838248488,0.05345224838248488,0.06041169637658433,8,1.875,0.8125,9.25,0.17500000000000002,0.16040071747698076,-1.625,-0.3375,-4.25,-0.125,-0.10418109225047156,0.875,0.5375,6.125,0.07500000000000001,0.07541957300799418,-0.625,-0.0625,-1.125,-0.02500000000000001,-0.019199947781484976
DUDE,full,0.7,10,chemdeprc_scoresoft50,3.875,0.0,3.875,0.5,0.5,0.0,0.0,2.5,0.16666666666666666,0.06883942699322243,4.4860896112315904,0.0,4.4860896112315904,0.5345224838248488,0.5345224838248488,0.0,0.0,2.672612419124244,0.19599157740244452,0.07705248048722123,8,1.875,0.8125,9.25,0.17500000000000002,0.16040071747698076,-1.875,-0.3125,-6.75,-0.00833333333333336,-0.09156129048375833,0.875,0.5375,6.125,0.07500000000000001,0.07541957300799418,-0.875,-0.03749999999999998,-3.625,0.09166666666666665,-0.006580146014771748
DUDE,full,0.7,10,chemdeprc_soft75,4.375,0.0,4.375,0.5,0.5,0.0,0.0,4.0,0.08402777777777778,0.060365845572052684,4.718883039751796,0.0,4.718883039751796,0.5345224838248488,0.5345224838248488,0.0,0.0,4.27617987059879,0.09572831835326613,0.06486917420516126,8,1.875,0.8125,9.25,0.17500000000000002,0.16040071747698076,-1.875,-0.3125,-5.25,-0.09097222222222223,-0.10003487190492807,0.875,0.5375,6.125,0.07500000000000001,0.07541957300799418,-0.875,-0.03749999999999998,-2.125,0.009027777777777773,-0.015053727435941494
DUDE,full,0.7,10,raw_top_b,10.0,1.875,8.125,0.8125,0.75,0.1875,0.03176343636869951,9.25,0.17500000000000002,0.16040071747698076,0.0,3.226563851175781,3.226563851175781,0.32265638511757805,0.4629100498862757,0.32265638511757805,0.05482474926260616,1.0350983390135313,0.10350983390135314,0.10695766769761929,8,1.875,0.8125,9.25,0.17500000000000002,0.16040071747698076,0.0,0.0,0.0,0.0,0.0,0.875,0.5375,6.125,0.07500000000000001,0.07541957300799418,1.0,0.275,3.125,0.1,0.08498114446898658
DUDE,full,0.7,10,score_cap1,10.0,1.5,8.5,0.85,0.75,0.15,0.025393344472291825,10.0,0.1,0.13054176317271854,0.0,2.5071326821120348,2.507132682112035,0.2507132682112035,0.4629100498862757,0.2507132682112035,0.04236492520404543,0.0,0.0,0.045166467606299755,8,1.875,0.8125,9.25,0.17500000000000002,0.16040071747698076,-0.375,0.03749999999999998,0.75,-0.07500000000000001,-0.02985895430426222,0.875,0.5375,6.125,0.07500000000000001,0.07541957300799418,0.625,0.3125,3.875,0.024999999999999994,0.05512219016472436
DUDE,full,0.7,10,score_dpp,10.0,1.0,9.0,0.9,0.875,0.1,0.0177986633249791,9.875,0.1125,0.09568352120529926,0.0,1.1952286093343936,1.1952286093343938,0.11952286093343939,0.3535533905932738,0.11952286093343936,0.021350941769162895,0.3535533905932738,0.035355339059327376,0.013439979894550865,8,1.875,0.8125,9.25,0.17500000000000002,0.16040071747698076,-0.875,0.08750000000000002,0.625,-0.06250000000000001,-0.0647171962716815,0.875,0.5375,6.125,0.07500000000000001,0.07541957300799418,0.125,0.36250000000000004,3.75,0.03749999999999999,0.02026394819730508
DUDE,full,0.7,10,score_mmr25,10.0,1.0,9.0,0.9,0.875,0.1,0.018129351155666926,9.875,0.1125,0.09532876647362616,0.0,1.4142135623730951,1.4142135623730951,0.1414213562373095,0.3535533905932738,0.14142135623730953,0.026023841107132722,0.35355339059327373,0.03535533905932738,0.01338474212327341,8,1.875,0.8125,9.25,0.17500000000000002,0.16040071747698076,-0.875,0.08750000000000002,0.625,-0.06250000000000001,-0.0650719510033546,0.875,0.5375,6.125,0.07500000000000001,0.07541957300799418,0.125,0.36250000000000004,3.75,0.03749999999999999,0.019909193465631983
DUDE,full,0.7,10,weighted_bh,5.0,0.25,4.75,0.475,0.5,0.025,0.004629629629629625,5.0,0.05,0.05604741299553553,5.345224838248488,0.7071067811865476,5.1199888392735495,0.5119988839273549,0.5345224838248488,0.07071067811865477,0.013094570021973088,5.345224838248488,0.05345224838248488,0.06033539805438704,8,1.875,0.8125,9.25,0.17500000000000002,0.16040071747698076,-1.625,-0.3375,-4.25,-0.125,-0.10435330448144522,0.875,0.5375,6.125,0.07500000000000001,0.07541957300799418,-0.625,-0.0625,-1.125,-0.02500000000000001,-0.01937216001245865
DUDE,full,0.7,100,bh,40.25,3.625,36.625,0.5360768072289156,0.5,0.08892319277108432,0.0684145441122185,36.0,0.04868473895582327,0.0760875378398385,45.871715530534566,4.808846015417836,43.98031215376781,0.46446685739069304,0.5345224838248488,0.15521661726540698,0.08930921571350996,41.593268686170845,0.05601915782772357,0.06567905101610876,8,11.875,0.88125,85.25,0.06375,0.12175940816332398,-8.25,-0.3451731927710844,-49.25,-0.015065261044176728,-0.04567187032348548,3.625,0.5360768072289156,36.0,0.04868473895582327,0.0760875378398385,0.0,0.0,0.0,0.0,0.0
DUDE,full,0.7,100,block_bh,36.875,2.0,34.875,0.4773032200357782,0.5,0.022696779964221814,0.042366494401378116,30.875,0.03439808899111224,0.05601472851884011,46.4802185266562,3.7416573867739413,44.04360663835656,0.51146479216309,0.5345224838248488,0.04267464130036594,0.08128604307259582,39.7687511927213,0.04176012686337293,0.06014937041597438,8,11.875,0.88125,85.25,0.06375,0.12175940816332398,-9.875,-0.4039467799642218,-54.375,-0.02935191100888776,-0.06574467964448387,3.625,0.5360768072289156,36.0,0.04868473895582327,0.0760875378398385,-1.625,-0.05877358719313741,-5.125,-0.014286649964711032,-0.02007280932099839
DUDE,full,0.7,100,by,0.0,0.0,0.0,0.0,0.0,0.0,0.0,0.0,0.0,0.0,0.0,0.0,0.0,0.0,0.0,0.0,0.0,0.0,0.0,0.0,8,11.875,0.88125,85.25,0.06375,0.12175940816332398,-11.875,-0.88125,-85.25,-0.06375,-0.12175940816332398,3.625,0.5360768072289156,36.0,0.04868473895582327,0.0760875378398385,-3.625,-0.5360768072289156,-36.0,-0.04868473895582327,-0.0760875378398385
DUDE,full,0.7,100,chemdeprc_cap1,31.375,1.25,30.125,0.48124999999999996,0.5,0.01874999999999999,0.026108957795004287,31.375,0.012812499999999987,0.05483349590207175,40.718326867114065,2.3145502494313788,39.49841768982651,0.5152775103751499,0.5345224838248488,0.035002834352355114,0.048757107689720317,40.718326867114065,0.021208233931846766,0.058832260660788845,8,11.875,0.88125,85.25,0.06375,0.12175940816332398,-10.625,-0.4,-53.875,-0.05093750000000001,-0.06692591226125223,3.625,0.5360768072289156,36.0,0.04868473895582327,0.0760875378398385,-2.375,-0.05482680722891564,-4.625,-0.03587223895582328,-0.021254041937766754
DUDE,full,0.7,100,chemdeprc_scoresoft50,31.625,1.875,29.75,0.47358452950558216,0.5,0.02641547049441785,0.039459517657192064,20.75,0.04557298365659995,0.057042477455005326,39.8279783210604,3.48209706929603,37.79172244968845,0.5078558856268804,0.5345224838248488,0.04891241139071768,0.07460440153323186,24.817908280686577,0.05026851683272165,0.061299083790006786,8,11.875,0.88125,85.25,0.06375,0.12175940816332398,-10.0,-0.4076654704944178,-64.5,-0.01817701634340005,-0.06471693070831866,3.625,0.5360768072289156,36.0,0.04868473895582327,0.0760875378398385,-1.75,-0.062492277723333434,-15.25,-0.0031117552992233205,-0.019045060384833175
DUDE,full,0.7,100,chemdeprc_soft75,36.625,2.0,34.625,0.4773032200357782,0.5,0.022696779964221814,0.042366494401378116,28.25,0.0357756400115204,0.056394528373768564,46.095979062324794,3.7416573867739413,43.624820916537864,0.51146479216309,0.5345224838248488,0.04267464130036594,0.08128604307259582,35.29771340226689,0.042151251943301625,0.060606655139227465,8,11.875,0.88125,85.25,0.06375,0.12175940816332398,-9.875,-0.4039467799642218,-57.0,-0.0279743599884796,-0.06536487978955541,3.625,0.5360768072289156,36.0,0.04868473895582327,0.0760875378398385,-1.625,-0.05877358719313741,-7.75,-0.012909098944302873,-0.019693009466069937
DUDE,full,0.7,100,raw_top_b,100.0,11.875,88.125,0.88125,0.875,0.11875,0.21823732285521652,85.25,0.06375,0.12175940816332398,0.0,11.089731415013748,11.089731415013748,0.11089731415013755,0.3535533905932738,0.1108973141501375,0.1862663570543451,5.36523198806112,0.021339098923270936,0.013131124276624932,8,11.875,0.88125,85.25,0.06375,0.12175940816332398,0.0,0.0,0.0,0.0,0.0,3.625,0.5360768072289156,36.0,0.04868473895582327,0.0760875378398385,8.25,0.3451731927710844,49.25,0.015065261044176728,0.04567187032348548
DUDE,full,0.7,100,score_cap1,100.0,7.375,92.625,0.92625,1.0,0.07375,0.1396775027623487,100.0,0.01,0.11523422058296408,0.0,5.655275665884277,5.655275665884275,0.05655275665884275,0.0,0.056552756658842775,0.10300341774039837,0.0,0.0,0.0075393769215542595,8,11.875,0.88125,85.25,0.06375,0.12175940816332398,-4.5,0.04500000000000004,14.75,-0.05375,-0.006525187580359901,3.625,0.5360768072289156,36.0,0.04868473895582327,0.0760875378398385,3.75,0.3901731927710844,64.0,-0.03868473895582327,0.03914668274312558
DUDE,full,0.7,100,score_dpp,100.0,6.875,93.125,0.93125,1.0,0.06875,0.12895017245130527,93.75,0.0475,0.10908857156042187,0.0,5.111262075065218,5.111262075065215,0.0511126207506522,0.0,0.051112620750652184,0.09052302992581146,3.8821937833431983,0.0249284690951645,0.009393672013077642,8,11.875,0.88125,85.25,0.06375,0.12175940816332398,-5.0,0.050000000000000044,8.5,-0.01625,-0.012670836602902108,3.625,0.5360768072289156,36.0,0.04868473895582327,0.0760875378398385,3.25,0.3951731927710844,57.75,-0.0011847389558232724,0.03300103372058337
DUDE,full,0.7,100,score_mmr25,100.0,8.5,91.5,0.915,1.0,0.08499999999999999,0.15646394802499125,91.5,0.05375,0.1126512609585944,0.0,7.801098823700598,7.8010988237006,0.07801098823700595,0.0,0.07801098823700597,0.13354727247308656,4.208834246473214,0.018468119248354137,0.010729568169586276,8,11.875,0.88125,85.25,0.06375,0.12175940816332398,-3.375,0.03375000000000006,6.25,-0.010000000000000002,-0.009108147204729578,3.625,0.5360768072289156,36.0,0.04868473895582327,0.0760875378398385,4.875,0.37892319277108444,55.5,0.005065261044176726,0.0365637231187559
DUDE,full,0.7,100,weighted_bh,33.875,1.5,32.375,0.4807660693736643,0.5,0.019233930626335688,0.031330749354005163,33.25,0.01757692202312454,0.054809835878118565,43.4492725567907,2.7774602993176543,41.76443292016374,0.5147827778892291,0.5345224838248488,0.035618221440607174,0.05850852922766442,42.73088545102443,0.0244645094475879,0.05880038792591612,8,11.875,0.88125,85.25,0.06375,0.12175940816332398,-10.375,-0.4004839306263357,-52.0,-0.04617307797687546,-0.06694957228520541,3.625,0.5360768072289156,36.0,0.04868473895582327,0.0760875378398385,-2.125,-0.05531073785525131,-2.75,-0.031107816932698734,-0.021277701961719936
DUDE,full,0.7,20,bh,11.875,1.75,10.125,0.5354166666666667,0.5,0.08958333333333332,0.0296164021164021,11.0,0.05833333333333333,0.07341525781256508,9.977653603356424,3.24037034920393,8.88718981777383,0.46602315325000687,0.5345224838248488,0.16157397932108622,0.052478678011270305,9.289010404005062,0.0563436169819011,0.06363281704924448,8,3.375,0.83125,17.875,0.1125,0.1373161883762874,-1.625,-0.2958333333333334,-6.875,-0.054166666666666675,-0.06390093056372231,1.75,0.5354166666666667,11.0,0.05833333333333333,0.07341525781256508,0.0,0.0,0.0,0.0,0.0
DUDE,full,0.7,20,block_bh,9.75,0.375,9.375,0.48125,0.5,0.01875,0.006944444444444437,9.375,0.03888888888888889,0.05495195487225075,10.443726756834868,1.0606601717798212,10.070288689293584,0.5168154547667033,0.5345224838248488,0.053033008588991064,0.01964185503295963,10.098620839359347,0.04667044580314018,0.05911015463825615,8,3.375,0.83125,17.875,0.1125,0.1373161883762874,-3.0,-0.35000000000000003,-8.5,-0.07361111111111111,-0.08236423350403665,1.75,0.5354166666666667,11.0,0.05833333333333333,0.07341525781256508,-1.375,-0.05416666666666664,-1.625,-0.019444444444444438,-0.018463302940314334
DUDE,full,0.7,20,by,0.0,0.0,0.0,0.0,0.0,0.0,0.0,0.0,0.0,0.0,0.0,0.0,0.0,0.0,0.0,0.0,0.0,0.0,0.0,0.0,8,3.375,0.83125,17.875,0.1125,0.1373161883762874,-3.375,-0.83125,-17.875,-0.1125,-0.1373161883762874,1.75,0.5354166666666667,11.0,0.05833333333333333,0.07341525781256508,-1.75,-0.5354166666666667,-11.0,-0.05833333333333333,-0.07341525781256508
DUDE,full,0.7,20,chemdeprc_cap1,9.5,0.625,8.875,0.46875,0.5,0.03125,0.012758397932816525,9.5,0.026562500000000003,0.05436836139842428,10.239977678547099,1.1877349391654208,9.55342122712367,0.5035144344646791,0.5345224838248488,0.059386746958271036,0.02374729320258474,10.239977678547099,0.02868976609474934,0.05814500313787079,8,3.375,0.83125,17.875,0.1125,0.1373161883762874,-2.75,-0.36250000000000004,-8.375,-0.0859375,-0.08294782697786313,1.75,0.5354166666666667,11.0,0.05833333333333333,0.07341525781256508,-1.125,-0.06666666666666665,-1.5,-0.031770833333333325,-0.019046896414140806
DUDE,full,0.7,20,chemdeprc_scoresoft50,7.625,0.125,7.5,0.49166666666666664,0.5,0.008333333333333325,0.0023148148148148125,5.0,0.1370098039215686,0.06323294043581205,8.29694436008135,0.3535533905932738,8.176621726430962,0.5260665658887969,0.5345224838248488,0.02357022603955156,0.006547285010986544,5.345224838248488,0.16012173892006176,0.06895793155136871,8,3.375,0.83125,17.875,0.1125,0.1373161883762874,-3.25,-0.3395833333333334,-12.875,0.02450980392156861,-0.07408324794047534,1.75,0.5354166666666667,11.0,0.05833333333333333,0.07341525781256508,-1.625,-0.04375000000000001,-6.0,0.07867647058823529,-0.010182317376753028
DUDE,full,0.7,20,chemdeprc_soft75,8.125,0.5,7.625,0.4671875,0.5,0.0328125,0.009851421188630475,7.5,0.06072303921568626,0.05880825864860804,8.708575412447532,1.0690449676496976,8.29694436008135,0.503245604444646,0.5345224838248488,0.07100600452476839,0.020180785204316414,8.017837257372731,0.07126794859007596,0.06308863221474134,8,3.375,0.83125,17.875,0.1125,0.1373161883762874,-2.875,-0.36406250000000007,-10.375,-0.05177696078431374,-0.07850792972767937,1.75,0.5354166666666667,11.0,0.05833333333333333,0.07341525781256508,-1.25,-0.06822916666666667,-3.5,0.0023897058823529327,-0.014606999163957045
DUDE,full,0.7,20,raw_top_b,20.0,3.375,16.625,0.83125,0.75,0.16875,0.0584321915900863,17.875,0.1125,0.1373161883762874,0.0,4.68851179556401,4.688511795564009,0.23442558977820047,0.4629100498862757,0.2344255897782005,0.07973338899371567,1.8850918886280923,0.05175491695067656,0.04663135225581802,8,3.375,0.83125,17.875,0.1125,0.1373161883762874,0.0,0.0,0.0,0.0,0.0,1.75,0.5354166666666667,11.0,0.05833333333333333,0.07341525781256508,1.625,0.2958333333333334,6.875,0.054166666666666675,0.06390093056372231
DUDE,full,0.7,20,score_cap1,20.0,2.75,17.25,0.8625,0.75,0.1375,0.047884990253411294,20.0,0.05,0.11950785821908344,0.0,3.575711717366808,3.575711717366807,0.17878558586834034,0.4629100498862757,0.1787855858683404,0.06096792722660519,0.0,0.0,0.018763582623969485,8,3.375,0.83125,17.875,0.1125,0.1373161883762874,-0.625,0.03125,2.125,-0.0625,-0.017808330157203955,1.75,0.5354166666666667,11.0,0.05833333333333333,0.07341525781256508,1.0,0.3270833333333334,9.0,-0.008333333333333325,0.04609260040651836
DUDE,full,0.7,20,score_dpp,20.0,1.625,18.375,0.91875,1.0,0.08125,0.02939054678038764,19.375,0.08125,0.10097967837209298,0.0,1.7677669529663689,1.7677669529663689,0.08838834764831839,0.0,0.08838834764831845,0.03095972796697685,0.7440238091428449,0.03720119045714224,0.012147252065537654,8,3.375,0.83125,17.875,0.1125,0.1373161883762874,-1.75,0.08749999999999991,1.5,-0.03125,-0.03633651000419441,1.75,0.5354166666666667,11.0,0.05833333333333333,0.07341525781256508,-0.125,0.3833333333333333,8.375,0.022916666666666675,0.027564420559527902
DUDE,full,0.7,20,score_mmr25,20.0,1.5,18.5,0.925,1.0,0.075,0.02812041408430635,19.625,0.06875,0.10469175590096842,0.0,1.5118578920369088,1.5118578920369088,0.0755928946018454,0.0,0.07559289460184546,0.028036028117963654,0.5175491695067657,0.025877458475338285,0.01116504045663558,8,3.375,0.83125,17.875,0.1125,0.1373161883762874,-1.875,0.09375,1.75,-0.04375,-0.032624432475318974,1.75,0.5354166666666667,11.0,0.05833333333333333,0.07341525781256508,-0.25,0.3895833333333334,8.625,0.010416666666666678,0.03127649808840334
DUDE,full,0.7,20,weighted_bh,9.375,0.625,8.75,0.46875,0.5,0.03125,0.012758397932816525,9.375,0.027083333333333327,0.05468525980049509,10.155048005794951,1.1877349391654208,9.452890714334048,0.5035144344646791,0.5345224838248488,0.059386746958271036,0.02374729320258474,10.155048005794951,0.029462782549439466,0.058470234976376594,8,3.375,0.83125,17.875,0.1125,0.1373161883762874,-2.75,-0.36250000000000004,-8.5,-0.08541666666666667,-0.08263092857579231,1.75,0.5354166666666667,11.0,0.05833333333333333,0.07341525781256508,-1.125,-0.06666666666666665,-1.625,-0.03125,-0.018729998012069995
DUDE,full,0.7,200,bh,47.875,3.75,44.125,0.5356445642382615,0.5,0.08935543576173853,0.07072935892703332,42.25,0.05033572815354144,0.07593649704496247,59.18358242427902,4.978525312350464,57.98876122639135,0.4640706047173329,0.5345224838248488,0.15522485888423235,0.09240592758403234,52.58666316526598,0.05639730508722902,0.06559865700360495,8,18.0,0.91,165.375,0.059375000000000004,0.11790835769068606,-14.25,-0.3743554357617386,-123.125,-0.009039271846458564,-0.041971860645723585,3.75,0.5356445642382615,42.25,0.05033572815354144,0.07593649704496247,0.0,0.0,0.0,0.0,0.0
DUDE,full,0.7,200,block_bh,49.375,2.0,47.375,0.4773032200357782,0.5,0.022696779964221814,0.042366494401378116,39.375,0.03439808899111224,0.05609945632001389,72.20790914336976,3.7416573867739413,71.06724682600678,0.51146479216309,0.5345224838248488,0.04267464130036594,0.08128604307259582,58.522126462683204,0.04176012686337293,0.060250024938434774,8,18.0,0.91,165.375,0.059375000000000004,0.11790835769068606,-16.0,-0.43269677996422184,-126.0,-0.024976911008887763,-0.061808901370672166,3.75,0.5356445642382615,42.25,0.05033572815354144,0.07593649704496247,-1.75,-0.05834134420248327,-2.875,-0.0159376391624292,-0.01983704072494858
DUDE,full,0.7,200,by,0.0,0.0,0.0,0.0,0.0,0.0,0.0,0.0,0.0,0.0,0.0,0.0,0.0,0.0,0.0,0.0,0.0,0.0,0.0,0.0,8,18.0,0.91,165.375,0.059375000000000004,0.11790835769068606,-18.0,-0.91,-165.375,-0.059375000000000004,-0.11790835769068606,3.75,0.5356445642382615,42.25,0.05033572815354144,0.07593649704496247,-3.75,-0.5356445642382615,-42.25,-0.05033572815354144,-0.07593649704496247
DUDE,full,0.7,200,chemdeprc_cap1,39.375,1.25,38.125,0.48124999999999996,0.5,0.01874999999999999,0.026108957795004287,39.375,0.0123246951219512,0.05429361054431374,58.522126462683204,2.3145502494313788,57.877796137329604,0.5152775103751499,0.5345224838248488,0.035002834352355114,0.048757107689720317,58.522126462683204,0.021326713384909178,0.05815934904480555,8,18.0,0.91,165.375,0.059375000000000004,0.11790835769068606,-16.75,-0.4287500000000001,-126.0,-0.0470503048780488,-0.06361474714637232,3.75,0.5356445642382615,42.25,0.05033572815354144,0.07593649704496247,-2.5,-0.0543945642382615,-2.875,-0.038011033031590244,-0.02164288650064873
DUDE,full,0.7,200,chemdeprc_scoresoft50,44.625,2.0,42.625,0.4773032200357782,0.5,0.022696779964221814,0.042366494401378116,31.375,0.03634253343555668,0.0565017701459868,61.31170361358425,3.7416573867739413,59.78279136053403,0.51146479216309,0.5345224838248488,0.04267464130036594,0.08128604307259582,40.718326867114065,0.0424152389063998,0.06073859234202388,8,18.0,0.91,165.375,0.059375000000000004,0.11790835769068606,-16.0,-0.43269677996422184,-134.0,-0.023032466564443327,-0.061406587544699257,3.75,0.5356445642382615,42.25,0.05033572815354144,0.07593649704496247,-1.75,-0.05834134420248327,-10.875,-0.013993194717984762,-0.01943472689897567
DUDE,full,0.7,200,chemdeprc_soft75,49.375,2.0,47.375,0.4773032200357782,0.5,0.022696779964221814,0.042366494401378116,37.625,0.03314808899111224,0.05640001528286409,72.20790914336976,3.7416573867739413,71.06724682600678,0.51146479216309,0.5345224838248488,0.04267464130036594,0.08128604307259582,54.321628157799964,0.04171813437367026,0.06061337568956545,8,18.0,0.91,165.375,0.059375000000000004,0.11790835769068606,-16.0,-0.43269677996422184,-127.75,-0.026226911008887764,-0.061508342407821964,3.75,0.5356445642382615,42.25,0.05033572815354144,0.07593649704496247,-1.75,-0.05834134420248327,-4.625,-0.0171876391624292,-0.01953648176209838
DUDE,full,0.7,200,raw_top_b,200.0,18.0,182.0,0.91,1.0,0.09,0.3360745570975655,165.375,0.059375000000000004,0.11790835769068606,0.0,14.39245834257849,14.392458342578484,0.0719622917128924,0.0,0.07196229171289245,0.24638263453087814,10.528023827589186,0.014744853823816441,0.008882022819273923,8,18.0,0.91,165.375,0.059375000000000004,0.11790835769068606,0.0,0.0,0.0,0.0,0.0,3.75,0.5356445642382615,42.25,0.05033572815354144,0.07593649704496247,14.25,0.3743554357617386,123.125,0.009039271846458564,0.041971860645723585
DUDE,full,0.7,200,score_cap1,200.0,11.5,188.5,0.9425,1.0,0.0575,0.2252955213642992,200.0,0.005,0.11527047249031457,0.0,8.246211251235321,8.24621125123532,0.04123105625617661,0.0,0.04123105625617661,0.16613394235792983,0.0,0.0,0.007027761890554896,8,18.0,0.91,165.375,0.059375000000000004,0.11790835769068606,-6.5,0.03249999999999997,34.625,-0.05437500000000001,-0.0026378852003714898,3.75,0.5356445642382615,42.25,0.05033572815354144,0.07593649704496247,7.75,0.40685543576173855,157.75,-0.04533572815354144,0.039333975445352096
DUDE,full,0.7,200,score_dpp,200.0,13.0,187.0,0.935,1.0,0.065,0.24189358634573677,175.125,0.054375,0.11342794458094643,0.0,10.542431272854339,10.542431272854339,0.052712156364271665,0.0,0.05271215636427169,0.18157368854880263,9.934607620405979,0.021784250536306532,0.008110895320145792,8,18.0,0.91,165.375,0.059375000000000004,0.11790835769068606,-5.0,0.025000000000000022,9.75,-0.0050000000000000044,-0.004480413109739623,3.75,0.5356445642382615,42.25,0.05033572815354144,0.07593649704496247,9.25,0.3993554357617386,132.875,0.00403927184645856,0.03749144753598396
DUDE,full,0.7,200,score_mmr25,200.0,14.625,185.375,0.926875,1.0,0.073125,0.26824125220068146,173.125,0.058750000000000004,0.11428523271589444,0.0,13.244270998651238,13.244270998651237,0.06622135499325622,0.0,0.0662213549932562,0.2219881042970155,10.119817897853418,0.020830952244882406,0.008311562398092592,8,18.0,0.91,165.375,0.059375000000000004,0.11790835769068606,-3.375,0.016874999999999973,7.75,-0.0006250000000000006,-0.003623124974791614,3.75,0.5356445642382615,42.25,0.05033572815354144,0.07593649704496247,10.875,0.39123043576173855,130.875,0.008414271846458564,0.03834873567093197
DUDE,full,0.7,200,weighted_bh,41.875,1.5,40.375,0.4807660693736643,0.5,0.019233930626335688,0.031330749354005163,41.125,0.017851312267026975,0.054353303464679266,60.074804559458556,2.7774602993176543,59.10024776356091,0.5147827778892291,0.5345224838248488,0.035618221440607174,0.05850852922766442,59.35952805934841,0.024379550160503895,0.05823127368921476,8,18.0,0.91,165.375,0.059375000000000004,0.11790835769068606,-16.5,-0.42923393062633575,-124.25,-0.04152368773297303,-0.0635550542260068,3.75,0.5356445642382615,42.25,0.05033572815354144,0.07593649704496247,-2.25,-0.05487849486459717,-1.125,-0.03248441588651446,-0.021583193580283204
DUDE,full,0.7,50,bh,23.625,3.25,20.375,0.524375,0.5,0.10062499999999999,0.05969361387966038,22.0,0.04916666666666665,0.07504104901510833,23.40901840866342,4.527692569068709,21.546875809333873,0.4546836834373178,0.5345224838248488,0.1585247902600225,0.07899208651246942,22.3415052568724,0.055656257937621405,0.06505975071243854,8,7.625,0.8475,43.625,0.0775,0.12553960242211376,-4.375,-0.323125,-21.625,-0.02833333333333335,-0.05049855340700543,3.25,0.524375,22.0,0.04916666666666665,0.07504104901510833,0.0,0.0,0.0,0.0,0.0
DUDE,full,0.7,50,block_bh,21.0,1.25,19.75,0.475,0.5,0.025,0.025516795865633064,20.25,0.028888888888888888,0.055546718582997735,24.773257470794704,2.3754698783308417,23.162469643800943,0.5093132631298738,0.5345224838248488,0.04750939756661683,0.04749458640516951,24.15870147882243,0.04012326685615064,0.05960556379366325,8,7.625,0.8475,43.625,0.0775,0.12553960242211376,-6.375,-0.37250000000000005,-23.375,-0.04861111111111111,-0.06999288383911603,3.25,0.524375,22.0,0.04916666666666665,0.07504104901510833,-2.0,-0.04937500000000006,-1.75,-0.020277777777777763,-0.019494330432110595
DUDE,full,0.7,50,by,0.0,0.0,0.0,0.0,0.0,0.0,0.0,0.0,0.0,0.0,0.0,0.0,0.0,0.0,0.0,0.0,0.0,0.0,0.0,0.0,8,7.625,0.8475,43.625,0.0775,0.12553960242211376,-7.625,-0.8475,-43.625,-0.0775,-0.12553960242211376,3.25,0.524375,22.0,0.04916666666666665,0.07504104901510833,-3.25,-0.524375,-22.0,-0.04916666666666665,-0.07504104901510833
DUDE,full,0.7,50,chemdeprc_cap1,20.75,1.0,19.75,0.48,0.5,0.02,0.0202950043066322,20.75,0.0153125,0.054659929664840234,24.817908280686577,1.927248223318863,23.511395413409947,0.5141428372960739,0.5345224838248488,0.038544964466377264,0.038070961090201465,24.817908280686577,0.02148244715376453,0.05861006356523556,8,7.625,0.8475,43.625,0.0775,0.12553960242211376,-6.625,-0.36750000000000005,-22.875,-0.0621875,-0.07087967275727353,3.25,0.524375,22.0,0.04916666666666665,0.07504104901510833,-2.25,-0.04437500000000005,-1.25,-0.03385416666666665,-0.020381119350268095
DUDE,full,0.7,50,chemdeprc_scoresoft50,17.875,0.875,17.0,0.4767857142857143,0.5,0.023214285714285715,0.018572351421188613,11.375,0.06344246031746031,0.05862210542139745,21.019973494614252,1.642080561796093,20.113961036340616,0.5109265293242727,0.5345224838248488,0.043153735619980614,0.03581756946531292,12.512136964906171,0.07087097728097798,0.06364523678157444,8,7.625,0.8475,43.625,0.0775,0.12553960242211376,-6.75,-0.3707142857142857,-32.25,-0.014057539682539685,-0.06691749700071631,3.25,0.524375,22.0,0.04916666666666665,0.07504104901510833,-2.375,-0.04758928571428572,-10.625,0.014275793650793664,-0.016418943593710877
DUDE,full,0.7,50,chemdeprc_soft75,20.125,1.0,19.125,0.4788888888888889,0.5,0.0211111111111111,0.020887166236003424,16.25,0.05347222222222221,0.05639982204182481,23.642803193723516,1.8516401995451028,22.35708580549544,0.5129532022069079,0.5345224838248488,0.039162304158711074,0.03900568615177624,18.805394362864533,0.05878978633293634,0.06097164851156336,8,7.625,0.8475,43.625,0.0775,0.12553960242211376,-6.625,-0.3686111111111111,-27.375,-0.024027777777777787,-0.06913978038028895,3.25,0.524375,22.0,0.04916666666666665,0.07504104901510833,-2.25,-0.045486111111111116,-5.75,0.0043055555555555625,-0.01864122697328352
DUDE,full,0.7,50,raw_top_b,50.0,7.625,42.375,0.8475,0.75,0.1525,0.1367788357997087,43.625,0.0775,0.12553960242211376,0.0,8.279708414465539,8.279708414465539,0.16559416828931073,0.4629100498862757,0.16559416828931076,0.13792993381181576,4.596194077712558,0.03284161123592186,0.023585210438604044,8,7.625,0.8475,43.625,0.0775,0.12553960242211376,0.0,0.0,0.0,0.0,0.0,3.25,0.524375,22.0,0.04916666666666665,0.07504104901510833,4.375,0.323125,21.625,0.02833333333333335,0.05049855340700543
DUDE,full,0.7,50,score_cap1,50.0,5.25,44.75,0.895,1.0,0.105,0.0979017820542339,50.0,0.02,0.11640810240792702,0.0,4.496029994816062,4.4960299948160625,0.08992059989632122,0.0,0.08992059989632123,0.08043596930197879,0.0,0.0,0.010906487017832613,8,7.625,0.8475,43.625,0.0775,0.12553960242211376,-2.375,0.04749999999999999,6.375,-0.057499999999999996,-0.009131500014186736,3.25,0.524375,22.0,0.04916666666666665,0.07504104901510833,2.0,0.370625,28.0,-0.02916666666666665,0.041367053392818695
DUDE,full,0.7,50,score_dpp,50.0,3.75,46.25,0.925,1.0,0.075,0.0717080126783504,47.625,0.0625,0.10582018795304055,0.0,2.604940361258638,2.604940361258638,0.052098807225172745,0.0,0.05209880722517277,0.048722744375815384,1.685018016012207,0.029154759474226504,0.011956810432830818,8,7.625,0.8475,43.625,0.0775,0.12553960242211376,-3.875,0.07750000000000001,4.0,-0.015,-0.019719414469073215,3.25,0.524375,22.0,0.04916666666666665,0.07504104901510833,0.5,0.400625,25.625,0.01333333333333335,0.030779138937932216
DUDE,full,0.7,50,score_mmr25,50.0,4.375,45.625,0.9125,1.0,0.0875,0.08197380718826587,47.25,0.065,0.11073449996686441,0.0,3.3779748793788102,3.3779748793788102,0.06755949758757622,0.0,0.0675594975875762,0.058564788531214,1.581138830084192,0.0297609523657138,0.011097114614074416,8,7.625,0.8475,43.625,0.0775,0.12553960242211376,-3.25,0.06499999999999995,3.625,-0.012499999999999997,-0.014805102455249353,3.25,0.524375,22.0,0.04916666666666665,0.07504104901510833,1.125,0.38812499999999994,25.25,0.015833333333333352,0.03569345095175608
DUDE,full,0.7,50,weighted_bh,20.625,0.875,19.75,0.4825,0.5,0.0175,0.017980189491817386,20.625,0.015833333333333324,0.054651089338040665,24.847750688658206,1.6420805617960927,23.692976656746673,0.5165199484461923,0.5345224838248488,0.03284161123592185,0.03331273175827502,24.847750688658206,0.02280002784737924,0.058604711276532793,8,7.625,0.8475,43.625,0.0775,0.12553960242211376,-6.75,-0.36500000000000005,-23.0,-0.061666666666666675,-0.0708885130840731,3.25,0.524375,22.0,0.04916666666666665,0.07504104901510833,-2.375,-0.04187500000000005,-1.375,-0.033333333333333326,-0.020389959677067665
DUDE,full,0.7,500,bh,47.875,3.75,44.125,0.5356445642382615,0.5,0.08935543576173853,0.07072935892703332,42.25,0.05033572815354144,0.07593649704496247,59.18358242427902,4.978525312350464,57.98876122639135,0.4640706047173329,0.5345224838248488,0.15522485888423235,0.09240592758403234,52.58666316526598,0.05639730508722902,0.06559865700360495,8,24.875,0.95025,380.375,0.0555,0.11783236828907406,-21.125,-0.4146054357617386,-338.125,-0.005164271846458561,-0.04189587124411159,3.75,0.5356445642382615,42.25,0.05033572815354144,0.07593649704496247,0.0,0.0,0.0,0.0,0.0
DUDE,full,0.7,500,block_bh,53.25,2.0,51.25,0.4773032200357782,0.5,0.022696779964221814,0.042366494401378116,39.375,0.0342682188612421,0.0560144299921463,81.659134735278,3.7416573867739413,80.76199601297631,0.51146479216309,0.5345224838248488,0.04267464130036594,0.08128604307259582,58.522126462683204,0.041741828190825066,0.06014901716388483,8,24.875,0.95025,380.375,0.0555,0.11783236828907406,-22.875,-0.47294677996422185,-341.0,-0.0212317811387579,-0.06181793829692776,3.75,0.5356445642382615,42.25,0.05033572815354144,0.07593649704496247,-1.75,-0.05834134420248327,-2.875,-0.016067509292299338,-0.01992206705281617
DUDE,full,0.7,500,by,0.0,0.0,0.0,0.0,0.0,0.0,0.0,0.0,0.0,0.0,0.0,0.0,0.0,0.0,0.0,0.0,0.0,0.0,0.0,0.0,8,24.875,0.95025,380.375,0.0555,0.11783236828907406,-24.875,-0.95025,-380.375,-0.0555,-0.11783236828907406,3.75,0.5356445642382615,42.25,0.05033572815354144,0.07593649704496247,-3.75,-0.5356445642382615,-42.25,-0.05033572815354144,-0.07593649704496247
DUDE,full,0.7,500,chemdeprc_cap1,39.375,1.25,38.125,0.48124999999999996,0.5,0.01874999999999999,0.026108957795004287,39.375,0.0123246951219512,0.05429361054431374,58.522126462683204,2.3145502494313788,57.877796137329604,0.5152775103751499,0.5345224838248488,0.035002834352355114,0.048757107689720317,58.522126462683204,0.021326713384909178,0.05815934904480555,8,24.875,0.95025,380.375,0.0555,0.11783236828907406,-23.625,-0.4690000000000001,-341.0,-0.0431753048780488,-0.06353875774476032,3.75,0.5356445642382615,42.25,0.05033572815354144,0.07593649704496247,-2.5,-0.0543945642382615,-2.875,-0.038011033031590244,-0.02164288650064873
DUDE,full,0.7,500,chemdeprc_scoresoft50,53.25,2.0,51.25,0.4773032200357782,0.5,0.022696779964221814,0.042366494401378116,39.375,0.0342682188612421,0.0560144299921463,81.659134735278,3.7416573867739413,80.76199601297631,0.51146479216309,0.5345224838248488,0.04267464130036594,0.08128604307259582,58.522126462683204,0.041741828190825066,0.06014901716388483,8,24.875,0.95025,380.375,0.0555,0.11783236828907406,-22.875,-0.47294677996422185,-341.0,-0.0212317811387579,-0.06181793829692776,3.75,0.5356445642382615,42.25,0.05033572815354144,0.07593649704496247,-1.75,-0.05834134420248327,-2.875,-0.016067509292299338,-0.01992206705281617
DUDE,full,0.7,500,chemdeprc_soft75,53.25,2.0,51.25,0.4773032200357782,0.5,0.022696779964221814,0.042366494401378116,39.375,0.0342682188612421,0.0560144299921463,81.659134735278,3.7416573867739413,80.76199601297631,0.51146479216309,0.5345224838248488,0.04267464130036594,0.08128604307259582,58.522126462683204,0.041741828190825066,0.06014901716388483,8,24.875,0.95025,380.375,0.0555,0.11783236828907406,-22.875,-0.47294677996422185,-341.0,-0.0212317811387579,-0.06181793829692776,3.75,0.5356445642382615,42.25,0.05033572815354144,0.07593649704496247,-1.75,-0.05834134420248327,-2.875,-0.016067509292299338,-0.01992206705281617
DUDE,full,0.7,500,raw_top_b,500.0,24.875,475.125,0.95025,1.0,0.04975,0.4773756427653746,380.375,0.0555,0.11783236828907406,0.0,15.779168002690854,15.779168002690852,0.031558336005381674,0.0,0.03155833600538171,0.2868568993248626,41.4657776278911,0.02356146975769672,0.008134204953141285,8,24.875,0.95025,380.375,0.0555,0.11783236828907406,0.0,0.0,0.0,0.0,0.0,3.75,0.5356445642382615,42.25,0.05033572815354144,0.07593649704496247,21.125,0.4146054357617386,338.125,0.005164271846458561,0.04189587124411159
DUDE,full,0.7,500,score_cap1,500.0,15.0,485.0,0.97,1.0,0.03,0.29844476679596893,500.0,0.002,0.11518732125346799,0.0,8.847921466972585,8.847921466972588,0.017695842933945164,0.0,0.01769584293394517,0.18114691593098944,0.0,0.0,0.007013210715928442,8,24.875,0.95025,380.375,0.0555,0.11783236828907406,-9.875,0.019749999999999934,119.625,-0.0535,-0.0026450470356060712,3.75,0.5356445642382615,42.25,0.05033572815354144,0.07593649704496247,11.25,0.4343554357617385,457.75,-0.04833572815354144,0.03925082420850552
DUDE,full,0.7,500,score_dpp,500.0,22.625,477.375,0.95475,1.0,0.04525,0.4333616486564561,399.375,0.05125,0.11532902521475548,0.0,14.312207576551065,14.312207576551065,0.028624415153102135,0.0,0.02862441515310213,0.2557170123461517,33.234824678769876,0.024259018941416407,0.007086808447265618,8,24.875,0.95025,380.375,0.0555,0.11783236828907406,-2.25,0.0044999999999999485,19.0,-0.004250000000000004,-0.002503343074318584,3.75,0.5356445642382615,42.25,0.05033572815354144,0.07593649704496247,18.875,0.41910543576173853,357.125,0.0009142718464585572,0.03939252816979301
DUDE,full,0.7,500,score_mmr25,500.0,22.75,477.25,0.9545,1.0,0.0455,0.4356211649546925,402.875,0.05275,0.11448070601616377,0.0,14.810710410278869,14.810710410278876,0.029621420820557718,0.0,0.02962142082055774,0.26787682681855285,37.452589077010806,0.024164614034338956,0.007227408075190163,8,24.875,0.95025,380.375,0.0555,0.11783236828907406,-2.125,0.004249999999999976,22.5,-0.0027500000000000024,-0.003351662272910297,3.75,0.5356445642382615,42.25,0.05033572815354144,0.07593649704496247,19.0,0.41885543576173856,360.625,0.0024142718464585586,0.038544208971201296
DUDE,full,0.7,500,weighted_bh,41.875,1.5,40.375,0.4807660693736643,0.5,0.019233930626335688,0.031330749354005163,41.125,0.017851312267026975,0.054353303464679266,60.074804559458556,2.7774602993176543,59.10024776356091,0.5147827778892291,0.5345224838248488,0.035618221440607174,0.05850852922766442,59.35952805934841,0.024379550160503895,0.05823127368921476,8,24.875,0.95025,380.375,0.0555,0.11783236828907406,-23.375,-0.46948393062633575,-339.25,-0.03764868773297303,-0.0634790648243948,3.75,0.5356445642382615,42.25,0.05033572815354144,0.07593649704496247,-2.25,-0.05487849486459717,-1.125,-0.03248441588651446,-0.021583193580283204
DUDE,ligand_only,0.7,10,bh,6.25,1.125,5.125,0.5125,0.5,0.11249999999999999,0.02035087719298245,5.625,0.125,0.10213747352483066,5.175491695067657,2.4748737341529163,4.823676724538776,0.4823676724538777,0.5345224838248488,0.2474873734152916,0.04370076484755161,4.749060057376767,0.13887301496588272,0.11734143663526625,8,1.625,0.8375,9.25,0.17500000000000002,0.15618934460019948,-0.5,-0.32500000000000007,-3.625,-0.05000000000000002,-0.054051871075368824,1.125,0.5125,5.625,0.125,0.10213747352483066,0.0,0.0,0.0,0.0,0.0
DUDE,ligand_only,0.7,10,block_bh,5.0,0.25,4.75,0.475,0.5,0.025,0.005,4.875,0.0625,0.05435517481683315,5.3452248382484875,0.7071067811865476,5.11998883927355,0.5119988839273549,0.5345224838248488,0.07071067811865475,0.014142135623730952,5.221863378417434,0.0744023809142845,0.05917714601625155,8,1.625,0.8375,9.25,0.17500000000000002,0.15618934460019948,-1.375,-0.36250000000000004,-4.375,-0.11250000000000002,-0.10183416978336633,1.125,0.5125,5.625,0.125,0.10213747352483066,-0.875,-0.03749999999999998,-0.75,-0.0625,-0.04778229870799751
DUDE,ligand_only,0.7,10,by,0.0,0.0,0.0,0.0,0.0,0.0,0.0,0.0,0.0,0.0,0.0,0.0,0.0,0.0,0.0,0.0,0.0,0.0,0.0,0.0,8,1.625,0.8375,9.25,0.17500000000000002,0.15618934460019948,-1.625,-0.8375,-9.25,-0.17500000000000002,-0.15618934460019948,1.125,0.5125,5.625,0.125,0.10213747352483066,-1.125,-0.5125,-5.625,-0.125,-0.10213747352483066
DUDE,ligand_only,0.7,10,chemdeprc_cap1,5.0,0.125,4.875,0.4875,0.5,0.0125,0.0025,5.0,0.05,0.05678959883304348,5.3452248382484875,0.3535533905932738,5.221863378417434,0.5221863378417435,0.5345224838248488,0.035355339059327376,0.007071067811865476,5.3452248382484875,0.05345224838248488,0.06107713443726345,8,1.625,0.8375,9.25,0.17500000000000002,0.15618934460019948,-1.5,-0.35000000000000003,-4.25,-0.125,-0.099399745767156,1.125,0.5125,5.625,0.125,0.10213747352483066,-1.0,-0.024999999999999967,-0.625,-0.075,-0.04534787469178718
DUDE,ligand_only,0.7,10,chemdeprc_scoresoft50,5.0,0.75,4.25,0.425,0.375,0.075,0.015,2.5,0.2,0.09052332869028122,5.3452248382484875,2.121320343559643,4.949747468305833,0.4949747468305833,0.5175491695067657,0.21213203435596426,0.04242640687119285,2.6726124191242437,0.232992949004287,0.10890085814147198,8,1.625,0.8375,9.25,0.17500000000000002,0.15618934460019948,-0.875,-0.41250000000000003,-6.75,0.024999999999999994,-0.06566601590991826,1.125,0.5125,5.625,0.125,0.10213747352483066,-0.375,-0.08749999999999997,-3.125,0.07500000000000001,-0.011614144834549436
DUDE,ligand_only,0.7,10,chemdeprc_soft75,4.875,0.0,4.875,0.5,0.5,0.0,0.0,4.0,0.11527777777777778,0.0694283818099532,5.221863378417434,0.0,5.221863378417434,0.5345224838248488,0.5345224838248488,0.0,0.0,4.27617987059879,0.12709444612701049,0.07466056474010924,8,1.625,0.8375,9.25,0.17500000000000002,0.15618934460019948,-1.625,-0.3375,-5.25,-0.05972222222222223,-0.08676096279024628,1.125,0.5125,5.625,0.125,0.10213747352483066,-1.125,-0.012499999999999956,-1.625,-0.009722222222222215,-0.03270909171487746
DUDE,ligand_only,0.7,10,raw_top_b,10.0,1.625,8.375,0.8375,0.75,0.1625,0.028287385129490375,9.25,0.17500000000000002,0.15618934460019948,0.0,2.615202805574687,2.6152028055746874,0.2615202805574687,0.4629100498862757,0.2615202805574687,0.04521598393865531,1.035098339013531,0.10350983390135314,0.08233031122062007,8,1.625,0.8375,9.25,0.17500000000000002,0.15618934460019948,0.0,0.0,0.0,0.0,0.0,1.125,0.5125,5.625,0.125,0.10213747352483066,0.5,0.32500000000000007,3.625,0.05000000000000002,0.054051871075368824
DUDE,ligand_only,0.7,10,score_cap1,10.0,1.5,8.5,0.85,0.75,0.15,0.026094402673350024,10.0,0.1,0.1420710498494988,0.0,2.32992949004287,2.32992949004287,0.232992949004287,0.4629100498862757,0.232992949004287,0.040114535536957895,0.0,0.0,0.05106533017703479,8,1.625,0.8375,9.25,0.17500000000000002,0.15618934460019948,-0.125,0.012499999999999956,0.75,-0.07500000000000001,-0.014118294750700672,1.125,0.5125,5.625,0.125,0.10213747352483066,0.375,0.3375,4.375,-0.024999999999999994,0.03993357632466815
DUDE,ligand_only,0.7,10,score_dpp,10.0,0.75,9.25,0.925,0.875,0.075,0.013722648820633124,10.0,0.1,0.09087491379788006,0.0,1.0350983390135313,1.0350983390135315,0.10350983390135314,0.3535533905932738,0.10350983390135313,0.01839347918865838,0.0,0.0,0.009895489171322778,8,1.625,0.8375,9.25,0.17500000000000002,0.15618934460019948,-0.875,0.08750000000000002,0.75,-0.07500000000000001,-0.06531443080231943,1.125,0.5125,5.625,0.125,0.10213747352483066,-0.375,0.4125000000000001,4.375,-0.024999999999999994,-0.011262559726950602
DUDE,ligand_only,0.7,10,score_mmr25,10.0,0.5,9.5,0.95,1.0,0.05,0.008870091896407674,10.0,0.1,0.08422259543587439,0.0,0.7559289460184544,0.7559289460184543,0.07559289460184544,0.0,0.07559289460184546,0.013382677697316415,0.0,0.0,0.009990427136166364,8,1.625,0.8375,9.25,0.17500000000000002,0.15618934460019948,-1.125,0.11249999999999993,0.75,-0.07500000000000001,-0.07196674916432509,1.125,0.5125,5.625,0.125,0.10213747352483066,-0.625,0.4375,4.375,-0.024999999999999994,-0.017914878088956268
DUDE,ligand_only,0.7,10,weighted_bh,5.0,0.125,4.875,0.4875,0.5,0.0125,0.0025,5.0,0.05,0.05678959883304348,5.3452248382484875,0.3535533905932738,5.221863378417434,0.5221863378417435,0.5345224838248488,0.035355339059327376,0.007071067811865476,5.3452248382484875,0.05345224838248488,0.06107713443726345,8,1.625,0.8375,9.25,0.17500000000000002,0.15618934460019948,-1.5,-0.35000000000000003,-4.25,-0.125,-0.099399745767156,1.125,0.5125,5.625,0.125,0.10213747352483066,-1.0,-0.024999999999999967,-0.625,-0.075,-0.04534787469178718
DUDE,ligand_only,0.7,100,bh,45.25,6.0,39.25,0.5298724489795918,0.5,0.09512755102040815,0.11537331701346387,38.875,0.06458791208791208,0.08273823406149926,48.09143077810967,9.754120008635178,45.28244693035039,0.4717693407928497,0.5345224838248488,0.1903866301230542,0.1769972463733367,42.56906153534512,0.06199540906453553,0.0750363061927997,8,10.5,0.895,86.5,0.06125,0.12059826551036669,-4.5,-0.36512755102040817,-47.625,0.003337912087912079,-0.03786003144886743,6.0,0.5298724489795918,38.875,0.06458791208791208,0.08273823406149926,0.0,0.0,0.0,0.0,0.0
DUDE,ligand_only,0.7,100,block_bh,47.75,3.375,44.375,0.4654268292682927,0.5,0.03457317073170731,0.07060723514211885,41.5,0.028018292682926823,0.05679665585111249,51.38579570270368,5.655275665884277,47.79999252839153,0.4993983079760565,0.5345224838248488,0.05653830044327192,0.11772293744912314,45.713392848423375,0.0463142112239704,0.06124225784519831,8,10.5,0.895,86.5,0.06125,0.12059826551036669,-7.125,-0.4295731707317073,-45.0,-0.03323170731707317,-0.0638016096592542,6.0,0.5298724489795918,38.875,0.06458791208791208,0.08273823406149926,-2.625,-0.06444561971129914,2.625,-0.03656961940498525,-0.02594157821038677
DUDE,ligand_only,0.7,100,by,0.0,0.0,0.0,0.0,0.0,0.0,0.0,0.0,0.0,0.0,0.0,0.0,0.0,0.0,0.0,0.0,0.0,0.0,0.0,0.0,8,10.5,0.895,86.5,0.06125,0.12059826551036669,-10.5,-0.895,-86.5,-0.06125,-0.12059826551036669,6.0,0.5298724489795918,38.875,0.06458791208791208,0.08273823406149926,-6.0,-0.5298724489795918,-38.875,-0.06458791208791208,-0.08273823406149926
DUDE,ligand_only,0.7,100,chemdeprc_cap1,42.625,2.875,39.75,0.46523148148148147,0.5,0.03476851851851852,0.0602002583979328,42.625,0.006126543209876526,0.056998595070487046,47.2468819832892,4.64258240945397,44.45463176896515,0.49900313864054385,0.5345224838248488,0.05500269442743578,0.09732651624636399,47.2468819832892,0.0068652053806940415,0.06138134308115679,8,10.5,0.895,86.5,0.06125,0.12059826551036669,-7.625,-0.42976851851851855,-43.875,-0.055123456790123475,-0.06359967043987964,6.0,0.5298724489795918,38.875,0.06458791208791208,0.08273823406149926,-3.125,-0.06464096749811038,3.75,-0.058461368878035554,-0.025739638991012212
DUDE,ligand_only,0.7,100,chemdeprc_scoresoft50,45.75,2.875,42.875,0.4695983676975945,0.5,0.030401632302405487,0.05897932816537466,25.0,0.05108175830469644,0.05880175400290193,49.65236291312975,5.249149590988186,46.5262982470283,0.5037411479862269,0.5345224838248488,0.05277860448625527,0.10608537842724089,26.72612419124244,0.06012271019737441,0.06393018631895439,8,10.5,0.895,86.5,0.06125,0.12059826551036669,-7.625,-0.4254016323024055,-61.5,-0.01016824169530356,-0.061796511507464756,6.0,0.5298724489795918,38.875,0.06458791208791208,0.08273823406149926,-3.125,-0.06027408128199735,-13.875,-0.013506153783215638,-0.023936480058597324
DUDE,ligand_only,0.7,100,chemdeprc_soft75,47.75,3.125,44.625,0.46792682926829265,0.5,0.03207317073170732,0.06479328165374676,35.625,0.028018292682926823,0.05753539478862606,51.38579570270368,5.409977554746151,48.083075430520694,0.5019851473179411,0.5345224838248488,0.05412813204182945,0.11084215045518966,38.39991629455162,0.04569314285705994,0.06223499214827316,8,10.5,0.895,86.5,0.06125,0.12059826551036669,-7.375,-0.42707317073170736,-50.875,-0.03323170731707317,-0.06306287072174063,6.0,0.5298724489795918,38.875,0.06458791208791208,0.08273823406149926,-2.875,-0.061945619711299194,-3.25,-0.03656961940498525,-0.0252028392728732
DUDE,ligand_only,0.7,100,raw_top_b,100.0,10.5,89.5,0.895,0.875,0.105,0.19490318482720626,86.5,0.06125,0.12059826551036669,0.0,10.555973258234951,10.555973258234951,0.10555973258234953,0.3535533905932738,0.10555973258234952,0.1819975582520807,5.424810727442149,0.013562026818605376,0.014153340665033582,8,10.5,0.895,86.5,0.06125,0.12059826551036669,0.0,0.0,0.0,0.0,0.0,6.0,0.5298724489795918,38.875,0.06458791208791208,0.08273823406149926,4.5,0.36512755102040817,47.625,-0.003337912087912079,0.03786003144886743
DUDE,ligand_only,0.7,100,score_cap1,100.0,6.625,93.375,0.93375,1.0,0.06625,0.12711470281895287,100.0,0.01,0.1165581535498647,0.0,5.0124844139408555,5.0124844139408555,0.05012484413940853,0.0,0.050124844139408556,0.09414443584648786,0.0,0.0,0.009624602191124699,8,10.5,0.895,86.5,0.06125,0.12059826551036669,-3.875,0.03874999999999995,13.5,-0.05125,-0.004040111960501996,6.0,0.5298724489795918,38.875,0.06458791208791208,0.08273823406149926,0.625,0.4038775510204081,61.125,-0.054587912087912076,0.033819919488365435
DUDE,ligand_only,0.7,100,score_dpp,100.0,3.875,96.125,0.9612499999999999,1.0,0.03875,0.07607498063014478,94.875,0.04625,0.10448540934832512,0.0,2.416461403433896,2.4164614034338947,0.024164614034338942,0.0,0.02416461403433896,0.04466966205672925,2.900123150094541,0.02133909892327094,0.01092487587464482,8,10.5,0.895,86.5,0.06125,0.12059826551036669,-6.625,0.06624999999999992,8.375,-0.015,-0.01611285616204157,6.0,0.5298724489795918,38.875,0.06458791208791208,0.08273823406149926,-2.125,0.4313775510204081,56.0,-0.01833791208791208,0.021747175286825862
DUDE,ligand_only,0.7,100,score_mmr25,100.0,3.25,96.75,0.9675,1.0,0.0325,0.06371145879363863,94.25,0.04375,0.11058332133954152,0.0,1.8322507626258087,1.8322507626258098,0.018322507626258096,0.0,0.018322507626258085,0.035727840869749464,3.494894235064305,0.021339098923270936,0.011138228150016938,8,10.5,0.895,86.5,0.06125,0.12059826551036669,-7.25,0.07250000000000001,7.75,-0.0175,-0.010014944170825171,6.0,0.5298724489795918,38.875,0.06458791208791208,0.08273823406149926,-2.75,0.4376275510204082,55.375,-0.02083791208791208,0.02784508727804226
DUDE,ligand_only,0.7,100,weighted_bh,42.125,3.0,39.125,0.46286561691113026,0.5,0.037134383088869696,0.06310723514211886,41.5,0.009493097497842962,0.057146713934177765,46.752960181300665,4.810702354423639,43.90716667828028,0.4967526962471424,0.5345224838248488,0.05906141272631639,0.10186384345824814,46.00310548523561,0.012113503900342664,0.06160941924105354,8,10.5,0.895,86.5,0.06125,0.12059826551036669,-7.5,-0.43213438308886976,-45.0,-0.05175690250215704,-0.06345155157618892,6.0,0.5298724489795918,38.875,0.06458791208791208,0.08273823406149926,-3.0,-0.06700683206846159,2.625,-0.05509481459006912,-0.025591520127321493
DUDE,ligand_only,0.7,20,bh,11.625,1.75,9.875,0.5375,0.5,0.0875,0.0313157894736842,10.375,0.08798076923076922,0.09054927731572804,9.913014533574392,4.200340122282616,9.078034714943223,0.48678977568791,0.5345224838248488,0.2100170061141308,0.07375238521761109,9.022788609167028,0.091996671537423,0.09201734379778043,8,2.5,0.875,18.375,0.1125,0.1373941900266633,-0.75,-0.3375,-8.0,-0.02451923076923078,-0.04684491271093527,1.75,0.5375,10.375,0.08798076923076922,0.09054927731572804,0.0,0.0,0.0,0.0,0.0
DUDE,ligand_only,0.7,20,block_bh,10.0,0.5,9.5,0.475,0.5,0.025,0.01,9.875,0.03125,0.055255824055078,10.690449676496975,1.4142135623730951,10.2399776785471,0.5119988839273549,0.5345224838248488,0.07071067811865475,0.028284271247461905,10.561892417013697,0.03720119045714225,0.059885870298789175,8,2.5,0.875,18.375,0.1125,0.1373941900266633,-2.0,-0.4,-8.5,-0.08125,-0.0821383659715853,1.75,0.5375,10.375,0.08798076923076922,0.09054927731572804,-1.25,-0.0625,-0.5,-0.056730769230769224,-0.03529345326065004
DUDE,ligand_only,0.7,20,by,0.0,0.0,0.0,0.0,0.0,0.0,0.0,0.0,0.0,0.0,0.0,0.0,0.0,0.0,0.0,0.0,0.0,0.0,0.0,0.0,8,2.5,0.875,18.375,0.1125,0.1373941900266633,-2.5,-0.875,-18.375,-0.1125,-0.1373941900266633,1.75,0.5375,10.375,0.08798076923076922,0.09054927731572804,-1.75,-0.5375,-10.375,-0.08798076923076922,-0.09054927731572804
DUDE,ligand_only,0.7,20,chemdeprc_cap1,10.0,0.75,9.25,0.4625,0.375,0.0375,0.015,10.0,0.025,0.05641796315221851,10.690449676496975,2.121320343559643,10.081808227835776,0.5040904113917888,0.5175491695067657,0.10606601717798213,0.04242640687119285,10.690449676496975,0.02672612419124244,0.061731790218313015,8,2.5,0.875,18.375,0.1125,0.1373941900266633,-1.75,-0.4125,-8.375,-0.0875,-0.0809762268744448,1.75,0.5375,10.375,0.08798076923076922,0.09054927731572804,-1.0,-0.07499999999999996,-0.375,-0.06298076923076923,-0.03413131416350953
DUDE,ligand_only,0.7,20,chemdeprc_scoresoft50,10.0,0.625,9.375,0.46875,0.5,0.03125,0.0125,5.0,0.0875,0.06664718600695066,10.690449676496975,1.7677669529663689,10.155048005794951,0.5077524002897476,0.5345224838248488,0.08838834764831845,0.035355339059327376,5.3452248382484875,0.09910312089651149,0.07359343506328357,8,2.5,0.875,18.375,0.1125,0.1373941900266633,-1.875,-0.40625,-13.375,-0.02500000000000001,-0.07074700401971265,1.75,0.5375,10.375,0.08798076923076922,0.09054927731572804,-1.125,-0.06874999999999998,-5.375,-0.00048076923076922906,-0.02390209130877738
DUDE,ligand_only,0.7,20,chemdeprc_soft75,8.875,0.5,8.375,0.4722222222222222,0.5,0.027777777777777776,0.01,7.5,0.07039043687650498,0.06094303123039248,9.508454884244562,1.4142135623730951,9.054399088682963,0.5100402861288771,0.5345224838248488,0.07856742013183861,0.028284271247461905,8.017837257372731,0.07802986339253085,0.06609712813267253,8,2.5,0.875,18.375,0.1125,0.1373941900266633,-2.0,-0.4027777777777778,-10.875,-0.04210956312349502,-0.07645115879627083,1.75,0.5375,10.375,0.08798076923076922,0.09054927731572804,-1.25,-0.06527777777777777,-2.875,-0.017590332354264243,-0.02960624608533556
DUDE,ligand_only,0.7,20,raw_top_b,20.0,2.5,17.5,0.875,0.875,0.125,0.04457144634636234,18.375,0.1125,0.1373941900266633,0.0,4.105745103771404,4.105745103771404,0.2052872551885702,0.3535533905932738,0.2052872551885702,0.07158455064472102,1.5979898086569349,0.06408699444616557,0.054844556682493065,8,2.5,0.875,18.375,0.1125,0.1373941900266633,0.0,0.0,0.0,0.0,0.0,1.75,0.5375,10.375,0.08798076923076922,0.09054927731572804,0.75,0.3375,8.0,0.02451923076923078,0.04684491271093527
DUDE,ligand_only,0.7,20,score_cap1,20.0,2.25,17.75,0.8875,0.875,0.1125,0.04018548143408164,20.0,0.05,0.12375205775645155,0.0,3.453776401067595,3.453776401067595,0.17268882005337977,0.3535533905932738,0.17268882005337977,0.06012098994825951,0.0,0.0,0.024277669307812978,8,2.5,0.875,18.375,0.1125,0.1373941900266633,-0.25,0.012499999999999956,1.625,-0.0625,-0.013642132270211757,1.75,0.5375,10.375,0.08798076923076922,0.09054927731572804,0.5,0.35,9.625,-0.03798076923076922,0.033202780440723514
DUDE,ligand_only,0.7,20,score_dpp,20.0,1.25,18.75,0.9375,1.0,0.0625,0.023685499209015436,20.0,0.05,0.09032660521339214,0.0,1.5811388300841898,1.5811388300841898,0.07905694150420947,0.0,0.07905694150420949,0.031471000428040546,0.0,0.0,0.008498074952071673,8,2.5,0.875,18.375,0.1125,0.1373941900266633,-1.25,0.0625,1.625,-0.0625,-0.04706758481327117,1.75,0.5375,10.375,0.08798076923076922,0.09054927731572804,-0.5,0.4,9.625,-0.03798076923076922,-0.00022267210233589685
DUDE,ligand_only,0.7,20,score_mmr25,20.0,1.0,19.0,0.95,1.0,0.05,0.019755792044849025,19.875,0.05625,0.09359580223080609,0.0,1.0690449676496976,1.0690449676496976,0.05345224838248487,0.0,0.05345224838248487,0.021960499424731165,0.35355339059327334,0.01767766952966369,0.007519517513117036,8,2.5,0.875,18.375,0.1125,0.1373941900266633,-1.5,0.07499999999999996,1.5,-0.05625,-0.04379838779585722,1.75,0.5375,10.375,0.08798076923076922,0.09054927731572804,-0.75,0.4125,9.5,-0.03173076923076922,0.00304652491507805
DUDE,ligand_only,0.7,20,weighted_bh,10.0,0.75,9.25,0.4625,0.375,0.0375,0.015,10.0,0.025,0.0561766067213247,10.690449676496975,2.121320343559643,10.081808227835776,0.5040904113917888,0.5175491695067657,0.10606601717798213,0.04242640687119285,10.690449676496975,0.02672612419124244,0.06155933090127305,8,2.5,0.875,18.375,0.1125,0.1373941900266633,-1.75,-0.4125,-8.375,-0.0875,-0.08121758330533861,1.75,0.5375,10.375,0.08798076923076922,0.09054927731572804,-1.0,-0.07499999999999996,-0.375,-0.06298076923076923,-0.03437267059440334
DUDE,ligand_only,0.7,200,bh,56.25,6.75,49.5,0.5307271867305092,0.5,0.09427281326949082,0.13200122399020808,47.625,0.061806234716605936,0.08317238359352724,64.63468772372043,10.208539842420448,60.91445993006446,0.4726099027498419,0.5345224838248488,0.1905472273132793,0.19078143941943845,55.33517997492322,0.06180018458607994,0.07520000669276587,8,14.625,0.926875,168.125,0.05375,0.11909599509117638,-7.875,-0.3961478132694908,-120.5,0.008056234716605937,-0.03592361149764914,6.75,0.5307271867305092,47.625,0.061806234716605936,0.08317238359352724,0.0,0.0,0.0,0.0,0.0
DUDE,ligand_only,0.7,200,block_bh,71.5,3.625,67.875,0.47566876475216363,0.5,0.024331235247836338,0.07560723514211885,45.0,0.049249173598342834,0.056882148279061885,81.04319835741924,6.254998001598402,76.84388162278857,0.5092465054197749,0.5345224838248488,0.03774710009383929,0.12915231937532498,50.683894314240916,0.06043505438579305,0.06129498576480785,8,14.625,0.926875,168.125,0.05375,0.11909599509117638,-11.0,-0.4512062352478364,-123.125,-0.004500826401657165,-0.0622138468121145,6.75,0.5307271867305092,47.625,0.061806234716605936,0.08317238359352724,-3.125,-0.055058421978345595,-2.625,-0.012557061118263102,-0.02629023531446536
DUDE,ligand_only,0.7,200,by,0.0,0.0,0.0,0.0,0.0,0.0,0.0,0.0,0.0,0.0,0.0,0.0,0.0,0.0,0.0,0.0,0.0,0.0,0.0,0.0,8,14.625,0.926875,168.125,0.05375,0.11909599509117638,-14.625,-0.926875,-168.125,-0.05375,-0.11909599509117638,6.75,0.5307271867305092,47.625,0.061806234716605936,0.08317238359352724,-6.75,-0.5307271867305092,-47.625,-0.061806234716605936,-0.08317238359352724
DUDE,ligand_only,0.7,200,chemdeprc_cap1,45.0,2.875,42.125,0.465707671957672,0.5,0.03429232804232804,0.0602002583979328,45.0,0.005913510628422888,0.05705471247917139,50.683894314240916,4.64258240945397,48.13504069653565,0.4995006832574666,0.5345224838248488,0.05456994510502233,0.09732651624636399,50.683894314240916,0.00674098768861822,0.061435716992327576,8,14.625,0.926875,168.125,0.05375,0.11909599509117638,-11.75,-0.461167328042328,-123.125,-0.04783648937157711,-0.06204128261200499,6.75,0.5307271867305092,47.625,0.061806234716605936,0.08317238359352724,-3.875,-0.06501951477283724,-2.625,-0.05589272408818305,-0.026117671114355853
DUDE,ligand_only,0.7,200,chemdeprc_scoresoft50,69.125,3.625,65.5,0.47542682926829266,0.5,0.02457317073170731,0.07560723514211885,42.625,0.050193497201820474,0.05691108482340855,78.10146788450449,6.254998001598402,73.68853370776215,0.5089937408235011,0.5345224838248488,0.03799955495259864,0.12915231937532498,47.2468819832892,0.06065913196921675,0.061333357955778635,8,14.625,0.926875,168.125,0.05375,0.11909599509117638,-11.0,-0.45144817073170734,-125.5,-0.0035565027981795255,-0.06218491026776783,6.75,0.5307271867305092,47.625,0.061806234716605936,0.08317238359352724,-3.125,-0.055300357462216565,-5.0,-0.011612737514785462,-0.026261298770118693
DUDE,ligand_only,0.7,200,chemdeprc_soft75,71.5,3.625,67.875,0.47566876475216363,0.5,0.024331235247836338,0.07560723514211885,45.0,0.049249173598342834,0.056882148279061885,81.04319835741924,6.254998001598402,76.84388162278857,0.5092465054197749,0.5345224838248488,0.03774710009383929,0.12915231937532498,50.683894314240916,0.06043505438579305,0.06129498576480785,8,14.625,0.926875,168.125,0.05375,0.11909599509117638,-11.0,-0.4512062352478364,-123.125,-0.004500826401657165,-0.0622138468121145,6.75,0.5307271867305092,47.625,0.061806234716605936,0.08317238359352724,-3.125,-0.055058421978345595,-2.625,-0.012557061118263102,-0.02629023531446536
DUDE,ligand_only,0.7,200,raw_top_b,200.0,14.625,185.375,0.926875,1.0,0.073125,0.27601007740570294,168.125,0.05375,0.11909599509117638,0.0,13.135964807678628,13.135964807678633,0.06567982403839309,0.0,0.06567982403839313,0.2294960480593388,10.077379194441948,0.013024701806293192,0.01130574012190502,8,14.625,0.926875,168.125,0.05375,0.11909599509117638,0.0,0.0,0.0,0.0,0.0,6.75,0.5307271867305092,47.625,0.061806234716605936,0.08317238359352724,7.875,0.3961478132694908,120.5,-0.008056234716605937,0.03592361149764914
DUDE,ligand_only,0.7,200,score_cap1,200.0,9.25,190.75,0.95375,1.0,0.04625,0.1811292586812294,200.0,0.005,0.11673804030712671,0.0,6.4309519401985,6.430951940198497,0.032154759700992484,0.0,0.032154759700992505,0.12593321302326915,0.0,0.0,0.008712880019989879,8,14.625,0.926875,168.125,0.05375,0.11909599509117638,-5.375,0.026874999999999982,31.875,-0.04875,-0.002357954784049668,6.75,0.5307271867305092,47.625,0.061806234716605936,0.08317238359352724,2.5,0.42302281326949076,152.375,-0.05680623471660594,0.03356565671359947
DUDE,ligand_only,0.7,200,score_dpp,200.0,7.5,192.5,0.9624999999999999,1.0,0.0375,0.14685796353548114,180.375,0.049375,0.11259178679149451,0.0,4.140393356054125,4.140393356054124,0.020701966780270694,0.0,0.020701966780270628,0.07506317456093954,9.164177151121796,0.021784250536306532,0.009301375780723872,8,14.625,0.926875,168.125,0.05375,0.11909599509117638,-7.125,0.03562499999999991,12.25,-0.004374999999999997,-0.006504208299681874,6.75,0.5307271867305092,47.625,0.061806234716605936,0.08317238359352724,0.75,0.4317728132694907,132.75,-0.012431234716605934,0.029419403197967264
DUDE,ligand_only,0.7,200,score_mmr25,200.0,8.375,191.625,0.958125,1.0,0.041875,0.16140216721224687,177.375,0.048125,0.11545857788449342,0.0,5.705573715987852,5.70557371598784,0.028527868579939247,0.0,0.02852786857993926,0.10173109076880048,10.689614452488783,0.019074571704609404,0.009529001574504037,8,14.625,0.926875,168.125,0.05375,0.11909599509117638,-6.25,0.03125,9.25,-0.005624999999999998,-0.0036374172066829663,6.75,0.5307271867305092,47.625,0.061806234716605936,0.08317238359352724,1.625,0.4273978132694908,129.75,-0.013681234716605935,0.03228619429096617
DUDE,ligand_only,0.7,200,weighted_bh,53.375,3.125,50.25,0.46301213705765043,0.5,0.036987862942349535,0.06623223514211884,52.5,0.009431538686284137,0.05734882379961505,67.07551714299339,4.733995594179856,65.27031703396487,0.4967719176310286,0.5345224838248488,0.05779183156129394,0.10001800657274486,66.05409038918678,0.011953317248745265,0.06180937226280068,8,14.625,0.926875,168.125,0.05375,0.11909599509117638,-11.5,-0.4638628629423496,-115.625,-0.04431846131371586,-0.061747171291561334,6.75,0.5307271867305092,47.625,0.061806234716605936,0.08317238359352724,-3.625,-0.0677150496728588,4.875,-0.0523746960303218,-0.025823559793912196
DUDE,ligand_only,0.7,50,bh,26.5,4.625,21.875,0.5311224489795918,0.5,0.09387755102040816,0.0854314565483476,22.625,0.06708791208791208,0.08273488071185599,25.219040425836983,9.379879682444912,21.983354092195693,0.4732945665990455,0.5345224838248488,0.19135588890400626,0.16494845822772067,21.817014985032735,0.06332512335111462,0.07505916402252716,8,6.375,0.8724999999999999,43.625,0.0825,0.12717067075016442,-1.75,-0.3413775510204081,-21.0,-0.015412087912087924,-0.04443579003830843,4.625,0.5311224489795918,22.625,0.06708791208791208,0.08273488071185599,0.0,0.0,0.0,0.0,0.0
DUDE,ligand_only,0.7,50,block_bh,25.0,2.125,22.875,0.4575,0.5,0.0425,0.043572351421188614,24.375,0.02,0.056144970910132166,26.72612419124244,3.5632048174962625,24.60799811907851,0.49215996238157017,0.5345224838248488,0.07126409634992524,0.07226078506586124,26.06002686107595,0.021380899352993952,0.06067126359989098,8,6.375,0.8724999999999999,43.625,0.0825,0.12717067075016442,-4.25,-0.4149999999999999,-19.25,-0.0625,-0.07102569984003225,4.625,0.5311224489795918,22.625,0.06708791208791208,0.08273488071185599,-2.5,-0.0736224489795918,1.75,-0.047087912087912076,-0.02658990980172382
DUDE,ligand_only,0.7,50,by,0.0,0.0,0.0,0.0,0.0,0.0,0.0,0.0,0.0,0.0,0.0,0.0,0.0,0.0,0.0,0.0,0.0,0.0,0.0,0.0,8,6.375,0.8724999999999999,43.625,0.0825,0.12717067075016442,-6.375,-0.8724999999999999,-43.625,-0.0825,-0.12717067075016442,4.625,0.5311224489795918,22.625,0.06708791208791208,0.08273488071185599,-4.625,-0.5311224489795918,-22.625,-0.06708791208791208,-0.08273488071185599
DUDE,ligand_only,0.7,50,chemdeprc_cap1,25.0,2.375,22.625,0.4525,0.5,0.0475,0.04897932816537466,25.0,0.01,0.05682491974977993,26.72612419124244,3.961871851969542,24.37760975040123,0.48755219500802466,0.5345224838248488,0.07923743703939085,0.08090156728025934,26.72612419124244,0.010690449676496976,0.0616401865781362,8,6.375,0.8724999999999999,43.625,0.0825,0.12717067075016442,-4.0,-0.41999999999999993,-18.625,-0.07250000000000001,-0.07034575100038448,4.625,0.5311224489795918,22.625,0.06708791208791208,0.08273488071185599,-2.25,-0.07862244897959181,2.375,-0.05708791208791208,-0.02590996096207606
DUDE,ligand_only,0.7,50,chemdeprc_scoresoft50,24.25,1.25,23.0,0.475,0.5,0.025,0.025,12.5,0.07625,0.060493808856504724,25.99862633733889,3.5355339059327378,24.796313089996723,0.5119988839273549,0.5345224838248488,0.07071067811865475,0.07071067811865475,13.36306209562122,0.09620476673667029,0.06571225658224746,8,6.375,0.8724999999999999,43.625,0.0825,0.12717067075016442,-5.125,-0.39749999999999996,-31.125,-0.0062500000000000056,-0.06667686189365969,4.625,0.5311224489795918,22.625,0.06708791208791208,0.08273488071185599,-3.375,-0.056122448979591844,-10.125,0.009162087912087918,-0.022241071855351263
DUDE,ligand_only,0.7,50,chemdeprc_soft75,25.0,2.125,22.875,0.4575,0.5,0.0425,0.04412790697674418,19.0,0.0375,0.05973724882847606,26.72612419124244,4.611708700997618,24.781545553092528,0.49563091106185053,0.5345224838248488,0.09223417401995238,0.0931014413951967,20.311854385344255,0.04832922806867791,0.06546704531284914,8,6.375,0.8724999999999999,43.625,0.0825,0.12717067075016442,-4.25,-0.4149999999999999,-24.625,-0.045000000000000005,-0.06743342192168836,4.625,0.5311224489795918,22.625,0.06708791208791208,0.08273488071185599,-2.5,-0.0736224489795918,-3.625,-0.02958791208791208,-0.02299763188337993
DUDE,ligand_only,0.7,50,raw_top_b,50.0,6.375,43.625,0.8724999999999999,0.875,0.1275,0.11658647174591598,43.625,0.0825,0.12717067075016442,0.0,9.00694176732591,9.00694176732591,0.1801388353465182,0.3535533905932738,0.1801388353465182,0.15667549973467573,3.5831949031954298,0.029154759474226504,0.0305456787064121,8,6.375,0.8724999999999999,43.625,0.0825,0.12717067075016442,0.0,0.0,0.0,0.0,0.0,4.625,0.5311224489795918,22.625,0.06708791208791208,0.08273488071185599,1.75,0.3413775510204081,21.0,0.015412087912087924,0.04443579003830843
DUDE,ligand_only,0.7,50,score_cap1,50.0,4.875,45.125,0.9025,1.0,0.0975,0.09176902031592256,50.0,0.02,0.11821661818574178,0.0,5.0832357523811265,5.083235752381127,0.10166471504762255,0.0,0.10166471504762252,0.0917013564501555,0.0,0.0,0.010911130024255016,8,6.375,0.8724999999999999,43.625,0.0825,0.12717067075016442,-1.5,0.030000000000000027,6.375,-0.0625,-0.008954052564422638,4.625,0.5311224489795918,22.625,0.06708791208791208,0.08273488071185599,0.25,0.37137755102040815,27.375,-0.047087912087912076,0.03548173747388579
DUDE,ligand_only,0.7,50,score_dpp,50.0,2.5,47.5,0.95,1.0,0.05,0.04982843081024346,48.25,0.0525,0.09500094515078776,0.0,1.6035674514745462,1.6035674514745466,0.03207134902949091,0.0,0.03207134902949093,0.03287568888282965,1.2817398889233114,0.023754698783308416,0.010858754443603139,8,6.375,0.8724999999999999,43.625,0.0825,0.12717067075016442,-3.875,0.07750000000000001,4.625,-0.030000000000000006,-0.032169725599376656,4.625,0.5311224489795918,22.625,0.06708791208791208,0.08273488071185599,-2.125,0.41887755102040813,25.625,-0.014587912087912082,0.012266064438931773
DUDE,ligand_only,0.7,50,score_mmr25,50.0,2.5,47.5,0.95,1.0,0.05,0.04964324562505827,48.125,0.0525,0.10304168831736842,0.0,1.7728105208558367,1.7728105208558373,0.03545621041711669,0.0,0.03545621041711673,0.03568431143886238,1.642080561796092,0.028157719063467177,0.010538351156520994,8,6.375,0.8724999999999999,43.625,0.0825,0.12717067075016442,-3.875,0.07750000000000001,4.5,-0.030000000000000006,-0.024128982432796,4.625,0.5311224489795918,22.625,0.06708791208791208,0.08273488071185599,-2.125,0.41887755102040813,25.5,-0.014587912087912082,0.020306807605512428
DUDE,ligand_only,0.7,50,weighted_bh,25.0,2.375,22.625,0.4525,0.5,0.0475,0.04897932816537466,24.875,0.0125,0.05687084084292501,26.72612419124244,3.961871851969542,24.37760975040123,0.48755219500802466,0.5345224838248488,0.07923743703939085,0.08090156728025934,26.59450802596012,0.0148804761828569,0.061677146648766445,8,6.375,0.8724999999999999,43.625,0.0825,0.12717067075016442,-4.0,-0.41999999999999993,-18.75,-0.07,-0.0702998299072394,4.625,0.5311224489795918,22.625,0.06708791208791208,0.08273488071185599,-2.25,-0.07862244897959181,2.25,-0.05458791208791208,-0.025864039868930974
DUDE,ligand_only,0.7,500,bh,56.25,6.75,49.5,0.5307271867305092,0.5,0.09427281326949082,0.13200122399020808,47.625,0.061806234716605936,0.08317238359352724,64.63468772372043,10.208539842420448,60.91445993006446,0.4726099027498419,0.5345224838248488,0.1905472273132793,0.19078143941943845,55.33517997492322,0.06180018458607994,0.07520000669276587,8,23.5,0.953,383.75,0.057749999999999996,0.11694579025719881,-16.75,-0.42227281326949073,-336.125,0.00405623471660594,-0.03377340666367157,6.75,0.5307271867305092,47.625,0.061806234716605936,0.08317238359352724,0.0,0.0,0.0,0.0,0.0
DUDE,ligand_only,0.7,500,block_bh,71.5,3.625,67.875,0.47566876475216363,0.5,0.024331235247836338,0.07560723514211885,45.0,0.049249173598342834,0.056882148279061885,81.04319835741924,6.254998001598402,76.84388162278857,0.5092465054197749,0.5345224838248488,0.03774710009383929,0.12915231937532498,50.683894314240916,0.06043505438579305,0.06129498576480785,8,23.5,0.953,383.75,0.057749999999999996,0.11694579025719881,-19.875,-0.4773312352478363,-338.75,-0.008500826401657162,-0.06006364197813693,6.75,0.5307271867305092,47.625,0.061806234716605936,0.08317238359352724,-3.125,-0.055058421978345595,-2.625,-0.012557061118263102,-0.02629023531446536
DUDE,ligand_only,0.7,500,by,0.0,0.0,0.0,0.0,0.0,0.0,0.0,0.0,0.0,0.0,0.0,0.0,0.0,0.0,0.0,0.0,0.0,0.0,0.0,0.0,8,23.5,0.953,383.75,0.057749999999999996,0.11694579025719881,-23.5,-0.953,-383.75,-0.057749999999999996,-0.11694579025719881,6.75,0.5307271867305092,47.625,0.061806234716605936,0.08317238359352724,-6.75,-0.5307271867305092,-47.625,-0.061806234716605936,-0.08317238359352724
DUDE,ligand_only,0.7,500,chemdeprc_cap1,45.0,2.875,42.125,0.465707671957672,0.5,0.03429232804232804,0.0602002583979328,45.0,0.005913510628422888,0.05705471247917139,50.683894314240916,4.64258240945397,48.13504069653565,0.4995006832574666,0.5345224838248488,0.05456994510502233,0.09732651624636399,50.683894314240916,0.00674098768861822,0.061435716992327576,8,23.5,0.953,383.75,0.057749999999999996,0.11694579025719881,-20.625,-0.48729232804232797,-338.75,-0.05183648937157711,-0.05989107777802742,6.75,0.5307271867305092,47.625,0.061806234716605936,0.08317238359352724,-3.875,-0.06501951477283724,-2.625,-0.05589272408818305,-0.026117671114355853
DUDE,ligand_only,0.7,500,chemdeprc_scoresoft50,71.5,3.625,67.875,0.47566876475216363,0.5,0.024331235247836338,0.07560723514211885,45.0,0.049249173598342834,0.056882148279061885,81.04319835741924,6.254998001598402,76.84388162278857,0.5092465054197749,0.5345224838248488,0.03774710009383929,0.12915231937532498,50.683894314240916,0.06043505438579305,0.06129498576480785,8,23.5,0.953,383.75,0.057749999999999996,0.11694579025719881,-19.875,-0.4773312352478363,-338.75,-0.008500826401657162,-0.06006364197813693,6.75,0.5307271867305092,47.625,0.061806234716605936,0.08317238359352724,-3.125,-0.055058421978345595,-2.625,-0.012557061118263102,-0.02629023531446536
DUDE,ligand_only,0.7,500,chemdeprc_soft75,71.5,3.625,67.875,0.47566876475216363,0.5,0.024331235247836338,0.07560723514211885,45.0,0.049249173598342834,0.056882148279061885,81.04319835741924,6.254998001598402,76.84388162278857,0.5092465054197749,0.5345224838248488,0.03774710009383929,0.12915231937532498,50.683894314240916,0.06043505438579305,0.06129498576480785,8,23.5,0.953,383.75,0.057749999999999996,0.11694579025719881,-19.875,-0.4773312352478363,-338.75,-0.008500826401657162,-0.06006364197813693,6.75,0.5307271867305092,47.625,0.061806234716605936,0.08317238359352724,-3.125,-0.055058421978345595,-2.625,-0.012557061118263102,-0.02629023531446536
DUDE,ligand_only,0.7,500,raw_top_b,500.0,23.5,476.5,0.953,1.0,0.047,0.45937232247836035,383.75,0.057749999999999996,0.11694579025719881,0.0,12.259107401671391,12.259107401671404,0.024518214803342715,0.0,0.02451821480334278,0.2096760923923977,33.096180185289406,0.02544321408268112,0.00891512838740427,8,23.5,0.953,383.75,0.057749999999999996,0.11694579025719881,0.0,0.0,0.0,0.0,0.0,6.75,0.5307271867305092,47.625,0.061806234716605936,0.08317238359352724,16.75,0.42227281326949073,336.125,-0.00405623471660594,0.03377340666367157
DUDE,ligand_only,0.7,500,score_cap1,500.0,15.125,484.875,0.96975,1.0,0.03025,0.3055550902122671,500.0,0.002,0.11434792367826616,0.0,6.812540956626557,6.812540956626549,0.013625081913253144,0.0,0.013625081913253113,0.13876040036738121,0.0,0.0,0.007745837707788515,8,23.5,0.953,383.75,0.057749999999999996,0.11694579025719881,-8.375,0.016750000000000043,116.25,-0.055749999999999994,-0.002597866578932656,6.75,0.5307271867305092,47.625,0.061806234716605936,0.08317238359352724,8.375,0.4390228132694908,452.375,-0.059806234716605934,0.031175540084738912
DUDE,ligand_only,0.7,500,score_dpp,500.0,20.375,479.625,0.9592499999999999,1.0,0.04075,0.3979596758919951,398.875,0.0555,0.1156999536823617,0.0,11.10903750491978,11.109037504919783,0.022218075009839543,0.0,0.02221807500983956,0.19562136499959912,31.85430000127813,0.025829108717546897,0.008327021940608496,8,23.5,0.953,383.75,0.057749999999999996,0.11694579025719881,-3.125,0.006249999999999978,15.125,-0.002249999999999995,-0.0012458365748371086,6.75,0.5307271867305092,47.625,0.061806234716605936,0.08317238359352724,13.625,0.4285228132694907,351.25,-0.006306234716605935,0.03252757008883446
DUDE,ligand_only,0.7,500,score_mmr25,500.0,21.875,478.125,0.9562499999999999,1.0,0.04375,0.4249276473214759,394.75,0.0565,0.11611063024110571,0.0,12.744046228953906,12.744046228953922,0.02548809245790783,0.0,0.025488092457907813,0.22027690295697433,31.308374050951375,0.026158855370327548,0.008543002692965446,8,23.5,0.953,383.75,0.057749999999999996,0.11694579025719881,-1.625,0.003249999999999975,11.0,-0.0012499999999999942,-0.0008351600160931005,6.75,0.5307271867305092,47.625,0.061806234716605936,0.08317238359352724,15.125,0.4255228132694907,347.125,-0.005306234716605934,0.03293824664757847
DUDE,ligand_only,0.7,500,weighted_bh,53.375,3.125,50.25,0.46301213705765043,0.5,0.036987862942349535,0.06623223514211884,52.5,0.009431538686284137,0.05734882379961505,67.07551714299339,4.733995594179856,65.27031703396487,0.4967719176310286,0.5345224838248488,0.05779183156129394,0.10001800657274486,66.05409038918678,0.011953317248745265,0.06180937226280068,8,23.5,0.953,383.75,0.057749999999999996,0.11694579025719881,-20.375,-0.48998786294234953,-331.25,-0.04831846131371586,-0.059596966457583764,6.75,0.5307271867305092,47.625,0.061806234716605936,0.08317238359352724,-3.625,-0.0677150496728588,4.875,-0.0523746960303218,-0.025823559793912196
LIT_PCBA,full,0.7,10,bh,5.0,1.125,3.875,0.3875,0.375,0.1125,0.00036844665750915,4.5,0.07500000000000001,0.07410610045309449,5.3452248382484875,2.799872446074234,4.85320218294802,0.485320218294802,0.5175491695067657,0.2799872446074234,0.0007085186636346623,4.898979485566356,0.08864052604279185,0.08387983006646563,8,1.5,0.85,8.875,0.1625,0.14480255759314567,-0.375,-0.46249999999999997,-4.375,-0.0875,-0.07069645714005118,1.125,0.3875,4.5,0.07500000000000001,0.07410610045309449,0.0,0.0,0.0,0.0,0.0
LIT_PCBA,full,0.7,10,block_bh,6.25,1.125,5.125,0.5125,0.5,0.1125,0.00036844665750915,5.625,0.1,0.0893943015855035,5.175491695067656,2.799872446074234,4.9982139667227985,0.49982139667227987,0.5345224838248488,0.2799872446074234,0.0007085186636346623,4.749060057376767,0.09258200997725516,0.07948618961370395,8,1.5,0.85,8.875,0.1625,0.14480255759314567,-0.375,-0.3375,-3.25,-0.0625,-0.05540825600764217,1.125,0.3875,4.5,0.07500000000000001,0.07410610045309449,0.0,0.12499999999999994,1.125,0.024999999999999994,0.015288201132409016
LIT_PCBA,full,0.7,10,by,0.0,0.0,0.0,0.0,0.0,0.0,0.0,0.0,0.0,0.0,0.0,0.0,0.0,0.0,0.0,0.0,0.0,0.0,0.0,0.0,8,1.5,0.85,8.875,0.1625,0.14480255759314567,-1.5,-0.85,-8.875,-0.1625,-0.14480255759314567,1.125,0.3875,4.5,0.07500000000000001,0.07410610045309449,-1.125,-0.3875,-4.5,-0.07500000000000001,-0.07410610045309449
LIT_PCBA,full,0.7,10,chemdeprc_cap1,6.25,1.25,5.0,0.5,0.5,0.125,0.0015939368535875752,6.25,0.0625,0.07830946482547788,5.175491695067656,2.7645717829090892,4.869731585445518,0.4869731585445517,0.5345224838248488,0.276457178290909,0.003388885509394078,5.175491695067656,0.05175491695067657,0.06566940863174536,8,1.5,0.85,8.875,0.1625,0.14480255759314567,-0.25,-0.35,-2.625,-0.1,-0.0664930927676678,1.125,0.3875,4.5,0.07500000000000001,0.07410610045309449,0.125,0.11249999999999999,1.75,-0.012500000000000011,0.004203364372383389
LIT_PCBA,full,0.7,10,chemdeprc_scoresoft50,5.0,1.125,3.875,0.5,0.5,0.125,0.00036844665750915,3.125,0.2,0.1074747390826356,4.6291004988627575,2.799872446074234,4.223657859520077,0.48989794855663565,0.5345224838248488,0.2815771906346718,0.0007085186636346623,2.587745847533828,0.19272482233188634,0.09785702805138483,8,1.5,0.85,8.875,0.1625,0.14480255759314567,-0.375,-0.35,-5.75,0.037500000000000006,-0.037327818510510063,1.125,0.3875,4.5,0.07500000000000001,0.07410610045309449,0.0,0.11249999999999999,-1.375,0.125,0.03336863862954112
LIT_PCBA,full,0.7,10,chemdeprc_soft75,5.5,1.125,4.375,0.509375,0.5,0.115625,0.00036844665750915,5.0,0.096875,0.08883933982907988,4.6291004988627575,2.799872446074234,4.274091382136927,0.49712342172600504,0.5345224838248488,0.2799673131431087,0.0007085186636346623,4.140393356054125,0.08602065781792519,0.07738106691913664,8,1.5,0.85,8.875,0.1625,0.14480255759314567,-0.375,-0.34062499999999996,-3.875,-0.065625,-0.05596321776406579,1.125,0.3875,4.5,0.07500000000000001,0.07410610045309449,0.0,0.12187500000000001,0.5,0.02187499999999999,0.01473323937598539
LIT_PCBA,full,0.7,10,raw_top_b,10.0,1.5,8.5,0.85,0.875,0.15000000000000002,0.002468794763011875,8.875,0.1625,0.14480255759314567,0.0,2.7255405754769875,2.7255405754769875,0.27255405754769874,0.3535533905932738,0.2725540575476988,0.0038598164358107623,1.246423454758225,0.05175491695067657,0.02946246437825636,8,1.5,0.85,8.875,0.1625,0.14480255759314567,0.0,0.0,0.0,0.0,0.0,1.125,0.3875,4.5,0.07500000000000001,0.07410610045309449,0.375,0.46249999999999997,4.375,0.0875,0.07069645714005118
LIT_PCBA,full,0.7,10,score_cap1,10.0,1.5,8.5,0.85,0.875,0.15000000000000002,0.002468794763011875,10.0,0.1,0.12037733635057543,0.0,2.7255405754769875,2.7255405754769875,0.27255405754769874,0.3535533905932738,0.2725540575476988,0.0038598164358107623,0.0,0.0,0.01315923302449811,8,1.5,0.85,8.875,0.1625,0.14480255759314567,0.0,0.0,1.125,-0.0625,-0.02442522124257024,1.125,0.3875,4.5,0.07500000000000001,0.07410610045309449,0.375,0.46249999999999997,5.5,0.024999999999999994,0.046271235897480945
LIT_PCBA,full,0.7,10,score_dpp,10.0,1.75,8.25,0.825,0.875,0.17500000000000002,0.0035348171482553004,10.0,0.1,0.09496327394537435,0.0,3.011881234615431,3.011881234615431,0.3011881234615431,0.3535533905932738,0.3011881234615431,0.004275747630083093,0.0,0.0,0.01425620556599571,8,1.5,0.85,8.875,0.1625,0.14480255759314567,0.25,-0.025000000000000022,1.125,-0.0625,-0.04983928364777132,1.125,0.3875,4.5,0.07500000000000001,0.07410610045309449,0.625,0.43749999999999994,5.5,0.024999999999999994,0.020857173492279862
LIT_PCBA,full,0.7,10,score_mmr25,10.0,1.75,8.25,0.825,0.875,0.17500000000000002,0.004531369615396012,10.0,0.1,0.09010563488465143,0.0,3.011881234615431,3.011881234615431,0.3011881234615431,0.3535533905932738,0.3011881234615431,0.006989323853566806,0.0,0.0,0.018694679670543318,8,1.5,0.85,8.875,0.1625,0.14480255759314567,0.25,-0.025000000000000022,1.125,-0.0625,-0.054696922708494244,1.125,0.3875,4.5,0.07500000000000001,0.07410610045309449,0.625,0.43749999999999994,5.5,0.024999999999999994,0.01599953443155694
LIT_PCBA,full,0.7,10,weighted_bh,6.25,1.125,5.125,0.5125,0.5,0.11249999999999999,0.0015764982375161502,6.125,0.07500000000000001,0.07969087338891738,5.175491695067656,2.416461403433896,4.793969425970806,0.47939694259708054,0.5345224838248488,0.24164614034338958,0.003392053273163743,5.0832357523811265,0.07071067811865477,0.06680688492618632,8,1.5,0.85,8.875,0.1625,0.14480255759314567,-0.375,-0.3375,-2.75,-0.0875,-0.06511168420422829,1.125,0.3875,4.5,0.07500000000000001,0.07410610045309449,0.0,0.12499999999999994,1.625,0.0,0.005584772935822893
LIT_PCBA,full,0.7,100,bh,24.375,9.75,14.625,0.39274305555555555,0.375,0.10725694444444443,0.0032027609721773124,23.0,0.02455340038314175,0.06127092450585384,35.28632879742521,25.982136720666922,17.402278175982755,0.4787639885528242,0.5175491695067657,0.25706037442610286,0.004641782547645989,33.29092540446592,0.0378829242897816,0.06615429795341332,8,12.875,0.87125,88.0,0.03375,0.11760531504724275,-3.125,-0.4785069444444444,-65.0,-0.009196599616858252,-0.05633439054138891,9.75,0.39274305555555555,23.0,0.02455340038314175,0.06127092450585384,0.0,0.0,0.0,0.0,0.0
LIT_PCBA,full,0.7,100,block_bh,47.0,9.875,37.125,0.5237499999999999,0.5,0.10124999999999999,0.00784090679541045,39.875,0.0285576923076923,0.07124469142256837,47.062268781446804,25.16481387061818,40.99281295892872,0.49396175386938035,0.5345224838248488,0.2508521192142608,0.017010063592990957,38.99244432304436,0.025227410323188926,0.05912361754488553,8,12.875,0.87125,88.0,0.03375,0.11760531504724275,-3.0,-0.34750000000000003,-48.125,-0.005192307692307701,-0.046360623624674385,9.75,0.39274305555555555,23.0,0.02455340038314175,0.06127092450585384,0.125,0.13100694444444438,16.875,0.004004291924550551,0.009973766916714526
LIT_PCBA,full,0.7,100,by,0.0,0.0,0.0,0.0,0.0,0.0,0.0,0.0,0.0,0.0,0.0,0.0,0.0,0.0,0.0,0.0,0.0,0.0,0.0,0.0,8,12.875,0.87125,88.0,0.03375,0.11760531504724275,-12.875,-0.87125,-88.0,-0.03375,-0.11760531504724275,9.75,0.39274305555555555,23.0,0.02455340038314175,0.06127092450585384,-9.75,-0.39274305555555555,-23.0,-0.02455340038314175,-0.06127092450585384
LIT_PCBA,full,0.7,100,chemdeprc_cap1,46.375,9.75,36.625,0.5244444444444445,0.5,0.10055555555555555,0.014851762352911224,46.375,0.011335470085470076,0.07014373650870652,47.04993547892949,23.656771908754948,40.12102227724798,0.4869952503851626,0.5345224838248488,0.23557951360642668,0.025129048903519285,47.04993547892949,0.01333724133423576,0.0582403367339025,8,12.875,0.87125,88.0,0.03375,0.11760531504724275,-3.125,-0.3468055555555555,-41.625,-0.022414529914529926,-0.047461578538536234,9.75,0.39274305555555555,23.0,0.02455340038314175,0.06127092450585384,0.0,0.13170138888888894,23.375,-0.013217930297671675,0.008872812002852677
LIT_PCBA,full,0.7,100,chemdeprc_scoresoft50,42.75,6.875,35.875,0.5221969696969697,0.5,0.1028030303030303,0.006214328429689176,27.625,0.053027389277389265,0.07141863894883534,42.94764254298482,17.08330429730401,41.72850173613782,0.49685120934672794,0.5345224838248488,0.25907694704285505,0.013570317738482007,24.189357163843773,0.05809262077171863,0.05934990117026913,8,12.875,0.87125,88.0,0.03375,0.11760531504724275,-6.0,-0.34905303030303025,-60.375,0.019277389277389263,-0.04618667609840742,9.75,0.39274305555555555,23.0,0.02455340038314175,0.06127092450585384,-2.875,0.12945391414141416,4.625,0.028473988894247515,0.010147714442981494
LIT_PCBA,full,0.7,100,chemdeprc_soft75,45.375,8.875,36.5,0.522169540229885,0.5,0.10283045977011494,0.013521640460404225,37.0,0.0282416003536693,0.07163437348740495,45.156671710833606,21.563444596287088,40.67993538413185,0.4908571840231228,0.5345224838248488,0.24743489313077274,0.022224516744983172,35.09985754956849,0.025358943884534545,0.059402631606192614,8,12.875,0.87125,88.0,0.03375,0.11760531504724275,-4.0,-0.3490804597701149,-51.0,-0.005508399646330701,-0.0459709415598378,9.75,0.39274305555555555,23.0,0.02455340038314175,0.06127092450585384,-0.875,0.1294264846743295,14.0,0.0036881999705275503,0.010363448981551109
LIT_PCBA,full,0.7,100,raw_top_b,100.0,12.875,87.125,0.87125,0.875,0.12875,0.02693662009869865,88.0,0.03375,0.11760531504724275,0.0,25.028198382738506,25.028198382738506,0.25028198382738504,0.3535533905932738,0.25028198382738504,0.028338852052382506,9.273618495495704,0.01407885953173359,0.01503476187566653,8,12.875,0.87125,88.0,0.03375,0.11760531504724275,0.0,0.0,0.0,0.0,0.0,9.75,0.39274305555555555,23.0,0.02455340038314175,0.06127092450585384,3.125,0.4785069444444444,65.0,0.009196599616858252,0.05633439054138891
LIT_PCBA,full,0.7,100,score_cap1,100.0,13.0,87.0,0.87,0.875,0.13,0.03738649232189348,100.0,0.01,0.11646357280512243,0.0,24.14835102326569,24.148351023265693,0.2414835102326569,0.3535533905932738,0.24148351023265693,0.031128439665493203,0.0,0.0,0.01397762532366402,8,12.875,0.87125,88.0,0.03375,0.11760531504724275,0.125,-0.0012499999999999734,12.0,-0.02375,-0.001141742242120325,9.75,0.39274305555555555,23.0,0.02455340038314175,0.06127092450585384,3.25,0.47725694444444444,77.0,-0.01455340038314175,0.055192648299268586
LIT_PCBA,full,0.7,100,score_dpp,100.0,12.625,87.375,0.87375,0.875,0.12625,0.03981344923142918,98.125,0.025,0.10793434827410359,0.0,22.30270643410154,22.30270643410154,0.22302706434101532,0.3535533905932738,0.2230270643410154,0.03173859694117467,2.2320714274285356,0.016035674514745465,0.012229700304323207,8,12.875,0.87125,88.0,0.03375,0.11760531504724275,-0.25,0.0025000000000000577,10.125,-0.00875,-0.009670966773139167,9.75,0.39274305555555555,23.0,0.02455340038314175,0.06127092450585384,2.875,0.4810069444444445,75.125,0.0004465996168582509,0.046663423768249744
LIT_PCBA,full,0.7,100,score_mmr25,100.0,12.5,87.5,0.875,0.875,0.125,0.037528236970474076,97.75,0.02375,0.11064665078672824,0.0,22.386220251370194,22.386220251370194,0.22386220251370195,0.3535533905932738,0.22386220251370198,0.031048614349938265,2.866057521105559,0.015059406173077154,0.011876374519511278,8,12.875,0.87125,88.0,0.03375,0.11760531504724275,-0.375,0.003750000000000031,9.75,-0.010000000000000002,-0.006958664260514516,9.75,0.39274305555555555,23.0,0.02455340038314175,0.06127092450585384,2.75,0.48225694444444445,74.75,-0.0008034003831417502,0.049375726280874395
LIT_PCBA,full,0.7,100,weighted_bh,46.375,9.75,36.625,0.5244444444444445,0.5,0.10055555555555555,0.012435659192897224,43.5,0.017585470085470074,0.07134834262380885,47.04993547892949,24.405795564637042,40.56718413411792,0.49067746422442027,0.5345224838248488,0.24310019998149027,0.01944326595345875,43.3589667773576,0.016471304208516793,0.059191114143753804,8,12.875,0.87125,88.0,0.03375,0.11760531504724275,-3.125,-0.3468055555555555,-44.5,-0.016164529914529928,-0.046256972423433906,9.75,0.39274305555555555,23.0,0.02455340038314175,0.06127092450585384,0.0,0.13170138888888894,20.5,-0.006967930297671676,0.010077418117955005
LIT_PCBA,full,0.7,20,bh,9.75,2.375,7.375,0.38055555555555554,0.375,0.11944444444444444,0.0017508843982304253,8.875,0.03888888888888889,0.06458864832319115,10.443726756834868,5.926634795564849,9.440603794249602,0.48673769141798906,0.5175491695067657,0.29615406639207975,0.003392665194789228,9.672309518856984,0.04667044580314018,0.06954165902775342,8,2.75,0.8625,17.75,0.1,0.13414680446452282,-0.375,-0.4819444444444445,-8.875,-0.061111111111111116,-0.06955815614133166,2.375,0.38055555555555554,8.875,0.03888888888888889,0.06458864832319115,0.0,0.0,0.0,0.0,0.0
LIT_PCBA,full,0.7,20,block_bh,12.5,2.25,10.25,0.5125,0.5,0.1125,0.0017334457821590002,11.25,0.05625,0.07941098191229229,10.350983390135312,5.574175147179049,9.982126884730384,0.4991063442365193,0.5345224838248488,0.2787087573589524,0.0033893755130619345,9.422617167523804,0.05629958132298017,0.06619174062387008,8,2.75,0.8625,17.75,0.1,0.13414680446452282,-0.5,-0.3500000000000001,-6.5,-0.043750000000000004,-0.05473582255223053,2.375,0.38055555555555554,8.875,0.03888888888888889,0.06458864832319115,-0.125,0.13194444444444442,2.375,0.017361111111111112,0.014822333589101136
LIT_PCBA,full,0.7,20,by,0.0,0.0,0.0,0.0,0.0,0.0,0.0,0.0,0.0,0.0,0.0,0.0,0.0,0.0,0.0,0.0,0.0,0.0,0.0,0.0,8,2.75,0.8625,17.75,0.1,0.13414680446452282,-2.75,-0.8625,-17.75,-0.1,-0.13414680446452282,2.375,0.38055555555555554,8.875,0.03888888888888889,0.06458864832319115,-2.375,-0.38055555555555554,-8.875,-0.03888888888888889,-0.06458864832319115
LIT_PCBA,full,0.7,20,chemdeprc_cap1,12.5,2.25,10.25,0.5125,0.5,0.1125,0.0019449448950253,12.5,0.03125,0.07521042042585177,10.350983390135312,5.203021100421233,9.779716618739887,0.4889858309369943,0.5345224838248488,0.2601510550210616,0.003456900047327781,10.350983390135312,0.025877458475338285,0.062457276006958024,8,2.75,0.8625,17.75,0.1,0.13414680446452282,-0.5,-0.3500000000000001,-5.25,-0.06875,-0.05893638403867105,2.375,0.38055555555555554,8.875,0.03888888888888889,0.06458864832319115,-0.125,0.13194444444444442,3.625,-0.0076388888888888895,0.010621772102660618
LIT_PCBA,full,0.7,20,chemdeprc_scoresoft50,9.5,1.75,7.75,0.5109375,0.5,0.1140625,0.00045563973786628747,6.25,0.11406250000000001,0.08773913866121877,8.734169352933014,4.5591352563522705,8.531454406237795,0.50095611709011,0.5345224838248488,0.28437254708518245,0.0008436943969027208,5.175491695067656,0.11561896702407562,0.07541267336180578,8,2.75,0.8625,17.75,0.1,0.13414680446452282,-1.0,-0.3515625,-11.5,0.014062500000000006,-0.04640766580330405,2.375,0.38055555555555554,8.875,0.03888888888888889,0.06458864832319115,-0.625,0.1303819444444445,-2.625,0.07517361111111112,0.023150490338027616
LIT_PCBA,full,0.7,20,chemdeprc_soft75,10.5,2.0,8.5,0.5074754901960784,0.5,0.11752450980392155,0.0016985685500161502,9.375,0.058578431372549,0.0821683778457106,8.831760866327848,4.869731585445518,8.468428763016533,0.49921395276191394,0.5345224838248488,0.2865182749715603,0.003384943413652061,7.763237542601485,0.052261825472457675,0.06869310979259771,8,2.75,0.8625,17.75,0.1,0.13414680446452282,-0.75,-0.35502450980392164,-8.375,-0.04142156862745101,-0.05197842661881222,2.375,0.38055555555555554,8.875,0.03888888888888889,0.06458864832319115,-0.375,0.12691993464052287,0.5,0.01968954248366011,0.017579729522519447
LIT_PCBA,full,0.7,20,raw_top_b,20.0,2.75,17.25,0.8625,0.875,0.1375,0.0038512325037331503,17.75,0.1,0.13414680446452282,0.0,5.800246300189083,5.800246300189083,0.2900123150094542,0.3535533905932738,0.2900123150094541,0.004389710722366289,1.9820624179302295,0.04629100498862757,0.014520256078580894,8,2.75,0.8625,17.75,0.1,0.13414680446452282,0.0,0.0,0.0,0.0,0.0,2.375,0.38055555555555554,8.875,0.03888888888888889,0.06458864832319115,0.375,0.4819444444444445,8.875,0.061111111111111116,0.06955815614133166
LIT_PCBA,full,0.7,20,score_cap1,20.0,2.625,17.375,0.86875,0.875,0.13125,0.003833793887661725,20.0,0.05,0.12177650260281127,0.0,5.44944295973713,5.44944295973713,0.2724721479868565,0.3535533905932738,0.2724721479868565,0.004396699751312206,0.0,0.0,0.010889345465150297,8,2.75,0.8625,17.75,0.1,0.13414680446452282,-0.125,0.006249999999999978,2.25,-0.05,-0.01237030186171155,2.375,0.38055555555555554,8.875,0.03888888888888889,0.06458864832319115,0.25,0.4881944444444445,11.125,0.011111111111111113,0.057187854279620115
LIT_PCBA,full,0.7,20,score_dpp,20.0,2.875,17.125,0.85625,0.875,0.14375,0.004899816272905162,20.0,0.05,0.09843360715670889,0.0,5.767829500154902,5.767829500154902,0.2883914750077451,0.3535533905932738,0.2883914750077451,0.006848011924336156,0.0,0.0,0.016506122543532863,8,2.75,0.8625,17.75,0.1,0.13414680446452282,0.125,-0.006250000000000089,2.25,-0.05,-0.03571319730781393,2.375,0.38055555555555554,8.875,0.03888888888888889,0.06458864832319115,0.5,0.4756944444444444,11.125,0.011111111111111113,0.033844958833517735
LIT_PCBA,full,0.7,20,score_mmr25,20.0,2.75,17.25,0.8625,0.875,0.1375,0.004670878543967438,20.0,0.05,0.10088770532916734,0.0,5.800246300189083,5.800246300189083,0.2900123150094541,0.3535533905932738,0.2900123150094541,0.0069254439715383176,0.0,0.0,0.016259348348292704,8,2.75,0.8625,17.75,0.1,0.13414680446452282,0.0,0.0,2.25,-0.05,-0.03325909913535548,2.375,0.38055555555555554,8.875,0.03888888888888889,0.06458864832319115,0.375,0.4819444444444445,11.125,0.011111111111111113,0.03629905700597619
LIT_PCBA,full,0.7,20,weighted_bh,12.5,2.25,10.25,0.5125,0.5,0.1125,0.0019449448950253,12.125,0.043750000000000004,0.07779409173057615,10.350983390135312,5.203021100421233,9.779716618739887,0.4889858309369943,0.5345224838248488,0.2601510550210616,0.003456900047327781,10.06319318819117,0.041726148019814016,0.06492648004264383,8,2.75,0.8625,17.75,0.1,0.13414680446452282,-0.5,-0.3500000000000001,-5.625,-0.05625,-0.05635271273394667,2.375,0.38055555555555554,8.875,0.03888888888888889,0.06458864832319115,-0.125,0.13194444444444442,3.25,0.004861111111111115,0.013205443407384998
LIT_PCBA,full,0.7,200,bh,36.875,18.0,18.875,0.39774305555555556,0.375,0.10225694444444443,0.0043537096328916,34.625,0.02267840038314175,0.06093318401935969,68.23371077198048,49.30662082462007,23.618621587939582,0.47738652394359155,0.5175491695067657,0.24299935574758003,0.007132800439570729,63.63498027253339,0.03794599297631819,0.06583840245424472,8,24.625,0.876875,172.0,0.025,0.11590248128135201,-6.625,-0.4791319444444444,-137.375,-0.0023215996168582526,-0.054969297261992324,18.0,0.39774305555555556,34.625,0.02267840038314175,0.06093318401935969,0.0,0.0,0.0,0.0,0.0
LIT_PCBA,full,0.7,200,block_bh,83.75,18.125,65.625,0.5281121134020619,0.5,0.09688788659793814,0.022060407529731964,68.0,0.021779341792228374,0.06943839588852352,96.13940770717133,45.38859989028082,82.4342811837752,0.4888525537002909,0.5345224838248488,0.2327368392482006,0.04081599448496452,75.88901670955327,0.021376989415471597,0.057692582465505154,8,24.625,0.876875,172.0,0.025,0.11590248128135201,-6.5,-0.3487628865979381,-104.0,-0.0032206582077716275,-0.046464085392828494,18.0,0.39774305555555556,34.625,0.02267840038314175,0.06093318401935969,0.125,0.13036905784650632,33.375,-0.000899058590913375,0.00850521186916383
LIT_PCBA,full,0.7,200,by,0.0,0.0,0.0,0.0,0.0,0.0,0.0,0.0,0.0,0.0,0.0,0.0,0.0,0.0,0.0,0.0,0.0,0.0,0.0,0.0,8,24.625,0.876875,172.0,0.025,0.11590248128135201,-24.625,-0.876875,-172.0,-0.025,-0.11590248128135201,18.0,0.39774305555555556,34.625,0.02267840038314175,0.06093318401935969,-18.0,-0.39774305555555556,-34.625,-0.02267840038314175,-0.06093318401935969
LIT_PCBA,full,0.7,200,chemdeprc_cap1,79.125,15.125,64.0,0.5299691358024692,0.5,0.09503086419753086,0.025266035484038673,79.125,0.009607075023741675,0.06821454549580093,91.69738662735004,35.87453334689028,81.99651560541199,0.48468516762576874,0.5345224838248488,0.2202670999361982,0.050865308293289356,91.69738662735004,0.013746968106234412,0.05678937030873718,8,24.625,0.876875,172.0,0.025,0.11590248128135201,-9.5,-0.3469058641975308,-92.875,-0.015392924976258326,-0.04768793578555108,18.0,0.39774305555555556,34.625,0.02267840038314175,0.06093318401935969,-2.875,0.13222608024691362,44.5,-0.013071325359400074,0.007281361476441241
LIT_PCBA,full,0.7,200,chemdeprc_scoresoft50,73.75,13.125,60.625,0.5242930849288783,0.5,0.10070691507112167,0.0153226049868398,46.375,0.04222212729705532,0.07017087703686747,84.77996731034317,33.168132295925254,80.39711704141777,0.49546227507484647,0.5345224838248488,0.25287533704041654,0.025049323305976708,47.04993547892949,0.0453149214485668,0.058263339150412936,8,24.625,0.876875,172.0,0.025,0.11590248128135201,-11.5,-0.3525819150711217,-125.625,0.01722212729705532,-0.04573160424448454,18.0,0.39774305555555556,34.625,0.02267840038314175,0.06093318401935969,-4.875,0.12655002937332271,11.75,0.019543726913913574,0.009237693017507785
LIT_PCBA,full,0.7,200,chemdeprc_soft75,82.125,17.0,65.125,0.5281802486187845,0.5,0.09681975138121547,0.0194873568250751,65.125,0.020760730981725435,0.06923821315458946,94.09787837292461,42.96510211788167,82.90689700759866,0.49062832427036146,0.5345224838248488,0.23632047741564044,0.03433707434777249,71.98300890785666,0.021528482140986384,0.0575331313824713,8,24.625,0.876875,172.0,0.025,0.11590248128135201,-7.625,-0.3486947513812154,-106.875,-0.004239269018274566,-0.046664268126762554,18.0,0.39774305555555556,34.625,0.02267840038314175,0.06093318401935969,-1.0,0.13043719306322898,30.5,-0.0019176694014163137,0.00830502913522977
LIT_PCBA,full,0.7,200,raw_top_b,200.0,24.625,175.375,0.876875,0.875,0.123125,0.06074023876397822,172.0,0.025,0.11590248128135201,0.0,47.0651144692117,47.06511446921169,0.23532557234605853,0.3535533905932738,0.23532557234605847,0.03893763352120326,22.928460168844442,0.018898223650461364,0.014834462459737893,8,24.625,0.876875,172.0,0.025,0.11590248128135201,0.0,0.0,0.0,0.0,0.0,18.0,0.39774305555555556,34.625,0.02267840038314175,0.06093318401935969,6.625,0.4791319444444444,137.375,0.0023215996168582526,0.054969297261992324
LIT_PCBA,full,0.7,200,score_cap1,200.0,23.875,176.125,0.880625,0.875,0.11937500000000001,0.062165854246531,200.0,0.005,0.11495156282052899,0.0,44.936264387940135,44.936264387940135,0.2246813219397007,0.3535533905932738,0.2246813219397007,0.03811479937546224,0.0,0.0,0.014293345711802376,8,24.625,0.876875,172.0,0.025,0.11590248128135201,-0.75,0.003750000000000031,28.0,-0.02,-0.0009509184608230276,18.0,0.39774305555555556,34.625,0.02267840038314175,0.06093318401935969,5.875,0.48288194444444443,165.375,-0.017678400383141748,0.054018378801169296
LIT_PCBA,full,0.7,200,score_dpp,200.0,23.625,176.375,0.881875,0.875,0.11812500000000001,0.06301379265235843,189.125,0.02375,0.11116085678971653,0.0,44.1909412177913,44.1909412177913,0.22095470608895648,0.3535533905932738,0.22095470608895648,0.037561669738789646,11.933596033288302,0.01941096891671599,0.013395216905547533,8,24.625,0.876875,172.0,0.025,0.11590248128135201,-1.0,0.0050000000000000044,17.125,-0.0012500000000000011,-0.004741624491635482,18.0,0.39774305555555556,34.625,0.02267840038314175,0.06093318401935969,5.625,0.4841319444444444,154.5,0.0010715996168582514,0.05022767277035684
LIT_PCBA,full,0.7,200,score_mmr25,200.0,23.875,176.125,0.880625,0.875,0.11937500000000001,0.0634686926791125,185.875,0.026250000000000002,0.11266122953728384,0.0,44.192557550532676,44.192557550532676,0.22096278775266343,0.3535533905932738,0.2209627877526634,0.041090098466901114,17.340600582777647,0.02279567628176135,0.013605150391314729,8,24.625,0.876875,172.0,0.025,0.11590248128135201,-0.75,0.003750000000000031,13.875,0.0012500000000000011,-0.0032412517440681687,18.0,0.39774305555555556,34.625,0.02267840038314175,0.06093318401935969,5.875,0.48288194444444443,151.25,0.0035715996168582537,0.051728045517924155
LIT_PCBA,full,0.7,200,weighted_bh,83.875,18.0,65.875,0.5306944444444445,0.5,0.09430555555555555,0.025667123653681536,77.5,0.014460470085470075,0.06851676693045906,97.40994009120129,43.938268383852225,82.03733905972328,0.48440592081427897,0.5345224838248488,0.2182321850601325,0.050779689234773606,88.84336135661943,0.014016701979016853,0.056964390776853106,8,24.625,0.876875,172.0,0.025,0.11590248128135201,-6.625,-0.3461805555555555,-94.5,-0.010539529914529926,-0.04738571435089295,18.0,0.39774305555555556,34.625,0.02267840038314175,0.06093318401935969,0.0,0.1329513888888889,42.875,-0.008217930297671674,0.007583582911099375
LIT_PCBA,full,0.7,50,bh,18.125,5.25,12.875,0.39024305555555555,0.375,0.10975694444444443,0.0025749707936058752,17.0,0.02830340038314175,0.061115100436948226,21.846460975243954,13.274572901388794,16.788069743549606,0.47960764014039703,0.5175491695067657,0.2640941322772295,0.0038053884778564456,20.887453513669737,0.039928700108047534,0.06600702260552078,8,6.125,0.8775,44.25,0.06,0.1213852712434069,-0.875,-0.4872569444444444,-27.25,-0.03169659961685825,-0.06027017080645867,5.25,0.39024305555555555,17.0,0.02830340038314175,0.061115100436948226,0.0,0.0,0.0,0.0,0.0
LIT_PCBA,full,0.7,50,block_bh,28.25,5.125,23.125,0.5225,0.5,0.1025,0.003554084644675163,24.25,0.0448076923076923,0.07212590731772675,24.760279250675435,12.911097109518948,22.91248879666159,0.4966674656433331,0.5345224838248488,0.258221942190379,0.006797872142644204,20.947212566012556,0.04245578476704875,0.059897520199607125,8,6.125,0.8775,44.25,0.06,0.1213852712434069,-1.0,-0.355,-20.0,-0.0151923076923077,-0.049259363925680144,5.25,0.39024305555555555,17.0,0.02830340038314175,0.061115100436948226,-0.125,0.1322569444444444,7.25,0.016504291924550548,0.011010806880778524
LIT_PCBA,full,0.7,50,by,0.0,0.0,0.0,0.0,0.0,0.0,0.0,0.0,0.0,0.0,0.0,0.0,0.0,0.0,0.0,0.0,0.0,0.0,0.0,0.0,8,6.125,0.8775,44.25,0.06,0.1213852712434069,-6.125,-0.8775,-44.25,-0.06,-0.1213852712434069,5.25,0.39024305555555555,17.0,0.02830340038314175,0.061115100436948226,-5.25,-0.39024305555555555,-17.0,-0.02830340038314175,-0.061115100436948226
LIT_PCBA,full,0.7,50,chemdeprc_cap1,27.625,4.875,22.75,0.5269444444444444,0.5,0.09805555555555556,0.0047272589925393,27.625,0.015085470085470076,0.07132216429406316,24.189357163843773,11.82536619789365,21.874642854227357,0.4895658192296769,0.5345224838248488,0.23635813408575743,0.010157281744497664,24.189357163843773,0.013900389715632969,0.05912695106718535,8,6.125,0.8775,44.25,0.06,0.1213852712434069,-1.25,-0.3505555555555555,-16.625,-0.04491452991452992,-0.05006310694934374,5.25,0.39024305555555555,17.0,0.02830340038314175,0.061115100436948226,-0.375,0.1367013888888889,10.625,-0.013217930297671675,0.01020706385711493
LIT_PCBA,full,0.7,50,chemdeprc_scoresoft50,23.75,4.125,19.625,0.5091666666666667,0.5,0.11583333333333333,0.004622627296110737,15.625,0.06785714285714285,0.07807739071537917,21.50581316760657,9.716517600751532,20.996173120697154,0.4957974176668121,0.5345224838248488,0.2779274200104243,0.010161403327310069,12.93872923766914,0.06455499158682858,0.06491154424494039,8,6.125,0.8775,44.25,0.06,0.1213852712434069,-2.0,-0.3683333333333333,-28.625,0.007857142857142854,-0.043307880528027726,5.25,0.39024305555555555,17.0,0.02830340038314175,0.061115100436948226,-1.125,0.1189236111111111,-1.375,0.039553742474001105,0.016962290278430943
LIT_PCBA,full,0.7,50,chemdeprc_soft75,26.75,4.75,22.0,0.5218737060041407,0.5,0.10312629399585921,0.004709820376467875,22.25,0.04482322025800285,0.07379986606026358,23.39566504413035,11.473572117821771,21.653109311531747,0.4915979532051285,0.5345224838248488,0.24941004594942418,0.010157370021208563,18.86606931580003,0.041957643547285886,0.061204565645445144,8,6.125,0.8775,44.25,0.06,0.1213852712434069,-1.375,-0.3556262939958592,-22.0,-0.015176779741997146,-0.04758540518314332,5.25,0.39024305555555555,17.0,0.02830340038314175,0.061115100436948226,-0.5,0.13163065044858518,5.25,0.016519819874861102,0.012684765623315351
LIT_PCBA,full,0.7,50,raw_top_b,50.0,6.125,43.875,0.8775,0.875,0.1225,0.0069414351358130875,44.25,0.06,0.1213852712434069,0.0,12.988318927845459,12.988318927845459,0.25976637855690915,0.3535533905932738,0.25976637855690915,0.00712859078974847,4.803272693844123,0.02618614682831909,0.013733471759184565,8,6.125,0.8775,44.25,0.06,0.1213852712434069,0.0,0.0,0.0,0.0,0.0,5.25,0.39024305555555555,17.0,0.02830340038314175,0.061115100436948226,0.875,0.4872569444444444,27.25,0.03169659961685825,0.06027017080645867
LIT_PCBA,full,0.7,50,score_cap1,50.0,6.125,43.875,0.8775,0.875,0.1225,0.008149486715820088,50.0,0.02,0.1170578611213003,0.0,12.597477071677035,12.597477071677034,0.25194954143354065,0.3535533905932738,0.25194954143354065,0.009921098986312238,0.0,0.0,0.013548484107024077,8,6.125,0.8775,44.25,0.06,0.1213852712434069,0.0,0.0,5.75,-0.039999999999999994,-0.0043274101221065925,5.25,0.39024305555555555,17.0,0.02830340038314175,0.061115100436948226,0.875,0.4872569444444444,33.0,-0.00830340038314175,0.055942760684352076
LIT_PCBA,full,0.7,50,score_dpp,50.0,6.25,43.75,0.875,0.875,0.125,0.008766829984530551,49.625,0.0275,0.101837416632604,0.0,12.209481093454734,12.209481093454732,0.24418962186909463,0.3535533905932738,0.24418962186909463,0.010205695272987782,0.5175491695067664,0.010350983390135314,0.014559188474515554,8,6.125,0.8775,44.25,0.06,0.1213852712434069,0.125,-0.0024999999999999467,5.375,-0.0325,-0.019547854610802898,5.25,0.39024305555555555,17.0,0.02830340038314175,0.061115100436948226,1.0,0.48475694444444445,32.625,-0.0008034003831417502,0.04072231619565577
LIT_PCBA,full,0.7,50,score_mmr25,50.0,6.125,43.875,0.8775,0.875,0.1225,0.008714798682499237,49.75,0.025,0.10716784375851238,0.0,12.252550754842845,12.252550754842847,0.2450510150968569,0.3535533905932738,0.2450510150968569,0.010681461490442207,0.46291004988627493,0.009258200997725514,0.015280021833540125,8,6.125,0.8775,44.25,0.06,0.1213852712434069,0.0,0.0,5.5,-0.034999999999999996,-0.014217427484894518,5.25,0.39024305555555555,17.0,0.02830340038314175,0.061115100436948226,0.875,0.4872569444444444,32.75,-0.003303400383141749,0.04605274332156415
LIT_PCBA,full,0.7,50,weighted_bh,27.625,4.625,23.0,0.5319444444444444,0.5,0.09305555555555556,0.0034843301803894502,26.125,0.022585470085470075,0.07332239406401521,24.189357163843773,11.500776371308902,21.99350553491384,0.4908545440571135,0.5345224838248488,0.22987593463927158,0.006781862144154272,22.668023418778393,0.019611546997583246,0.06080244221938041,8,6.125,0.8775,44.25,0.06,0.1213852712434069,-1.5,-0.3455555555555555,-18.125,-0.037414529914529926,-0.048062877179391686,5.25,0.39024305555555555,17.0,0.02830340038314175,0.061115100436948226,-0.625,0.1417013888888889,9.125,-0.005717930297671675,0.012207293627066983
LIT_PCBA,full,0.7,500,bh,40.125,19.75,20.375,0.40006606440511305,0.375,0.0999339355948869,0.0045978502578916,37.125,0.022462692418539976,0.0609053124515898,77.1500162022018,54.25534865009031,26.773854517313822,0.47688790562180344,0.5175491695067657,0.23646987318156737,0.007734551625582643,70.45857445538985,0.038000742531196174,0.0658128852318864,8,61.25,0.8775,409.625,0.035750000000000004,0.11408520264725543,-41.5,-0.4774339355948869,-372.5,-0.013287307581460028,-0.05317989019566562,19.75,0.40006606440511305,37.125,0.022462692418539976,0.0609053124515898,0.0,0.0,0.0,0.0,0.0
LIT_PCBA,full,0.7,500,block_bh,136.375,21.0,115.375,0.5270977053023733,0.5,0.0979022946976266,0.05024668203953589,103.75,0.027375136184751736,0.06804279370361459,187.1087823395028,45.67274898667694,176.96241529932686,0.48791908245857596,0.5345224838248488,0.23264595583856906,0.11907945923839972,139.38717916037226,0.028631577917659023,0.056754767974928115,8,61.25,0.8775,409.625,0.035750000000000004,0.11408520264725543,-40.25,-0.3504022946976266,-305.875,-0.008374863815248268,-0.04604240894364084,19.75,0.40006606440511305,37.125,0.022462692418539976,0.0609053124515898,1.25,0.12703164089726027,66.625,0.00491244376621176,0.007137481252024784
LIT_PCBA,full,0.7,500,by,0.0,0.0,0.0,0.0,0.0,0.0,0.0,0.0,0.0,0.0,0.0,0.0,0.0,0.0,0.0,0.0,0.0,0.0,0.0,0.0,8,61.25,0.8775,409.625,0.035750000000000004,0.11408520264725543,-61.25,-0.8775,-409.625,-0.035750000000000004,-0.11408520264725543,19.75,0.40006606440511305,37.125,0.022462692418539976,0.0609053124515898,-19.75,-0.40006606440511305,-37.125,-0.022462692418539976,-0.0609053124515898
LIT_PCBA,full,0.7,500,chemdeprc_cap1,104.125,16.75,87.375,0.5303588946042587,0.5,0.09464110539574132,0.04119740803305828,104.125,0.0092688626137047,0.06750243682686083,140.25327854584057,36.16134479168131,130.4124637996143,0.4850549269455103,0.5345224838248488,0.22032268784452375,0.09514609889841609,140.25327854584057,0.01390179342456248,0.05633497205341572,8,61.25,0.8775,409.625,0.035750000000000004,0.11408520264725543,-44.5,-0.3471411053957413,-305.5,-0.026481137386295303,-0.0465827658203946,19.75,0.40006606440511305,37.125,0.022462692418539976,0.0609053124515898,-3.0,0.13029283019914562,67.0,-0.013193829804835277,0.006597124375271025
LIT_PCBA,full,0.7,500,chemdeprc_scoresoft50,129.5,19.875,109.625,0.5285443345158565,0.5,0.09645566548414346,0.039217270274830004,86.875,0.036391990117336,0.06788789294162698,172.2605999226587,45.38859989028082,164.27149783209504,0.4892995013407443,0.5345224838248488,0.23288010618310132,0.08814366142269248,104.20506911168684,0.036306959266271845,0.05666074134473255,8,61.25,0.8775,409.625,0.035750000000000004,0.11408520264725543,-41.375,-0.3489556654841435,-322.75,0.0006419901173359971,-0.04619730970562845,19.75,0.40006606440511305,37.125,0.022462692418539976,0.0609053124515898,0.125,0.12847827011074342,49.75,0.013929297698796025,0.006982580490037173
LIT_PCBA,full,0.7,500,chemdeprc_soft75,136.375,21.0,115.375,0.5270977053023733,0.5,0.0979022946976266,0.05024668203953589,102.5,0.025625136184751738,0.06791438147676328,187.1087823395028,45.67274898667694,176.96241529932686,0.48791908245857596,0.5345224838248488,0.23264595583856906,0.11907945923839972,136.52001423129974,0.029559563575837628,0.05667659120165818,8,61.25,0.8775,409.625,0.035750000000000004,0.11408520264725543,-40.25,-0.3504022946976266,-307.125,-0.010124863815248266,-0.04617082117049215,19.75,0.40006606440511305,37.125,0.022462692418539976,0.0609053124515898,1.25,0.12703164089726027,65.375,0.0031624437662117616,0.007009069025173474
LIT_PCBA,full,0.7,500,raw_top_b,500.0,61.25,438.75,0.8775,0.875,0.12250000000000001,0.1400160192646641,409.625,0.035750000000000004,0.11408520264725543,0.0,113.89562891399426,113.89562891399426,0.22779125782798854,0.3535533905932738,0.22779125782798856,0.08076456184866533,64.00209259971783,0.03531794363856909,0.01647024953252012,8,61.25,0.8775,409.625,0.035750000000000004,0.11408520264725543,0.0,0.0,0.0,0.0,0.0,19.75,0.40006606440511305,37.125,0.022462692418539976,0.0609053124515898,41.5,0.4774339355948869,372.5,0.013287307581460028,0.05317989019566562
LIT_PCBA,full,0.7,500,score_cap1,500.0,61.25,438.75,0.8775,0.875,0.12250000000000001,0.16357084450701007,500.0,0.002,0.11256342539979095,0.0,112.69903029117611,112.69903029117609,0.22539806058235215,0.3535533905932738,0.22539806058235223,0.104818093549431,0.0,0.0,0.018208708157951187,8,61.25,0.8775,409.625,0.035750000000000004,0.11408520264725543,0.0,0.0,90.375,-0.03375,-0.0015217772474644814,19.75,0.40006606440511305,37.125,0.022462692418539976,0.0609053124515898,41.5,0.4774339355948869,462.875,-0.020462692418539978,0.05165811294820114
LIT_PCBA,full,0.7,500,score_dpp,500.0,60.0,440.0,0.88,0.875,0.12000000000000001,0.14928819202614024,435.625,0.038,0.1128038152411649,0.0,110.83578586616973,110.83578586616972,0.22167157173233942,0.3535533905932738,0.22167157173233948,0.08374357871965563,45.33033515995977,0.03799248045901414,0.016647524786279563,8,61.25,0.8775,409.625,0.035750000000000004,0.11408520264725543,-1.25,0.0025000000000000577,26.0,0.002249999999999995,-0.0012813874060905311,19.75,0.40006606440511305,37.125,0.022462692418539976,0.0609053124515898,40.25,0.47993393559488695,398.5,0.015537307581460023,0.05189850278957509
LIT_PCBA,full,0.7,500,score_mmr25,500.0,60.0,440.0,0.88,0.875,0.12000000000000001,0.1419693195084322,426.875,0.036500000000000005,0.11274834658046418,0.0,111.37068093276869,111.3706809327687,0.22274136186553745,0.3535533905932738,0.22274136186553745,0.08272745440382333,57.65770299175743,0.034686349723527514,0.01714917379756865,8,61.25,0.8775,409.625,0.035750000000000004,0.11408520264725543,-1.25,0.0025000000000000577,17.25,0.0007500000000000007,-0.0013368560667912505,19.75,0.40006606440511305,37.125,0.022462692418539976,0.0609053124515898,40.25,0.47993393559488695,389.75,0.014037307581460028,0.05184303412887437
LIT_PCBA,full,0.7,500,weighted_bh,161.75,46.5,115.25,0.5247458628841608,0.5,0.10025413711583923,0.06621266587230508,148.625,0.011600836515730113,0.06785948356753017,211.22956367759832,117.02014478590549,153.51291243968464,0.4853939571885345,0.5345224838248488,0.2316943424986123,0.11207359181083562,194.53089178108152,0.013626028452325831,0.05664599880178104,8,61.25,0.8775,409.625,0.035750000000000004,0.11408520264725543,-14.75,-0.35275413711583914,-261.0,-0.02414916348426989,-0.04622571907972525,19.75,0.40006606440511305,37.125,0.022462692418539976,0.0609053124515898,26.75,0.12467979847904775,111.5,-0.010861855902809863,0.0069541711159403705
LIT_PCBA,ligand_only,0.7,10,bh,5.0,0.0,5.0,0.5,0.5,0.0,0.0,4.5,0.0875,0.06520733185712764,5.3452248382484875,0.0,5.3452248382484875,0.5345224838248488,0.5345224838248488,0.0,0.0,4.898979485566356,0.11259916264596033,0.07234261400014974,8,1.0,0.9,9.0,0.17500000000000002,0.12315990175375088,-1.0,-0.4,-4.5,-0.08750000000000002,-0.05795256989662324,0.0,0.5,4.5,0.0875,0.06520733185712764,0.0,0.0,0.0,0.0,0.0
LIT_PCBA,ligand_only,0.7,10,block_bh,6.25,0.0,6.25,0.625,0.625,0.0,0.0,5.375,0.125,0.08328916585979773,5.175491695067657,0.0,5.175491695067657,0.5175491695067657,0.5175491695067657,0.0,0.0,4.533604683755678,0.1164964745021435,0.07165609458614658,8,1.0,0.9,9.0,0.17500000000000002,0.12315990175375088,-1.0,-0.275,-3.625,-0.05000000000000002,-0.03987073589395315,0.0,0.5,4.5,0.0875,0.06520733185712764,0.0,0.125,0.875,0.037500000000000006,0.01808183400267009
LIT_PCBA,ligand_only,0.7,10,by,0.0,0.0,0.0,0.0,0.0,0.0,0.0,0.0,0.0,0.0,0.0,0.0,0.0,0.0,0.0,0.0,0.0,0.0,0.0,0.0,8,1.0,0.9,9.0,0.17500000000000002,0.12315990175375088,-1.0,-0.9,-9.0,-0.17500000000000002,-0.12315990175375088,0.0,0.5,4.5,0.0875,0.06520733185712764,0.0,-0.5,-4.5,-0.0875,-0.06520733185712764
LIT_PCBA,ligand_only,0.7,10,chemdeprc_cap1,6.125,0.125,6.0,0.6125,0.625,0.0125,0.001225490196078425,6.125,0.06388888888888888,0.06914519205815195,5.0832357523811265,0.3535533905932738,4.9856938190329,0.5083235752381127,0.5175491695067657,0.03535533905932738,0.0034662097116987447,5.0832357523811265,0.05303820459239245,0.058796133440819236,8,1.0,0.9,9.0,0.17500000000000002,0.12315990175375088,-0.875,-0.2875,-2.875,-0.11111111111111113,-0.054014709695598934,0.0,0.5,4.5,0.0875,0.06520733185712764,0.125,0.11250000000000004,1.625,-0.02361111111111111,0.00393786020102431
LIT_PCBA,ligand_only,0.7,10,chemdeprc_scoresoft50,5.25,0.0,5.25,0.625,0.625,0.0,0.0,3.125,0.21354166666666666,0.11797146944821324,4.621378891320518,0.0,4.621378891320518,0.5175491695067657,0.5175491695067657,0.0,0.0,2.5877458475338284,0.19527846925750816,0.1036033737612963,8,1.0,0.9,9.0,0.17500000000000002,0.12315990175375088,-1.0,-0.275,-5.875,0.03854166666666664,-0.0051884323055376436,0.0,0.5,4.5,0.0875,0.06520733185712764,0.0,0.125,-1.375,0.12604166666666666,0.0527641375910856
LIT_PCBA,ligand_only,0.7,10,chemdeprc_soft75,5.875,0.0,5.875,0.625,0.625,0.0,0.0,5.0,0.13090277777777778,0.08380037440761268,4.911720676097126,0.0,4.911720676097126,0.5175491695067657,0.5175491695067657,0.0,0.0,4.140393356054125,0.11827535560829262,0.07172570681081396,8,1.0,0.9,9.0,0.17500000000000002,0.12315990175375088,-1.0,-0.275,-4.0,-0.04409722222222223,-0.03935952734613821,0.0,0.5,4.5,0.0875,0.06520733185712764,0.0,0.125,0.5,0.04340277777777779,0.018593042550485037
LIT_PCBA,ligand_only,0.7,10,raw_top_b,10.0,1.0,9.0,0.9,0.875,0.1,0.000139508928571425,9.0,0.17500000000000002,0.12315990175375088,0.0,2.8284271247461903,2.8284271247461903,0.282842712474619,0.3535533905932738,0.28284271247461906,0.00039459083771569727,1.0690449676496971,0.07071067811865475,0.022985071081416876,8,1.0,0.9,9.0,0.17500000000000002,0.12315990175375088,0.0,0.0,0.0,0.0,0.0,0.0,0.5,4.5,0.0875,0.06520733185712764,1.0,0.4,4.5,0.08750000000000002,0.05795256989662324
LIT_PCBA,ligand_only,0.7,10,score_cap1,10.0,0.875,9.125,0.9125,0.875,0.0875,0.0001220703125,10.0,0.1,0.109910984968477,0.0,2.4748737341529163,2.4748737341529163,0.24748737341529167,0.3535533905932738,0.24748737341529162,0.00034526698300124393,0.0,0.0,0.021368245471291694,8,1.0,0.9,9.0,0.17500000000000002,0.12315990175375088,-0.125,0.012499999999999956,1.0,-0.07500000000000001,-0.013248916785273887,0.0,0.5,4.5,0.0875,0.06520733185712764,0.875,0.4125,5.5,0.012500000000000011,0.044703653111349356
LIT_PCBA,ligand_only,0.7,10,score_dpp,10.0,1.25,8.75,0.875,0.875,0.125,0.002159248820266725,10.0,0.1,0.08133319476259682,0.0,2.434865792722759,2.434865792722759,0.24348657927227585,0.3535533905932738,0.24348657927227585,0.0038160812974049633,0.0,0.0,0.020557584116408886,8,1.0,0.9,9.0,0.17500000000000002,0.12315990175375088,0.25,-0.025000000000000022,1.0,-0.07500000000000001,-0.04182670699115407,0.0,0.5,4.5,0.0875,0.06520733185712764,1.25,0.375,5.5,0.012500000000000011,0.016125862905469177
LIT_PCBA,ligand_only,0.7,10,score_mmr25,10.0,1.125,8.875,0.8875,0.875,0.1125,0.0033182445293637878,10.0,0.1,0.07172396158614629,0.0,2.0310096011589898,2.0310096011589898,0.20310096011589898,0.3535533905932738,0.203100960115899,0.00506392989191715,0.0,0.0,0.02421408433964079,8,1.0,0.9,9.0,0.17500000000000002,0.12315990175375088,0.125,-0.012500000000000067,1.0,-0.07500000000000001,-0.051435940167604596,0.0,0.5,4.5,0.0875,0.06520733185712764,1.125,0.38749999999999996,5.5,0.012500000000000011,0.006516629729018647
LIT_PCBA,ligand_only,0.7,10,weighted_bh,5.0,0.0,5.0,0.5,0.5,0.0,0.0,4.875,0.0625,0.05806554772759731,5.3452248382484875,0.0,5.3452248382484875,0.5345224838248488,0.5345224838248488,0.0,0.0,5.221863378417434,0.07440238091428449,0.06348549439236825,8,1.0,0.9,9.0,0.17500000000000002,0.12315990175375088,-1.0,-0.4,-4.125,-0.11250000000000002,-0.06509435402615357,0.0,0.5,4.5,0.0875,0.06520733185712764,0.0,0.0,0.375,-0.024999999999999994,-0.007141784129530329
LIT_PCBA,ligand_only,0.7,100,bh,24.375,1.125,23.25,0.48154411764705884,0.5,0.018455882352941176,0.018060064935064925,22.875,0.043771008403361324,0.06297037081955477,35.74487975320981,2.2320714274285347,34.23761507047893,0.5160798408439881,0.5345224838248488,0.041431309248686626,0.04374465367425047,34.88527114495662,0.07316661263190134,0.06860726136161499,8,10.875,0.89125,84.625,0.05625,0.11484144453118823,-9.75,-0.40970588235294114,-61.75,-0.012478991596638678,-0.051871073711633464,1.125,0.48154411764705884,22.875,0.043771008403361324,0.06297037081955477,0.0,0.0,0.0,0.0,0.0
LIT_PCBA,ligand_only,0.7,100,block_bh,26.25,0.875,25.375,0.6008817829457365,0.625,0.02411821705426355,0.00483698945631185,19.75,0.09032523168386081,0.08295607588008501,34.22926901268645,1.7268882005337975,33.65767796082026,0.4990995401769402,0.5175491695067657,0.043771744570822786,0.006894211241604218,26.477753465341966,0.12664791413847437,0.07120751762700034,8,10.875,0.89125,84.625,0.05625,0.11484144453118823,-10.0,-0.2903682170542635,-64.875,0.034075231683860806,-0.031885368651103224,1.125,0.48154411764705884,22.875,0.043771008403361324,0.06297037081955477,-0.25,0.11933766529867762,-3.125,0.046554223280499483,0.01998570506053024
LIT_PCBA,ligand_only,0.7,100,by,0.0,0.0,0.0,0.0,0.0,0.0,0.0,0.0,0.0,0.0,0.0,0.0,0.0,0.0,0.0,0.0,0.0,0.0,0.0,0.0,8,10.875,0.89125,84.625,0.05625,0.11484144453118823,-10.875,-0.89125,-84.625,-0.05625,-0.11484144453118823,1.125,0.48154411764705884,22.875,0.043771008403361324,0.06297037081955477,-1.125,-0.48154411764705884,-22.875,-0.043771008403361324,-0.06297037081955477
LIT_PCBA,ligand_only,0.7,100,chemdeprc_cap1,19.75,0.625,19.125,0.6023762421788738,0.625,0.022623757821126238,0.004025301144623537,19.75,0.035537172908454366,0.07030128108539513,26.477753465341966,1.0606601717798212,25.92537367136682,0.49993107103405304,0.5175491695067657,0.038284792623451885,0.005626415704345069,26.477753465341966,0.04347079169434425,0.059703148851844294,8,10.875,0.89125,84.625,0.05625,0.11484144453118823,-10.25,-0.28887375782112623,-64.875,-0.020712827091545635,-0.044540163445793104,1.125,0.48154411764705884,22.875,0.043771008403361324,0.06297037081955477,-0.5,0.12083212453181491,-3.125,-0.008233835494906958,0.00733091026584036
LIT_PCBA,ligand_only,0.7,100,chemdeprc_scoresoft50,23.25,0.875,22.375,0.6004870461036311,0.625,0.024512953896368813,0.00483698945631185,16.5,0.09190417905228185,0.08290483160632943,27.16484072157559,1.7268882005337975,26.457175640214185,0.49874894830627603,0.5175491695067657,0.043640278633600184,0.006894211241604218,19.175877703883224,0.12600799124524473,0.07118686958510458,8,10.875,0.89125,84.625,0.05625,0.11484144453118823,-10.0,-0.29076295389636886,-68.125,0.03565417905228185,-0.031936612924858804,1.125,0.48154411764705884,22.875,0.043771008403361324,0.06297037081955477,-0.25,0.11894292845657228,-6.375,0.048133170648920524,0.01993446078677466
LIT_PCBA,ligand_only,0.7,100,chemdeprc_soft75,26.25,0.875,25.375,0.6008817829457365,0.625,0.02411821705426355,0.00483698945631185,19.625,0.09032523168386081,0.08289811249838067,34.22926901268645,1.7268882005337975,33.65767796082026,0.4990995401769402,0.5175491695067657,0.043771744570822786,0.006894211241604218,26.17489254992272,0.12664791413847437,0.07118418367108821,8,10.875,0.89125,84.625,0.05625,0.11484144453118823,-10.0,-0.2903682170542635,-65.0,0.034075231683860806,-0.03194333203280757,1.125,0.48154411764705884,22.875,0.043771008403361324,0.06297037081955477,-0.25,0.11933766529867762,-3.25,0.046554223280499483,0.019927741678825897
LIT_PCBA,ligand_only,0.7,100,raw_top_b,100.0,10.875,89.125,0.89125,0.875,0.10875,0.03122990925375235,84.625,0.05625,0.11484144453118823,0.0,21.323611996362825,21.32361199636283,0.21323611996362823,0.3535533905932738,0.21323611996362823,0.04051554156381721,13.668916771795994,0.04307385683749649,0.015224222407677639,8,10.875,0.89125,84.625,0.05625,0.11484144453118823,0.0,0.0,0.0,0.0,0.0,1.125,0.48154411764705884,22.875,0.043771008403361324,0.06297037081955477,9.75,0.40970588235294114,61.75,0.012478991596638678,0.051871073711633464
LIT_PCBA,ligand_only,0.7,100,score_cap1,100.0,10.875,89.125,0.89125,0.875,0.10875,0.03375201697219118,100.0,0.01,0.11433993701496889,0.0,21.209415025273227,21.20941502527323,0.21209415025273226,0.3535533905932738,0.21209415025273226,0.04109180220630898,0.0,0.0,0.015478056452995149,8,10.875,0.89125,84.625,0.05625,0.11484144453118823,0.0,0.0,15.375,-0.04625,-0.0005015075162193433,1.125,0.48154411764705884,22.875,0.043771008403361324,0.06297037081955477,9.75,0.40970588235294114,77.125,-0.03377100840336132,0.05136956619541412
LIT_PCBA,ligand_only,0.7,100,score_dpp,100.0,10.5,89.5,0.895,0.875,0.105,0.03579354377307554,97.0,0.03375,0.10074961107950443,0.0,19.683205313885527,19.683205313885527,0.19683205313885524,0.3535533905932738,0.19683205313885524,0.040794848972968915,2.927700218845602,0.021339098923270936,0.01641525137932061,8,10.875,0.89125,84.625,0.05625,0.11484144453118823,-0.375,0.003750000000000031,12.375,-0.0225,-0.0140918334516838,1.125,0.48154411764705884,22.875,0.043771008403361324,0.06297037081955477,9.375,0.4134558823529412,74.125,-0.010021008403361321,0.037779240259949665
LIT_PCBA,ligand_only,0.7,100,score_mmr25,100.0,10.5,89.5,0.895,0.875,0.105,0.034479487634643716,97.375,0.03,0.10590310928889186,0.0,19.339079605813716,19.339079605813716,0.1933907960581371,0.3535533905932738,0.19339079605813717,0.040015042785610924,2.924648941081891,0.020701966780270628,0.0171377394986873,8,10.875,0.89125,84.625,0.05625,0.11484144453118823,-0.375,0.003750000000000031,12.75,-0.026250000000000002,-0.008938335242296369,1.125,0.48154411764705884,22.875,0.043771008403361324,0.06297037081955477,9.375,0.4134558823529412,74.5,-0.013771008403361325,0.042932738469337095
LIT_PCBA,ligand_only,0.7,100,weighted_bh,16.5,0.25,16.25,0.49444444444444446,0.5,0.0055555555555555376,0.0019881226368568,15.5,0.04930555555555553,0.0614972904508097,22.161743098024964,0.4629100498862757,21.75677234465496,0.5286584131677572,0.5345224838248488,0.01070693457399365,0.004458556556079039,21.340772512460074,0.08608870676284297,0.066803718021575,8,10.875,0.89125,84.625,0.05625,0.11484144453118823,-10.625,-0.3968055555555555,-69.125,-0.006944444444444468,-0.053344154080378535,1.125,0.48154411764705884,22.875,0.043771008403361324,0.06297037081955477,-0.875,0.01290032679738562,-7.375,0.005534547152194209,-0.0014730803687450708
LIT_PCBA,ligand_only,0.7,20,bh,9.25,0.5,8.75,0.475,0.5,0.025,0.0016233766233766124,8.5,0.058035714285714274,0.05931059908302161,10.081808227835776,1.4142135623730951,9.558093055476226,0.511998883927355,0.5345224838248488,0.07071067811865477,0.00459160247523729,9.471762545286158,0.07697236450804391,0.0642535747502447,8,2.125,0.89375,18.25,0.09375,0.11822508080050302,-1.625,-0.41875000000000007,-9.75,-0.035714285714285726,-0.05891448171748141,0.5,0.475,8.5,0.058035714285714274,0.05931059908302161,0.0,0.0,0.0,0.0,0.0
LIT_PCBA,ligand_only,0.7,20,block_bh,11.125,0.625,10.5,0.5916666666666667,0.625,0.033333333333333326,0.004025301144623537,9.375,0.10089285714285715,0.0820129749973963,9.493418773023762,1.0606601717798212,8.94427190999916,0.49216076867444664,0.5175491695067657,0.05418955560352876,0.005626415704345069,8.551315688243536,0.12456557161853775,0.06969900052733831,8,2.125,0.89375,18.25,0.09375,0.11822508080050302,-1.5,-0.30208333333333337,-8.875,0.007142857142857145,-0.036212105803106714,0.5,0.475,8.5,0.058035714285714274,0.05931059908302161,0.125,0.1166666666666667,0.875,0.04285714285714287,0.022702375914374698
LIT_PCBA,ligand_only,0.7,20,by,0.0,0.0,0.0,0.0,0.0,0.0,0.0,0.0,0.0,0.0,0.0,0.0,0.0,0.0,0.0,0.0,0.0,0.0,0.0,0.0,8,2.125,0.89375,18.25,0.09375,0.11822508080050302,-2.125,-0.89375,-18.25,-0.09375,-0.11822508080050302,0.5,0.475,8.5,0.058035714285714274,0.05931059908302161,-0.5,-0.475,-8.5,-0.058035714285714274,-0.05931059908302161
LIT_PCBA,ligand_only,0.7,20,chemdeprc_cap1,10.0,0.5,9.5,0.5948863636363636,0.625,0.030113636363636363,0.0036194569887793753,10.0,0.04400252525252525,0.07011175743035018,9.273618495495704,0.7559289460184544,8.815570640309435,0.49393868848381356,0.5175491695067657,0.043931462935523254,0.0052604927228548405,9.273618495495704,0.04246067759615116,0.05984974240266779,8,2.125,0.89375,18.25,0.09375,0.11822508080050302,-1.625,-0.29886363636363644,-8.25,-0.04974747474747475,-0.04811332337015284,0.5,0.475,8.5,0.058035714285714274,0.05931059908302161,0.0,0.11988636363636362,1.5,-0.014033189033189022,0.010801158347328574
LIT_PCBA,ligand_only,0.7,20,chemdeprc_scoresoft50,8.75,0.125,8.625,0.6160714285714286,0.625,0.008928571428571425,0.001225490196078425,6.125,0.15040584415584413,0.09070144125805879,7.3824115301167,0.3535533905932738,7.2886898685566255,0.5107267730741104,0.5175491695067657,0.025253813613805253,0.0034662097116987447,5.0832357523811265,0.1352520902108962,0.07827177262349747,8,2.125,0.89375,18.25,0.09375,0.11822508080050302,-2.0,-0.27767857142857144,-12.125,0.056655844155844126,-0.02752363954244423,0.5,0.475,8.5,0.058035714285714274,0.05931059908302161,-0.375,0.14107142857142863,-2.375,0.09237012987012985,0.03139084217503718
LIT_PCBA,ligand_only,0.7,20,chemdeprc_soft75,10.625,0.625,10.0,0.5869791666666666,0.625,0.03802083333333332,0.004025301144623537,8.125,0.11651785714285715,0.08616819418156568,9.054399088682963,1.0606601717798212,8.635475005547093,0.4895203226929042,0.5175491695067657,0.06604762816716386,0.005626415704345069,7.059694449073962,0.12367280111121393,0.07331922767455765,8,2.125,0.89375,18.25,0.09375,0.11822508080050302,-1.5,-0.30677083333333344,-10.125,0.022767857142857145,-0.03205688661893734,0.5,0.475,8.5,0.058035714285714274,0.05931059908302161,0.125,0.11197916666666663,-0.375,0.05848214285714287,0.026857595098544074
LIT_PCBA,ligand_only,0.7,20,raw_top_b,20.0,2.125,17.875,0.89375,0.875,0.10625,0.003058130212312175,18.25,0.09375,0.11822508080050302,0.0,4.223657859520077,4.223657859520076,0.2111828929760038,0.3535533905932738,0.21118289297600384,0.005247648943108474,1.48804761828569,0.032043497223082786,0.012230831233889232,8,2.125,0.89375,18.25,0.09375,0.11822508080050302,0.0,0.0,0.0,0.0,0.0,0.5,0.475,8.5,0.058035714285714274,0.05931059908302161,1.625,0.41875000000000007,9.75,0.035714285714285726,0.05891448171748141
LIT_PCBA,ligand_only,0.7,20,score_cap1,20.0,2.375,17.625,0.88125,0.875,0.11875,0.00984874202665815,20.0,0.05,0.11311799272802424,0.0,4.103569874424672,4.103569874424672,0.2051784937212336,0.3535533905932738,0.2051784937212336,0.014081102363901237,0.0,0.0,0.013313589788606193,8,2.125,0.89375,18.25,0.09375,0.11822508080050302,0.25,-0.012500000000000067,1.75,-0.04375,-0.005107088072478783,0.5,0.475,8.5,0.058035714285714274,0.05931059908302161,1.875,0.40625,11.5,-0.008035714285714271,0.05380739364500263
LIT_PCBA,ligand_only,0.7,20,score_dpp,20.0,2.125,17.875,0.89375,0.875,0.10625000000000001,0.0038461589977079377,19.875,0.05625,0.08224217480348936,0.0,4.454131308603925,4.454131308603925,0.22270656543019626,0.3535533905932738,0.22270656543019632,0.005119415813893473,0.35355339059327373,0.017677669529663688,0.020587783662885814,8,2.125,0.89375,18.25,0.09375,0.11822508080050302,0.0,0.0,1.625,-0.0375,-0.03598290599701366,0.5,0.475,8.5,0.058035714285714274,0.05931059908302161,1.625,0.41875000000000007,11.375,-0.0017857142857142724,0.02293157572046775
LIT_PCBA,ligand_only,0.7,20,score_mmr25,20.0,2.25,17.75,0.8875,0.875,0.11249999999999999,0.004683243654013663,19.875,0.05625,0.08711208407847447,0.0,4.8032726938441215,4.8032726938441215,0.24016363469220608,0.3535533905932738,0.24016363469220608,0.007402626750762118,0.3535533905932738,0.017677669529663688,0.02118576257861583,8,2.125,0.89375,18.25,0.09375,0.11822508080050302,0.125,-0.006250000000000089,1.625,-0.0375,-0.031112996722028552,0.5,0.475,8.5,0.058035714285714274,0.05931059908302161,1.75,0.4125,11.375,-0.0017857142857142724,0.02780148499545286
LIT_PCBA,ligand_only,0.7,20,weighted_bh,9.0,0.25,8.75,0.4875,0.5,0.0125,0.0019881226368568,8.375,0.0625,0.06212453952283724,9.9713876380658,0.4629100498862757,9.662150012142373,0.5215019517837739,0.5345224838248488,0.02314550249431379,0.004458556556079039,9.575825216211319,0.08762745818846641,0.0674334082594971,8,2.125,0.89375,18.25,0.09375,0.11822508080050302,-1.875,-0.40625000000000006,-9.875,-0.03125,-0.05610054127766578,0.5,0.475,8.5,0.058035714285714274,0.05931059908302161,-0.25,0.012500000000000011,-0.125,0.004464285714285726,0.0028139404398156292
LIT_PCBA,ligand_only,0.7,200,bh,25.0,1.125,23.875,0.48172268907563026,0.5,0.01827731092436974,0.018060064935064925,23.375,0.044782913165266086,0.0630323904840307,37.26737370485265,2.2320714274285347,35.786819201647816,0.5162732096240285,0.5345224838248488,0.041377489089445975,0.04374465367425047,36.12255923539037,0.07300474985951719,0.06866360519709473,8,22.625,0.886875,166.125,0.039375,0.11500332833668095,-21.5,-0.4051523109243697,-142.75,0.005407913165266086,-0.05197093785265025,1.125,0.48172268907563026,23.375,0.044782913165266086,0.0630323904840307,0.0,0.0,0.0,0.0,0.0
LIT_PCBA,ligand_only,0.7,200,block_bh,26.75,0.875,25.875,0.6009298598688133,0.625,0.024070140131186624,0.00483698945631185,19.75,0.09013292399155311,0.0828723789683224,35.46728875215261,1.7268882005337975,34.91392477017075,0.49914239425197066,0.5175491695067657,0.04378967419747674,0.006894211241604218,26.477753465341966,0.12673638386262442,0.07117394287821531,8,22.625,0.886875,166.125,0.039375,0.11500332833668095,-21.75,-0.28594514013118666,-146.375,0.05075792399155311,-0.032130949368358544,1.125,0.48172268907563026,23.375,0.044782913165266086,0.0630323904840307,-0.25,0.11920717079318305,-3.625,0.04535001082628702,0.019839988484291707
LIT_PCBA,ligand_only,0.7,200,by,0.0,0.0,0.0,0.0,0.0,0.0,0.0,0.0,0.0,0.0,0.0,0.0,0.0,0.0,0.0,0.0,0.0,0.0,0.0,0.0,8,22.625,0.886875,166.125,0.039375,0.11500332833668095,-22.625,-0.886875,-166.125,-0.039375,-0.11500332833668095,1.125,0.48172268907563026,23.375,0.044782913165266086,0.0630323904840307,-1.125,-0.48172268907563026,-23.375,-0.044782913165266086,-0.0630323904840307
LIT_PCBA,ligand_only,0.7,200,chemdeprc_cap1,19.75,0.625,19.125,0.6023762421788738,0.625,0.022623757821126238,0.004025301144623537,19.75,0.035537172908454366,0.07030128108539513,26.477753465341966,1.0606601717798212,25.92537367136682,0.49993107103405304,0.5175491695067657,0.038284792623451885,0.005626415704345069,26.477753465341966,0.04347079169434425,0.059703148851844294,8,22.625,0.886875,166.125,0.039375,0.11500332833668095,-22.0,-0.2844987578211262,-146.375,-0.003837827091545634,-0.04470204725128582,1.125,0.48172268907563026,23.375,0.044782913165266086,0.0630323904840307,-0.5,0.1206535531032435,-3.625,-0.00924574025681172,0.0072688906013644305
LIT_PCBA,ligand_only,0.7,200,chemdeprc_scoresoft50,26.75,0.875,25.875,0.6009298598688133,0.625,0.024070140131186624,0.00483698945631185,19.75,0.09013292399155311,0.0828723789683224,35.46728875215261,1.7268882005337975,34.91392477017075,0.49914239425197066,0.5175491695067657,0.04378967419747674,0.006894211241604218,26.477753465341966,0.12673638386262442,0.07117394287821531,8,22.625,0.886875,166.125,0.039375,0.11500332833668095,-21.75,-0.28594514013118666,-146.375,0.05075792399155311,-0.032130949368358544,1.125,0.48172268907563026,23.375,0.044782913165266086,0.0630323904840307,-0.25,0.11920717079318305,-3.625,0.04535001082628702,0.019839988484291707
LIT_PCBA,ligand_only,0.7,200,chemdeprc_soft75,26.75,0.875,25.875,0.6009298598688133,0.625,0.024070140131186624,0.00483698945631185,19.75,0.09013292399155311,0.0828723789683224,35.46728875215261,1.7268882005337975,34.91392477017075,0.49914239425197066,0.5175491695067657,0.04378967419747674,0.006894211241604218,26.477753465341966,0.12673638386262442,0.07117394287821531,8,22.625,0.886875,166.125,0.039375,0.11500332833668095,-21.75,-0.28594514013118666,-146.375,0.05075792399155311,-0.032130949368358544,1.125,0.48172268907563026,23.375,0.044782913165266086,0.0630323904840307,-0.25,0.11920717079318305,-3.625,0.04535001082628702,0.019839988484291707
LIT_PCBA,ligand_only,0.7,200,raw_top_b,200.0,22.625,177.375,0.886875,0.875,0.113125,0.058090602669787564,166.125,0.039375,0.11500332833668095,0.0,42.9748680709352,42.9748680709352,0.21487434035467598,0.3535533905932738,0.214874340354676,0.04147546161442592,27.068365827501086,0.030170645620252432,0.015231106927970391,8,22.625,0.886875,166.125,0.039375,0.11500332833668095,0.0,0.0,0.0,0.0,0.0,1.125,0.48172268907563026,23.375,0.044782913165266086,0.0630323904840307,21.5,0.4051523109243697,142.75,-0.005407913165266086,0.05197093785265025
LIT_PCBA,ligand_only,0.7,200,score_cap1,200.0,22.5,177.5,0.8875,0.875,0.1125,0.06693856628763484,200.0,0.005,0.11432537992718919,0.0,41.80225557824089,41.80225557824089,0.2090112778912045,0.3535533905932738,0.2090112778912044,0.04996291848080998,0.0,0.0,0.015866666052257408,8,22.625,0.886875,166.125,0.039375,0.11500332833668095,-0.125,0.0006249999999999867,33.875,-0.034375,-0.0006779484094917576,1.125,0.48172268907563026,23.375,0.044782913165266086,0.0630323904840307,21.375,0.4057773109243697,176.625,-0.03978291316526609,0.05129298944315849
LIT_PCBA,ligand_only,0.7,200,score_dpp,200.0,22.125,177.875,0.889375,0.875,0.110625,0.06716091915002285,187.625,0.039375,0.10993648382398269,0.0,40.321697455765495,40.3216974557655,0.2016084872788275,0.3535533905932738,0.20160848727882746,0.04669614870379065,11.121889613344871,0.032341647188372194,0.01587541058767248,8,22.625,0.886875,166.125,0.039375,0.11500332833668095,-0.5,0.0025000000000000577,21.5,0.0,-0.00506684451269826,1.125,0.48172268907563026,23.375,0.044782913165266086,0.0630323904840307,21.0,0.40765231092436977,164.25,-0.005407913165266086,0.04690409333995199
LIT_PCBA,ligand_only,0.7,200,score_mmr25,200.0,22.5,177.5,0.8875,0.875,0.1125,0.06633041936026685,187.0,0.04,0.1119906267169492,0.0,41.41428325038183,41.41428325038183,0.20707141625190909,0.3535533905932738,0.20707141625190914,0.04714153295884254,12.444160994504323,0.03525417908358019,0.015664749931086904,8,22.625,0.886875,166.125,0.039375,0.11500332833668095,-0.125,0.0006249999999999867,20.875,0.0006250000000000006,-0.0030127016197317447,1.125,0.48172268907563026,23.375,0.044782913165266086,0.0630323904840307,21.375,0.4057773109243697,163.625,-0.004782913165266085,0.048958236232918506
LIT_PCBA,ligand_only,0.7,200,weighted_bh,16.5,0.25,16.25,0.49444444444444446,0.5,0.0055555555555555376,0.0019881226368568,15.5,0.04930555555555553,0.0614972904508097,22.161743098024964,0.4629100498862757,21.75677234465496,0.5286584131677572,0.5345224838248488,0.01070693457399365,0.004458556556079039,21.340772512460074,0.08608870676284297,0.066803718021575,8,22.625,0.886875,166.125,0.039375,0.11500332833668095,-22.375,-0.3924305555555555,-150.625,0.009930555555555533,-0.05350603788587125,1.125,0.48172268907563026,23.375,0.044782913165266086,0.0630323904840307,-0.875,0.012721755368814203,-7.875,0.004522642390289447,-0.001535100033221
LIT_PCBA,ligand_only,0.7,50,bh,18.0,1.0,17.0,0.48,0.5,0.02,0.012851731601731588,16.625,0.0451190476190476,0.06246763815433665,22.373453657659304,2.138089935299395,20.784609690826525,0.51447615521588,0.5345224838248488,0.0427617987059879,0.029283342516015005,21.367114251310852,0.07297453971565708,0.06816323554971242,8,5.625,0.8875,43.625,0.07,0.11692690433417761,-4.625,-0.4075,-27.0,-0.024880952380952406,-0.05445926617984097,1.0,0.48,16.625,0.0451190476190476,0.06246763815433665,0.0,0.0,0.0,0.0,0.0
LIT_PCBA,ligand_only,0.7,50,block_bh,20.0,0.875,19.125,0.5996317829457364,0.625,0.02536821705426355,0.00483698945631185,15.625,0.0953252316838608,0.08336676667629266,20.75021514518412,1.7268882005337975,19.838184680775896,0.4979970729536394,0.5175491695067657,0.04345259324552647,0.006894211241604218,17.516828643172992,0.1251580946270275,0.07138341440261124,8,5.625,0.8875,43.625,0.07,0.11692690433417761,-4.75,-0.2878682170542636,-28.0,0.02532523168386079,-0.03356013765788496,1.0,0.48,16.625,0.0451190476190476,0.06246763815433665,-0.125,0.1196317829457364,-1.0,0.0502061840648132,0.02089912852195601
LIT_PCBA,ligand_only,0.7,50,by,0.0,0.0,0.0,0.0,0.0,0.0,0.0,0.0,0.0,0.0,0.0,0.0,0.0,0.0,0.0,0.0,0.0,0.0,0.0,0.0,8,5.625,0.8875,43.625,0.07,0.11692690433417761,-5.625,-0.8875,-43.625,-0.07,-0.11692690433417761,1.0,0.48,16.625,0.0451190476190476,0.06246763815433665,-1.0,-0.48,-16.625,-0.0451190476190476,-0.06246763815433665
LIT_PCBA,ligand_only,0.7,50,chemdeprc_cap1,16.5,0.625,15.875,0.601520979020979,0.625,0.023479020979020975,0.004025301144623537,16.5,0.0363924360663491,0.07008118563078823,19.175877703883224,1.0606601717798212,18.48116802122018,0.499184675430137,0.5175491695067657,0.03811918745229888,0.005626415704345069,19.175877703883224,0.04303269183121508,0.05955110619669479,8,5.625,0.8875,43.625,0.07,0.11692690433417761,-5.0,-0.28597902097902095,-27.125,-0.03360756393365091,-0.04684571870338938,1.0,0.48,16.625,0.0451190476190476,0.06246763815433665,-0.375,0.12152097902097903,-0.125,-0.0087266115526985,0.007613547476451585
LIT_PCBA,ligand_only,0.7,50,chemdeprc_scoresoft50,17.5,0.875,16.625,0.5922740334378265,0.625,0.03272596656217345,0.00483698945631185,11.625,0.09949560421429748,0.0848962480771423,17.69584293394517,1.7268882005337975,17.112547610285436,0.4934953725285887,0.5175491695067657,0.06108492720672353,0.006894211241604218,11.338146736948302,0.12398698704951484,0.07213822633894634,8,5.625,0.8875,43.625,0.07,0.11692690433417761,-4.75,-0.2952259665621735,-32.0,0.029495604214297477,-0.032030656257035314,1.0,0.48,16.625,0.0451190476190476,0.06246763815433665,-0.125,0.11227403343782649,-5.0,0.054376556595249884,0.022428609922805653
LIT_PCBA,ligand_only,0.7,50,chemdeprc_soft75,19.875,0.875,19.0,0.5992857142857142,0.625,0.0257142857142857,0.00483698945631185,14.875,0.09546365914786967,0.0840528697693391,20.594295326618973,1.7268882005337975,19.70496674155311,0.4977723618914961,0.5175491695067657,0.044283154047857765,0.006894211241604218,16.251922963145006,0.12509699056658435,0.07172773683631159,8,5.625,0.8875,43.625,0.07,0.11692690433417761,-4.75,-0.28821428571428576,-28.75,0.02546365914786966,-0.03287403456483852,1.0,0.48,16.625,0.0451190476190476,0.06246763815433665,-0.125,0.11928571428571422,-1.75,0.05034461152882207,0.021585231615002448
LIT_PCBA,ligand_only,0.7,50,raw_top_b,50.0,5.625,44.375,0.8875,0.875,0.1125,0.01811240075992855,43.625,0.07,0.11692690433417761,0.0,10.432606851323676,10.432606851323676,0.20865213702647353,0.3535533905932738,0.20865213702647353,0.02749819246785477,5.125217765408327,0.03207134902949093,0.014927650296100164,8,5.625,0.8875,43.625,0.07,0.11692690433417761,0.0,0.0,0.0,0.0,0.0,1.0,0.48,16.625,0.0451190476190476,0.06246763815433665,4.625,0.4075,27.0,0.024880952380952406,0.05445926617984097
LIT_PCBA,ligand_only,0.7,50,score_cap1,50.0,5.5,44.5,0.89,0.875,0.11,0.01858937224205466,50.0,0.02,0.11375345935665088,0.0,10.37854930682924,10.378549306829242,0.2075709861365848,0.3535533905932738,0.20757098613658484,0.026855330988925907,0.0,0.0,0.016182220495927824,8,5.625,0.8875,43.625,0.07,0.11692690433417761,-0.125,0.0025000000000000577,6.375,-0.05,-0.0031734449775267376,1.0,0.48,16.625,0.0451190476190476,0.06246763815433665,4.5,0.41000000000000003,33.375,-0.0251190476190476,0.05128582120231423
LIT_PCBA,ligand_only,0.7,50,score_dpp,50.0,5.75,44.25,0.885,0.875,0.115,0.018862425386540302,48.875,0.042499999999999996,0.08815495303902027,0.0,9.924716620639604,9.924716620639604,0.1984943324127921,0.3535533905932738,0.1984943324127921,0.015982890261797684,1.1259916264596035,0.022519832529192065,0.019491695632759386,8,5.625,0.8875,43.625,0.07,0.11692690433417761,0.125,-0.0024999999999999467,5.25,-0.02750000000000001,-0.028771951295157347,1.0,0.48,16.625,0.0451190476190476,0.06246763815433665,4.75,0.405,32.25,-0.002619047619047604,0.02568731488468362
LIT_PCBA,ligand_only,0.7,50,score_mmr25,50.0,5.75,44.25,0.885,0.875,0.115,0.01638315262879029,49.625,0.0275,0.09854647102066975,0.0,10.713809513227043,10.713809513227043,0.2142761902645409,0.3535533905932738,0.2142761902645409,0.014628681474575383,0.5175491695067655,0.010350983390135314,0.019715910272743206,8,5.625,0.8875,43.625,0.07,0.11692690433417761,0.125,-0.0024999999999999467,6.0,-0.04250000000000001,-0.01838043331350786,1.0,0.48,16.625,0.0451190476190476,0.06246763815433665,4.75,0.405,33.0,-0.0176190476190476,0.03607883286633311
LIT_PCBA,ligand_only,0.7,50,weighted_bh,15.25,0.25,15.0,0.4940277777777778,0.5,0.005972222222222212,0.0019881226368568,14.25,0.05013888888888887,0.0616436336807938,19.477092772206607,0.4629100498862757,19.07129480958977,0.5282191763239305,0.5345224838248488,0.011252081915924729,0.004458556556079039,18.691097957507548,0.08594415458442209,0.06692750470309466,8,5.625,0.8875,43.625,0.07,0.11692690433417761,-5.375,-0.39347222222222217,-29.375,-0.019861111111111135,-0.055283270653383815,1.0,0.48,16.625,0.0451190476190476,0.06246763815433665,-0.75,0.014027777777777806,-2.375,0.0050198412698412714,-0.000824004473542847
LIT_PCBA,ligand_only,0.7,500,bh,25.0,1.125,23.875,0.48172268907563026,0.5,0.01827731092436974,0.018060064935064925,23.375,0.044782913165266086,0.0630323904840307,37.26737370485265,2.2320714274285347,35.786819201647816,0.5162732096240285,0.5345224838248488,0.041377489089445975,0.04374465367425047,36.12255923539037,0.07300474985951719,0.06866360519709473,8,59.25,0.8815,397.75,0.043,0.1137518305785169,-58.125,-0.3997773109243697,-374.375,0.0017829131652660896,-0.0507194400944862,1.125,0.48172268907563026,23.375,0.044782913165266086,0.0630323904840307,0.0,0.0,0.0,0.0,0.0
LIT_PCBA,ligand_only,0.7,500,block_bh,26.75,0.875,25.875,0.6009298598688133,0.625,0.024070140131186624,0.00483698945631185,19.75,0.09013292399155311,0.0828723789683224,35.46728875215261,1.7268882005337975,34.91392477017075,0.49914239425197066,0.5175491695067657,0.04378967419747674,0.006894211241604218,26.477753465341966,0.12673638386262442,0.07117394287821531,8,59.25,0.8815,397.75,0.043,0.1137518305785169,-58.375,-0.28057014013118664,-378.0,0.04713292399155311,-0.030879451610194494,1.125,0.48172268907563026,23.375,0.044782913165266086,0.0630323904840307,-0.25,0.11920717079318305,-3.625,0.04535001082628702,0.019839988484291707
LIT_PCBA,ligand_only,0.7,500,by,0.0,0.0,0.0,0.0,0.0,0.0,0.0,0.0,0.0,0.0,0.0,0.0,0.0,0.0,0.0,0.0,0.0,0.0,0.0,0.0,8,59.25,0.8815,397.75,0.043,0.1137518305785169,-59.25,-0.8815,-397.75,-0.043,-0.1137518305785169,1.125,0.48172268907563026,23.375,0.044782913165266086,0.0630323904840307,-1.125,-0.48172268907563026,-23.375,-0.044782913165266086,-0.0630323904840307
LIT_PCBA,ligand_only,0.7,500,chemdeprc_cap1,19.75,0.625,19.125,0.6023762421788738,0.625,0.022623757821126238,0.004025301144623537,19.75,0.035537172908454366,0.07030128108539513,26.477753465341966,1.0606601717798212,25.92537367136682,0.49993107103405304,0.5175491695067657,0.038284792623451885,0.005626415704345069,26.477753465341966,0.04347079169434425,0.059703148851844294,8,59.25,0.8815,397.75,0.043,0.1137518305785169,-58.625,-0.2791237578211262,-378.0,-0.0074628270915456305,-0.04345054949312177,1.125,0.48172268907563026,23.375,0.044782913165266086,0.0630323904840307,-0.5,0.1206535531032435,-3.625,-0.00924574025681172,0.0072688906013644305
LIT_PCBA,ligand_only,0.7,500,chemdeprc_scoresoft50,26.75,0.875,25.875,0.6009298598688133,0.625,0.024070140131186624,0.00483698945631185,19.75,0.09013292399155311,0.0828723789683224,35.46728875215261,1.7268882005337975,34.91392477017075,0.49914239425197066,0.5175491695067657,0.04378967419747674,0.006894211241604218,26.477753465341966,0.12673638386262442,0.07117394287821531,8,59.25,0.8815,397.75,0.043,0.1137518305785169,-58.375,-0.28057014013118664,-378.0,0.04713292399155311,-0.030879451610194494,1.125,0.48172268907563026,23.375,0.044782913165266086,0.0630323904840307,-0.25,0.11920717079318305,-3.625,0.04535001082628702,0.019839988484291707
LIT_PCBA,ligand_only,0.7,500,chemdeprc_soft75,26.75,0.875,25.875,0.6009298598688133,0.625,0.024070140131186624,0.00483698945631185,19.75,0.09013292399155311,0.0828723789683224,35.46728875215261,1.7268882005337975,34.91392477017075,0.49914239425197066,0.5175491695067657,0.04378967419747674,0.006894211241604218,26.477753465341966,0.12673638386262442,0.07117394287821531,8,59.25,0.8815,397.75,0.043,0.1137518305785169,-58.375,-0.28057014013118664,-378.0,0.04713292399155311,-0.030879451610194494,1.125,0.48172268907563026,23.375,0.044782913165266086,0.0630323904840307,-0.25,0.11920717079318305,-3.625,0.04535001082628702,0.019839988484291707
LIT_PCBA,ligand_only,0.7,500,raw_top_b,500.0,59.25,440.75,0.8815,0.875,0.11850000000000001,0.13807896927679192,397.75,0.043,0.1137518305785169,0.0,107.3202816672732,107.3202816672732,0.2146405633345464,0.3535533905932738,0.2146405633345464,0.0812095254867629,80.50332734915816,0.03803757540718313,0.016669184532547024,8,59.25,0.8815,397.75,0.043,0.1137518305785169,0.0,0.0,0.0,0.0,0.0,1.125,0.48172268907563026,23.375,0.044782913165266086,0.0630323904840307,58.125,0.3997773109243697,374.375,-0.0017829131652660896,0.0507194400944862
LIT_PCBA,ligand_only,0.7,500,score_cap1,500.0,59.75,440.25,0.8805000000000001,0.875,0.1195,0.17029328086787412,500.0,0.002,0.11249114213841832,0.0,104.11497765177002,104.11497765177,0.20822995530354008,0.3535533905932738,0.20822995530354002,0.09657249014938533,0.0,0.0,0.018065334184249732,8,59.25,0.8815,397.75,0.043,0.1137518305785169,0.5,-0.0009999999999998899,102.25,-0.040999999999999995,-0.0012606884400985785,1.125,0.48172268907563026,23.375,0.044782913165266086,0.0630323904840307,58.625,0.3987773109243698,476.625,-0.042782913165266084,0.04945875165438762
LIT_PCBA,ligand_only,0.7,500,score_dpp,500.0,58.75,441.25,0.8825000000000001,0.875,0.11750000000000001,0.14846255797260113,424.5,0.049,0.11258079159978825,0.0,105.04386838704241,105.04386838704241,0.2100877367740848,0.3535533905932738,0.2100877367740848,0.08338621689275062,58.61252913352719,0.045944065371461666,0.01639167312615892,8,59.25,0.8815,397.75,0.043,0.1137518305785169,-0.5,0.001000000000000112,26.75,0.006000000000000005,-0.001171038978728653,1.125,0.48172268907563026,23.375,0.044782913165266086,0.0630323904840307,57.625,0.4007773109243698,401.125,0.004217086834733916,0.04954840111575755
LIT_PCBA,ligand_only,0.7,500,score_mmr25,500.0,57.625,442.375,0.88475,0.875,0.11525,0.13544440638257826,410.5,0.044,0.11290020750319402,0.0,104.63533615097994,104.63533615097994,0.20927067230195992,0.3535533905932738,0.20927067230195992,0.07886015903147828,74.10031810226691,0.0387961706505018,0.016572780708618975,8,59.25,0.8815,397.75,0.043,0.1137518305785169,-1.625,0.003250000000000086,12.75,0.0010000000000000009,-0.0008516230753228826,1.125,0.48172268907563026,23.375,0.044782913165266086,0.0630323904840307,56.5,0.4030273109243698,387.125,-0.0007829131652660887,0.04986781701916332
LIT_PCBA,ligand_only,0.7,500,weighted_bh,16.5,0.25,16.25,0.49444444444444446,0.5,0.0055555555555555376,0.0019881226368568,15.5,0.04930555555555553,0.0614972904508097,22.161743098024964,0.4629100498862757,21.75677234465496,0.5286584131677572,0.5345224838248488,0.01070693457399365,0.004458556556079039,21.340772512460074,0.08608870676284297,0.066803718021575,8,59.25,0.8815,397.75,0.043,0.1137518305785169,-59.0,-0.3870555555555555,-382.25,0.0063055555555555365,-0.0522545401277072,1.125,0.48172268907563026,23.375,0.044782913165266086,0.0630323904840307,-0.875,0.012721755368814203,-7.875,0.004522642390289447,-0.001535100033221
