artifact_fraction,logit_boost,block_perturbation,q,budget_label,baseline,method,metric,mean_delta,ci95_low,ci95_high,n_pairs
0.0,0.0,none,0.7,100,score_cap1,chemdeprc_cap1,true_hits,-1.8,-1.99005,-1.62,500
0.0,0.0,none,0.7,100,score_cap1,chemdeprc_cap1,fdp,-0.009944779982743743,-0.013488088438308888,-0.00673665962036238,500
0.0,0.0,none,0.7,100,score_cap1,chemdeprc_cap1,fdp_exceeds_q,-0.1,-0.128,-0.07595000000000027,500
0.0,0.0,none,0.7,100,score_cap1,chemdeprc_cap1,unique_blocks,-6.3,-7.440300000000001,-5.207850000000001,500
0.0,0.0,none,0.7,100,score_cap1,chemdeprc_cap1,max_block_share,0.0009551337359792898,0.0007830465918895577,0.00113473511647972,500
0.0,0.0,none,0.7,100,score_cap1,chemdeprc_cap1,mean_pairwise_tanimoto,0.001959408819675426,0.0015654252685606287,0.002382408688217384,500
0.0,0.0,none,0.7,100,score_cap1,chemdeprc_scorecap1,true_hits,-1.5,-1.706,-1.324,500
0.0,0.0,none,0.7,100,score_cap1,chemdeprc_scorecap1,fdp,-0.012944779982743742,-0.01646614883520276,-0.00975991846419327,500
0.0,0.0,none,0.7,100,score_cap1,chemdeprc_scorecap1,fdp_exceeds_q,-0.1,-0.126,-0.074,500
0.0,0.0,none,0.7,100,score_cap1,chemdeprc_scorecap1,unique_blocks,-6.3,-7.47,-5.159850000000001,500
0.0,0.0,none,0.7,100,score_cap1,chemdeprc_scorecap1,max_block_share,0.0009551337359792898,0.000776285591026745,0.0011336919758412392,500
0.0,0.0,none,0.7,100,score_cap1,chemdeprc_scorecap1,mean_pairwise_tanimoto,0.0022926002740859984,0.0019250590570271014,0.0026866609878838077,500
0.0,0.0,none,0.7,100,score_cap1,hier_bh_cap1,true_hits,-1.8,-1.984,-1.62,500
0.0,0.0,none,0.7,100,score_cap1,hier_bh_cap1,fdp,-0.009944779982743743,-0.013529035806729936,-0.006599340379637619,500
0.0,0.0,none,0.7,100,score_cap1,hier_bh_cap1,fdp_exceeds_q,-0.1,-0.128,-0.074,500
0.0,0.0,none,0.7,100,score_cap1,hier_bh_cap1,unique_blocks,-6.3,-7.524,-5.184,500
0.0,0.0,none,0.7,100,score_cap1,hier_bh_cap1,max_block_share,0.0009551337359792898,0.0007824292493528883,0.001147071613459875,500
0.0,0.0,none,0.7,100,score_cap1,hier_bh_cap1,mean_pairwise_tanimoto,0.001959408819675426,0.0015773562885820667,0.0023619468815624534,500
0.0,0.0,none,0.7,100,score_cap1,minp_block_bh_cap1,true_hits,-3.0,-3.254,-2.7659000000000007,500
0.0,0.0,none,0.7,100,score_cap1,minp_block_bh_cap1,fdp,-0.014560551754100145,-0.01965173688497883,-0.009866460899315746,500
0.0,0.0,none,0.7,100,score_cap1,minp_block_bh_cap1,fdp_exceeds_q,-0.1,-0.128,-0.076,500
0.0,0.0,none,0.7,100,score_cap1,minp_block_bh_cap1,unique_blocks,-8.7,-10.1241,-7.3219,500
0.0,0.0,none,0.7,100,score_cap1,minp_block_bh_cap1,max_block_share,0.00144227218420766,0.001207446996850215,0.001695122243944815,500
0.0,0.0,none,0.7,100,score_cap1,minp_block_bh_cap1,mean_pairwise_tanimoto,0.0022022709250450077,0.0016403595179319327,0.0027793240912258555,500
0.0,0.0,none,0.7,100,score_cap1,block_by_cap1,true_hits,-29.3,-31.396150000000002,-27.333750000000002,500
0.0,0.0,none,0.7,100,score_cap1,block_by_cap1,fdp,-0.1975454942660825,-0.21243516171682353,-0.18284695278196755,500
0.0,0.0,none,0.7,100,score_cap1,block_by_cap1,fdp_exceeds_q,-0.1,-0.128,-0.074,500
0.0,0.0,none,0.7,100,score_cap1,block_by_cap1,unique_blocks,-53.7,-56.322100000000006,-50.87165,500
0.0,0.0,none,0.7,100,score_cap1,block_by_cap1,max_block_share,0.018794994493523867,0.016562725795446345,0.021087504174746783,500
0.0,0.0,none,0.7,100,score_cap1,block_by_cap1,mean_pairwise_tanimoto,0.01596360206604004,0.010431698487699028,0.0211504094325006,500
0.0,0.0,none,0.7,100,score_cap1,bh_cap1,true_hits,-1.0,-1.172,-0.824,500
0.0,0.0,none,0.7,100,score_cap1,bh_cap1,fdp,-0.012120218579234971,-0.014340546448087431,-0.01005483606557377,500
0.0,0.0,none,0.7,100,score_cap1,bh_cap1,fdp_exceeds_q,-0.1,-0.126,-0.074,500
0.0,0.0,none,0.7,100,score_cap1,bh_cap1,unique_blocks,-5.5,-6.55,-4.463750000000002,500
0.0,0.0,none,0.7,100,score_cap1,bh_cap1,max_block_share,0.00082982045277127,0.0006660421545667428,0.001014011319281808,500
0.0,0.0,none,0.7,100,score_cap1,bh_cap1,mean_pairwise_tanimoto,0.001586967706680298,0.0013138754390180111,0.0018732315279543397,500
0.0,0.0,none,0.7,100,score_cap1,weighted_bh,true_hits,9.9,9.177950000000001,10.626149999999999,500
0.0,0.0,none,0.7,100,score_cap1,weighted_bh,fdp,-0.10564556962025314,-0.11245798101265822,-0.09915077848101267,500
0.0,0.0,none,0.7,100,score_cap1,weighted_bh,fdp_exceeds_q,-0.1,-0.128,-0.074,500
0.0,0.0,none,0.7,100,score_cap1,weighted_bh,unique_blocks,-26.6,-27.280050000000003,-25.912,500
0.0,0.0,none,0.7,100,score_cap1,weighted_bh,max_block_share,0.0480632911392405,0.04662455696202532,0.049440911392405064,500
0.0,0.0,none,0.7,100,score_cap1,weighted_bh,mean_pairwise_tanimoto,0.022150714695453648,0.020558223077654838,0.023777293106913566,500
0.0,0.0,none,0.7,20,score_cap1,chemdeprc_cap1,true_hits,0.1,0.07595,0.126,500
0.0,0.0,none,0.7,20,score_cap1,chemdeprc_cap1,fdp,-0.005,-0.006300000000000001,-0.0037,500
0.0,0.0,none,0.7,20,score_cap1,chemdeprc_cap1,fdp_exceeds_q,0.0,0.0,0.0,500
0.0,0.0,none,0.7,20,score_cap1,chemdeprc_cap1,unique_blocks,0.0,0.0,0.0,500
0.0,0.0,none,0.7,20,score_cap1,chemdeprc_cap1,max_block_share,0.0,0.0,0.0,500
0.0,0.0,none,0.7,20,score_cap1,chemdeprc_cap1,mean_pairwise_tanimoto,-0.011067794263362884,-0.012979456328600649,-0.009237907211482528,500
0.0,0.0,none,0.7,20,score_cap1,chemdeprc_scorecap1,true_hits,0.0,0.0,0.0,500
0.0,0.0,none,0.7,20,score_cap1,chemdeprc_scorecap1,fdp,0.0,0.0,0.0,500
0.0,0.0,none,0.7,20,score_cap1,chemdeprc_scorecap1,fdp_exceeds_q,0.0,0.0,0.0,500
0.0,0.0,none,0.7,20,score_cap1,chemdeprc_scorecap1,unique_blocks,0.0,0.0,0.0,500
0.0,0.0,none,0.7,20,score_cap1,chemdeprc_scorecap1,max_block_share,0.0,0.0,0.0,500
0.0,0.0,none,0.7,20,score_cap1,chemdeprc_scorecap1,mean_pairwise_tanimoto,0.0,0.0,0.0,500
0.0,0.0,none,0.7,20,score_cap1,hier_bh_cap1,true_hits,0.1,0.074,0.126,500
0.0,0.0,none,0.7,20,score_cap1,hier_bh_cap1,fdp,-0.005,-0.0064,-0.0037,500
0.0,0.0,none,0.7,20,score_cap1,hier_bh_cap1,fdp_exceeds_q,0.0,0.0,0.0,500
0.0,0.0,none,0.7,20,score_cap1,hier_bh_cap1,unique_blocks,0.0,0.0,0.0,500
0.0,0.0,none,0.7,20,score_cap1,hier_bh_cap1,max_block_share,0.0,0.0,0.0,500
0.0,0.0,none,0.7,20,score_cap1,hier_bh_cap1,mean_pairwise_tanimoto,-0.011067794263362884,-0.012884862533211711,-0.00932476620972157,500
0.0,0.0,none,0.7,20,score_cap1,minp_block_bh_cap1,true_hits,0.1,0.052,0.1460499999999997,500
0.0,0.0,none,0.7,20,score_cap1,minp_block_bh_cap1,fdp,-0.004999999999999998,-0.0074,-0.0026975000000000137,500
0.0,0.0,none,0.7,20,score_cap1,minp_block_bh_cap1,fdp_exceeds_q,0.0,0.0,0.0,500
0.0,0.0,none,0.7,20,score_cap1,minp_block_bh_cap1,unique_blocks,0.0,0.0,0.0,500
0.0,0.0,none,0.7,20,score_cap1,minp_block_bh_cap1,max_block_share,0.0,0.0,0.0,500
0.0,0.0,none,0.7,20,score_cap1,minp_block_bh_cap1,mean_pairwise_tanimoto,-0.016532470285892508,-0.018908168043941274,-0.014385922230780149,500
0.0,0.0,none,0.7,20,score_cap1,block_by_cap1,true_hits,-2.5,-3.054,-1.982,500
0.0,0.0,none,0.7,20,score_cap1,block_by_cap1,fdp,-0.03166666666666666,-0.038667499999999994,-0.02496416666666668,500
0.0,0.0,none,0.7,20,score_cap1,block_by_cap1,fdp_exceeds_q,0.0,0.0,0.0,500
0.0,0.0,none,0.7,20,score_cap1,block_by_cap1,unique_blocks,-3.3,-3.832,-2.78595,500
0.0,0.0,none,0.7,20,score_cap1,block_by_cap1,max_block_share,-1.0880185641326535e-17,-0.0017008333333333433,0.0016674999999999839,500
0.0,0.0,none,0.7,20,score_cap1,block_by_cap1,mean_pairwise_tanimoto,-0.02734507471323014,-0.03300443569198251,-0.022069518212229022,500
0.0,0.0,none,0.7,20,score_cap1,bh_cap1,true_hits,0.0,0.0,0.0,500
0.0,0.0,none,0.7,20,score_cap1,bh_cap1,fdp,0.0,0.0,0.0,500
0.0,0.0,none,0.7,20,score_cap1,bh_cap1,fdp_exceeds_q,0.0,0.0,0.0,500
0.0,0.0,none,0.7,20,score_cap1,bh_cap1,unique_blocks,0.0,0.0,0.0,500
0.0,0.0,none,0.7,20,score_cap1,bh_cap1,max_block_share,0.0,0.0,0.0,500
0.0,0.0,none,0.7,20,score_cap1,bh_cap1,mean_pairwise_tanimoto,0.0,0.0,0.0,500
0.0,0.0,none,0.7,20,score_cap1,weighted_bh,true_hits,0.3,0.262,0.338,500
0.0,0.0,none,0.7,20,score_cap1,weighted_bh,fdp,-0.014999999999999996,-0.0169,-0.013,500
0.0,0.0,none,0.7,20,score_cap1,weighted_bh,fdp_exceeds_q,0.0,0.0,0.0,500
0.0,0.0,none,0.7,20,score_cap1,weighted_bh,unique_blocks,-0.8,-0.91,-0.692,500
0.0,0.0,none,0.7,20,score_cap1,weighted_bh,max_block_share,0.020000000000000004,0.0178,0.022102499999999987,500
0.0,0.0,none,0.7,20,score_cap1,weighted_bh,mean_pairwise_tanimoto,-0.014121018350124378,-0.016042869359999913,-0.012271060728281758,500
0.0,0.0,none,0.7,30,score_cap1,chemdeprc_cap1,true_hits,0.0,-0.068,0.068,500
0.0,0.0,none,0.7,30,score_cap1,chemdeprc_cap1,fdp,2.6645352591003758e-18,-0.002266666666666664,0.0022683333333333284,500
0.0,0.0,none,0.7,30,score_cap1,chemdeprc_cap1,fdp_exceeds_q,0.0,0.0,0.0,500
0.0,0.0,none,0.7,30,score_cap1,chemdeprc_cap1,unique_blocks,0.0,0.0,0.0,500
0.0,0.0,none,0.7,30,score_cap1,chemdeprc_cap1,max_block_share,0.0,0.0,0.0,500
0.0,0.0,none,0.7,30,score_cap1,chemdeprc_cap1,mean_pairwise_tanimoto,-0.004532319307327265,-0.005697478088736531,-0.003403000427037473,500
0.0,0.0,none,0.7,30,score_cap1,chemdeprc_scorecap1,true_hits,0.0,0.0,0.0,500
0.0,0.0,none,0.7,30,score_cap1,chemdeprc_scorecap1,fdp,0.0,0.0,0.0,500
0.0,0.0,none,0.7,30,score_cap1,chemdeprc_scorecap1,fdp_exceeds_q,0.0,0.0,0.0,500
0.0,0.0,none,0.7,30,score_cap1,chemdeprc_scorecap1,unique_blocks,0.0,0.0,0.0,500
0.0,0.0,none,0.7,30,score_cap1,chemdeprc_scorecap1,max_block_share,0.0,0.0,0.0,500
0.0,0.0,none,0.7,30,score_cap1,chemdeprc_scorecap1,mean_pairwise_tanimoto,0.0004178941249847384,0.00030924165248870643,0.0005349044799804652,500
0.0,0.0,none,0.7,30,score_cap1,hier_bh_cap1,true_hits,0.0,-0.06805,0.068,500
0.0,0.0,none,0.7,30,score_cap1,hier_bh_cap1,fdp,2.6645352591003758e-18,-0.002133333333333333,0.002333333333333336,500
0.0,0.0,none,0.7,30,score_cap1,hier_bh_cap1,fdp_exceeds_q,0.0,0.0,0.0,500
0.0,0.0,none,0.7,30,score_cap1,hier_bh_cap1,unique_blocks,0.0,0.0,0.0,500
0.0,0.0,none,0.7,30,score_cap1,hier_bh_cap1,max_block_share,0.0,0.0,0.0,500
0.0,0.0,none,0.7,30,score_cap1,hier_bh_cap1,mean_pairwise_tanimoto,-0.004532319307327265,-0.00566614671051502,-0.0033964038141071724,500
0.0,0.0,none,0.7,30,score_cap1,minp_block_bh_cap1,true_hits,-0.5,-0.62,-0.378,500
0.0,0.0,none,0.7,30,score_cap1,minp_block_bh_cap1,fdp,0.01666666666666667,0.01240000000000001,0.020866666666666676,500
0.0,0.0,none,0.7,30,score_cap1,minp_block_bh_cap1,fdp_exceeds_q,0.0,0.0,0.0,500
0.0,0.0,none,0.7,30,score_cap1,minp_block_bh_cap1,unique_blocks,0.0,0.0,0.0,500
0.0,0.0,none,0.7,30,score_cap1,minp_block_bh_cap1,max_block_share,0.0,0.0,0.0,500
0.0,0.0,none,0.7,30,score_cap1,minp_block_bh_cap1,mean_pairwise_tanimoto,-0.012694348394870766,-0.014189926677197227,-0.011144590787589557,500
0.0,0.0,none,0.7,30,score_cap1,block_by_cap1,true_hits,-5.0,-5.8260499999999995,-4.251750000000001,500
0.0,0.0,none,0.7,30,score_cap1,block_by_cap1,fdp,-0.040128205128205134,-0.051731858974358974,-0.028905641025641034,500
0.0,0.0,none,0.7,30,score_cap1,block_by_cap1,fdp_exceeds_q,0.0,0.0,0.0,500
0.0,0.0,none,0.7,30,score_cap1,block_by_cap1,unique_blocks,-6.7,-7.548,-5.82195,500
0.0,0.0,none,0.7,30,score_cap1,block_by_cap1,max_block_share,0.00551282051282051,0.003645448717948717,0.007248846153846151,500
0.0,0.0,none,0.7,30,score_cap1,block_by_cap1,mean_pairwise_tanimoto,-0.018920978903770428,-0.024679680860787617,-0.01368591129258274,500
0.0,0.0,none,0.7,30,score_cap1,bh_cap1,true_hits,0.0,0.0,0.0,500
0.0,0.0,none,0.7,30,score_cap1,bh_cap1,fdp,0.0,0.0,0.0,500
0.0,0.0,none,0.7,30,score_cap1,bh_cap1,fdp_exceeds_q,0.0,0.0,0.0,500
0.0,0.0,none,0.7,30,score_cap1,bh_cap1,unique_blocks,0.0,0.0,0.0,500
0.0,0.0,none,0.7,30,score_cap1,bh_cap1,max_block_share,0.0,0.0,0.0,500
0.0,0.0,none,0.7,30,score_cap1,bh_cap1,mean_pairwise_tanimoto,0.0,0.0,0.0,500
0.0,0.0,none,0.7,30,score_cap1,weighted_bh,true_hits,-0.2,-0.336,-0.072,500
0.0,0.0,none,0.7,30,score_cap1,weighted_bh,fdp,0.006666666666666659,0.0022666666666666707,0.011334999999999996,500
0.0,0.0,none,0.7,30,score_cap1,weighted_bh,fdp_exceeds_q,0.0,0.0,0.0,500
0.0,0.0,none,0.7,30,score_cap1,weighted_bh,unique_blocks,-2.1,-2.2760499999999997,-1.9279500000000003,500
0.0,0.0,none,0.7,30,score_cap1,weighted_bh,max_block_share,0.03333333333333331,0.03106666666666665,0.03559999999999998,500
0.0,0.0,none,0.7,30,score_cap1,weighted_bh,mean_pairwise_tanimoto,-0.008309835195541385,-0.009825831542909152,-0.006660077788680795,500
0.0,0.0,none,0.7,50,score_cap1,chemdeprc_cap1,true_hits,-0.1,-0.162,-0.04,500
0.0,0.0,none,0.7,50,score_cap1,chemdeprc_cap1,fdp,0.0020000000000000018,0.0007200000000000018,0.0031600000000000018,500
0.0,0.0,none,0.7,50,score_cap1,chemdeprc_cap1,fdp_exceeds_q,0.0,0.0,0.0,500
0.0,0.0,none,0.7,50,score_cap1,chemdeprc_cap1,unique_blocks,0.0,0.0,0.0,500
0.0,0.0,none,0.7,50,score_cap1,chemdeprc_cap1,max_block_share,0.0,0.0,0.0,500
0.0,0.0,none,0.7,50,score_cap1,chemdeprc_cap1,mean_pairwise_tanimoto,-0.001600654423236839,-0.0019345270894467776,-0.0012718367338180414,500
0.0,0.0,none,0.7,50,score_cap1,chemdeprc_scorecap1,true_hits,-0.1,-0.126,-0.074,500
0.0,0.0,none,0.7,50,score_cap1,chemdeprc_scorecap1,fdp,0.0020000000000000018,0.0014800000000000013,0.0025200000000000023,500
0.0,0.0,none,0.7,50,score_cap1,chemdeprc_scorecap1,fdp_exceeds_q,0.0,0.0,0.0,500
0.0,0.0,none,0.7,50,score_cap1,chemdeprc_scorecap1,unique_blocks,0.0,0.0,0.0,500
0.0,0.0,none,0.7,50,score_cap1,chemdeprc_scorecap1,max_block_share,0.0,0.0,0.0,500
0.0,0.0,none,0.7,50,score_cap1,chemdeprc_scorecap1,mean_pairwise_tanimoto,2.2591650485989655e-05,1.6717821359632346e-05,2.8465479612346968e-05,500
0.0,0.0,none,0.7,50,score_cap1,hier_bh_cap1,true_hits,-0.1,-0.16205,-0.038,500
0.0,0.0,none,0.7,50,score_cap1,hier_bh_cap1,fdp,0.0020000000000000018,0.0008000000000000024,0.003200000000000002,500
0.0,0.0,none,0.7,50,score_cap1,hier_bh_cap1,fdp_exceeds_q,0.0,0.0,0.0,500
0.0,0.0,none,0.7,50,score_cap1,hier_bh_cap1,unique_blocks,0.0,0.0,0.0,500
0.0,0.0,none,0.7,50,score_cap1,hier_bh_cap1,max_block_share,0.0,0.0,0.0,500
0.0,0.0,none,0.7,50,score_cap1,hier_bh_cap1,mean_pairwise_tanimoto,-0.001600654423236839,-0.0019231918714940487,-0.0012882037587463762,500
0.0,0.0,none,0.7,50,score_cap1,minp_block_bh_cap1,true_hits,-0.7,-0.80605,-0.5859500000000002,500
0.0,0.0,none,0.7,50,score_cap1,minp_block_bh_cap1,fdp,0.014,0.011760000000000001,0.016161,500
0.0,0.0,none,0.7,50,score_cap1,minp_block_bh_cap1,fdp_exceeds_q,0.0,0.0,0.0,500
0.0,0.0,none,0.7,50,score_cap1,minp_block_bh_cap1,unique_blocks,0.0,0.0,0.0,500
0.0,0.0,none,0.7,50,score_cap1,minp_block_bh_cap1,max_block_share,0.0,0.0,0.0,500
0.0,0.0,none,0.7,50,score_cap1,minp_block_bh_cap1,mean_pairwise_tanimoto,-0.009479007124900818,-0.010826067090034485,-0.008160089609771971,500
0.0,0.0,none,0.7,50,score_cap1,block_by_cap1,true_hits,-11.3,-12.7405,-10.0838,500
0.0,0.0,none,0.7,50,score_cap1,block_by_cap1,fdp,-0.07587820512820516,-0.09078572115384616,-0.06290404166666667,500
0.0,0.0,none,0.7,50,score_cap1,block_by_cap1,fdp_exceeds_q,0.0,0.0,0.0,500
0.0,0.0,none,0.7,50,score_cap1,block_by_cap1,unique_blocks,-16.5,-18.0723,-14.917350000000003,500
0.0,0.0,none,0.7,50,score_cap1,block_by_cap1,max_block_share,0.011971153846153828,0.009889027243589726,0.01405160737179485,500
0.0,0.0,none,0.7,50,score_cap1,block_by_cap1,mean_pairwise_tanimoto,-0.009687751531600935,-0.014567667090147719,-0.0049851803138852,500
0.0,0.0,none,0.7,50,score_cap1,bh_cap1,true_hits,0.0,0.0,0.0,500
0.0,0.0,none,0.7,50,score_cap1,bh_cap1,fdp,0.0,0.0,0.0,500
0.0,0.0,none,0.7,50,score_cap1,bh_cap1,fdp_exceeds_q,0.0,0.0,0.0,500
0.0,0.0,none,0.7,50,score_cap1,bh_cap1,unique_blocks,0.0,0.0,0.0,500
0.0,0.0,none,0.7,50,score_cap1,bh_cap1,max_block_share,0.0,0.0,0.0,500
0.0,0.0,none,0.7,50,score_cap1,bh_cap1,mean_pairwise_tanimoto,0.0,0.0,0.0,500
0.0,0.0,none,0.7,50,score_cap1,weighted_bh,true_hits,0.5,0.344,0.654,500
0.0,0.0,none,0.7,50,score_cap1,weighted_bh,fdp,-0.01,-0.013119999999999998,-0.006679999999999999,500
0.0,0.0,none,0.7,50,score_cap1,weighted_bh,fdp_exceeds_q,0.0,0.0,0.0,500
0.0,0.0,none,0.7,50,score_cap1,weighted_bh,unique_blocks,-6.3,-6.72,-5.884,500
0.0,0.0,none,0.7,50,score_cap1,weighted_bh,max_block_share,0.044,0.04168000000000001,0.04628,500
0.0,0.0,none,0.7,50,score_cap1,weighted_bh,mean_pairwise_tanimoto,-0.0028963312506675716,-0.004793832105398178,-0.0011572457507252683,500
0.0,0.0,none,0.7,75,score_cap1,chemdeprc_cap1,true_hits,-0.3,-0.388,-0.208,500
0.0,0.0,none,0.7,75,score_cap1,chemdeprc_cap1,fdp,-0.002120218579234971,-0.0038525136612021834,-0.0004159016393442639,500
0.0,0.0,none,0.7,75,score_cap1,chemdeprc_cap1,fdp_exceeds_q,-0.1,-0.126,-0.074,500
0.0,0.0,none,0.7,75,score_cap1,chemdeprc_cap1,unique_blocks,-1.4,-1.764,-1.036,500
0.0,0.0,none,0.7,75,score_cap1,chemdeprc_cap1,max_block_share,0.00030601092896175,0.00022644808743169505,0.00039169398907103995,500
0.0,0.0,none,0.7,75,score_cap1,chemdeprc_cap1,mean_pairwise_tanimoto,-1.3077259063704049e-05,-0.00017638126537201741,0.00013779670894147327,500
0.0,0.0,none,0.7,75,score_cap1,chemdeprc_scorecap1,true_hits,0.1,0.04195000000000001,0.16,500
0.0,0.0,none,0.7,75,score_cap1,chemdeprc_scorecap1,fdp,-0.0074535519125683005,-0.008804808743169395,-0.006166557377049175,500
0.0,0.0,none,0.7,75,score_cap1,chemdeprc_scorecap1,fdp_exceeds_q,-0.1,-0.126,-0.074,500
0.0,0.0,none,0.7,75,score_cap1,chemdeprc_scorecap1,unique_blocks,-1.4,-1.792,-1.036,500
0.0,0.0,none,0.7,75,score_cap1,chemdeprc_scorecap1,max_block_share,0.00030601092896175,0.000226448087431695,0.00039169398907104005,500
0.0,0.0,none,0.7,75,score_cap1,chemdeprc_scorecap1,mean_pairwise_tanimoto,0.0003597587347030612,0.0002599061802029599,0.00046831178665160714,500
0.0,0.0,none,0.7,75,score_cap1,hier_bh_cap1,true_hits,-0.3,-0.39,-0.212,500
0.0,0.0,none,0.7,75,score_cap1,hier_bh_cap1,fdp,-0.002120218579234971,-0.0039860546448087395,-0.0003046338797814204,500
0.0,0.0,none,0.7,75,score_cap1,hier_bh_cap1,fdp_exceeds_q,-0.1,-0.12805,-0.074,500
0.0,0.0,none,0.7,75,score_cap1,hier_bh_cap1,unique_blocks,-1.4,-1.792,-1.036,500
0.0,0.0,none,0.7,75,score_cap1,hier_bh_cap1,max_block_share,0.00030601092896175,0.00022644808743169505,0.00039169398907104005,500
0.0,0.0,none,0.7,75,score_cap1,hier_bh_cap1,mean_pairwise_tanimoto,-1.3077259063704049e-05,-0.00016209461539981785,0.00014384868294001942,500
0.0,0.0,none,0.7,75,score_cap1,minp_block_bh_cap1,true_hits,-1.2,-1.3200500000000002,-1.076,500
0.0,0.0,none,0.7,75,score_cap1,minp_block_bh_cap1,fdp,-0.0020336700336700325,-0.005580606060606057,0.001316326599326596,500
0.0,0.0,none,0.7,75,score_cap1,minp_block_bh_cap1,fdp_exceeds_q,-0.1,-0.128,-0.074,500
0.0,0.0,none,0.7,75,score_cap1,minp_block_bh_cap1,unique_blocks,-3.0,-3.558,-2.418,500
0.0,0.0,none,0.7,75,score_cap1,minp_block_bh_cap1,max_block_share,0.0007003367003367001,0.000574249158249158,0.0008393400673400672,500
0.0,0.0,none,0.7,75,score_cap1,minp_block_bh_cap1,mean_pairwise_tanimoto,-0.0023556426167488046,-0.0027835175052285106,-0.0019041116088628798,500
0.0,0.0,none,0.7,75,score_cap1,block_by_cap1,true_hits,-19.5,-21.3261,-17.72575,500
0.0,0.0,none,0.7,75,score_cap1,block_by_cap1,fdp,-0.12339143264143264,-0.14004573249898253,-0.10729694851444853,500
0.0,0.0,none,0.7,75,score_cap1,block_by_cap1,fdp_exceeds_q,-0.1,-0.128,-0.074,500
0.0,0.0,none,0.7,75,score_cap1,block_by_cap1,unique_blocks,-31.6,-34.012100000000004,-29.09165,500
0.0,0.0,none,0.7,75,score_cap1,block_by_cap1,max_block_share,0.01591824379324379,0.013683523071835567,0.01827122858160357,500
0.0,0.0,none,0.7,75,score_cap1,block_by_cap1,mean_pairwise_tanimoto,0.001488374173641235,-0.003675544127821899,0.006556651689857269,500
0.0,0.0,none,0.7,75,score_cap1,bh_cap1,true_hits,-0.1,-0.126,-0.074,500
0.0,0.0,none,0.7,75,score_cap1,bh_cap1,fdp,-0.0047868852459016405,-0.006127213114754099,-0.003542295081967214,500
0.0,0.0,none,0.7,75,score_cap1,bh_cap1,fdp_exceeds_q,-0.1,-0.128,-0.072,500
0.0,0.0,none,0.7,75,score_cap1,bh_cap1,unique_blocks,-1.4,-1.764,-1.036,500
0.0,0.0,none,0.7,75,score_cap1,bh_cap1,max_block_share,0.00030601092896175,0.00022644808743169505,0.0003857267759562851,500
0.0,0.0,none,0.7,75,score_cap1,bh_cap1,mean_pairwise_tanimoto,8.627176284789762e-05,6.384110450744423e-05,0.00011042785644530895,500
0.0,0.0,none,0.7,75,score_cap1,weighted_bh,true_hits,3.3,2.9179,3.704,500
0.0,0.0,none,0.7,75,score_cap1,weighted_bh,fdp,-0.044,-0.04944,-0.038586,500
0.0,0.0,none,0.7,75,score_cap1,weighted_bh,fdp_exceeds_q,-0.1,-0.126,-0.074,500
0.0,0.0,none,0.7,75,score_cap1,weighted_bh,unique_blocks,-14.6,-15.108,-14.114,500
0.0,0.0,none,0.7,75,score_cap1,weighted_bh,max_block_share,0.04400000000000001,0.04245333333333335,0.04554733333333335,500
0.0,0.0,none,0.7,75,score_cap1,weighted_bh,mean_pairwise_tanimoto,0.01595165431499483,0.01475465424954893,0.01714116759151222,500
0.025,1.0,none,0.7,100,score_cap1,chemdeprc_cap1,true_hits,-1.728,-1.916,-1.546,500
0.025,1.0,none,0.7,100,score_cap1,chemdeprc_cap1,fdp,-0.00965131190029817,-0.013008692986614378,-0.006385604780767434,500
0.025,1.0,none,0.7,100,score_cap1,chemdeprc_cap1,fdp_exceeds_q,-0.1,-0.126,-0.074,500
0.025,1.0,none,0.7,100,score_cap1,chemdeprc_cap1,unique_blocks,-6.15,-7.314,-5.0939000000000005,500
0.025,1.0,none,0.7,100,score_cap1,chemdeprc_cap1,max_block_share,0.0009249397354567803,0.0007559943656043978,0.0011118376065540711,500
0.025,1.0,none,0.7,100,score_cap1,chemdeprc_cap1,mean_pairwise_tanimoto,0.0018550877571105765,0.0014695398323237698,0.0022364991083741012,500
0.025,1.0,none,0.7,100,score_cap1,chemdeprc_scorecap1,true_hits,-1.45,-1.64605,-1.264,500
0.025,1.0,none,0.7,100,score_cap1,chemdeprc_scorecap1,fdp,-0.01243131190029817,-0.015617999474797282,-0.009380041755107859,500
0.025,1.0,none,0.7,100,score_cap1,chemdeprc_scorecap1,fdp_exceeds_q,-0.1,-0.128,-0.072,500
0.025,1.0,none,0.7,100,score_cap1,chemdeprc_scorecap1,unique_blocks,-6.15,-7.32005,-5.03995,500
0.025,1.0,none,0.7,100,score_cap1,chemdeprc_scorecap1,max_block_share,0.0009249397354567803,0.000759064524452039,0.0010994201884333545,500
0.025,1.0,none,0.7,100,score_cap1,chemdeprc_scorecap1,mean_pairwise_tanimoto,0.002177872568368912,0.001824995045363903,0.002553996308892966,500
0.025,1.0,none,0.7,100,score_cap1,hier_bh_cap1,true_hits,-1.728,-1.91405,-1.5539500000000004,500
0.025,1.0,none,0.7,100,score_cap1,hier_bh_cap1,fdp,-0.00965131190029817,-0.01294392659150353,-0.006537234580964002,500
0.025,1.0,none,0.7,100,score_cap1,hier_bh_cap1,fdp_exceeds_q,-0.1,-0.12605,-0.074,500
0.025,1.0,none,0.7,100,score_cap1,hier_bh_cap1,unique_blocks,-6.15,-7.29815,-5.03795,500
0.025,1.0,none,0.7,100,score_cap1,hier_bh_cap1,max_block_share,0.0009249397354567803,0.0007605493805390994,0.0011121294379751484,500
0.025,1.0,none,0.7,100,score_cap1,hier_bh_cap1,mean_pairwise_tanimoto,0.0018550877571105765,0.0014982202686369213,0.0022396259009837913,500
0.025,1.0,none,0.7,100,score_cap1,minp_block_bh_cap1,true_hits,-2.864,-3.0980499999999997,-2.634,500
0.025,1.0,none,0.7,100,score_cap1,minp_block_bh_cap1,fdp,-0.014571624732731181,-0.019459140611310245,-0.009910338384873853,500
0.025,1.0,none,0.7,100,score_cap1,minp_block_bh_cap1,fdp_exceeds_q,-0.1,-0.128,-0.074,500
0.025,1.0,none,0.7,100,score_cap1,minp_block_bh_cap1,unique_blocks,-8.44,-9.786299999999999,-7.139800000000001,500
0.025,1.0,none,0.7,100,score_cap1,minp_block_bh_cap1,max_block_share,0.001365101717639394,0.0011349478267325,0.0016111609989504136,500
0.025,1.0,none,0.7,100,score_cap1,minp_block_bh_cap1,mean_pairwise_tanimoto,0.0020711318254470765,0.0015223016083240422,0.002608362207561724,500
0.025,1.0,none,0.7,100,score_cap1,block_by_cap1,true_hits,-29.204,-31.266099999999998,-27.1878,500
0.025,1.0,none,0.7,100,score_cap1,block_by_cap1,fdp,-0.19823557115841295,-0.2143782197576351,-0.18398526664729228,500
0.025,1.0,none,0.7,100,score_cap1,block_by_cap1,fdp_exceeds_q,-0.1,-0.128,-0.074,500
0.025,1.0,none,0.7,100,score_cap1,block_by_cap1,unique_blocks,-53.688,-56.412,-51.095749999999995,500
0.025,1.0,none,0.7,100,score_cap1,block_by_cap1,max_block_share,0.018786342920787787,0.01653230453814647,0.02115614154881446,500
0.025,1.0,none,0.7,100,score_cap1,block_by_cap1,mean_pairwise_tanimoto,0.01599015533924103,0.010852413880825043,0.021532886021584263,500
0.025,1.0,none,0.7,100,score_cap1,bh_cap1,true_hits,-0.958,-1.13405,-0.7919500000000003,500
0.025,1.0,none,0.7,100,score_cap1,bh_cap1,fdp,-0.01058483826242985,-0.012527289168706374,-0.008734738343781304,500
0.025,1.0,none,0.7,100,score_cap1,bh_cap1,fdp_exceeds_q,-0.09,-0.116,-0.066,500
0.025,1.0,none,0.7,100,score_cap1,bh_cap1,unique_blocks,-5.138,-6.16005,-4.165800000000002,500
0.025,1.0,none,0.7,100,score_cap1,bh_cap1,max_block_share,0.0007638115979684318,0.0006079405799734791,0.0009216585786353853,500
0.025,1.0,none,0.7,100,score_cap1,bh_cap1,mean_pairwise_tanimoto,0.001538218438625337,0.0012623613230884087,0.001811104243248703,500
0.025,1.0,none,0.7,100,score_cap1,weighted_bh,true_hits,9.848,9.126,10.5381,500
0.025,1.0,none,0.7,100,score_cap1,weighted_bh,fdp,-0.10419320533173576,-0.11076839412166525,-0.09721937240866209,500
0.025,1.0,none,0.7,100,score_cap1,weighted_bh,fdp_exceeds_q,-0.088,-0.114,-0.066,500
0.025,1.0,none,0.7,100,score_cap1,weighted_bh,unique_blocks,-26.49,-27.120050000000003,-25.828,500
0.025,1.0,none,0.7,100,score_cap1,weighted_bh,max_block_share,0.048741380894314845,0.04733887352446516,0.050180050613971426,500
0.025,1.0,none,0.7,100,score_cap1,weighted_bh,mean_pairwise_tanimoto,0.022318496465682982,0.020779826818406583,0.02394268643334508,500
0.025,1.0,none,0.7,20,score_cap1,chemdeprc_cap1,true_hits,0.114,0.082,0.148,500
0.025,1.0,none,0.7,20,score_cap1,chemdeprc_cap1,fdp,-0.005699999999999999,-0.0075,-0.004,500
0.025,1.0,none,0.7,20,score_cap1,chemdeprc_cap1,fdp_exceeds_q,0.0,0.0,0.0,500
0.025,1.0,none,0.7,20,score_cap1,chemdeprc_cap1,unique_blocks,0.0,0.0,0.0,500
0.025,1.0,none,0.7,20,score_cap1,chemdeprc_cap1,max_block_share,0.0,0.0,0.0,500
0.025,1.0,none,0.7,20,score_cap1,chemdeprc_cap1,mean_pairwise_tanimoto,-0.0106644446849823,-0.012473808342218402,-0.008978204479068518,500
0.025,1.0,none,0.7,20,score_cap1,chemdeprc_scorecap1,true_hits,0.0,0.0,0.0,500
0.025,1.0,none,0.7,20,score_cap1,chemdeprc_scorecap1,fdp,0.0,0.0,0.0,500
0.025,1.0,none,0.7,20,score_cap1,chemdeprc_scorecap1,fdp_exceeds_q,0.0,0.0,0.0,500
0.025,1.0,none,0.7,20,score_cap1,chemdeprc_scorecap1,unique_blocks,0.0,0.0,0.0,500
0.025,1.0,none,0.7,20,score_cap1,chemdeprc_scorecap1,max_block_share,0.0,0.0,0.0,500
0.025,1.0,none,0.7,20,score_cap1,chemdeprc_scorecap1,mean_pairwise_tanimoto,0.0,0.0,0.0,500
0.025,1.0,none,0.7,20,score_cap1,hier_bh_cap1,true_hits,0.114,0.082,0.148,500
0.025,1.0,none,0.7,20,score_cap1,hier_bh_cap1,fdp,-0.005699999999999999,-0.0074,-0.004199999999999999,500
0.025,1.0,none,0.7,20,score_cap1,hier_bh_cap1,fdp_exceeds_q,0.0,0.0,0.0,500
0.025,1.0,none,0.7,20,score_cap1,hier_bh_cap1,unique_blocks,0.0,0.0,0.0,500
0.025,1.0,none,0.7,20,score_cap1,hier_bh_cap1,max_block_share,0.0,0.0,0.0,500
0.025,1.0,none,0.7,20,score_cap1,hier_bh_cap1,mean_pairwise_tanimoto,-0.0106644446849823,-0.012481713379919532,-0.008952073599398137,500
0.025,1.0,none,0.7,20,score_cap1,minp_block_bh_cap1,true_hits,0.13,0.07995000000000001,0.18,500
0.025,1.0,none,0.7,20,score_cap1,minp_block_bh_cap1,fdp,-0.006499999999999997,-0.0092,-0.0039000000000000003,500
0.025,1.0,none,0.7,20,score_cap1,minp_block_bh_cap1,fdp_exceeds_q,0.0,0.0,0.0,500
0.025,1.0,none,0.7,20,score_cap1,minp_block_bh_cap1,unique_blocks,0.0,0.0,0.0,500
0.025,1.0,none,0.7,20,score_cap1,minp_block_bh_cap1,max_block_share,0.0,0.0,0.0,500
0.025,1.0,none,0.7,20,score_cap1,minp_block_bh_cap1,mean_pairwise_tanimoto,-0.016475337773561496,-0.01872070676982404,-0.014328733912855406,500
0.025,1.0,none,0.7,20,score_cap1,block_by_cap1,true_hits,-2.476,-2.98805,-1.978,500
0.025,1.0,none,0.7,20,score_cap1,block_by_cap1,fdp,-0.03286666666666667,-0.0401675,-0.025566666666666668,500
0.025,1.0,none,0.7,20,score_cap1,block_by_cap1,fdp_exceeds_q,0.0,0.0,0.0,500
0.025,1.0,none,0.7,20,score_cap1,block_by_cap1,unique_blocks,-3.3,-3.8422,-2.79995,500
0.025,1.0,none,0.7,20,score_cap1,block_by_cap1,max_block_share,-1.0880185641326535e-17,-0.0017333333333333432,0.0016666666666666555,500
0.025,1.0,none,0.7,20,score_cap1,block_by_cap1,mean_pairwise_tanimoto,-0.026963415920734406,-0.03250350600257516,-0.021547407607734204,500
0.025,1.0,none,0.7,20,score_cap1,bh_cap1,true_hits,0.0,0.0,0.0,500
0.025,1.0,none,0.7,20,score_cap1,bh_cap1,fdp,0.0,0.0,0.0,500
0.025,1.0,none,0.7,20,score_cap1,bh_cap1,fdp_exceeds_q,0.0,0.0,0.0,500
0.025,1.0,none,0.7,20,score_cap1,bh_cap1,unique_blocks,0.0,0.0,0.0,500
0.025,1.0,none,0.7,20,score_cap1,bh_cap1,max_block_share,0.0,0.0,0.0,500
0.025,1.0,none,0.7,20,score_cap1,bh_cap1,mean_pairwise_tanimoto,0.0,0.0,0.0,500
0.025,1.0,none,0.7,20,score_cap1,weighted_bh,true_hits,0.332,0.288,0.376,500
0.025,1.0,none,0.7,20,score_cap1,weighted_bh,fdp,-0.016599999999999993,-0.018799999999999997,-0.0144,500
0.025,1.0,none,0.7,20,score_cap1,weighted_bh,fdp_exceeds_q,0.0,0.0,0.0,500
0.025,1.0,none,0.7,20,score_cap1,weighted_bh,unique_blocks,-0.8,-0.914,-0.6959500000000002,500
0.025,1.0,none,0.7,20,score_cap1,weighted_bh,max_block_share,0.020000000000000004,0.0179,0.022099999999999998,500
0.025,1.0,none,0.7,20,score_cap1,weighted_bh,mean_pairwise_tanimoto,-0.013991742789745349,-0.015788096293807043,-0.012136701384186765,500
0.025,1.0,none,0.7,30,score_cap1,chemdeprc_cap1,true_hits,0.012,-0.056,0.084,500
0.025,1.0,none,0.7,30,score_cap1,chemdeprc_cap1,fdp,-0.0003999999999999968,-0.0026666666666666644,0.0018000000000000047,500
0.025,1.0,none,0.7,30,score_cap1,chemdeprc_cap1,fdp_exceeds_q,0.0,0.0,0.0,500
0.025,1.0,none,0.7,30,score_cap1,chemdeprc_cap1,unique_blocks,0.0,0.0,0.0,500
0.025,1.0,none,0.7,30,score_cap1,chemdeprc_cap1,max_block_share,0.0,0.0,0.0,500
0.025,1.0,none,0.7,30,score_cap1,chemdeprc_cap1,mean_pairwise_tanimoto,-0.004189922481775278,-0.005330406517535444,-0.0030765718832611987,500
0.025,1.0,none,0.7,30,score_cap1,chemdeprc_scorecap1,true_hits,0.0,0.0,0.0,500
0.025,1.0,none,0.7,30,score_cap1,chemdeprc_scorecap1,fdp,0.0,0.0,0.0,500
0.025,1.0,none,0.7,30,score_cap1,chemdeprc_scorecap1,fdp_exceeds_q,0.0,0.0,0.0,500
0.025,1.0,none,0.7,30,score_cap1,chemdeprc_scorecap1,unique_blocks,0.0,0.0,0.0,500
0.025,1.0,none,0.7,30,score_cap1,chemdeprc_scorecap1,max_block_share,0.0,0.0,0.0,500
0.025,1.0,none,0.7,30,score_cap1,chemdeprc_scorecap1,mean_pairwise_tanimoto,0.00034193310141563164,0.0002512829549610596,0.00044188613221048985,500
0.025,1.0,none,0.7,30,score_cap1,hier_bh_cap1,true_hits,0.012,-0.058,0.08,500
0.025,1.0,none,0.7,30,score_cap1,hier_bh_cap1,fdp,-0.0003999999999999968,-0.0028666666666666662,0.0020000000000000026,500
0.025,1.0,none,0.7,30,score_cap1,hier_bh_cap1,fdp_exceeds_q,0.0,0.0,0.0,500
0.025,1.0,none,0.7,30,score_cap1,hier_bh_cap1,unique_blocks,0.0,0.0,0.0,500
0.025,1.0,none,0.7,30,score_cap1,hier_bh_cap1,max_block_share,0.0,0.0,0.0,500
0.025,1.0,none,0.7,30,score_cap1,hier_bh_cap1,mean_pairwise_tanimoto,-0.004189922481775278,-0.005311087208986276,-0.00303372735008597,500
0.025,1.0,none,0.7,30,score_cap1,minp_block_bh_cap1,true_hits,-0.47,-0.596,-0.346,500
0.025,1.0,none,0.7,30,score_cap1,minp_block_bh_cap1,fdp,0.015666666666666672,0.011400000000000006,0.01960000000000001,500
0.025,1.0,none,0.7,30,score_cap1,minp_block_bh_cap1,fdp_exceeds_q,0.0,0.0,0.0,500
0.025,1.0,none,0.7,30,score_cap1,minp_block_bh_cap1,unique_blocks,0.0,0.0,0.0,500
0.025,1.0,none,0.7,30,score_cap1,minp_block_bh_cap1,max_block_share,0.0,0.0,0.0,500
0.025,1.0,none,0.7,30,score_cap1,minp_block_bh_cap1,mean_pairwise_tanimoto,-0.012404941111803066,-0.013882821198552858,-0.01080266027525068,500
0.025,1.0,none,0.7,30,score_cap1,block_by_cap1,true_hits,-4.97,-5.8061,-4.198,500
0.025,1.0,none,0.7,30,score_cap1,block_by_cap1,fdp,-0.04112820512820513,-0.0533374358974359,-0.03063519230769232,500
0.025,1.0,none,0.7,30,score_cap1,block_by_cap1,fdp_exceeds_q,0.0,0.0,0.0,500
0.025,1.0,none,0.7,30,score_cap1,block_by_cap1,unique_blocks,-6.7,-7.584,-5.853750000000002,500
0.025,1.0,none,0.7,30,score_cap1,block_by_cap1,max_block_share,0.00551282051282051,0.0037074999999999994,0.007361730769230765,500
0.025,1.0,none,0.7,30,score_cap1,block_by_cap1,mean_pairwise_tanimoto,-0.01856347841024397,-0.023904549620300516,-0.01332386330738663,500
0.025,1.0,none,0.7,30,score_cap1,bh_cap1,true_hits,0.0,0.0,0.0,500
0.025,1.0,none,0.7,30,score_cap1,bh_cap1,fdp,0.0,0.0,0.0,500
0.025,1.0,none,0.7,30,score_cap1,bh_cap1,fdp_exceeds_q,0.0,0.0,0.0,500
0.025,1.0,none,0.7,30,score_cap1,bh_cap1,unique_blocks,0.0,0.0,0.0,500
0.025,1.0,none,0.7,30,score_cap1,bh_cap1,max_block_share,0.0,0.0,0.0,500
0.025,1.0,none,0.7,30,score_cap1,bh_cap1,mean_pairwise_tanimoto,0.0,0.0,0.0,500
0.025,1.0,none,0.7,30,score_cap1,weighted_bh,true_hits,-0.17,-0.308,-0.036,500
0.025,1.0,none,0.7,30,score_cap1,weighted_bh,fdp,0.005666666666666661,0.0011983333333333362,0.01020166666666666,500
0.025,1.0,none,0.7,30,score_cap1,weighted_bh,fdp_exceeds_q,0.0,0.0,0.0,500
0.025,1.0,none,0.7,30,score_cap1,weighted_bh,unique_blocks,-2.102,-2.274,-1.942,500
0.025,1.0,none,0.7,30,score_cap1,weighted_bh,max_block_share,0.03313333333333331,0.030799999999999984,0.035333333333333314,500
0.025,1.0,none,0.7,30,score_cap1,weighted_bh,mean_pairwise_tanimoto,-0.007982804954051976,-0.009606780579686171,-0.006278238349407913,500
0.025,1.0,none,0.7,50,score_cap1,chemdeprc_cap1,true_hits,-0.098,-0.16,-0.038,500
0.025,1.0,none,0.7,50,score_cap1,chemdeprc_cap1,fdp,0.0019600000000000017,0.0007600000000000018,0.003160999999999997,500
0.025,1.0,none,0.7,50,score_cap1,chemdeprc_cap1,fdp_exceeds_q,0.0,0.0,0.0,500
0.025,1.0,none,0.7,50,score_cap1,chemdeprc_cap1,unique_blocks,0.0,0.0,0.0,500
0.025,1.0,none,0.7,50,score_cap1,chemdeprc_cap1,max_block_share,0.0,0.0,0.0,500
0.025,1.0,none,0.7,50,score_cap1,chemdeprc_cap1,mean_pairwise_tanimoto,-0.001428096294403068,-0.001764659874141209,-0.0010796114787459284,500
0.025,1.0,none,0.7,50,score_cap1,chemdeprc_scorecap1,true_hits,-0.096,-0.122,-0.072,500
0.025,1.0,none,0.7,50,score_cap1,chemdeprc_scorecap1,fdp,0.0019200000000000018,0.0014000000000000013,0.002440000000000002,500
0.025,1.0,none,0.7,50,score_cap1,chemdeprc_scorecap1,fdp_exceeds_q,0.0,0.0,0.0,500
0.025,1.0,none,0.7,50,score_cap1,chemdeprc_scorecap1,unique_blocks,0.0,0.0,0.0,500
0.025,1.0,none,0.7,50,score_cap1,chemdeprc_scorecap1,max_block_share,0.0,0.0,0.0,500
0.025,1.0,none,0.7,50,score_cap1,chemdeprc_scorecap1,mean_pairwise_tanimoto,2.518266439437761e-05,1.0526278614996602e-05,4.4454004615544686e-05,500
0.025,1.0,none,0.7,50,score_cap1,hier_bh_cap1,true_hits,-0.098,-0.15605,-0.036,500
0.025,1.0,none,0.7,50,score_cap1,hier_bh_cap1,fdp,0.0019600000000000017,0.0008000000000000023,0.003200000000000002,500
0.025,1.0,none,0.7,50,score_cap1,hier_bh_cap1,fdp_exceeds_q,0.0,0.0,0.0,500
0.025,1.0,none,0.7,50,score_cap1,hier_bh_cap1,unique_blocks,0.0,0.0,0.0,500
0.025,1.0,none,0.7,50,score_cap1,hier_bh_cap1,max_block_share,0.0,0.0,0.0,500
0.025,1.0,none,0.7,50,score_cap1,hier_bh_cap1,mean_pairwise_tanimoto,-0.001428096294403068,-0.0017619309276342295,-0.0010852284945547521,500
0.025,1.0,none,0.7,50,score_cap1,minp_block_bh_cap1,true_hits,-0.688,-0.80205,-0.574,500
0.025,1.0,none,0.7,50,score_cap1,minp_block_bh_cap1,fdp,0.013760000000000001,0.011559999999999999,0.015840999999999994,500
0.025,1.0,none,0.7,50,score_cap1,minp_block_bh_cap1,fdp_exceeds_q,0.0,0.0,0.0,500
0.025,1.0,none,0.7,50,score_cap1,minp_block_bh_cap1,unique_blocks,0.0,0.0,0.0,500
0.025,1.0,none,0.7,50,score_cap1,minp_block_bh_cap1,max_block_share,0.0,0.0,0.0,500
0.025,1.0,none,0.7,50,score_cap1,minp_block_bh_cap1,mean_pairwise_tanimoto,-0.00933267793059349,-0.010724282661080364,-0.00797974029481411,500
0.025,1.0,none,0.7,50,score_cap1,block_by_cap1,true_hits,-11.29,-12.59605,-10.03185,500
0.025,1.0,none,0.7,50,score_cap1,block_by_cap1,fdp,-0.07585093240093242,-0.08997022814685317,-0.062361233974359005,500
0.025,1.0,none,0.7,50,score_cap1,block_by_cap1,fdp_exceeds_q,0.0,0.0,0.0,500
0.025,1.0,none,0.7,50,score_cap1,block_by_cap1,unique_blocks,-16.492,-18.088050000000003,-14.875250000000003,500
0.025,1.0,none,0.7,50,score_cap1,block_by_cap1,max_block_share,0.01196357808857807,0.00988598528554777,0.014134586975524456,500
0.025,1.0,none,0.7,50,score_cap1,block_by_cap1,mean_pairwise_tanimoto,-0.009519245624542223,-0.014517317233234626,-0.004802094805240618,500
0.025,1.0,none,0.7,50,score_cap1,bh_cap1,true_hits,0.0,0.0,0.0,500
0.025,1.0,none,0.7,50,score_cap1,bh_cap1,fdp,0.0,0.0,0.0,500
0.025,1.0,none,0.7,50,score_cap1,bh_cap1,fdp_exceeds_q,0.0,0.0,0.0,500
0.025,1.0,none,0.7,50,score_cap1,bh_cap1,unique_blocks,0.0,0.0,0.0,500
0.025,1.0,none,0.7,50,score_cap1,bh_cap1,max_block_share,0.0,0.0,0.0,500
0.025,1.0,none,0.7,50,score_cap1,bh_cap1,mean_pairwise_tanimoto,0.0,0.0,0.0,500
0.025,1.0,none,0.7,50,score_cap1,weighted_bh,true_hits,0.51,0.358,0.6720499999999998,500
0.025,1.0,none,0.7,50,score_cap1,weighted_bh,fdp,-0.010199999999999999,-0.013479999999999997,-0.006839000000000004,500
0.025,1.0,none,0.7,50,score_cap1,weighted_bh,fdp_exceeds_q,0.0,0.0,0.0,500
0.025,1.0,none,0.7,50,score_cap1,weighted_bh,unique_blocks,-6.326,-6.7582,-5.915900000000001,500
0.025,1.0,none,0.7,50,score_cap1,weighted_bh,max_block_share,0.04404000000000001,0.04167900000000001,0.046361,500
0.025,1.0,none,0.7,50,score_cap1,weighted_bh,mean_pairwise_tanimoto,-0.0027090035676956164,-0.00448295110017061,-0.0008480739004909986,500
0.025,1.0,none,0.7,75,score_cap1,chemdeprc_cap1,true_hits,-0.276,-0.36,-0.18395000000000028,500
0.025,1.0,none,0.7,75,score_cap1,chemdeprc_cap1,fdp,-0.0021493421312264688,-0.003900529294300575,-0.0004479199244391472,500
0.025,1.0,none,0.7,75,score_cap1,chemdeprc_cap1,fdp_exceeds_q,-0.1,-0.126,-0.074,500
0.025,1.0,none,0.7,75,score_cap1,chemdeprc_cap1,unique_blocks,-1.342,-1.7101,-1.0139500000000004,500
0.025,1.0,none,0.7,75,score_cap1,chemdeprc_cap1,max_block_share,0.00029114869860112576,0.000217930742901043,0.00036912507794186297,500
0.025,1.0,none,0.7,75,score_cap1,chemdeprc_cap1,mean_pairwise_tanimoto,5.441629886628868e-05,-0.00010137692540881975,0.00020969824120403732,500
0.025,1.0,none,0.7,75,score_cap1,chemdeprc_scorecap1,true_hits,0.108,0.048,0.16804999999999973,500
0.025,1.0,none,0.7,75,score_cap1,chemdeprc_scorecap1,fdp,-0.007269342131226465,-0.008594782423156555,-0.0059628374678695325,500
0.025,1.0,none,0.7,75,score_cap1,chemdeprc_scorecap1,fdp_exceeds_q,-0.1,-0.128,-0.074,500
0.025,1.0,none,0.7,75,score_cap1,chemdeprc_scorecap1,unique_blocks,-1.342,-1.69005,-0.9939500000000002,500
0.025,1.0,none,0.7,75,score_cap1,chemdeprc_scorecap1,max_block_share,0.00029114869860112576,0.0002174376136241069,0.0003653800616168248,500
0.025,1.0,none,0.7,75,score_cap1,chemdeprc_scorecap1,mean_pairwise_tanimoto,0.00042164796590804873,0.0003204223036766037,0.0005278448961675139,500
0.025,1.0,none,0.7,75,score_cap1,hier_bh_cap1,true_hits,-0.276,-0.366,-0.1919500000000003,500
0.025,1.0,none,0.7,75,score_cap1,hier_bh_cap1,fdp,-0.0021493421312264688,-0.003920920574283524,-0.000508518933623791,500
0.025,1.0,none,0.7,75,score_cap1,hier_bh_cap1,fdp_exceeds_q,-0.1,-0.126,-0.074,500
0.025,1.0,none,0.7,75,score_cap1,hier_bh_cap1,unique_blocks,-1.342,-1.71005,-1.004,500
0.025,1.0,none,0.7,75,score_cap1,hier_bh_cap1,max_block_share,0.00029114869860112576,0.00022008901815617944,0.00036942303290527965,500
0.025,1.0,none,0.7,75,score_cap1,hier_bh_cap1,mean_pairwise_tanimoto,5.441629886628868e-05,-9.408041983841084e-05,0.00021580999866129284,500
0.025,1.0,none,0.7,75,score_cap1,minp_block_bh_cap1,true_hits,-1.114,-1.23805,-0.988,500
0.025,1.0,none,0.7,75,score_cap1,minp_block_bh_cap1,fdp,-0.0017794581804548057,-0.005018583787652506,0.001385256787845586,500
0.025,1.0,none,0.7,75,score_cap1,minp_block_bh_cap1,fdp_exceeds_q,-0.1,-0.12605,-0.074,500
0.025,1.0,none,0.7,75,score_cap1,minp_block_bh_cap1,unique_blocks,-2.752,-3.2742,-2.254,500
0.025,1.0,none,0.7,75,score_cap1,minp_block_bh_cap1,max_block_share,0.0006245389173648653,0.0005023215327987029,0.0007506031547394338,500
0.025,1.0,none,0.7,75,score_cap1,minp_block_bh_cap1,mean_pairwise_tanimoto,-0.002354722261428828,-0.00280198834836482,-0.0019202446691691845,500
0.025,1.0,none,0.7,75,score_cap1,block_by_cap1,true_hits,-19.442,-21.34015,-17.62375,500
0.025,1.0,none,0.7,75,score_cap1,block_by_cap1,fdp,-0.12388817620042972,-0.14106598821542307,-0.10889549941132162,500
0.025,1.0,none,0.7,75,score_cap1,block_by_cap1,fdp_exceeds_q,-0.1,-0.128,-0.074,500
0.025,1.0,none,0.7,75,score_cap1,block_by_cap1,unique_blocks,-31.588,-33.97605,-29.01575,500
0.025,1.0,none,0.7,75,score_cap1,block_by_cap1,max_block_share,0.01590959222050771,0.013693915149665151,0.01810479259749769,500
0.025,1.0,none,0.7,75,score_cap1,block_by_cap1,mean_pairwise_tanimoto,0.0016296306848526303,-0.0036141322530805803,0.0066570763714611705,500
0.025,1.0,none,0.7,75,score_cap1,bh_cap1,true_hits,-0.088,-0.114,-0.066,500
0.025,1.0,none,0.7,75,score_cap1,bh_cap1,fdp,-0.00410783187012934,-0.005320727446690848,-0.0030235531135880166,500
0.025,1.0,none,0.7,75,score_cap1,bh_cap1,fdp_exceeds_q,-0.09,-0.116,-0.066,500
0.025,1.0,none,0.7,75,score_cap1,bh_cap1,unique_blocks,-1.22,-1.5640500000000002,-0.8939500000000002,500
0.025,1.0,none,0.7,75,score_cap1,bh_cap1,max_block_share,0.00026446375626765364,0.00019588841937838412,0.00033817895757674377,500
0.025,1.0,none,0.7,75,score_cap1,bh_cap1,mean_pairwise_tanimoto,0.00013483059406280368,9.257763326167974e-05,0.00017860223650932144,500
0.025,1.0,none,0.7,75,score_cap1,weighted_bh,true_hits,3.2,2.80195,3.632,500
0.025,1.0,none,0.7,75,score_cap1,weighted_bh,fdp,-0.04266666666666667,-0.04800066666666667,-0.03712000000000001,500
0.025,1.0,none,0.7,75,score_cap1,weighted_bh,fdp_exceeds_q,-0.088,-0.114,-0.06595000000000027,500
0.025,1.0,none,0.7,75,score_cap1,weighted_bh,unique_blocks,-14.71,-15.200099999999999,-14.212,500
0.025,1.0,none,0.7,75,score_cap1,weighted_bh,max_block_share,0.04464000000000001,0.043040000000000016,0.04621333333333335,500
0.025,1.0,none,0.7,75,score_cap1,weighted_bh,mean_pairwise_tanimoto,0.01631898161768915,0.015104724882543106,0.017624695537984382,500
0.025,2.0,none,0.7,100,score_cap1,chemdeprc_cap1,true_hits,-1.724,-1.904,-1.5559500000000004,500
0.025,2.0,none,0.7,100,score_cap1,chemdeprc_cap1,fdp,-0.007759269159371114,-0.010835261365323545,-0.00484372314952353,500
0.025,2.0,none,0.7,100,score_cap1,chemdeprc_cap1,fdp_exceeds_q,-0.1,-0.128,-0.076,500
0.025,2.0,none,0.7,100,score_cap1,chemdeprc_cap1,unique_blocks,-5.782,-6.85405,-4.749800000000001,500
0.025,2.0,none,0.7,100,score_cap1,chemdeprc_cap1,max_block_share,0.0008431775260208724,0.0006907007971060227,0.001005876124166027,500
0.025,2.0,none,0.7,100,score_cap1,chemdeprc_cap1,mean_pairwise_tanimoto,0.0017115424275398062,0.0013573988720774468,0.0021096989139914334,500
0.025,2.0,none,0.7,100,score_cap1,chemdeprc_scorecap1,true_hits,-1.394,-1.5760500000000002,-1.218,500
0.025,2.0,none,0.7,100,score_cap1,chemdeprc_scorecap1,fdp,-0.011059269159371112,-0.013771075678830421,-0.008304740852677316,500
0.025,2.0,none,0.7,100,score_cap1,chemdeprc_scorecap1,fdp_exceeds_q,-0.1,-0.126,-0.076,500
0.025,2.0,none,0.7,100,score_cap1,chemdeprc_scorecap1,unique_blocks,-5.782,-6.88615,-4.6959,500
0.025,2.0,none,0.7,100,score_cap1,chemdeprc_scorecap1,max_block_share,0.0008431775260208724,0.0006854088186093208,0.0010040139928014992,500
0.025,2.0,none,0.7,100,score_cap1,chemdeprc_scorecap1,mean_pairwise_tanimoto,0.0020246861577033976,0.0016653834946453556,0.002374479305744171,500
0.025,2.0,none,0.7,100,score_cap1,hier_bh_cap1,true_hits,-1.724,-1.89405,-1.548,500
0.025,2.0,none,0.7,100,score_cap1,hier_bh_cap1,fdp,-0.007759269159371114,-0.010874467159439438,-0.004794915249390779,500
0.025,2.0,none,0.7,100,score_cap1,hier_bh_cap1,fdp_exceeds_q,-0.1,-0.126,-0.074,500
0.025,2.0,none,0.7,100,score_cap1,hier_bh_cap1,unique_blocks,-5.782,-6.80405,-4.709750000000001,500
0.025,2.0,none,0.7,100,score_cap1,hier_bh_cap1,max_block_share,0.0008431775260208724,0.000688291657799033,0.0010018879197220575,500
0.025,2.0,none,0.7,100,score_cap1,hier_bh_cap1,mean_pairwise_tanimoto,0.0017115424275398062,0.0013519903495907552,0.0021014360778033535,500
0.025,2.0,none,0.7,100,score_cap1,minp_block_bh_cap1,true_hits,-2.852,-3.092,-2.618,500
0.025,2.0,none,0.7,100,score_cap1,minp_block_bh_cap1,fdp,-0.013658419950350133,-0.018254726037444716,-0.00935706925374831,500
0.025,2.0,none,0.7,100,score_cap1,minp_block_bh_cap1,fdp_exceeds_q,-0.1,-0.126,-0.074,500
0.025,2.0,none,0.7,100,score_cap1,minp_block_bh_cap1,unique_blocks,-8.262,-9.626349999999999,-6.8959,500
0.025,2.0,none,0.7,100,score_cap1,minp_block_bh_cap1,max_block_share,0.0013150578141794544,0.0011057939850789224,0.0015363053385472924,500
0.025,2.0,none,0.7,100,score_cap1,minp_block_bh_cap1,mean_pairwise_tanimoto,0.0019329011738300247,0.0014433603644370963,0.00248820151835679,500
0.025,2.0,none,0.7,100,score_cap1,block_by_cap1,true_hits,-29.17,-31.2643,-27.148,500
0.025,2.0,none,0.7,100,score_cap1,block_by_cap1,fdp,-0.19578937421513984,-0.21127885713144007,-0.18102406862462286,500
0.025,2.0,none,0.7,100,score_cap1,block_by_cap1,fdp_exceeds_q,-0.1,-0.12605,-0.074,500
0.025,2.0,none,0.7,100,score_cap1,block_by_cap1,unique_blocks,-53.6,-56.35205,-50.82195,500
0.025,2.0,none,0.7,100,score_cap1,block_by_cap1,max_block_share,0.018605999223486804,0.016465062336100088,0.020887941999411217,500
0.025,2.0,none,0.7,100,score_cap1,block_by_cap1,mean_pairwise_tanimoto,0.0157480275630951,0.009855723539739847,0.020912037978321314,500
0.025,2.0,none,0.7,100,score_cap1,bh_cap1,true_hits,-0.792,-0.94405,-0.6499500000000002,500
0.025,2.0,none,0.7,100,score_cap1,bh_cap1,fdp,-0.007917154200170962,-0.009509828617344477,-0.006329627202124137,500
0.025,2.0,none,0.7,100,score_cap1,bh_cap1,fdp_exceeds_q,-0.038,-0.056,-0.022,500
0.025,2.0,none,0.7,100,score_cap1,bh_cap1,unique_blocks,-3.928,-4.73235,-3.146,500
0.025,2.0,none,0.7,100,score_cap1,bh_cap1,max_block_share,0.0005354093325831341,0.00041838857193124044,0.0006565409345167646,500
0.025,2.0,none,0.7,100,score_cap1,bh_cap1,mean_pairwise_tanimoto,0.0012654676735401168,0.001032386697083713,0.0015319655798375627,500
0.025,2.0,none,0.7,100,score_cap1,weighted_bh,true_hits,9.636,8.93,10.3781,500
0.025,2.0,none,0.7,100,score_cap1,weighted_bh,fdp,-0.10099501066987789,-0.10753518110535269,-0.09408649187633784,500
0.025,2.0,none,0.7,100,score_cap1,weighted_bh,fdp_exceeds_q,-0.06,-0.08,-0.04,500
0.025,2.0,none,0.7,100,score_cap1,weighted_bh,unique_blocks,-26.42,-27.1242,-25.7479,500
0.025,2.0,none,0.7,100,score_cap1,weighted_bh,max_block_share,0.04922743018904343,0.04765369630346246,0.05077398479903327,500
0.025,2.0,none,0.7,100,score_cap1,weighted_bh,mean_pairwise_tanimoto,0.022239821135997772,0.020690773665904993,0.023804852621257307,500
0.025,2.0,none,0.7,20,score_cap1,chemdeprc_cap1,true_hits,0.11,0.076,0.144,500
0.025,2.0,none,0.7,20,score_cap1,chemdeprc_cap1,fdp,-0.0055,-0.007200000000000001,-0.003800000000000001,500
0.025,2.0,none,0.7,20,score_cap1,chemdeprc_cap1,fdp_exceeds_q,0.0,0.0,0.0,500
0.025,2.0,none,0.7,20,score_cap1,chemdeprc_cap1,unique_blocks,0.0,0.0,0.0,500
0.025,2.0,none,0.7,20,score_cap1,chemdeprc_cap1,max_block_share,0.0,0.0,0.0,500
0.025,2.0,none,0.7,20,score_cap1,chemdeprc_cap1,mean_pairwise_tanimoto,-0.010268118143081666,-0.012067133875936272,-0.008494925883412368,500
0.025,2.0,none,0.7,20,score_cap1,chemdeprc_scorecap1,true_hits,0.0,0.0,0.0,500
0.025,2.0,none,0.7,20,score_cap1,chemdeprc_scorecap1,fdp,0.0,0.0,0.0,500
0.025,2.0,none,0.7,20,score_cap1,chemdeprc_scorecap1,fdp_exceeds_q,0.0,0.0,0.0,500
0.025,2.0,none,0.7,20,score_cap1,chemdeprc_scorecap1,unique_blocks,0.0,0.0,0.0,500
0.025,2.0,none,0.7,20,score_cap1,chemdeprc_scorecap1,max_block_share,0.0,0.0,0.0,500
0.025,2.0,none,0.7,20,score_cap1,chemdeprc_scorecap1,mean_pairwise_tanimoto,0.0,0.0,0.0,500
0.025,2.0,none,0.7,20,score_cap1,hier_bh_cap1,true_hits,0.11,0.074,0.146,500
0.025,2.0,none,0.7,20,score_cap1,hier_bh_cap1,fdp,-0.0055,-0.007100000000000001,-0.0038975000000000134,500
0.025,2.0,none,0.7,20,score_cap1,hier_bh_cap1,fdp_exceeds_q,0.0,0.0,0.0,500
0.025,2.0,none,0.7,20,score_cap1,hier_bh_cap1,unique_blocks,0.0,0.0,0.0,500
0.025,2.0,none,0.7,20,score_cap1,hier_bh_cap1,max_block_share,0.0,0.0,0.0,500
0.025,2.0,none,0.7,20,score_cap1,hier_bh_cap1,mean_pairwise_tanimoto,-0.010268118143081666,-0.012119534149765968,-0.008434905411303048,500
0.025,2.0,none,0.7,20,score_cap1,minp_block_bh_cap1,true_hits,0.176,0.118,0.232,500
0.025,2.0,none,0.7,20,score_cap1,minp_block_bh_cap1,fdp,-0.008799999999999997,-0.0115,-0.006,500
0.025,2.0,none,0.7,20,score_cap1,minp_block_bh_cap1,fdp_exceeds_q,0.0,0.0,0.0,500
0.025,2.0,none,0.7,20,score_cap1,minp_block_bh_cap1,unique_blocks,0.0,0.0,0.0,500
0.025,2.0,none,0.7,20,score_cap1,minp_block_bh_cap1,max_block_share,0.0,0.0,0.0,500
0.025,2.0,none,0.7,20,score_cap1,minp_block_bh_cap1,mean_pairwise_tanimoto,-0.016034678101539628,-0.018272722284495845,-0.013890809562802335,500
0.025,2.0,none,0.7,20,score_cap1,block_by_cap1,true_hits,-2.44,-2.9761,-1.9419500000000003,500
0.025,2.0,none,0.7,20,score_cap1,block_by_cap1,fdp,-0.032920512820512816,-0.03997993589743589,-0.02617801282051283,500
0.025,2.0,none,0.7,20,score_cap1,block_by_cap1,fdp_exceeds_q,0.0,0.0,0.0,500
0.025,2.0,none,0.7,20,score_cap1,block_by_cap1,unique_blocks,-3.27,-3.81805,-2.7419000000000007,500
0.025,2.0,none,0.7,20,score_cap1,block_by_cap1,max_block_share,-0.0001519230769230866,-0.0018879647435897534,0.0015609935897435792,500
0.025,2.0,none,0.7,20,score_cap1,block_by_cap1,mean_pairwise_tanimoto,-0.02681319206953049,-0.0324049854747951,-0.021704974518716336,500
0.025,2.0,none,0.7,20,score_cap1,bh_cap1,true_hits,0.0,0.0,0.0,500
0.025,2.0,none,0.7,20,score_cap1,bh_cap1,fdp,0.0,0.0,0.0,500
0.025,2.0,none,0.7,20,score_cap1,bh_cap1,fdp_exceeds_q,0.0,0.0,0.0,500
0.025,2.0,none,0.7,20,score_cap1,bh_cap1,unique_blocks,0.0,0.0,0.0,500
0.025,2.0,none,0.7,20,score_cap1,bh_cap1,max_block_share,0.0,0.0,0.0,500
0.025,2.0,none,0.7,20,score_cap1,bh_cap1,mean_pairwise_tanimoto,0.0,0.0,0.0,500
0.025,2.0,none,0.7,20,score_cap1,weighted_bh,true_hits,0.368,0.32,0.416,500
0.025,2.0,none,0.7,20,score_cap1,weighted_bh,fdp,-0.018399999999999996,-0.021099999999999997,-0.016099999999999996,500
0.025,2.0,none,0.7,20,score_cap1,weighted_bh,fdp_exceeds_q,0.0,0.0,0.0,500
0.025,2.0,none,0.7,20,score_cap1,weighted_bh,unique_blocks,-0.808,-0.916,-0.704,500
0.025,2.0,none,0.7,20,score_cap1,weighted_bh,max_block_share,0.020000000000000004,0.018,0.022102499999999987,500
0.025,2.0,none,0.7,20,score_cap1,weighted_bh,mean_pairwise_tanimoto,-0.013507735550403613,-0.01539618746414782,-0.011666279969364422,500
0.025,2.0,none,0.7,30,score_cap1,chemdeprc_cap1,true_hits,0.02,-0.052,0.088,500
0.025,2.0,none,0.7,30,score_cap1,chemdeprc_cap1,fdp,-0.0006666666666666661,-0.002933333333333331,0.0017333333333333352,500
0.025,2.0,none,0.7,30,score_cap1,chemdeprc_cap1,fdp_exceeds_q,0.0,0.0,0.0,500
0.025,2.0,none,0.7,30,score_cap1,chemdeprc_cap1,unique_blocks,0.0,0.0,0.0,500
0.025,2.0,none,0.7,30,score_cap1,chemdeprc_cap1,max_block_share,0.0,0.0,0.0,500
0.025,2.0,none,0.7,30,score_cap1,chemdeprc_cap1,mean_pairwise_tanimoto,-0.004310218960046761,-0.005425114303082222,-0.0031655572474002763,500
0.025,2.0,none,0.7,30,score_cap1,chemdeprc_scorecap1,true_hits,0.0,0.0,0.0,500
0.025,2.0,none,0.7,30,score_cap1,chemdeprc_scorecap1,fdp,0.0,0.0,0.0,500
0.025,2.0,none,0.7,30,score_cap1,chemdeprc_scorecap1,fdp_exceeds_q,0.0,0.0,0.0,500
0.025,2.0,none,0.7,30,score_cap1,chemdeprc_scorecap1,unique_blocks,0.0,0.0,0.0,500
0.025,2.0,none,0.7,30,score_cap1,chemdeprc_scorecap1,max_block_share,0.0,0.0,0.0,500
0.025,2.0,none,0.7,30,score_cap1,chemdeprc_scorecap1,mean_pairwise_tanimoto,0.00027199485898017704,0.00019809152260422583,0.00034604989886283716,500
0.025,2.0,none,0.7,30,score_cap1,hier_bh_cap1,true_hits,0.02,-0.052,0.08604999999999972,500
0.025,2.0,none,0.7,30,score_cap1,hier_bh_cap1,fdp,-0.0006666666666666661,-0.0028666666666666636,0.0017333333333333356,500
0.025,2.0,none,0.7,30,score_cap1,hier_bh_cap1,fdp_exceeds_q,0.0,0.0,0.0,500
0.025,2.0,none,0.7,30,score_cap1,hier_bh_cap1,unique_blocks,0.0,0.0,0.0,500
0.025,2.0,none,0.7,30,score_cap1,hier_bh_cap1,max_block_share,0.0,0.0,0.0,500
0.025,2.0,none,0.7,30,score_cap1,hier_bh_cap1,mean_pairwise_tanimoto,-0.004310218960046761,-0.0054794845327734865,-0.0031098062679171495,500
0.025,2.0,none,0.7,30,score_cap1,minp_block_bh_cap1,true_hits,-0.436,-0.564,-0.314,500
0.025,2.0,none,0.7,30,score_cap1,minp_block_bh_cap1,fdp,0.014533333333333343,0.010398333333333336,0.018800000000000004,500
0.025,2.0,none,0.7,30,score_cap1,minp_block_bh_cap1,fdp_exceeds_q,0.0,0.0,0.0,500
0.025,2.0,none,0.7,30,score_cap1,minp_block_bh_cap1,unique_blocks,0.0,0.0,0.0,500
0.025,2.0,none,0.7,30,score_cap1,minp_block_bh_cap1,max_block_share,0.0,0.0,0.0,500
0.025,2.0,none,0.7,30,score_cap1,minp_block_bh_cap1,mean_pairwise_tanimoto,-0.01224745777249337,-0.013819060734659444,-0.01068470825999976,500
0.025,2.0,none,0.7,30,score_cap1,block_by_cap1,true_hits,-4.934,-5.72205,-4.20795,500
0.025,2.0,none,0.7,30,score_cap1,block_by_cap1,fdp,-0.04018888888888889,-0.051639935897435894,-0.029336894586894594,500
0.025,2.0,none,0.7,30,score_cap1,block_by_cap1,fdp_exceeds_q,0.0,0.0,0.0,500
0.025,2.0,none,0.7,30,score_cap1,block_by_cap1,unique_blocks,-6.658,-7.5520499999999995,-5.83595,500
0.025,2.0,none,0.7,30,score_cap1,block_by_cap1,max_block_share,0.005343803418803418,0.003511376424501425,0.007221191239316238,500
0.025,2.0,none,0.7,30,score_cap1,block_by_cap1,mean_pairwise_tanimoto,-0.018712373048067076,-0.024159126490354524,-0.013414164400100698,500
0.025,2.0,none,0.7,30,score_cap1,bh_cap1,true_hits,0.0,0.0,0.0,500
0.025,2.0,none,0.7,30,score_cap1,bh_cap1,fdp,0.0,0.0,0.0,500
0.025,2.0,none,0.7,30,score_cap1,bh_cap1,fdp_exceeds_q,0.0,0.0,0.0,500
0.025,2.0,none,0.7,30,score_cap1,bh_cap1,unique_blocks,0.0,0.0,0.0,500
0.025,2.0,none,0.7,30,score_cap1,bh_cap1,max_block_share,0.0,0.0,0.0,500
0.025,2.0,none,0.7,30,score_cap1,bh_cap1,mean_pairwise_tanimoto,0.0,0.0,0.0,500
0.025,2.0,none,0.7,30,score_cap1,weighted_bh,true_hits,-0.162,-0.29,-0.026,500
0.025,2.0,none,0.7,30,score_cap1,weighted_bh,fdp,0.0053999999999999986,0.0008000000000000045,0.009933333333333337,500
0.025,2.0,none,0.7,30,score_cap1,weighted_bh,fdp_exceeds_q,0.0,0.0,0.0,500
0.025,2.0,none,0.7,30,score_cap1,weighted_bh,unique_blocks,-2.122,-2.2880499999999997,-1.9479500000000003,500
0.025,2.0,none,0.7,30,score_cap1,weighted_bh,max_block_share,0.03266666666666665,0.030731666666666647,0.034799999999999984,500
0.025,2.0,none,0.7,30,score_cap1,weighted_bh,mean_pairwise_tanimoto,-0.007610008567571646,-0.009278472334891562,-0.005936448507755998,500
0.025,2.0,none,0.7,50,score_cap1,chemdeprc_cap1,true_hits,-0.06,-0.12,0.0,500
0.025,2.0,none,0.7,50,score_cap1,chemdeprc_cap1,fdp,0.0012000000000000018,8.000000000000217e-05,0.0023600000000000023,500
0.025,2.0,none,0.7,50,score_cap1,chemdeprc_cap1,fdp_exceeds_q,0.0,0.0,0.0,500
0.025,2.0,none,0.7,50,score_cap1,chemdeprc_cap1,unique_blocks,0.0,0.0,0.0,500
0.025,2.0,none,0.7,50,score_cap1,chemdeprc_cap1,max_block_share,0.0,0.0,0.0,500
0.025,2.0,none,0.7,50,score_cap1,chemdeprc_cap1,mean_pairwise_tanimoto,-0.0011019544899463567,-0.0014707406245171972,-0.0007216495655476915,500
0.025,2.0,none,0.7,50,score_cap1,chemdeprc_scorecap1,true_hits,-0.096,-0.122,-0.072,500
0.025,2.0,none,0.7,50,score_cap1,chemdeprc_scorecap1,fdp,0.0019200000000000018,0.0014000000000000013,0.002400000000000002,500
0.025,2.0,none,0.7,50,score_cap1,chemdeprc_scorecap1,fdp_exceeds_q,0.0,0.0,0.0,500
0.025,2.0,none,0.7,50,score_cap1,chemdeprc_scorecap1,unique_blocks,0.0,0.0,0.0,500
0.025,2.0,none,0.7,50,score_cap1,chemdeprc_scorecap1,max_block_share,0.0,0.0,0.0,500
0.025,2.0,none,0.7,50,score_cap1,chemdeprc_scorecap1,mean_pairwise_tanimoto,-2.330154180526789e-06,-2.346096709370619e-05,1.9715905934571928e-05,500
0.025,2.0,none,0.7,50,score_cap1,hier_bh_cap1,true_hits,-0.06,-0.118,-0.002,500
0.025,2.0,none,0.7,50,score_cap1,hier_bh_cap1,fdp,0.0012000000000000018,2.4643481699726523e-18,0.002360000000000003,500
0.025,2.0,none,0.7,50,score_cap1,hier_bh_cap1,fdp_exceeds_q,0.0,0.0,0.0,500
0.025,2.0,none,0.7,50,score_cap1,hier_bh_cap1,unique_blocks,0.0,0.0,0.0,500
0.025,2.0,none,0.7,50,score_cap1,hier_bh_cap1,max_block_share,0.0,0.0,0.0,500
0.025,2.0,none,0.7,50,score_cap1,hier_bh_cap1,mean_pairwise_tanimoto,-0.0011019544899463567,-0.0014642515234649098,-0.0007405045546591148,500
0.025,2.0,none,0.7,50,score_cap1,minp_block_bh_cap1,true_hits,-0.668,-0.776,-0.556,500
0.025,2.0,none,0.7,50,score_cap1,minp_block_bh_cap1,fdp,0.01336,0.01116,0.015520999999999997,500
0.025,2.0,none,0.7,50,score_cap1,minp_block_bh_cap1,fdp_exceeds_q,0.0,0.0,0.0,500
0.025,2.0,none,0.7,50,score_cap1,minp_block_bh_cap1,unique_blocks,0.0,0.0,0.0,500
0.025,2.0,none,0.7,50,score_cap1,minp_block_bh_cap1,max_block_share,0.0,0.0,0.0,500
0.025,2.0,none,0.7,50,score_cap1,minp_block_bh_cap1,mean_pairwise_tanimoto,-0.009073969155550005,-0.010500788947939873,-0.007758824577927588,500
0.025,2.0,none,0.7,50,score_cap1,block_by_cap1,true_hits,-11.23,-12.47605,-9.9938,500
0.025,2.0,none,0.7,50,score_cap1,block_by_cap1,fdp,-0.07479797979797982,-0.08953872533022533,-0.06158535382672885,500
0.025,2.0,none,0.7,50,score_cap1,block_by_cap1,fdp_exceeds_q,0.0,0.0,0.0,500
0.025,2.0,none,0.7,50,score_cap1,block_by_cap1,unique_blocks,-16.446,-17.9822,-14.891500000000002,500
0.025,2.0,none,0.7,50,score_cap1,block_by_cap1,max_block_share,0.011790773115773099,0.009714842932530417,0.013882760780885763,500
0.025,2.0,none,0.7,50,score_cap1,block_by_cap1,mean_pairwise_tanimoto,-0.00942022591829299,-0.014359988699853403,-0.00478451517000794,500
0.025,2.0,none,0.7,50,score_cap1,bh_cap1,true_hits,0.0,0.0,0.0,500
0.025,2.0,none,0.7,50,score_cap1,bh_cap1,fdp,0.0,0.0,0.0,500
0.025,2.0,none,0.7,50,score_cap1,bh_cap1,fdp_exceeds_q,0.0,0.0,0.0,500
0.025,2.0,none,0.7,50,score_cap1,bh_cap1,unique_blocks,0.0,0.0,0.0,500
0.025,2.0,none,0.7,50,score_cap1,bh_cap1,max_block_share,0.0,0.0,0.0,500
0.025,2.0,none,0.7,50,score_cap1,bh_cap1,mean_pairwise_tanimoto,0.0,0.0,0.0,500
0.025,2.0,none,0.7,50,score_cap1,weighted_bh,true_hits,0.396,0.23,0.568,500
0.025,2.0,none,0.7,50,score_cap1,weighted_bh,fdp,-0.007919999999999996,-0.011279999999999998,-0.004399000000000002,500
0.025,2.0,none,0.7,50,score_cap1,weighted_bh,fdp_exceeds_q,0.0,0.0,0.0,500
0.025,2.0,none,0.7,50,score_cap1,weighted_bh,unique_blocks,-6.474,-6.876,-6.062,500
0.025,2.0,none,0.7,50,score_cap1,weighted_bh,max_block_share,0.04644,0.043759000000000006,0.04916,500
0.025,2.0,none,0.7,50,score_cap1,weighted_bh,mean_pairwise_tanimoto,-0.002178639829158783,-0.004134684694558382,-0.00035121377408504586,500
0.025,2.0,none,0.7,75,score_cap1,chemdeprc_cap1,true_hits,-0.128,-0.21,-0.044,500
0.025,2.0,none,0.7,75,score_cap1,chemdeprc_cap1,fdp,-0.0029140571073769184,-0.00449412880073456,-0.0014641252857868266,500
0.025,2.0,none,0.7,75,score_cap1,chemdeprc_cap1,fdp_exceeds_q,-0.1,-0.126,-0.074,500
0.025,2.0,none,0.7,75,score_cap1,chemdeprc_cap1,unique_blocks,-1.082,-1.38405,-0.802,500
0.025,2.0,none,0.7,75,score_cap1,chemdeprc_cap1,max_block_share,0.0002273744971598904,0.00016689065250163695,0.00029254948157151776,500
0.025,2.0,none,0.7,75,score_cap1,chemdeprc_cap1,mean_pairwise_tanimoto,0.00021760177612306192,5.531362965704727e-05,0.0003747098326683181,500
0.025,2.0,none,0.7,75,score_cap1,chemdeprc_scorecap1,true_hits,0.156,0.098,0.212,500
0.025,2.0,none,0.7,75,score_cap1,chemdeprc_scorecap1,fdp,-0.00670072377404358,-0.007981370361308207,-0.005507802763022537,500
0.025,2.0,none,0.7,75,score_cap1,chemdeprc_scorecap1,fdp_exceeds_q,-0.1,-0.128,-0.07595000000000027,500
0.025,2.0,none,0.7,75,score_cap1,chemdeprc_scorecap1,unique_blocks,-1.082,-1.3700500000000002,-0.794,500
0.025,2.0,none,0.7,75,score_cap1,chemdeprc_scorecap1,max_block_share,0.0002273744971598904,0.0001659078404908294,0.00028916185597659534,500
0.025,2.0,none,0.7,75,score_cap1,chemdeprc_scorecap1,mean_pairwise_tanimoto,0.0004950716793537136,0.000393604414165021,0.0006098317421972734,500
0.025,2.0,none,0.7,75,score_cap1,hier_bh_cap1,true_hits,-0.128,-0.214,-0.042,500
0.025,2.0,none,0.7,75,score_cap1,hier_bh_cap1,fdp,-0.0029140571073769184,-0.004455376801871129,-0.0013603946896927376,500
0.025,2.0,none,0.7,75,score_cap1,hier_bh_cap1,fdp_exceeds_q,-0.1,-0.126,-0.074,500
0.025,2.0,none,0.7,75,score_cap1,hier_bh_cap1,unique_blocks,-1.082,-1.3660500000000002,-0.7899500000000003,500
0.025,2.0,none,0.7,75,score_cap1,hier_bh_cap1,max_block_share,0.0002273744971598904,0.00016582378430428417,0.00029279854561144544,500
0.025,2.0,none,0.7,75,score_cap1,hier_bh_cap1,mean_pairwise_tanimoto,0.00021760177612306192,6.071222126486013e-05,0.0003802216120064383,500
0.025,2.0,none,0.7,75,score_cap1,minp_block_bh_cap1,true_hits,-1.016,-1.14005,-0.894,500
0.025,2.0,none,0.7,75,score_cap1,minp_block_bh_cap1,fdp,-0.002083421094253121,-0.0052781615754866245,0.0011185316490678603,500
0.025,2.0,none,0.7,75,score_cap1,minp_block_bh_cap1,fdp_exceeds_q,-0.1,-0.126,-0.074,500
0.025,2.0,none,0.7,75,score_cap1,minp_block_bh_cap1,unique_blocks,-2.588,-3.07205,-2.104,500
0.025,2.0,none,0.7,75,score_cap1,minp_block_bh_cap1,max_block_share,0.0005760964781007622,0.0004639044834374105,0.0006929770245966023,500
0.025,2.0,none,0.7,75,score_cap1,minp_block_bh_cap1,mean_pairwise_tanimoto,-0.0022927346527576394,-0.0027272614434361354,-0.0018414976783096798,500
0.025,2.0,none,0.7,75,score_cap1,block_by_cap1,true_hits,-19.328,-21.106450000000002,-17.601950000000002,500
0.025,2.0,none,0.7,75,score_cap1,block_by_cap1,fdp,-0.12299554580005286,-0.13959696411660852,-0.10785943738746909,500
0.025,2.0,none,0.7,75,score_cap1,block_by_cap1,fdp_exceeds_q,-0.1,-0.128,-0.074,500
0.025,2.0,none,0.7,75,score_cap1,block_by_cap1,unique_blocks,-31.532,-34.0406,-29.1038,500
0.025,2.0,none,0.7,75,score_cap1,block_by_cap1,max_block_share,0.015733691230522213,0.013580412272032867,0.01783061829201706,500
0.025,2.0,none,0.7,75,score_cap1,block_by_cap1,mean_pairwise_tanimoto,0.0015638399422169015,-0.003905860804021334,0.006668719042837638,500
0.025,2.0,none,0.7,75,score_cap1,bh_cap1,true_hits,-0.038,-0.056,-0.022,500
0.025,2.0,none,0.7,75,score_cap1,bh_cap1,fdp,-0.001741106830181394,-0.002564267628363787,-0.001068762779575585,500
0.025,2.0,none,0.7,75,score_cap1,bh_cap1,fdp_exceeds_q,-0.038,-0.058,-0.024,500
0.025,2.0,none,0.7,75,score_cap1,bh_cap1,unique_blocks,-0.526,-0.75805,-0.318,500
0.025,2.0,none,0.7,75,score_cap1,bh_cap1,max_block_share,0.0001124755076891736,6.748756351396894e-05,0.00016326982862137904,500
0.025,2.0,none,0.7,75,score_cap1,bh_cap1,mean_pairwise_tanimoto,5.6838899850845e-05,2.8664640337228237e-05,8.493342474102929e-05,500
0.025,2.0,none,0.7,75,score_cap1,weighted_bh,true_hits,3.106,2.7199500000000003,3.508,500
0.025,2.0,none,0.7,75,score_cap1,weighted_bh,fdp,-0.04141333333333334,-0.04706733333333333,-0.03642666666666668,500
0.025,2.0,none,0.7,75,score_cap1,weighted_bh,fdp_exceeds_q,-0.076,-0.1,-0.054,500
0.025,2.0,none,0.7,75,score_cap1,weighted_bh,unique_blocks,-14.97,-15.4961,-14.4539,500
0.025,2.0,none,0.7,75,score_cap1,weighted_bh,max_block_share,0.045573333333333355,0.04368000000000001,0.04741400000000001,500
0.025,2.0,none,0.7,75,score_cap1,weighted_bh,mean_pairwise_tanimoto,0.016638822495937365,0.015445276744663733,0.017878485765308157,500
0.025,3.0,none,0.7,100,score_cap1,chemdeprc_cap1,true_hits,-1.714,-1.88205,-1.544,500
0.025,3.0,none,0.7,100,score_cap1,chemdeprc_cap1,fdp,-0.007452054115628415,-0.010497760381020883,-0.004620548481432056,500
0.025,3.0,none,0.7,100,score_cap1,chemdeprc_cap1,fdp_exceeds_q,-0.1,-0.12605,-0.074,500
0.025,3.0,none,0.7,100,score_cap1,chemdeprc_cap1,unique_blocks,-5.686,-6.75805,-4.66395,500
0.025,3.0,none,0.7,100,score_cap1,chemdeprc_cap1,max_block_share,0.0008202755426147487,0.0006800351988577436,0.0009788861050919451,500
0.025,3.0,none,0.7,100,score_cap1,chemdeprc_cap1,mean_pairwise_tanimoto,0.0017574292719364066,0.0014076556071638967,0.0021607272207736896,500
0.025,3.0,none,0.7,100,score_cap1,chemdeprc_scorecap1,true_hits,-1.378,-1.564,-1.1939500000000003,500
0.025,3.0,none,0.7,100,score_cap1,chemdeprc_scorecap1,fdp,-0.010812054115628415,-0.013616135674055178,-0.008065703017592235,500
0.025,3.0,none,0.7,100,score_cap1,chemdeprc_scorecap1,fdp_exceeds_q,-0.1,-0.126,-0.074,500
0.025,3.0,none,0.7,100,score_cap1,chemdeprc_scorecap1,unique_blocks,-5.686,-6.7921,-4.6319,500
0.025,3.0,none,0.7,100,score_cap1,chemdeprc_scorecap1,max_block_share,0.0008202755426147487,0.0006658832182115421,0.000984393568327435,500
0.025,3.0,none,0.7,100,score_cap1,chemdeprc_scorecap1,mean_pairwise_tanimoto,0.0019978220462799068,0.00163946407586336,0.0023422450006008143,500
0.025,3.0,none,0.7,100,score_cap1,hier_bh_cap1,true_hits,-1.714,-1.886,-1.556,500
0.025,3.0,none,0.7,100,score_cap1,hier_bh_cap1,fdp,-0.007452054115628415,-0.010567178550858815,-0.004398080812748605,500
0.025,3.0,none,0.7,100,score_cap1,hier_bh_cap1,fdp_exceeds_q,-0.1,-0.128,-0.074,500
0.025,3.0,none,0.7,100,score_cap1,hier_bh_cap1,unique_blocks,-5.686,-6.796,-4.6779,500
0.025,3.0,none,0.7,100,score_cap1,hier_bh_cap1,max_block_share,0.0008202755426147487,0.0006723746831794464,0.000975357881467497,500
0.025,3.0,none,0.7,100,score_cap1,hier_bh_cap1,mean_pairwise_tanimoto,0.0017574292719364066,0.0013762540675699615,0.0021595596365630546,500
0.025,3.0,none,0.7,100,score_cap1,minp_block_bh_cap1,true_hits,-2.808,-3.04005,-2.582,500
0.025,3.0,none,0.7,100,score_cap1,minp_block_bh_cap1,fdp,-0.012049241778240141,-0.016610386605765262,-0.007899069275058278,500
0.025,3.0,none,0.7,100,score_cap1,minp_block_bh_cap1,fdp_exceeds_q,-0.1,-0.128,-0.076,500
0.025,3.0,none,0.7,100,score_cap1,minp_block_bh_cap1,unique_blocks,-7.924,-9.180349999999999,-6.673900000000001,500
0.025,3.0,none,0.7,100,score_cap1,minp_block_bh_cap1,max_block_share,0.0012258617756208837,0.001021679327747901,0.0014308637900063389,500
0.025,3.0,none,0.7,100,score_cap1,minp_block_bh_cap1,mean_pairwise_tanimoto,0.0017626065015792793,0.001272140467911955,0.0022738768026232636,500
0.025,3.0,none,0.7,100,score_cap1,block_by_cap1,true_hits,-29.094,-31.2362,-27.009600000000002,500
0.025,3.0,none,0.7,100,score_cap1,block_by_cap1,fdp,-0.1926517170339464,-0.20720255179723132,-0.17863138842848578,500
0.025,3.0,none,0.7,100,score_cap1,block_by_cap1,fdp_exceeds_q,-0.1,-0.126,-0.074,500
0.025,3.0,none,0.7,100,score_cap1,block_by_cap1,unique_blocks,-53.482,-56.1161,-50.6598,500
0.025,3.0,none,0.7,100,score_cap1,block_by_cap1,max_block_share,0.018333302489709356,0.016177548889817435,0.02056979677588253,500
0.025,3.0,none,0.7,100,score_cap1,block_by_cap1,mean_pairwise_tanimoto,0.01539854922890664,0.009978799503296618,0.020477947234362366,500
0.025,3.0,none,0.7,100,score_cap1,bh_cap1,true_hits,-0.764,-0.91405,-0.63,500
0.025,3.0,none,0.7,100,score_cap1,bh_cap1,fdp,-0.007507245550955412,-0.009072478179196172,-0.006014976511141194,500
0.025,3.0,none,0.7,100,score_cap1,bh_cap1,fdp_exceeds_q,-0.034,-0.05005,-0.02,500
0.025,3.0,none,0.7,100,score_cap1,bh_cap1,unique_blocks,-3.732,-4.546,-2.9559000000000006,500
0.025,3.0,none,0.7,100,score_cap1,bh_cap1,max_block_share,0.000498797990258261,0.00039008224342555324,0.0006176016065687824,500
0.025,3.0,none,0.7,100,score_cap1,bh_cap1,mean_pairwise_tanimoto,0.0012205398380756398,0.0009934875503182436,0.001463360082358124,500
0.025,3.0,none,0.7,100,score_cap1,weighted_bh,true_hits,9.34,8.66795,10.06805,500
0.025,3.0,none,0.7,100,score_cap1,weighted_bh,fdp,-0.09585742963823637,-0.10302228526599039,-0.0886010474302198,500
0.025,3.0,none,0.7,100,score_cap1,weighted_bh,fdp_exceeds_q,-0.018,-0.03,-0.008,500
0.025,3.0,none,0.7,100,score_cap1,weighted_bh,unique_blocks,-26.188,-26.84215,-25.538,500
0.025,3.0,none,0.7,100,score_cap1,weighted_bh,max_block_share,0.050139003522575464,0.04861634747973774,0.05178361621280495,500
0.025,3.0,none,0.7,100,score_cap1,weighted_bh,mean_pairwise_tanimoto,0.02220535641908646,0.02055446237325668,0.023863718950748444,500
0.025,3.0,none,0.7,20,score_cap1,chemdeprc_cap1,true_hits,0.156,0.114,0.2,500
0.025,3.0,none,0.7,20,score_cap1,chemdeprc_cap1,fdp,-0.0078000000000000005,-0.009900000000000003,-0.005700000000000001,500
0.025,3.0,none,0.7,20,score_cap1,chemdeprc_cap1,fdp_exceeds_q,0.0,0.0,0.0,500
0.025,3.0,none,0.7,20,score_cap1,chemdeprc_cap1,unique_blocks,0.0,0.0,0.0,500
0.025,3.0,none,0.7,20,score_cap1,chemdeprc_cap1,max_block_share,0.0,0.0,0.0,500
0.025,3.0,none,0.7,20,score_cap1,chemdeprc_cap1,mean_pairwise_tanimoto,-0.009241499841213226,-0.010954854799062013,-0.007516166315972807,500
0.025,3.0,none,0.7,20,score_cap1,chemdeprc_scorecap1,true_hits,0.0,0.0,0.0,500
0.025,3.0,none,0.7,20,score_cap1,chemdeprc_scorecap1,fdp,0.0,0.0,0.0,500
0.025,3.0,none,0.7,20,score_cap1,chemdeprc_scorecap1,fdp_exceeds_q,0.0,0.0,0.0,500
0.025,3.0,none,0.7,20,score_cap1,chemdeprc_scorecap1,unique_blocks,0.0,0.0,0.0,500
0.025,3.0,none,0.7,20,score_cap1,chemdeprc_scorecap1,max_block_share,0.0,0.0,0.0,500
0.025,3.0,none,0.7,20,score_cap1,chemdeprc_scorecap1,mean_pairwise_tanimoto,0.0,0.0,0.0,500
0.025,3.0,none,0.7,20,score_cap1,hier_bh_cap1,true_hits,0.156,0.116,0.198,500
0.025,3.0,none,0.7,20,score_cap1,hier_bh_cap1,fdp,-0.0078000000000000005,-0.009800000000000001,-0.005800000000000001,500
0.025,3.0,none,0.7,20,score_cap1,hier_bh_cap1,fdp_exceeds_q,0.0,0.0,0.0,500
0.025,3.0,none,0.7,20,score_cap1,hier_bh_cap1,unique_blocks,0.0,0.0,0.0,500
0.025,3.0,none,0.7,20,score_cap1,hier_bh_cap1,max_block_share,0.0,0.0,0.0,500
0.025,3.0,none,0.7,20,score_cap1,hier_bh_cap1,mean_pairwise_tanimoto,-0.009241499841213226,-0.011002517223358155,-0.00746597277671099,500
0.025,3.0,none,0.7,20,score_cap1,minp_block_bh_cap1,true_hits,0.242,0.176,0.31,500
0.025,3.0,none,0.7,20,score_cap1,minp_block_bh_cap1,fdp,-0.012100000000000001,-0.0151,-0.008900000000000003,500
0.025,3.0,none,0.7,20,score_cap1,minp_block_bh_cap1,fdp_exceeds_q,0.0,0.0,0.0,500
0.025,3.0,none,0.7,20,score_cap1,minp_block_bh_cap1,unique_blocks,0.0,0.0,0.0,500
0.025,3.0,none,0.7,20,score_cap1,minp_block_bh_cap1,max_block_share,0.0,0.0,0.0,500
0.025,3.0,none,0.7,20,score_cap1,minp_block_bh_cap1,mean_pairwise_tanimoto,-0.015134692370891581,-0.01736389591991902,-0.012866049423068775,500
0.025,3.0,none,0.7,20,score_cap1,block_by_cap1,true_hits,-2.362,-2.92005,-1.838,500
0.025,3.0,none,0.7,20,score_cap1,block_by_cap1,fdp,-0.03430814479638009,-0.0410898604826546,-0.027327941176470593,500
0.025,3.0,none,0.7,20,score_cap1,block_by_cap1,fdp_exceeds_q,0.0,0.0,0.0,500
0.025,3.0,none,0.7,20,score_cap1,block_by_cap1,unique_blocks,-3.228,-3.772,-2.72595,500
0.025,3.0,none,0.7,20,score_cap1,block_by_cap1,max_block_share,-0.0003820135746606426,-0.002002240761689299,0.0012872869532428244,500
0.025,3.0,none,0.7,20,score_cap1,block_by_cap1,mean_pairwise_tanimoto,-0.025812695682048793,-0.031246426662802695,-0.020461594900488853,500
0.025,3.0,none,0.7,20,score_cap1,bh_cap1,true_hits,0.0,0.0,0.0,500
0.025,3.0,none,0.7,20,score_cap1,bh_cap1,fdp,0.0,0.0,0.0,500
0.025,3.0,none,0.7,20,score_cap1,bh_cap1,fdp_exceeds_q,0.0,0.0,0.0,500
0.025,3.0,none,0.7,20,score_cap1,bh_cap1,unique_blocks,0.0,0.0,0.0,500
0.025,3.0,none,0.7,20,score_cap1,bh_cap1,max_block_share,0.0,0.0,0.0,500
0.025,3.0,none,0.7,20,score_cap1,bh_cap1,mean_pairwise_tanimoto,0.0,0.0,0.0,500
0.025,3.0,none,0.7,20,score_cap1,weighted_bh,true_hits,0.402,0.34,0.466,500
0.025,3.0,none,0.7,20,score_cap1,weighted_bh,fdp,-0.020099999999999996,-0.0235,-0.016800000000000006,500
0.025,3.0,none,0.7,20,score_cap1,weighted_bh,fdp_exceeds_q,0.0,0.0,0.0,500
0.025,3.0,none,0.7,20,score_cap1,weighted_bh,unique_blocks,-0.846,-0.958,-0.728,500
0.025,3.0,none,0.7,20,score_cap1,weighted_bh,max_block_share,0.020700000000000003,0.0185,0.0229,500
0.025,3.0,none,0.7,20,score_cap1,weighted_bh,mean_pairwise_tanimoto,-0.012070796102285399,-0.014164187424629939,-0.010058903639763611,500
0.025,3.0,none,0.7,30,score_cap1,chemdeprc_cap1,true_hits,0.054,-0.01605,0.126,500
0.025,3.0,none,0.7,30,score_cap1,chemdeprc_cap1,fdp,-0.0017999999999999954,-0.004199999999999994,0.0004000000000000033,500
0.025,3.0,none,0.7,30,score_cap1,chemdeprc_cap1,fdp_exceeds_q,0.0,0.0,0.0,500
0.025,3.0,none,0.7,30,score_cap1,chemdeprc_cap1,unique_blocks,0.0,0.0,0.0,500
0.025,3.0,none,0.7,30,score_cap1,chemdeprc_cap1,max_block_share,0.0,0.0,0.0,500
0.025,3.0,none,0.7,30,score_cap1,chemdeprc_cap1,mean_pairwise_tanimoto,-0.004264492779970161,-0.005410604893416156,-0.0031610492907464447,500
0.025,3.0,none,0.7,30,score_cap1,chemdeprc_scorecap1,true_hits,0.0,0.0,0.0,500
0.025,3.0,none,0.7,30,score_cap1,chemdeprc_scorecap1,fdp,0.0,0.0,0.0,500
0.025,3.0,none,0.7,30,score_cap1,chemdeprc_scorecap1,fdp_exceeds_q,0.0,0.0,0.0,500
0.025,3.0,none,0.7,30,score_cap1,chemdeprc_scorecap1,unique_blocks,0.0,0.0,0.0,500
0.025,3.0,none,0.7,30,score_cap1,chemdeprc_scorecap1,max_block_share,0.0,0.0,0.0,500
0.025,3.0,none,0.7,30,score_cap1,chemdeprc_scorecap1,mean_pairwise_tanimoto,0.0002673316299915311,0.0001852971546351901,0.00035112447887659107,500
0.025,3.0,none,0.7,30,score_cap1,hier_bh_cap1,true_hits,0.054,-0.018,0.124,500
0.025,3.0,none,0.7,30,score_cap1,hier_bh_cap1,fdp,-0.0017999999999999954,-0.004199999999999994,0.00046666666666667187,500
0.025,3.0,none,0.7,30,score_cap1,hier_bh_cap1,fdp_exceeds_q,0.0,0.0,0.0,500
0.025,3.0,none,0.7,30,score_cap1,hier_bh_cap1,unique_blocks,0.0,0.0,0.0,500
0.025,3.0,none,0.7,30,score_cap1,hier_bh_cap1,max_block_share,0.0,0.0,0.0,500
0.025,3.0,none,0.7,30,score_cap1,hier_bh_cap1,mean_pairwise_tanimoto,-0.004264492779970161,-0.005500781144946806,-0.003103156819194548,500
0.025,3.0,none,0.7,30,score_cap1,minp_block_bh_cap1,true_hits,-0.386,-0.512,-0.2559500000000003,500
0.025,3.0,none,0.7,30,score_cap1,minp_block_bh_cap1,fdp,0.012866666666666674,0.008733333333333338,0.017400000000000002,500
0.025,3.0,none,0.7,30,score_cap1,minp_block_bh_cap1,fdp_exceeds_q,0.0,0.0,0.0,500
0.025,3.0,none,0.7,30,score_cap1,minp_block_bh_cap1,unique_blocks,0.0,0.0,0.0,500
0.025,3.0,none,0.7,30,score_cap1,minp_block_bh_cap1,max_block_share,0.0,0.0,0.0,500
0.025,3.0,none,0.7,30,score_cap1,minp_block_bh_cap1,mean_pairwise_tanimoto,-0.012156206160783774,-0.013736410340666782,-0.010584488057345161,500
0.025,3.0,none,0.7,30,score_cap1,block_by_cap1,true_hits,-4.878,-5.6581,-4.10395,500
0.025,3.0,none,0.7,30,score_cap1,block_by_cap1,fdp,-0.03915116473940003,-0.050370286576168925,-0.02831240196078431,500
0.025,3.0,none,0.7,30,score_cap1,block_by_cap1,fdp_exceeds_q,0.0,0.0,0.0,500
0.025,3.0,none,0.7,30,score_cap1,block_by_cap1,unique_blocks,-6.602,-7.5001,-5.756,500
0.025,3.0,none,0.7,30,score_cap1,block_by_cap1,max_block_share,0.005093769901122842,0.0032953817873303177,0.006984111362493716,500
0.025,3.0,none,0.7,30,score_cap1,block_by_cap1,mean_pairwise_tanimoto,-0.018562046408653242,-0.02446741668209432,-0.013295402333885419,500
0.025,3.0,none,0.7,30,score_cap1,bh_cap1,true_hits,0.0,0.0,0.0,500
0.025,3.0,none,0.7,30,score_cap1,bh_cap1,fdp,0.0,0.0,0.0,500
0.025,3.0,none,0.7,30,score_cap1,bh_cap1,fdp_exceeds_q,0.0,0.0,0.0,500
0.025,3.0,none,0.7,30,score_cap1,bh_cap1,unique_blocks,0.0,0.0,0.0,500
0.025,3.0,none,0.7,30,score_cap1,bh_cap1,max_block_share,0.0,0.0,0.0,500
0.025,3.0,none,0.7,30,score_cap1,bh_cap1,mean_pairwise_tanimoto,0.0,0.0,0.0,500
0.025,3.0,none,0.7,30,score_cap1,weighted_bh,true_hits,-0.158,-0.288,-0.022,500
0.025,3.0,none,0.7,30,score_cap1,weighted_bh,fdp,0.005266666666666666,0.0009983333333333372,0.009866666666666671,500
0.025,3.0,none,0.7,30,score_cap1,weighted_bh,fdp_exceeds_q,0.0,0.0,0.0,500
0.025,3.0,none,0.7,30,score_cap1,weighted_bh,unique_blocks,-2.182,-2.3520499999999998,-2.004,500
0.025,3.0,none,0.7,30,score_cap1,weighted_bh,max_block_share,0.033399999999999985,0.030866666666666653,0.035868333333333315,500
0.025,3.0,none,0.7,30,score_cap1,weighted_bh,mean_pairwise_tanimoto,-0.007539759099483496,-0.009257240527868279,-0.005976000954955821,500
0.025,3.0,none,0.7,50,score_cap1,chemdeprc_cap1,true_hits,-0.002,-0.064,0.066,500
0.025,3.0,none,0.7,50,score_cap1,chemdeprc_cap1,fdp,4.0000000000001365e-05,-0.0012399999999999983,0.0013200000000000015,500
0.025,3.0,none,0.7,50,score_cap1,chemdeprc_cap1,fdp_exceeds_q,0.0,0.0,0.0,500
0.025,3.0,none,0.7,50,score_cap1,chemdeprc_cap1,unique_blocks,0.0,0.0,0.0,500
0.025,3.0,none,0.7,50,score_cap1,chemdeprc_cap1,max_block_share,0.0,0.0,0.0,500
0.025,3.0,none,0.7,50,score_cap1,chemdeprc_cap1,mean_pairwise_tanimoto,-0.0006363473534583969,-0.0009946183666586783,-0.00026074163690208596,500
0.025,3.0,none,0.7,50,score_cap1,chemdeprc_scorecap1,true_hits,-0.096,-0.12204999999999999,-0.07,500
0.025,3.0,none,0.7,50,score_cap1,chemdeprc_scorecap1,fdp,0.0019200000000000018,0.0014400000000000012,0.002440000000000002,500
0.025,3.0,none,0.7,50,score_cap1,chemdeprc_scorecap1,fdp_exceeds_q,0.0,0.0,0.0,500
0.025,3.0,none,0.7,50,score_cap1,chemdeprc_scorecap1,unique_blocks,0.0,0.0,0.0,500
0.025,3.0,none,0.7,50,score_cap1,chemdeprc_scorecap1,max_block_share,0.0,0.0,0.0,500
0.025,3.0,none,0.7,50,score_cap1,chemdeprc_scorecap1,mean_pairwise_tanimoto,-1.211345195770297e-05,-3.402955085039086e-05,1.1871551722287777e-05,500
0.025,3.0,none,0.7,50,score_cap1,hier_bh_cap1,true_hits,-0.002,-0.066,0.062,500
0.025,3.0,none,0.7,50,score_cap1,hier_bh_cap1,fdp,4.0000000000001365e-05,-0.0012799999999999986,0.0014000000000000013,500
0.025,3.0,none,0.7,50,score_cap1,hier_bh_cap1,fdp_exceeds_q,0.0,0.0,0.0,500
0.025,3.0,none,0.7,50,score_cap1,hier_bh_cap1,unique_blocks,0.0,0.0,0.0,500
0.025,3.0,none,0.7,50,score_cap1,hier_bh_cap1,max_block_share,0.0,0.0,0.0,500
0.025,3.0,none,0.7,50,score_cap1,hier_bh_cap1,mean_pairwise_tanimoto,-0.0006363473534583969,-0.0010003292247652942,-0.0002491216748952817,500
0.025,3.0,none,0.7,50,score_cap1,minp_block_bh_cap1,true_hits,-0.648,-0.762,-0.528,500
0.025,3.0,none,0.7,50,score_cap1,minp_block_bh_cap1,fdp,0.012960000000000003,0.010520000000000003,0.015440999999999996,500
0.025,3.0,none,0.7,50,score_cap1,minp_block_bh_cap1,fdp_exceeds_q,0.0,0.0,0.0,500
0.025,3.0,none,0.7,50,score_cap1,minp_block_bh_cap1,unique_blocks,0.0,0.0,0.0,500
0.025,3.0,none,0.7,50,score_cap1,minp_block_bh_cap1,max_block_share,0.0,0.0,0.0,500
0.025,3.0,none,0.7,50,score_cap1,minp_block_bh_cap1,mean_pairwise_tanimoto,-0.008761970311403277,-0.010094160398840911,-0.007381452613323929,500
0.025,3.0,none,0.7,50,score_cap1,block_by_cap1,true_hits,-11.106,-12.3421,-9.83785,500
0.025,3.0,none,0.7,50,score_cap1,block_by_cap1,fdp,-0.07392737686061217,-0.08703077653229126,-0.06106620851234823,500
0.025,3.0,none,0.7,50,score_cap1,block_by_cap1,fdp_exceeds_q,0.0,0.0,0.0,500
0.025,3.0,none,0.7,50,score_cap1,block_by_cap1,unique_blocks,-16.374,-18.012150000000002,-14.83595,500
0.025,3.0,none,0.7,50,score_cap1,block_by_cap1,max_block_share,0.01152558808294101,0.009550893967960128,0.013536448108536325,500
0.025,3.0,none,0.7,50,score_cap1,block_by_cap1,mean_pairwise_tanimoto,-0.009285332560539233,-0.014166237075626836,-0.004558571759611358,500
0.025,3.0,none,0.7,50,score_cap1,bh_cap1,true_hits,0.0,0.0,0.0,500
0.025,3.0,none,0.7,50,score_cap1,bh_cap1,fdp,0.0,0.0,0.0,500
0.025,3.0,none,0.7,50,score_cap1,bh_cap1,fdp_exceeds_q,0.0,0.0,0.0,500
0.025,3.0,none,0.7,50,score_cap1,bh_cap1,unique_blocks,0.0,0.0,0.0,500
0.025,3.0,none,0.7,50,score_cap1,bh_cap1,max_block_share,0.0,0.0,0.0,500
0.025,3.0,none,0.7,50,score_cap1,bh_cap1,mean_pairwise_tanimoto,0.0,0.0,0.0,500
0.025,3.0,none,0.7,50,score_cap1,weighted_bh,true_hits,0.368,0.192,0.544,500
0.025,3.0,none,0.7,50,score_cap1,weighted_bh,fdp,-0.007359999999999998,-0.011000999999999999,-0.0036399999999999987,500
0.025,3.0,none,0.7,50,score_cap1,weighted_bh,fdp_exceeds_q,0.0,0.0,0.0,500
0.025,3.0,none,0.7,50,score_cap1,weighted_bh,unique_blocks,-6.704,-7.13825,-6.29195,500
0.025,3.0,none,0.7,50,score_cap1,weighted_bh,max_block_share,0.04832000000000001,0.045039,0.051521,500
0.025,3.0,none,0.7,50,score_cap1,weighted_bh,mean_pairwise_tanimoto,-0.0016489136815071098,-0.003626190871000291,0.00025494568943977797,500
0.025,3.0,none,0.7,75,score_cap1,chemdeprc_cap1,true_hits,-0.112,-0.194,-0.032,500
0.025,3.0,none,0.7,75,score_cap1,chemdeprc_cap1,fdp,-0.002714810084953342,-0.00414237997742646,-0.0012624631838165142,500
0.025,3.0,none,0.7,75,score_cap1,chemdeprc_cap1,fdp_exceeds_q,-0.1,-0.126,-0.074,500
0.025,3.0,none,0.7,75,score_cap1,chemdeprc_cap1,unique_blocks,-0.992,-1.26,-0.7239500000000002,500
0.025,3.0,none,0.7,75,score_cap1,chemdeprc_cap1,max_block_share,0.00020547184753124824,0.00014910415663617322,0.0002631442970236064,500
0.025,3.0,none,0.7,75,score_cap1,chemdeprc_cap1,mean_pairwise_tanimoto,0.00037612694501878,0.00020062521472574729,0.0005363688908517453,500
0.025,3.0,none,0.7,75,score_cap1,chemdeprc_scorecap1,true_hits,0.172,0.116,0.23,500
0.025,3.0,none,0.7,75,score_cap1,chemdeprc_scorecap1,fdp,-0.006501476751620002,-0.007597513358643057,-0.005408803575985745,500
0.025,3.0,none,0.7,75,score_cap1,chemdeprc_scorecap1,fdp_exceeds_q,-0.1,-0.128,-0.074,500
0.025,3.0,none,0.7,75,score_cap1,chemdeprc_scorecap1,unique_blocks,-0.992,-1.2640500000000001,-0.74,500
0.025,3.0,none,0.7,75,score_cap1,chemdeprc_scorecap1,max_block_share,0.00020547184753124824,0.00015093538915680635,0.00026319238550768007,500
0.025,3.0,none,0.7,75,score_cap1,chemdeprc_scorecap1,mean_pairwise_tanimoto,0.0004971638917922966,0.00039281154870986814,0.0006023530364036555,500
0.025,3.0,none,0.7,75,score_cap1,hier_bh_cap1,true_hits,-0.112,-0.19405,-0.03,500
0.025,3.0,none,0.7,75,score_cap1,hier_bh_cap1,fdp,-0.002714810084953342,-0.004186367080514933,-0.0012535589214161904,500
0.025,3.0,none,0.7,75,score_cap1,hier_bh_cap1,fdp_exceeds_q,-0.1,-0.128,-0.074,500
0.025,3.0,none,0.7,75,score_cap1,hier_bh_cap1,unique_blocks,-0.992,-1.274,-0.728,500
0.025,3.0,none,0.7,75,score_cap1,hier_bh_cap1,max_block_share,0.00020547184753124824,0.00015151340073824363,0.00026510065221223273,500
0.025,3.0,none,0.7,75,score_cap1,hier_bh_cap1,mean_pairwise_tanimoto,0.00037612694501878,0.0002000728614628442,0.0005374122992158047,500
0.025,3.0,none,0.7,75,score_cap1,minp_block_bh_cap1,true_hits,-0.934,-1.048,-0.8139500000000002,500
0.025,3.0,none,0.7,75,score_cap1,minp_block_bh_cap1,fdp,-0.0014094476807795951,-0.004294149709771485,0.0014867818741661199,500
0.025,3.0,none,0.7,75,score_cap1,minp_block_bh_cap1,fdp_exceeds_q,-0.1,-0.126,-0.074,500
0.025,3.0,none,0.7,75,score_cap1,minp_block_bh_cap1,unique_blocks,-2.298,-2.70805,-1.8859000000000004,500
0.025,3.0,none,0.7,75,score_cap1,minp_block_bh_cap1,max_block_share,0.000492391173927916,0.000402009693171128,0.000583792436787713,500
0.025,3.0,none,0.7,75,score_cap1,minp_block_bh_cap1,mean_pairwise_tanimoto,-0.002180642157793043,-0.0026179394714534233,-0.0017474785946309588,500
0.025,3.0,none,0.7,75,score_cap1,block_by_cap1,true_hits,-19.222,-20.93,-17.5196,500
0.025,3.0,none,0.7,75,score_cap1,block_by_cap1,fdp,-0.12095951717725952,-0.13707798962016193,-0.10610566655456684,500
0.025,3.0,none,0.7,75,score_cap1,block_by_cap1,fdp_exceeds_q,-0.1,-0.126,-0.074,500
0.025,3.0,none,0.7,75,score_cap1,block_by_cap1,unique_blocks,-31.454,-34.0921,-28.9438,500
0.025,3.0,none,0.7,75,score_cap1,block_by_cap1,max_block_share,0.01546648599566992,0.013285981656940437,0.017532165655237165,500
0.025,3.0,none,0.7,75,score_cap1,block_by_cap1,mean_pairwise_tanimoto,0.001498155891895319,-0.0038789952591061446,0.006374195250868817,500
0.025,3.0,none,0.7,75,score_cap1,bh_cap1,true_hits,-0.03,-0.046,-0.016,500
0.025,3.0,none,0.7,75,score_cap1,bh_cap1,fdp,-0.0014069444840021368,-0.0020591644674914436,-0.0008054629425812734,500
0.025,3.0,none,0.7,75,score_cap1,bh_cap1,fdp_exceeds_q,-0.034,-0.05,-0.02,500
0.025,3.0,none,0.7,75,score_cap1,bh_cap1,unique_blocks,-0.424,-0.624,-0.244,500
0.025,3.0,none,0.7,75,score_cap1,bh_cap1,max_block_share,9.00264550347876e-05,4.989699391384491e-05,0.0001336440529950194,500
0.025,3.0,none,0.7,75,score_cap1,bh_cap1,mean_pairwise_tanimoto,4.8969537019729336e-05,2.2909741103648912e-05,7.893066480755785e-05,500
0.025,3.0,none,0.7,75,score_cap1,weighted_bh,true_hits,2.878,2.52195,3.248,500
0.025,3.0,none,0.7,75,score_cap1,weighted_bh,fdp,-0.03837333333333334,-0.04338733333333334,-0.033519333333333345,500
0.025,3.0,none,0.7,75,score_cap1,weighted_bh,fdp_exceeds_q,-0.024,-0.038,-0.012,500
0.025,3.0,none,0.7,75,score_cap1,weighted_bh,unique_blocks,-15.348,-15.87405,-14.84795,500
0.025,3.0,none,0.7,75,score_cap1,weighted_bh,max_block_share,0.047040000000000005,0.044960000000000014,0.04912000000000002,500
0.025,3.0,none,0.7,75,score_cap1,weighted_bh,mean_pairwise_tanimoto,0.01702055621147157,0.015775877849012625,0.018233413194865003,500
0.025,4.0,none,0.7,100,score_cap1,chemdeprc_cap1,true_hits,-1.77,-1.93005,-1.61,500
0.025,4.0,none,0.7,100,score_cap1,chemdeprc_cap1,fdp,-0.006613408370267434,-0.009713364894864716,-0.003807527894473441,500
0.025,4.0,none,0.7,100,score_cap1,chemdeprc_cap1,fdp_exceeds_q,-0.1,-0.126,-0.076,500
0.025,4.0,none,0.7,100,score_cap1,chemdeprc_cap1,unique_blocks,-5.614,-6.654,-4.57,500
0.025,4.0,none,0.7,100,score_cap1,chemdeprc_cap1,max_block_share,0.0008028954941526693,0.0006579577524301795,0.0009480988957045779,500
0.025,4.0,none,0.7,100,score_cap1,chemdeprc_cap1,mean_pairwise_tanimoto,0.0017968358695507004,0.0014277714416384626,0.002163933438062666,500
0.025,4.0,none,0.7,100,score_cap1,chemdeprc_scorecap1,true_hits,-1.364,-1.548,-1.2039500000000003,500
0.025,4.0,none,0.7,100,score_cap1,chemdeprc_scorecap1,fdp,-0.010673408370267437,-0.013622859292436933,-0.007888802577319153,500
0.025,4.0,none,0.7,100,score_cap1,chemdeprc_scorecap1,fdp_exceeds_q,-0.1,-0.126,-0.074,500
0.025,4.0,none,0.7,100,score_cap1,chemdeprc_scorecap1,unique_blocks,-5.614,-6.604,-4.6439,500
0.025,4.0,none,0.7,100,score_cap1,chemdeprc_scorecap1,max_block_share,0.0008028954941526693,0.0006619856798400424,0.0009580248298515122,500
0.025,4.0,none,0.7,100,score_cap1,chemdeprc_scorecap1,mean_pairwise_tanimoto,0.0019685909748077394,0.0016290151491761193,0.002354205387830733,500
0.025,4.0,none,0.7,100,score_cap1,hier_bh_cap1,true_hits,-1.77,-1.9341,-1.602,500
0.025,4.0,none,0.7,100,score_cap1,hier_bh_cap1,fdp,-0.006613408370267434,-0.009486680153585721,-0.003652169627647768,500
0.025,4.0,none,0.7,100,score_cap1,hier_bh_cap1,fdp_exceeds_q,-0.1,-0.128,-0.074,500
0.025,4.0,none,0.7,100,score_cap1,hier_bh_cap1,unique_blocks,-5.614,-6.61,-4.62395,500
0.025,4.0,none,0.7,100,score_cap1,hier_bh_cap1,max_block_share,0.0008028954941526693,0.0006540798241628028,0.0009619226549415265,500
0.025,4.0,none,0.7,100,score_cap1,hier_bh_cap1,mean_pairwise_tanimoto,0.0017968358695507004,0.0014413153149187524,0.0021750801034271685,500
0.025,4.0,none,0.7,100,score_cap1,minp_block_bh_cap1,true_hits,-2.844,-3.072,-2.627900000000001,500
0.025,4.0,none,0.7,100,score_cap1,minp_block_bh_cap1,fdp,-0.011400867426915717,-0.015908864056428492,-0.007006713779771875,500
0.025,4.0,none,0.7,100,score_cap1,minp_block_bh_cap1,fdp_exceeds_q,-0.1,-0.128,-0.074,500
0.025,4.0,none,0.7,100,score_cap1,minp_block_bh_cap1,unique_blocks,-7.872,-9.148,-6.676,500
0.025,4.0,none,0.7,100,score_cap1,minp_block_bh_cap1,max_block_share,0.0012111565612457787,0.001013074008251888,0.0014191148102287363,500
0.025,4.0,none,0.7,100,score_cap1,minp_block_bh_cap1,mean_pairwise_tanimoto,0.0017047013938426918,0.0011885062694549503,0.0022368195787072095,500
0.025,4.0,none,0.7,100,score_cap1,block_by_cap1,true_hits,-29.026,-31.096,-27.0398,500
0.025,4.0,none,0.7,100,score_cap1,block_by_cap1,fdp,-0.1778715967048123,-0.1896846880054881,-0.1651325533622755,500
0.025,4.0,none,0.7,100,score_cap1,block_by_cap1,fdp_exceeds_q,-0.1,-0.128,-0.076,500
0.025,4.0,none,0.7,100,score_cap1,block_by_cap1,unique_blocks,-53.054,-55.75235,-50.291250000000005,500
0.025,4.0,none,0.7,100,score_cap1,block_by_cap1,max_block_share,0.016915453859788956,0.014894679305408689,0.018848864451851164,500
0.025,4.0,none,0.7,100,score_cap1,block_by_cap1,mean_pairwise_tanimoto,0.013776321709156044,0.008203252658993014,0.018612308572977784,500
0.025,4.0,none,0.7,100,score_cap1,bh_cap1,true_hits,-0.75,-0.898,-0.61,500
0.025,4.0,none,0.7,100,score_cap1,bh_cap1,fdp,-0.007244055640356581,-0.00877611600567806,-0.005827507328434818,500
0.025,4.0,none,0.7,100,score_cap1,bh_cap1,fdp_exceeds_q,-0.026,-0.04,-0.014,500
0.025,4.0,none,0.7,100,score_cap1,bh_cap1,unique_blocks,-3.62,-4.37,-2.9339500000000003,500
0.025,4.0,none,0.7,100,score_cap1,bh_cap1,max_block_share,0.00047767483903387155,0.000377662273996694,0.0005862602656965672,500
0.025,4.0,none,0.7,100,score_cap1,bh_cap1,mean_pairwise_tanimoto,0.0012048477828502677,0.000981945820152762,0.0014268583714962025,500
0.025,4.0,none,0.7,100,score_cap1,weighted_bh,true_hits,8.52,7.85195,9.2121,500
0.025,4.0,none,0.7,100,score_cap1,weighted_bh,fdp,-0.08636372767038752,-0.09349520333336939,-0.07976625131033302,500
0.025,4.0,none,0.7,100,score_cap1,weighted_bh,fdp_exceeds_q,-0.008,-0.016,-0.002,500
0.025,4.0,none,0.7,100,score_cap1,weighted_bh,unique_blocks,-26.568,-27.2341,-25.8739,500
0.025,4.0,none,0.7,100,score_cap1,weighted_bh,max_block_share,0.05632551383338722,0.05402614417019204,0.05867687088045577,500
0.025,4.0,none,0.7,100,score_cap1,weighted_bh,mean_pairwise_tanimoto,0.02240114450454712,0.02083631836324931,0.023937104068696508,500
0.025,4.0,none,0.7,20,score_cap1,chemdeprc_cap1,true_hits,0.14,0.09,0.192,500
0.025,4.0,none,0.7,20,score_cap1,chemdeprc_cap1,fdp,-0.007000000000000002,-0.009600000000000001,-0.004500000000000001,500
0.025,4.0,none,0.7,20,score_cap1,chemdeprc_cap1,fdp_exceeds_q,0.0,0.0,0.0,500
0.025,4.0,none,0.7,20,score_cap1,chemdeprc_cap1,unique_blocks,0.0,0.0,0.0,500
0.025,4.0,none,0.7,20,score_cap1,chemdeprc_cap1,max_block_share,0.0,0.0,0.0,500
0.025,4.0,none,0.7,20,score_cap1,chemdeprc_cap1,mean_pairwise_tanimoto,-0.0075784497261047355,-0.00923616989329457,-0.00606205694675446,500
0.025,4.0,none,0.7,20,score_cap1,chemdeprc_scorecap1,true_hits,0.0,0.0,0.0,500
0.025,4.0,none,0.7,20,score_cap1,chemdeprc_scorecap1,fdp,0.0,0.0,0.0,500
0.025,4.0,none,0.7,20,score_cap1,chemdeprc_scorecap1,fdp_exceeds_q,0.0,0.0,0.0,500
0.025,4.0,none,0.7,20,score_cap1,chemdeprc_scorecap1,unique_blocks,0.0,0.0,0.0,500
0.025,4.0,none,0.7,20,score_cap1,chemdeprc_scorecap1,max_block_share,0.0,0.0,0.0,500
0.025,4.0,none,0.7,20,score_cap1,chemdeprc_scorecap1,mean_pairwise_tanimoto,0.0,0.0,0.0,500
0.025,4.0,none,0.7,20,score_cap1,hier_bh_cap1,true_hits,0.14,0.086,0.192,500
0.025,4.0,none,0.7,20,score_cap1,hier_bh_cap1,fdp,-0.007000000000000002,-0.009600000000000001,-0.004400000000000001,500
0.025,4.0,none,0.7,20,score_cap1,hier_bh_cap1,fdp_exceeds_q,0.0,0.0,0.0,500
0.025,4.0,none,0.7,20,score_cap1,hier_bh_cap1,unique_blocks,0.0,0.0,0.0,500
0.025,4.0,none,0.7,20,score_cap1,hier_bh_cap1,max_block_share,0.0,0.0,0.0,500
0.025,4.0,none,0.7,20,score_cap1,hier_bh_cap1,mean_pairwise_tanimoto,-0.0075784497261047355,-0.0092183019451797,-0.005951550496369599,500
0.025,4.0,none,0.7,20,score_cap1,minp_block_bh_cap1,true_hits,0.4,0.326,0.47,500
0.025,4.0,none,0.7,20,score_cap1,minp_block_bh_cap1,fdp,-0.02,-0.023600000000000003,-0.0165,500
0.025,4.0,none,0.7,20,score_cap1,minp_block_bh_cap1,fdp_exceeds_q,0.0,0.0,0.0,500
0.025,4.0,none,0.7,20,score_cap1,minp_block_bh_cap1,unique_blocks,0.0,0.0,0.0,500
0.025,4.0,none,0.7,20,score_cap1,minp_block_bh_cap1,max_block_share,0.0,0.0,0.0,500
0.025,4.0,none,0.7,20,score_cap1,minp_block_bh_cap1,mean_pairwise_tanimoto,-0.013740211248397829,-0.015914029846340414,-0.011601748992502695,500
0.025,4.0,none,0.7,20,score_cap1,block_by_cap1,true_hits,-2.184,-2.70805,-1.6919500000000003,500
0.025,4.0,none,0.7,20,score_cap1,block_by_cap1,fdp,-0.02861206636500755,-0.03418546757164405,-0.023148559577677235,500
0.025,4.0,none,0.7,20,score_cap1,block_by_cap1,fdp_exceeds_q,0.0,0.0,0.0,500
0.025,4.0,none,0.7,20,score_cap1,block_by_cap1,unique_blocks,-2.946,-3.442,-2.44395,500
0.025,4.0,none,0.7,20,score_cap1,block_by_cap1,max_block_share,-0.001726131221719461,-0.003240282805429868,-0.000263322021116146,500
0.025,4.0,none,0.7,20,score_cap1,block_by_cap1,mean_pairwise_tanimoto,-0.025252807796001427,-0.03075220569223165,-0.020241614420711998,500
0.025,4.0,none,0.7,20,score_cap1,bh_cap1,true_hits,0.0,0.0,0.0,500
0.025,4.0,none,0.7,20,score_cap1,bh_cap1,fdp,0.0,0.0,0.0,500
0.025,4.0,none,0.7,20,score_cap1,bh_cap1,fdp_exceeds_q,0.0,0.0,0.0,500
0.025,4.0,none,0.7,20,score_cap1,bh_cap1,unique_blocks,0.0,0.0,0.0,500
0.025,4.0,none,0.7,20,score_cap1,bh_cap1,max_block_share,0.0,0.0,0.0,500
0.025,4.0,none,0.7,20,score_cap1,bh_cap1,mean_pairwise_tanimoto,0.0,0.0,0.0,500
0.025,4.0,none,0.7,20,score_cap1,weighted_bh,true_hits,0.51,0.434,0.586,500
0.025,4.0,none,0.7,20,score_cap1,weighted_bh,fdp,-0.0255,-0.029200000000000004,-0.021897500000000014,500
0.025,4.0,none,0.7,20,score_cap1,weighted_bh,fdp_exceeds_q,0.0,0.0,0.0,500
0.025,4.0,none,0.7,20,score_cap1,weighted_bh,unique_blocks,-0.88,-0.99405,-0.7739500000000002,500
0.025,4.0,none,0.7,20,score_cap1,weighted_bh,max_block_share,0.021700000000000004,0.019299999999999998,0.024,500
0.025,4.0,none,0.7,20,score_cap1,weighted_bh,mean_pairwise_tanimoto,-0.01014834627509118,-0.01210834874808789,-0.008216585770994435,500
0.025,4.0,none,0.7,30,score_cap1,chemdeprc_cap1,true_hits,0.086,0.016,0.158,500
0.025,4.0,none,0.7,30,score_cap1,chemdeprc_cap1,fdp,-0.00286666666666666,-0.005399999999999992,-0.0005333333333333267,500
0.025,4.0,none,0.7,30,score_cap1,chemdeprc_cap1,fdp_exceeds_q,0.0,0.0,0.0,500
0.025,4.0,none,0.7,30,score_cap1,chemdeprc_cap1,unique_blocks,0.0,0.0,0.0,500
0.025,4.0,none,0.7,30,score_cap1,chemdeprc_cap1,max_block_share,0.0,0.0,0.0,500
0.025,4.0,none,0.7,30,score_cap1,chemdeprc_cap1,mean_pairwise_tanimoto,-0.0038555822074413247,-0.005018582307547324,-0.002661705283820624,500
0.025,4.0,none,0.7,30,score_cap1,chemdeprc_scorecap1,true_hits,0.0,0.0,0.0,500
0.025,4.0,none,0.7,30,score_cap1,chemdeprc_scorecap1,fdp,0.0,0.0,0.0,500
0.025,4.0,none,0.7,30,score_cap1,chemdeprc_scorecap1,fdp_exceeds_q,0.0,0.0,0.0,500
0.025,4.0,none,0.7,30,score_cap1,chemdeprc_scorecap1,unique_blocks,0.0,0.0,0.0,500
0.025,4.0,none,0.7,30,score_cap1,chemdeprc_scorecap1,max_block_share,0.0,0.0,0.0,500
0.025,4.0,none,0.7,30,score_cap1,chemdeprc_scorecap1,mean_pairwise_tanimoto,0.00031151911616325405,0.00022578981742262853,0.0004087487317621713,500
0.025,4.0,none,0.7,30,score_cap1,hier_bh_cap1,true_hits,0.086,0.016,0.154,500
0.025,4.0,none,0.7,30,score_cap1,hier_bh_cap1,fdp,-0.00286666666666666,-0.0053999999999999925,-0.00046666666666666406,500
0.025,4.0,none,0.7,30,score_cap1,hier_bh_cap1,fdp_exceeds_q,0.0,0.0,0.0,500
0.025,4.0,none,0.7,30,score_cap1,hier_bh_cap1,unique_blocks,0.0,0.0,0.0,500
0.025,4.0,none,0.7,30,score_cap1,hier_bh_cap1,max_block_share,0.0,0.0,0.0,500
0.025,4.0,none,0.7,30,score_cap1,hier_bh_cap1,mean_pairwise_tanimoto,-0.0038555822074413247,-0.005037746519595382,-0.0026537422068417,500
0.025,4.0,none,0.7,30,score_cap1,minp_block_bh_cap1,true_hits,-0.298,-0.428,-0.162,500
0.025,4.0,none,0.7,30,score_cap1,minp_block_bh_cap1,fdp,0.00993333333333334,0.005398333333333339,0.014200000000000008,500
0.025,4.0,none,0.7,30,score_cap1,minp_block_bh_cap1,fdp_exceeds_q,0.0,0.0,0.0,500
0.025,4.0,none,0.7,30,score_cap1,minp_block_bh_cap1,unique_blocks,0.0,0.0,0.0,500
0.025,4.0,none,0.7,30,score_cap1,minp_block_bh_cap1,max_block_share,0.0,0.0,0.0,500
0.025,4.0,none,0.7,30,score_cap1,minp_block_bh_cap1,mean_pairwise_tanimoto,-0.011529874473810204,-0.013039650423824798,-0.009938570514321336,500
0.025,4.0,none,0.7,30,score_cap1,block_by_cap1,true_hits,-4.738,-5.52205,-4.01995,500
0.025,4.0,none,0.7,30,score_cap1,block_by_cap1,fdp,-0.029464203117144292,-0.03867314772917714,-0.021326082202111612,500
0.025,4.0,none,0.7,30,score_cap1,block_by_cap1,fdp_exceeds_q,0.0,0.0,0.0,500
0.025,4.0,none,0.7,30,score_cap1,block_by_cap1,unique_blocks,-6.304,-7.15205,-5.447850000000002,500
0.025,4.0,none,0.7,30,score_cap1,block_by_cap1,max_block_share,0.0037268602312720014,0.0021168742668007438,0.005373760579017938,500
0.025,4.0,none,0.7,30,score_cap1,block_by_cap1,mean_pairwise_tanimoto,-0.019032269269227967,-0.024649606496095638,-0.013748753601312634,500
0.025,4.0,none,0.7,30,score_cap1,bh_cap1,true_hits,0.0,0.0,0.0,500
0.025,4.0,none,0.7,30,score_cap1,bh_cap1,fdp,0.0,0.0,0.0,500
0.025,4.0,none,0.7,30,score_cap1,bh_cap1,fdp_exceeds_q,0.0,0.0,0.0,500
0.025,4.0,none,0.7,30,score_cap1,bh_cap1,unique_blocks,0.0,0.0,0.0,500
0.025,4.0,none,0.7,30,score_cap1,bh_cap1,max_block_share,0.0,0.0,0.0,500
0.025,4.0,none,0.7,30,score_cap1,bh_cap1,mean_pairwise_tanimoto,0.0,0.0,0.0,500
0.025,4.0,none,0.7,30,score_cap1,weighted_bh,true_hits,-0.21,-0.348,-0.074,500
0.025,4.0,none,0.7,30,score_cap1,weighted_bh,fdp,0.007000000000000007,0.0026000000000000086,0.011668333333333331,500
0.025,4.0,none,0.7,30,score_cap1,weighted_bh,fdp_exceeds_q,0.0,0.0,0.0,500
0.025,4.0,none,0.7,30,score_cap1,weighted_bh,unique_blocks,-2.378,-2.568,-2.184,500
0.025,4.0,none,0.7,30,score_cap1,weighted_bh,max_block_share,0.03639999999999998,0.033531666666666654,0.039333333333333324,500
0.025,4.0,none,0.7,30,score_cap1,weighted_bh,mean_pairwise_tanimoto,-0.007419455230236061,-0.009064125085622082,-0.00583581228703261,500
0.025,4.0,none,0.7,50,score_cap1,chemdeprc_cap1,true_hits,-0.038,-0.104,0.026049999999999726,500
0.025,4.0,none,0.7,50,score_cap1,chemdeprc_cap1,fdp,0.0007600000000000002,-0.0005599999999999993,0.0020800000000000003,500
0.025,4.0,none,0.7,50,score_cap1,chemdeprc_cap1,fdp_exceeds_q,0.0,0.0,0.0,500
0.025,4.0,none,0.7,50,score_cap1,chemdeprc_cap1,unique_blocks,0.0,0.0,0.0,500
0.025,4.0,none,0.7,50,score_cap1,chemdeprc_cap1,max_block_share,0.0,0.0,0.0,500
0.025,4.0,none,0.7,50,score_cap1,chemdeprc_cap1,mean_pairwise_tanimoto,-0.0006147236824035573,-0.0009760050177574124,-0.0002749025821685723,500
0.025,4.0,none,0.7,50,score_cap1,chemdeprc_scorecap1,true_hits,-0.096,-0.124,-0.07195000000000026,500
0.025,4.0,none,0.7,50,score_cap1,chemdeprc_scorecap1,fdp,0.0019200000000000018,0.0014400000000000012,0.002440000000000002,500
0.025,4.0,none,0.7,50,score_cap1,chemdeprc_scorecap1,fdp_exceeds_q,0.0,0.0,0.0,500
0.025,4.0,none,0.7,50,score_cap1,chemdeprc_scorecap1,unique_blocks,0.0,0.0,0.0,500
0.025,4.0,none,0.7,50,score_cap1,chemdeprc_scorecap1,max_block_share,0.0,0.0,0.0,500
0.025,4.0,none,0.7,50,score_cap1,chemdeprc_scorecap1,mean_pairwise_tanimoto,-3.6751836538314376e-05,-5.723733603954288e-05,-1.7317669093608546e-05,500
0.025,4.0,none,0.7,50,score_cap1,hier_bh_cap1,true_hits,-0.038,-0.104,0.032,500
0.025,4.0,none,0.7,50,score_cap1,hier_bh_cap1,fdp,0.0007600000000000002,-0.0005999999999999993,0.0020000000000000005,500
0.025,4.0,none,0.7,50,score_cap1,hier_bh_cap1,fdp_exceeds_q,0.0,0.0,0.0,500
0.025,4.0,none,0.7,50,score_cap1,hier_bh_cap1,unique_blocks,0.0,0.0,0.0,500
0.025,4.0,none,0.7,50,score_cap1,hier_bh_cap1,max_block_share,0.0,0.0,0.0,500
0.025,4.0,none,0.7,50,score_cap1,hier_bh_cap1,mean_pairwise_tanimoto,-0.0006147236824035573,-0.000979221184551715,-0.00025513742938637027,500
0.025,4.0,none,0.7,50,score_cap1,minp_block_bh_cap1,true_hits,-0.716,-0.832,-0.59,500
0.025,4.0,none,0.7,50,score_cap1,minp_block_bh_cap1,fdp,0.014320000000000001,0.01196,0.01668,500
0.025,4.0,none,0.7,50,score_cap1,minp_block_bh_cap1,fdp_exceeds_q,0.0,0.0,0.0,500
0.025,4.0,none,0.7,50,score_cap1,minp_block_bh_cap1,unique_blocks,0.0,0.0,0.0,500
0.025,4.0,none,0.7,50,score_cap1,minp_block_bh_cap1,max_block_share,0.0,0.0,0.0,500
0.025,4.0,none,0.7,50,score_cap1,minp_block_bh_cap1,mean_pairwise_tanimoto,-0.008777107179164892,-0.010201797752082355,-0.007363212617486719,500
0.025,4.0,none,0.7,50,score_cap1,block_by_cap1,true_hits,-11.04,-12.300500000000001,-9.75585,500
0.025,4.0,none,0.7,50,score_cap1,block_by_cap1,fdp,-0.060541172814114,-0.07197351145123941,-0.04996713703779882,500
0.025,4.0,none,0.7,50,score_cap1,block_by_cap1,fdp_exceeds_q,0.0,0.0,0.0,500
0.025,4.0,none,0.7,50,score_cap1,block_by_cap1,unique_blocks,-16.042,-17.5361,-14.50585,500
0.025,4.0,none,0.7,50,score_cap1,block_by_cap1,max_block_share,0.010126481443393197,0.008296009975318791,0.011945187085790015,500
0.025,4.0,none,0.7,50,score_cap1,block_by_cap1,mean_pairwise_tanimoto,-0.010630892306566225,-0.015545736024528724,-0.006130373282730566,500
0.025,4.0,none,0.7,50,score_cap1,bh_cap1,true_hits,0.0,0.0,0.0,500
0.025,4.0,none,0.7,50,score_cap1,bh_cap1,fdp,0.0,0.0,0.0,500
0.025,4.0,none,0.7,50,score_cap1,bh_cap1,fdp_exceeds_q,0.0,0.0,0.0,500
0.025,4.0,none,0.7,50,score_cap1,bh_cap1,unique_blocks,0.0,0.0,0.0,500
0.025,4.0,none,0.7,50,score_cap1,bh_cap1,max_block_share,0.0,0.0,0.0,500
0.025,4.0,none,0.7,50,score_cap1,bh_cap1,mean_pairwise_tanimoto,0.0,0.0,0.0,500
0.025,4.0,none,0.7,50,score_cap1,weighted_bh,true_hits,0.128,-0.06,0.32,500
0.025,4.0,none,0.7,50,score_cap1,weighted_bh,fdp,-0.002559999999999999,-0.006279999999999997,0.001040999999999996,500
0.025,4.0,none,0.7,50,score_cap1,weighted_bh,fdp_exceeds_q,0.0,0.0,0.0,500
0.025,4.0,none,0.7,50,score_cap1,weighted_bh,unique_blocks,-7.12,-7.54805,-6.66795,500
0.025,4.0,none,0.7,50,score_cap1,weighted_bh,max_block_share,0.0512,0.04772,0.054920000000000004,500
0.025,4.0,none,0.7,50,score_cap1,weighted_bh,mean_pairwise_tanimoto,-0.0016775999963283515,-0.003579169840365648,0.0002711658611893702,500
0.025,4.0,none,0.7,75,score_cap1,chemdeprc_cap1,true_hits,-0.142,-0.222,-0.05795000000000028,500
0.025,4.0,none,0.7,75,score_cap1,chemdeprc_cap1,fdp,-0.0019894976729256963,-0.003534920558497835,-0.0005683379874819486,500
0.025,4.0,none,0.7,75,score_cap1,chemdeprc_cap1,fdp_exceeds_q,-0.1,-0.128,-0.074,500
0.025,4.0,none,0.7,75,score_cap1,chemdeprc_cap1,unique_blocks,-0.92,-1.18005,-0.68,500
0.025,4.0,none,0.7,75,score_cap1,chemdeprc_cap1,max_block_share,0.00018809179906916884,0.00013619627668110914,0.00024066762959396368,500
0.025,4.0,none,0.7,75,score_cap1,chemdeprc_cap1,mean_pairwise_tanimoto,0.00031875663995743325,0.00014255934283138278,0.000492240290343765,500
0.025,4.0,none,0.7,75,score_cap1,chemdeprc_scorecap1,true_hits,0.18,0.126,0.236,500
0.025,4.0,none,0.7,75,score_cap1,chemdeprc_scorecap1,fdp,-0.006282831006259022,-0.007440766169154222,-0.005169044134167867,500
0.025,4.0,none,0.7,75,score_cap1,chemdeprc_scorecap1,fdp_exceeds_q,-0.1,-0.126,-0.074,500
0.025,4.0,none,0.7,75,score_cap1,chemdeprc_scorecap1,unique_blocks,-0.92,-1.166,-0.684,500
0.025,4.0,none,0.7,75,score_cap1,chemdeprc_scorecap1,max_block_share,0.00018809179906916884,0.00013784625260792688,0.00023756058417589326,500
0.025,4.0,none,0.7,75,score_cap1,chemdeprc_scorecap1,mean_pairwise_tanimoto,0.0004987991154193863,0.0003941107116639605,0.0006115331195294823,500
0.025,4.0,none,0.7,75,score_cap1,hier_bh_cap1,true_hits,-0.142,-0.228,-0.058,500
0.025,4.0,none,0.7,75,score_cap1,hier_bh_cap1,fdp,-0.0019894976729256963,-0.0034667437008505885,-0.0004966156315198227,500
0.025,4.0,none,0.7,75,score_cap1,hier_bh_cap1,fdp_exceeds_q,-0.1,-0.13,-0.07595000000000027,500
0.025,4.0,none,0.7,75,score_cap1,hier_bh_cap1,unique_blocks,-0.92,-1.18,-0.688,500
0.025,4.0,none,0.7,75,score_cap1,hier_bh_cap1,max_block_share,0.00018809179906916884,0.00014103033220991685,0.00023911410688492847,500
0.025,4.0,none,0.7,75,score_cap1,hier_bh_cap1,mean_pairwise_tanimoto,0.00031875663995743325,0.0001476810082793308,0.00048637977316975787,500
0.025,4.0,none,0.7,75,score_cap1,minp_block_bh_cap1,true_hits,-1.022,-1.1220500000000002,-0.918,500
0.025,4.0,none,0.7,75,score_cap1,minp_block_bh_cap1,fdp,5.892667054483569e-05,-0.002623227370435189,0.0028433108846381734,500
0.025,4.0,none,0.7,75,score_cap1,minp_block_bh_cap1,fdp_exceeds_q,-0.1,-0.128,-0.074,500
0.025,4.0,none,0.7,75,score_cap1,minp_block_bh_cap1,unique_blocks,-2.246,-2.66405,-1.824,500
0.025,4.0,none,0.7,75,score_cap1,minp_block_bh_cap1,max_block_share,0.000477685959552811,0.00039028515320791595,0.0005687426050177992,500
0.025,4.0,none,0.7,75,score_cap1,minp_block_bh_cap1,mean_pairwise_tanimoto,-0.00214211398363113,-0.0025718978554010283,-0.0017080236159265022,500
0.025,4.0,none,0.7,75,score_cap1,block_by_cap1,true_hits,-19.166,-20.9403,-17.4799,500
0.025,4.0,none,0.7,75,score_cap1,block_by_cap1,fdp,-0.10670252368025361,-0.1202057605352126,-0.09440466640580031,500
0.025,4.0,none,0.7,75,score_cap1,block_by_cap1,fdp_exceeds_q,-0.1,-0.12605,-0.07595000000000027,500
0.025,4.0,none,0.7,75,score_cap1,block_by_cap1,unique_blocks,-31.082,-33.636300000000006,-28.601650000000003,500
0.025,4.0,none,0.7,75,score_cap1,block_by_cap1,max_block_share,0.014056350218332408,0.012180399678484395,0.015965003642080023,500
0.025,4.0,none,0.7,75,score_cap1,block_by_cap1,mean_pairwise_tanimoto,3.4711658954780234e-06,-0.005041468363255247,0.005256038243323564,500
0.025,4.0,none,0.7,75,score_cap1,bh_cap1,true_hits,-0.026,-0.04,-0.014,500
0.025,4.0,none,0.7,75,score_cap1,bh_cap1,fdp,-0.0011526923023410349,-0.001786869048970133,-0.000617185200516655,500
0.025,4.0,none,0.7,75,score_cap1,bh_cap1,fdp_exceeds_q,-0.026,-0.04,-0.014,500
0.025,4.0,none,0.7,75,score_cap1,bh_cap1,unique_blocks,-0.352,-0.534,-0.1919500000000003,500
0.025,4.0,none,0.7,75,score_cap1,bh_cap1,max_block_share,7.482182972892419e-05,4.081766022066539e-05,0.00011728948283770348,500
0.025,4.0,none,0.7,75,score_cap1,bh_cap1,mean_pairwise_tanimoto,3.8028389215469196e-05,1.6652215272188177e-05,6.261333525180851e-05,500
0.025,4.0,none,0.7,75,score_cap1,weighted_bh,true_hits,2.16,1.82795,2.514,500
0.025,4.0,none,0.7,75,score_cap1,weighted_bh,fdp,-0.0288,-0.03312,-0.024239999999999994,500
0.025,4.0,none,0.7,75,score_cap1,weighted_bh,fdp_exceeds_q,-0.008,-0.016,-0.002,500
0.025,4.0,none,0.7,75,score_cap1,weighted_bh,unique_blocks,-16.26,-16.818050000000003,-15.718,500
0.025,4.0,none,0.7,75,score_cap1,weighted_bh,max_block_share,0.05498666666666668,0.051652666666666666,0.05840133333333334,500
0.025,4.0,none,0.7,75,score_cap1,weighted_bh,mean_pairwise_tanimoto,0.017623542189598093,0.016312800080329197,0.018902712007612007,500
0.025,6.0,none,0.7,100,score_cap1,chemdeprc_cap1,true_hits,-1.764,-1.938,-1.6079500000000004,500
0.025,6.0,none,0.7,100,score_cap1,chemdeprc_cap1,fdp,-0.00666709258079375,-0.009721171238755766,-0.0037157511140884416,500
0.025,6.0,none,0.7,100,score_cap1,chemdeprc_cap1,fdp_exceeds_q,-0.1,-0.13,-0.076,500
0.025,6.0,none,0.7,100,score_cap1,chemdeprc_cap1,unique_blocks,-5.614,-6.6701,-4.56395,500
0.025,6.0,none,0.7,100,score_cap1,chemdeprc_cap1,max_block_share,0.0008028954941526693,0.0006548612143257406,0.0009520276314903091,500
0.025,6.0,none,0.7,100,score_cap1,chemdeprc_cap1,mean_pairwise_tanimoto,0.0017613576650619472,0.0013859164953231775,0.0021217489130794936,500
0.025,6.0,none,0.7,100,score_cap1,chemdeprc_scorecap1,true_hits,-1.364,-1.5520500000000002,-1.1799500000000003,500
0.025,6.0,none,0.7,100,score_cap1,chemdeprc_scorecap1,fdp,-0.010667092580793753,-0.013526683480553406,-0.007926241817524713,500
0.025,6.0,none,0.7,100,score_cap1,chemdeprc_scorecap1,fdp_exceeds_q,-0.1,-0.126,-0.074,500
0.025,6.0,none,0.7,100,score_cap1,chemdeprc_scorecap1,unique_blocks,-5.614,-6.6281,-4.637850000000001,500
0.025,6.0,none,0.7,100,score_cap1,chemdeprc_scorecap1,max_block_share,0.0008028954941526693,0.0006484930657686956,0.0009538508101002691,500
0.025,6.0,none,0.7,100,score_cap1,chemdeprc_scorecap1,mean_pairwise_tanimoto,0.0019576734602451324,0.0015967132695019232,0.0023246296063065496,500
0.025,6.0,none,0.7,100,score_cap1,hier_bh_cap1,true_hits,-1.764,-1.926,-1.606,500
0.025,6.0,none,0.7,100,score_cap1,hier_bh_cap1,fdp,-0.00666709258079375,-0.009715953619673142,-0.003903671229426595,500
0.025,6.0,none,0.7,100,score_cap1,hier_bh_cap1,fdp_exceeds_q,-0.1,-0.12605,-0.074,500
0.025,6.0,none,0.7,100,score_cap1,hier_bh_cap1,unique_blocks,-5.614,-6.62615,-4.6279,500
0.025,6.0,none,0.7,100,score_cap1,hier_bh_cap1,max_block_share,0.0008028954941526693,0.0006624310771228259,0.0009574754239982022,500
0.025,6.0,none,0.7,100,score_cap1,hier_bh_cap1,mean_pairwise_tanimoto,0.0017613576650619472,0.0014173573270440068,0.0021219324439764003,500
0.025,6.0,none,0.7,100,score_cap1,minp_block_bh_cap1,true_hits,-2.912,-3.13205,-2.68,500
0.025,6.0,none,0.7,100,score_cap1,minp_block_bh_cap1,fdp,-0.010599792651614263,-0.015081586262507822,-0.006157633542125235,500
0.025,6.0,none,0.7,100,score_cap1,minp_block_bh_cap1,fdp_exceeds_q,-0.1,-0.128,-0.07595000000000027,500
0.025,6.0,none,0.7,100,score_cap1,minp_block_bh_cap1,unique_blocks,-7.854,-9.1321,-6.585750000000002,500
0.025,6.0,none,0.7,100,score_cap1,minp_block_bh_cap1,max_block_share,0.0012062585978560288,0.0010094366101338404,0.001414275966883062,500
0.025,6.0,none,0.7,100,score_cap1,minp_block_bh_cap1,mean_pairwise_tanimoto,0.0015505671799182852,0.0010602781161665848,0.002084943649917834,500
0.025,6.0,none,0.7,100,score_cap1,block_by_cap1,true_hits,-28.948,-30.97035,-26.902,500
0.025,6.0,none,0.7,100,score_cap1,block_by_cap1,fdp,-0.16311244853500956,-0.1738774742222743,-0.15298130187155837,500
0.025,6.0,none,0.7,100,score_cap1,block_by_cap1,fdp_exceeds_q,-0.1,-0.128,-0.074,500
0.025,6.0,none,0.7,100,score_cap1,block_by_cap1,unique_blocks,-52.502,-55.22605,-49.82385,500
0.025,6.0,none,0.7,100,score_cap1,block_by_cap1,max_block_share,0.015648999684348682,0.01379363562990952,0.017354322245536923,500
0.025,6.0,none,0.7,100,score_cap1,block_by_cap1,mean_pairwise_tanimoto,0.011916210651397714,0.0064169931098818885,0.01676976159662009,500
0.025,6.0,none,0.7,100,score_cap1,bh_cap1,true_hits,-0.75,-0.9,-0.608,500
0.025,6.0,none,0.7,100,score_cap1,bh_cap1,fdp,-0.007240246116547057,-0.00878765446947608,-0.00585000425850372,500
0.025,6.0,none,0.7,100,score_cap1,bh_cap1,fdp_exceeds_q,-0.026,-0.04,-0.014,500
0.025,6.0,none,0.7,100,score_cap1,bh_cap1,unique_blocks,-3.62,-4.3500499999999995,-2.904,500
0.025,6.0,none,0.7,100,score_cap1,bh_cap1,max_block_share,0.00047767483903387155,0.0003781582046556324,0.0005800943656512489,500
0.025,6.0,none,0.7,100,score_cap1,bh_cap1,mean_pairwise_tanimoto,0.0012050785124301932,0.000972142771631482,0.0014499760091304804,500
0.025,6.0,none,0.7,100,score_cap1,weighted_bh,true_hits,7.498,6.834,8.24805,500
0.025,6.0,none,0.7,100,score_cap1,weighted_bh,fdp,-0.07592417099249751,-0.08294559903143524,-0.06954331674532356,500
0.025,6.0,none,0.7,100,score_cap1,weighted_bh,fdp_exceeds_q,-0.006,-0.014,0.0,500
0.025,6.0,none,0.7,100,score_cap1,weighted_bh,unique_blocks,-27.342,-28.0701,-26.573800000000002,500
0.025,6.0,none,0.7,100,score_cap1,weighted_bh,max_block_share,0.06418030050129121,0.060230935088545816,0.0685313369261177,500
0.025,6.0,none,0.7,100,score_cap1,weighted_bh,mean_pairwise_tanimoto,0.02240706110000611,0.020797516478598125,0.023980217747390273,500
0.025,6.0,none,0.7,20,score_cap1,chemdeprc_cap1,true_hits,0.116,0.06,0.172,500
0.025,6.0,none,0.7,20,score_cap1,chemdeprc_cap1,fdp,-0.0058,-0.008600000000000002,-0.003100000000000001,500
0.025,6.0,none,0.7,20,score_cap1,chemdeprc_cap1,fdp_exceeds_q,0.0,0.0,0.0,500
0.025,6.0,none,0.7,20,score_cap1,chemdeprc_cap1,unique_blocks,0.0,0.0,0.0,500
0.025,6.0,none,0.7,20,score_cap1,chemdeprc_cap1,max_block_share,0.0,0.0,0.0,500
0.025,6.0,none,0.7,20,score_cap1,chemdeprc_cap1,mean_pairwise_tanimoto,-0.0068104940056800825,-0.008255673689395187,-0.005344265300035478,500
0.025,6.0,none,0.7,20,score_cap1,chemdeprc_scorecap1,true_hits,0.0,0.0,0.0,500
0.025,6.0,none,0.7,20,score_cap1,chemdeprc_scorecap1,fdp,0.0,0.0,0.0,500
0.025,6.0,none,0.7,20,score_cap1,chemdeprc_scorecap1,fdp_exceeds_q,0.0,0.0,0.0,500
0.025,6.0,none,0.7,20,score_cap1,chemdeprc_scorecap1,unique_blocks,0.0,0.0,0.0,500
0.025,6.0,none,0.7,20,score_cap1,chemdeprc_scorecap1,max_block_share,0.0,0.0,0.0,500
0.025,6.0,none,0.7,20,score_cap1,chemdeprc_scorecap1,mean_pairwise_tanimoto,0.0,0.0,0.0,500
0.025,6.0,none,0.7,20,score_cap1,hier_bh_cap1,true_hits,0.116,0.062,0.1720499999999997,500
0.025,6.0,none,0.7,20,score_cap1,hier_bh_cap1,fdp,-0.0058,-0.008600000000000002,-0.002900000000000002,500
0.025,6.0,none,0.7,20,score_cap1,hier_bh_cap1,fdp_exceeds_q,0.0,0.0,0.0,500
0.025,6.0,none,0.7,20,score_cap1,hier_bh_cap1,unique_blocks,0.0,0.0,0.0,500
0.025,6.0,none,0.7,20,score_cap1,hier_bh_cap1,max_block_share,0.0,0.0,0.0,500
0.025,6.0,none,0.7,20,score_cap1,hier_bh_cap1,mean_pairwise_tanimoto,-0.0068104940056800825,-0.008280243423581121,-0.005398982267826791,500
0.025,6.0,none,0.7,20,score_cap1,minp_block_bh_cap1,true_hits,0.518,0.446,0.592,500
0.025,6.0,none,0.7,20,score_cap1,minp_block_bh_cap1,fdp,-0.025900000000000003,-0.029502500000000004,-0.022100000000000005,500
0.025,6.0,none,0.7,20,score_cap1,minp_block_bh_cap1,fdp_exceeds_q,0.0,0.0,0.0,500
0.025,6.0,none,0.7,20,score_cap1,minp_block_bh_cap1,unique_blocks,0.0,0.0,0.0,500
0.025,6.0,none,0.7,20,score_cap1,minp_block_bh_cap1,max_block_share,0.0,0.0,0.0,500
0.025,6.0,none,0.7,20,score_cap1,minp_block_bh_cap1,mean_pairwise_tanimoto,-0.012487097322940824,-0.014420137648284427,-0.010527168206125495,500
0.025,6.0,none,0.7,20,score_cap1,block_by_cap1,true_hits,-2.106,-2.63405,-1.6059000000000005,500
0.025,6.0,none,0.7,20,score_cap1,block_by_cap1,fdp,-0.02045490196078432,-0.024229950980392167,-0.0169304411764706,500
0.025,6.0,none,0.7,20,score_cap1,block_by_cap1,fdp_exceeds_q,0.0,0.0,0.0,500
0.025,6.0,none,0.7,20,score_cap1,block_by_cap1,unique_blocks,-2.704,-3.2560499999999997,-2.20195,500
0.025,6.0,none,0.7,20,score_cap1,block_by_cap1,max_block_share,-0.002850980392156865,-0.0042663112745098064,-0.0014843014705882376,500
0.025,6.0,none,0.7,20,score_cap1,block_by_cap1,mean_pairwise_tanimoto,-0.025232409805059423,-0.030560817075520746,-0.02037861963361501,500
0.025,6.0,none,0.7,20,score_cap1,bh_cap1,true_hits,0.0,0.0,0.0,500
0.025,6.0,none,0.7,20,score_cap1,bh_cap1,fdp,0.0,0.0,0.0,500
0.025,6.0,none,0.7,20,score_cap1,bh_cap1,fdp_exceeds_q,0.0,0.0,0.0,500
0.025,6.0,none,0.7,20,score_cap1,bh_cap1,unique_blocks,0.0,0.0,0.0,500
0.025,6.0,none,0.7,20,score_cap1,bh_cap1,max_block_share,0.0,0.0,0.0,500
0.025,6.0,none,0.7,20,score_cap1,bh_cap1,mean_pairwise_tanimoto,0.0,0.0,0.0,500
0.025,6.0,none,0.7,20,score_cap1,weighted_bh,true_hits,0.39,0.296,0.486,500
0.025,6.0,none,0.7,20,score_cap1,weighted_bh,fdp,-0.0195,-0.024300000000000006,-0.014797500000000016,500
0.025,6.0,none,0.7,20,score_cap1,weighted_bh,fdp_exceeds_q,0.0,0.0,0.0,500
0.025,6.0,none,0.7,20,score_cap1,weighted_bh,unique_blocks,-1.092,-1.226,-0.964,500
0.025,6.0,none,0.7,20,score_cap1,weighted_bh,max_block_share,0.030000000000000006,0.026600000000000002,0.0334,500
0.025,6.0,none,0.7,20,score_cap1,weighted_bh,mean_pairwise_tanimoto,-0.008573261588811878,-0.010408173896372322,-0.006731028051674374,500
0.025,6.0,none,0.7,30,score_cap1,chemdeprc_cap1,true_hits,0.114,0.038,0.19,500
0.025,6.0,none,0.7,30,score_cap1,chemdeprc_cap1,fdp,-0.003799999999999991,-0.006266666666666653,-0.00119999999999999,500
0.025,6.0,none,0.7,30,score_cap1,chemdeprc_cap1,fdp_exceeds_q,0.0,0.0,0.0,500
0.025,6.0,none,0.7,30,score_cap1,chemdeprc_cap1,unique_blocks,0.0,0.0,0.0,500
0.025,6.0,none,0.7,30,score_cap1,chemdeprc_cap1,max_block_share,0.0,0.0,0.0,500
0.025,6.0,none,0.7,30,score_cap1,chemdeprc_cap1,mean_pairwise_tanimoto,-0.0032642941474914484,-0.004585860150307411,-0.002018813870847222,500
0.025,6.0,none,0.7,30,score_cap1,chemdeprc_scorecap1,true_hits,0.0,0.0,0.0,500
0.025,6.0,none,0.7,30,score_cap1,chemdeprc_scorecap1,fdp,0.0,0.0,0.0,500
0.025,6.0,none,0.7,30,score_cap1,chemdeprc_scorecap1,fdp_exceeds_q,0.0,0.0,0.0,500
0.025,6.0,none,0.7,30,score_cap1,chemdeprc_scorecap1,unique_blocks,0.0,0.0,0.0,500
0.025,6.0,none,0.7,30,score_cap1,chemdeprc_scorecap1,max_block_share,0.0,0.0,0.0,500
0.025,6.0,none,0.7,30,score_cap1,chemdeprc_scorecap1,mean_pairwise_tanimoto,0.00031151911616325405,0.00022462020367383962,0.00040405165404081364,500
0.025,6.0,none,0.7,30,score_cap1,hier_bh_cap1,true_hits,0.114,0.036,0.192,500
0.025,6.0,none,0.7,30,score_cap1,hier_bh_cap1,fdp,-0.003799999999999991,-0.0063333333333333176,-0.0011999999999999906,500
0.025,6.0,none,0.7,30,score_cap1,hier_bh_cap1,fdp_exceeds_q,0.0,0.0,0.0,500
0.025,6.0,none,0.7,30,score_cap1,hier_bh_cap1,unique_blocks,0.0,0.0,0.0,500
0.025,6.0,none,0.7,30,score_cap1,hier_bh_cap1,max_block_share,0.0,0.0,0.0,500
0.025,6.0,none,0.7,30,score_cap1,hier_bh_cap1,mean_pairwise_tanimoto,-0.0032642941474914484,-0.004512446077913039,-0.002000018411874765,500
0.025,6.0,none,0.7,30,score_cap1,minp_block_bh_cap1,true_hits,-0.17,-0.30205,-0.038,500
0.025,6.0,none,0.7,30,score_cap1,minp_block_bh_cap1,fdp,0.0056666666666666705,0.0010000000000000104,0.010133333333333338,500
0.025,6.0,none,0.7,30,score_cap1,minp_block_bh_cap1,fdp_exceeds_q,0.0,0.0,0.0,500
0.025,6.0,none,0.7,30,score_cap1,minp_block_bh_cap1,unique_blocks,0.0,0.0,0.0,500
0.025,6.0,none,0.7,30,score_cap1,minp_block_bh_cap1,max_block_share,0.0,0.0,0.0,500
0.025,6.0,none,0.7,30,score_cap1,minp_block_bh_cap1,mean_pairwise_tanimoto,-0.010709733814001091,-0.01226117202043534,-0.009147028724104172,500
0.025,6.0,none,0.7,30,score_cap1,block_by_cap1,true_hits,-4.602,-5.4101,-3.842,500
0.025,6.0,none,0.7,30,score_cap1,block_by_cap1,fdp,-0.021102195408077756,-0.02783076964974022,-0.014791571560248016,500
0.025,6.0,none,0.7,30,score_cap1,block_by_cap1,fdp_exceeds_q,0.0,0.0,0.0,500
0.025,6.0,none,0.7,30,score_cap1,block_by_cap1,unique_blocks,-6.012,-6.8521,-5.21,500
0.025,6.0,none,0.7,30,score_cap1,block_by_cap1,max_block_share,0.0025307859896095282,0.0011643412728339286,0.00396157040807777,500
0.025,6.0,none,0.7,30,score_cap1,block_by_cap1,mean_pairwise_tanimoto,-0.01909415811300277,-0.02460808795392512,-0.014077775305509558,500
0.025,6.0,none,0.7,30,score_cap1,bh_cap1,true_hits,0.0,0.0,0.0,500
0.025,6.0,none,0.7,30,score_cap1,bh_cap1,fdp,0.0,0.0,0.0,500
0.025,6.0,none,0.7,30,score_cap1,bh_cap1,fdp_exceeds_q,0.0,0.0,0.0,500
0.025,6.0,none,0.7,30,score_cap1,bh_cap1,unique_blocks,0.0,0.0,0.0,500
0.025,6.0,none,0.7,30,score_cap1,bh_cap1,max_block_share,0.0,0.0,0.0,500
0.025,6.0,none,0.7,30,score_cap1,bh_cap1,mean_pairwise_tanimoto,0.0,0.0,0.0,500
0.025,6.0,none,0.7,30,score_cap1,weighted_bh,true_hits,-0.254,-0.402,-0.104,500
0.025,6.0,none,0.7,30,score_cap1,weighted_bh,fdp,0.008466666666666678,0.0037333333333333493,0.01340166666666667,500
0.025,6.0,none,0.7,30,score_cap1,weighted_bh,fdp_exceeds_q,0.0,0.0,0.0,500
0.025,6.0,none,0.7,30,score_cap1,weighted_bh,unique_blocks,-2.682,-2.894,-2.454,500
0.025,6.0,none,0.7,30,score_cap1,weighted_bh,max_block_share,0.04313333333333331,0.03926666666666665,0.04679999999999998,500
0.025,6.0,none,0.7,30,score_cap1,weighted_bh,mean_pairwise_tanimoto,-0.006318947434425361,-0.007913433687388904,-0.00466671527177096,500
0.025,6.0,none,0.7,50,score_cap1,chemdeprc_cap1,true_hits,0.024,-0.048,0.1,500
0.025,6.0,none,0.7,50,score_cap1,chemdeprc_cap1,fdp,-0.0004800000000000006,-0.002000000000000001,0.0010799999999999991,500
0.025,6.0,none,0.7,50,score_cap1,chemdeprc_cap1,fdp_exceeds_q,0.0,0.0,0.0,500
0.025,6.0,none,0.7,50,score_cap1,chemdeprc_cap1,unique_blocks,0.0,0.0,0.0,500
0.025,6.0,none,0.7,50,score_cap1,chemdeprc_cap1,max_block_share,0.0,0.0,0.0,500
0.025,6.0,none,0.7,50,score_cap1,chemdeprc_cap1,mean_pairwise_tanimoto,-0.0001443696916103343,-0.0005376318857073759,0.0002717058792710307,500
0.025,6.0,none,0.7,50,score_cap1,chemdeprc_scorecap1,true_hits,-0.096,-0.122,-0.07,500
0.025,6.0,none,0.7,50,score_cap1,chemdeprc_scorecap1,fdp,0.0019200000000000018,0.0014400000000000012,0.002480000000000002,500
0.025,6.0,none,0.7,50,score_cap1,chemdeprc_scorecap1,fdp_exceeds_q,0.0,0.0,0.0,500
0.025,6.0,none,0.7,50,score_cap1,chemdeprc_scorecap1,unique_blocks,0.0,0.0,0.0,500
0.025,6.0,none,0.7,50,score_cap1,chemdeprc_scorecap1,max_block_share,0.0,0.0,0.0,500
0.025,6.0,none,0.7,50,score_cap1,chemdeprc_scorecap1,mean_pairwise_tanimoto,-3.6751836538314376e-05,-5.5930226296185514e-05,-1.7046075314284075e-05,500
0.025,6.0,none,0.7,50,score_cap1,hier_bh_cap1,true_hits,0.024,-0.052,0.104,500
0.025,6.0,none,0.7,50,score_cap1,hier_bh_cap1,fdp,-0.0004800000000000006,-0.0020800000000000003,0.0010409999999999944,500
0.025,6.0,none,0.7,50,score_cap1,hier_bh_cap1,fdp_exceeds_q,0.0,0.0,0.0,500
0.025,6.0,none,0.7,50,score_cap1,hier_bh_cap1,unique_blocks,0.0,0.0,0.0,500
0.025,6.0,none,0.7,50,score_cap1,hier_bh_cap1,max_block_share,0.0,0.0,0.0,500
0.025,6.0,none,0.7,50,score_cap1,hier_bh_cap1,mean_pairwise_tanimoto,-0.0001443696916103343,-0.0005832980185747133,0.0002783538609743171,500
0.025,6.0,none,0.7,50,score_cap1,minp_block_bh_cap1,true_hits,-0.51,-0.63405,-0.3779500000000003,500
0.025,6.0,none,0.7,50,score_cap1,minp_block_bh_cap1,fdp,0.010199999999999999,0.0075200000000000015,0.012760000000000002,500
0.025,6.0,none,0.7,50,score_cap1,minp_block_bh_cap1,fdp_exceeds_q,0.0,0.0,0.0,500
0.025,6.0,none,0.7,50,score_cap1,minp_block_bh_cap1,unique_blocks,0.0,0.0,0.0,500
0.025,6.0,none,0.7,50,score_cap1,minp_block_bh_cap1,max_block_share,0.0,0.0,0.0,500
0.025,6.0,none,0.7,50,score_cap1,minp_block_bh_cap1,mean_pairwise_tanimoto,-0.008169778585433964,-0.009675326912105087,-0.0067570466339588195,500
0.025,6.0,none,0.7,50,score_cap1,block_by_cap1,true_hits,-10.904,-12.168199999999999,-9.63195,500
0.025,6.0,none,0.7,50,score_cap1,block_by_cap1,fdp,-0.05013105904444141,-0.05879032128125144,-0.04181896996168321,500
0.025,6.0,none,0.7,50,score_cap1,block_by_cap1,fdp_exceeds_q,0.0,0.0,0.0,500
0.025,6.0,none,0.7,50,score_cap1,block_by_cap1,unique_blocks,-15.72,-17.29815,-14.177850000000001,500
0.025,6.0,none,0.7,50,score_cap1,block_by_cap1,max_block_share,0.008901998110821634,0.007338828289493725,0.010501283850000754,500
0.025,6.0,none,0.7,50,score_cap1,block_by_cap1,mean_pairwise_tanimoto,-0.011399066388607017,-0.016281052777171127,-0.006830949206650251,500
0.025,6.0,none,0.7,50,score_cap1,bh_cap1,true_hits,0.0,0.0,0.0,500
0.025,6.0,none,0.7,50,score_cap1,bh_cap1,fdp,0.0,0.0,0.0,500
0.025,6.0,none,0.7,50,score_cap1,bh_cap1,fdp_exceeds_q,0.0,0.0,0.0,500
0.025,6.0,none,0.7,50,score_cap1,bh_cap1,unique_blocks,0.0,0.0,0.0,500
0.025,6.0,none,0.7,50,score_cap1,bh_cap1,max_block_share,0.0,0.0,0.0,500
0.025,6.0,none,0.7,50,score_cap1,bh_cap1,mean_pairwise_tanimoto,0.0,0.0,0.0,500
0.025,6.0,none,0.7,50,score_cap1,weighted_bh,true_hits,-0.148,-0.35605,0.056,500
0.025,6.0,none,0.7,50,score_cap1,weighted_bh,fdp,0.00296,-0.0013210000000000001,0.007160999999999995,500
0.025,6.0,none,0.7,50,score_cap1,weighted_bh,fdp_exceeds_q,0.0,0.0,0.0,500
0.025,6.0,none,0.7,50,score_cap1,weighted_bh,unique_blocks,-7.956,-8.4781,-7.4139,500
0.025,6.0,none,0.7,50,score_cap1,weighted_bh,max_block_share,0.06280000000000001,0.057120000000000004,0.068601,500
0.025,6.0,none,0.7,50,score_cap1,weighted_bh,mean_pairwise_tanimoto,0.00029024526476860267,-0.0019284017853438817,0.002422953482717277,500
0.025,6.0,none,0.7,75,score_cap1,chemdeprc_cap1,true_hits,-0.274,-0.364,-0.184,500
0.025,6.0,none,0.7,75,score_cap1,chemdeprc_cap1,fdp,-0.0002294976729256948,-0.0019016032739528168,0.001334285347456266,500
0.025,6.0,none,0.7,75,score_cap1,chemdeprc_cap1,fdp_exceeds_q,-0.1,-0.126,-0.074,500
0.025,6.0,none,0.7,75,score_cap1,chemdeprc_cap1,unique_blocks,-0.92,-1.17005,-0.6759500000000003,500
0.025,6.0,none,0.7,75,score_cap1,chemdeprc_cap1,max_block_share,0.00018809179906916884,0.00013860552078317953,0.00024152142513240088,500
0.025,6.0,none,0.7,75,score_cap1,chemdeprc_cap1,mean_pairwise_tanimoto,0.00017853915691375656,2.9789476841685917e-05,0.0003165008477866641,500
0.025,6.0,none,0.7,75,score_cap1,chemdeprc_scorecap1,true_hits,0.18,0.128,0.24,500
0.025,6.0,none,0.7,75,score_cap1,chemdeprc_scorecap1,fdp,-0.006282831006259022,-0.007435402343123088,-0.0051445283261113755,500
0.025,6.0,none,0.7,75,score_cap1,chemdeprc_scorecap1,fdp_exceeds_q,-0.1,-0.12605,-0.076,500
0.025,6.0,none,0.7,75,score_cap1,chemdeprc_scorecap1,unique_blocks,-0.92,-1.16025,-0.684,500
0.025,6.0,none,0.7,75,score_cap1,chemdeprc_scorecap1,max_block_share,0.00018809179906916884,0.00014025357085539923,0.00024074658963248126,500
0.025,6.0,none,0.7,75,score_cap1,chemdeprc_scorecap1,mean_pairwise_tanimoto,0.0004987369179725631,0.00039379029273986786,0.0006107161149382576,500
0.025,6.0,none,0.7,75,score_cap1,hier_bh_cap1,true_hits,-0.274,-0.362,-0.18395000000000028,500
0.025,6.0,none,0.7,75,score_cap1,hier_bh_cap1,fdp,-0.0002294976729256948,-0.0018495442144118117,0.0013916129032258044,500
0.025,6.0,none,0.7,75,score_cap1,hier_bh_cap1,fdp_exceeds_q,-0.1,-0.128,-0.074,500
0.025,6.0,none,0.7,75,score_cap1,hier_bh_cap1,unique_blocks,-0.92,-1.18,-0.6759500000000003,500
0.025,6.0,none,0.7,75,score_cap1,hier_bh_cap1,max_block_share,0.00018809179906916884,0.00013784432675332885,0.00024059444711924008,500
0.025,6.0,none,0.7,75,score_cap1,hier_bh_cap1,mean_pairwise_tanimoto,0.00017853915691375656,2.4451770633457503e-05,0.0003267945505678608,500
0.025,6.0,none,0.7,75,score_cap1,minp_block_bh_cap1,true_hits,-1.022,-1.13,-0.908,500
0.025,6.0,none,0.7,75,score_cap1,minp_block_bh_cap1,fdp,0.0001718294028355447,-0.002558992763204094,0.003018895726223782,500
0.025,6.0,none,0.7,75,score_cap1,minp_block_bh_cap1,fdp_exceeds_q,-0.1,-0.128,-0.074,500
0.025,6.0,none,0.7,75,score_cap1,minp_block_bh_cap1,unique_blocks,-2.228,-2.6461,-1.844,500
0.025,6.0,none,0.7,75,score_cap1,minp_block_bh_cap1,max_block_share,0.0004727879961630614,0.0003895161118804164,0.0005598952740653981,500
0.025,6.0,none,0.7,75,score_cap1,minp_block_bh_cap1,mean_pairwise_tanimoto,-0.0021448809206485783,-0.002586633653193714,-0.0016677402928471604,500
0.025,6.0,none,0.7,75,score_cap1,block_by_cap1,true_hits,-19.202,-20.97635,-17.3998,500
0.025,6.0,none,0.7,75,score_cap1,block_by_cap1,fdp,-0.0919939468087376,-0.10381130375369475,-0.08125775686626578,500
0.025,6.0,none,0.7,75,score_cap1,block_by_cap1,fdp_exceeds_q,-0.1,-0.126,-0.076,500
0.025,6.0,none,0.7,75,score_cap1,block_by_cap1,unique_blocks,-30.662,-33.1321,-28.247950000000003,500
0.025,6.0,none,0.7,75,score_cap1,block_by_cap1,max_block_share,0.012808083783104508,0.011053957549019541,0.014589917607341655,500
0.025,6.0,none,0.7,75,score_cap1,block_by_cap1,mean_pairwise_tanimoto,-0.0016016533970832736,-0.006692648316919797,0.0031272068947553614,500
0.025,6.0,none,0.7,75,score_cap1,bh_cap1,true_hits,-0.026,-0.04,-0.014,500
0.025,6.0,none,0.7,75,score_cap1,bh_cap1,fdp,-0.0011526923023410349,-0.0017868302204891522,-0.0006472122601779592,500
0.025,6.0,none,0.7,75,score_cap1,bh_cap1,fdp_exceeds_q,-0.026,-0.042,-0.014,500
0.025,6.0,none,0.7,75,score_cap1,bh_cap1,unique_blocks,-0.352,-0.534,-0.176,500
0.025,6.0,none,0.7,75,score_cap1,bh_cap1,max_block_share,7.482182972892419e-05,3.9569569822331776e-05,0.00011551492064412027,500
0.025,6.0,none,0.7,75,score_cap1,bh_cap1,mean_pairwise_tanimoto,3.8028389215469196e-05,1.6686704754829357e-05,6.280884221196194e-05,500
0.025,6.0,none,0.7,75,score_cap1,weighted_bh,true_hits,1.58,1.2339499999999999,1.9400499999999996,500
0.025,6.0,none,0.7,75,score_cap1,weighted_bh,fdp,-0.021066666666666664,-0.025973333333333327,-0.016158666666666675,500
0.025,6.0,none,0.7,75,score_cap1,weighted_bh,fdp_exceeds_q,-0.006,-0.014,0.0,500
0.025,6.0,none,0.7,75,score_cap1,weighted_bh,unique_blocks,-16.832,-17.416150000000002,-16.28985,500
0.025,6.0,none,0.7,75,score_cap1,weighted_bh,max_block_share,0.05904,0.055226666666666674,0.06293333333333335,500
0.025,6.0,none,0.7,75,score_cap1,weighted_bh,mean_pairwise_tanimoto,0.017412035495042808,0.01612518540471793,0.018726138114184148,500
0.05,1.0,none,0.7,100,score_cap1,chemdeprc_cap1,true_hits,-1.656,-1.832,-1.49,500
0.05,1.0,none,0.7,100,score_cap1,chemdeprc_cap1,fdp,-0.008933349071534232,-0.01213014343256818,-0.005852174201358559,500
0.05,1.0,none,0.7,100,score_cap1,chemdeprc_cap1,fdp_exceeds_q,-0.096,-0.124,-0.07,500
0.05,1.0,none,0.7,100,score_cap1,chemdeprc_cap1,unique_blocks,-5.872,-6.9700999999999995,-4.839600000000002,500
0.05,1.0,none,0.7,100,score_cap1,chemdeprc_cap1,max_block_share,0.0008653180503627911,0.0007036925232949226,0.0010235325365419061,500
0.05,1.0,none,0.7,100,score_cap1,chemdeprc_cap1,mean_pairwise_tanimoto,0.0017499386668205091,0.0013844094373285582,0.0021330605432391017,500
0.05,1.0,none,0.7,100,score_cap1,chemdeprc_scorecap1,true_hits,-1.398,-1.588,-1.2259500000000003,500
0.05,1.0,none,0.7,100,score_cap1,chemdeprc_scorecap1,fdp,-0.011513349071534233,-0.014489684289727307,-0.008563156593339966,500
0.05,1.0,none,0.7,100,score_cap1,chemdeprc_scorecap1,fdp_exceeds_q,-0.096,-0.122,-0.07,500
0.05,1.0,none,0.7,100,score_cap1,chemdeprc_scorecap1,unique_blocks,-5.872,-6.9780999999999995,-4.8379,500
0.05,1.0,none,0.7,100,score_cap1,chemdeprc_scorecap1,max_block_share,0.0008653180503627911,0.0007059209453483112,0.0010218157436290567,500
0.05,1.0,none,0.7,100,score_cap1,chemdeprc_scorecap1,mean_pairwise_tanimoto,0.002083712041378022,0.0017356153674423689,0.002431090175360441,500
0.05,1.0,none,0.7,100,score_cap1,hier_bh_cap1,true_hits,-1.656,-1.8440500000000002,-1.4879000000000004,500
0.05,1.0,none,0.7,100,score_cap1,hier_bh_cap1,fdp,-0.008933349071534232,-0.01216377465718746,-0.005898176373509595,500
0.05,1.0,none,0.7,100,score_cap1,hier_bh_cap1,fdp_exceeds_q,-0.096,-0.122,-0.072,500
0.05,1.0,none,0.7,100,score_cap1,hier_bh_cap1,unique_blocks,-5.872,-6.948,-4.7799000000000005,500
0.05,1.0,none,0.7,100,score_cap1,hier_bh_cap1,max_block_share,0.0008653180503627911,0.0007018461453740614,0.0010354968440126743,500
0.05,1.0,none,0.7,100,score_cap1,hier_bh_cap1,mean_pairwise_tanimoto,0.0017499386668205091,0.0013723976254463026,0.0021366148002445553,500
0.05,1.0,none,0.7,100,score_cap1,minp_block_bh_cap1,true_hits,-2.776,-3.0140499999999997,-2.546,500
0.05,1.0,none,0.7,100,score_cap1,minp_block_bh_cap1,fdp,-0.014438464842451126,-0.019063116311737332,-0.009874847451792797,500
0.05,1.0,none,0.7,100,score_cap1,minp_block_bh_cap1,fdp_exceeds_q,-0.1,-0.12605,-0.074,500
0.05,1.0,none,0.7,100,score_cap1,minp_block_bh_cap1,unique_blocks,-8.258,-9.572,-6.904,500
0.05,1.0,none,0.7,100,score_cap1,minp_block_bh_cap1,max_block_share,0.0013154781294442194,0.0010922618893319568,0.0015403318124147386,500
0.05,1.0,none,0.7,100,score_cap1,minp_block_bh_cap1,mean_pairwise_tanimoto,0.0020206864774227097,0.0014692150123417356,0.0025420953035354583,500
0.05,1.0,none,0.7,100,score_cap1,block_by_cap1,true_hits,-29.13,-31.3061,-27.09765,500
0.05,1.0,none,0.7,100,score_cap1,block_by_cap1,fdp,-0.1979220677990272,-0.21318650633386535,-0.18246669700097615,500
0.05,1.0,none,0.7,100,score_cap1,block_by_cap1,fdp_exceeds_q,-0.1,-0.128,-0.07395000000000027,500
0.05,1.0,none,0.7,100,score_cap1,block_by_cap1,unique_blocks,-53.66,-56.53445,-50.870850000000004,500
0.05,1.0,none,0.7,100,score_cap1,block_by_cap1,max_block_share,0.01870935128497262,0.01644367174947199,0.021020648312149934,500
0.05,1.0,none,0.7,100,score_cap1,block_by_cap1,mean_pairwise_tanimoto,0.016019222140312202,0.010725049995630983,0.02147356056049466,500
0.05,1.0,none,0.7,100,score_cap1,bh_cap1,true_hits,-0.874,-1.04,-0.712,500
0.05,1.0,none,0.7,100,score_cap1,bh_cap1,fdp,-0.00861217218262572,-0.010332670663207633,-0.006988727824933116,500
0.05,1.0,none,0.7,100,score_cap1,bh_cap1,fdp_exceeds_q,-0.072,-0.096,-0.05,500
0.05,1.0,none,0.7,100,score_cap1,bh_cap1,unique_blocks,-4.574,-5.5181,-3.682,500
0.05,1.0,none,0.7,100,score_cap1,bh_cap1,max_block_share,0.0006620974705178053,0.0005221231926497903,0.0008111864627208115,500
0.05,1.0,none,0.7,100,score_cap1,bh_cap1,mean_pairwise_tanimoto,0.0014862045347690592,0.0012193444676697257,0.00176755103841424,500
0.05,1.0,none,0.7,100,score_cap1,weighted_bh,true_hits,9.834,9.142,10.5781,500
0.05,1.0,none,0.7,100,score_cap1,weighted_bh,fdp,-0.10290264342218759,-0.11012028914681705,-0.0959981466049628,500
0.05,1.0,none,0.7,100,score_cap1,weighted_bh,fdp_exceeds_q,-0.072,-0.096,-0.05,500
0.05,1.0,none,0.7,100,score_cap1,weighted_bh,unique_blocks,-26.332,-26.9601,-25.671950000000002,500
0.05,1.0,none,0.7,100,score_cap1,weighted_bh,max_block_share,0.04962244977789243,0.048160155804859835,0.05116205118382197,500
0.05,1.0,none,0.7,100,score_cap1,weighted_bh,mean_pairwise_tanimoto,0.022432088643312455,0.020749084375053642,0.024001011746376758,500
0.05,1.0,none,0.7,20,score_cap1,chemdeprc_cap1,true_hits,0.102,0.068,0.136,500
0.05,1.0,none,0.7,20,score_cap1,chemdeprc_cap1,fdp,-0.0050999999999999995,-0.006900000000000001,-0.0034000000000000002,500
0.05,1.0,none,0.7,20,score_cap1,chemdeprc_cap1,fdp_exceeds_q,0.0,0.0,0.0,500
0.05,1.0,none,0.7,20,score_cap1,chemdeprc_cap1,unique_blocks,0.0,0.0,0.0,500
0.05,1.0,none,0.7,20,score_cap1,chemdeprc_cap1,max_block_share,0.0,0.0,0.0,500
0.05,1.0,none,0.7,20,score_cap1,chemdeprc_cap1,mean_pairwise_tanimoto,-0.010350972563028336,-0.01200711125135422,-0.008705380799621344,500
0.05,1.0,none,0.7,20,score_cap1,chemdeprc_scorecap1,true_hits,0.0,0.0,0.0,500
0.05,1.0,none,0.7,20,score_cap1,chemdeprc_scorecap1,fdp,0.0,0.0,0.0,500
0.05,1.0,none,0.7,20,score_cap1,chemdeprc_scorecap1,fdp_exceeds_q,0.0,0.0,0.0,500
0.05,1.0,none,0.7,20,score_cap1,chemdeprc_scorecap1,unique_blocks,0.0,0.0,0.0,500
0.05,1.0,none,0.7,20,score_cap1,chemdeprc_scorecap1,max_block_share,0.0,0.0,0.0,500
0.05,1.0,none,0.7,20,score_cap1,chemdeprc_scorecap1,mean_pairwise_tanimoto,0.0,0.0,0.0,500
0.05,1.0,none,0.7,20,score_cap1,hier_bh_cap1,true_hits,0.102,0.068,0.138,500
0.05,1.0,none,0.7,20,score_cap1,hier_bh_cap1,fdp,-0.0050999999999999995,-0.006900000000000001,-0.003400000000000001,500
0.05,1.0,none,0.7,20,score_cap1,hier_bh_cap1,fdp_exceeds_q,0.0,0.0,0.0,500
0.05,1.0,none,0.7,20,score_cap1,hier_bh_cap1,unique_blocks,0.0,0.0,0.0,500
0.05,1.0,none,0.7,20,score_cap1,hier_bh_cap1,max_block_share,0.0,0.0,0.0,500
0.05,1.0,none,0.7,20,score_cap1,hier_bh_cap1,mean_pairwise_tanimoto,-0.010350972563028336,-0.012129162352532152,-0.008682003556936982,500
0.05,1.0,none,0.7,20,score_cap1,minp_block_bh_cap1,true_hits,0.128,0.076,0.18,500
0.05,1.0,none,0.7,20,score_cap1,minp_block_bh_cap1,fdp,-0.006399999999999999,-0.008700000000000001,-0.0039000000000000007,500
0.05,1.0,none,0.7,20,score_cap1,minp_block_bh_cap1,fdp_exceeds_q,0.0,0.0,0.0,500
0.05,1.0,none,0.7,20,score_cap1,minp_block_bh_cap1,unique_blocks,0.0,0.0,0.0,500
0.05,1.0,none,0.7,20,score_cap1,minp_block_bh_cap1,max_block_share,0.0,0.0,0.0,500
0.05,1.0,none,0.7,20,score_cap1,minp_block_bh_cap1,mean_pairwise_tanimoto,-0.01660333681106569,-0.01881298517286779,-0.01446911151036622,500
0.05,1.0,none,0.7,20,score_cap1,block_by_cap1,true_hits,-2.478,-3.0140499999999997,-1.97,500
0.05,1.0,none,0.7,20,score_cap1,block_by_cap1,fdp,-0.03210407239819004,-0.03969117647058823,-0.02520269984917045,500
0.05,1.0,none,0.7,20,score_cap1,block_by_cap1,fdp_exceeds_q,0.0,0.0,0.0,500
0.05,1.0,none,0.7,20,score_cap1,block_by_cap1,unique_blocks,-3.288,-3.81415,-2.76595,500
0.05,1.0,none,0.7,20,score_cap1,block_by_cap1,max_block_share,-6.184012066366095e-05,-0.0018666666666666775,0.001602620663650064,500
0.05,1.0,none,0.7,20,score_cap1,block_by_cap1,mean_pairwise_tanimoto,-0.026723733246326452,-0.03191541480273008,-0.021532462073117493,500
0.05,1.0,none,0.7,20,score_cap1,bh_cap1,true_hits,0.0,0.0,0.0,500
0.05,1.0,none,0.7,20,score_cap1,bh_cap1,fdp,0.0,0.0,0.0,500
0.05,1.0,none,0.7,20,score_cap1,bh_cap1,fdp_exceeds_q,0.0,0.0,0.0,500
0.05,1.0,none,0.7,20,score_cap1,bh_cap1,unique_blocks,0.0,0.0,0.0,500
0.05,1.0,none,0.7,20,score_cap1,bh_cap1,max_block_share,0.0,0.0,0.0,500
0.05,1.0,none,0.7,20,score_cap1,bh_cap1,mean_pairwise_tanimoto,0.0,0.0,0.0,500
0.05,1.0,none,0.7,20,score_cap1,weighted_bh,true_hits,0.332,0.286,0.378,500
0.05,1.0,none,0.7,20,score_cap1,weighted_bh,fdp,-0.016599999999999993,-0.019,-0.0144,500
0.05,1.0,none,0.7,20,score_cap1,weighted_bh,fdp_exceeds_q,0.0,0.0,0.0,500
0.05,1.0,none,0.7,20,score_cap1,weighted_bh,unique_blocks,-0.808,-0.92,-0.696,500
0.05,1.0,none,0.7,20,score_cap1,weighted_bh,max_block_share,0.020300000000000002,0.0182,0.0225,500
0.05,1.0,none,0.7,20,score_cap1,weighted_bh,mean_pairwise_tanimoto,-0.014048568338155765,-0.015860757264494915,-0.012133576245605966,500
0.05,1.0,none,0.7,30,score_cap1,chemdeprc_cap1,true_hits,0.0,-0.068,0.064,500
0.05,1.0,none,0.7,30,score_cap1,chemdeprc_cap1,fdp,2.6645352591003758e-18,-0.002133333333333329,0.002266666666666668,500
0.05,1.0,none,0.7,30,score_cap1,chemdeprc_cap1,fdp_exceeds_q,0.0,0.0,0.0,500
0.05,1.0,none,0.7,30,score_cap1,chemdeprc_cap1,unique_blocks,0.0,0.0,0.0,500
0.05,1.0,none,0.7,30,score_cap1,chemdeprc_cap1,max_block_share,0.0,0.0,0.0,500
0.05,1.0,none,0.7,30,score_cap1,chemdeprc_cap1,mean_pairwise_tanimoto,-0.0040743173062801315,-0.0052223206408321815,-0.0028552886851131876,500
0.05,1.0,none,0.7,30,score_cap1,chemdeprc_scorecap1,true_hits,0.0,0.0,0.0,500
0.05,1.0,none,0.7,30,score_cap1,chemdeprc_scorecap1,fdp,0.0,0.0,0.0,500
0.05,1.0,none,0.7,30,score_cap1,chemdeprc_scorecap1,fdp_exceeds_q,0.0,0.0,0.0,500
0.05,1.0,none,0.7,30,score_cap1,chemdeprc_scorecap1,unique_blocks,0.0,0.0,0.0,500
0.05,1.0,none,0.7,30,score_cap1,chemdeprc_scorecap1,max_block_share,0.0,0.0,0.0,500
0.05,1.0,none,0.7,30,score_cap1,chemdeprc_scorecap1,mean_pairwise_tanimoto,0.00031557142734527354,0.0002299261435866341,0.0004071001388132541,500
0.05,1.0,none,0.7,30,score_cap1,hier_bh_cap1,true_hits,0.0,-0.062,0.066,500
0.05,1.0,none,0.7,30,score_cap1,hier_bh_cap1,fdp,2.6645352591003758e-18,-0.0021333333333333334,0.0021349999999999932,500
0.05,1.0,none,0.7,30,score_cap1,hier_bh_cap1,fdp_exceeds_q,0.0,0.0,0.0,500
0.05,1.0,none,0.7,30,score_cap1,hier_bh_cap1,unique_blocks,0.0,0.0,0.0,500
0.05,1.0,none,0.7,30,score_cap1,hier_bh_cap1,max_block_share,0.0,0.0,0.0,500
0.05,1.0,none,0.7,30,score_cap1,hier_bh_cap1,mean_pairwise_tanimoto,-0.0040743173062801315,-0.00516270150467753,-0.002939315076917405,500
0.05,1.0,none,0.7,30,score_cap1,minp_block_bh_cap1,true_hits,-0.448,-0.572,-0.326,500
0.05,1.0,none,0.7,30,score_cap1,minp_block_bh_cap1,fdp,0.014933333333333337,0.01086333333333334,0.019001666666666663,500
0.05,1.0,none,0.7,30,score_cap1,minp_block_bh_cap1,fdp_exceeds_q,0.0,0.0,0.0,500
0.05,1.0,none,0.7,30,score_cap1,minp_block_bh_cap1,unique_blocks,0.0,0.0,0.0,500
0.05,1.0,none,0.7,30,score_cap1,minp_block_bh_cap1,max_block_share,0.0,0.0,0.0,500
0.05,1.0,none,0.7,30,score_cap1,minp_block_bh_cap1,mean_pairwise_tanimoto,-0.012449644178152095,-0.013938571166247141,-0.010901811541616924,500
0.05,1.0,none,0.7,30,score_cap1,block_by_cap1,true_hits,-4.962,-5.72605,-4.217850000000001,500
0.05,1.0,none,0.7,30,score_cap1,block_by_cap1,fdp,-0.040765610859728504,-0.051988880090497736,-0.03006503770739066,500
0.05,1.0,none,0.7,30,score_cap1,block_by_cap1,fdp_exceeds_q,0.0,0.0,0.0,500
0.05,1.0,none,0.7,30,score_cap1,block_by_cap1,unique_blocks,-6.688,-7.584099999999999,-5.8198500000000015,500
0.05,1.0,none,0.7,30,score_cap1,block_by_cap1,max_block_share,0.00545098039215686,0.0036688084464555045,0.007338129713423827,500
0.05,1.0,none,0.7,30,score_cap1,block_by_cap1,mean_pairwise_tanimoto,-0.018442912995815266,-0.023802646760642514,-0.013110992398858061,500
0.05,1.0,none,0.7,30,score_cap1,bh_cap1,true_hits,0.0,0.0,0.0,500
0.05,1.0,none,0.7,30,score_cap1,bh_cap1,fdp,0.0,0.0,0.0,500
0.05,1.0,none,0.7,30,score_cap1,bh_cap1,fdp_exceeds_q,0.0,0.0,0.0,500
0.05,1.0,none,0.7,30,score_cap1,bh_cap1,unique_blocks,0.0,0.0,0.0,500
0.05,1.0,none,0.7,30,score_cap1,bh_cap1,max_block_share,0.0,0.0,0.0,500
0.05,1.0,none,0.7,30,score_cap1,bh_cap1,mean_pairwise_tanimoto,0.0,0.0,0.0,500
0.05,1.0,none,0.7,30,score_cap1,weighted_bh,true_hits,-0.156,-0.29,-0.026,500
0.05,1.0,none,0.7,30,score_cap1,weighted_bh,fdp,0.0052000000000000015,0.0007966666666666682,0.009534999999999993,500
0.05,1.0,none,0.7,30,score_cap1,weighted_bh,fdp_exceeds_q,0.0,0.0,0.0,500
0.05,1.0,none,0.7,30,score_cap1,weighted_bh,unique_blocks,-2.118,-2.29805,-1.95,500
0.05,1.0,none,0.7,30,score_cap1,weighted_bh,max_block_share,0.03333333333333331,0.03106666666666665,0.035666666666666645,500
0.05,1.0,none,0.7,30,score_cap1,weighted_bh,mean_pairwise_tanimoto,-0.007899779975414281,-0.009516049121320256,-0.006230808464437724,500
0.05,1.0,none,0.7,50,score_cap1,chemdeprc_cap1,true_hits,-0.046,-0.106,0.014,500
0.05,1.0,none,0.7,50,score_cap1,chemdeprc_cap1,fdp,0.0009200000000000022,-0.00023999999999999833,0.0021200000000000012,500
0.05,1.0,none,0.7,50,score_cap1,chemdeprc_cap1,fdp_exceeds_q,0.0,0.0,0.0,500
0.05,1.0,none,0.7,50,score_cap1,chemdeprc_cap1,unique_blocks,0.0,0.0,0.0,500
0.05,1.0,none,0.7,50,score_cap1,chemdeprc_cap1,max_block_share,0.0,0.0,0.0,500
0.05,1.0,none,0.7,50,score_cap1,chemdeprc_cap1,mean_pairwise_tanimoto,-0.0011514097154140374,-0.001504121179133645,-0.0007731758326291918,500
0.05,1.0,none,0.7,50,score_cap1,chemdeprc_scorecap1,true_hits,-0.092,-0.118,-0.068,500
0.05,1.0,none,0.7,50,score_cap1,chemdeprc_scorecap1,fdp,0.0018400000000000016,0.0013600000000000012,0.0023209999999999967,500
0.05,1.0,none,0.7,50,score_cap1,chemdeprc_scorecap1,fdp_exceeds_q,0.0,0.0,0.0,500
0.05,1.0,none,0.7,50,score_cap1,chemdeprc_scorecap1,unique_blocks,0.0,0.0,0.0,500
0.05,1.0,none,0.7,50,score_cap1,chemdeprc_scorecap1,max_block_share,0.0,0.0,0.0,500
0.05,1.0,none,0.7,50,score_cap1,chemdeprc_scorecap1,mean_pairwise_tanimoto,-2.2064149379733557e-06,-3.451113551855105e-05,2.6343563944101034e-05,500
0.05,1.0,none,0.7,50,score_cap1,hier_bh_cap1,true_hits,-0.046,-0.106,0.012,500
0.05,1.0,none,0.7,50,score_cap1,hier_bh_cap1,fdp,0.0009200000000000022,-0.00023999999999999778,0.002080000000000002,500
0.05,1.0,none,0.7,50,score_cap1,hier_bh_cap1,fdp_exceeds_q,0.0,0.0,0.0,500
0.05,1.0,none,0.7,50,score_cap1,hier_bh_cap1,unique_blocks,0.0,0.0,0.0,500
0.05,1.0,none,0.7,50,score_cap1,hier_bh_cap1,max_block_share,0.0,0.0,0.0,500
0.05,1.0,none,0.7,50,score_cap1,hier_bh_cap1,mean_pairwise_tanimoto,-0.0011514097154140374,-0.0015167927585542072,-0.0007771611340343859,500
0.05,1.0,none,0.7,50,score_cap1,minp_block_bh_cap1,true_hits,-0.66,-0.768,-0.544,500
0.05,1.0,none,0.7,50,score_cap1,minp_block_bh_cap1,fdp,0.013200000000000002,0.010920000000000001,0.015400999999999996,500
0.05,1.0,none,0.7,50,score_cap1,minp_block_bh_cap1,fdp_exceeds_q,0.0,0.0,0.0,500
0.05,1.0,none,0.7,50,score_cap1,minp_block_bh_cap1,unique_blocks,0.0,0.0,0.0,500
0.05,1.0,none,0.7,50,score_cap1,minp_block_bh_cap1,max_block_share,0.0,0.0,0.0,500
0.05,1.0,none,0.7,50,score_cap1,minp_block_bh_cap1,mean_pairwise_tanimoto,-0.009079261720180514,-0.010481317802518613,-0.007692593511193996,500
0.05,1.0,none,0.7,50,score_cap1,block_by_cap1,true_hits,-11.228,-12.482099999999999,-10.02795,500
0.05,1.0,none,0.7,50,score_cap1,block_by_cap1,fdp,-0.07603379267791034,-0.08951058141368437,-0.06349778261689291,500
0.05,1.0,none,0.7,50,score_cap1,block_by_cap1,fdp_exceeds_q,0.0,0.0,0.0,500
0.05,1.0,none,0.7,50,score_cap1,block_by_cap1,unique_blocks,-16.464,-18.04615,-14.8358,500
0.05,1.0,none,0.7,50,score_cap1,block_by_cap1,max_block_share,0.011886586452762906,0.009891985722610706,0.01390757993966815,500
0.05,1.0,none,0.7,50,score_cap1,block_by_cap1,mean_pairwise_tanimoto,-0.009260477542877186,-0.01409449919089673,-0.004632878546416753,500
0.05,1.0,none,0.7,50,score_cap1,bh_cap1,true_hits,0.0,0.0,0.0,500
0.05,1.0,none,0.7,50,score_cap1,bh_cap1,fdp,0.0,0.0,0.0,500
0.05,1.0,none,0.7,50,score_cap1,bh_cap1,fdp_exceeds_q,0.0,0.0,0.0,500
0.05,1.0,none,0.7,50,score_cap1,bh_cap1,unique_blocks,0.0,0.0,0.0,500
0.05,1.0,none,0.7,50,score_cap1,bh_cap1,max_block_share,0.0,0.0,0.0,500
0.05,1.0,none,0.7,50,score_cap1,bh_cap1,mean_pairwise_tanimoto,0.0,0.0,0.0,500
0.05,1.0,none,0.7,50,score_cap1,weighted_bh,true_hits,0.552,0.396,0.708,500
0.05,1.0,none,0.7,50,score_cap1,weighted_bh,fdp,-0.011039999999999996,-0.014280999999999997,-0.0078,500
0.05,1.0,none,0.7,50,score_cap1,weighted_bh,fdp_exceeds_q,0.0,0.0,0.0,500
0.05,1.0,none,0.7,50,score_cap1,weighted_bh,unique_blocks,-6.354,-6.76405,-5.9719500000000005,500
0.05,1.0,none,0.7,50,score_cap1,weighted_bh,max_block_share,0.04424,0.041920000000000006,0.046520000000000006,500
0.05,1.0,none,0.7,50,score_cap1,weighted_bh,mean_pairwise_tanimoto,-0.002340362548828124,-0.0043347172312438505,-0.0005268644541502007,500
0.05,1.0,none,0.7,75,score_cap1,chemdeprc_cap1,true_hits,-0.222,-0.31,-0.134,500
0.05,1.0,none,0.7,75,score_cap1,chemdeprc_cap1,fdp,-0.0020070457028324635,-0.0036279105430944,-0.000352575294507647,500
0.05,1.0,none,0.7,75,score_cap1,chemdeprc_cap1,fdp_exceeds_q,-0.096,-0.122,-0.072,500
0.05,1.0,none,0.7,75,score_cap1,chemdeprc_cap1,unique_blocks,-1.154,-1.49005,-0.838,500
0.05,1.0,none,0.7,75,score_cap1,chemdeprc_cap1,max_block_share,0.00024646378645856834,0.00017877302803802285,0.00031718719743120373,500
0.05,1.0,none,0.7,75,score_cap1,chemdeprc_cap1,mean_pairwise_tanimoto,6.845742464067206e-05,-8.848638311026688e-05,0.0002299583591520934,500
0.05,1.0,none,0.7,75,score_cap1,chemdeprc_scorecap1,true_hits,0.134,0.078,0.196,500
0.05,1.0,none,0.7,75,score_cap1,chemdeprc_scorecap1,fdp,-0.006753712369499127,-0.007980262079885819,-0.00556404599951064,500
0.05,1.0,none,0.7,75,score_cap1,chemdeprc_scorecap1,fdp_exceeds_q,-0.096,-0.124,-0.072,500
0.05,1.0,none,0.7,75,score_cap1,chemdeprc_scorecap1,unique_blocks,-1.154,-1.47405,-0.852,500
0.05,1.0,none,0.7,75,score_cap1,chemdeprc_scorecap1,max_block_share,0.00024646378645856834,0.0001815028990735501,0.0003153007010550269,500
0.05,1.0,none,0.7,75,score_cap1,chemdeprc_scorecap1,mean_pairwise_tanimoto,0.0004447034001350373,0.0003404402263462521,0.0005557641096413097,500
0.05,1.0,none,0.7,75,score_cap1,hier_bh_cap1,true_hits,-0.222,-0.31,-0.13,500
0.05,1.0,none,0.7,75,score_cap1,hier_bh_cap1,fdp,-0.0020070457028324635,-0.003688990584375536,-0.0003751513617404656,500
0.05,1.0,none,0.7,75,score_cap1,hier_bh_cap1,fdp_exceeds_q,-0.096,-0.122,-0.07,500
0.05,1.0,none,0.7,75,score_cap1,hier_bh_cap1,unique_blocks,-1.154,-1.48805,-0.8379500000000002,500
0.05,1.0,none,0.7,75,score_cap1,hier_bh_cap1,max_block_share,0.00024646378645856834,0.00017970061743727975,0.0003138481838791865,500
0.05,1.0,none,0.7,75,score_cap1,hier_bh_cap1,mean_pairwise_tanimoto,6.845742464067206e-05,-8.61710958182616e-05,0.00021977184191347568,500
0.05,1.0,none,0.7,75,score_cap1,minp_block_bh_cap1,true_hits,-1.074,-1.188,-0.9559500000000002,500
0.05,1.0,none,0.7,75,score_cap1,minp_block_bh_cap1,fdp,-0.0014223952931488944,-0.004633067706948899,0.001562340627485805,500
0.05,1.0,none,0.7,75,score_cap1,minp_block_bh_cap1,fdp_exceeds_q,-0.1,-0.128,-0.074,500
0.05,1.0,none,0.7,75,score_cap1,minp_block_bh_cap1,unique_blocks,-2.594,-3.082,-2.09,500
0.05,1.0,none,0.7,75,score_cap1,minp_block_bh_cap1,max_block_share,0.000577660696362553,0.0004619807482005249,0.0006929552290897917,500
0.05,1.0,none,0.7,75,score_cap1,minp_block_bh_cap1,mean_pairwise_tanimoto,-0.002271535366773597,-0.0027168488651514006,-0.0018147514231502953,500
0.05,1.0,none,0.7,75,score_cap1,block_by_cap1,true_hits,-19.378,-21.08235,-17.5618,500
0.05,1.0,none,0.7,75,score_cap1,block_by_cap1,fdp,-0.12368800617437734,-0.14050705306279304,-0.10751607812986597,500
0.05,1.0,none,0.7,75,score_cap1,block_by_cap1,fdp_exceeds_q,-0.1,-0.12605,-0.074,500
0.05,1.0,none,0.7,75,score_cap1,block_by_cap1,unique_blocks,-31.56,-34.02245,-29.1075,500
0.05,1.0,none,0.7,75,score_cap1,block_by_cap1,max_block_share,0.015832600584692543,0.013571710569523068,0.018110655551060065,500
0.05,1.0,none,0.7,75,score_cap1,block_by_cap1,mean_pairwise_tanimoto,0.0017372275590896926,-0.003255825165659165,0.0068643746763467905,500
0.05,1.0,none,0.7,75,score_cap1,bh_cap1,true_hits,-0.068,-0.09,-0.04795000000000028,500
0.05,1.0,none,0.7,75,score_cap1,bh_cap1,fdp,-0.0031806291746554138,-0.004206482622962472,-0.002216525784452518,500
0.05,1.0,none,0.7,75,score_cap1,bh_cap1,fdp_exceeds_q,-0.072,-0.096,-0.05,500
0.05,1.0,none,0.7,75,score_cap1,bh_cap1,unique_blocks,-0.956,-1.25,-0.6739500000000003,500
0.05,1.0,none,0.7,75,score_cap1,bh_cap1,max_block_share,0.0002043289499443946,0.00014436795895635807,0.00026757805787536317,500
0.05,1.0,none,0.7,75,score_cap1,bh_cap1,mean_pairwise_tanimoto,0.0001241342723369591,8.179076761007174e-05,0.00017233329266309774,500
0.05,1.0,none,0.7,75,score_cap1,weighted_bh,true_hits,3.088,2.67,3.4940999999999995,500
0.05,1.0,none,0.7,75,score_cap1,weighted_bh,fdp,-0.04117333333333333,-0.046614666666666665,-0.03583933333333334,500
0.05,1.0,none,0.7,75,score_cap1,weighted_bh,fdp_exceeds_q,-0.072,-0.096,-0.05,500
0.05,1.0,none,0.7,75,score_cap1,weighted_bh,unique_blocks,-14.852,-15.354,-14.3519,500
0.05,1.0,none,0.7,75,score_cap1,weighted_bh,max_block_share,0.045280000000000015,0.04362666666666668,0.04690666666666668,500
0.05,1.0,none,0.7,75,score_cap1,weighted_bh,mean_pairwise_tanimoto,0.01666187560558321,0.015391132767498508,0.01793729302138092,500
0.05,2.0,none,0.7,100,score_cap1,chemdeprc_cap1,true_hits,-1.582,-1.742,-1.43,500
0.05,2.0,none,0.7,100,score_cap1,chemdeprc_cap1,fdp,-0.006032176330085415,-0.008743471067028242,-0.003299991734475628,500
0.05,2.0,none,0.7,100,score_cap1,chemdeprc_cap1,fdp_exceeds_q,-0.08,-0.104,-0.058,500
0.05,2.0,none,0.7,100,score_cap1,chemdeprc_cap1,unique_blocks,-5.14,-6.09605,-4.256,500
0.05,2.0,none,0.7,100,score_cap1,chemdeprc_cap1,max_block_share,0.0007131560735756204,0.0005869187713467401,0.0008491121428637011,500
0.05,2.0,none,0.7,100,score_cap1,chemdeprc_cap1,mean_pairwise_tanimoto,0.0014668350219726384,0.0011175173208117296,0.0018189872860908307,500
0.05,2.0,none,0.7,100,score_cap1,chemdeprc_scorecap1,true_hits,-1.244,-1.428,-1.0759500000000004,500
0.05,2.0,none,0.7,100,score_cap1,chemdeprc_scorecap1,fdp,-0.009412176330085417,-0.011961738584735761,-0.0071320833101858345,500
0.05,2.0,none,0.7,100,score_cap1,chemdeprc_scorecap1,fdp_exceeds_q,-0.08,-0.104,-0.058,500
0.05,2.0,none,0.7,100,score_cap1,chemdeprc_scorecap1,unique_blocks,-5.14,-6.052149999999999,-4.179850000000001,500
0.05,2.0,none,0.7,100,score_cap1,chemdeprc_scorecap1,max_block_share,0.0007131560735756204,0.0005786651796537723,0.0008458578017914492,500
0.05,2.0,none,0.7,100,score_cap1,chemdeprc_scorecap1,mean_pairwise_tanimoto,0.001774658948183056,0.001453605277836321,0.0021100095860660025,500
0.05,2.0,none,0.7,100,score_cap1,hier_bh_cap1,true_hits,-1.582,-1.736,-1.4279000000000004,500
0.05,2.0,none,0.7,100,score_cap1,hier_bh_cap1,fdp,-0.006032176330085415,-0.008889375949435268,-0.0034452586574526276,500
0.05,2.0,none,0.7,100,score_cap1,hier_bh_cap1,fdp_exceeds_q,-0.08,-0.104,-0.058,500
0.05,2.0,none,0.7,100,score_cap1,hier_bh_cap1,unique_blocks,-5.14,-6.07805,-4.212,500
0.05,2.0,none,0.7,100,score_cap1,hier_bh_cap1,max_block_share,0.0007131560735756204,0.0005783226622708471,0.0008477986707969755,500
0.05,2.0,none,0.7,100,score_cap1,hier_bh_cap1,mean_pairwise_tanimoto,0.0014668350219726384,0.0011460858114063555,0.0018246177032589718,500
0.05,2.0,none,0.7,100,score_cap1,minp_block_bh_cap1,true_hits,-2.724,-2.946,-2.496,500
0.05,2.0,none,0.7,100,score_cap1,minp_block_bh_cap1,fdp,-0.0130969155887936,-0.017809558739376577,-0.008543458745305259,500
0.05,2.0,none,0.7,100,score_cap1,minp_block_bh_cap1,fdp_exceeds_q,-0.1,-0.128,-0.076,500
0.05,2.0,none,0.7,100,score_cap1,minp_block_bh_cap1,unique_blocks,-7.94,-9.14245,-6.6579500000000005,500
0.05,2.0,none,0.7,100,score_cap1,minp_block_bh_cap1,max_block_share,0.00122939805676897,0.0010257520914030858,0.001433981417326362,500
0.05,2.0,none,0.7,100,score_cap1,minp_block_bh_cap1,mean_pairwise_tanimoto,0.0018448996841907452,0.001346045452356334,0.0024051606379449295,500
0.05,2.0,none,0.7,100,score_cap1,block_by_cap1,true_hits,-29.022,-31.106150000000003,-26.983900000000002,500
0.05,2.0,none,0.7,100,score_cap1,block_by_cap1,fdp,-0.19416083379844304,-0.20911134261616696,-0.17894009675720562,500
0.05,2.0,none,0.7,100,score_cap1,block_by_cap1,fdp_exceeds_q,-0.1,-0.126,-0.076,500
0.05,2.0,none,0.7,100,score_cap1,block_by_cap1,unique_blocks,-53.502,-56.3701,-50.58390000000001,500
0.05,2.0,none,0.7,100,score_cap1,block_by_cap1,max_block_share,0.01839436037769375,0.016259143638651778,0.020518863345292,500
0.05,2.0,none,0.7,100,score_cap1,block_by_cap1,mean_pairwise_tanimoto,0.015702719002962117,0.0103458315640688,0.020964926841109982,500
0.05,2.0,none,0.7,100,score_cap1,bh_cap1,true_hits,-0.59,-0.71,-0.47595000000000026,500
0.05,2.0,none,0.7,100,score_cap1,bh_cap1,fdp,-0.004910615357425907,-0.006106943434230655,-0.003764679694774511,500
0.05,2.0,none,0.7,100,score_cap1,bh_cap1,fdp_exceeds_q,-0.014,-0.024,-0.004,500
0.05,2.0,none,0.7,100,score_cap1,bh_cap1,unique_blocks,-2.622,-3.19,-2.098,500
0.05,2.0,none,0.7,100,score_cap1,bh_cap1,max_block_share,0.0003245309210561307,0.00025010735614251794,0.00040146051092961336,500
0.05,2.0,none,0.7,100,score_cap1,bh_cap1,mean_pairwise_tanimoto,0.0009765410125255601,0.0007801360383629815,0.0011835372328758255,500
0.05,2.0,none,0.7,100,score_cap1,weighted_bh,true_hits,9.612,8.9198,10.36605,500
0.05,2.0,none,0.7,100,score_cap1,weighted_bh,fdp,-0.09873846164113066,-0.10540846279919931,-0.0918538481320693,500
0.05,2.0,none,0.7,100,score_cap1,weighted_bh,fdp_exceeds_q,-0.03,-0.046,-0.016,500
0.05,2.0,none,0.7,100,score_cap1,weighted_bh,unique_blocks,-26.104,-26.76605,-25.412,500
0.05,2.0,none,0.7,100,score_cap1,weighted_bh,max_block_share,0.0502761200330166,0.048667525220834805,0.05194477779473223,500
0.05,2.0,none,0.7,100,score_cap1,weighted_bh,mean_pairwise_tanimoto,0.022276287734508515,0.020678641634434464,0.023876782786846167,500
0.05,2.0,none,0.7,20,score_cap1,chemdeprc_cap1,true_hits,0.134,0.092,0.176,500
0.05,2.0,none,0.7,20,score_cap1,chemdeprc_cap1,fdp,-0.006700000000000001,-0.0088,-0.004600000000000002,500
0.05,2.0,none,0.7,20,score_cap1,chemdeprc_cap1,fdp_exceeds_q,0.0,0.0,0.0,500
0.05,2.0,none,0.7,20,score_cap1,chemdeprc_cap1,unique_blocks,0.0,0.0,0.0,500
0.05,2.0,none,0.7,20,score_cap1,chemdeprc_cap1,max_block_share,0.0,0.0,0.0,500
0.05,2.0,none,0.7,20,score_cap1,chemdeprc_cap1,mean_pairwise_tanimoto,-0.009721422255039216,-0.011621636790037155,-0.008048089123517278,500
0.05,2.0,none,0.7,20,score_cap1,chemdeprc_scorecap1,true_hits,0.0,0.0,0.0,500
0.05,2.0,none,0.7,20,score_cap1,chemdeprc_scorecap1,fdp,0.0,0.0,0.0,500
0.05,2.0,none,0.7,20,score_cap1,chemdeprc_scorecap1,fdp_exceeds_q,0.0,0.0,0.0,500
0.05,2.0,none,0.7,20,score_cap1,chemdeprc_scorecap1,unique_blocks,0.0,0.0,0.0,500
0.05,2.0,none,0.7,20,score_cap1,chemdeprc_scorecap1,max_block_share,0.0,0.0,0.0,500
0.05,2.0,none,0.7,20,score_cap1,chemdeprc_scorecap1,mean_pairwise_tanimoto,0.0,0.0,0.0,500
0.05,2.0,none,0.7,20,score_cap1,hier_bh_cap1,true_hits,0.134,0.092,0.174,500
0.05,2.0,none,0.7,20,score_cap1,hier_bh_cap1,fdp,-0.006700000000000001,-0.008802500000000001,-0.004600000000000002,500
0.05,2.0,none,0.7,20,score_cap1,hier_bh_cap1,fdp_exceeds_q,0.0,0.0,0.0,500
0.05,2.0,none,0.7,20,score_cap1,hier_bh_cap1,unique_blocks,0.0,0.0,0.0,500
0.05,2.0,none,0.7,20,score_cap1,hier_bh_cap1,max_block_share,0.0,0.0,0.0,500
0.05,2.0,none,0.7,20,score_cap1,hier_bh_cap1,mean_pairwise_tanimoto,-0.009721422255039216,-0.011452181845158338,-0.008115182495862253,500
0.05,2.0,none,0.7,20,score_cap1,minp_block_bh_cap1,true_hits,0.234,0.172,0.3,500
0.05,2.0,none,0.7,20,score_cap1,minp_block_bh_cap1,fdp,-0.011699999999999999,-0.0149,-0.008600000000000002,500
0.05,2.0,none,0.7,20,score_cap1,minp_block_bh_cap1,fdp_exceeds_q,0.0,0.0,0.0,500
0.05,2.0,none,0.7,20,score_cap1,minp_block_bh_cap1,unique_blocks,0.0,0.0,0.0,500
0.05,2.0,none,0.7,20,score_cap1,minp_block_bh_cap1,max_block_share,0.0,0.0,0.0,500
0.05,2.0,none,0.7,20,score_cap1,minp_block_bh_cap1,mean_pairwise_tanimoto,-0.016037152051925675,-0.01821523859202863,-0.01384917853698136,500
0.05,2.0,none,0.7,20,score_cap1,block_by_cap1,true_hits,-2.378,-2.8961,-1.8879500000000002,500
0.05,2.0,none,0.7,20,score_cap1,block_by_cap1,fdp,-0.03445580693815988,-0.041642126696832586,-0.027589834087481155,500
0.05,2.0,none,0.7,20,score_cap1,block_by_cap1,fdp_exceeds_q,0.0,0.0,0.0,500
0.05,2.0,none,0.7,20,score_cap1,block_by_cap1,unique_blocks,-3.24,-3.7921,-2.718,500
0.05,2.0,none,0.7,20,score_cap1,block_by_cap1,max_block_share,-0.0002989819004524983,-0.0020280099924585315,0.001428900829562583,500
0.05,2.0,none,0.7,20,score_cap1,block_by_cap1,mean_pairwise_tanimoto,-0.026279137372970583,-0.03191466671153903,-0.020808499255031348,500
0.05,2.0,none,0.7,20,score_cap1,bh_cap1,true_hits,0.0,0.0,0.0,500
0.05,2.0,none,0.7,20,score_cap1,bh_cap1,fdp,0.0,0.0,0.0,500
0.05,2.0,none,0.7,20,score_cap1,bh_cap1,fdp_exceeds_q,0.0,0.0,0.0,500
0.05,2.0,none,0.7,20,score_cap1,bh_cap1,unique_blocks,0.0,0.0,0.0,500
0.05,2.0,none,0.7,20,score_cap1,bh_cap1,max_block_share,0.0,0.0,0.0,500
0.05,2.0,none,0.7,20,score_cap1,bh_cap1,mean_pairwise_tanimoto,0.0,0.0,0.0,500
0.05,2.0,none,0.7,20,score_cap1,weighted_bh,true_hits,0.428,0.36995,0.488,500
0.05,2.0,none,0.7,20,score_cap1,weighted_bh,fdp,-0.0214,-0.0243025,-0.018600000000000002,500
0.05,2.0,none,0.7,20,score_cap1,weighted_bh,fdp_exceeds_q,0.0,0.0,0.0,500
0.05,2.0,none,0.7,20,score_cap1,weighted_bh,unique_blocks,-0.814,-0.926,-0.7099500000000002,500
0.05,2.0,none,0.7,20,score_cap1,weighted_bh,max_block_share,0.020300000000000002,0.0181,0.0224,500
0.05,2.0,none,0.7,20,score_cap1,weighted_bh,mean_pairwise_tanimoto,-0.013241782605648057,-0.015284334869682803,-0.011290463336557168,500
0.05,2.0,none,0.7,30,score_cap1,chemdeprc_cap1,true_hits,0.068,-0.006,0.144,500
0.05,2.0,none,0.7,30,score_cap1,chemdeprc_cap1,fdp,-0.0022666666666666664,-0.004799999999999999,0.00019999999999999537,500
0.05,2.0,none,0.7,30,score_cap1,chemdeprc_cap1,fdp_exceeds_q,0.0,0.0,0.0,500
0.05,2.0,none,0.7,30,score_cap1,chemdeprc_cap1,unique_blocks,0.0,0.0,0.0,500
0.05,2.0,none,0.7,30,score_cap1,chemdeprc_cap1,max_block_share,0.0,0.0,0.0,500
0.05,2.0,none,0.7,30,score_cap1,chemdeprc_cap1,mean_pairwise_tanimoto,-0.0037819312810897757,-0.0049064290523528975,-0.0025856428682804054,500
0.05,2.0,none,0.7,30,score_cap1,chemdeprc_scorecap1,true_hits,0.0,0.0,0.0,500
0.05,2.0,none,0.7,30,score_cap1,chemdeprc_scorecap1,fdp,0.0,0.0,0.0,500
0.05,2.0,none,0.7,30,score_cap1,chemdeprc_scorecap1,fdp_exceeds_q,0.0,0.0,0.0,500
0.05,2.0,none,0.7,30,score_cap1,chemdeprc_scorecap1,unique_blocks,0.0,0.0,0.0,500
0.05,2.0,none,0.7,30,score_cap1,chemdeprc_scorecap1,max_block_share,0.0,0.0,0.0,500
0.05,2.0,none,0.7,30,score_cap1,chemdeprc_scorecap1,mean_pairwise_tanimoto,0.00022737631201743942,0.00015636727213859467,0.0003018651984632001,500
0.05,2.0,none,0.7,30,score_cap1,hier_bh_cap1,true_hits,0.068,-0.004049999999999997,0.142,500
0.05,2.0,none,0.7,30,score_cap1,hier_bh_cap1,fdp,-0.0022666666666666664,-0.004733333333333334,0.00033333333333332926,500
0.05,2.0,none,0.7,30,score_cap1,hier_bh_cap1,fdp_exceeds_q,0.0,0.0,0.0,500
0.05,2.0,none,0.7,30,score_cap1,hier_bh_cap1,unique_blocks,0.0,0.0,0.0,500
0.05,2.0,none,0.7,30,score_cap1,hier_bh_cap1,max_block_share,0.0,0.0,0.0,500
0.05,2.0,none,0.7,30,score_cap1,hier_bh_cap1,mean_pairwise_tanimoto,-0.0037819312810897757,-0.005015882492810479,-0.0026162042610347203,500
0.05,2.0,none,0.7,30,score_cap1,minp_block_bh_cap1,true_hits,-0.344,-0.46805,-0.22,500
0.05,2.0,none,0.7,30,score_cap1,minp_block_bh_cap1,fdp,0.011466666666666667,0.0071333333333333335,0.0154,500
0.05,2.0,none,0.7,30,score_cap1,minp_block_bh_cap1,fdp_exceeds_q,0.0,0.0,0.0,500
0.05,2.0,none,0.7,30,score_cap1,minp_block_bh_cap1,unique_blocks,0.0,0.0,0.0,500
0.05,2.0,none,0.7,30,score_cap1,minp_block_bh_cap1,max_block_share,0.0,0.0,0.0,500
0.05,2.0,none,0.7,30,score_cap1,minp_block_bh_cap1,mean_pairwise_tanimoto,-0.011779734194278729,-0.013443627990037217,-0.010040493126958622,500
0.05,2.0,none,0.7,30,score_cap1,block_by_cap1,true_hits,-4.818,-5.612,-4.084,500
0.05,2.0,none,0.7,30,score_cap1,block_by_cap1,fdp,-0.04180452488687783,-0.05301853402044579,-0.031073153175800235,500
0.05,2.0,none,0.7,30,score_cap1,block_by_cap1,fdp_exceeds_q,0.0,0.0,0.0,500
0.05,2.0,none,0.7,30,score_cap1,block_by_cap1,unique_blocks,-6.604,-7.51445,-5.754,500
0.05,2.0,none,0.7,30,score_cap1,block_by_cap1,max_block_share,0.0051625565610859715,0.0033555299983241164,0.007048517785319254,500
0.05,2.0,none,0.7,30,score_cap1,block_by_cap1,mean_pairwise_tanimoto,-0.018035758167505255,-0.02342054759338497,-0.012707489725202307,500
0.05,2.0,none,0.7,30,score_cap1,bh_cap1,true_hits,0.0,0.0,0.0,500
0.05,2.0,none,0.7,30,score_cap1,bh_cap1,fdp,0.0,0.0,0.0,500
0.05,2.0,none,0.7,30,score_cap1,bh_cap1,fdp_exceeds_q,0.0,0.0,0.0,500
0.05,2.0,none,0.7,30,score_cap1,bh_cap1,unique_blocks,0.0,0.0,0.0,500
0.05,2.0,none,0.7,30,score_cap1,bh_cap1,max_block_share,0.0,0.0,0.0,500
0.05,2.0,none,0.7,30,score_cap1,bh_cap1,mean_pairwise_tanimoto,0.0,0.0,0.0,500
0.05,2.0,none,0.7,30,score_cap1,weighted_bh,true_hits,-0.062,-0.19805,0.072,500
0.05,2.0,none,0.7,30,score_cap1,weighted_bh,fdp,0.0020666666666666646,-0.0023999999999999994,0.006333333333333334,500
0.05,2.0,none,0.7,30,score_cap1,weighted_bh,fdp_exceeds_q,0.0,0.0,0.0,500
0.05,2.0,none,0.7,30,score_cap1,weighted_bh,unique_blocks,-2.128,-2.288,-1.964,500
0.05,2.0,none,0.7,30,score_cap1,weighted_bh,max_block_share,0.031733333333333315,0.02966666666666665,0.03386666666666665,500
0.05,2.0,none,0.7,30,score_cap1,weighted_bh,mean_pairwise_tanimoto,-0.006982044070959099,-0.00878624398559333,-0.005247994422912604,500
0.05,2.0,none,0.7,50,score_cap1,chemdeprc_cap1,true_hits,0.052,-0.008,0.10804999999999973,500
0.05,2.0,none,0.7,50,score_cap1,chemdeprc_cap1,fdp,-0.0010399999999999984,-0.002239999999999999,0.00016000000000000131,500
0.05,2.0,none,0.7,50,score_cap1,chemdeprc_cap1,fdp_exceeds_q,0.0,0.0,0.0,500
0.05,2.0,none,0.7,50,score_cap1,chemdeprc_cap1,unique_blocks,0.0,0.0,0.0,500
0.05,2.0,none,0.7,50,score_cap1,chemdeprc_cap1,max_block_share,0.0,0.0,0.0,500
0.05,2.0,none,0.7,50,score_cap1,chemdeprc_cap1,mean_pairwise_tanimoto,-0.0005436162948608286,-0.000988908700644965,-0.00011703355386852066,500
0.05,2.0,none,0.7,50,score_cap1,chemdeprc_scorecap1,true_hits,-0.066,-0.088,-0.046,500
0.05,2.0,none,0.7,50,score_cap1,chemdeprc_scorecap1,fdp,0.001320000000000001,0.0008800000000000008,0.0017600000000000016,500
0.05,2.0,none,0.7,50,score_cap1,chemdeprc_scorecap1,fdp_exceeds_q,0.0,0.0,0.0,500
0.05,2.0,none,0.7,50,score_cap1,chemdeprc_scorecap1,unique_blocks,0.0,0.0,0.0,500
0.05,2.0,none,0.7,50,score_cap1,chemdeprc_scorecap1,max_block_share,0.0,0.0,0.0,500
0.05,2.0,none,0.7,50,score_cap1,chemdeprc_scorecap1,mean_pairwise_tanimoto,-1.397743821144043e-05,-5.1157742738722724e-05,2.229076996445658e-05,500
0.05,2.0,none,0.7,50,score_cap1,hier_bh_cap1,true_hits,0.052,-0.006,0.108,500
0.05,2.0,none,0.7,50,score_cap1,hier_bh_cap1,fdp,-0.0010399999999999984,-0.002160999999999999,0.0001200000000000011,500
0.05,2.0,none,0.7,50,score_cap1,hier_bh_cap1,fdp_exceeds_q,0.0,0.0,0.0,500
0.05,2.0,none,0.7,50,score_cap1,hier_bh_cap1,unique_blocks,0.0,0.0,0.0,500
0.05,2.0,none,0.7,50,score_cap1,hier_bh_cap1,max_block_share,0.0,0.0,0.0,500
0.05,2.0,none,0.7,50,score_cap1,hier_bh_cap1,mean_pairwise_tanimoto,-0.0005436162948608286,-0.0009760441929101836,-0.00012423167526720664,500
0.05,2.0,none,0.7,50,score_cap1,minp_block_bh_cap1,true_hits,-0.594,-0.702,-0.478,500
0.05,2.0,none,0.7,50,score_cap1,minp_block_bh_cap1,fdp,0.011879999999999998,0.00968,0.013960999999999994,500
0.05,2.0,none,0.7,50,score_cap1,minp_block_bh_cap1,fdp_exceeds_q,0.0,0.0,0.0,500
0.05,2.0,none,0.7,50,score_cap1,minp_block_bh_cap1,unique_blocks,0.0,0.0,0.0,500
0.05,2.0,none,0.7,50,score_cap1,minp_block_bh_cap1,max_block_share,0.0,0.0,0.0,500
0.05,2.0,none,0.7,50,score_cap1,minp_block_bh_cap1,mean_pairwise_tanimoto,-0.008538934826850891,-0.010018808730691676,-0.007120401746034621,500
0.05,2.0,none,0.7,50,score_cap1,block_by_cap1,true_hits,-11.048,-12.33405,-9.8659,500
0.05,2.0,none,0.7,50,score_cap1,block_by_cap1,fdp,-0.07542136089400796,-0.08890826431166873,-0.06238334697655287,500
0.05,2.0,none,0.7,50,score_cap1,block_by_cap1,fdp_exceeds_q,0.0,0.0,0.0,500
0.05,2.0,none,0.7,50,score_cap1,block_by_cap1,unique_blocks,-16.362,-17.9441,-14.778,500
0.05,2.0,none,0.7,50,score_cap1,block_by_cap1,max_block_share,0.011581339983545848,0.00951215381949204,0.01361830739712356,500
0.05,2.0,none,0.7,50,score_cap1,block_by_cap1,mean_pairwise_tanimoto,-0.008906193703412993,-0.013900876735150797,-0.004465070973336683,500
0.05,2.0,none,0.7,50,score_cap1,bh_cap1,true_hits,0.0,0.0,0.0,500
0.05,2.0,none,0.7,50,score_cap1,bh_cap1,fdp,0.0,0.0,0.0,500
0.05,2.0,none,0.7,50,score_cap1,bh_cap1,fdp_exceeds_q,0.0,0.0,0.0,500
0.05,2.0,none,0.7,50,score_cap1,bh_cap1,unique_blocks,0.0,0.0,0.0,500
0.05,2.0,none,0.7,50,score_cap1,bh_cap1,max_block_share,0.0,0.0,0.0,500
0.05,2.0,none,0.7,50,score_cap1,bh_cap1,mean_pairwise_tanimoto,0.0,0.0,0.0,500
0.05,2.0,none,0.7,50,score_cap1,weighted_bh,true_hits,0.488,0.30995,0.68,500
0.05,2.0,none,0.7,50,score_cap1,weighted_bh,fdp,-0.009759999999999998,-0.013401999999999999,-0.006079999999999999,500
0.05,2.0,none,0.7,50,score_cap1,weighted_bh,fdp_exceeds_q,0.0,0.0,0.0,500
0.05,2.0,none,0.7,50,score_cap1,weighted_bh,unique_blocks,-6.648,-7.092,-6.20995,500
0.05,2.0,none,0.7,50,score_cap1,weighted_bh,max_block_share,0.0482,0.04528,0.051320000000000005,500
0.05,2.0,none,0.7,50,score_cap1,weighted_bh,mean_pairwise_tanimoto,-0.0011302877962589251,-0.0031346001237630827,0.0008286402665078655,500
0.05,2.0,none,0.7,75,score_cap1,chemdeprc_cap1,true_hits,-0.026,-0.118,0.056,500
0.05,2.0,none,0.7,75,score_cap1,chemdeprc_cap1,fdp,-0.0024435060737003065,-0.003945583170872236,-0.0010372471517269793,500
0.05,2.0,none,0.7,75,score_cap1,chemdeprc_cap1,fdp_exceeds_q,-0.08,-0.104,-0.056,500
0.05,2.0,none,0.7,75,score_cap1,chemdeprc_cap1,unique_blocks,-0.666,-0.878,-0.472,500
0.05,2.0,none,0.7,75,score_cap1,chemdeprc_cap1,max_block_share,0.00013422183573066746,9.035581107743846e-05,0.00017776543179210606,500
0.05,2.0,none,0.7,75,score_cap1,chemdeprc_cap1,mean_pairwise_tanimoto,0.0001826209127903136,2.433290481569348e-05,0.0003455399893224348,500
0.05,2.0,none,0.7,75,score_cap1,chemdeprc_scorecap1,true_hits,0.166,0.12395,0.212,500
0.05,2.0,none,0.7,75,score_cap1,chemdeprc_scorecap1,fdp,-0.005003506073700302,-0.005953701561870549,-0.004060923315113233,500
0.05,2.0,none,0.7,75,score_cap1,chemdeprc_scorecap1,fdp_exceeds_q,-0.08,-0.104,-0.058,500
0.05,2.0,none,0.7,75,score_cap1,chemdeprc_scorecap1,unique_blocks,-0.666,-0.87005,-0.476,500
0.05,2.0,none,0.7,75,score_cap1,chemdeprc_scorecap1,max_block_share,0.00013422183573066746,9.516200307758966e-05,0.00017798979284681883,500
0.05,2.0,none,0.7,75,score_cap1,chemdeprc_scorecap1,mean_pairwise_tanimoto,0.0004843872785568229,0.0003599660590291018,0.0006109197407960878,500
0.05,2.0,none,0.7,75,score_cap1,hier_bh_cap1,true_hits,-0.026,-0.112,0.062,500
0.05,2.0,none,0.7,75,score_cap1,hier_bh_cap1,fdp,-0.0024435060737003065,-0.0038346516267698727,-0.0010800454152078457,500
0.05,2.0,none,0.7,75,score_cap1,hier_bh_cap1,fdp_exceeds_q,-0.08,-0.104,-0.056,500
0.05,2.0,none,0.7,75,score_cap1,hier_bh_cap1,unique_blocks,-0.666,-0.85005,-0.464,500
0.05,2.0,none,0.7,75,score_cap1,hier_bh_cap1,max_block_share,0.00013422183573066746,9.661685405986945e-05,0.00017765479327163985,500
0.05,2.0,none,0.7,75,score_cap1,hier_bh_cap1,mean_pairwise_tanimoto,0.0001826209127903136,3.165168985725857e-05,0.000343336987495435,500
0.05,2.0,none,0.7,75,score_cap1,minp_block_bh_cap1,true_hits,-0.974,-1.092,-0.8539500000000002,500
0.05,2.0,none,0.7,75,score_cap1,minp_block_bh_cap1,fdp,-0.0009857299032344597,-0.00397096021872507,0.0018311506257762363,500
0.05,2.0,none,0.7,75,score_cap1,minp_block_bh_cap1,fdp_exceeds_q,-0.1,-0.128,-0.072,500
0.05,2.0,none,0.7,75,score_cap1,minp_block_bh_cap1,unique_blocks,-2.302,-2.732,-1.8839500000000002,500
0.05,2.0,none,0.7,75,score_cap1,minp_block_bh_cap1,max_block_share,0.0004945499550458997,0.0004010730634837594,0.0005859027419766483,500
0.05,2.0,none,0.7,75,score_cap1,minp_block_bh_cap1,mean_pairwise_tanimoto,-0.0022494527101516617,-0.002675843346863969,-0.0018031876154243856,500
0.05,2.0,none,0.7,75,score_cap1,block_by_cap1,true_hits,-19.214,-20.922150000000002,-17.4798,500
0.05,2.0,none,0.7,75,score_cap1,block_by_cap1,fdp,-0.12153065856555915,-0.1382266551307556,-0.10590013355098982,500
0.05,2.0,none,0.7,75,score_cap1,block_by_cap1,fdp_exceeds_q,-0.1,-0.12405,-0.074,500
0.05,2.0,none,0.7,75,score_cap1,block_by_cap1,unique_blocks,-31.448,-33.92025,-29.055650000000004,500
0.05,2.0,none,0.7,75,score_cap1,block_by_cap1,max_block_share,0.015523987112108483,0.013262026833062145,0.01768400207320143,500
0.05,2.0,none,0.7,75,score_cap1,block_by_cap1,mean_pairwise_tanimoto,0.0016129112839699076,-0.0035989082001149425,0.0066826257780194485,500
0.05,2.0,none,0.7,75,score_cap1,bh_cap1,true_hits,-0.006,-0.012,0.0,500
0.05,2.0,none,0.7,75,score_cap1,bh_cap1,fdp,-0.0004482397252768804,-0.0008070809401144297,-0.00014907578249707216,500
0.05,2.0,none,0.7,75,score_cap1,bh_cap1,fdp_exceeds_q,-0.014,-0.026,-0.004,500
0.05,2.0,none,0.7,75,score_cap1,bh_cap1,unique_blocks,-0.126,-0.234,-0.042,500
0.05,2.0,none,0.7,75,score_cap1,bh_cap1,max_block_share,2.6013015864873407e-05,6.849672873926273e-06,4.959850709044079e-05,500
0.05,2.0,none,0.7,75,score_cap1,bh_cap1,mean_pairwise_tanimoto,7.368236780166515e-06,-1.6829594969725165e-07,1.8929535895585453e-05,500
0.05,2.0,none,0.7,75,score_cap1,weighted_bh,true_hits,2.894,2.47995,3.29005,500
0.05,2.0,none,0.7,75,score_cap1,weighted_bh,fdp,-0.038586666666666665,-0.044346666666666666,-0.033706,500
0.05,2.0,none,0.7,75,score_cap1,weighted_bh,fdp_exceeds_q,-0.048,-0.068,-0.03,500
0.05,2.0,none,0.7,75,score_cap1,weighted_bh,unique_blocks,-15.266,-15.74205,-14.75985,500
0.05,2.0,none,0.7,75,score_cap1,weighted_bh,max_block_share,0.047520000000000014,0.04554666666666668,0.049680000000000016,500
0.05,2.0,none,0.7,75,score_cap1,weighted_bh,mean_pairwise_tanimoto,0.017182233631610887,0.015952777153253574,0.01840261920616032,500
0.05,3.0,none,0.7,100,score_cap1,chemdeprc_cap1,true_hits,-1.558,-1.716,-1.4,500
0.05,3.0,none,0.7,100,score_cap1,chemdeprc_cap1,fdp,-0.005234644332778193,-0.00770277021661557,-0.0027131150249276046,500
0.05,3.0,none,0.7,100,score_cap1,chemdeprc_cap1,fdp_exceeds_q,-0.062,-0.082,-0.04,500
0.05,3.0,none,0.7,100,score_cap1,chemdeprc_cap1,unique_blocks,-4.876,-5.7782,-3.964,500
0.05,3.0,none,0.7,100,score_cap1,chemdeprc_cap1,max_block_share,0.0006599650916589727,0.000534347245889901,0.0007860912714744122,500
0.05,3.0,none,0.7,100,score_cap1,chemdeprc_cap1,mean_pairwise_tanimoto,0.0013048698902130011,0.0009898035950958622,0.0016540420591831101,500
0.05,3.0,none,0.7,100,score_cap1,chemdeprc_scorecap1,true_hits,-1.22,-1.388,-1.062,500
0.05,3.0,none,0.7,100,score_cap1,chemdeprc_scorecap1,fdp,-0.008614644332778195,-0.010981364926441759,-0.006293988877158208,500
0.05,3.0,none,0.7,100,score_cap1,chemdeprc_scorecap1,fdp_exceeds_q,-0.062,-0.084,-0.042,500
0.05,3.0,none,0.7,100,score_cap1,chemdeprc_scorecap1,unique_blocks,-4.876,-5.74205,-4.0339,500
0.05,3.0,none,0.7,100,score_cap1,chemdeprc_scorecap1,max_block_share,0.0006599650916589727,0.0005421504891519459,0.0007816236920460939,500
0.05,3.0,none,0.7,100,score_cap1,chemdeprc_scorecap1,mean_pairwise_tanimoto,0.0015790202319622023,0.0012810150161385514,0.0018944921202957614,500
0.05,3.0,none,0.7,100,score_cap1,hier_bh_cap1,true_hits,-1.558,-1.714,-1.4099500000000003,500
0.05,3.0,none,0.7,100,score_cap1,hier_bh_cap1,fdp,-0.005234644332778193,-0.007691741382127974,-0.0026999617548109623,500
0.05,3.0,none,0.7,100,score_cap1,hier_bh_cap1,fdp_exceeds_q,-0.062,-0.084,-0.042,500
0.05,3.0,none,0.7,100,score_cap1,hier_bh_cap1,unique_blocks,-4.876,-5.744149999999999,-3.9839000000000007,500
0.05,3.0,none,0.7,100,score_cap1,hier_bh_cap1,max_block_share,0.0006599650916589727,0.0005449638281775634,0.0007825917323308199,500
0.05,3.0,none,0.7,100,score_cap1,hier_bh_cap1,mean_pairwise_tanimoto,0.0013048698902130011,0.0009784294590353862,0.001647448594123114,500
0.05,3.0,none,0.7,100,score_cap1,minp_block_bh_cap1,true_hits,-2.662,-2.884,-2.432,500
0.05,3.0,none,0.7,100,score_cap1,minp_block_bh_cap1,fdp,-0.01065252888535051,-0.015071530003943035,-0.006591184202351595,500
0.05,3.0,none,0.7,100,score_cap1,minp_block_bh_cap1,fdp_exceeds_q,-0.1,-0.126,-0.074,500
0.05,3.0,none,0.7,100,score_cap1,minp_block_bh_cap1,unique_blocks,-7.424,-8.59605,-6.25395,500
0.05,3.0,none,0.7,100,score_cap1,minp_block_bh_cap1,max_block_share,0.0011092490720061021,0.0009303787773640154,0.0012895932195178263,500
0.05,3.0,none,0.7,100,score_cap1,minp_block_bh_cap1,mean_pairwise_tanimoto,0.0016705618798732703,0.001176249029487368,0.002165434851497406,500
0.05,3.0,none,0.7,100,score_cap1,block_by_cap1,true_hits,-28.9,-30.946350000000002,-26.871950000000002,500
0.05,3.0,none,0.7,100,score_cap1,block_by_cap1,fdp,-0.18486905008423454,-0.19848425817131748,-0.17154489352697636,500
0.05,3.0,none,0.7,100,score_cap1,block_by_cap1,fdp_exceeds_q,-0.1,-0.128,-0.074,500
0.05,3.0,none,0.7,100,score_cap1,block_by_cap1,unique_blocks,-53.218,-55.830149999999996,-50.55185,500
0.05,3.0,none,0.7,100,score_cap1,block_by_cap1,max_block_share,0.017474308151964373,0.0154294821382096,0.019672357864465608,500
0.05,3.0,none,0.7,100,score_cap1,block_by_cap1,mean_pairwise_tanimoto,0.014713332742452631,0.009194482489675289,0.020186895618587736,500
0.05,3.0,none,0.7,100,score_cap1,bh_cap1,true_hits,-0.53,-0.636,-0.42395000000000027,500
0.05,3.0,none,0.7,100,score_cap1,bh_cap1,fdp,-0.0042557468167302905,-0.005241883187436441,-0.003275073653402705,500
0.05,3.0,none,0.7,100,score_cap1,bh_cap1,fdp_exceeds_q,-0.002,-0.006,0.0,500
0.05,3.0,none,0.7,100,score_cap1,bh_cap1,unique_blocks,-2.232,-2.70405,-1.7799500000000004,500
0.05,3.0,none,0.7,100,score_cap1,bh_cap1,max_block_share,0.000263297868767611,0.00020760404021341803,0.0003230531385383898,500
0.05,3.0,none,0.7,100,score_cap1,bh_cap1,mean_pairwise_tanimoto,0.000872866719961168,0.0006915822617709654,0.0010709957137703908,500
0.05,3.0,none,0.7,100,score_cap1,weighted_bh,true_hits,8.962,8.24995,9.7241,500
0.05,3.0,none,0.7,100,score_cap1,weighted_bh,fdp,-0.09004222948141093,-0.09741528510275639,-0.08293292126166882,500
0.05,3.0,none,0.7,100,score_cap1,weighted_bh,fdp_exceeds_q,0.0,0.0,0.0,500
0.05,3.0,none,0.7,100,score_cap1,weighted_bh,unique_blocks,-26.07,-26.7361,-25.376,500
0.05,3.0,none,0.7,100,score_cap1,weighted_bh,max_block_share,0.051855126800354305,0.050186830587145334,0.05355107484271105,500
0.05,3.0,none,0.7,100,score_cap1,weighted_bh,mean_pairwise_tanimoto,0.022291609764099128,0.020749949762225158,0.023903084017336373,500
0.05,3.0,none,0.7,20,score_cap1,chemdeprc_cap1,true_hits,0.178,0.134,0.224,500
0.05,3.0,none,0.7,20,score_cap1,chemdeprc_cap1,fdp,-0.008900000000000002,-0.011100000000000004,-0.0066000000000000026,500
0.05,3.0,none,0.7,20,score_cap1,chemdeprc_cap1,fdp_exceeds_q,0.0,0.0,0.0,500
0.05,3.0,none,0.7,20,score_cap1,chemdeprc_cap1,unique_blocks,0.0,0.0,0.0,500
0.05,3.0,none,0.7,20,score_cap1,chemdeprc_cap1,max_block_share,0.0,0.0,0.0,500
0.05,3.0,none,0.7,20,score_cap1,chemdeprc_cap1,mean_pairwise_tanimoto,-0.007934381365776058,-0.00960278519839048,-0.006280124410241841,500
0.05,3.0,none,0.7,20,score_cap1,chemdeprc_scorecap1,true_hits,0.0,0.0,0.0,500
0.05,3.0,none,0.7,20,score_cap1,chemdeprc_scorecap1,fdp,0.0,0.0,0.0,500
0.05,3.0,none,0.7,20,score_cap1,chemdeprc_scorecap1,fdp_exceeds_q,0.0,0.0,0.0,500
0.05,3.0,none,0.7,20,score_cap1,chemdeprc_scorecap1,unique_blocks,0.0,0.0,0.0,500
0.05,3.0,none,0.7,20,score_cap1,chemdeprc_scorecap1,max_block_share,0.0,0.0,0.0,500
0.05,3.0,none,0.7,20,score_cap1,chemdeprc_scorecap1,mean_pairwise_tanimoto,0.0,0.0,0.0,500
0.05,3.0,none,0.7,20,score_cap1,hier_bh_cap1,true_hits,0.178,0.132,0.222,500
0.05,3.0,none,0.7,20,score_cap1,hier_bh_cap1,fdp,-0.008900000000000002,-0.011300000000000003,-0.0066000000000000026,500
0.05,3.0,none,0.7,20,score_cap1,hier_bh_cap1,fdp_exceeds_q,0.0,0.0,0.0,500
0.05,3.0,none,0.7,20,score_cap1,hier_bh_cap1,unique_blocks,0.0,0.0,0.0,500
0.05,3.0,none,0.7,20,score_cap1,hier_bh_cap1,max_block_share,0.0,0.0,0.0,500
0.05,3.0,none,0.7,20,score_cap1,hier_bh_cap1,mean_pairwise_tanimoto,-0.007934381365776058,-0.009708411587774751,-0.006363500835746526,500
0.05,3.0,none,0.7,20,score_cap1,minp_block_bh_cap1,true_hits,0.346,0.28,0.414,500
0.05,3.0,none,0.7,20,score_cap1,minp_block_bh_cap1,fdp,-0.017300000000000003,-0.020900000000000002,-0.014097500000000015,500
0.05,3.0,none,0.7,20,score_cap1,minp_block_bh_cap1,fdp_exceeds_q,0.0,0.0,0.0,500
0.05,3.0,none,0.7,20,score_cap1,minp_block_bh_cap1,unique_blocks,0.0,0.0,0.0,500
0.05,3.0,none,0.7,20,score_cap1,minp_block_bh_cap1,max_block_share,0.0,0.0,0.0,500
0.05,3.0,none,0.7,20,score_cap1,minp_block_bh_cap1,mean_pairwise_tanimoto,-0.014424338459968574,-0.01652911482527853,-0.012224865227192652,500
0.05,3.0,none,0.7,20,score_cap1,block_by_cap1,true_hits,-2.234,-2.74805,-1.75,500
0.05,3.0,none,0.7,20,score_cap1,block_by_cap1,fdp,-0.03245339366515837,-0.03909537330316743,-0.026497537707390655,500
0.05,3.0,none,0.7,20,score_cap1,block_by_cap1,fdp_exceeds_q,0.0,0.0,0.0,500
0.05,3.0,none,0.7,20,score_cap1,block_by_cap1,unique_blocks,-3.068,-3.608,-2.56795,500
0.05,3.0,none,0.7,20,score_cap1,block_by_cap1,max_block_share,-0.0011487556561086054,-0.0027205608974359063,0.00041684420563095994,500
0.05,3.0,none,0.7,20,score_cap1,block_by_cap1,mean_pairwise_tanimoto,-0.02501211386919021,-0.03057817446291446,-0.019588402327150096,500
0.05,3.0,none,0.7,20,score_cap1,bh_cap1,true_hits,0.0,0.0,0.0,500
0.05,3.0,none,0.7,20,score_cap1,bh_cap1,fdp,0.0,0.0,0.0,500
0.05,3.0,none,0.7,20,score_cap1,bh_cap1,fdp_exceeds_q,0.0,0.0,0.0,500
0.05,3.0,none,0.7,20,score_cap1,bh_cap1,unique_blocks,0.0,0.0,0.0,500
0.05,3.0,none,0.7,20,score_cap1,bh_cap1,max_block_share,0.0,0.0,0.0,500
0.05,3.0,none,0.7,20,score_cap1,bh_cap1,mean_pairwise_tanimoto,0.0,0.0,0.0,500
0.05,3.0,none,0.7,20,score_cap1,weighted_bh,true_hits,0.47,0.402,0.532,500
0.05,3.0,none,0.7,20,score_cap1,weighted_bh,fdp,-0.0235,-0.027,-0.020200000000000003,500
0.05,3.0,none,0.7,20,score_cap1,weighted_bh,fdp_exceeds_q,0.0,0.0,0.0,500
0.05,3.0,none,0.7,20,score_cap1,weighted_bh,unique_blocks,-0.884,-0.998,-0.7719500000000002,500
0.05,3.0,none,0.7,20,score_cap1,weighted_bh,max_block_share,0.0216,0.0193,0.024,500
0.05,3.0,none,0.7,20,score_cap1,weighted_bh,mean_pairwise_tanimoto,-0.010639718353748332,-0.012531412340700633,-0.008643477545678627,500
0.05,3.0,none,0.7,30,score_cap1,chemdeprc_cap1,true_hits,0.138,0.062,0.2100499999999997,500
0.05,3.0,none,0.7,30,score_cap1,chemdeprc_cap1,fdp,-0.004600000000000001,-0.006935000000000004,-0.002066666666666671,500
0.05,3.0,none,0.7,30,score_cap1,chemdeprc_cap1,fdp_exceeds_q,0.0,0.0,0.0,500
0.05,3.0,none,0.7,30,score_cap1,chemdeprc_cap1,unique_blocks,0.0,0.0,0.0,500
0.05,3.0,none,0.7,30,score_cap1,chemdeprc_cap1,max_block_share,0.0,0.0,0.0,500
0.05,3.0,none,0.7,30,score_cap1,chemdeprc_cap1,mean_pairwise_tanimoto,-0.003507588624954218,-0.004705285051465029,-0.002345038887858386,500
0.05,3.0,none,0.7,30,score_cap1,chemdeprc_scorecap1,true_hits,0.0,0.0,0.0,500
0.05,3.0,none,0.7,30,score_cap1,chemdeprc_scorecap1,fdp,0.0,0.0,0.0,500
0.05,3.0,none,0.7,30,score_cap1,chemdeprc_scorecap1,fdp_exceeds_q,0.0,0.0,0.0,500
0.05,3.0,none,0.7,30,score_cap1,chemdeprc_scorecap1,unique_blocks,0.0,0.0,0.0,500
0.05,3.0,none,0.7,30,score_cap1,chemdeprc_scorecap1,max_block_share,0.0,0.0,0.0,500
0.05,3.0,none,0.7,30,score_cap1,chemdeprc_scorecap1,mean_pairwise_tanimoto,0.00018372622132301276,0.00012347980514168733,0.0002546402618288991,500
0.05,3.0,none,0.7,30,score_cap1,hier_bh_cap1,true_hits,0.138,0.066,0.2100499999999997,500
0.05,3.0,none,0.7,30,score_cap1,hier_bh_cap1,fdp,-0.004600000000000001,-0.007199999999999997,-0.0021333333333333347,500
0.05,3.0,none,0.7,30,score_cap1,hier_bh_cap1,fdp_exceeds_q,0.0,0.0,0.0,500
0.05,3.0,none,0.7,30,score_cap1,hier_bh_cap1,unique_blocks,0.0,0.0,0.0,500
0.05,3.0,none,0.7,30,score_cap1,hier_bh_cap1,max_block_share,0.0,0.0,0.0,500
0.05,3.0,none,0.7,30,score_cap1,hier_bh_cap1,mean_pairwise_tanimoto,-0.003507588624954218,-0.004648182038217779,-0.0023575748942792373,500
0.05,3.0,none,0.7,30,score_cap1,minp_block_bh_cap1,true_hits,-0.258,-0.386,-0.134,500
0.05,3.0,none,0.7,30,score_cap1,minp_block_bh_cap1,fdp,0.008599999999999998,0.0044666666666666665,0.012799999999999999,500
0.05,3.0,none,0.7,30,score_cap1,minp_block_bh_cap1,fdp_exceeds_q,0.0,0.0,0.0,500
0.05,3.0,none,0.7,30,score_cap1,minp_block_bh_cap1,unique_blocks,0.0,0.0,0.0,500
0.05,3.0,none,0.7,30,score_cap1,minp_block_bh_cap1,max_block_share,0.0,0.0,0.0,500
0.05,3.0,none,0.7,30,score_cap1,minp_block_bh_cap1,mean_pairwise_tanimoto,-0.011365548521280302,-0.013030483034998187,-0.009692424181848775,500
0.05,3.0,none,0.7,30,score_cap1,block_by_cap1,true_hits,-4.682,-5.43805,-3.95995,500
0.05,3.0,none,0.7,30,score_cap1,block_by_cap1,fdp,-0.036927549139313856,-0.04643271708683473,-0.02802088773971128,500
0.05,3.0,none,0.7,30,score_cap1,block_by_cap1,fdp_exceeds_q,0.0,0.0,0.0,500
0.05,3.0,none,0.7,30,score_cap1,block_by_cap1,unique_blocks,-6.412,-7.3121,-5.57995,500
0.05,3.0,none,0.7,30,score_cap1,block_by_cap1,max_block_share,0.004284903277550338,0.002615348404318995,0.0059818757331992645,500
0.05,3.0,none,0.7,30,score_cap1,block_by_cap1,mean_pairwise_tanimoto,-0.017908123791217794,-0.023744309422373756,-0.01252338482066988,500
0.05,3.0,none,0.7,30,score_cap1,bh_cap1,true_hits,0.0,0.0,0.0,500
0.05,3.0,none,0.7,30,score_cap1,bh_cap1,fdp,0.0,0.0,0.0,500
0.05,3.0,none,0.7,30,score_cap1,bh_cap1,fdp_exceeds_q,0.0,0.0,0.0,500
0.05,3.0,none,0.7,30,score_cap1,bh_cap1,unique_blocks,0.0,0.0,0.0,500
0.05,3.0,none,0.7,30,score_cap1,bh_cap1,max_block_share,0.0,0.0,0.0,500
0.05,3.0,none,0.7,30,score_cap1,bh_cap1,mean_pairwise_tanimoto,0.0,0.0,0.0,500
0.05,3.0,none,0.7,30,score_cap1,weighted_bh,true_hits,-0.066,-0.20205,0.066,500
0.05,3.0,none,0.7,30,score_cap1,weighted_bh,fdp,0.002199999999999996,-0.002201666666666669,0.006999999999999999,500
0.05,3.0,none,0.7,30,score_cap1,weighted_bh,fdp_exceeds_q,0.0,0.0,0.0,500
0.05,3.0,none,0.7,30,score_cap1,weighted_bh,unique_blocks,-2.244,-2.428,-2.064,500
0.05,3.0,none,0.7,30,score_cap1,weighted_bh,max_block_share,0.03279999999999998,0.03059999999999999,0.035266666666666655,500
0.05,3.0,none,0.7,30,score_cap1,weighted_bh,mean_pairwise_tanimoto,-0.0067598616778850665,-0.008550352745503201,-0.004973771855980169,500
0.05,3.0,none,0.7,50,score_cap1,chemdeprc_cap1,true_hits,0.14,0.074,0.208,500
0.05,3.0,none,0.7,50,score_cap1,chemdeprc_cap1,fdp,-0.002799999999999999,-0.00416,-0.0015599999999999993,500
0.05,3.0,none,0.7,50,score_cap1,chemdeprc_cap1,fdp_exceeds_q,0.0,0.0,0.0,500
0.05,3.0,none,0.7,50,score_cap1,chemdeprc_cap1,unique_blocks,0.0,0.0,0.0,500
0.05,3.0,none,0.7,50,score_cap1,chemdeprc_cap1,max_block_share,0.0,0.0,0.0,500
0.05,3.0,none,0.7,50,score_cap1,chemdeprc_cap1,mean_pairwise_tanimoto,-2.1704792976372677e-05,-0.00044550494179128856,0.00041981468424201956,500
0.05,3.0,none,0.7,50,score_cap1,chemdeprc_scorecap1,true_hits,-0.03,-0.046,-0.016,500
0.05,3.0,none,0.7,50,score_cap1,chemdeprc_scorecap1,fdp,0.0006000000000000005,0.0002800000000000004,0.0009600000000000009,500
0.05,3.0,none,0.7,50,score_cap1,chemdeprc_scorecap1,fdp_exceeds_q,0.0,0.0,0.0,500
0.05,3.0,none,0.7,50,score_cap1,chemdeprc_scorecap1,unique_blocks,0.0,0.0,0.0,500
0.05,3.0,none,0.7,50,score_cap1,chemdeprc_scorecap1,max_block_share,0.0,0.0,0.0,500
0.05,3.0,none,0.7,50,score_cap1,chemdeprc_scorecap1,mean_pairwise_tanimoto,2.3750692605972677e-05,-9.399227797983953e-06,5.825449526309996e-05,500
0.05,3.0,none,0.7,50,score_cap1,hier_bh_cap1,true_hits,0.14,0.074,0.206,500
0.05,3.0,none,0.7,50,score_cap1,hier_bh_cap1,fdp,-0.002799999999999999,-0.00408,-0.0015190000000000043,500
0.05,3.0,none,0.7,50,score_cap1,hier_bh_cap1,fdp_exceeds_q,0.0,0.0,0.0,500
0.05,3.0,none,0.7,50,score_cap1,hier_bh_cap1,unique_blocks,0.0,0.0,0.0,500
0.05,3.0,none,0.7,50,score_cap1,hier_bh_cap1,max_block_share,0.0,0.0,0.0,500
0.05,3.0,none,0.7,50,score_cap1,hier_bh_cap1,mean_pairwise_tanimoto,-2.1704792976372677e-05,-0.00045851874873041593,0.00041071313545108454,500
0.05,3.0,none,0.7,50,score_cap1,minp_block_bh_cap1,true_hits,-0.536,-0.666,-0.406,500
0.05,3.0,none,0.7,50,score_cap1,minp_block_bh_cap1,fdp,0.01072,0.00828,0.01312,500
0.05,3.0,none,0.7,50,score_cap1,minp_block_bh_cap1,fdp_exceeds_q,0.0,0.0,0.0,500
0.05,3.0,none,0.7,50,score_cap1,minp_block_bh_cap1,unique_blocks,0.0,0.0,0.0,500
0.05,3.0,none,0.7,50,score_cap1,minp_block_bh_cap1,max_block_share,0.0,0.0,0.0,500
0.05,3.0,none,0.7,50,score_cap1,minp_block_bh_cap1,mean_pairwise_tanimoto,-0.008110436528921133,-0.009596305199712524,-0.006694135417789226,500
0.05,3.0,none,0.7,50,score_cap1,block_by_cap1,true_hits,-10.786,-12.08025,-9.517500000000004,500
0.05,3.0,none,0.7,50,score_cap1,block_by_cap1,fdp,-0.07060541455820869,-0.08291721709907741,-0.0592355326789224,500
0.05,3.0,none,0.7,50,score_cap1,block_by_cap1,fdp_exceeds_q,0.0,0.0,0.0,500
0.05,3.0,none,0.7,50,score_cap1,block_by_cap1,unique_blocks,-16.136,-17.5641,-14.52595,500
0.05,3.0,none,0.7,50,score_cap1,block_by_cap1,max_block_share,0.010672046771311462,0.008724946674648867,0.012553210916942517,500
0.05,3.0,none,0.7,50,score_cap1,block_by_cap1,mean_pairwise_tanimoto,-0.00923304599523543,-0.014199900165945271,-0.004506285666674364,500
0.05,3.0,none,0.7,50,score_cap1,bh_cap1,true_hits,0.0,0.0,0.0,500
0.05,3.0,none,0.7,50,score_cap1,bh_cap1,fdp,0.0,0.0,0.0,500
0.05,3.0,none,0.7,50,score_cap1,bh_cap1,fdp_exceeds_q,0.0,0.0,0.0,500
0.05,3.0,none,0.7,50,score_cap1,bh_cap1,unique_blocks,0.0,0.0,0.0,500
0.05,3.0,none,0.7,50,score_cap1,bh_cap1,max_block_share,0.0,0.0,0.0,500
0.05,3.0,none,0.7,50,score_cap1,bh_cap1,mean_pairwise_tanimoto,0.0,0.0,0.0,500
0.05,3.0,none,0.7,50,score_cap1,weighted_bh,true_hits,0.41,0.22,0.596,500
0.05,3.0,none,0.7,50,score_cap1,weighted_bh,fdp,-0.008199999999999999,-0.012080999999999998,-0.003999999999999999,500
0.05,3.0,none,0.7,50,score_cap1,weighted_bh,fdp_exceeds_q,0.0,0.0,0.0,500
0.05,3.0,none,0.7,50,score_cap1,weighted_bh,unique_blocks,-7.086,-7.55605,-6.628,500
0.05,3.0,none,0.7,50,score_cap1,weighted_bh,max_block_share,0.05036,0.047,0.05372,500
0.05,3.0,none,0.7,50,score_cap1,weighted_bh,mean_pairwise_tanimoto,-0.000607558220624921,-0.0026260770060122017,0.0013824064433574713,500
0.05,3.0,none,0.7,75,score_cap1,chemdeprc_cap1,true_hits,0.016,-0.06605,0.1,500
0.05,3.0,none,0.7,75,score_cap1,chemdeprc_cap1,fdp,-0.0021006661191197715,-0.0034902794046843583,-0.0008123277445788152,500
0.05,3.0,none,0.7,75,score_cap1,chemdeprc_cap1,fdp_exceeds_q,-0.062,-0.084,-0.042,500
0.05,3.0,none,0.7,75,score_cap1,chemdeprc_cap1,unique_blocks,-0.456,-0.614,-0.31,500
0.05,3.0,none,0.7,75,score_cap1,chemdeprc_cap1,max_block_share,9.013924683980242e-05,6.028094820017403e-05,0.00012392506631925506,500
0.05,3.0,none,0.7,75,score_cap1,chemdeprc_cap1,mean_pairwise_tanimoto,0.00031784096360207894,0.00013407669663430776,0.0005021271988749598,500
0.05,3.0,none,0.7,75,score_cap1,chemdeprc_scorecap1,true_hits,0.188,0.146,0.232,500
0.05,3.0,none,0.7,75,score_cap1,chemdeprc_scorecap1,fdp,-0.004393999452453099,-0.005238724739679206,-0.0035994649050761344,500
0.05,3.0,none,0.7,75,score_cap1,chemdeprc_scorecap1,fdp_exceeds_q,-0.062,-0.084,-0.042,500
0.05,3.0,none,0.7,75,score_cap1,chemdeprc_scorecap1,unique_blocks,-0.456,-0.606,-0.3039500000000003,500
0.05,3.0,none,0.7,75,score_cap1,chemdeprc_scorecap1,max_block_share,9.013924683980242e-05,6.146999348607863e-05,0.0001222075202733924,500
0.05,3.0,none,0.7,75,score_cap1,chemdeprc_scorecap1,mean_pairwise_tanimoto,0.0003788409531116473,0.0002507269211113442,0.0005078932821750627,500
0.05,3.0,none,0.7,75,score_cap1,hier_bh_cap1,true_hits,0.016,-0.068,0.10604999999999973,500
0.05,3.0,none,0.7,75,score_cap1,hier_bh_cap1,fdp,-0.0021006661191197715,-0.0034390754340253176,-0.0008030307664712551,500
0.05,3.0,none,0.7,75,score_cap1,hier_bh_cap1,fdp_exceeds_q,-0.062,-0.08405,-0.042,500
0.05,3.0,none,0.7,75,score_cap1,hier_bh_cap1,unique_blocks,-0.456,-0.616,-0.31,500
0.05,3.0,none,0.7,75,score_cap1,hier_bh_cap1,max_block_share,9.013924683980242e-05,5.9501656801380636e-05,0.00012155359823274182,500
0.05,3.0,none,0.7,75,score_cap1,hier_bh_cap1,mean_pairwise_tanimoto,0.00031784096360207894,0.00012885742112995552,0.0005043242312967919,500
0.05,3.0,none,0.7,75,score_cap1,minp_block_bh_cap1,true_hits,-0.822,-0.936,-0.708,500
0.05,3.0,none,0.7,75,score_cap1,minp_block_bh_cap1,fdp,-0.00037243616900231656,-0.0028014989316786647,0.0020597113476837005,500
0.05,3.0,none,0.7,75,score_cap1,minp_block_bh_cap1,fdp_exceeds_q,-0.1,-0.128,-0.074,500
0.05,3.0,none,0.7,75,score_cap1,minp_block_bh_cap1,unique_blocks,-1.858,-2.20005,-1.5279500000000004,500
0.05,3.0,none,0.7,75,score_cap1,minp_block_bh_cap1,max_block_share,0.0003825407431881869,0.0003128200517655298,0.00045553402696189214,500
0.05,3.0,none,0.7,75,score_cap1,minp_block_bh_cap1,mean_pairwise_tanimoto,-0.0019984364807605673,-0.002428225174546233,-0.0015428495965897988,500
0.05,3.0,none,0.7,75,score_cap1,block_by_cap1,true_hits,-18.968,-20.684800000000003,-17.1917,500
0.05,3.0,none,0.7,75,score_cap1,block_by_cap1,fdp,-0.11469731925236687,-0.12861317155704385,-0.10090578526340142,500
0.05,3.0,none,0.7,75,score_cap1,block_by_cap1,fdp_exceeds_q,-0.1,-0.126,-0.074,500
0.05,3.0,none,0.7,75,score_cap1,block_by_cap1,unique_blocks,-31.208,-33.6142,-28.683750000000003,500
0.05,3.0,none,0.7,75,score_cap1,block_by_cap1,max_block_share,0.014609980095160293,0.01262830689803116,0.016644372118009027,500
0.05,3.0,none,0.7,75,score_cap1,block_by_cap1,mean_pairwise_tanimoto,0.001025803148746512,-0.004347028873860818,0.005894869572669283,500
0.05,3.0,none,0.7,75,score_cap1,bh_cap1,true_hits,0.0,0.0,0.0,500
0.05,3.0,none,0.7,75,score_cap1,bh_cap1,fdp,-8.616116792076656e-05,-0.0001977491156987588,0.0,500
0.05,3.0,none,0.7,75,score_cap1,bh_cap1,fdp_exceeds_q,-0.002,-0.006,0.0,500
0.05,3.0,none,0.7,75,score_cap1,bh_cap1,unique_blocks,-0.022,-0.052,0.0,500
0.05,3.0,none,0.7,75,score_cap1,bh_cap1,max_block_share,4.137702929908206e-06,0.0,9.819740359967918e-06,500
0.05,3.0,none,0.7,75,score_cap1,bh_cap1,mean_pairwise_tanimoto,1.8944442272183503e-06,-5.861677229407945e-07,6.268233060836292e-06,500
0.05,3.0,none,0.7,75,score_cap1,weighted_bh,true_hits,2.582,2.182,2.96005,500
0.05,3.0,none,0.7,75,score_cap1,weighted_bh,fdp,-0.03442666666666666,-0.03954666666666667,-0.029465333333333336,500
0.05,3.0,none,0.7,75,score_cap1,weighted_bh,fdp_exceeds_q,0.0,0.0,0.0,500
0.05,3.0,none,0.7,75,score_cap1,weighted_bh,unique_blocks,-15.866,-16.36,-15.36795,500
0.05,3.0,none,0.7,75,score_cap1,weighted_bh,max_block_share,0.04981333333333335,0.04743933333333334,0.05216066666666668,500
0.05,3.0,none,0.7,75,score_cap1,weighted_bh,mean_pairwise_tanimoto,0.01773151317238809,0.01645391553565861,0.018966662719845786,500
0.05,4.0,none,0.7,100,score_cap1,chemdeprc_cap1,true_hits,-1.576,-1.724,-1.436,500
0.05,4.0,none,0.7,100,score_cap1,chemdeprc_cap1,fdp,-0.004506737184275162,-0.007008987251579999,-0.002163581556649427,500
0.05,4.0,none,0.7,100,score_cap1,chemdeprc_cap1,fdp_exceeds_q,-0.046,-0.064,-0.028,500
0.05,4.0,none,0.7,100,score_cap1,chemdeprc_cap1,unique_blocks,-4.716,-5.552,-3.928,500
0.05,4.0,none,0.7,100,score_cap1,chemdeprc_cap1,max_block_share,0.0006287389188683259,0.0005226926860104594,0.0007564178819059538,500
0.05,4.0,none,0.7,100,score_cap1,chemdeprc_cap1,mean_pairwise_tanimoto,0.0012194978594779885,0.0009080912806093604,0.0015304339297115763,500
0.05,4.0,none,0.7,100,score_cap1,chemdeprc_scorecap1,true_hits,-1.188,-1.346,-1.032,500
0.05,4.0,none,0.7,100,score_cap1,chemdeprc_scorecap1,fdp,-0.008386737184275165,-0.010662099483656774,-0.005993472176259601,500
0.05,4.0,none,0.7,100,score_cap1,chemdeprc_scorecap1,fdp_exceeds_q,-0.046,-0.066,-0.028,500
0.05,4.0,none,0.7,100,score_cap1,chemdeprc_scorecap1,unique_blocks,-4.716,-5.608499999999999,-3.83395,500
0.05,4.0,none,0.7,100,score_cap1,chemdeprc_scorecap1,max_block_share,0.0006287389188683259,0.0005138561606405515,0.0007450119444292439,500
0.05,4.0,none,0.7,100,score_cap1,chemdeprc_scorecap1,mean_pairwise_tanimoto,0.0014243050217628461,0.0011159907668828943,0.0017378362260758848,500
0.05,4.0,none,0.7,100,score_cap1,hier_bh_cap1,true_hits,-1.576,-1.73,-1.436,500
0.05,4.0,none,0.7,100,score_cap1,hier_bh_cap1,fdp,-0.004506737184275162,-0.006972278656736299,-0.0020153077921607736,500
0.05,4.0,none,0.7,100,score_cap1,hier_bh_cap1,fdp_exceeds_q,-0.046,-0.066,-0.028,500
0.05,4.0,none,0.7,100,score_cap1,hier_bh_cap1,unique_blocks,-4.716,-5.54015,-3.8838500000000007,500
0.05,4.0,none,0.7,100,score_cap1,hier_bh_cap1,max_block_share,0.0006287389188683259,0.0005089172176889008,0.000747344731541773,500
0.05,4.0,none,0.7,100,score_cap1,hier_bh_cap1,mean_pairwise_tanimoto,0.0012194978594779885,0.0008976639047264961,0.0015322637282311846,500
0.05,4.0,none,0.7,100,score_cap1,minp_block_bh_cap1,true_hits,-2.72,-2.9401,-2.5099000000000005,500
0.05,4.0,none,0.7,100,score_cap1,minp_block_bh_cap1,fdp,-0.009312034727109288,-0.013671818990535404,-0.005111343023489374,500
0.05,4.0,none,0.7,100,score_cap1,minp_block_bh_cap1,fdp_exceeds_q,-0.1,-0.128,-0.076,500
0.05,4.0,none,0.7,100,score_cap1,minp_block_bh_cap1,unique_blocks,-7.256,-8.44405,-6.105850000000001,500
0.05,4.0,none,0.7,100,score_cap1,minp_block_bh_cap1,max_block_share,0.001069211511637419,0.0008938059740878633,0.0012445018362304836,500
0.05,4.0,none,0.7,100,score_cap1,minp_block_bh_cap1,mean_pairwise_tanimoto,0.0015933502018451607,0.0011148997232317815,0.0021292752310633546,500
0.05,4.0,none,0.7,100,score_cap1,block_by_cap1,true_hits,-28.822,-31.012,-26.801650000000002,500
0.05,4.0,none,0.7,100,score_cap1,block_by_cap1,fdp,-0.1620723684702805,-0.1721363972220208,-0.1521227637146656,500
0.05,4.0,none,0.7,100,score_cap1,block_by_cap1,fdp_exceeds_q,-0.1,-0.126,-0.074,500
0.05,4.0,none,0.7,100,score_cap1,block_by_cap1,unique_blocks,-52.558,-55.22405,-49.99995,500
0.05,4.0,none,0.7,100,score_cap1,block_by_cap1,max_block_share,0.01536078404074147,0.013640145449582992,0.0171204232708995,500
0.05,4.0,none,0.7,100,score_cap1,block_by_cap1,mean_pairwise_tanimoto,0.012143962353467949,0.006966210469603546,0.017483322680741552,500
0.05,4.0,none,0.7,100,score_cap1,bh_cap1,true_hits,-0.524,-0.63,-0.42395000000000027,500
0.05,4.0,none,0.7,100,score_cap1,bh_cap1,fdp,-0.00424614211571553,-0.0053177827725055665,-0.0032746830488906255,500
0.05,4.0,none,0.7,100,score_cap1,bh_cap1,fdp_exceeds_q,-0.002,-0.006,0.0,500
0.05,4.0,none,0.7,100,score_cap1,bh_cap1,unique_blocks,-2.206,-2.69205,-1.772,500
0.05,4.0,none,0.7,100,score_cap1,bh_cap1,max_block_share,0.0002598785998120635,0.00020467148395227145,0.0003178380434786929,500
0.05,4.0,none,0.7,100,score_cap1,bh_cap1,mean_pairwise_tanimoto,0.0008689131438732162,0.0006884747348725807,0.0010594331949949267,500
0.05,4.0,none,0.7,100,score_cap1,weighted_bh,true_hits,7.486,6.792,8.158,500
0.05,4.0,none,0.7,100,score_cap1,weighted_bh,fdp,-0.07488556492762677,-0.08207590055191086,-0.06832922727272728,500
0.05,4.0,none,0.7,100,score_cap1,weighted_bh,fdp_exceeds_q,0.0,0.0,0.0,500
0.05,4.0,none,0.7,100,score_cap1,weighted_bh,unique_blocks,-27.306,-27.99,-26.6098,500
0.05,4.0,none,0.7,100,score_cap1,weighted_bh,max_block_share,0.06020550452983443,0.05776072092054567,0.06266108585858586,500
0.05,4.0,none,0.7,100,score_cap1,weighted_bh,mean_pairwise_tanimoto,0.02274262815713883,0.02124710606262088,0.024350824193656452,500
0.05,4.0,none,0.7,20,score_cap1,chemdeprc_cap1,true_hits,0.128,0.062,0.192,500
0.05,4.0,none,0.7,20,score_cap1,chemdeprc_cap1,fdp,-0.006400000000000001,-0.009699999999999999,-0.0032000000000000015,500
0.05,4.0,none,0.7,20,score_cap1,chemdeprc_cap1,fdp_exceeds_q,0.0,0.0,0.0,500
0.05,4.0,none,0.7,20,score_cap1,chemdeprc_cap1,unique_blocks,0.0,0.0,0.0,500
0.05,4.0,none,0.7,20,score_cap1,chemdeprc_cap1,max_block_share,0.0,0.0,0.0,500
0.05,4.0,none,0.7,20,score_cap1,chemdeprc_cap1,mean_pairwise_tanimoto,-0.006686076372861859,-0.008229669373482462,-0.005110100070387122,500
0.05,4.0,none,0.7,20,score_cap1,chemdeprc_scorecap1,true_hits,0.0,0.0,0.0,500
0.05,4.0,none,0.7,20,score_cap1,chemdeprc_scorecap1,fdp,0.0,0.0,0.0,500
0.05,4.0,none,0.7,20,score_cap1,chemdeprc_scorecap1,fdp_exceeds_q,0.0,0.0,0.0,500
0.05,4.0,none,0.7,20,score_cap1,chemdeprc_scorecap1,unique_blocks,0.0,0.0,0.0,500
0.05,4.0,none,0.7,20,score_cap1,chemdeprc_scorecap1,max_block_share,0.0,0.0,0.0,500
0.05,4.0,none,0.7,20,score_cap1,chemdeprc_scorecap1,mean_pairwise_tanimoto,0.0,0.0,0.0,500
0.05,4.0,none,0.7,20,score_cap1,hier_bh_cap1,true_hits,0.128,0.06595000000000001,0.19,500
0.05,4.0,none,0.7,20,score_cap1,hier_bh_cap1,fdp,-0.006400000000000001,-0.009600000000000001,-0.003200000000000002,500
0.05,4.0,none,0.7,20,score_cap1,hier_bh_cap1,fdp_exceeds_q,0.0,0.0,0.0,500
0.05,4.0,none,0.7,20,score_cap1,hier_bh_cap1,unique_blocks,0.0,0.0,0.0,500
0.05,4.0,none,0.7,20,score_cap1,hier_bh_cap1,max_block_share,0.0,0.0,0.0,500
0.05,4.0,none,0.7,20,score_cap1,hier_bh_cap1,mean_pairwise_tanimoto,-0.006686076372861859,-0.008260619790107008,-0.005093653830140828,500
0.05,4.0,none,0.7,20,score_cap1,minp_block_bh_cap1,true_hits,0.528,0.448,0.604,500
0.05,4.0,none,0.7,20,score_cap1,minp_block_bh_cap1,fdp,-0.026400000000000007,-0.0302,-0.022400000000000003,500
0.05,4.0,none,0.7,20,score_cap1,minp_block_bh_cap1,fdp_exceeds_q,0.0,0.0,0.0,500
0.05,4.0,none,0.7,20,score_cap1,minp_block_bh_cap1,unique_blocks,0.0,0.0,0.0,500
0.05,4.0,none,0.7,20,score_cap1,minp_block_bh_cap1,max_block_share,0.0,0.0,0.0,500
0.05,4.0,none,0.7,20,score_cap1,minp_block_bh_cap1,mean_pairwise_tanimoto,-0.013535606116056443,-0.01549397603869438,-0.011609700028598314,500
0.05,4.0,none,0.7,20,score_cap1,block_by_cap1,true_hits,-1.992,-2.496,-1.4859500000000003,500
0.05,4.0,none,0.7,20,score_cap1,block_by_cap1,fdp,-0.022479352226720657,-0.026745490989918245,-0.01827175557672463,500
0.05,4.0,none,0.7,20,score_cap1,block_by_cap1,fdp_exceeds_q,0.0,0.0,0.0,500
0.05,4.0,none,0.7,20,score_cap1,block_by_cap1,unique_blocks,-2.608,-3.124,-2.094,500
0.05,4.0,none,0.7,20,score_cap1,block_by_cap1,max_block_share,-0.0031455240665767014,-0.004614642573628645,-0.0017900407008282432,500
0.05,4.0,none,0.7,20,score_cap1,block_by_cap1,mean_pairwise_tanimoto,-0.025668202817440026,-0.03104521868899464,-0.020544563078135247,500
0.05,4.0,none,0.7,20,score_cap1,bh_cap1,true_hits,0.0,0.0,0.0,500
0.05,4.0,none,0.7,20,score_cap1,bh_cap1,fdp,0.0,0.0,0.0,500
0.05,4.0,none,0.7,20,score_cap1,bh_cap1,fdp_exceeds_q,0.0,0.0,0.0,500
0.05,4.0,none,0.7,20,score_cap1,bh_cap1,unique_blocks,0.0,0.0,0.0,500
0.05,4.0,none,0.7,20,score_cap1,bh_cap1,max_block_share,0.0,0.0,0.0,500
0.05,4.0,none,0.7,20,score_cap1,bh_cap1,mean_pairwise_tanimoto,0.0,0.0,0.0,500
0.05,4.0,none,0.7,20,score_cap1,weighted_bh,true_hits,0.54,0.46395000000000003,0.62,500
0.05,4.0,none,0.7,20,score_cap1,weighted_bh,fdp,-0.027000000000000007,-0.031100000000000003,-0.023000000000000003,500
0.05,4.0,none,0.7,20,score_cap1,weighted_bh,fdp_exceeds_q,0.0,0.0,0.0,500
0.05,4.0,none,0.7,20,score_cap1,weighted_bh,unique_blocks,-0.962,-1.076,-0.8479500000000002,500
0.05,4.0,none,0.7,20,score_cap1,weighted_bh,max_block_share,0.0235,0.0208975,0.026,500
0.05,4.0,none,0.7,20,score_cap1,weighted_bh,mean_pairwise_tanimoto,-0.008675288319587714,-0.01059006927013398,-0.0068059798285365165,500
0.05,4.0,none,0.7,30,score_cap1,chemdeprc_cap1,true_hits,0.178,0.1,0.262,500
0.05,4.0,none,0.7,30,score_cap1,chemdeprc_cap1,fdp,-0.005933333333333334,-0.008601666666666669,-0.0032666666666666673,500
0.05,4.0,none,0.7,30,score_cap1,chemdeprc_cap1,fdp_exceeds_q,0.0,0.0,0.0,500
0.05,4.0,none,0.7,30,score_cap1,chemdeprc_cap1,unique_blocks,0.0,0.0,0.0,500
0.05,4.0,none,0.7,30,score_cap1,chemdeprc_cap1,max_block_share,0.0,0.0,0.0,500
0.05,4.0,none,0.7,30,score_cap1,chemdeprc_cap1,mean_pairwise_tanimoto,-0.002784852832555764,-0.003989242859184735,-0.0014734166339039722,500
0.05,4.0,none,0.7,30,score_cap1,chemdeprc_scorecap1,true_hits,0.0,0.0,0.0,500
0.05,4.0,none,0.7,30,score_cap1,chemdeprc_scorecap1,fdp,0.0,0.0,0.0,500
0.05,4.0,none,0.7,30,score_cap1,chemdeprc_scorecap1,fdp_exceeds_q,0.0,0.0,0.0,500
0.05,4.0,none,0.7,30,score_cap1,chemdeprc_scorecap1,unique_blocks,0.0,0.0,0.0,500
0.05,4.0,none,0.7,30,score_cap1,chemdeprc_scorecap1,max_block_share,0.0,0.0,0.0,500
0.05,4.0,none,0.7,30,score_cap1,chemdeprc_scorecap1,mean_pairwise_tanimoto,7.601442933082558e-05,3.3103612065314865e-05,0.00012383289411664028,500
0.05,4.0,none,0.7,30,score_cap1,hier_bh_cap1,true_hits,0.178,0.1,0.256,500
0.05,4.0,none,0.7,30,score_cap1,hier_bh_cap1,fdp,-0.005933333333333334,-0.008599999999999998,-0.0033333333333333327,500
0.05,4.0,none,0.7,30,score_cap1,hier_bh_cap1,fdp_exceeds_q,0.0,0.0,0.0,500
0.05,4.0,none,0.7,30,score_cap1,hier_bh_cap1,unique_blocks,0.0,0.0,0.0,500
0.05,4.0,none,0.7,30,score_cap1,hier_bh_cap1,max_block_share,0.0,0.0,0.0,500
0.05,4.0,none,0.7,30,score_cap1,hier_bh_cap1,mean_pairwise_tanimoto,-0.002784852832555764,-0.004074909295886749,-0.0014524704962968775,500
0.05,4.0,none,0.7,30,score_cap1,minp_block_bh_cap1,true_hits,-0.116,-0.242,0.012,500
0.05,4.0,none,0.7,30,score_cap1,minp_block_bh_cap1,fdp,0.003866666666666662,-0.0003350000000000059,0.007999999999999995,500
0.05,4.0,none,0.7,30,score_cap1,minp_block_bh_cap1,fdp_exceeds_q,0.0,0.0,0.0,500
0.05,4.0,none,0.7,30,score_cap1,minp_block_bh_cap1,unique_blocks,0.0,0.0,0.0,500
0.05,4.0,none,0.7,30,score_cap1,minp_block_bh_cap1,max_block_share,0.0,0.0,0.0,500
0.05,4.0,none,0.7,30,score_cap1,minp_block_bh_cap1,mean_pairwise_tanimoto,-0.0103185696899891,-0.012049292930960666,-0.008565109129250056,500
0.05,4.0,none,0.7,30,score_cap1,block_by_cap1,true_hits,-4.402,-5.118200000000001,-3.668,500
0.05,4.0,none,0.7,30,score_cap1,block_by_cap1,fdp,-0.024129616776985205,-0.03061850095638795,-0.01778606176388685,500
0.05,4.0,none,0.7,30,score_cap1,block_by_cap1,fdp_exceeds_q,0.0,0.0,0.0,500
0.05,4.0,none,0.7,30,score_cap1,block_by_cap1,unique_blocks,-5.918,-6.6720999999999995,-5.079850000000001,500
0.05,4.0,none,0.7,30,score_cap1,block_by_cap1,max_block_share,0.0022407193196666954,0.0007927005390550353,0.0036862543779320168,500
0.05,4.0,none,0.7,30,score_cap1,block_by_cap1,mean_pairwise_tanimoto,-0.018798107624053945,-0.024145467466115938,-0.013679669237881893,500
0.05,4.0,none,0.7,30,score_cap1,bh_cap1,true_hits,0.0,0.0,0.0,500
0.05,4.0,none,0.7,30,score_cap1,bh_cap1,fdp,0.0,0.0,0.0,500
0.05,4.0,none,0.7,30,score_cap1,bh_cap1,fdp_exceeds_q,0.0,0.0,0.0,500
0.05,4.0,none,0.7,30,score_cap1,bh_cap1,unique_blocks,0.0,0.0,0.0,500
0.05,4.0,none,0.7,30,score_cap1,bh_cap1,max_block_share,0.0,0.0,0.0,500
0.05,4.0,none,0.7,30,score_cap1,bh_cap1,mean_pairwise_tanimoto,0.0,0.0,0.0,500
0.05,4.0,none,0.7,30,score_cap1,weighted_bh,true_hits,-0.168,-0.30605,-0.024,500
0.05,4.0,none,0.7,30,score_cap1,weighted_bh,fdp,0.005599999999999998,0.0006666666666666685,0.010199999999999999,500
0.05,4.0,none,0.7,30,score_cap1,weighted_bh,fdp_exceeds_q,0.0,0.0,0.0,500
0.05,4.0,none,0.7,30,score_cap1,weighted_bh,unique_blocks,-2.546,-2.76205,-2.33795,500
0.05,4.0,none,0.7,30,score_cap1,weighted_bh,max_block_share,0.036466666666666654,0.03373166666666666,0.039268333333333315,500
0.05,4.0,none,0.7,30,score_cap1,weighted_bh,mean_pairwise_tanimoto,-0.006671933829784402,-0.008357652848958981,-0.005039412009716041,500
0.05,4.0,none,0.7,50,score_cap1,chemdeprc_cap1,true_hits,0.09,0.026,0.156,500
0.05,4.0,none,0.7,50,score_cap1,chemdeprc_cap1,fdp,-0.0017999999999999993,-0.003081,-0.0005199999999999994,500
0.05,4.0,none,0.7,50,score_cap1,chemdeprc_cap1,fdp_exceeds_q,0.0,0.0,0.0,500
0.05,4.0,none,0.7,50,score_cap1,chemdeprc_cap1,unique_blocks,0.0,0.0,0.0,500
0.05,4.0,none,0.7,50,score_cap1,chemdeprc_cap1,max_block_share,0.0,0.0,0.0,500
0.05,4.0,none,0.7,50,score_cap1,chemdeprc_cap1,mean_pairwise_tanimoto,-4.2738109827036296e-05,-0.00046040525212883354,0.00037859089598060275,500
0.05,4.0,none,0.7,50,score_cap1,chemdeprc_scorecap1,true_hits,-0.022,-0.036,-0.01,500
0.05,4.0,none,0.7,50,score_cap1,chemdeprc_scorecap1,fdp,0.0004400000000000004,0.00020000000000000017,0.0007200000000000006,500
0.05,4.0,none,0.7,50,score_cap1,chemdeprc_scorecap1,fdp_exceeds_q,0.0,0.0,0.0,500
0.05,4.0,none,0.7,50,score_cap1,chemdeprc_scorecap1,unique_blocks,0.0,0.0,0.0,500
0.05,4.0,none,0.7,50,score_cap1,chemdeprc_scorecap1,max_block_share,0.0,0.0,0.0,500
0.05,4.0,none,0.7,50,score_cap1,chemdeprc_scorecap1,mean_pairwise_tanimoto,1.9793957471847533e-05,-1.3641554862261315e-05,5.0931851565838716e-05,500
0.05,4.0,none,0.7,50,score_cap1,hier_bh_cap1,true_hits,0.09,0.026,0.15404999999999971,500
0.05,4.0,none,0.7,50,score_cap1,hier_bh_cap1,fdp,-0.0017999999999999993,-0.0030800000000000003,-0.0005199999999999989,500
0.05,4.0,none,0.7,50,score_cap1,hier_bh_cap1,fdp_exceeds_q,0.0,0.0,0.0,500
0.05,4.0,none,0.7,50,score_cap1,hier_bh_cap1,unique_blocks,0.0,0.0,0.0,500
0.05,4.0,none,0.7,50,score_cap1,hier_bh_cap1,max_block_share,0.0,0.0,0.0,500
0.05,4.0,none,0.7,50,score_cap1,hier_bh_cap1,mean_pairwise_tanimoto,-4.2738109827036296e-05,-0.0004668750070035387,0.00037238293439150426,500
0.05,4.0,none,0.7,50,score_cap1,minp_block_bh_cap1,true_hits,-0.584,-0.716,-0.452,500
0.05,4.0,none,0.7,50,score_cap1,minp_block_bh_cap1,fdp,0.011680000000000001,0.009159,0.01412,500
0.05,4.0,none,0.7,50,score_cap1,minp_block_bh_cap1,fdp_exceeds_q,0.0,0.0,0.0,500
0.05,4.0,none,0.7,50,score_cap1,minp_block_bh_cap1,unique_blocks,0.0,0.0,0.0,500
0.05,4.0,none,0.7,50,score_cap1,minp_block_bh_cap1,max_block_share,0.0,0.0,0.0,500
0.05,4.0,none,0.7,50,score_cap1,minp_block_bh_cap1,mean_pairwise_tanimoto,-0.008076978415250785,-0.00954437184184791,-0.0066546093448996615,500
0.05,4.0,none,0.7,50,score_cap1,block_by_cap1,true_hits,-10.646,-12.002400000000002,-9.416,500
0.05,4.0,none,0.7,50,score_cap1,block_by_cap1,fdp,-0.05077394387145938,-0.059953418657537866,-0.04211607303330486,500
0.05,4.0,none,0.7,50,score_cap1,block_by_cap1,fdp_exceeds_q,0.0,0.0,0.0,500
0.05,4.0,none,0.7,50,score_cap1,block_by_cap1,unique_blocks,-15.594,-17.1281,-14.11,500
0.05,4.0,none,0.7,50,score_cap1,block_by_cap1,max_block_share,0.008583633758169352,0.007113422472364801,0.010115319716417616,500
0.05,4.0,none,0.7,50,score_cap1,block_by_cap1,mean_pairwise_tanimoto,-0.011383284509181964,-0.01637904868647455,-0.006943518480658524,500
0.05,4.0,none,0.7,50,score_cap1,bh_cap1,true_hits,0.0,0.0,0.0,500
0.05,4.0,none,0.7,50,score_cap1,bh_cap1,fdp,0.0,0.0,0.0,500
0.05,4.0,none,0.7,50,score_cap1,bh_cap1,fdp_exceeds_q,0.0,0.0,0.0,500
0.05,4.0,none,0.7,50,score_cap1,bh_cap1,unique_blocks,0.0,0.0,0.0,500
0.05,4.0,none,0.7,50,score_cap1,bh_cap1,max_block_share,0.0,0.0,0.0,500
0.05,4.0,none,0.7,50,score_cap1,bh_cap1,mean_pairwise_tanimoto,0.0,0.0,0.0,500
0.05,4.0,none,0.7,50,score_cap1,weighted_bh,true_hits,-0.098,-0.308,0.1,500
0.05,4.0,none,0.7,50,score_cap1,weighted_bh,fdp,0.0019599999999999995,-0.002039999999999999,0.005959999999999999,500
0.05,4.0,none,0.7,50,score_cap1,weighted_bh,fdp_exceeds_q,0.0,0.0,0.0,500
0.05,4.0,none,0.7,50,score_cap1,weighted_bh,unique_blocks,-7.72,-8.198,-7.2579,500
0.05,4.0,none,0.7,50,score_cap1,weighted_bh,max_block_share,0.05444,0.050799000000000004,0.058041,500
0.05,4.0,none,0.7,50,score_cap1,weighted_bh,mean_pairwise_tanimoto,-0.0009140557050704928,-0.0028399369426071615,0.0010208805069327343,500
0.05,4.0,none,0.7,75,score_cap1,chemdeprc_cap1,true_hits,-0.034,-0.128,0.05404999999999972,500
0.05,4.0,none,0.7,75,score_cap1,chemdeprc_cap1,fdp,-0.0009002048580626253,-0.0023306978343576195,0.0004376726660813575,500
0.05,4.0,none,0.7,75,score_cap1,chemdeprc_cap1,fdp_exceeds_q,-0.046,-0.064,-0.028,500
0.05,4.0,none,0.7,75,score_cap1,chemdeprc_cap1,unique_blocks,-0.328,-0.46405,-0.2,500
0.05,4.0,none,0.7,75,score_cap1,chemdeprc_cap1,max_block_share,6.445419959028202e-05,3.9309335674567216e-05,9.091878841088425e-05,500
0.05,4.0,none,0.7,75,score_cap1,chemdeprc_cap1,mean_pairwise_tanimoto,0.00014184230566025596,-3.733184114097752e-05,0.0003301327601075248,500
0.05,4.0,none,0.7,75,score_cap1,chemdeprc_scorecap1,true_hits,0.202,0.158,0.246,500
0.05,4.0,none,0.7,75,score_cap1,chemdeprc_scorecap1,fdp,-0.004046871524729289,-0.004872570383377225,-0.0033177529997073414,500
0.05,4.0,none,0.7,75,score_cap1,chemdeprc_scorecap1,fdp_exceeds_q,-0.046,-0.066,-0.028,500
0.05,4.0,none,0.7,75,score_cap1,chemdeprc_scorecap1,unique_blocks,-0.328,-0.47004999999999997,-0.212,500
0.05,4.0,none,0.7,75,score_cap1,chemdeprc_scorecap1,max_block_share,6.445419959028202e-05,3.887035411179281e-05,9.091878841088425e-05,500
0.05,4.0,none,0.7,75,score_cap1,chemdeprc_scorecap1,mean_pairwise_tanimoto,0.00029578524827957053,0.00016641479730606,0.0004283786147832857,500
0.05,4.0,none,0.7,75,score_cap1,hier_bh_cap1,true_hits,-0.034,-0.124,0.056,500
0.05,4.0,none,0.7,75,score_cap1,hier_bh_cap1,fdp,-0.0009002048580626253,-0.0022167064676616864,0.0003755597014925384,500
0.05,4.0,none,0.7,75,score_cap1,hier_bh_cap1,fdp_exceeds_q,-0.046,-0.064,-0.028,500
0.05,4.0,none,0.7,75,score_cap1,hier_bh_cap1,unique_blocks,-0.328,-0.466,-0.2,500
0.05,4.0,none,0.7,75,score_cap1,hier_bh_cap1,max_block_share,6.445419959028202e-05,3.974831723734162e-05,9.367208077260492e-05,500
0.05,4.0,none,0.7,75,score_cap1,hier_bh_cap1,mean_pairwise_tanimoto,0.00014184230566025596,-2.96279437839902e-05,0.0003242914184928019,500
0.05,4.0,none,0.7,75,score_cap1,minp_block_bh_cap1,true_hits,-0.926,-1.024,-0.826,500
0.05,4.0,none,0.7,75,score_cap1,minp_block_bh_cap1,fdp,0.0018149271869414645,-0.0006060470358723559,0.004144682727603781,500
0.05,4.0,none,0.7,75,score_cap1,minp_block_bh_cap1,fdp_exceeds_q,-0.1,-0.126,-0.076,500
0.05,4.0,none,0.7,75,score_cap1,minp_block_bh_cap1,unique_blocks,-1.696,-1.992,-1.3759500000000002,500
0.05,4.0,none,0.7,75,score_cap1,minp_block_bh_cap1,max_block_share,0.00034317989175037633,0.0002793342244511991,0.0004055358019526846,500
0.05,4.0,none,0.7,75,score_cap1,minp_block_bh_cap1,mean_pairwise_tanimoto,-0.00203269085288047,-0.0024422584936022677,-0.0016124906614422717,500
0.05,4.0,none,0.7,75,score_cap1,block_by_cap1,true_hits,-18.882,-20.60235,-17.1519,500
0.05,4.0,none,0.7,75,score_cap1,block_by_cap1,fdp,-0.09265818046949875,-0.10346862517078867,-0.08200957482133613,500
0.05,4.0,none,0.7,75,score_cap1,block_by_cap1,fdp_exceeds_q,-0.1,-0.128,-0.07595000000000027,500
0.05,4.0,none,0.7,75,score_cap1,block_by_cap1,unique_blocks,-30.602,-33.07145,-28.233900000000002,500
0.05,4.0,none,0.7,75,score_cap1,block_by_cap1,max_block_share,0.012503908267176268,0.010814115389421494,0.014171493796764025,500
0.05,4.0,none,0.7,75,score_cap1,block_by_cap1,mean_pairwise_tanimoto,-0.0014378117620944852,-0.006384075623005616,0.0031672310017049404,500
0.05,4.0,none,0.7,75,score_cap1,bh_cap1,true_hits,0.0,0.0,0.0,500
0.05,4.0,none,0.7,75,score_cap1,bh_cap1,fdp,-8.616116792076656e-05,-0.00021480101614251745,0.0,500
0.05,4.0,none,0.7,75,score_cap1,bh_cap1,fdp_exceeds_q,-0.002,-0.006,0.0,500
0.05,4.0,none,0.7,75,score_cap1,bh_cap1,unique_blocks,-0.022,-0.05,0.0,500
0.05,4.0,none,0.7,75,score_cap1,bh_cap1,max_block_share,4.137702929908206e-06,0.0,9.85198864419361e-06,500
0.05,4.0,none,0.7,75,score_cap1,bh_cap1,mean_pairwise_tanimoto,1.8944442272183503e-06,-5.849003791812412e-07,6.560683250426913e-06,500
0.05,4.0,none,0.7,75,score_cap1,weighted_bh,true_hits,1.63,1.324,1.9580499999999996,500
0.05,4.0,none,0.7,75,score_cap1,weighted_bh,fdp,-0.021733333333333327,-0.025973333333333324,-0.017679999999999994,500
0.05,4.0,none,0.7,75,score_cap1,weighted_bh,fdp_exceeds_q,0.0,0.0,0.0,500
0.05,4.0,none,0.7,75,score_cap1,weighted_bh,unique_blocks,-17.252,-17.8241,-16.654,500
0.05,4.0,none,0.7,75,score_cap1,weighted_bh,max_block_share,0.05797333333333334,0.054692666666666674,0.06165333333333335,500
0.05,4.0,none,0.7,75,score_cap1,weighted_bh,mean_pairwise_tanimoto,0.018542785108089457,0.01728987614363433,0.019867194391787062,500
0.05,6.0,none,0.7,100,score_cap1,chemdeprc_cap1,true_hits,-1.572,-1.714,-1.4199500000000003,500
0.05,6.0,none,0.7,100,score_cap1,chemdeprc_cap1,fdp,-0.004530130246908731,-0.007038159776898355,-0.0020269776595346497,500
0.05,6.0,none,0.7,100,score_cap1,chemdeprc_cap1,fdp_exceeds_q,-0.046,-0.066,-0.028,500
0.05,6.0,none,0.7,100,score_cap1,chemdeprc_cap1,unique_blocks,-4.716,-5.5403,-3.92395,500
0.05,6.0,none,0.7,100,score_cap1,chemdeprc_cap1,max_block_share,0.0006287389188683259,0.0005202468409456535,0.0007473494993283086,500
0.05,6.0,none,0.7,100,score_cap1,chemdeprc_cap1,mean_pairwise_tanimoto,0.0011408857405185641,0.0008089434869587409,0.0014677116058766796,500
0.05,6.0,none,0.7,100,score_cap1,chemdeprc_scorecap1,true_hits,-1.188,-1.344,-1.032,500
0.05,6.0,none,0.7,100,score_cap1,chemdeprc_scorecap1,fdp,-0.008370130246908733,-0.0107725421868694,-0.006114270837221131,500
0.05,6.0,none,0.7,100,score_cap1,chemdeprc_scorecap1,fdp_exceeds_q,-0.046,-0.066,-0.028,500
0.05,6.0,none,0.7,100,score_cap1,chemdeprc_scorecap1,unique_blocks,-4.716,-5.592,-3.8697000000000017,500
0.05,6.0,none,0.7,100,score_cap1,chemdeprc_scorecap1,max_block_share,0.0006287389188683259,0.0005147777844281334,0.0007484255658664751,500
0.05,6.0,none,0.7,100,score_cap1,chemdeprc_scorecap1,mean_pairwise_tanimoto,0.0014169949591159804,0.0011119799874722922,0.0017166535593569272,500
0.05,6.0,none,0.7,100,score_cap1,hier_bh_cap1,true_hits,-1.572,-1.71805,-1.434,500
0.05,6.0,none,0.7,100,score_cap1,hier_bh_cap1,fdp,-0.004530130246908731,-0.006947972473378658,-0.00196939534213572,500
0.05,6.0,none,0.7,100,score_cap1,hier_bh_cap1,fdp_exceeds_q,-0.046,-0.066,-0.03,500
0.05,6.0,none,0.7,100,score_cap1,hier_bh_cap1,unique_blocks,-4.716,-5.57205,-3.9079000000000006,500
0.05,6.0,none,0.7,100,score_cap1,hier_bh_cap1,max_block_share,0.0006287389188683259,0.0005159233443804519,0.0007398746439902823,500
0.05,6.0,none,0.7,100,score_cap1,hier_bh_cap1,mean_pairwise_tanimoto,0.0011408857405185641,0.0008374639272689765,0.001457984734326597,500
0.05,6.0,none,0.7,100,score_cap1,minp_block_bh_cap1,true_hits,-2.77,-2.99405,-2.546,500
0.05,6.0,none,0.7,100,score_cap1,minp_block_bh_cap1,fdp,-0.00850642376942245,-0.012559043235734608,-0.004349601446929343,500
0.05,6.0,none,0.7,100,score_cap1,minp_block_bh_cap1,fdp_exceeds_q,-0.1,-0.126,-0.074,500
0.05,6.0,none,0.7,100,score_cap1,minp_block_bh_cap1,unique_blocks,-7.198,-8.4002,-6.044,500
0.05,6.0,none,0.7,100,score_cap1,minp_block_bh_cap1,max_block_share,0.0010554189941489596,0.0008852091488270271,0.0012405437252330212,500
0.05,6.0,none,0.7,100,score_cap1,minp_block_bh_cap1,mean_pairwise_tanimoto,0.0014323832094669281,0.0009278752118349021,0.0019526910535991146,500
0.05,6.0,none,0.7,100,score_cap1,block_by_cap1,true_hits,-28.784,-30.84625,-26.81575,500
0.05,6.0,none,0.7,100,score_cap1,block_by_cap1,fdp,-0.1463480260496908,-0.15449772868934486,-0.13763722658961292,500
0.05,6.0,none,0.7,100,score_cap1,block_by_cap1,fdp_exceeds_q,-0.1,-0.12605,-0.076,500
0.05,6.0,none,0.7,100,score_cap1,block_by_cap1,unique_blocks,-51.932,-54.6006,-49.299949999999995,500
0.05,6.0,none,0.7,100,score_cap1,block_by_cap1,max_block_share,0.014465579285249223,0.012862304110906745,0.016180591019869843,500
0.05,6.0,none,0.7,100,score_cap1,block_by_cap1,mean_pairwise_tanimoto,0.009896821320056924,0.004472225545346742,0.014923042885214089,500
0.05,6.0,none,0.7,100,score_cap1,bh_cap1,true_hits,-0.524,-0.632,-0.42395000000000027,500
0.05,6.0,none,0.7,100,score_cap1,bh_cap1,fdp,-0.004237888147461561,-0.005257626453158923,-0.003244285027180642,500
0.05,6.0,none,0.7,100,score_cap1,bh_cap1,fdp_exceeds_q,-0.002,-0.006,0.0,500
0.05,6.0,none,0.7,100,score_cap1,bh_cap1,unique_blocks,-2.206,-2.66205,-1.75,500
0.05,6.0,none,0.7,100,score_cap1,bh_cap1,max_block_share,0.0002598785998120635,0.0002031436846703235,0.00031759357751120126,500
0.05,6.0,none,0.7,100,score_cap1,bh_cap1,mean_pairwise_tanimoto,0.0008697130382061017,0.0006900272101163877,0.0010571235589683073,500
0.05,6.0,none,0.7,100,score_cap1,weighted_bh,true_hits,5.482,4.803850000000001,6.17005,500
0.05,6.0,none,0.7,100,score_cap1,weighted_bh,fdp,-0.0548250505050505,-0.06122667676767677,-0.0482645505050505,500
0.05,6.0,none,0.7,100,score_cap1,weighted_bh,fdp_exceeds_q,0.0,0.0,0.0,500
0.05,6.0,none,0.7,100,score_cap1,weighted_bh,unique_blocks,-29.034,-29.912,-28.14985,500
0.05,6.0,none,0.7,100,score_cap1,weighted_bh,max_block_share,0.07636202020202021,0.07098157070707073,0.0822839696969697,500
0.05,6.0,none,0.7,100,score_cap1,weighted_bh,mean_pairwise_tanimoto,0.02354670056700707,0.02200490818023682,0.025201429806649692,500
0.05,6.0,none,0.7,20,score_cap1,chemdeprc_cap1,true_hits,0.078,0.012,0.1440499999999997,500
0.05,6.0,none,0.7,20,score_cap1,chemdeprc_cap1,fdp,-0.0039000000000000003,-0.007300000000000001,-0.0007000000000000009,500
0.05,6.0,none,0.7,20,score_cap1,chemdeprc_cap1,fdp_exceeds_q,0.0,0.0,0.0,500
0.05,6.0,none,0.7,20,score_cap1,chemdeprc_cap1,unique_blocks,0.0,0.0,0.0,500
0.05,6.0,none,0.7,20,score_cap1,chemdeprc_cap1,max_block_share,0.0,0.0,0.0,500
0.05,6.0,none,0.7,20,score_cap1,chemdeprc_cap1,mean_pairwise_tanimoto,-0.007604120314121243,-0.00923187148198485,-0.005909629230946301,500
0.05,6.0,none,0.7,20,score_cap1,chemdeprc_scorecap1,true_hits,0.0,0.0,0.0,500
0.05,6.0,none,0.7,20,score_cap1,chemdeprc_scorecap1,fdp,0.0,0.0,0.0,500
0.05,6.0,none,0.7,20,score_cap1,chemdeprc_scorecap1,fdp_exceeds_q,0.0,0.0,0.0,500
0.05,6.0,none,0.7,20,score_cap1,chemdeprc_scorecap1,unique_blocks,0.0,0.0,0.0,500
0.05,6.0,none,0.7,20,score_cap1,chemdeprc_scorecap1,max_block_share,0.0,0.0,0.0,500
0.05,6.0,none,0.7,20,score_cap1,chemdeprc_scorecap1,mean_pairwise_tanimoto,0.0,0.0,0.0,500
0.05,6.0,none,0.7,20,score_cap1,hier_bh_cap1,true_hits,0.078,0.012,0.144,500
0.05,6.0,none,0.7,20,score_cap1,hier_bh_cap1,fdp,-0.0039000000000000003,-0.007300000000000001,-0.0007000000000000006,500
0.05,6.0,none,0.7,20,score_cap1,hier_bh_cap1,fdp_exceeds_q,0.0,0.0,0.0,500
0.05,6.0,none,0.7,20,score_cap1,hier_bh_cap1,unique_blocks,0.0,0.0,0.0,500
0.05,6.0,none,0.7,20,score_cap1,hier_bh_cap1,max_block_share,0.0,0.0,0.0,500
0.05,6.0,none,0.7,20,score_cap1,hier_bh_cap1,mean_pairwise_tanimoto,-0.007604120314121243,-0.009284346707910297,-0.00588441550284624,500
0.05,6.0,none,0.7,20,score_cap1,minp_block_bh_cap1,true_hits,0.636,0.566,0.712,500
0.05,6.0,none,0.7,20,score_cap1,minp_block_bh_cap1,fdp,-0.0318,-0.0355,-0.0281,500
0.05,6.0,none,0.7,20,score_cap1,minp_block_bh_cap1,fdp_exceeds_q,0.0,0.0,0.0,500
0.05,6.0,none,0.7,20,score_cap1,minp_block_bh_cap1,unique_blocks,0.0,0.0,0.0,500
0.05,6.0,none,0.7,20,score_cap1,minp_block_bh_cap1,max_block_share,0.0,0.0,0.0,500
0.05,6.0,none,0.7,20,score_cap1,minp_block_bh_cap1,mean_pairwise_tanimoto,-0.012422010064125064,-0.01412064084634185,-0.010679877252876757,500
0.05,6.0,none,0.7,20,score_cap1,block_by_cap1,true_hits,-1.952,-2.46405,-1.4738500000000008,500
0.05,6.0,none,0.7,20,score_cap1,block_by_cap1,fdp,-0.016688777089783287,-0.020811505417956663,-0.012518937693498463,500
0.05,6.0,none,0.7,20,score_cap1,block_by_cap1,fdp_exceeds_q,0.0,0.0,0.0,500
0.05,6.0,none,0.7,20,score_cap1,block_by_cap1,unique_blocks,-2.414,-2.96405,-1.8799000000000003,500
0.05,6.0,none,0.7,20,score_cap1,block_by_cap1,max_block_share,-0.0038030185758513974,-0.005278804179566566,-0.0023724342105263213,500
0.05,6.0,none,0.7,20,score_cap1,block_by_cap1,mean_pairwise_tanimoto,-0.02673532301187514,-0.031955509123206126,-0.02158075356334447,500
0.05,6.0,none,0.7,20,score_cap1,bh_cap1,true_hits,0.0,0.0,0.0,500
0.05,6.0,none,0.7,20,score_cap1,bh_cap1,fdp,0.0,0.0,0.0,500
0.05,6.0,none,0.7,20,score_cap1,bh_cap1,fdp_exceeds_q,0.0,0.0,0.0,500
0.05,6.0,none,0.7,20,score_cap1,bh_cap1,unique_blocks,0.0,0.0,0.0,500
0.05,6.0,none,0.7,20,score_cap1,bh_cap1,max_block_share,0.0,0.0,0.0,500
0.05,6.0,none,0.7,20,score_cap1,bh_cap1,mean_pairwise_tanimoto,0.0,0.0,0.0,500
0.05,6.0,none,0.7,20,score_cap1,weighted_bh,true_hits,0.304,0.204,0.40604999999999974,500
0.05,6.0,none,0.7,20,score_cap1,weighted_bh,fdp,-0.015200000000000003,-0.020300000000000002,-0.010200000000000002,500
0.05,6.0,none,0.7,20,score_cap1,weighted_bh,fdp_exceeds_q,0.0,0.0,0.0,500
0.05,6.0,none,0.7,20,score_cap1,weighted_bh,unique_blocks,-1.286,-1.422,-1.142,500
0.05,6.0,none,0.7,20,score_cap1,weighted_bh,max_block_share,0.034300000000000004,0.030799999999999998,0.038,500
0.05,6.0,none,0.7,20,score_cap1,weighted_bh,mean_pairwise_tanimoto,-0.007948394775390626,-0.009724366060644392,-0.00615420050993562,500
0.05,6.0,none,0.7,30,score_cap1,chemdeprc_cap1,true_hits,0.192,0.102,0.28,500
0.05,6.0,none,0.7,30,score_cap1,chemdeprc_cap1,fdp,-0.006399999999999996,-0.009534999999999997,-0.003399999999999997,500
0.05,6.0,none,0.7,30,score_cap1,chemdeprc_cap1,fdp_exceeds_q,0.0,0.0,0.0,500
0.05,6.0,none,0.7,30,score_cap1,chemdeprc_cap1,unique_blocks,0.0,0.0,0.0,500
0.05,6.0,none,0.7,30,score_cap1,chemdeprc_cap1,max_block_share,0.0,0.0,0.0,500
0.05,6.0,none,0.7,30,score_cap1,chemdeprc_cap1,mean_pairwise_tanimoto,-0.0022984926998615195,-0.003717285976558917,-0.0009420970082282963,500
0.05,6.0,none,0.7,30,score_cap1,chemdeprc_scorecap1,true_hits,0.0,0.0,0.0,500
0.05,6.0,none,0.7,30,score_cap1,chemdeprc_scorecap1,fdp,0.0,0.0,0.0,500
0.05,6.0,none,0.7,30,score_cap1,chemdeprc_scorecap1,fdp_exceeds_q,0.0,0.0,0.0,500
0.05,6.0,none,0.7,30,score_cap1,chemdeprc_scorecap1,unique_blocks,0.0,0.0,0.0,500
0.05,6.0,none,0.7,30,score_cap1,chemdeprc_scorecap1,max_block_share,0.0,0.0,0.0,500
0.05,6.0,none,0.7,30,score_cap1,chemdeprc_scorecap1,mean_pairwise_tanimoto,8.812099695205677e-05,4.769102334976235e-05,0.0001320684514939776,500
0.05,6.0,none,0.7,30,score_cap1,hier_bh_cap1,true_hits,0.192,0.1,0.282,500
0.05,6.0,none,0.7,30,score_cap1,hier_bh_cap1,fdp,-0.006399999999999996,-0.009533333333333324,-0.003266666666666662,500
0.05,6.0,none,0.7,30,score_cap1,hier_bh_cap1,fdp_exceeds_q,0.0,0.0,0.0,500
0.05,6.0,none,0.7,30,score_cap1,hier_bh_cap1,unique_blocks,0.0,0.0,0.0,500
0.05,6.0,none,0.7,30,score_cap1,hier_bh_cap1,max_block_share,0.0,0.0,0.0,500
0.05,6.0,none,0.7,30,score_cap1,hier_bh_cap1,mean_pairwise_tanimoto,-0.0022984926998615195,-0.0035844292096793608,-0.0009561607487499627,500
0.05,6.0,none,0.7,30,score_cap1,minp_block_bh_cap1,true_hits,-0.052,-0.176,0.07604999999999973,500
0.05,6.0,none,0.7,30,score_cap1,minp_block_bh_cap1,fdp,0.0017333333333333343,-0.002601666666666665,0.005999999999999998,500
0.05,6.0,none,0.7,30,score_cap1,minp_block_bh_cap1,fdp_exceeds_q,0.0,0.0,0.0,500
0.05,6.0,none,0.7,30,score_cap1,minp_block_bh_cap1,unique_blocks,0.0,0.0,0.0,500
0.05,6.0,none,0.7,30,score_cap1,minp_block_bh_cap1,max_block_share,0.0,0.0,0.0,500
0.05,6.0,none,0.7,30,score_cap1,minp_block_bh_cap1,mean_pairwise_tanimoto,-0.009892453998327257,-0.011500708598643541,-0.008305319304019216,500
0.05,6.0,none,0.7,30,score_cap1,block_by_cap1,true_hits,-4.256,-5.0100999999999996,-3.503850000000001,500
0.05,6.0,none,0.7,30,score_cap1,block_by_cap1,fdp,-0.018406766507772693,-0.02398671270701262,-0.012650434214621519,500
0.05,6.0,none,0.7,30,score_cap1,block_by_cap1,fdp_exceeds_q,0.0,0.0,0.0,500
0.05,6.0,none,0.7,30,score_cap1,block_by_cap1,unique_blocks,-5.634,-6.5141,-4.796,500
0.05,6.0,none,0.7,30,score_cap1,block_by_cap1,max_block_share,0.0014615316886988797,0.00019782112552624247,0.002705743812144748,500
0.05,6.0,none,0.7,30,score_cap1,block_by_cap1,mean_pairwise_tanimoto,-0.018979172676801666,-0.024626565118134006,-0.01394803537502884,500
0.05,6.0,none,0.7,30,score_cap1,bh_cap1,true_hits,0.0,0.0,0.0,500
0.05,6.0,none,0.7,30,score_cap1,bh_cap1,fdp,0.0,0.0,0.0,500
0.05,6.0,none,0.7,30,score_cap1,bh_cap1,fdp_exceeds_q,0.0,0.0,0.0,500
0.05,6.0,none,0.7,30,score_cap1,bh_cap1,unique_blocks,0.0,0.0,0.0,500
0.05,6.0,none,0.7,30,score_cap1,bh_cap1,max_block_share,0.0,0.0,0.0,500
0.05,6.0,none,0.7,30,score_cap1,bh_cap1,mean_pairwise_tanimoto,0.0,0.0,0.0,500
0.05,6.0,none,0.7,30,score_cap1,weighted_bh,true_hits,-0.472,-0.634,-0.318,500
0.05,6.0,none,0.7,30,score_cap1,weighted_bh,fdp,0.01573333333333334,0.010533333333333344,0.021000000000000008,500
0.05,6.0,none,0.7,30,score_cap1,weighted_bh,fdp_exceeds_q,0.0,0.0,0.0,500
0.05,6.0,none,0.7,30,score_cap1,weighted_bh,unique_blocks,-3.11,-3.368,-2.85995,500
0.05,6.0,none,0.7,30,score_cap1,weighted_bh,max_block_share,0.045066666666666665,0.04166666666666666,0.04846666666666665,500
0.05,6.0,none,0.7,30,score_cap1,weighted_bh,mean_pairwise_tanimoto,-0.006681116223335272,-0.008268637587130078,-0.005060360667109495,500
0.05,6.0,none,0.7,50,score_cap1,chemdeprc_cap1,true_hits,0.092,0.026,0.164,500
0.05,6.0,none,0.7,50,score_cap1,chemdeprc_cap1,fdp,-0.0018399999999999983,-0.003319999999999998,-0.000479999999999998,500
0.05,6.0,none,0.7,50,score_cap1,chemdeprc_cap1,fdp_exceeds_q,0.0,0.0,0.0,500
0.05,6.0,none,0.7,50,score_cap1,chemdeprc_cap1,unique_blocks,0.0,0.0,0.0,500
0.05,6.0,none,0.7,50,score_cap1,chemdeprc_cap1,max_block_share,0.0,0.0,0.0,500
0.05,6.0,none,0.7,50,score_cap1,chemdeprc_cap1,mean_pairwise_tanimoto,0.00030614453554153625,-0.00016344012841582476,0.0007907311476767083,500
0.05,6.0,none,0.7,50,score_cap1,chemdeprc_scorecap1,true_hits,-0.022,-0.034,-0.01,500
0.05,6.0,none,0.7,50,score_cap1,chemdeprc_scorecap1,fdp,0.0004400000000000004,0.00020000000000000017,0.0007200000000000006,500
0.05,6.0,none,0.7,50,score_cap1,chemdeprc_scorecap1,fdp_exceeds_q,0.0,0.0,0.0,500
0.05,6.0,none,0.7,50,score_cap1,chemdeprc_scorecap1,unique_blocks,0.0,0.0,0.0,500
0.05,6.0,none,0.7,50,score_cap1,chemdeprc_scorecap1,max_block_share,0.0,0.0,0.0,500
0.05,6.0,none,0.7,50,score_cap1,chemdeprc_scorecap1,mean_pairwise_tanimoto,1.9793957471847533e-05,-1.2583606690168951e-05,4.9057389795780216e-05,500
0.05,6.0,none,0.7,50,score_cap1,hier_bh_cap1,true_hits,0.092,0.022,0.16,500
0.05,6.0,none,0.7,50,score_cap1,hier_bh_cap1,fdp,-0.0018399999999999983,-0.0031999999999999993,-0.0004799999999999993,500
0.05,6.0,none,0.7,50,score_cap1,hier_bh_cap1,fdp_exceeds_q,0.0,0.0,0.0,500
0.05,6.0,none,0.7,50,score_cap1,hier_bh_cap1,unique_blocks,0.0,0.0,0.0,500
0.05,6.0,none,0.7,50,score_cap1,hier_bh_cap1,max_block_share,0.0,0.0,0.0,500
0.05,6.0,none,0.7,50,score_cap1,hier_bh_cap1,mean_pairwise_tanimoto,0.00030614453554153625,-0.00014897732883691718,0.0007928244419395949,500
0.05,6.0,none,0.7,50,score_cap1,minp_block_bh_cap1,true_hits,-0.418,-0.552,-0.2759500000000003,500
0.05,6.0,none,0.7,50,score_cap1,minp_block_bh_cap1,fdp,0.00836,0.005719,0.011040999999999997,500
0.05,6.0,none,0.7,50,score_cap1,minp_block_bh_cap1,fdp_exceeds_q,0.0,0.0,0.0,500
0.05,6.0,none,0.7,50,score_cap1,minp_block_bh_cap1,unique_blocks,0.0,0.0,0.0,500
0.05,6.0,none,0.7,50,score_cap1,minp_block_bh_cap1,max_block_share,0.0,0.0,0.0,500
0.05,6.0,none,0.7,50,score_cap1,minp_block_bh_cap1,mean_pairwise_tanimoto,-0.007537115275859836,-0.008997059050947432,-0.006038399378955369,500
0.05,6.0,none,0.7,50,score_cap1,block_by_cap1,true_hits,-10.552,-11.83205,-9.303650000000003,500
0.05,6.0,none,0.7,50,score_cap1,block_by_cap1,fdp,-0.04030753745251425,-0.048059716388509165,-0.03327201179130613,500
0.05,6.0,none,0.7,50,score_cap1,block_by_cap1,fdp_exceeds_q,0.0,0.0,0.0,500
0.05,6.0,none,0.7,50,score_cap1,block_by_cap1,unique_blocks,-15.248,-16.74615,-13.755500000000003,500
0.05,6.0,none,0.7,50,score_cap1,block_by_cap1,max_block_share,0.007748630619180145,0.0063187755225295765,0.009200090986806728,500
0.05,6.0,none,0.7,50,score_cap1,block_by_cap1,mean_pairwise_tanimoto,-0.01243147471547126,-0.017204409708082662,-0.007977194004505871,500
0.05,6.0,none,0.7,50,score_cap1,bh_cap1,true_hits,0.0,0.0,0.0,500
0.05,6.0,none,0.7,50,score_cap1,bh_cap1,fdp,0.0,0.0,0.0,500
0.05,6.0,none,0.7,50,score_cap1,bh_cap1,fdp_exceeds_q,0.0,0.0,0.0,500
0.05,6.0,none,0.7,50,score_cap1,bh_cap1,unique_blocks,0.0,0.0,0.0,500
0.05,6.0,none,0.7,50,score_cap1,bh_cap1,max_block_share,0.0,0.0,0.0,500
0.05,6.0,none,0.7,50,score_cap1,bh_cap1,mean_pairwise_tanimoto,0.0,0.0,0.0,500
0.05,6.0,none,0.7,50,score_cap1,weighted_bh,true_hits,-0.58,-0.798,-0.358,500
0.05,6.0,none,0.7,50,score_cap1,weighted_bh,fdp,0.011599999999999996,0.007239999999999998,0.016120999999999993,500
0.05,6.0,none,0.7,50,score_cap1,weighted_bh,fdp_exceeds_q,0.01,0.002,0.02,500
0.05,6.0,none,0.7,50,score_cap1,weighted_bh,unique_blocks,-8.688,-9.27,-8.12795,500
0.05,6.0,none,0.7,50,score_cap1,weighted_bh,max_block_share,0.064,0.058960000000000005,0.06924000000000001,500
0.05,6.0,none,0.7,50,score_cap1,weighted_bh,mean_pairwise_tanimoto,-0.000212127745151518,-0.002306353951990603,0.0018045171618461646,500
0.05,6.0,none,0.7,75,score_cap1,chemdeprc_cap1,true_hits,-0.168,-0.27,-0.062,500
0.05,6.0,none,0.7,75,score_cap1,chemdeprc_cap1,fdp,0.000886461808604043,-0.0005541371085747683,0.0023659991220368777,500
0.05,6.0,none,0.7,75,score_cap1,chemdeprc_cap1,fdp_exceeds_q,-0.046,-0.064,-0.028,500
0.05,6.0,none,0.7,75,score_cap1,chemdeprc_cap1,unique_blocks,-0.328,-0.454,-0.20395000000000027,500
0.05,6.0,none,0.7,75,score_cap1,chemdeprc_cap1,max_block_share,6.445419959028202e-05,3.974831723734162e-05,9.278314310798684e-05,500
0.05,6.0,none,0.7,75,score_cap1,chemdeprc_cap1,mean_pairwise_tanimoto,5.376139283180376e-05,-0.000111287809163328,0.0002224436536431333,500
0.05,6.0,none,0.7,75,score_cap1,chemdeprc_scorecap1,true_hits,0.202,0.158,0.25,500
0.05,6.0,none,0.7,75,score_cap1,chemdeprc_scorecap1,fdp,-0.00404687152472929,-0.00481079309335674,-0.0032866499853672787,500
0.05,6.0,none,0.7,75,score_cap1,chemdeprc_scorecap1,fdp_exceeds_q,-0.046,-0.066,-0.03,500
0.05,6.0,none,0.7,75,score_cap1,chemdeprc_scorecap1,unique_blocks,-0.328,-0.46,-0.2,500
0.05,6.0,none,0.7,75,score_cap1,chemdeprc_scorecap1,max_block_share,6.445419959028202e-05,3.973734269827226e-05,9.091600819432004e-05,500
0.05,6.0,none,0.7,75,score_cap1,chemdeprc_scorecap1,mean_pairwise_tanimoto,0.00029555049538612237,0.00016923056691885038,0.0004381742492318142,500
0.05,6.0,none,0.7,75,score_cap1,hier_bh_cap1,true_hits,-0.168,-0.26805,-0.06595000000000027,500
0.05,6.0,none,0.7,75,score_cap1,hier_bh_cap1,fdp,0.000886461808604043,-0.0005895535557506539,0.0023262960199004986,500
0.05,6.0,none,0.7,75,score_cap1,hier_bh_cap1,fdp_exceeds_q,-0.046,-0.066,-0.03,500
0.05,6.0,none,0.7,75,score_cap1,hier_bh_cap1,unique_blocks,-0.328,-0.462,-0.21195000000000028,500
0.05,6.0,none,0.7,75,score_cap1,hier_bh_cap1,max_block_share,6.445419959028202e-05,3.974831723734162e-05,9.191615452150733e-05,500
0.05,6.0,none,0.7,75,score_cap1,hier_bh_cap1,mean_pairwise_tanimoto,5.376139283180376e-05,-0.00011611270010471273,0.00022525478601455776,500
0.05,6.0,none,0.7,75,score_cap1,minp_block_bh_cap1,true_hits,-0.908,-1.016,-0.804,500
0.05,6.0,none,0.7,75,score_cap1,minp_block_bh_cap1,fdp,0.001888307533784106,-0.0006143881698918094,0.004279451400492804,500
0.05,6.0,none,0.7,75,score_cap1,minp_block_bh_cap1,fdp_exceeds_q,-0.1,-0.128,-0.074,500
0.05,6.0,none,0.7,75,score_cap1,minp_block_bh_cap1,unique_blocks,-1.638,-1.93605,-1.358,500
0.05,6.0,none,0.7,75,score_cap1,minp_block_bh_cap1,max_block_share,0.0003293873742619167,0.0002678920555712077,0.00039131032135183123,500
0.05,6.0,none,0.7,75,score_cap1,minp_block_bh_cap1,mean_pairwise_tanimoto,-0.0020657979846000667,-0.002521705397218467,-0.001611958348751065,500
0.05,6.0,none,0.7,75,score_cap1,block_by_cap1,true_hits,-18.934,-20.7343,-17.241950000000003,500
0.05,6.0,none,0.7,75,score_cap1,block_by_cap1,fdp,-0.0772376110930104,-0.08700621119276851,-0.06785849525089761,500
0.05,6.0,none,0.7,75,score_cap1,block_by_cap1,fdp_exceeds_q,-0.1,-0.126,-0.072,500
0.05,6.0,none,0.7,75,score_cap1,block_by_cap1,unique_blocks,-30.098,-32.42415,-27.7899,500
0.05,6.0,none,0.7,75,score_cap1,block_by_cap1,max_block_share,0.011625497205905902,0.0100727111625395,0.01327765963365358,500
0.05,6.0,none,0.7,75,score_cap1,block_by_cap1,mean_pairwise_tanimoto,-0.003381801813840859,-0.007991142574697728,0.0015116382345557254,500
0.05,6.0,none,0.7,75,score_cap1,bh_cap1,true_hits,0.0,0.0,0.0,500
0.05,6.0,none,0.7,75,score_cap1,bh_cap1,fdp,-8.616116792076656e-05,-0.0002038356164383559,0.0,500
0.05,6.0,none,0.7,75,score_cap1,bh_cap1,fdp_exceeds_q,-0.002,-0.008,0.0,500
0.05,6.0,none,0.7,75,score_cap1,bh_cap1,unique_blocks,-0.022,-0.05,0.0,500
0.05,6.0,none,0.7,75,score_cap1,bh_cap1,max_block_share,4.137702929908206e-06,0.0,9.85198864419361e-06,500
0.05,6.0,none,0.7,75,score_cap1,bh_cap1,mean_pairwise_tanimoto,1.8944442272183503e-06,-5.861677229407945e-07,6.560683250426913e-06,500
0.05,6.0,none,0.7,75,score_cap1,weighted_bh,true_hits,0.73,0.366,1.0900499999999997,500
0.05,6.0,none,0.7,75,score_cap1,weighted_bh,fdp,-0.009733333333333323,-0.014747999999999995,-0.004638666666666666,500
0.05,6.0,none,0.7,75,score_cap1,weighted_bh,fdp_exceeds_q,0.0,0.0,0.0,500
0.05,6.0,none,0.7,75,score_cap1,weighted_bh,unique_blocks,-18.462,-19.088,-17.86795,500
0.05,6.0,none,0.7,75,score_cap1,weighted_bh,max_block_share,0.06296,0.05925200000000001,0.06712066666666666,500
0.05,6.0,none,0.7,75,score_cap1,weighted_bh,mean_pairwise_tanimoto,0.018298870563507087,0.01702775567695499,0.019626845631748442,500
0.1,1.0,none,0.7,100,score_cap1,chemdeprc_cap1,true_hits,-1.502,-1.67,-1.336,500
0.1,1.0,none,0.7,100,score_cap1,chemdeprc_cap1,fdp,-0.008102957963804676,-0.011077250753236973,-0.005162141066687906,500
0.1,1.0,none,0.7,100,score_cap1,chemdeprc_cap1,fdp_exceeds_q,-0.068,-0.09,-0.044,500
0.1,1.0,none,0.7,100,score_cap1,chemdeprc_cap1,unique_blocks,-5.282,-6.284,-4.295800000000002,500
0.1,1.0,none,0.7,100,score_cap1,chemdeprc_cap1,max_block_share,0.0007408435105623596,0.0006127731436229706,0.0008834036917398155,500
0.1,1.0,none,0.7,100,score_cap1,chemdeprc_cap1,mean_pairwise_tanimoto,0.0015696503818034948,0.001223322954028827,0.0019319612748920757,500
0.1,1.0,none,0.7,100,score_cap1,chemdeprc_scorecap1,true_hits,-1.244,-1.424,-1.076,500
0.1,1.0,none,0.7,100,score_cap1,chemdeprc_scorecap1,fdp,-0.010682957963804675,-0.0134706692725332,-0.00800701939244796,500
0.1,1.0,none,0.7,100,score_cap1,chemdeprc_scorecap1,fdp_exceeds_q,-0.068,-0.09,-0.046,500
0.1,1.0,none,0.7,100,score_cap1,chemdeprc_scorecap1,unique_blocks,-5.282,-6.26805,-4.34995,500
0.1,1.0,none,0.7,100,score_cap1,chemdeprc_scorecap1,max_block_share,0.0007408435105623596,0.0006030753169905086,0.0008826049631674109,500
0.1,1.0,none,0.7,100,score_cap1,chemdeprc_scorecap1,mean_pairwise_tanimoto,0.0018537063896656037,0.0015267843984067434,0.0022174191467463967,500
0.1,1.0,none,0.7,100,score_cap1,hier_bh_cap1,true_hits,-1.502,-1.66405,-1.348,500
0.1,1.0,none,0.7,100,score_cap1,hier_bh_cap1,fdp,-0.008102957963804676,-0.01089163810403135,-0.005329579537046733,500
0.1,1.0,none,0.7,100,score_cap1,hier_bh_cap1,fdp_exceeds_q,-0.068,-0.092,-0.046,500
0.1,1.0,none,0.7,100,score_cap1,hier_bh_cap1,unique_blocks,-5.282,-6.18205,-4.32595,500
0.1,1.0,none,0.7,100,score_cap1,hier_bh_cap1,max_block_share,0.0007408435105623596,0.0006060370623171843,0.0008744610534459238,500
0.1,1.0,none,0.7,100,score_cap1,hier_bh_cap1,mean_pairwise_tanimoto,0.0015696503818034948,0.0012214773371815495,0.0019186938345432138,500
0.1,1.0,none,0.7,100,score_cap1,minp_block_bh_cap1,true_hits,-2.636,-2.8681,-2.3959000000000006,500
0.1,1.0,none,0.7,100,score_cap1,minp_block_bh_cap1,fdp,-0.01401719665843203,-0.01880068381951071,-0.009726946722177367,500
0.1,1.0,none,0.7,100,score_cap1,minp_block_bh_cap1,fdp_exceeds_q,-0.1,-0.128,-0.074,500
0.1,1.0,none,0.7,100,score_cap1,minp_block_bh_cap1,unique_blocks,-7.896,-9.228,-6.674,500
0.1,1.0,none,0.7,100,score_cap1,minp_block_bh_cap1,max_block_share,0.001218870916113622,0.001018576151504406,0.001423784699440383,500
0.1,1.0,none,0.7,100,score_cap1,minp_block_bh_cap1,mean_pairwise_tanimoto,0.002043353110551829,0.001506017936766142,0.0026139733627438514,500
0.1,1.0,none,0.7,100,score_cap1,block_by_cap1,true_hits,-29.026,-31.18605,-27.01395,500
0.1,1.0,none,0.7,100,score_cap1,block_by_cap1,fdp,-0.198555241654844,-0.21420104960706393,-0.1841336077765633,500
0.1,1.0,none,0.7,100,score_cap1,block_by_cap1,fdp_exceeds_q,-0.1,-0.126,-0.074,500
0.1,1.0,none,0.7,100,score_cap1,block_by_cap1,unique_blocks,-53.636,-56.4421,-50.90575,500
0.1,1.0,none,0.7,100,score_cap1,block_by_cap1,max_block_share,0.01868653890373025,0.016372687805871023,0.02071319089551014,500
0.1,1.0,none,0.7,100,score_cap1,block_by_cap1,mean_pairwise_tanimoto,0.016011543124914176,0.010609387376159435,0.02123819103837012,500
0.1,1.0,none,0.7,100,score_cap1,bh_cap1,true_hits,-0.73,-0.87,-0.596,500
0.1,1.0,none,0.7,100,score_cap1,bh_cap1,fdp,-0.006076253563291976,-0.007385064379920505,-0.004831389627723342,500
0.1,1.0,none,0.7,100,score_cap1,bh_cap1,fdp_exceeds_q,-0.03,-0.046,-0.016,500
0.1,1.0,none,0.7,100,score_cap1,bh_cap1,unique_blocks,-3.456,-4.17405,-2.773850000000001,500
0.1,1.0,none,0.7,100,score_cap1,bh_cap1,max_block_share,0.0004611660178170527,0.000358803217451525,0.0005724694302961403,500
0.1,1.0,none,0.7,100,score_cap1,bh_cap1,mean_pairwise_tanimoto,0.0012583116590976723,0.0010135453894734392,0.0015067330040037649,500
0.1,1.0,none,0.7,100,score_cap1,weighted_bh,true_hits,9.796,9.054,10.466,500
0.1,1.0,none,0.7,100,score_cap1,weighted_bh,fdp,-0.10036693155646191,-0.10746143539047523,-0.09293360213769673,500
0.1,1.0,none,0.7,100,score_cap1,weighted_bh,fdp_exceeds_q,-0.032,-0.048,-0.018,500
0.1,1.0,none,0.7,100,score_cap1,weighted_bh,unique_blocks,-25.982,-26.64,-25.2979,500
0.1,1.0,none,0.7,100,score_cap1,weighted_bh,max_block_share,0.0505750446760015,0.049005808630416724,0.05222081990776813,500
0.1,1.0,none,0.7,100,score_cap1,weighted_bh,mean_pairwise_tanimoto,0.02269780069589615,0.021114181652665133,0.02432678805738688,500
0.1,1.0,none,0.7,20,score_cap1,chemdeprc_cap1,true_hits,0.176,0.134,0.22,500
0.1,1.0,none,0.7,20,score_cap1,chemdeprc_cap1,fdp,-0.0088,-0.011100000000000002,-0.0066000000000000026,500
0.1,1.0,none,0.7,20,score_cap1,chemdeprc_cap1,fdp_exceeds_q,0.0,0.0,0.0,500
0.1,1.0,none,0.7,20,score_cap1,chemdeprc_cap1,unique_blocks,0.0,0.0,0.0,500
0.1,1.0,none,0.7,20,score_cap1,chemdeprc_cap1,max_block_share,0.0,0.0,0.0,500
0.1,1.0,none,0.7,20,score_cap1,chemdeprc_cap1,mean_pairwise_tanimoto,-0.00965382570028305,-0.01138671929091215,-0.008064714854210616,500
0.1,1.0,none,0.7,20,score_cap1,chemdeprc_scorecap1,true_hits,0.0,0.0,0.0,500
0.1,1.0,none,0.7,20,score_cap1,chemdeprc_scorecap1,fdp,0.0,0.0,0.0,500
0.1,1.0,none,0.7,20,score_cap1,chemdeprc_scorecap1,fdp_exceeds_q,0.0,0.0,0.0,500
0.1,1.0,none,0.7,20,score_cap1,chemdeprc_scorecap1,unique_blocks,0.0,0.0,0.0,500
0.1,1.0,none,0.7,20,score_cap1,chemdeprc_scorecap1,max_block_share,0.0,0.0,0.0,500
0.1,1.0,none,0.7,20,score_cap1,chemdeprc_scorecap1,mean_pairwise_tanimoto,0.0,0.0,0.0,500
0.1,1.0,none,0.7,20,score_cap1,hier_bh_cap1,true_hits,0.176,0.13395,0.218,500
0.1,1.0,none,0.7,20,score_cap1,hier_bh_cap1,fdp,-0.0088,-0.010900000000000003,-0.006700000000000003,500
0.1,1.0,none,0.7,20,score_cap1,hier_bh_cap1,fdp_exceeds_q,0.0,0.0,0.0,500
0.1,1.0,none,0.7,20,score_cap1,hier_bh_cap1,unique_blocks,0.0,0.0,0.0,500
0.1,1.0,none,0.7,20,score_cap1,hier_bh_cap1,max_block_share,0.0,0.0,0.0,500
0.1,1.0,none,0.7,20,score_cap1,hier_bh_cap1,mean_pairwise_tanimoto,-0.00965382570028305,-0.011333546509593726,-0.008012253231555225,500
0.1,1.0,none,0.7,20,score_cap1,minp_block_bh_cap1,true_hits,0.214,0.16,0.27,500
0.1,1.0,none,0.7,20,score_cap1,minp_block_bh_cap1,fdp,-0.010700000000000001,-0.013400000000000002,-0.007900000000000003,500
0.1,1.0,none,0.7,20,score_cap1,minp_block_bh_cap1,fdp_exceeds_q,0.0,0.0,0.0,500
0.1,1.0,none,0.7,20,score_cap1,minp_block_bh_cap1,unique_blocks,0.0,0.0,0.0,500
0.1,1.0,none,0.7,20,score_cap1,minp_block_bh_cap1,max_block_share,0.0,0.0,0.0,500
0.1,1.0,none,0.7,20,score_cap1,minp_block_bh_cap1,mean_pairwise_tanimoto,-0.01620956698060037,-0.018457322818040862,-0.014123898544907585,500
0.1,1.0,none,0.7,20,score_cap1,block_by_cap1,true_hits,-2.378,-2.922,-1.8559500000000004,500
0.1,1.0,none,0.7,20,score_cap1,block_by_cap1,fdp,-0.036884615384615384,-0.044451474358974355,-0.02939961538461539,500
0.1,1.0,none,0.7,20,score_cap1,block_by_cap1,fdp_exceeds_q,0.0,0.0,0.0,500
0.1,1.0,none,0.7,20,score_cap1,block_by_cap1,unique_blocks,-3.284,-3.85405,-2.758,500
0.1,1.0,none,0.7,20,score_cap1,block_by_cap1,max_block_share,-8.119658119659224e-05,-0.0018906837606837714,0.0015538461538461394,500
0.1,1.0,none,0.7,20,score_cap1,block_by_cap1,mean_pairwise_tanimoto,-0.026184695184230805,-0.03185591788738966,-0.02083247906491161,500
0.1,1.0,none,0.7,20,score_cap1,bh_cap1,true_hits,0.0,0.0,0.0,500
0.1,1.0,none,0.7,20,score_cap1,bh_cap1,fdp,0.0,0.0,0.0,500
0.1,1.0,none,0.7,20,score_cap1,bh_cap1,fdp_exceeds_q,0.0,0.0,0.0,500
0.1,1.0,none,0.7,20,score_cap1,bh_cap1,unique_blocks,0.0,0.0,0.0,500
0.1,1.0,none,0.7,20,score_cap1,bh_cap1,max_block_share,0.0,0.0,0.0,500
0.1,1.0,none,0.7,20,score_cap1,bh_cap1,mean_pairwise_tanimoto,0.0,0.0,0.0,500
0.1,1.0,none,0.7,20,score_cap1,weighted_bh,true_hits,0.42,0.366,0.476,500
0.1,1.0,none,0.7,20,score_cap1,weighted_bh,fdp,-0.021,-0.023899999999999998,-0.018200000000000004,500
0.1,1.0,none,0.7,20,score_cap1,weighted_bh,fdp_exceeds_q,0.0,0.0,0.0,500
0.1,1.0,none,0.7,20,score_cap1,weighted_bh,unique_blocks,-0.816,-0.924,-0.706,500
0.1,1.0,none,0.7,20,score_cap1,weighted_bh,max_block_share,0.020500000000000004,0.018299999999999997,0.022602499999999987,500
0.1,1.0,none,0.7,20,score_cap1,weighted_bh,mean_pairwise_tanimoto,-0.01362316089868547,-0.015401433698833003,-0.011823308383673448,500
0.1,1.0,none,0.7,30,score_cap1,chemdeprc_cap1,true_hits,0.04,-0.026,0.108,500
0.1,1.0,none,0.7,30,score_cap1,chemdeprc_cap1,fdp,-0.001333333333333334,-0.003599999999999997,0.0008666666666666679,500
0.1,1.0,none,0.7,30,score_cap1,chemdeprc_cap1,fdp_exceeds_q,0.0,0.0,0.0,500
0.1,1.0,none,0.7,30,score_cap1,chemdeprc_cap1,unique_blocks,0.0,0.0,0.0,500
0.1,1.0,none,0.7,30,score_cap1,chemdeprc_cap1,max_block_share,0.0,0.0,0.0,500
0.1,1.0,none,0.7,30,score_cap1,chemdeprc_cap1,mean_pairwise_tanimoto,-0.0036901347637176467,-0.004889897879213091,-0.002539093426614994,500
0.1,1.0,none,0.7,30,score_cap1,chemdeprc_scorecap1,true_hits,0.0,0.0,0.0,500
0.1,1.0,none,0.7,30,score_cap1,chemdeprc_scorecap1,fdp,0.0,0.0,0.0,500
0.1,1.0,none,0.7,30,score_cap1,chemdeprc_scorecap1,fdp_exceeds_q,0.0,0.0,0.0,500
0.1,1.0,none,0.7,30,score_cap1,chemdeprc_scorecap1,unique_blocks,0.0,0.0,0.0,500
0.1,1.0,none,0.7,30,score_cap1,chemdeprc_scorecap1,max_block_share,0.0,0.0,0.0,500
0.1,1.0,none,0.7,30,score_cap1,chemdeprc_scorecap1,mean_pairwise_tanimoto,0.00019202175736427157,0.0001357601575553406,0.00026212007105350305,500
0.1,1.0,none,0.7,30,score_cap1,hier_bh_cap1,true_hits,0.04,-0.028,0.104,500
0.1,1.0,none,0.7,30,score_cap1,hier_bh_cap1,fdp,-0.001333333333333334,-0.0035333333333333306,0.0010666666666666643,500
0.1,1.0,none,0.7,30,score_cap1,hier_bh_cap1,fdp_exceeds_q,0.0,0.0,0.0,500
0.1,1.0,none,0.7,30,score_cap1,hier_bh_cap1,unique_blocks,0.0,0.0,0.0,500
0.1,1.0,none,0.7,30,score_cap1,hier_bh_cap1,max_block_share,0.0,0.0,0.0,500
0.1,1.0,none,0.7,30,score_cap1,hier_bh_cap1,mean_pairwise_tanimoto,-0.0036901347637176467,-0.004855738651752466,-0.002468468165397638,500
0.1,1.0,none,0.7,30,score_cap1,minp_block_bh_cap1,true_hits,-0.408,-0.53,-0.28795000000000026,500
0.1,1.0,none,0.7,30,score_cap1,minp_block_bh_cap1,fdp,0.013600000000000008,0.009400000000000004,0.017734999999999997,500
0.1,1.0,none,0.7,30,score_cap1,minp_block_bh_cap1,fdp_exceeds_q,0.0,0.0,0.0,500
0.1,1.0,none,0.7,30,score_cap1,minp_block_bh_cap1,unique_blocks,0.0,0.0,0.0,500
0.1,1.0,none,0.7,30,score_cap1,minp_block_bh_cap1,max_block_share,0.0,0.0,0.0,500
0.1,1.0,none,0.7,30,score_cap1,minp_block_bh_cap1,mean_pairwise_tanimoto,-0.012011176109313975,-0.013613293493539106,-0.010375501891970642,500
0.1,1.0,none,0.7,30,score_cap1,block_by_cap1,true_hits,-4.904,-5.720149999999999,-4.1759,500
0.1,1.0,none,0.7,30,score_cap1,block_by_cap1,fdp,-0.042479487179487185,-0.053371923076923074,-0.03215211538461539,500
0.1,1.0,none,0.7,30,score_cap1,block_by_cap1,fdp_exceeds_q,0.0,0.0,0.0,500
0.1,1.0,none,0.7,30,score_cap1,block_by_cap1,unique_blocks,-6.684,-7.6064,-5.775750000000001,500
0.1,1.0,none,0.7,30,score_cap1,block_by_cap1,max_block_share,0.005431623931623928,0.003605918803418802,0.007292628205128201,500
0.1,1.0,none,0.7,30,score_cap1,block_by_cap1,mean_pairwise_tanimoto,-0.01814991357922553,-0.023588109368830906,-0.01310833069458604,500
0.1,1.0,none,0.7,30,score_cap1,bh_cap1,true_hits,0.0,0.0,0.0,500
0.1,1.0,none,0.7,30,score_cap1,bh_cap1,fdp,0.0,0.0,0.0,500
0.1,1.0,none,0.7,30,score_cap1,bh_cap1,fdp_exceeds_q,0.0,0.0,0.0,500
0.1,1.0,none,0.7,30,score_cap1,bh_cap1,unique_blocks,0.0,0.0,0.0,500
0.1,1.0,none,0.7,30,score_cap1,bh_cap1,max_block_share,0.0,0.0,0.0,500
0.1,1.0,none,0.7,30,score_cap1,bh_cap1,mean_pairwise_tanimoto,0.0,0.0,0.0,500
0.1,1.0,none,0.7,30,score_cap1,weighted_bh,true_hits,-0.12,-0.246,0.01,500
0.1,1.0,none,0.7,30,score_cap1,weighted_bh,fdp,0.003999999999999997,-6.666666666666587e-05,0.008266666666666669,500
0.1,1.0,none,0.7,30,score_cap1,weighted_bh,fdp_exceeds_q,0.0,0.0,0.0,500
0.1,1.0,none,0.7,30,score_cap1,weighted_bh,unique_blocks,-2.132,-2.298,-1.9579500000000003,500
0.1,1.0,none,0.7,30,score_cap1,weighted_bh,max_block_share,0.03366666666666664,0.03133333333333332,0.03606666666666665,500
0.1,1.0,none,0.7,30,score_cap1,weighted_bh,mean_pairwise_tanimoto,-0.007306266427040107,-0.008944172958284627,-0.00559732508733869,500
0.1,1.0,none,0.7,50,score_cap1,chemdeprc_cap1,true_hits,0.028,-0.03,0.09,500
0.1,1.0,none,0.7,50,score_cap1,chemdeprc_cap1,fdp,-0.0005599999999999981,-0.001799999999999998,0.0006400000000000018,500
0.1,1.0,none,0.7,50,score_cap1,chemdeprc_cap1,fdp_exceeds_q,0.0,0.0,0.0,500
0.1,1.0,none,0.7,50,score_cap1,chemdeprc_cap1,unique_blocks,0.0,0.0,0.0,500
0.1,1.0,none,0.7,50,score_cap1,chemdeprc_cap1,max_block_share,0.0,0.0,0.0,500
0.1,1.0,none,0.7,50,score_cap1,chemdeprc_cap1,mean_pairwise_tanimoto,-0.0008665822744369403,-0.0012299600549042162,-0.0004936941191553903,500
0.1,1.0,none,0.7,50,score_cap1,chemdeprc_scorecap1,true_hits,-0.064,-0.086,-0.042,500
0.1,1.0,none,0.7,50,score_cap1,chemdeprc_scorecap1,fdp,0.0012800000000000012,0.0008400000000000008,0.0017200000000000015,500
0.1,1.0,none,0.7,50,score_cap1,chemdeprc_scorecap1,fdp_exceeds_q,0.0,0.0,0.0,500
0.1,1.0,none,0.7,50,score_cap1,chemdeprc_scorecap1,unique_blocks,0.0,0.0,0.0,500
0.1,1.0,none,0.7,50,score_cap1,chemdeprc_scorecap1,max_block_share,0.0,0.0,0.0,500
0.1,1.0,none,0.7,50,score_cap1,chemdeprc_scorecap1,mean_pairwise_tanimoto,1.3243496417999211e-05,-2.4739244580268004e-05,4.989149793982417e-05,500
0.1,1.0,none,0.7,50,score_cap1,hier_bh_cap1,true_hits,0.028,-0.034,0.086,500
0.1,1.0,none,0.7,50,score_cap1,hier_bh_cap1,fdp,-0.0005599999999999981,-0.0017599999999999981,0.0006800000000000018,500
0.1,1.0,none,0.7,50,score_cap1,hier_bh_cap1,fdp_exceeds_q,0.0,0.0,0.0,500
0.1,1.0,none,0.7,50,score_cap1,hier_bh_cap1,unique_blocks,0.0,0.0,0.0,500
0.1,1.0,none,0.7,50,score_cap1,hier_bh_cap1,max_block_share,0.0,0.0,0.0,500
0.1,1.0,none,0.7,50,score_cap1,hier_bh_cap1,mean_pairwise_tanimoto,-0.0008665822744369403,-0.0012253538131713811,-0.0004811589084565548,500
0.1,1.0,none,0.7,50,score_cap1,minp_block_bh_cap1,true_hits,-0.608,-0.718,-0.494,500
0.1,1.0,none,0.7,50,score_cap1,minp_block_bh_cap1,fdp,0.01216,0.009920000000000002,0.014440999999999996,500
0.1,1.0,none,0.7,50,score_cap1,minp_block_bh_cap1,fdp_exceeds_q,0.0,0.0,0.0,500
0.1,1.0,none,0.7,50,score_cap1,minp_block_bh_cap1,unique_blocks,0.0,0.0,0.0,500
0.1,1.0,none,0.7,50,score_cap1,minp_block_bh_cap1,max_block_share,0.0,0.0,0.0,500
0.1,1.0,none,0.7,50,score_cap1,minp_block_bh_cap1,mean_pairwise_tanimoto,-0.008804111540317535,-0.010234029427170756,-0.007450558070093396,500
0.1,1.0,none,0.7,50,score_cap1,block_by_cap1,true_hits,-11.152,-12.4146,-9.95575,500
0.1,1.0,none,0.7,50,score_cap1,block_by_cap1,fdp,-0.07744797202797205,-0.0916999498834499,-0.0642231972610723,500
0.1,1.0,none,0.7,50,score_cap1,block_by_cap1,fdp_exceeds_q,0.0,0.0,0.0,500
0.1,1.0,none,0.7,50,score_cap1,block_by_cap1,unique_blocks,-16.464,-17.984150000000003,-14.8539,500
0.1,1.0,none,0.7,50,score_cap1,block_by_cap1,max_block_share,0.011871017871017851,0.00990512718531467,0.013956948135198113,500
0.1,1.0,none,0.7,50,score_cap1,block_by_cap1,mean_pairwise_tanimoto,-0.00904351973533629,-0.01356095656752585,-0.004457528603076921,500
0.1,1.0,none,0.7,50,score_cap1,bh_cap1,true_hits,0.0,0.0,0.0,500
0.1,1.0,none,0.7,50,score_cap1,bh_cap1,fdp,0.0,0.0,0.0,500
0.1,1.0,none,0.7,50,score_cap1,bh_cap1,fdp_exceeds_q,0.0,0.0,0.0,500
0.1,1.0,none,0.7,50,score_cap1,bh_cap1,unique_blocks,0.0,0.0,0.0,500
0.1,1.0,none,0.7,50,score_cap1,bh_cap1,max_block_share,0.0,0.0,0.0,500
0.1,1.0,none,0.7,50,score_cap1,bh_cap1,mean_pairwise_tanimoto,0.0,0.0,0.0,500
0.1,1.0,none,0.7,50,score_cap1,weighted_bh,true_hits,0.598,0.43795,0.772,500
0.1,1.0,none,0.7,50,score_cap1,weighted_bh,fdp,-0.01196,-0.015000999999999999,-0.008639000000000003,500
0.1,1.0,none,0.7,50,score_cap1,weighted_bh,fdp_exceeds_q,0.0,0.0,0.0,500
0.1,1.0,none,0.7,50,score_cap1,weighted_bh,unique_blocks,-6.408,-6.8222000000000005,-6.0359,500
0.1,1.0,none,0.7,50,score_cap1,weighted_bh,max_block_share,0.044680000000000004,0.04224000000000001,0.047159999999999994,500
0.1,1.0,none,0.7,50,score_cap1,weighted_bh,mean_pairwise_tanimoto,-0.001889193803071973,-0.003824129005521535,2.759049013257086e-05,500
0.1,1.0,none,0.7,75,score_cap1,chemdeprc_cap1,true_hits,-0.114,-0.204,-0.02,500
0.1,1.0,none,0.7,75,score_cap1,chemdeprc_cap1,fdp,-0.0013593223975620682,-0.002915295797817455,7.187193337756444e-05,500
0.1,1.0,none,0.7,75,score_cap1,chemdeprc_cap1,fdp_exceeds_q,-0.068,-0.09,-0.046,500
0.1,1.0,none,0.7,75,score_cap1,chemdeprc_cap1,unique_blocks,-0.678,-0.92605,-0.462,500
0.1,1.0,none,0.7,75,score_cap1,chemdeprc_cap1,max_block_share,0.000140913734744945,9.45898912443094e-05,0.0001930281278616395,500
0.1,1.0,none,0.7,75,score_cap1,chemdeprc_cap1,mean_pairwise_tanimoto,2.379474043847507e-05,-0.00014238162189720237,0.0002030146315693964,500
0.1,1.0,none,0.7,75,score_cap1,chemdeprc_scorecap1,true_hits,0.202,0.15,0.254,500
0.1,1.0,none,0.7,75,score_cap1,chemdeprc_scorecap1,fdp,-0.005572655730895397,-0.006689164639597911,-0.004530296173811003,500
0.1,1.0,none,0.7,75,score_cap1,chemdeprc_scorecap1,fdp_exceeds_q,-0.068,-0.092,-0.048,500
0.1,1.0,none,0.7,75,score_cap1,chemdeprc_scorecap1,unique_blocks,-0.678,-0.91,-0.4559500000000003,500
0.1,1.0,none,0.7,75,score_cap1,chemdeprc_scorecap1,max_block_share,0.000140913734744945,9.347200175128271e-05,0.0001923214727835293,500
0.1,1.0,none,0.7,75,score_cap1,chemdeprc_scorecap1,mean_pairwise_tanimoto,0.0003818092048168142,0.00025826221853494344,0.0005082953579723788,500
0.1,1.0,none,0.7,75,score_cap1,hier_bh_cap1,true_hits,-0.114,-0.21005,-0.026,500
0.1,1.0,none,0.7,75,score_cap1,hier_bh_cap1,fdp,-0.0013593223975620682,-0.0027874398276449878,5.831485378037015e-05,500
0.1,1.0,none,0.7,75,score_cap1,hier_bh_cap1,fdp_exceeds_q,-0.068,-0.09,-0.046,500
0.1,1.0,none,0.7,75,score_cap1,hier_bh_cap1,unique_blocks,-0.678,-0.9041,-0.438,500
0.1,1.0,none,0.7,75,score_cap1,hier_bh_cap1,max_block_share,0.000140913734744945,9.346794003045927e-05,0.00019100414003024236,500
0.1,1.0,none,0.7,75,score_cap1,hier_bh_cap1,mean_pairwise_tanimoto,2.379474043847507e-05,-0.00015527411997316487,0.00019572084471584616,500
0.1,1.0,none,0.7,75,score_cap1,minp_block_bh_cap1,true_hits,-0.96,-1.0840500000000002,-0.8439500000000002,500
0.1,1.0,none,0.7,75,score_cap1,minp_block_bh_cap1,fdp,-0.0010969758550508808,-0.0041218162773022735,0.002033918324656427,500
0.1,1.0,none,0.7,75,score_cap1,minp_block_bh_cap1,fdp_exceeds_q,-0.1,-0.128,-0.074,500
0.1,1.0,none,0.7,75,score_cap1,minp_block_bh_cap1,unique_blocks,-2.246,-2.6801500000000003,-1.8299000000000005,500
0.1,1.0,none,0.7,75,score_cap1,minp_block_bh_cap1,max_block_share,0.0004826358320066577,0.00038875531514500597,0.0005801237363999031,500
0.1,1.0,none,0.7,75,score_cap1,minp_block_bh_cap1,mean_pairwise_tanimoto,-0.0021879658997058793,-0.002595471460372199,-0.001733145482838148,500
0.1,1.0,none,0.7,75,score_cap1,block_by_cap1,true_hits,-19.286,-21.016299999999998,-17.633550000000003,500
0.1,1.0,none,0.7,75,score_cap1,block_by_cap1,fdp,-0.12448118003019414,-0.14126129367541693,-0.10832611593948566,500
0.1,1.0,none,0.7,75,score_cap1,block_by_cap1,fdp_exceeds_q,-0.1,-0.126,-0.074,500
0.1,1.0,none,0.7,75,score_cap1,block_by_cap1,unique_blocks,-31.536,-33.9502,-29.12985,500
0.1,1.0,none,0.7,75,score_cap1,block_by_cap1,max_block_share,0.015809788203450168,0.013672717907874598,0.018064968577425438,500
0.1,1.0,none,0.7,75,score_cap1,block_by_cap1,mean_pairwise_tanimoto,0.0017655113339424436,-0.0033112480789422747,0.006618112663924715,500
0.1,1.0,none,0.7,75,score_cap1,bh_cap1,true_hits,-0.028,-0.044,-0.014,500
0.1,1.0,none,0.7,75,score_cap1,bh_cap1,fdp,-0.0013208766173440944,-0.0019911982971110415,-0.0007202008339645834,500
0.1,1.0,none,0.7,75,score_cap1,bh_cap1,fdp_exceeds_q,-0.03,-0.046,-0.016,500
0.1,1.0,none,0.7,75,score_cap1,bh_cap1,unique_blocks,-0.396,-0.59205,-0.218,500
0.1,1.0,none,0.7,75,score_cap1,bh_cap1,max_block_share,8.48296787760036e-05,4.7301041480212236e-05,0.00012824395769570253,500
0.1,1.0,none,0.7,75,score_cap1,bh_cap1,mean_pairwise_tanimoto,6.616961956024115e-05,3.4052511304617025e-05,0.00010368369147181448,500
0.1,1.0,none,0.7,75,score_cap1,weighted_bh,true_hits,3.002,2.582,3.416,500
0.1,1.0,none,0.7,75,score_cap1,weighted_bh,fdp,-0.04002666666666666,-0.0456,-0.034480000000000004,500
0.1,1.0,none,0.7,75,score_cap1,weighted_bh,fdp_exceeds_q,-0.034,-0.052,-0.018,500
0.1,1.0,none,0.7,75,score_cap1,weighted_bh,unique_blocks,-15.074,-15.556099999999999,-14.597850000000001,500
0.1,1.0,none,0.7,75,score_cap1,weighted_bh,max_block_share,0.04629333333333335,0.04448000000000002,0.04797333333333334,500
0.1,1.0,none,0.7,75,score_cap1,weighted_bh,mean_pairwise_tanimoto,0.01713227900862696,0.015878512383997463,0.01834202804788949,500
0.1,2.0,none,0.7,100,score_cap1,chemdeprc_cap1,true_hits,-1.31,-1.45,-1.178,500
0.1,2.0,none,0.7,100,score_cap1,chemdeprc_cap1,fdp,-0.004515220106646621,-0.006779766192196978,-0.002217506808815901,500
0.1,2.0,none,0.7,100,score_cap1,chemdeprc_cap1,fdp_exceeds_q,-0.01,-0.02,-0.002,500
0.1,2.0,none,0.7,100,score_cap1,chemdeprc_cap1,unique_blocks,-3.972,-4.714,-3.25595,500
0.1,2.0,none,0.7,100,score_cap1,chemdeprc_cap1,max_block_share,0.0005028350806294183,0.0004131354541077103,0.00059659645565395,500
0.1,2.0,none,0.7,100,score_cap1,chemdeprc_cap1,mean_pairwise_tanimoto,0.0010668171644210682,0.0007863769203424319,0.0013502614654600494,500
0.1,2.0,none,0.7,100,score_cap1,chemdeprc_scorecap1,true_hits,-1.01,-1.15405,-0.8739500000000002,500
0.1,2.0,none,0.7,100,score_cap1,chemdeprc_scorecap1,fdp,-0.007515220106646622,-0.00969986116274904,-0.005454853965827271,500
0.1,2.0,none,0.7,100,score_cap1,chemdeprc_scorecap1,fdp_exceeds_q,-0.01,-0.02,-0.002,500
0.1,2.0,none,0.7,100,score_cap1,chemdeprc_scorecap1,unique_blocks,-3.972,-4.71835,-3.2517000000000014,500
0.1,2.0,none,0.7,100,score_cap1,chemdeprc_scorecap1,max_block_share,0.0005028350806294183,0.000410216261899417,0.0006046166530462832,500
0.1,2.0,none,0.7,100,score_cap1,chemdeprc_scorecap1,mean_pairwise_tanimoto,0.0012166500985622388,0.0009534664668142791,0.00149741804897785,500
0.1,2.0,none,0.7,100,score_cap1,hier_bh_cap1,true_hits,-1.31,-1.456,-1.1759500000000003,500
0.1,2.0,none,0.7,100,score_cap1,hier_bh_cap1,fdp,-0.004515220106646621,-0.006848840020987359,-0.002244861235372601,500
0.1,2.0,none,0.7,100,score_cap1,hier_bh_cap1,fdp_exceeds_q,-0.01,-0.02,-0.002,500
0.1,2.0,none,0.7,100,score_cap1,hier_bh_cap1,unique_blocks,-3.972,-4.70005,-3.26795,500
0.1,2.0,none,0.7,100,score_cap1,hier_bh_cap1,max_block_share,0.0005028350806294183,0.00040890558138219964,0.0005932277557256168,500
0.1,2.0,none,0.7,100,score_cap1,hier_bh_cap1,mean_pairwise_tanimoto,0.0010668171644210682,0.0007971101231872899,0.0013662986136972778,500
0.1,2.0,none,0.7,100,score_cap1,minp_block_bh_cap1,true_hits,-2.55,-2.766,-2.332,500
0.1,2.0,none,0.7,100,score_cap1,minp_block_bh_cap1,fdp,-0.012219342773745975,-0.016612114424570026,-0.008022751173499727,500
0.1,2.0,none,0.7,100,score_cap1,minp_block_bh_cap1,fdp_exceeds_q,-0.1,-0.128,-0.076,500
0.1,2.0,none,0.7,100,score_cap1,minp_block_bh_cap1,unique_blocks,-7.462,-8.6861,-6.2977500000000015,500
0.1,2.0,none,0.7,100,score_cap1,minp_block_bh_cap1,max_block_share,0.0011140661491815527,0.0009354328012671883,0.0013025828974420656,500
0.1,2.0,none,0.7,100,score_cap1,minp_block_bh_cap1,mean_pairwise_tanimoto,0.0018548269569873769,0.0013818851880729173,0.002390447983890766,500
0.1,2.0,none,0.7,100,score_cap1,block_by_cap1,true_hits,-28.834,-30.9441,-26.8579,500
0.1,2.0,none,0.7,100,score_cap1,block_by_cap1,fdp,-0.18740776235320078,-0.20007735720790845,-0.17395531885198479,500
0.1,2.0,none,0.7,100,score_cap1,block_by_cap1,fdp_exceeds_q,-0.1,-0.128,-0.074,500
0.1,2.0,none,0.7,100,score_cap1,block_by_cap1,unique_blocks,-53.244,-55.93215,-50.523700000000005,500
0.1,2.0,none,0.7,100,score_cap1,block_by_cap1,max_block_share,0.017650117194287128,0.01565196471868787,0.01977657637382397,500
0.1,2.0,none,0.7,100,score_cap1,block_by_cap1,mean_pairwise_tanimoto,0.015345466524362573,0.009656966269016276,0.020321849332004784,500
0.1,2.0,none,0.7,100,score_cap1,bh_cap1,true_hits,-0.386,-0.482,-0.296,500
0.1,2.0,none,0.7,100,score_cap1,bh_cap1,fdp,-0.003248856040851518,-0.004145129687308973,-0.002340177071972471,500
0.1,2.0,none,0.7,100,score_cap1,bh_cap1,fdp_exceeds_q,0.0,0.0,0.0,500
0.1,2.0,none,0.7,100,score_cap1,bh_cap1,unique_blocks,-1.38,-1.734,-1.054,500
0.1,2.0,none,0.7,100,score_cap1,bh_cap1,max_block_share,0.00015732644534353555,0.00011829142150432763,0.00019628115838867693,500
0.1,2.0,none,0.7,100,score_cap1,bh_cap1,mean_pairwise_tanimoto,0.0006474904716014881,0.0004899689242243781,0.0008186056435108203,500
0.1,2.0,none,0.7,100,score_cap1,weighted_bh,true_hits,9.33,8.6379,10.052,500
0.1,2.0,none,0.7,100,score_cap1,weighted_bh,fdp,-0.09342932317404838,-0.10037745266102956,-0.08680189861564251,500
0.1,2.0,none,0.7,100,score_cap1,weighted_bh,fdp_exceeds_q,0.0,0.0,0.0,500
0.1,2.0,none,0.7,100,score_cap1,weighted_bh,unique_blocks,-26.01,-26.6961,-25.34775,500
0.1,2.0,none,0.7,100,score_cap1,weighted_bh,max_block_share,0.0524869873170005,0.05064746148055238,0.05424157763103927,500
0.1,2.0,none,0.7,100,score_cap1,weighted_bh,mean_pairwise_tanimoto,0.022788825035095217,0.021225357633084058,0.02428130764216185,500
0.1,2.0,none,0.7,20,score_cap1,chemdeprc_cap1,true_hits,0.204,0.154,0.256,500
0.1,2.0,none,0.7,20,score_cap1,chemdeprc_cap1,fdp,-0.010200000000000002,-0.012800000000000002,-0.007600000000000003,500
0.1,2.0,none,0.7,20,score_cap1,chemdeprc_cap1,fdp_exceeds_q,0.0,0.0,0.0,500
0.1,2.0,none,0.7,20,score_cap1,chemdeprc_cap1,unique_blocks,0.0,0.0,0.0,500
0.1,2.0,none,0.7,20,score_cap1,chemdeprc_cap1,max_block_share,0.0,0.0,0.0,500
0.1,2.0,none,0.7,20,score_cap1,chemdeprc_cap1,mean_pairwise_tanimoto,-0.008813492059707644,-0.010528470605611804,-0.007150146029144528,500
0.1,2.0,none,0.7,20,score_cap1,chemdeprc_scorecap1,true_hits,0.0,0.0,0.0,500
0.1,2.0,none,0.7,20,score_cap1,chemdeprc_scorecap1,fdp,0.0,0.0,0.0,500
0.1,2.0,none,0.7,20,score_cap1,chemdeprc_scorecap1,fdp_exceeds_q,0.0,0.0,0.0,500
0.1,2.0,none,0.7,20,score_cap1,chemdeprc_scorecap1,unique_blocks,0.0,0.0,0.0,500
0.1,2.0,none,0.7,20,score_cap1,chemdeprc_scorecap1,max_block_share,0.0,0.0,0.0,500
0.1,2.0,none,0.7,20,score_cap1,chemdeprc_scorecap1,mean_pairwise_tanimoto,0.0,0.0,0.0,500
0.1,2.0,none,0.7,20,score_cap1,hier_bh_cap1,true_hits,0.204,0.15,0.254,500
0.1,2.0,none,0.7,20,score_cap1,hier_bh_cap1,fdp,-0.010200000000000002,-0.012900000000000002,-0.0074975000000000154,500
0.1,2.0,none,0.7,20,score_cap1,hier_bh_cap1,fdp_exceeds_q,0.0,0.0,0.0,500
0.1,2.0,none,0.7,20,score_cap1,hier_bh_cap1,unique_blocks,0.0,0.0,0.0,500
0.1,2.0,none,0.7,20,score_cap1,hier_bh_cap1,max_block_share,0.0,0.0,0.0,500
0.1,2.0,none,0.7,20,score_cap1,hier_bh_cap1,mean_pairwise_tanimoto,-0.008813492059707644,-0.010429667265713217,-0.0071948160454630905,500
0.1,2.0,none,0.7,20,score_cap1,minp_block_bh_cap1,true_hits,0.404,0.332,0.478,500
0.1,2.0,none,0.7,20,score_cap1,minp_block_bh_cap1,fdp,-0.020200000000000003,-0.024000000000000004,-0.016700000000000003,500
0.1,2.0,none,0.7,20,score_cap1,minp_block_bh_cap1,fdp_exceeds_q,0.0,0.0,0.0,500
0.1,2.0,none,0.7,20,score_cap1,minp_block_bh_cap1,unique_blocks,0.0,0.0,0.0,500
0.1,2.0,none,0.7,20,score_cap1,minp_block_bh_cap1,max_block_share,0.0,0.0,0.0,500
0.1,2.0,none,0.7,20,score_cap1,minp_block_bh_cap1,mean_pairwise_tanimoto,-0.015308433443307887,-0.0175031976774335,-0.013118448918312804,500
0.1,2.0,none,0.7,20,score_cap1,block_by_cap1,true_hits,-2.194,-2.71405,-1.6959500000000003,500
0.1,2.0,none,0.7,20,score_cap1,block_by_cap1,fdp,-0.036033031674208155,-0.04308708521870287,-0.029218759426847665,500
0.1,2.0,none,0.7,20,score_cap1,block_by_cap1,fdp_exceeds_q,0.0,0.0,0.0,500
0.1,2.0,none,0.7,20,score_cap1,block_by_cap1,unique_blocks,-3.094,-3.606,-2.56395,500
0.1,2.0,none,0.7,20,score_cap1,block_by_cap1,max_block_share,-0.0009951106083459101,-0.0027518750000000074,0.0006375970965309096,500
0.1,2.0,none,0.7,20,score_cap1,block_by_cap1,mean_pairwise_tanimoto,-0.025937412738800045,-0.031542144200950854,-0.02054739473685623,500
0.1,2.0,none,0.7,20,score_cap1,bh_cap1,true_hits,0.0,0.0,0.0,500
0.1,2.0,none,0.7,20,score_cap1,bh_cap1,fdp,0.0,0.0,0.0,500
0.1,2.0,none,0.7,20,score_cap1,bh_cap1,fdp_exceeds_q,0.0,0.0,0.0,500
0.1,2.0,none,0.7,20,score_cap1,bh_cap1,unique_blocks,0.0,0.0,0.0,500
0.1,2.0,none,0.7,20,score_cap1,bh_cap1,max_block_share,0.0,0.0,0.0,500
0.1,2.0,none,0.7,20,score_cap1,bh_cap1,mean_pairwise_tanimoto,0.0,0.0,0.0,500
0.1,2.0,none,0.7,20,score_cap1,weighted_bh,true_hits,0.566,0.492,0.642,500
0.1,2.0,none,0.7,20,score_cap1,weighted_bh,fdp,-0.028300000000000006,-0.032,-0.0249,500
0.1,2.0,none,0.7,20,score_cap1,weighted_bh,fdp_exceeds_q,0.0,0.0,0.0,500
0.1,2.0,none,0.7,20,score_cap1,weighted_bh,unique_blocks,-0.822,-0.93,-0.712,500
0.1,2.0,none,0.7,20,score_cap1,weighted_bh,max_block_share,0.020500000000000004,0.0183,0.022602499999999987,500
0.1,2.0,none,0.7,20,score_cap1,weighted_bh,mean_pairwise_tanimoto,-0.012146245151758208,-0.014200718101114049,-0.010112655755132456,500
0.1,2.0,none,0.7,30,score_cap1,chemdeprc_cap1,true_hits,0.17,0.098,0.242,500
0.1,2.0,none,0.7,30,score_cap1,chemdeprc_cap1,fdp,-0.005666666666666673,-0.008133333333333338,-0.0032000000000000062,500
0.1,2.0,none,0.7,30,score_cap1,chemdeprc_cap1,fdp_exceeds_q,0.0,0.0,0.0,500
0.1,2.0,none,0.7,30,score_cap1,chemdeprc_cap1,unique_blocks,0.0,0.0,0.0,500
0.1,2.0,none,0.7,30,score_cap1,chemdeprc_cap1,max_block_share,0.0,0.0,0.0,500
0.1,2.0,none,0.7,30,score_cap1,chemdeprc_cap1,mean_pairwise_tanimoto,-0.0031711811721324866,-0.004377393098920578,-0.0019155622057616668,500
0.1,2.0,none,0.7,30,score_cap1,chemdeprc_scorecap1,true_hits,0.0,0.0,0.0,500
0.1,2.0,none,0.7,30,score_cap1,chemdeprc_scorecap1,fdp,0.0,0.0,0.0,500
0.1,2.0,none,0.7,30,score_cap1,chemdeprc_scorecap1,fdp_exceeds_q,0.0,0.0,0.0,500
0.1,2.0,none,0.7,30,score_cap1,chemdeprc_scorecap1,unique_blocks,0.0,0.0,0.0,500
0.1,2.0,none,0.7,30,score_cap1,chemdeprc_scorecap1,max_block_share,0.0,0.0,0.0,500
0.1,2.0,none,0.7,30,score_cap1,chemdeprc_scorecap1,mean_pairwise_tanimoto,5.240672826766984e-05,9.63493660092403e-06,9.633070752024666e-05,500
0.1,2.0,none,0.7,30,score_cap1,hier_bh_cap1,true_hits,0.17,0.098,0.244,500
0.1,2.0,none,0.7,30,score_cap1,hier_bh_cap1,fdp,-0.005666666666666673,-0.00813333333333334,-0.003200000000000007,500
0.1,2.0,none,0.7,30,score_cap1,hier_bh_cap1,fdp_exceeds_q,0.0,0.0,0.0,500
0.1,2.0,none,0.7,30,score_cap1,hier_bh_cap1,unique_blocks,0.0,0.0,0.0,500
0.1,2.0,none,0.7,30,score_cap1,hier_bh_cap1,max_block_share,0.0,0.0,0.0,500
0.1,2.0,none,0.7,30,score_cap1,hier_bh_cap1,mean_pairwise_tanimoto,-0.0031711811721324866,-0.004355811843276018,-0.0019295562639832435,500
0.1,2.0,none,0.7,30,score_cap1,minp_block_bh_cap1,true_hits,-0.206,-0.324,-0.084,500
0.1,2.0,none,0.7,30,score_cap1,minp_block_bh_cap1,fdp,0.006866666666666662,0.002799999999999995,0.010866666666666663,500
0.1,2.0,none,0.7,30,score_cap1,minp_block_bh_cap1,fdp_exceeds_q,0.0,0.0,0.0,500
0.1,2.0,none,0.7,30,score_cap1,minp_block_bh_cap1,unique_blocks,0.0,0.0,0.0,500
0.1,2.0,none,0.7,30,score_cap1,minp_block_bh_cap1,max_block_share,0.0,0.0,0.0,500
0.1,2.0,none,0.7,30,score_cap1,minp_block_bh_cap1,mean_pairwise_tanimoto,-0.010887215644121179,-0.012647559168189774,-0.009221686743944895,500
0.1,2.0,none,0.7,30,score_cap1,block_by_cap1,true_hits,-4.632,-5.39415,-3.8819500000000002,500
0.1,2.0,none,0.7,30,score_cap1,block_by_cap1,fdp,-0.04001768775886423,-0.05077396041322513,-0.030449861978979635,500
0.1,2.0,none,0.7,30,score_cap1,block_by_cap1,fdp_exceeds_q,0.0,0.0,0.0,500
0.1,2.0,none,0.7,30,score_cap1,block_by_cap1,unique_blocks,-6.436,-7.292,-5.578,500
0.1,2.0,none,0.7,30,score_cap1,block_by_cap1,max_block_share,0.004436106322871031,0.0027043083087936065,0.006117723296583594,500
0.1,2.0,none,0.7,30,score_cap1,block_by_cap1,mean_pairwise_tanimoto,-0.017691855520009982,-0.023459878046810614,-0.012603780226409437,500
0.1,2.0,none,0.7,30,score_cap1,bh_cap1,true_hits,0.0,0.0,0.0,500
0.1,2.0,none,0.7,30,score_cap1,bh_cap1,fdp,0.0,0.0,0.0,500
0.1,2.0,none,0.7,30,score_cap1,bh_cap1,fdp_exceeds_q,0.0,0.0,0.0,500
0.1,2.0,none,0.7,30,score_cap1,bh_cap1,unique_blocks,0.0,0.0,0.0,500
0.1,2.0,none,0.7,30,score_cap1,bh_cap1,max_block_share,0.0,0.0,0.0,500
0.1,2.0,none,0.7,30,score_cap1,bh_cap1,mean_pairwise_tanimoto,0.0,0.0,0.0,500
0.1,2.0,none,0.7,30,score_cap1,weighted_bh,true_hits,0.006,-0.12805,0.13,500
0.1,2.0,none,0.7,30,score_cap1,weighted_bh,fdp,-0.00020000000000000286,-0.004466666666666668,0.0042016666666666565,500
0.1,2.0,none,0.7,30,score_cap1,weighted_bh,fdp_exceeds_q,0.0,0.0,0.0,500
0.1,2.0,none,0.7,30,score_cap1,weighted_bh,unique_blocks,-2.19,-2.366,-2.01395,500
0.1,2.0,none,0.7,30,score_cap1,weighted_bh,max_block_share,0.031866666666666654,0.029799999999999983,0.033933333333333315,500
0.1,2.0,none,0.7,30,score_cap1,weighted_bh,mean_pairwise_tanimoto,-0.005727129936218271,-0.007597760313004266,-0.0038034905374050207,500
0.1,2.0,none,0.7,50,score_cap1,chemdeprc_cap1,true_hits,0.13,0.076,0.186,500
0.1,2.0,none,0.7,50,score_cap1,chemdeprc_cap1,fdp,-0.0025999999999999994,-0.0037199999999999998,-0.0015190000000000047,500
0.1,2.0,none,0.7,50,score_cap1,chemdeprc_cap1,fdp_exceeds_q,0.0,0.0,0.0,500
0.1,2.0,none,0.7,50,score_cap1,chemdeprc_cap1,unique_blocks,0.0,0.0,0.0,500
0.1,2.0,none,0.7,50,score_cap1,chemdeprc_cap1,max_block_share,0.0,0.0,0.0,500
0.1,2.0,none,0.7,50,score_cap1,chemdeprc_cap1,mean_pairwise_tanimoto,-0.0004012894928455257,-0.0008394294023513683,2.5448261946446055e-05,500
0.1,2.0,none,0.7,50,score_cap1,chemdeprc_scorecap1,true_hits,-0.014,-0.03,0.0,500
0.1,2.0,none,0.7,50,score_cap1,chemdeprc_scorecap1,fdp,0.00028000000000000025,0.0,0.0005600000000000005,500
0.1,2.0,none,0.7,50,score_cap1,chemdeprc_scorecap1,fdp_exceeds_q,0.0,0.0,0.0,500
0.1,2.0,none,0.7,50,score_cap1,chemdeprc_scorecap1,unique_blocks,0.0,0.0,0.0,500
0.1,2.0,none,0.7,50,score_cap1,chemdeprc_scorecap1,max_block_share,0.0,0.0,0.0,500
0.1,2.0,none,0.7,50,score_cap1,chemdeprc_scorecap1,mean_pairwise_tanimoto,2.3799240589141234e-05,-1.7554491758346942e-05,6.600435525178751e-05,500
0.1,2.0,none,0.7,50,score_cap1,hier_bh_cap1,true_hits,0.13,0.072,0.186,500
0.1,2.0,none,0.7,50,score_cap1,hier_bh_cap1,fdp,-0.0025999999999999994,-0.0037199999999999998,-0.0015599999999999995,500
0.1,2.0,none,0.7,50,score_cap1,hier_bh_cap1,fdp_exceeds_q,0.0,0.0,0.0,500
0.1,2.0,none,0.7,50,score_cap1,hier_bh_cap1,unique_blocks,0.0,0.0,0.0,500
0.1,2.0,none,0.7,50,score_cap1,hier_bh_cap1,max_block_share,0.0,0.0,0.0,500
0.1,2.0,none,0.7,50,score_cap1,hier_bh_cap1,mean_pairwise_tanimoto,-0.0004012894928455257,-0.0008350256480276514,2.9817423969517164e-05,500
0.1,2.0,none,0.7,50,score_cap1,minp_block_bh_cap1,true_hits,-0.53,-0.65005,-0.412,500
0.1,2.0,none,0.7,50,score_cap1,minp_block_bh_cap1,fdp,0.0106,0.008359,0.012920000000000001,500
0.1,2.0,none,0.7,50,score_cap1,minp_block_bh_cap1,fdp_exceeds_q,0.0,0.0,0.0,500
0.1,2.0,none,0.7,50,score_cap1,minp_block_bh_cap1,unique_blocks,0.0,0.0,0.0,500
0.1,2.0,none,0.7,50,score_cap1,minp_block_bh_cap1,max_block_share,0.0,0.0,0.0,500
0.1,2.0,none,0.7,50,score_cap1,minp_block_bh_cap1,mean_pairwise_tanimoto,-0.00821886569261551,-0.009755046315491202,-0.006724112765491008,500
0.1,2.0,none,0.7,50,score_cap1,block_by_cap1,true_hits,-10.91,-12.1881,-9.693900000000001,500
0.1,2.0,none,0.7,50,score_cap1,block_by_cap1,fdp,-0.0705781690422867,-0.08365545441731473,-0.05839593385127947,500
0.1,2.0,none,0.7,50,score_cap1,block_by_cap1,fdp_exceeds_q,0.0,0.0,0.0,500
0.1,2.0,none,0.7,50,score_cap1,block_by_cap1,unique_blocks,-16.198,-17.67245,-14.6239,500
0.1,2.0,none,0.7,50,score_cap1,block_by_cap1,max_block_share,0.01085878903231843,0.008911828751722122,0.01275586331846257,500
0.1,2.0,none,0.7,50,score_cap1,block_by_cap1,mean_pairwise_tanimoto,-0.00898380875587462,-0.013968988484144195,-0.0043722038634121324,500
0.1,2.0,none,0.7,50,score_cap1,bh_cap1,true_hits,0.0,0.0,0.0,500
0.1,2.0,none,0.7,50,score_cap1,bh_cap1,fdp,0.0,0.0,0.0,500
0.1,2.0,none,0.7,50,score_cap1,bh_cap1,fdp_exceeds_q,0.0,0.0,0.0,500
0.1,2.0,none,0.7,50,score_cap1,bh_cap1,unique_blocks,0.0,0.0,0.0,500
0.1,2.0,none,0.7,50,score_cap1,bh_cap1,max_block_share,0.0,0.0,0.0,500
0.1,2.0,none,0.7,50,score_cap1,bh_cap1,mean_pairwise_tanimoto,0.0,0.0,0.0,500
0.1,2.0,none,0.7,50,score_cap1,weighted_bh,true_hits,0.294,0.1259,0.472,500
0.1,2.0,none,0.7,50,score_cap1,weighted_bh,fdp,-0.005879999999999999,-0.009400999999999998,-0.002239999999999997,500
0.1,2.0,none,0.7,50,score_cap1,weighted_bh,fdp_exceeds_q,0.0,0.0,0.0,500
0.1,2.0,none,0.7,50,score_cap1,weighted_bh,unique_blocks,-6.994,-7.432,-6.54995,500
0.1,2.0,none,0.7,50,score_cap1,weighted_bh,max_block_share,0.05212000000000001,0.048639,0.055601,500
0.1,2.0,none,0.7,50,score_cap1,weighted_bh,mean_pairwise_tanimoto,-6.523001194000133e-05,-0.0019596462391316878,0.0019979708224535015,500
0.1,2.0,none,0.7,75,score_cap1,chemdeprc_cap1,true_hits,0.128,0.036,0.218,500
0.1,2.0,none,0.7,75,score_cap1,chemdeprc_cap1,fdp,-0.0020133391864208356,-0.0033464841966637394,-0.0007153904009364948,500
0.1,2.0,none,0.7,75,score_cap1,chemdeprc_cap1,fdp_exceeds_q,-0.01,-0.02,-0.002,500
0.1,2.0,none,0.7,75,score_cap1,chemdeprc_cap1,unique_blocks,-0.074,-0.13805,-0.015950000000000273,500
0.1,2.0,none,0.7,75,score_cap1,chemdeprc_cap1,max_block_share,1.4603453321626807e-05,2.7450980392156008e-06,2.8767925080479214e-05,500
0.1,2.0,none,0.7,75,score_cap1,chemdeprc_cap1,mean_pairwise_tanimoto,0.0001037536561489219,-5.990091189740867e-05,0.00026957755386830437,500
0.1,2.0,none,0.7,75,score_cap1,chemdeprc_scorecap1,true_hits,0.196,0.154,0.24,500
0.1,2.0,none,0.7,75,score_cap1,chemdeprc_scorecap1,fdp,-0.0029200058530874985,-0.0035690361428153293,-0.002297539215686271,500
0.1,2.0,none,0.7,75,score_cap1,chemdeprc_scorecap1,fdp_exceeds_q,-0.01,-0.02,-0.002,500
0.1,2.0,none,0.7,75,score_cap1,chemdeprc_scorecap1,unique_blocks,-0.074,-0.144,-0.014,500
0.1,2.0,none,0.7,75,score_cap1,chemdeprc_scorecap1,max_block_share,1.4603453321626807e-05,2.7450980392156008e-06,2.9645888206028016e-05,500
0.1,2.0,none,0.7,75,score_cap1,chemdeprc_scorecap1,mean_pairwise_tanimoto,0.0003650498390197745,0.00024574241712689294,0.00048748518079519155,500
0.1,2.0,none,0.7,75,score_cap1,hier_bh_cap1,true_hits,0.128,0.036,0.218,500
0.1,2.0,none,0.7,75,score_cap1,hier_bh_cap1,fdp,-0.0020133391864208356,-0.003292762803628912,-0.0007822410008779633,500
0.1,2.0,none,0.7,75,score_cap1,hier_bh_cap1,fdp_exceeds_q,-0.01,-0.02,-0.002,500
0.1,2.0,none,0.7,75,score_cap1,hier_bh_cap1,unique_blocks,-0.074,-0.148,-0.014,500
0.1,2.0,none,0.7,75,score_cap1,hier_bh_cap1,max_block_share,1.4603453321626807e-05,2.7450980392156008e-06,2.8328943517704813e-05,500
0.1,2.0,none,0.7,75,score_cap1,hier_bh_cap1,mean_pairwise_tanimoto,0.0001037536561489219,-5.9517910331472645e-05,0.0002664313755929592,500
0.1,2.0,none,0.7,75,score_cap1,minp_block_bh_cap1,true_hits,-0.782,-0.898,-0.662,500
0.1,2.0,none,0.7,75,score_cap1,minp_block_bh_cap1,fdp,-0.0010079767729512517,-0.003560185793255246,0.0015469989211792322,500
0.1,2.0,none,0.7,75,score_cap1,minp_block_bh_cap1,fdp_exceeds_q,-0.1,-0.126,-0.074,500
0.1,2.0,none,0.7,75,score_cap1,minp_block_bh_cap1,unique_blocks,-1.854,-2.21205,-1.5239500000000004,500
0.1,2.0,none,0.7,75,score_cap1,minp_block_bh_cap1,max_block_share,0.00038259707670627673,0.0003118183047843789,0.00045846888849126246,500
0.1,2.0,none,0.7,75,score_cap1,minp_block_bh_cap1,mean_pairwise_tanimoto,-0.0020825269818305885,-0.002532937231659875,-0.0016800562471151249,500
0.1,2.0,none,0.7,75,score_cap1,block_by_cap1,true_hits,-18.988,-20.788,-17.216,500
0.1,2.0,none,0.7,75,score_cap1,block_by_cap1,fdp,-0.11628620298045407,-0.13090262540607836,-0.1021419922068396,500
0.1,2.0,none,0.7,75,score_cap1,block_by_cap1,fdp_exceeds_q,-0.1,-0.126,-0.076,500
0.1,2.0,none,0.7,75,score_cap1,block_by_cap1,unique_blocks,-31.23,-33.632149999999996,-28.843950000000003,500
0.1,2.0,none,0.7,75,score_cap1,block_by_cap1,max_block_share,0.01478529428035816,0.012737717372468047,0.01677456143107215,500
0.1,2.0,none,0.7,75,score_cap1,block_by_cap1,mean_pairwise_tanimoto,0.0013538817763328783,-0.004239015961438402,0.006131396737694756,500
0.1,2.0,none,0.7,75,score_cap1,bh_cap1,true_hits,0.0,0.0,0.0,500
0.1,2.0,none,0.7,75,score_cap1,bh_cap1,fdp,0.0,0.0,0.0,500
0.1,2.0,none,0.7,75,score_cap1,bh_cap1,fdp_exceeds_q,0.0,0.0,0.0,500
0.1,2.0,none,0.7,75,score_cap1,bh_cap1,unique_blocks,0.0,0.0,0.0,500
0.1,2.0,none,0.7,75,score_cap1,bh_cap1,max_block_share,0.0,0.0,0.0,500
0.1,2.0,none,0.7,75,score_cap1,bh_cap1,mean_pairwise_tanimoto,0.0,0.0,0.0,500
0.1,2.0,none,0.7,75,score_cap1,weighted_bh,true_hits,2.72,2.344,3.106,500
0.1,2.0,none,0.7,75,score_cap1,weighted_bh,fdp,-0.03626666666666666,-0.041519999999999994,-0.031253333333333334,500
0.1,2.0,none,0.7,75,score_cap1,weighted_bh,fdp_exceeds_q,-0.004,-0.01,0.0,500
0.1,2.0,none,0.7,75,score_cap1,weighted_bh,unique_blocks,-15.816,-16.34205,-15.3139,500
0.1,2.0,none,0.7,75,score_cap1,weighted_bh,max_block_share,0.05053333333333335,0.04816000000000002,0.053014000000000006,500
0.1,2.0,none,0.7,75,score_cap1,weighted_bh,mean_pairwise_tanimoto,0.018133294165134446,0.01695354000478984,0.019349647250026476,500
0.1,3.0,none,0.7,100,score_cap1,chemdeprc_cap1,true_hits,-1.284,-1.42405,-1.158,500
0.1,3.0,none,0.7,100,score_cap1,chemdeprc_cap1,fdp,-0.0032263457590076925,-0.005532265161568887,-0.0011780758631541228,500
0.1,3.0,none,0.7,100,score_cap1,chemdeprc_cap1,fdp_exceeds_q,0.0,0.0,0.0,500
0.1,3.0,none,0.7,100,score_cap1,chemdeprc_cap1,unique_blocks,-3.52,-4.126,-2.912,500
0.1,3.0,none,0.7,100,score_cap1,chemdeprc_cap1,max_block_share,0.0004318545154756125,0.00035953968765339254,0.0005116929642551978,500
0.1,3.0,none,0.7,100,score_cap1,chemdeprc_cap1,mean_pairwise_tanimoto,0.0009523338973522149,0.0006848770260810833,0.0012255172155797428,500
0.1,3.0,none,0.7,100,score_cap1,chemdeprc_scorecap1,true_hits,-0.998,-1.136,-0.868,500
0.1,3.0,none,0.7,100,score_cap1,chemdeprc_scorecap1,fdp,-0.006086345759007694,-0.00814815874837112,-0.004099179202058478,500
0.1,3.0,none,0.7,100,score_cap1,chemdeprc_scorecap1,fdp_exceeds_q,0.0,0.0,0.0,500
0.1,3.0,none,0.7,100,score_cap1,chemdeprc_scorecap1,unique_blocks,-3.52,-4.14205,-2.89995,500
0.1,3.0,none,0.7,100,score_cap1,chemdeprc_scorecap1,max_block_share,0.0004318545154756125,0.0003536415948434735,0.0005106465246496446,500
0.1,3.0,none,0.7,100,score_cap1,chemdeprc_scorecap1,mean_pairwise_tanimoto,0.00107142850756645,0.0008199181273579561,0.00134404824748635,500
0.1,3.0,none,0.7,100,score_cap1,hier_bh_cap1,true_hits,-1.284,-1.422,-1.1399500000000002,500
0.1,3.0,none,0.7,100,score_cap1,hier_bh_cap1,fdp,-0.0032263457590076925,-0.005528987475753777,-0.0011276799001514834,500
0.1,3.0,none,0.7,100,score_cap1,hier_bh_cap1,fdp_exceeds_q,0.0,0.0,0.0,500
0.1,3.0,none,0.7,100,score_cap1,hier_bh_cap1,unique_blocks,-3.52,-4.172,-2.9099500000000003,500
0.1,3.0,none,0.7,100,score_cap1,hier_bh_cap1,max_block_share,0.0004318545154756125,0.000356260205936984,0.0005109530592187245,500
0.1,3.0,none,0.7,100,score_cap1,hier_bh_cap1,mean_pairwise_tanimoto,0.0009523338973522149,0.0006837735809385753,0.001240041820704933,500
0.1,3.0,none,0.7,100,score_cap1,minp_block_bh_cap1,true_hits,-2.324,-2.54805,-2.11,500
0.1,3.0,none,0.7,100,score_cap1,minp_block_bh_cap1,fdp,-0.00964882223537425,-0.013610378606537755,-0.005990504891127328,500
0.1,3.0,none,0.7,100,score_cap1,minp_block_bh_cap1,fdp_exceeds_q,-0.058,-0.08,-0.04,500
0.1,3.0,none,0.7,100,score_cap1,minp_block_bh_cap1,unique_blocks,-6.454,-7.54,-5.385500000000003,500
0.1,3.0,none,0.7,100,score_cap1,minp_block_bh_cap1,max_block_share,0.0009065538745673127,0.0007564182519740834,0.0010553228322968697,500
0.1,3.0,none,0.7,100,score_cap1,minp_block_bh_cap1,mean_pairwise_tanimoto,0.001457916557788846,0.0009898193225264524,0.0019284792736172643,500
0.1,3.0,none,0.7,100,score_cap1,block_by_cap1,true_hits,-28.61,-30.66,-26.53995,500
0.1,3.0,none,0.7,100,score_cap1,block_by_cap1,fdp,-0.17244190130034218,-0.18354549231842288,-0.1615757574630902,500
0.1,3.0,none,0.7,100,score_cap1,block_by_cap1,fdp_exceeds_q,-0.1,-0.128,-0.074,500
0.1,3.0,none,0.7,100,score_cap1,block_by_cap1,unique_blocks,-52.754,-55.444100000000006,-49.9699,500
0.1,3.0,none,0.7,100,score_cap1,block_by_cap1,max_block_share,0.01613564220573641,0.014166372029234094,0.01790979945593651,500
0.1,3.0,none,0.7,100,score_cap1,block_by_cap1,mean_pairwise_tanimoto,0.013910347342491159,0.0084451182357967,0.019384329984337097,500
0.1,3.0,none,0.7,100,score_cap1,bh_cap1,true_hits,-0.358,-0.452,-0.274,500
0.1,3.0,none,0.7,100,score_cap1,bh_cap1,fdp,-0.003048261364850663,-0.004017689836068682,-0.0021861669104696196,500
0.1,3.0,none,0.7,100,score_cap1,bh_cap1,fdp_exceeds_q,0.0,0.0,0.0,500
0.1,3.0,none,0.7,100,score_cap1,bh_cap1,unique_blocks,-1.21,-1.5300500000000001,-0.906,500
0.1,3.0,none,0.7,100,score_cap1,bh_cap1,max_block_share,0.00013730090341096594,0.00010452525568112163,0.00017272869144805268,500
0.1,3.0,none,0.7,100,score_cap1,bh_cap1,mean_pairwise_tanimoto,0.0005959756374359145,0.00044183240681886697,0.0007569251559674756,500
0.1,3.0,none,0.7,100,score_cap1,weighted_bh,true_hits,8.26,7.609850000000001,8.96805,500
0.1,3.0,none,0.7,100,score_cap1,weighted_bh,fdp,-0.08259999999999999,-0.08964,-0.07563999999999999,500
0.1,3.0,none,0.7,100,score_cap1,weighted_bh,fdp_exceeds_q,0.0,0.0,0.0,500
0.1,3.0,none,0.7,100,score_cap1,weighted_bh,unique_blocks,-27.042,-27.7381,-26.4139,500
0.1,3.0,none,0.7,100,score_cap1,weighted_bh,max_block_share,0.054340000000000006,0.052480000000000006,0.05616050000000001,500
0.1,3.0,none,0.7,100,score_cap1,weighted_bh,mean_pairwise_tanimoto,0.023142882227897652,0.021522387293726214,0.024663521414995206,500
0.1,3.0,none,0.7,20,score_cap1,chemdeprc_cap1,true_hits,0.232,0.182,0.282,500
0.1,3.0,none,0.7,20,score_cap1,chemdeprc_cap1,fdp,-0.0116,-0.014100000000000001,-0.009200000000000002,500
0.1,3.0,none,0.7,20,score_cap1,chemdeprc_cap1,fdp_exceeds_q,0.0,0.0,0.0,500
0.1,3.0,none,0.7,20,score_cap1,chemdeprc_cap1,unique_blocks,0.0,0.0,0.0,500
0.1,3.0,none,0.7,20,score_cap1,chemdeprc_cap1,max_block_share,0.0,0.0,0.0,500
0.1,3.0,none,0.7,20,score_cap1,chemdeprc_cap1,mean_pairwise_tanimoto,-0.0076303812563419315,-0.009157485197484489,-0.00611994247883558,500
0.1,3.0,none,0.7,20,score_cap1,chemdeprc_scorecap1,true_hits,0.0,0.0,0.0,500
0.1,3.0,none,0.7,20,score_cap1,chemdeprc_scorecap1,fdp,0.0,0.0,0.0,500
0.1,3.0,none,0.7,20,score_cap1,chemdeprc_scorecap1,fdp_exceeds_q,0.0,0.0,0.0,500
0.1,3.0,none,0.7,20,score_cap1,chemdeprc_scorecap1,unique_blocks,0.0,0.0,0.0,500
0.1,3.0,none,0.7,20,score_cap1,chemdeprc_scorecap1,max_block_share,0.0,0.0,0.0,500
0.1,3.0,none,0.7,20,score_cap1,chemdeprc_scorecap1,mean_pairwise_tanimoto,0.0,0.0,0.0,500
0.1,3.0,none,0.7,20,score_cap1,hier_bh_cap1,true_hits,0.232,0.182,0.28,500
0.1,3.0,none,0.7,20,score_cap1,hier_bh_cap1,fdp,-0.0116,-0.014100000000000001,-0.009200000000000002,500
0.1,3.0,none,0.7,20,score_cap1,hier_bh_cap1,fdp_exceeds_q,0.0,0.0,0.0,500
0.1,3.0,none,0.7,20,score_cap1,hier_bh_cap1,unique_blocks,0.0,0.0,0.0,500
0.1,3.0,none,0.7,20,score_cap1,hier_bh_cap1,max_block_share,0.0,0.0,0.0,500
0.1,3.0,none,0.7,20,score_cap1,hier_bh_cap1,mean_pairwise_tanimoto,-0.0076303812563419315,-0.009247958584129811,-0.006086950732022524,500
0.1,3.0,none,0.7,20,score_cap1,minp_block_bh_cap1,true_hits,0.508,0.438,0.578,500
0.1,3.0,none,0.7,20,score_cap1,minp_block_bh_cap1,fdp,-0.025400000000000002,-0.029200000000000004,-0.022,500
0.1,3.0,none,0.7,20,score_cap1,minp_block_bh_cap1,fdp_exceeds_q,0.0,0.0,0.0,500
0.1,3.0,none,0.7,20,score_cap1,minp_block_bh_cap1,unique_blocks,0.0,0.0,0.0,500
0.1,3.0,none,0.7,20,score_cap1,minp_block_bh_cap1,max_block_share,0.0,0.0,0.0,500
0.1,3.0,none,0.7,20,score_cap1,minp_block_bh_cap1,mean_pairwise_tanimoto,-0.01427903792262078,-0.016299444999545817,-0.012189893546700484,500
0.1,3.0,none,0.7,20,score_cap1,block_by_cap1,true_hits,-1.994,-2.492,-1.5199000000000005,500
0.1,3.0,none,0.7,20,score_cap1,block_by_cap1,fdp,-0.03078256727792332,-0.035473144994840056,-0.02611582618877511,500
0.1,3.0,none,0.7,20,score_cap1,block_by_cap1,fdp_exceeds_q,0.0,0.0,0.0,500
0.1,3.0,none,0.7,20,score_cap1,block_by_cap1,unique_blocks,-2.784,-3.336,-2.25795,500
0.1,3.0,none,0.7,20,score_cap1,block_by_cap1,max_block_share,-0.002393760419147423,-0.0038993420556481745,-0.0009306078332142657,500
0.1,3.0,none,0.7,20,score_cap1,block_by_cap1,mean_pairwise_tanimoto,-0.025471855819225304,-0.030818113398551932,-0.020377140903472896,500
0.1,3.0,none,0.7,20,score_cap1,bh_cap1,true_hits,0.0,0.0,0.0,500
0.1,3.0,none,0.7,20,score_cap1,bh_cap1,fdp,0.0,0.0,0.0,500
0.1,3.0,none,0.7,20,score_cap1,bh_cap1,fdp_exceeds_q,0.0,0.0,0.0,500
0.1,3.0,none,0.7,20,score_cap1,bh_cap1,unique_blocks,0.0,0.0,0.0,500
0.1,3.0,none,0.7,20,score_cap1,bh_cap1,max_block_share,0.0,0.0,0.0,500
0.1,3.0,none,0.7,20,score_cap1,bh_cap1,mean_pairwise_tanimoto,0.0,0.0,0.0,500
0.1,3.0,none,0.7,20,score_cap1,weighted_bh,true_hits,0.534,0.454,0.616,500
0.1,3.0,none,0.7,20,score_cap1,weighted_bh,fdp,-0.0267,-0.030400000000000003,-0.022697500000000016,500
0.1,3.0,none,0.7,20,score_cap1,weighted_bh,fdp_exceeds_q,0.0,0.0,0.0,500
0.1,3.0,none,0.7,20,score_cap1,weighted_bh,unique_blocks,-0.948,-1.062,-0.832,500
0.1,3.0,none,0.7,20,score_cap1,weighted_bh,max_block_share,0.022800000000000004,0.020399999999999998,0.025099999999999997,500
0.1,3.0,none,0.7,20,score_cap1,weighted_bh,mean_pairwise_tanimoto,-0.009858981162309656,-0.011808120995014913,-0.007719149821251641,500
0.1,3.0,none,0.7,30,score_cap1,chemdeprc_cap1,true_hits,0.294,0.22,0.364,500
0.1,3.0,none,0.7,30,score_cap1,chemdeprc_cap1,fdp,-0.0098,-0.012133333333333333,-0.007466666666666663,500
0.1,3.0,none,0.7,30,score_cap1,chemdeprc_cap1,fdp_exceeds_q,0.0,0.0,0.0,500
0.1,3.0,none,0.7,30,score_cap1,chemdeprc_cap1,unique_blocks,0.0,0.0,0.0,500
0.1,3.0,none,0.7,30,score_cap1,chemdeprc_cap1,max_block_share,0.0,0.0,0.0,500
0.1,3.0,none,0.7,30,score_cap1,chemdeprc_cap1,mean_pairwise_tanimoto,-0.003106055945157998,-0.004324495369940993,-0.0019063846938311973,500
0.1,3.0,none,0.7,30,score_cap1,chemdeprc_scorecap1,true_hits,0.0,0.0,0.0,500
0.1,3.0,none,0.7,30,score_cap1,chemdeprc_scorecap1,fdp,0.0,0.0,0.0,500
0.1,3.0,none,0.7,30,score_cap1,chemdeprc_scorecap1,fdp_exceeds_q,0.0,0.0,0.0,500
0.1,3.0,none,0.7,30,score_cap1,chemdeprc_scorecap1,unique_blocks,0.0,0.0,0.0,500
0.1,3.0,none,0.7,30,score_cap1,chemdeprc_scorecap1,max_block_share,0.0,0.0,0.0,500
0.1,3.0,none,0.7,30,score_cap1,chemdeprc_scorecap1,mean_pairwise_tanimoto,5.368828773498646e-06,0.0,1.610648632049594e-05,500
0.1,3.0,none,0.7,30,score_cap1,hier_bh_cap1,true_hits,0.294,0.222,0.366,500
0.1,3.0,none,0.7,30,score_cap1,hier_bh_cap1,fdp,-0.0098,-0.012199999999999999,-0.007533333333333332,500
0.1,3.0,none,0.7,30,score_cap1,hier_bh_cap1,fdp_exceeds_q,0.0,0.0,0.0,500
0.1,3.0,none,0.7,30,score_cap1,hier_bh_cap1,unique_blocks,0.0,0.0,0.0,500
0.1,3.0,none,0.7,30,score_cap1,hier_bh_cap1,max_block_share,0.0,0.0,0.0,500
0.1,3.0,none,0.7,30,score_cap1,hier_bh_cap1,mean_pairwise_tanimoto,-0.003106055945157998,-0.004284557096660128,-0.0019243697434663694,500
0.1,3.0,none,0.7,30,score_cap1,minp_block_bh_cap1,true_hits,-0.05,-0.176,0.076,500
0.1,3.0,none,0.7,30,score_cap1,minp_block_bh_cap1,fdp,0.0016666666666666653,-0.002333333333333336,0.005733333333333332,500
0.1,3.0,none,0.7,30,score_cap1,minp_block_bh_cap1,fdp_exceeds_q,0.0,0.0,0.0,500
0.1,3.0,none,0.7,30,score_cap1,minp_block_bh_cap1,unique_blocks,0.0,0.0,0.0,500
0.1,3.0,none,0.7,30,score_cap1,minp_block_bh_cap1,max_block_share,0.0,0.0,0.0,500
0.1,3.0,none,0.7,30,score_cap1,minp_block_bh_cap1,mean_pairwise_tanimoto,-0.010740919739007959,-0.01243107115328313,-0.009071516854316003,500
0.1,3.0,none,0.7,30,score_cap1,block_by_cap1,true_hits,-4.382,-5.140149999999999,-3.6559500000000003,500
0.1,3.0,none,0.7,30,score_cap1,block_by_cap1,fdp,-0.03268017707553312,-0.04103368109817026,-0.024950363757043327,500
0.1,3.0,none,0.7,30,score_cap1,block_by_cap1,fdp_exceeds_q,0.0,0.0,0.0,500
0.1,3.0,none,0.7,30,score_cap1,block_by_cap1,unique_blocks,-6.088,-6.922,-5.25795,500
0.1,3.0,none,0.7,30,score_cap1,block_by_cap1,max_block_share,0.0029771501517631585,0.0014804191460557608,0.0045047281018488474,500
0.1,3.0,none,0.7,30,score_cap1,block_by_cap1,mean_pairwise_tanimoto,-0.018056513428688036,-0.023577477674186217,-0.012696185030043118,500
0.1,3.0,none,0.7,30,score_cap1,bh_cap1,true_hits,0.0,0.0,0.0,500
0.1,3.0,none,0.7,30,score_cap1,bh_cap1,fdp,0.0,0.0,0.0,500
0.1,3.0,none,0.7,30,score_cap1,bh_cap1,fdp_exceeds_q,0.0,0.0,0.0,500
0.1,3.0,none,0.7,30,score_cap1,bh_cap1,unique_blocks,0.0,0.0,0.0,500
0.1,3.0,none,0.7,30,score_cap1,bh_cap1,max_block_share,0.0,0.0,0.0,500
0.1,3.0,none,0.7,30,score_cap1,bh_cap1,mean_pairwise_tanimoto,0.0,0.0,0.0,500
0.1,3.0,none,0.7,30,score_cap1,weighted_bh,true_hits,0.104,-0.03,0.246,500
0.1,3.0,none,0.7,30,score_cap1,weighted_bh,fdp,-0.0034666666666666687,-0.008,0.001200000000000001,500
0.1,3.0,none,0.7,30,score_cap1,weighted_bh,fdp_exceeds_q,0.0,0.0,0.0,500
0.1,3.0,none,0.7,30,score_cap1,weighted_bh,unique_blocks,-2.376,-2.564,-2.18595,500
0.1,3.0,none,0.7,30,score_cap1,weighted_bh,max_block_share,0.03419999999999999,0.031864999999999984,0.03686666666666665,500
0.1,3.0,none,0.7,30,score_cap1,weighted_bh,mean_pairwise_tanimoto,-0.005692125022411355,-0.007497756638377913,-0.0038957473270595116,500
0.1,3.0,none,0.7,50,score_cap1,chemdeprc_cap1,true_hits,0.284,0.21,0.354,500
0.1,3.0,none,0.7,50,score_cap1,chemdeprc_cap1,fdp,-0.005680000000000001,-0.007081000000000002,-0.004160000000000001,500
0.1,3.0,none,0.7,50,score_cap1,chemdeprc_cap1,fdp_exceeds_q,0.0,0.0,0.0,500
0.1,3.0,none,0.7,50,score_cap1,chemdeprc_cap1,unique_blocks,0.0,0.0,0.0,500
0.1,3.0,none,0.7,50,score_cap1,chemdeprc_cap1,max_block_share,0.0,0.0,0.0,500
0.1,3.0,none,0.7,50,score_cap1,chemdeprc_cap1,mean_pairwise_tanimoto,0.000193744719028476,-0.00023001228645444047,0.0006085659384727506,500
0.1,3.0,none,0.7,50,score_cap1,chemdeprc_scorecap1,true_hits,0.02,0.008,0.034,500
0.1,3.0,none,0.7,50,score_cap1,chemdeprc_scorecap1,fdp,-0.00040000000000000034,-0.0006800000000000006,-0.00016000000000000015,500
0.1,3.0,none,0.7,50,score_cap1,chemdeprc_scorecap1,fdp_exceeds_q,0.0,0.0,0.0,500
0.1,3.0,none,0.7,50,score_cap1,chemdeprc_scorecap1,unique_blocks,0.0,0.0,0.0,500
0.1,3.0,none,0.7,50,score_cap1,chemdeprc_scorecap1,max_block_share,0.0,0.0,0.0,500
0.1,3.0,none,0.7,50,score_cap1,chemdeprc_scorecap1,mean_pairwise_tanimoto,7.059267163276694e-05,2.8465481847524974e-05,0.00011500848606228929,500
0.1,3.0,none,0.7,50,score_cap1,hier_bh_cap1,true_hits,0.284,0.21195,0.36,500
0.1,3.0,none,0.7,50,score_cap1,hier_bh_cap1,fdp,-0.005680000000000001,-0.00724,-0.004279000000000005,500
0.1,3.0,none,0.7,50,score_cap1,hier_bh_cap1,fdp_exceeds_q,0.0,0.0,0.0,500
0.1,3.0,none,0.7,50,score_cap1,hier_bh_cap1,unique_blocks,0.0,0.0,0.0,500
0.1,3.0,none,0.7,50,score_cap1,hier_bh_cap1,max_block_share,0.0,0.0,0.0,500
0.1,3.0,none,0.7,50,score_cap1,hier_bh_cap1,mean_pairwise_tanimoto,0.000193744719028476,-0.0002182060480117795,0.0006186992473900372,500
0.1,3.0,none,0.7,50,score_cap1,minp_block_bh_cap1,true_hits,-0.328,-0.466,-0.194,500
0.1,3.0,none,0.7,50,score_cap1,minp_block_bh_cap1,fdp,0.006559999999999997,0.0037999999999999965,0.009199999999999996,500
0.1,3.0,none,0.7,50,score_cap1,minp_block_bh_cap1,fdp_exceeds_q,0.0,0.0,0.0,500
0.1,3.0,none,0.7,50,score_cap1,minp_block_bh_cap1,unique_blocks,0.0,0.0,0.0,500
0.1,3.0,none,0.7,50,score_cap1,minp_block_bh_cap1,max_block_share,0.0,0.0,0.0,500
0.1,3.0,none,0.7,50,score_cap1,minp_block_bh_cap1,mean_pairwise_tanimoto,-0.007794226884841924,-0.009272302530705935,-0.006386205602437263,500
0.1,3.0,none,0.7,50,score_cap1,block_by_cap1,true_hits,-10.478,-11.716349999999998,-9.27795,500
0.1,3.0,none,0.7,50,score_cap1,block_by_cap1,fdp,-0.06301901015421915,-0.07315199564843626,-0.05321392340259931,500
0.1,3.0,none,0.7,50,score_cap1,block_by_cap1,fdp_exceeds_q,0.0,0.0,0.0,500
0.1,3.0,none,0.7,50,score_cap1,block_by_cap1,unique_blocks,-15.814,-17.364050000000002,-14.30175,500
0.1,3.0,none,0.7,50,score_cap1,block_by_cap1,max_block_share,0.009366715978093675,0.0077092439000055,0.011097696520527387,500
0.1,3.0,none,0.7,50,score_cap1,block_by_cap1,mean_pairwise_tanimoto,-0.009409212768077838,-0.01420131782740353,-0.004720548361539832,500
0.1,3.0,none,0.7,50,score_cap1,bh_cap1,true_hits,0.0,0.0,0.0,500
0.1,3.0,none,0.7,50,score_cap1,bh_cap1,fdp,0.0,0.0,0.0,500
0.1,3.0,none,0.7,50,score_cap1,bh_cap1,fdp_exceeds_q,0.0,0.0,0.0,500
0.1,3.0,none,0.7,50,score_cap1,bh_cap1,unique_blocks,0.0,0.0,0.0,500
0.1,3.0,none,0.7,50,score_cap1,bh_cap1,max_block_share,0.0,0.0,0.0,500
0.1,3.0,none,0.7,50,score_cap1,bh_cap1,mean_pairwise_tanimoto,0.0,0.0,0.0,500
0.1,3.0,none,0.7,50,score_cap1,weighted_bh,true_hits,0.012,-0.188,0.218,500
0.1,3.0,none,0.7,50,score_cap1,weighted_bh,fdp,-0.0002400000000000021,-0.004321,0.0036409999999999923,500
0.1,3.0,none,0.7,50,score_cap1,weighted_bh,fdp_exceeds_q,0.0,0.0,0.0,500
0.1,3.0,none,0.7,50,score_cap1,weighted_bh,unique_blocks,-7.664,-8.1601,-7.1899500000000005,500
0.1,3.0,none,0.7,50,score_cap1,weighted_bh,max_block_share,0.056,0.05196,0.06036099999999999,500
0.1,3.0,none,0.7,50,score_cap1,weighted_bh,mean_pairwise_tanimoto,0.0005025867223739615,-0.001507861664891243,0.002495158822089433,500
0.1,3.0,none,0.7,75,score_cap1,chemdeprc_cap1,true_hits,0.14,0.05195,0.224,500
0.1,3.0,none,0.7,75,score_cap1,chemdeprc_cap1,fdp,-0.0018666666666666656,-0.0030133333333333314,-0.0007200000000000011,500
0.1,3.0,none,0.7,75,score_cap1,chemdeprc_cap1,fdp_exceeds_q,0.0,0.0,0.0,500
0.1,3.0,none,0.7,75,score_cap1,chemdeprc_cap1,unique_blocks,0.0,0.0,0.0,500
0.1,3.0,none,0.7,75,score_cap1,chemdeprc_cap1,max_block_share,0.0,0.0,0.0,500
0.1,3.0,none,0.7,75,score_cap1,chemdeprc_cap1,mean_pairwise_tanimoto,0.0005459667742252412,0.0003618290409445828,0.0007325904861092633,500
0.1,3.0,none,0.7,75,score_cap1,chemdeprc_scorecap1,true_hits,0.166,0.128,0.206,500
0.1,3.0,none,0.7,75,score_cap1,chemdeprc_scorecap1,fdp,-0.0022133333333333293,-0.0027199999999999954,-0.0017066666666666636,500
0.1,3.0,none,0.7,75,score_cap1,chemdeprc_scorecap1,fdp_exceeds_q,0.0,0.0,0.0,500
0.1,3.0,none,0.7,75,score_cap1,chemdeprc_scorecap1,unique_blocks,0.0,0.0,0.0,500
0.1,3.0,none,0.7,75,score_cap1,chemdeprc_scorecap1,max_block_share,0.0,0.0,0.0,500
0.1,3.0,none,0.7,75,score_cap1,chemdeprc_scorecap1,mean_pairwise_tanimoto,0.0003715591728687271,0.00025568480491638116,0.0004947833873331545,500
0.1,3.0,none,0.7,75,score_cap1,hier_bh_cap1,true_hits,0.14,0.052,0.22604999999999972,500
0.1,3.0,none,0.7,75,score_cap1,hier_bh_cap1,fdp,-0.0018666666666666656,-0.0030933333333333307,-0.0006666666666666661,500
0.1,3.0,none,0.7,75,score_cap1,hier_bh_cap1,fdp_exceeds_q,0.0,0.0,0.0,500
0.1,3.0,none,0.7,75,score_cap1,hier_bh_cap1,unique_blocks,0.0,0.0,0.0,500
0.1,3.0,none,0.7,75,score_cap1,hier_bh_cap1,max_block_share,0.0,0.0,0.0,500
0.1,3.0,none,0.7,75,score_cap1,hier_bh_cap1,mean_pairwise_tanimoto,0.0005459667742252412,0.0003518179967999533,0.0007451945871114787,500
0.1,3.0,none,0.7,75,score_cap1,minp_block_bh_cap1,true_hits,-0.522,-0.642,-0.404,500
0.1,3.0,none,0.7,75,score_cap1,minp_block_bh_cap1,fdp,-0.0003023094247432843,-0.002412386984514757,0.0017999144749398853,500
0.1,3.0,none,0.7,75,score_cap1,minp_block_bh_cap1,fdp_exceeds_q,-0.058,-0.078,-0.038,500
0.1,3.0,none,0.7,75,score_cap1,minp_block_bh_cap1,unique_blocks,-1.036,-1.25405,-0.8319500000000002,500
0.1,3.0,none,0.7,75,score_cap1,minp_block_bh_cap1,max_block_share,0.00020207097504803357,0.00016274764285987043,0.00024450211220114303,500
0.1,3.0,none,0.7,75,score_cap1,minp_block_bh_cap1,mean_pairwise_tanimoto,-0.0018248858153820011,-0.0022562136575579564,-0.0013700480662286272,500
0.1,3.0,none,0.7,75,score_cap1,block_by_cap1,true_hits,-18.624,-20.414,-16.89195,500
0.1,3.0,none,0.7,75,score_cap1,block_by_cap1,fdp,-0.10450236996575535,-0.11643904441378561,-0.0926305900087685,500
0.1,3.0,none,0.7,75,score_cap1,block_by_cap1,fdp_exceeds_q,-0.1,-0.126,-0.07595000000000027,500
0.1,3.0,none,0.7,75,score_cap1,block_by_cap1,unique_blocks,-30.804,-33.228100000000005,-28.272,500
0.1,3.0,none,0.7,75,score_cap1,block_by_cap1,max_block_share,0.01327954319837087,0.01158953244094237,0.015060437452569651,500
0.1,3.0,none,0.7,75,score_cap1,block_by_cap1,mean_pairwise_tanimoto,0.000470816045999543,-0.004808875591307866,0.005397229926288139,500
0.1,3.0,none,0.7,75,score_cap1,bh_cap1,true_hits,0.0,0.0,0.0,500
0.1,3.0,none,0.7,75,score_cap1,bh_cap1,fdp,0.0,0.0,0.0,500
0.1,3.0,none,0.7,75,score_cap1,bh_cap1,fdp_exceeds_q,0.0,0.0,0.0,500
0.1,3.0,none,0.7,75,score_cap1,bh_cap1,unique_blocks,0.0,0.0,0.0,500
0.1,3.0,none,0.7,75,score_cap1,bh_cap1,max_block_share,0.0,0.0,0.0,500
0.1,3.0,none,0.7,75,score_cap1,bh_cap1,mean_pairwise_tanimoto,0.0,0.0,0.0,500
0.1,3.0,none,0.7,75,score_cap1,weighted_bh,true_hits,2.34,2.00595,2.68405,500
0.1,3.0,none,0.7,75,score_cap1,weighted_bh,fdp,-0.031199999999999985,-0.03581399999999999,-0.02647999999999999,500
0.1,3.0,none,0.7,75,score_cap1,weighted_bh,fdp_exceeds_q,0.0,0.0,0.0,500
0.1,3.0,none,0.7,75,score_cap1,weighted_bh,unique_blocks,-16.83,-17.38005,-16.29,500
0.1,3.0,none,0.7,75,score_cap1,weighted_bh,max_block_share,0.05352000000000001,0.050746000000000006,0.05629333333333334,500
0.1,3.0,none,0.7,75,score_cap1,weighted_bh,mean_pairwise_tanimoto,0.019076694071292883,0.017743357398360977,0.020359106642752894,500
0.1,4.0,none,0.7,100,score_cap1,chemdeprc_cap1,true_hits,-1.372,-1.502,-1.248,500
0.1,4.0,none,0.7,100,score_cap1,chemdeprc_cap1,fdp,-0.0018830643243069119,-0.004158605276071611,0.00026301184831955025,500
0.1,4.0,none,0.7,100,score_cap1,chemdeprc_cap1,fdp_exceeds_q,0.0,0.0,0.0,500
0.1,4.0,none,0.7,100,score_cap1,chemdeprc_cap1,unique_blocks,-3.378,-3.9821000000000004,-2.786,500
0.1,4.0,none,0.7,100,score_cap1,chemdeprc_cap1,max_block_share,0.00041109573264140706,0.0003392154482318658,0.0004895837317435655,500
0.1,4.0,none,0.7,100,score_cap1,chemdeprc_cap1,mean_pairwise_tanimoto,0.0010754091739654534,0.0008028530068695536,0.0013437167763710005,500
0.1,4.0,none,0.7,100,score_cap1,chemdeprc_scorecap1,true_hits,-0.99,-1.1220500000000002,-0.856,500
0.1,4.0,none,0.7,100,score_cap1,chemdeprc_scorecap1,fdp,-0.005703064324306914,-0.007797251320726548,-0.0038567809809869906,500
0.1,4.0,none,0.7,100,score_cap1,chemdeprc_scorecap1,fdp_exceeds_q,0.0,0.0,0.0,500
0.1,4.0,none,0.7,100,score_cap1,chemdeprc_scorecap1,unique_blocks,-3.378,-3.9681,-2.78,500
0.1,4.0,none,0.7,100,score_cap1,chemdeprc_scorecap1,max_block_share,0.00041109573264140706,0.0003367222105468745,0.0004911861820174504,500
0.1,4.0,none,0.7,100,score_cap1,chemdeprc_scorecap1,mean_pairwise_tanimoto,0.0010921941399574262,0.0008491099350154377,0.0013539178907871236,500
0.1,4.0,none,0.7,100,score_cap1,hier_bh_cap1,true_hits,-1.372,-1.5,-1.248,500
0.1,4.0,none,0.7,100,score_cap1,hier_bh_cap1,fdp,-0.0018830643243069119,-0.004143924540668525,0.00036648978347421515,500
0.1,4.0,none,0.7,100,score_cap1,hier_bh_cap1,fdp_exceeds_q,0.0,0.0,0.0,500
0.1,4.0,none,0.7,100,score_cap1,hier_bh_cap1,unique_blocks,-3.378,-4.0161,-2.79,500
0.1,4.0,none,0.7,100,score_cap1,hier_bh_cap1,max_block_share,0.00041109573264140706,0.0003356576921111567,0.00048733301209530973,500
0.1,4.0,none,0.7,100,score_cap1,hier_bh_cap1,mean_pairwise_tanimoto,0.0010754091739654534,0.0008091859713196743,0.0013523019425570955,500
0.1,4.0,none,0.7,100,score_cap1,minp_block_bh_cap1,true_hits,-2.456,-2.66,-2.246,500
0.1,4.0,none,0.7,100,score_cap1,minp_block_bh_cap1,fdp,-0.006793596646374277,-0.010470385475191664,-0.0030213695120102847,500
0.1,4.0,none,0.7,100,score_cap1,minp_block_bh_cap1,fdp_exceeds_q,-0.016,-0.028,-0.006,500
0.1,4.0,none,0.7,100,score_cap1,minp_block_bh_cap1,unique_blocks,-6.03,-7.01405,-5.0778500000000015,500
0.1,4.0,none,0.7,100,score_cap1,minp_block_bh_cap1,max_block_share,0.0008275042378350518,0.0006959480613878896,0.0009654160484688873,500
0.1,4.0,none,0.7,100,score_cap1,minp_block_bh_cap1,mean_pairwise_tanimoto,0.0011736239790916404,0.0007075002364814267,0.001650709106028078,500
0.1,4.0,none,0.7,100,score_cap1,block_by_cap1,true_hits,-28.528,-30.53465,-26.427850000000003,500
0.1,4.0,none,0.7,100,score_cap1,block_by_cap1,fdp,-0.14392233895748757,-0.15137921918840705,-0.13641937130273218,500
0.1,4.0,none,0.7,100,score_cap1,block_by_cap1,fdp_exceeds_q,-0.1,-0.126,-0.076,500
0.1,4.0,none,0.7,100,score_cap1,block_by_cap1,unique_blocks,-51.784,-54.4522,-49.124,500
0.1,4.0,none,0.7,100,score_cap1,block_by_cap1,max_block_share,0.013925505986103273,0.012424869884653335,0.015448119269974737,500
0.1,4.0,none,0.7,100,score_cap1,block_by_cap1,mean_pairwise_tanimoto,0.010862467378377922,0.005474774796515711,0.015784199228882797,500
0.1,4.0,none,0.7,100,score_cap1,bh_cap1,true_hits,-0.358,-0.45,-0.268,500
0.1,4.0,none,0.7,100,score_cap1,bh_cap1,fdp,-0.003048261364850663,-0.004008465745454303,-0.0022036451453144885,500
0.1,4.0,none,0.7,100,score_cap1,bh_cap1,fdp_exceeds_q,0.0,0.0,0.0,500
0.1,4.0,none,0.7,100,score_cap1,bh_cap1,unique_blocks,-1.21,-1.5281,-0.918,500
0.1,4.0,none,0.7,100,score_cap1,bh_cap1,max_block_share,0.00013730090341096594,0.00010321634623501492,0.00017493214338986897,500
0.1,4.0,none,0.7,100,score_cap1,bh_cap1,mean_pairwise_tanimoto,0.0005959756374359145,0.00043907708153128634,0.0007528592973947543,500
0.1,4.0,none,0.7,100,score_cap1,weighted_bh,true_hits,6.2,5.494,6.898,500
0.1,4.0,none,0.7,100,score_cap1,weighted_bh,fdp,-0.062,-0.06890199999999999,-0.055199499999999985,500
0.1,4.0,none,0.7,100,score_cap1,weighted_bh,fdp_exceeds_q,0.0,0.0,0.0,500
0.1,4.0,none,0.7,100,score_cap1,weighted_bh,unique_blocks,-29.086,-29.8761,-28.2659,500
0.1,4.0,none,0.7,100,score_cap1,weighted_bh,max_block_share,0.06344000000000001,0.06059950000000001,0.06648,500
0.1,4.0,none,0.7,100,score_cap1,weighted_bh,mean_pairwise_tanimoto,0.02408797118067742,0.022488128791004428,0.02570932704880834,500
0.1,4.0,none,0.7,20,score_cap1,chemdeprc_cap1,true_hits,0.384,0.3,0.46404999999999974,500
0.1,4.0,none,0.7,20,score_cap1,chemdeprc_cap1,fdp,-0.0192,-0.0233,-0.0148,500
0.1,4.0,none,0.7,20,score_cap1,chemdeprc_cap1,fdp_exceeds_q,0.0,0.0,0.0,500
0.1,4.0,none,0.7,20,score_cap1,chemdeprc_cap1,unique_blocks,0.0,0.0,0.0,500
0.1,4.0,none,0.7,20,score_cap1,chemdeprc_cap1,max_block_share,0.0,0.0,0.0,500
0.1,4.0,none,0.7,20,score_cap1,chemdeprc_cap1,mean_pairwise_tanimoto,-0.006372871130704873,-0.00796759777814149,-0.004758289987593885,500
0.1,4.0,none,0.7,20,score_cap1,chemdeprc_scorecap1,true_hits,0.0,0.0,0.0,500
0.1,4.0,none,0.7,20,score_cap1,chemdeprc_scorecap1,fdp,0.0,0.0,0.0,500
0.1,4.0,none,0.7,20,score_cap1,chemdeprc_scorecap1,fdp_exceeds_q,0.0,0.0,0.0,500
0.1,4.0,none,0.7,20,score_cap1,chemdeprc_scorecap1,unique_blocks,0.0,0.0,0.0,500
0.1,4.0,none,0.7,20,score_cap1,chemdeprc_scorecap1,max_block_share,0.0,0.0,0.0,500
0.1,4.0,none,0.7,20,score_cap1,chemdeprc_scorecap1,mean_pairwise_tanimoto,0.0,0.0,0.0,500
0.1,4.0,none,0.7,20,score_cap1,hier_bh_cap1,true_hits,0.384,0.298,0.4700499999999997,500
0.1,4.0,none,0.7,20,score_cap1,hier_bh_cap1,fdp,-0.0192,-0.0234025,-0.015,500
0.1,4.0,none,0.7,20,score_cap1,hier_bh_cap1,fdp_exceeds_q,0.0,0.0,0.0,500
0.1,4.0,none,0.7,20,score_cap1,hier_bh_cap1,unique_blocks,0.0,0.0,0.0,500
0.1,4.0,none,0.7,20,score_cap1,hier_bh_cap1,max_block_share,0.0,0.0,0.0,500
0.1,4.0,none,0.7,20,score_cap1,hier_bh_cap1,mean_pairwise_tanimoto,-0.006372871130704873,-0.007916470067203037,-0.004871110651642078,500
0.1,4.0,none,0.7,20,score_cap1,minp_block_bh_cap1,true_hits,0.904,0.81,0.998,500
0.1,4.0,none,0.7,20,score_cap1,minp_block_bh_cap1,fdp,-0.0452,-0.05,-0.040299999999999996,500
0.1,4.0,none,0.7,20,score_cap1,minp_block_bh_cap1,fdp_exceeds_q,0.0,0.0,0.0,500
0.1,4.0,none,0.7,20,score_cap1,minp_block_bh_cap1,unique_blocks,0.0,0.0,0.0,500
0.1,4.0,none,0.7,20,score_cap1,minp_block_bh_cap1,max_block_share,0.0,0.0,0.0,500
0.1,4.0,none,0.7,20,score_cap1,minp_block_bh_cap1,mean_pairwise_tanimoto,-0.012630732089281083,-0.014525431558489796,-0.01076388587281108,500
0.1,4.0,none,0.7,20,score_cap1,block_by_cap1,true_hits,-1.604,-2.09415,-1.1439500000000002,500
0.1,4.0,none,0.7,20,score_cap1,block_by_cap1,fdp,-0.030362022703818374,-0.035011364809081534,-0.02574507997936017,500
0.1,4.0,none,0.7,20,score_cap1,block_by_cap1,fdp_exceeds_q,0.0,0.0,0.0,500
0.1,4.0,none,0.7,20,score_cap1,block_by_cap1,unique_blocks,-2.3,-2.846,-1.806,500
0.1,4.0,none,0.7,20,score_cap1,block_by_cap1,max_block_share,-0.0041198314413484725,-0.005450039774681806,-0.0028225969642242917,500
0.1,4.0,none,0.7,20,score_cap1,block_by_cap1,mean_pairwise_tanimoto,-0.025735825181007376,-0.030694310195744024,-0.020672417160868636,500
0.1,4.0,none,0.7,20,score_cap1,bh_cap1,true_hits,0.0,0.0,0.0,500
0.1,4.0,none,0.7,20,score_cap1,bh_cap1,fdp,0.0,0.0,0.0,500
0.1,4.0,none,0.7,20,score_cap1,bh_cap1,fdp_exceeds_q,0.0,0.0,0.0,500
0.1,4.0,none,0.7,20,score_cap1,bh_cap1,unique_blocks,0.0,0.0,0.0,500
0.1,4.0,none,0.7,20,score_cap1,bh_cap1,max_block_share,0.0,0.0,0.0,500
0.1,4.0,none,0.7,20,score_cap1,bh_cap1,mean_pairwise_tanimoto,0.0,0.0,0.0,500
0.1,4.0,none,0.7,20,score_cap1,weighted_bh,true_hits,0.808,0.70995,0.906,500
0.1,4.0,none,0.7,20,score_cap1,weighted_bh,fdp,-0.0404,-0.04530250000000001,-0.0355,500
0.1,4.0,none,0.7,20,score_cap1,weighted_bh,fdp_exceeds_q,0.0,0.0,0.0,500
0.1,4.0,none,0.7,20,score_cap1,weighted_bh,unique_blocks,-1.056,-1.17205,-0.934,500
0.1,4.0,none,0.7,20,score_cap1,weighted_bh,max_block_share,0.025700000000000008,0.0229,0.0285,500
0.1,4.0,none,0.7,20,score_cap1,weighted_bh,mean_pairwise_tanimoto,-0.007372859150171285,-0.009253936265408996,-0.005400212611258035,500
0.1,4.0,none,0.7,30,score_cap1,chemdeprc_cap1,true_hits,0.398,0.322,0.478,500
0.1,4.0,none,0.7,30,score_cap1,chemdeprc_cap1,fdp,-0.013266666666666663,-0.015933333333333327,-0.010665000000000004,500
0.1,4.0,none,0.7,30,score_cap1,chemdeprc_cap1,fdp_exceeds_q,0.0,0.0,0.0,500
0.1,4.0,none,0.7,30,score_cap1,chemdeprc_cap1,unique_blocks,0.0,0.0,0.0,500
0.1,4.0,none,0.7,30,score_cap1,chemdeprc_cap1,max_block_share,0.0,0.0,0.0,500
0.1,4.0,none,0.7,30,score_cap1,chemdeprc_cap1,mean_pairwise_tanimoto,-0.002572842866182318,-0.003911028686910857,-0.0012350222781300436,500
0.1,4.0,none,0.7,30,score_cap1,chemdeprc_scorecap1,true_hits,0.0,0.0,0.0,500
0.1,4.0,none,0.7,30,score_cap1,chemdeprc_scorecap1,fdp,0.0,0.0,0.0,500
0.1,4.0,none,0.7,30,score_cap1,chemdeprc_scorecap1,fdp_exceeds_q,0.0,0.0,0.0,500
0.1,4.0,none,0.7,30,score_cap1,chemdeprc_scorecap1,unique_blocks,0.0,0.0,0.0,500
0.1,4.0,none,0.7,30,score_cap1,chemdeprc_scorecap1,max_block_share,0.0,0.0,0.0,500
0.1,4.0,none,0.7,30,score_cap1,chemdeprc_scorecap1,mean_pairwise_tanimoto,0.0,0.0,0.0,500
0.1,4.0,none,0.7,30,score_cap1,hier_bh_cap1,true_hits,0.398,0.32,0.478,500
0.1,4.0,none,0.7,30,score_cap1,hier_bh_cap1,fdp,-0.013266666666666663,-0.015866666666666657,-0.010665000000000004,500
0.1,4.0,none,0.7,30,score_cap1,hier_bh_cap1,fdp_exceeds_q,0.0,0.0,0.0,500
0.1,4.0,none,0.7,30,score_cap1,hier_bh_cap1,unique_blocks,0.0,0.0,0.0,500
0.1,4.0,none,0.7,30,score_cap1,hier_bh_cap1,max_block_share,0.0,0.0,0.0,500
0.1,4.0,none,0.7,30,score_cap1,hier_bh_cap1,mean_pairwise_tanimoto,-0.002572842866182318,-0.003907268048077813,-0.001273794396966688,500
0.1,4.0,none,0.7,30,score_cap1,minp_block_bh_cap1,true_hits,0.206,0.07795,0.34,500
0.1,4.0,none,0.7,30,score_cap1,minp_block_bh_cap1,fdp,-0.006866666666666663,-0.01133333333333333,-0.0023999999999999985,500
0.1,4.0,none,0.7,30,score_cap1,minp_block_bh_cap1,fdp_exceeds_q,0.0,0.0,0.0,500
0.1,4.0,none,0.7,30,score_cap1,minp_block_bh_cap1,unique_blocks,0.0,0.0,0.0,500
0.1,4.0,none,0.7,30,score_cap1,minp_block_bh_cap1,max_block_share,0.0,0.0,0.0,500
0.1,4.0,none,0.7,30,score_cap1,minp_block_bh_cap1,mean_pairwise_tanimoto,-0.009481059879064566,-0.011124807877093556,-0.007887462022155529,500
0.1,4.0,none,0.7,30,score_cap1,block_by_cap1,true_hits,-3.946,-4.66805,-3.224,500
0.1,4.0,none,0.7,30,score_cap1,block_by_cap1,fdp,-0.022420865770907305,-0.02770937444901335,-0.016621066674330897,500
0.1,4.0,none,0.7,30,score_cap1,block_by_cap1,fdp_exceeds_q,0.0,0.0,0.0,500
0.1,4.0,none,0.7,30,score_cap1,block_by_cap1,unique_blocks,-5.414,-6.28,-4.6419500000000005,500
0.1,4.0,none,0.7,30,score_cap1,block_by_cap1,max_block_share,0.0008946992276049945,-0.00034017537009224864,0.002117868224796486,500
0.1,4.0,none,0.7,30,score_cap1,block_by_cap1,mean_pairwise_tanimoto,-0.01890852731466292,-0.024445571853220452,-0.013960898384451855,500
0.1,4.0,none,0.7,30,score_cap1,bh_cap1,true_hits,0.0,0.0,0.0,500
0.1,4.0,none,0.7,30,score_cap1,bh_cap1,fdp,0.0,0.0,0.0,500
0.1,4.0,none,0.7,30,score_cap1,bh_cap1,fdp_exceeds_q,0.0,0.0,0.0,500
0.1,4.0,none,0.7,30,score_cap1,bh_cap1,unique_blocks,0.0,0.0,0.0,500
0.1,4.0,none,0.7,30,score_cap1,bh_cap1,max_block_share,0.0,0.0,0.0,500
0.1,4.0,none,0.7,30,score_cap1,bh_cap1,mean_pairwise_tanimoto,0.0,0.0,0.0,500
0.1,4.0,none,0.7,30,score_cap1,weighted_bh,true_hits,0.006,-0.14005,0.16209999999999947,500
0.1,4.0,none,0.7,30,score_cap1,weighted_bh,fdp,-0.00019999999999999218,-0.005801666666666661,0.005000000000000004,500
0.1,4.0,none,0.7,30,score_cap1,weighted_bh,fdp_exceeds_q,0.0,0.0,0.0,500
0.1,4.0,none,0.7,30,score_cap1,weighted_bh,unique_blocks,-2.83,-3.098,-2.5939000000000005,500
0.1,4.0,none,0.7,30,score_cap1,weighted_bh,max_block_share,0.03946666666666666,0.03653166666666666,0.04266666666666666,500
0.1,4.0,none,0.7,30,score_cap1,weighted_bh,mean_pairwise_tanimoto,-0.006254502773284919,-0.0077886000193655575,-0.004694695042818794,500
0.1,4.0,none,0.7,50,score_cap1,chemdeprc_cap1,true_hits,0.27,0.198,0.342,500
0.1,4.0,none,0.7,50,score_cap1,chemdeprc_cap1,fdp,-0.005400000000000001,-0.006920000000000002,-0.003920000000000001,500
0.1,4.0,none,0.7,50,score_cap1,chemdeprc_cap1,fdp_exceeds_q,0.0,0.0,0.0,500
0.1,4.0,none,0.7,50,score_cap1,chemdeprc_cap1,unique_blocks,0.0,0.0,0.0,500
0.1,4.0,none,0.7,50,score_cap1,chemdeprc_cap1,max_block_share,0.0,0.0,0.0,500
0.1,4.0,none,0.7,50,score_cap1,chemdeprc_cap1,mean_pairwise_tanimoto,-0.0001054500341415377,-0.0005090773902833438,0.00029622687026858226,500
0.1,4.0,none,0.7,50,score_cap1,chemdeprc_scorecap1,true_hits,0.02,0.008,0.032,500
0.1,4.0,none,0.7,50,score_cap1,chemdeprc_scorecap1,fdp,-0.00040000000000000034,-0.0006800000000000006,-0.00020000000000000017,500
0.1,4.0,none,0.7,50,score_cap1,chemdeprc_scorecap1,fdp_exceeds_q,0.0,0.0,0.0,500
0.1,4.0,none,0.7,50,score_cap1,chemdeprc_scorecap1,unique_blocks,0.0,0.0,0.0,500
0.1,4.0,none,0.7,50,score_cap1,chemdeprc_scorecap1,max_block_share,0.0,0.0,0.0,500
0.1,4.0,none,0.7,50,score_cap1,chemdeprc_scorecap1,mean_pairwise_tanimoto,2.8049051761627254e-05,-5.209140479565318e-07,6.038290858268816e-05,500
0.1,4.0,none,0.7,50,score_cap1,hier_bh_cap1,true_hits,0.27,0.2,0.346,500
0.1,4.0,none,0.7,50,score_cap1,hier_bh_cap1,fdp,-0.005400000000000001,-0.0068000000000000005,-0.003960000000000001,500
0.1,4.0,none,0.7,50,score_cap1,hier_bh_cap1,fdp_exceeds_q,0.0,0.0,0.0,500
0.1,4.0,none,0.7,50,score_cap1,hier_bh_cap1,unique_blocks,0.0,0.0,0.0,500
0.1,4.0,none,0.7,50,score_cap1,hier_bh_cap1,max_block_share,0.0,0.0,0.0,500
0.1,4.0,none,0.7,50,score_cap1,hier_bh_cap1,mean_pairwise_tanimoto,-0.0001054500341415377,-0.0005186589501798136,0.0003189993254840429,500
0.1,4.0,none,0.7,50,score_cap1,minp_block_bh_cap1,true_hits,-0.3,-0.444,-0.158,500
0.1,4.0,none,0.7,50,score_cap1,minp_block_bh_cap1,fdp,0.0059999999999999975,0.003039999999999998,0.008920999999999991,500
0.1,4.0,none,0.7,50,score_cap1,minp_block_bh_cap1,fdp_exceeds_q,0.0,0.0,0.0,500
0.1,4.0,none,0.7,50,score_cap1,minp_block_bh_cap1,unique_blocks,0.0,0.0,0.0,500
0.1,4.0,none,0.7,50,score_cap1,minp_block_bh_cap1,max_block_share,0.0,0.0,0.0,500
0.1,4.0,none,0.7,50,score_cap1,minp_block_bh_cap1,mean_pairwise_tanimoto,-0.007978157103061682,-0.00942426061183215,-0.0066104273363947925,500
0.1,4.0,none,0.7,50,score_cap1,block_by_cap1,true_hits,-10.3,-11.51815,-9.043400000000004,500
0.1,4.0,none,0.7,50,score_cap1,block_by_cap1,fdp,-0.03966751333902549,-0.046936227110834124,-0.03309485995033797,500
0.1,4.0,none,0.7,50,score_cap1,block_by_cap1,fdp_exceeds_q,0.0,0.0,0.0,500
0.1,4.0,none,0.7,50,score_cap1,block_by_cap1,unique_blocks,-15.048,-16.5721,-13.52795,500
0.1,4.0,none,0.7,50,score_cap1,block_by_cap1,max_block_share,0.0072008839742309,0.0057783611965879994,0.0085715111535469,500
0.1,4.0,none,0.7,50,score_cap1,block_by_cap1,mean_pairwise_tanimoto,-0.011997434288263309,-0.017027659245580425,-0.007447227521240705,500
0.1,4.0,none,0.7,50,score_cap1,bh_cap1,true_hits,0.0,0.0,0.0,500
0.1,4.0,none,0.7,50,score_cap1,bh_cap1,fdp,0.0,0.0,0.0,500
0.1,4.0,none,0.7,50,score_cap1,bh_cap1,fdp_exceeds_q,0.0,0.0,0.0,500
0.1,4.0,none,0.7,50,score_cap1,bh_cap1,unique_blocks,0.0,0.0,0.0,500
0.1,4.0,none,0.7,50,score_cap1,bh_cap1,max_block_share,0.0,0.0,0.0,500
0.1,4.0,none,0.7,50,score_cap1,bh_cap1,mean_pairwise_tanimoto,0.0,0.0,0.0,500
0.1,4.0,none,0.7,50,score_cap1,weighted_bh,true_hits,-0.614,-0.85205,-0.3819500000000003,500
0.1,4.0,none,0.7,50,score_cap1,weighted_bh,fdp,0.012279999999999992,0.007639999999999993,0.017159999999999998,500
0.1,4.0,none,0.7,50,score_cap1,weighted_bh,fdp_exceeds_q,0.014,0.004,0.024,500
0.1,4.0,none,0.7,50,score_cap1,weighted_bh,unique_blocks,-8.474,-9.01805,-7.90995,500
0.1,4.0,none,0.7,50,score_cap1,weighted_bh,max_block_share,0.060640000000000006,0.056279,0.06528,500
0.1,4.0,none,0.7,50,score_cap1,weighted_bh,mean_pairwise_tanimoto,-0.00020365118980407714,-0.002165677901357415,0.0017202137060463411,500
0.1,4.0,none,0.7,75,score_cap1,chemdeprc_cap1,true_hits,0.038,-0.056,0.132,500
0.1,4.0,none,0.7,75,score_cap1,chemdeprc_cap1,fdp,-0.0005066666666666602,-0.0017333333333333294,0.0007206666666666716,500
0.1,4.0,none,0.7,75,score_cap1,chemdeprc_cap1,fdp_exceeds_q,0.0,0.0,0.0,500
0.1,4.0,none,0.7,75,score_cap1,chemdeprc_cap1,unique_blocks,0.0,0.0,0.0,500
0.1,4.0,none,0.7,75,score_cap1,chemdeprc_cap1,max_block_share,0.0,0.0,0.0,500
0.1,4.0,none,0.7,75,score_cap1,chemdeprc_cap1,mean_pairwise_tanimoto,0.0006425735056400308,0.00044470875263214133,0.0008599266171455393,500
0.1,4.0,none,0.7,75,score_cap1,chemdeprc_scorecap1,true_hits,0.144,0.10995,0.1840499999999997,500
0.1,4.0,none,0.7,75,score_cap1,chemdeprc_scorecap1,fdp,-0.0019199999999999964,-0.0024266666666666625,-0.0014399999999999973,500
0.1,4.0,none,0.7,75,score_cap1,chemdeprc_scorecap1,fdp_exceeds_q,0.0,0.0,0.0,500
0.1,4.0,none,0.7,75,score_cap1,chemdeprc_scorecap1,unique_blocks,0.0,0.0,0.0,500
0.1,4.0,none,0.7,75,score_cap1,chemdeprc_scorecap1,max_block_share,0.0,0.0,0.0,500
0.1,4.0,none,0.7,75,score_cap1,chemdeprc_scorecap1,mean_pairwise_tanimoto,0.00038216438889503336,0.00026442072615027323,0.0004948492296040036,500
0.1,4.0,none,0.7,75,score_cap1,hier_bh_cap1,true_hits,0.038,-0.05204999999999999,0.134,500
0.1,4.0,none,0.7,75,score_cap1,hier_bh_cap1,fdp,-0.0005066666666666602,-0.0017606666666666608,0.0007733333333333372,500
0.1,4.0,none,0.7,75,score_cap1,hier_bh_cap1,fdp_exceeds_q,0.0,0.0,0.0,500
0.1,4.0,none,0.7,75,score_cap1,hier_bh_cap1,unique_blocks,0.0,0.0,0.0,500
0.1,4.0,none,0.7,75,score_cap1,hier_bh_cap1,max_block_share,0.0,0.0,0.0,500
0.1,4.0,none,0.7,75,score_cap1,hier_bh_cap1,mean_pairwise_tanimoto,0.0006425735056400308,0.00044206842556595877,0.0008596269905567174,500
0.1,4.0,none,0.7,75,score_cap1,minp_block_bh_cap1,true_hits,-0.588,-0.694,-0.486,500
0.1,4.0,none,0.7,75,score_cap1,minp_block_bh_cap1,fdp,0.001821145169294204,-0.00021465155043197103,0.003725769318369795,500
0.1,4.0,none,0.7,75,score_cap1,minp_block_bh_cap1,fdp_exceeds_q,-0.016,-0.028,-0.006,500
0.1,4.0,none,0.7,75,score_cap1,minp_block_bh_cap1,unique_blocks,-0.742,-0.92405,-0.56,500
0.1,4.0,none,0.7,75,score_cap1,minp_block_bh_cap1,max_block_share,0.0001443348475016229,0.00011034056062399097,0.00017835831711010222,500
0.1,4.0,none,0.7,75,score_cap1,minp_block_bh_cap1,mean_pairwise_tanimoto,-0.001819175928831099,-0.0022328001990914313,-0.0013720306411385554,500
0.1,4.0,none,0.7,75,score_cap1,block_by_cap1,true_hits,-18.508,-20.2862,-16.8136,500
0.1,4.0,none,0.7,75,score_cap1,block_by_cap1,fdp,-0.07758416604277231,-0.08599306280841235,-0.06934332235273585,500
0.1,4.0,none,0.7,75,score_cap1,block_by_cap1,fdp_exceeds_q,-0.1,-0.128,-0.074,500
0.1,4.0,none,0.7,75,score_cap1,block_by_cap1,unique_blocks,-29.922,-32.35015,-27.602950000000003,500
0.1,4.0,none,0.7,75,score_cap1,block_by_cap1,max_block_share,0.01108142237029933,0.009509445258552041,0.012573984754100294,500
0.1,4.0,none,0.7,75,score_cap1,block_by_cap1,mean_pairwise_tanimoto,-0.002269960194826117,-0.007186549268662921,0.002703060314804321,500
0.1,4.0,none,0.7,75,score_cap1,bh_cap1,true_hits,0.0,0.0,0.0,500
0.1,4.0,none,0.7,75,score_cap1,bh_cap1,fdp,0.0,0.0,0.0,500
0.1,4.0,none,0.7,75,score_cap1,bh_cap1,fdp_exceeds_q,0.0,0.0,0.0,500
0.1,4.0,none,0.7,75,score_cap1,bh_cap1,unique_blocks,0.0,0.0,0.0,500
0.1,4.0,none,0.7,75,score_cap1,bh_cap1,max_block_share,0.0,0.0,0.0,500
0.1,4.0,none,0.7,75,score_cap1,bh_cap1,mean_pairwise_tanimoto,0.0,0.0,0.0,500
0.1,4.0,none,0.7,75,score_cap1,weighted_bh,true_hits,1.374,1.04995,1.686,500
0.1,4.0,none,0.7,75,score_cap1,weighted_bh,fdp,-0.01831999999999998,-0.02266866666666665,-0.014186666666666651,500
0.1,4.0,none,0.7,75,score_cap1,weighted_bh,fdp_exceeds_q,0.0,0.0,0.0,500
0.1,4.0,none,0.7,75,score_cap1,weighted_bh,unique_blocks,-18.214,-18.830199999999998,-17.578,500
0.1,4.0,none,0.7,75,score_cap1,weighted_bh,max_block_share,0.05762666666666667,0.054692666666666674,0.06077333333333334,500
0.1,4.0,none,0.7,75,score_cap1,weighted_bh,mean_pairwise_tanimoto,0.019460744410753253,0.018193465743213896,0.0207669016495347,500
0.1,6.0,none,0.7,100,score_cap1,chemdeprc_cap1,true_hits,-1.366,-1.488,-1.246,500
0.1,6.0,none,0.7,100,score_cap1,chemdeprc_cap1,fdp,-0.001901408637974345,-0.00416716061642527,0.00019838301097556375,500
0.1,6.0,none,0.7,100,score_cap1,chemdeprc_cap1,fdp_exceeds_q,0.0,0.0,0.0,500
0.1,6.0,none,0.7,100,score_cap1,chemdeprc_cap1,unique_blocks,-3.378,-3.97615,-2.8079000000000005,500
0.1,6.0,none,0.7,100,score_cap1,chemdeprc_cap1,max_block_share,0.00041109573264140706,0.0003371566605637901,0.0004917130565988545,500
0.1,6.0,none,0.7,100,score_cap1,chemdeprc_cap1,mean_pairwise_tanimoto,0.0009663151800632457,0.0007069947481155358,0.0012561633192002767,500
0.1,6.0,none,0.7,100,score_cap1,chemdeprc_scorecap1,true_hits,-0.99,-1.12,-0.86,500
0.1,6.0,none,0.7,100,score_cap1,chemdeprc_scorecap1,fdp,-0.005661408637974346,-0.0076427437591656535,-0.0037074769164383925,500
0.1,6.0,none,0.7,100,score_cap1,chemdeprc_scorecap1,fdp_exceeds_q,0.0,0.0,0.0,500
0.1,6.0,none,0.7,100,score_cap1,chemdeprc_scorecap1,unique_blocks,-3.378,-3.97215,-2.786,500
0.1,6.0,none,0.7,100,score_cap1,chemdeprc_scorecap1,max_block_share,0.00041109573264140706,0.0003348673679314783,0.00048796310817213385,500
0.1,6.0,none,0.7,100,score_cap1,chemdeprc_scorecap1,mean_pairwise_tanimoto,0.0010826839506626112,0.0008401677653193453,0.001357940574735399,500
0.1,6.0,none,0.7,100,score_cap1,hier_bh_cap1,true_hits,-1.366,-1.494,-1.2439500000000003,500
0.1,6.0,none,0.7,100,score_cap1,hier_bh_cap1,fdp,-0.001901408637974345,-0.004013880240360479,0.00028118545177276924,500
0.1,6.0,none,0.7,100,score_cap1,hier_bh_cap1,fdp_exceeds_q,0.0,0.0,0.0,500
0.1,6.0,none,0.7,100,score_cap1,hier_bh_cap1,unique_blocks,-3.378,-3.9821500000000003,-2.7718500000000006,500
0.1,6.0,none,0.7,100,score_cap1,hier_bh_cap1,max_block_share,0.00041109573264140706,0.00033823402506721726,0.00048435812994081315,500
0.1,6.0,none,0.7,100,score_cap1,hier_bh_cap1,mean_pairwise_tanimoto,0.0009663151800632457,0.000700235897302626,0.0012597271852195261,500
0.1,6.0,none,0.7,100,score_cap1,minp_block_bh_cap1,true_hits,-2.552,-2.758,-2.3539000000000008,500
0.1,6.0,none,0.7,100,score_cap1,minp_block_bh_cap1,fdp,-0.005409476830579335,-0.00925856794401834,-0.0017001886813915324,500
0.1,6.0,none,0.7,100,score_cap1,minp_block_bh_cap1,fdp_exceeds_q,-0.008,-0.016,-0.002,500
0.1,6.0,none,0.7,100,score_cap1,minp_block_bh_cap1,unique_blocks,-5.944,-6.9521,-5.044,500
0.1,6.0,none,0.7,100,score_cap1,minp_block_bh_cap1,max_block_share,0.0008111975940138075,0.0006709887738777336,0.0009383781031427077,500
0.1,6.0,none,0.7,100,score_cap1,minp_block_bh_cap1,mean_pairwise_tanimoto,0.0008241975605487804,0.0003934141926467392,0.00128714453205466,500
0.1,6.0,none,0.7,100,score_cap1,block_by_cap1,true_hits,-28.462,-30.5701,-26.435250000000003,500
0.1,6.0,none,0.7,100,score_cap1,block_by_cap1,fdp,-0.12156623190018243,-0.12777689573872728,-0.11537110632905165,500
0.1,6.0,none,0.7,100,score_cap1,block_by_cap1,fdp_exceeds_q,-0.1,-0.126,-0.074,500
0.1,6.0,none,0.7,100,score_cap1,block_by_cap1,unique_blocks,-50.676,-53.432050000000004,-47.99165,500
0.1,6.0,none,0.7,100,score_cap1,block_by_cap1,max_block_share,0.012816729174012017,0.011423172849175324,0.014347104983277669,500
0.1,6.0,none,0.7,100,score_cap1,block_by_cap1,mean_pairwise_tanimoto,0.007534399926662449,0.0026695057064294856,0.012388677571713925,500
0.1,6.0,none,0.7,100,score_cap1,bh_cap1,true_hits,-0.358,-0.45,-0.266,500
0.1,6.0,none,0.7,100,score_cap1,bh_cap1,fdp,-0.0030264901948442,-0.003996776005541253,-0.002170280595866433,500
0.1,6.0,none,0.7,100,score_cap1,bh_cap1,fdp_exceeds_q,0.0,0.0,0.0,500
0.1,6.0,none,0.7,100,score_cap1,bh_cap1,unique_blocks,-1.21,-1.534,-0.904,500
0.1,6.0,none,0.7,100,score_cap1,bh_cap1,max_block_share,0.00013730090341096594,0.00010160828662495579,0.00017452974053588455,500
0.1,6.0,none,0.7,100,score_cap1,bh_cap1,mean_pairwise_tanimoto,0.0005980191528797159,0.0004476058356463916,0.0007545498058199876,500
0.1,6.0,none,0.7,100,score_cap1,weighted_bh,true_hits,3.18,2.48395,3.904,500
0.1,6.0,none,0.7,100,score_cap1,weighted_bh,fdp,-0.031799999999999995,-0.038820499999999994,-0.024839999999999997,500
0.1,6.0,none,0.7,100,score_cap1,weighted_bh,fdp_exceeds_q,0.0,0.0,0.0,500
0.1,6.0,none,0.7,100,score_cap1,weighted_bh,unique_blocks,-31.854,-32.902100000000004,-30.8659,500
0.1,6.0,none,0.7,100,score_cap1,weighted_bh,max_block_share,0.07934000000000001,0.07434,0.084822,500
0.1,6.0,none,0.7,100,score_cap1,weighted_bh,mean_pairwise_tanimoto,0.024021198630332946,0.022550302710384128,0.0255814250998199,500
0.1,6.0,none,0.7,20,score_cap1,chemdeprc_cap1,true_hits,0.29,0.204,0.378,500
0.1,6.0,none,0.7,20,score_cap1,chemdeprc_cap1,fdp,-0.014500000000000002,-0.018602500000000004,-0.010000000000000004,500
0.1,6.0,none,0.7,20,score_cap1,chemdeprc_cap1,fdp_exceeds_q,0.0,0.0,0.0,500
0.1,6.0,none,0.7,20,score_cap1,chemdeprc_cap1,unique_blocks,0.0,0.0,0.0,500
0.1,6.0,none,0.7,20,score_cap1,chemdeprc_cap1,max_block_share,0.0,0.0,0.0,500
0.1,6.0,none,0.7,20,score_cap1,chemdeprc_cap1,mean_pairwise_tanimoto,-0.007363338798284529,-0.008962254140526055,-0.005725420368462799,500
0.1,6.0,none,0.7,20,score_cap1,chemdeprc_scorecap1,true_hits,0.0,0.0,0.0,500
0.1,6.0,none,0.7,20,score_cap1,chemdeprc_scorecap1,fdp,0.0,0.0,0.0,500
0.1,6.0,none,0.7,20,score_cap1,chemdeprc_scorecap1,fdp_exceeds_q,0.0,0.0,0.0,500
0.1,6.0,none,0.7,20,score_cap1,chemdeprc_scorecap1,unique_blocks,0.0,0.0,0.0,500
0.1,6.0,none,0.7,20,score_cap1,chemdeprc_scorecap1,max_block_share,0.0,0.0,0.0,500
0.1,6.0,none,0.7,20,score_cap1,chemdeprc_scorecap1,mean_pairwise_tanimoto,0.0,0.0,0.0,500
0.1,6.0,none,0.7,20,score_cap1,hier_bh_cap1,true_hits,0.29,0.2,0.376,500
0.1,6.0,none,0.7,20,score_cap1,hier_bh_cap1,fdp,-0.014500000000000002,-0.019,-0.010297500000000013,500
0.1,6.0,none,0.7,20,score_cap1,hier_bh_cap1,fdp_exceeds_q,0.0,0.0,0.0,500
0.1,6.0,none,0.7,20,score_cap1,hier_bh_cap1,unique_blocks,0.0,0.0,0.0,500
0.1,6.0,none,0.7,20,score_cap1,hier_bh_cap1,max_block_share,0.0,0.0,0.0,500
0.1,6.0,none,0.7,20,score_cap1,hier_bh_cap1,mean_pairwise_tanimoto,-0.007363338798284529,-0.008948702078312635,-0.005789256896078587,500
0.1,6.0,none,0.7,20,score_cap1,minp_block_bh_cap1,true_hits,1.182,1.09795,1.27,500
0.1,6.0,none,0.7,20,score_cap1,minp_block_bh_cap1,fdp,-0.05909999999999999,-0.06359999999999999,-0.0546,500
0.1,6.0,none,0.7,20,score_cap1,minp_block_bh_cap1,fdp_exceeds_q,0.0,0.0,0.0,500
0.1,6.0,none,0.7,20,score_cap1,minp_block_bh_cap1,unique_blocks,0.0,0.0,0.0,500
0.1,6.0,none,0.7,20,score_cap1,minp_block_bh_cap1,max_block_share,0.0,0.0,0.0,500
0.1,6.0,none,0.7,20,score_cap1,minp_block_bh_cap1,mean_pairwise_tanimoto,-0.010405904799699783,-0.011935367065668105,-0.008781707242876292,500
0.1,6.0,none,0.7,20,score_cap1,block_by_cap1,true_hits,-1.558,-2.02005,-1.102,500
0.1,6.0,none,0.7,20,score_cap1,block_by_cap1,fdp,-0.029569117647058826,-0.03492126225490196,-0.02391773284313726,500
0.1,6.0,none,0.7,20,score_cap1,block_by_cap1,fdp_exceeds_q,0.0,0.0,0.0,500
0.1,6.0,none,0.7,20,score_cap1,block_by_cap1,unique_blocks,-2.224,-2.748,-1.698,500
0.1,6.0,none,0.7,20,score_cap1,block_by_cap1,max_block_share,-0.004365196078431377,-0.005710919117647062,-0.0030309967320261482,500
0.1,6.0,none,0.7,20,score_cap1,block_by_cap1,mean_pairwise_tanimoto,-0.026171486049890513,-0.03130789676830173,-0.02129229333549738,500
0.1,6.0,none,0.7,20,score_cap1,bh_cap1,true_hits,0.0,0.0,0.0,500
0.1,6.0,none,0.7,20,score_cap1,bh_cap1,fdp,0.0,0.0,0.0,500
0.1,6.0,none,0.7,20,score_cap1,bh_cap1,fdp_exceeds_q,0.0,0.0,0.0,500
0.1,6.0,none,0.7,20,score_cap1,bh_cap1,unique_blocks,0.0,0.0,0.0,500
0.1,6.0,none,0.7,20,score_cap1,bh_cap1,max_block_share,0.0,0.0,0.0,500
0.1,6.0,none,0.7,20,score_cap1,bh_cap1,mean_pairwise_tanimoto,0.0,0.0,0.0,500
0.1,6.0,none,0.7,20,score_cap1,weighted_bh,true_hits,0.764,0.658,0.874,500
0.1,6.0,none,0.7,20,score_cap1,weighted_bh,fdp,-0.038200000000000005,-0.0433,-0.033100000000000004,500
0.1,6.0,none,0.7,20,score_cap1,weighted_bh,fdp_exceeds_q,0.0,0.0,0.0,500
0.1,6.0,none,0.7,20,score_cap1,weighted_bh,unique_blocks,-1.402,-1.5480500000000001,-1.254,500
0.1,6.0,none,0.7,20,score_cap1,weighted_bh,max_block_share,0.034300000000000004,0.030899999999999997,0.03760249999999999,500
0.1,6.0,none,0.7,20,score_cap1,weighted_bh,mean_pairwise_tanimoto,-0.006238377451896672,-0.00794860002920032,-0.0044278841264545985,500
0.1,6.0,none,0.7,30,score_cap1,chemdeprc_cap1,true_hits,0.348,0.25595,0.444,500
0.1,6.0,none,0.7,30,score_cap1,chemdeprc_cap1,fdp,-0.011599999999999987,-0.01473333333333332,-0.008466666666666657,500
0.1,6.0,none,0.7,30,score_cap1,chemdeprc_cap1,fdp_exceeds_q,0.0,0.0,0.0,500
0.1,6.0,none,0.7,30,score_cap1,chemdeprc_cap1,unique_blocks,0.0,0.0,0.0,500
0.1,6.0,none,0.7,30,score_cap1,chemdeprc_cap1,max_block_share,0.0,0.0,0.0,500
0.1,6.0,none,0.7,30,score_cap1,chemdeprc_cap1,mean_pairwise_tanimoto,-0.0014974868595600036,-0.0027493381232023147,-0.00021988023966550217,500
0.1,6.0,none,0.7,30,score_cap1,chemdeprc_scorecap1,true_hits,0.0,0.0,0.0,500
0.1,6.0,none,0.7,30,score_cap1,chemdeprc_scorecap1,fdp,0.0,0.0,0.0,500
0.1,6.0,none,0.7,30,score_cap1,chemdeprc_scorecap1,fdp_exceeds_q,0.0,0.0,0.0,500
0.1,6.0,none,0.7,30,score_cap1,chemdeprc_scorecap1,unique_blocks,0.0,0.0,0.0,500
0.1,6.0,none,0.7,30,score_cap1,chemdeprc_scorecap1,max_block_share,0.0,0.0,0.0,500
0.1,6.0,none,0.7,30,score_cap1,chemdeprc_scorecap1,mean_pairwise_tanimoto,0.0,0.0,0.0,500
0.1,6.0,none,0.7,30,score_cap1,hier_bh_cap1,true_hits,0.348,0.256,0.4400499999999997,500
0.1,6.0,none,0.7,30,score_cap1,hier_bh_cap1,fdp,-0.011599999999999987,-0.014666666666666653,-0.008598333333333328,500
0.1,6.0,none,0.7,30,score_cap1,hier_bh_cap1,fdp_exceeds_q,0.0,0.0,0.0,500
0.1,6.0,none,0.7,30,score_cap1,hier_bh_cap1,unique_blocks,0.0,0.0,0.0,500
0.1,6.0,none,0.7,30,score_cap1,hier_bh_cap1,max_block_share,0.0,0.0,0.0,500
0.1,6.0,none,0.7,30,score_cap1,hier_bh_cap1,mean_pairwise_tanimoto,-0.0014974868595600036,-0.002773917198926201,-0.0002578298419713879,500
0.1,6.0,none,0.7,30,score_cap1,minp_block_bh_cap1,true_hits,0.434,0.296,0.5760499999999997,500
0.1,6.0,none,0.7,30,score_cap1,minp_block_bh_cap1,fdp,-0.01446666666666665,-0.019133333333333318,-0.009599999999999984,500
0.1,6.0,none,0.7,30,score_cap1,minp_block_bh_cap1,fdp_exceeds_q,0.0,0.0,0.0,500
0.1,6.0,none,0.7,30,score_cap1,minp_block_bh_cap1,unique_blocks,0.0,0.0,0.0,500
0.1,6.0,none,0.7,30,score_cap1,minp_block_bh_cap1,max_block_share,0.0,0.0,0.0,500
0.1,6.0,none,0.7,30,score_cap1,minp_block_bh_cap1,mean_pairwise_tanimoto,-0.008064535439014435,-0.009592441832274198,-0.006481433451175692,500
0.1,6.0,none,0.7,30,score_cap1,block_by_cap1,true_hits,-3.77,-4.576099999999999,-3.036,500
0.1,6.0,none,0.7,30,score_cap1,block_by_cap1,fdp,-0.015220497512681558,-0.02050085976882006,-0.009823959303903125,500
0.1,6.0,none,0.7,30,score_cap1,block_by_cap1,fdp_exceeds_q,0.0,0.0,0.0,500
0.1,6.0,none,0.7,30,score_cap1,block_by_cap1,unique_blocks,-4.962,-5.7940499999999995,-4.191850000000001,500
0.1,6.0,none,0.7,30,score_cap1,block_by_cap1,max_block_share,-3.3126002358299544e-05,-0.0011631611837638605,0.0010476263306838623,500
0.1,6.0,none,0.7,30,score_cap1,block_by_cap1,mean_pairwise_tanimoto,-0.018460439562797533,-0.023565529651194798,-0.013327864097058764,500
0.1,6.0,none,0.7,30,score_cap1,bh_cap1,true_hits,0.0,0.0,0.0,500
0.1,6.0,none,0.7,30,score_cap1,bh_cap1,fdp,0.0,0.0,0.0,500
0.1,6.0,none,0.7,30,score_cap1,bh_cap1,fdp_exceeds_q,0.0,0.0,0.0,500
0.1,6.0,none,0.7,30,score_cap1,bh_cap1,unique_blocks,0.0,0.0,0.0,500
0.1,6.0,none,0.7,30,score_cap1,bh_cap1,max_block_share,0.0,0.0,0.0,500
0.1,6.0,none,0.7,30,score_cap1,bh_cap1,mean_pairwise_tanimoto,0.0,0.0,0.0,500
0.1,6.0,none,0.7,30,score_cap1,weighted_bh,true_hits,-0.27,-0.466,-0.09,500
0.1,6.0,none,0.7,30,score_cap1,weighted_bh,fdp,0.009000000000000011,0.003066666666666682,0.015268333333333337,500
0.1,6.0,none,0.7,30,score_cap1,weighted_bh,fdp_exceeds_q,0.0,0.0,0.0,500
0.1,6.0,none,0.7,30,score_cap1,weighted_bh,unique_blocks,-3.494,-3.792,-3.202,500
0.1,6.0,none,0.7,30,score_cap1,weighted_bh,max_block_share,0.04706666666666665,0.04333333333333333,0.05066666666666666,500
0.1,6.0,none,0.7,30,score_cap1,weighted_bh,mean_pairwise_tanimoto,-0.005597800195217139,-0.006965924400091182,-0.004205590452998885,500
0.1,6.0,none,0.7,50,score_cap1,chemdeprc_cap1,true_hits,0.288,0.208,0.37,500
0.1,6.0,none,0.7,50,score_cap1,chemdeprc_cap1,fdp,-0.0057599999999999995,-0.007520000000000001,-0.0041600000000000005,500
0.1,6.0,none,0.7,50,score_cap1,chemdeprc_cap1,fdp_exceeds_q,0.0,0.0,0.0,500
0.1,6.0,none,0.7,50,score_cap1,chemdeprc_cap1,unique_blocks,0.0,0.0,0.0,500
0.1,6.0,none,0.7,50,score_cap1,chemdeprc_cap1,max_block_share,0.0,0.0,0.0,500
0.1,6.0,none,0.7,50,score_cap1,chemdeprc_cap1,mean_pairwise_tanimoto,0.0003507828712463384,-0.00011966882944106885,0.0008118459701538091,500
0.1,6.0,none,0.7,50,score_cap1,chemdeprc_scorecap1,true_hits,0.02,0.008,0.034,500
0.1,6.0,none,0.7,50,score_cap1,chemdeprc_scorecap1,fdp,-0.00040000000000000034,-0.0006400000000000006,-0.00016000000000000015,500
0.1,6.0,none,0.7,50,score_cap1,chemdeprc_scorecap1,fdp_exceeds_q,0.0,0.0,0.0,500
0.1,6.0,none,0.7,50,score_cap1,chemdeprc_scorecap1,unique_blocks,0.0,0.0,0.0,500
0.1,6.0,none,0.7,50,score_cap1,chemdeprc_scorecap1,max_block_share,0.0,0.0,0.0,500
0.1,6.0,none,0.7,50,score_cap1,chemdeprc_scorecap1,mean_pairwise_tanimoto,2.8049051761627254e-05,-8.282870054244037e-07,6.031279712915481e-05,500
0.1,6.0,none,0.7,50,score_cap1,hier_bh_cap1,true_hits,0.288,0.204,0.372,500
0.1,6.0,none,0.7,50,score_cap1,hier_bh_cap1,fdp,-0.0057599999999999995,-0.007359999999999999,-0.0042000000000000015,500
0.1,6.0,none,0.7,50,score_cap1,hier_bh_cap1,fdp_exceeds_q,0.0,0.0,0.0,500
0.1,6.0,none,0.7,50,score_cap1,hier_bh_cap1,unique_blocks,0.0,0.0,0.0,500
0.1,6.0,none,0.7,50,score_cap1,hier_bh_cap1,max_block_share,0.0,0.0,0.0,500
0.1,6.0,none,0.7,50,score_cap1,hier_bh_cap1,mean_pairwise_tanimoto,0.0003507828712463384,-9.57222923636436e-05,0.0008118659630417814,500
0.1,6.0,none,0.7,50,score_cap1,minp_block_bh_cap1,true_hits,0.114,-0.054,0.284,500
0.1,6.0,none,0.7,50,score_cap1,minp_block_bh_cap1,fdp,-0.002280000000000004,-0.005401000000000002,0.000959999999999998,500
0.1,6.0,none,0.7,50,score_cap1,minp_block_bh_cap1,fdp_exceeds_q,0.0,0.0,0.0,500
0.1,6.0,none,0.7,50,score_cap1,minp_block_bh_cap1,unique_blocks,0.0,0.0,0.0,500
0.1,6.0,none,0.7,50,score_cap1,minp_block_bh_cap1,max_block_share,0.0,0.0,0.0,500
0.1,6.0,none,0.7,50,score_cap1,minp_block_bh_cap1,mean_pairwise_tanimoto,-0.006849195033311845,-0.008306704596430067,-0.005373406515270473,500
0.1,6.0,none,0.7,50,score_cap1,block_by_cap1,true_hits,-10.136,-11.38805,-8.911700000000003,500
0.1,6.0,none,0.7,50,score_cap1,block_by_cap1,fdp,-0.02741708523868108,-0.032986517656846195,-0.021428328183162485,500
0.1,6.0,none,0.7,50,score_cap1,block_by_cap1,fdp_exceeds_q,0.0,0.0,0.0,500
0.1,6.0,none,0.7,50,score_cap1,block_by_cap1,unique_blocks,-14.516,-16.062250000000002,-12.99595,500
0.1,6.0,none,0.7,50,score_cap1,block_by_cap1,max_block_share,0.006203135775079929,0.0049602479832626155,0.007504533327120897,500
0.1,6.0,none,0.7,50,score_cap1,block_by_cap1,mean_pairwise_tanimoto,-0.013193740099668493,-0.01773841264396905,-0.008858248751610516,500
0.1,6.0,none,0.7,50,score_cap1,bh_cap1,true_hits,0.0,0.0,0.0,500
0.1,6.0,none,0.7,50,score_cap1,bh_cap1,fdp,0.0,0.0,0.0,500
0.1,6.0,none,0.7,50,score_cap1,bh_cap1,fdp_exceeds_q,0.0,0.0,0.0,500
0.1,6.0,none,0.7,50,score_cap1,bh_cap1,unique_blocks,0.0,0.0,0.0,500
0.1,6.0,none,0.7,50,score_cap1,bh_cap1,max_block_share,0.0,0.0,0.0,500
0.1,6.0,none,0.7,50,score_cap1,bh_cap1,mean_pairwise_tanimoto,0.0,0.0,0.0,500
0.1,6.0,none,0.7,50,score_cap1,weighted_bh,true_hits,-1.21,-1.504,-0.93,500
0.1,6.0,none,0.7,50,score_cap1,weighted_bh,fdp,0.024199999999999996,0.01799999999999999,0.030199999999999987,500
0.1,6.0,none,0.7,50,score_cap1,weighted_bh,fdp_exceeds_q,0.084,0.06,0.11,500
0.1,6.0,none,0.7,50,score_cap1,weighted_bh,unique_blocks,-9.228,-9.81205,-8.661950000000001,500
0.1,6.0,none,0.7,50,score_cap1,weighted_bh,max_block_share,0.06292,0.058797999999999996,0.06744,500
0.1,6.0,none,0.7,50,score_cap1,weighted_bh,mean_pairwise_tanimoto,-0.0015173078179359417,-0.0034549820721149404,0.0003582405336201193,500
0.1,6.0,none,0.7,75,score_cap1,chemdeprc_cap1,true_hits,0.092,0.0,0.182,500
0.1,6.0,none,0.7,75,score_cap1,chemdeprc_cap1,fdp,-0.0012266666666666524,-0.0024273333333333226,-2.6666666666650624e-05,500
0.1,6.0,none,0.7,75,score_cap1,chemdeprc_cap1,fdp_exceeds_q,0.0,0.0,0.0,500
0.1,6.0,none,0.7,75,score_cap1,chemdeprc_cap1,unique_blocks,0.0,0.0,0.0,500
0.1,6.0,none,0.7,75,score_cap1,chemdeprc_cap1,max_block_share,0.0,0.0,0.0,500
0.1,6.0,none,0.7,75,score_cap1,chemdeprc_cap1,mean_pairwise_tanimoto,0.0006897532939910851,0.0005342661112546877,0.0008531225629150831,500
0.1,6.0,none,0.7,75,score_cap1,chemdeprc_scorecap1,true_hits,0.144,0.108,0.18,500
0.1,6.0,none,0.7,75,score_cap1,chemdeprc_scorecap1,fdp,-0.001919999999999998,-0.002426666666666665,-0.001439999999999999,500
0.1,6.0,none,0.7,75,score_cap1,chemdeprc_scorecap1,fdp_exceeds_q,0.0,0.0,0.0,500
0.1,6.0,none,0.7,75,score_cap1,chemdeprc_scorecap1,unique_blocks,0.0,0.0,0.0,500
0.1,6.0,none,0.7,75,score_cap1,chemdeprc_scorecap1,max_block_share,0.0,0.0,0.0,500
0.1,6.0,none,0.7,75,score_cap1,chemdeprc_scorecap1,mean_pairwise_tanimoto,0.00038140803575515564,0.0002677348606288419,0.0005008450008928755,500
0.1,6.0,none,0.7,75,score_cap1,hier_bh_cap1,true_hits,0.092,-0.002,0.18604999999999972,500
0.1,6.0,none,0.7,75,score_cap1,hier_bh_cap1,fdp,-0.0012266666666666524,-0.002453333333333324,5.333333333334787e-05,500
0.1,6.0,none,0.7,75,score_cap1,hier_bh_cap1,fdp_exceeds_q,0.0,0.0,0.0,500
0.1,6.0,none,0.7,75,score_cap1,hier_bh_cap1,unique_blocks,0.0,0.0,0.0,500
0.1,6.0,none,0.7,75,score_cap1,hier_bh_cap1,max_block_share,0.0,0.0,0.0,500
0.1,6.0,none,0.7,75,score_cap1,hier_bh_cap1,mean_pairwise_tanimoto,0.0006897532939910851,0.0005296160995960163,0.0008470824465155551,500
0.1,6.0,none,0.7,75,score_cap1,minp_block_bh_cap1,true_hits,-0.554,-0.66605,-0.428,500
0.1,6.0,none,0.7,75,score_cap1,minp_block_bh_cap1,fdp,0.0016805967604433222,-0.00035161508951405215,0.0038083516624041044,500
0.1,6.0,none,0.7,75,score_cap1,minp_block_bh_cap1,fdp_exceeds_q,-0.008,-0.016,-0.002,500
0.1,6.0,none,0.7,75,score_cap1,minp_block_bh_cap1,unique_blocks,-0.682,-0.84805,-0.5119500000000002,500
0.1,6.0,none,0.7,75,score_cap1,minp_block_bh_cap1,max_block_share,0.0001324637681159427,9.933503836317228e-05,0.0001647506393861899,500
0.1,6.0,none,0.7,75,score_cap1,minp_block_bh_cap1,mean_pairwise_tanimoto,-0.0015847111344337527,-0.0020283293277025276,-0.001115075881779203,500
0.1,6.0,none,0.7,75,score_cap1,block_by_cap1,true_hits,-18.312,-20.146050000000002,-16.664,500
0.1,6.0,none,0.7,75,score_cap1,block_by_cap1,fdp,-0.06066232641497306,-0.06725544328020339,-0.054141345098171374,500
0.1,6.0,none,0.7,75,score_cap1,block_by_cap1,fdp_exceeds_q,-0.1,-0.126,-0.074,500
0.1,6.0,none,0.7,75,score_cap1,block_by_cap1,unique_blocks,-29.122,-31.5501,-26.7658,500
0.1,6.0,none,0.7,75,score_cap1,block_by_cap1,max_block_share,0.010014448967623164,0.008581013831683559,0.01146758853901424,500
0.1,6.0,none,0.7,75,score_cap1,block_by_cap1,mean_pairwise_tanimoto,-0.004636926382780074,-0.009520530907809731,-0.00011352301165461578,500
0.1,6.0,none,0.7,75,score_cap1,bh_cap1,true_hits,0.0,0.0,0.0,500
0.1,6.0,none,0.7,75,score_cap1,bh_cap1,fdp,0.0,0.0,0.0,500
0.1,6.0,none,0.7,75,score_cap1,bh_cap1,fdp_exceeds_q,0.0,0.0,0.0,500
0.1,6.0,none,0.7,75,score_cap1,bh_cap1,unique_blocks,0.0,0.0,0.0,500
0.1,6.0,none,0.7,75,score_cap1,bh_cap1,max_block_share,0.0,0.0,0.0,500
0.1,6.0,none,0.7,75,score_cap1,bh_cap1,mean_pairwise_tanimoto,0.0,0.0,0.0,500
0.1,6.0,none,0.7,75,score_cap1,weighted_bh,true_hits,-0.256,-0.67405,0.1401499999999992,500
0.1,6.0,none,0.7,75,score_cap1,weighted_bh,fdp,0.003413333333333348,-0.0019199999999999825,0.008774000000000016,500
0.1,6.0,none,0.7,75,score_cap1,weighted_bh,fdp_exceeds_q,0.0,0.0,0.0,500
0.1,6.0,none,0.7,75,score_cap1,weighted_bh,unique_blocks,-20.664,-21.50805,-19.8718,500
0.1,6.0,none,0.7,75,score_cap1,weighted_bh,max_block_share,0.06608000000000001,0.06186533333333334,0.07037399999999999,500
0.1,6.0,none,0.7,75,score_cap1,weighted_bh,mean_pairwise_tanimoto,0.018820073902606965,0.01748685757741332,0.020136030925810334,500
0.2,1.0,none,0.7,100,score_cap1,chemdeprc_cap1,true_hits,-1.228,-1.384,-1.09,500
0.2,1.0,none,0.7,100,score_cap1,chemdeprc_cap1,fdp,-0.00588273240923649,-0.008356890718901203,-0.0035312642938127975,500
0.2,1.0,none,0.7,100,score_cap1,chemdeprc_cap1,fdp_exceeds_q,-0.012,-0.022,-0.004,500
0.2,1.0,none,0.7,100,score_cap1,chemdeprc_cap1,unique_blocks,-4.156,-4.902,-3.422,500
0.2,1.0,none,0.7,100,score_cap1,chemdeprc_cap1,max_block_share,0.0005331821408048592,0.0004378853067484247,0.0006313819476768637,500
0.2,1.0,none,0.7,100,score_cap1,chemdeprc_cap1,mean_pairwise_tanimoto,0.0010388227701187028,0.000778623615205279,0.001321053726971138,500
0.2,1.0,none,0.7,100,score_cap1,chemdeprc_scorecap1,true_hits,-1.02,-1.162,-0.8779500000000002,500
0.2,1.0,none,0.7,100,score_cap1,chemdeprc_scorecap1,fdp,-0.00796273240923649,-0.01041263079919072,-0.005793041751000956,500
0.2,1.0,none,0.7,100,score_cap1,chemdeprc_scorecap1,fdp_exceeds_q,-0.012,-0.022,-0.004,500
0.2,1.0,none,0.7,100,score_cap1,chemdeprc_scorecap1,unique_blocks,-4.156,-4.896,-3.4119000000000006,500
0.2,1.0,none,0.7,100,score_cap1,chemdeprc_scorecap1,max_block_share,0.0005331821408048592,0.000441983733795126,0.0006306582196569295,500
0.2,1.0,none,0.7,100,score_cap1,chemdeprc_scorecap1,mean_pairwise_tanimoto,0.001274044871330262,0.0010135077901184595,0.0015469779506325733,500
0.2,1.0,none,0.7,100,score_cap1,hier_bh_cap1,true_hits,-1.228,-1.366,-1.092,500
0.2,1.0,none,0.7,100,score_cap1,hier_bh_cap1,fdp,-0.00588273240923649,-0.00832821169606684,-0.00358688976715914,500
0.2,1.0,none,0.7,100,score_cap1,hier_bh_cap1,fdp_exceeds_q,-0.012,-0.022,-0.004,500
0.2,1.0,none,0.7,100,score_cap1,hier_bh_cap1,unique_blocks,-4.156,-4.93,-3.4319000000000006,500
0.2,1.0,none,0.7,100,score_cap1,hier_bh_cap1,max_block_share,0.0005331821408048592,0.0004407404337471958,0.0006358979050600221,500
0.2,1.0,none,0.7,100,score_cap1,hier_bh_cap1,mean_pairwise_tanimoto,0.0010388227701187028,0.0007724030613899118,0.001333777152746905,500
0.2,1.0,none,0.7,100,score_cap1,minp_block_bh_cap1,true_hits,-2.388,-2.612,-2.1639500000000003,500
0.2,1.0,none,0.7,100,score_cap1,minp_block_bh_cap1,fdp,-0.01385767870647304,-0.01833832115067583,-0.00947744888814511,500
0.2,1.0,none,0.7,100,score_cap1,minp_block_bh_cap1,fdp_exceeds_q,-0.098,-0.12405,-0.072,500
0.2,1.0,none,0.7,100,score_cap1,minp_block_bh_cap1,unique_blocks,-7.394,-8.6101,-6.198,500
0.2,1.0,none,0.7,100,score_cap1,minp_block_bh_cap1,max_block_share,0.0010989555574134604,0.0009153137792118257,0.00128433494690527,500
0.2,1.0,none,0.7,100,score_cap1,minp_block_bh_cap1,mean_pairwise_tanimoto,0.0020288800597190832,0.0015141525261104076,0.002568495045602316,500
0.2,1.0,none,0.7,100,score_cap1,block_by_cap1,true_hits,-28.802,-30.9742,-26.709850000000003,500
0.2,1.0,none,0.7,100,score_cap1,block_by_cap1,fdp,-0.1988858628317875,-0.21397390845979777,-0.18444932336542208,500
0.2,1.0,none,0.7,100,score_cap1,block_by_cap1,fdp_exceeds_q,-0.1,-0.128,-0.076,500
0.2,1.0,none,0.7,100,score_cap1,block_by_cap1,unique_blocks,-53.57,-56.244749999999996,-50.795350000000006,500
0.2,1.0,none,0.7,100,score_cap1,block_by_cap1,max_block_share,0.0185330111382034,0.016450079079601807,0.02077367941153996,500
0.2,1.0,none,0.7,100,score_cap1,block_by_cap1,mean_pairwise_tanimoto,0.016053597390651715,0.01042260230705143,0.021290358357131483,500
0.2,1.0,none,0.7,100,score_cap1,bh_cap1,true_hits,-0.464,-0.558,-0.368,500
0.2,1.0,none,0.7,100,score_cap1,bh_cap1,fdp,-0.0027697190994066343,-0.0035340299975309556,-0.002011291236706743,500
0.2,1.0,none,0.7,100,score_cap1,bh_cap1,fdp_exceeds_q,0.0,0.0,0.0,500
0.2,1.0,none,0.7,100,score_cap1,bh_cap1,unique_blocks,-1.674,-2.03205,-1.3259500000000004,500
0.2,1.0,none,0.7,100,score_cap1,bh_cap1,max_block_share,0.00018993079142782512,0.00014888178847527432,0.0002345750357466199,500
0.2,1.0,none,0.7,100,score_cap1,bh_cap1,mean_pairwise_tanimoto,0.0007538629472255734,0.000581644338369371,0.0009279778003692653,500
0.2,1.0,none,0.7,100,score_cap1,weighted_bh,true_hits,9.754,9.017900000000001,10.4902,500
0.2,1.0,none,0.7,100,score_cap1,weighted_bh,fdp,-0.09843498987683172,-0.10575274177981091,-0.09144925978014824,500
0.2,1.0,none,0.7,100,score_cap1,weighted_bh,fdp_exceeds_q,-0.006,-0.014,0.0,500
0.2,1.0,none,0.7,100,score_cap1,weighted_bh,unique_blocks,-25.746,-26.3861,-25.11795,500
0.2,1.0,none,0.7,100,score_cap1,weighted_bh,max_block_share,0.05101721685977628,0.049452019594488715,0.05250450885524319,500
0.2,1.0,none,0.7,100,score_cap1,weighted_bh,mean_pairwise_tanimoto,0.02286598458886147,0.021279582697153094,0.024446637013554578,500
0.2,1.0,none,0.7,20,score_cap1,chemdeprc_cap1,true_hits,0.218,0.172,0.264,500
0.2,1.0,none,0.7,20,score_cap1,chemdeprc_cap1,fdp,-0.010900000000000003,-0.013300000000000005,-0.008600000000000003,500
0.2,1.0,none,0.7,20,score_cap1,chemdeprc_cap1,fdp_exceeds_q,0.0,0.0,0.0,500
0.2,1.0,none,0.7,20,score_cap1,chemdeprc_cap1,unique_blocks,0.0,0.0,0.0,500
0.2,1.0,none,0.7,20,score_cap1,chemdeprc_cap1,max_block_share,0.0,0.0,0.0,500
0.2,1.0,none,0.7,20,score_cap1,chemdeprc_cap1,mean_pairwise_tanimoto,-0.009174634099006653,-0.010749046579003338,-0.007680886041373021,500
0.2,1.0,none,0.7,20,score_cap1,chemdeprc_scorecap1,true_hits,0.0,0.0,0.0,500
0.2,1.0,none,0.7,20,score_cap1,chemdeprc_scorecap1,fdp,0.0,0.0,0.0,500
0.2,1.0,none,0.7,20,score_cap1,chemdeprc_scorecap1,fdp_exceeds_q,0.0,0.0,0.0,500
0.2,1.0,none,0.7,20,score_cap1,chemdeprc_scorecap1,unique_blocks,0.0,0.0,0.0,500
0.2,1.0,none,0.7,20,score_cap1,chemdeprc_scorecap1,max_block_share,0.0,0.0,0.0,500
0.2,1.0,none,0.7,20,score_cap1,chemdeprc_scorecap1,mean_pairwise_tanimoto,0.0,0.0,0.0,500
0.2,1.0,none,0.7,20,score_cap1,hier_bh_cap1,true_hits,0.218,0.172,0.264,500
0.2,1.0,none,0.7,20,score_cap1,hier_bh_cap1,fdp,-0.010900000000000003,-0.013300000000000005,-0.008700000000000003,500
0.2,1.0,none,0.7,20,score_cap1,hier_bh_cap1,fdp_exceeds_q,0.0,0.0,0.0,500
0.2,1.0,none,0.7,20,score_cap1,hier_bh_cap1,unique_blocks,0.0,0.0,0.0,500
0.2,1.0,none,0.7,20,score_cap1,hier_bh_cap1,max_block_share,0.0,0.0,0.0,500
0.2,1.0,none,0.7,20,score_cap1,hier_bh_cap1,mean_pairwise_tanimoto,-0.009174634099006653,-0.010824521140754223,-0.007585215494036678,500
0.2,1.0,none,0.7,20,score_cap1,minp_block_bh_cap1,true_hits,0.276,0.216,0.33,500
0.2,1.0,none,0.7,20,score_cap1,minp_block_bh_cap1,fdp,-0.013800000000000005,-0.016700000000000003,-0.011100000000000004,500
0.2,1.0,none,0.7,20,score_cap1,minp_block_bh_cap1,fdp_exceeds_q,0.0,0.0,0.0,500
0.2,1.0,none,0.7,20,score_cap1,minp_block_bh_cap1,unique_blocks,0.0,0.0,0.0,500
0.2,1.0,none,0.7,20,score_cap1,minp_block_bh_cap1,max_block_share,0.0,0.0,0.0,500
0.2,1.0,none,0.7,20,score_cap1,minp_block_bh_cap1,mean_pairwise_tanimoto,-0.016285367459058776,-0.018346418986469513,-0.014194590822607293,500
0.2,1.0,none,0.7,20,score_cap1,block_by_cap1,true_hits,-2.31,-2.8560499999999998,-1.826,500
0.2,1.0,none,0.7,20,score_cap1,block_by_cap1,fdp,-0.038939366515837105,-0.04680225490196079,-0.03131083710407241,500
0.2,1.0,none,0.7,20,score_cap1,block_by_cap1,fdp_exceeds_q,0.0,0.0,0.0,500
0.2,1.0,none,0.7,20,score_cap1,block_by_cap1,unique_blocks,-3.258,-3.82415,-2.703900000000001,500
0.2,1.0,none,0.7,20,score_cap1,block_by_cap1,max_block_share,-0.00020889894419307264,-0.001798310708898955,0.0015048529411764591,500
0.2,1.0,none,0.7,20,score_cap1,block_by_cap1,mean_pairwise_tanimoto,-0.025740396767854695,-0.030911074304580687,-0.02056591381430626,500
0.2,1.0,none,0.7,20,score_cap1,bh_cap1,true_hits,0.0,0.0,0.0,500
0.2,1.0,none,0.7,20,score_cap1,bh_cap1,fdp,0.0,0.0,0.0,500
0.2,1.0,none,0.7,20,score_cap1,bh_cap1,fdp_exceeds_q,0.0,0.0,0.0,500
0.2,1.0,none,0.7,20,score_cap1,bh_cap1,unique_blocks,0.0,0.0,0.0,500
0.2,1.0,none,0.7,20,score_cap1,bh_cap1,max_block_share,0.0,0.0,0.0,500
0.2,1.0,none,0.7,20,score_cap1,bh_cap1,mean_pairwise_tanimoto,0.0,0.0,0.0,500
0.2,1.0,none,0.7,20,score_cap1,weighted_bh,true_hits,0.478,0.42,0.5420499999999998,500
0.2,1.0,none,0.7,20,score_cap1,weighted_bh,fdp,-0.023900000000000005,-0.026800000000000004,-0.0208,500
0.2,1.0,none,0.7,20,score_cap1,weighted_bh,fdp_exceeds_q,0.0,0.0,0.0,500
0.2,1.0,none,0.7,20,score_cap1,weighted_bh,unique_blocks,-0.824,-0.93405,-0.722,500
0.2,1.0,none,0.7,20,score_cap1,weighted_bh,max_block_share,0.021100000000000004,0.0187,0.023202499999999984,500
0.2,1.0,none,0.7,20,score_cap1,weighted_bh,mean_pairwise_tanimoto,-0.013515869498252887,-0.015281213149428383,-0.011736003585904856,500
0.2,1.0,none,0.7,30,score_cap1,chemdeprc_cap1,true_hits,0.076,0.011950000000000002,0.144,500
0.2,1.0,none,0.7,30,score_cap1,chemdeprc_cap1,fdp,-0.002533333333333336,-0.004668333333333336,-0.0003999999999999997,500
0.2,1.0,none,0.7,30,score_cap1,chemdeprc_cap1,fdp_exceeds_q,0.0,0.0,0.0,500
0.2,1.0,none,0.7,30,score_cap1,chemdeprc_cap1,unique_blocks,0.0,0.0,0.0,500
0.2,1.0,none,0.7,30,score_cap1,chemdeprc_cap1,max_block_share,0.0,0.0,0.0,500
0.2,1.0,none,0.7,30,score_cap1,chemdeprc_cap1,mean_pairwise_tanimoto,-0.0028751478791236807,-0.00408963917717337,-0.0016543496869504384,500
0.2,1.0,none,0.7,30,score_cap1,chemdeprc_scorecap1,true_hits,0.0,0.0,0.0,500
0.2,1.0,none,0.7,30,score_cap1,chemdeprc_scorecap1,fdp,0.0,0.0,0.0,500
0.2,1.0,none,0.7,30,score_cap1,chemdeprc_scorecap1,fdp_exceeds_q,0.0,0.0,0.0,500
0.2,1.0,none,0.7,30,score_cap1,chemdeprc_scorecap1,unique_blocks,0.0,0.0,0.0,500
0.2,1.0,none,0.7,30,score_cap1,chemdeprc_scorecap1,max_block_share,0.0,0.0,0.0,500
0.2,1.0,none,0.7,30,score_cap1,chemdeprc_scorecap1,mean_pairwise_tanimoto,0.00011500751972198426,6.707036122679672e-05,0.00016912547275423913,500
0.2,1.0,none,0.7,30,score_cap1,hier_bh_cap1,true_hits,0.076,0.013950000000000002,0.13804999999999973,500
0.2,1.0,none,0.7,30,score_cap1,hier_bh_cap1,fdp,-0.002533333333333336,-0.004733333333333333,-0.0003333333333333373,500
0.2,1.0,none,0.7,30,score_cap1,hier_bh_cap1,fdp_exceeds_q,0.0,0.0,0.0,500
0.2,1.0,none,0.7,30,score_cap1,hier_bh_cap1,unique_blocks,0.0,0.0,0.0,500
0.2,1.0,none,0.7,30,score_cap1,hier_bh_cap1,max_block_share,0.0,0.0,0.0,500
0.2,1.0,none,0.7,30,score_cap1,hier_bh_cap1,mean_pairwise_tanimoto,-0.0028751478791236807,-0.004117588274925943,-0.00171859434694051,500
0.2,1.0,none,0.7,30,score_cap1,minp_block_bh_cap1,true_hits,-0.33,-0.448,-0.214,500
0.2,1.0,none,0.7,30,score_cap1,minp_block_bh_cap1,fdp,0.010999999999999996,0.007064999999999998,0.0148,500
0.2,1.0,none,0.7,30,score_cap1,minp_block_bh_cap1,fdp_exceeds_q,0.0,0.0,0.0,500
0.2,1.0,none,0.7,30,score_cap1,minp_block_bh_cap1,unique_blocks,0.0,0.0,0.0,500
0.2,1.0,none,0.7,30,score_cap1,minp_block_bh_cap1,max_block_share,0.0,0.0,0.0,500
0.2,1.0,none,0.7,30,score_cap1,minp_block_bh_cap1,mean_pairwise_tanimoto,-0.011258050531148919,-0.012936302518099558,-0.009604996749013672,500
0.2,1.0,none,0.7,30,score_cap1,block_by_cap1,true_hits,-4.816,-5.62205,-4.052,500
0.2,1.0,none,0.7,30,score_cap1,block_by_cap1,fdp,-0.04416757164404223,-0.05500542232277526,-0.033690380844645554,500
0.2,1.0,none,0.7,30,score_cap1,block_by_cap1,fdp_exceeds_q,0.0,0.0,0.0,500
0.2,1.0,none,0.7,30,score_cap1,block_by_cap1,unique_blocks,-6.658,-7.5641,-5.78195,500
0.2,1.0,none,0.7,30,score_cap1,block_by_cap1,max_block_share,0.005303921568627448,0.0035471681749622923,0.007086881598793359,500
0.2,1.0,none,0.7,30,score_cap1,block_by_cap1,mean_pairwise_tanimoto,-0.017278550982475268,-0.02268908836022018,-0.011890628121793258,500
0.2,1.0,none,0.7,30,score_cap1,bh_cap1,true_hits,0.0,0.0,0.0,500
0.2,1.0,none,0.7,30,score_cap1,bh_cap1,fdp,0.0,0.0,0.0,500
0.2,1.0,none,0.7,30,score_cap1,bh_cap1,fdp_exceeds_q,0.0,0.0,0.0,500
0.2,1.0,none,0.7,30,score_cap1,bh_cap1,unique_blocks,0.0,0.0,0.0,500
0.2,1.0,none,0.7,30,score_cap1,bh_cap1,max_block_share,0.0,0.0,0.0,500
0.2,1.0,none,0.7,30,score_cap1,bh_cap1,mean_pairwise_tanimoto,0.0,0.0,0.0,500
0.2,1.0,none,0.7,30,score_cap1,weighted_bh,true_hits,-0.042,-0.15805,0.072,500
0.2,1.0,none,0.7,30,score_cap1,weighted_bh,fdp,0.001399999999999995,-0.0026666666666666687,0.0052683333333333245,500
0.2,1.0,none,0.7,30,score_cap1,weighted_bh,fdp_exceeds_q,0.0,0.0,0.0,500
0.2,1.0,none,0.7,30,score_cap1,weighted_bh,unique_blocks,-2.136,-2.314,-1.9699500000000003,500
0.2,1.0,none,0.7,30,score_cap1,weighted_bh,max_block_share,0.03286666666666665,0.03059999999999998,0.03513333333333331,500
0.2,1.0,none,0.7,30,score_cap1,weighted_bh,mean_pairwise_tanimoto,-0.006505847901105889,-0.00829340540692211,-0.00474045715332032,500
0.2,1.0,none,0.7,50,score_cap1,chemdeprc_cap1,true_hits,0.12,0.06,0.182,500
0.2,1.0,none,0.7,50,score_cap1,chemdeprc_cap1,fdp,-0.0023999999999999994,-0.003679999999999999,-0.0011999999999999992,500
0.2,1.0,none,0.7,50,score_cap1,chemdeprc_cap1,fdp_exceeds_q,0.0,0.0,0.0,500
0.2,1.0,none,0.7,50,score_cap1,chemdeprc_cap1,unique_blocks,0.0,0.0,0.0,500
0.2,1.0,none,0.7,50,score_cap1,chemdeprc_cap1,max_block_share,0.0,0.0,0.0,500
0.2,1.0,none,0.7,50,score_cap1,chemdeprc_cap1,mean_pairwise_tanimoto,-0.0005114646255969903,-0.0009306697964668215,-0.0001040437214076392,500
0.2,1.0,none,0.7,50,score_cap1,chemdeprc_scorecap1,true_hits,-0.046,-0.066,-0.028,500
0.2,1.0,none,0.7,50,score_cap1,chemdeprc_scorecap1,fdp,0.0009200000000000008,0.0005600000000000005,0.001320000000000001,500
0.2,1.0,none,0.7,50,score_cap1,chemdeprc_scorecap1,fdp_exceeds_q,0.0,0.0,0.0,500
0.2,1.0,none,0.7,50,score_cap1,chemdeprc_scorecap1,unique_blocks,0.0,0.0,0.0,500
0.2,1.0,none,0.7,50,score_cap1,chemdeprc_scorecap1,max_block_share,0.0,0.0,0.0,500
0.2,1.0,none,0.7,50,score_cap1,chemdeprc_scorecap1,mean_pairwise_tanimoto,-2.2924423217773827e-05,-6.761824041605028e-05,2.007330283522477e-05,500
0.2,1.0,none,0.7,50,score_cap1,hier_bh_cap1,true_hits,0.12,0.06,0.178,500
0.2,1.0,none,0.7,50,score_cap1,hier_bh_cap1,fdp,-0.0023999999999999994,-0.0036,-0.001239999999999999,500
0.2,1.0,none,0.7,50,score_cap1,hier_bh_cap1,fdp_exceeds_q,0.0,0.0,0.0,500
0.2,1.0,none,0.7,50,score_cap1,hier_bh_cap1,unique_blocks,0.0,0.0,0.0,500
0.2,1.0,none,0.7,50,score_cap1,hier_bh_cap1,max_block_share,0.0,0.0,0.0,500
0.2,1.0,none,0.7,50,score_cap1,hier_bh_cap1,mean_pairwise_tanimoto,-0.0005114646255969903,-0.0009238204456865725,-0.00011370499879121036,500
0.2,1.0,none,0.7,50,score_cap1,minp_block_bh_cap1,true_hits,-0.518,-0.632,-0.404,500
0.2,1.0,none,0.7,50,score_cap1,minp_block_bh_cap1,fdp,0.01036,0.00816,0.012719999999999999,500
0.2,1.0,none,0.7,50,score_cap1,minp_block_bh_cap1,fdp_exceeds_q,0.0,0.0,0.0,500
0.2,1.0,none,0.7,50,score_cap1,minp_block_bh_cap1,unique_blocks,0.0,0.0,0.0,500
0.2,1.0,none,0.7,50,score_cap1,minp_block_bh_cap1,max_block_share,0.0,0.0,0.0,500
0.2,1.0,none,0.7,50,score_cap1,minp_block_bh_cap1,mean_pairwise_tanimoto,-0.008430207461118697,-0.009897342271357776,-0.007027897435426709,500
0.2,1.0,none,0.7,50,score_cap1,block_by_cap1,true_hits,-10.998,-12.2761,-9.7798,500
0.2,1.0,none,0.7,50,score_cap1,block_by_cap1,fdp,-0.07879454134101194,-0.09289306581653643,-0.06590821883998357,500
0.2,1.0,none,0.7,50,score_cap1,block_by_cap1,fdp_exceeds_q,0.0,0.0,0.0,500
0.2,1.0,none,0.7,50,score_cap1,block_by_cap1,unique_blocks,-16.418,-18.004,-14.91,500
0.2,1.0,none,0.7,50,score_cap1,block_by_cap1,max_block_share,0.011724376114081978,0.00962098994755243,0.01379707669169064,500
0.2,1.0,none,0.7,50,score_cap1,block_by_cap1,mean_pairwise_tanimoto,-0.008754077136516557,-0.013484435809403644,-0.0040281636066734645,500
0.2,1.0,none,0.7,50,score_cap1,bh_cap1,true_hits,0.0,0.0,0.0,500
0.2,1.0,none,0.7,50,score_cap1,bh_cap1,fdp,0.0,0.0,0.0,500
0.2,1.0,none,0.7,50,score_cap1,bh_cap1,fdp_exceeds_q,0.0,0.0,0.0,500
0.2,1.0,none,0.7,50,score_cap1,bh_cap1,unique_blocks,0.0,0.0,0.0,500
0.2,1.0,none,0.7,50,score_cap1,bh_cap1,max_block_share,0.0,0.0,0.0,500
0.2,1.0,none,0.7,50,score_cap1,bh_cap1,mean_pairwise_tanimoto,0.0,0.0,0.0,500
0.2,1.0,none,0.7,50,score_cap1,weighted_bh,true_hits,0.714,0.55,0.892,500
0.2,1.0,none,0.7,50,score_cap1,weighted_bh,fdp,-0.014279999999999998,-0.017880000000000004,-0.010839000000000007,500
0.2,1.0,none,0.7,50,score_cap1,weighted_bh,fdp_exceeds_q,0.0,0.0,0.0,500
0.2,1.0,none,0.7,50,score_cap1,weighted_bh,unique_blocks,-6.456,-6.85405,-6.0699000000000005,500
0.2,1.0,none,0.7,50,score_cap1,weighted_bh,max_block_share,0.04492,0.04255899999999999,0.04732000000000001,500
0.2,1.0,none,0.7,50,score_cap1,weighted_bh,mean_pairwise_tanimoto,-0.0015128187537193282,-0.003452936615049837,0.00034587057679891963,500
0.2,1.0,none,0.7,75,score_cap1,chemdeprc_cap1,true_hits,-0.012,-0.114,0.086,500
0.2,1.0,none,0.7,75,score_cap1,chemdeprc_cap1,fdp,-0.0003324764023228488,-0.001707621370315805,0.0010236327926578558,500
0.2,1.0,none,0.7,75,score_cap1,chemdeprc_cap1,fdp_exceeds_q,-0.012,-0.022,-0.004,500
0.2,1.0,none,0.7,75,score_cap1,chemdeprc_cap1,unique_blocks,-0.116,-0.216,-0.03195000000000028,500
0.2,1.0,none,0.7,75,score_cap1,chemdeprc_cap1,max_block_share,2.4008953273883006e-05,5.929177641205603e-06,4.5744729551607414e-05,500
0.2,1.0,none,0.7,75,score_cap1,chemdeprc_cap1,mean_pairwise_tanimoto,-0.00016958603262899846,-0.000340178925544009,-9.957714378820049e-06,500
0.2,1.0,none,0.7,75,score_cap1,chemdeprc_scorecap1,true_hits,0.206,0.158,0.252,500
0.2,1.0,none,0.7,75,score_cap1,chemdeprc_scorecap1,fdp,-0.0032391430689895106,-0.003946036339826974,-0.0025611641791044733,500
0.2,1.0,none,0.7,75,score_cap1,chemdeprc_scorecap1,fdp_exceeds_q,-0.012,-0.022,-0.004,500
0.2,1.0,none,0.7,75,score_cap1,chemdeprc_scorecap1,unique_blocks,-0.116,-0.21605,-0.032,500
0.2,1.0,none,0.7,75,score_cap1,chemdeprc_scorecap1,max_block_share,2.4008953273883006e-05,5.929177641205603e-06,4.48448014848453e-05,500
0.2,1.0,none,0.7,75,score_cap1,chemdeprc_scorecap1,mean_pairwise_tanimoto,0.00021749782562255593,9.862135425209751e-05,0.00034107166156172535,500
0.2,1.0,none,0.7,75,score_cap1,hier_bh_cap1,true_hits,-0.012,-0.108,0.084,500
0.2,1.0,none,0.7,75,score_cap1,hier_bh_cap1,fdp,-0.0003324764023228488,-0.0016696862817062222,0.0009120575172632806,500
0.2,1.0,none,0.7,75,score_cap1,hier_bh_cap1,fdp_exceeds_q,-0.012,-0.022,-0.004,500
0.2,1.0,none,0.7,75,score_cap1,hier_bh_cap1,unique_blocks,-0.116,-0.21605,-0.032,500
0.2,1.0,none,0.7,75,score_cap1,hier_bh_cap1,max_block_share,2.4008953273883006e-05,6.115442555784266e-06,4.5701535019399696e-05,500
0.2,1.0,none,0.7,75,score_cap1,hier_bh_cap1,mean_pairwise_tanimoto,-0.00016958603262899846,-0.0003322230957448345,-5.808475613581462e-06,500
0.2,1.0,none,0.7,75,score_cap1,minp_block_bh_cap1,true_hits,-0.82,-0.948,-0.704,500
0.2,1.0,none,0.7,75,score_cap1,minp_block_bh_cap1,fdp,-0.0005676540425795636,-0.003196183329468634,0.0022816186353238955,500
0.2,1.0,none,0.7,75,score_cap1,minp_block_bh_cap1,fdp_exceeds_q,-0.098,-0.124,-0.074,500
0.2,1.0,none,0.7,75,score_cap1,minp_block_bh_cap1,unique_blocks,-1.802,-2.146,-1.4819500000000003,500
0.2,1.0,none,0.7,75,score_cap1,minp_block_bh_cap1,max_block_share,0.0003695135787849877,0.00029812044157140783,0.00043970806683331435,500
0.2,1.0,none,0.7,75,score_cap1,minp_block_bh_cap1,mean_pairwise_tanimoto,-0.0021008764207363037,-0.0025628696799278173,-0.0016258253894746216,500
0.2,1.0,none,0.7,75,score_cap1,block_by_cap1,true_hits,-19.118,-20.876250000000002,-17.429850000000002,500
0.2,1.0,none,0.7,75,score_cap1,block_by_cap1,fdp,-0.12475846787380428,-0.1426296973773978,-0.10910865181687192,500
0.2,1.0,none,0.7,75,score_cap1,block_by_cap1,fdp_exceeds_q,-0.1,-0.126,-0.074,500
0.2,1.0,none,0.7,75,score_cap1,block_by_cap1,unique_blocks,-31.47,-33.9805,-29.069850000000002,500
0.2,1.0,none,0.7,75,score_cap1,block_by_cap1,max_block_share,0.015656260437923317,0.01351843054599577,0.01796128567729808,500
0.2,1.0,none,0.7,75,score_cap1,block_by_cap1,mean_pairwise_tanimoto,0.0018580064177513406,-0.003331046294420931,0.007295132839679741,500
0.2,1.0,none,0.7,75,score_cap1,bh_cap1,true_hits,0.0,0.0,0.0,500
0.2,1.0,none,0.7,75,score_cap1,bh_cap1,fdp,0.0,0.0,0.0,500
0.2,1.0,none,0.7,75,score_cap1,bh_cap1,fdp_exceeds_q,0.0,0.0,0.0,500
0.2,1.0,none,0.7,75,score_cap1,bh_cap1,unique_blocks,0.0,0.0,0.0,500
0.2,1.0,none,0.7,75,score_cap1,bh_cap1,max_block_share,0.0,0.0,0.0,500
0.2,1.0,none,0.7,75,score_cap1,bh_cap1,mean_pairwise_tanimoto,0.0,0.0,0.0,500
0.2,1.0,none,0.7,75,score_cap1,weighted_bh,true_hits,2.904,2.502,3.314,500
0.2,1.0,none,0.7,75,score_cap1,weighted_bh,fdp,-0.03872,-0.04469333333333333,-0.03357333333333334,500
0.2,1.0,none,0.7,75,score_cap1,weighted_bh,fdp_exceeds_q,-0.004,-0.01,0.0,500
0.2,1.0,none,0.7,75,score_cap1,weighted_bh,unique_blocks,-15.312,-15.806,-14.85795,500
0.2,1.0,none,0.7,75,score_cap1,weighted_bh,max_block_share,0.04701333333333335,0.04536000000000001,0.04874666666666668,500
0.2,1.0,none,0.7,75,score_cap1,weighted_bh,mean_pairwise_tanimoto,0.017715211331844345,0.016507688937336226,0.018956273344159138,500
0.2,2.0,none,0.7,100,score_cap1,chemdeprc_cap1,true_hits,-0.918,-1.056,-0.786,500
0.2,2.0,none,0.7,100,score_cap1,chemdeprc_cap1,fdp,-0.003531286728415457,-0.0054732216732054735,-0.0016172899489187702,500
0.2,2.0,none,0.7,100,score_cap1,chemdeprc_cap1,fdp_exceeds_q,0.0,0.0,0.0,500
0.2,2.0,none,0.7,100,score_cap1,chemdeprc_cap1,unique_blocks,-2.614,-3.114,-2.124,500
0.2,2.0,none,0.7,100,score_cap1,chemdeprc_cap1,max_block_share,0.00030977970269121803,0.0002472248287848927,0.00037156810885681643,500
0.2,2.0,none,0.7,100,score_cap1,chemdeprc_cap1,mean_pairwise_tanimoto,0.0009515925049781766,0.0007073029570281496,0.0012052902944385952,500
0.2,2.0,none,0.7,100,score_cap1,chemdeprc_scorecap1,true_hits,-0.68,-0.814,-0.556,500
0.2,2.0,none,0.7,100,score_cap1,chemdeprc_scorecap1,fdp,-0.005911286728415458,-0.007635282048649923,-0.0041913816773219694,500
0.2,2.0,none,0.7,100,score_cap1,chemdeprc_scorecap1,fdp_exceeds_q,0.0,0.0,0.0,500
0.2,2.0,none,0.7,100,score_cap1,chemdeprc_scorecap1,unique_blocks,-2.614,-3.13605,-2.11795,500
0.2,2.0,none,0.7,100,score_cap1,chemdeprc_scorecap1,max_block_share,0.00030977970269121803,0.00025166646148370113,0.00037092914560566786,500
0.2,2.0,none,0.7,100,score_cap1,chemdeprc_scorecap1,mean_pairwise_tanimoto,0.0010537027716636636,0.0008288298703730077,0.00129076247513294,500
0.2,2.0,none,0.7,100,score_cap1,hier_bh_cap1,true_hits,-0.918,-1.0580500000000002,-0.7779500000000003,500
0.2,2.0,none,0.7,100,score_cap1,hier_bh_cap1,fdp,-0.003531286728415457,-0.0055185778595166005,-0.0016620916984151897,500
0.2,2.0,none,0.7,100,score_cap1,hier_bh_cap1,fdp_exceeds_q,0.0,0.0,0.0,500
0.2,2.0,none,0.7,100,score_cap1,hier_bh_cap1,unique_blocks,-2.614,-3.1300499999999998,-2.0957500000000016,500
0.2,2.0,none,0.7,100,score_cap1,hier_bh_cap1,max_block_share,0.00030977970269121803,0.0002534264004387916,0.00037191000901648584,500
0.2,2.0,none,0.7,100,score_cap1,hier_bh_cap1,mean_pairwise_tanimoto,0.0009515925049781766,0.0007203118145465826,0.0011956726133823359,500
0.2,2.0,none,0.7,100,score_cap1,minp_block_bh_cap1,true_hits,-2.116,-2.3360499999999997,-1.9,500
0.2,2.0,none,0.7,100,score_cap1,minp_block_bh_cap1,fdp,-0.011167618005394085,-0.01504105371050324,-0.007418662226681601,500
0.2,2.0,none,0.7,100,score_cap1,minp_block_bh_cap1,fdp_exceeds_q,-0.04,-0.058,-0.024,500
0.2,2.0,none,0.7,100,score_cap1,minp_block_bh_cap1,unique_blocks,-6.294,-7.376,-5.2599,500
0.2,2.0,none,0.7,100,score_cap1,minp_block_bh_cap1,max_block_share,0.0008803308663126427,0.0007326547006252006,0.0010194392569863567,500
0.2,2.0,none,0.7,100,score_cap1,minp_block_bh_cap1,mean_pairwise_tanimoto,0.0014913625717163082,0.0010526198886334887,0.0019405564002692734,500
0.2,2.0,none,0.7,100,score_cap1,block_by_cap1,true_hits,-28.31,-30.288,-26.3139,500
0.2,2.0,none,0.7,100,score_cap1,block_by_cap1,fdp,-0.177804427955532,-0.19007836844466602,-0.16594692847349474,500
0.2,2.0,none,0.7,100,score_cap1,block_by_cap1,fdp_exceeds_q,-0.1,-0.12805,-0.074,500
0.2,2.0,none,0.7,100,score_cap1,block_by_cap1,unique_blocks,-52.764,-55.4682,-50.0476,500
0.2,2.0,none,0.7,100,score_cap1,block_by_cap1,max_block_share,0.016471727411592016,0.014567062553529958,0.018436351262339105,500
0.2,2.0,none,0.7,100,score_cap1,block_by_cap1,mean_pairwise_tanimoto,0.01463617303967477,0.00881505462303759,0.020013330362737183,500
0.2,2.0,none,0.7,100,score_cap1,bh_cap1,true_hits,-0.318,-0.40205,-0.234,500
0.2,2.0,none,0.7,100,score_cap1,bh_cap1,fdp,-0.002484367762241928,-0.0032585761047250112,-0.0017736610636949362,500
0.2,2.0,none,0.7,100,score_cap1,bh_cap1,fdp_exceeds_q,0.0,0.0,0.0,500
0.2,2.0,none,0.7,100,score_cap1,bh_cap1,unique_blocks,-1.022,-1.31,-0.744,500
0.2,2.0,none,0.7,100,score_cap1,bh_cap1,max_block_share,0.00011469734935733175,8.429032731695041e-05,0.00014587059814139455,500
0.2,2.0,none,0.7,100,score_cap1,bh_cap1,mean_pairwise_tanimoto,0.0005614632368087776,0.00041425484716892314,0.0007221166513860223,500
0.2,2.0,none,0.7,100,score_cap1,weighted_bh,true_hits,8.838,8.172,9.50205,500
0.2,2.0,none,0.7,100,score_cap1,weighted_bh,fdp,-0.08838,-0.09470100000000001,-0.08177949999999999,500
0.2,2.0,none,0.7,100,score_cap1,weighted_bh,fdp_exceeds_q,0.0,0.0,0.0,500
0.2,2.0,none,0.7,100,score_cap1,weighted_bh,unique_blocks,-26.676,-27.32815,-26.01995,500
0.2,2.0,none,0.7,100,score_cap1,weighted_bh,max_block_share,0.05522000000000001,0.0531395,0.05722000000000001,500
0.2,2.0,none,0.7,100,score_cap1,weighted_bh,mean_pairwise_tanimoto,0.023481357514858258,0.021882364762574436,0.025083250436931857,500
0.2,2.0,none,0.7,20,score_cap1,chemdeprc_cap1,true_hits,0.22,0.16,0.278,500
0.2,2.0,none,0.7,20,score_cap1,chemdeprc_cap1,fdp,-0.011000000000000001,-0.014000000000000002,-0.008000000000000004,500
0.2,2.0,none,0.7,20,score_cap1,chemdeprc_cap1,fdp_exceeds_q,0.0,0.0,0.0,500
0.2,2.0,none,0.7,20,score_cap1,chemdeprc_cap1,unique_blocks,0.0,0.0,0.0,500
0.2,2.0,none,0.7,20,score_cap1,chemdeprc_cap1,max_block_share,0.0,0.0,0.0,500
0.2,2.0,none,0.7,20,score_cap1,chemdeprc_cap1,mean_pairwise_tanimoto,-0.007580452769994738,-0.009222891577333215,-0.00602637225240469,500
0.2,2.0,none,0.7,20,score_cap1,chemdeprc_scorecap1,true_hits,0.0,0.0,0.0,500
0.2,2.0,none,0.7,20,score_cap1,chemdeprc_scorecap1,fdp,0.0,0.0,0.0,500
0.2,2.0,none,0.7,20,score_cap1,chemdeprc_scorecap1,fdp_exceeds_q,0.0,0.0,0.0,500
0.2,2.0,none,0.7,20,score_cap1,chemdeprc_scorecap1,unique_blocks,0.0,0.0,0.0,500
0.2,2.0,none,0.7,20,score_cap1,chemdeprc_scorecap1,max_block_share,0.0,0.0,0.0,500
0.2,2.0,none,0.7,20,score_cap1,chemdeprc_scorecap1,mean_pairwise_tanimoto,0.0,0.0,0.0,500
0.2,2.0,none,0.7,20,score_cap1,hier_bh_cap1,true_hits,0.22,0.158,0.28,500
0.2,2.0,none,0.7,20,score_cap1,hier_bh_cap1,fdp,-0.011000000000000001,-0.013900000000000003,-0.008200000000000002,500
0.2,2.0,none,0.7,20,score_cap1,hier_bh_cap1,fdp_exceeds_q,0.0,0.0,0.0,500
0.2,2.0,none,0.7,20,score_cap1,hier_bh_cap1,unique_blocks,0.0,0.0,0.0,500
0.2,2.0,none,0.7,20,score_cap1,hier_bh_cap1,max_block_share,0.0,0.0,0.0,500
0.2,2.0,none,0.7,20,score_cap1,hier_bh_cap1,mean_pairwise_tanimoto,-0.007580452769994738,-0.00921429607495666,-0.006020789518952372,500
0.2,2.0,none,0.7,20,score_cap1,minp_block_bh_cap1,true_hits,0.562,0.488,0.64,500
0.2,2.0,none,0.7,20,score_cap1,minp_block_bh_cap1,fdp,-0.0281,-0.03190250000000001,-0.024300000000000006,500
0.2,2.0,none,0.7,20,score_cap1,minp_block_bh_cap1,fdp_exceeds_q,0.0,0.0,0.0,500
0.2,2.0,none,0.7,20,score_cap1,minp_block_bh_cap1,unique_blocks,0.0,0.0,0.0,500
0.2,2.0,none,0.7,20,score_cap1,minp_block_bh_cap1,max_block_share,0.0,0.0,0.0,500
0.2,2.0,none,0.7,20,score_cap1,minp_block_bh_cap1,mean_pairwise_tanimoto,-0.014883362770080576,-0.016992091533541687,-0.012682372980564847,500
0.2,2.0,none,0.7,20,score_cap1,block_by_cap1,true_hits,-2.032,-2.5260499999999997,-1.5419500000000004,500
0.2,2.0,none,0.7,20,score_cap1,block_by_cap1,fdp,-0.03323242835595778,-0.03959237556561086,-0.0274887028657617,500
0.2,2.0,none,0.7,20,score_cap1,block_by_cap1,fdp_exceeds_q,0.0,0.0,0.0,500
0.2,2.0,none,0.7,20,score_cap1,block_by_cap1,unique_blocks,-2.876,-3.43205,-2.369900000000001,500
0.2,2.0,none,0.7,20,score_cap1,block_by_cap1,max_block_share,-0.001999220713926602,-0.0034874805178481704,-0.0005109464555052862,500
0.2,2.0,none,0.7,20,score_cap1,block_by_cap1,mean_pairwise_tanimoto,-0.02549041318893432,-0.0309789856955409,-0.020309975127875805,500
0.2,2.0,none,0.7,20,score_cap1,bh_cap1,true_hits,0.0,0.0,0.0,500
0.2,2.0,none,0.7,20,score_cap1,bh_cap1,fdp,0.0,0.0,0.0,500
0.2,2.0,none,0.7,20,score_cap1,bh_cap1,fdp_exceeds_q,0.0,0.0,0.0,500
0.2,2.0,none,0.7,20,score_cap1,bh_cap1,unique_blocks,0.0,0.0,0.0,500
0.2,2.0,none,0.7,20,score_cap1,bh_cap1,max_block_share,0.0,0.0,0.0,500
0.2,2.0,none,0.7,20,score_cap1,bh_cap1,mean_pairwise_tanimoto,0.0,0.0,0.0,500
0.2,2.0,none,0.7,20,score_cap1,weighted_bh,true_hits,0.694,0.616,0.77,500
0.2,2.0,none,0.7,20,score_cap1,weighted_bh,fdp,-0.03470000000000001,-0.038400000000000004,-0.0307,500
0.2,2.0,none,0.7,20,score_cap1,weighted_bh,fdp_exceeds_q,0.0,0.0,0.0,500
0.2,2.0,none,0.7,20,score_cap1,weighted_bh,unique_blocks,-0.83,-0.936,-0.722,500
0.2,2.0,none,0.7,20,score_cap1,weighted_bh,max_block_share,0.021100000000000004,0.0189,0.023299999999999998,500
0.2,2.0,none,0.7,20,score_cap1,weighted_bh,mean_pairwise_tanimoto,-0.011415613353252425,-0.013443659970909369,-0.00934580268263819,500
0.2,2.0,none,0.7,30,score_cap1,chemdeprc_cap1,true_hits,0.346,0.276,0.4160499999999997,500
0.2,2.0,none,0.7,30,score_cap1,chemdeprc_cap1,fdp,-0.011533333333333333,-0.013933333333333334,-0.009265000000000008,500
0.2,2.0,none,0.7,30,score_cap1,chemdeprc_cap1,fdp_exceeds_q,0.0,0.0,0.0,500
0.2,2.0,none,0.7,30,score_cap1,chemdeprc_cap1,unique_blocks,0.0,0.0,0.0,500
0.2,2.0,none,0.7,30,score_cap1,chemdeprc_cap1,max_block_share,0.0,0.0,0.0,500
0.2,2.0,none,0.7,30,score_cap1,chemdeprc_cap1,mean_pairwise_tanimoto,-0.002861005038022987,-0.004128513557463876,-0.001675761949270953,500
0.2,2.0,none,0.7,30,score_cap1,chemdeprc_scorecap1,true_hits,0.0,0.0,0.0,500
0.2,2.0,none,0.7,30,score_cap1,chemdeprc_scorecap1,fdp,0.0,0.0,0.0,500
0.2,2.0,none,0.7,30,score_cap1,chemdeprc_scorecap1,fdp_exceeds_q,0.0,0.0,0.0,500
0.2,2.0,none,0.7,30,score_cap1,chemdeprc_scorecap1,unique_blocks,0.0,0.0,0.0,500
0.2,2.0,none,0.7,30,score_cap1,chemdeprc_scorecap1,max_block_share,0.0,0.0,0.0,500
0.2,2.0,none,0.7,30,score_cap1,chemdeprc_scorecap1,mean_pairwise_tanimoto,1.169994473457342e-05,-4.0389299392700196e-06,3.526733368635198e-05,500
0.2,2.0,none,0.7,30,score_cap1,hier_bh_cap1,true_hits,0.346,0.274,0.416,500
0.2,2.0,none,0.7,30,score_cap1,hier_bh_cap1,fdp,-0.011533333333333333,-0.013801666666666669,-0.009066666666666664,500
0.2,2.0,none,0.7,30,score_cap1,hier_bh_cap1,fdp_exceeds_q,0.0,0.0,0.0,500
0.2,2.0,none,0.7,30,score_cap1,hier_bh_cap1,unique_blocks,0.0,0.0,0.0,500
0.2,2.0,none,0.7,30,score_cap1,hier_bh_cap1,max_block_share,0.0,0.0,0.0,500
0.2,2.0,none,0.7,30,score_cap1,hier_bh_cap1,mean_pairwise_tanimoto,-0.002861005038022987,-0.004069019483029835,-0.0016781295165419524,500
0.2,2.0,none,0.7,30,score_cap1,minp_block_bh_cap1,true_hits,0.066,-0.054,0.19004999999999972,500
0.2,2.0,none,0.7,30,score_cap1,minp_block_bh_cap1,fdp,-0.002200000000000001,-0.006199999999999999,0.0017333333333333315,500
0.2,2.0,none,0.7,30,score_cap1,minp_block_bh_cap1,fdp_exceeds_q,0.0,0.0,0.0,500
0.2,2.0,none,0.7,30,score_cap1,minp_block_bh_cap1,unique_blocks,0.0,0.0,0.0,500
0.2,2.0,none,0.7,30,score_cap1,minp_block_bh_cap1,max_block_share,0.0,0.0,0.0,500
0.2,2.0,none,0.7,30,score_cap1,minp_block_bh_cap1,mean_pairwise_tanimoto,-0.010710717022418981,-0.01240969942584635,-0.008932644984871155,500
0.2,2.0,none,0.7,30,score_cap1,block_by_cap1,true_hits,-4.26,-5.0,-3.522,500
0.2,2.0,none,0.7,30,score_cap1,block_by_cap1,fdp,-0.039781415767014154,-0.04980548273922006,-0.03075595825892986,500
0.2,2.0,none,0.7,30,score_cap1,block_by_cap1,fdp_exceeds_q,0.0,0.0,0.0,500
0.2,2.0,none,0.7,30,score_cap1,block_by_cap1,unique_blocks,-6.142,-7.024,-5.307750000000001,500
0.2,2.0,none,0.7,30,score_cap1,block_by_cap1,max_block_share,0.0033304454053947,0.0017331255778910489,0.004940190405295632,500
0.2,2.0,none,0.7,30,score_cap1,block_by_cap1,mean_pairwise_tanimoto,-0.017920284062623963,-0.023456560570746642,-0.012842567680776107,500
0.2,2.0,none,0.7,30,score_cap1,bh_cap1,true_hits,0.0,0.0,0.0,500
0.2,2.0,none,0.7,30,score_cap1,bh_cap1,fdp,0.0,0.0,0.0,500
0.2,2.0,none,0.7,30,score_cap1,bh_cap1,fdp_exceeds_q,0.0,0.0,0.0,500
0.2,2.0,none,0.7,30,score_cap1,bh_cap1,unique_blocks,0.0,0.0,0.0,500
0.2,2.0,none,0.7,30,score_cap1,bh_cap1,max_block_share,0.0,0.0,0.0,500
0.2,2.0,none,0.7,30,score_cap1,bh_cap1,mean_pairwise_tanimoto,0.0,0.0,0.0,500
0.2,2.0,none,0.7,30,score_cap1,weighted_bh,true_hits,0.244,0.11195000000000001,0.366,500
0.2,2.0,none,0.7,30,score_cap1,weighted_bh,fdp,-0.008133333333333331,-0.012333333333333333,-0.0037333333333333324,500
0.2,2.0,none,0.7,30,score_cap1,weighted_bh,fdp_exceeds_q,0.0,0.0,0.0,500
0.2,2.0,none,0.7,30,score_cap1,weighted_bh,unique_blocks,-2.278,-2.44805,-2.106,500
0.2,2.0,none,0.7,30,score_cap1,weighted_bh,max_block_share,0.03233333333333331,0.030199999999999984,0.03459999999999998,500
0.2,2.0,none,0.7,30,score_cap1,weighted_bh,mean_pairwise_tanimoto,-0.005259386181831369,-0.007135720459371816,-0.0033339924037456606,500
0.2,2.0,none,0.7,50,score_cap1,chemdeprc_cap1,true_hits,0.236,0.174,0.298,500
0.2,2.0,none,0.7,50,score_cap1,chemdeprc_cap1,fdp,-0.004720000000000001,-0.005920000000000002,-0.0035600000000000033,500
0.2,2.0,none,0.7,50,score_cap1,chemdeprc_cap1,fdp_exceeds_q,0.0,0.0,0.0,500
0.2,2.0,none,0.7,50,score_cap1,chemdeprc_cap1,unique_blocks,0.0,0.0,0.0,500
0.2,2.0,none,0.7,50,score_cap1,chemdeprc_cap1,max_block_share,0.0,0.0,0.0,500
0.2,2.0,none,0.7,50,score_cap1,chemdeprc_cap1,mean_pairwise_tanimoto,-7.035800814627602e-05,-0.0005400427944958131,0.00041341379135848293,500
0.2,2.0,none,0.7,50,score_cap1,chemdeprc_scorecap1,true_hits,0.0,0.0,0.0,500
0.2,2.0,none,0.7,50,score_cap1,chemdeprc_scorecap1,fdp,0.0,0.0,0.0,500
0.2,2.0,none,0.7,50,score_cap1,chemdeprc_scorecap1,fdp_exceeds_q,0.0,0.0,0.0,500
0.2,2.0,none,0.7,50,score_cap1,chemdeprc_scorecap1,unique_blocks,0.0,0.0,0.0,500
0.2,2.0,none,0.7,50,score_cap1,chemdeprc_scorecap1,max_block_share,0.0,0.0,0.0,500
0.2,2.0,none,0.7,50,score_cap1,chemdeprc_scorecap1,mean_pairwise_tanimoto,1.409730315208435e-05,7.597914338112152e-06,2.1807418018580186e-05,500
0.2,2.0,none,0.7,50,score_cap1,hier_bh_cap1,true_hits,0.236,0.176,0.296,500
0.2,2.0,none,0.7,50,score_cap1,hier_bh_cap1,fdp,-0.004720000000000001,-0.005920000000000002,-0.0034800000000000018,500
0.2,2.0,none,0.7,50,score_cap1,hier_bh_cap1,fdp_exceeds_q,0.0,0.0,0.0,500
0.2,2.0,none,0.7,50,score_cap1,hier_bh_cap1,unique_blocks,0.0,0.0,0.0,500
0.2,2.0,none,0.7,50,score_cap1,hier_bh_cap1,max_block_share,0.0,0.0,0.0,500
0.2,2.0,none,0.7,50,score_cap1,hier_bh_cap1,mean_pairwise_tanimoto,-7.035800814627602e-05,-0.0005221569664776262,0.0003944767616689312,500
0.2,2.0,none,0.7,50,score_cap1,minp_block_bh_cap1,true_hits,-0.378,-0.504,-0.254,500
0.2,2.0,none,0.7,50,score_cap1,minp_block_bh_cap1,fdp,0.007559999999999999,0.005039999999999998,0.010039999999999997,500
0.2,2.0,none,0.7,50,score_cap1,minp_block_bh_cap1,fdp_exceeds_q,0.0,0.0,0.0,500
0.2,2.0,none,0.7,50,score_cap1,minp_block_bh_cap1,unique_blocks,0.0,0.0,0.0,500
0.2,2.0,none,0.7,50,score_cap1,minp_block_bh_cap1,max_block_share,0.0,0.0,0.0,500
0.2,2.0,none,0.7,50,score_cap1,minp_block_bh_cap1,mean_pairwise_tanimoto,-0.007879157423973084,-0.00940573171824217,-0.006458601669967174,500
0.2,2.0,none,0.7,50,score_cap1,block_by_cap1,true_hits,-10.564,-11.82605,-9.2959,500
0.2,2.0,none,0.7,50,score_cap1,block_by_cap1,fdp,-0.06405847459054358,-0.07564269191079563,-0.05268004423158355,500
0.2,2.0,none,0.7,50,score_cap1,block_by_cap1,fdp_exceeds_q,0.0,0.0,0.0,500
0.2,2.0,none,0.7,50,score_cap1,block_by_cap1,unique_blocks,-15.858,-17.35405,-14.22385,500
0.2,2.0,none,0.7,50,score_cap1,block_by_cap1,max_block_share,0.009710347366178996,0.00786629357828051,0.011441359770577432,500
0.2,2.0,none,0.7,50,score_cap1,block_by_cap1,mean_pairwise_tanimoto,-0.009253111571073518,-0.014281747599691138,-0.004656659755855784,500
0.2,2.0,none,0.7,50,score_cap1,bh_cap1,true_hits,0.0,0.0,0.0,500
0.2,2.0,none,0.7,50,score_cap1,bh_cap1,fdp,0.0,0.0,0.0,500
0.2,2.0,none,0.7,50,score_cap1,bh_cap1,fdp_exceeds_q,0.0,0.0,0.0,500
0.2,2.0,none,0.7,50,score_cap1,bh_cap1,unique_blocks,0.0,0.0,0.0,500
0.2,2.0,none,0.7,50,score_cap1,bh_cap1,max_block_share,0.0,0.0,0.0,500
0.2,2.0,none,0.7,50,score_cap1,bh_cap1,mean_pairwise_tanimoto,0.0,0.0,0.0,500
0.2,2.0,none,0.7,50,score_cap1,weighted_bh,true_hits,0.094,-0.08604999999999999,0.276,500
0.2,2.0,none,0.7,50,score_cap1,weighted_bh,fdp,-0.0018799999999999993,-0.005479999999999999,0.0016000000000000018,500
0.2,2.0,none,0.7,50,score_cap1,weighted_bh,fdp_exceeds_q,0.0,0.0,0.0,500
0.2,2.0,none,0.7,50,score_cap1,weighted_bh,unique_blocks,-7.23,-7.68,-6.7739,500
0.2,2.0,none,0.7,50,score_cap1,weighted_bh,max_block_share,0.053680000000000005,0.050039,0.057161000000000003,500
0.2,2.0,none,0.7,50,score_cap1,weighted_bh,mean_pairwise_tanimoto,0.00019935381412506325,-0.0020684200577437894,0.00220415921509266,500
0.2,2.0,none,0.7,75,score_cap1,chemdeprc_cap1,true_hits,0.168,0.062,0.27,500
0.2,2.0,none,0.7,75,score_cap1,chemdeprc_cap1,fdp,-0.0022400000000000054,-0.0035733333333333363,-0.0008266666666666706,500
0.2,2.0,none,0.7,75,score_cap1,chemdeprc_cap1,fdp_exceeds_q,0.0,0.0,0.0,500
0.2,2.0,none,0.7,75,score_cap1,chemdeprc_cap1,unique_blocks,0.0,0.0,0.0,500
0.2,2.0,none,0.7,75,score_cap1,chemdeprc_cap1,max_block_share,0.0,0.0,0.0,500
0.2,2.0,none,0.7,75,score_cap1,chemdeprc_cap1,mean_pairwise_tanimoto,0.00042779213190079874,0.00028244690299035724,0.0005774456627667053,500
0.2,2.0,none,0.7,75,score_cap1,chemdeprc_scorecap1,true_hits,0.126,0.098,0.156,500
0.2,2.0,none,0.7,75,score_cap1,chemdeprc_scorecap1,fdp,-0.0016799999999999981,-0.0020799999999999976,-0.001332666666666668,500
0.2,2.0,none,0.7,75,score_cap1,chemdeprc_scorecap1,fdp_exceeds_q,0.0,0.0,0.0,500
0.2,2.0,none,0.7,75,score_cap1,chemdeprc_scorecap1,unique_blocks,0.0,0.0,0.0,500
0.2,2.0,none,0.7,75,score_cap1,chemdeprc_scorecap1,max_block_share,0.0,0.0,0.0,500
0.2,2.0,none,0.7,75,score_cap1,chemdeprc_scorecap1,mean_pairwise_tanimoto,0.0004079806208610523,0.00029579222276806866,0.0005173232108354554,500
0.2,2.0,none,0.7,75,score_cap1,hier_bh_cap1,true_hits,0.168,0.074,0.27,500
0.2,2.0,none,0.7,75,score_cap1,hier_bh_cap1,fdp,-0.0022400000000000054,-0.003653333333333337,-0.0009600000000000045,500
0.2,2.0,none,0.7,75,score_cap1,hier_bh_cap1,fdp_exceeds_q,0.0,0.0,0.0,500
0.2,2.0,none,0.7,75,score_cap1,hier_bh_cap1,unique_blocks,0.0,0.0,0.0,500
0.2,2.0,none,0.7,75,score_cap1,hier_bh_cap1,max_block_share,0.0,0.0,0.0,500
0.2,2.0,none,0.7,75,score_cap1,hier_bh_cap1,mean_pairwise_tanimoto,0.00042779213190079874,0.00027826489061118486,0.0005848541215062234,500
0.2,2.0,none,0.7,75,score_cap1,minp_block_bh_cap1,true_hits,-0.476,-0.60205,-0.3399500000000003,500
0.2,2.0,none,0.7,75,score_cap1,minp_block_bh_cap1,fdp,-0.0005831489593484633,-0.002664283801508306,0.0016688276216777038,500
0.2,2.0,none,0.7,75,score_cap1,minp_block_bh_cap1,fdp_exceeds_q,-0.04,-0.058,-0.024,500
0.2,2.0,none,0.7,75,score_cap1,minp_block_bh_cap1,unique_blocks,-0.976,-1.196,-0.766,500
0.2,2.0,none,0.7,75,score_cap1,minp_block_bh_cap1,max_block_share,0.0001932004504790267,0.00015121183434907407,0.00024107911127464588,500
0.2,2.0,none,0.7,75,score_cap1,minp_block_bh_cap1,mean_pairwise_tanimoto,-0.0021327936947345646,-0.0025518057726323495,-0.001726070367544883,500
0.2,2.0,none,0.7,75,score_cap1,block_by_cap1,true_hits,-18.552,-20.2703,-16.8378,500
0.2,2.0,none,0.7,75,score_cap1,block_by_cap1,fdp,-0.10808715809329673,-0.12104433880006393,-0.09544322479216599,500
0.2,2.0,none,0.7,75,score_cap1,block_by_cap1,fdp_exceeds_q,-0.1,-0.126,-0.074,500
0.2,2.0,none,0.7,75,score_cap1,block_by_cap1,unique_blocks,-30.836,-33.1962,-28.407400000000006,500
0.2,2.0,none,0.7,75,score_cap1,block_by_cap1,max_block_share,0.01361873524439639,0.011810792460620181,0.015461949795950659,500
0.2,2.0,none,0.7,75,score_cap1,block_by_cap1,mean_pairwise_tanimoto,0.0007765250205993847,-0.004100830947607738,0.005814472430199397,500
0.2,2.0,none,0.7,75,score_cap1,bh_cap1,true_hits,0.0,0.0,0.0,500
0.2,2.0,none,0.7,75,score_cap1,bh_cap1,fdp,0.0,0.0,0.0,500
0.2,2.0,none,0.7,75,score_cap1,bh_cap1,fdp_exceeds_q,0.0,0.0,0.0,500
0.2,2.0,none,0.7,75,score_cap1,bh_cap1,unique_blocks,0.0,0.0,0.0,500
0.2,2.0,none,0.7,75,score_cap1,bh_cap1,max_block_share,0.0,0.0,0.0,500
0.2,2.0,none,0.7,75,score_cap1,bh_cap1,mean_pairwise_tanimoto,0.0,0.0,0.0,500
0.2,2.0,none,0.7,75,score_cap1,weighted_bh,true_hits,2.538,2.2119500000000003,2.886,500
0.2,2.0,none,0.7,75,score_cap1,weighted_bh,fdp,-0.03384,-0.038587333333333335,-0.02928,500
0.2,2.0,none,0.7,75,score_cap1,weighted_bh,fdp_exceeds_q,0.0,0.0,0.0,500
0.2,2.0,none,0.7,75,score_cap1,weighted_bh,unique_blocks,-16.5,-17.044,-15.975850000000001,500
0.2,2.0,none,0.7,75,score_cap1,weighted_bh,max_block_share,0.05322666666666667,0.05069333333333334,0.05578666666666668,500
0.2,2.0,none,0.7,75,score_cap1,weighted_bh,mean_pairwise_tanimoto,0.019140908718109143,0.017983324702084077,0.020355683135986336,500
0.2,3.0,none,0.7,100,score_cap1,chemdeprc_cap1,true_hits,-0.952,-1.084,-0.822,500
0.2,3.0,none,0.7,100,score_cap1,chemdeprc_cap1,fdp,-0.0019023006907518986,-0.003777140250396222,-0.00012091762505136979,500
0.2,3.0,none,0.7,100,score_cap1,chemdeprc_cap1,fdp_exceeds_q,0.0,0.0,0.0,500
0.2,3.0,none,0.7,100,score_cap1,chemdeprc_cap1,unique_blocks,-2.158,-2.634,-1.702,500
0.2,3.0,none,0.7,100,score_cap1,chemdeprc_cap1,max_block_share,0.000256770740052314,0.00020201978707950352,0.0003164274200673916,500
0.2,3.0,none,0.7,100,score_cap1,chemdeprc_cap1,mean_pairwise_tanimoto,0.0007200431823730456,0.0004849342450499521,0.0009713664941489694,500
0.2,3.0,none,0.7,100,score_cap1,chemdeprc_scorecap1,true_hits,-0.692,-0.8180499999999999,-0.568,500
0.2,3.0,none,0.7,100,score_cap1,chemdeprc_scorecap1,fdp,-0.004502300690751898,-0.006232975310645163,-0.0028213487184595132,500
0.2,3.0,none,0.7,100,score_cap1,chemdeprc_scorecap1,fdp_exceeds_q,0.0,0.0,0.0,500
0.2,3.0,none,0.7,100,score_cap1,chemdeprc_scorecap1,unique_blocks,-2.158,-2.61605,-1.7059500000000003,500
0.2,3.0,none,0.7,100,score_cap1,chemdeprc_scorecap1,max_block_share,0.000256770740052314,0.00019947244929506924,0.00031612239025642587,500
0.2,3.0,none,0.7,100,score_cap1,chemdeprc_scorecap1,mean_pairwise_tanimoto,0.0009360078573226921,0.0007124086625874038,0.0011772476606070992,500
0.2,3.0,none,0.7,100,score_cap1,hier_bh_cap1,true_hits,-0.952,-1.084,-0.8279500000000002,500
0.2,3.0,none,0.7,100,score_cap1,hier_bh_cap1,fdp,-0.0019023006907518986,-0.003758226363793259,-0.000105163119252586,500
0.2,3.0,none,0.7,100,score_cap1,hier_bh_cap1,fdp_exceeds_q,0.0,0.0,0.0,500
0.2,3.0,none,0.7,100,score_cap1,hier_bh_cap1,unique_blocks,-2.158,-2.65205,-1.698,500
0.2,3.0,none,0.7,100,score_cap1,hier_bh_cap1,max_block_share,0.000256770740052314,0.00019862558010037606,0.00031406199319192874,500
0.2,3.0,none,0.7,100,score_cap1,hier_bh_cap1,mean_pairwise_tanimoto,0.0007200431823730456,0.0004821858592331419,0.0009522257968783338,500
0.2,3.0,none,0.7,100,score_cap1,minp_block_bh_cap1,true_hits,-1.9,-2.12005,-1.6959500000000003,500
0.2,3.0,none,0.7,100,score_cap1,minp_block_bh_cap1,fdp,-0.0062648838821319375,-0.009389743725241153,-0.0028934613546677417,500
0.2,3.0,none,0.7,100,score_cap1,minp_block_bh_cap1,fdp_exceeds_q,0.0,0.0,0.0,500
0.2,3.0,none,0.7,100,score_cap1,minp_block_bh_cap1,unique_blocks,-4.94,-5.7862,-4.1619,500
0.2,3.0,none,0.7,100,score_cap1,minp_block_bh_cap1,max_block_share,0.0006466356070294033,0.000537168230486745,0.0007606012148580064,500
0.2,3.0,none,0.7,100,score_cap1,minp_block_bh_cap1,mean_pairwise_tanimoto,0.0010051802992820731,0.0006104142643511286,0.0014249299973249417,500
0.2,3.0,none,0.7,100,score_cap1,block_by_cap1,true_hits,-27.944,-30.02625,-25.92995,500
0.2,3.0,none,0.7,100,score_cap1,block_by_cap1,fdp,-0.1546451458347919,-0.162861631318639,-0.14609143643001812,500
0.2,3.0,none,0.7,100,score_cap1,block_by_cap1,fdp_exceeds_q,-0.1,-0.126,-0.074,500
0.2,3.0,none,0.7,100,score_cap1,block_by_cap1,unique_blocks,-51.868,-54.50815,-49.0857,500
0.2,3.0,none,0.7,100,score_cap1,block_by_cap1,max_block_share,0.014384448931533341,0.012763790019147302,0.016068290559421553,500
0.2,3.0,none,0.7,100,score_cap1,block_by_cap1,mean_pairwise_tanimoto,0.012259386897087105,0.006960321693122394,0.01765709267780185,500
0.2,3.0,none,0.7,100,score_cap1,bh_cap1,true_hits,-0.318,-0.4,-0.238,500
0.2,3.0,none,0.7,100,score_cap1,bh_cap1,fdp,-0.00236637877341927,-0.0031092473243086814,-0.0016702496037651739,500
0.2,3.0,none,0.7,100,score_cap1,bh_cap1,fdp_exceeds_q,0.0,0.0,0.0,500
0.2,3.0,none,0.7,100,score_cap1,bh_cap1,unique_blocks,-1.002,-1.2780500000000001,-0.752,500
0.2,3.0,none,0.7,100,score_cap1,bh_cap1,max_block_share,0.00011230373218242496,8.316648143367688e-05,0.00014416919879789862,500
0.2,3.0,none,0.7,100,score_cap1,bh_cap1,mean_pairwise_tanimoto,0.0005364395976066594,0.00039490692466497403,0.0006771549783647077,500
0.2,3.0,none,0.7,100,score_cap1,weighted_bh,true_hits,6.846,6.2076,7.504049999999999,500
0.2,3.0,none,0.7,100,score_cap1,weighted_bh,fdp,-0.06846,-0.07508,-0.061799499999999986,500
0.2,3.0,none,0.7,100,score_cap1,weighted_bh,fdp_exceeds_q,0.0,0.0,0.0,500
0.2,3.0,none,0.7,100,score_cap1,weighted_bh,unique_blocks,-28.414,-29.096,-27.69395,500
0.2,3.0,none,0.7,100,score_cap1,weighted_bh,max_block_share,0.05768000000000001,0.05582000000000001,0.0596,500
0.2,3.0,none,0.7,100,score_cap1,weighted_bh,mean_pairwise_tanimoto,0.023737101972103127,0.02223604579493404,0.025328750458359722,500
0.2,3.0,none,0.7,20,score_cap1,chemdeprc_cap1,true_hits,0.458,0.394,0.526,500
0.2,3.0,none,0.7,20,score_cap1,chemdeprc_cap1,fdp,-0.0229,-0.026099999999999998,-0.019497500000000015,500
0.2,3.0,none,0.7,20,score_cap1,chemdeprc_cap1,fdp_exceeds_q,0.0,0.0,0.0,500
0.2,3.0,none,0.7,20,score_cap1,chemdeprc_cap1,unique_blocks,0.0,0.0,0.0,500
0.2,3.0,none,0.7,20,score_cap1,chemdeprc_cap1,max_block_share,0.0,0.0,0.0,500
0.2,3.0,none,0.7,20,score_cap1,chemdeprc_cap1,mean_pairwise_tanimoto,-0.007625702321529387,-0.009291959588974715,-0.006157846107333897,500
0.2,3.0,none,0.7,20,score_cap1,chemdeprc_scorecap1,true_hits,0.0,0.0,0.0,500
0.2,3.0,none,0.7,20,score_cap1,chemdeprc_scorecap1,fdp,0.0,0.0,0.0,500
0.2,3.0,none,0.7,20,score_cap1,chemdeprc_scorecap1,fdp_exceeds_q,0.0,0.0,0.0,500
0.2,3.0,none,0.7,20,score_cap1,chemdeprc_scorecap1,unique_blocks,0.0,0.0,0.0,500
0.2,3.0,none,0.7,20,score_cap1,chemdeprc_scorecap1,max_block_share,0.0,0.0,0.0,500
0.2,3.0,none,0.7,20,score_cap1,chemdeprc_scorecap1,mean_pairwise_tanimoto,0.0,0.0,0.0,500
0.2,3.0,none,0.7,20,score_cap1,hier_bh_cap1,true_hits,0.458,0.392,0.52,500
0.2,3.0,none,0.7,20,score_cap1,hier_bh_cap1,fdp,-0.0229,-0.026299999999999997,-0.019899999999999998,500
0.2,3.0,none,0.7,20,score_cap1,hier_bh_cap1,fdp_exceeds_q,0.0,0.0,0.0,500
0.2,3.0,none,0.7,20,score_cap1,hier_bh_cap1,unique_blocks,0.0,0.0,0.0,500
0.2,3.0,none,0.7,20,score_cap1,hier_bh_cap1,max_block_share,0.0,0.0,0.0,500
0.2,3.0,none,0.7,20,score_cap1,hier_bh_cap1,mean_pairwise_tanimoto,-0.007625702321529387,-0.009187140028178692,-0.006069906176626682,500
0.2,3.0,none,0.7,20,score_cap1,minp_block_bh_cap1,true_hits,0.86,0.768,0.954,500
0.2,3.0,none,0.7,20,score_cap1,minp_block_bh_cap1,fdp,-0.043,-0.0474,-0.0385,500
0.2,3.0,none,0.7,20,score_cap1,minp_block_bh_cap1,fdp_exceeds_q,0.0,0.0,0.0,500
0.2,3.0,none,0.7,20,score_cap1,minp_block_bh_cap1,unique_blocks,0.0,0.0,0.0,500
0.2,3.0,none,0.7,20,score_cap1,minp_block_bh_cap1,max_block_share,0.0,0.0,0.0,500
0.2,3.0,none,0.7,20,score_cap1,minp_block_bh_cap1,mean_pairwise_tanimoto,-0.014340958833694462,-0.01604037227332592,-0.012422073028236634,500
0.2,3.0,none,0.7,20,score_cap1,block_by_cap1,true_hits,-1.592,-2.078,-1.1059500000000004,500
0.2,3.0,none,0.7,20,score_cap1,block_by_cap1,fdp,-0.03705232198142415,-0.04152601909184727,-0.03271603457172343,500
0.2,3.0,none,0.7,20,score_cap1,block_by_cap1,fdp_exceeds_q,0.0,0.0,0.0,500
0.2,3.0,none,0.7,20,score_cap1,block_by_cap1,unique_blocks,-2.454,-3.00005,-1.933800000000001,500
0.2,3.0,none,0.7,20,score_cap1,block_by_cap1,max_block_share,-0.0036123065015479915,-0.0050825597695218485,-0.002314948400412802,500
0.2,3.0,none,0.7,20,score_cap1,block_by_cap1,mean_pairwise_tanimoto,-0.026291562587022775,-0.0317063732497394,-0.021417420262843375,500
0.2,3.0,none,0.7,20,score_cap1,bh_cap1,true_hits,0.0,0.0,0.0,500
0.2,3.0,none,0.7,20,score_cap1,bh_cap1,fdp,0.0,0.0,0.0,500
0.2,3.0,none,0.7,20,score_cap1,bh_cap1,fdp_exceeds_q,0.0,0.0,0.0,500
0.2,3.0,none,0.7,20,score_cap1,bh_cap1,unique_blocks,0.0,0.0,0.0,500
0.2,3.0,none,0.7,20,score_cap1,bh_cap1,max_block_share,0.0,0.0,0.0,500
0.2,3.0,none,0.7,20,score_cap1,bh_cap1,mean_pairwise_tanimoto,0.0,0.0,0.0,500
0.2,3.0,none,0.7,20,score_cap1,weighted_bh,true_hits,0.778,0.686,0.874,500
0.2,3.0,none,0.7,20,score_cap1,weighted_bh,fdp,-0.0389,-0.0433,-0.0344,500
0.2,3.0,none,0.7,20,score_cap1,weighted_bh,fdp_exceeds_q,0.0,0.0,0.0,500
0.2,3.0,none,0.7,20,score_cap1,weighted_bh,unique_blocks,-1.02,-1.13605,-0.9059500000000003,500
0.2,3.0,none,0.7,20,score_cap1,weighted_bh,max_block_share,0.0253,0.023,0.0278,500
0.2,3.0,none,0.7,20,score_cap1,weighted_bh,mean_pairwise_tanimoto,-0.009090601265430457,-0.010955469474941495,-0.0072708280891180125,500
0.2,3.0,none,0.7,30,score_cap1,chemdeprc_cap1,true_hits,0.418,0.344,0.492,500
0.2,3.0,none,0.7,30,score_cap1,chemdeprc_cap1,fdp,-0.013933333333333327,-0.01639999999999999,-0.01159999999999999,500
0.2,3.0,none,0.7,30,score_cap1,chemdeprc_cap1,fdp_exceeds_q,0.0,0.0,0.0,500
0.2,3.0,none,0.7,30,score_cap1,chemdeprc_cap1,unique_blocks,0.0,0.0,0.0,500
0.2,3.0,none,0.7,30,score_cap1,chemdeprc_cap1,max_block_share,0.0,0.0,0.0,500
0.2,3.0,none,0.7,30,score_cap1,chemdeprc_cap1,mean_pairwise_tanimoto,-0.0031780809462070387,-0.004295440901070827,-0.0019847460359334866,500
0.2,3.0,none,0.7,30,score_cap1,chemdeprc_scorecap1,true_hits,0.0,0.0,0.0,500
0.2,3.0,none,0.7,30,score_cap1,chemdeprc_scorecap1,fdp,0.0,0.0,0.0,500
0.2,3.0,none,0.7,30,score_cap1,chemdeprc_scorecap1,fdp_exceeds_q,0.0,0.0,0.0,500
0.2,3.0,none,0.7,30,score_cap1,chemdeprc_scorecap1,unique_blocks,0.0,0.0,0.0,500
0.2,3.0,none,0.7,30,score_cap1,chemdeprc_scorecap1,max_block_share,0.0,0.0,0.0,500
0.2,3.0,none,0.7,30,score_cap1,chemdeprc_scorecap1,mean_pairwise_tanimoto,0.0,0.0,0.0,500
0.2,3.0,none,0.7,30,score_cap1,hier_bh_cap1,true_hits,0.418,0.342,0.492,500
0.2,3.0,none,0.7,30,score_cap1,hier_bh_cap1,fdp,-0.013933333333333327,-0.016399999999999988,-0.011466666666666658,500
0.2,3.0,none,0.7,30,score_cap1,hier_bh_cap1,fdp_exceeds_q,0.0,0.0,0.0,500
0.2,3.0,none,0.7,30,score_cap1,hier_bh_cap1,unique_blocks,0.0,0.0,0.0,500
0.2,3.0,none,0.7,30,score_cap1,hier_bh_cap1,max_block_share,0.0,0.0,0.0,500
0.2,3.0,none,0.7,30,score_cap1,hier_bh_cap1,mean_pairwise_tanimoto,-0.0031780809462070387,-0.004335040016472334,-0.0019533323667943426,500
0.2,3.0,none,0.7,30,score_cap1,minp_block_bh_cap1,true_hits,0.274,0.154,0.4,500
0.2,3.0,none,0.7,30,score_cap1,minp_block_bh_cap1,fdp,-0.00913333333333333,-0.01326833333333333,-0.005198333333333334,500
0.2,3.0,none,0.7,30,score_cap1,minp_block_bh_cap1,fdp_exceeds_q,0.0,0.0,0.0,500
0.2,3.0,none,0.7,30,score_cap1,minp_block_bh_cap1,unique_blocks,0.0,0.0,0.0,500
0.2,3.0,none,0.7,30,score_cap1,minp_block_bh_cap1,max_block_share,0.0,0.0,0.0,500
0.2,3.0,none,0.7,30,score_cap1,minp_block_bh_cap1,mean_pairwise_tanimoto,-0.010451706647872932,-0.012026249260455377,-0.008788414431363353,500
0.2,3.0,none,0.7,30,score_cap1,block_by_cap1,true_hits,-3.838,-4.55405,-3.1379000000000006,500
0.2,3.0,none,0.7,30,score_cap1,block_by_cap1,fdp,-0.031388994925893185,-0.03673620323913547,-0.02593075560039128,500
0.2,3.0,none,0.7,30,score_cap1,block_by_cap1,fdp_exceeds_q,0.0,0.0,0.0,500
0.2,3.0,none,0.7,30,score_cap1,block_by_cap1,unique_blocks,-5.544,-6.3180499999999995,-4.734,500
0.2,3.0,none,0.7,30,score_cap1,block_by_cap1,max_block_share,0.0013801197323325242,9.092571625258597e-05,0.0026663168917003006,500
0.2,3.0,none,0.7,30,score_cap1,block_by_cap1,mean_pairwise_tanimoto,-0.01840435701608657,-0.02354863926917314,-0.013037751878798007,500
0.2,3.0,none,0.7,30,score_cap1,bh_cap1,true_hits,0.0,0.0,0.0,500
0.2,3.0,none,0.7,30,score_cap1,bh_cap1,fdp,0.0,0.0,0.0,500
0.2,3.0,none,0.7,30,score_cap1,bh_cap1,fdp_exceeds_q,0.0,0.0,0.0,500
0.2,3.0,none,0.7,30,score_cap1,bh_cap1,unique_blocks,0.0,0.0,0.0,500
0.2,3.0,none,0.7,30,score_cap1,bh_cap1,max_block_share,0.0,0.0,0.0,500
0.2,3.0,none,0.7,30,score_cap1,bh_cap1,mean_pairwise_tanimoto,0.0,0.0,0.0,500
0.2,3.0,none,0.7,30,score_cap1,weighted_bh,true_hits,0.378,0.25395,0.5020499999999998,500
0.2,3.0,none,0.7,30,score_cap1,weighted_bh,fdp,-0.012599999999999993,-0.016733333333333322,-0.008199999999999989,500
0.2,3.0,none,0.7,30,score_cap1,weighted_bh,fdp_exceeds_q,0.0,0.0,0.0,500
0.2,3.0,none,0.7,30,score_cap1,weighted_bh,unique_blocks,-2.492,-2.678,-2.314,500
0.2,3.0,none,0.7,30,score_cap1,weighted_bh,max_block_share,0.03293333333333332,0.030933333333333323,0.03486666666666665,500
0.2,3.0,none,0.7,30,score_cap1,weighted_bh,mean_pairwise_tanimoto,-0.0060118818283081115,-0.007753825467079882,-0.004161036483198413,500
0.2,3.0,none,0.7,50,score_cap1,chemdeprc_cap1,true_hits,0.522,0.436,0.612,500
0.2,3.0,none,0.7,50,score_cap1,chemdeprc_cap1,fdp,-0.010440000000000001,-0.012121,-0.0088,500
0.2,3.0,none,0.7,50,score_cap1,chemdeprc_cap1,fdp_exceeds_q,0.0,0.0,0.0,500
0.2,3.0,none,0.7,50,score_cap1,chemdeprc_cap1,unique_blocks,0.0,0.0,0.0,500
0.2,3.0,none,0.7,50,score_cap1,chemdeprc_cap1,max_block_share,0.0,0.0,0.0,500
0.2,3.0,none,0.7,50,score_cap1,chemdeprc_cap1,mean_pairwise_tanimoto,0.000303755342960361,-0.0001406578585505492,0.0007297976754605775,500
0.2,3.0,none,0.7,50,score_cap1,chemdeprc_scorecap1,true_hits,0.012,0.004,0.022,500
0.2,3.0,none,0.7,50,score_cap1,chemdeprc_scorecap1,fdp,-0.00023999999999999992,-0.00044000000000000023,-7.999999999999984e-05,500
0.2,3.0,none,0.7,50,score_cap1,chemdeprc_scorecap1,fdp_exceeds_q,0.0,0.0,0.0,500
0.2,3.0,none,0.7,50,score_cap1,chemdeprc_scorecap1,unique_blocks,0.0,0.0,0.0,500
0.2,3.0,none,0.7,50,score_cap1,chemdeprc_scorecap1,max_block_share,0.0,0.0,0.0,500
0.2,3.0,none,0.7,50,score_cap1,chemdeprc_scorecap1,mean_pairwise_tanimoto,9.549170732498558e-06,9.628891944885782e-07,1.915787234902459e-05,500
0.2,3.0,none,0.7,50,score_cap1,hier_bh_cap1,true_hits,0.522,0.442,0.604,500
0.2,3.0,none,0.7,50,score_cap1,hier_bh_cap1,fdp,-0.010440000000000001,-0.01208,-0.008839000000000007,500
0.2,3.0,none,0.7,50,score_cap1,hier_bh_cap1,fdp_exceeds_q,0.0,0.0,0.0,500
0.2,3.0,none,0.7,50,score_cap1,hier_bh_cap1,unique_blocks,0.0,0.0,0.0,500
0.2,3.0,none,0.7,50,score_cap1,hier_bh_cap1,max_block_share,0.0,0.0,0.0,500
0.2,3.0,none,0.7,50,score_cap1,hier_bh_cap1,mean_pairwise_tanimoto,0.000303755342960361,-0.0001180653162300564,0.0007229437664151221,500
0.2,3.0,none,0.7,50,score_cap1,minp_block_bh_cap1,true_hits,0.184,0.014,0.342,500
0.2,3.0,none,0.7,50,score_cap1,minp_block_bh_cap1,fdp,-0.003680000000000005,-0.006960000000000005,-0.0005200000000000047,500
0.2,3.0,none,0.7,50,score_cap1,minp_block_bh_cap1,fdp_exceeds_q,0.0,0.0,0.0,500
0.2,3.0,none,0.7,50,score_cap1,minp_block_bh_cap1,unique_blocks,0.0,0.0,0.0,500
0.2,3.0,none,0.7,50,score_cap1,minp_block_bh_cap1,max_block_share,0.0,0.0,0.0,500
0.2,3.0,none,0.7,50,score_cap1,minp_block_bh_cap1,mean_pairwise_tanimoto,-0.007717524588108073,-0.009197793997079144,-0.006262066622078431,500
0.2,3.0,none,0.7,50,score_cap1,block_by_cap1,true_hits,-9.716,-10.996550000000001,-8.518,500
0.2,3.0,none,0.7,50,score_cap1,block_by_cap1,fdp,-0.05591664206598717,-0.06353417622569739,-0.04807041298124707,500
0.2,3.0,none,0.7,50,score_cap1,block_by_cap1,fdp_exceeds_q,0.0,0.0,0.0,500
0.2,3.0,none,0.7,50,score_cap1,block_by_cap1,unique_blocks,-15.138,-16.6142,-13.64395,500
0.2,3.0,none,0.7,50,score_cap1,block_by_cap1,max_block_share,0.007658021154023038,0.006212643209905096,0.00913051426399754,500
0.2,3.0,none,0.7,50,score_cap1,block_by_cap1,mean_pairwise_tanimoto,-0.010247991949319829,-0.015034651173651211,-0.0057409497089683965,500
0.2,3.0,none,0.7,50,score_cap1,bh_cap1,true_hits,0.0,0.0,0.0,500
0.2,3.0,none,0.7,50,score_cap1,bh_cap1,fdp,0.0,0.0,0.0,500
0.2,3.0,none,0.7,50,score_cap1,bh_cap1,fdp_exceeds_q,0.0,0.0,0.0,500
0.2,3.0,none,0.7,50,score_cap1,bh_cap1,unique_blocks,0.0,0.0,0.0,500
0.2,3.0,none,0.7,50,score_cap1,bh_cap1,max_block_share,0.0,0.0,0.0,500
0.2,3.0,none,0.7,50,score_cap1,bh_cap1,mean_pairwise_tanimoto,0.0,0.0,0.0,500
0.2,3.0,none,0.7,50,score_cap1,weighted_bh,true_hits,-0.248,-0.48805,-0.02595000000000027,500
0.2,3.0,none,0.7,50,score_cap1,weighted_bh,fdp,0.004959999999999992,0.00043999999999999216,0.009919999999999991,500
0.2,3.0,none,0.7,50,score_cap1,weighted_bh,fdp_exceeds_q,0.002,0.0,0.006,500
0.2,3.0,none,0.7,50,score_cap1,weighted_bh,unique_blocks,-8.132,-8.68,-7.614,500
0.2,3.0,none,0.7,50,score_cap1,weighted_bh,max_block_share,0.06104,0.05660000000000001,0.06580100000000001,500
0.2,3.0,none,0.7,50,score_cap1,weighted_bh,mean_pairwise_tanimoto,0.0005201745331287357,-0.00159395196065307,0.0025421529382467245,500
0.2,3.0,none,0.7,75,score_cap1,chemdeprc_cap1,true_hits,0.134,0.046,0.224,500
0.2,3.0,none,0.7,75,score_cap1,chemdeprc_cap1,fdp,-0.0017866666666666697,-0.0029333333333333377,-0.0006126666666666725,500
0.2,3.0,none,0.7,75,score_cap1,chemdeprc_cap1,fdp_exceeds_q,0.0,0.0,0.0,500
0.2,3.0,none,0.7,75,score_cap1,chemdeprc_cap1,unique_blocks,0.0,0.0,0.0,500
0.2,3.0,none,0.7,75,score_cap1,chemdeprc_cap1,max_block_share,0.0,0.0,0.0,500
0.2,3.0,none,0.7,75,score_cap1,chemdeprc_cap1,mean_pairwise_tanimoto,0.0009271213114261671,0.0007349186383187821,0.0011168982252478643,500
0.2,3.0,none,0.7,75,score_cap1,chemdeprc_scorecap1,true_hits,0.13,0.102,0.16,500
0.2,3.0,none,0.7,75,score_cap1,chemdeprc_scorecap1,fdp,-0.001733333333333332,-0.0021339999999999996,-0.0013599999999999984,500
0.2,3.0,none,0.7,75,score_cap1,chemdeprc_scorecap1,fdp_exceeds_q,0.0,0.0,0.0,500
0.2,3.0,none,0.7,75,score_cap1,chemdeprc_scorecap1,unique_blocks,0.0,0.0,0.0,500
0.2,3.0,none,0.7,75,score_cap1,chemdeprc_scorecap1,max_block_share,0.0,0.0,0.0,500
0.2,3.0,none,0.7,75,score_cap1,chemdeprc_scorecap1,mean_pairwise_tanimoto,0.0003068073093891121,0.00020596459507942028,0.00041571125909685777,500
0.2,3.0,none,0.7,75,score_cap1,hier_bh_cap1,true_hits,0.134,0.044,0.226,500
0.2,3.0,none,0.7,75,score_cap1,hier_bh_cap1,fdp,-0.0017866666666666697,-0.003013333333333336,-0.0006133333333333348,500
0.2,3.0,none,0.7,75,score_cap1,hier_bh_cap1,fdp_exceeds_q,0.0,0.0,0.0,500
0.2,3.0,none,0.7,75,score_cap1,hier_bh_cap1,unique_blocks,0.0,0.0,0.0,500
0.2,3.0,none,0.7,75,score_cap1,hier_bh_cap1,max_block_share,0.0,0.0,0.0,500
0.2,3.0,none,0.7,75,score_cap1,hier_bh_cap1,mean_pairwise_tanimoto,0.0009271213114261671,0.0007249384522438127,0.0011264368370175431,500
0.2,3.0,none,0.7,75,score_cap1,minp_block_bh_cap1,true_hits,-0.224,-0.35005,-0.09390000000000055,500
0.2,3.0,none,0.7,75,score_cap1,minp_block_bh_cap1,fdp,0.00038860309341127677,-0.001534960236268421,0.002256020521251978,500
0.2,3.0,none,0.7,75,score_cap1,minp_block_bh_cap1,fdp_exceeds_q,0.0,0.0,0.0,500
0.2,3.0,none,0.7,75,score_cap1,minp_block_bh_cap1,unique_blocks,-0.302,-0.414,-0.198,500
0.2,3.0,none,0.7,75,score_cap1,minp_block_bh_cap1,max_block_share,5.773474607233965e-05,3.850931677018443e-05,7.952746315917326e-05,500
0.2,3.0,none,0.7,75,score_cap1,minp_block_bh_cap1,mean_pairwise_tanimoto,-0.0016489846408367145,-0.0020838150195777393,-0.0012588523581624016,500
0.2,3.0,none,0.7,75,score_cap1,block_by_cap1,true_hits,-17.942,-19.81915,-16.3199,500
0.2,3.0,none,0.7,75,score_cap1,block_by_cap1,fdp,-0.09046663640171189,-0.09966655259682111,-0.08176612702760723,500
0.2,3.0,none,0.7,75,score_cap1,block_by_cap1,fdp_exceeds_q,-0.1,-0.128,-0.074,500
0.2,3.0,none,0.7,75,score_cap1,block_by_cap1,unique_blocks,-30.052,-32.388149999999996,-27.73195,500
0.2,3.0,none,0.7,75,score_cap1,block_by_cap1,max_block_share,0.011546653327762968,0.010009347675702307,0.013139217568181134,500
0.2,3.0,none,0.7,75,score_cap1,block_by_cap1,mean_pairwise_tanimoto,-0.0007474685311317302,-0.005897723921388377,0.00410398956611753,500
0.2,3.0,none,0.7,75,score_cap1,bh_cap1,true_hits,0.0,0.0,0.0,500
0.2,3.0,none,0.7,75,score_cap1,bh_cap1,fdp,0.0,0.0,0.0,500
0.2,3.0,none,0.7,75,score_cap1,bh_cap1,fdp_exceeds_q,0.0,0.0,0.0,500
0.2,3.0,none,0.7,75,score_cap1,bh_cap1,unique_blocks,0.0,0.0,0.0,500
0.2,3.0,none,0.7,75,score_cap1,bh_cap1,max_block_share,0.0,0.0,0.0,500
0.2,3.0,none,0.7,75,score_cap1,bh_cap1,mean_pairwise_tanimoto,0.0,0.0,0.0,500
0.2,3.0,none,0.7,75,score_cap1,weighted_bh,true_hits,1.998,1.676,2.306,500
0.2,3.0,none,0.7,75,score_cap1,weighted_bh,fdp,-0.026639999999999994,-0.03104066666666666,-0.022746,500
0.2,3.0,none,0.7,75,score_cap1,weighted_bh,fdp_exceeds_q,0.0,0.0,0.0,500
0.2,3.0,none,0.7,75,score_cap1,weighted_bh,unique_blocks,-18.104,-18.7381,-17.45795,500
0.2,3.0,none,0.7,75,score_cap1,weighted_bh,max_block_share,0.057946666666666674,0.05493266666666667,0.060933333333333346,500
0.2,3.0,none,0.7,75,score_cap1,weighted_bh,mean_pairwise_tanimoto,0.02069118160009385,0.019467227033525714,0.022017017909139402,500
0.2,4.0,none,0.7,100,score_cap1,chemdeprc_cap1,true_hits,-0.998,-1.126,-0.87,500
0.2,4.0,none,0.7,100,score_cap1,chemdeprc_cap1,fdp,-0.0013302819534324111,-0.0032358679861207653,0.0004471482545510544,500
0.2,4.0,none,0.7,100,score_cap1,chemdeprc_cap1,fdp_exceeds_q,0.0,0.0,0.0,500
0.2,4.0,none,0.7,100,score_cap1,chemdeprc_cap1,unique_blocks,-2.116,-2.5980499999999997,-1.6779500000000003,500
0.2,4.0,none,0.7,100,score_cap1,chemdeprc_cap1,max_block_share,0.00025207298375681315,0.00019741871335192252,0.00030910050043909894,500
0.2,4.0,none,0.7,100,score_cap1,chemdeprc_cap1,mean_pairwise_tanimoto,0.0008157338201999651,0.000564593266695739,0.0010642835408449167,500
0.2,4.0,none,0.7,100,score_cap1,chemdeprc_scorecap1,true_hits,-0.664,-0.79805,-0.54,500
0.2,4.0,none,0.7,100,score_cap1,chemdeprc_scorecap1,fdp,-0.0046702819534324095,-0.00648251847704134,-0.003087631091447767,500
0.2,4.0,none,0.7,100,score_cap1,chemdeprc_scorecap1,fdp_exceeds_q,0.0,0.0,0.0,500
0.2,4.0,none,0.7,100,score_cap1,chemdeprc_scorecap1,unique_blocks,-2.116,-2.60805,-1.6879500000000003,500
0.2,4.0,none,0.7,100,score_cap1,chemdeprc_scorecap1,max_block_share,0.00025207298375681315,0.0001963309830405904,0.0003095520544850926,500
0.2,4.0,none,0.7,100,score_cap1,chemdeprc_scorecap1,mean_pairwise_tanimoto,0.0009298030734062176,0.0007058424599468699,0.0011514396913349595,500
0.2,4.0,none,0.7,100,score_cap1,hier_bh_cap1,true_hits,-0.998,-1.132,-0.8719500000000002,500
0.2,4.0,none,0.7,100,score_cap1,hier_bh_cap1,fdp,-0.0013302819534324111,-0.0031975122024530153,0.00047216855563500304,500
0.2,4.0,none,0.7,100,score_cap1,hier_bh_cap1,fdp_exceeds_q,0.0,0.0,0.0,500
0.2,4.0,none,0.7,100,score_cap1,hier_bh_cap1,unique_blocks,-2.116,-2.57225,-1.6479000000000004,500
0.2,4.0,none,0.7,100,score_cap1,hier_bh_cap1,max_block_share,0.00025207298375681315,0.0001985443277167637,0.00031301063226489963,500
0.2,4.0,none,0.7,100,score_cap1,hier_bh_cap1,mean_pairwise_tanimoto,0.0008157338201999651,0.0005698026835918395,0.001077206094563004,500
0.2,4.0,none,0.7,100,score_cap1,minp_block_bh_cap1,true_hits,-2.126,-2.31805,-1.932,500
0.2,4.0,none,0.7,100,score_cap1,minp_block_bh_cap1,fdp,-0.0018510600529871345,-0.005121876587316044,0.0011642108802585524,500
0.2,4.0,none,0.7,100,score_cap1,minp_block_bh_cap1,fdp_exceeds_q,0.0,0.0,0.0,500
0.2,4.0,none,0.7,100,score_cap1,minp_block_bh_cap1,unique_blocks,-4.406,-5.20005,-3.6317500000000016,500
0.2,4.0,none,0.7,100,score_cap1,minp_block_bh_cap1,max_block_share,0.0005684890410863372,0.0004638187553018557,0.0006710680205653188,500
0.2,4.0,none,0.7,100,score_cap1,minp_block_bh_cap1,mean_pairwise_tanimoto,0.0009345321059226992,0.0005401202484965329,0.0013332066051661995,500
0.2,4.0,none,0.7,100,score_cap1,block_by_cap1,true_hits,-27.048,-28.9844,-25.115650000000002,500
0.2,4.0,none,0.7,100,score_cap1,block_by_cap1,fdp,-0.11655204128269912,-0.1221911970374147,-0.11106268693851315,500
0.2,4.0,none,0.7,100,score_cap1,block_by_cap1,fdp_exceeds_q,-0.1,-0.126,-0.074,500
0.2,4.0,none,0.7,100,score_cap1,block_by_cap1,unique_blocks,-49.086,-51.7642,-46.549150000000004,500
0.2,4.0,none,0.7,100,score_cap1,block_by_cap1,max_block_share,0.010371566742703611,0.009187345835686422,0.011511975130958304,500
0.2,4.0,none,0.7,100,score_cap1,block_by_cap1,mean_pairwise_tanimoto,0.006806428909301761,0.0017428814612329092,0.011709374191612007,500
0.2,4.0,none,0.7,100,score_cap1,bh_cap1,true_hits,-0.318,-0.406,-0.236,500
0.2,4.0,none,0.7,100,score_cap1,bh_cap1,fdp,-0.00236637877341927,-0.003098750270441504,-0.0016667519875914693,500
0.2,4.0,none,0.7,100,score_cap1,bh_cap1,fdp_exceeds_q,0.0,0.0,0.0,500
0.2,4.0,none,0.7,100,score_cap1,bh_cap1,unique_blocks,-1.002,-1.2721,-0.7379500000000002,500
0.2,4.0,none,0.7,100,score_cap1,bh_cap1,max_block_share,0.00011230373218242496,8.294065672633464e-05,0.000142204095039422,500
0.2,4.0,none,0.7,100,score_cap1,bh_cap1,mean_pairwise_tanimoto,0.0005364395976066594,0.00039360711276531274,0.0006888223022222531,500
0.2,4.0,none,0.7,100,score_cap1,weighted_bh,true_hits,4.01,3.33995,4.692,500
0.2,4.0,none,0.7,100,score_cap1,weighted_bh,fdp,-0.040100000000000004,-0.046800499999999995,-0.0334,500
0.2,4.0,none,0.7,100,score_cap1,weighted_bh,fdp_exceeds_q,0.0,0.0,0.0,500
0.2,4.0,none,0.7,100,score_cap1,weighted_bh,unique_blocks,-30.976,-31.850350000000002,-30.055950000000003,500
0.2,4.0,none,0.7,100,score_cap1,weighted_bh,max_block_share,0.06296,0.0606995,0.06536000000000002,500
0.2,4.0,none,0.7,100,score_cap1,weighted_bh,mean_pairwise_tanimoto,0.023733774214982992,0.02211194365397096,0.025382143823057417,500
0.2,4.0,none,0.7,20,score_cap1,chemdeprc_cap1,true_hits,0.768,0.67,0.862,500
0.2,4.0,none,0.7,20,score_cap1,chemdeprc_cap1,fdp,-0.0384,-0.043,-0.03349750000000001,500
0.2,4.0,none,0.7,20,score_cap1,chemdeprc_cap1,fdp_exceeds_q,0.0,0.0,0.0,500
0.2,4.0,none,0.7,20,score_cap1,chemdeprc_cap1,unique_blocks,0.0,0.0,0.0,500
0.2,4.0,none,0.7,20,score_cap1,chemdeprc_cap1,max_block_share,0.0,0.0,0.0,500
0.2,4.0,none,0.7,20,score_cap1,chemdeprc_cap1,mean_pairwise_tanimoto,-0.007860070049762722,-0.009333515168726443,-0.006264832034707068,500
0.2,4.0,none,0.7,20,score_cap1,chemdeprc_scorecap1,true_hits,0.0,0.0,0.0,500
0.2,4.0,none,0.7,20,score_cap1,chemdeprc_scorecap1,fdp,0.0,0.0,0.0,500
0.2,4.0,none,0.7,20,score_cap1,chemdeprc_scorecap1,fdp_exceeds_q,0.0,0.0,0.0,500
0.2,4.0,none,0.7,20,score_cap1,chemdeprc_scorecap1,unique_blocks,0.0,0.0,0.0,500
0.2,4.0,none,0.7,20,score_cap1,chemdeprc_scorecap1,max_block_share,0.0,0.0,0.0,500
0.2,4.0,none,0.7,20,score_cap1,chemdeprc_scorecap1,mean_pairwise_tanimoto,0.0,0.0,0.0,500
0.2,4.0,none,0.7,20,score_cap1,hier_bh_cap1,true_hits,0.768,0.67,0.862,500
0.2,4.0,none,0.7,20,score_cap1,hier_bh_cap1,fdp,-0.0384,-0.0433,-0.0338,500
0.2,4.0,none,0.7,20,score_cap1,hier_bh_cap1,fdp_exceeds_q,0.0,0.0,0.0,500
0.2,4.0,none,0.7,20,score_cap1,hier_bh_cap1,unique_blocks,0.0,0.0,0.0,500
0.2,4.0,none,0.7,20,score_cap1,hier_bh_cap1,max_block_share,0.0,0.0,0.0,500
0.2,4.0,none,0.7,20,score_cap1,hier_bh_cap1,mean_pairwise_tanimoto,-0.007860070049762722,-0.009433396048843858,-0.006255946291238063,500
0.2,4.0,none,0.7,20,score_cap1,minp_block_bh_cap1,true_hits,1.56,1.438,1.684,500
0.2,4.0,none,0.7,20,score_cap1,minp_block_bh_cap1,fdp,-0.078,-0.08430000000000001,-0.07210000000000001,500
0.2,4.0,none,0.7,20,score_cap1,minp_block_bh_cap1,fdp_exceeds_q,0.0,0.0,0.0,500
0.2,4.0,none,0.7,20,score_cap1,minp_block_bh_cap1,unique_blocks,0.0,0.0,0.0,500
0.2,4.0,none,0.7,20,score_cap1,minp_block_bh_cap1,max_block_share,0.0,0.0,0.0,500
0.2,4.0,none,0.7,20,score_cap1,minp_block_bh_cap1,mean_pairwise_tanimoto,-0.011708440482616428,-0.013268273857235911,-0.010169930130243308,500
0.2,4.0,none,0.7,20,score_cap1,block_by_cap1,true_hits,-0.928,-1.40025,-0.49,500
0.2,4.0,none,0.7,20,score_cap1,block_by_cap1,fdp,-0.05411176470588235,-0.06101176470588235,-0.0476,500
0.2,4.0,none,0.7,20,score_cap1,block_by_cap1,fdp_exceeds_q,0.0,0.0,0.0,500
0.2,4.0,none,0.7,20,score_cap1,block_by_cap1,unique_blocks,-2.014,-2.574,-1.4939500000000003,500
0.2,4.0,none,0.7,20,score_cap1,block_by_cap1,max_block_share,-0.00495735294117647,-0.00635735294117647,-0.0036393382352941195,500
0.2,4.0,none,0.7,20,score_cap1,block_by_cap1,mean_pairwise_tanimoto,-0.0269532701075077,-0.0321447289392352,-0.022066119016706937,500
0.2,4.0,none,0.7,20,score_cap1,bh_cap1,true_hits,0.0,0.0,0.0,500
0.2,4.0,none,0.7,20,score_cap1,bh_cap1,fdp,0.0,0.0,0.0,500
0.2,4.0,none,0.7,20,score_cap1,bh_cap1,fdp_exceeds_q,0.0,0.0,0.0,500
0.2,4.0,none,0.7,20,score_cap1,bh_cap1,unique_blocks,0.0,0.0,0.0,500
0.2,4.0,none,0.7,20,score_cap1,bh_cap1,max_block_share,0.0,0.0,0.0,500
0.2,4.0,none,0.7,20,score_cap1,bh_cap1,mean_pairwise_tanimoto,0.0,0.0,0.0,500
0.2,4.0,none,0.7,20,score_cap1,weighted_bh,true_hits,1.332,1.2239499999999999,1.444,500
0.2,4.0,none,0.7,20,score_cap1,weighted_bh,fdp,-0.06659999999999999,-0.0725,-0.061200000000000004,500
0.2,4.0,none,0.7,20,score_cap1,weighted_bh,fdp_exceeds_q,0.0,0.0,0.0,500
0.2,4.0,none,0.7,20,score_cap1,weighted_bh,unique_blocks,-1.18,-1.312,-1.054,500
0.2,4.0,none,0.7,20,score_cap1,weighted_bh,max_block_share,0.029100000000000004,0.0264,0.031799999999999995,500
0.2,4.0,none,0.7,20,score_cap1,weighted_bh,mean_pairwise_tanimoto,-0.0053891210556030345,-0.007260437312722212,-0.003533074049651629,500
0.2,4.0,none,0.7,30,score_cap1,chemdeprc_cap1,true_hits,0.506,0.43,0.5840499999999997,500
0.2,4.0,none,0.7,30,score_cap1,chemdeprc_cap1,fdp,-0.016866666666666662,-0.019599999999999992,-0.014333333333333328,500
0.2,4.0,none,0.7,30,score_cap1,chemdeprc_cap1,fdp_exceeds_q,0.0,0.0,0.0,500
0.2,4.0,none,0.7,30,score_cap1,chemdeprc_cap1,unique_blocks,0.0,0.0,0.0,500
0.2,4.0,none,0.7,30,score_cap1,chemdeprc_cap1,max_block_share,0.0,0.0,0.0,500
0.2,4.0,none,0.7,30,score_cap1,chemdeprc_cap1,mean_pairwise_tanimoto,-0.0025157184898853212,-0.003938358576595774,-0.0011066319651901627,500
0.2,4.0,none,0.7,30,score_cap1,chemdeprc_scorecap1,true_hits,0.0,0.0,0.0,500
0.2,4.0,none,0.7,30,score_cap1,chemdeprc_scorecap1,fdp,0.0,0.0,0.0,500
0.2,4.0,none,0.7,30,score_cap1,chemdeprc_scorecap1,fdp_exceeds_q,0.0,0.0,0.0,500
0.2,4.0,none,0.7,30,score_cap1,chemdeprc_scorecap1,unique_blocks,0.0,0.0,0.0,500
0.2,4.0,none,0.7,30,score_cap1,chemdeprc_scorecap1,max_block_share,0.0,0.0,0.0,500
0.2,4.0,none,0.7,30,score_cap1,chemdeprc_scorecap1,mean_pairwise_tanimoto,0.0,0.0,0.0,500
0.2,4.0,none,0.7,30,score_cap1,hier_bh_cap1,true_hits,0.506,0.43,0.5840499999999997,500
0.2,4.0,none,0.7,30,score_cap1,hier_bh_cap1,fdp,-0.016866666666666662,-0.019599999999999992,-0.014199999999999994,500
0.2,4.0,none,0.7,30,score_cap1,hier_bh_cap1,fdp_exceeds_q,0.0,0.0,0.0,500
0.2,4.0,none,0.7,30,score_cap1,hier_bh_cap1,unique_blocks,0.0,0.0,0.0,500
0.2,4.0,none,0.7,30,score_cap1,hier_bh_cap1,max_block_share,0.0,0.0,0.0,500
0.2,4.0,none,0.7,30,score_cap1,hier_bh_cap1,mean_pairwise_tanimoto,-0.0025157184898853212,-0.004009214303642504,-0.0011254828140139538,500
0.2,4.0,none,0.7,30,score_cap1,minp_block_bh_cap1,true_hits,0.576,0.44,0.708,500
0.2,4.0,none,0.7,30,score_cap1,minp_block_bh_cap1,fdp,-0.019199999999999988,-0.023599999999999986,-0.014599999999999995,500
0.2,4.0,none,0.7,30,score_cap1,minp_block_bh_cap1,fdp_exceeds_q,0.0,0.0,0.0,500
0.2,4.0,none,0.7,30,score_cap1,minp_block_bh_cap1,unique_blocks,0.0,0.0,0.0,500
0.2,4.0,none,0.7,30,score_cap1,minp_block_bh_cap1,max_block_share,0.0,0.0,0.0,500
0.2,4.0,none,0.7,30,score_cap1,minp_block_bh_cap1,mean_pairwise_tanimoto,-0.009096553623676304,-0.010522793241590268,-0.007661035903543236,500
0.2,4.0,none,0.7,30,score_cap1,block_by_cap1,true_hits,-2.988,-3.67805,-2.32795,500
0.2,4.0,none,0.7,30,score_cap1,block_by_cap1,fdp,-0.02010465743700596,-0.025154999432314223,-0.014824095881352249,500
0.2,4.0,none,0.7,30,score_cap1,block_by_cap1,fdp_exceeds_q,0.0,0.0,0.0,500
0.2,4.0,none,0.7,30,score_cap1,block_by_cap1,unique_blocks,-3.916,-4.73,-3.158,500
0.2,4.0,none,0.7,30,score_cap1,block_by_cap1,max_block_share,-0.0019874257835431623,-0.0029825047682741214,-0.0010290132175074043,500
0.2,4.0,none,0.7,30,score_cap1,block_by_cap1,mean_pairwise_tanimoto,-0.01899183505773543,-0.023980521964281788,-0.014080690801888698,500
0.2,4.0,none,0.7,30,score_cap1,bh_cap1,true_hits,0.0,0.0,0.0,500
0.2,4.0,none,0.7,30,score_cap1,bh_cap1,fdp,0.0,0.0,0.0,500
0.2,4.0,none,0.7,30,score_cap1,bh_cap1,fdp_exceeds_q,0.0,0.0,0.0,500
0.2,4.0,none,0.7,30,score_cap1,bh_cap1,unique_blocks,0.0,0.0,0.0,500
0.2,4.0,none,0.7,30,score_cap1,bh_cap1,max_block_share,0.0,0.0,0.0,500
0.2,4.0,none,0.7,30,score_cap1,bh_cap1,mean_pairwise_tanimoto,0.0,0.0,0.0,500
0.2,4.0,none,0.7,30,score_cap1,weighted_bh,true_hits,0.258,0.114,0.398,500
0.2,4.0,none,0.7,30,score_cap1,weighted_bh,fdp,-0.008599999999999993,-0.013401666666666659,-0.0037333333333333255,500
0.2,4.0,none,0.7,30,score_cap1,weighted_bh,fdp_exceeds_q,0.0,0.0,0.0,500
0.2,4.0,none,0.7,30,score_cap1,weighted_bh,unique_blocks,-3.092,-3.338,-2.85595,500
0.2,4.0,none,0.7,30,score_cap1,weighted_bh,max_block_share,0.04073333333333332,0.037666666666666654,0.043933333333333324,500
0.2,4.0,none,0.7,30,score_cap1,weighted_bh,mean_pairwise_tanimoto,-0.006005463480949407,-0.0074446332558989565,-0.004638905061036355,500
0.2,4.0,none,0.7,50,score_cap1,chemdeprc_cap1,true_hits,0.386,0.302,0.4700499999999997,500
0.2,4.0,none,0.7,50,score_cap1,chemdeprc_cap1,fdp,-0.007719999999999996,-0.009280999999999998,-0.006119999999999997,500
0.2,4.0,none,0.7,50,score_cap1,chemdeprc_cap1,fdp_exceeds_q,0.0,0.0,0.0,500
0.2,4.0,none,0.7,50,score_cap1,chemdeprc_cap1,unique_blocks,0.0,0.0,0.0,500
0.2,4.0,none,0.7,50,score_cap1,chemdeprc_cap1,max_block_share,0.0,0.0,0.0,500
0.2,4.0,none,0.7,50,score_cap1,chemdeprc_cap1,mean_pairwise_tanimoto,-0.0002562916576862324,-0.000653404962271452,0.00013991909027099688,500
0.2,4.0,none,0.7,50,score_cap1,chemdeprc_scorecap1,true_hits,0.01,0.002,0.02,500
0.2,4.0,none,0.7,50,score_cap1,chemdeprc_scorecap1,fdp,-0.00019999999999999906,-0.0003999999999999981,-3.9999999999999814e-05,500
0.2,4.0,none,0.7,50,score_cap1,chemdeprc_scorecap1,fdp_exceeds_q,0.0,0.0,0.0,500
0.2,4.0,none,0.7,50,score_cap1,chemdeprc_scorecap1,unique_blocks,0.0,0.0,0.0,500
0.2,4.0,none,0.7,50,score_cap1,chemdeprc_scorecap1,max_block_share,0.0,0.0,0.0,500
0.2,4.0,none,0.7,50,score_cap1,chemdeprc_scorecap1,mean_pairwise_tanimoto,5.208164453506803e-06,-1.890123635530362e-06,1.341711580753387e-05,500
0.2,4.0,none,0.7,50,score_cap1,hier_bh_cap1,true_hits,0.386,0.306,0.472,500
0.2,4.0,none,0.7,50,score_cap1,hier_bh_cap1,fdp,-0.007719999999999996,-0.009359999999999995,-0.006079999999999998,500
0.2,4.0,none,0.7,50,score_cap1,hier_bh_cap1,fdp_exceeds_q,0.0,0.0,0.0,500
0.2,4.0,none,0.7,50,score_cap1,hier_bh_cap1,unique_blocks,0.0,0.0,0.0,500
0.2,4.0,none,0.7,50,score_cap1,hier_bh_cap1,max_block_share,0.0,0.0,0.0,500
0.2,4.0,none,0.7,50,score_cap1,hier_bh_cap1,mean_pairwise_tanimoto,-0.0002562916576862324,-0.0006443582750856852,0.00013987963050604194,500
0.2,4.0,none,0.7,50,score_cap1,minp_block_bh_cap1,true_hits,0.204,0.027950000000000003,0.3780499999999997,500
0.2,4.0,none,0.7,50,score_cap1,minp_block_bh_cap1,fdp,-0.004079999999999999,-0.007401000000000001,-0.0005599999999999998,500
0.2,4.0,none,0.7,50,score_cap1,minp_block_bh_cap1,fdp_exceeds_q,0.0,0.0,0.0,500
0.2,4.0,none,0.7,50,score_cap1,minp_block_bh_cap1,unique_blocks,0.0,0.0,0.0,500
0.2,4.0,none,0.7,50,score_cap1,minp_block_bh_cap1,max_block_share,0.0,0.0,0.0,500
0.2,4.0,none,0.7,50,score_cap1,minp_block_bh_cap1,mean_pairwise_tanimoto,-0.007371202141046535,-0.008917623451352129,-0.005909724952280533,500
0.2,4.0,none,0.7,50,score_cap1,block_by_cap1,true_hits,-8.744,-9.988,-7.57595,500
0.2,4.0,none,0.7,50,score_cap1,block_by_cap1,fdp,-0.025631118064808615,-0.03170134812728973,-0.019656897106256316,500
0.2,4.0,none,0.7,50,score_cap1,block_by_cap1,fdp_exceeds_q,0.0,0.0,0.0,500
0.2,4.0,none,0.7,50,score_cap1,block_by_cap1,unique_blocks,-12.724,-14.204,-11.2598,500
0.2,4.0,none,0.7,50,score_cap1,block_by_cap1,max_block_share,0.0037286757070728233,0.0027254038460549613,0.004726014224354847,500
0.2,4.0,none,0.7,50,score_cap1,block_by_cap1,mean_pairwise_tanimoto,-0.01457413679361343,-0.018918093059957026,-0.010146908922493456,500
0.2,4.0,none,0.7,50,score_cap1,bh_cap1,true_hits,0.0,0.0,0.0,500
0.2,4.0,none,0.7,50,score_cap1,bh_cap1,fdp,0.0,0.0,0.0,500
0.2,4.0,none,0.7,50,score_cap1,bh_cap1,fdp_exceeds_q,0.0,0.0,0.0,500
0.2,4.0,none,0.7,50,score_cap1,bh_cap1,unique_blocks,0.0,0.0,0.0,500
0.2,4.0,none,0.7,50,score_cap1,bh_cap1,max_block_share,0.0,0.0,0.0,500
0.2,4.0,none,0.7,50,score_cap1,bh_cap1,mean_pairwise_tanimoto,0.0,0.0,0.0,500
0.2,4.0,none,0.7,50,score_cap1,weighted_bh,true_hits,-1.32,-1.63205,-1.004,500
0.2,4.0,none,0.7,50,score_cap1,weighted_bh,fdp,0.0264,0.020397999999999996,0.03332099999999999,500
0.2,4.0,none,0.7,50,score_cap1,weighted_bh,fdp_exceeds_q,0.096,0.072,0.122,500
0.2,4.0,none,0.7,50,score_cap1,weighted_bh,unique_blocks,-8.98,-9.5421,-8.38775,500
0.2,4.0,none,0.7,50,score_cap1,weighted_bh,max_block_share,0.059320000000000005,0.05528,0.06364100000000002,500
0.2,4.0,none,0.7,50,score_cap1,weighted_bh,mean_pairwise_tanimoto,-0.0018866282701492335,-0.00386267935484648,-9.522588551044688e-05,500
0.2,4.0,none,0.7,75,score_cap1,chemdeprc_cap1,true_hits,0.146,0.066,0.22604999999999972,500
0.2,4.0,none,0.7,75,score_cap1,chemdeprc_cap1,fdp,-0.0019466666666666636,-0.002986666666666663,-0.0008799999999999952,500
0.2,4.0,none,0.7,75,score_cap1,chemdeprc_cap1,fdp_exceeds_q,0.0,0.0,0.0,500
0.2,4.0,none,0.7,75,score_cap1,chemdeprc_cap1,unique_blocks,0.0,0.0,0.0,500
0.2,4.0,none,0.7,75,score_cap1,chemdeprc_cap1,max_block_share,0.0,0.0,0.0,500
0.2,4.0,none,0.7,75,score_cap1,chemdeprc_cap1,mean_pairwise_tanimoto,0.0010053475797176345,0.0007810924239456598,0.0012122303836047618,500
0.2,4.0,none,0.7,75,score_cap1,chemdeprc_scorecap1,true_hits,0.12,0.09,0.15,500
0.2,4.0,none,0.7,75,score_cap1,chemdeprc_scorecap1,fdp,-0.0015999999999999988,-0.0020006666666666667,-0.0011999999999999997,500
0.2,4.0,none,0.7,75,score_cap1,chemdeprc_scorecap1,fdp_exceeds_q,0.0,0.0,0.0,500
0.2,4.0,none,0.7,75,score_cap1,chemdeprc_scorecap1,unique_blocks,0.0,0.0,0.0,500
0.2,4.0,none,0.7,75,score_cap1,chemdeprc_scorecap1,max_block_share,0.0,0.0,0.0,500
0.2,4.0,none,0.7,75,score_cap1,chemdeprc_scorecap1,mean_pairwise_tanimoto,0.0003252094388008093,0.0002292465493082988,0.0004299046613275958,500
0.2,4.0,none,0.7,75,score_cap1,hier_bh_cap1,true_hits,0.146,0.06795000000000001,0.222,500
0.2,4.0,none,0.7,75,score_cap1,hier_bh_cap1,fdp,-0.0019466666666666636,-0.002987333333333334,-0.0009066666666666658,500
0.2,4.0,none,0.7,75,score_cap1,hier_bh_cap1,fdp_exceeds_q,0.0,0.0,0.0,500
0.2,4.0,none,0.7,75,score_cap1,hier_bh_cap1,unique_blocks,0.0,0.0,0.0,500
0.2,4.0,none,0.7,75,score_cap1,hier_bh_cap1,max_block_share,0.0,0.0,0.0,500
0.2,4.0,none,0.7,75,score_cap1,hier_bh_cap1,mean_pairwise_tanimoto,0.0010053475797176345,0.0008037302516400821,0.0012206849984824628,500
0.2,4.0,none,0.7,75,score_cap1,minp_block_bh_cap1,true_hits,-0.53,-0.648,-0.41595000000000026,500
0.2,4.0,none,0.7,75,score_cap1,minp_block_bh_cap1,fdp,0.005057971014492751,0.003426026915113873,0.006709260869565212,500
0.2,4.0,none,0.7,75,score_cap1,minp_block_bh_cap1,fdp_exceeds_q,0.0,0.0,0.0,500
0.2,4.0,none,0.7,75,score_cap1,minp_block_bh_cap1,unique_blocks,-0.234,-0.334,-0.14395000000000027,500
0.2,4.0,none,0.7,75,score_cap1,minp_block_bh_cap1,max_block_share,4.4637681159418244e-05,2.7080745341613622e-05,6.327536231883733e-05,500
0.2,4.0,none,0.7,75,score_cap1,minp_block_bh_cap1,mean_pairwise_tanimoto,-0.0014567833840847028,-0.0018962161101400885,-0.0010417905807495113,500
0.2,4.0,none,0.7,75,score_cap1,block_by_cap1,true_hits,-16.932,-18.6967,-15.2779,500
0.2,4.0,none,0.7,75,score_cap1,block_by_cap1,fdp,-0.05546866430400061,-0.06173943315009059,-0.04961397559896927,500
0.2,4.0,none,0.7,75,score_cap1,block_by_cap1,fdp_exceeds_q,-0.1,-0.128,-0.074,500
0.2,4.0,none,0.7,75,score_cap1,block_by_cap1,unique_blocks,-27.372,-29.656,-25.17565,500
0.2,4.0,none,0.7,75,score_cap1,block_by_cap1,max_block_share,0.007547494515577036,0.00642922147113801,0.00866346959939754,500
0.2,4.0,none,0.7,75,score_cap1,block_by_cap1,mean_pairwise_tanimoto,-0.005501591950654982,-0.01020946491807699,-0.0010780512280762153,500
0.2,4.0,none,0.7,75,score_cap1,bh_cap1,true_hits,0.0,0.0,0.0,500
0.2,4.0,none,0.7,75,score_cap1,bh_cap1,fdp,0.0,0.0,0.0,500
0.2,4.0,none,0.7,75,score_cap1,bh_cap1,fdp_exceeds_q,0.0,0.0,0.0,500
0.2,4.0,none,0.7,75,score_cap1,bh_cap1,unique_blocks,0.0,0.0,0.0,500
0.2,4.0,none,0.7,75,score_cap1,bh_cap1,max_block_share,0.0,0.0,0.0,500
0.2,4.0,none,0.7,75,score_cap1,bh_cap1,mean_pairwise_tanimoto,0.0,0.0,0.0,500
0.2,4.0,none,0.7,75,score_cap1,weighted_bh,true_hits,0.298,-0.07604999999999999,0.6640499999999998,500
0.2,4.0,none,0.7,75,score_cap1,weighted_bh,fdp,-0.0039733333333333305,-0.008800666666666663,0.0009333333333333395,500
0.2,4.0,none,0.7,75,score_cap1,weighted_bh,fdp_exceeds_q,0.0,0.0,0.0,500
0.2,4.0,none,0.7,75,score_cap1,weighted_bh,unique_blocks,-20.154,-20.924,-19.39195,500
0.2,4.0,none,0.7,75,score_cap1,weighted_bh,max_block_share,0.06074666666666667,0.0576,0.06381333333333333,500
0.2,4.0,none,0.7,75,score_cap1,weighted_bh,mean_pairwise_tanimoto,0.020002712875604633,0.018703909149765968,0.021332878656685355,500
0.2,6.0,none,0.7,100,score_cap1,chemdeprc_cap1,true_hits,-1.016,-1.142,-0.89,500
0.2,6.0,none,0.7,100,score_cap1,chemdeprc_cap1,fdp,-0.0011239332342557968,-0.003031502485049098,0.0007040119904589085,500
0.2,6.0,none,0.7,100,score_cap1,chemdeprc_cap1,fdp_exceeds_q,0.0,0.0,0.0,500
0.2,6.0,none,0.7,100,score_cap1,chemdeprc_cap1,unique_blocks,-2.116,-2.598,-1.6739500000000003,500
0.2,6.0,none,0.7,100,score_cap1,chemdeprc_cap1,max_block_share,0.00025207298375681315,0.00019707647460751968,0.0003086717846238855,500
0.2,6.0,none,0.7,100,score_cap1,chemdeprc_cap1,mean_pairwise_tanimoto,0.0005601093769073457,0.0003199871592223603,0.0007984099991619559,500
0.2,6.0,none,0.7,100,score_cap1,chemdeprc_scorecap1,true_hits,-0.674,-0.804,-0.55,500
0.2,6.0,none,0.7,100,score_cap1,chemdeprc_scorecap1,fdp,-0.0045439332342557944,-0.006179538884536974,-0.002860363729199948,500
0.2,6.0,none,0.7,100,score_cap1,chemdeprc_scorecap1,fdp_exceeds_q,0.0,0.0,0.0,500
0.2,6.0,none,0.7,100,score_cap1,chemdeprc_scorecap1,unique_blocks,-2.116,-2.6220499999999998,-1.658,500
0.2,6.0,none,0.7,100,score_cap1,chemdeprc_scorecap1,max_block_share,0.00025207298375681315,0.00019693542278897763,0.0003093608461675635,500
0.2,6.0,none,0.7,100,score_cap1,chemdeprc_scorecap1,mean_pairwise_tanimoto,0.000941995859146116,0.0007160378895699956,0.0011741324126720394,500
0.2,6.0,none,0.7,100,score_cap1,hier_bh_cap1,true_hits,-1.016,-1.136,-0.886,500
0.2,6.0,none,0.7,100,score_cap1,hier_bh_cap1,fdp,-0.0011239332342557968,-0.002997241045547894,0.0006867587045230768,500
0.2,6.0,none,0.7,100,score_cap1,hier_bh_cap1,fdp_exceeds_q,0.0,0.0,0.0,500
0.2,6.0,none,0.7,100,score_cap1,hier_bh_cap1,unique_blocks,-2.116,-2.58405,-1.654,500
0.2,6.0,none,0.7,100,score_cap1,hier_bh_cap1,max_block_share,0.00025207298375681315,0.000196312616443499,0.0003082060244556778,500
0.2,6.0,none,0.7,100,score_cap1,hier_bh_cap1,mean_pairwise_tanimoto,0.0005601093769073457,0.00031750781014561473,0.0008177516773343062,500
0.2,6.0,none,0.7,100,score_cap1,minp_block_bh_cap1,true_hits,-2.44,-2.63,-2.246,500
0.2,6.0,none,0.7,100,score_cap1,minp_block_bh_cap1,fdp,0.002091150322997833,-0.001210192385960294,0.0054161553011866466,500
0.2,6.0,none,0.7,100,score_cap1,minp_block_bh_cap1,fdp_exceeds_q,0.0,0.0,0.0,500
0.2,6.0,none,0.7,100,score_cap1,minp_block_bh_cap1,unique_blocks,-4.254,-5.01805,-3.5477500000000015,500
0.2,6.0,none,0.7,100,score_cap1,minp_block_bh_cap1,max_block_share,0.000544799185907382,0.000442935913781138,0.0006451073970241843,500
0.2,6.0,none,0.7,100,score_cap1,minp_block_bh_cap1,mean_pairwise_tanimoto,0.0003508993387222277,-5.510777458548858e-05,0.0007630808621644931,500
0.2,6.0,none,0.7,100,score_cap1,block_by_cap1,true_hits,-25.876,-27.876150000000003,-23.9437,500
0.2,6.0,none,0.7,100,score_cap1,block_by_cap1,fdp,-0.09575906977378056,-0.10092518370705608,-0.09074220169806095,500
0.2,6.0,none,0.7,100,score_cap1,block_by_cap1,fdp_exceeds_q,-0.1,-0.128,-0.074,500
0.2,6.0,none,0.7,100,score_cap1,block_by_cap1,unique_blocks,-46.338,-48.8912,-43.875949999999996,500
0.2,6.0,none,0.7,100,score_cap1,block_by_cap1,max_block_share,0.008760641731113097,0.007760847573042004,0.009807245194962212,500
0.2,6.0,none,0.7,100,score_cap1,block_by_cap1,mean_pairwise_tanimoto,0.002317167162895206,-0.0027648175805807095,0.006990269017964601,500
0.2,6.0,none,0.7,100,score_cap1,bh_cap1,true_hits,-0.318,-0.40205,-0.234,500
0.2,6.0,none,0.7,100,score_cap1,bh_cap1,fdp,-0.002352419184620972,-0.003085149623704402,-0.0016781386703785236,500
0.2,6.0,none,0.7,100,score_cap1,bh_cap1,fdp_exceeds_q,0.0,0.0,0.0,500
0.2,6.0,none,0.7,100,score_cap1,bh_cap1,unique_blocks,-1.002,-1.284,-0.7539500000000002,500
0.2,6.0,none,0.7,100,score_cap1,bh_cap1,max_block_share,0.00011230373218242496,8.239850956617988e-05,0.00014435363333246474,500
0.2,6.0,none,0.7,100,score_cap1,bh_cap1,mean_pairwise_tanimoto,0.0005380139052867888,0.0003937606319785115,0.0006859001681208611,500
0.2,6.0,none,0.7,100,score_cap1,weighted_bh,true_hits,-0.118,-0.8401,0.6020499999999998,500
0.2,6.0,none,0.7,100,score_cap1,weighted_bh,fdp,0.0011799999999999996,-0.006081500000000007,0.008940499999999995,500
0.2,6.0,none,0.7,100,score_cap1,weighted_bh,fdp_exceeds_q,0.0,0.0,0.0,500
0.2,6.0,none,0.7,100,score_cap1,weighted_bh,unique_blocks,-34.69,-35.79605,-33.51595,500
0.2,6.0,none,0.7,100,score_cap1,weighted_bh,max_block_share,0.07180000000000002,0.06857950000000002,0.075201,500
0.2,6.0,none,0.7,100,score_cap1,weighted_bh,mean_pairwise_tanimoto,0.021065468728542328,0.01972547168582678,0.02239779304563999,500
0.2,6.0,none,0.7,20,score_cap1,chemdeprc_cap1,true_hits,0.588,0.5,0.68,500
0.2,6.0,none,0.7,20,score_cap1,chemdeprc_cap1,fdp,-0.029399999999999996,-0.0337025,-0.024997500000000013,500
0.2,6.0,none,0.7,20,score_cap1,chemdeprc_cap1,fdp_exceeds_q,-0.03,-0.046,-0.016,500
0.2,6.0,none,0.7,20,score_cap1,chemdeprc_cap1,unique_blocks,0.0,0.0,0.0,500
0.2,6.0,none,0.7,20,score_cap1,chemdeprc_cap1,max_block_share,0.0,0.0,0.0,500
0.2,6.0,none,0.7,20,score_cap1,chemdeprc_cap1,mean_pairwise_tanimoto,-0.008000940278172492,-0.009835344077274204,-0.006131914999336006,500
0.2,6.0,none,0.7,20,score_cap1,chemdeprc_scorecap1,true_hits,0.0,0.0,0.0,500
0.2,6.0,none,0.7,20,score_cap1,chemdeprc_scorecap1,fdp,0.0,0.0,0.0,500
0.2,6.0,none,0.7,20,score_cap1,chemdeprc_scorecap1,fdp_exceeds_q,0.0,0.0,0.0,500
0.2,6.0,none,0.7,20,score_cap1,chemdeprc_scorecap1,unique_blocks,0.0,0.0,0.0,500
0.2,6.0,none,0.7,20,score_cap1,chemdeprc_scorecap1,max_block_share,0.0,0.0,0.0,500
0.2,6.0,none,0.7,20,score_cap1,chemdeprc_scorecap1,mean_pairwise_tanimoto,0.0,0.0,0.0,500
0.2,6.0,none,0.7,20,score_cap1,hier_bh_cap1,true_hits,0.588,0.5,0.68,500
0.2,6.0,none,0.7,20,score_cap1,hier_bh_cap1,fdp,-0.029399999999999996,-0.034,-0.024999999999999998,500
0.2,6.0,none,0.7,20,score_cap1,hier_bh_cap1,fdp_exceeds_q,-0.03,-0.046,-0.016,500
0.2,6.0,none,0.7,20,score_cap1,hier_bh_cap1,unique_blocks,0.0,0.0,0.0,500
0.2,6.0,none,0.7,20,score_cap1,hier_bh_cap1,max_block_share,0.0,0.0,0.0,500
0.2,6.0,none,0.7,20,score_cap1,hier_bh_cap1,mean_pairwise_tanimoto,-0.008000940278172492,-0.009850958546251056,-0.006202435505390167,500
0.2,6.0,none,0.7,20,score_cap1,minp_block_bh_cap1,true_hits,2.192,2.06,2.332,500
0.2,6.0,none,0.7,20,score_cap1,minp_block_bh_cap1,fdp,-0.1096,-0.11680000000000001,-0.10300000000000001,500
0.2,6.0,none,0.7,20,score_cap1,minp_block_bh_cap1,fdp_exceeds_q,-0.032,-0.048,-0.018,500
0.2,6.0,none,0.7,20,score_cap1,minp_block_bh_cap1,unique_blocks,0.0,0.0,0.0,500
0.2,6.0,none,0.7,20,score_cap1,minp_block_bh_cap1,max_block_share,0.0,0.0,0.0,500
0.2,6.0,none,0.7,20,score_cap1,minp_block_bh_cap1,mean_pairwise_tanimoto,-0.006926717028021816,-0.008154612623155122,-0.005659190398454672,500
0.2,6.0,none,0.7,20,score_cap1,block_by_cap1,true_hits,-0.946,-1.378,-0.548,500
0.2,6.0,none,0.7,20,score_cap1,block_by_cap1,fdp,-0.052700000000000004,-0.060099999999999994,-0.04569750000000001,500
0.2,6.0,none,0.7,20,score_cap1,block_by_cap1,fdp_exceeds_q,-0.03,-0.046,-0.016,500
0.2,6.0,none,0.7,20,score_cap1,block_by_cap1,unique_blocks,-2.0,-2.56,-1.48,500
0.2,6.0,none,0.7,20,score_cap1,block_by_cap1,max_block_share,-0.005,-0.0064,-0.0037,500
0.2,6.0,none,0.7,20,score_cap1,block_by_cap1,mean_pairwise_tanimoto,-0.025764341369271273,-0.030980277388170357,-0.020521589969471093,500
0.2,6.0,none,0.7,20,score_cap1,bh_cap1,true_hits,0.0,0.0,0.0,500
0.2,6.0,none,0.7,20,score_cap1,bh_cap1,fdp,0.0,0.0,0.0,500
0.2,6.0,none,0.7,20,score_cap1,bh_cap1,fdp_exceeds_q,0.0,0.0,0.0,500
0.2,6.0,none,0.7,20,score_cap1,bh_cap1,unique_blocks,0.0,0.0,0.0,500
0.2,6.0,none,0.7,20,score_cap1,bh_cap1,max_block_share,0.0,0.0,0.0,500
0.2,6.0,none,0.7,20,score_cap1,bh_cap1,mean_pairwise_tanimoto,0.0,0.0,0.0,500
0.2,6.0,none,0.7,20,score_cap1,weighted_bh,true_hits,1.606,1.4559499999999999,1.7600499999999997,500
0.2,6.0,none,0.7,20,score_cap1,weighted_bh,fdp,-0.08030000000000001,-0.0884,-0.07259750000000001,500
0.2,6.0,none,0.7,20,score_cap1,weighted_bh,fdp_exceeds_q,-0.032,-0.048,-0.018,500
0.2,6.0,none,0.7,20,score_cap1,weighted_bh,unique_blocks,-1.756,-1.93,-1.5959500000000004,500
0.2,6.0,none,0.7,20,score_cap1,weighted_bh,max_block_share,0.0357,0.032600000000000004,0.0389,500
0.2,6.0,none,0.7,20,score_cap1,weighted_bh,mean_pairwise_tanimoto,-0.001089952871203426,-0.0027879716835916076,0.0005737561486661398,500
0.2,6.0,none,0.7,30,score_cap1,chemdeprc_cap1,true_hits,0.47,0.38995,0.556,500
0.2,6.0,none,0.7,30,score_cap1,chemdeprc_cap1,fdp,-0.015666666666666666,-0.018468333333333333,-0.012799999999999997,500
0.2,6.0,none,0.7,30,score_cap1,chemdeprc_cap1,fdp_exceeds_q,0.0,0.0,0.0,500
0.2,6.0,none,0.7,30,score_cap1,chemdeprc_cap1,unique_blocks,0.0,0.0,0.0,500
0.2,6.0,none,0.7,30,score_cap1,chemdeprc_cap1,max_block_share,0.0,0.0,0.0,500
0.2,6.0,none,0.7,30,score_cap1,chemdeprc_cap1,mean_pairwise_tanimoto,-0.0011499689221382062,-0.0024787312515079925,0.00013985216021538592,500
0.2,6.0,none,0.7,30,score_cap1,chemdeprc_scorecap1,true_hits,0.0,0.0,0.0,500
0.2,6.0,none,0.7,30,score_cap1,chemdeprc_scorecap1,fdp,0.0,0.0,0.0,500
0.2,6.0,none,0.7,30,score_cap1,chemdeprc_scorecap1,fdp_exceeds_q,0.0,0.0,0.0,500
0.2,6.0,none,0.7,30,score_cap1,chemdeprc_scorecap1,unique_blocks,0.0,0.0,0.0,500
0.2,6.0,none,0.7,30,score_cap1,chemdeprc_scorecap1,max_block_share,0.0,0.0,0.0,500
0.2,6.0,none,0.7,30,score_cap1,chemdeprc_scorecap1,mean_pairwise_tanimoto,0.0,0.0,0.0,500
0.2,6.0,none,0.7,30,score_cap1,hier_bh_cap1,true_hits,0.47,0.39,0.556,500
0.2,6.0,none,0.7,30,score_cap1,hier_bh_cap1,fdp,-0.015666666666666666,-0.018466666666666662,-0.012799999999999995,500
0.2,6.0,none,0.7,30,score_cap1,hier_bh_cap1,fdp_exceeds_q,0.0,0.0,0.0,500
0.2,6.0,none,0.7,30,score_cap1,hier_bh_cap1,unique_blocks,0.0,0.0,0.0,500
0.2,6.0,none,0.7,30,score_cap1,hier_bh_cap1,max_block_share,0.0,0.0,0.0,500
0.2,6.0,none,0.7,30,score_cap1,hier_bh_cap1,mean_pairwise_tanimoto,-0.0011499689221382062,-0.0025018084436654975,0.00021742870658636858,500
0.2,6.0,none,0.7,30,score_cap1,minp_block_bh_cap1,true_hits,1.03,0.90195,1.1560499999999996,500
0.2,6.0,none,0.7,30,score_cap1,minp_block_bh_cap1,fdp,-0.03433333333333331,-0.03866666666666664,-0.03006499999999999,500
0.2,6.0,none,0.7,30,score_cap1,minp_block_bh_cap1,fdp_exceeds_q,0.0,0.0,0.0,500
0.2,6.0,none,0.7,30,score_cap1,minp_block_bh_cap1,unique_blocks,0.0,0.0,0.0,500
0.2,6.0,none,0.7,30,score_cap1,minp_block_bh_cap1,max_block_share,0.0,0.0,0.0,500
0.2,6.0,none,0.7,30,score_cap1,minp_block_bh_cap1,mean_pairwise_tanimoto,-0.0071340188682079315,-0.008402611622214314,-0.005840651311725382,500
0.2,6.0,none,0.7,30,score_cap1,block_by_cap1,true_hits,-2.776,-3.45605,-2.1199500000000002,500
0.2,6.0,none,0.7,30,score_cap1,block_by_cap1,fdp,-0.02185612648221343,-0.02773728590250328,-0.01592277338603425,500
0.2,6.0,none,0.7,30,score_cap1,block_by_cap1,fdp_exceeds_q,0.0,0.0,0.0,500
0.2,6.0,none,0.7,30,score_cap1,block_by_cap1,unique_blocks,-3.712,-4.544,-2.968,500
0.2,6.0,none,0.7,30,score_cap1,block_by_cap1,max_block_share,-0.0022951251646903775,-0.0032577338603425503,-0.0013955204216073735,500
0.2,6.0,none,0.7,30,score_cap1,block_by_cap1,mean_pairwise_tanimoto,-0.017481188297271716,-0.022583399892598378,-0.012480394833534946,500
0.2,6.0,none,0.7,30,score_cap1,bh_cap1,true_hits,0.0,0.0,0.0,500
0.2,6.0,none,0.7,30,score_cap1,bh_cap1,fdp,0.0,0.0,0.0,500
0.2,6.0,none,0.7,30,score_cap1,bh_cap1,fdp_exceeds_q,0.0,0.0,0.0,500
0.2,6.0,none,0.7,30,score_cap1,bh_cap1,unique_blocks,0.0,0.0,0.0,500
0.2,6.0,none,0.7,30,score_cap1,bh_cap1,max_block_share,0.0,0.0,0.0,500
0.2,6.0,none,0.7,30,score_cap1,bh_cap1,mean_pairwise_tanimoto,0.0,0.0,0.0,500
0.2,6.0,none,0.7,30,score_cap1,weighted_bh,true_hits,-0.296,-0.50405,-0.084,500
0.2,6.0,none,0.7,30,score_cap1,weighted_bh,fdp,0.009866666666666682,0.003333333333333349,0.016533333333333348,500
0.2,6.0,none,0.7,30,score_cap1,weighted_bh,fdp_exceeds_q,0.0,0.0,0.0,500
0.2,6.0,none,0.7,30,score_cap1,weighted_bh,unique_blocks,-3.964,-4.2700499999999995,-3.655900000000001,500
0.2,6.0,none,0.7,30,score_cap1,weighted_bh,max_block_share,0.046599999999999996,0.04346666666666666,0.049734999999999994,500
0.2,6.0,none,0.7,30,score_cap1,weighted_bh,mean_pairwise_tanimoto,-0.0046517229974269905,-0.005880042269825939,-0.0033455530047416717,500
0.2,6.0,none,0.7,50,score_cap1,chemdeprc_cap1,true_hits,0.334,0.23595,0.43,500
0.2,6.0,none,0.7,50,score_cap1,chemdeprc_cap1,fdp,-0.00668,-0.00868,-0.004799000000000005,500
0.2,6.0,none,0.7,50,score_cap1,chemdeprc_cap1,fdp_exceeds_q,0.0,0.0,0.0,500
0.2,6.0,none,0.7,50,score_cap1,chemdeprc_cap1,unique_blocks,0.0,0.0,0.0,500
0.2,6.0,none,0.7,50,score_cap1,chemdeprc_cap1,max_block_share,0.0,0.0,0.0,500
0.2,6.0,none,0.7,50,score_cap1,chemdeprc_cap1,mean_pairwise_tanimoto,0.00026555278897285375,-0.00018856885060668444,0.0007017974771559224,500
0.2,6.0,none,0.7,50,score_cap1,chemdeprc_scorecap1,true_hits,0.01,0.002,0.02,500
0.2,6.0,none,0.7,50,score_cap1,chemdeprc_scorecap1,fdp,-0.00019999999999999906,-0.0003999999999999981,-3.9999999999999814e-05,500
0.2,6.0,none,0.7,50,score_cap1,chemdeprc_scorecap1,fdp_exceeds_q,0.0,0.0,0.0,500
0.2,6.0,none,0.7,50,score_cap1,chemdeprc_scorecap1,unique_blocks,0.0,0.0,0.0,500
0.2,6.0,none,0.7,50,score_cap1,chemdeprc_scorecap1,max_block_share,0.0,0.0,0.0,500
0.2,6.0,none,0.7,50,score_cap1,chemdeprc_scorecap1,mean_pairwise_tanimoto,5.208164453506803e-06,-1.6402922570700862e-06,1.3506103307009618e-05,500
0.2,6.0,none,0.7,50,score_cap1,hier_bh_cap1,true_hits,0.334,0.23795,0.434,500
0.2,6.0,none,0.7,50,score_cap1,hier_bh_cap1,fdp,-0.00668,-0.00868,-0.0047599999999999995,500
0.2,6.0,none,0.7,50,score_cap1,hier_bh_cap1,fdp_exceeds_q,0.0,0.0,0.0,500
0.2,6.0,none,0.7,50,score_cap1,hier_bh_cap1,unique_blocks,0.0,0.0,0.0,500
0.2,6.0,none,0.7,50,score_cap1,hier_bh_cap1,max_block_share,0.0,0.0,0.0,500
0.2,6.0,none,0.7,50,score_cap1,hier_bh_cap1,mean_pairwise_tanimoto,0.00026555278897285375,-0.0001733936458826057,0.0007058737754821763,500
0.2,6.0,none,0.7,50,score_cap1,minp_block_bh_cap1,true_hits,0.582,0.396,0.764,500
0.2,6.0,none,0.7,50,score_cap1,minp_block_bh_cap1,fdp,-0.011640000000000001,-0.01548,-0.00808,500
0.2,6.0,none,0.7,50,score_cap1,minp_block_bh_cap1,fdp_exceeds_q,0.0,0.0,0.0,500
0.2,6.0,none,0.7,50,score_cap1,minp_block_bh_cap1,unique_blocks,0.0,0.0,0.0,500
0.2,6.0,none,0.7,50,score_cap1,minp_block_bh_cap1,max_block_share,0.0,0.0,0.0,500
0.2,6.0,none,0.7,50,score_cap1,minp_block_bh_cap1,mean_pairwise_tanimoto,-0.00641599720716477,-0.007760260397940885,-0.00498413360267878,500
0.2,6.0,none,0.7,50,score_cap1,block_by_cap1,true_hits,-7.742,-8.97005,-6.60595,500
0.2,6.0,none,0.7,50,score_cap1,block_by_cap1,fdp,-0.018758048979129693,-0.024435858508985414,-0.012633620419361662,500
0.2,6.0,none,0.7,50,score_cap1,block_by_cap1,fdp_exceeds_q,0.0,0.0,0.0,500
0.2,6.0,none,0.7,50,score_cap1,block_by_cap1,unique_blocks,-11.14,-12.6001,-9.75795,500
0.2,6.0,none,0.7,50,score_cap1,block_by_cap1,max_block_share,0.0023329080731050466,0.0014344225851849336,0.0032322641681234356,500
0.2,6.0,none,0.7,50,score_cap1,block_by_cap1,mean_pairwise_tanimoto,-0.015715519249439237,-0.020101498037576677,-0.011568337663263083,500
0.2,6.0,none,0.7,50,score_cap1,bh_cap1,true_hits,0.0,0.0,0.0,500
0.2,6.0,none,0.7,50,score_cap1,bh_cap1,fdp,0.0,0.0,0.0,500
0.2,6.0,none,0.7,50,score_cap1,bh_cap1,fdp_exceeds_q,0.0,0.0,0.0,500
0.2,6.0,none,0.7,50,score_cap1,bh_cap1,unique_blocks,0.0,0.0,0.0,500
0.2,6.0,none,0.7,50,score_cap1,bh_cap1,max_block_share,0.0,0.0,0.0,500
0.2,6.0,none,0.7,50,score_cap1,bh_cap1,mean_pairwise_tanimoto,0.0,0.0,0.0,500
0.2,6.0,none,0.7,50,score_cap1,weighted_bh,true_hits,-2.206,-2.6181,-1.7779500000000004,500
0.2,6.0,none,0.7,50,score_cap1,weighted_bh,fdp,0.04411999999999999,0.036079,0.052401999999999976,500
0.2,6.0,none,0.7,50,score_cap1,weighted_bh,fdp_exceeds_q,0.1,0.074,0.128,500
0.2,6.0,none,0.7,50,score_cap1,weighted_bh,unique_blocks,-10.212,-10.86405,-9.618,500
0.2,6.0,none,0.7,50,score_cap1,weighted_bh,max_block_share,0.06,0.05616,0.063801,500
0.2,6.0,none,0.7,50,score_cap1,weighted_bh,mean_pairwise_tanimoto,-0.003751597672700882,-0.005483397653698923,-0.002015280873328445,500
0.2,6.0,none,0.7,75,score_cap1,chemdeprc_cap1,true_hits,0.16,0.08,0.242,500
0.2,6.0,none,0.7,75,score_cap1,chemdeprc_cap1,fdp,-0.00213333333333333,-0.0032266666666666624,-0.0010666666666666626,500
0.2,6.0,none,0.7,75,score_cap1,chemdeprc_cap1,fdp_exceeds_q,0.0,0.0,0.0,500
0.2,6.0,none,0.7,75,score_cap1,chemdeprc_cap1,unique_blocks,0.0,0.0,0.0,500
0.2,6.0,none,0.7,75,score_cap1,chemdeprc_cap1,max_block_share,0.0,0.0,0.0,500
0.2,6.0,none,0.7,75,score_cap1,chemdeprc_cap1,mean_pairwise_tanimoto,0.0008680441379547126,0.0007083367332816139,0.0010326164178550235,500
0.2,6.0,none,0.7,75,score_cap1,chemdeprc_scorecap1,true_hits,0.12,0.092,0.15,500
0.2,6.0,none,0.7,75,score_cap1,chemdeprc_scorecap1,fdp,-0.0015999999999999999,-0.0019733333333333343,-0.0012266666666666658,500
0.2,6.0,none,0.7,75,score_cap1,chemdeprc_scorecap1,fdp_exceeds_q,0.0,0.0,0.0,500
0.2,6.0,none,0.7,75,score_cap1,chemdeprc_scorecap1,unique_blocks,0.0,0.0,0.0,500
0.2,6.0,none,0.7,75,score_cap1,chemdeprc_scorecap1,max_block_share,0.0,0.0,0.0,500
0.2,6.0,none,0.7,75,score_cap1,chemdeprc_scorecap1,mean_pairwise_tanimoto,0.00032481977343559016,0.0002258093751966938,0.00042743190452456195,500
0.2,6.0,none,0.7,75,score_cap1,hier_bh_cap1,true_hits,0.16,0.082,0.242,500
0.2,6.0,none,0.7,75,score_cap1,hier_bh_cap1,fdp,-0.00213333333333333,-0.003253333333333327,-0.0010666666666666626,500
0.2,6.0,none,0.7,75,score_cap1,hier_bh_cap1,fdp_exceeds_q,0.0,0.0,0.0,500
0.2,6.0,none,0.7,75,score_cap1,hier_bh_cap1,unique_blocks,0.0,0.0,0.0,500
0.2,6.0,none,0.7,75,score_cap1,hier_bh_cap1,max_block_share,0.0,0.0,0.0,500
0.2,6.0,none,0.7,75,score_cap1,hier_bh_cap1,mean_pairwise_tanimoto,0.0008680441379547126,0.000706146313250065,0.001041089835762979,500
0.2,6.0,none,0.7,75,score_cap1,minp_block_bh_cap1,true_hits,-0.582,-0.738,-0.422,500
0.2,6.0,none,0.7,75,score_cap1,minp_block_bh_cap1,fdp,0.006228571428571419,0.003912190476190466,0.008327857142857132,500
0.2,6.0,none,0.7,75,score_cap1,minp_block_bh_cap1,fdp_exceeds_q,0.0,0.0,0.0,500
0.2,6.0,none,0.7,75,score_cap1,minp_block_bh_cap1,unique_blocks,-0.18,-0.27,-0.1,500
0.2,6.0,none,0.7,75,score_cap1,minp_block_bh_cap1,max_block_share,3.428571428571242e-05,1.9047619047618016e-05,5.1428571428568644e-05,500
0.2,6.0,none,0.7,75,score_cap1,minp_block_bh_cap1,mean_pairwise_tanimoto,-0.0011122576594352748,-0.0015431307576596759,-0.0006466561935842082,500
0.2,6.0,none,0.7,75,score_cap1,block_by_cap1,true_hits,-15.728,-17.3561,-14.1,500
0.2,6.0,none,0.7,75,score_cap1,block_by_cap1,fdp,-0.042826483357727894,-0.04787426930635103,-0.03791541267471654,500
0.2,6.0,none,0.7,75,score_cap1,block_by_cap1,fdp_exceeds_q,-0.1,-0.126,-0.076,500
0.2,6.0,none,0.7,75,score_cap1,block_by_cap1,unique_blocks,-25.254,-27.510050000000003,-23.041950000000003,500
0.2,6.0,none,0.7,75,score_cap1,block_by_cap1,max_block_share,0.006019018464526433,0.0050341264511228855,0.00709051648317595,500
0.2,6.0,none,0.7,75,score_cap1,block_by_cap1,mean_pairwise_tanimoto,-0.008285900145769114,-0.012863940687477584,-0.003755826628208157,500
0.2,6.0,none,0.7,75,score_cap1,bh_cap1,true_hits,0.0,0.0,0.0,500
0.2,6.0,none,0.7,75,score_cap1,bh_cap1,fdp,0.0,0.0,0.0,500
0.2,6.0,none,0.7,75,score_cap1,bh_cap1,fdp_exceeds_q,0.0,0.0,0.0,500
0.2,6.0,none,0.7,75,score_cap1,bh_cap1,unique_blocks,0.0,0.0,0.0,500
0.2,6.0,none,0.7,75,score_cap1,bh_cap1,max_block_share,0.0,0.0,0.0,500
0.2,6.0,none,0.7,75,score_cap1,bh_cap1,mean_pairwise_tanimoto,0.0,0.0,0.0,500
0.2,6.0,none,0.7,75,score_cap1,weighted_bh,true_hits,-1.978,-2.44,-1.5159500000000004,500
0.2,6.0,none,0.7,75,score_cap1,weighted_bh,fdp,0.026373333333333342,0.020266000000000003,0.03274733333333334,500
0.2,6.0,none,0.7,75,score_cap1,weighted_bh,fdp_exceeds_q,0.0,0.0,0.0,500
0.2,6.0,none,0.7,75,score_cap1,weighted_bh,unique_blocks,-21.844,-22.67,-20.9899,500
0.2,6.0,none,0.7,75,score_cap1,weighted_bh,max_block_share,0.06354666666666667,0.060480000000000006,0.06685333333333332,500
0.2,6.0,none,0.7,75,score_cap1,weighted_bh,mean_pairwise_tanimoto,0.016607226252555847,0.015358461724221709,0.017902918080240488,500
