artifact_fraction,logit_boost,q,budget_label,method,selected_count,true_hits,fdp,fdp_exceeds_q,unique_blocks,max_block_share,n_target_reps,empirical_fdp_minus_nominal_alpha,risk_wording
0.0,0.0,0.01,100,bh,0.0,0.0,0.0,0.0,0.0,0.0,500,-0.01,empirical_mean_fdp_le_alpha
0.0,0.0,0.01,100,bh_cap1,0.0,0.0,0.0,0.0,0.0,0.0,500,-0.01,empirical_mean_fdp_le_alpha
0.0,0.0,0.01,100,block_bh,0.0,0.0,0.0,0.0,0.0,0.0,500,-0.01,empirical_mean_fdp_le_alpha
0.0,0.0,0.01,100,block_by_cap1,0.0,0.0,0.0,0.0,0.0,0.0,500,-0.01,empirical_mean_fdp_le_alpha
0.0,0.0,0.01,100,by,0.0,0.0,0.0,0.0,0.0,0.0,500,-0.01,empirical_mean_fdp_le_alpha
0.0,0.0,0.01,100,chemdeprc_cap1,0.0,0.0,0.0,0.0,0.0,0.0,500,-0.01,empirical_mean_fdp_le_alpha
0.0,0.0,0.01,100,chemdeprc_scorecap1,0.0,0.0,0.0,0.0,0.0,0.0,500,-0.01,empirical_mean_fdp_le_alpha
0.0,0.0,0.01,100,hier_bh_cap1,0.0,0.0,0.0,0.0,0.0,0.0,500,-0.01,empirical_mean_fdp_le_alpha
0.0,0.0,0.01,100,minp_block_bh_cap1,0.0,0.0,0.0,0.0,0.0,0.0,500,-0.01,empirical_mean_fdp_le_alpha
0.0,0.0,0.01,100,score_cap1,100.0,72.4,0.276,1.0,100.0,0.01,500,0.266,risk_reducing_not_nominal_control
0.0,0.0,0.01,100,weighted_bh,0.0,0.0,0.0,0.0,0.0,0.0,500,-0.01,empirical_mean_fdp_le_alpha
0.0,0.0,0.01,50,bh,0.0,0.0,0.0,0.0,0.0,0.0,500,-0.01,empirical_mean_fdp_le_alpha
0.0,0.0,0.01,50,bh_cap1,0.0,0.0,0.0,0.0,0.0,0.0,500,-0.01,empirical_mean_fdp_le_alpha
0.0,0.0,0.01,50,block_bh,0.0,0.0,0.0,0.0,0.0,0.0,500,-0.01,empirical_mean_fdp_le_alpha
0.0,0.0,0.01,50,block_by_cap1,0.0,0.0,0.0,0.0,0.0,0.0,500,-0.01,empirical_mean_fdp_le_alpha
0.0,0.0,0.01,50,by,0.0,0.0,0.0,0.0,0.0,0.0,500,-0.01,empirical_mean_fdp_le_alpha
0.0,0.0,0.01,50,chemdeprc_cap1,0.0,0.0,0.0,0.0,0.0,0.0,500,-0.01,empirical_mean_fdp_le_alpha
0.0,0.0,0.01,50,chemdeprc_scorecap1,0.0,0.0,0.0,0.0,0.0,0.0,500,-0.01,empirical_mean_fdp_le_alpha
0.0,0.0,0.01,50,hier_bh_cap1,0.0,0.0,0.0,0.0,0.0,0.0,500,-0.01,empirical_mean_fdp_le_alpha
0.0,0.0,0.01,50,minp_block_bh_cap1,0.0,0.0,0.0,0.0,0.0,0.0,500,-0.01,empirical_mean_fdp_le_alpha
0.0,0.0,0.01,50,score_cap1,50.0,43.3,0.134,0.7,50.0,0.02,500,0.12400000000000001,risk_reducing_not_nominal_control
0.0,0.0,0.01,50,weighted_bh,0.0,0.0,0.0,0.0,0.0,0.0,500,-0.01,empirical_mean_fdp_le_alpha
0.0,0.0,0.025,100,bh,20.0,19.9,0.001,0.0,5.2,0.1,500,-0.024,empirical_mean_fdp_le_alpha
0.0,0.0,0.025,100,bh_cap1,10.8,10.5,0.004411764705882349,0.1,10.8,0.00397058823529411,500,-0.02058823529411765,empirical_mean_fdp_le_alpha
0.0,0.0,0.025,100,block_bh,10.0,9.9,0.001,0.0,2.3,0.048,500,-0.024,empirical_mean_fdp_le_alpha
0.0,0.0,0.025,100,block_by_cap1,0.0,0.0,0.0,0.0,0.0,0.0,500,-0.025,empirical_mean_fdp_le_alpha
0.0,0.0,0.025,100,by,0.0,0.0,0.0,0.0,0.0,0.0,500,-0.025,empirical_mean_fdp_le_alpha
0.0,0.0,0.025,100,chemdeprc_cap1,3.4,3.4,0.0,0.0,3.4,0.00294117647058823,500,-0.025,empirical_mean_fdp_le_alpha
0.0,0.0,0.025,100,chemdeprc_scorecap1,3.4,3.4,0.0,0.0,3.4,0.00294117647058823,500,-0.025,empirical_mean_fdp_le_alpha
0.0,0.0,0.025,100,hier_bh_cap1,3.4,3.4,0.0,0.0,3.4,0.00294117647058823,500,-0.025,empirical_mean_fdp_le_alpha
0.0,0.0,0.025,100,minp_block_bh_cap1,0.0,0.0,0.0,0.0,0.0,0.0,500,-0.025,empirical_mean_fdp_le_alpha
0.0,0.0,0.025,100,score_cap1,100.0,72.4,0.276,1.0,100.0,0.01,500,0.251,risk_reducing_not_nominal_control
0.0,0.0,0.025,100,weighted_bh,0.0,0.0,0.0,0.0,0.0,0.0,500,-0.025,empirical_mean_fdp_le_alpha
0.0,0.0,0.025,50,bh,10.0,10.0,0.0,0.0,2.3,0.14,500,-0.025,empirical_mean_fdp_le_alpha
0.0,0.0,0.025,50,bh_cap1,9.0,9.0,0.0,0.0,9.0,0.0045,500,-0.025,empirical_mean_fdp_le_alpha
0.0,0.0,0.025,50,block_bh,5.0,5.0,0.0,0.0,1.1,0.066,500,-0.025,empirical_mean_fdp_le_alpha
0.0,0.0,0.025,50,block_by_cap1,0.0,0.0,0.0,0.0,0.0,0.0,500,-0.025,empirical_mean_fdp_le_alpha
0.0,0.0,0.025,50,by,0.0,0.0,0.0,0.0,0.0,0.0,500,-0.025,empirical_mean_fdp_le_alpha
0.0,0.0,0.025,50,chemdeprc_cap1,3.4,3.4,0.0,0.0,3.4,0.00294117647058823,500,-0.025,empirical_mean_fdp_le_alpha
0.0,0.0,0.025,50,chemdeprc_scorecap1,3.4,3.4,0.0,0.0,3.4,0.00294117647058823,500,-0.025,empirical_mean_fdp_le_alpha
0.0,0.0,0.025,50,hier_bh_cap1,3.4,3.4,0.0,0.0,3.4,0.00294117647058823,500,-0.025,empirical_mean_fdp_le_alpha
0.0,0.0,0.025,50,minp_block_bh_cap1,0.0,0.0,0.0,0.0,0.0,0.0,500,-0.025,empirical_mean_fdp_le_alpha
0.0,0.0,0.025,50,score_cap1,50.0,43.3,0.134,0.7,50.0,0.02,500,0.10900000000000001,risk_reducing_not_nominal_control
0.0,0.0,0.025,50,weighted_bh,0.0,0.0,0.0,0.0,0.0,0.0,500,-0.025,empirical_mean_fdp_le_alpha
0.0,0.0,0.05,100,bh,34.8,34.1,0.00808333333333333,0.0,12.9,0.13358333333333333,500,-0.04191666666666667,empirical_mean_fdp_le_alpha
0.0,0.0,0.05,100,bh_cap1,22.0,21.5,0.00725565514297908,0.0,22.0,0.008524142030442982,500,-0.04274434485702092,empirical_mean_fdp_le_alpha
0.0,0.0,0.05,100,block_bh,31.4,30.8,0.02442857142857142,0.1,11.5,0.1352857142857143,500,-0.025571428571428582,empirical_mean_fdp_le_alpha
0.0,0.0,0.05,100,block_by_cap1,0.0,0.0,0.0,0.0,0.0,0.0,500,-0.05,empirical_mean_fdp_le_alpha
0.0,0.0,0.05,100,by,0.0,0.0,0.0,0.0,0.0,0.0,500,-0.05,empirical_mean_fdp_le_alpha
0.0,0.0,0.05,100,chemdeprc_cap1,18.0,17.3,0.03340626764539807,0.1,18.0,0.014598626011669481,500,-0.01659373235460193,empirical_mean_fdp_le_alpha
0.0,0.0,0.05,100,chemdeprc_scorecap1,18.0,17.3,0.03340626764539807,0.1,18.0,0.014598626011669481,500,-0.01659373235460193,empirical_mean_fdp_le_alpha
0.0,0.0,0.05,100,hier_bh_cap1,18.0,17.3,0.03340626764539807,0.1,18.0,0.014598626011669481,500,-0.01659373235460193,empirical_mean_fdp_le_alpha
0.0,0.0,0.05,100,minp_block_bh_cap1,7.5,7.2,0.006818181818181809,0.1,7.5,0.005498533724340169,500,-0.043181818181818196,empirical_mean_fdp_le_alpha
0.0,0.0,0.05,100,score_cap1,100.0,72.4,0.276,0.9,100.0,0.01,500,0.22600000000000003,risk_reducing_not_nominal_control
0.0,0.0,0.05,100,weighted_bh,10.2,9.9,0.006818181818181809,0.1,9.0,0.009169278996865201,500,-0.043181818181818196,empirical_mean_fdp_le_alpha
0.0,0.0,0.05,50,bh,19.8,19.5,0.00608333333333333,0.0,7.7,0.16658333333333333,500,-0.04391666666666667,empirical_mean_fdp_le_alpha
0.0,0.0,0.05,50,bh_cap1,17.6,17.4,0.004,0.0,17.6,0.00984615384615384,500,-0.046,empirical_mean_fdp_le_alpha
0.0,0.0,0.05,50,block_bh,16.4,15.9,0.02542857142857142,0.1,6.1,0.1682857142857143,500,-0.024571428571428584,empirical_mean_fdp_le_alpha
0.0,0.0,0.05,50,block_by_cap1,0.0,0.0,0.0,0.0,0.0,0.0,500,-0.05,empirical_mean_fdp_le_alpha
0.0,0.0,0.05,50,by,0.0,0.0,0.0,0.0,0.0,0.0,500,-0.05,empirical_mean_fdp_le_alpha
0.0,0.0,0.05,50,chemdeprc_cap1,15.5,15.1,0.02927272727272727,0.1,15.5,0.01536363636363636,500,-0.020727272727272733,empirical_mean_fdp_le_alpha
0.0,0.0,0.05,50,chemdeprc_scorecap1,15.5,15.1,0.02927272727272727,0.1,15.5,0.01536363636363636,500,-0.020727272727272733,empirical_mean_fdp_le_alpha
0.0,0.0,0.05,50,hier_bh_cap1,15.5,15.1,0.02927272727272727,0.1,15.5,0.01536363636363636,500,-0.020727272727272733,empirical_mean_fdp_le_alpha
0.0,0.0,0.05,50,minp_block_bh_cap1,7.5,7.2,0.006818181818181809,0.1,7.5,0.005498533724340169,500,-0.043181818181818196,empirical_mean_fdp_le_alpha
0.0,0.0,0.05,50,score_cap1,50.0,43.3,0.134,0.6,50.0,0.02,500,0.084,risk_reducing_not_nominal_control
0.0,0.0,0.05,50,weighted_bh,9.4,9.1,0.006818181818181809,0.1,8.2,0.01027272727272727,500,-0.043181818181818196,empirical_mean_fdp_le_alpha
0.0,0.0,0.1,100,bh,63.7,61.4,0.03888577520560461,0.1,27.5,0.21835688902426642,500,-0.0611142247943954,empirical_mean_fdp_le_alpha
0.0,0.0,0.1,100,bh_cap1,47.3,44.2,0.06518716786951648,0.3,47.3,0.01923093241904244,500,-0.03481283213048353,empirical_mean_fdp_le_alpha
0.0,0.0,0.1,100,block_bh,58.3,55.7,0.058990637745643296,0.2,26.0,0.21344756078182103,500,-0.04100936225435671,empirical_mean_fdp_le_alpha
0.0,0.0,0.1,100,block_by_cap1,0.0,0.0,0.0,0.0,0.0,0.0,500,-0.1,empirical_mean_fdp_le_alpha
0.0,0.0,0.1,100,by,10.0,9.9,0.001,0.0,2.2,0.047,500,-0.099,empirical_mean_fdp_le_alpha
0.0,0.0,0.1,100,chemdeprc_cap1,42.1,39.7,0.06474118997069978,0.1,42.1,0.038574490922029164,500,-0.03525881002930023,empirical_mean_fdp_le_alpha
0.0,0.0,0.1,100,chemdeprc_scorecap1,42.1,39.7,0.06474118997069978,0.1,42.1,0.038574490922029164,500,-0.03525881002930023,empirical_mean_fdp_le_alpha
0.0,0.0,0.1,100,hier_bh_cap1,42.1,39.7,0.06474118997069978,0.1,42.1,0.038574490922029164,500,-0.03525881002930023,empirical_mean_fdp_le_alpha
0.0,0.0,0.1,100,minp_block_bh_cap1,27.1,25.3,0.05459238751136641,0.3,27.1,0.03449901682976041,500,-0.0454076124886336,empirical_mean_fdp_le_alpha
0.0,0.0,0.1,100,score_cap1,100.0,72.4,0.276,0.8,100.0,0.01,500,0.17600000000000002,risk_reducing_not_nominal_control
0.0,0.0,0.1,100,weighted_bh,41.0,38.5,0.04970220326936744,0.2,29.6,0.06084363894811654,500,-0.05029779673063257,empirical_mean_fdp_le_alpha
0.0,0.0,0.1,50,bh,37.0,35.8,0.03240816326530611,0.1,17.9,0.23601360544217687,500,-0.0675918367346939,empirical_mean_fdp_le_alpha
0.0,0.0,0.1,50,bh_cap1,32.9,31.3,0.05047008113590263,0.2,32.9,0.02263945233265719,500,-0.049529918864097376,empirical_mean_fdp_le_alpha
0.0,0.0,0.1,50,block_bh,34.6,32.9,0.053094086021505366,0.2,17.1,0.23835560675883255,500,-0.04690591397849464,empirical_mean_fdp_le_alpha
0.0,0.0,0.1,50,block_by_cap1,0.0,0.0,0.0,0.0,0.0,0.0,500,-0.1,empirical_mean_fdp_le_alpha
0.0,0.0,0.1,50,by,5.0,5.0,0.0,0.0,1.1,0.066,500,-0.1,empirical_mean_fdp_le_alpha
0.0,0.0,0.1,50,chemdeprc_cap1,31.5,30.3,0.05025757575757575,0.1,31.5,0.04133116883116881,500,-0.049742424242424255,empirical_mean_fdp_le_alpha
0.0,0.0,0.1,50,chemdeprc_scorecap1,31.5,30.2,0.05225757575757575,0.1,31.5,0.04133116883116881,500,-0.04774242424242425,empirical_mean_fdp_le_alpha
0.0,0.0,0.1,50,hier_bh_cap1,31.5,30.3,0.05025757575757575,0.1,31.5,0.04133116883116881,500,-0.049742424242424255,empirical_mean_fdp_le_alpha
0.0,0.0,0.1,50,minp_block_bh_cap1,23.5,22.2,0.048873015873015874,0.2,23.5,0.03560317460317459,500,-0.05112698412698413,empirical_mean_fdp_le_alpha
0.0,0.0,0.1,50,score_cap1,50.0,43.3,0.134,0.4,50.0,0.02,500,0.034,risk_reducing_not_nominal_control
0.0,0.0,0.1,50,weighted_bh,24.3,23.1,0.040761904761904756,0.1,21.7,0.05438095238095237,500,-0.05923809523809525,empirical_mean_fdp_le_alpha
0.0,0.0,0.2,100,bh,91.3,86.4,0.07953002070393374,0.1,37.6,0.251351966873706,500,-0.12046997929606627,empirical_mean_fdp_le_alpha
0.0,0.0,0.2,100,bh_cap1,72.8,63.7,0.14486435378347143,0.2,72.8,0.01876577507459858,500,-0.05513564621652858,empirical_mean_fdp_le_alpha
0.0,0.0,0.2,100,block_bh,88.5,82.6,0.10152631578947367,0.1,36.6,0.2885263157894737,500,-0.09847368421052634,empirical_mean_fdp_le_alpha
0.0,0.0,0.2,100,block_by_cap1,10.6,10.3,0.00461538461538461,0.0,10.6,0.00397748592870543,500,-0.1953846153846154,empirical_mean_fdp_le_alpha
0.0,0.0,0.2,100,by,20.0,19.9,0.001,0.0,5.2,0.1,500,-0.199,empirical_mean_fdp_le_alpha
0.0,0.0,0.2,100,chemdeprc_cap1,65.8,58.8,0.13280487700075286,0.1,65.8,0.02134643234551318,500,-0.06719512299924715,empirical_mean_fdp_le_alpha
0.0,0.0,0.2,100,chemdeprc_scorecap1,65.8,58.9,0.13180487700075286,0.1,65.8,0.02134643234551318,500,-0.06819512299924715,empirical_mean_fdp_le_alpha
0.0,0.0,0.2,100,hier_bh_cap1,65.8,58.8,0.13280487700075286,0.1,65.8,0.02134643234551318,500,-0.06719512299924715,empirical_mean_fdp_le_alpha
0.0,0.0,0.2,100,minp_block_bh_cap1,56.7,51.0,0.1286047545951417,0.2,56.7,0.02524964447708954,500,-0.07139524540485831,empirical_mean_fdp_le_alpha
0.0,0.0,0.2,100,score_cap1,100.0,72.4,0.276,0.6,100.0,0.01,500,0.07600000000000001,risk_reducing_not_nominal_control
0.0,0.0,0.2,100,weighted_bh,72.3,66.3,0.10814057644872985,0.1,55.1,0.06856401359835985,500,-0.09185942355127016,empirical_mean_fdp_le_alpha
0.0,0.0,0.2,50,bh,47.1,45.0,0.0640952380952381,0.1,22.3,0.28104761904761905,500,-0.13590476190476192,empirical_mean_fdp_le_alpha
0.0,0.0,0.2,50,bh_cap1,44.9,41.4,0.09503676470588235,0.1,44.9,0.02500735294117647,500,-0.10496323529411766,empirical_mean_fdp_le_alpha
0.0,0.0,0.2,50,block_bh,48.0,45.1,0.07933333333333333,0.1,22.2,0.3033333333333333,500,-0.12066666666666669,empirical_mean_fdp_le_alpha
0.0,0.0,0.2,50,block_by_cap1,9.1,9.1,0.0,0.0,9.1,0.0044390243902439,500,-0.2,empirical_mean_fdp_le_alpha
0.0,0.0,0.2,50,by,10.0,10.0,0.0,0.0,2.3,0.14,500,-0.2,empirical_mean_fdp_le_alpha
0.0,0.0,0.2,50,chemdeprc_cap1,43.6,40.3,0.09847256438969763,0.1,43.6,0.02639081746920492,500,-0.10152743561030238,empirical_mean_fdp_le_alpha
0.0,0.0,0.2,50,chemdeprc_scorecap1,43.6,40.2,0.10047256438969764,0.1,43.6,0.02639081746920492,500,-0.09952743561030238,empirical_mean_fdp_le_alpha
0.0,0.0,0.2,50,hier_bh_cap1,43.6,40.3,0.09847256438969763,0.1,43.6,0.02639081746920492,500,-0.10152743561030238,empirical_mean_fdp_le_alpha
0.0,0.0,0.2,50,minp_block_bh_cap1,41.8,38.4,0.10699999999999998,0.2,41.8,0.02894444444444443,500,-0.09300000000000003,empirical_mean_fdp_le_alpha
0.0,0.0,0.2,50,score_cap1,50.0,43.3,0.134,0.2,50.0,0.02,500,-0.066,empirical_mean_fdp_le_alpha
0.0,0.0,0.2,50,weighted_bh,44.4,41.1,0.09031578947368421,0.1,39.5,0.06452631578947368,500,-0.1096842105263158,empirical_mean_fdp_le_alpha
0.0,0.0,0.7,100,bh,98.5,88.3,0.11241176470588235,0.0,42.2,0.24376470588235294,500,-0.5875882352941176,empirical_mean_fdp_le_alpha
0.0,0.0,0.7,100,bh_cap1,94.5,71.4,0.263879781420765,0.0,94.5,0.01082982045277127,500,-0.43612021857923494,empirical_mean_fdp_le_alpha
0.0,0.0,0.7,100,block_bh,99.1,87.9,0.11882417582417583,0.1,42.2,0.24518681318681318,500,-0.5811758241758241,empirical_mean_fdp_le_alpha
0.0,0.0,0.7,100,block_by_cap1,46.3,43.1,0.07845450573391746,0.0,46.3,0.02879499449352387,500,-0.6215454942660825,empirical_mean_fdp_le_alpha
0.0,0.0,0.7,100,by,64.9,62.5,0.0393207032751931,0.0,28.0,0.22173594556491547,500,-0.6606792967248069,empirical_mean_fdp_le_alpha
0.0,0.0,0.7,100,chemdeprc_cap1,93.7,70.6,0.26605522001725623,0.0,93.7,0.01095513373597929,500,-0.4339447799827437,empirical_mean_fdp_le_alpha
0.0,0.0,0.7,100,chemdeprc_scorecap1,93.7,70.9,0.2630552200172563,0.0,93.7,0.01095513373597929,500,-0.43694477998274367,empirical_mean_fdp_le_alpha
0.0,0.0,0.7,100,hier_bh_cap1,93.7,70.6,0.26605522001725623,0.0,93.7,0.01095513373597929,500,-0.4339447799827437,empirical_mean_fdp_le_alpha
0.0,0.0,0.7,100,minp_block_bh_cap1,91.3,69.4,0.2614394482458998,0.0,91.3,0.01144227218420766,500,-0.43856055175410014,empirical_mean_fdp_le_alpha
0.0,0.0,0.7,100,score_cap1,100.0,72.4,0.276,0.1,100.0,0.01,500,-0.42399999999999993,empirical_mean_fdp_le_alpha
0.0,0.0,0.7,100,weighted_bh,97.9,82.3,0.17035443037974685,0.0,73.4,0.058063291139240504,500,-0.5296455696202531,empirical_mean_fdp_le_alpha
0.0,0.0,0.7,50,bh,50.0,45.3,0.094,0.0,24.1,0.278,500,-0.606,empirical_mean_fdp_le_alpha
0.0,0.0,0.7,50,bh_cap1,50.0,43.3,0.134,0.0,50.0,0.02,500,-0.566,empirical_mean_fdp_le_alpha
0.0,0.0,0.7,50,block_bh,50.0,45.3,0.094,0.0,24.1,0.278,500,-0.606,empirical_mean_fdp_le_alpha
0.0,0.0,0.7,50,block_by_cap1,33.5,32.0,0.05812179487179486,0.0,33.5,0.03197115384615383,500,-0.641878205128205,empirical_mean_fdp_le_alpha
0.0,0.0,0.7,50,by,37.1,35.9,0.03228571428571428,0.0,18.0,0.23552380952380952,500,-0.6677142857142857,empirical_mean_fdp_le_alpha
0.0,0.0,0.7,50,chemdeprc_cap1,50.0,43.2,0.136,0.0,50.0,0.02,500,-0.564,empirical_mean_fdp_le_alpha
0.0,0.0,0.7,50,chemdeprc_scorecap1,50.0,43.2,0.136,0.0,50.0,0.02,500,-0.564,empirical_mean_fdp_le_alpha
0.0,0.0,0.7,50,hier_bh_cap1,50.0,43.2,0.136,0.0,50.0,0.02,500,-0.564,empirical_mean_fdp_le_alpha
0.0,0.0,0.7,50,minp_block_bh_cap1,50.0,42.6,0.148,0.0,50.0,0.02,500,-0.5519999999999999,empirical_mean_fdp_le_alpha
0.0,0.0,0.7,50,score_cap1,50.0,43.3,0.134,0.0,50.0,0.02,500,-0.566,empirical_mean_fdp_le_alpha
0.0,0.0,0.7,50,weighted_bh,50.0,43.8,0.124,0.0,43.7,0.064,500,-0.576,empirical_mean_fdp_le_alpha
0.05,2.0,0.01,100,bh,0.0,0.0,0.0,0.0,0.0,0.0,500,-0.01,empirical_mean_fdp_le_alpha
0.05,2.0,0.01,100,bh_cap1,0.0,0.0,0.0,0.0,0.0,0.0,500,-0.01,empirical_mean_fdp_le_alpha
0.05,2.0,0.01,100,block_bh,0.0,0.0,0.0,0.0,0.0,0.0,500,-0.01,empirical_mean_fdp_le_alpha
0.05,2.0,0.01,100,block_by_cap1,0.0,0.0,0.0,0.0,0.0,0.0,500,-0.01,empirical_mean_fdp_le_alpha
0.05,2.0,0.01,100,by,0.0,0.0,0.0,0.0,0.0,0.0,500,-0.01,empirical_mean_fdp_le_alpha
0.05,2.0,0.01,100,chemdeprc_cap1,0.0,0.0,0.0,0.0,0.0,0.0,500,-0.01,empirical_mean_fdp_le_alpha
0.05,2.0,0.01,100,chemdeprc_scorecap1,0.0,0.0,0.0,0.0,0.0,0.0,500,-0.01,empirical_mean_fdp_le_alpha
0.05,2.0,0.01,100,hier_bh_cap1,0.0,0.0,0.0,0.0,0.0,0.0,500,-0.01,empirical_mean_fdp_le_alpha
0.05,2.0,0.01,100,minp_block_bh_cap1,0.0,0.0,0.0,0.0,0.0,0.0,500,-0.01,empirical_mean_fdp_le_alpha
0.05,2.0,0.01,100,score_cap1,100.0,72.128,0.27871999999999997,1.0,100.0,0.01,500,0.26871999999999996,risk_reducing_not_nominal_control
0.05,2.0,0.01,100,weighted_bh,0.0,0.0,0.0,0.0,0.0,0.0,500,-0.01,empirical_mean_fdp_le_alpha
0.05,2.0,0.01,50,bh,0.0,0.0,0.0,0.0,0.0,0.0,500,-0.01,empirical_mean_fdp_le_alpha
0.05,2.0,0.01,50,bh_cap1,0.0,0.0,0.0,0.0,0.0,0.0,500,-0.01,empirical_mean_fdp_le_alpha
0.05,2.0,0.01,50,block_bh,0.0,0.0,0.0,0.0,0.0,0.0,500,-0.01,empirical_mean_fdp_le_alpha
0.05,2.0,0.01,50,block_by_cap1,0.0,0.0,0.0,0.0,0.0,0.0,500,-0.01,empirical_mean_fdp_le_alpha
0.05,2.0,0.01,50,by,0.0,0.0,0.0,0.0,0.0,0.0,500,-0.01,empirical_mean_fdp_le_alpha
0.05,2.0,0.01,50,chemdeprc_cap1,0.0,0.0,0.0,0.0,0.0,0.0,500,-0.01,empirical_mean_fdp_le_alpha
0.05,2.0,0.01,50,chemdeprc_scorecap1,0.0,0.0,0.0,0.0,0.0,0.0,500,-0.01,empirical_mean_fdp_le_alpha
0.05,2.0,0.01,50,hier_bh_cap1,0.0,0.0,0.0,0.0,0.0,0.0,500,-0.01,empirical_mean_fdp_le_alpha
0.05,2.0,0.01,50,minp_block_bh_cap1,0.0,0.0,0.0,0.0,0.0,0.0,500,-0.01,empirical_mean_fdp_le_alpha
0.05,2.0,0.01,50,score_cap1,50.0,43.044,0.13912,0.702,50.0,0.02,500,0.12911999999999998,risk_reducing_not_nominal_control
0.05,2.0,0.01,50,weighted_bh,0.0,0.0,0.0,0.0,0.0,0.0,500,-0.01,empirical_mean_fdp_le_alpha
0.05,2.0,0.025,100,bh,20.0,19.9,0.001,0.0,5.2,0.1,500,-0.024,empirical_mean_fdp_le_alpha
0.05,2.0,0.025,100,bh_cap1,10.8,10.5,0.004411764705882349,0.1,10.8,0.00397058823529411,500,-0.02058823529411765,empirical_mean_fdp_le_alpha
0.05,2.0,0.025,100,block_bh,10.0,9.9,0.001,0.0,2.3,0.048,500,-0.024,empirical_mean_fdp_le_alpha
0.05,2.0,0.025,100,block_by_cap1,0.0,0.0,0.0,0.0,0.0,0.0,500,-0.025,empirical_mean_fdp_le_alpha
0.05,2.0,0.025,100,by,0.0,0.0,0.0,0.0,0.0,0.0,500,-0.025,empirical_mean_fdp_le_alpha
0.05,2.0,0.025,100,chemdeprc_cap1,3.4,3.4,0.0,0.0,3.4,0.00294117647058823,500,-0.025,empirical_mean_fdp_le_alpha
0.05,2.0,0.025,100,chemdeprc_scorecap1,3.4,3.4,0.0,0.0,3.4,0.00294117647058823,500,-0.025,empirical_mean_fdp_le_alpha
0.05,2.0,0.025,100,hier_bh_cap1,3.4,3.4,0.0,0.0,3.4,0.00294117647058823,500,-0.025,empirical_mean_fdp_le_alpha
0.05,2.0,0.025,100,minp_block_bh_cap1,0.0,0.0,0.0,0.0,0.0,0.0,500,-0.025,empirical_mean_fdp_le_alpha
0.05,2.0,0.025,100,score_cap1,100.0,72.128,0.27871999999999997,1.0,100.0,0.01,500,0.25371999999999995,risk_reducing_not_nominal_control
0.05,2.0,0.025,100,weighted_bh,0.0,0.0,0.0,0.0,0.0,0.0,500,-0.025,empirical_mean_fdp_le_alpha
0.05,2.0,0.025,50,bh,10.0,10.0,0.0,0.0,2.3,0.14,500,-0.025,empirical_mean_fdp_le_alpha
0.05,2.0,0.025,50,bh_cap1,9.0,9.0,0.0,0.0,9.0,0.0045,500,-0.025,empirical_mean_fdp_le_alpha
0.05,2.0,0.025,50,block_bh,5.0,5.0,0.0,0.0,1.1,0.066,500,-0.025,empirical_mean_fdp_le_alpha
0.05,2.0,0.025,50,block_by_cap1,0.0,0.0,0.0,0.0,0.0,0.0,500,-0.025,empirical_mean_fdp_le_alpha
0.05,2.0,0.025,50,by,0.0,0.0,0.0,0.0,0.0,0.0,500,-0.025,empirical_mean_fdp_le_alpha
0.05,2.0,0.025,50,chemdeprc_cap1,3.4,3.4,0.0,0.0,3.4,0.00294117647058823,500,-0.025,empirical_mean_fdp_le_alpha
0.05,2.0,0.025,50,chemdeprc_scorecap1,3.4,3.4,0.0,0.0,3.4,0.00294117647058823,500,-0.025,empirical_mean_fdp_le_alpha
0.05,2.0,0.025,50,hier_bh_cap1,3.4,3.4,0.0,0.0,3.4,0.00294117647058823,500,-0.025,empirical_mean_fdp_le_alpha
0.05,2.0,0.025,50,minp_block_bh_cap1,0.0,0.0,0.0,0.0,0.0,0.0,500,-0.025,empirical_mean_fdp_le_alpha
0.05,2.0,0.025,50,score_cap1,50.0,43.044,0.13912,0.7,50.0,0.02,500,0.11412,risk_reducing_not_nominal_control
0.05,2.0,0.025,50,weighted_bh,0.0,0.0,0.0,0.0,0.0,0.0,500,-0.025,empirical_mean_fdp_le_alpha
0.05,2.0,0.05,100,bh,36.424,35.432,0.015359213984699641,0.052,13.85,0.1413899506629664,500,-0.034640786015300365,empirical_mean_fdp_le_alpha
0.05,2.0,0.05,100,bh_cap1,23.444,22.756,0.013445095068868837,0.038,23.444,0.009998691797998125,500,-0.036554904931131164,empirical_mean_fdp_le_alpha
0.05,2.0,0.05,100,block_bh,31.4,30.77,0.02472857142857142,0.106,11.482,0.1352857142857143,500,-0.025271428571428584,empirical_mean_fdp_le_alpha
0.05,2.0,0.05,100,block_by_cap1,0.0,0.0,0.0,0.0,0.0,0.0,500,-0.05,empirical_mean_fdp_le_alpha
0.05,2.0,0.05,100,by,0.0,0.0,0.0,0.0,0.0,0.0,500,-0.05,empirical_mean_fdp_le_alpha
0.05,2.0,0.05,100,chemdeprc_cap1,18.008,17.3,0.03355409554848913,0.1,18.008,0.014595736211411258,500,-0.016445904451510875,empirical_mean_fdp_le_alpha
0.05,2.0,0.05,100,chemdeprc_scorecap1,18.008,17.3,0.03355409554848913,0.1,18.008,0.014595736211411258,500,-0.016445904451510875,empirical_mean_fdp_le_alpha
0.05,2.0,0.05,100,hier_bh_cap1,18.008,17.3,0.03355409554848913,0.1,18.008,0.014595736211411258,500,-0.016445904451510875,empirical_mean_fdp_le_alpha
0.05,2.0,0.05,100,minp_block_bh_cap1,7.5,7.2,0.006818181818181809,0.1,7.5,0.005498533724340169,500,-0.043181818181818196,empirical_mean_fdp_le_alpha
0.05,2.0,0.05,100,score_cap1,100.0,72.128,0.27871999999999997,0.9,100.0,0.01,500,0.22871999999999998,risk_reducing_not_nominal_control
0.05,2.0,0.05,100,weighted_bh,10.2,9.9,0.006818181818181809,0.1,9.0,0.009169278996865201,500,-0.043181818181818196,empirical_mean_fdp_le_alpha
0.05,2.0,0.05,50,bh,21.424,20.826,0.013599213984699642,0.052,8.65,0.1743899506629664,500,-0.03640078601530036,empirical_mean_fdp_le_alpha
0.05,2.0,0.05,50,bh_cap1,18.562,18.222,0.009805950824774354,0.038,18.562,0.011405875170581047,500,-0.04019404917522565,empirical_mean_fdp_le_alpha
0.05,2.0,0.05,50,block_bh,16.4,15.882,0.025788571428571418,0.106,6.1,0.16816571428571428,500,-0.024211428571428585,empirical_mean_fdp_le_alpha
0.05,2.0,0.05,50,block_by_cap1,0.0,0.0,0.0,0.0,0.0,0.0,500,-0.05,empirical_mean_fdp_le_alpha
0.05,2.0,0.05,50,by,0.0,0.0,0.0,0.0,0.0,0.0,500,-0.05,empirical_mean_fdp_le_alpha
0.05,2.0,0.05,50,chemdeprc_cap1,15.502,15.094,0.029437171717171716,0.1,15.502,0.015362626262626258,500,-0.020562828282828287,empirical_mean_fdp_le_alpha
0.05,2.0,0.05,50,chemdeprc_scorecap1,15.502,15.094,0.029437171717171716,0.1,15.502,0.015362626262626258,500,-0.020562828282828287,empirical_mean_fdp_le_alpha
0.05,2.0,0.05,50,hier_bh_cap1,15.502,15.094,0.029437171717171716,0.1,15.502,0.015362626262626258,500,-0.020562828282828287,empirical_mean_fdp_le_alpha
0.05,2.0,0.05,50,minp_block_bh_cap1,7.5,7.2,0.006818181818181809,0.1,7.5,0.005498533724340169,500,-0.043181818181818196,empirical_mean_fdp_le_alpha
0.05,2.0,0.05,50,score_cap1,50.0,43.044,0.13912,0.6,50.0,0.02,500,0.08911999999999999,risk_reducing_not_nominal_control
0.05,2.0,0.05,50,weighted_bh,9.4,9.1,0.006818181818181809,0.1,8.2,0.01027272727272727,500,-0.043181818181818196,empirical_mean_fdp_le_alpha
0.05,2.0,0.1,100,bh,66.17,62.724,0.0661834100421777,0.194,28.436,0.23223734348587402,500,-0.0338165899578223,empirical_mean_fdp_le_alpha
0.05,2.0,0.1,100,bh_cap1,48.382,44.836,0.08039780578950567,0.422,48.382,0.02149269957979864,500,-0.019602194210494334,empirical_mean_fdp_le_alpha
0.05,2.0,0.1,100,block_bh,59.132,55.83,0.07693925528422556,0.252,26.178,0.2205981394369623,500,-0.023060744715774448,empirical_mean_fdp_le_alpha
0.05,2.0,0.1,100,block_by_cap1,0.0,0.0,0.0,0.0,0.0,0.0,500,-0.1,empirical_mean_fdp_le_alpha
0.05,2.0,0.1,100,by,10.0,9.9,0.001,0.0,2.2,0.047,500,-0.099,empirical_mean_fdp_le_alpha
0.05,2.0,0.1,100,chemdeprc_cap1,42.32,39.774,0.07119828876130856,0.154,42.32,0.03715809191048241,500,-0.02880171123869145,empirical_mean_fdp_le_alpha
0.05,2.0,0.1,100,chemdeprc_scorecap1,42.32,39.774,0.07119828876130856,0.154,42.32,0.03715809191048241,500,-0.02880171123869145,empirical_mean_fdp_le_alpha
0.05,2.0,0.1,100,hier_bh_cap1,42.32,39.774,0.07119828876130856,0.154,42.32,0.03715809191048241,500,-0.02880171123869145,empirical_mean_fdp_le_alpha
0.05,2.0,0.1,100,minp_block_bh_cap1,27.12,25.3,0.05530500211700808,0.3,27.12,0.03444034217715631,500,-0.04469499788299192,empirical_mean_fdp_le_alpha
0.05,2.0,0.1,100,score_cap1,100.0,72.128,0.27871999999999997,0.8,100.0,0.01,500,0.17871999999999996,risk_reducing_not_nominal_control
0.05,2.0,0.1,100,weighted_bh,41.042,38.48,0.05117833079993173,0.204,29.636,0.06065003108270045,500,-0.04882166920006827,empirical_mean_fdp_le_alpha
0.05,2.0,0.1,50,bh,38.21,36.038,0.0608689884971298,0.196,18.492,0.2454054638477989,500,-0.039131011502870204,empirical_mean_fdp_le_alpha
0.05,2.0,0.1,50,bh_cap1,33.864,31.932,0.06432148749375864,0.322,33.864,0.02492373924713891,500,-0.035678512506241364,empirical_mean_fdp_le_alpha
0.05,2.0,0.1,50,block_bh,35.3,32.998,0.0702508546649253,0.244,17.27,0.24583075028405726,500,-0.02974914533507471,empirical_mean_fdp_le_alpha
0.05,2.0,0.1,50,block_by_cap1,0.0,0.0,0.0,0.0,0.0,0.0,500,-0.1,empirical_mean_fdp_le_alpha
0.05,2.0,0.1,50,by,5.0,5.0,0.0,0.0,1.1,0.066,500,-0.1,empirical_mean_fdp_le_alpha
0.05,2.0,0.1,50,chemdeprc_cap1,31.68,30.362,0.05641048183700357,0.146,31.68,0.03992326528543918,500,-0.043589518162996437,empirical_mean_fdp_le_alpha
0.05,2.0,0.1,50,chemdeprc_scorecap1,31.68,30.26,0.05845048183700357,0.154,31.68,0.03992326528543918,500,-0.041549518162996436,empirical_mean_fdp_le_alpha
0.05,2.0,0.1,50,hier_bh_cap1,31.68,30.362,0.05641048183700357,0.146,31.68,0.03992326528543918,500,-0.043589518162996437,empirical_mean_fdp_le_alpha
0.05,2.0,0.1,50,minp_block_bh_cap1,23.512,22.2,0.04945978176412959,0.2,23.512,0.03554659736398865,500,-0.05054021823587042,empirical_mean_fdp_le_alpha
0.05,2.0,0.1,50,score_cap1,50.0,43.044,0.13912,0.428,50.0,0.02,500,0.03911999999999999,risk_reducing_not_nominal_control
0.05,2.0,0.1,50,weighted_bh,24.338,23.112,0.04190698319015455,0.106,21.73,0.05431167071064768,500,-0.05809301680984546,empirical_mean_fdp_le_alpha
0.05,2.0,0.2,100,bh,92.592,86.142,0.09858307369306779,0.1,37.764,0.2539863005005708,500,-0.10141692630693222,empirical_mean_fdp_le_alpha
0.05,2.0,0.2,100,bh_cap1,74.506,64.09,0.1649470353112872,0.296,74.506,0.017447763775181726,500,-0.0350529646887128,empirical_mean_fdp_le_alpha
0.05,2.0,0.2,100,block_bh,89.344,82.32,0.11336121742565958,0.108,36.608,0.2836939215741726,500,-0.08663878257434043,empirical_mean_fdp_le_alpha
0.05,2.0,0.2,100,block_by_cap1,10.6,10.3,0.00461538461538461,0.0,10.6,0.00397748592870543,500,-0.1953846153846154,empirical_mean_fdp_le_alpha
0.05,2.0,0.2,100,by,20.0,19.9,0.001,0.0,5.2,0.1,500,-0.199,empirical_mean_fdp_le_alpha
0.05,2.0,0.2,100,chemdeprc_cap1,66.238,58.872,0.13894116542377297,0.124,66.238,0.021033643218585748,500,-0.061058834576227045,empirical_mean_fdp_le_alpha
0.05,2.0,0.2,100,chemdeprc_scorecap1,66.238,58.972,0.13794116542377297,0.124,66.238,0.021033643218585748,500,-0.062058834576227045,empirical_mean_fdp_le_alpha
0.05,2.0,0.2,100,hier_bh_cap1,66.238,58.872,0.13894116542377297,0.124,66.238,0.021033643218585748,500,-0.061058834576227045,empirical_mean_fdp_le_alpha
0.05,2.0,0.2,100,minp_block_bh_cap1,57.086,51.15,0.13312814941605922,0.2,57.086,0.02487763718719631,500,-0.0668718505839408,empirical_mean_fdp_le_alpha
0.05,2.0,0.2,100,score_cap1,100.0,72.128,0.27871999999999997,0.6,100.0,0.01,500,0.07871999999999996,risk_reducing_not_nominal_control
0.05,2.0,0.2,100,weighted_bh,73.07,66.418,0.11773222136079835,0.13,55.46,0.06973593778736677,500,-0.08226777863920166,empirical_mean_fdp_le_alpha
0.05,2.0,0.2,50,bh,47.622,44.386,0.08586534578282935,0.11,22.402,0.2801176328988878,500,-0.11413465421717066,empirical_mean_fdp_le_alpha
0.05,2.0,0.2,50,bh_cap1,46.062,41.816,0.10976695049011036,0.196,46.062,0.02379265691199145,500,-0.09023304950988965,empirical_mean_fdp_le_alpha
0.05,2.0,0.2,50,block_bh,48.404,44.486,0.09621327714485003,0.108,22.232,0.2964605332646893,500,-0.10378672285514998,empirical_mean_fdp_le_alpha
0.05,2.0,0.2,50,block_by_cap1,9.1,9.1,0.0,0.0,9.1,0.0044390243902439,500,-0.2,empirical_mean_fdp_le_alpha
0.05,2.0,0.2,50,by,10.0,10.0,0.0,0.0,2.3,0.14,500,-0.2,empirical_mean_fdp_le_alpha
0.05,2.0,0.2,50,chemdeprc_cap1,43.832,40.304,0.10381167066602676,0.124,43.832,0.026119719511544816,500,-0.09618832933397325,empirical_mean_fdp_le_alpha
0.05,2.0,0.2,50,chemdeprc_scorecap1,43.832,40.222,0.10545167066602676,0.124,43.832,0.026119719511544816,500,-0.09454832933397325,empirical_mean_fdp_le_alpha
0.05,2.0,0.2,50,hier_bh_cap1,43.832,40.304,0.10381167066602676,0.124,43.832,0.026119719511544816,500,-0.09618832933397325,empirical_mean_fdp_le_alpha
0.05,2.0,0.2,50,minp_block_bh_cap1,42.146,38.526,0.11140835121259825,0.2,42.146,0.02858437241345731,500,-0.08859164878740176,empirical_mean_fdp_le_alpha
0.05,2.0,0.2,50,score_cap1,50.0,43.044,0.13912,0.2,50.0,0.02,500,-0.06088000000000002,empirical_mean_fdp_le_alpha
0.05,2.0,0.2,50,weighted_bh,44.668,41.072,0.09653683248975914,0.112,39.602,0.06549302462344556,500,-0.10346316751024087,empirical_mean_fdp_le_alpha
0.05,2.0,0.7,100,bh,99.934,87.456,0.1252466006162248,0.1,42.29,0.24398530521009407,500,-0.5747533993837751,empirical_mean_fdp_le_alpha
0.05,2.0,0.7,100,bh_cap1,97.378,71.538,0.2738093846425741,0.086,97.378,0.01032453092105613,500,-0.42619061535742586,empirical_mean_fdp_le_alpha
0.05,2.0,0.7,100,block_bh,99.942,87.086,0.12900244259796043,0.1,42.21,0.24511492111736596,500,-0.5709975574020395,empirical_mean_fdp_le_alpha
0.05,2.0,0.7,100,block_by_cap1,46.498,43.106,0.08455916620155696,0.0,46.498,0.028394360377693755,500,-0.6154408337984429,empirical_mean_fdp_le_alpha
0.05,2.0,0.7,100,by,67.694,64.136,0.06439464852419084,0.0,28.818,0.2354698824404638,500,-0.6356053514758091,empirical_mean_fdp_le_alpha
0.05,2.0,0.7,100,chemdeprc_cap1,94.86,70.546,0.27268782366991456,0.02,94.86,0.01071315607357562,500,-0.4273121763300854,empirical_mean_fdp_le_alpha
0.05,2.0,0.7,100,chemdeprc_scorecap1,94.86,70.884,0.26930782366991457,0.02,94.86,0.01071315607357562,500,-0.4306921763300854,empirical_mean_fdp_le_alpha
0.05,2.0,0.7,100,hier_bh_cap1,94.86,70.546,0.27268782366991456,0.02,94.86,0.01071315607357562,500,-0.4273121763300854,empirical_mean_fdp_le_alpha
0.05,2.0,0.7,100,minp_block_bh_cap1,92.06,69.404,0.26562308441120636,0.0,92.06,0.01122939805676897,500,-0.4343769155887936,empirical_mean_fdp_le_alpha
0.05,2.0,0.7,100,score_cap1,100.0,72.128,0.27871999999999997,0.1,100.0,0.01,500,-0.42128,empirical_mean_fdp_le_alpha
0.05,2.0,0.7,100,weighted_bh,99.116,81.74,0.17998153835886932,0.07,73.896,0.06027612003301659,500,-0.5200184616411306,empirical_mean_fdp_le_alpha
0.05,2.0,0.7,50,bh,50.0,44.654,0.10692,0.0,23.912,0.27272,500,-0.5930799999999999,empirical_mean_fdp_le_alpha
0.05,2.0,0.7,50,bh_cap1,50.0,43.044,0.13912,0.0,50.0,0.02,500,-0.5608799999999999,empirical_mean_fdp_le_alpha
0.05,2.0,0.7,50,block_bh,50.0,44.654,0.10692,0.0,23.812,0.27328,500,-0.5930799999999999,empirical_mean_fdp_le_alpha
0.05,2.0,0.7,50,block_by_cap1,33.638,31.996,0.06369863910599204,0.0,33.638,0.031581339983545856,500,-0.6363013608940079,empirical_mean_fdp_le_alpha
0.05,2.0,0.7,50,by,38.906,36.672,0.05938928953399541,0.0,18.69,0.24614078431372546,500,-0.6406107104660046,empirical_mean_fdp_le_alpha
0.05,2.0,0.7,50,chemdeprc_cap1,50.0,43.096,0.13808,0.0,50.0,0.02,500,-0.56192,empirical_mean_fdp_le_alpha
0.05,2.0,0.7,50,chemdeprc_scorecap1,50.0,42.978,0.14044,0.0,50.0,0.02,500,-0.55956,empirical_mean_fdp_le_alpha
0.05,2.0,0.7,50,hier_bh_cap1,50.0,43.096,0.13808,0.0,50.0,0.02,500,-0.56192,empirical_mean_fdp_le_alpha
0.05,2.0,0.7,50,minp_block_bh_cap1,50.0,42.45,0.151,0.0,50.0,0.02,500,-0.5489999999999999,empirical_mean_fdp_le_alpha
0.05,2.0,0.7,50,score_cap1,50.0,43.044,0.13912,0.0,50.0,0.02,500,-0.5608799999999999,empirical_mean_fdp_le_alpha
0.05,2.0,0.7,50,weighted_bh,50.0,43.532,0.12936,0.0,43.352,0.0682,500,-0.5706399999999999,empirical_mean_fdp_le_alpha
0.05,4.0,0.01,100,bh,0.0,0.0,0.0,0.0,0.0,0.0,500,-0.01,empirical_mean_fdp_le_alpha
0.05,4.0,0.01,100,bh_cap1,0.0,0.0,0.0,0.0,0.0,0.0,500,-0.01,empirical_mean_fdp_le_alpha
0.05,4.0,0.01,100,block_bh,0.0,0.0,0.0,0.0,0.0,0.0,500,-0.01,empirical_mean_fdp_le_alpha
0.05,4.0,0.01,100,block_by_cap1,0.0,0.0,0.0,0.0,0.0,0.0,500,-0.01,empirical_mean_fdp_le_alpha
0.05,4.0,0.01,100,by,0.0,0.0,0.0,0.0,0.0,0.0,500,-0.01,empirical_mean_fdp_le_alpha
0.05,4.0,0.01,100,chemdeprc_cap1,0.0,0.0,0.0,0.0,0.0,0.0,500,-0.01,empirical_mean_fdp_le_alpha
0.05,4.0,0.01,100,chemdeprc_scorecap1,0.0,0.0,0.0,0.0,0.0,0.0,500,-0.01,empirical_mean_fdp_le_alpha
0.05,4.0,0.01,100,hier_bh_cap1,0.0,0.0,0.0,0.0,0.0,0.0,500,-0.01,empirical_mean_fdp_le_alpha
0.05,4.0,0.01,100,minp_block_bh_cap1,0.0,0.0,0.0,0.0,0.0,0.0,500,-0.01,empirical_mean_fdp_le_alpha
0.05,4.0,0.01,100,score_cap1,100.0,72.01,0.2799,1.0,100.0,0.01,500,0.2699,risk_reducing_not_nominal_control
0.05,4.0,0.01,100,weighted_bh,0.0,0.0,0.0,0.0,0.0,0.0,500,-0.01,empirical_mean_fdp_le_alpha
0.05,4.0,0.01,50,bh,0.0,0.0,0.0,0.0,0.0,0.0,500,-0.01,empirical_mean_fdp_le_alpha
0.05,4.0,0.01,50,bh_cap1,0.0,0.0,0.0,0.0,0.0,0.0,500,-0.01,empirical_mean_fdp_le_alpha
0.05,4.0,0.01,50,block_bh,0.0,0.0,0.0,0.0,0.0,0.0,500,-0.01,empirical_mean_fdp_le_alpha
0.05,4.0,0.01,50,block_by_cap1,0.0,0.0,0.0,0.0,0.0,0.0,500,-0.01,empirical_mean_fdp_le_alpha
0.05,4.0,0.01,50,by,0.0,0.0,0.0,0.0,0.0,0.0,500,-0.01,empirical_mean_fdp_le_alpha
0.05,4.0,0.01,50,chemdeprc_cap1,0.0,0.0,0.0,0.0,0.0,0.0,500,-0.01,empirical_mean_fdp_le_alpha
0.05,4.0,0.01,50,chemdeprc_scorecap1,0.0,0.0,0.0,0.0,0.0,0.0,500,-0.01,empirical_mean_fdp_le_alpha
0.05,4.0,0.01,50,hier_bh_cap1,0.0,0.0,0.0,0.0,0.0,0.0,500,-0.01,empirical_mean_fdp_le_alpha
0.05,4.0,0.01,50,minp_block_bh_cap1,0.0,0.0,0.0,0.0,0.0,0.0,500,-0.01,empirical_mean_fdp_le_alpha
0.05,4.0,0.01,50,score_cap1,50.0,42.652,0.14696,0.744,50.0,0.02,500,0.13696,risk_reducing_not_nominal_control
0.05,4.0,0.01,50,weighted_bh,0.0,0.0,0.0,0.0,0.0,0.0,500,-0.01,empirical_mean_fdp_le_alpha
0.05,4.0,0.025,100,bh,20.0,19.896,0.0010400000000000001,0.002,5.202,0.09998,500,-0.023960000000000002,empirical_mean_fdp_le_alpha
0.05,4.0,0.025,100,bh_cap1,10.882,10.516,0.005359562375674905,0.1,10.882,0.0039462631429383315,500,-0.019640437624325095,empirical_mean_fdp_le_alpha
0.05,4.0,0.025,100,block_bh,10.0,9.896,0.0010400000000000001,0.002,2.3,0.047979999999999995,500,-0.023960000000000002,empirical_mean_fdp_le_alpha
0.05,4.0,0.025,100,block_by_cap1,0.0,0.0,0.0,0.0,0.0,0.0,500,-0.025,empirical_mean_fdp_le_alpha
0.05,4.0,0.025,100,by,0.0,0.0,0.0,0.0,0.0,0.0,500,-0.025,empirical_mean_fdp_le_alpha
0.05,4.0,0.025,100,chemdeprc_cap1,3.402,3.4,5.7142857142857e-05,0.002,3.402,0.0029394957983193224,500,-0.024942857142857145,empirical_mean_fdp_le_alpha
0.05,4.0,0.025,100,chemdeprc_scorecap1,3.402,3.4,5.7142857142857e-05,0.002,3.402,0.0029394957983193224,500,-0.024942857142857145,empirical_mean_fdp_le_alpha
0.05,4.0,0.025,100,hier_bh_cap1,3.402,3.4,5.7142857142857e-05,0.002,3.402,0.0029394957983193224,500,-0.024942857142857145,empirical_mean_fdp_le_alpha
0.05,4.0,0.025,100,minp_block_bh_cap1,0.0,0.0,0.0,0.0,0.0,0.0,500,-0.025,empirical_mean_fdp_le_alpha
0.05,4.0,0.025,100,score_cap1,100.0,72.01,0.2799,1.0,100.0,0.01,500,0.25489999999999996,risk_reducing_not_nominal_control
0.05,4.0,0.025,100,weighted_bh,0.0,0.0,0.0,0.0,0.0,0.0,500,-0.025,empirical_mean_fdp_le_alpha
0.05,4.0,0.025,50,bh,10.0,9.996,8e-05,0.002,2.302,0.13996,500,-0.02492,empirical_mean_fdp_le_alpha
0.05,4.0,0.025,50,bh_cap1,9.02,9.016,8.88888888888888e-05,0.0,9.02,0.004488888888888889,500,-0.024911111111111113,empirical_mean_fdp_le_alpha
0.05,4.0,0.025,50,block_bh,5.0,4.996,8e-05,0.002,1.102,0.06596,500,-0.02492,empirical_mean_fdp_le_alpha
0.05,4.0,0.025,50,block_by_cap1,0.0,0.0,0.0,0.0,0.0,0.0,500,-0.025,empirical_mean_fdp_le_alpha
0.05,4.0,0.025,50,by,0.0,0.0,0.0,0.0,0.0,0.0,500,-0.025,empirical_mean_fdp_le_alpha
0.05,4.0,0.025,50,chemdeprc_cap1,3.402,3.4,5.7142857142857e-05,0.002,3.402,0.0029394957983193224,500,-0.024942857142857145,empirical_mean_fdp_le_alpha
0.05,4.0,0.025,50,chemdeprc_scorecap1,3.402,3.4,5.7142857142857e-05,0.002,3.402,0.0029394957983193224,500,-0.024942857142857145,empirical_mean_fdp_le_alpha
0.05,4.0,0.025,50,hier_bh_cap1,3.402,3.4,5.7142857142857e-05,0.002,3.402,0.0029394957983193224,500,-0.024942857142857145,empirical_mean_fdp_le_alpha
0.05,4.0,0.025,50,minp_block_bh_cap1,0.0,0.0,0.0,0.0,0.0,0.0,500,-0.025,empirical_mean_fdp_le_alpha
0.05,4.0,0.025,50,score_cap1,50.0,42.652,0.14696,0.7,50.0,0.02,500,0.12196000000000001,risk_reducing_not_nominal_control
0.05,4.0,0.025,50,weighted_bh,0.0,0.0,0.0,0.0,0.0,0.0,500,-0.025,empirical_mean_fdp_le_alpha
0.05,4.0,0.05,100,bh,42.31,38.828,0.07515331468614442,0.242,16.834,0.18037032627933208,500,0.025153314686144415,risk_reducing_not_nominal_control
0.05,4.0,0.05,100,bh_cap1,26.704,25.17,0.04943643625924978,0.244,26.704,0.017052162116921496,500,-0.0005635637407502211,empirical_mean_fdp_le_alpha
0.05,4.0,0.05,100,block_bh,31.732,30.862,0.03330953805453805,0.11,11.604,0.14044876271876272,500,-0.016690461945461955,empirical_mean_fdp_le_alpha
0.05,4.0,0.05,100,block_by_cap1,0.0,0.0,0.0,0.0,0.0,0.0,500,-0.05,empirical_mean_fdp_le_alpha
0.05,4.0,0.05,100,by,0.0,0.0,0.0,0.0,0.0,0.0,500,-0.05,empirical_mean_fdp_le_alpha
0.05,4.0,0.05,100,chemdeprc_cap1,18.168,17.376,0.03684305196456225,0.134,18.168,0.014468878388329175,500,-0.013156948035437752,empirical_mean_fdp_le_alpha
0.05,4.0,0.05,100,chemdeprc_scorecap1,18.168,17.376,0.03684305196456225,0.134,18.168,0.014468878388329175,500,-0.013156948035437752,empirical_mean_fdp_le_alpha
0.05,4.0,0.05,100,hier_bh_cap1,18.168,17.376,0.03684305196456225,0.134,18.168,0.014468878388329175,500,-0.013156948035437752,empirical_mean_fdp_le_alpha
0.05,4.0,0.05,100,minp_block_bh_cap1,7.502,7.2,0.006880681818181809,0.1,7.502,0.005496517595307912,500,-0.043119318181818196,empirical_mean_fdp_le_alpha
0.05,4.0,0.05,100,score_cap1,100.0,72.01,0.2799,0.9,100.0,0.01,500,0.2299,risk_reducing_not_nominal_control
0.05,4.0,0.05,100,weighted_bh,10.478,10.152,0.0069447308909995386,0.1,9.16,0.009248278981269198,500,-0.04305526910900046,empirical_mean_fdp_le_alpha
0.05,4.0,0.05,50,bh,27.154,24.226,0.07398652512052314,0.234,11.646,0.21357251416554593,500,0.02398652512052314,risk_reducing_not_nominal_control
0.05,4.0,0.05,50,bh_cap1,21.67,20.596,0.04442222730916442,0.218,21.67,0.018493681707069123,500,-0.005577772690835585,empirical_mean_fdp_le_alpha
0.05,4.0,0.05,50,block_bh,16.732,15.964,0.03464953805453805,0.112,6.214,0.17326876271876274,500,-0.015350461945461955,empirical_mean_fdp_le_alpha
0.05,4.0,0.05,50,block_by_cap1,0.0,0.0,0.0,0.0,0.0,0.0,500,-0.05,empirical_mean_fdp_le_alpha
0.05,4.0,0.05,50,by,0.0,0.0,0.0,0.0,0.0,0.0,500,-0.05,empirical_mean_fdp_le_alpha
0.05,4.0,0.05,50,chemdeprc_cap1,15.626,15.168,0.03226707070707071,0.1,15.626,0.01524343434343434,500,-0.017732929292929293,empirical_mean_fdp_le_alpha
0.05,4.0,0.05,50,chemdeprc_scorecap1,15.626,15.168,0.03226707070707071,0.1,15.626,0.01524343434343434,500,-0.017732929292929293,empirical_mean_fdp_le_alpha
0.05,4.0,0.05,50,hier_bh_cap1,15.626,15.168,0.03226707070707071,0.1,15.626,0.01524343434343434,500,-0.017732929292929293,empirical_mean_fdp_le_alpha
0.05,4.0,0.05,50,minp_block_bh_cap1,7.502,7.2,0.006880681818181809,0.1,7.502,0.005496517595307912,500,-0.043119318181818196,empirical_mean_fdp_le_alpha
0.05,4.0,0.05,50,score_cap1,50.0,42.652,0.14696,0.636,50.0,0.02,500,0.09696,risk_reducing_not_nominal_control
0.05,4.0,0.05,50,weighted_bh,9.472,9.164,0.006879999999999992,0.1,8.236,0.010479999999999998,500,-0.04312000000000001,empirical_mean_fdp_le_alpha
0.05,4.0,0.1,100,bh,76.006,66.686,0.14361092418895613,0.406,30.702,0.2572901893009066,500,0.043610924188956124,risk_reducing_not_nominal_control
0.05,4.0,0.1,100,bh_cap1,51.176,46.12,0.12642463872021154,0.57,51.176,0.02171369622925403,500,0.02642463872021153,risk_reducing_not_nominal_control
0.05,4.0,0.1,100,block_bh,62.304,56.276,0.13948566304243779,0.4,27.05,0.2380079975282821,500,0.03948566304243778,risk_reducing_not_nominal_control
0.05,4.0,0.1,100,block_by_cap1,0.0,0.0,0.0,0.0,0.0,0.0,500,-0.1,empirical_mean_fdp_le_alpha
0.05,4.0,0.1,100,by,10.0,9.896,0.0010400000000000001,0.0,2.202,0.046979999999999994,500,-0.09896,empirical_mean_fdp_le_alpha
0.05,4.0,0.1,100,chemdeprc_cap1,43.524,40.32,0.10074367590053752,0.392,43.524,0.030565824932391582,500,0.0007436759005375188,risk_reducing_not_nominal_control
0.05,4.0,0.1,100,chemdeprc_scorecap1,43.524,40.32,0.10074367590053752,0.392,43.524,0.030565824932391582,500,0.0007436759005375188,risk_reducing_not_nominal_control
0.05,4.0,0.1,100,hier_bh_cap1,43.524,40.32,0.10074367590053752,0.392,43.524,0.030565824932391582,500,0.0007436759005375188,risk_reducing_not_nominal_control
0.05,4.0,0.1,100,minp_block_bh_cap1,27.286,25.33,0.06060308149941888,0.31,27.286,0.03358760265222647,500,-0.03939691850058113,empirical_mean_fdp_le_alpha
0.05,4.0,0.1,100,score_cap1,100.0,72.01,0.2799,0.8,100.0,0.01,500,0.17989999999999998,risk_reducing_not_nominal_control
0.05,4.0,0.1,100,weighted_bh,41.41,38.496,0.06286222881950888,0.26,29.906,0.06075365310961654,500,-0.03713777118049112,empirical_mean_fdp_le_alpha
0.05,4.0,0.1,50,bh,43.57,36.828,0.14965551072544248,0.386,20.112,0.2739637728927561,500,0.04965551072544247,risk_reducing_not_nominal_control
0.05,4.0,0.1,50,bh_cap1,36.282,33.114,0.10771129468289589,0.47,36.282,0.025227231865417706,500,0.007711294682895886,risk_reducing_not_nominal_control
0.05,4.0,0.1,50,block_bh,37.876,33.262,0.13241388087293307,0.388,18.082,0.264671353259568,500,0.032413880872933065,risk_reducing_not_nominal_control
0.05,4.0,0.1,50,block_by_cap1,0.0,0.0,0.0,0.0,0.0,0.0,500,-0.1,empirical_mean_fdp_le_alpha
0.05,4.0,0.1,50,by,5.0,4.996,8e-05,0.0,1.102,0.06596,500,-0.09992000000000001,empirical_mean_fdp_le_alpha
0.05,4.0,0.1,50,chemdeprc_cap1,32.604,30.706,0.08542382310369605,0.33,32.604,0.03338480954617069,500,-0.014576176896303958,empirical_mean_fdp_le_alpha
0.05,4.0,0.1,50,chemdeprc_scorecap1,32.604,30.57,0.08814382310369605,0.33,32.604,0.03338480954617069,500,-0.011856176896303958,empirical_mean_fdp_le_alpha
0.05,4.0,0.1,50,hier_bh_cap1,32.604,30.706,0.08542382310369605,0.33,32.604,0.03338480954617069,500,-0.014576176896303958,empirical_mean_fdp_le_alpha
0.05,4.0,0.1,50,minp_block_bh_cap1,23.634,22.228,0.054200146616668346,0.21,23.634,0.03470366782975477,500,-0.04579985338333166,empirical_mean_fdp_le_alpha
0.05,4.0,0.1,50,score_cap1,50.0,42.652,0.14696,0.506,50.0,0.02,500,0.04696,risk_reducing_not_nominal_control
0.05,4.0,0.1,50,weighted_bh,24.658,23.204,0.05259672619016383,0.164,21.972,0.05446733977312037,500,-0.04740327380983617,empirical_mean_fdp_le_alpha
0.05,4.0,0.2,100,bh,94.856,82.732,0.15641622530119548,0.162,37.366,0.2654252611370735,500,-0.043583774698804534,empirical_mean_fdp_le_alpha
0.05,4.0,0.2,100,bh_cap1,75.902,64.308,0.18479255913794979,0.3,75.902,0.015896271434827948,500,-0.015207440862050225,empirical_mean_fdp_le_alpha
0.05,4.0,0.2,100,block_bh,93.656,81.072,0.1633774107044365,0.176,36.75,0.27828492018275064,500,-0.0366225892955635,empirical_mean_fdp_le_alpha
0.05,4.0,0.2,100,block_by_cap1,10.632,10.3,0.005115284715284711,0.0,10.632,0.0039686362418069636,500,-0.1948847152847153,empirical_mean_fdp_le_alpha
0.05,4.0,0.2,100,by,20.0,19.896,0.0010400000000000001,0.0,5.202,0.09998,500,-0.19896,empirical_mean_fdp_le_alpha
0.05,4.0,0.2,100,chemdeprc_cap1,67.568,59.108,0.16044595533117664,0.2,67.568,0.01981776389547064,500,-0.03955404466882337,empirical_mean_fdp_le_alpha
0.05,4.0,0.2,100,chemdeprc_scorecap1,67.568,59.208,0.15944595533117664,0.2,67.568,0.01981776389547064,500,-0.04055404466882337,empirical_mean_fdp_le_alpha
0.05,4.0,0.2,100,hier_bh_cap1,67.568,59.108,0.16044595533117664,0.2,67.568,0.01981776389547064,500,-0.03955404466882337,empirical_mean_fdp_le_alpha
0.05,4.0,0.2,100,minp_block_bh_cap1,58.212,51.53,0.14627537049422645,0.2,58.212,0.023463798367199393,500,-0.05372462950577356,empirical_mean_fdp_le_alpha
0.05,4.0,0.2,100,score_cap1,100.0,72.01,0.2799,0.6,100.0,0.01,500,0.07989999999999997,risk_reducing_not_nominal_control
0.05,4.0,0.2,100,weighted_bh,77.024,67.22,0.1632540713374189,0.3,57.168,0.0782554315935179,500,-0.03674592866258111,empirical_mean_fdp_le_alpha
0.05,4.0,0.2,50,bh,49.468,41.62,0.16360637037340542,0.224,22.318,0.2954887614918494,500,-0.03639362962659459,empirical_mean_fdp_le_alpha
0.05,4.0,0.2,50,bh_cap1,46.96,41.77,0.12976146381868603,0.2,46.96,0.02233118530703066,500,-0.07023853618131398,empirical_mean_fdp_le_alpha
0.05,4.0,0.2,50,block_bh,49.73,41.636,0.16539854459188494,0.228,22.16,0.2994581881871976,500,-0.03460145540811507,empirical_mean_fdp_le_alpha
0.05,4.0,0.2,50,block_by_cap1,9.104,9.1,9.52380952380952e-05,0.0,9.104,0.004436701509872239,500,-0.19990476190476192,empirical_mean_fdp_le_alpha
0.05,4.0,0.2,50,by,10.0,9.996,8e-05,0.0,2.302,0.13996,500,-0.19992000000000001,empirical_mean_fdp_le_alpha
0.05,4.0,0.2,50,chemdeprc_cap1,44.388,40.114,0.12344638570187134,0.2,44.388,0.02509504899664011,500,-0.07655361429812867,empirical_mean_fdp_le_alpha
0.05,4.0,0.2,50,chemdeprc_scorecap1,44.388,40.004,0.12564638570187137,0.2,44.388,0.02509504899664011,500,-0.07435361429812865,empirical_mean_fdp_le_alpha
0.05,4.0,0.2,50,hier_bh_cap1,44.388,40.114,0.12344638570187134,0.2,44.388,0.02509504899664011,500,-0.07655361429812867,empirical_mean_fdp_le_alpha
0.05,4.0,0.2,50,minp_block_bh_cap1,42.908,38.784,0.12232338471448433,0.2,42.908,0.027235722496960865,500,-0.07767661528551568,empirical_mean_fdp_le_alpha
0.05,4.0,0.2,50,score_cap1,50.0,42.652,0.14696,0.2,50.0,0.02,500,-0.053040000000000004,empirical_mean_fdp_le_alpha
0.05,4.0,0.2,50,weighted_bh,46.41,40.954,0.13356345200663106,0.208,40.07,0.07468208828033265,500,-0.06643654799336896,empirical_mean_fdp_le_alpha
0.05,4.0,0.7,100,bh,100.0,83.742,0.16258,0.1,40.778,0.25418,500,-0.53742,empirical_mean_fdp_le_alpha
0.05,4.0,0.7,100,bh_cap1,97.794,71.486,0.2756538578842845,0.098,97.794,0.010259878599812063,500,-0.4243461421157155,empirical_mean_fdp_le_alpha
0.05,4.0,0.7,100,block_bh,100.0,83.494,0.16506,0.1,40.858,0.2544,500,-0.53494,empirical_mean_fdp_le_alpha
0.05,4.0,0.7,100,block_by_cap1,47.442,43.188,0.11782763152971948,0.0,47.442,0.02536078404074147,500,-0.5821723684702804,empirical_mean_fdp_le_alpha
0.05,4.0,0.7,100,by,77.674,68.242,0.1410344608831277,0.032,31.056,0.2598138937901706,500,-0.5589655391168722,empirical_mean_fdp_le_alpha
0.05,4.0,0.7,100,chemdeprc_cap1,95.284,70.434,0.27539326281572485,0.054,95.284,0.010628738918868326,500,-0.4246067371842751,empirical_mean_fdp_le_alpha
0.05,4.0,0.7,100,chemdeprc_scorecap1,95.284,70.822,0.27151326281572485,0.054,95.284,0.010628738918868326,500,-0.4284867371842751,empirical_mean_fdp_le_alpha
0.05,4.0,0.7,100,hier_bh_cap1,95.284,70.434,0.27539326281572485,0.054,95.284,0.010628738918868326,500,-0.4246067371842751,empirical_mean_fdp_le_alpha
0.05,4.0,0.7,100,minp_block_bh_cap1,92.744,69.29,0.2705879652728907,0.0,92.744,0.011069211511637419,500,-0.42941203472710926,empirical_mean_fdp_le_alpha
0.05,4.0,0.7,100,score_cap1,100.0,72.01,0.2799,0.1,100.0,0.01,500,-0.4201,empirical_mean_fdp_le_alpha
0.05,4.0,0.7,100,weighted_bh,99.99,79.496,0.20501443507237324,0.1,72.694,0.07020550452983443,500,-0.4949855649276267,empirical_mean_fdp_le_alpha
0.05,4.0,0.7,50,bh,50.0,41.676,0.16648,0.066,22.694,0.29384000000000005,500,-0.53352,empirical_mean_fdp_le_alpha
0.05,4.0,0.7,50,bh_cap1,50.0,42.652,0.14696,0.0,50.0,0.02,500,-0.55304,empirical_mean_fdp_le_alpha
0.05,4.0,0.7,50,block_bh,50.0,41.676,0.16648,0.066,22.686,0.29384000000000005,500,-0.53352,empirical_mean_fdp_le_alpha
0.05,4.0,0.7,50,block_by_cap1,34.406,32.006,0.09618605612854064,0.0,34.406,0.02858363375816935,500,-0.6038139438714594,empirical_mean_fdp_le_alpha
0.05,4.0,0.7,50,by,43.896,37.114,0.14902357299150062,0.032,20.174,0.27444317781017913,500,-0.5509764270084994,empirical_mean_fdp_le_alpha
0.05,4.0,0.7,50,chemdeprc_cap1,50.0,42.742,0.14515999999999998,0.0,50.0,0.02,500,-0.55484,empirical_mean_fdp_le_alpha
0.05,4.0,0.7,50,chemdeprc_scorecap1,50.0,42.63,0.1474,0.0,50.0,0.02,500,-0.5526,empirical_mean_fdp_le_alpha
0.05,4.0,0.7,50,hier_bh_cap1,50.0,42.742,0.14515999999999998,0.0,50.0,0.02,500,-0.55484,empirical_mean_fdp_le_alpha
0.05,4.0,0.7,50,minp_block_bh_cap1,50.0,42.068,0.15864,0.0,50.0,0.02,500,-0.54136,empirical_mean_fdp_le_alpha
0.05,4.0,0.7,50,score_cap1,50.0,42.652,0.14696,0.0,50.0,0.02,500,-0.55304,empirical_mean_fdp_le_alpha
0.05,4.0,0.7,50,weighted_bh,50.0,42.554,0.14892,0.0,42.28,0.07443999999999999,500,-0.55108,empirical_mean_fdp_le_alpha
0.05,6.0,0.01,100,bh,0.0,0.0,0.0,0.0,0.0,0.0,500,-0.01,empirical_mean_fdp_le_alpha
0.05,6.0,0.01,100,bh_cap1,0.0,0.0,0.0,0.0,0.0,0.0,500,-0.01,empirical_mean_fdp_le_alpha
0.05,6.0,0.01,100,block_bh,0.0,0.0,0.0,0.0,0.0,0.0,500,-0.01,empirical_mean_fdp_le_alpha
0.05,6.0,0.01,100,block_by_cap1,0.0,0.0,0.0,0.0,0.0,0.0,500,-0.01,empirical_mean_fdp_le_alpha
0.05,6.0,0.01,100,by,0.0,0.0,0.0,0.0,0.0,0.0,500,-0.01,empirical_mean_fdp_le_alpha
0.05,6.0,0.01,100,chemdeprc_cap1,0.0,0.0,0.0,0.0,0.0,0.0,500,-0.01,empirical_mean_fdp_le_alpha
0.05,6.0,0.01,100,chemdeprc_scorecap1,0.0,0.0,0.0,0.0,0.0,0.0,500,-0.01,empirical_mean_fdp_le_alpha
0.05,6.0,0.01,100,hier_bh_cap1,0.0,0.0,0.0,0.0,0.0,0.0,500,-0.01,empirical_mean_fdp_le_alpha
0.05,6.0,0.01,100,minp_block_bh_cap1,0.0,0.0,0.0,0.0,0.0,0.0,500,-0.01,empirical_mean_fdp_le_alpha
0.05,6.0,0.01,100,score_cap1,100.0,71.964,0.28036,1.0,100.0,0.01,500,0.27036,risk_reducing_not_nominal_control
0.05,6.0,0.01,100,weighted_bh,0.0,0.0,0.0,0.0,0.0,0.0,500,-0.01,empirical_mean_fdp_le_alpha
0.05,6.0,0.01,50,bh,0.0,0.0,0.0,0.0,0.0,0.0,500,-0.01,empirical_mean_fdp_le_alpha
0.05,6.0,0.01,50,bh_cap1,0.0,0.0,0.0,0.0,0.0,0.0,500,-0.01,empirical_mean_fdp_le_alpha
0.05,6.0,0.01,50,block_bh,0.0,0.0,0.0,0.0,0.0,0.0,500,-0.01,empirical_mean_fdp_le_alpha
0.05,6.0,0.01,50,block_by_cap1,0.0,0.0,0.0,0.0,0.0,0.0,500,-0.01,empirical_mean_fdp_le_alpha
0.05,6.0,0.01,50,by,0.0,0.0,0.0,0.0,0.0,0.0,500,-0.01,empirical_mean_fdp_le_alpha
0.05,6.0,0.01,50,chemdeprc_cap1,0.0,0.0,0.0,0.0,0.0,0.0,500,-0.01,empirical_mean_fdp_le_alpha
0.05,6.0,0.01,50,chemdeprc_scorecap1,0.0,0.0,0.0,0.0,0.0,0.0,500,-0.01,empirical_mean_fdp_le_alpha
0.05,6.0,0.01,50,hier_bh_cap1,0.0,0.0,0.0,0.0,0.0,0.0,500,-0.01,empirical_mean_fdp_le_alpha
0.05,6.0,0.01,50,minp_block_bh_cap1,0.0,0.0,0.0,0.0,0.0,0.0,500,-0.01,empirical_mean_fdp_le_alpha
0.05,6.0,0.01,50,score_cap1,50.0,42.3,0.154,0.92,50.0,0.02,500,0.144,risk_reducing_not_nominal_control
0.05,6.0,0.01,50,weighted_bh,0.0,0.0,0.0,0.0,0.0,0.0,500,-0.01,empirical_mean_fdp_le_alpha
0.05,6.0,0.025,100,bh,22.48,20.576,0.03272535792765145,0.052,5.988,0.12250253812296973,500,0.007725357927651451,risk_reducing_not_nominal_control
0.05,6.0,0.025,100,bh_cap1,12.1,11.396,0.020534475186649095,0.144,12.1,0.006355841018884492,500,-0.004465524813350906,empirical_mean_fdp_le_alpha
0.05,6.0,0.025,100,block_bh,10.0,9.884,0.00116,0.006,2.296,0.047939999999999997,500,-0.02384,empirical_mean_fdp_le_alpha
0.05,6.0,0.025,100,block_by_cap1,0.0,0.0,0.0,0.0,0.0,0.0,500,-0.025,empirical_mean_fdp_le_alpha
0.05,6.0,0.025,100,by,0.0,0.0,0.0,0.0,0.0,0.0,500,-0.025,empirical_mean_fdp_le_alpha
0.05,6.0,0.025,100,chemdeprc_cap1,3.408,3.4,0.000228571428571428,0.008,3.408,0.0029344537815125995,500,-0.024771428571428573,empirical_mean_fdp_le_alpha
0.05,6.0,0.025,100,chemdeprc_scorecap1,3.408,3.4,0.000228571428571428,0.008,3.408,0.0029344537815125995,500,-0.024771428571428573,empirical_mean_fdp_le_alpha
0.05,6.0,0.025,100,hier_bh_cap1,3.408,3.4,0.000228571428571428,0.008,3.408,0.0029344537815125995,500,-0.024771428571428573,empirical_mean_fdp_le_alpha
0.05,6.0,0.025,100,minp_block_bh_cap1,0.0,0.0,0.0,0.0,0.0,0.0,500,-0.025,empirical_mean_fdp_le_alpha
0.05,6.0,0.025,100,score_cap1,100.0,71.964,0.28036,1.0,100.0,0.01,500,0.25536,risk_reducing_not_nominal_control
0.05,6.0,0.025,100,weighted_bh,0.0,0.0,0.0,0.0,0.0,0.0,500,-0.025,empirical_mean_fdp_le_alpha
0.05,6.0,0.025,50,bh,12.19,10.424,0.03548888888888889,0.052,2.888,0.1658,500,0.010488888888888888,risk_reducing_not_nominal_control
0.05,6.0,0.025,50,bh_cap1,10.2,9.864,0.015377373737373736,0.044,10.2,0.0069065656565656525,500,-0.009622626262626265,empirical_mean_fdp_le_alpha
0.05,6.0,0.025,50,block_bh,5.0,4.984,0.00032,0.006,1.106,0.06588000000000001,500,-0.02468,empirical_mean_fdp_le_alpha
0.05,6.0,0.025,50,block_by_cap1,0.0,0.0,0.0,0.0,0.0,0.0,500,-0.025,empirical_mean_fdp_le_alpha
0.05,6.0,0.025,50,by,0.0,0.0,0.0,0.0,0.0,0.0,500,-0.025,empirical_mean_fdp_le_alpha
0.05,6.0,0.025,50,chemdeprc_cap1,3.408,3.4,0.000228571428571428,0.008,3.408,0.0029344537815125995,500,-0.024771428571428573,empirical_mean_fdp_le_alpha
0.05,6.0,0.025,50,chemdeprc_scorecap1,3.408,3.4,0.000228571428571428,0.008,3.408,0.0029344537815125995,500,-0.024771428571428573,empirical_mean_fdp_le_alpha
0.05,6.0,0.025,50,hier_bh_cap1,3.408,3.4,0.000228571428571428,0.008,3.408,0.0029344537815125995,500,-0.024771428571428573,empirical_mean_fdp_le_alpha
0.05,6.0,0.025,50,minp_block_bh_cap1,0.0,0.0,0.0,0.0,0.0,0.0,500,-0.025,empirical_mean_fdp_le_alpha
0.05,6.0,0.025,50,score_cap1,50.0,42.3,0.154,0.7,50.0,0.02,500,0.129,risk_reducing_not_nominal_control
0.05,6.0,0.025,50,weighted_bh,0.0,0.0,0.0,0.0,0.0,0.0,500,-0.025,empirical_mean_fdp_le_alpha
0.05,6.0,0.05,100,bh,48.008,40.11,0.155345788510513,0.42,18.542,0.21925304902913506,500,0.105345788510513,risk_reducing_not_nominal_control
0.05,6.0,0.05,100,bh_cap1,28.86,26.46,0.08726007862026997,0.396,28.86,0.0222624652696829,500,0.03726007862026996,risk_reducing_not_nominal_control
0.05,6.0,0.05,100,block_bh,35.416,31.768,0.07979441904324582,0.186,12.578,0.17903171664761403,500,0.029794419043245812,risk_reducing_not_nominal_control
0.05,6.0,0.05,100,block_by_cap1,0.0,0.0,0.0,0.0,0.0,0.0,500,-0.05,empirical_mean_fdp_le_alpha
0.05,6.0,0.05,100,by,0.0,0.0,0.0,0.0,0.0,0.0,500,-0.05,empirical_mean_fdp_le_alpha
0.05,6.0,0.05,100,chemdeprc_cap1,19.488,18.364,0.04921527536790694,0.21,19.488,0.016138501264817036,500,-0.0007847246320930659,empirical_mean_fdp_le_alpha
0.05,6.0,0.05,100,chemdeprc_scorecap1,19.488,18.364,0.04921527536790694,0.21,19.488,0.016138501264817036,500,-0.0007847246320930659,empirical_mean_fdp_le_alpha
0.05,6.0,0.05,100,hier_bh_cap1,19.488,18.364,0.04921527536790694,0.21,19.488,0.016138501264817036,500,-0.0007847246320930659,empirical_mean_fdp_le_alpha
0.05,6.0,0.05,100,minp_block_bh_cap1,7.502,7.2,0.006880681818181809,0.1,7.502,0.005496517595307912,500,-0.043119318181818196,empirical_mean_fdp_le_alpha
0.05,6.0,0.05,100,score_cap1,100.0,71.964,0.28036,0.9,100.0,0.01,500,0.23036,risk_reducing_not_nominal_control
0.05,6.0,0.05,100,weighted_bh,10.756,10.404,0.0070643488963528026,0.1,9.318,0.009328786306404149,500,-0.0429356511036472,empirical_mean_fdp_le_alpha
0.05,6.0,0.05,50,bh,31.938,24.542,0.16562294378344708,0.406,12.884,0.2613213754024324,500,0.11562294378344708,risk_reducing_not_nominal_control
0.05,6.0,0.05,50,bh_cap1,23.362,21.498,0.08203985425903862,0.366,23.362,0.023820738781046232,500,0.032039854259038617,risk_reducing_not_nominal_control
0.05,6.0,0.05,50,block_bh,20.384,16.882,0.08470942579088414,0.214,7.25,0.2155439703588151,500,0.03470942579088414,risk_reducing_not_nominal_control
0.05,6.0,0.05,50,block_by_cap1,0.0,0.0,0.0,0.0,0.0,0.0,500,-0.05,empirical_mean_fdp_le_alpha
0.05,6.0,0.05,50,by,0.0,0.0,0.0,0.0,0.0,0.0,500,-0.05,empirical_mean_fdp_le_alpha
0.05,6.0,0.05,50,chemdeprc_cap1,16.828,16.072,0.04452144078144078,0.11,16.828,0.016943012543012538,500,-0.00547855921855922,empirical_mean_fdp_le_alpha
0.05,6.0,0.05,50,chemdeprc_scorecap1,16.828,16.072,0.04452144078144078,0.11,16.828,0.016943012543012538,500,-0.00547855921855922,empirical_mean_fdp_le_alpha
0.05,6.0,0.05,50,hier_bh_cap1,16.828,16.072,0.04452144078144078,0.11,16.828,0.016943012543012538,500,-0.00547855921855922,empirical_mean_fdp_le_alpha
0.05,6.0,0.05,50,minp_block_bh_cap1,7.502,7.2,0.006880681818181809,0.1,7.502,0.005496517595307912,500,-0.043119318181818196,empirical_mean_fdp_le_alpha
0.05,6.0,0.05,50,score_cap1,50.0,42.3,0.154,0.67,50.0,0.02,500,0.104,risk_reducing_not_nominal_control
0.05,6.0,0.05,50,weighted_bh,9.544,9.23,0.006901818181818175,0.102,8.272,0.010647272727272724,500,-0.04309818181818183,empirical_mean_fdp_le_alpha
0.05,6.0,0.1,100,bh,77.926,66.694,0.16071066357496644,0.48,31.058,0.25388066636828027,500,0.060710663574966434,risk_reducing_not_nominal_control
0.05,6.0,0.1,100,bh_cap1,51.834,46.25,0.1360739224667322,0.6,51.834,0.02101362294898807,500,0.03607392246673219,risk_reducing_not_nominal_control
0.05,6.0,0.1,100,block_bh,67.536,56.608,0.20879133299034783,0.494,28.06,0.2632418144843867,500,0.10879133299034782,risk_reducing_not_nominal_control
0.05,6.0,0.1,100,block_by_cap1,0.0,0.0,0.0,0.0,0.0,0.0,500,-0.1,empirical_mean_fdp_le_alpha
0.05,6.0,0.1,100,by,10.0,9.85,0.0015,0.0,2.238,0.046619999999999995,500,-0.0985,empirical_mean_fdp_le_alpha
0.05,6.0,0.1,100,chemdeprc_cap1,44.982,40.842,0.13051163698113005,0.582,44.982,0.027349617890546143,500,0.030511636981130047,risk_reducing_not_nominal_control
0.05,6.0,0.1,100,chemdeprc_scorecap1,44.982,40.842,0.13051163698113005,0.582,44.982,0.027349617890546143,500,0.030511636981130047,risk_reducing_not_nominal_control
0.05,6.0,0.1,100,hier_bh_cap1,44.982,40.842,0.13051163698113005,0.582,44.982,0.027349617890546143,500,0.030511636981130047,risk_reducing_not_nominal_control
0.05,6.0,0.1,100,minp_block_bh_cap1,27.486,25.354,0.06563402346151412,0.318,27.486,0.03294049653010287,500,-0.03436597653848589,empirical_mean_fdp_le_alpha
0.05,6.0,0.1,100,score_cap1,100.0,71.964,0.28036,0.8,100.0,0.01,500,0.18036,risk_reducing_not_nominal_control
0.05,6.0,0.1,100,weighted_bh,42.854,38.64,0.09979492603203433,0.37,30.684,0.06320211863427173,500,-0.0002050739679656799,empirical_mean_fdp_le_alpha
0.05,6.0,0.1,50,bh,44.33,34.742,0.1993659893957327,0.464,19.502,0.2903742386753466,500,0.09936598939573268,risk_reducing_not_nominal_control
0.05,6.0,0.1,50,bh_cap1,36.606,32.918,0.11913351401821988,0.5,36.606,0.02461284505184759,500,0.019133514018219874,risk_reducing_not_nominal_control
0.05,6.0,0.1,50,block_bh,42.064,32.902,0.2066342956934365,0.474,18.742,0.29743898875391983,500,0.10663429569343649,risk_reducing_not_nominal_control
0.05,6.0,0.1,50,block_by_cap1,0.0,0.0,0.0,0.0,0.0,0.0,500,-0.1,empirical_mean_fdp_le_alpha
0.05,6.0,0.1,50,by,5.0,4.98,0.0004,0.0,1.108,0.06584000000000001,500,-0.09960000000000001,empirical_mean_fdp_le_alpha
0.05,6.0,0.1,50,chemdeprc_cap1,33.478,30.708,0.11592587038359466,0.478,33.478,0.03028063782110731,500,0.01592587038359465,risk_reducing_not_nominal_control
0.05,6.0,0.1,50,chemdeprc_scorecap1,33.478,30.538,0.11932587038359466,0.482,33.478,0.03028063782110731,500,0.01932587038359465,risk_reducing_not_nominal_control
0.05,6.0,0.1,50,hier_bh_cap1,33.478,30.708,0.11592587038359466,0.478,33.478,0.03028063782110731,500,0.01592587038359465,risk_reducing_not_nominal_control
0.05,6.0,0.1,50,minp_block_bh_cap1,23.736,22.244,0.057822907054914455,0.218,23.736,0.03408446894866875,500,-0.04217709294508555,empirical_mean_fdp_le_alpha
0.05,6.0,0.1,50,score_cap1,50.0,42.3,0.154,0.524,50.0,0.02,500,0.05399999999999999,risk_reducing_not_nominal_control
0.05,6.0,0.1,50,weighted_bh,25.84,23.514,0.08608341533645629,0.28,22.7,0.0573097298944579,500,-0.013916584663543716,empirical_mean_fdp_le_alpha
0.05,6.0,0.2,100,bh,95.196,81.708,0.16894381115182322,0.168,37.35,0.26233625620394985,500,-0.03105618884817679,empirical_mean_fdp_le_alpha
0.05,6.0,0.2,100,bh_cap1,76.248,64.37,0.18853807348954113,0.3,76.248,0.01571129227244568,500,-0.01146192651045888,empirical_mean_fdp_le_alpha
0.05,6.0,0.2,100,block_bh,94.072,80.106,0.17564156374725345,0.202,36.694,0.2729074462966488,500,-0.024358436252746557,empirical_mean_fdp_le_alpha
0.05,6.0,0.2,100,block_by_cap1,10.694,10.3,0.006123609723609722,0.0,10.694,0.003950012589036971,500,-0.19387639027639028,empirical_mean_fdp_le_alpha
0.05,6.0,0.2,100,by,24.416,21.12,0.06190155043433176,0.084,6.586,0.14308393197753433,500,-0.13809844956566825,empirical_mean_fdp_le_alpha
0.05,6.0,0.2,100,chemdeprc_cap1,68.032,59.172,0.1665251243441412,0.2,68.032,0.01958197615586969,500,-0.0334748756558588,empirical_mean_fdp_le_alpha
0.05,6.0,0.2,100,chemdeprc_scorecap1,68.032,59.272,0.1655251243441412,0.2,68.032,0.01958197615586969,500,-0.0344748756558588,empirical_mean_fdp_le_alpha
0.05,6.0,0.2,100,hier_bh_cap1,68.032,59.172,0.1665251243441412,0.2,68.032,0.01958197615586969,500,-0.0334748756558588,empirical_mean_fdp_le_alpha
0.05,6.0,0.2,100,minp_block_bh_cap1,58.976,51.698,0.15635825644000234,0.2,58.976,0.022788909603359563,500,-0.04364174355999767,empirical_mean_fdp_le_alpha
0.05,6.0,0.2,100,score_cap1,100.0,71.964,0.28036,0.6,100.0,0.01,500,0.08035999999999999,risk_reducing_not_nominal_control
0.05,6.0,0.2,100,weighted_bh,85.334,69.668,0.21272263038089145,0.432,60.108,0.09777100016875027,500,0.012722630380891442,risk_reducing_not_nominal_control
0.05,6.0,0.2,50,bh,49.668,39.068,0.2163191204087979,0.354,21.448,0.3115964177976506,500,0.016319120408797877,risk_reducing_not_nominal_control
0.05,6.0,0.2,50,bh_cap1,47.06,41.434,0.13858611400930773,0.2,47.06,0.02218327196559704,500,-0.06141388599069228,empirical_mean_fdp_le_alpha
0.05,6.0,0.2,50,block_bh,49.838,39.08,0.2173064290173404,0.358,21.386,0.31366112213047115,500,0.01730642901734039,risk_reducing_not_nominal_control
0.05,6.0,0.2,50,block_by_cap1,9.116,9.068,0.0010209523809523809,0.0,9.116,0.004429732868757257,500,-0.19897904761904764,empirical_mean_fdp_le_alpha
0.05,6.0,0.2,50,by,14.04,10.882,0.06580988326037107,0.084,3.426,0.1873720128651836,500,-0.13419011673962894,empirical_mean_fdp_le_alpha
0.05,6.0,0.2,50,chemdeprc_cap1,44.48,39.784,0.13266922642574816,0.2,44.48,0.024933935629587796,500,-0.06733077357425185,empirical_mean_fdp_le_alpha
0.05,6.0,0.2,50,chemdeprc_scorecap1,44.48,39.674,0.13486922642574817,0.2,44.48,0.024933935629587796,500,-0.06513077357425184,empirical_mean_fdp_le_alpha
0.05,6.0,0.2,50,hier_bh_cap1,44.48,39.784,0.13266922642574816,0.2,44.48,0.024933935629587796,500,-0.06733077357425185,empirical_mean_fdp_le_alpha
0.05,6.0,0.2,50,minp_block_bh_cap1,43.32,38.818,0.13043123322912162,0.2,43.32,0.026630752657590965,500,-0.06956876677087839,empirical_mean_fdp_le_alpha
0.05,6.0,0.2,50,score_cap1,50.0,42.3,0.154,0.2,50.0,0.02,500,-0.04600000000000001,empirical_mean_fdp_le_alpha
0.05,6.0,0.2,50,weighted_bh,48.932,41.378,0.16142600495541315,0.234,40.788,0.08178873722680823,500,-0.03857399504458686,empirical_mean_fdp_le_alpha
0.05,6.0,0.7,100,bh,100.0,82.712,0.17288,0.1,40.666,0.25202,500,-0.5271199999999999,empirical_mean_fdp_le_alpha
0.05,6.0,0.7,100,bh_cap1,97.794,71.44,0.27612211185253843,0.098,97.794,0.010259878599812063,500,-0.4238778881474615,empirical_mean_fdp_le_alpha
0.05,6.0,0.7,100,block_bh,100.0,82.466,0.17534,0.1,40.756,0.25224,500,-0.5246599999999999,empirical_mean_fdp_le_alpha
0.05,6.0,0.7,100,block_by_cap1,48.068,43.18,0.1340119739503092,0.0,48.068,0.024465579285249225,500,-0.5659880260496908,empirical_mean_fdp_le_alpha
0.05,6.0,0.7,100,by,79.782,68.482,0.15711754863767066,0.058,31.55,0.2556701941566237,500,-0.5428824513623293,empirical_mean_fdp_le_alpha
0.05,6.0,0.7,100,chemdeprc_cap1,95.284,70.392,0.27582986975309126,0.054,95.284,0.010628738918868326,500,-0.4241701302469087,empirical_mean_fdp_le_alpha
0.05,6.0,0.7,100,chemdeprc_scorecap1,95.284,70.776,0.2719898697530913,0.054,95.284,0.010628738918868326,500,-0.42801013024690865,empirical_mean_fdp_le_alpha
0.05,6.0,0.7,100,hier_bh_cap1,95.284,70.392,0.27582986975309126,0.054,95.284,0.010628738918868326,500,-0.4241701302469087,empirical_mean_fdp_le_alpha
0.05,6.0,0.7,100,minp_block_bh_cap1,92.802,69.194,0.27185357623057754,0.0,92.802,0.01105541899414896,500,-0.4281464237694224,empirical_mean_fdp_le_alpha
0.05,6.0,0.7,100,score_cap1,100.0,71.964,0.28036,0.1,100.0,0.01,500,-0.41963999999999996,empirical_mean_fdp_le_alpha
0.05,6.0,0.7,100,weighted_bh,99.998,77.446,0.2255349494949495,0.1,70.966,0.0863620202020202,500,-0.47446505050505045,empirical_mean_fdp_le_alpha
0.05,6.0,0.7,50,bh,50.0,39.11,0.21780000000000002,0.132,21.712,0.31044,500,-0.48219999999999996,empirical_mean_fdp_le_alpha
0.05,6.0,0.7,50,bh_cap1,50.0,42.3,0.154,0.0,50.0,0.02,500,-0.5459999999999999,empirical_mean_fdp_le_alpha
0.05,6.0,0.7,50,block_bh,50.0,39.11,0.21780000000000002,0.132,21.71,0.31044,500,-0.48219999999999996,empirical_mean_fdp_le_alpha
0.05,6.0,0.7,50,block_by_cap1,34.752,31.748,0.11369246254748575,0.0,34.752,0.027748630619180144,500,-0.5863075374525142,empirical_mean_fdp_le_alpha
0.05,6.0,0.7,50,by,44.46,34.864,0.19905819517445011,0.114,19.51,0.2906943997545775,500,-0.5009418048255498,empirical_mean_fdp_le_alpha
0.05,6.0,0.7,50,chemdeprc_cap1,50.0,42.392,0.15216,0.0,50.0,0.02,500,-0.54784,empirical_mean_fdp_le_alpha
0.05,6.0,0.7,50,chemdeprc_scorecap1,50.0,42.278,0.15444,0.0,50.0,0.02,500,-0.5455599999999999,empirical_mean_fdp_le_alpha
0.05,6.0,0.7,50,hier_bh_cap1,50.0,42.392,0.15216,0.0,50.0,0.02,500,-0.54784,empirical_mean_fdp_le_alpha
0.05,6.0,0.7,50,minp_block_bh_cap1,50.0,41.882,0.16236,0.0,50.0,0.02,500,-0.5376399999999999,empirical_mean_fdp_le_alpha
0.05,6.0,0.7,50,score_cap1,50.0,42.3,0.154,0.0,50.0,0.02,500,-0.5459999999999999,empirical_mean_fdp_le_alpha
0.05,6.0,0.7,50,weighted_bh,50.0,41.72,0.1656,0.01,41.312,0.084,500,-0.5344,empirical_mean_fdp_le_alpha
0.1,2.0,0.01,100,bh,0.0,0.0,0.0,0.0,0.0,0.0,500,-0.01,empirical_mean_fdp_le_alpha
0.1,2.0,0.01,100,bh_cap1,0.0,0.0,0.0,0.0,0.0,0.0,500,-0.01,empirical_mean_fdp_le_alpha
0.1,2.0,0.01,100,block_bh,0.0,0.0,0.0,0.0,0.0,0.0,500,-0.01,empirical_mean_fdp_le_alpha
0.1,2.0,0.01,100,block_by_cap1,0.0,0.0,0.0,0.0,0.0,0.0,500,-0.01,empirical_mean_fdp_le_alpha
0.1,2.0,0.01,100,by,0.0,0.0,0.0,0.0,0.0,0.0,500,-0.01,empirical_mean_fdp_le_alpha
0.1,2.0,0.01,100,chemdeprc_cap1,0.0,0.0,0.0,0.0,0.0,0.0,500,-0.01,empirical_mean_fdp_le_alpha
0.1,2.0,0.01,100,chemdeprc_scorecap1,0.0,0.0,0.0,0.0,0.0,0.0,500,-0.01,empirical_mean_fdp_le_alpha
0.1,2.0,0.01,100,hier_bh_cap1,0.0,0.0,0.0,0.0,0.0,0.0,500,-0.01,empirical_mean_fdp_le_alpha
0.1,2.0,0.01,100,minp_block_bh_cap1,0.0,0.0,0.0,0.0,0.0,0.0,500,-0.01,empirical_mean_fdp_le_alpha
0.1,2.0,0.01,100,score_cap1,100.0,71.96,0.2804,1.0,100.0,0.01,500,0.2704,risk_reducing_not_nominal_control
0.1,2.0,0.01,100,weighted_bh,0.0,0.0,0.0,0.0,0.0,0.0,500,-0.01,empirical_mean_fdp_le_alpha
0.1,2.0,0.01,50,bh,0.0,0.0,0.0,0.0,0.0,0.0,500,-0.01,empirical_mean_fdp_le_alpha
0.1,2.0,0.01,50,bh_cap1,0.0,0.0,0.0,0.0,0.0,0.0,500,-0.01,empirical_mean_fdp_le_alpha
0.1,2.0,0.01,50,block_bh,0.0,0.0,0.0,0.0,0.0,0.0,500,-0.01,empirical_mean_fdp_le_alpha
0.1,2.0,0.01,50,block_by_cap1,0.0,0.0,0.0,0.0,0.0,0.0,500,-0.01,empirical_mean_fdp_le_alpha
0.1,2.0,0.01,50,by,0.0,0.0,0.0,0.0,0.0,0.0,500,-0.01,empirical_mean_fdp_le_alpha
0.1,2.0,0.01,50,chemdeprc_cap1,0.0,0.0,0.0,0.0,0.0,0.0,500,-0.01,empirical_mean_fdp_le_alpha
0.1,2.0,0.01,50,chemdeprc_scorecap1,0.0,0.0,0.0,0.0,0.0,0.0,500,-0.01,empirical_mean_fdp_le_alpha
0.1,2.0,0.01,50,hier_bh_cap1,0.0,0.0,0.0,0.0,0.0,0.0,500,-0.01,empirical_mean_fdp_le_alpha
0.1,2.0,0.01,50,minp_block_bh_cap1,0.0,0.0,0.0,0.0,0.0,0.0,500,-0.01,empirical_mean_fdp_le_alpha
0.1,2.0,0.01,50,score_cap1,50.0,42.89,0.1422,0.716,50.0,0.02,500,0.13219999999999998,risk_reducing_not_nominal_control
0.1,2.0,0.01,50,weighted_bh,0.0,0.0,0.0,0.0,0.0,0.0,500,-0.01,empirical_mean_fdp_le_alpha
0.1,2.0,0.025,100,bh,20.0,19.876,0.00124,0.008,5.2,0.09992,500,-0.02376,empirical_mean_fdp_le_alpha
0.1,2.0,0.025,100,bh_cap1,10.8,10.492,0.00461176470588235,0.1,10.8,0.00397058823529411,500,-0.02038823529411765,empirical_mean_fdp_le_alpha
0.1,2.0,0.025,100,block_bh,10.0,9.876,0.00124,0.008,2.284,0.047839999999999994,500,-0.02376,empirical_mean_fdp_le_alpha
0.1,2.0,0.025,100,block_by_cap1,0.0,0.0,0.0,0.0,0.0,0.0,500,-0.025,empirical_mean_fdp_le_alpha
0.1,2.0,0.025,100,by,0.0,0.0,0.0,0.0,0.0,0.0,500,-0.025,empirical_mean_fdp_le_alpha
0.1,2.0,0.025,100,chemdeprc_cap1,3.408,3.4,0.000228571428571428,0.008,3.408,0.0029344537815125995,500,-0.024771428571428573,empirical_mean_fdp_le_alpha
0.1,2.0,0.025,100,chemdeprc_scorecap1,3.408,3.4,0.000228571428571428,0.008,3.408,0.0029344537815125995,500,-0.024771428571428573,empirical_mean_fdp_le_alpha
0.1,2.0,0.025,100,hier_bh_cap1,3.408,3.4,0.000228571428571428,0.008,3.408,0.0029344537815125995,500,-0.024771428571428573,empirical_mean_fdp_le_alpha
0.1,2.0,0.025,100,minp_block_bh_cap1,0.0,0.0,0.0,0.0,0.0,0.0,500,-0.025,empirical_mean_fdp_le_alpha
0.1,2.0,0.025,100,score_cap1,100.0,71.96,0.2804,1.0,100.0,0.01,500,0.25539999999999996,risk_reducing_not_nominal_control
0.1,2.0,0.025,100,weighted_bh,0.0,0.0,0.0,0.0,0.0,0.0,500,-0.025,empirical_mean_fdp_le_alpha
0.1,2.0,0.025,50,bh,10.0,9.976,0.00047999999999999996,0.008,2.308,0.13984,500,-0.02452,empirical_mean_fdp_le_alpha
0.1,2.0,0.025,50,bh_cap1,9.0,8.992,0.0002,0.0,9.0,0.0045,500,-0.024800000000000003,empirical_mean_fdp_le_alpha
0.1,2.0,0.025,50,block_bh,5.0,4.976,0.00047999999999999996,0.008,1.108,0.06584000000000001,500,-0.02452,empirical_mean_fdp_le_alpha
0.1,2.0,0.025,50,block_by_cap1,0.0,0.0,0.0,0.0,0.0,0.0,500,-0.025,empirical_mean_fdp_le_alpha
0.1,2.0,0.025,50,by,0.0,0.0,0.0,0.0,0.0,0.0,500,-0.025,empirical_mean_fdp_le_alpha
0.1,2.0,0.025,50,chemdeprc_cap1,3.408,3.4,0.000228571428571428,0.008,3.408,0.0029344537815125995,500,-0.024771428571428573,empirical_mean_fdp_le_alpha
0.1,2.0,0.025,50,chemdeprc_scorecap1,3.408,3.4,0.000228571428571428,0.008,3.408,0.0029344537815125995,500,-0.024771428571428573,empirical_mean_fdp_le_alpha
0.1,2.0,0.025,50,hier_bh_cap1,3.408,3.4,0.000228571428571428,0.008,3.408,0.0029344537815125995,500,-0.024771428571428573,empirical_mean_fdp_le_alpha
0.1,2.0,0.025,50,minp_block_bh_cap1,0.0,0.0,0.0,0.0,0.0,0.0,500,-0.025,empirical_mean_fdp_le_alpha
0.1,2.0,0.025,50,score_cap1,50.0,42.89,0.1422,0.7,50.0,0.02,500,0.1172,risk_reducing_not_nominal_control
0.1,2.0,0.025,50,weighted_bh,0.0,0.0,0.0,0.0,0.0,0.0,500,-0.025,empirical_mean_fdp_le_alpha
0.1,2.0,0.05,100,bh,37.284,35.94,0.025381234370595408,0.108,14.334,0.14736188298090175,500,-0.024618765629404595,empirical_mean_fdp_le_alpha
0.1,2.0,0.05,100,bh_cap1,24.478,23.598,0.020700109231770906,0.066,24.478,0.011303524972271516,500,-0.029299890768229097,empirical_mean_fdp_le_alpha
0.1,2.0,0.05,100,block_bh,31.562,30.836,0.026013015873015865,0.124,11.566,0.13631682539682538,500,-0.023986984126984138,empirical_mean_fdp_le_alpha
0.1,2.0,0.05,100,block_by_cap1,0.0,0.0,0.0,0.0,0.0,0.0,500,-0.05,empirical_mean_fdp_le_alpha
0.1,2.0,0.05,100,by,0.0,0.0,0.0,0.0,0.0,0.0,500,-0.05,empirical_mean_fdp_le_alpha
0.1,2.0,0.05,100,chemdeprc_cap1,18.146,17.406,0.03437601398093389,0.1,18.146,0.014888946509884716,500,-0.015623986019066116,empirical_mean_fdp_le_alpha
0.1,2.0,0.05,100,chemdeprc_scorecap1,18.146,17.406,0.03437601398093389,0.1,18.146,0.014888946509884716,500,-0.015623986019066116,empirical_mean_fdp_le_alpha
0.1,2.0,0.05,100,hier_bh_cap1,18.146,17.406,0.03437601398093389,0.1,18.146,0.014888946509884716,500,-0.015623986019066116,empirical_mean_fdp_le_alpha
0.1,2.0,0.05,100,minp_block_bh_cap1,7.5,7.2,0.006818181818181809,0.1,7.5,0.005498533724340169,500,-0.043181818181818196,empirical_mean_fdp_le_alpha
0.1,2.0,0.05,100,score_cap1,100.0,71.96,0.2804,0.9,100.0,0.01,500,0.2304,risk_reducing_not_nominal_control
0.1,2.0,0.05,100,weighted_bh,10.2,9.9,0.006818181818181809,0.1,9.0,0.009169278996865201,500,-0.043181818181818196,empirical_mean_fdp_le_alpha
0.1,2.0,0.05,50,bh,22.28,21.318,0.024348926678287714,0.116,9.142,0.18025265221167097,500,-0.02565107332171229,empirical_mean_fdp_le_alpha
0.1,2.0,0.05,50,bh_cap1,19.07,18.59,0.016675742296918768,0.066,19.07,0.012804137039431151,500,-0.033324257703081235,empirical_mean_fdp_le_alpha
0.1,2.0,0.05,50,block_bh,16.562,15.972,0.027433015873015863,0.132,6.228,0.1688768253968254,500,-0.02256698412698414,empirical_mean_fdp_le_alpha
0.1,2.0,0.05,50,block_by_cap1,0.0,0.0,0.0,0.0,0.0,0.0,500,-0.05,empirical_mean_fdp_le_alpha
0.1,2.0,0.05,50,by,0.0,0.0,0.0,0.0,0.0,0.0,500,-0.05,empirical_mean_fdp_le_alpha
0.1,2.0,0.05,50,chemdeprc_cap1,15.628,15.188,0.03029232323232323,0.1,15.628,0.015659595959595957,500,-0.019707676767676773,empirical_mean_fdp_le_alpha
0.1,2.0,0.05,50,chemdeprc_scorecap1,15.628,15.188,0.03029232323232323,0.1,15.628,0.015659595959595957,500,-0.019707676767676773,empirical_mean_fdp_le_alpha
0.1,2.0,0.05,50,hier_bh_cap1,15.628,15.188,0.03029232323232323,0.1,15.628,0.015659595959595957,500,-0.019707676767676773,empirical_mean_fdp_le_alpha
0.1,2.0,0.05,50,minp_block_bh_cap1,7.5,7.2,0.006818181818181809,0.1,7.5,0.005498533724340169,500,-0.043181818181818196,empirical_mean_fdp_le_alpha
0.1,2.0,0.05,50,score_cap1,50.0,42.89,0.1422,0.6,50.0,0.02,500,0.09219999999999999,risk_reducing_not_nominal_control
0.1,2.0,0.05,50,weighted_bh,9.4,9.1,0.006818181818181809,0.1,8.2,0.01027272727272727,500,-0.043181818181818196,empirical_mean_fdp_le_alpha
0.1,2.0,0.1,100,bh,68.794,64.128,0.09335424020526326,0.274,29.344,0.2458254184591741,500,-0.00664575979473675,empirical_mean_fdp_le_alpha
0.1,2.0,0.1,100,bh_cap1,49.504,45.41,0.09910795487195753,0.482,49.504,0.023475168489501364,500,-0.0008920451280424735,empirical_mean_fdp_le_alpha
0.1,2.0,0.1,100,block_bh,60.022,55.962,0.09888495430862353,0.302,26.4,0.23297328326352693,500,-0.001115045691376479,empirical_mean_fdp_le_alpha
0.1,2.0,0.1,100,block_by_cap1,0.0,0.0,0.0,0.0,0.0,0.0,500,-0.1,empirical_mean_fdp_le_alpha
0.1,2.0,0.1,100,by,10.0,9.876,0.00124,0.0,2.2,0.046919999999999996,500,-0.09876,empirical_mean_fdp_le_alpha
0.1,2.0,0.1,100,chemdeprc_cap1,42.604,39.888,0.07873486799812161,0.214,42.604,0.035057506461276505,500,-0.021265132001878392,empirical_mean_fdp_le_alpha
0.1,2.0,0.1,100,chemdeprc_scorecap1,42.604,39.888,0.07873486799812161,0.214,42.604,0.035057506461276505,500,-0.021265132001878392,empirical_mean_fdp_le_alpha
0.1,2.0,0.1,100,hier_bh_cap1,42.604,39.888,0.07873486799812161,0.214,42.604,0.035057506461276505,500,-0.021265132001878392,empirical_mean_fdp_le_alpha
0.1,2.0,0.1,100,minp_block_bh_cap1,27.148,25.3,0.05572866542844826,0.3,27.148,0.03444760063740902,500,-0.044271334571551746,empirical_mean_fdp_le_alpha
0.1,2.0,0.1,100,score_cap1,100.0,71.96,0.2804,0.8,100.0,0.01,500,0.18039999999999998,risk_reducing_not_nominal_control
0.1,2.0,0.1,100,weighted_bh,41.116,38.41,0.054204517481729365,0.212,29.674,0.06043022892339683,500,-0.04579548251827064,empirical_mean_fdp_le_alpha
0.1,2.0,0.1,50,bh,39.982,36.688,0.09054204023997074,0.256,19.26,0.258234080764516,500,-0.009457959760029264,empirical_mean_fdp_le_alpha
0.1,2.0,0.1,50,bh_cap1,34.834,32.49,0.08132501128029526,0.382,34.834,0.026943325528743796,500,-0.018674988719704744,empirical_mean_fdp_le_alpha
0.1,2.0,0.1,50,block_bh,36.002,33.044,0.09235334080371062,0.282,17.48,0.2583142329893153,500,-0.007646659196289388,empirical_mean_fdp_le_alpha
0.1,2.0,0.1,50,block_by_cap1,0.0,0.0,0.0,0.0,0.0,0.0,500,-0.1,empirical_mean_fdp_le_alpha
0.1,2.0,0.1,50,by,5.0,4.976,0.00047999999999999996,0.0,1.108,0.06584000000000001,500,-0.09952000000000001,empirical_mean_fdp_le_alpha
0.1,2.0,0.1,50,chemdeprc_cap1,31.902,30.45,0.06362414347771168,0.196,31.902,0.03783820655606261,500,-0.03637585652228832,empirical_mean_fdp_le_alpha
0.1,2.0,0.1,50,chemdeprc_scorecap1,31.902,30.346,0.06570414347771168,0.214,31.902,0.03783820655606261,500,-0.03429585652228832,empirical_mean_fdp_le_alpha
0.1,2.0,0.1,50,hier_bh_cap1,31.902,30.45,0.06362414347771168,0.196,31.902,0.03783820655606261,500,-0.03637585652228832,empirical_mean_fdp_le_alpha
0.1,2.0,0.1,50,minp_block_bh_cap1,23.522,22.2,0.04959540942149638,0.2,23.522,0.035558749463097276,500,-0.050404590578503626,empirical_mean_fdp_le_alpha
0.1,2.0,0.1,50,score_cap1,50.0,42.89,0.1422,0.452,50.0,0.02,500,0.04219999999999999,risk_reducing_not_nominal_control
0.1,2.0,0.1,50,weighted_bh,24.392,23.11,0.0441979243603796,0.124,21.756,0.05435349952690106,500,-0.055802075639620405,empirical_mean_fdp_le_alpha
0.1,2.0,0.2,100,bh,93.284,85.558,0.11454719755118707,0.1,37.876,0.25560936874949114,500,-0.08545280244881294,empirical_mean_fdp_le_alpha
0.1,2.0,0.2,100,bh_cap1,75.134,64.11,0.17460513673852768,0.298,75.134,0.016757633485000544,500,-0.025394863261472334,empirical_mean_fdp_le_alpha
0.1,2.0,0.2,100,block_bh,90.326,82.214,0.12489345099705321,0.13,36.684,0.2791200974797953,500,-0.0751065490029468,empirical_mean_fdp_le_alpha
0.1,2.0,0.2,100,block_by_cap1,10.6,10.292,0.004810506566604122,0.0,10.6,0.00397748592870543,500,-0.1951894934333959,empirical_mean_fdp_le_alpha
0.1,2.0,0.2,100,by,20.0,19.876,0.00124,0.0,5.2,0.09992,500,-0.19876000000000002,empirical_mean_fdp_le_alpha
0.1,2.0,0.2,100,chemdeprc_cap1,66.532,58.91,0.14435332758137284,0.16,66.532,0.020711878479561612,500,-0.05564667241862717,empirical_mean_fdp_le_alpha
0.1,2.0,0.2,100,chemdeprc_scorecap1,66.532,59.01,0.14335332758137284,0.16,66.532,0.020711878479561612,500,-0.05664667241862717,empirical_mean_fdp_le_alpha
0.1,2.0,0.2,100,hier_bh_cap1,66.532,58.91,0.14435332758137284,0.16,66.532,0.020711878479561612,500,-0.05564667241862717,empirical_mean_fdp_le_alpha
0.1,2.0,0.2,100,minp_block_bh_cap1,57.228,51.16,0.1359329822210483,0.2,57.228,0.02464690115186376,500,-0.06406701777895171,empirical_mean_fdp_le_alpha
0.1,2.0,0.2,100,score_cap1,100.0,71.96,0.2804,0.6,100.0,0.01,500,0.08039999999999997,risk_reducing_not_nominal_control
0.1,2.0,0.2,100,weighted_bh,73.842,66.52,0.1288600227228535,0.168,55.882,0.07171721222394867,500,-0.07113997727714652,empirical_mean_fdp_le_alpha
0.1,2.0,0.2,50,bh,48.3,43.86,0.10685850189901315,0.134,22.56,0.2827032817929694,500,-0.09314149810098686,empirical_mean_fdp_le_alpha
0.1,2.0,0.2,50,bh_cap1,46.384,41.816,0.11715737054664827,0.198,46.384,0.023154482489120318,500,-0.08284262945335175,empirical_mean_fdp_le_alpha
0.1,2.0,0.2,50,block_bh,48.822,43.924,0.1118629371725326,0.132,22.308,0.29267686600675064,500,-0.08813706282746742,empirical_mean_fdp_le_alpha
0.1,2.0,0.2,50,block_by_cap1,9.1,9.092,0.00019512195121951202,0.0,9.1,0.0044390243902439,500,-0.1998048780487805,empirical_mean_fdp_le_alpha
0.1,2.0,0.2,50,by,10.0,9.976,0.00047999999999999996,0.0,2.308,0.13984,500,-0.19952,empirical_mean_fdp_le_alpha
0.1,2.0,0.2,50,chemdeprc_cap1,44.014,40.292,0.1091087500181789,0.16,44.014,0.025811821235874985,500,-0.09089124998182112,empirical_mean_fdp_le_alpha
0.1,2.0,0.2,50,chemdeprc_scorecap1,44.014,40.21,0.1107487500181789,0.16,44.014,0.025811821235874985,500,-0.08925124998182112,empirical_mean_fdp_le_alpha
0.1,2.0,0.2,50,hier_bh_cap1,44.014,40.292,0.1091087500181789,0.16,44.014,0.025811821235874985,500,-0.09089124998182112,empirical_mean_fdp_le_alpha
0.1,2.0,0.2,50,minp_block_bh_cap1,42.234,38.53,0.11363806561578166,0.2,42.234,0.028367065810533106,500,-0.08636193438421835,empirical_mean_fdp_le_alpha
0.1,2.0,0.2,50,score_cap1,50.0,42.89,0.1422,0.2,50.0,0.02,500,-0.05780000000000002,empirical_mean_fdp_le_alpha
0.1,2.0,0.2,50,weighted_bh,45.268,41.176,0.10652117958070553,0.144,39.898,0.06784154706665917,500,-0.09347882041929448,empirical_mean_fdp_le_alpha
0.1,2.0,0.7,100,bh,100.0,86.604,0.13396,0.1,41.756,0.24248,500,-0.56604,empirical_mean_fdp_le_alpha
0.1,2.0,0.7,100,bh_cap1,98.62,71.574,0.27715114395914847,0.1,98.62,0.010157326445343536,500,-0.4228488560408515,empirical_mean_fdp_le_alpha
0.1,2.0,0.7,100,block_bh,100.0,86.404,0.13596,0.1,41.696,0.24328,500,-0.56404,empirical_mean_fdp_le_alpha
0.1,2.0,0.7,100,block_by_cap1,46.756,43.126,0.09299223764679922,0.0,46.756,0.02765011719428713,500,-0.6070077623532008,empirical_mean_fdp_le_alpha
0.1,2.0,0.7,100,by,70.726,65.906,0.09064026819152281,0.0,29.77,0.248979465457082,500,-0.6093597318084771,empirical_mean_fdp_le_alpha
0.1,2.0,0.7,100,chemdeprc_cap1,96.028,70.65,0.27588477989335336,0.09,96.028,0.010502835080629418,500,-0.4241152201066466,empirical_mean_fdp_le_alpha
0.1,2.0,0.7,100,chemdeprc_scorecap1,96.028,70.95,0.27288477989335336,0.09,96.028,0.010502835080629418,500,-0.4271152201066466,empirical_mean_fdp_le_alpha
0.1,2.0,0.7,100,hier_bh_cap1,96.028,70.65,0.27588477989335336,0.09,96.028,0.010502835080629418,500,-0.4241152201066466,empirical_mean_fdp_le_alpha
0.1,2.0,0.7,100,minp_block_bh_cap1,92.538,69.41,0.268180657226254,0.0,92.538,0.011114066149181553,500,-0.43181934277374595,empirical_mean_fdp_le_alpha
0.1,2.0,0.7,100,score_cap1,100.0,71.96,0.2804,0.1,100.0,0.01,500,-0.4196,empirical_mean_fdp_le_alpha
0.1,2.0,0.7,100,weighted_bh,99.95,81.29,0.18697067682595161,0.1,73.99,0.062486987317000496,500,-0.5130293231740484,empirical_mean_fdp_le_alpha
0.1,2.0,0.7,50,bh,50.0,44.042,0.11916000000000002,0.016,23.596,0.27548,500,-0.5808399999999999,empirical_mean_fdp_le_alpha
0.1,2.0,0.7,50,bh_cap1,50.0,42.89,0.1422,0.0,50.0,0.02,500,-0.5578,empirical_mean_fdp_le_alpha
0.1,2.0,0.7,50,block_bh,50.0,44.042,0.11916000000000002,0.016,23.574,0.2756,500,-0.5808399999999999,empirical_mean_fdp_le_alpha
0.1,2.0,0.7,50,block_by_cap1,33.802,31.98,0.0716218309577133,0.0,33.802,0.030858789032318434,500,-0.6283781690422867,empirical_mean_fdp_le_alpha
0.1,2.0,0.7,50,by,40.998,37.58,0.08900021541954238,0.0,19.55,0.259388633543785,500,-0.6109997845804576,empirical_mean_fdp_le_alpha
0.1,2.0,0.7,50,chemdeprc_cap1,50.0,43.02,0.1396,0.0,50.0,0.02,500,-0.5604,empirical_mean_fdp_le_alpha
0.1,2.0,0.7,50,chemdeprc_scorecap1,50.0,42.876,0.14248,0.0,50.0,0.02,500,-0.55752,empirical_mean_fdp_le_alpha
0.1,2.0,0.7,50,hier_bh_cap1,50.0,43.02,0.1396,0.0,50.0,0.02,500,-0.5604,empirical_mean_fdp_le_alpha
0.1,2.0,0.7,50,minp_block_bh_cap1,50.0,42.36,0.15280000000000002,0.0,50.0,0.02,500,-0.5471999999999999,empirical_mean_fdp_le_alpha
0.1,2.0,0.7,50,score_cap1,50.0,42.89,0.1422,0.0,50.0,0.02,500,-0.5578,empirical_mean_fdp_le_alpha
0.1,2.0,0.7,50,weighted_bh,50.0,43.184,0.13632,0.0,43.006,0.07212,500,-0.56368,empirical_mean_fdp_le_alpha
0.1,4.0,0.01,100,bh,0.0,0.0,0.0,0.0,0.0,0.0,500,-0.01,empirical_mean_fdp_le_alpha
0.1,4.0,0.01,100,bh_cap1,0.0,0.0,0.0,0.0,0.0,0.0,500,-0.01,empirical_mean_fdp_le_alpha
0.1,4.0,0.01,100,block_bh,0.0,0.0,0.0,0.0,0.0,0.0,500,-0.01,empirical_mean_fdp_le_alpha
0.1,4.0,0.01,100,block_by_cap1,0.0,0.0,0.0,0.0,0.0,0.0,500,-0.01,empirical_mean_fdp_le_alpha
0.1,4.0,0.01,100,by,0.0,0.0,0.0,0.0,0.0,0.0,500,-0.01,empirical_mean_fdp_le_alpha
0.1,4.0,0.01,100,chemdeprc_cap1,0.0,0.0,0.0,0.0,0.0,0.0,500,-0.01,empirical_mean_fdp_le_alpha
0.1,4.0,0.01,100,chemdeprc_scorecap1,0.0,0.0,0.0,0.0,0.0,0.0,500,-0.01,empirical_mean_fdp_le_alpha
0.1,4.0,0.01,100,hier_bh_cap1,0.0,0.0,0.0,0.0,0.0,0.0,500,-0.01,empirical_mean_fdp_le_alpha
0.1,4.0,0.01,100,minp_block_bh_cap1,0.0,0.0,0.0,0.0,0.0,0.0,500,-0.01,empirical_mean_fdp_le_alpha
0.1,4.0,0.01,100,score_cap1,100.0,71.706,0.28294,1.0,100.0,0.01,500,0.27294,risk_reducing_not_nominal_control
0.1,4.0,0.01,100,weighted_bh,0.0,0.0,0.0,0.0,0.0,0.0,500,-0.01,empirical_mean_fdp_le_alpha
0.1,4.0,0.01,50,bh,0.0,0.0,0.0,0.0,0.0,0.0,500,-0.01,empirical_mean_fdp_le_alpha
0.1,4.0,0.01,50,bh_cap1,0.0,0.0,0.0,0.0,0.0,0.0,500,-0.01,empirical_mean_fdp_le_alpha
0.1,4.0,0.01,50,block_bh,0.0,0.0,0.0,0.0,0.0,0.0,500,-0.01,empirical_mean_fdp_le_alpha
0.1,4.0,0.01,50,block_by_cap1,0.0,0.0,0.0,0.0,0.0,0.0,500,-0.01,empirical_mean_fdp_le_alpha
0.1,4.0,0.01,50,by,0.0,0.0,0.0,0.0,0.0,0.0,500,-0.01,empirical_mean_fdp_le_alpha
0.1,4.0,0.01,50,chemdeprc_cap1,0.0,0.0,0.0,0.0,0.0,0.0,500,-0.01,empirical_mean_fdp_le_alpha
0.1,4.0,0.01,50,chemdeprc_scorecap1,0.0,0.0,0.0,0.0,0.0,0.0,500,-0.01,empirical_mean_fdp_le_alpha
0.1,4.0,0.01,50,hier_bh_cap1,0.0,0.0,0.0,0.0,0.0,0.0,500,-0.01,empirical_mean_fdp_le_alpha
0.1,4.0,0.01,50,minp_block_bh_cap1,0.0,0.0,0.0,0.0,0.0,0.0,500,-0.01,empirical_mean_fdp_le_alpha
0.1,4.0,0.01,50,score_cap1,50.0,42.184,0.15632,0.782,50.0,0.02,500,0.14631999999999998,risk_reducing_not_nominal_control
0.1,4.0,0.01,50,weighted_bh,0.0,0.0,0.0,0.0,0.0,0.0,500,-0.01,empirical_mean_fdp_le_alpha
0.1,4.0,0.025,100,bh,20.0,19.86,0.0014,0.016,5.208,0.09984,500,-0.023600000000000003,empirical_mean_fdp_le_alpha
0.1,4.0,0.025,100,bh_cap1,10.994,10.556,0.006535521454958793,0.1,10.994,0.0039020176186416555,500,-0.01846447854504121,empirical_mean_fdp_le_alpha
0.1,4.0,0.025,100,block_bh,10.0,9.86,0.0014,0.016,2.284,0.04776,500,-0.023600000000000003,empirical_mean_fdp_le_alpha
0.1,4.0,0.025,100,block_by_cap1,0.0,0.0,0.0,0.0,0.0,0.0,500,-0.025,empirical_mean_fdp_le_alpha
0.1,4.0,0.025,100,by,0.0,0.0,0.0,0.0,0.0,0.0,500,-0.025,empirical_mean_fdp_le_alpha
0.1,4.0,0.025,100,chemdeprc_cap1,3.424,3.4,0.0006857142857142841,0.024,3.424,0.0029210084033613392,500,-0.02431428571428572,empirical_mean_fdp_le_alpha
0.1,4.0,0.025,100,chemdeprc_scorecap1,3.424,3.4,0.0006857142857142841,0.024,3.424,0.0029210084033613392,500,-0.02431428571428572,empirical_mean_fdp_le_alpha
0.1,4.0,0.025,100,hier_bh_cap1,3.424,3.4,0.0006857142857142841,0.024,3.424,0.0029210084033613392,500,-0.02431428571428572,empirical_mean_fdp_le_alpha
0.1,4.0,0.025,100,minp_block_bh_cap1,0.0,0.0,0.0,0.0,0.0,0.0,500,-0.025,empirical_mean_fdp_le_alpha
0.1,4.0,0.025,100,score_cap1,100.0,71.706,0.28294,1.0,100.0,0.01,500,0.25794,risk_reducing_not_nominal_control
0.1,4.0,0.025,100,weighted_bh,0.0,0.0,0.0,0.0,0.0,0.0,500,-0.025,empirical_mean_fdp_le_alpha
0.1,4.0,0.025,50,bh,10.0,9.96,0.0008,0.016,2.316,0.13968,500,-0.024200000000000003,empirical_mean_fdp_le_alpha
0.1,4.0,0.025,50,bh_cap1,9.08,9.056,0.0005555555555555551,0.0,9.08,0.0044555555555555555,500,-0.024444444444444446,empirical_mean_fdp_le_alpha
0.1,4.0,0.025,50,block_bh,5.0,4.96,0.0008,0.016,1.116,0.06568,500,-0.024200000000000003,empirical_mean_fdp_le_alpha
0.1,4.0,0.025,50,block_by_cap1,0.0,0.0,0.0,0.0,0.0,0.0,500,-0.025,empirical_mean_fdp_le_alpha
0.1,4.0,0.025,50,by,0.0,0.0,0.0,0.0,0.0,0.0,500,-0.025,empirical_mean_fdp_le_alpha
0.1,4.0,0.025,50,chemdeprc_cap1,3.424,3.4,0.0006857142857142841,0.024,3.424,0.0029210084033613392,500,-0.02431428571428572,empirical_mean_fdp_le_alpha
0.1,4.0,0.025,50,chemdeprc_scorecap1,3.424,3.4,0.0006857142857142841,0.024,3.424,0.0029210084033613392,500,-0.02431428571428572,empirical_mean_fdp_le_alpha
0.1,4.0,0.025,50,hier_bh_cap1,3.424,3.4,0.0006857142857142841,0.024,3.424,0.0029210084033613392,500,-0.02431428571428572,empirical_mean_fdp_le_alpha
0.1,4.0,0.025,50,minp_block_bh_cap1,0.0,0.0,0.0,0.0,0.0,0.0,500,-0.025,empirical_mean_fdp_le_alpha
0.1,4.0,0.025,50,score_cap1,50.0,42.184,0.15632,0.702,50.0,0.02,500,0.13132,risk_reducing_not_nominal_control
0.1,4.0,0.025,50,weighted_bh,0.0,0.0,0.0,0.0,0.0,0.0,500,-0.025,empirical_mean_fdp_le_alpha
0.1,4.0,0.05,100,bh,47.676,39.59,0.14662577582430883,0.38,18.584,0.19437866828270176,500,0.09662577582430883,risk_reducing_not_nominal_control
0.1,4.0,0.05,100,bh_cap1,29.288,26.558,0.09442867846409422,0.404,29.288,0.019890890318092914,500,0.04442867846409422,risk_reducing_not_nominal_control
0.1,4.0,0.05,100,block_bh,32.536,31.216,0.04358728371467501,0.14,11.958,0.14979466449814277,500,-0.006412716285324992,empirical_mean_fdp_le_alpha
0.1,4.0,0.05,100,block_by_cap1,0.0,0.0,0.0,0.0,0.0,0.0,500,-0.05,empirical_mean_fdp_le_alpha
0.1,4.0,0.05,100,by,0.0,0.0,0.0,0.0,0.0,0.0,500,-0.05,empirical_mean_fdp_le_alpha
0.1,4.0,0.05,100,chemdeprc_cap1,18.618,17.71,0.04032660051350546,0.16,18.618,0.015182016190747282,500,-0.009673399486494545,empirical_mean_fdp_le_alpha
0.1,4.0,0.05,100,chemdeprc_scorecap1,18.618,17.71,0.04032660051350546,0.16,18.618,0.015182016190747282,500,-0.009673399486494545,empirical_mean_fdp_le_alpha
0.1,4.0,0.05,100,hier_bh_cap1,18.618,17.71,0.04032660051350546,0.16,18.618,0.015182016190747282,500,-0.009673399486494545,empirical_mean_fdp_le_alpha
0.1,4.0,0.05,100,minp_block_bh_cap1,7.516,7.2,0.00731818181818181,0.1,7.516,0.005482404692082106,500,-0.042681818181818196,empirical_mean_fdp_le_alpha
0.1,4.0,0.05,100,score_cap1,100.0,71.706,0.28294,0.9,100.0,0.01,500,0.23294000000000004,risk_reducing_not_nominal_control
0.1,4.0,0.05,100,weighted_bh,10.902,10.53,0.007263625721659076,0.1,9.408,0.009355273879541987,500,-0.04273637427834093,empirical_mean_fdp_le_alpha
0.1,4.0,0.05,50,bh,31.142,24.626,0.14509892774035538,0.386,13.122,0.22595947927593937,500,0.09509892774035537,risk_reducing_not_nominal_control
0.1,4.0,0.05,50,bh_cap1,23.56,21.44,0.08786722937131804,0.354,23.56,0.021465954629699142,500,0.037867229371318034,risk_reducing_not_nominal_control
0.1,4.0,0.05,50,block_bh,17.536,16.318,0.045887283714675015,0.15,6.588,0.18223466449814277,500,-0.004112716285324988,empirical_mean_fdp_le_alpha
0.1,4.0,0.05,50,block_by_cap1,0.0,0.0,0.0,0.0,0.0,0.0,500,-0.05,empirical_mean_fdp_le_alpha
0.1,4.0,0.05,50,by,0.0,0.0,0.0,0.0,0.0,0.0,500,-0.05,empirical_mean_fdp_le_alpha
0.1,4.0,0.05,50,chemdeprc_cap1,16.024,15.49,0.03524265734265734,0.1,16.024,0.015968531468531465,500,-0.014757342657342666,empirical_mean_fdp_le_alpha
0.1,4.0,0.05,50,chemdeprc_scorecap1,16.024,15.49,0.03524265734265734,0.1,16.024,0.015968531468531465,500,-0.014757342657342666,empirical_mean_fdp_le_alpha
0.1,4.0,0.05,50,hier_bh_cap1,16.024,15.49,0.03524265734265734,0.1,16.024,0.015968531468531465,500,-0.014757342657342666,empirical_mean_fdp_le_alpha
0.1,4.0,0.05,50,minp_block_bh_cap1,7.516,7.2,0.00731818181818181,0.1,7.516,0.005482404692082106,500,-0.042681818181818196,empirical_mean_fdp_le_alpha
0.1,4.0,0.05,50,score_cap1,50.0,42.184,0.15632,0.656,50.0,0.02,500,0.10631999999999998,risk_reducing_not_nominal_control
0.1,4.0,0.05,50,weighted_bh,9.58,9.248,0.0072127272727272665,0.1,8.29,0.010790909090909089,500,-0.042787272727272736,empirical_mean_fdp_le_alpha
0.1,4.0,0.1,100,bh,80.154,66.382,0.1734328590000222,0.486,31.368,0.253200530642498,500,0.0734328590000222,risk_reducing_not_nominal_control
0.1,4.0,0.1,100,bh_cap1,52.59,46.288,0.14959204204878948,0.596,52.59,0.01999388920501558,500,0.049592042048789475,risk_reducing_not_nominal_control
0.1,4.0,0.1,100,block_bh,66.624,56.866,0.18196455118396795,0.494,27.746,0.24487454375521336,500,0.08196455118396795,risk_reducing_not_nominal_control
0.1,4.0,0.1,100,block_by_cap1,0.0,0.0,0.0,0.0,0.0,0.0,500,-0.1,empirical_mean_fdp_le_alpha
0.1,4.0,0.1,100,by,10.0,9.86,0.0014,0.0,2.208,0.04684,500,-0.09860000000000001,empirical_mean_fdp_le_alpha
0.1,4.0,0.1,100,chemdeprc_cap1,44.578,40.526,0.12746726205914186,0.508,44.578,0.027704085820253903,500,0.02746726205914185,risk_reducing_not_nominal_control
0.1,4.0,0.1,100,chemdeprc_scorecap1,44.578,40.526,0.12746726205914186,0.508,44.578,0.027704085820253903,500,0.02746726205914185,risk_reducing_not_nominal_control
0.1,4.0,0.1,100,hier_bh_cap1,44.578,40.526,0.12746726205914186,0.508,44.578,0.027704085820253903,500,0.02746726205914185,risk_reducing_not_nominal_control
0.1,4.0,0.1,100,minp_block_bh_cap1,27.444,25.362,0.06442301893607795,0.32,27.444,0.03290044566344354,500,-0.035576981063922056,empirical_mean_fdp_le_alpha
0.1,4.0,0.1,100,score_cap1,100.0,71.706,0.28294,0.8,100.0,0.01,500,0.18294000000000002,risk_reducing_not_nominal_control
0.1,4.0,0.1,100,weighted_bh,42.102,38.522,0.08211538295137459,0.314,30.348,0.06043690491054902,500,-0.017884617048625415,empirical_mean_fdp_le_alpha
0.1,4.0,0.1,50,bh,44.792,35.858,0.18073265294309293,0.464,20.212,0.26670644834521434,500,0.08073265294309293,risk_reducing_not_nominal_control
0.1,4.0,0.1,50,bh_cap1,37.224,33.15,0.12767907540190687,0.496,37.224,0.023607025705627793,500,0.027679075401906866,risk_reducing_not_nominal_control
0.1,4.0,0.1,50,block_bh,40.462,33.068,0.1764837963887381,0.482,18.526,0.26800277763882313,500,0.07648379638873809,risk_reducing_not_nominal_control
0.1,4.0,0.1,50,block_by_cap1,0.0,0.0,0.0,0.0,0.0,0.0,500,-0.1,empirical_mean_fdp_le_alpha
0.1,4.0,0.1,50,by,5.0,4.96,0.0008,0.0,1.116,0.06568,500,-0.09920000000000001,empirical_mean_fdp_le_alpha
0.1,4.0,0.1,50,chemdeprc_cap1,33.376,30.754,0.11115641749331019,0.422,33.376,0.030588918372684664,500,0.011156417493310186,risk_reducing_not_nominal_control
0.1,4.0,0.1,50,chemdeprc_scorecap1,33.376,30.586,0.11451641749331018,0.422,33.376,0.030588918372684664,500,0.014516417493310174,risk_reducing_not_nominal_control
0.1,4.0,0.1,50,hier_bh_cap1,33.376,30.754,0.11115641749331019,0.422,33.376,0.030588918372684664,500,0.011156417493310186,risk_reducing_not_nominal_control
0.1,4.0,0.1,50,minp_block_bh_cap1,23.73,22.26,0.057131535399267026,0.22,23.73,0.03403170722467181,500,-0.04286846460073298,empirical_mean_fdp_le_alpha
0.1,4.0,0.1,50,score_cap1,50.0,42.184,0.15632,0.554,50.0,0.02,500,0.05631999999999998,risk_reducing_not_nominal_control
0.1,4.0,0.1,50,weighted_bh,25.262,23.332,0.07042528042215483,0.218,22.372,0.054484201735059176,500,-0.029574719577845174,empirical_mean_fdp_le_alpha
0.1,4.0,0.2,100,bh,97.842,80.684,0.18841246321838453,0.214,37.712,0.2597457340093617,500,-0.011587536781615476,empirical_mean_fdp_le_alpha
0.1,4.0,0.2,100,bh_cap1,77.558,64.36,0.2046737428542745,0.328,77.558,0.014750802369693611,500,0.004673742854274493,risk_reducing_not_nominal_control
0.1,4.0,0.2,100,block_bh,96.68,79.596,0.19129732127924187,0.228,37.082,0.2700438979374933,500,-0.008702678720758139,empirical_mean_fdp_le_alpha
0.1,4.0,0.2,100,block_by_cap1,10.666,10.292,0.005911481213847427,0.0,10.666,0.003956581144859257,500,-0.19408851878615258,empirical_mean_fdp_le_alpha
0.1,4.0,0.2,100,by,20.194,19.932,0.0039140425531914895,0.004,5.284,0.10074808510638297,500,-0.1960859574468085,empirical_mean_fdp_le_alpha
0.1,4.0,0.2,100,chemdeprc_cap1,69.016,59.182,0.1829720341553781,0.252,69.016,0.018584263232539703,500,-0.017027965844621906,empirical_mean_fdp_le_alpha
0.1,4.0,0.2,100,chemdeprc_scorecap1,69.016,59.284,0.1819520341553781,0.252,69.016,0.018584263232539703,500,-0.0180479658446219,empirical_mean_fdp_le_alpha
0.1,4.0,0.2,100,hier_bh_cap1,69.016,59.182,0.1829720341553781,0.252,69.016,0.018584263232539703,500,-0.017027965844621906,empirical_mean_fdp_le_alpha
0.1,4.0,0.2,100,minp_block_bh_cap1,58.916,51.638,0.15718006598882373,0.202,58.916,0.022622350565980633,500,-0.042819934011176286,empirical_mean_fdp_le_alpha
0.1,4.0,0.2,100,score_cap1,100.0,71.706,0.28294,0.6,100.0,0.01,500,0.08294000000000001,risk_reducing_not_nominal_control
0.1,4.0,0.2,100,weighted_bh,83.186,69.14,0.19973098351908972,0.392,59.854,0.07999024193935343,500,-0.0002690164809102946,empirical_mean_fdp_le_alpha
0.1,4.0,0.2,50,bh,49.984,40.06,0.19869333333333333,0.296,22.098,0.28883619047619047,500,-0.0013066666666666782,empirical_mean_fdp_le_alpha
0.1,4.0,0.2,50,bh_cap1,47.818,41.546,0.14771333062087977,0.2,47.818,0.021315660298433757,500,-0.05228666937912024,empirical_mean_fdp_le_alpha
0.1,4.0,0.2,50,block_bh,49.98,40.052,0.19883494071146246,0.3,21.96,0.29112932806324116,500,-0.001165059288537551,empirical_mean_fdp_le_alpha
0.1,4.0,0.2,50,block_by_cap1,9.116,9.092,0.0005760743321718928,0.0,9.116,0.004429732868757257,500,-0.19942392566782813,empirical_mean_fdp_le_alpha
0.1,4.0,0.2,50,by,10.194,10.032,0.0033140425531914897,0.004,2.392,0.140588085106383,500,-0.19668595744680853,empirical_mean_fdp_le_alpha
0.1,4.0,0.2,50,chemdeprc_cap1,45.052,39.85,0.14335677265263475,0.2,45.052,0.02402689291717777,500,-0.056643227347365266,empirical_mean_fdp_le_alpha
0.1,4.0,0.2,50,chemdeprc_scorecap1,45.052,39.688,0.1465967726526347,0.2,45.052,0.02402689291717777,500,-0.0534032273473653,empirical_mean_fdp_le_alpha
0.1,4.0,0.2,50,hier_bh_cap1,45.052,39.85,0.14335677265263475,0.2,45.052,0.02402689291717777,500,-0.056643227347365266,empirical_mean_fdp_le_alpha
0.1,4.0,0.2,50,minp_block_bh_cap1,43.334,38.818,0.1312870803688663,0.202,43.334,0.02644777868529302,500,-0.06871291963113371,empirical_mean_fdp_le_alpha
0.1,4.0,0.2,50,score_cap1,50.0,42.184,0.15632,0.2,50.0,0.02,500,-0.043680000000000024,empirical_mean_fdp_le_alpha
0.1,4.0,0.2,50,weighted_bh,48.796,40.994,0.16567158701142037,0.262,40.862,0.08075189070867878,500,-0.03432841298857964,empirical_mean_fdp_le_alpha
0.1,4.0,0.7,100,bh,100.0,80.998,0.19002000000000002,0.1,39.076,0.25524,500,-0.5099799999999999,empirical_mean_fdp_le_alpha
0.1,4.0,0.7,100,bh_cap1,98.79,71.348,0.2798917386351494,0.1,98.79,0.010137300903410966,500,-0.4201082613648506,empirical_mean_fdp_le_alpha
0.1,4.0,0.7,100,block_bh,100.0,80.994,0.19006,0.1,39.062,0.25526,500,-0.50994,empirical_mean_fdp_le_alpha
0.1,4.0,0.7,100,block_by_cap1,48.216,43.178,0.13901766104251242,0.0,48.216,0.023925505986103275,500,-0.5609823389574875,empirical_mean_fdp_le_alpha
0.1,4.0,0.7,100,by,82.058,68.058,0.17162517443006958,0.094,31.858,0.2533481238900777,500,-0.5283748255699303,empirical_mean_fdp_le_alpha
0.1,4.0,0.7,100,chemdeprc_cap1,96.622,70.334,0.28105693567569306,0.1,96.622,0.010411095732641406,500,-0.4189430643243069,empirical_mean_fdp_le_alpha
0.1,4.0,0.7,100,chemdeprc_scorecap1,96.622,70.716,0.2772369356756931,0.1,96.622,0.010411095732641406,500,-0.4227630643243069,empirical_mean_fdp_le_alpha
0.1,4.0,0.7,100,hier_bh_cap1,96.622,70.334,0.28105693567569306,0.1,96.622,0.010411095732641406,500,-0.4189430643243069,empirical_mean_fdp_le_alpha
0.1,4.0,0.7,100,minp_block_bh_cap1,93.97,69.25,0.2761464033536257,0.084,93.97,0.010827504237835052,500,-0.42385359664637423,empirical_mean_fdp_le_alpha
0.1,4.0,0.7,100,score_cap1,100.0,71.706,0.28294,0.1,100.0,0.01,500,-0.41705999999999993,empirical_mean_fdp_le_alpha
0.1,4.0,0.7,100,weighted_bh,100.0,77.906,0.22094,0.1,70.914,0.07343999999999999,500,-0.47905999999999993,empirical_mean_fdp_le_alpha
0.1,4.0,0.7,50,bh,50.0,40.062,0.19876,0.098,22.11,0.28876,500,-0.5012399999999999,empirical_mean_fdp_le_alpha
0.1,4.0,0.7,50,bh_cap1,50.0,42.184,0.15632,0.0,50.0,0.02,500,-0.5436799999999999,empirical_mean_fdp_le_alpha
0.1,4.0,0.7,50,block_bh,50.0,40.062,0.19876,0.098,22.11,0.28876,500,-0.5012399999999999,empirical_mean_fdp_le_alpha
0.1,4.0,0.7,50,block_by_cap1,34.952,31.884,0.11665248666097451,0.0,34.952,0.027200883974230903,500,-0.5833475133390255,empirical_mean_fdp_le_alpha
0.1,4.0,0.7,50,by,44.868,35.92,0.1807642175689433,0.094,20.228,0.2668280809982756,500,-0.5192357824310567,empirical_mean_fdp_le_alpha
0.1,4.0,0.7,50,chemdeprc_cap1,50.0,42.454,0.15092000000000003,0.0,50.0,0.02,500,-0.5490799999999999,empirical_mean_fdp_le_alpha
0.1,4.0,0.7,50,chemdeprc_scorecap1,50.0,42.204,0.15592,0.0,50.0,0.02,500,-0.5440799999999999,empirical_mean_fdp_le_alpha
0.1,4.0,0.7,50,hier_bh_cap1,50.0,42.454,0.15092000000000003,0.0,50.0,0.02,500,-0.5490799999999999,empirical_mean_fdp_le_alpha
0.1,4.0,0.7,50,minp_block_bh_cap1,50.0,41.884,0.16232,0.0,50.0,0.02,500,-0.5376799999999999,empirical_mean_fdp_le_alpha
0.1,4.0,0.7,50,score_cap1,50.0,42.184,0.15632,0.0,50.0,0.02,500,-0.5436799999999999,empirical_mean_fdp_le_alpha
0.1,4.0,0.7,50,weighted_bh,50.0,41.57,0.1686,0.014,41.526,0.08064,500,-0.5314,empirical_mean_fdp_le_alpha
0.1,6.0,0.01,100,bh,0.0,0.0,0.0,0.0,0.0,0.0,500,-0.01,empirical_mean_fdp_le_alpha
0.1,6.0,0.01,100,bh_cap1,0.0,0.0,0.0,0.0,0.0,0.0,500,-0.01,empirical_mean_fdp_le_alpha
0.1,6.0,0.01,100,block_bh,0.0,0.0,0.0,0.0,0.0,0.0,500,-0.01,empirical_mean_fdp_le_alpha
0.1,6.0,0.01,100,block_by_cap1,0.0,0.0,0.0,0.0,0.0,0.0,500,-0.01,empirical_mean_fdp_le_alpha
0.1,6.0,0.01,100,by,0.0,0.0,0.0,0.0,0.0,0.0,500,-0.01,empirical_mean_fdp_le_alpha
0.1,6.0,0.01,100,chemdeprc_cap1,0.0,0.0,0.0,0.0,0.0,0.0,500,-0.01,empirical_mean_fdp_le_alpha
0.1,6.0,0.01,100,chemdeprc_scorecap1,0.0,0.0,0.0,0.0,0.0,0.0,500,-0.01,empirical_mean_fdp_le_alpha
0.1,6.0,0.01,100,hier_bh_cap1,0.0,0.0,0.0,0.0,0.0,0.0,500,-0.01,empirical_mean_fdp_le_alpha
0.1,6.0,0.01,100,minp_block_bh_cap1,0.0,0.0,0.0,0.0,0.0,0.0,500,-0.01,empirical_mean_fdp_le_alpha
0.1,6.0,0.01,100,score_cap1,100.0,71.608,0.28392,1.0,100.0,0.01,500,0.27392,risk_reducing_not_nominal_control
0.1,6.0,0.01,100,weighted_bh,0.0,0.0,0.0,0.0,0.0,0.0,500,-0.01,empirical_mean_fdp_le_alpha
0.1,6.0,0.01,50,bh,0.0,0.0,0.0,0.0,0.0,0.0,500,-0.01,empirical_mean_fdp_le_alpha
0.1,6.0,0.01,50,bh_cap1,0.0,0.0,0.0,0.0,0.0,0.0,500,-0.01,empirical_mean_fdp_le_alpha
0.1,6.0,0.01,50,block_bh,0.0,0.0,0.0,0.0,0.0,0.0,500,-0.01,empirical_mean_fdp_le_alpha
0.1,6.0,0.01,50,block_by_cap1,0.0,0.0,0.0,0.0,0.0,0.0,500,-0.01,empirical_mean_fdp_le_alpha
0.1,6.0,0.01,50,by,0.0,0.0,0.0,0.0,0.0,0.0,500,-0.01,empirical_mean_fdp_le_alpha
0.1,6.0,0.01,50,chemdeprc_cap1,0.0,0.0,0.0,0.0,0.0,0.0,500,-0.01,empirical_mean_fdp_le_alpha
0.1,6.0,0.01,50,chemdeprc_scorecap1,0.0,0.0,0.0,0.0,0.0,0.0,500,-0.01,empirical_mean_fdp_le_alpha
0.1,6.0,0.01,50,hier_bh_cap1,0.0,0.0,0.0,0.0,0.0,0.0,500,-0.01,empirical_mean_fdp_le_alpha
0.1,6.0,0.01,50,minp_block_bh_cap1,0.0,0.0,0.0,0.0,0.0,0.0,500,-0.01,empirical_mean_fdp_le_alpha
0.1,6.0,0.01,50,score_cap1,50.0,41.526,0.16948000000000002,0.95,50.0,0.02,500,0.15948,risk_reducing_not_nominal_control
0.1,6.0,0.01,50,weighted_bh,0.0,0.0,0.0,0.0,0.0,0.0,500,-0.01,empirical_mean_fdp_le_alpha
0.1,6.0,0.025,100,bh,28.696,21.396,0.1154183681473341,0.182,7.674,0.15289898672219238,500,0.09041836814733409,risk_reducing_not_nominal_control
0.1,6.0,0.025,100,bh_cap1,13.93,12.256,0.0716431658857288,0.314,13.93,0.01206924755895006,500,0.0466431658857288,risk_reducing_not_nominal_control
0.1,6.0,0.025,100,block_bh,10.0,9.792,0.0020800000000000003,0.042,2.268,0.0475,500,-0.022920000000000003,empirical_mean_fdp_le_alpha
0.1,6.0,0.025,100,block_by_cap1,0.0,0.0,0.0,0.0,0.0,0.0,500,-0.025,empirical_mean_fdp_le_alpha
0.1,6.0,0.025,100,by,0.0,0.0,0.0,0.0,0.0,0.0,500,-0.025,empirical_mean_fdp_le_alpha
0.1,6.0,0.025,100,chemdeprc_cap1,3.448,3.4,0.0013714285714285681,0.048,3.448,0.0029008403361344475,500,-0.023628571428571433,empirical_mean_fdp_le_alpha
0.1,6.0,0.025,100,chemdeprc_scorecap1,3.448,3.4,0.0013714285714285681,0.048,3.448,0.0029008403361344475,500,-0.023628571428571433,empirical_mean_fdp_le_alpha
0.1,6.0,0.025,100,hier_bh_cap1,3.448,3.4,0.0013714285714285681,0.048,3.448,0.0029008403361344475,500,-0.023628571428571433,empirical_mean_fdp_le_alpha
0.1,6.0,0.025,100,minp_block_bh_cap1,0.0,0.0,0.0,0.0,0.0,0.0,500,-0.025,empirical_mean_fdp_le_alpha
0.1,6.0,0.025,100,score_cap1,100.0,71.608,0.28392,1.0,100.0,0.01,500,0.25892,risk_reducing_not_nominal_control
0.1,6.0,0.025,100,weighted_bh,0.0,0.0,0.0,0.0,0.0,0.0,500,-0.025,empirical_mean_fdp_le_alpha
0.1,6.0,0.025,50,bh,16.948,10.752,0.12480297307020248,0.182,3.996,0.20183159523075342,500,0.09980297307020247,risk_reducing_not_nominal_control
0.1,6.0,0.025,50,bh_cap1,11.93,10.704,0.06554030874287167,0.216,11.93,0.01264067613037864,500,0.04054030874287167,risk_reducing_not_nominal_control
0.1,6.0,0.025,50,block_bh,5.0,4.892,0.00216,0.042,1.142,0.06516,500,-0.022840000000000003,empirical_mean_fdp_le_alpha
0.1,6.0,0.025,50,block_by_cap1,0.0,0.0,0.0,0.0,0.0,0.0,500,-0.025,empirical_mean_fdp_le_alpha
0.1,6.0,0.025,50,by,0.0,0.0,0.0,0.0,0.0,0.0,500,-0.025,empirical_mean_fdp_le_alpha
0.1,6.0,0.025,50,chemdeprc_cap1,3.448,3.4,0.0013714285714285681,0.048,3.448,0.0029008403361344475,500,-0.023628571428571433,empirical_mean_fdp_le_alpha
0.1,6.0,0.025,50,chemdeprc_scorecap1,3.448,3.4,0.0013714285714285681,0.048,3.448,0.0029008403361344475,500,-0.023628571428571433,empirical_mean_fdp_le_alpha
0.1,6.0,0.025,50,hier_bh_cap1,3.448,3.4,0.0013714285714285681,0.048,3.448,0.0029008403361344475,500,-0.023628571428571433,empirical_mean_fdp_le_alpha
0.1,6.0,0.025,50,minp_block_bh_cap1,0.0,0.0,0.0,0.0,0.0,0.0,500,-0.025,empirical_mean_fdp_le_alpha
0.1,6.0,0.025,50,score_cap1,50.0,41.526,0.16948000000000002,0.876,50.0,0.02,500,0.14448000000000003,risk_reducing_not_nominal_control
0.1,6.0,0.025,50,weighted_bh,0.0,0.0,0.0,0.0,0.0,0.0,500,-0.025,empirical_mean_fdp_le_alpha
0.1,6.0,0.05,100,bh,54.496,41.032,0.19926578483388094,0.49,20.436,0.208959471009588,500,0.14926578483388092,risk_reducing_not_nominal_control
0.1,6.0,0.05,100,bh_cap1,32.304,28.33,0.12676896442146462,0.556,32.304,0.020194889058069078,500,0.07676896442146462,risk_reducing_not_nominal_control
0.1,6.0,0.05,100,block_bh,41.236,32.614,0.16431871595652858,0.324,14.192,0.20753482384134067,500,0.11431871595652858,risk_reducing_not_nominal_control
0.1,6.0,0.05,100,block_by_cap1,0.0,0.0,0.0,0.0,0.0,0.0,500,-0.05,empirical_mean_fdp_le_alpha
0.1,6.0,0.05,100,by,0.0,0.0,0.0,0.0,0.0,0.0,500,-0.05,empirical_mean_fdp_le_alpha
0.1,6.0,0.05,100,chemdeprc_cap1,21.45,19.5,0.09541456861977736,0.332,21.45,0.022808755696146363,500,0.04541456861977736,risk_reducing_not_nominal_control
0.1,6.0,0.05,100,chemdeprc_scorecap1,21.45,19.5,0.09541456861977736,0.332,21.45,0.022808755696146363,500,0.04541456861977736,risk_reducing_not_nominal_control
0.1,6.0,0.05,100,hier_bh_cap1,21.45,19.5,0.09541456861977736,0.332,21.45,0.022808755696146363,500,0.04541456861977736,risk_reducing_not_nominal_control
0.1,6.0,0.05,100,minp_block_bh_cap1,7.518,7.2,0.00738068181818181,0.1,7.518,0.005480388563049848,500,-0.042619318181818196,empirical_mean_fdp_le_alpha
0.1,6.0,0.05,100,score_cap1,100.0,71.608,0.28392,0.9,100.0,0.01,500,0.23392000000000002,risk_reducing_not_nominal_control
0.1,6.0,0.05,100,weighted_bh,11.772,11.286,0.008130425246168249,0.1,9.904,0.009577963352449582,500,-0.041869574753831754,empirical_mean_fdp_le_alpha
0.1,6.0,0.05,50,bh,34.336,23.188,0.22817849678489005,0.49,12.996,0.2659016470734923,500,0.17817849678489006,risk_reducing_not_nominal_control
0.1,6.0,0.05,50,bh_cap1,25.328,22.1,0.12045636463011214,0.476,25.328,0.022037470965973013,500,0.07045636463011214,risk_reducing_not_nominal_control
0.1,6.0,0.05,50,block_bh,25.348,17.516,0.17660634041799847,0.358,8.67,0.25115005688384257,500,0.12660634041799845,risk_reducing_not_nominal_control
0.1,6.0,0.05,50,block_by_cap1,0.0,0.0,0.0,0.0,0.0,0.0,500,-0.05,empirical_mean_fdp_le_alpha
0.1,6.0,0.05,50,by,0.0,0.0,0.0,0.0,0.0,0.0,500,-0.05,empirical_mean_fdp_le_alpha
0.1,6.0,0.05,50,chemdeprc_cap1,18.652,17.142,0.09006751084664127,0.232,18.652,0.023645119614684823,500,0.04006751084664127,risk_reducing_not_nominal_control
0.1,6.0,0.05,50,chemdeprc_scorecap1,18.652,17.15,0.08990751084664127,0.232,18.652,0.023645119614684823,500,0.039907510846641264,risk_reducing_not_nominal_control
0.1,6.0,0.05,50,hier_bh_cap1,18.652,17.142,0.09006751084664127,0.232,18.652,0.023645119614684823,500,0.04006751084664127,risk_reducing_not_nominal_control
0.1,6.0,0.05,50,minp_block_bh_cap1,7.518,7.2,0.00738068181818181,0.1,7.518,0.005480388563049848,500,-0.042619318181818196,empirical_mean_fdp_le_alpha
0.1,6.0,0.05,50,score_cap1,50.0,41.526,0.16948000000000002,0.694,50.0,0.02,500,0.11948000000000002,risk_reducing_not_nominal_control
0.1,6.0,0.05,50,weighted_bh,9.796,9.442,0.007358181818181815,0.106,8.398,0.011292727272727272,500,-0.04264181818181819,empirical_mean_fdp_le_alpha
0.1,6.0,0.1,100,bh,82.986,66.098,0.19644804533161778,0.55,31.906,0.24428518926222972,500,0.09644804533161777,risk_reducing_not_nominal_control
0.1,6.0,0.1,100,bh_cap1,53.572,46.632,0.15901640817942228,0.6,53.572,0.019413132768670162,500,0.059016408179422275,risk_reducing_not_nominal_control
0.1,6.0,0.1,100,block_bh,73.756,57.386,0.24299501240423876,0.55,28.852,0.257831996812825,500,0.14299501240423876,risk_reducing_not_nominal_control
0.1,6.0,0.1,100,block_by_cap1,0.0,0.0,0.0,0.0,0.0,0.0,500,-0.1,empirical_mean_fdp_le_alpha
0.1,6.0,0.1,100,by,10.794,9.786,0.011958127122135561,0.01,2.46,0.0486596367938984,500,-0.08804187287786444,empirical_mean_fdp_le_alpha
0.1,6.0,0.1,100,chemdeprc_cap1,46.602,41.102,0.1600774365903332,0.596,46.602,0.02544422697590645,500,0.06007743659033318,risk_reducing_not_nominal_control
0.1,6.0,0.1,100,chemdeprc_scorecap1,46.602,41.102,0.1600774365903332,0.596,46.602,0.02544422697590645,500,0.06007743659033318,risk_reducing_not_nominal_control
0.1,6.0,0.1,100,hier_bh_cap1,46.602,41.102,0.1600774365903332,0.596,46.602,0.02544422697590645,500,0.06007743659033318,risk_reducing_not_nominal_control
0.1,6.0,0.1,100,minp_block_bh_cap1,28.054,25.516,0.08115342138100878,0.358,28.054,0.03016804912509412,500,-0.018846578618991222,empirical_mean_fdp_le_alpha
0.1,6.0,0.1,100,score_cap1,100.0,71.608,0.28392,0.8,100.0,0.01,500,0.18392,risk_reducing_not_nominal_control
0.1,6.0,0.1,100,weighted_bh,45.192,38.958,0.13893202015513914,0.462,31.96,0.06389824882602459,500,0.038932020155139135,risk_reducing_not_nominal_control
0.1,6.0,0.1,50,bh,44.994,31.88,0.26236772108843537,0.544,18.468,0.2964231972789116,500,0.16236772108843536,risk_reducing_not_nominal_control
0.1,6.0,0.1,50,bh_cap1,37.66,32.758,0.1439091038975707,0.5,37.66,0.023125124037961554,500,0.04390910389757069,risk_reducing_not_nominal_control
0.1,6.0,0.1,50,block_bh,43.836,30.91,0.26750142407840616,0.546,18.012,0.30238709584686935,500,0.16750142407840615,risk_reducing_not_nominal_control
0.1,6.0,0.1,50,block_by_cap1,0.0,0.0,0.0,0.0,0.0,0.0,500,-0.1,empirical_mean_fdp_le_alpha
0.1,6.0,0.1,50,by,5.5,4.93,0.0114,0.01,1.25,0.06832,500,-0.08860000000000001,empirical_mean_fdp_le_alpha
0.1,6.0,0.1,50,chemdeprc_cap1,34.186,30.416,0.14336725165953004,0.496,34.186,0.028563297557176733,500,0.04336725165953004,risk_reducing_not_nominal_control
0.1,6.0,0.1,50,chemdeprc_scorecap1,34.186,30.176,0.14816725165953,0.496,34.186,0.028563297557176733,500,0.04816725165953001,risk_reducing_not_nominal_control
0.1,6.0,0.1,50,hier_bh_cap1,34.186,30.416,0.14336725165953004,0.496,34.186,0.028563297557176733,500,0.04336725165953004,risk_reducing_not_nominal_control
0.1,6.0,0.1,50,minp_block_bh_cap1,24.168,22.404,0.07145543160816209,0.258,24.168,0.03134493007416476,500,-0.028544568391837916,empirical_mean_fdp_le_alpha
0.1,6.0,0.1,50,score_cap1,50.0,41.526,0.16948000000000002,0.572,50.0,0.02,500,0.06948000000000001,risk_reducing_not_nominal_control
0.1,6.0,0.1,50,weighted_bh,27.728,23.99,0.12086878196451271,0.358,23.812,0.05866191914923713,500,0.02086878196451271,risk_reducing_not_nominal_control
0.1,6.0,0.2,100,bh,98.294,78.78,0.2087304024505764,0.268,37.696,0.25297478774753257,500,0.00873040245057638,risk_reducing_not_nominal_control
0.1,6.0,0.2,100,bh_cap1,78.046,64.414,0.20896400928871223,0.376,78.046,0.014595974122117186,500,0.008964009288712216,risk_reducing_not_nominal_control
0.1,6.0,0.2,100,block_bh,97.488,77.59,0.21415920024509452,0.308,37.058,0.25962265375046006,500,0.014159200245094511,risk_reducing_not_nominal_control
0.1,6.0,0.2,100,block_by_cap1,10.792,10.292,0.00800540478420279,0.0,10.792,0.0039165688193278465,500,-0.19199459521579723,empirical_mean_fdp_le_alpha
0.1,6.0,0.2,100,by,29.996,21.828,0.1268714345794342,0.158,8.206,0.1583342788554189,500,-0.07312856542056581,empirical_mean_fdp_le_alpha
0.1,6.0,0.2,100,chemdeprc_cap1,69.768,59.178,0.19373315166969948,0.348,69.768,0.018199060039570874,500,-0.0062668483303005285,empirical_mean_fdp_le_alpha
0.1,6.0,0.2,100,chemdeprc_scorecap1,69.768,59.278,0.19273315166969948,0.348,69.768,0.018199060039570874,500,-0.007266848330300529,empirical_mean_fdp_le_alpha
0.1,6.0,0.2,100,hier_bh_cap1,69.768,59.178,0.19373315166969948,0.348,69.768,0.018199060039570874,500,-0.0062668483303005285,empirical_mean_fdp_le_alpha
0.1,6.0,0.2,100,minp_block_bh_cap1,60.106,51.792,0.17510806273243953,0.216,60.106,0.021635308107274084,500,-0.024891937267560477,empirical_mean_fdp_le_alpha
0.1,6.0,0.2,100,score_cap1,100.0,71.608,0.28392,0.6,100.0,0.01,500,0.08392,risk_reducing_not_nominal_control
0.1,6.0,0.2,100,weighted_bh,92.986,70.51,0.2505568296690741,0.524,62.996,0.09307072976746611,500,0.0505568296690741,risk_reducing_not_nominal_control
0.1,6.0,0.2,50,bh,50.0,35.57,0.2886,0.534,20.18,0.31839999999999996,500,0.08860000000000001,risk_reducing_not_nominal_control
0.1,6.0,0.2,50,bh_cap1,47.92,40.91,0.16175732061539452,0.2,47.92,0.02121848566105661,500,-0.03824267938460549,empirical_mean_fdp_le_alpha
0.1,6.0,0.2,50,block_bh,50.0,35.576,0.28848,0.536,20.112,0.31872,500,0.08848,risk_reducing_not_nominal_control
0.1,6.0,0.2,50,block_by_cap1,9.148,9.032,0.002531334575804229,0.0,9.148,0.004411311887205249,500,-0.19746866542419578,empirical_mean_fdp_le_alpha
0.1,6.0,0.2,50,by,17.75,10.97,0.13806215715327766,0.158,4.274,0.20909808437783248,500,-0.06193784284672235,empirical_mean_fdp_le_alpha
0.1,6.0,0.2,50,chemdeprc_cap1,45.244,39.214,0.1601229573524926,0.2,45.244,0.023758921188756266,500,-0.03987704264750741,empirical_mean_fdp_le_alpha
0.1,6.0,0.2,50,chemdeprc_scorecap1,45.244,39.038,0.16364295735249257,0.2,45.244,0.023758921188756266,500,-0.03635704264750744,empirical_mean_fdp_le_alpha
0.1,6.0,0.2,50,hier_bh_cap1,45.244,39.214,0.1601229573524926,0.2,45.244,0.023758921188756266,500,-0.03987704264750741,empirical_mean_fdp_le_alpha
0.1,6.0,0.2,50,minp_block_bh_cap1,43.946,38.79,0.14547759234588672,0.202,43.946,0.025574487722936908,500,-0.054522407654113286,empirical_mean_fdp_le_alpha
0.1,6.0,0.2,50,score_cap1,50.0,41.526,0.16948000000000002,0.2,50.0,0.02,500,-0.03051999999999999,empirical_mean_fdp_le_alpha
0.1,6.0,0.2,50,weighted_bh,49.952,40.268,0.19400100131752304,0.36,40.752,0.08292322353974528,500,-0.005998998682476969,empirical_mean_fdp_le_alpha
0.1,6.0,0.7,100,bh,100.0,79.064,0.20936000000000002,0.1,38.912,0.2497,500,-0.49063999999999997,empirical_mean_fdp_le_alpha
0.1,6.0,0.7,100,bh_cap1,98.79,71.25,0.2808935098051558,0.1,98.79,0.010137300903410966,500,-0.41910649019484414,empirical_mean_fdp_le_alpha
0.1,6.0,0.7,100,block_bh,100.0,79.064,0.20936000000000002,0.1,38.898,0.24972,500,-0.49063999999999997,empirical_mean_fdp_le_alpha
0.1,6.0,0.7,100,block_by_cap1,49.324,43.146,0.16235376809981755,0.0,49.324,0.022816729174012017,500,-0.5376462319001825,empirical_mean_fdp_le_alpha
0.1,6.0,0.7,100,by,84.772,67.778,0.19338849622632187,0.1,32.52,0.24430014459372698,500,-0.506611503773678,empirical_mean_fdp_le_alpha
0.1,6.0,0.7,100,chemdeprc_cap1,96.622,70.242,0.2820185913620256,0.1,96.622,0.010411095732641406,500,-0.41798140863797434,empirical_mean_fdp_le_alpha
0.1,6.0,0.7,100,chemdeprc_scorecap1,96.622,70.618,0.27825859136202563,0.1,96.622,0.010411095732641406,500,-0.4217414086379743,empirical_mean_fdp_le_alpha
0.1,6.0,0.7,100,hier_bh_cap1,96.622,70.242,0.2820185913620256,0.1,96.622,0.010411095732641406,500,-0.41798140863797434,empirical_mean_fdp_le_alpha
0.1,6.0,0.7,100,minp_block_bh_cap1,94.056,69.056,0.27851052316942065,0.092,94.056,0.010811197594013807,500,-0.4214894768305793,empirical_mean_fdp_le_alpha
0.1,6.0,0.7,100,score_cap1,100.0,71.608,0.28392,0.1,100.0,0.01,500,-0.41607999999999995,empirical_mean_fdp_le_alpha
0.1,6.0,0.7,100,weighted_bh,100.0,74.788,0.25212,0.1,68.146,0.08934,500,-0.44787999999999994,empirical_mean_fdp_le_alpha
0.1,6.0,0.7,50,bh,50.0,35.57,0.2886,0.164,20.18,0.31839999999999996,500,-0.41139999999999993,empirical_mean_fdp_le_alpha
0.1,6.0,0.7,50,bh_cap1,50.0,41.526,0.16948000000000002,0.0,50.0,0.02,500,-0.5305199999999999,empirical_mean_fdp_le_alpha
0.1,6.0,0.7,50,block_bh,50.0,35.57,0.2886,0.164,20.18,0.31839999999999996,500,-0.41139999999999993,empirical_mean_fdp_le_alpha
0.1,6.0,0.7,50,block_by_cap1,35.484,31.39,0.1420629147613189,0.0,35.484,0.02620313577507993,500,-0.557937085238681,empirical_mean_fdp_le_alpha
0.1,6.0,0.7,50,by,44.994,31.88,0.26236772108843537,0.164,18.468,0.2964231972789116,500,-0.4376322789115646,empirical_mean_fdp_le_alpha
0.1,6.0,0.7,50,chemdeprc_cap1,50.0,41.814,0.16372,0.0,50.0,0.02,500,-0.53628,empirical_mean_fdp_le_alpha
0.1,6.0,0.7,50,chemdeprc_scorecap1,50.0,41.546,0.16908,0.0,50.0,0.02,500,-0.53092,empirical_mean_fdp_le_alpha
0.1,6.0,0.7,50,hier_bh_cap1,50.0,41.814,0.16372,0.0,50.0,0.02,500,-0.53628,empirical_mean_fdp_le_alpha
0.1,6.0,0.7,50,minp_block_bh_cap1,50.0,41.64,0.16720000000000002,0.0,50.0,0.02,500,-0.5327999999999999,empirical_mean_fdp_le_alpha
0.1,6.0,0.7,50,score_cap1,50.0,41.526,0.16948000000000002,0.0,50.0,0.02,500,-0.5305199999999999,empirical_mean_fdp_le_alpha
0.1,6.0,0.7,50,weighted_bh,50.0,40.316,0.19368000000000002,0.084,40.772,0.08292000000000001,500,-0.5063199999999999,empirical_mean_fdp_le_alpha
0.2,2.0,0.01,100,bh,0.0,0.0,0.0,0.0,0.0,0.0,500,-0.01,empirical_mean_fdp_le_alpha
0.2,2.0,0.01,100,bh_cap1,0.0,0.0,0.0,0.0,0.0,0.0,500,-0.01,empirical_mean_fdp_le_alpha
0.2,2.0,0.01,100,block_bh,0.0,0.0,0.0,0.0,0.0,0.0,500,-0.01,empirical_mean_fdp_le_alpha
0.2,2.0,0.01,100,block_by_cap1,0.0,0.0,0.0,0.0,0.0,0.0,500,-0.01,empirical_mean_fdp_le_alpha
0.2,2.0,0.01,100,by,0.0,0.0,0.0,0.0,0.0,0.0,500,-0.01,empirical_mean_fdp_le_alpha
0.2,2.0,0.01,100,chemdeprc_cap1,0.0,0.0,0.0,0.0,0.0,0.0,500,-0.01,empirical_mean_fdp_le_alpha
0.2,2.0,0.01,100,chemdeprc_scorecap1,0.0,0.0,0.0,0.0,0.0,0.0,500,-0.01,empirical_mean_fdp_le_alpha
0.2,2.0,0.01,100,hier_bh_cap1,0.0,0.0,0.0,0.0,0.0,0.0,500,-0.01,empirical_mean_fdp_le_alpha
0.2,2.0,0.01,100,minp_block_bh_cap1,0.0,0.0,0.0,0.0,0.0,0.0,500,-0.01,empirical_mean_fdp_le_alpha
0.2,2.0,0.01,100,score_cap1,100.0,71.468,0.28532,1.0,100.0,0.01,500,0.27532,risk_reducing_not_nominal_control
0.2,2.0,0.01,100,weighted_bh,0.0,0.0,0.0,0.0,0.0,0.0,500,-0.01,empirical_mean_fdp_le_alpha
0.2,2.0,0.01,50,bh,0.0,0.0,0.0,0.0,0.0,0.0,500,-0.01,empirical_mean_fdp_le_alpha
0.2,2.0,0.01,50,bh_cap1,0.0,0.0,0.0,0.0,0.0,0.0,500,-0.01,empirical_mean_fdp_le_alpha
0.2,2.0,0.01,50,block_bh,0.0,0.0,0.0,0.0,0.0,0.0,500,-0.01,empirical_mean_fdp_le_alpha
0.2,2.0,0.01,50,block_by_cap1,0.0,0.0,0.0,0.0,0.0,0.0,500,-0.01,empirical_mean_fdp_le_alpha
0.2,2.0,0.01,50,by,0.0,0.0,0.0,0.0,0.0,0.0,500,-0.01,empirical_mean_fdp_le_alpha
0.2,2.0,0.01,50,chemdeprc_cap1,0.0,0.0,0.0,0.0,0.0,0.0,500,-0.01,empirical_mean_fdp_le_alpha
0.2,2.0,0.01,50,chemdeprc_scorecap1,0.0,0.0,0.0,0.0,0.0,0.0,500,-0.01,empirical_mean_fdp_le_alpha
0.2,2.0,0.01,50,hier_bh_cap1,0.0,0.0,0.0,0.0,0.0,0.0,500,-0.01,empirical_mean_fdp_le_alpha
0.2,2.0,0.01,50,minp_block_bh_cap1,0.0,0.0,0.0,0.0,0.0,0.0,500,-0.01,empirical_mean_fdp_le_alpha
0.2,2.0,0.01,50,score_cap1,50.0,42.556,0.14887999999999998,0.728,50.0,0.02,500,0.13887999999999998,risk_reducing_not_nominal_control
0.2,2.0,0.01,50,weighted_bh,0.0,0.0,0.0,0.0,0.0,0.0,500,-0.01,empirical_mean_fdp_le_alpha
0.2,2.0,0.025,100,bh,20.0,19.834,0.0016600000000000002,0.022,5.2,0.09978000000000001,500,-0.02334,empirical_mean_fdp_le_alpha
0.2,2.0,0.025,100,bh_cap1,10.8,10.478,0.0049617647058823496,0.1,10.8,0.00397058823529411,500,-0.020038235294117652,empirical_mean_fdp_le_alpha
0.2,2.0,0.025,100,block_bh,10.0,9.834,0.0016600000000000002,0.022,2.256,0.047560000000000005,500,-0.02334,empirical_mean_fdp_le_alpha
0.2,2.0,0.025,100,block_by_cap1,0.0,0.0,0.0,0.0,0.0,0.0,500,-0.025,empirical_mean_fdp_le_alpha
0.2,2.0,0.025,100,by,0.0,0.0,0.0,0.0,0.0,0.0,500,-0.025,empirical_mean_fdp_le_alpha
0.2,2.0,0.025,100,chemdeprc_cap1,3.422,3.4,0.000628571428571427,0.022,3.422,0.0029226890756302464,500,-0.024371428571428575,empirical_mean_fdp_le_alpha
0.2,2.0,0.025,100,chemdeprc_scorecap1,3.422,3.4,0.000628571428571427,0.022,3.422,0.0029226890756302464,500,-0.024371428571428575,empirical_mean_fdp_le_alpha
0.2,2.0,0.025,100,hier_bh_cap1,3.422,3.4,0.000628571428571427,0.022,3.422,0.0029226890756302464,500,-0.024371428571428575,empirical_mean_fdp_le_alpha
0.2,2.0,0.025,100,minp_block_bh_cap1,0.0,0.0,0.0,0.0,0.0,0.0,500,-0.025,empirical_mean_fdp_le_alpha
0.2,2.0,0.025,100,score_cap1,100.0,71.468,0.28532,1.0,100.0,0.01,500,0.26032,risk_reducing_not_nominal_control
0.2,2.0,0.025,100,weighted_bh,0.0,0.0,0.0,0.0,0.0,0.0,500,-0.025,empirical_mean_fdp_le_alpha
0.2,2.0,0.025,50,bh,10.0,9.934,0.0013199999999999998,0.022,2.322,0.13956,500,-0.023680000000000003,empirical_mean_fdp_le_alpha
0.2,2.0,0.025,50,bh_cap1,9.0,8.978,0.00055,0.0,9.0,0.0045,500,-0.024450000000000003,empirical_mean_fdp_le_alpha
0.2,2.0,0.025,50,block_bh,5.0,4.934,0.0013199999999999998,0.022,1.122,0.06556000000000001,500,-0.023680000000000003,empirical_mean_fdp_le_alpha
0.2,2.0,0.025,50,block_by_cap1,0.0,0.0,0.0,0.0,0.0,0.0,500,-0.025,empirical_mean_fdp_le_alpha
0.2,2.0,0.025,50,by,0.0,0.0,0.0,0.0,0.0,0.0,500,-0.025,empirical_mean_fdp_le_alpha
0.2,2.0,0.025,50,chemdeprc_cap1,3.422,3.4,0.000628571428571427,0.022,3.422,0.0029226890756302464,500,-0.024371428571428575,empirical_mean_fdp_le_alpha
0.2,2.0,0.025,50,chemdeprc_scorecap1,3.422,3.4,0.000628571428571427,0.022,3.422,0.0029226890756302464,500,-0.024371428571428575,empirical_mean_fdp_le_alpha
0.2,2.0,0.025,50,hier_bh_cap1,3.422,3.4,0.000628571428571427,0.022,3.422,0.0029226890756302464,500,-0.024371428571428575,empirical_mean_fdp_le_alpha
0.2,2.0,0.025,50,minp_block_bh_cap1,0.0,0.0,0.0,0.0,0.0,0.0,500,-0.025,empirical_mean_fdp_le_alpha
0.2,2.0,0.025,50,score_cap1,50.0,42.556,0.14887999999999998,0.7,50.0,0.02,500,0.12387999999999999,risk_reducing_not_nominal_control
0.2,2.0,0.025,50,weighted_bh,0.0,0.0,0.0,0.0,0.0,0.0,500,-0.025,empirical_mean_fdp_le_alpha
0.2,2.0,0.05,100,bh,39.614,37.646,0.04185541109050017,0.198,15.74,0.1593307463798427,500,-0.00814458890949983,empirical_mean_fdp_le_alpha
0.2,2.0,0.05,100,bh_cap1,26.49,25.23,0.034787070111244336,0.136,26.49,0.013723369826632891,500,-0.015212929888755666,empirical_mean_fdp_le_alpha
0.2,2.0,0.05,100,block_bh,31.832,31.044,0.0271737566137566,0.134,11.766,0.13802867724867723,500,-0.0228262433862434,empirical_mean_fdp_le_alpha
0.2,2.0,0.05,100,block_by_cap1,0.0,0.0,0.0,0.0,0.0,0.0,500,-0.05,empirical_mean_fdp_le_alpha
0.2,2.0,0.05,100,by,0.0,0.0,0.0,0.0,0.0,0.0,500,-0.05,empirical_mean_fdp_le_alpha
0.2,2.0,0.05,100,chemdeprc_cap1,18.344,17.582,0.03514975135467125,0.1,18.344,0.015389956610894817,500,-0.014850248645328752,empirical_mean_fdp_le_alpha
0.2,2.0,0.05,100,chemdeprc_scorecap1,18.344,17.582,0.03514975135467125,0.1,18.344,0.015389956610894817,500,-0.014850248645328752,empirical_mean_fdp_le_alpha
0.2,2.0,0.05,100,hier_bh_cap1,18.344,17.582,0.03514975135467125,0.1,18.344,0.015389956610894817,500,-0.014850248645328752,empirical_mean_fdp_le_alpha
0.2,2.0,0.05,100,minp_block_bh_cap1,7.5,7.2,0.006818181818181809,0.1,7.5,0.005498533724340169,500,-0.043181818181818196,empirical_mean_fdp_le_alpha
0.2,2.0,0.05,100,score_cap1,100.0,71.468,0.28532,0.9,100.0,0.01,500,0.23532000000000003,risk_reducing_not_nominal_control
0.2,2.0,0.05,100,weighted_bh,10.2,9.9,0.006818181818181809,0.1,9.0,0.009169278996865201,500,-0.043181818181818196,empirical_mean_fdp_le_alpha
0.2,2.0,0.05,50,bh,24.6,23.016,0.041227115464557484,0.22,10.562,0.1920301128956798,500,-0.008772884535442518,empirical_mean_fdp_le_alpha
0.2,2.0,0.05,50,bh_cap1,20.476,19.684,0.03021763688012006,0.128,20.476,0.015330154411183548,500,-0.019782363119879944,empirical_mean_fdp_le_alpha
0.2,2.0,0.05,50,block_bh,16.832,16.18,0.029013756613756603,0.156,6.442,0.17044867724867727,500,-0.0209862433862434,empirical_mean_fdp_le_alpha
0.2,2.0,0.05,50,block_by_cap1,0.0,0.0,0.0,0.0,0.0,0.0,500,-0.05,empirical_mean_fdp_le_alpha
0.2,2.0,0.05,50,by,0.0,0.0,0.0,0.0,0.0,0.0,500,-0.05,empirical_mean_fdp_le_alpha
0.2,2.0,0.05,50,chemdeprc_cap1,15.826,15.364,0.031066060606060604,0.1,15.826,0.016160606060606056,500,-0.0189339393939394,empirical_mean_fdp_le_alpha
0.2,2.0,0.05,50,chemdeprc_scorecap1,15.826,15.364,0.031066060606060604,0.1,15.826,0.016160606060606056,500,-0.0189339393939394,empirical_mean_fdp_le_alpha
0.2,2.0,0.05,50,hier_bh_cap1,15.826,15.364,0.031066060606060604,0.1,15.826,0.016160606060606056,500,-0.0189339393939394,empirical_mean_fdp_le_alpha
0.2,2.0,0.05,50,minp_block_bh_cap1,7.5,7.2,0.006818181818181809,0.1,7.5,0.005498533724340169,500,-0.043181818181818196,empirical_mean_fdp_le_alpha
0.2,2.0,0.05,50,score_cap1,50.0,42.556,0.14887999999999998,0.6,50.0,0.02,500,0.09887999999999998,risk_reducing_not_nominal_control
0.2,2.0,0.05,50,weighted_bh,9.4,9.1,0.006818181818181809,0.1,8.2,0.01027272727272727,500,-0.043181818181818196,empirical_mean_fdp_le_alpha
0.2,2.0,0.1,100,bh,71.9,65.552,0.11808307659501088,0.354,30.258,0.24963978459676267,500,0.018083076595010877,risk_reducing_not_nominal_control
0.2,2.0,0.1,100,bh_cap1,50.712,45.874,0.11960181705779245,0.542,50.712,0.023140096778940893,500,0.019601817057792445,risk_reducing_not_nominal_control
0.2,2.0,0.1,100,block_bh,61.38,56.088,0.12577558507376427,0.372,26.68,0.24365008950164488,500,0.025775585073764262,risk_reducing_not_nominal_control
0.2,2.0,0.1,100,block_by_cap1,0.0,0.0,0.0,0.0,0.0,0.0,500,-0.1,empirical_mean_fdp_le_alpha
0.2,2.0,0.1,100,by,10.0,9.834,0.0016600000000000002,0.0,2.2,0.04678,500,-0.09834000000000001,empirical_mean_fdp_le_alpha
0.2,2.0,0.1,100,chemdeprc_cap1,42.928,39.962,0.08831064118376744,0.29,42.928,0.033429967412468134,500,-0.011689358816232565,empirical_mean_fdp_le_alpha
0.2,2.0,0.1,100,chemdeprc_scorecap1,42.928,39.962,0.08831064118376744,0.29,42.928,0.033429967412468134,500,-0.011689358816232565,empirical_mean_fdp_le_alpha
0.2,2.0,0.1,100,hier_bh_cap1,42.928,39.962,0.08831064118376744,0.29,42.928,0.033429967412468134,500,-0.011689358816232565,empirical_mean_fdp_le_alpha
0.2,2.0,0.1,100,minp_block_bh_cap1,27.178,25.3,0.05687478114582922,0.3,27.178,0.034373778893409423,500,-0.04312521885417078,empirical_mean_fdp_le_alpha
0.2,2.0,0.1,100,score_cap1,100.0,71.468,0.28532,0.8,100.0,0.01,500,0.18532,risk_reducing_not_nominal_control
0.2,2.0,0.1,100,weighted_bh,41.202,38.408,0.05581159971806832,0.224,29.726,0.060972721984252326,500,-0.04418840028193169,empirical_mean_fdp_le_alpha
0.2,2.0,0.1,50,bh,41.702,36.994,0.11889689682735445,0.324,19.956,0.2606505131614257,500,0.018896896827354445,risk_reducing_not_nominal_control
0.2,2.0,0.1,50,bh_cap1,35.826,32.944,0.09937671553322357,0.442,35.826,0.02665391871525322,500,-0.0006232844667764387,empirical_mean_fdp_le_alpha
0.2,2.0,0.1,50,block_bh,37.036,33.07,0.11812107238911534,0.328,17.738,0.2693578914080826,500,0.01812107238911534,risk_reducing_not_nominal_control
0.2,2.0,0.1,50,block_by_cap1,0.0,0.0,0.0,0.0,0.0,0.0,500,-0.1,empirical_mean_fdp_le_alpha
0.2,2.0,0.1,50,by,5.0,4.934,0.0013199999999999998,0.0,1.122,0.06556000000000001,500,-0.09868,empirical_mean_fdp_le_alpha
0.2,2.0,0.1,50,chemdeprc_cap1,32.144,30.504,0.07242774494870446,0.248,32.144,0.03623200999899649,500,-0.02757225505129554,empirical_mean_fdp_le_alpha
0.2,2.0,0.1,50,chemdeprc_scorecap1,32.144,30.374,0.07502774494870446,0.29,32.144,0.03623200999899649,500,-0.02497225505129555,empirical_mean_fdp_le_alpha
0.2,2.0,0.1,50,hier_bh_cap1,32.144,30.504,0.07242774494870446,0.248,32.144,0.03623200999899649,500,-0.02757225505129554,empirical_mean_fdp_le_alpha
0.2,2.0,0.1,50,minp_block_bh_cap1,23.554,22.2,0.05077786336389481,0.2,23.554,0.03548422890707811,500,-0.049222136636105196,empirical_mean_fdp_le_alpha
0.2,2.0,0.1,50,score_cap1,50.0,42.556,0.14887999999999998,0.474,50.0,0.02,500,0.04887999999999998,risk_reducing_not_nominal_control
0.2,2.0,0.1,50,weighted_bh,24.454,23.114,0.04568158798859566,0.146,21.792,0.05492170602912289,500,-0.054318412011404346,empirical_mean_fdp_le_alpha
0.2,2.0,0.2,100,bh,94.022,84.344,0.13489361369765418,0.108,38.004,0.2537811725577541,500,-0.06510638630234583,empirical_mean_fdp_le_alpha
0.2,2.0,0.2,100,bh_cap1,76.196,64.034,0.19074801511729023,0.314,76.196,0.015928057215991897,500,-0.009251984882709785,empirical_mean_fdp_le_alpha
0.2,2.0,0.2,100,block_bh,91.38,81.504,0.1423050858029742,0.158,36.748,0.27263140967244787,500,-0.0576949141970258,empirical_mean_fdp_le_alpha
0.2,2.0,0.2,100,block_by_cap1,10.6,10.278,0.005151969981238268,0.0,10.6,0.00397748592870543,500,-0.19484803001876175,empirical_mean_fdp_le_alpha
0.2,2.0,0.2,100,by,20.0,19.834,0.0016600000000000002,0.0,5.2,0.09978000000000001,500,-0.19834000000000002,empirical_mean_fdp_le_alpha
0.2,2.0,0.2,100,chemdeprc_cap1,67.296,58.998,0.15555521059148053,0.196,67.296,0.020193641553253292,500,-0.04444478940851948,empirical_mean_fdp_le_alpha
0.2,2.0,0.2,100,chemdeprc_scorecap1,67.296,59.098,0.15455521059148053,0.196,67.296,0.020193641553253292,500,-0.04544478940851948,empirical_mean_fdp_le_alpha
0.2,2.0,0.2,100,hier_bh_cap1,67.296,58.998,0.15555521059148053,0.196,67.296,0.020193641553253292,500,-0.04444478940851948,empirical_mean_fdp_le_alpha
0.2,2.0,0.2,100,minp_block_bh_cap1,57.754,51.322,0.14323242224140426,0.204,57.754,0.024132681158746096,500,-0.056767577758595755,empirical_mean_fdp_le_alpha
0.2,2.0,0.2,100,score_cap1,100.0,71.468,0.28532,0.6,100.0,0.01,500,0.08532000000000001,risk_reducing_not_nominal_control
0.2,2.0,0.2,100,weighted_bh,75.584,66.876,0.14895588829756345,0.226,56.84,0.07428149066681232,500,-0.051044111702436556,empirical_mean_fdp_le_alpha
0.2,2.0,0.2,50,bh,48.992,43.016,0.13185498839399,0.198,22.79,0.2798458067249188,500,-0.06814501160601,empirical_mean_fdp_le_alpha
0.2,2.0,0.2,50,bh_cap1,46.924,41.738,0.12959920334217234,0.202,46.924,0.022417373276446724,500,-0.07040079665782767,empirical_mean_fdp_le_alpha
0.2,2.0,0.2,50,block_bh,49.256,43.036,0.1336293748821282,0.19,22.396,0.28636655747990075,500,-0.06637062511787181,empirical_mean_fdp_le_alpha
0.2,2.0,0.2,50,block_by_cap1,9.1,9.078,0.000536585365853658,0.0,9.1,0.0044390243902439,500,-0.19946341463414635,empirical_mean_fdp_le_alpha
0.2,2.0,0.2,50,by,10.0,9.934,0.0013199999999999998,0.0,2.322,0.13956,500,-0.19868000000000002,empirical_mean_fdp_le_alpha
0.2,2.0,0.2,50,chemdeprc_cap1,44.22,40.154,0.11766422969373648,0.182,44.22,0.025434424422000248,500,-0.08233577030626353,empirical_mean_fdp_le_alpha
0.2,2.0,0.2,50,chemdeprc_scorecap1,44.22,40.054,0.11966422969373647,0.182,44.22,0.025434424422000248,500,-0.08033577030626354,empirical_mean_fdp_le_alpha
0.2,2.0,0.2,50,hier_bh_cap1,44.22,40.154,0.11766422969373648,0.182,44.22,0.025434424422000248,500,-0.08233577030626353,empirical_mean_fdp_le_alpha
0.2,2.0,0.2,50,minp_block_bh_cap1,42.698,38.682,0.12038699474698013,0.204,42.698,0.027868811548455767,500,-0.07961300525301988,empirical_mean_fdp_le_alpha
0.2,2.0,0.2,50,score_cap1,50.0,42.556,0.14887999999999998,0.202,50.0,0.02,500,-0.051120000000000027,empirical_mean_fdp_le_alpha
0.2,2.0,0.2,50,weighted_bh,46.092,41.194,0.12239273753047095,0.176,40.344,0.07056891931982395,500,-0.07760726246952906,empirical_mean_fdp_le_alpha
0.2,2.0,0.7,100,bh,100.0,85.048,0.14952000000000001,0.1,41.264,0.24036000000000002,500,-0.55048,empirical_mean_fdp_le_alpha
0.2,2.0,0.7,100,bh_cap1,98.978,71.15,0.2828356322377581,0.1,98.978,0.010114697349357332,500,-0.41716436776224186,empirical_mean_fdp_le_alpha
0.2,2.0,0.7,100,block_bh,100.0,85.052,0.14948000000000003,0.1,41.242,0.24042,500,-0.5505199999999999,empirical_mean_fdp_le_alpha
0.2,2.0,0.7,100,block_by_cap1,47.236,43.158,0.10751557204446803,0.0,47.236,0.02647172741159202,500,-0.5924844279555319,empirical_mean_fdp_le_alpha
0.2,2.0,0.7,100,by,74.226,67.712,0.11476399681884131,0.0,30.806,0.2515072083947482,500,-0.5852360031811586,empirical_mean_fdp_le_alpha
0.2,2.0,0.7,100,chemdeprc_cap1,97.386,70.55,0.2817887132715845,0.1,97.386,0.010309779702691218,500,-0.41821128672841545,empirical_mean_fdp_le_alpha
0.2,2.0,0.7,100,chemdeprc_scorecap1,97.386,70.788,0.2794087132715845,0.1,97.386,0.010309779702691218,500,-0.42059128672841545,empirical_mean_fdp_le_alpha
0.2,2.0,0.7,100,hier_bh_cap1,97.386,70.55,0.2817887132715845,0.1,97.386,0.010309779702691218,500,-0.41821128672841545,empirical_mean_fdp_le_alpha
0.2,2.0,0.7,100,minp_block_bh_cap1,93.706,69.352,0.2741523819946059,0.06,93.706,0.010880330866312644,500,-0.42584761800539406,empirical_mean_fdp_le_alpha
0.2,2.0,0.7,100,score_cap1,100.0,71.468,0.28532,0.1,100.0,0.01,500,-0.41467999999999994,empirical_mean_fdp_le_alpha
0.2,2.0,0.7,100,weighted_bh,100.0,80.306,0.19694,0.1,73.324,0.06522,500,-0.50306,empirical_mean_fdp_le_alpha
0.2,2.0,0.7,50,bh,50.0,43.052,0.13896,0.076,23.398,0.2752,500,-0.56104,empirical_mean_fdp_le_alpha
0.2,2.0,0.7,50,bh_cap1,50.0,42.556,0.14887999999999998,0.0,50.0,0.02,500,-0.5511199999999999,empirical_mean_fdp_le_alpha
0.2,2.0,0.7,50,block_bh,50.0,43.052,0.13896,0.076,23.398,0.2752,500,-0.56104,empirical_mean_fdp_le_alpha
0.2,2.0,0.7,50,block_by_cap1,34.142,31.992,0.08482152540945642,0.0,34.142,0.029710347366179002,500,-0.6151784745905435,empirical_mean_fdp_le_alpha
0.2,2.0,0.7,50,by,42.568,37.758,0.11781761144221771,0.0,20.186,0.2616492044836681,500,-0.5821823885577823,empirical_mean_fdp_le_alpha
0.2,2.0,0.7,50,chemdeprc_cap1,50.0,42.792,0.14416,0.0,50.0,0.02,500,-0.5558399999999999,empirical_mean_fdp_le_alpha
0.2,2.0,0.7,50,chemdeprc_scorecap1,50.0,42.556,0.14887999999999998,0.0,50.0,0.02,500,-0.5511199999999999,empirical_mean_fdp_le_alpha
0.2,2.0,0.7,50,hier_bh_cap1,50.0,42.792,0.14416,0.0,50.0,0.02,500,-0.5558399999999999,empirical_mean_fdp_le_alpha
0.2,2.0,0.7,50,minp_block_bh_cap1,50.0,42.178,0.15644,0.0,50.0,0.02,500,-0.5435599999999999,empirical_mean_fdp_le_alpha
0.2,2.0,0.7,50,score_cap1,50.0,42.556,0.14887999999999998,0.0,50.0,0.02,500,-0.5511199999999999,empirical_mean_fdp_le_alpha
0.2,2.0,0.7,50,weighted_bh,50.0,42.65,0.147,0.0,42.77,0.07368000000000001,500,-0.5529999999999999,empirical_mean_fdp_le_alpha
0.2,4.0,0.01,100,bh,0.0,0.0,0.0,0.0,0.0,0.0,500,-0.01,empirical_mean_fdp_le_alpha
0.2,4.0,0.01,100,bh_cap1,0.0,0.0,0.0,0.0,0.0,0.0,500,-0.01,empirical_mean_fdp_le_alpha
0.2,4.0,0.01,100,block_bh,0.0,0.0,0.0,0.0,0.0,0.0,500,-0.01,empirical_mean_fdp_le_alpha
0.2,4.0,0.01,100,block_by_cap1,0.0,0.0,0.0,0.0,0.0,0.0,500,-0.01,empirical_mean_fdp_le_alpha
0.2,4.0,0.01,100,by,0.0,0.0,0.0,0.0,0.0,0.0,500,-0.01,empirical_mean_fdp_le_alpha
0.2,4.0,0.01,100,chemdeprc_cap1,0.0,0.0,0.0,0.0,0.0,0.0,500,-0.01,empirical_mean_fdp_le_alpha
0.2,4.0,0.01,100,chemdeprc_scorecap1,0.0,0.0,0.0,0.0,0.0,0.0,500,-0.01,empirical_mean_fdp_le_alpha
0.2,4.0,0.01,100,hier_bh_cap1,0.0,0.0,0.0,0.0,0.0,0.0,500,-0.01,empirical_mean_fdp_le_alpha
0.2,4.0,0.01,100,minp_block_bh_cap1,0.0,0.0,0.0,0.0,0.0,0.0,500,-0.01,empirical_mean_fdp_le_alpha
0.2,4.0,0.01,100,score_cap1,100.0,70.99,0.2901,1.0,100.0,0.01,500,0.2801,risk_reducing_not_nominal_control
0.2,4.0,0.01,100,weighted_bh,0.0,0.0,0.0,0.0,0.0,0.0,500,-0.01,empirical_mean_fdp_le_alpha
0.2,4.0,0.01,50,bh,0.0,0.0,0.0,0.0,0.0,0.0,500,-0.01,empirical_mean_fdp_le_alpha
0.2,4.0,0.01,50,bh_cap1,0.0,0.0,0.0,0.0,0.0,0.0,500,-0.01,empirical_mean_fdp_le_alpha
0.2,4.0,0.01,50,block_bh,0.0,0.0,0.0,0.0,0.0,0.0,500,-0.01,empirical_mean_fdp_le_alpha
0.2,4.0,0.01,50,block_by_cap1,0.0,0.0,0.0,0.0,0.0,0.0,500,-0.01,empirical_mean_fdp_le_alpha
0.2,4.0,0.01,50,by,0.0,0.0,0.0,0.0,0.0,0.0,500,-0.01,empirical_mean_fdp_le_alpha
0.2,4.0,0.01,50,chemdeprc_cap1,0.0,0.0,0.0,0.0,0.0,0.0,500,-0.01,empirical_mean_fdp_le_alpha
0.2,4.0,0.01,50,chemdeprc_scorecap1,0.0,0.0,0.0,0.0,0.0,0.0,500,-0.01,empirical_mean_fdp_le_alpha
0.2,4.0,0.01,50,hier_bh_cap1,0.0,0.0,0.0,0.0,0.0,0.0,500,-0.01,empirical_mean_fdp_le_alpha
0.2,4.0,0.01,50,minp_block_bh_cap1,0.0,0.0,0.0,0.0,0.0,0.0,500,-0.01,empirical_mean_fdp_le_alpha
0.2,4.0,0.01,50,score_cap1,50.0,41.25,0.175,0.832,50.0,0.02,500,0.16499999999999998,risk_reducing_not_nominal_control
0.2,4.0,0.01,50,weighted_bh,0.0,0.0,0.0,0.0,0.0,0.0,500,-0.01,empirical_mean_fdp_le_alpha
0.2,4.0,0.025,100,bh,20.364,19.87,0.005252463768115942,0.032,5.31,0.10051130434782608,500,-0.01974753623188406,empirical_mean_fdp_le_alpha
0.2,4.0,0.025,100,bh_cap1,11.202,10.618,0.010224612355972895,0.106,11.202,0.004020423452248669,500,-0.014775387644027107,empirical_mean_fdp_le_alpha
0.2,4.0,0.025,100,block_bh,10.0,9.822,0.0017800000000000001,0.028,2.256,0.0475,500,-0.02322,empirical_mean_fdp_le_alpha
0.2,4.0,0.025,100,block_by_cap1,0.0,0.0,0.0,0.0,0.0,0.0,500,-0.025,empirical_mean_fdp_le_alpha
0.2,4.0,0.025,100,by,0.0,0.0,0.0,0.0,0.0,0.0,500,-0.025,empirical_mean_fdp_le_alpha
0.2,4.0,0.025,100,chemdeprc_cap1,3.436,3.4,0.0010253968253968232,0.034,3.436,0.002911017740429499,500,-0.02397460317460318,empirical_mean_fdp_le_alpha
0.2,4.0,0.025,100,chemdeprc_scorecap1,3.436,3.4,0.0010253968253968232,0.034,3.436,0.002911017740429499,500,-0.02397460317460318,empirical_mean_fdp_le_alpha
0.2,4.0,0.025,100,hier_bh_cap1,3.436,3.4,0.0010253968253968232,0.034,3.436,0.002911017740429499,500,-0.02397460317460318,empirical_mean_fdp_le_alpha
0.2,4.0,0.025,100,minp_block_bh_cap1,0.0,0.0,0.0,0.0,0.0,0.0,500,-0.025,empirical_mean_fdp_le_alpha
0.2,4.0,0.025,100,score_cap1,100.0,70.99,0.2901,1.0,100.0,0.01,500,0.2651,risk_reducing_not_nominal_control
0.2,4.0,0.025,100,weighted_bh,0.0,0.0,0.0,0.0,0.0,0.0,500,-0.025,empirical_mean_fdp_le_alpha
0.2,4.0,0.025,50,bh,10.2,9.954,0.00492,0.032,2.404,0.14032,500,-0.02008,empirical_mean_fdp_le_alpha
0.2,4.0,0.025,50,bh_cap1,9.224,9.118,0.003385470085470085,0.006,9.224,0.004587179487179487,500,-0.021614529914529917,empirical_mean_fdp_le_alpha
0.2,4.0,0.025,50,block_bh,5.0,4.922,0.00156,0.028,1.128,0.06544,500,-0.023440000000000003,empirical_mean_fdp_le_alpha
0.2,4.0,0.025,50,block_by_cap1,0.0,0.0,0.0,0.0,0.0,0.0,500,-0.025,empirical_mean_fdp_le_alpha
0.2,4.0,0.025,50,by,0.0,0.0,0.0,0.0,0.0,0.0,500,-0.025,empirical_mean_fdp_le_alpha
0.2,4.0,0.025,50,chemdeprc_cap1,3.436,3.4,0.0010253968253968232,0.034,3.436,0.002911017740429499,500,-0.02397460317460318,empirical_mean_fdp_le_alpha
0.2,4.0,0.025,50,chemdeprc_scorecap1,3.436,3.4,0.0010253968253968232,0.034,3.436,0.002911017740429499,500,-0.02397460317460318,empirical_mean_fdp_le_alpha
0.2,4.0,0.025,50,hier_bh_cap1,3.436,3.4,0.0010253968253968232,0.034,3.436,0.002911017740429499,500,-0.02397460317460318,empirical_mean_fdp_le_alpha
0.2,4.0,0.025,50,minp_block_bh_cap1,0.0,0.0,0.0,0.0,0.0,0.0,500,-0.025,empirical_mean_fdp_le_alpha
0.2,4.0,0.025,50,score_cap1,50.0,41.25,0.175,0.718,50.0,0.02,500,0.15,risk_reducing_not_nominal_control
0.2,4.0,0.025,50,weighted_bh,0.0,0.0,0.0,0.0,0.0,0.0,500,-0.025,empirical_mean_fdp_le_alpha
0.2,4.0,0.05,100,bh,55.486,41.082,0.20221666004755115,0.474,21.122,0.192864180836916,500,0.15221666004755113,risk_reducing_not_nominal_control
0.2,4.0,0.05,100,bh_cap1,32.764,28.164,0.13981620832902625,0.536,32.764,0.019226525229919515,500,0.08981620832902625,risk_reducing_not_nominal_control
0.2,4.0,0.05,100,block_bh,33.486,31.566,0.059198671811835225,0.156,12.344,0.16144653706668696,500,0.009198671811835223,risk_reducing_not_nominal_control
0.2,4.0,0.05,100,block_by_cap1,0.0,0.0,0.0,0.0,0.0,0.0,500,-0.05,empirical_mean_fdp_le_alpha
0.2,4.0,0.05,100,by,0.0,0.0,0.0,0.0,0.0,0.0,500,-0.05,empirical_mean_fdp_le_alpha
0.2,4.0,0.05,100,chemdeprc_cap1,19.084,18.0,0.04652649967662858,0.188,19.084,0.015477711795014452,500,-0.0034735003233714243,empirical_mean_fdp_le_alpha
0.2,4.0,0.05,100,chemdeprc_scorecap1,19.084,18.0,0.04652649967662858,0.188,19.084,0.015477711795014452,500,-0.0034735003233714243,empirical_mean_fdp_le_alpha
0.2,4.0,0.05,100,hier_bh_cap1,19.084,18.0,0.04652649967662858,0.188,19.084,0.015477711795014452,500,-0.0034735003233714243,empirical_mean_fdp_le_alpha
0.2,4.0,0.05,100,minp_block_bh_cap1,7.514,7.2,0.0072556818181818096,0.1,7.514,0.005484420821114364,500,-0.042744318181818196,empirical_mean_fdp_le_alpha
0.2,4.0,0.05,100,score_cap1,100.0,70.99,0.2901,0.924,100.0,0.01,500,0.24010000000000004,risk_reducing_not_nominal_control
0.2,4.0,0.05,100,weighted_bh,11.476,11.034,0.00776579934551839,0.1,9.736,0.009505239155504054,500,-0.042234200654481614,empirical_mean_fdp_le_alpha
0.2,4.0,0.05,50,bh,34.334,24.626,0.20080147510814747,0.494,14.468,0.2274953014794227,500,0.15080147510814745,risk_reducing_not_nominal_control
0.2,4.0,0.05,50,bh_cap1,26.242,22.444,0.1316399955840588,0.462,26.242,0.02094494479120035,500,0.08163999558405881,risk_reducing_not_nominal_control
0.2,4.0,0.05,50,block_bh,18.486,16.674,0.06187867181183523,0.186,7.0,0.193646537066687,500,0.011878671811835224,risk_reducing_not_nominal_control
0.2,4.0,0.05,50,block_by_cap1,0.0,0.0,0.0,0.0,0.0,0.0,500,-0.05,empirical_mean_fdp_le_alpha
0.2,4.0,0.05,50,by,0.0,0.0,0.0,0.0,0.0,0.0,500,-0.05,empirical_mean_fdp_le_alpha
0.2,4.0,0.05,50,chemdeprc_cap1,16.43,15.774,0.04073430791430791,0.104,16.43,0.016277089577089572,500,-0.009265692085692091,empirical_mean_fdp_le_alpha
0.2,4.0,0.05,50,chemdeprc_scorecap1,16.43,15.774,0.04073430791430791,0.104,16.43,0.016277089577089572,500,-0.009265692085692091,empirical_mean_fdp_le_alpha
0.2,4.0,0.05,50,hier_bh_cap1,16.43,15.774,0.04073430791430791,0.104,16.43,0.016277089577089572,500,-0.009265692085692091,empirical_mean_fdp_le_alpha
0.2,4.0,0.05,50,minp_block_bh_cap1,7.514,7.2,0.0072556818181818096,0.1,7.514,0.005484420821114364,500,-0.042744318181818196,empirical_mean_fdp_le_alpha
0.2,4.0,0.05,50,score_cap1,50.0,41.25,0.175,0.686,50.0,0.02,500,0.12499999999999999,risk_reducing_not_nominal_control
0.2,4.0,0.05,50,weighted_bh,9.724,9.376,0.007336363636363632,0.1,8.362,0.011205454545454544,500,-0.04266363636363637,empirical_mean_fdp_le_alpha
0.2,4.0,0.1,100,bh,86.572,66.022,0.21469763437873177,0.572,32.688,0.24364864532122193,500,0.11469763437873176,risk_reducing_not_nominal_control
0.2,4.0,0.1,100,bh_cap1,55.166,46.652,0.1835452207325835,0.6,55.166,0.017878437601275072,500,0.0835452207325835,risk_reducing_not_nominal_control
0.2,4.0,0.1,100,block_bh,77.656,59.162,0.23148397270469276,0.57,29.394,0.24500622338978276,500,0.13148397270469275,risk_reducing_not_nominal_control
0.2,4.0,0.1,100,block_by_cap1,0.0,0.0,0.0,0.0,0.0,0.0,500,-0.1,empirical_mean_fdp_le_alpha
0.2,4.0,0.1,100,by,10.0,9.822,0.0017800000000000001,0.0,2.206,0.04672,500,-0.09822,empirical_mean_fdp_le_alpha
0.2,4.0,0.1,100,chemdeprc_cap1,47.076,41.244,0.16257726707668363,0.584,47.076,0.023684414440923958,500,0.06257726707668362,risk_reducing_not_nominal_control
0.2,4.0,0.1,100,chemdeprc_scorecap1,47.076,41.244,0.16257726707668363,0.584,47.076,0.023684414440923958,500,0.06257726707668362,risk_reducing_not_nominal_control
0.2,4.0,0.1,100,hier_bh_cap1,47.076,41.244,0.16257726707668363,0.584,47.076,0.023684414440923958,500,0.06257726707668362,risk_reducing_not_nominal_control
0.2,4.0,0.1,100,minp_block_bh_cap1,28.016,25.522,0.08181881482932794,0.366,28.016,0.029951091306735785,500,-0.018181185170672062,empirical_mean_fdp_le_alpha
0.2,4.0,0.1,100,score_cap1,100.0,70.99,0.2901,0.816,100.0,0.01,500,0.19010000000000002,risk_reducing_not_nominal_control
0.2,4.0,0.1,100,weighted_bh,43.966,38.984,0.11859716524344431,0.424,31.628,0.060467310434291474,500,0.018597165243444305,risk_reducing_not_nominal_control
0.2,4.0,0.1,50,bh,45.0,33.448,0.23104,0.546,20.062,0.25780000000000003,500,0.13104,risk_reducing_not_nominal_control
0.2,4.0,0.1,50,bh_cap1,39.218,33.308,0.15903013905784485,0.5,39.218,0.02160152753705627,500,0.05903013905784485,risk_reducing_not_nominal_control
0.2,4.0,0.1,50,block_bh,43.51,32.424,0.23075189896696618,0.562,19.338,0.26123845564387593,500,0.13075189896696618,risk_reducing_not_nominal_control
0.2,4.0,0.1,50,block_by_cap1,0.0,0.0,0.0,0.0,0.0,0.0,500,-0.1,empirical_mean_fdp_le_alpha
0.2,4.0,0.1,50,by,5.0,4.922,0.00156,0.0,1.128,0.06544,500,-0.09844,empirical_mean_fdp_le_alpha
0.2,4.0,0.1,50,chemdeprc_cap1,35.208,31.102,0.1435191515998537,0.488,35.208,0.026720149487156553,500,0.0435191515998537,risk_reducing_not_nominal_control
0.2,4.0,0.1,50,chemdeprc_scorecap1,35.208,30.852,0.1485191515998537,0.488,35.208,0.026720149487156553,500,0.048519151599853705,risk_reducing_not_nominal_control
0.2,4.0,0.1,50,hier_bh_cap1,35.208,31.102,0.1435191515998537,0.488,35.208,0.026720149487156553,500,0.0435191515998537,risk_reducing_not_nominal_control
0.2,4.0,0.1,50,minp_block_bh_cap1,24.22,22.414,0.07350201853835803,0.266,24.22,0.031101564368641484,500,-0.02649798146164198,empirical_mean_fdp_le_alpha
0.2,4.0,0.1,50,score_cap1,50.0,41.25,0.175,0.594,50.0,0.02,500,0.07499999999999998,risk_reducing_not_nominal_control
0.2,4.0,0.1,50,weighted_bh,26.984,23.876,0.10563224012636138,0.336,23.586,0.054536633285255764,500,0.005632240126361376,risk_reducing_not_nominal_control
0.2,4.0,0.2,100,bh,99.956,76.636,0.2335598666941524,0.398,37.574,0.253766067477496,500,0.033559866694152396,risk_reducing_not_nominal_control
0.2,4.0,0.2,100,bh_cap1,81.356,64.86,0.2329739855003084,0.388,81.356,0.013214275548817985,500,0.03297398550030839,risk_reducing_not_nominal_control
0.2,4.0,0.2,100,block_bh,99.856,76.512,0.23458247168722568,0.422,37.478,0.25655817173750073,500,0.03458247168722567,risk_reducing_not_nominal_control
0.2,4.0,0.2,100,block_by_cap1,10.72,10.28,0.007067871966487053,0.0,10.72,0.003941377350326235,500,-0.19293212803351295,empirical_mean_fdp_le_alpha
0.2,4.0,0.2,100,by,26.672,21.396,0.07806219213886278,0.104,7.57,0.12269680704824318,500,-0.12193780786113723,empirical_mean_fdp_le_alpha
0.2,4.0,0.2,100,chemdeprc_cap1,72.414,60.1,0.20803039861460149,0.384,72.414,0.016245051273130716,500,0.008030398614601475,risk_reducing_not_nominal_control
0.2,4.0,0.2,100,chemdeprc_scorecap1,72.414,60.196,0.2070703986146015,0.384,72.414,0.016245051273130716,500,0.007070398614601486,risk_reducing_not_nominal_control
0.2,4.0,0.2,100,hier_bh_cap1,72.414,60.1,0.20803039861460149,0.384,72.414,0.016245051273130716,500,0.008030398614601475,risk_reducing_not_nominal_control
0.2,4.0,0.2,100,minp_block_bh_cap1,60.824,51.926,0.186584618232906,0.27,60.824,0.02068232169159947,500,-0.013415381767094003,empirical_mean_fdp_le_alpha
0.2,4.0,0.2,100,score_cap1,100.0,70.99,0.2901,0.6,100.0,0.01,500,0.09010000000000001,risk_reducing_not_nominal_control
0.2,4.0,0.2,100,weighted_bh,94.584,72.024,0.24657570895226663,0.522,65.2,0.07554577205190616,500,0.04657570895226662,risk_reducing_not_nominal_control
0.2,4.0,0.2,50,bh,50.0,37.002,0.25995999999999997,0.484,21.846,0.27968,500,0.05995999999999996,risk_reducing_not_nominal_control
0.2,4.0,0.2,50,bh_cap1,49.72,41.142,0.17459288802220668,0.272,49.72,0.020124789388078552,500,-0.02540711197779333,empirical_mean_fdp_le_alpha
0.2,4.0,0.2,50,block_bh,50.0,37.026,0.25948000000000004,0.48,21.802,0.28,500,0.05948000000000003,risk_reducing_not_nominal_control
0.2,4.0,0.2,50,block_by_cap1,9.124,9.078,0.001106852497096399,0.0,9.124,0.004425087108013935,500,-0.1988931475029036,empirical_mean_fdp_le_alpha
0.2,4.0,0.2,50,by,15.066,11.314,0.07675960769506691,0.104,4.414,0.16237412863079242,500,-0.1232403923049331,empirical_mean_fdp_le_alpha
0.2,4.0,0.2,50,chemdeprc_cap1,46.576,39.976,0.16150950187804283,0.26,46.576,0.022118622486527358,500,-0.03849049812195718,empirical_mean_fdp_le_alpha
0.2,4.0,0.2,50,chemdeprc_scorecap1,46.576,39.69,0.16722950187804284,0.282,46.576,0.022118622486527358,500,-0.032770498121957176,empirical_mean_fdp_le_alpha
0.2,4.0,0.2,50,hier_bh_cap1,46.576,39.976,0.16150950187804283,0.26,46.576,0.022118622486527358,500,-0.03849049812195718,empirical_mean_fdp_le_alpha
0.2,4.0,0.2,50,minp_block_bh_cap1,44.714,38.9,0.15790739515603536,0.244,44.714,0.024640506239844685,500,-0.042092604843964654,empirical_mean_fdp_le_alpha
0.2,4.0,0.2,50,score_cap1,50.0,41.25,0.175,0.272,50.0,0.02,500,-0.025000000000000022,empirical_mean_fdp_le_alpha
0.2,4.0,0.2,50,weighted_bh,49.934,39.88,0.20141426024955436,0.348,40.98,0.07925768270944743,500,0.00141426024955435,risk_reducing_not_nominal_control
0.2,4.0,0.7,100,bh,100.0,76.638,0.23362,0.1,37.598,0.2537,500,-0.46637999999999996,empirical_mean_fdp_le_alpha
0.2,4.0,0.7,100,bh_cap1,98.998,70.672,0.28773362122658075,0.1,98.998,0.010112303732182425,500,-0.4122663787734192,empirical_mean_fdp_le_alpha
0.2,4.0,0.7,100,block_bh,100.0,76.638,0.23362,0.1,37.598,0.2537,500,-0.46637999999999996,empirical_mean_fdp_le_alpha
0.2,4.0,0.7,100,block_by_cap1,50.914,43.942,0.17354795871730086,0.0,50.914,0.020371566742703615,500,-0.5264520412826991,empirical_mean_fdp_le_alpha
0.2,4.0,0.7,100,by,88.556,67.676,0.21337696994962438,0.1,33.38,0.2422212836704638,500,-0.48662303005037555,empirical_mean_fdp_le_alpha
0.2,4.0,0.7,100,chemdeprc_cap1,97.884,69.992,0.2887697180465676,0.1,97.884,0.010252072983756813,500,-0.41123028195343236,empirical_mean_fdp_le_alpha
0.2,4.0,0.7,100,chemdeprc_scorecap1,97.884,70.326,0.2854297180465676,0.1,97.884,0.010252072983756813,500,-0.4145702819534324,empirical_mean_fdp_le_alpha
0.2,4.0,0.7,100,hier_bh_cap1,97.884,69.992,0.2887697180465676,0.1,97.884,0.010252072983756813,500,-0.41123028195343236,empirical_mean_fdp_le_alpha
0.2,4.0,0.7,100,minp_block_bh_cap1,95.594,68.864,0.28824893994701284,0.1,95.594,0.010568489041086338,500,-0.4117510600529871,empirical_mean_fdp_le_alpha
0.2,4.0,0.7,100,score_cap1,100.0,70.99,0.2901,0.1,100.0,0.01,500,-0.40989999999999993,empirical_mean_fdp_le_alpha
0.2,4.0,0.7,100,weighted_bh,100.0,75.0,0.25,0.1,69.024,0.07296,500,-0.44999999999999996,empirical_mean_fdp_le_alpha
0.2,4.0,0.7,50,bh,50.0,37.002,0.25995999999999997,0.1,21.846,0.27968,500,-0.44004,empirical_mean_fdp_le_alpha
0.2,4.0,0.7,50,bh_cap1,50.0,41.25,0.175,0.0,50.0,0.02,500,-0.5249999999999999,empirical_mean_fdp_le_alpha
0.2,4.0,0.7,50,block_bh,50.0,37.002,0.25995999999999997,0.1,21.846,0.27968,500,-0.44004,empirical_mean_fdp_le_alpha
0.2,4.0,0.7,50,block_by_cap1,37.276,32.506,0.14936888193519138,0.0,37.276,0.023728675707072825,500,-0.5506311180648086,empirical_mean_fdp_le_alpha
0.2,4.0,0.7,50,by,45.0,33.448,0.23104,0.1,20.062,0.25780000000000003,500,-0.46895999999999993,empirical_mean_fdp_le_alpha
0.2,4.0,0.7,50,chemdeprc_cap1,50.0,41.636,0.16728,0.0,50.0,0.02,500,-0.53272,empirical_mean_fdp_le_alpha
0.2,4.0,0.7,50,chemdeprc_scorecap1,50.0,41.26,0.1748,0.0,50.0,0.02,500,-0.5251999999999999,empirical_mean_fdp_le_alpha
0.2,4.0,0.7,50,hier_bh_cap1,50.0,41.636,0.16728,0.0,50.0,0.02,500,-0.53272,empirical_mean_fdp_le_alpha
0.2,4.0,0.7,50,minp_block_bh_cap1,50.0,41.454,0.17092000000000002,0.0,50.0,0.02,500,-0.52908,empirical_mean_fdp_le_alpha
0.2,4.0,0.7,50,score_cap1,50.0,41.25,0.175,0.0,50.0,0.02,500,-0.5249999999999999,empirical_mean_fdp_le_alpha
0.2,4.0,0.7,50,weighted_bh,50.0,39.93,0.2014,0.096,41.02,0.07932,500,-0.49859999999999993,empirical_mean_fdp_le_alpha
0.2,6.0,0.01,100,bh,0.0,0.0,0.0,0.0,0.0,0.0,500,-0.01,empirical_mean_fdp_le_alpha
0.2,6.0,0.01,100,bh_cap1,0.0,0.0,0.0,0.0,0.0,0.0,500,-0.01,empirical_mean_fdp_le_alpha
0.2,6.0,0.01,100,block_bh,0.0,0.0,0.0,0.0,0.0,0.0,500,-0.01,empirical_mean_fdp_le_alpha
0.2,6.0,0.01,100,block_by_cap1,0.0,0.0,0.0,0.0,0.0,0.0,500,-0.01,empirical_mean_fdp_le_alpha
0.2,6.0,0.01,100,by,0.0,0.0,0.0,0.0,0.0,0.0,500,-0.01,empirical_mean_fdp_le_alpha
0.2,6.0,0.01,100,chemdeprc_cap1,0.0,0.0,0.0,0.0,0.0,0.0,500,-0.01,empirical_mean_fdp_le_alpha
0.2,6.0,0.01,100,chemdeprc_scorecap1,0.0,0.0,0.0,0.0,0.0,0.0,500,-0.01,empirical_mean_fdp_le_alpha
0.2,6.0,0.01,100,hier_bh_cap1,0.0,0.0,0.0,0.0,0.0,0.0,500,-0.01,empirical_mean_fdp_le_alpha
0.2,6.0,0.01,100,minp_block_bh_cap1,0.0,0.0,0.0,0.0,0.0,0.0,500,-0.01,empirical_mean_fdp_le_alpha
0.2,6.0,0.01,100,score_cap1,100.0,70.824,0.29175999999999996,1.0,100.0,0.01,500,0.28175999999999995,risk_reducing_not_nominal_control
0.2,6.0,0.01,100,weighted_bh,0.0,0.0,0.0,0.0,0.0,0.0,500,-0.01,empirical_mean_fdp_le_alpha
0.2,6.0,0.01,50,bh,0.0,0.0,0.0,0.0,0.0,0.0,500,-0.01,empirical_mean_fdp_le_alpha
0.2,6.0,0.01,50,bh_cap1,0.0,0.0,0.0,0.0,0.0,0.0,500,-0.01,empirical_mean_fdp_le_alpha
0.2,6.0,0.01,50,block_bh,0.0,0.0,0.0,0.0,0.0,0.0,500,-0.01,empirical_mean_fdp_le_alpha
0.2,6.0,0.01,50,block_by_cap1,0.0,0.0,0.0,0.0,0.0,0.0,500,-0.01,empirical_mean_fdp_le_alpha
0.2,6.0,0.01,50,by,0.0,0.0,0.0,0.0,0.0,0.0,500,-0.01,empirical_mean_fdp_le_alpha
0.2,6.0,0.01,50,chemdeprc_cap1,0.0,0.0,0.0,0.0,0.0,0.0,500,-0.01,empirical_mean_fdp_le_alpha
0.2,6.0,0.01,50,chemdeprc_scorecap1,0.0,0.0,0.0,0.0,0.0,0.0,500,-0.01,empirical_mean_fdp_le_alpha
0.2,6.0,0.01,50,hier_bh_cap1,0.0,0.0,0.0,0.0,0.0,0.0,500,-0.01,empirical_mean_fdp_le_alpha
0.2,6.0,0.01,50,minp_block_bh_cap1,0.0,0.0,0.0,0.0,0.0,0.0,500,-0.01,empirical_mean_fdp_le_alpha
0.2,6.0,0.01,50,score_cap1,50.0,40.266,0.19468000000000002,0.974,50.0,0.02,500,0.18468,risk_reducing_not_nominal_control
0.2,6.0,0.01,50,weighted_bh,0.0,0.0,0.0,0.0,0.0,0.0,500,-0.01,empirical_mean_fdp_le_alpha
0.2,6.0,0.025,100,bh,35.408,21.892,0.1547406968358999,0.246,9.42,0.15382087927743882,500,0.1297406968358999,risk_reducing_not_nominal_control
0.2,6.0,0.025,100,bh_cap1,16.302,12.986,0.10792566173685245,0.38,16.302,0.010955033619138502,500,0.08292566173685245,risk_reducing_not_nominal_control
0.2,6.0,0.025,100,block_bh,10.0,9.734,0.00266,0.058,2.238,0.0472,500,-0.022340000000000002,empirical_mean_fdp_le_alpha
0.2,6.0,0.025,100,block_by_cap1,0.0,0.0,0.0,0.0,0.0,0.0,500,-0.025,empirical_mean_fdp_le_alpha
0.2,6.0,0.025,100,by,0.0,0.0,0.0,0.0,0.0,0.0,500,-0.025,empirical_mean_fdp_le_alpha
0.2,6.0,0.025,100,chemdeprc_cap1,3.478,3.4,0.002212698412698408,0.068,3.478,0.0028760971055088636,500,-0.022787301587301592,empirical_mean_fdp_le_alpha
0.2,6.0,0.025,100,chemdeprc_scorecap1,3.478,3.4,0.002212698412698408,0.068,3.478,0.0028760971055088636,500,-0.022787301587301592,empirical_mean_fdp_le_alpha
0.2,6.0,0.025,100,hier_bh_cap1,3.478,3.4,0.002212698412698408,0.068,3.478,0.0028760971055088636,500,-0.022787301587301592,empirical_mean_fdp_le_alpha
0.2,6.0,0.025,100,minp_block_bh_cap1,0.0,0.0,0.0,0.0,0.0,0.0,500,-0.025,empirical_mean_fdp_le_alpha
0.2,6.0,0.025,100,score_cap1,100.0,70.824,0.29175999999999996,1.0,100.0,0.01,500,0.26675999999999994,risk_reducing_not_nominal_control
0.2,6.0,0.025,100,weighted_bh,0.0,0.0,0.0,0.0,0.0,0.0,500,-0.025,empirical_mean_fdp_le_alpha
0.2,6.0,0.025,50,bh,19.0,10.228,0.17543999999999998,0.246,4.422,0.20788,500,0.15044,risk_reducing_not_nominal_control
0.2,6.0,0.025,50,bh_cap1,14.202,11.402,0.10115495751150035,0.29,14.202,0.011546582914913152,500,0.07615495751150034,risk_reducing_not_nominal_control
0.2,6.0,0.025,50,block_bh,5.0,4.836,0.00328,0.058,1.158,0.06484000000000001,500,-0.021720000000000003,empirical_mean_fdp_le_alpha
0.2,6.0,0.025,50,block_by_cap1,0.0,0.0,0.0,0.0,0.0,0.0,500,-0.025,empirical_mean_fdp_le_alpha
0.2,6.0,0.025,50,by,0.0,0.0,0.0,0.0,0.0,0.0,500,-0.025,empirical_mean_fdp_le_alpha
0.2,6.0,0.025,50,chemdeprc_cap1,3.478,3.4,0.002212698412698408,0.068,3.478,0.0028760971055088636,500,-0.022787301587301592,empirical_mean_fdp_le_alpha
0.2,6.0,0.025,50,chemdeprc_scorecap1,3.478,3.4,0.002212698412698408,0.068,3.478,0.0028760971055088636,500,-0.022787301587301592,empirical_mean_fdp_le_alpha
0.2,6.0,0.025,50,hier_bh_cap1,3.478,3.4,0.002212698412698408,0.068,3.478,0.0028760971055088636,500,-0.022787301587301592,empirical_mean_fdp_le_alpha
0.2,6.0,0.025,50,minp_block_bh_cap1,0.0,0.0,0.0,0.0,0.0,0.0,500,-0.025,empirical_mean_fdp_le_alpha
0.2,6.0,0.025,50,score_cap1,50.0,40.266,0.19468000000000002,0.91,50.0,0.02,500,0.16968000000000003,risk_reducing_not_nominal_control
0.2,6.0,0.025,50,weighted_bh,0.0,0.0,0.0,0.0,0.0,0.0,500,-0.025,empirical_mean_fdp_le_alpha
0.2,6.0,0.05,100,bh,63.274,42.54,0.2378151207761524,0.51,22.198,0.19758317923853133,500,0.18781512077615242,risk_reducing_not_nominal_control
0.2,6.0,0.05,100,bh_cap1,35.764,29.6,0.16398036104734257,0.698,35.764,0.01724455394088756,500,0.11398036104734256,risk_reducing_not_nominal_control
0.2,6.0,0.05,100,block_bh,50.3,33.85,0.21456533890586738,0.392,16.32,0.2039489396011121,500,0.1645653389058674,risk_reducing_not_nominal_control
0.2,6.0,0.05,100,block_by_cap1,0.0,0.0,0.0,0.0,0.0,0.0,500,-0.05,empirical_mean_fdp_le_alpha
0.2,6.0,0.05,100,by,0.0,0.0,0.0,0.0,0.0,0.0,500,-0.05,empirical_mean_fdp_le_alpha
0.2,6.0,0.05,100,chemdeprc_cap1,24.238,20.566,0.13500676375527365,0.436,24.238,0.019994932172953252,500,0.08500676375527365,risk_reducing_not_nominal_control
0.2,6.0,0.05,100,chemdeprc_scorecap1,24.238,20.566,0.13500676375527365,0.436,24.238,0.019994932172953252,500,0.08500676375527365,risk_reducing_not_nominal_control
0.2,6.0,0.05,100,hier_bh_cap1,24.238,20.566,0.13500676375527365,0.436,24.238,0.019994932172953252,500,0.08500676375527365,risk_reducing_not_nominal_control
0.2,6.0,0.05,100,minp_block_bh_cap1,7.52,7.2,0.00744318181818181,0.1,7.52,0.00547837243401759,500,-0.042556818181818196,empirical_mean_fdp_le_alpha
0.2,6.0,0.05,100,score_cap1,100.0,70.824,0.29175999999999996,1.0,100.0,0.01,500,0.24175999999999997,risk_reducing_not_nominal_control
0.2,6.0,0.05,100,weighted_bh,12.364,11.606,0.013648305970915816,0.106,10.234,0.010059885985287226,500,-0.03635169402908418,empirical_mean_fdp_le_alpha
0.2,6.0,0.05,50,bh,35.11,20.17,0.2998265314159297,0.538,12.43,0.27014912943198677,500,0.2498265314159297,risk_reducing_not_nominal_control
0.2,6.0,0.05,50,bh_cap1,27.922,22.662,0.15783995877942128,0.6,27.922,0.01925338738276067,500,0.10783995877942128,risk_reducing_not_nominal_control
0.2,6.0,0.05,50,block_bh,28.838,16.948,0.2452493920217354,0.432,9.21,0.2589495351816305,500,0.1952493920217354,risk_reducing_not_nominal_control
0.2,6.0,0.05,50,block_by_cap1,0.0,0.0,0.0,0.0,0.0,0.0,500,-0.05,empirical_mean_fdp_le_alpha
0.2,6.0,0.05,50,by,0.0,0.0,0.0,0.0,0.0,0.0,500,-0.05,empirical_mean_fdp_le_alpha
0.2,6.0,0.05,50,chemdeprc_cap1,21.292,18.11,0.12952864806862865,0.34,21.292,0.0208654029632155,500,0.07952864806862865,risk_reducing_not_nominal_control
0.2,6.0,0.05,50,chemdeprc_scorecap1,21.292,18.136,0.12900864806862863,0.336,21.292,0.0208654029632155,500,0.07900864806862863,risk_reducing_not_nominal_control
0.2,6.0,0.05,50,hier_bh_cap1,21.292,18.11,0.12952864806862865,0.34,21.292,0.0208654029632155,500,0.07952864806862865,risk_reducing_not_nominal_control
0.2,6.0,0.05,50,minp_block_bh_cap1,7.52,7.2,0.00744318181818181,0.1,7.52,0.00547837243401759,500,-0.042556818181818196,empirical_mean_fdp_le_alpha
0.2,6.0,0.05,50,score_cap1,50.0,40.266,0.19468000000000002,0.868,50.0,0.02,500,0.14468000000000003,risk_reducing_not_nominal_control
0.2,6.0,0.05,50,weighted_bh,10.094,9.524,0.012521052631578945,0.122,8.572,0.011777894736842105,500,-0.037478947368421056,empirical_mean_fdp_le_alpha
0.2,6.0,0.1,100,bh,89.358,64.392,0.25822201323713917,0.594,32.48,0.2405761933681661,500,0.15822201323713916,risk_reducing_not_nominal_control
0.2,6.0,0.1,100,bh_cap1,56.898,47.252,0.20254787024402018,0.612,56.898,0.018601610754587147,500,0.10254787024402018,risk_reducing_not_nominal_control
0.2,6.0,0.1,100,block_bh,84.152,59.1,0.2782465682393758,0.582,30.362,0.2465387440962603,500,0.17824656823937582,risk_reducing_not_nominal_control
0.2,6.0,0.1,100,block_by_cap1,0.0,0.0,0.0,0.0,0.0,0.0,500,-0.1,empirical_mean_fdp_le_alpha
0.2,6.0,0.1,100,by,18.432,10.23,0.08905707556576851,0.092,4.264,0.06554065136575238,500,-0.01094292443423149,empirical_mean_fdp_le_alpha
0.2,6.0,0.1,100,chemdeprc_cap1,50.086,41.924,0.19944770125762312,0.6,50.086,0.020980076766684445,500,0.09944770125762312,risk_reducing_not_nominal_control
0.2,6.0,0.1,100,chemdeprc_scorecap1,50.086,41.924,0.19944770125762312,0.6,50.086,0.020980076766684445,500,0.09944770125762312,risk_reducing_not_nominal_control
0.2,6.0,0.1,100,hier_bh_cap1,50.086,41.924,0.19944770125762312,0.6,50.086,0.020980076766684445,500,0.09944770125762312,risk_reducing_not_nominal_control
0.2,6.0,0.1,100,minp_block_bh_cap1,30.488,26.652,0.12786283470824142,0.464,30.488,0.027276053258727697,500,0.027862834708241413,risk_reducing_not_nominal_control
0.2,6.0,0.1,100,score_cap1,100.0,70.824,0.29175999999999996,0.816,100.0,0.01,500,0.19175999999999996,risk_reducing_not_nominal_control
0.2,6.0,0.1,100,weighted_bh,55.222,40.198,0.2176610385338318,0.604,35.698,0.07073529508930651,500,0.11766103853383181,risk_reducing_not_nominal_control
0.2,6.0,0.1,50,bh,45.432,27.336,0.36470068965517244,0.624,17.618,0.30206206896551724,500,0.26470068965517246,risk_reducing_not_nominal_control
0.2,6.0,0.1,50,bh_cap1,40.216,32.918,0.18847833952372056,0.512,40.216,0.02246225020221194,500,0.08847833952372056,risk_reducing_not_nominal_control
0.2,6.0,0.1,50,block_bh,44.994,27.3,0.3539213605442177,0.602,17.386,0.30121323129251704,500,0.25392136054421766,risk_reducing_not_nominal_control
0.2,6.0,0.1,50,block_by_cap1,0.0,0.0,0.0,0.0,0.0,0.0,500,-0.1,empirical_mean_fdp_le_alpha
0.2,6.0,0.1,50,by,9.6,5.086,0.09028,0.092,2.45,0.08552,500,-0.009720000000000006,empirical_mean_fdp_le_alpha
0.2,6.0,0.1,50,chemdeprc_cap1,36.708,30.692,0.18079897760184488,0.5,36.708,0.024332838673360984,500,0.08079897760184487,risk_reducing_not_nominal_control
0.2,6.0,0.1,50,chemdeprc_scorecap1,36.708,30.312,0.18839897760184487,0.5,36.708,0.024332838673360984,500,0.08839897760184487,risk_reducing_not_nominal_control
0.2,6.0,0.1,50,hier_bh_cap1,36.708,30.692,0.18079897760184488,0.5,36.708,0.024332838673360984,500,0.08079897760184487,risk_reducing_not_nominal_control
0.2,6.0,0.1,50,minp_block_bh_cap1,26.338,23.392,0.11677058533174849,0.364,26.338,0.02852999959888928,500,0.01677058533174848,risk_reducing_not_nominal_control
0.2,6.0,0.1,50,score_cap1,50.0,40.266,0.19468000000000002,0.6,50.0,0.02,500,0.09468000000000001,risk_reducing_not_nominal_control
0.2,6.0,0.1,50,weighted_bh,32.33,25.046,0.18205807244004177,0.462,26.202,0.06354225331831173,500,0.08205807244004176,risk_reducing_not_nominal_control
0.2,6.0,0.2,100,bh,99.996,72.77,0.2722934693877551,0.58,36.442,0.2491673469387755,500,0.0722934693877551,risk_reducing_not_nominal_control
0.2,6.0,0.2,100,bh_cap1,82.094,64.994,0.2378394278396205,0.4,82.094,0.013074312558738945,500,0.03783942783962049,risk_reducing_not_nominal_control
0.2,6.0,0.2,100,block_bh,99.994,72.692,0.27307072164948454,0.584,36.584,0.2507874226804124,500,0.07307072164948453,risk_reducing_not_nominal_control
0.2,6.0,0.2,100,block_by_cap1,12.498,11.02,0.057771901030508985,0.088,12.498,0.009160182876800758,500,-0.142228098969491,empirical_mean_fdp_le_alpha
0.2,6.0,0.2,100,by,37.874,23.252,0.1710362222928086,0.216,10.454,0.1595575975640449,500,-0.028963777707191413,empirical_mean_fdp_le_alpha
0.2,6.0,0.2,100,chemdeprc_cap1,73.624,60.2,0.21958109192852304,0.4,73.624,0.015774852907174685,500,0.01958109192852303,risk_reducing_not_nominal_control
0.2,6.0,0.2,100,chemdeprc_scorecap1,73.624,60.284,0.21874109192852306,0.4,73.624,0.015774852907174685,500,0.01874109192852305,risk_reducing_not_nominal_control
0.2,6.0,0.2,100,hier_bh_cap1,73.624,60.2,0.21958109192852304,0.4,73.624,0.015774852907174685,500,0.01958109192852303,risk_reducing_not_nominal_control
0.2,6.0,0.2,100,minp_block_bh_cap1,62.742,52.128,0.21087899322688847,0.374,62.742,0.01961085129364232,500,0.010878993226888456,risk_reducing_not_nominal_control
0.2,6.0,0.2,100,score_cap1,100.0,70.824,0.29175999999999996,0.6,100.0,0.01,500,0.09175999999999995,risk_reducing_not_nominal_control
0.2,6.0,0.2,100,weighted_bh,99.024,70.15,0.2920215959517788,0.594,64.702,0.08107181974459786,500,0.09202159595177878,risk_reducing_not_nominal_control
0.2,6.0,0.2,50,bh,50.0,30.078,0.39844,0.676,19.204,0.32024,500,0.19844,risk_reducing_not_nominal_control
0.2,6.0,0.2,50,bh_cap1,49.808,40.176,0.19462600397933766,0.364,49.808,0.020083389332819567,500,-0.005373996020662353,empirical_mean_fdp_le_alpha
0.2,6.0,0.2,50,block_bh,50.0,30.114,0.39772,0.676,19.19,0.32028,500,0.19772,risk_reducing_not_nominal_control
0.2,6.0,0.2,50,block_by_cap1,10.686,9.644,0.05197673608297545,0.088,10.686,0.0096916616943276,500,-0.14802326391702456,empirical_mean_fdp_le_alpha
0.2,6.0,0.2,50,by,20.78,11.03,0.1952453948535936,0.216,5.176,0.21514307009760428,500,-0.00475460514640641,empirical_mean_fdp_le_alpha
0.2,6.0,0.2,50,chemdeprc_cap1,46.916,39.078,0.1837163963963964,0.314,46.916,0.0218054054054054,500,-0.01628360360360362,empirical_mean_fdp_le_alpha
0.2,6.0,0.2,50,chemdeprc_scorecap1,46.916,38.766,0.1899563963963964,0.36,46.916,0.0218054054054054,500,-0.010043603603603624,empirical_mean_fdp_le_alpha
0.2,6.0,0.2,50,hier_bh_cap1,46.916,39.078,0.1837163963963964,0.314,46.916,0.0218054054054054,500,-0.01628360360360362,empirical_mean_fdp_le_alpha
0.2,6.0,0.2,50,minp_block_bh_cap1,45.356,38.434,0.17849475027780598,0.288,45.356,0.02385620686672701,500,-0.02150524972219403,empirical_mean_fdp_le_alpha
0.2,6.0,0.2,50,score_cap1,50.0,40.266,0.19468000000000002,0.364,50.0,0.02,500,-0.005319999999999991,empirical_mean_fdp_le_alpha
0.2,6.0,0.2,50,weighted_bh,50.0,38.06,0.2388,0.518,39.788,0.08,500,0.0388,risk_reducing_not_nominal_control
0.2,6.0,0.7,100,bh,100.0,72.77,0.2723,0.1,36.446,0.24916,500,-0.42769999999999997,empirical_mean_fdp_le_alpha
0.2,6.0,0.7,100,bh_cap1,98.998,70.506,0.28940758081537904,0.1,98.998,0.010112303732182425,500,-0.4105924191846209,empirical_mean_fdp_le_alpha
0.2,6.0,0.7,100,block_bh,100.0,72.77,0.2723,0.1,36.446,0.24916,500,-0.42769999999999997,empirical_mean_fdp_le_alpha
0.2,6.0,0.7,100,block_by_cap1,53.662,44.948,0.19600093022621945,0.0,53.662,0.018760641731113102,500,-0.5039990697737805,empirical_mean_fdp_le_alpha
0.2,6.0,0.7,100,by,91.822,66.278,0.2596628324916876,0.1,33.328,0.241316036709867,500,-0.44033716750831237,empirical_mean_fdp_le_alpha
0.2,6.0,0.7,100,chemdeprc_cap1,97.884,69.808,0.2906360667657442,0.1,97.884,0.010252072983756813,500,-0.40936393323425574,empirical_mean_fdp_le_alpha
0.2,6.0,0.7,100,chemdeprc_scorecap1,97.884,70.15,0.2872160667657442,0.1,97.884,0.010252072983756813,500,-0.4127839332342558,empirical_mean_fdp_le_alpha
0.2,6.0,0.7,100,hier_bh_cap1,97.884,69.808,0.2906360667657442,0.1,97.884,0.010252072983756813,500,-0.40936393323425574,empirical_mean_fdp_le_alpha
0.2,6.0,0.7,100,minp_block_bh_cap1,95.746,68.384,0.29385115032299786,0.1,95.746,0.010544799185907384,500,-0.4061488496770021,empirical_mean_fdp_le_alpha
0.2,6.0,0.7,100,score_cap1,100.0,70.824,0.29175999999999996,0.1,100.0,0.01,500,-0.40824,empirical_mean_fdp_le_alpha
0.2,6.0,0.7,100,weighted_bh,100.0,70.706,0.29294,0.1,65.31,0.0818,500,-0.40706,empirical_mean_fdp_le_alpha
0.2,6.0,0.7,50,bh,50.0,30.078,0.39844,0.18,19.204,0.32024,500,-0.30155999999999994,empirical_mean_fdp_le_alpha
0.2,6.0,0.7,50,bh_cap1,50.0,40.266,0.19468000000000002,0.0,50.0,0.02,500,-0.50532,empirical_mean_fdp_le_alpha
0.2,6.0,0.7,50,block_bh,50.0,30.078,0.39844,0.18,19.204,0.32024,500,-0.30155999999999994,empirical_mean_fdp_le_alpha
0.2,6.0,0.7,50,block_by_cap1,38.86,32.524,0.17592195102087033,0.0,38.86,0.02233290807310505,500,-0.5240780489791297,empirical_mean_fdp_le_alpha
0.2,6.0,0.7,50,by,46.5,27.944,0.37112,0.18,18.006,0.3054,500,-0.32887999999999995,empirical_mean_fdp_le_alpha
0.2,6.0,0.7,50,chemdeprc_cap1,50.0,40.6,0.188,0.0,50.0,0.02,500,-0.512,empirical_mean_fdp_le_alpha
0.2,6.0,0.7,50,chemdeprc_scorecap1,50.0,40.276,0.19448000000000001,0.0,50.0,0.02,500,-0.50552,empirical_mean_fdp_le_alpha
0.2,6.0,0.7,50,hier_bh_cap1,50.0,40.6,0.188,0.0,50.0,0.02,500,-0.512,empirical_mean_fdp_le_alpha
0.2,6.0,0.7,50,minp_block_bh_cap1,50.0,40.848,0.18303999999999998,0.0,50.0,0.02,500,-0.51696,empirical_mean_fdp_le_alpha
0.2,6.0,0.7,50,score_cap1,50.0,40.266,0.19468000000000002,0.0,50.0,0.02,500,-0.50532,empirical_mean_fdp_le_alpha
0.2,6.0,0.7,50,weighted_bh,50.0,38.06,0.2388,0.1,39.788,0.08,500,-0.46119999999999994,empirical_mean_fdp_le_alpha
