stress_label,artifact_fraction,logit_boost,budget_label,method,true_hits,fdp,fdp_exceeds_q,unique_blocks,max_block_share,mean_pairwise_tanimoto,delta_true_hits_vs_bh,delta_fdp_vs_bh,delta_unique_blocks_vs_bh,delta_max_block_share_vs_bh,n_target_reps
no_artifact,0.0,0.0,10,bh,9.4,0.06,0.0,6.6,0.37,0.4363320291042328,0.0,0.0,0.0,0.0,500
no_artifact,0.0,0.0,10,block_bh,9.4,0.06,0.0,6.6,0.37,0.4363320291042328,0.0,0.0,0.0,0.0,500
no_artifact,0.0,0.0,10,chemdeprc_cap1,9.5,0.05,0.0,10.0,0.1,0.3515280529856682,0.09999999999999964,-0.009999999999999995,3.4000000000000004,-0.27,500
no_artifact,0.0,0.0,10,chemdeprc_scoresoft50,8.3,0.0833333333333333,0.0,5.0,0.3955555555555555,0.4177274316549301,-1.0999999999999996,0.023333333333333303,-1.5999999999999996,0.025555555555555498,500
no_artifact,0.0,0.0,10,chemdeprc_soft50,7.4,0.04,0.0,5.0,0.3033333333333333,0.4075442507863044,-2.0,-0.019999999999999997,-1.5999999999999996,-0.06666666666666671,500
no_artifact,0.0,0.0,10,chemdeprc_soft75,9.3,0.03,0.0,8.0,0.195,0.3732470661401749,-0.09999999999999964,-0.03,1.4000000000000004,-0.175,500
no_artifact,0.0,0.0,10,raw_top_b,9.4,0.06,0.0,6.6,0.37,0.4363320365548134,0.0,0.0,0.0,0.0,500
no_artifact,0.0,0.0,10,score_cap1,9.4,0.06,0.0,10.0,0.1,0.3408900171518326,0.0,0.0,3.4000000000000004,-0.27,500
no_artifact,0.0,0.0,10,score_dpp,9.0,0.1,0.0,10.0,0.1,0.1667490139603615,-0.40000000000000036,0.04000000000000001,3.4000000000000004,-0.27,500
no_artifact,0.0,0.0,10,score_mmr25,9.2,0.08,0.0,10.0,0.1,0.1651988998055458,-0.20000000000000107,0.020000000000000004,3.4000000000000004,-0.27,500
no_artifact,0.0,0.0,10,weighted_bh,9.5,0.05,0.0,9.8,0.12,0.3312531992793083,0.09999999999999964,-0.009999999999999995,3.200000000000001,-0.25,500
no_artifact,0.0,0.0,100,bh,88.3,0.1124117647058823,0.0,42.2,0.2437647058823529,0.2636483713984489,0.0,0.0,0.0,0.0,500
no_artifact,0.0,0.0,100,block_bh,87.9,0.1188241758241758,0.1,42.2,0.2451868131868132,0.263987609744072,-0.3999999999999915,0.006412411118293507,0.0,0.001422107304460296,500
no_artifact,0.0,0.0,100,chemdeprc_cap1,70.6,0.2660552200172562,0.0,93.7,0.0109551337359792,0.1777246803045273,-17.700000000000003,0.15364345531137388,51.5,-0.2328095721463737,500
no_artifact,0.0,0.0,100,chemdeprc_scoresoft50,83.8,0.157,0.1,50.0,0.067,0.2249387174844742,-4.5,0.044588235294117706,7.799999999999997,-0.1767647058823529,500
no_artifact,0.0,0.0,100,chemdeprc_soft50,83.3,0.1483357185450209,0.1,50.0,0.1286636851520572,0.2355319648981094,-5.0,0.0359239538391386,7.799999999999997,-0.11510102073029571,500
no_artifact,0.0,0.0,100,chemdeprc_soft75,80.4,0.1938241758241758,0.1,73.6,0.0351868131868131,0.1971683606505394,-7.8999999999999915,0.0814124111182935,31.39999999999999,-0.2085778926955398,500
no_artifact,0.0,0.0,100,raw_top_b,88.5,0.115,0.1,43.0,0.243,0.2634152099490165,0.20000000000000284,0.0025882352941177106,0.7999999999999972,-0.0007647058823529174,500
no_artifact,0.0,0.0,100,score_cap1,72.4,0.276,0.1,100.0,0.01,0.1757652714848518,-15.899999999999991,0.16358823529411773,57.8,-0.2337647058823529,500
no_artifact,0.0,0.0,100,score_dpp,81.3,0.187,0.1,72.8,0.104,0.1902620926499366,-7.0,0.0745882352941177,30.599999999999994,-0.1397647058823529,500
no_artifact,0.0,0.0,100,score_mmr25,86.2,0.138,0.1,60.8,0.157,0.2176816493272781,-2.0999999999999943,0.025588235294117717,18.599999999999994,-0.08676470588235291,500
no_artifact,0.0,0.0,100,weighted_bh,82.3,0.1703544303797468,0.0,73.4,0.0580632911392405,0.1979159861803054,-6.0,0.057942665673864496,31.200000000000003,-0.18570141474311241,500
no_artifact,0.0,0.0,20,bh,18.7,0.065,0.0,12.1,0.335,0.3670302093029022,0.0,0.0,0.0,0.0,500
no_artifact,0.0,0.0,20,block_bh,18.7,0.065,0.0,12.1,0.335,0.3670302093029022,0.0,0.0,0.0,0.0,500
no_artifact,0.0,0.0,20,chemdeprc_cap1,18.6,0.07,0.0,20.0,0.05,0.2712530061602592,-0.09999999999999787,0.0050000000000000044,7.9,-0.28500000000000003,500
no_artifact,0.0,0.0,20,chemdeprc_scoresoft50,17.7,0.0744949494949494,0.0,10.0,0.2409595959595959,0.3445833548903465,-1.0,0.009494949494949403,-2.0999999999999996,-0.09404040404040412,500
no_artifact,0.0,0.0,20,chemdeprc_soft50,15.1,0.0433333333333333,0.0,10.0,0.2429166666666666,0.364716100692749,-3.5999999999999996,-0.021666666666666702,-2.0999999999999996,-0.09208333333333343,500
no_artifact,0.0,0.0,20,chemdeprc_soft75,18.8,0.04375,0.0,15.0,0.1625,0.2983202278614044,0.10000000000000142,-0.021250000000000005,2.9000000000000004,-0.17250000000000001,500
no_artifact,0.0,0.0,20,raw_top_b,18.7,0.065,0.0,12.1,0.335,0.3670302093029022,0.0,0.0,0.0,0.0,500
no_artifact,0.0,0.0,20,score_cap1,18.5,0.075,0.0,20.0,0.05,0.2823208004236221,-0.1999999999999993,0.009999999999999995,7.9,-0.28500000000000003,500
no_artifact,0.0,0.0,20,score_dpp,18.0,0.1,0.0,19.3,0.075,0.1693820029497146,-0.6999999999999993,0.035,7.200000000000001,-0.26,500
no_artifact,0.0,0.0,20,score_mmr25,18.3,0.085,0.0,19.3,0.085,0.1824574992060661,-0.3999999999999986,0.020000000000000004,7.200000000000001,-0.25,500
no_artifact,0.0,0.0,20,weighted_bh,18.8,0.06,0.0,19.2,0.07,0.2681997820734977,0.10000000000000142,-0.0050000000000000044,7.1,-0.265,500
no_artifact,0.0,0.0,200,bh,162.5,0.1699117647058823,0.0,75.6,0.1747647058823529,0.223531235486269,0.0,0.0,0.0,0.0,500
no_artifact,0.0,0.0,200,block_bh,162.2,0.1758241758241758,0.1,75.4,0.1761868131868132,0.2239319723546505,-0.30000000000001137,0.00591241111829352,-0.19999999999998863,0.001422107304460296,500
no_artifact,0.0,0.0,200,chemdeprc_cap1,78.8,0.3483155527048309,0.0,116.6,0.0093540805355637,0.1672873505353927,-83.7,0.1784037879989486,41.0,-0.16541062534678921,500
no_artifact,0.0,0.0,200,chemdeprc_scoresoft50,147.1,0.2513241758241758,0.1,93.7,0.0576868131868131,0.1868568869233131,-15.400000000000006,0.08141241111829353,18.10000000000001,-0.11707789269553981,500
no_artifact,0.0,0.0,200,chemdeprc_soft50,148.2,0.2458241758241758,0.1,93.7,0.0636868131868131,0.1885274009406566,-14.300000000000011,0.0759124111182935,18.10000000000001,-0.1110778926955398,500
no_artifact,0.0,0.0,200,chemdeprc_soft75,134.3,0.3153241758241758,0.1,114.0,0.0436868131868131,0.1756733499765396,-28.19999999999999,0.14541241111829353,38.400000000000006,-0.13107789269553982,500
no_artifact,0.0,0.0,200,raw_top_b,163.5,0.1825,0.1,82.6,0.1685,0.2212540144622325,1.0,0.012588235294117706,7.0,-0.0062647058823528945,500
no_artifact,0.0,0.0,200,score_cap1,85.4,0.4941278738534111,0.1,170.6,0.0059992100219695,0.151680965796113,-77.1,0.32421610914752885,95.0,-0.16876549586038342,500
no_artifact,0.0,0.0,200,score_dpp,153.4,0.233,0.1,106.7,0.1275,0.192756658822298,-9.099999999999994,0.06308823529411772,31.10000000000001,-0.0472647058823529,500
no_artifact,0.0,0.0,200,score_mmr25,162.1,0.1895,0.1,93.8,0.158,0.2107124615311622,-0.4000000000000057,0.019588235294117712,18.200000000000003,-0.016764705882352904,500
no_artifact,0.0,0.0,200,weighted_bh,144.4,0.2553332663585828,0.0,112.2,0.0755288996048489,0.184395797342062,-18.099999999999994,0.08542150165270049,36.60000000000001,-0.099235806277504,500
no_artifact,0.0,0.0,50,bh,45.3,0.094,0.0,24.1,0.278,0.2954307451844215,0.0,0.0,0.0,0.0,500
no_artifact,0.0,0.0,50,block_bh,45.3,0.094,0.0,24.1,0.278,0.2955816134810448,0.0,0.0,0.0,0.0,500
no_artifact,0.0,0.0,50,chemdeprc_cap1,43.2,0.136,0.0,50.0,0.02,0.2176513776183128,-2.0999999999999943,0.04200000000000001,25.9,-0.258,500
no_artifact,0.0,0.0,50,chemdeprc_scoresoft50,44.2,0.11475,0.0,25.0,0.113,0.2623938336968422,-1.0999999999999943,0.020750000000000005,0.8999999999999986,-0.16500000000000004,500
no_artifact,0.0,0.0,50,chemdeprc_soft50,39.7,0.1031296026940582,0.0,25.0,0.1708414243623371,0.2592923700809478,-5.599999999999994,0.0091296026940582,0.8999999999999986,-0.10715857563766293,500
no_artifact,0.0,0.0,50,chemdeprc_soft75,44.1,0.118,0.0,38.0,0.048,0.238258558511734,-1.1999999999999957,0.023999999999999994,13.899999999999999,-0.23000000000000004,500
no_artifact,0.0,0.0,50,raw_top_b,45.3,0.094,0.0,24.1,0.278,0.2954307422041893,0.0,0.0,0.0,0.0,500
no_artifact,0.0,0.0,50,score_cap1,43.3,0.134,0.0,50.0,0.02,0.2192520320415497,-2.0,0.04000000000000001,25.9,-0.258,500
no_artifact,0.0,0.0,50,score_dpp,41.9,0.162,0.0,43.8,0.078,0.1821826890110969,-3.3999999999999986,0.068,19.699999999999996,-0.2,500
no_artifact,0.0,0.0,50,score_mmr25,43.4,0.132,0.0,40.3,0.124,0.2069764018058776,-1.8999999999999986,0.038000000000000006,16.199999999999996,-0.15400000000000003,500
no_artifact,0.0,0.0,50,weighted_bh,43.8,0.124,0.0,43.7,0.064,0.2163557007908821,-1.5,0.03,19.6,-0.21400000000000002,500
no_artifact,0.0,0.0,500,bh,212.9,0.2990248907480002,0.0,124.9,0.1242255191174917,0.1861099418401718,0.0,0.0,0.0,0.0,500
no_artifact,0.0,0.0,500,block_bh,208.7,0.2874902214258873,0.1,116.6,0.1305082507538653,0.1902770742475986,-4.200000000000017,-0.01153466932211289,-8.300000000000011,0.0062827316363735924,500
no_artifact,0.0,0.0,500,chemdeprc_cap1,78.8,0.3483155527048309,0.0,116.6,0.0093540805355637,0.1672552676200866,-134.10000000000002,0.049290661956830684,-8.300000000000011,-0.114871438581928,500
no_artifact,0.0,0.0,500,chemdeprc_scoresoft50,208.7,0.2874902214258873,0.1,116.6,0.1305082507538653,0.1900751851201057,-4.200000000000017,-0.01153466932211289,-8.300000000000011,0.0062827316363735924,500
no_artifact,0.0,0.0,500,chemdeprc_soft50,208.7,0.2874902214258873,0.1,116.6,0.1305082507538653,0.1901418724656105,-4.200000000000017,-0.01153466932211289,-8.300000000000011,0.0062827316363735924,500
no_artifact,0.0,0.0,500,chemdeprc_soft75,208.7,0.2874902214258873,0.1,116.6,0.1305082507538653,0.1901939764022827,-4.200000000000017,-0.01153466932211289,-8.300000000000011,0.0062827316363735924,500
no_artifact,0.0,0.0,500,raw_top_b,226.4,0.4309900011905877,0.1,180.1,0.0950018146879315,0.1654550360441208,13.5,0.13196511044258752,55.19999999999999,-0.02922370442956021,500
no_artifact,0.0,0.0,500,score_cap1,85.9,0.5040563682246496,0.1,181.3,0.0057972999492716,0.150567283719778,-127.0,0.2050314774766494,56.400000000000006,-0.1184282191682201,500
no_artifact,0.0,0.0,500,score_dpp,226.1,0.4315900011905877,0.1,181.2,0.0950018146879315,0.1653265021443367,13.199999999999989,0.1325651104425875,56.29999999999998,-0.02922370442956021,500
no_artifact,0.0,0.0,500,score_mmr25,226.4,0.4309900011905877,0.1,181.3,0.0950018146879315,0.165394858956337,13.5,0.13196511044258752,56.400000000000006,-0.02922370442956021,500
no_artifact,0.0,0.0,500,weighted_bh,188.1,0.3370872969285123,0.0,148.3,0.098397978639868,0.1756216416954994,-24.80000000000001,0.0380624061805121,23.400000000000006,-0.0258275404776237,500
frac0.1_boost2,0.1,2.0,10,bh,8.96,0.104,0.0,6.334,0.3872,0.4371079380512238,0.0,0.0,0.0,0.0,500
frac0.1_boost2,0.1,2.0,10,block_bh,8.96,0.104,0.0,6.334,0.3872,0.4371079380512238,0.0,0.0,0.0,0.0,500
frac0.1_boost2,0.1,2.0,10,chemdeprc_cap1,9.388,0.0612,0.0,10.0,0.1,0.351061772853136,0.42799999999999905,-0.0428,3.6660000000000004,-0.2872,500
frac0.1_boost2,0.1,2.0,10,chemdeprc_scoresoft50,8.064,0.1289523809523809,0.0,5.0,0.3861142857142857,0.4115444319844246,-0.8960000000000008,0.024952380952380906,-1.3339999999999996,-0.001085714285714301,500
frac0.1_boost2,0.1,2.0,10,chemdeprc_soft50,7.378,0.0519166666666666,0.0,5.0,0.3079166666666666,0.4088695347309112,-1.5820000000000007,-0.0520833333333334,-1.3339999999999996,-0.07928333333333337,500
frac0.1_boost2,0.1,2.0,10,chemdeprc_soft75,9.12,0.0572444444444444,0.0,8.0,0.2026611111111111,0.3745068198740482,0.15999999999999837,-0.04675555555555559,1.6660000000000004,-0.1845388888888889,500
frac0.1_boost2,0.1,2.0,10,raw_top_b,8.96,0.104,0.0,6.334,0.3872,0.4371079441308975,0.0,0.0,0.0,0.0,500
frac0.1_boost2,0.1,2.0,10,score_cap1,9.048,0.0952,0.0,10.0,0.1,0.3367551965713501,0.08799999999999919,-0.008799999999999988,3.6660000000000004,-0.2872,500
frac0.1_boost2,0.1,2.0,10,score_dpp,8.596,0.1404,0.0,10.0,0.1,0.1669263424426317,-0.36400000000000077,0.0364,3.6660000000000004,-0.2872,500
frac0.1_boost2,0.1,2.0,10,score_mmr25,8.672,0.1328,0.0,10.0,0.1,0.1638995296955108,-0.28800000000000026,0.028800000000000006,3.6660000000000004,-0.2872,500
frac0.1_boost2,0.1,2.0,10,weighted_bh,9.47,0.053,0.0,9.786,0.1214,0.3312891156673431,0.5099999999999998,-0.051,3.452,-0.2658,500
frac0.1_boost2,0.1,2.0,100,bh,86.314,0.13686,0.1,41.714,0.24174,0.2623456718027592,0.0,0.0,0.0,0.0,500
frac0.1_boost2,0.1,2.0,100,block_bh,86.144,0.1385553535353535,0.1,41.62,0.2427024242424242,0.2624120376110077,-0.1699999999999875,0.0016953535353534943,-0.0940000000000012,0.0009624242424241813,500
frac0.1_boost2,0.1,2.0,100,chemdeprc_cap1,70.624,0.2762498628559041,0.092,96.06,0.0104967983380075,0.1766517838835716,-15.689999999999998,0.13938986285590407,54.346000000000004,-0.2312432016619925,500
frac0.1_boost2,0.1,2.0,100,chemdeprc_scoresoft50,82.424,0.1754789444865906,0.1,50.0,0.0608856333080456,0.2218951779603958,-3.8899999999999864,0.03861894448659059,8.286000000000001,-0.18085436669195443,500
frac0.1_boost2,0.1,2.0,100,chemdeprc_soft50,82.654,0.1588555332076468,0.1,50.0,0.1260664383511381,0.2339576654136181,-3.6599999999999966,0.0219955332076468,8.286000000000001,-0.11567356164886192,500
frac0.1_boost2,0.1,2.0,100,chemdeprc_soft75,79.748,0.2025153535353535,0.1,74.942,0.0258024242424242,0.1945456242859363,-6.565999999999988,0.06565535353535348,33.227999999999994,-0.2159375757575758,500
frac0.1_boost2,0.1,2.0,100,raw_top_b,86.314,0.13686,0.1,41.714,0.24174,0.2623456664085388,0.0,0.0,0.0,0.0,500
frac0.1_boost2,0.1,2.0,100,score_cap1,71.95,0.2805,0.1,100.0,0.01,0.1755798094272613,-14.36399999999999,0.14364000000000002,58.286,-0.23174,500
frac0.1_boost2,0.1,2.0,100,score_dpp,79.132,0.20868,0.1,71.504,0.09996,0.1896679072678089,-7.181999999999988,0.07182,29.790000000000006,-0.14178000000000002,500
frac0.1_boost2,0.1,2.0,100,score_mmr25,83.344,0.16656,0.1,59.716,0.15384,0.2167434664368629,-2.969999999999999,0.029700000000000004,18.002000000000002,-0.0879,500
frac0.1_boost2,0.1,2.0,100,weighted_bh,81.128,0.1882385900546426,0.1,73.96,0.0626609606129055,0.1982296031117439,-5.185999999999993,0.0513785900546426,32.245999999999995,-0.17907903938709452,500
frac0.1_boost2,0.1,2.0,20,bh,17.646,0.1177,0.0,11.736,0.3501,0.3704344566762447,0.0,0.0,0.0,0.0,500
frac0.1_boost2,0.1,2.0,20,block_bh,17.646,0.1177,0.0,11.736,0.3501,0.3704344566762447,0.0,0.0,0.0,0.0,500
frac0.1_boost2,0.1,2.0,20,chemdeprc_cap1,18.318,0.0841,0.0,20.0,0.05,0.272036202520132,0.6720000000000006,-0.033600000000000005,8.264,-0.30010000000000003,500
frac0.1_boost2,0.1,2.0,20,chemdeprc_scoresoft50,17.032,0.1401452797202797,0.0,10.0,0.2442026223776223,0.3432639186680317,-0.6140000000000008,0.02244527972027971,-1.7360000000000007,-0.10589737762237772,500
frac0.1_boost2,0.1,2.0,20,chemdeprc_soft50,14.982,0.0766517777544093,0.0,10.0,0.26214448679975,0.3688669648170471,-2.6640000000000015,-0.041048222245590696,-1.7360000000000007,-0.08795551320025002,500
frac0.1_boost2,0.1,2.0,20,chemdeprc_soft75,18.408,0.0721931458548331,0.0,15.0,0.1634703302373581,0.2997057783603668,0.7620000000000005,-0.045506854145166906,3.2639999999999993,-0.18662966976264192,500
frac0.1_boost2,0.1,2.0,20,raw_top_b,17.646,0.1177,0.0,11.736,0.3501,0.3704344555735588,0.0,0.0,0.0,0.0,500
frac0.1_boost2,0.1,2.0,20,score_cap1,18.12,0.094,0.0,20.0,0.05,0.2803755172789097,0.4740000000000002,-0.0237,8.264,-0.30010000000000003,500
frac0.1_boost2,0.1,2.0,20,score_dpp,17.316,0.1342,0.0,19.416,0.0769,0.1676436084806919,-0.33000000000000185,0.016500000000000015,7.68,-0.2732,500
frac0.1_boost2,0.1,2.0,20,score_mmr25,17.67,0.1165,0.0,19.266,0.0838,0.1821436547338962,0.02400000000000091,-0.0011999999999999927,7.529999999999998,-0.26630000000000004,500
frac0.1_boost2,0.1,2.0,20,weighted_bh,18.714,0.0643,0.0,19.17,0.0705,0.2684792402088642,1.0679999999999978,-0.0534,7.434000000000001,-0.2796,500
frac0.1_boost2,0.1,2.0,200,bh,160.658,0.1944102968051071,0.1,78.056,0.1741314644092098,0.2221061815917492,0.0,0.0,0.0,0.0,500
frac0.1_boost2,0.1,2.0,200,block_bh,160.246,0.1938984809618349,0.1,75.982,0.1761993459891012,0.2226018067300319,-0.4119999999999777,-0.0005118158432722009,-2.073999999999998,0.0020678815798914063,500
frac0.1_boost2,0.1,2.0,200,chemdeprc_cap1,79.194,0.3641670028895619,0.092,120.65,0.0087936036753992,0.1655457168221473,-81.46399999999998,0.16975670608445478,42.59400000000001,-0.1653378607338106,500
frac0.1_boost2,0.1,2.0,200,chemdeprc_scoresoft50,143.794,0.2761584809618349,0.1,96.06,0.0511193459891012,0.1836096374690532,-16.863999999999976,0.08174818415672777,18.004000000000005,-0.12301211842010859,500
frac0.1_boost2,0.1,2.0,200,chemdeprc_soft50,145.558,0.2673384809618349,0.1,96.06,0.0569193459891012,0.1856174312233925,-15.099999999999994,0.07292818415672778,18.004000000000005,-0.11721211842010859,500
frac0.1_boost2,0.1,2.0,200,chemdeprc_soft75,130.918,0.340538480961835,0.1,117.88,0.0366393459891012,0.1722723215222358,-29.73999999999998,0.14612818415672787,39.824,-0.13749211842010858,500
frac0.1_boost2,0.1,2.0,200,raw_top_b,160.87,0.19565,0.1,79.594,0.1731,0.2214368931353092,0.2120000000000175,0.0012397031948928883,1.5379999999999967,-0.0010314644092097869,500
frac0.1_boost2,0.1,2.0,200,score_cap1,85.086,0.4958558813595076,0.1,170.6,0.0059992100219695,0.1516553274840116,-75.57199999999999,0.3014455845544005,92.544,-0.1681322543872403,500
frac0.1_boost2,0.1,2.0,200,score_dpp,150.036,0.24982,0.1,103.736,0.1304,0.1927091101109981,-10.621999999999986,0.055409703194892884,25.680000000000007,-0.0437314644092098,500
frac0.1_boost2,0.1,2.0,200,score_mmr25,159.0,0.205,0.1,89.706,0.16182,0.2111136543452739,-1.657999999999987,0.010589703194892885,11.650000000000006,-0.012311464409209799,500
frac0.1_boost2,0.1,2.0,200,weighted_bh,143.358,0.2715901918756273,0.1,113.274,0.0750951992188008,0.1841306417584419,-17.299999999999983,0.07717989507052017,35.218,-0.09903626519040899,500
frac0.1_boost2,0.1,2.0,50,bh,43.902,0.12196,0.012,23.672,0.27396,0.2936025739610195,0.0,0.0,0.0,0.0,500
frac0.1_boost2,0.1,2.0,50,block_bh,43.902,0.12196,0.012,23.636,0.27404,0.2937074166536331,0.0,0.0,-0.036000000000001364,8.00000000000245e-05,500
frac0.1_boost2,0.1,2.0,50,chemdeprc_cap1,43.018,0.13964,0.0,50.0,0.02,0.2174765905737876,-0.8840000000000003,0.017679999999999987,26.328,-0.25395999999999996,500
frac0.1_boost2,0.1,2.0,50,chemdeprc_scoresoft50,43.01,0.1394876744186046,0.07,25.0,0.1045847563676633,0.2570701949000358,-0.892000000000003,0.017527674418604602,1.3279999999999994,-0.1693752436323367,500
frac0.1_boost2,0.1,2.0,50,chemdeprc_soft50,39.092,0.1309487077820237,0.012,25.0,0.1661353609936595,0.2595706402361393,-4.810000000000002,0.008988707782023694,1.3279999999999994,-0.10782463900634048,500
frac0.1_boost2,0.1,2.0,50,chemdeprc_soft75,43.284,0.13432,0.0,38.0,0.0482,0.2373983813226223,-0.6180000000000021,0.012359999999999996,14.328,-0.22576,500
frac0.1_boost2,0.1,2.0,50,raw_top_b,43.902,0.12196,0.012,23.672,0.27396,0.2936025679707527,0.0,0.0,0.0,0.0,500
frac0.1_boost2,0.1,2.0,50,score_cap1,42.872,0.14256,0.0,50.0,0.02,0.2177738136351108,-1.0300000000000011,0.020599999999999993,26.328,-0.25395999999999996,500
frac0.1_boost2,0.1,2.0,50,score_dpp,40.646,0.18708,0.0,43.19,0.08016,0.1819333246648311,-3.2560000000000002,0.06512,19.517999999999997,-0.19379999999999997,500
frac0.1_boost2,0.1,2.0,50,score_mmr25,41.944,0.16112,0.0,39.868,0.12376,0.2060566639006137,-1.9579999999999984,0.039160000000000014,16.196,-0.1502,500
frac0.1_boost2,0.1,2.0,50,weighted_bh,43.11,0.1378,0.0,43.134,0.07072,0.2168461215496063,-0.7920000000000016,0.015840000000000007,19.462,-0.20323999999999998,500
frac0.1_boost2,0.1,2.0,500,bh,213.988,0.3342002863323334,0.1,130.86,0.120101243960924,0.1811514167189598,0.0,0.0,0.0,0.0,500
frac0.1_boost2,0.1,2.0,500,block_bh,210.482,0.3185786173692461,0.1,120.65,0.1265486632521448,0.1850832170248031,-3.5060000000000002,-0.01562166896308731,-10.210000000000008,0.006447419291220807,500
frac0.1_boost2,0.1,2.0,500,chemdeprc_cap1,79.194,0.3641670028895619,0.092,120.65,0.0087936036753992,0.1655978174507618,-134.79399999999998,0.02996671655722849,-10.210000000000008,-0.1113076402855248,500
frac0.1_boost2,0.1,2.0,500,chemdeprc_scoresoft50,210.482,0.3185786173692461,0.1,120.65,0.1265486632521448,0.1849949933886528,-3.5060000000000002,-0.01562166896308731,-10.210000000000008,0.006447419291220807,500
frac0.1_boost2,0.1,2.0,500,chemdeprc_soft50,210.482,0.3185786173692461,0.1,120.65,0.1265486632521448,0.1848783852756023,-3.5060000000000002,-0.01562166896308731,-10.210000000000008,0.006447419291220807,500
frac0.1_boost2,0.1,2.0,500,chemdeprc_soft75,210.482,0.3185786173692461,0.1,120.65,0.1265486632521448,0.1849744726419449,-3.5060000000000002,-0.01562166896308731,-10.210000000000008,0.006447419291220807,500
frac0.1_boost2,0.1,2.0,500,raw_top_b,226.4,0.4309900011905877,0.1,180.082,0.0950018146879315,0.165408206731081,12.412000000000006,0.09678971485825433,49.22199999999998,-0.02509942927299251,500
frac0.1_boost2,0.1,2.0,500,score_cap1,85.586,0.5057203813332145,0.1,181.3,0.0057972999492716,0.1504747748374938,-128.402,0.1715200950008811,50.44,-0.1143039440116524,500
frac0.1_boost2,0.1,2.0,500,score_dpp,226.1,0.4315900011905877,0.1,181.2,0.0950018146879315,0.165367149233818,12.111999999999995,0.09738971485825432,50.339999999999975,-0.02509942927299251,500
frac0.1_boost2,0.1,2.0,500,score_mmr25,226.4,0.4309900011905877,0.1,181.162,0.0950018146879315,0.1655141376852989,12.412000000000006,0.09678971485825433,50.30199999999999,-0.02509942927299251,500
frac0.1_boost2,0.1,2.0,500,weighted_bh,188.648,0.3592782601815963,0.1,151.228,0.098807561463458,0.1748371089398861,-25.340000000000003,0.025077973849262913,20.367999999999995,-0.021293682497466007,500
frac0.1_boost4,0.1,4.0,10,bh,7.046,0.2954,0.11,5.452,0.4508,0.4479581464231014,0.0,0.0,0.0,0.0,500
frac0.1_boost4,0.1,4.0,10,block_bh,7.046,0.2954,0.11,5.452,0.4508,0.4479581464231014,0.0,0.0,0.0,0.0,500
frac0.1_boost4,0.1,4.0,10,chemdeprc_cap1,9.004,0.0996,0.0,10.0,0.1,0.3447079957723618,1.9579999999999993,-0.1958,4.548,-0.3508,500
frac0.1_boost4,0.1,4.0,10,chemdeprc_scoresoft50,6.916,0.302013492063492,0.118,5.0,0.3866722222222222,0.3974609231948852,-0.1299999999999999,0.006613492063491988,-0.45199999999999996,-0.06412777777777778,500
frac0.1_boost4,0.1,4.0,10,chemdeprc_soft50,7.032,0.1712666666666666,0.024,5.0,0.3578349206349207,0.4053212622106075,-0.014000000000000234,-0.1241333333333334,-0.45199999999999996,-0.0929650793650793,500
frac0.1_boost4,0.1,4.0,10,chemdeprc_soft75,8.58,0.1307111111111111,0.0,8.0,0.2142222222222222,0.3665828890502453,1.5339999999999998,-0.16468888888888888,2.548,-0.23657777777777778,500
frac0.1_boost4,0.1,4.0,10,raw_top_b,7.046,0.2954,0.11,5.452,0.4508,0.4479581428170204,0.0,0.0,0.0,0.0,500
frac0.1_boost4,0.1,4.0,10,score_cap1,8.42,0.158,0.0,10.0,0.1,0.3236545687913895,1.3739999999999997,-0.1374,4.548,-0.3508,500
frac0.1_boost4,0.1,4.0,10,score_dpp,7.732,0.2268,0.0,9.854,0.1146,0.166410196095705,0.6859999999999999,-0.0686,4.401999999999999,-0.3362,500
frac0.1_boost4,0.1,4.0,10,score_mmr25,7.84,0.216,0.0,9.996,0.1004,0.1609755903333425,0.7939999999999996,-0.0794,4.5440000000000005,-0.3504,500
frac0.1_boost4,0.1,4.0,10,weighted_bh,9.278,0.0722,0.0,9.73,0.1252,0.3315047115683555,2.232,-0.2232,4.2780000000000005,-0.3256,500
frac0.1_boost4,0.1,4.0,100,bh,80.59,0.1941,0.1,39.104,0.25664,0.2603413661420345,0.0,0.0,0.0,0.0,500
frac0.1_boost4,0.1,4.0,100,block_bh,80.588,0.19412,0.1,39.096,0.25666,0.2603632733523845,-0.0020000000000095497,1.9999999999992246e-05,-0.008000000000002672,2.0000000000020002e-05,500
frac0.1_boost4,0.1,4.0,100,chemdeprc_cap1,70.294,0.2811920689204734,0.1,96.544,0.0104222041471178,0.1763647274374961,-10.296000000000006,0.08709206892047339,57.44,-0.24621779585288217,500
frac0.1_boost4,0.1,4.0,100,chemdeprc_scoresoft50,80.156,0.1983188827581955,0.1,50.0,0.0572526703450826,0.2182164438664913,-0.4339999999999975,0.0042188827581955135,10.896,-0.19938732965491737,500
frac0.1_boost4,0.1,4.0,100,chemdeprc_soft50,80.576,0.1866947039711813,0.1,50.0,0.1148597615450836,0.2294329337775707,-0.014000000000010004,-0.007405296028818703,10.896,-0.14178023845491639,500
frac0.1_boost4,0.1,4.0,100,chemdeprc_soft75,78.262,0.21738,0.1,75.0,0.0250799999999999,0.1932939764857292,-2.328000000000003,0.023279999999999995,35.896,-0.23156000000000007,500
frac0.1_boost4,0.1,4.0,100,raw_top_b,80.59,0.1941,0.1,39.104,0.25664,0.2603413639962673,0.0,0.0,0.0,0.0,500
frac0.1_boost4,0.1,4.0,100,score_cap1,71.662,0.28338,0.1,100.0,0.01,0.1752791509926319,-8.927999999999997,0.08928000000000003,60.896,-0.24663999999999997,500
frac0.1_boost4,0.1,4.0,100,score_dpp,75.266,0.24734,0.1,69.508,0.1130999999999999,0.1876708225309848,-5.323999999999998,0.05324000000000001,30.403999999999996,-0.14354000000000008,500
frac0.1_boost4,0.1,4.0,100,score_mmr25,78.634,0.21366,0.1,57.078,0.17004,0.2156433573663234,-1.956000000000003,0.019559999999999994,17.974000000000004,-0.08659999999999998,500
frac0.1_boost4,0.1,4.0,100,weighted_bh,77.568,0.22432,0.1,70.734,0.07458,0.1993261340260505,-3.0220000000000056,0.030219999999999997,31.629999999999995,-0.18206,500
frac0.1_boost4,0.1,4.0,20,bh,14.848,0.2576,0.076,10.146,0.3878,0.3716188871264457,0.0,0.0,0.0,0.0,500
frac0.1_boost4,0.1,4.0,20,block_bh,14.848,0.2576,0.076,10.146,0.3878,0.3716188871264457,0.0,0.0,0.0,0.0,500
frac0.1_boost4,0.1,4.0,20,chemdeprc_cap1,17.76,0.112,0.0,20.0,0.05,0.2691592518389225,2.912000000000001,-0.1456,9.854,-0.3378,500
frac0.1_boost4,0.1,4.0,20,chemdeprc_scoresoft50,15.284,0.2339638888888889,0.014,10.0,0.2159480158730159,0.3254656427800655,0.43599999999999994,-0.023636111111111108,-0.1460000000000008,-0.17185198412698408,500
frac0.1_boost4,0.1,4.0,20,chemdeprc_soft50,14.344,0.1703517878148683,0.0,10.0,0.2768687949821076,0.3585695866942405,-0.5040000000000013,-0.08724821218513171,-0.1460000000000008,-0.11093120501789239,500
frac0.1_boost4,0.1,4.0,20,chemdeprc_soft75,17.158,0.1391745356037151,0.0,15.0,0.1493503095975232,0.2973850982487201,2.3100000000000005,-0.1184254643962849,4.853999999999999,-0.23844969040247677,500
frac0.1_boost4,0.1,4.0,20,raw_top_b,14.848,0.2576,0.076,10.146,0.3878,0.3716188895404338,0.0,0.0,0.0,0.0,500
frac0.1_boost4,0.1,4.0,20,score_cap1,17.394,0.1303,0.0,20.0,0.05,0.275615942955017,2.5459999999999976,-0.1273,9.854,-0.3378,500
frac0.1_boost4,0.1,4.0,20,score_dpp,15.754,0.2123,0.0,19.018,0.09,0.1627140588313341,0.9059999999999988,-0.04530000000000001,8.872,-0.29779999999999995,500
frac0.1_boost4,0.1,4.0,20,score_mmr25,16.016,0.1992,0.0,18.714,0.1052999999999999,0.1758675890117883,1.1679999999999975,-0.05840000000000001,8.567999999999998,-0.2825000000000001,500
frac0.1_boost4,0.1,4.0,20,weighted_bh,18.222,0.0889,0.0,18.954,0.0766,0.2689704949259758,3.3740000000000006,-0.1687,8.808,-0.3112,500
frac0.1_boost4,0.1,4.0,200,bh,158.886,0.2040491334557612,0.1,77.428,0.1735991942714063,0.2212660016715526,0.0,0.0,0.0,0.0,500
frac0.1_boost4,0.1,4.0,200,block_bh,158.636,0.2037155928618538,0.1,75.694,0.1747444944825865,0.2216427931785583,-0.25,-0.00033354059390738877,-1.7339999999999947,0.0011453002111802002,500
frac0.1_boost4,0.1,4.0,200,chemdeprc_cap1,79.116,0.3681606026533181,0.1,121.506,0.0086950601499221,0.1651690865457058,-79.77,0.16411146919755693,44.078,-0.1649041341214842,500
frac0.1_boost4,0.1,4.0,200,chemdeprc_scoresoft50,141.79,0.2879455928618538,0.1,96.544,0.0479644944825865,0.1820053056776523,-17.096000000000004,0.08389645940609258,19.116,-0.1256346997888198,500
frac0.1_boost4,0.1,4.0,200,chemdeprc_soft50,143.29,0.2804455928618538,0.1,96.544,0.0527444944825865,0.1834599206745624,-15.596000000000004,0.07639645940609258,19.116,-0.1208546997888198,500
frac0.1_boost4,0.1,4.0,200,chemdeprc_soft75,129.932,0.3472355928618538,0.1,118.716,0.0348244944825865,0.1711981872916221,-28.954000000000008,0.1431864594060926,41.288,-0.1387746997888198,500
frac0.1_boost4,0.1,4.0,200,raw_top_b,159.034,0.2048299999999999,0.1,78.542,0.17294,0.2209057022035122,0.14799999999999613,0.0007808665442387008,1.1140000000000043,-0.0006591942714062882,500
frac0.1_boost4,0.1,4.0,200,score_cap1,84.93,0.4967444237646826,0.1,170.6,0.0059992100219695,0.1516945857852697,-73.95599999999999,0.2926952903089214,93.172,-0.1675999842494368,500
frac0.1_boost4,0.1,4.0,200,score_dpp,147.058,0.26471,0.1,102.64,0.1284199999999999,0.1894701693058013,-11.828000000000003,0.0606608665442388,25.212000000000003,-0.0451791942714064,500
frac0.1_boost4,0.1,4.0,200,score_mmr25,156.446,0.21777,0.1,88.428,0.1638899999999999,0.2098423892557621,-2.4399999999999977,0.013720866544238791,11.0,-0.009709194271406402,500
frac0.1_boost4,0.1,4.0,200,weighted_bh,140.654,0.2949229387804996,0.1,114.65,0.0818699299608135,0.1836465898454189,-18.232,0.09087380532473838,37.22200000000001,-0.09172926431059279,500
frac0.1_boost4,0.1,4.0,50,bh,39.558,0.20884,0.1,21.994,0.28956,0.2915792858600616,0.0,0.0,0.0,0.0,500
frac0.1_boost4,0.1,4.0,50,block_bh,39.558,0.20884,0.1,21.994,0.28956,0.2915792858600616,0.0,0.0,0.0,0.0,500
frac0.1_boost4,0.1,4.0,50,chemdeprc_cap1,42.422,0.15156,0.0,50.0,0.02,0.2162485091984272,2.863999999999997,-0.05728,28.006,-0.26955999999999997,500
frac0.1_boost4,0.1,4.0,50,chemdeprc_scoresoft50,40.824,0.1834966666666666,0.098,25.0,0.0945766666666666,0.2486820721626281,1.2659999999999982,-0.025343333333333384,3.0060000000000002,-0.1949833333333334,500
frac0.1_boost4,0.1,4.0,50,chemdeprc_soft50,37.686,0.1781487468240167,0.096,25.0,0.1508865050048617,0.2522639755010605,-1.8719999999999999,-0.030691253175983285,3.0060000000000002,-0.13867349499513829,500
frac0.1_boost4,0.1,4.0,50,chemdeprc_soft75,41.85,0.163,0.0,38.0,0.04632,0.2338861762583255,2.2920000000000016,-0.04583999999999999,16.006,-0.24323999999999998,500
frac0.1_boost4,0.1,4.0,50,raw_top_b,39.558,0.20884,0.1,21.994,0.28956,0.2915792808532715,0.0,0.0,0.0,0.0,500
frac0.1_boost4,0.1,4.0,50,score_cap1,42.17,0.1566,0.0,50.0,0.02,0.21634302470088,2.612000000000002,-0.05224000000000001,28.006,-0.26955999999999997,500
frac0.1_boost4,0.1,4.0,50,score_dpp,38.18,0.2364,0.07,41.718,0.09308,0.1771904627084732,-1.3780000000000001,0.02756,19.724000000000004,-0.19648,500
frac0.1_boost4,0.1,4.0,50,score_mmr25,37.788,0.24424,0.09,37.99,0.14436,0.2037390629649162,-1.7700000000000031,0.035400000000000015,15.996000000000002,-0.1452,500
frac0.1_boost4,0.1,4.0,50,weighted_bh,41.382,0.1723599999999999,0.018,41.49,0.08172,0.2158367077112198,1.823999999999998,-0.036480000000000096,19.496000000000002,-0.20783999999999997,500
frac0.1_boost4,0.1,4.0,500,bh,214.134,0.3388219665170126,0.1,131.488,0.1187677886033296,0.180217071712017,0.0,0.0,0.0,0.0,500
frac0.1_boost4,0.1,4.0,500,block_bh,211.004,0.3240115347466821,0.1,121.506,0.124210980852476,0.1836254557669162,-3.1299999999999955,-0.014810431770330479,-9.982,0.005443192249146411,500
frac0.1_boost4,0.1,4.0,500,chemdeprc_cap1,79.116,0.3681606026533181,0.1,121.506,0.0086950601499221,0.1651605553925037,-135.01799999999997,0.02933863613630555,-9.982,-0.11007272845340749,500
frac0.1_boost4,0.1,4.0,500,chemdeprc_scoresoft50,211.004,0.3240115347466821,0.1,121.506,0.124210980852476,0.1837862950265407,-3.1299999999999955,-0.014810431770330479,-9.982,0.005443192249146411,500
frac0.1_boost4,0.1,4.0,500,chemdeprc_soft50,211.004,0.3240115347466821,0.1,121.506,0.124210980852476,0.1837282770574093,-3.1299999999999955,-0.014810431770330479,-9.982,0.005443192249146411,500
frac0.1_boost4,0.1,4.0,500,chemdeprc_soft75,211.004,0.3240115347466821,0.1,121.506,0.124210980852476,0.1837833458185196,-3.1299999999999955,-0.014810431770330479,-9.982,0.005443192249146411,500
frac0.1_boost4,0.1,4.0,500,raw_top_b,226.4,0.4309900011905877,0.1,180.082,0.0950018146879315,0.1654842357933521,12.26600000000002,0.09216803467357515,48.593999999999994,-0.0237659739153981,500
frac0.1_boost4,0.1,4.0,500,score_cap1,85.43,0.5065886755476512,0.1,181.3,0.0057972999492716,0.1504816196262836,-128.70399999999998,0.16776670903063862,49.81200000000001,-0.112970488654058,500
frac0.1_boost4,0.1,4.0,500,score_dpp,226.1,0.4315900011905877,0.1,181.2,0.0950018146879315,0.1653546399474144,11.966000000000008,0.09276803467357514,49.71199999999999,-0.0237659739153981,500
frac0.1_boost4,0.1,4.0,500,score_mmr25,226.4,0.4309900011905877,0.1,181.162,0.0950018146879315,0.1655576232969761,12.26600000000002,0.09216803467357515,49.67400000000001,-0.0237659739153981,500
frac0.1_boost4,0.1,4.0,500,weighted_bh,189.302,0.3801006561562709,0.1,156.114,0.1039617466581072,0.1744101020693779,-24.831999999999994,0.04127868963925835,24.626000000000005,-0.014806041945222392,500
frac0.1_boost6,0.1,6.0,10,bh,4.456,0.5544,0.462,4.094,0.5636,0.4429473319351673,0.0,0.0,0.0,0.0,500
frac0.1_boost6,0.1,6.0,10,block_bh,4.456,0.5544,0.462,4.094,0.5636,0.4429486700594425,0.0,0.0,0.0,0.0,500
frac0.1_boost6,0.1,6.0,10,chemdeprc_cap1,7.938,0.2062,0.012,10.0,0.1,0.3202146481126547,3.4819999999999993,-0.3482,5.906,-0.4636,500
frac0.1_boost6,0.1,6.0,10,chemdeprc_scoresoft50,5.332,0.4658928571428571,0.264,5.0,0.3148214285714285,0.3398564642369747,0.8759999999999994,-0.0885071428571429,0.9059999999999997,-0.24877857142857152,500
frac0.1_boost6,0.1,6.0,10,chemdeprc_soft50,5.834,0.3772119047619047,0.212,5.0,0.3490547619047619,0.3689962281286716,1.3779999999999992,-0.1771880952380953,0.9059999999999997,-0.21454523809523807,500
frac0.1_boost6,0.1,6.0,10,chemdeprc_soft75,7.178,0.2752444444444444,0.056,8.0,0.20525,0.3316186467707157,2.7219999999999995,-0.2791555555555556,3.9059999999999997,-0.35835,500
frac0.1_boost6,0.1,6.0,10,raw_top_b,4.456,0.5544,0.462,4.094,0.5636,0.4429473269879818,0.0,0.0,0.0,0.0,500
frac0.1_boost6,0.1,6.0,10,score_cap1,7.424,0.2576,0.014,10.0,0.1,0.2971278363019228,2.968,-0.2968,5.906,-0.4636,500
frac0.1_boost6,0.1,6.0,10,score_dpp,6.59,0.341,0.042,9.404,0.1566,0.1606160591244697,2.1339999999999995,-0.21339999999999998,5.31,-0.40700000000000003,500
frac0.1_boost6,0.1,6.0,10,score_mmr25,6.554,0.3446,0.042,9.604,0.1352,0.1495426539182663,2.098,-0.2098,5.509999999999999,-0.4284,500
frac0.1_boost6,0.1,6.0,10,weighted_bh,8.956,0.1044,0.0,9.566,0.1378,0.3287030941843986,4.499999999999999,-0.45,5.472,-0.42579999999999996,500
frac0.1_boost6,0.1,6.0,100,bh,78.696,0.2130399999999999,0.1,38.926,0.25138,0.256483898460865,0.0,0.0,0.0,0.0,500
frac0.1_boost6,0.1,6.0,100,block_bh,78.692,0.21308,0.1,38.924,0.2514,0.2565071940422058,-0.0040000000000048885,4.0000000000095515e-05,-0.0020000000000024443,2.0000000000020002e-05,500
frac0.1_boost6,0.1,6.0,100,chemdeprc_cap1,70.222,0.2819273931898906,0.1,96.544,0.0104222041471178,0.1762109472155571,-8.474000000000004,0.06888739318989068,57.617999999999995,-0.24095779585288218,500
frac0.1_boost6,0.1,6.0,100,chemdeprc_scoresoft50,78.014,0.2197388827581955,0.1,50.0,0.0554526703450826,0.2138143455386161,-0.6820000000000022,0.006698882758195607,11.073999999999998,-0.19592732965491738,500
frac0.1_boost6,0.1,6.0,100,chemdeprc_soft50,78.252,0.2133585930773828,0.1,50.0,0.1036434954009591,0.2231494595110416,-0.4440000000000026,0.00031859307738291154,11.073999999999998,-0.1477365045990409,500
frac0.1_boost6,0.1,6.0,100,chemdeprc_soft75,77.11,0.2289,0.1,75.0,0.0250799999999999,0.1919075915515422,-1.5859999999999985,0.015860000000000096,36.074,-0.22630000000000008,500
frac0.1_boost6,0.1,6.0,100,raw_top_b,78.696,0.2130399999999999,0.1,38.926,0.25138,0.2564838959276676,0.0,0.0,0.0,0.0,500
frac0.1_boost6,0.1,6.0,100,score_cap1,71.594,0.28406,0.1,100.0,0.01,0.1751915521919727,-7.102000000000004,0.07102000000000008,61.074,-0.24137999999999998,500
frac0.1_boost6,0.1,6.0,100,score_dpp,72.58,0.2742,0.1,68.316,0.11518,0.1824595879018306,-6.116,0.0611600000000001,29.39,-0.1362,500
frac0.1_boost6,0.1,6.0,100,score_mmr25,75.762,0.2423799999999999,0.1,56.278,0.16572,0.2100368672907352,-2.9339999999999975,0.029340000000000005,17.351999999999997,-0.08565999999999999,500
frac0.1_boost6,0.1,6.0,100,weighted_bh,74.686,0.25314,0.1,68.168,0.0912,0.1991585030853748,-4.009999999999991,0.04010000000000008,29.242000000000004,-0.16018,500
frac0.1_boost6,0.1,6.0,20,bh,11.02,0.449,0.254,7.804,0.4412,0.3606665026247501,0.0,0.0,0.0,0.0,500
frac0.1_boost6,0.1,6.0,20,block_bh,11.02,0.449,0.254,7.804,0.4412,0.3606665026247501,0.0,0.0,0.0,0.0,500
frac0.1_boost6,0.1,6.0,20,chemdeprc_cap1,17.106,0.1447,0.0,20.0,0.05,0.2642752836346626,6.086000000000002,-0.3043,12.196,-0.3912,500
frac0.1_boost6,0.1,6.0,20,chemdeprc_scoresoft50,13.128,0.3436,0.1,10.0,0.1954,0.2997892291843891,2.1080000000000005,-0.1054,2.1959999999999997,-0.2458,500
frac0.1_boost6,0.1,6.0,20,chemdeprc_soft50,12.794,0.3212405365188647,0.096,10.0,0.2569995478291917,0.3253615093827248,1.774000000000001,-0.12775946348113532,2.1959999999999997,-0.18420045217080827,500
frac0.1_boost6,0.1,6.0,20,chemdeprc_soft75,15.426,0.2246198744410044,0.0,15.0,0.1283591503267974,0.2881812440156936,4.406000000000001,-0.2243801255589956,7.196,-0.3128408496732026,500
frac0.1_boost6,0.1,6.0,20,raw_top_b,11.02,0.449,0.254,7.804,0.4412,0.3606665034592151,0.0,0.0,0.0,0.0,500
frac0.1_boost6,0.1,6.0,20,score_cap1,16.77,0.1615,0.0,20.0,0.05,0.2709735627174377,5.75,-0.2875,12.196,-0.3912,500
frac0.1_boost6,0.1,6.0,20,score_dpp,14.164,0.2918,0.0,18.206,0.1209,0.1543455247581005,3.144,-0.1572,10.402,-0.3203,500
frac0.1_boost6,0.1,6.0,20,score_mmr25,14.286,0.2857,0.028,17.846,0.1313,0.1670244314968585,3.266,-0.1633,10.042,-0.30989999999999995,500
frac0.1_boost6,0.1,6.0,20,weighted_bh,17.586,0.1207,0.0,18.608,0.0847,0.2657298856377602,6.565999999999999,-0.32830000000000004,10.804,-0.3565,500
frac0.1_boost6,0.1,6.0,200,bh,156.242,0.2172691334557612,0.1,76.414,0.1715291942714063,0.2188350693285465,0.0,0.0,0.0,0.0,500
frac0.1_boost6,0.1,6.0,200,block_bh,155.992,0.2169355928618538,0.1,74.68,0.1726744944825865,0.2190320775806903,-0.25,-0.00033354059390741653,-1.7339999999999947,0.0011453002111802002,500
frac0.1_boost6,0.1,6.0,200,chemdeprc_cap1,79.104,0.368312124907182,0.1,121.51,0.0086948500989848,0.1651809697151184,-77.13799999999999,0.1510429914514208,45.096000000000004,-0.1628343441724215,500
frac0.1_boost6,0.1,6.0,200,chemdeprc_scoresoft50,141.51,0.2893455928618538,0.1,96.544,0.0479344944825865,0.1819244355857372,-14.732,0.07207645940609259,20.129999999999995,-0.12359469978881982,500
frac0.1_boost6,0.1,6.0,200,chemdeprc_soft50,142.502,0.2843855928618538,0.1,96.544,0.0516444944825865,0.182935494095087,-13.73999999999998,0.06711645940609257,20.129999999999995,-0.11988469978881981,500
frac0.1_boost6,0.1,6.0,200,chemdeprc_soft75,129.696,0.3484155928618538,0.1,118.72,0.0348244944825865,0.1711965753436088,-26.545999999999992,0.1311464594060926,42.306,-0.1367046997888198,500
frac0.1_boost6,0.1,6.0,200,raw_top_b,156.39,0.21805,0.1,77.528,0.17087,0.2185055232048034,0.14799999999999613,0.0007808665442387841,1.1140000000000043,-0.0006591942714063159,500
frac0.1_boost6,0.1,6.0,200,score_cap1,84.918,0.4968288393490983,0.1,170.6,0.0059992100219695,0.1517254513651132,-71.32399999999998,0.27955970589333706,94.18599999999999,-0.16552998424943682,500
frac0.1_boost6,0.1,6.0,200,score_dpp,144.624,0.27688,0.1,102.138,0.12494,0.186463853508234,-11.617999999999995,0.059610866544238805,25.724000000000004,-0.046589194271406315,500
frac0.1_boost6,0.1,6.0,200,score_mmr25,153.568,0.23216,0.1,87.792,0.1614,0.2058821866214275,-2.673999999999978,0.014890866544238796,11.378,-0.010129194271406322,500
frac0.1_boost6,0.1,6.0,200,weighted_bh,138.796,0.304358647786277,0.1,114.088,0.0816912747947465,0.1819164536595344,-17.445999999999998,0.08708951433051582,37.67399999999999,-0.08983791947665981,500
frac0.1_boost6,0.1,6.0,50,bh,35.166,0.29668,0.174,20.006,0.32388,0.2954899120032787,0.0,0.0,0.0,0.0,500
frac0.1_boost6,0.1,6.0,50,block_bh,35.166,0.29668,0.174,20.006,0.32388,0.2954899120032787,0.0,0.0,0.0,0.0,500
frac0.1_boost6,0.1,6.0,50,chemdeprc_cap1,41.824,0.16352,0.0,50.0,0.02,0.2147678110897541,6.658000000000001,-0.13316,29.994,-0.30388,500
frac0.1_boost6,0.1,6.0,50,chemdeprc_scoresoft50,39.168,0.2166166666666666,0.1,25.0,0.0912166666666666,0.2423849875926971,4.0020000000000024,-0.0800633333333334,4.994,-0.2326633333333334,500
frac0.1_boost6,0.1,6.0,50,chemdeprc_soft50,36.504,0.2200303982603728,0.1,25.0,0.1451117323749955,0.2463293657302856,1.338000000000001,-0.0766496017396272,4.994,-0.1787682676250045,500
frac0.1_boost6,0.1,6.0,50,chemdeprc_soft75,40.784,0.1843199999999999,0.0,38.0,0.0456,0.2309592377841472,5.618000000000002,-0.1123600000000001,17.994,-0.27827999999999997,500
frac0.1_boost6,0.1,6.0,50,raw_top_b,35.166,0.29668,0.174,20.006,0.32388,0.295489908427,0.0,0.0,0.0,0.0,500
frac0.1_boost6,0.1,6.0,50,score_cap1,41.526,0.16948,0.0,50.0,0.02,0.2145074737370014,6.3600000000000065,-0.1272,29.994,-0.30388,500
frac0.1_boost6,0.1,6.0,50,score_dpp,36.106,0.27788,0.094,40.164,0.10764,0.17215994566679,0.9400000000000048,-0.018799999999999983,20.158,-0.21624,500
frac0.1_boost6,0.1,6.0,50,score_mmr25,34.882,0.30236,0.16,36.24,0.16668,0.2016100975573063,-0.2839999999999989,0.005680000000000018,16.234,-0.1572,500
frac0.1_boost6,0.1,6.0,50,weighted_bh,40.24,0.1951999999999999,0.082,40.684,0.0858,0.2134618844985961,5.074000000000005,-0.1014800000000001,20.677999999999997,-0.23808,500
frac0.1_boost6,0.1,6.0,500,bh,214.134,0.3388219665170126,0.1,131.488,0.1187677886033296,0.1802780015468597,0.0,0.0,0.0,0.0,500
frac0.1_boost6,0.1,6.0,500,block_bh,211.004,0.3240272369719615,0.1,121.51,0.124207766561616,0.1837898188531398,-3.1299999999999955,-0.014794729545051066,-9.977999999999994,0.005439977958286407,500
frac0.1_boost6,0.1,6.0,500,chemdeprc_cap1,79.104,0.368312124907182,0.1,121.51,0.0086948500989848,0.1651942679584026,-135.02999999999997,0.02949015839016944,-9.977999999999994,-0.1100729385043448,500
frac0.1_boost6,0.1,6.0,500,chemdeprc_scoresoft50,211.004,0.3240272369719615,0.1,121.51,0.124207766561616,0.1837281702160835,-3.1299999999999955,-0.014794729545051066,-9.977999999999994,0.005439977958286407,500
frac0.1_boost6,0.1,6.0,500,chemdeprc_soft50,211.004,0.3240272369719615,0.1,121.51,0.124207766561616,0.1837904059588909,-3.1299999999999955,-0.014794729545051066,-9.977999999999994,0.005439977958286407,500
frac0.1_boost6,0.1,6.0,500,chemdeprc_soft75,211.004,0.3240272369719615,0.1,121.51,0.124207766561616,0.1836529524624347,-3.1299999999999955,-0.014794729545051066,-9.977999999999994,0.005439977958286407,500
frac0.1_boost6,0.1,6.0,500,raw_top_b,226.4,0.4309900011905877,0.1,180.082,0.0950018146879315,0.1654678816199302,12.26600000000002,0.09216803467357515,48.593999999999994,-0.0237659739153981,500
frac0.1_boost6,0.1,6.0,500,score_cap1,85.418,0.5066730911320668,0.1,181.3,0.0057972999492716,0.150571050658822,-128.71599999999998,0.16785112461505425,49.81200000000001,-0.112970488654058,500
frac0.1_boost6,0.1,6.0,500,score_dpp,226.1,0.4315900011905877,0.1,181.2,0.0950018146879315,0.1653492192029953,11.966000000000008,0.09276803467357514,49.71199999999999,-0.0237659739153981,500
frac0.1_boost6,0.1,6.0,500,score_mmr25,226.4,0.4309900011905877,0.1,181.162,0.0950018146879315,0.1653678140640258,12.26600000000002,0.09216803467357515,49.67400000000001,-0.0237659739153981,500
frac0.1_boost6,0.1,6.0,500,weighted_bh,189.474,0.388922863163717,0.1,156.742,0.1019702841595842,0.1721276986300945,-24.659999999999997,0.05010089664670442,25.25399999999999,-0.016797504443745392,500
frac0.2_boost2,0.2,2.0,10,bh,8.75,0.125,0.0,6.212,0.3946,0.4375312824249268,0.0,0.0,0.0,0.0,500
frac0.2_boost2,0.2,2.0,10,block_bh,8.75,0.125,0.0,6.212,0.3946,0.4375312824249268,0.0,0.0,0.0,0.0,500
frac0.2_boost2,0.2,2.0,10,chemdeprc_cap1,9.308,0.0692,0.0,10.0,0.1,0.3499719589352608,0.5579999999999998,-0.0558,3.7880000000000003,-0.2946,500
frac0.2_boost2,0.2,2.0,10,chemdeprc_scoresoft50,7.922,0.1527142857142857,0.0,5.0,0.3905746031746032,0.4129183853268623,-0.8280000000000003,0.02771428571428569,-1.2119999999999997,-0.004025396825396821,500
frac0.2_boost2,0.2,2.0,10,chemdeprc_soft50,7.376,0.0633666666666666,0.0,5.0,0.3148555555555555,0.4087862659096717,-1.3739999999999997,-0.0616333333333334,-1.2119999999999997,-0.0797444444444445,500
frac0.2_boost2,0.2,2.0,10,chemdeprc_soft75,9.026,0.0718444444444444,0.0,8.0,0.2070944444444444,0.3751357587277889,0.2759999999999998,-0.053155555555555595,1.7880000000000003,-0.18750555555555562,500
frac0.2_boost2,0.2,2.0,10,raw_top_b,8.75,0.125,0.0,6.212,0.3946,0.4375312879383564,0.0,0.0,0.0,0.0,500
frac0.2_boost2,0.2,2.0,10,score_cap1,8.878,0.1122,0.0,10.0,0.1,0.3349691354632377,0.1280000000000001,-0.012800000000000006,3.7880000000000003,-0.2946,500
frac0.2_boost2,0.2,2.0,10,score_dpp,8.3,0.17,0.0,10.0,0.1,0.1674193529188632,-0.4499999999999993,0.04500000000000001,3.7880000000000003,-0.2946,500
frac0.2_boost2,0.2,2.0,10,score_mmr25,8.41,0.159,0.0,10.0,0.1,0.164619542017579,-0.33999999999999986,0.034,3.7880000000000003,-0.2946,500
frac0.2_boost2,0.2,2.0,10,weighted_bh,9.44,0.056,0.0,9.778,0.1222,0.3312053883075714,0.6899999999999995,-0.069,3.5660000000000007,-0.2724,500
frac0.2_boost2,0.2,2.0,100,bh,84.93,0.1507,0.1,41.272,0.24012,0.2612336659133434,0.0,0.0,0.0,0.0,500
frac0.2_boost2,0.2,2.0,100,block_bh,84.938,0.15062,0.1,41.258,0.24012,0.2612445962429046,0.007999999999995566,-7.999999999999674e-05,-0.013999999999995794,0.0,500
frac0.2_boost2,0.2,2.0,100,chemdeprc_cap1,70.566,0.2816626506234922,0.1,97.402,0.0103079172578668,0.176338291734457,-14.364000000000004,0.13096265062349222,56.13,-0.2298120827421332,500
frac0.2_boost2,0.2,2.0,100,chemdeprc_scoresoft50,81.424,0.18576,0.1,50.0,0.05642,0.2198543408811092,-3.5060000000000002,0.03506000000000001,8.728000000000002,-0.1837,500
frac0.2_boost2,0.2,2.0,100,chemdeprc_soft50,81.976,0.1671000001355014,0.1,50.0,0.1215959539032248,0.2327966077923774,-2.9540000000000077,0.016400000135501386,8.728000000000002,-0.1185240460967752,500
frac0.2_boost2,0.2,2.0,100,chemdeprc_soft75,79.092,0.20908,0.1,75.0,0.025,0.1942728203833103,-5.838000000000008,0.05837999999999999,33.728,-0.21512,500
frac0.2_boost2,0.2,2.0,100,raw_top_b,84.93,0.1507,0.1,41.272,0.24012,0.2612336629629135,0.0,0.0,0.0,0.0,500
frac0.2_boost2,0.2,2.0,100,score_cap1,71.51,0.2849,0.1,100.0,0.01,0.1753466166555881,-13.420000000000002,0.13419999999999999,58.728,-0.23012,500
frac0.2_boost2,0.2,2.0,100,score_dpp,77.79,0.2221,0.1,71.37,0.09944,0.1887134511470794,-7.140000000000001,0.07139999999999999,30.098000000000006,-0.14068,500
frac0.2_boost2,0.2,2.0,100,score_mmr25,82.046,0.17954,0.1,59.228,0.15258,0.2159041436910629,-2.8840000000000003,0.028840000000000005,17.956000000000003,-0.08754,500
frac0.2_boost2,0.2,2.0,100,weighted_bh,80.318,0.19682,0.1,73.378,0.06402,0.1986765182614326,-4.612000000000009,0.046119999999999994,32.106,-0.1761,500
frac0.2_boost2,0.2,2.0,20,bh,17.032,0.1484,0.0,11.58,0.3507,0.3698704608082771,0.0,0.0,0.0,0.0,500
frac0.2_boost2,0.2,2.0,20,block_bh,17.032,0.1484,0.0,11.58,0.3507,0.3698704608082771,0.0,0.0,0.0,0.0,500
frac0.2_boost2,0.2,2.0,20,chemdeprc_cap1,18.146,0.0927,0.0,20.0,0.05,0.2723718347251415,1.1140000000000008,-0.0557,8.42,-0.3007,500
frac0.2_boost2,0.2,2.0,20,chemdeprc_scoresoft50,16.608,0.1639682595182595,0.0,10.0,0.2347114607614607,0.3409044117927551,-0.4239999999999995,0.015568259518259492,-1.58,-0.1159885392385393,500
frac0.2_boost2,0.2,2.0,20,chemdeprc_soft50,14.862,0.097791263122842,0.0,10.0,0.2718070184201763,0.3690903758108615,-2.17,-0.050608736877158,-1.58,-0.07889298157982372,500
frac0.2_boost2,0.2,2.0,20,chemdeprc_soft75,18.108,0.0891576711386308,0.0,15.0,0.1614339525283797,0.3008478589653969,1.0760000000000005,-0.05924232886136921,3.42,-0.18926604747162032,500
frac0.2_boost2,0.2,2.0,20,raw_top_b,17.032,0.1484,0.0,11.58,0.3507,0.369870461165905,0.0,0.0,0.0,0.0,500
frac0.2_boost2,0.2,2.0,20,score_cap1,17.908,0.1046,0.0,20.0,0.05,0.2802354964017868,0.8760000000000012,-0.043800000000000006,8.42,-0.3007,500
frac0.2_boost2,0.2,2.0,20,score_dpp,16.896,0.1552,0.0,19.5,0.0732,0.1670497714877128,-0.13599999999999923,0.0068000000000000005,7.92,-0.2775,500
frac0.2_boost2,0.2,2.0,20,score_mmr25,17.21,0.1395,0.0,19.248,0.0831,0.1811272281706333,0.17800000000000082,-0.008899999999999991,7.668000000000001,-0.2676,500
frac0.2_boost2,0.2,2.0,20,weighted_bh,18.6,0.07,0.0,19.172,0.0709,0.2689375781714916,1.5680000000000014,-0.0784,7.5920000000000005,-0.2798,500
frac0.2_boost2,0.2,2.0,200,bh,159.27,0.2035763322893904,0.1,77.496,0.1728967380071472,0.2218053682148456,0.0,0.0,0.0,0.0,500
frac0.2_boost2,0.2,2.0,200,block_bh,159.326,0.2027699177865395,0.1,76.532,0.1732290745617481,0.2222313674092292,0.055999999999983174,-0.0008064145028509051,-0.9639999999999986,0.0003323365546009094,500
frac0.2_boost2,0.2,2.0,200,chemdeprc_cap1,79.346,0.3748723125612707,0.1,123.358,0.0085162032059348,0.1645782472491264,-79.924,0.17129598027188028,45.86200000000001,-0.1643805348012124,500
frac0.2_boost2,0.2,2.0,200,chemdeprc_scoresoft50,141.818,0.2903099177865395,0.1,97.402,0.0457990745617481,0.1815627791881561,-17.451999999999998,0.08673358549714907,19.906000000000006,-0.12709766344539908,500
frac0.2_boost2,0.2,2.0,200,chemdeprc_soft50,144.122,0.2787899177865395,0.1,97.402,0.0514190745617481,0.1842595021128654,-15.147999999999996,0.0752135854971491,19.906000000000006,-0.12147766344539909,500
frac0.2_boost2,0.2,2.0,200,chemdeprc_soft75,129.05,0.3541499177865395,0.1,120.41,0.0317390745617481,0.1703101096153259,-30.22,0.15057358549714908,42.914,-0.1411576634453991,500
frac0.2_boost2,0.2,2.0,200,raw_top_b,159.284,0.20358,0.1,77.556,0.17287,0.2217835201025009,0.013999999999981583,3.667710609611685e-06,0.060000000000002274,-2.6738007147197873e-05,500
frac0.2_boost2,0.2,2.0,200,score_cap1,84.898,0.4969267365554108,0.1,170.6,0.0059992100219695,0.1516412845551967,-74.37200000000001,0.29335040426602044,93.104,-0.1668975279851777,500
frac0.2_boost2,0.2,2.0,200,score_dpp,148.248,0.25876,0.1,102.358,0.12983,0.1921899940371513,-11.02200000000002,0.05518366771060959,24.86200000000001,-0.04306673800714719,500
frac0.2_boost2,0.2,2.0,200,score_mmr25,157.424,0.2128799999999999,0.1,88.136,0.16172,0.2110780033171176,-1.8460000000000036,0.009303667710609503,10.64,-0.011176738007147191,500
frac0.2_boost2,0.2,2.0,200,weighted_bh,142.672,0.2811305551840783,0.1,115.024,0.0746124930846016,0.1839518739283084,-16.598000000000013,0.07755422289468791,37.528000000000006,-0.09828424492254559,500
frac0.2_boost2,0.2,2.0,50,bh,43.054,0.13892,0.072,23.396,0.2738,0.2934542101621628,0.0,0.0,0.0,0.0,500
frac0.2_boost2,0.2,2.0,50,block_bh,43.054,0.13892,0.072,23.394,0.2738,0.293456179767847,0.0,0.0,-0.0020000000000024443,0.0,500
frac0.2_boost2,0.2,2.0,50,chemdeprc_cap1,42.786,0.14428,0.0,50.0,0.02,0.2173615175783634,-0.2680000000000007,0.005360000000000004,26.604,-0.25379999999999997,500
frac0.2_boost2,0.2,2.0,50,chemdeprc_scoresoft50,42.208,0.1557057487922705,0.072,25.0,0.1012958937198067,0.255208418726921,-0.8460000000000036,0.016785748792270516,1.6039999999999992,-0.1725041062801933,500
frac0.2_boost2,0.2,2.0,50,chemdeprc_soft50,38.7,0.1482400157441695,0.046,25.0,0.1633242250634797,0.259646571367979,-4.353999999999999,0.009320015744169519,1.6039999999999992,-0.11047577493652028,500
frac0.2_boost2,0.2,2.0,50,chemdeprc_soft75,42.65,0.147,0.0,38.0,0.0474,0.2365311770141124,-0.40400000000000347,0.008080000000000004,14.604,-0.2264,500
frac0.2_boost2,0.2,2.0,50,raw_top_b,43.054,0.13892,0.072,23.396,0.2738,0.2934542071819305,0.0,0.0,0.0,0.0,500
frac0.2_boost2,0.2,2.0,50,score_cap1,42.522,0.14956,0.0,50.0,0.02,0.2172902227640152,-0.5320000000000036,0.01064000000000001,26.604,-0.25379999999999997,500
frac0.2_boost2,0.2,2.0,50,score_dpp,39.792,0.20416,0.0,43.124,0.07932,0.1806242606043815,-3.2620000000000005,0.06524000000000002,19.728,-0.19448,500
frac0.2_boost2,0.2,2.0,50,score_mmr25,41.156,0.1768799999999999,0.006,39.788,0.12344,0.2055305764079094,-1.8980000000000032,0.03795999999999991,16.391999999999996,-0.15036,500
frac0.2_boost2,0.2,2.0,50,weighted_bh,42.656,0.1468799999999999,0.0,42.822,0.07204,0.2173601784110069,-0.39800000000000324,0.007959999999999912,19.426000000000002,-0.20176,500
frac0.2_boost2,0.2,2.0,500,bh,214.646,0.349273909894364,0.1,133.606,0.1170313454651567,0.1786848932504653,0.0,0.0,0.0,0.0,500
frac0.2_boost2,0.2,2.0,500,block_bh,211.508,0.3350018392419559,0.1,123.358,0.1221276008916428,0.1820564433038234,-3.137999999999977,-0.014272070652408098,-10.24799999999999,0.005096255426486104,500
frac0.2_boost2,0.2,2.0,500,chemdeprc_cap1,79.346,0.3748723125612707,0.1,123.358,0.0085162032059348,0.1646687775552272,-135.29999999999998,0.02559840266690666,-10.24799999999999,-0.1085151422592219,500
frac0.2_boost2,0.2,2.0,500,chemdeprc_scoresoft50,211.508,0.3350018392419559,0.1,123.358,0.1221276008916428,0.1820112965404987,-3.137999999999977,-0.014272070652408098,-10.24799999999999,0.005096255426486104,500
frac0.2_boost2,0.2,2.0,500,chemdeprc_soft50,211.508,0.3350018392419559,0.1,123.358,0.1221276008916428,0.1822321928143501,-3.137999999999977,-0.014272070652408098,-10.24799999999999,0.005096255426486104,500
frac0.2_boost2,0.2,2.0,500,chemdeprc_soft75,211.508,0.3350018392419559,0.1,123.358,0.1221276008916428,0.1821212999224662,-3.137999999999977,-0.014272070652408098,-10.24799999999999,0.005096255426486104,500
frac0.2_boost2,0.2,2.0,500,raw_top_b,226.4,0.4309900011905877,0.1,180.022,0.0950018146879315,0.1655284774899482,11.754000000000019,0.0817160912962237,46.416,-0.022029530777225206,500
frac0.2_boost2,0.2,2.0,500,score_cap1,85.398,0.5067415714680595,0.1,181.3,0.0057972999492716,0.1504462126642465,-129.248,0.15746766157369552,47.69400000000002,-0.1112340455158851,500
frac0.2_boost2,0.2,2.0,500,score_dpp,226.1,0.4315900011905877,0.1,181.2,0.0950018146879315,0.1653317733705044,11.454000000000008,0.08231609129622369,47.593999999999994,-0.022029530777225206,500
frac0.2_boost2,0.2,2.0,500,score_mmr25,226.394,0.4310020011905877,0.1,181.036,0.0950018146879315,0.1653350221812725,11.748000000000019,0.08172809129622366,47.43000000000001,-0.022029530777225206,500
frac0.2_boost2,0.2,2.0,500,weighted_bh,188.99,0.3737968407540119,0.1,154.436,0.0972965499152943,0.17376860460639,-25.655999999999977,0.024522930859647907,20.830000000000013,-0.019734795549862405,500
frac0.2_boost4,0.2,4.0,10,bh,6.078,0.3922,0.21,5.112,0.4562,0.4360620619356632,0.0,0.0,0.0,0.0,500
frac0.2_boost4,0.2,4.0,10,block_bh,6.078,0.3922,0.21,5.112,0.4562,0.4360620619356632,0.0,0.0,0.0,0.0,500
frac0.2_boost4,0.2,4.0,10,chemdeprc_cap1,8.674,0.1326,0.0,10.0,0.1,0.3377303737699985,2.595999999999999,-0.2596,4.888,-0.35619999999999996,500
frac0.2_boost4,0.2,4.0,10,chemdeprc_scoresoft50,6.15,0.3831142857142857,0.206,5.0,0.3584531746031746,0.3795244106948375,0.07200000000000006,-0.009085714285714308,-0.1120000000000001,-0.09774682539682539,500
frac0.2_boost4,0.2,4.0,10,chemdeprc_soft50,6.714,0.2370587301587301,0.06,5.0,0.3655650793650793,0.3977707063555717,0.6360000000000001,-0.15514126984126989,-0.1120000000000001,-0.09063492063492068,500
frac0.2_boost4,0.2,4.0,10,chemdeprc_soft75,8.164,0.1735777777777777,0.0,8.0,0.2077611111111111,0.3577277816832065,2.0859999999999994,-0.2186222222222223,2.888,-0.2484388888888889,500
frac0.2_boost4,0.2,4.0,10,raw_top_b,6.078,0.3922,0.21,5.112,0.4562,0.436062053412199,0.0,0.0,0.0,0.0,500
frac0.2_boost4,0.2,4.0,10,score_cap1,7.786,0.2214,0.0,10.0,0.1,0.3139270474612713,1.7079999999999993,-0.17079999999999998,4.888,-0.35619999999999996,500
frac0.2_boost4,0.2,4.0,10,score_dpp,7.12,0.288,0.0,9.824,0.1176,0.166332016274333,1.0419999999999998,-0.10420000000000001,4.712,-0.3386,500
frac0.2_boost4,0.2,4.0,10,score_mmr25,7.156,0.2844,0.0,9.998,0.1002,0.1591539346575737,1.0779999999999994,-0.1078,4.885999999999999,-0.356,500
frac0.2_boost4,0.2,4.0,10,weighted_bh,9.072,0.0928,0.0,9.656,0.131,0.331465337306261,2.993999999999999,-0.2994,4.5440000000000005,-0.3252,500
frac0.2_boost4,0.2,4.0,100,bh,76.624,0.23376,0.1,37.534,0.25588,0.2575684885382652,0.0,0.0,0.0,0.0,500
frac0.2_boost4,0.2,4.0,100,block_bh,76.624,0.23376,0.1,37.532,0.25588,0.2575704765021801,0.0,0.0,-0.0020000000000024443,0.0,500
frac0.2_boost4,0.2,4.0,100,chemdeprc_cap1,69.96,0.2890449439608926,0.1,97.854,0.0102553062963937,0.1756387632787227,-6.6640000000000015,0.05528494396089259,60.32,-0.2456246937036063,500
frac0.2_boost4,0.2,4.0,100,chemdeprc_scoresoft50,77.498,0.22502,0.1,50.0,0.0527199999999999,0.214859954804182,0.8740000000000094,-0.008739999999999998,12.466000000000001,-0.2031600000000001,500
frac0.2_boost4,0.2,4.0,100,chemdeprc_soft50,77.988,0.216751311519156,0.1,50.0,0.103217921219819,0.2247985881567001,1.3640000000000043,-0.017008688480843998,12.466000000000001,-0.152662078780181,500
frac0.2_boost4,0.2,4.0,100,chemdeprc_soft75,76.584,0.23416,0.1,75.0,0.02444,0.1920152030587196,-0.03999999999999204,0.00040000000000001146,37.466,-0.23144,500
frac0.2_boost4,0.2,4.0,100,raw_top_b,76.624,0.23376,0.1,37.534,0.25588,0.2575684870481491,0.0,0.0,0.0,0.0,500
frac0.2_boost4,0.2,4.0,100,score_cap1,70.974,0.29026,0.1,100.0,0.01,0.1748404586613178,-5.6499999999999915,0.05650000000000002,62.466,-0.24588,500
frac0.2_boost4,0.2,4.0,100,score_dpp,72.02,0.2798,0.1,68.378,0.11204,0.1846746107041836,-4.603999999999999,0.04604,30.844,-0.14384,500
frac0.2_boost4,0.2,4.0,100,score_mmr25,74.938,0.25062,0.1,55.77,0.1665,0.2128693462908268,-1.6859999999999928,0.016860000000000014,18.236000000000004,-0.08937999999999999,500
frac0.2_boost4,0.2,4.0,100,weighted_bh,75.042,0.24958,0.1,68.944,0.0724,0.1986970587074756,-1.5819999999999936,0.01582,31.410000000000004,-0.18347999999999998,500
frac0.2_boost4,0.2,4.0,20,bh,13.38,0.331,0.144,9.546,0.3906,0.3664848618209362,0.0,0.0,0.0,0.0,500
frac0.2_boost4,0.2,4.0,20,block_bh,13.38,0.331,0.144,9.546,0.3906,0.3664848618209362,0.0,0.0,0.0,0.0,500
frac0.2_boost4,0.2,4.0,20,chemdeprc_cap1,17.19,0.1405,0.0,20.0,0.05,0.2659877664744854,3.8100000000000005,-0.1905,10.454,-0.3406,500
frac0.2_boost4,0.2,4.0,20,chemdeprc_scoresoft50,13.862,0.3056836257309941,0.118,10.0,0.2019678362573099,0.3172896460592747,0.4819999999999993,-0.025316374269005903,0.4540000000000006,-0.1886321637426901,500
frac0.2_boost4,0.2,4.0,20,chemdeprc_soft50,13.876,0.2178072910835294,0.002,10.0,0.2724661842629335,0.3509720930755138,0.49599999999999866,-0.11319270891647062,0.4540000000000006,-0.1181338157370665,500
frac0.2_boost4,0.2,4.0,20,chemdeprc_soft75,16.154,0.1882989164086687,0.0,15.0,0.1368671826625387,0.2955180953741073,2.773999999999999,-0.14270108359133132,5.454000000000001,-0.25373281733746134,500
frac0.2_boost4,0.2,4.0,20,raw_top_b,13.38,0.331,0.144,9.546,0.3906,0.3664848674833774,0.0,0.0,0.0,0.0,500
frac0.2_boost4,0.2,4.0,20,score_cap1,16.444,0.1778,0.0,20.0,0.05,0.2741088398396968,3.0639999999999983,-0.1532,10.454,-0.3406,500
frac0.2_boost4,0.2,4.0,20,score_dpp,14.418,0.2791,0.018,19.062,0.0882,0.159683584600687,1.0379999999999985,-0.0519,9.516000000000002,-0.3024,500
frac0.2_boost4,0.2,4.0,20,score_mmr25,14.878,0.2561,0.012,18.788,0.0993,0.1707770055532455,1.4979999999999993,-0.07490000000000002,9.242,-0.2913,500
frac0.2_boost4,0.2,4.0,20,weighted_bh,17.848,0.1076,0.0,18.862,0.0769,0.2683279857039451,4.467999999999998,-0.22340000000000002,9.315999999999999,-0.3137,500
frac0.2_boost4,0.2,4.0,200,bh,155.628,0.2218599999999999,0.1,75.346,0.17406,0.2206105929017067,0.0,0.0,0.0,0.0,500
frac0.2_boost4,0.2,4.0,200,block_bh,155.688,0.2214694943177534,0.1,75.006,0.1741312631352131,0.2207384553849697,0.060000000000002274,-0.00039050568224649473,-0.3400000000000034,7.126313521310657e-05,500
frac0.2_boost4,0.2,4.0,200,chemdeprc_cap1,79.24,0.3805592679934668,0.1,124.564,0.0084126903797282,0.1640604205727577,-76.38799999999999,0.1586992679934669,49.21799999999999,-0.1656473096202718,500
frac0.2_boost4,0.2,4.0,200,chemdeprc_scoresoft50,138.154,0.3091394943177534,0.1,97.854,0.0407312631352131,0.1789146289825439,-17.47399999999999,0.0872794943177535,22.507999999999996,-0.13332873686478688,500
frac0.2_boost4,0.2,4.0,200,chemdeprc_soft50,139.712,0.3013494943177534,0.1,97.854,0.0448312631352131,0.1800828233361244,-15.915999999999997,0.07948949431775348,22.507999999999996,-0.1292287368647869,500
frac0.2_boost4,0.2,4.0,200,chemdeprc_soft75,126.828,0.3657694943177534,0.1,121.594,0.0282112631352131,0.1684445102810859,-28.799999999999983,0.14390949431775352,46.24799999999999,-0.1458487368647869,500
frac0.2_boost4,0.2,4.0,200,raw_top_b,155.628,0.2218599999999999,0.1,75.346,0.17406,0.2207106135785579,0.0,0.0,0.0,0.0,500
frac0.2_boost4,0.2,4.0,200,score_cap1,84.684,0.4981183563724041,0.1,170.6,0.0059992100219695,0.1516905967444181,-70.94399999999999,0.2762583563724042,95.25399999999999,-0.1680607899780305,500
frac0.2_boost4,0.2,4.0,200,score_dpp,142.94,0.2853,0.1,100.412,0.12716,0.1871759931147098,-12.687999999999988,0.06344000000000011,25.066000000000003,-0.0469,500
frac0.2_boost4,0.2,4.0,200,score_mmr25,152.894,0.23553,0.1,85.148,0.1640199999999999,0.2090925531387329,-2.7339999999999804,0.013670000000000099,9.801999999999992,-0.010040000000000104,500
frac0.2_boost4,0.2,4.0,200,weighted_bh,137.746,0.3112686432160804,0.1,112.334,0.0826705527638191,0.1829545941054821,-17.881999999999977,0.0894086432160805,36.988,-0.09138944723618089,500
frac0.2_boost4,0.2,4.0,50,bh,36.96,0.2608,0.1,21.836,0.28028,0.2882161446511745,0.0,0.0,0.0,0.0,500
frac0.2_boost4,0.2,4.0,50,block_bh,36.96,0.2608,0.1,21.836,0.28028,0.2882161446511745,0.0,0.0,0.0,0.0,500
frac0.2_boost4,0.2,4.0,50,chemdeprc_cap1,41.61,0.1678,0.0,50.0,0.02,0.214781105518341,4.649999999999999,-0.09299999999999997,28.164,-0.26027999999999996,500
frac0.2_boost4,0.2,4.0,50,chemdeprc_scoresoft50,38.494,0.23012,0.1,25.0,0.0872,0.2443853495419025,1.533999999999999,-0.030679999999999985,3.1640000000000015,-0.19307999999999997,500
frac0.2_boost4,0.2,4.0,50,chemdeprc_soft50,36.298,0.2168621828928155,0.1,25.0,0.1402401332312723,0.2482519327998161,-0.661999999999999,-0.043937817107184474,3.1640000000000015,-0.14003986676872768,500
frac0.2_boost4,0.2,4.0,50,chemdeprc_soft75,40.458,0.19084,0.0,38.0,0.0440399999999999,0.2318394793868065,3.4979999999999976,-0.06995999999999997,16.164,-0.23624000000000006,500
frac0.2_boost4,0.2,4.0,50,raw_top_b,36.96,0.2608,0.1,21.836,0.28028,0.2882161410450935,0.0,0.0,0.0,0.0,500
frac0.2_boost4,0.2,4.0,50,score_cap1,41.292,0.17416,0.0,50.0,0.02,0.2149758844077587,4.332000000000001,-0.08663999999999997,28.164,-0.26027999999999996,500
frac0.2_boost4,0.2,4.0,50,score_dpp,36.028,0.27944,0.1,41.2,0.09148,0.1734977692961692,-0.9320000000000022,0.018640000000000045,19.364000000000004,-0.18879999999999997,500
frac0.2_boost4,0.2,4.0,50,score_mmr25,35.814,0.28372,0.1,38.196,0.14088,0.1986208011209964,-1.1460000000000008,0.02292000000000005,16.36,-0.13939999999999997,500
frac0.2_boost4,0.2,4.0,50,weighted_bh,40.09,0.1982,0.088,41.166,0.07848,0.2132574399709701,3.1300000000000026,-0.06259999999999999,19.33,-0.20179999999999998,500
frac0.2_boost4,0.2,4.0,500,bh,214.772,0.3571659133033351,0.1,134.534,0.1150636570002423,0.1772172127962112,0.0,0.0,0.0,0.0,500
frac0.2_boost4,0.2,4.0,500,block_bh,212.026,0.3445289542047074,0.1,124.564,0.1195215716898395,0.1802280699014663,-2.745999999999981,-0.012636959098627665,-9.969999999999999,0.004457914689597192,500
frac0.2_boost4,0.2,4.0,500,chemdeprc_cap1,79.24,0.3805592679934668,0.1,124.564,0.0084126903797282,0.1640448281764984,-135.53199999999998,0.023393354690131707,-9.969999999999999,-0.1066509666205141,500
frac0.2_boost4,0.2,4.0,500,chemdeprc_scoresoft50,212.026,0.3445289542047074,0.1,124.564,0.1195215716898395,0.1803238078653812,-2.745999999999981,-0.012636959098627665,-9.969999999999999,0.004457914689597192,500
frac0.2_boost4,0.2,4.0,500,chemdeprc_soft50,212.026,0.3445289542047074,0.1,124.564,0.1195215716898395,0.1802428594529628,-2.745999999999981,-0.012636959098627665,-9.969999999999999,0.004457914689597192,500
frac0.2_boost4,0.2,4.0,500,chemdeprc_soft75,212.026,0.3445289542047074,0.1,124.564,0.1195215716898395,0.1802767515778541,-2.745999999999981,-0.012636959098627665,-9.969999999999999,0.004457914689597192,500
frac0.2_boost4,0.2,4.0,500,raw_top_b,226.4,0.4309900011905877,0.1,180.022,0.0950018146879315,0.1654902705848217,11.628000000000014,0.07382408788725264,45.488,-0.020061842312310812,500
frac0.2_boost4,0.2,4.0,500,score_cap1,85.184,0.5079103275457642,0.1,181.3,0.0057972999492716,0.1504916634857654,-129.588,0.15074441424242907,46.76600000000002,-0.10926635705097071,500
frac0.2_boost4,0.2,4.0,500,score_dpp,226.1,0.4315900011905877,0.1,181.2,0.0950018146879315,0.1654997621774673,11.328000000000003,0.07442408788725263,46.666,-0.020061842312310812,500
frac0.2_boost4,0.2,4.0,500,score_mmr25,226.398,0.4309940011905878,0.1,181.036,0.0950018146879315,0.1655256983935833,11.626000000000005,0.0738280878872527,46.50200000000001,-0.020061842312310812,500
frac0.2_boost4,0.2,4.0,500,weighted_bh,190.146,0.3988753608120154,0.1,162.422,0.1008928242975619,0.1726192553639411,-24.626000000000005,0.04170944750868033,27.888000000000005,-0.014170832702680408,500
frac0.2_boost6,0.2,6.0,10,bh,3.45,0.655,0.606,3.972,0.5496,0.4184148873090744,0.0,0.0,0.0,0.0,500
frac0.2_boost6,0.2,6.0,10,block_bh,3.45,0.655,0.606,3.972,0.5496,0.4184151549339294,0.0,0.0,0.0,0.0,500
frac0.2_boost6,0.2,6.0,10,chemdeprc_cap1,7.052,0.2948,0.1,10.0,0.1,0.3034805626571178,3.6019999999999994,-0.3602,6.0280000000000005,-0.4496,500
frac0.2_boost6,0.2,6.0,10,chemdeprc_scoresoft50,4.152,0.5848,0.492,5.0,0.287,0.3160139558017253,0.702,-0.07020000000000004,1.028,-0.2626,500
frac0.2_boost6,0.2,6.0,10,chemdeprc_soft50,4.964,0.4871825396825397,0.336,5.0,0.3167825396825396,0.3353420538008213,1.5140000000000002,-0.1678174603174603,1.028,-0.23281746031746037,500
frac0.2_boost6,0.2,6.0,10,chemdeprc_soft75,6.216,0.3776888888888888,0.156,8.0,0.2024222222222222,0.3097684773206711,2.766,-0.27731111111111123,4.0280000000000005,-0.3471777777777778,500
frac0.2_boost6,0.2,6.0,10,raw_top_b,3.45,0.655,0.606,3.972,0.5496,0.4184148839712143,0.0,0.0,0.0,0.0,500
frac0.2_boost6,0.2,6.0,10,score_cap1,6.122,0.3878,0.1,10.0,0.1,0.277556477278471,2.6719999999999997,-0.26720000000000005,6.0280000000000005,-0.4496,500
frac0.2_boost6,0.2,6.0,10,score_dpp,5.254,0.4746,0.17,9.336,0.1612,0.1553908507525921,1.8039999999999994,-0.1804,5.364000000000001,-0.38839999999999997,500
frac0.2_boost6,0.2,6.0,10,score_mmr25,5.148,0.4851999999999999,0.154,9.626,0.1344,0.1428418787121772,1.6979999999999995,-0.16980000000000012,5.654,-0.4152,500
frac0.2_boost6,0.2,6.0,10,weighted_bh,8.736,0.1264,0.0,9.54,0.1392,0.3264123682677746,5.2860000000000005,-0.5286,5.568,-0.4104,500
frac0.2_boost6,0.2,6.0,100,bh,72.666,0.2733399999999999,0.1,36.432,0.25138,0.2523149636387825,0.0,0.0,0.0,0.0,500
frac0.2_boost6,0.2,6.0,100,block_bh,72.666,0.2733399999999999,0.1,36.432,0.25138,0.2523156805038452,0.0,0.0,0.0,0.0,500
frac0.2_boost6,0.2,6.0,100,chemdeprc_cap1,69.812,0.2905475121922643,0.1,97.854,0.0102553062963937,0.1752416344583034,-2.853999999999999,0.017207512192264407,61.422,-0.24112469370360629,500
frac0.2_boost6,0.2,6.0,100,chemdeprc_scoresoft50,74.26,0.2573999999999999,0.1,50.0,0.04988,0.2085625451505184,1.5940000000000083,-0.01594000000000001,13.567999999999998,-0.20149999999999998,500
frac0.2_boost6,0.2,6.0,100,chemdeprc_soft50,74.258,0.2564375877747194,0.1,50.0,0.0891479915959303,0.2166592931449413,1.5919999999999987,-0.016902412225280494,13.567999999999998,-0.1622320084040697,500
frac0.2_boost6,0.2,6.0,100,chemdeprc_soft75,74.918,0.25082,0.1,75.0,0.0237199999999999,0.1894518340528011,2.2520000000000095,-0.02251999999999993,38.568,-0.22766000000000008,500
frac0.2_boost6,0.2,6.0,100,raw_top_b,72.666,0.2733399999999999,0.1,36.432,0.25138,0.2523149632811546,0.0,0.0,0.0,0.0,500
frac0.2_boost6,0.2,6.0,100,score_cap1,70.826,0.29174,0.1,100.0,0.01,0.1747007611095905,-1.8400000000000034,0.018400000000000083,63.568,-0.24137999999999998,500
frac0.2_boost6,0.2,6.0,100,score_dpp,67.616,0.3238399999999999,0.1,66.2,0.11366,0.1760584586560726,-5.049999999999997,0.05049999999999999,29.768,-0.13772,500
frac0.2_boost6,0.2,6.0,100,score_mmr25,69.462,0.30538,0.1,54.004,0.1604199999999999,0.2037181621491909,-3.2039999999999935,0.03204000000000007,17.571999999999996,-0.0909600000000001,500
frac0.2_boost6,0.2,6.0,100,weighted_bh,70.504,0.29496,0.1,65.246,0.0820999999999999,0.1959314467310905,-2.161999999999992,0.021620000000000084,28.813999999999993,-0.1692800000000001,500
frac0.2_boost6,0.2,6.0,20,bh,8.634,0.5682999999999999,0.468,7.106,0.4447,0.3456443763375282,0.0,0.0,0.0,0.0,500
frac0.2_boost6,0.2,6.0,20,block_bh,8.634,0.5682999999999999,0.468,7.106,0.4447,0.3456443763375282,0.0,0.0,0.0,0.0,500
frac0.2_boost6,0.2,6.0,20,chemdeprc_cap1,15.804,0.2098,0.0,20.0,0.05,0.2569694972932339,7.17,-0.35849999999999993,12.894,-0.3947,500
frac0.2_boost6,0.2,6.0,20,chemdeprc_scoresoft50,10.65,0.4675,0.244,10.0,0.1803,0.2841677857637405,2.016,-0.10079999999999989,2.894,-0.26439999999999997,500
frac0.2_boost6,0.2,6.0,20,chemdeprc_soft50,11.386,0.4075691069508407,0.156,10.0,0.2346456372660707,0.3040643754005432,2.751999999999999,-0.16073089304915922,2.894,-0.21005436273392927,500
frac0.2_boost6,0.2,6.0,20,chemdeprc_soft75,13.712,0.3133762641898865,0.094,15.0,0.1149349157206742,0.2815505825281143,5.077999999999999,-0.2549237358101134,7.894,-0.32976508427932577,500
frac0.2_boost6,0.2,6.0,20,raw_top_b,8.634,0.5682999999999999,0.468,7.106,0.4447,0.3456443766057491,0.0,0.0,0.0,0.0,500
frac0.2_boost6,0.2,6.0,20,score_cap1,15.244,0.2378,0.032,20.0,0.05,0.2657332416772842,6.609999999999999,-0.3304999999999999,12.894,-0.3947,500
frac0.2_boost6,0.2,6.0,20,score_dpp,12.13,0.3935,0.1,18.34,0.1182,0.1461019160896539,3.4960000000000004,-0.1747999999999999,11.234,-0.3265,500
frac0.2_boost6,0.2,6.0,20,score_mmr25,12.476,0.3762,0.1,18.188,0.1186,0.1574890918433666,3.8420000000000005,-0.19209999999999994,11.081999999999999,-0.3261,500
frac0.2_boost6,0.2,6.0,20,weighted_bh,16.978,0.1510999999999999,0.0,18.33,0.0837,0.2641150135397911,8.344000000000001,-0.4172,11.223999999999998,-0.361,500
frac0.2_boost6,0.2,6.0,200,bh,151.404,0.24298,0.1,73.898,0.17142,0.2168330101966858,0.0,0.0,0.0,0.0,500
frac0.2_boost6,0.2,6.0,200,block_bh,151.464,0.2425894943177534,0.1,73.558,0.1714912631352131,0.2169176184833049,0.060000000000002274,-0.00039050568224660576,-0.3399999999999892,7.126313521310657e-05,500
frac0.2_boost6,0.2,6.0,200,chemdeprc_cap1,79.208,0.3809155206433413,0.1,124.57,0.008412374542268,0.164074567168951,-72.196,0.13793552064334128,50.672,-0.16300762545773198,500
frac0.2_boost6,0.2,6.0,200,chemdeprc_scoresoft50,137.756,0.3111294943177535,0.1,97.854,0.0406912631352131,0.178676478087902,-13.647999999999996,0.0681494943177535,23.956000000000003,-0.1307287368647869,500
frac0.2_boost6,0.2,6.0,200,chemdeprc_soft50,138.32,0.3083094943177535,0.1,97.854,0.0436812631352131,0.1792677908837795,-13.084000000000003,0.0653294943177535,23.956000000000003,-0.12773873686478687,500
frac0.2_boost6,0.2,6.0,200,chemdeprc_soft75,126.468,0.3675694943177535,0.1,121.6,0.0282112631352131,0.1684342913925647,-24.935999999999993,0.12458949431775349,47.702,-0.14320873686478688,500
frac0.2_boost6,0.2,6.0,200,raw_top_b,151.404,0.24298,0.1,73.898,0.17142,0.2168446341454983,0.0,0.0,0.0,0.0,500
frac0.2_boost6,0.2,6.0,200,score_cap1,84.652,0.4983369710910188,0.1,170.6,0.0059992100219695,0.1515970083177089,-66.752,0.25535697109101885,96.702,-0.1654207899780305,500
frac0.2_boost6,0.2,6.0,200,score_dpp,139.102,0.30449,0.1,99.514,0.1224,0.1828181592226028,-12.301999999999992,0.06150999999999998,25.616,-0.049019999999999994,500
frac0.2_boost6,0.2,6.0,200,score_mmr25,147.52,0.2623999999999999,0.1,84.226,0.16035,0.20259415730834,-3.883999999999986,0.01941999999999991,10.328000000000003,-0.011069999999999997,500
frac0.2_boost6,0.2,6.0,200,weighted_bh,134.514,0.3274286432160804,0.1,111.25,0.083010552763819,0.1800997803509235,-16.889999999999986,0.0844486432160804,37.352000000000004,-0.088409447236181,500
frac0.2_boost6,0.2,6.0,50,bh,30.028,0.39944,0.19,19.258,0.31788,0.2873871390521526,0.0,0.0,0.0,0.0,500
frac0.2_boost6,0.2,6.0,50,block_bh,30.028,0.39944,0.19,19.258,0.31788,0.2873871390521526,0.0,0.0,0.0,0.0,500
frac0.2_boost6,0.2,6.0,50,chemdeprc_cap1,40.6,0.188,0.0,50.0,0.02,0.212459066927433,10.572000000000003,-0.21144000000000002,30.742,-0.29788,500
frac0.2_boost6,0.2,6.0,50,chemdeprc_scoresoft50,35.644,0.28712,0.1,25.0,0.08212,0.2352237720191478,5.616,-0.11232000000000003,5.742000000000001,-0.23576,500
frac0.2_boost6,0.2,6.0,50,chemdeprc_soft50,33.65,0.2898784035466474,0.1,25.0,0.1253370481531184,0.2384515916109085,3.622,-0.10956159645335262,5.742000000000001,-0.19254295184688158,500
frac0.2_boost6,0.2,6.0,50,chemdeprc_soft75,38.634,0.22732,0.1,38.0,0.0422,0.2266100605428218,8.606000000000002,-0.17212000000000002,18.742,-0.27568,500
frac0.2_boost6,0.2,6.0,50,raw_top_b,30.028,0.39944,0.19,19.258,0.31788,0.2873871364295483,0.0,0.0,0.0,0.0,500
frac0.2_boost6,0.2,6.0,50,score_cap1,40.292,0.19416,0.0,50.0,0.02,0.2122542253434658,10.264000000000003,-0.20528000000000002,30.742,-0.29788,500
frac0.2_boost6,0.2,6.0,50,score_dpp,33.014,0.33972,0.1,39.32,0.10524,0.1640902308523655,2.986000000000004,-0.059719999999999995,20.062,-0.21264,500
frac0.2_boost6,0.2,6.0,50,score_mmr25,31.766,0.36468,0.19,35.98,0.15388,0.1895902678370475,1.7379999999999995,-0.03476000000000001,16.721999999999998,-0.164,500
frac0.2_boost6,0.2,6.0,50,weighted_bh,38.122,0.23756,0.1,39.82,0.08012,0.2086826880276203,8.094000000000001,-0.16188000000000002,20.562,-0.23776,500
frac0.2_boost6,0.2,6.0,500,bh,214.772,0.3571659133033351,0.1,134.534,0.1150636570002423,0.1772220142781734,0.0,0.0,0.0,0.0,500
frac0.2_boost6,0.2,6.0,500,block_bh,212.026,0.3445515962697786,0.1,124.57,0.1195169032228145,0.1802696240544319,-2.745999999999981,-0.012614317033556477,-9.963999999999999,0.004453246222572191,500
frac0.2_boost6,0.2,6.0,500,chemdeprc_cap1,79.208,0.3809155206433413,0.1,124.57,0.008412374542268,0.164136754155159,-135.564,0.023749607340006196,-9.963999999999999,-0.10665128245797431,500
frac0.2_boost6,0.2,6.0,500,chemdeprc_scoresoft50,212.026,0.3445515962697786,0.1,124.57,0.1195169032228145,0.1801519373059272,-2.745999999999981,-0.012614317033556477,-9.963999999999999,0.004453246222572191,500
frac0.2_boost6,0.2,6.0,500,chemdeprc_soft50,212.026,0.3445515962697786,0.1,124.57,0.1195169032228145,0.1801031076908111,-2.745999999999981,-0.012614317033556477,-9.963999999999999,0.004453246222572191,500
frac0.2_boost6,0.2,6.0,500,chemdeprc_soft75,212.026,0.3445515962697786,0.1,124.57,0.1195169032228145,0.1800982921421527,-2.745999999999981,-0.012614317033556477,-9.963999999999999,0.004453246222572191,500
frac0.2_boost6,0.2,6.0,500,raw_top_b,226.4,0.4309900011905877,0.1,180.022,0.0950018146879315,0.1655051357150077,11.628000000000014,0.07382408788725264,45.488,-0.020061842312310812,500
frac0.2_boost6,0.2,6.0,500,score_cap1,85.152,0.5081289422643789,0.1,181.3,0.0057972999492716,0.1504803713411092,-129.62,0.1509630289610438,46.76600000000002,-0.10926635705097071,500
frac0.2_boost6,0.2,6.0,500,score_dpp,226.1,0.4315900011905877,0.1,181.2,0.0950018146879315,0.1652850132286548,11.328000000000003,0.07442408788725263,46.666,-0.020061842312310812,500
frac0.2_boost6,0.2,6.0,500,score_mmr25,226.4,0.4309900011905877,0.1,181.036,0.0950018146879315,0.1654475030899047,11.628000000000014,0.07382408788725264,46.50200000000001,-0.020061842312310812,500
frac0.2_boost6,0.2,6.0,500,weighted_bh,190.338,0.4107830890948774,0.1,162.86,0.0981395190868829,0.1696380205154418,-24.433999999999997,0.05361717579154229,28.326000000000022,-0.016924137913359408,500
frac0.3_boost2,0.3,2.0,10,bh,8.438,0.1562,0.0,6.11,0.4,0.4378850782811642,0.0,0.0,0.0,0.0,500
frac0.3_boost2,0.3,2.0,10,block_bh,8.438,0.1562,0.0,6.11,0.4,0.4378850782811642,0.0,0.0,0.0,0.0,500
frac0.3_boost2,0.3,2.0,10,chemdeprc_cap1,9.152,0.0848,0.0,10.0,0.1,0.3489101737737655,0.7139999999999986,-0.0714,3.8899999999999997,-0.30000000000000004,500
frac0.3_boost2,0.3,2.0,10,chemdeprc_scoresoft50,7.722,0.1911047619047619,0.0,5.0,0.3838730158730158,0.4086843596100807,-0.7160000000000002,0.03490476190476188,-1.1100000000000003,-0.016126984126984212,500
frac0.3_boost2,0.3,2.0,10,chemdeprc_soft50,7.334,0.0888833333333333,0.0,5.0,0.3237277777777778,0.4108411939442157,-1.104000000000001,-0.0673166666666667,-1.1100000000000003,-0.07627222222222224,500
frac0.3_boost2,0.3,2.0,10,chemdeprc_soft75,8.854,0.0970222222222222,0.0,8.0,0.2136666666666667,0.3764836443662643,0.4159999999999986,-0.0591777777777778,1.8899999999999997,-0.18633333333333332,500
frac0.3_boost2,0.3,2.0,10,raw_top_b,8.438,0.1562,0.0,6.11,0.4,0.4378850823938847,0.0,0.0,0.0,0.0,500
frac0.3_boost2,0.3,2.0,10,score_cap1,8.654,0.1346,0.0,10.0,0.1,0.3325784272551536,0.2159999999999993,-0.021600000000000008,3.8899999999999997,-0.30000000000000004,500
frac0.3_boost2,0.3,2.0,10,score_dpp,8.032,0.1968,0.0,10.0,0.1,0.1680614051818847,-0.4060000000000006,0.0406,3.8899999999999997,-0.30000000000000004,500
frac0.3_boost2,0.3,2.0,10,score_mmr25,8.12,0.188,0.0,10.0,0.1,0.1642374806255102,-0.3180000000000014,0.031799999999999995,3.8899999999999997,-0.30000000000000004,500
frac0.3_boost2,0.3,2.0,10,weighted_bh,9.388,0.0612,0.0,9.762,0.1238,0.3313455386161804,0.9499999999999993,-0.095,3.652,-0.2762,500
frac0.3_boost2,0.3,2.0,100,bh,83.404,0.16596,0.1,40.736,0.23892,0.2602213105559349,0.0,0.0,0.0,0.0,500
frac0.3_boost2,0.3,2.0,100,block_bh,83.404,0.16596,0.1,40.73,0.23892,0.2602241483032703,0.0,0.0,-0.006000000000000227,0.0,500
frac0.3_boost2,0.3,2.0,100,chemdeprc_cap1,70.382,0.2859932453643706,0.1,98.16,0.0102193790607999,0.1761248135566711,-13.021999999999991,0.1200332453643706,57.424,-0.2287006209392001,500
frac0.3_boost2,0.3,2.0,100,chemdeprc_scoresoft50,80.232,0.19768,0.1,50.0,0.05452,0.2187780453562736,-3.171999999999997,0.03172,9.264000000000003,-0.1844,500
frac0.3_boost2,0.3,2.0,100,chemdeprc_soft50,81.092,0.1758759392062283,0.1,50.0,0.1180007035351373,0.2314690735936165,-2.3119999999999976,0.009915939206228297,9.264000000000003,-0.1209192964648627,500
frac0.3_boost2,0.3,2.0,100,chemdeprc_soft75,78.446,0.2155399999999999,0.1,75.0,0.0247399999999999,0.1939117830693721,-4.957999999999998,0.0495799999999999,34.264,-0.2141800000000001,500
frac0.3_boost2,0.3,2.0,100,raw_top_b,83.404,0.16596,0.1,40.736,0.23892,0.2602213089466095,0.0,0.0,0.0,0.0,500
frac0.3_boost2,0.3,2.0,100,score_cap1,70.99,0.2901,0.1,100.0,0.01,0.175149767935276,-12.414000000000001,0.12414000000000003,59.264,-0.22891999999999998,500
frac0.3_boost2,0.3,2.0,100,score_dpp,76.086,0.23914,0.1,71.28,0.09866,0.187530375033617,-7.317999999999998,0.07318,30.544000000000004,-0.14026,500
frac0.3_boost2,0.3,2.0,100,score_mmr25,80.532,0.19468,0.1,59.036,0.15096,0.2147753662168979,-2.872,0.028719999999999996,18.300000000000004,-0.08795999999999998,500
frac0.3_boost2,0.3,2.0,100,weighted_bh,79.084,0.2091599999999999,0.1,72.72,0.0656,0.1990285756587982,-4.319999999999993,0.043199999999999905,31.984,-0.17331999999999997,500
frac0.3_boost2,0.3,2.0,20,bh,16.336,0.1832,0.0,11.382,0.3509,0.3698045558035374,0.0,0.0,0.0,0.0,500
frac0.3_boost2,0.3,2.0,20,block_bh,16.336,0.1832,0.0,11.382,0.3509,0.3698045558035374,0.0,0.0,0.0,0.0,500
frac0.3_boost2,0.3,2.0,20,chemdeprc_cap1,17.954,0.1023,0.0,20.0,0.05,0.2726272051632404,1.618000000000002,-0.0809,8.618,-0.3009,500
frac0.3_boost2,0.3,2.0,20,chemdeprc_scoresoft50,16.134,0.1922111111111111,0.0,10.0,0.2270888888888889,0.339596906632185,-0.20199999999999818,0.009011111111111109,-1.3819999999999997,-0.1238111111111111,500
frac0.3_boost2,0.3,2.0,20,chemdeprc_soft50,14.6,0.1356044519807678,0.0,10.0,0.285740078926921,0.370880414545536,-1.7359999999999989,-0.047595548019232214,-1.3819999999999997,-0.065159921073079,500
frac0.3_boost2,0.3,2.0,20,chemdeprc_soft75,17.716,0.1107845975232198,0.0,15.0,0.1563574303405572,0.3013181012868881,1.3800000000000026,-0.0724154024767802,3.6180000000000003,-0.19454256965944278,500
frac0.3_boost2,0.3,2.0,20,raw_top_b,16.336,0.1832,0.0,11.382,0.3509,0.3698045552670955,0.0,0.0,0.0,0.0,500
frac0.3_boost2,0.3,2.0,20,score_cap1,17.614,0.1193,0.0,20.0,0.05,0.2794400660395622,1.2780000000000022,-0.0639,8.618,-0.3009,500
frac0.3_boost2,0.3,2.0,20,score_dpp,16.564,0.1718,0.0,19.578,0.0697,0.1662429707348346,0.22800000000000153,-0.011399999999999993,8.196,-0.2812,500
frac0.3_boost2,0.3,2.0,20,score_mmr25,16.746,0.1626999999999999,0.0,19.25,0.0831,0.1801421297490597,0.41000000000000014,-0.0205000000000001,7.868,-0.2678,500
frac0.3_boost2,0.3,2.0,20,weighted_bh,18.524,0.0737999999999999,0.0,19.14,0.071,0.2687208403944969,2.1880000000000024,-0.10940000000000011,7.758000000000001,-0.2799,500
frac0.3_boost2,0.3,2.0,200,bh,157.33,0.2133499999999999,0.1,75.94,0.17216,0.2220832881629467,0.0,0.0,0.0,0.0,500
frac0.3_boost2,0.3,2.0,200,block_bh,157.528,0.2123532653061224,0.1,75.73,0.1722536734693877,0.2221154051125049,0.19799999999997908,-0.0009967346938775101,-0.20999999999999375,9.367346938768395e-05,500
frac0.3_boost2,0.3,2.0,200,chemdeprc_cap1,79.37,0.3832663579792092,0.1,125.408,0.0083372237240557,0.1639098158180713,-77.96000000000001,0.16991635797920931,49.468,-0.1638227762759443,500
frac0.3_boost2,0.3,2.0,200,chemdeprc_scoresoft50,139.28,0.3035932653061224,0.1,98.16,0.0407336734693877,0.179813338369131,-18.05000000000001,0.0902432653061225,22.22,-0.13142632653061231,500
frac0.3_boost2,0.3,2.0,200,chemdeprc_soft50,142.532,0.2873332653061224,0.1,98.16,0.0465736734693877,0.1831948924660682,-14.798000000000002,0.07398326530612251,22.22,-0.1255863265306123,500
frac0.3_boost2,0.3,2.0,200,chemdeprc_soft75,127.008,0.3649532653061224,0.1,122.28,0.0270336734693877,0.1685916301608085,-30.322000000000017,0.15160326530612248,46.34,-0.1451263265306123,500
frac0.3_boost2,0.3,2.0,200,raw_top_b,157.33,0.2133499999999999,0.1,75.94,0.17216,0.2219481775462627,0.0,0.0,0.0,0.0,500
frac0.3_boost2,0.3,2.0,200,score_cap1,84.626,0.4984407600997214,0.1,170.6,0.0059992100219695,0.1517188481837511,-72.70400000000001,0.28509076009972145,94.66,-0.16616078997803052,500
frac0.3_boost2,0.3,2.0,200,score_dpp,146.314,0.26843,0.1,101.748,0.12763,0.1914876074194908,-11.01600000000002,0.0550800000000001,25.808000000000007,-0.044530000000000014,500
frac0.3_boost2,0.3,2.0,200,score_mmr25,155.62,0.2219,0.1,87.08,0.16076,0.2109830754399299,-1.710000000000008,0.008550000000000085,11.14,-0.011400000000000021,500
frac0.3_boost2,0.3,2.0,200,weighted_bh,141.734,0.2902036843399589,0.1,116.594,0.0731890821052023,0.1836265403032302,-15.596000000000004,0.07685368433995901,40.653999999999996,-0.09897091789479771,500
frac0.3_boost2,0.3,2.0,50,bh,41.982,0.16036,0.092,23.148,0.27336,0.2930400795936584,0.0,0.0,0.0,0.0,500
frac0.3_boost2,0.3,2.0,50,block_bh,41.982,0.16036,0.092,23.148,0.27336,0.2930400795936584,0.0,0.0,0.0,0.0,500
frac0.3_boost2,0.3,2.0,50,chemdeprc_cap1,42.58,0.1484,0.0,50.0,0.02,0.2169743259549141,0.597999999999999,-0.011959999999999998,26.852,-0.25336,500
frac0.3_boost2,0.3,2.0,50,chemdeprc_scoresoft50,41.25,0.1748466149870801,0.09,25.0,0.0975095607235142,0.2527780589163303,-0.7319999999999993,0.014486614987080093,1.8520000000000003,-0.1758504392764858,500
frac0.3_boost2,0.3,2.0,50,chemdeprc_soft50,38.178,0.1659349640730311,0.064,25.0,0.1601920777360996,0.2589721311628818,-3.804000000000002,0.005574964073031097,1.8520000000000003,-0.1131679222639004,500
frac0.3_boost2,0.3,2.0,50,chemdeprc_soft75,42.162,0.1567599999999999,0.0,38.0,0.04628,0.2360598472356796,0.17999999999999972,-0.003600000000000103,14.852,-0.22708,500
frac0.3_boost2,0.3,2.0,50,raw_top_b,41.982,0.16036,0.092,23.148,0.27336,0.2930400766134262,0.0,0.0,0.0,0.0,500
frac0.3_boost2,0.3,2.0,50,score_cap1,42.15,0.157,0.0,50.0,0.02,0.2169439591765403,0.16799999999999926,-0.003360000000000002,26.852,-0.25336,500
frac0.3_boost2,0.3,2.0,50,score_dpp,38.928,0.22144,0.02,43.046,0.07904,0.1795409647226333,-3.054000000000002,0.061079999999999995,19.898,-0.19432,500
frac0.3_boost2,0.3,2.0,50,score_mmr25,40.18,0.1964,0.052,39.736,0.1214,0.2048349114954471,-1.8019999999999996,0.03603999999999999,16.587999999999997,-0.15195999999999998,500
frac0.3_boost2,0.3,2.0,50,weighted_bh,42.164,0.15672,0.0,42.72,0.0718,0.2169161693155765,0.18200000000000216,-0.0036400000000000043,19.572,-0.20156,500
frac0.3_boost2,0.3,2.0,500,bh,215.19,0.3596856425641712,0.1,135.882,0.114739992216651,0.1773235538303852,0.0,0.0,0.0,0.0,500
frac0.3_boost2,0.3,2.0,500,block_bh,212.058,0.3455265709494779,0.1,125.408,0.119744350373526,0.1804617259204387,-3.132000000000005,-0.014159071614693264,-10.474000000000004,0.0050043581568749995,500
frac0.3_boost2,0.3,2.0,500,chemdeprc_cap1,79.37,0.3832663579792092,0.1,125.408,0.0083372237240557,0.1639650993049144,-135.82,0.023580715415038034,-10.474000000000004,-0.1064027684925953,500
frac0.3_boost2,0.3,2.0,500,chemdeprc_scoresoft50,212.058,0.3455265709494779,0.1,125.408,0.119744350373526,0.1806530649065971,-3.132000000000005,-0.014159071614693264,-10.474000000000004,0.0050043581568749995,500
frac0.3_boost2,0.3,2.0,500,chemdeprc_soft50,212.058,0.3455265709494779,0.1,125.408,0.119744350373526,0.1806099188327789,-3.132000000000005,-0.014159071614693264,-10.474000000000004,0.0050043581568749995,500
frac0.3_boost2,0.3,2.0,500,chemdeprc_soft75,212.058,0.3455265709494779,0.1,125.408,0.119744350373526,0.1805639008581638,-3.132000000000005,-0.014159071614693264,-10.474000000000004,0.0050043581568749995,500
frac0.3_boost2,0.3,2.0,500,raw_top_b,226.398,0.4309940011905878,0.1,179.98,0.0950018146879315,0.1655024474859237,11.207999999999998,0.0713083586264166,44.097999999999985,-0.019738177528719508,500
frac0.3_boost2,0.3,2.0,500,score_cap1,85.128,0.508190125999292,0.1,181.3,0.0057972999492716,0.1505038285404443,-130.062,0.14850448343512085,45.418000000000006,-0.1089426922673794,500
frac0.3_boost2,0.3,2.0,500,score_dpp,226.1,0.4315900011905877,0.1,181.2,0.0950018146879315,0.1652123878002167,10.909999999999997,0.07190435862641653,45.317999999999984,-0.019738177528719508,500
frac0.3_boost2,0.3,2.0,500,score_mmr25,226.374,0.4310420011905878,0.1,180.97,0.0950018146879315,0.165388269662857,11.183999999999997,0.0713563586264166,45.087999999999994,-0.019738177528719508,500
frac0.3_boost2,0.3,2.0,500,weighted_bh,189.446,0.3883333543268158,0.1,158.204,0.0949502787928851,0.1728615719079971,-25.744,0.028647711762644634,22.322000000000003,-0.019789713423765898,500
frac0.3_boost4,0.3,4.0,10,bh,5.278,0.4722,0.332,4.87,0.4694,0.4320216544568538,0.0,0.0,0.0,0.0,500
frac0.3_boost4,0.3,4.0,10,block_bh,5.278,0.4722,0.332,4.87,0.4694,0.4320216544568538,0.0,0.0,0.0,0.0,500
frac0.3_boost4,0.3,4.0,10,chemdeprc_cap1,8.37,0.163,0.0,10.0,0.1,0.3338795955181122,3.0919999999999996,-0.30920000000000003,5.13,-0.36939999999999995,500
frac0.3_boost4,0.3,4.0,10,chemdeprc_scoresoft50,5.546,0.4452142857142857,0.342,5.0,0.3323214285714285,0.3684045051634311,0.2680000000000007,-0.026985714285714335,0.1299999999999999,-0.1370785714285715,500
frac0.3_boost4,0.3,4.0,10,chemdeprc_soft50,6.35,0.3100119047619047,0.116,5.0,0.3685674603174603,0.3884704475104809,1.072,-0.1621880952380953,0.1299999999999999,-0.10083253968253969,500
frac0.3_boost4,0.3,4.0,10,chemdeprc_soft75,7.776,0.2185777777777778,0.0,8.0,0.2061944444444444,0.3518495603203773,2.498,-0.2536222222222222,3.13,-0.2632055555555556,500
frac0.3_boost4,0.3,4.0,10,raw_top_b,5.278,0.4722,0.332,4.87,0.4694,0.4320216464102268,0.0,0.0,0.0,0.0,500
frac0.3_boost4,0.3,4.0,10,score_cap1,7.026,0.2974,0.018,10.0,0.1,0.3030791316926479,1.7480000000000002,-0.1748,5.13,-0.36939999999999995,500
frac0.3_boost4,0.3,4.0,10,score_dpp,6.35,0.365,0.006,9.824,0.1176,0.1650801186859607,1.072,-0.10720000000000002,4.954,-0.3518,500
frac0.3_boost4,0.3,4.0,10,score_mmr25,6.39,0.361,0.01,10.0,0.1,0.1581607717871666,1.112,-0.11120000000000002,5.13,-0.36939999999999995,500
frac0.3_boost4,0.3,4.0,10,weighted_bh,8.866,0.1134,0.0,9.598,0.1336,0.3309780572354793,3.588,-0.3588,4.728000000000001,-0.3358,500
frac0.3_boost4,0.3,4.0,100,bh,72.71,0.2729,0.1,37.236,0.2479799999999999,0.2537674246430397,0.0,0.0,0.0,0.0,500
frac0.3_boost4,0.3,4.0,100,block_bh,72.71,0.2729,0.1,37.236,0.2479799999999999,0.2537674246430397,0.0,0.0,0.0,0.0,500
frac0.3_boost4,0.3,4.0,100,chemdeprc_cap1,69.432,0.2960596598792323,0.1,98.326,0.010200848922584,0.1750609437525272,-3.2779999999999916,0.023159659879232297,61.089999999999996,-0.2377791510774159,500
frac0.3_boost4,0.3,4.0,100,chemdeprc_scoresoft50,74.566,0.25434,0.1,50.0,0.04916,0.2119539659917354,1.8560000000000088,-0.018559999999999965,12.764000000000003,-0.19881999999999989,500
frac0.3_boost4,0.3,4.0,100,chemdeprc_soft50,75.402,0.2452421158058247,0.1,50.0,0.0931748649823859,0.2217454111874103,2.6920000000000073,-0.02765788419417528,12.764000000000003,-0.154805135017614,500
frac0.3_boost4,0.3,4.0,100,chemdeprc_soft75,74.63,0.2537,0.1,75.0,0.0223,0.1903516508638859,1.9200000000000017,-0.019199999999999995,37.764,-0.22567999999999988,500
frac0.3_boost4,0.3,4.0,100,raw_top_b,72.71,0.2729,0.1,37.236,0.2479799999999999,0.2537674241065979,0.0,0.0,0.0,0.0,500
frac0.3_boost4,0.3,4.0,100,score_cap1,70.14,0.2986,0.1,100.0,0.01,0.1745166286230087,-2.569999999999993,0.0257,62.764,-0.23797999999999989,500
frac0.3_boost4,0.3,4.0,100,score_dpp,68.562,0.31438,0.1,67.926,0.10784,0.1813756183683872,-4.147999999999996,0.04148000000000002,30.690000000000005,-0.14013999999999988,500
frac0.3_boost4,0.3,4.0,100,score_mmr25,71.066,0.28934,0.1,55.776,0.15662,0.2089343513548374,-1.6439999999999912,0.01644000000000001,18.540000000000006,-0.09135999999999989,500
frac0.3_boost4,0.3,4.0,100,weighted_bh,71.878,0.2812199999999999,0.1,67.096,0.0727,0.1982765853703022,-0.8319999999999936,0.008319999999999939,29.860000000000007,-0.17527999999999988,500
frac0.3_boost4,0.3,4.0,20,bh,11.888,0.4056,0.244,8.912,0.399,0.3646928797662258,0.0,0.0,0.0,0.0,500
frac0.3_boost4,0.3,4.0,20,block_bh,11.888,0.4056,0.244,8.912,0.399,0.3646928797662258,0.0,0.0,0.0,0.0,500
frac0.3_boost4,0.3,4.0,20,chemdeprc_cap1,16.538,0.1731,0.0,20.0,0.05,0.262890938848257,4.65,-0.2325,11.088,-0.34900000000000003,500
frac0.3_boost4,0.3,4.0,20,chemdeprc_scoresoft50,12.402,0.3798999999999999,0.2,10.0,0.1891999999999999,0.3079061159491539,0.5139999999999993,-0.02570000000000011,1.0879999999999992,-0.20980000000000013,500
frac0.3_boost4,0.3,4.0,20,chemdeprc_soft50,13.344,0.2623335717516058,0.01,10.0,0.2712067159620565,0.3447188324034214,1.4559999999999995,-0.1432664282483942,1.0879999999999992,-0.12779328403794354,500
frac0.3_boost4,0.3,4.0,20,chemdeprc_soft75,15.458,0.2253442724458204,0.0,15.0,0.1300318885448916,0.2946388058960438,3.5700000000000003,-0.18025572755417962,6.087999999999999,-0.26896811145510846,500
frac0.3_boost4,0.3,4.0,20,raw_top_b,11.888,0.4056,0.244,8.912,0.399,0.3646928840875625,0.0,0.0,0.0,0.0,500
frac0.3_boost4,0.3,4.0,20,score_cap1,15.466,0.2266999999999999,0.0,20.0,0.05,0.2714829390347004,3.5779999999999994,-0.17890000000000011,11.088,-0.34900000000000003,500
frac0.3_boost4,0.3,4.0,20,score_dpp,12.942,0.3529,0.092,19.078,0.0874,0.1563718048334121,1.0540000000000003,-0.052700000000000025,10.165999999999999,-0.3116,500
frac0.3_boost4,0.3,4.0,20,score_mmr25,13.478,0.3261,0.09,18.75,0.0994,0.1665468053370714,1.5899999999999999,-0.07950000000000002,9.838,-0.29960000000000003,500
frac0.3_boost4,0.3,4.0,20,weighted_bh,17.438,0.1281,0.0,18.694,0.0808,0.2681669006943702,5.549999999999999,-0.2775,9.781999999999998,-0.31820000000000004,500
frac0.3_boost4,0.3,4.0,200,bh,151.296,0.24352,0.1,73.046,0.1739,0.2197661097943782,0.0,0.0,0.0,0.0,500
frac0.3_boost4,0.3,4.0,200,block_bh,151.31,0.24345,0.1,73.012,0.1739,0.2199945685863495,0.014000000000010004,-6.999999999998674e-05,-0.034000000000006025,0.0,500
frac0.3_boost4,0.3,4.0,200,chemdeprc_cap1,79.09,0.3915023153902274,0.1,126.982,0.0082173831191251,0.1631976619660854,-72.20599999999999,0.1479823153902274,53.93599999999999,-0.1656826168808749,500
frac0.3_boost4,0.3,4.0,200,chemdeprc_scoresoft50,134.29,0.32855,0.1,98.326,0.03617,0.1765135164558887,-17.006,0.08503000000000002,25.279999999999987,-0.13773,500
frac0.3_boost4,0.3,4.0,200,chemdeprc_soft50,136.244,0.3187799999999999,0.1,98.326,0.04021,0.1781429540514946,-15.051999999999992,0.07525999999999991,25.279999999999987,-0.13369,500
frac0.3_boost4,0.3,4.0,200,chemdeprc_soft75,123.898,0.38051,0.1,123.772,0.02423,0.1666125016212463,-27.397999999999996,0.13699000000000003,50.726,-0.14967,500
frac0.3_boost4,0.3,4.0,200,raw_top_b,151.296,0.24352,0.1,73.046,0.1739,0.2200406018197536,0.0,0.0,0.0,0.0,500
frac0.3_boost4,0.3,4.0,200,score_cap1,84.29,0.5003597950829355,0.1,170.6,0.0059992100219695,0.1516561201363802,-67.00599999999999,0.25683979508293553,97.55399999999999,-0.1679007899780305,500
frac0.3_boost4,0.3,4.0,200,score_dpp,138.954,0.30523,0.1,98.662,0.12497,0.1852384470999241,-12.341999999999985,0.061710000000000015,25.616,-0.04893,500
frac0.3_boost4,0.3,4.0,200,score_mmr25,148.008,0.2599599999999999,0.1,82.772,0.16218,0.2078048201501369,-3.2879999999999825,0.016439999999999927,9.725999999999999,-0.011720000000000008,500
frac0.3_boost4,0.3,4.0,200,weighted_bh,134.168,0.32916,0.1,109.414,0.08022,0.1818069954812526,-17.127999999999986,0.08564000000000002,36.367999999999995,-0.09368,500
frac0.3_boost4,0.3,4.0,50,bh,34.232,0.31536,0.11,21.748,0.27428,0.2864262652099132,0.0,0.0,0.0,0.0,500
frac0.3_boost4,0.3,4.0,50,block_bh,34.232,0.31536,0.11,21.748,0.27428,0.2864262652099132,0.0,0.0,0.0,0.0,500
frac0.3_boost4,0.3,4.0,50,chemdeprc_cap1,40.742,0.18516,0.082,50.0,0.02,0.2133321118950844,6.509999999999998,-0.13019999999999998,28.252,-0.25428,500
frac0.3_boost4,0.3,4.0,50,chemdeprc_scoresoft50,36.228,0.27544,0.1,25.0,0.08128,0.2411683074533939,1.9960000000000022,-0.039919999999999956,3.251999999999999,-0.193,500
frac0.3_boost4,0.3,4.0,50,chemdeprc_soft50,34.684,0.2563816542090635,0.1,25.0,0.1302477361925411,0.2456283740699291,0.4519999999999982,-0.05897834579093647,3.251999999999999,-0.14403226380745893,500
frac0.3_boost4,0.3,4.0,50,chemdeprc_soft75,38.95,0.221,0.1,38.0,0.04276,0.2293454445004463,4.7180000000000035,-0.09435999999999997,16.252,-0.23152000000000003,500
frac0.3_boost4,0.3,4.0,50,raw_top_b,34.232,0.31536,0.11,21.748,0.27428,0.2864262612462043,0.0,0.0,0.0,0.0,500
frac0.3_boost4,0.3,4.0,50,score_cap1,40.274,0.1945199999999999,0.0,50.0,0.02,0.2133669959306716,6.042000000000002,-0.12084000000000009,28.252,-0.25428,500
frac0.3_boost4,0.3,4.0,50,score_dpp,33.94,0.3212,0.1,41.276,0.08904,0.1696944421231746,-0.2920000000000016,0.005840000000000012,19.528000000000002,-0.18524000000000002,500
frac0.3_boost4,0.3,4.0,50,score_mmr25,33.922,0.32156,0.1,38.456,0.1366,0.1946127784848213,-0.3100000000000023,0.006200000000000039,16.708000000000002,-0.13768000000000002,500
frac0.3_boost4,0.3,4.0,50,weighted_bh,38.868,0.2226399999999999,0.1,40.768,0.07468,0.2106345760822296,4.636000000000003,-0.09272000000000008,19.02,-0.19960000000000003,500
frac0.3_boost4,0.3,4.0,500,bh,215.332,0.3692952690530948,0.1,137.12,0.1124287821510337,0.1758607456684112,0.0,0.0,0.0,0.0,500
frac0.3_boost4,0.3,4.0,500,block_bh,212.904,0.3572533716356611,0.1,126.982,0.1166495152438638,0.1782942962050438,-2.4279999999999973,-0.012041897417433667,-10.138000000000005,0.004220733092830095,500
frac0.3_boost4,0.3,4.0,500,chemdeprc_cap1,79.09,0.3915023153902274,0.1,126.982,0.0082173831191251,0.1632475072145462,-136.242,0.022207046337132608,-10.138000000000005,-0.1042113990319086,500
frac0.3_boost4,0.3,4.0,500,chemdeprc_scoresoft50,212.904,0.3572533716356611,0.1,126.982,0.1166495152438638,0.1783448921442031,-2.4279999999999973,-0.012041897417433667,-10.138000000000005,0.004220733092830095,500
frac0.3_boost4,0.3,4.0,500,chemdeprc_soft50,212.904,0.3572533716356611,0.1,126.982,0.1166495152438638,0.1783641716241836,-2.4279999999999973,-0.012041897417433667,-10.138000000000005,0.004220733092830095,500
frac0.3_boost4,0.3,4.0,500,chemdeprc_soft75,212.904,0.3572533716356611,0.1,126.982,0.1166495152438638,0.1783455492556095,-2.4279999999999973,-0.012041897417433667,-10.138000000000005,0.004220733092830095,500
frac0.3_boost4,0.3,4.0,500,raw_top_b,226.398,0.4309940011905878,0.1,179.98,0.0950018146879315,0.1654800794422626,11.066000000000003,0.061698732137492995,42.859999999999985,-0.01742696746310221,500
frac0.3_boost4,0.3,4.0,500,score_cap1,84.792,0.510081717924299,0.1,181.3,0.0057972999492716,0.1504599340260028,-130.54,0.14078644887120423,44.18000000000001,-0.1066314822017621,500
frac0.3_boost4,0.3,4.0,500,score_dpp,226.1,0.4315900011905877,0.1,181.2,0.0950018146879315,0.1654193687736988,10.768,0.062294732137492925,44.079999999999984,-0.01742696746310221,500
frac0.3_boost4,0.3,4.0,500,score_mmr25,226.384,0.4310220011905877,0.1,180.97,0.0950018146879315,0.1654112739861011,11.051999999999992,0.06172673213749291,43.849999999999994,-0.01742696746310221,500
frac0.3_boost4,0.3,4.0,500,weighted_bh,191.18,0.4133404279040941,0.1,168.334,0.0979228095869899,0.1712856471836567,-24.151999999999987,0.0440451588509993,31.214,-0.014505972564043804,500
frac0.3_boost6,0.3,6.0,10,bh,2.766,0.7233999999999999,0.67,3.876,0.5448,0.4032612652182579,0.0,0.0,0.0,0.0,500
frac0.3_boost6,0.3,6.0,10,block_bh,2.766,0.7233999999999999,0.67,3.876,0.5448,0.4032608409523964,0.0,0.0,0.0,0.0,500
frac0.3_boost6,0.3,6.0,10,chemdeprc_cap1,6.234,0.3766,0.132,10.0,0.1,0.2865772425681352,3.468,-0.34679999999999994,6.1240000000000006,-0.4448,500
frac0.3_boost6,0.3,6.0,10,chemdeprc_scoresoft50,3.258,0.6742,0.596,5.0,0.2648,0.302525691986084,0.492,-0.04919999999999991,1.124,-0.27999999999999997,500
frac0.3_boost6,0.3,6.0,10,chemdeprc_soft50,4.308,0.5621484126984126,0.504,5.0,0.2909880952380952,0.315147171229124,1.5419999999999998,-0.16125158730158728,1.124,-0.25381190476190474,500
frac0.3_boost6,0.3,6.0,10,chemdeprc_soft75,5.266,0.4734,0.254,8.0,0.2,0.2928182545006275,2.5,-0.24999999999999994,4.1240000000000006,-0.34479999999999994,500
frac0.3_boost6,0.3,6.0,10,raw_top_b,2.766,0.7233999999999999,0.67,3.876,0.5448,0.4032612587809562,0.0,0.0,0.0,0.0,500
frac0.3_boost6,0.3,6.0,10,score_cap1,4.816,0.5184,0.294,10.0,0.1,0.2582066429108381,2.05,-0.20499999999999996,6.1240000000000006,-0.4448,500
frac0.3_boost6,0.3,6.0,10,score_dpp,4.01,0.599,0.462,9.424,0.1548,0.1517679242044687,1.2439999999999998,-0.12439999999999996,5.548,-0.38999999999999996,500
frac0.3_boost6,0.3,6.0,10,score_mmr25,3.846,0.6154,0.37,9.744,0.1232,0.1380589505732059,1.08,-0.10799999999999998,5.868,-0.4216,500
frac0.3_boost6,0.3,6.0,10,weighted_bh,8.564,0.1436,0.0,9.504,0.1396,0.3255048323273659,5.798,-0.5797999999999999,5.628,-0.40519999999999995,500
frac0.3_boost6,0.3,6.0,100,bh,66.544,0.33456,0.1,35.634,0.24372,0.2464051223993301,0.0,0.0,0.0,0.0,500
frac0.3_boost6,0.3,6.0,100,block_bh,66.544,0.33456,0.1,35.634,0.24372,0.2464051223993301,0.0,0.0,0.0,0.0,500
frac0.3_boost6,0.3,6.0,100,chemdeprc_cap1,69.038,0.3000295100114685,0.1,98.326,0.010200848922584,0.174576308965683,2.4939999999999998,-0.03453048998853153,62.69199999999999,-0.233519151077416,500
frac0.3_boost6,0.3,6.0,100,chemdeprc_scoresoft50,70.43,0.2956999999999999,0.1,50.0,0.04552,0.2042011512815952,3.88600000000001,-0.03886000000000012,14.366,-0.1982,500
frac0.3_boost6,0.3,6.0,100,chemdeprc_soft50,70.04,0.2993036364655881,0.1,50.0,0.0747986499287261,0.2109010653197765,3.4960000000000093,-0.035256363534411916,14.366,-0.1689213500712739,500
frac0.3_boost6,0.3,6.0,100,chemdeprc_soft75,72.2,0.278,0.1,75.0,0.02052,0.1873007460236549,5.656000000000006,-0.05656,39.366,-0.22319999999999998,500
frac0.3_boost6,0.3,6.0,100,raw_top_b,66.544,0.33456,0.1,35.634,0.24372,0.246405122756958,0.0,0.0,0.0,0.0,500
frac0.3_boost6,0.3,6.0,100,score_cap1,69.926,0.30074,0.1,100.0,0.01,0.1742139326035976,3.382000000000005,-0.03382000000000002,64.366,-0.23371999999999998,500
frac0.3_boost6,0.3,6.0,100,score_dpp,63.186,0.3681399999999999,0.1,65.306,0.1098799999999999,0.1716742697358131,-3.357999999999997,0.03357999999999989,29.671999999999997,-0.1338400000000001,500
frac0.3_boost6,0.3,6.0,100,score_mmr25,63.192,0.3680799999999999,0.1,53.708,0.14914,0.1967033647596836,-3.3519999999999968,0.03351999999999988,18.073999999999998,-0.09458,500
frac0.3_boost6,0.3,6.0,100,weighted_bh,66.904,0.33096,0.1,63.952,0.0742,0.1928575342297554,0.35999999999999943,-0.0036000000000000476,28.317999999999998,-0.16952,500
frac0.3_boost6,0.3,6.0,20,bh,6.956,0.6522,0.564,6.912,0.4515,0.3395375328063965,0.0,0.0,0.0,0.0,500
frac0.3_boost6,0.3,6.0,20,block_bh,6.956,0.6522,0.564,6.912,0.4515,0.3395373556315899,0.0,0.0,0.0,0.0,500
frac0.3_boost6,0.3,6.0,20,chemdeprc_cap1,14.376,0.2812,0.1,20.0,0.05,0.2515352969765663,7.419999999999999,-0.371,13.088000000000001,-0.4015,500
frac0.3_boost6,0.3,6.0,20,chemdeprc_scoresoft50,8.63,0.5685,0.456,10.0,0.1705,0.269427778661251,1.6740000000000004,-0.0837,3.088,-0.281,500
frac0.3_boost6,0.3,6.0,20,chemdeprc_soft50,10.206,0.4745872644469393,0.332,10.0,0.2047766377671176,0.2894205377399921,3.249999999999999,-0.17761273555306067,3.088,-0.2467233622328824,500
frac0.3_boost6,0.3,6.0,20,chemdeprc_soft75,12.268,0.3866,0.1,15.0,0.1087,0.2741171622574329,5.312,-0.2656,8.088000000000001,-0.3428,500
frac0.3_boost6,0.3,6.0,20,raw_top_b,6.956,0.6522,0.564,6.912,0.4515,0.3395375335514545,0.0,0.0,0.0,0.0,500
frac0.3_boost6,0.3,6.0,20,score_cap1,13.404,0.3298,0.1,20.0,0.05,0.2547844005525112,6.4479999999999995,-0.3224,13.088000000000001,-0.4015,500
frac0.3_boost6,0.3,6.0,20,score_dpp,10.156,0.4921999999999999,0.102,18.326,0.113,0.1417812007218599,3.2,-0.1600000000000001,11.414000000000001,-0.3385,500
frac0.3_boost6,0.3,6.0,20,score_mmr25,10.608,0.4696,0.1,18.346,0.11,0.1510143523067235,3.652,-0.18259999999999998,11.434000000000001,-0.3415,500
frac0.3_boost6,0.3,6.0,20,weighted_bh,16.228,0.1886,0.0,17.952,0.0845,0.2622778978645801,9.272000000000002,-0.4636,11.040000000000003,-0.367,500
frac0.3_boost6,0.3,6.0,200,bh,145.224,0.27388,0.1,71.366,0.17079,0.2148154002130031,0.0,0.0,0.0,0.0,500
frac0.3_boost6,0.3,6.0,200,block_bh,145.236,0.27382,0.1,71.338,0.17079,0.2147468349337578,0.012000000000000455,-6.0000000000004494e-05,-0.028000000000005798,0.0,500
frac0.3_boost6,0.3,6.0,200,chemdeprc_cap1,79.042,0.3919866531999788,0.1,126.982,0.0082173831191251,0.1632714291810989,-66.18199999999999,0.11810665319997876,55.616,-0.1625726168808749,500
frac0.3_boost6,0.3,6.0,200,chemdeprc_scoresoft50,133.602,0.33199,0.1,98.326,0.03594,0.1759583899080753,-11.621999999999986,0.058109999999999995,26.959999999999994,-0.13485,500
frac0.3_boost6,0.3,6.0,200,chemdeprc_soft50,134.168,0.32916,0.1,98.326,0.0389,0.1770479475855827,-11.055999999999983,0.055279999999999996,26.959999999999994,-0.13189,500
frac0.3_boost6,0.3,6.0,200,chemdeprc_soft75,123.318,0.38341,0.1,123.772,0.02423,0.1665184839963913,-21.90599999999999,0.10952999999999996,52.406000000000006,-0.14656,500
frac0.3_boost6,0.3,6.0,200,raw_top_b,145.224,0.27388,0.1,71.366,0.17079,0.2147876597642898,0.0,0.0,0.0,0.0,500
frac0.3_boost6,0.3,6.0,200,score_cap1,84.242,0.5006866349097754,0.1,170.6,0.0059992100219695,0.1516506836563348,-60.981999999999985,0.22680663490977537,99.234,-0.1647907899780305,500
frac0.3_boost6,0.3,6.0,200,score_dpp,134.024,0.32988,0.1,97.338,0.11923,0.1800725563764572,-11.199999999999989,0.055999999999999994,25.971999999999994,-0.051559999999999995,500
frac0.3_boost6,0.3,6.0,200,score_mmr25,141.172,0.29414,0.1,81.63,0.159,0.2004357679188251,-4.0519999999999925,0.02026,10.263999999999996,-0.011789999999999995,500
frac0.3_boost6,0.3,6.0,200,weighted_bh,129.696,0.35152,0.1,106.546,0.08171,0.1789652879238128,-15.527999999999992,0.07763999999999999,35.18000000000001,-0.08907999999999999,500
frac0.3_boost6,0.3,6.0,50,bh,25.342,0.49316,0.258,18.456,0.30692,0.2784449922740459,0.0,0.0,0.0,0.0,500
frac0.3_boost6,0.3,6.0,50,block_bh,25.342,0.49316,0.258,18.456,0.30692,0.2784449922740459,0.0,0.0,0.0,0.0,500
frac0.3_boost6,0.3,6.0,50,chemdeprc_cap1,39.154,0.2169199999999999,0.1,50.0,0.02,0.2096162504851818,13.812000000000005,-0.2762400000000001,31.544,-0.28692,500
frac0.3_boost6,0.3,6.0,50,chemdeprc_scoresoft50,31.948,0.36104,0.1,25.0,0.0775199999999999,0.2281464638113975,6.606000000000002,-0.13211999999999996,6.5440000000000005,-0.22940000000000013,500
frac0.3_boost6,0.3,6.0,50,chemdeprc_soft50,30.464,0.3593171527085326,0.1,25.0,0.1176557929400572,0.2338157777190208,5.122,-0.1338428472914674,6.5440000000000005,-0.18926420705994285,500
frac0.3_boost6,0.3,6.0,50,chemdeprc_soft75,36.174,0.27652,0.1,38.0,0.042,0.22103338560462,10.832,-0.21664,19.544,-0.26492000000000004,500
frac0.3_boost6,0.3,6.0,50,raw_top_b,25.342,0.49316,0.258,18.456,0.30692,0.2784449914991855,0.0,0.0,0.0,0.0,500
frac0.3_boost6,0.3,6.0,50,score_cap1,38.844,0.22312,0.0,50.0,0.02,0.209472966492176,13.502000000000002,-0.27003999999999995,31.544,-0.28692,500
frac0.3_boost6,0.3,6.0,50,score_dpp,30.096,0.39808,0.1,38.948,0.10168,0.1588119825422763,4.754000000000001,-0.09508,20.492,-0.20524000000000003,500
frac0.3_boost6,0.3,6.0,50,score_mmr25,29.132,0.41736,0.196,36.084,0.14428,0.1814079720973968,3.7900000000000027,-0.07579999999999998,17.628000000000004,-0.16264000000000003,500
frac0.3_boost6,0.3,6.0,50,weighted_bh,36.07,0.2786,0.1,39.008,0.0754,0.2051522915661335,10.728000000000002,-0.21455999999999997,20.552000000000003,-0.23152000000000003,500
frac0.3_boost6,0.3,6.0,500,bh,215.332,0.3692952690530948,0.1,137.12,0.1124287821510337,0.1757968420088291,0.0,0.0,0.0,0.0,500
frac0.3_boost6,0.3,6.0,500,block_bh,212.904,0.3572533716356611,0.1,126.982,0.1166495152438638,0.1783237809538841,-2.4279999999999973,-0.012041897417433667,-10.138000000000005,0.004220733092830095,500
frac0.3_boost6,0.3,6.0,500,chemdeprc_cap1,79.042,0.3919866531999788,0.1,126.982,0.0082173831191251,0.1632434426248073,-136.29,0.022691384146883986,-10.138000000000005,-0.1042113990319086,500
frac0.3_boost6,0.3,6.0,500,chemdeprc_scoresoft50,212.904,0.3572533716356611,0.1,126.982,0.1166495152438638,0.1783949815928936,-2.4279999999999973,-0.012041897417433667,-10.138000000000005,0.004220733092830095,500
frac0.3_boost6,0.3,6.0,500,chemdeprc_soft50,212.904,0.3572533716356611,0.1,126.982,0.1166495152438638,0.1784025458097458,-2.4279999999999973,-0.012041897417433667,-10.138000000000005,0.004220733092830095,500
frac0.3_boost6,0.3,6.0,500,chemdeprc_soft75,212.904,0.3572533716356611,0.1,126.982,0.1166495152438638,0.1782911139130592,-2.4279999999999973,-0.012041897417433667,-10.138000000000005,0.004220733092830095,500
frac0.3_boost6,0.3,6.0,500,raw_top_b,226.398,0.4309940011905878,0.1,179.98,0.0950018146879315,0.1654620184898376,11.066000000000003,0.061698732137492995,42.859999999999985,-0.01742696746310221,500
frac0.3_boost6,0.3,6.0,500,score_cap1,84.744,0.5104085577511388,0.1,181.3,0.0057972999492716,0.150504347577691,-130.588,0.14111328869804401,44.18000000000001,-0.1066314822017621,500
frac0.3_boost6,0.3,6.0,500,score_dpp,226.1,0.4315900011905877,0.1,181.2,0.0950018146879315,0.165297162592411,10.768,0.062294732137492925,44.079999999999984,-0.01742696746310221,500
frac0.3_boost6,0.3,6.0,500,score_mmr25,226.386,0.4310180011905877,0.1,180.97,0.0950018146879315,0.1654309489428997,11.054000000000002,0.06172273213749291,43.849999999999994,-0.01742696746310221,500
frac0.3_boost6,0.3,6.0,500,weighted_bh,191.332,0.4258105406995341,0.1,168.782,0.0951423845612216,0.1683455939590931,-24.0,0.056515271646439325,31.662000000000006,-0.01728639758981211,500
