external_dataset,source_backbone,target_chembl_id,pref_name,q,budget_label,method,selected_count,true_hits,fdp,unique_blocks,max_block_share,mean_pairwise_tanimoto,selected_count_raw_top_b,true_hits_raw_top_b,fdp_raw_top_b,unique_blocks_raw_top_b,max_block_share_raw_top_b,mean_pairwise_tanimoto_raw_top_b,delta_selected_count_vs_raw_top_b,delta_true_hits_vs_raw_top_b,delta_fdp_vs_raw_top_b,delta_unique_blocks_vs_raw_top_b,delta_max_block_share_vs_raw_top_b,delta_mean_pairwise_tanimoto_vs_raw_top_b,selected_count_bh,true_hits_bh,fdp_bh,unique_blocks_bh,max_block_share_bh,mean_pairwise_tanimoto_bh,delta_selected_count_vs_bh,delta_true_hits_vs_bh,delta_fdp_vs_bh,delta_unique_blocks_vs_bh,delta_max_block_share_vs_bh,delta_mean_pairwise_tanimoto_vs_bh,selected_count_score_cap1,true_hits_score_cap1,fdp_score_cap1,unique_blocks_score_cap1,max_block_share_score_cap1,mean_pairwise_tanimoto_score_cap1,delta_selected_count_vs_score_cap1,delta_true_hits_vs_score_cap1,delta_fdp_vs_score_cap1,delta_unique_blocks_vs_score_cap1,delta_max_block_share_vs_score_cap1,delta_mean_pairwise_tanimoto_vs_score_cap1
DUDE,full,ampc,ampc,0.7,10,bh,0.0,0.0,0.0,0.0,0.0,0.0,10.0,0.0,1.0,9.0,0.2,0.1277967716812403,-10.0,0.0,-1.0,-9.0,-0.2,-0.1277967716812403,0.0,0.0,0.0,0.0,0.0,0.0,0.0,0.0,0.0,0.0,0.0,0.0,10.0,0.0,1.0,10.0,0.1,0.1137223764424663,-10.0,0.0,-1.0,-10.0,-0.1,-0.1137223764424663
DUDE,full,ampc,ampc,0.7,10,chemdeprc_cap1,10.0,0.0,1.0,10.0,0.1,0.1025062632289916,10.0,0.0,1.0,9.0,0.2,0.1277967716812403,0.0,0.0,0.0,1.0,-0.1,-0.025290508452248686,0.0,0.0,0.0,0.0,0.0,0.0,10.0,0.0,1.0,10.0,0.1,0.1025062632289916,10.0,0.0,1.0,10.0,0.1,0.1137223764424663,0.0,0.0,0.0,0.0,0.0,-0.011216113213474696
DUDE,full,ampc,ampc,0.7,10,chemdeprc_soft75,10.0,0.0,1.0,8.0,0.2,0.1349587632078465,10.0,0.0,1.0,9.0,0.2,0.1277967716812403,0.0,0.0,0.0,-1.0,0.0,0.0071619915266062095,0.0,0.0,0.0,0.0,0.0,0.0,10.0,0.0,1.0,8.0,0.2,0.1349587632078465,10.0,0.0,1.0,10.0,0.1,0.1137223764424663,0.0,0.0,0.0,-2.0,0.1,0.0212363867653802
DUDE,full,ampc,ampc,0.7,10,score_cap1,10.0,0.0,1.0,10.0,0.1,0.1137223764424663,10.0,0.0,1.0,9.0,0.2,0.1277967716812403,0.0,0.0,0.0,1.0,-0.1,-0.01407439523877399,0.0,0.0,0.0,0.0,0.0,0.0,10.0,0.0,1.0,10.0,0.1,0.1137223764424663,10.0,0.0,1.0,10.0,0.1,0.1137223764424663,0.0,0.0,0.0,0.0,0.0,0.0
DUDE,full,ampc,ampc,0.7,10,weighted_bh,10.0,0.0,1.0,10.0,0.1,0.0981019274465427,10.0,0.0,1.0,9.0,0.2,0.1277967716812403,0.0,0.0,0.0,1.0,-0.1,-0.029694844234697593,0.0,0.0,0.0,0.0,0.0,0.0,10.0,0.0,1.0,10.0,0.1,0.0981019274465427,10.0,0.0,1.0,10.0,0.1,0.1137223764424663,0.0,0.0,0.0,0.0,0.0,-0.015620448995923603
DUDE,full,ampc,ampc,0.7,20,bh,0.0,0.0,0.0,0.0,0.0,0.0,20.0,0.0,1.0,17.0,0.1,0.1293547862016929,-20.0,0.0,-1.0,-17.0,-0.1,-0.1293547862016929,0.0,0.0,0.0,0.0,0.0,0.0,0.0,0.0,0.0,0.0,0.0,0.0,20.0,0.0,1.0,20.0,0.05,0.1165625853052333,-20.0,0.0,-1.0,-20.0,-0.05,-0.1165625853052333
DUDE,full,ampc,ampc,0.7,20,chemdeprc_cap1,16.0,0.0,1.0,16.0,0.0625,0.10934503316728,20.0,0.0,1.0,17.0,0.1,0.1293547862016929,-4.0,0.0,0.0,-1.0,-0.037500000000000006,-0.020009753034412908,0.0,0.0,0.0,0.0,0.0,0.0,16.0,0.0,1.0,16.0,0.0625,0.10934503316728,20.0,0.0,1.0,20.0,0.05,0.1165625853052333,-4.0,0.0,0.0,-4.0,0.012499999999999997,-0.00721755213795329
DUDE,full,ampc,ampc,0.7,20,chemdeprc_soft75,17.0,0.0,1.0,15.0,0.1176470588235294,0.1267644394486093,20.0,0.0,1.0,17.0,0.1,0.1293547862016929,-3.0,0.0,0.0,-2.0,0.01764705882352939,-0.0025903467530836166,0.0,0.0,0.0,0.0,0.0,0.0,17.0,0.0,1.0,15.0,0.1176470588235294,0.1267644394486093,20.0,0.0,1.0,20.0,0.05,0.1165625853052333,-3.0,0.0,0.0,-5.0,0.0676470588235294,0.010201854143376002
DUDE,full,ampc,ampc,0.7,20,score_cap1,20.0,0.0,1.0,20.0,0.05,0.1165625853052333,20.0,0.0,1.0,17.0,0.1,0.1293547862016929,0.0,0.0,0.0,3.0,-0.05,-0.012792200896459618,0.0,0.0,0.0,0.0,0.0,0.0,20.0,0.0,1.0,20.0,0.05,0.1165625853052333,20.0,0.0,1.0,20.0,0.05,0.1165625853052333,0.0,0.0,0.0,0.0,0.0,0.0
DUDE,full,ampc,ampc,0.7,20,weighted_bh,15.0,0.0,1.0,15.0,0.0666666666666666,0.1096102815777135,20.0,0.0,1.0,17.0,0.1,0.1293547862016929,-5.0,0.0,0.0,-2.0,-0.03333333333333341,-0.019744504623979406,0.0,0.0,0.0,0.0,0.0,0.0,15.0,0.0,1.0,15.0,0.0666666666666666,0.1096102815777135,20.0,0.0,1.0,20.0,0.05,0.1165625853052333,-5.0,0.0,0.0,-5.0,0.016666666666666594,-0.006952303727519787
DUDE,full,ampc,ampc,0.7,50,bh,0.0,0.0,0.0,0.0,0.0,0.0,50.0,0.0,1.0,45.0,0.04,0.11677560856538,-50.0,0.0,-1.0,-45.0,-0.04,-0.11677560856538,0.0,0.0,0.0,0.0,0.0,0.0,0.0,0.0,0.0,0.0,0.0,0.0,50.0,0.0,1.0,50.0,0.02,0.1140674735465273,-50.0,0.0,-1.0,-50.0,-0.02,-0.1140674735465273
DUDE,full,ampc,ampc,0.7,50,chemdeprc_cap1,16.0,0.0,1.0,16.0,0.0625,0.10934503316728,50.0,0.0,1.0,45.0,0.04,0.11677560856538,-34.0,0.0,0.0,-29.0,0.0225,-0.007430575398099992,0.0,0.0,0.0,0.0,0.0,0.0,16.0,0.0,1.0,16.0,0.0625,0.10934503316728,50.0,0.0,1.0,50.0,0.02,0.1140674735465273,-34.0,0.0,0.0,-34.0,0.042499999999999996,-0.004722440379247295
DUDE,full,ampc,ampc,0.7,50,chemdeprc_soft75,18.0,0.0,1.0,16.0,0.1111111111111111,0.1204066618236867,50.0,0.0,1.0,45.0,0.04,0.11677560856538,-32.0,0.0,0.0,-29.0,0.0711111111111111,0.0036310532583067046,0.0,0.0,0.0,0.0,0.0,0.0,18.0,0.0,1.0,16.0,0.1111111111111111,0.1204066618236867,50.0,0.0,1.0,50.0,0.02,0.1140674735465273,-32.0,0.0,0.0,-34.0,0.0911111111111111,0.006339188277159402
DUDE,full,ampc,ampc,0.7,50,score_cap1,50.0,0.0,1.0,50.0,0.02,0.1140674735465273,50.0,0.0,1.0,45.0,0.04,0.11677560856538,0.0,0.0,0.0,5.0,-0.02,-0.0027081350188526976,0.0,0.0,0.0,0.0,0.0,0.0,50.0,0.0,1.0,50.0,0.02,0.1140674735465273,50.0,0.0,1.0,50.0,0.02,0.1140674735465273,0.0,0.0,0.0,0.0,0.0,0.0
DUDE,full,ampc,ampc,0.7,50,weighted_bh,15.0,0.0,1.0,15.0,0.0666666666666666,0.1096102815777135,50.0,0.0,1.0,45.0,0.04,0.11677560856538,-35.0,0.0,0.0,-30.0,0.026666666666666596,-0.00716532698766649,0.0,0.0,0.0,0.0,0.0,0.0,15.0,0.0,1.0,15.0,0.0666666666666666,0.1096102815777135,50.0,0.0,1.0,50.0,0.02,0.1140674735465273,-35.0,0.0,0.0,-35.0,0.04666666666666659,-0.004457191968813792
DUDE,full,ampc,ampc,0.7,100,bh,0.0,0.0,0.0,0.0,0.0,0.0,100.0,0.0,1.0,88.0,0.03,0.1175429700209707,-100.0,0.0,-1.0,-88.0,-0.03,-0.1175429700209707,0.0,0.0,0.0,0.0,0.0,0.0,0.0,0.0,0.0,0.0,0.0,0.0,100.0,0.0,1.0,100.0,0.01,0.1139890522619658,-100.0,0.0,-1.0,-100.0,-0.01,-0.1139890522619658
DUDE,full,ampc,ampc,0.7,100,chemdeprc_cap1,16.0,0.0,1.0,16.0,0.0625,0.10934503316728,100.0,0.0,1.0,88.0,0.03,0.1175429700209707,-84.0,0.0,0.0,-72.0,0.0325,-0.00819793685369069,0.0,0.0,0.0,0.0,0.0,0.0,16.0,0.0,1.0,16.0,0.0625,0.10934503316728,100.0,0.0,1.0,100.0,0.01,0.1139890522619658,-84.0,0.0,0.0,-84.0,0.0525,-0.0046440190946858
DUDE,full,ampc,ampc,0.7,100,chemdeprc_soft75,18.0,0.0,1.0,16.0,0.1111111111111111,0.1204066618236867,100.0,0.0,1.0,88.0,0.03,0.1175429700209707,-82.0,0.0,0.0,-72.0,0.0811111111111111,0.0028636918027160063,0.0,0.0,0.0,0.0,0.0,0.0,18.0,0.0,1.0,16.0,0.1111111111111111,0.1204066618236867,100.0,0.0,1.0,100.0,0.01,0.1139890522619658,-82.0,0.0,0.0,-84.0,0.10111111111111111,0.006417609561720897
DUDE,full,ampc,ampc,0.7,100,score_cap1,100.0,0.0,1.0,100.0,0.01,0.1139890522619658,100.0,0.0,1.0,88.0,0.03,0.1175429700209707,0.0,0.0,0.0,12.0,-0.019999999999999997,-0.0035539177590048904,0.0,0.0,0.0,0.0,0.0,0.0,100.0,0.0,1.0,100.0,0.01,0.1139890522619658,100.0,0.0,1.0,100.0,0.01,0.1139890522619658,0.0,0.0,0.0,0.0,0.0,0.0
DUDE,full,ampc,ampc,0.7,100,weighted_bh,15.0,0.0,1.0,15.0,0.0666666666666666,0.1096102815777135,100.0,0.0,1.0,88.0,0.03,0.1175429700209707,-85.0,0.0,0.0,-73.0,0.0366666666666666,-0.007932688443257188,0.0,0.0,0.0,0.0,0.0,0.0,15.0,0.0,1.0,15.0,0.0666666666666666,0.1096102815777135,100.0,0.0,1.0,100.0,0.01,0.1139890522619658,-85.0,0.0,0.0,-85.0,0.056666666666666594,-0.004378770684252298
DUDE,full,ampc,ampc,0.7,200,bh,0.0,0.0,0.0,0.0,0.0,0.0,200.0,0.0,1.0,170.0,0.04,0.1168155067169193,-200.0,0.0,-1.0,-170.0,-0.04,-0.1168155067169193,0.0,0.0,0.0,0.0,0.0,0.0,0.0,0.0,0.0,0.0,0.0,0.0,200.0,0.0,1.0,200.0,0.005,0.1156373893384286,-200.0,0.0,-1.0,-200.0,-0.005,-0.1156373893384286
DUDE,full,ampc,ampc,0.7,200,chemdeprc_cap1,16.0,0.0,1.0,16.0,0.0625,0.10934503316728,200.0,0.0,1.0,170.0,0.04,0.1168155067169193,-184.0,0.0,0.0,-154.0,0.0225,-0.007470473549639298,0.0,0.0,0.0,0.0,0.0,0.0,16.0,0.0,1.0,16.0,0.0625,0.10934503316728,200.0,0.0,1.0,200.0,0.005,0.1156373893384286,-184.0,0.0,0.0,-184.0,0.0575,-0.006292356171148594
DUDE,full,ampc,ampc,0.7,200,chemdeprc_soft75,18.0,0.0,1.0,16.0,0.1111111111111111,0.1204066618236867,200.0,0.0,1.0,170.0,0.04,0.1168155067169193,-182.0,0.0,0.0,-154.0,0.0711111111111111,0.003591155106767399,0.0,0.0,0.0,0.0,0.0,0.0,18.0,0.0,1.0,16.0,0.1111111111111111,0.1204066618236867,200.0,0.0,1.0,200.0,0.005,0.1156373893384286,-182.0,0.0,0.0,-184.0,0.1061111111111111,0.0047692724852581025
DUDE,full,ampc,ampc,0.7,200,score_cap1,200.0,0.0,1.0,200.0,0.005,0.1156373893384286,200.0,0.0,1.0,170.0,0.04,0.1168155067169193,0.0,0.0,0.0,30.0,-0.035,-0.0011781173784907034,0.0,0.0,0.0,0.0,0.0,0.0,200.0,0.0,1.0,200.0,0.005,0.1156373893384286,200.0,0.0,1.0,200.0,0.005,0.1156373893384286,0.0,0.0,0.0,0.0,0.0,0.0
DUDE,full,ampc,ampc,0.7,200,weighted_bh,15.0,0.0,1.0,15.0,0.0666666666666666,0.1096102815777135,200.0,0.0,1.0,170.0,0.04,0.1168155067169193,-185.0,0.0,0.0,-155.0,0.026666666666666596,-0.007205225139205795,0.0,0.0,0.0,0.0,0.0,0.0,15.0,0.0,1.0,15.0,0.0666666666666666,0.1096102815777135,200.0,0.0,1.0,200.0,0.005,0.1156373893384286,-185.0,0.0,0.0,-185.0,0.0616666666666666,-0.006027107760715092
DUDE,full,ampc,ampc,0.7,500,bh,0.0,0.0,0.0,0.0,0.0,0.0,500.0,1.0,0.998,392.0,0.038,0.1181764192342338,-500.0,-1.0,-0.998,-392.0,-0.038,-0.1181764192342338,0.0,0.0,0.0,0.0,0.0,0.0,0.0,0.0,0.0,0.0,0.0,0.0,500.0,3.0,0.994,500.0,0.002,0.115292592567338,-500.0,-3.0,-0.994,-500.0,-0.002,-0.115292592567338
DUDE,full,ampc,ampc,0.7,500,chemdeprc_cap1,16.0,0.0,1.0,16.0,0.0625,0.10934503316728,500.0,1.0,0.998,392.0,0.038,0.1181764192342338,-484.0,-1.0,0.0020000000000000018,-376.0,0.0245,-0.0088313860669538,0.0,0.0,0.0,0.0,0.0,0.0,16.0,0.0,1.0,16.0,0.0625,0.10934503316728,500.0,3.0,0.994,500.0,0.002,0.115292592567338,-484.0,-3.0,0.006000000000000005,-484.0,0.0605,-0.005947559400057992
DUDE,full,ampc,ampc,0.7,500,chemdeprc_soft75,18.0,0.0,1.0,16.0,0.1111111111111111,0.1204066618236867,500.0,1.0,0.998,392.0,0.038,0.1181764192342338,-482.0,-1.0,0.0020000000000000018,-376.0,0.0731111111111111,0.0022302425894528966,0.0,0.0,0.0,0.0,0.0,0.0,18.0,0.0,1.0,16.0,0.1111111111111111,0.1204066618236867,500.0,3.0,0.994,500.0,0.002,0.115292592567338,-482.0,-3.0,0.006000000000000005,-484.0,0.1091111111111111,0.005114069256348705
DUDE,full,ampc,ampc,0.7,500,score_cap1,500.0,3.0,0.994,500.0,0.002,0.115292592567338,500.0,1.0,0.998,392.0,0.038,0.1181764192342338,0.0,2.0,-0.0040000000000000036,108.0,-0.036,-0.0028838266668958085,0.0,0.0,0.0,0.0,0.0,0.0,500.0,3.0,0.994,500.0,0.002,0.115292592567338,500.0,3.0,0.994,500.0,0.002,0.115292592567338,0.0,0.0,0.0,0.0,0.0,0.0
DUDE,full,ampc,ampc,0.7,500,weighted_bh,15.0,0.0,1.0,15.0,0.0666666666666666,0.1096102815777135,500.0,1.0,0.998,392.0,0.038,0.1181764192342338,-485.0,-1.0,0.0020000000000000018,-377.0,0.028666666666666597,-0.008566137656520298,0.0,0.0,0.0,0.0,0.0,0.0,15.0,0.0,1.0,15.0,0.0666666666666666,0.1096102815777135,500.0,3.0,0.994,500.0,0.002,0.115292592567338,-485.0,-3.0,0.006000000000000005,-485.0,0.0646666666666666,-0.0056823109896244894
DUDE,full,cxcr4,cxcr4,0.7,10,bh,10.0,0.0,1.0,10.0,0.1,0.101703005583065,10.0,0.0,1.0,10.0,0.1,0.101703005583065,0.0,0.0,0.0,0.0,0.0,0.0,10.0,0.0,1.0,10.0,0.1,0.101703005583065,0.0,0.0,0.0,0.0,0.0,0.0,10.0,0.0,1.0,10.0,0.1,0.101703005583065,0.0,0.0,0.0,0.0,0.0,0.0
DUDE,full,cxcr4,cxcr4,0.7,10,chemdeprc_cap1,10.0,0.0,1.0,10.0,0.1,0.1242867977443058,10.0,0.0,1.0,10.0,0.1,0.101703005583065,0.0,0.0,0.0,0.0,0.0,0.022583792161240804,10.0,0.0,1.0,10.0,0.1,0.101703005583065,0.0,0.0,0.0,0.0,0.0,0.022583792161240804,10.0,0.0,1.0,10.0,0.1,0.101703005583065,0.0,0.0,0.0,0.0,0.0,0.022583792161240804
DUDE,full,cxcr4,cxcr4,0.7,10,chemdeprc_soft75,8.0,0.0,1.0,8.0,0.125,0.1204475846291917,10.0,0.0,1.0,10.0,0.1,0.101703005583065,-2.0,0.0,0.0,-2.0,0.024999999999999994,0.018744579046126697,10.0,0.0,1.0,10.0,0.1,0.101703005583065,-2.0,0.0,0.0,-2.0,0.024999999999999994,0.018744579046126697,10.0,0.0,1.0,10.0,0.1,0.101703005583065,-2.0,0.0,0.0,-2.0,0.024999999999999994,0.018744579046126697
DUDE,full,cxcr4,cxcr4,0.7,10,score_cap1,10.0,0.0,1.0,10.0,0.1,0.101703005583065,10.0,0.0,1.0,10.0,0.1,0.101703005583065,0.0,0.0,0.0,0.0,0.0,0.0,10.0,0.0,1.0,10.0,0.1,0.101703005583065,0.0,0.0,0.0,0.0,0.0,0.0,10.0,0.0,1.0,10.0,0.1,0.101703005583065,0.0,0.0,0.0,0.0,0.0,0.0
DUDE,full,cxcr4,cxcr4,0.7,10,weighted_bh,10.0,0.0,1.0,10.0,0.1,0.1242867977443058,10.0,0.0,1.0,10.0,0.1,0.101703005583065,0.0,0.0,0.0,0.0,0.0,0.022583792161240804,10.0,0.0,1.0,10.0,0.1,0.101703005583065,0.0,0.0,0.0,0.0,0.0,0.022583792161240804,10.0,0.0,1.0,10.0,0.1,0.101703005583065,0.0,0.0,0.0,0.0,0.0,0.022583792161240804
DUDE,full,cxcr4,cxcr4,0.7,20,bh,20.0,0.0,1.0,19.0,0.1,0.1127082314615945,20.0,0.0,1.0,19.0,0.1,0.1127082314615945,0.0,0.0,0.0,0.0,0.0,0.0,20.0,0.0,1.0,19.0,0.1,0.1127082314615945,0.0,0.0,0.0,0.0,0.0,0.0,20.0,0.0,1.0,20.0,0.05,0.1102827425510635,0.0,0.0,0.0,-1.0,0.05,0.0024254889105310012
DUDE,full,cxcr4,cxcr4,0.7,20,chemdeprc_cap1,20.0,0.0,1.0,20.0,0.05,0.1114507787516855,20.0,0.0,1.0,19.0,0.1,0.1127082314615945,0.0,0.0,0.0,1.0,-0.05,-0.0012574527099089988,20.0,0.0,1.0,19.0,0.1,0.1127082314615945,0.0,0.0,0.0,1.0,-0.05,-0.0012574527099089988,20.0,0.0,1.0,20.0,0.05,0.1102827425510635,0.0,0.0,0.0,0.0,0.0,0.0011680362006220024
DUDE,full,cxcr4,cxcr4,0.7,20,chemdeprc_soft75,17.0,0.0,1.0,15.0,0.1764705882352941,0.1217927834275896,20.0,0.0,1.0,19.0,0.1,0.1127082314615945,-3.0,0.0,0.0,-4.0,0.0764705882352941,0.0090845519659951,20.0,0.0,1.0,19.0,0.1,0.1127082314615945,-3.0,0.0,0.0,-4.0,0.0764705882352941,0.0090845519659951,20.0,0.0,1.0,20.0,0.05,0.1102827425510635,-3.0,0.0,0.0,-5.0,0.1264705882352941,0.0115100408765261
DUDE,full,cxcr4,cxcr4,0.7,20,score_cap1,20.0,0.0,1.0,20.0,0.05,0.1102827425510635,20.0,0.0,1.0,19.0,0.1,0.1127082314615945,0.0,0.0,0.0,1.0,-0.05,-0.0024254889105310012,20.0,0.0,1.0,19.0,0.1,0.1127082314615945,0.0,0.0,0.0,1.0,-0.05,-0.0024254889105310012,20.0,0.0,1.0,20.0,0.05,0.1102827425510635,0.0,0.0,0.0,0.0,0.0,0.0
DUDE,full,cxcr4,cxcr4,0.7,20,weighted_bh,20.0,0.0,1.0,20.0,0.05,0.1114507787516855,20.0,0.0,1.0,19.0,0.1,0.1127082314615945,0.0,0.0,0.0,1.0,-0.05,-0.0012574527099089988,20.0,0.0,1.0,19.0,0.1,0.1127082314615945,0.0,0.0,0.0,1.0,-0.05,-0.0012574527099089988,20.0,0.0,1.0,20.0,0.05,0.1102827425510635,0.0,0.0,0.0,0.0,0.0,0.0011680362006220024
DUDE,full,cxcr4,cxcr4,0.7,50,bh,50.0,0.0,1.0,48.0,0.06,0.1103760838436033,50.0,0.0,1.0,48.0,0.06,0.1103760838436033,0.0,0.0,0.0,0.0,0.0,0.0,50.0,0.0,1.0,48.0,0.06,0.1103760838436033,0.0,0.0,0.0,0.0,0.0,0.0,50.0,0.0,1.0,50.0,0.02,0.1129979171776578,0.0,0.0,0.0,-2.0,0.039999999999999994,-0.0026218333340544964
DUDE,full,cxcr4,cxcr4,0.7,50,chemdeprc_cap1,50.0,0.0,1.0,50.0,0.02,0.1191163982145077,50.0,0.0,1.0,48.0,0.06,0.1103760838436033,0.0,0.0,0.0,2.0,-0.039999999999999994,0.008740314370904403,50.0,0.0,1.0,48.0,0.06,0.1103760838436033,0.0,0.0,0.0,2.0,-0.039999999999999994,0.008740314370904403,50.0,0.0,1.0,50.0,0.02,0.1129979171776578,0.0,0.0,0.0,0.0,0.0,0.006118481036849907
DUDE,full,cxcr4,cxcr4,0.7,50,chemdeprc_soft75,48.0,0.0,1.0,38.0,0.0833333333333333,0.1281075578522298,50.0,0.0,1.0,48.0,0.06,0.1103760838436033,-2.0,0.0,0.0,-10.0,0.023333333333333303,0.0177314740086265,50.0,0.0,1.0,48.0,0.06,0.1103760838436033,-2.0,0.0,0.0,-10.0,0.023333333333333303,0.0177314740086265,50.0,0.0,1.0,50.0,0.02,0.1129979171776578,-2.0,0.0,0.0,-12.0,0.0633333333333333,0.015109640674572003
DUDE,full,cxcr4,cxcr4,0.7,50,score_cap1,50.0,0.0,1.0,50.0,0.02,0.1129979171776578,50.0,0.0,1.0,48.0,0.06,0.1103760838436033,0.0,0.0,0.0,2.0,-0.039999999999999994,0.0026218333340544964,50.0,0.0,1.0,48.0,0.06,0.1103760838436033,0.0,0.0,0.0,2.0,-0.039999999999999994,0.0026218333340544964,50.0,0.0,1.0,50.0,0.02,0.1129979171776578,0.0,0.0,0.0,0.0,0.0,0.0
DUDE,full,cxcr4,cxcr4,0.7,50,weighted_bh,50.0,0.0,1.0,50.0,0.02,0.1191163982145077,50.0,0.0,1.0,48.0,0.06,0.1103760838436033,0.0,0.0,0.0,2.0,-0.039999999999999994,0.008740314370904403,50.0,0.0,1.0,48.0,0.06,0.1103760838436033,0.0,0.0,0.0,2.0,-0.039999999999999994,0.008740314370904403,50.0,0.0,1.0,50.0,0.02,0.1129979171776578,0.0,0.0,0.0,0.0,0.0,0.006118481036849907
DUDE,full,cxcr4,cxcr4,0.7,100,bh,100.0,0.0,1.0,92.0,0.05,0.1163540823897771,100.0,0.0,1.0,92.0,0.05,0.1163540823897771,0.0,0.0,0.0,0.0,0.0,0.0,100.0,0.0,1.0,92.0,0.05,0.1163540823897771,0.0,0.0,0.0,0.0,0.0,0.0,100.0,0.0,1.0,100.0,0.01,0.1157966763342531,0.0,0.0,0.0,-8.0,0.04,0.0005574060555239985
DUDE,full,cxcr4,cxcr4,0.7,100,chemdeprc_cap1,100.0,0.0,1.0,100.0,0.01,0.1205184777950094,100.0,0.0,1.0,92.0,0.05,0.1163540823897771,0.0,0.0,0.0,8.0,-0.04,0.004164395405232307,100.0,0.0,1.0,92.0,0.05,0.1163540823897771,0.0,0.0,0.0,8.0,-0.04,0.004164395405232307,100.0,0.0,1.0,100.0,0.01,0.1157966763342531,0.0,0.0,0.0,0.0,0.0,0.004721801460756306
DUDE,full,cxcr4,cxcr4,0.7,100,chemdeprc_soft75,98.0,0.0,1.0,75.0,0.0510204081632653,0.1213328569168063,100.0,0.0,1.0,92.0,0.05,0.1163540823897771,-2.0,0.0,0.0,-17.0,0.0010204081632652975,0.004978774527029203,100.0,0.0,1.0,92.0,0.05,0.1163540823897771,-2.0,0.0,0.0,-17.0,0.0010204081632652975,0.004978774527029203,100.0,0.0,1.0,100.0,0.01,0.1157966763342531,-2.0,0.0,0.0,-25.0,0.0410204081632653,0.005536180582553202
DUDE,full,cxcr4,cxcr4,0.7,100,score_cap1,100.0,0.0,1.0,100.0,0.01,0.1157966763342531,100.0,0.0,1.0,92.0,0.05,0.1163540823897771,0.0,0.0,0.0,8.0,-0.04,-0.0005574060555239985,100.0,0.0,1.0,92.0,0.05,0.1163540823897771,0.0,0.0,0.0,8.0,-0.04,-0.0005574060555239985,100.0,0.0,1.0,100.0,0.01,0.1157966763342531,0.0,0.0,0.0,0.0,0.0,0.0
DUDE,full,cxcr4,cxcr4,0.7,100,weighted_bh,100.0,0.0,1.0,100.0,0.01,0.1202354089884124,100.0,0.0,1.0,92.0,0.05,0.1163540823897771,0.0,0.0,0.0,8.0,-0.04,0.0038813265986352985,100.0,0.0,1.0,92.0,0.05,0.1163540823897771,0.0,0.0,0.0,8.0,-0.04,0.0038813265986352985,100.0,0.0,1.0,100.0,0.01,0.1157966763342531,0.0,0.0,0.0,0.0,0.0,0.004438732654159297
DUDE,full,cxcr4,cxcr4,0.7,200,bh,154.0,0.0,1.0,136.0,0.0584415584415584,0.1161640347758336,200.0,0.0,1.0,174.0,0.07,0.1157783781369637,-46.0,0.0,0.0,-38.0,-0.011558441558441608,0.00038565663886989954,154.0,0.0,1.0,136.0,0.0584415584415584,0.1161640347758336,0.0,0.0,0.0,0.0,0.0,0.0,200.0,0.0,1.0,200.0,0.005,0.1163032770538117,-46.0,0.0,0.0,-64.0,0.0534415584415584,-0.00013924227797809663
DUDE,full,cxcr4,cxcr4,0.7,200,chemdeprc_cap1,164.0,0.0,1.0,164.0,0.0060975609756097,0.1161993949329453,200.0,0.0,1.0,174.0,0.07,0.1157783781369637,-36.0,0.0,0.0,-10.0,-0.0639024390243903,0.00042101679598159636,154.0,0.0,1.0,136.0,0.0584415584415584,0.1161640347758336,10.0,0.0,0.0,28.0,-0.0523439974659487,3.536015711169682e-05,200.0,0.0,1.0,200.0,0.005,0.1163032770538117,-36.0,0.0,0.0,-36.0,0.0010975609756096998,-0.00010388212086639981
DUDE,full,cxcr4,cxcr4,0.7,200,chemdeprc_soft75,200.0,0.0,1.0,150.0,0.03,0.1213767521895705,200.0,0.0,1.0,174.0,0.07,0.1157783781369637,0.0,0.0,0.0,-24.0,-0.04000000000000001,0.005598374052606797,154.0,0.0,1.0,136.0,0.0584415584415584,0.1161640347758336,46.0,0.0,0.0,14.0,-0.0284415584415584,0.0052127174137368976,200.0,0.0,1.0,200.0,0.005,0.1163032770538117,0.0,0.0,0.0,-50.0,0.024999999999999998,0.005073475135758801
DUDE,full,cxcr4,cxcr4,0.7,200,score_cap1,200.0,0.0,1.0,200.0,0.005,0.1163032770538117,200.0,0.0,1.0,174.0,0.07,0.1157783781369637,0.0,0.0,0.0,26.0,-0.065,0.0005248989168479962,154.0,0.0,1.0,136.0,0.0584415584415584,0.1161640347758336,46.0,0.0,0.0,64.0,-0.0534415584415584,0.00013924227797809663,200.0,0.0,1.0,200.0,0.005,0.1163032770538117,0.0,0.0,0.0,0.0,0.0,0.0
DUDE,full,cxcr4,cxcr4,0.7,200,weighted_bh,164.0,0.0,1.0,163.0,0.0121951219512195,0.116583149680898,200.0,0.0,1.0,174.0,0.07,0.1157783781369637,-36.0,0.0,0.0,-11.0,-0.057804878048780504,0.0008047715439342962,154.0,0.0,1.0,136.0,0.0584415584415584,0.1161640347758336,10.0,0.0,0.0,27.0,-0.046246436490338896,0.00041911490506439664,200.0,0.0,1.0,200.0,0.005,0.1163032770538117,-36.0,0.0,0.0,-37.0,0.0071951219512195,0.0002798726270863
DUDE,full,cxcr4,cxcr4,0.7,500,bh,154.0,0.0,1.0,136.0,0.0584415584415584,0.1161640347758336,500.0,3.0,0.994,407.0,0.072,0.1148377717619035,-346.0,-3.0,0.006000000000000005,-271.0,-0.013558441558441596,0.0013262630139301013,154.0,0.0,1.0,136.0,0.0584415584415584,0.1161640347758336,0.0,0.0,0.0,0.0,0.0,0.0,500.0,4.0,0.992,500.0,0.002,0.1134567299504984,-346.0,-4.0,0.008000000000000007,-364.0,0.0564415584415584,0.0027073048253352106
DUDE,full,cxcr4,cxcr4,0.7,500,chemdeprc_cap1,164.0,0.0,1.0,164.0,0.0060975609756097,0.1161993949329453,500.0,3.0,0.994,407.0,0.072,0.1148377717619035,-336.0,-3.0,0.006000000000000005,-243.0,-0.06590243902439029,0.001361623171041798,154.0,0.0,1.0,136.0,0.0584415584415584,0.1161640347758336,10.0,0.0,0.0,28.0,-0.0523439974659487,3.536015711169682e-05,500.0,4.0,0.992,500.0,0.002,0.1134567299504984,-336.0,-4.0,0.008000000000000007,-336.0,0.0040975609756097,0.0027426649824469074
DUDE,full,cxcr4,cxcr4,0.7,500,chemdeprc_soft75,231.0,0.0,1.0,164.0,0.0389610389610389,0.1182920698638282,500.0,3.0,0.994,407.0,0.072,0.1148377717619035,-269.0,-3.0,0.006000000000000005,-243.0,-0.0330389610389611,0.0034542981019246993,154.0,0.0,1.0,136.0,0.0584415584415584,0.1161640347758336,77.0,0.0,0.0,28.0,-0.0194805194805195,0.002128035087994598,500.0,4.0,0.992,500.0,0.002,0.1134567299504984,-269.0,-4.0,0.008000000000000007,-336.0,0.036961038961038896,0.004835339913329809
DUDE,full,cxcr4,cxcr4,0.7,500,score_cap1,500.0,4.0,0.992,500.0,0.002,0.1134567299504984,500.0,3.0,0.994,407.0,0.072,0.1148377717619035,0.0,1.0,-0.0020000000000000018,93.0,-0.06999999999999999,-0.0013810418114051093,154.0,0.0,1.0,136.0,0.0584415584415584,0.1161640347758336,346.0,4.0,-0.008000000000000007,364.0,-0.0564415584415584,-0.0027073048253352106,500.0,4.0,0.992,500.0,0.002,0.1134567299504984,0.0,0.0,0.0,0.0,0.0,0.0
DUDE,full,cxcr4,cxcr4,0.7,500,weighted_bh,164.0,0.0,1.0,163.0,0.0121951219512195,0.116583149680898,500.0,3.0,0.994,407.0,0.072,0.1148377717619035,-336.0,-3.0,0.006000000000000005,-244.0,-0.05980487804878049,0.001745377918994498,154.0,0.0,1.0,136.0,0.0584415584415584,0.1161640347758336,10.0,0.0,0.0,27.0,-0.046246436490338896,0.00041911490506439664,500.0,4.0,0.992,500.0,0.002,0.1134567299504984,-336.0,-4.0,0.008000000000000007,-337.0,0.0101951219512195,0.003126419730399607
DUDE,full,fabp4,fabp4,0.7,10,bh,0.0,0.0,0.0,0.0,0.0,0.0,10.0,0.0,1.0,9.0,0.2,0.1368180151517178,-10.0,0.0,-1.0,-9.0,-0.2,-0.1368180151517178,0.0,0.0,0.0,0.0,0.0,0.0,0.0,0.0,0.0,0.0,0.0,0.0,10.0,0.0,1.0,10.0,0.1,0.1323432034020632,-10.0,0.0,-1.0,-10.0,-0.1,-0.1323432034020632
DUDE,full,fabp4,fabp4,0.7,10,chemdeprc_cap1,0.0,0.0,0.0,0.0,0.0,0.0,10.0,0.0,1.0,9.0,0.2,0.1368180151517178,-10.0,0.0,-1.0,-9.0,-0.2,-0.1368180151517178,0.0,0.0,0.0,0.0,0.0,0.0,0.0,0.0,0.0,0.0,0.0,0.0,10.0,0.0,1.0,10.0,0.1,0.1323432034020632,-10.0,0.0,-1.0,-10.0,-0.1,-0.1323432034020632
DUDE,full,fabp4,fabp4,0.7,10,chemdeprc_soft75,0.0,0.0,0.0,0.0,0.0,0.0,10.0,0.0,1.0,9.0,0.2,0.1368180151517178,-10.0,0.0,-1.0,-9.0,-0.2,-0.1368180151517178,0.0,0.0,0.0,0.0,0.0,0.0,0.0,0.0,0.0,0.0,0.0,0.0,10.0,0.0,1.0,10.0,0.1,0.1323432034020632,-10.0,0.0,-1.0,-10.0,-0.1,-0.1323432034020632
DUDE,full,fabp4,fabp4,0.7,10,score_cap1,10.0,0.0,1.0,10.0,0.1,0.1323432034020632,10.0,0.0,1.0,9.0,0.2,0.1368180151517178,0.0,0.0,0.0,1.0,-0.1,-0.004474811749654584,0.0,0.0,0.0,0.0,0.0,0.0,10.0,0.0,1.0,10.0,0.1,0.1323432034020632,10.0,0.0,1.0,10.0,0.1,0.1323432034020632,0.0,0.0,0.0,0.0,0.0,0.0
DUDE,full,fabp4,fabp4,0.7,10,weighted_bh,0.0,0.0,0.0,0.0,0.0,0.0,10.0,0.0,1.0,9.0,0.2,0.1368180151517178,-10.0,0.0,-1.0,-9.0,-0.2,-0.1368180151517178,0.0,0.0,0.0,0.0,0.0,0.0,0.0,0.0,0.0,0.0,0.0,0.0,10.0,0.0,1.0,10.0,0.1,0.1323432034020632,-10.0,0.0,-1.0,-10.0,-0.1,-0.1323432034020632
DUDE,full,fabp4,fabp4,0.7,20,bh,0.0,0.0,0.0,0.0,0.0,0.0,20.0,0.0,1.0,17.0,0.15,0.136697434964988,-20.0,0.0,-1.0,-17.0,-0.15,-0.136697434964988,0.0,0.0,0.0,0.0,0.0,0.0,0.0,0.0,0.0,0.0,0.0,0.0,20.0,0.0,1.0,20.0,0.05,0.121175869211576,-20.0,0.0,-1.0,-20.0,-0.05,-0.121175869211576
DUDE,full,fabp4,fabp4,0.7,20,chemdeprc_cap1,0.0,0.0,0.0,0.0,0.0,0.0,20.0,0.0,1.0,17.0,0.15,0.136697434964988,-20.0,0.0,-1.0,-17.0,-0.15,-0.136697434964988,0.0,0.0,0.0,0.0,0.0,0.0,0.0,0.0,0.0,0.0,0.0,0.0,20.0,0.0,1.0,20.0,0.05,0.121175869211576,-20.0,0.0,-1.0,-20.0,-0.05,-0.121175869211576
DUDE,full,fabp4,fabp4,0.7,20,chemdeprc_soft75,0.0,0.0,0.0,0.0,0.0,0.0,20.0,0.0,1.0,17.0,0.15,0.136697434964988,-20.0,0.0,-1.0,-17.0,-0.15,-0.136697434964988,0.0,0.0,0.0,0.0,0.0,0.0,0.0,0.0,0.0,0.0,0.0,0.0,20.0,0.0,1.0,20.0,0.05,0.121175869211576,-20.0,0.0,-1.0,-20.0,-0.05,-0.121175869211576
DUDE,full,fabp4,fabp4,0.7,20,score_cap1,20.0,0.0,1.0,20.0,0.05,0.121175869211576,20.0,0.0,1.0,17.0,0.15,0.136697434964988,0.0,0.0,0.0,3.0,-0.09999999999999999,-0.015521565753412014,0.0,0.0,0.0,0.0,0.0,0.0,20.0,0.0,1.0,20.0,0.05,0.121175869211576,20.0,0.0,1.0,20.0,0.05,0.121175869211576,0.0,0.0,0.0,0.0,0.0,0.0
DUDE,full,fabp4,fabp4,0.7,20,weighted_bh,0.0,0.0,0.0,0.0,0.0,0.0,20.0,0.0,1.0,17.0,0.15,0.136697434964988,-20.0,0.0,-1.0,-17.0,-0.15,-0.136697434964988,0.0,0.0,0.0,0.0,0.0,0.0,0.0,0.0,0.0,0.0,0.0,0.0,20.0,0.0,1.0,20.0,0.05,0.121175869211576,-20.0,0.0,-1.0,-20.0,-0.05,-0.121175869211576
DUDE,full,fabp4,fabp4,0.7,50,bh,0.0,0.0,0.0,0.0,0.0,0.0,50.0,1.0,0.98,44.0,0.08,0.1282546974956936,-50.0,-1.0,-0.98,-44.0,-0.08,-0.1282546974956936,0.0,0.0,0.0,0.0,0.0,0.0,0.0,0.0,0.0,0.0,0.0,0.0,50.0,1.0,0.98,50.0,0.02,0.1232503017213684,-50.0,-1.0,-0.98,-50.0,-0.02,-0.1232503017213684
DUDE,full,fabp4,fabp4,0.7,50,chemdeprc_cap1,0.0,0.0,0.0,0.0,0.0,0.0,50.0,1.0,0.98,44.0,0.08,0.1282546974956936,-50.0,-1.0,-0.98,-44.0,-0.08,-0.1282546974956936,0.0,0.0,0.0,0.0,0.0,0.0,0.0,0.0,0.0,0.0,0.0,0.0,50.0,1.0,0.98,50.0,0.02,0.1232503017213684,-50.0,-1.0,-0.98,-50.0,-0.02,-0.1232503017213684
DUDE,full,fabp4,fabp4,0.7,50,chemdeprc_soft75,0.0,0.0,0.0,0.0,0.0,0.0,50.0,1.0,0.98,44.0,0.08,0.1282546974956936,-50.0,-1.0,-0.98,-44.0,-0.08,-0.1282546974956936,0.0,0.0,0.0,0.0,0.0,0.0,0.0,0.0,0.0,0.0,0.0,0.0,50.0,1.0,0.98,50.0,0.02,0.1232503017213684,-50.0,-1.0,-0.98,-50.0,-0.02,-0.1232503017213684
DUDE,full,fabp4,fabp4,0.7,50,score_cap1,50.0,1.0,0.98,50.0,0.02,0.1232503017213684,50.0,1.0,0.98,44.0,0.08,0.1282546974956936,0.0,0.0,0.0,6.0,-0.06,-0.005004395774325196,0.0,0.0,0.0,0.0,0.0,0.0,50.0,1.0,0.98,50.0,0.02,0.1232503017213684,50.0,1.0,0.98,50.0,0.02,0.1232503017213684,0.0,0.0,0.0,0.0,0.0,0.0
DUDE,full,fabp4,fabp4,0.7,50,weighted_bh,0.0,0.0,0.0,0.0,0.0,0.0,50.0,1.0,0.98,44.0,0.08,0.1282546974956936,-50.0,-1.0,-0.98,-44.0,-0.08,-0.1282546974956936,0.0,0.0,0.0,0.0,0.0,0.0,0.0,0.0,0.0,0.0,0.0,0.0,50.0,1.0,0.98,50.0,0.02,0.1232503017213684,-50.0,-1.0,-0.98,-50.0,-0.02,-0.1232503017213684
DUDE,full,fabp4,fabp4,0.7,100,bh,0.0,0.0,0.0,0.0,0.0,0.0,100.0,6.0,0.94,83.0,0.07,0.1315299514113559,-100.0,-6.0,-0.94,-83.0,-0.07,-0.1315299514113559,0.0,0.0,0.0,0.0,0.0,0.0,0.0,0.0,0.0,0.0,0.0,0.0,100.0,6.0,0.94,100.0,0.01,0.122814635947523,-100.0,-6.0,-0.94,-100.0,-0.01,-0.122814635947523
DUDE,full,fabp4,fabp4,0.7,100,chemdeprc_cap1,0.0,0.0,0.0,0.0,0.0,0.0,100.0,6.0,0.94,83.0,0.07,0.1315299514113559,-100.0,-6.0,-0.94,-83.0,-0.07,-0.1315299514113559,0.0,0.0,0.0,0.0,0.0,0.0,0.0,0.0,0.0,0.0,0.0,0.0,100.0,6.0,0.94,100.0,0.01,0.122814635947523,-100.0,-6.0,-0.94,-100.0,-0.01,-0.122814635947523
DUDE,full,fabp4,fabp4,0.7,100,chemdeprc_soft75,0.0,0.0,0.0,0.0,0.0,0.0,100.0,6.0,0.94,83.0,0.07,0.1315299514113559,-100.0,-6.0,-0.94,-83.0,-0.07,-0.1315299514113559,0.0,0.0,0.0,0.0,0.0,0.0,0.0,0.0,0.0,0.0,0.0,0.0,100.0,6.0,0.94,100.0,0.01,0.122814635947523,-100.0,-6.0,-0.94,-100.0,-0.01,-0.122814635947523
DUDE,full,fabp4,fabp4,0.7,100,score_cap1,100.0,6.0,0.94,100.0,0.01,0.122814635947523,100.0,6.0,0.94,83.0,0.07,0.1315299514113559,0.0,0.0,0.0,17.0,-0.060000000000000005,-0.008715315463832904,0.0,0.0,0.0,0.0,0.0,0.0,100.0,6.0,0.94,100.0,0.01,0.122814635947523,100.0,6.0,0.94,100.0,0.01,0.122814635947523,0.0,0.0,0.0,0.0,0.0,0.0
DUDE,full,fabp4,fabp4,0.7,100,weighted_bh,0.0,0.0,0.0,0.0,0.0,0.0,100.0,6.0,0.94,83.0,0.07,0.1315299514113559,-100.0,-6.0,-0.94,-83.0,-0.07,-0.1315299514113559,0.0,0.0,0.0,0.0,0.0,0.0,0.0,0.0,0.0,0.0,0.0,0.0,100.0,6.0,0.94,100.0,0.01,0.122814635947523,-100.0,-6.0,-0.94,-100.0,-0.01,-0.122814635947523
DUDE,full,fabp4,fabp4,0.7,200,bh,0.0,0.0,0.0,0.0,0.0,0.0,200.0,15.0,0.925,156.0,0.05,0.1268615169040459,-200.0,-15.0,-0.925,-156.0,-0.05,-0.1268615169040459,0.0,0.0,0.0,0.0,0.0,0.0,0.0,0.0,0.0,0.0,0.0,0.0,200.0,13.0,0.935,200.0,0.005,0.1160847784033551,-200.0,-13.0,-0.935,-200.0,-0.005,-0.1160847784033551
DUDE,full,fabp4,fabp4,0.7,200,chemdeprc_cap1,0.0,0.0,0.0,0.0,0.0,0.0,200.0,15.0,0.925,156.0,0.05,0.1268615169040459,-200.0,-15.0,-0.925,-156.0,-0.05,-0.1268615169040459,0.0,0.0,0.0,0.0,0.0,0.0,0.0,0.0,0.0,0.0,0.0,0.0,200.0,13.0,0.935,200.0,0.005,0.1160847784033551,-200.0,-13.0,-0.935,-200.0,-0.005,-0.1160847784033551
DUDE,full,fabp4,fabp4,0.7,200,chemdeprc_soft75,0.0,0.0,0.0,0.0,0.0,0.0,200.0,15.0,0.925,156.0,0.05,0.1268615169040459,-200.0,-15.0,-0.925,-156.0,-0.05,-0.1268615169040459,0.0,0.0,0.0,0.0,0.0,0.0,0.0,0.0,0.0,0.0,0.0,0.0,200.0,13.0,0.935,200.0,0.005,0.1160847784033551,-200.0,-13.0,-0.935,-200.0,-0.005,-0.1160847784033551
DUDE,full,fabp4,fabp4,0.7,200,score_cap1,200.0,13.0,0.935,200.0,0.005,0.1160847784033551,200.0,15.0,0.925,156.0,0.05,0.1268615169040459,0.0,-2.0,0.010000000000000009,44.0,-0.045000000000000005,-0.010776738500690802,0.0,0.0,0.0,0.0,0.0,0.0,200.0,13.0,0.935,200.0,0.005,0.1160847784033551,200.0,13.0,0.935,200.0,0.005,0.1160847784033551,0.0,0.0,0.0,0.0,0.0,0.0
DUDE,full,fabp4,fabp4,0.7,200,weighted_bh,0.0,0.0,0.0,0.0,0.0,0.0,200.0,15.0,0.925,156.0,0.05,0.1268615169040459,-200.0,-15.0,-0.925,-156.0,-0.05,-0.1268615169040459,0.0,0.0,0.0,0.0,0.0,0.0,0.0,0.0,0.0,0.0,0.0,0.0,200.0,13.0,0.935,200.0,0.005,0.1160847784033551,-200.0,-13.0,-0.935,-200.0,-0.005,-0.1160847784033551
DUDE,full,fabp4,fabp4,0.7,500,bh,0.0,0.0,0.0,0.0,0.0,0.0,500.0,23.0,0.954,318.0,0.062,0.1277499225296308,-500.0,-23.0,-0.954,-318.0,-0.062,-0.1277499225296308,0.0,0.0,0.0,0.0,0.0,0.0,0.0,0.0,0.0,0.0,0.0,0.0,500.0,14.0,0.972,500.0,0.002,0.1165944936888576,-500.0,-14.0,-0.972,-500.0,-0.002,-0.1165944936888576
DUDE,full,fabp4,fabp4,0.7,500,chemdeprc_cap1,0.0,0.0,0.0,0.0,0.0,0.0,500.0,23.0,0.954,318.0,0.062,0.1277499225296308,-500.0,-23.0,-0.954,-318.0,-0.062,-0.1277499225296308,0.0,0.0,0.0,0.0,0.0,0.0,0.0,0.0,0.0,0.0,0.0,0.0,500.0,14.0,0.972,500.0,0.002,0.1165944936888576,-500.0,-14.0,-0.972,-500.0,-0.002,-0.1165944936888576
DUDE,full,fabp4,fabp4,0.7,500,chemdeprc_soft75,0.0,0.0,0.0,0.0,0.0,0.0,500.0,23.0,0.954,318.0,0.062,0.1277499225296308,-500.0,-23.0,-0.954,-318.0,-0.062,-0.1277499225296308,0.0,0.0,0.0,0.0,0.0,0.0,0.0,0.0,0.0,0.0,0.0,0.0,500.0,14.0,0.972,500.0,0.002,0.1165944936888576,-500.0,-14.0,-0.972,-500.0,-0.002,-0.1165944936888576
DUDE,full,fabp4,fabp4,0.7,500,score_cap1,500.0,14.0,0.972,500.0,0.002,0.1165944936888576,500.0,23.0,0.954,318.0,0.062,0.1277499225296308,0.0,-9.0,0.018000000000000016,182.0,-0.06,-0.011155428840773196,0.0,0.0,0.0,0.0,0.0,0.0,500.0,14.0,0.972,500.0,0.002,0.1165944936888576,500.0,14.0,0.972,500.0,0.002,0.1165944936888576,0.0,0.0,0.0,0.0,0.0,0.0
DUDE,full,fabp4,fabp4,0.7,500,weighted_bh,0.0,0.0,0.0,0.0,0.0,0.0,500.0,23.0,0.954,318.0,0.062,0.1277499225296308,-500.0,-23.0,-0.954,-318.0,-0.062,-0.1277499225296308,0.0,0.0,0.0,0.0,0.0,0.0,0.0,0.0,0.0,0.0,0.0,0.0,500.0,14.0,0.972,500.0,0.002,0.1165944936888576,-500.0,-14.0,-0.972,-500.0,-0.002,-0.1165944936888576
DUDE,full,glcm,glcm,0.7,10,bh,10.0,1.0,0.9,10.0,0.1,0.1046878217877116,10.0,1.0,0.9,10.0,0.1,0.1046878217877115,0.0,0.0,0.0,0.0,0.0,1.1102230246251565e-16,10.0,1.0,0.9,10.0,0.1,0.1046878217877116,0.0,0.0,0.0,0.0,0.0,0.0,10.0,1.0,0.9,10.0,0.1,0.0971380622067899,0.0,0.0,0.0,0.0,0.0,0.007549759580921703
DUDE,full,glcm,glcm,0.7,10,chemdeprc_cap1,10.0,2.0,0.8,10.0,0.1,0.1082431475880543,10.0,1.0,0.9,10.0,0.1,0.1046878217877115,0.0,1.0,-0.09999999999999998,0.0,0.0,0.003555325800342804,10.0,1.0,0.9,10.0,0.1,0.1046878217877116,0.0,1.0,-0.09999999999999998,0.0,0.0,0.003555325800342693,10.0,1.0,0.9,10.0,0.1,0.0971380622067899,0.0,1.0,-0.09999999999999998,0.0,0.0,0.011105085381264396
DUDE,full,glcm,glcm,0.7,10,chemdeprc_soft75,8.0,0.0,1.0,8.0,0.125,0.1151906630559752,10.0,1.0,0.9,10.0,0.1,0.1046878217877115,-2.0,-1.0,0.09999999999999998,-2.0,0.024999999999999994,0.010502841268263702,10.0,1.0,0.9,10.0,0.1,0.1046878217877116,-2.0,-1.0,0.09999999999999998,-2.0,0.024999999999999994,0.01050284126826359,10.0,1.0,0.9,10.0,0.1,0.0971380622067899,-2.0,-1.0,0.09999999999999998,-2.0,0.024999999999999994,0.018052600849185294
DUDE,full,glcm,glcm,0.7,10,score_cap1,10.0,1.0,0.9,10.0,0.1,0.0971380622067899,10.0,1.0,0.9,10.0,0.1,0.1046878217877115,0.0,0.0,0.0,0.0,0.0,-0.007549759580921592,10.0,1.0,0.9,10.0,0.1,0.1046878217877116,0.0,0.0,0.0,0.0,0.0,-0.007549759580921703,10.0,1.0,0.9,10.0,0.1,0.0971380622067899,0.0,0.0,0.0,0.0,0.0,0.0
DUDE,full,glcm,glcm,0.7,10,weighted_bh,10.0,2.0,0.8,10.0,0.1,0.1112697855227138,10.0,1.0,0.9,10.0,0.1,0.1046878217877115,0.0,1.0,-0.09999999999999998,0.0,0.0,0.006581963735002305,10.0,1.0,0.9,10.0,0.1,0.1046878217877116,0.0,1.0,-0.09999999999999998,0.0,0.0,0.006581963735002194,10.0,1.0,0.9,10.0,0.1,0.0971380622067899,0.0,1.0,-0.09999999999999998,0.0,0.0,0.014131723315923897
DUDE,full,glcm,glcm,0.7,20,bh,20.0,4.0,0.8,20.0,0.05,0.1018761234424495,20.0,4.0,0.8,20.0,0.05,0.1018761234424495,0.0,0.0,0.0,0.0,0.0,0.0,20.0,4.0,0.8,20.0,0.05,0.1018761234424495,0.0,0.0,0.0,0.0,0.0,0.0,20.0,4.0,0.8,20.0,0.05,0.1018761234424495,0.0,0.0,0.0,0.0,0.0,0.0
DUDE,full,glcm,glcm,0.7,20,chemdeprc_cap1,20.0,3.0,0.85,20.0,0.05,0.1054499997406316,20.0,4.0,0.8,20.0,0.05,0.1018761234424495,0.0,-1.0,0.04999999999999993,0.0,0.0,0.0035738762981820937,20.0,4.0,0.8,20.0,0.05,0.1018761234424495,0.0,-1.0,0.04999999999999993,0.0,0.0,0.0035738762981820937,20.0,4.0,0.8,20.0,0.05,0.1018761234424495,0.0,-1.0,0.04999999999999993,0.0,0.0,0.0035738762981820937
DUDE,full,glcm,glcm,0.7,20,chemdeprc_soft75,15.0,3.0,0.8,15.0,0.0666666666666666,0.1095321633924375,20.0,4.0,0.8,20.0,0.05,0.1018761234424495,-5.0,-1.0,0.0,-5.0,0.016666666666666594,0.007656039949987994,20.0,4.0,0.8,20.0,0.05,0.1018761234424495,-5.0,-1.0,0.0,-5.0,0.016666666666666594,0.007656039949987994,20.0,4.0,0.8,20.0,0.05,0.1018761234424495,-5.0,-1.0,0.0,-5.0,0.016666666666666594,0.007656039949987994
DUDE,full,glcm,glcm,0.7,20,score_cap1,20.0,4.0,0.8,20.0,0.05,0.1018761234424495,20.0,4.0,0.8,20.0,0.05,0.1018761234424495,0.0,0.0,0.0,0.0,0.0,0.0,20.0,4.0,0.8,20.0,0.05,0.1018761234424495,0.0,0.0,0.0,0.0,0.0,0.0,20.0,4.0,0.8,20.0,0.05,0.1018761234424495,0.0,0.0,0.0,0.0,0.0,0.0
DUDE,full,glcm,glcm,0.7,20,weighted_bh,20.0,3.0,0.85,20.0,0.05,0.1077199385467646,20.0,4.0,0.8,20.0,0.05,0.1018761234424495,0.0,-1.0,0.04999999999999993,0.0,0.0,0.0058438151043150866,20.0,4.0,0.8,20.0,0.05,0.1018761234424495,0.0,-1.0,0.04999999999999993,0.0,0.0,0.0058438151043150866,20.0,4.0,0.8,20.0,0.05,0.1018761234424495,0.0,-1.0,0.04999999999999993,0.0,0.0,0.0058438151043150866
DUDE,full,glcm,glcm,0.7,50,bh,50.0,9.0,0.82,47.0,0.06,0.1075211068054963,50.0,9.0,0.82,47.0,0.06,0.1075211068054963,0.0,0.0,0.0,0.0,0.0,0.0,50.0,9.0,0.82,47.0,0.06,0.1075211068054963,0.0,0.0,0.0,0.0,0.0,0.0,50.0,8.0,0.84,50.0,0.02,0.1028358193210917,0.0,1.0,-0.020000000000000018,-3.0,0.039999999999999994,0.004685287484404596
DUDE,full,glcm,glcm,0.7,50,chemdeprc_cap1,50.0,5.0,0.9,50.0,0.02,0.1046411041096117,50.0,9.0,0.82,47.0,0.06,0.1075211068054963,0.0,-4.0,0.08000000000000007,3.0,-0.039999999999999994,-0.0028800026958846064,50.0,9.0,0.82,47.0,0.06,0.1075211068054963,0.0,-4.0,0.08000000000000007,3.0,-0.039999999999999994,-0.0028800026958846064,50.0,8.0,0.84,50.0,0.02,0.1028358193210917,0.0,-3.0,0.06000000000000005,0.0,0.0,0.0018052847885199896
DUDE,full,glcm,glcm,0.7,50,chemdeprc_soft75,45.0,4.0,0.9111111111111112,38.0,0.1333333333333333,0.0981384259308649,50.0,9.0,0.82,47.0,0.06,0.1075211068054963,-5.0,-5.0,0.09111111111111125,-9.0,0.0733333333333333,-0.0093826808746314,50.0,9.0,0.82,47.0,0.06,0.1075211068054963,-5.0,-5.0,0.09111111111111125,-9.0,0.0733333333333333,-0.0093826808746314,50.0,8.0,0.84,50.0,0.02,0.1028358193210917,-5.0,-4.0,0.07111111111111124,-12.0,0.1133333333333333,-0.004697393390226803
DUDE,full,glcm,glcm,0.7,50,score_cap1,50.0,8.0,0.84,50.0,0.02,0.1028358193210917,50.0,9.0,0.82,47.0,0.06,0.1075211068054963,0.0,-1.0,0.020000000000000018,3.0,-0.039999999999999994,-0.004685287484404596,50.0,9.0,0.82,47.0,0.06,0.1075211068054963,0.0,-1.0,0.020000000000000018,3.0,-0.039999999999999994,-0.004685287484404596,50.0,8.0,0.84,50.0,0.02,0.1028358193210917,0.0,0.0,0.0,0.0,0.0,0.0
DUDE,full,glcm,glcm,0.7,50,weighted_bh,50.0,4.0,0.92,50.0,0.02,0.1043051330847816,50.0,9.0,0.82,47.0,0.06,0.1075211068054963,0.0,-5.0,0.10000000000000009,3.0,-0.039999999999999994,-0.0032159737207146932,50.0,9.0,0.82,47.0,0.06,0.1075211068054963,0.0,-5.0,0.10000000000000009,3.0,-0.039999999999999994,-0.0032159737207146932,50.0,8.0,0.84,50.0,0.02,0.1028358193210917,0.0,-4.0,0.08000000000000007,0.0,0.0,0.0014693137636899029
DUDE,full,glcm,glcm,0.7,100,bh,100.0,9.0,0.91,91.0,0.07,0.1052853257175737,100.0,9.0,0.91,91.0,0.07,0.1052853257175737,0.0,0.0,0.0,0.0,0.0,0.0,100.0,9.0,0.91,91.0,0.07,0.1052853257175737,0.0,0.0,0.0,0.0,0.0,0.0,100.0,9.0,0.91,100.0,0.01,0.1026306608891202,0.0,0.0,0.0,-9.0,0.060000000000000005,0.0026546648284534874
DUDE,full,glcm,glcm,0.7,100,chemdeprc_cap1,75.0,5.0,0.9333333333333332,75.0,0.0133333333333333,0.1034933277613937,100.0,9.0,0.91,91.0,0.07,0.1052853257175737,-25.0,-4.0,0.023333333333333206,-16.0,-0.056666666666666705,-0.0017919979561799998,100.0,9.0,0.91,91.0,0.07,0.1052853257175737,-25.0,-4.0,0.023333333333333206,-16.0,-0.056666666666666705,-0.0017919979561799998,100.0,9.0,0.91,100.0,0.01,0.1026306608891202,-25.0,-4.0,0.023333333333333206,-25.0,0.0033333333333332993,0.0008626668722734876
DUDE,full,glcm,glcm,0.7,100,chemdeprc_soft75,91.0,7.0,0.9230769230769232,75.0,0.0659340659340659,0.1027330126383348,100.0,9.0,0.91,91.0,0.07,0.1052853257175737,-9.0,-2.0,0.013076923076923208,-16.0,-0.0040659340659341126,-0.0025523130792388937,100.0,9.0,0.91,91.0,0.07,0.1052853257175737,-9.0,-2.0,0.013076923076923208,-16.0,-0.0040659340659341126,-0.0025523130792388937,100.0,9.0,0.91,100.0,0.01,0.1026306608891202,-9.0,-2.0,0.013076923076923208,-25.0,0.05593406593406589,0.00010235174921459367
DUDE,full,glcm,glcm,0.7,100,score_cap1,100.0,9.0,0.91,100.0,0.01,0.1026306608891202,100.0,9.0,0.91,91.0,0.07,0.1052853257175737,0.0,0.0,0.0,9.0,-0.060000000000000005,-0.0026546648284534874,100.0,9.0,0.91,91.0,0.07,0.1052853257175737,0.0,0.0,0.0,9.0,-0.060000000000000005,-0.0026546648284534874,100.0,9.0,0.91,100.0,0.01,0.1026306608891202,0.0,0.0,0.0,0.0,0.0,0.0
DUDE,full,glcm,glcm,0.7,100,weighted_bh,77.0,6.0,0.922077922077922,76.0,0.0259740259740259,0.1048230580520941,100.0,9.0,0.91,91.0,0.07,0.1052853257175737,-23.0,-3.0,0.012077922077922021,-15.0,-0.04402597402597411,-0.0004622676654795904,100.0,9.0,0.91,91.0,0.07,0.1052853257175737,-23.0,-3.0,0.012077922077922021,-15.0,-0.04402597402597411,-0.0004622676654795904,100.0,9.0,0.91,100.0,0.01,0.1026306608891202,-23.0,-3.0,0.012077922077922021,-24.0,0.015974025974025897,0.002192397162973897
DUDE,full,glcm,glcm,0.7,200,bh,107.0,10.0,0.9065420560747663,97.0,0.0747663551401869,0.1042670469725089,200.0,14.0,0.93,176.0,0.08,0.1047281177358977,-93.0,-4.0,-0.023457943925233704,-79.0,-0.005233644859813105,-0.0004610707633888045,107.0,10.0,0.9065420560747663,97.0,0.0747663551401869,0.1042670469725089,0.0,0.0,0.0,0.0,0.0,0.0,200.0,13.0,0.935,200.0,0.005,0.1034149948289172,-93.0,-3.0,-0.02845794392523371,-103.0,0.06976635514018689,0.0008520521435917
DUDE,full,glcm,glcm,0.7,200,chemdeprc_cap1,75.0,5.0,0.9333333333333332,75.0,0.0133333333333333,0.1034933277613937,200.0,14.0,0.93,176.0,0.08,0.1047281177358977,-125.0,-9.0,0.0033333333333331883,-101.0,-0.06666666666666671,-0.0012347899745040053,107.0,10.0,0.9065420560747663,97.0,0.0747663551401869,0.1042670469725089,-32.0,-5.0,0.026791277258566892,-22.0,-0.061433021806853595,-0.0007737192111152008,200.0,13.0,0.935,200.0,0.005,0.1034149948289172,-125.0,-8.0,-0.0016666666666668162,-125.0,0.0083333333333333,7.83329324764992e-05
DUDE,full,glcm,glcm,0.7,200,chemdeprc_soft75,91.0,7.0,0.9230769230769232,75.0,0.0659340659340659,0.1027330126383348,200.0,14.0,0.93,176.0,0.08,0.1047281177358977,-109.0,-7.0,-0.00692307692307681,-101.0,-0.014065934065934108,-0.0019951050975628992,107.0,10.0,0.9065420560747663,97.0,0.0747663551401869,0.1042670469725089,-16.0,-3.0,0.016534867002156894,-22.0,-0.008832289206121002,-0.0015340343341740947,200.0,13.0,0.935,200.0,0.005,0.1034149948289172,-109.0,-6.0,-0.011923076923076814,-125.0,0.0609340659340659,-0.0006819821905823947
DUDE,full,glcm,glcm,0.7,200,score_cap1,200.0,13.0,0.935,200.0,0.005,0.1034149948289172,200.0,14.0,0.93,176.0,0.08,0.1047281177358977,0.0,-1.0,0.0050000000000000044,24.0,-0.075,-0.0013131229069805045,107.0,10.0,0.9065420560747663,97.0,0.0747663551401869,0.1042670469725089,93.0,3.0,0.02845794392523371,103.0,-0.06976635514018689,-0.0008520521435917,200.0,13.0,0.935,200.0,0.005,0.1034149948289172,0.0,0.0,0.0,0.0,0.0,0.0
DUDE,full,glcm,glcm,0.7,200,weighted_bh,77.0,6.0,0.922077922077922,76.0,0.0259740259740259,0.1048230580520941,200.0,14.0,0.93,176.0,0.08,0.1047281177358977,-123.0,-8.0,-0.007922077922077997,-100.0,-0.0540259740259741,9.494031619640408e-05,107.0,10.0,0.9065420560747663,97.0,0.0747663551401869,0.1042670469725089,-30.0,-4.0,0.015535866003155707,-21.0,-0.048792329166161,0.0005560110795852086,200.0,13.0,0.935,200.0,0.005,0.1034149948289172,-123.0,-7.0,-0.012922077922078001,-124.0,0.0209740259740259,0.0014080632231769086
DUDE,full,glcm,glcm,0.7,500,bh,107.0,10.0,0.9065420560747663,97.0,0.0747663551401869,0.1042670469725089,500.0,24.0,0.952,393.0,0.092,0.1031893129075049,-393.0,-14.0,-0.04545794392523361,-296.0,-0.017233644859813102,0.001077734065003999,107.0,10.0,0.9065420560747663,97.0,0.0747663551401869,0.1042670469725089,0.0,0.0,0.0,0.0,0.0,0.0,500.0,18.0,0.964,500.0,0.002,0.1027389901372982,-393.0,-8.0,-0.05745794392523362,-403.0,0.0727663551401869,0.0015280568352106921
DUDE,full,glcm,glcm,0.7,500,chemdeprc_cap1,75.0,5.0,0.9333333333333332,75.0,0.0133333333333333,0.1034933277613937,500.0,24.0,0.952,393.0,0.092,0.1031893129075049,-425.0,-19.0,-0.01866666666666672,-318.0,-0.0786666666666667,0.00030401485388879823,107.0,10.0,0.9065420560747663,97.0,0.0747663551401869,0.1042670469725089,-32.0,-5.0,0.026791277258566892,-22.0,-0.061433021806853595,-0.0007737192111152008,500.0,18.0,0.964,500.0,0.002,0.1027389901372982,-425.0,-13.0,-0.03066666666666673,-425.0,0.0113333333333333,0.0007543376240954913
DUDE,full,glcm,glcm,0.7,500,chemdeprc_soft75,91.0,7.0,0.9230769230769232,75.0,0.0659340659340659,0.1027330126383348,500.0,24.0,0.952,393.0,0.092,0.1031893129075049,-409.0,-17.0,-0.028923076923076718,-318.0,-0.026065934065934104,-0.0004563002691700957,107.0,10.0,0.9065420560747663,97.0,0.0747663551401869,0.1042670469725089,-16.0,-3.0,0.016534867002156894,-22.0,-0.008832289206121002,-0.0015340343341740947,500.0,18.0,0.964,500.0,0.002,0.1027389901372982,-409.0,-11.0,-0.04092307692307673,-425.0,0.06393406593406589,-5.9774989634026054e-06
DUDE,full,glcm,glcm,0.7,500,score_cap1,500.0,18.0,0.964,500.0,0.002,0.1027389901372982,500.0,24.0,0.952,393.0,0.092,0.1031893129075049,0.0,-6.0,0.01200000000000001,107.0,-0.09,-0.0004503227702066931,107.0,10.0,0.9065420560747663,97.0,0.0747663551401869,0.1042670469725089,393.0,8.0,0.05745794392523362,403.0,-0.0727663551401869,-0.0015280568352106921,500.0,18.0,0.964,500.0,0.002,0.1027389901372982,0.0,0.0,0.0,0.0,0.0,0.0
DUDE,full,glcm,glcm,0.7,500,weighted_bh,77.0,6.0,0.922077922077922,76.0,0.0259740259740259,0.1048230580520941,500.0,24.0,0.952,393.0,0.092,0.1031893129075049,-423.0,-18.0,-0.029922077922077905,-317.0,-0.0660259740259741,0.0016337451445892076,107.0,10.0,0.9065420560747663,97.0,0.0747663551401869,0.1042670469725089,-30.0,-4.0,0.015535866003155707,-21.0,-0.048792329166161,0.0005560110795852086,500.0,18.0,0.964,500.0,0.002,0.1027389901372982,-423.0,-12.0,-0.041922077922077916,-424.0,0.023974025974025898,0.0020840679147959007
DUDE,full,inha,inha,0.7,10,bh,10.0,0.0,1.0,10.0,0.1,0.0951241235068601,10.0,0.0,1.0,10.0,0.1,0.0951241235068601,0.0,0.0,0.0,0.0,0.0,0.0,10.0,0.0,1.0,10.0,0.1,0.0951241235068601,0.0,0.0,0.0,0.0,0.0,0.0,10.0,0.0,1.0,10.0,0.1,0.0951241235068601,0.0,0.0,0.0,0.0,0.0,0.0
DUDE,full,inha,inha,0.7,10,chemdeprc_cap1,10.0,0.0,1.0,10.0,0.1,0.1147207932507219,10.0,0.0,1.0,10.0,0.1,0.0951241235068601,0.0,0.0,0.0,0.0,0.0,0.019596669743861803,10.0,0.0,1.0,10.0,0.1,0.0951241235068601,0.0,0.0,0.0,0.0,0.0,0.019596669743861803,10.0,0.0,1.0,10.0,0.1,0.0951241235068601,0.0,0.0,0.0,0.0,0.0,0.019596669743861803
DUDE,full,inha,inha,0.7,10,chemdeprc_soft75,9.0,0.0,1.0,8.0,0.2222222222222222,0.1123297536834081,10.0,0.0,1.0,10.0,0.1,0.0951241235068601,-1.0,0.0,0.0,-2.0,0.1222222222222222,0.017205630176547998,10.0,0.0,1.0,10.0,0.1,0.0951241235068601,-1.0,0.0,0.0,-2.0,0.1222222222222222,0.017205630176547998,10.0,0.0,1.0,10.0,0.1,0.0951241235068601,-1.0,0.0,0.0,-2.0,0.1222222222222222,0.017205630176547998
DUDE,full,inha,inha,0.7,10,score_cap1,10.0,0.0,1.0,10.0,0.1,0.0951241235068601,10.0,0.0,1.0,10.0,0.1,0.0951241235068601,0.0,0.0,0.0,0.0,0.0,0.0,10.0,0.0,1.0,10.0,0.1,0.0951241235068601,0.0,0.0,0.0,0.0,0.0,0.0,10.0,0.0,1.0,10.0,0.1,0.0951241235068601,0.0,0.0,0.0,0.0,0.0,0.0
DUDE,full,inha,inha,0.7,10,weighted_bh,10.0,0.0,1.0,10.0,0.1,0.1147207932507219,10.0,0.0,1.0,10.0,0.1,0.0951241235068601,0.0,0.0,0.0,0.0,0.0,0.019596669743861803,10.0,0.0,1.0,10.0,0.1,0.0951241235068601,0.0,0.0,0.0,0.0,0.0,0.019596669743861803,10.0,0.0,1.0,10.0,0.1,0.0951241235068601,0.0,0.0,0.0,0.0,0.0,0.019596669743861803
DUDE,full,inha,inha,0.7,20,bh,20.0,0.0,1.0,19.0,0.1,0.0959618210560213,20.0,0.0,1.0,19.0,0.1,0.0959618210560213,0.0,0.0,0.0,0.0,0.0,0.0,20.0,0.0,1.0,19.0,0.1,0.0959618210560213,0.0,0.0,0.0,0.0,0.0,0.0,20.0,0.0,1.0,20.0,0.05,0.0971073971822565,0.0,0.0,0.0,-1.0,0.05,-0.0011455761262351982
DUDE,full,inha,inha,0.7,20,chemdeprc_cap1,20.0,2.0,0.9,20.0,0.05,0.1087010795277971,20.0,0.0,1.0,19.0,0.1,0.0959618210560213,0.0,2.0,-0.09999999999999998,1.0,-0.05,0.012739258471775802,20.0,0.0,1.0,19.0,0.1,0.0959618210560213,0.0,2.0,-0.09999999999999998,1.0,-0.05,0.012739258471775802,20.0,0.0,1.0,20.0,0.05,0.0971073971822565,0.0,2.0,-0.09999999999999998,0.0,0.0,0.011593682345540604
DUDE,full,inha,inha,0.7,20,chemdeprc_soft75,16.0,1.0,0.9375,15.0,0.125,0.1123766829202279,20.0,0.0,1.0,19.0,0.1,0.0959618210560213,-4.0,1.0,-0.0625,-4.0,0.024999999999999994,0.016414861864206598,20.0,0.0,1.0,19.0,0.1,0.0959618210560213,-4.0,1.0,-0.0625,-4.0,0.024999999999999994,0.016414861864206598,20.0,0.0,1.0,20.0,0.05,0.0971073971822565,-4.0,1.0,-0.0625,-5.0,0.075,0.0152692857379714
DUDE,full,inha,inha,0.7,20,score_cap1,20.0,0.0,1.0,20.0,0.05,0.0971073971822565,20.0,0.0,1.0,19.0,0.1,0.0959618210560213,0.0,0.0,0.0,1.0,-0.05,0.0011455761262351982,20.0,0.0,1.0,19.0,0.1,0.0959618210560213,0.0,0.0,0.0,1.0,-0.05,0.0011455761262351982,20.0,0.0,1.0,20.0,0.05,0.0971073971822565,0.0,0.0,0.0,0.0,0.0,0.0
DUDE,full,inha,inha,0.7,20,weighted_bh,20.0,2.0,0.9,20.0,0.05,0.1087010795277971,20.0,0.0,1.0,19.0,0.1,0.0959618210560213,0.0,2.0,-0.09999999999999998,1.0,-0.05,0.012739258471775802,20.0,0.0,1.0,19.0,0.1,0.0959618210560213,0.0,2.0,-0.09999999999999998,1.0,-0.05,0.012739258471775802,20.0,0.0,1.0,20.0,0.05,0.0971073971822565,0.0,2.0,-0.09999999999999998,0.0,0.0,0.011593682345540604
DUDE,full,inha,inha,0.7,50,bh,50.0,5.0,0.9,48.0,0.04,0.1005426257941605,50.0,5.0,0.9,48.0,0.04,0.1005426257941604,0.0,0.0,0.0,0.0,0.0,9.71445146547012e-17,50.0,5.0,0.9,48.0,0.04,0.1005426257941605,0.0,0.0,0.0,0.0,0.0,0.0,50.0,5.0,0.9,50.0,0.02,0.1014902858080766,0.0,0.0,0.0,-2.0,0.02,-0.0009476600139161073
DUDE,full,inha,inha,0.7,50,chemdeprc_cap1,50.0,3.0,0.94,50.0,0.02,0.1041769018273225,50.0,5.0,0.9,48.0,0.04,0.1005426257941604,0.0,-2.0,0.039999999999999925,2.0,-0.02,0.003634276033162104,50.0,5.0,0.9,48.0,0.04,0.1005426257941605,0.0,-2.0,0.039999999999999925,2.0,-0.02,0.0036342760331620066,50.0,5.0,0.9,50.0,0.02,0.1014902858080766,0.0,-2.0,0.039999999999999925,0.0,0.0,0.0026866160192458993
DUDE,full,inha,inha,0.7,50,chemdeprc_soft75,50.0,4.0,0.92,38.0,0.1,0.1045459307278171,50.0,5.0,0.9,48.0,0.04,0.1005426257941604,0.0,-1.0,0.020000000000000018,-10.0,0.060000000000000005,0.004003304933656693,50.0,5.0,0.9,48.0,0.04,0.1005426257941605,0.0,-1.0,0.020000000000000018,-10.0,0.060000000000000005,0.004003304933656596,50.0,5.0,0.9,50.0,0.02,0.1014902858080766,0.0,-1.0,0.020000000000000018,-12.0,0.08,0.0030556449197404884
DUDE,full,inha,inha,0.7,50,score_cap1,50.0,5.0,0.9,50.0,0.02,0.1014902858080766,50.0,5.0,0.9,48.0,0.04,0.1005426257941604,0.0,0.0,0.0,2.0,-0.02,0.0009476600139162045,50.0,5.0,0.9,48.0,0.04,0.1005426257941605,0.0,0.0,0.0,2.0,-0.02,0.0009476600139161073,50.0,5.0,0.9,50.0,0.02,0.1014902858080766,0.0,0.0,0.0,0.0,0.0,0.0
DUDE,full,inha,inha,0.7,50,weighted_bh,50.0,3.0,0.94,50.0,0.02,0.1041769018273225,50.0,5.0,0.9,48.0,0.04,0.1005426257941604,0.0,-2.0,0.039999999999999925,2.0,-0.02,0.003634276033162104,50.0,5.0,0.9,48.0,0.04,0.1005426257941605,0.0,-2.0,0.039999999999999925,2.0,-0.02,0.0036342760331620066,50.0,5.0,0.9,50.0,0.02,0.1014902858080766,0.0,-2.0,0.039999999999999925,0.0,0.0,0.0026866160192458993
DUDE,full,inha,inha,0.7,100,bh,83.0,8.0,0.9036144578313252,72.0,0.036144578313253,0.1051723189337507,100.0,10.0,0.9,85.0,0.04,0.1068029382214554,-17.0,-2.0,0.0036144578313251907,-13.0,-0.0038554216867470043,-0.0016306192877046932,83.0,8.0,0.9036144578313252,72.0,0.036144578313253,0.1051723189337507,0.0,0.0,0.0,0.0,0.0,0.0,100.0,6.0,0.94,100.0,0.01,0.1059855162338738,-17.0,2.0,-0.036385542168674734,-28.0,0.026144578313252995,-0.0008131973001230947
DUDE,full,inha,inha,0.7,100,chemdeprc_cap1,60.0,5.0,0.9166666666666666,60.0,0.0166666666666666,0.1053111284928909,100.0,10.0,0.9,85.0,0.04,0.1068029382214554,-40.0,-5.0,0.016666666666666607,-25.0,-0.0233333333333334,-0.0014918097285644971,83.0,8.0,0.9036144578313252,72.0,0.036144578313253,0.1051723189337507,-23.0,-3.0,0.013052208835341417,-12.0,-0.019477911646586396,0.0001388095591401961,100.0,6.0,0.94,100.0,0.01,0.1059855162338738,-40.0,-1.0,-0.023333333333333317,-40.0,0.0066666666666666,-0.0006743877409828986
DUDE,full,inha,inha,0.7,100,chemdeprc_soft75,86.0,9.0,0.8953488372093024,60.0,0.0581395348837209,0.1066836956113207,100.0,10.0,0.9,85.0,0.04,0.1068029382214554,-14.0,-1.0,-0.0046511627906976605,-25.0,0.0181395348837209,-0.00011924261013469828,83.0,8.0,0.9036144578313252,72.0,0.036144578313253,0.1051723189337507,3.0,1.0,-0.008265620622022851,-12.0,0.021994956570467905,0.001511376677569995,100.0,6.0,0.94,100.0,0.01,0.1059855162338738,-14.0,3.0,-0.044651162790697585,-40.0,0.0481395348837209,0.0006981793774469003
DUDE,full,inha,inha,0.7,100,score_cap1,100.0,6.0,0.94,100.0,0.01,0.1059855162338738,100.0,10.0,0.9,85.0,0.04,0.1068029382214554,0.0,-4.0,0.039999999999999925,15.0,-0.03,-0.0008174219875815986,83.0,8.0,0.9036144578313252,72.0,0.036144578313253,0.1051723189337507,17.0,-2.0,0.036385542168674734,28.0,-0.026144578313252995,0.0008131973001230947,100.0,6.0,0.94,100.0,0.01,0.1059855162338738,0.0,0.0,0.0,0.0,0.0,0.0
DUDE,full,inha,inha,0.7,100,weighted_bh,79.0,6.0,0.9240506329113924,75.0,0.0379746835443038,0.1038099384067285,100.0,10.0,0.9,85.0,0.04,0.1068029382214554,-21.0,-4.0,0.024050632911392422,-10.0,-0.0020253164556962022,-0.0029929998147268932,83.0,8.0,0.9036144578313252,72.0,0.036144578313253,0.1051723189337507,-4.0,-2.0,0.02043617508006723,3.0,0.001830105231050802,-0.0013623805270222,100.0,6.0,0.94,100.0,0.01,0.1059855162338738,-21.0,0.0,-0.015949367088607502,-25.0,0.027974683544303797,-0.0021755778271452947
DUDE,full,inha,inha,0.7,200,bh,83.0,8.0,0.9036144578313252,72.0,0.036144578313253,0.1051723189337507,200.0,16.0,0.92,165.0,0.065,0.1067964655313273,-117.0,-8.0,-0.016385542168674827,-93.0,-0.028855421686747006,-0.0016241465975765923,83.0,8.0,0.9036144578313252,72.0,0.036144578313253,0.1051723189337507,0.0,0.0,0.0,0.0,0.0,0.0,200.0,15.0,0.925,200.0,0.005,0.1068919499078823,-117.0,-7.0,-0.02138554216867483,-128.0,0.031144578313252996,-0.0017196309741315946
DUDE,full,inha,inha,0.7,200,chemdeprc_cap1,60.0,5.0,0.9166666666666666,60.0,0.0166666666666666,0.1053111284928909,200.0,16.0,0.92,165.0,0.065,0.1067964655313273,-140.0,-11.0,-0.0033333333333334103,-105.0,-0.0483333333333334,-0.0014853370384363962,83.0,8.0,0.9036144578313252,72.0,0.036144578313253,0.1051723189337507,-23.0,-3.0,0.013052208835341417,-12.0,-0.019477911646586396,0.0001388095591401961,200.0,15.0,0.925,200.0,0.005,0.1068919499078823,-140.0,-10.0,-0.008333333333333415,-140.0,0.0116666666666666,-0.0015808214149913985
DUDE,full,inha,inha,0.7,200,chemdeprc_soft75,86.0,9.0,0.8953488372093024,60.0,0.0581395348837209,0.1066836956113207,200.0,16.0,0.92,165.0,0.065,0.1067964655313273,-114.0,-7.0,-0.024651162790697678,-105.0,-0.0068604651162791006,-0.00011276992000659736,83.0,8.0,0.9036144578313252,72.0,0.036144578313253,0.1051723189337507,3.0,1.0,-0.008265620622022851,-12.0,0.021994956570467905,0.001511376677569995,200.0,15.0,0.925,200.0,0.005,0.1068919499078823,-114.0,-6.0,-0.029651162790697683,-140.0,0.053139534883720904,-0.00020825429656159966
DUDE,full,inha,inha,0.7,200,score_cap1,200.0,15.0,0.925,200.0,0.005,0.1068919499078823,200.0,16.0,0.92,165.0,0.065,0.1067964655313273,0.0,-1.0,0.0050000000000000044,35.0,-0.060000000000000005,9.54843765550023e-05,83.0,8.0,0.9036144578313252,72.0,0.036144578313253,0.1051723189337507,117.0,7.0,0.02138554216867483,128.0,-0.031144578313252996,0.0017196309741315946,200.0,15.0,0.925,200.0,0.005,0.1068919499078823,0.0,0.0,0.0,0.0,0.0,0.0
DUDE,full,inha,inha,0.7,200,weighted_bh,79.0,6.0,0.9240506329113924,75.0,0.0379746835443038,0.1038099384067285,200.0,16.0,0.92,165.0,0.065,0.1067964655313273,-121.0,-10.0,0.0040506329113924044,-90.0,-0.027025316455696204,-0.0029865271245987923,83.0,8.0,0.9036144578313252,72.0,0.036144578313253,0.1051723189337507,-4.0,-2.0,0.02043617508006723,3.0,0.001830105231050802,-0.0013623805270222,200.0,15.0,0.925,200.0,0.005,0.1068919499078823,-121.0,-9.0,-0.0009493670886076,-125.0,0.0329746835443038,-0.0030820115011537946
DUDE,full,inha,inha,0.7,500,bh,83.0,8.0,0.9036144578313252,72.0,0.036144578313253,0.1051723189337507,500.0,32.0,0.936,371.0,0.07,0.111128339246234,-417.0,-24.0,-0.03238554216867484,-299.0,-0.03385542168674701,-0.0059560203124832956,83.0,8.0,0.9036144578313252,72.0,0.036144578313253,0.1051723189337507,0.0,0.0,0.0,0.0,0.0,0.0,500.0,21.0,0.958,500.0,0.002,0.1084475841771905,-417.0,-13.0,-0.05438554216867475,-428.0,0.034144578313252995,-0.0032752652434397955
DUDE,full,inha,inha,0.7,500,chemdeprc_cap1,60.0,5.0,0.9166666666666666,60.0,0.0166666666666666,0.1053111284928909,500.0,32.0,0.936,371.0,0.07,0.111128339246234,-440.0,-27.0,-0.019333333333333425,-311.0,-0.053333333333333406,-0.0058172107533430994,83.0,8.0,0.9036144578313252,72.0,0.036144578313253,0.1051723189337507,-23.0,-3.0,0.013052208835341417,-12.0,-0.019477911646586396,0.0001388095591401961,500.0,21.0,0.958,500.0,0.002,0.1084475841771905,-440.0,-16.0,-0.04133333333333333,-440.0,0.0146666666666666,-0.0031364556842995994
DUDE,full,inha,inha,0.7,500,chemdeprc_soft75,86.0,9.0,0.8953488372093024,60.0,0.0581395348837209,0.1066836956113207,500.0,32.0,0.936,371.0,0.07,0.111128339246234,-414.0,-23.0,-0.04065116279069769,-311.0,-0.011860465116279105,-0.004444643634913301,83.0,8.0,0.9036144578313252,72.0,0.036144578313253,0.1051723189337507,3.0,1.0,-0.008265620622022851,-12.0,0.021994956570467905,0.001511376677569995,500.0,21.0,0.958,500.0,0.002,0.1084475841771905,-414.0,-12.0,-0.0626511627906976,-440.0,0.0561395348837209,-0.0017638885658698006
DUDE,full,inha,inha,0.7,500,score_cap1,500.0,21.0,0.958,500.0,0.002,0.1084475841771905,500.0,32.0,0.936,371.0,0.07,0.111128339246234,0.0,-11.0,0.02199999999999991,129.0,-0.068,-0.0026807550690435,83.0,8.0,0.9036144578313252,72.0,0.036144578313253,0.1051723189337507,417.0,13.0,0.05438554216867475,428.0,-0.034144578313252995,0.0032752652434397955,500.0,21.0,0.958,500.0,0.002,0.1084475841771905,0.0,0.0,0.0,0.0,0.0,0.0
DUDE,full,inha,inha,0.7,500,weighted_bh,79.0,6.0,0.9240506329113924,75.0,0.0379746835443038,0.1038099384067285,500.0,32.0,0.936,371.0,0.07,0.111128339246234,-421.0,-26.0,-0.01194936708860761,-296.0,-0.03202531645569621,-0.007318400839505496,83.0,8.0,0.9036144578313252,72.0,0.036144578313253,0.1051723189337507,-4.0,-2.0,0.02043617508006723,3.0,0.001830105231050802,-0.0013623805270222,500.0,21.0,0.958,500.0,0.002,0.1084475841771905,-421.0,-15.0,-0.03394936708860752,-425.0,0.0359746835443038,-0.0046376457704619956
DUDE,full,kith,kith,0.7,10,bh,0.0,0.0,0.0,0.0,0.0,0.0,10.0,8.0,0.2,7.0,0.4,0.4152343689189345,-10.0,-8.0,-0.2,-7.0,-0.4,-0.4152343689189345,0.0,0.0,0.0,0.0,0.0,0.0,0.0,0.0,0.0,0.0,0.0,0.0,10.0,6.0,0.4,10.0,0.1,0.2302282070295028,-10.0,-6.0,-0.4,-10.0,-0.1,-0.2302282070295028
DUDE,full,kith,kith,0.7,10,chemdeprc_cap1,0.0,0.0,0.0,0.0,0.0,0.0,10.0,8.0,0.2,7.0,0.4,0.4152343689189345,-10.0,-8.0,-0.2,-7.0,-0.4,-0.4152343689189345,0.0,0.0,0.0,0.0,0.0,0.0,0.0,0.0,0.0,0.0,0.0,0.0,10.0,6.0,0.4,10.0,0.1,0.2302282070295028,-10.0,-6.0,-0.4,-10.0,-0.1,-0.2302282070295028
DUDE,full,kith,kith,0.7,10,chemdeprc_soft75,0.0,0.0,0.0,0.0,0.0,0.0,10.0,8.0,0.2,7.0,0.4,0.4152343689189345,-10.0,-8.0,-0.2,-7.0,-0.4,-0.4152343689189345,0.0,0.0,0.0,0.0,0.0,0.0,0.0,0.0,0.0,0.0,0.0,0.0,10.0,6.0,0.4,10.0,0.1,0.2302282070295028,-10.0,-6.0,-0.4,-10.0,-0.1,-0.2302282070295028
DUDE,full,kith,kith,0.7,10,score_cap1,10.0,6.0,0.4,10.0,0.1,0.2302282070295028,10.0,8.0,0.2,7.0,0.4,0.4152343689189345,0.0,-2.0,0.2,3.0,-0.30000000000000004,-0.1850061618894317,0.0,0.0,0.0,0.0,0.0,0.0,10.0,6.0,0.4,10.0,0.1,0.2302282070295028,10.0,6.0,0.4,10.0,0.1,0.2302282070295028,0.0,0.0,0.0,0.0,0.0,0.0
DUDE,full,kith,kith,0.7,10,weighted_bh,0.0,0.0,0.0,0.0,0.0,0.0,10.0,8.0,0.2,7.0,0.4,0.4152343689189345,-10.0,-8.0,-0.2,-7.0,-0.4,-0.4152343689189345,0.0,0.0,0.0,0.0,0.0,0.0,0.0,0.0,0.0,0.0,0.0,0.0,10.0,6.0,0.4,10.0,0.1,0.2302282070295028,-10.0,-6.0,-0.4,-10.0,-0.1,-0.2302282070295028
DUDE,full,kith,kith,0.7,20,bh,0.0,0.0,0.0,0.0,0.0,0.0,20.0,12.0,0.4,16.0,0.2,0.2414633875649208,-20.0,-12.0,-0.4,-16.0,-0.2,-0.2414633875649208,0.0,0.0,0.0,0.0,0.0,0.0,0.0,0.0,0.0,0.0,0.0,0.0,20.0,9.0,0.55,20.0,0.05,0.1573493290838484,-20.0,-9.0,-0.55,-20.0,-0.05,-0.1573493290838484
DUDE,full,kith,kith,0.7,20,chemdeprc_cap1,0.0,0.0,0.0,0.0,0.0,0.0,20.0,12.0,0.4,16.0,0.2,0.2414633875649208,-20.0,-12.0,-0.4,-16.0,-0.2,-0.2414633875649208,0.0,0.0,0.0,0.0,0.0,0.0,0.0,0.0,0.0,0.0,0.0,0.0,20.0,9.0,0.55,20.0,0.05,0.1573493290838484,-20.0,-9.0,-0.55,-20.0,-0.05,-0.1573493290838484
DUDE,full,kith,kith,0.7,20,chemdeprc_soft75,0.0,0.0,0.0,0.0,0.0,0.0,20.0,12.0,0.4,16.0,0.2,0.2414633875649208,-20.0,-12.0,-0.4,-16.0,-0.2,-0.2414633875649208,0.0,0.0,0.0,0.0,0.0,0.0,0.0,0.0,0.0,0.0,0.0,0.0,20.0,9.0,0.55,20.0,0.05,0.1573493290838484,-20.0,-9.0,-0.55,-20.0,-0.05,-0.1573493290838484
DUDE,full,kith,kith,0.7,20,score_cap1,20.0,9.0,0.55,20.0,0.05,0.1573493290838484,20.0,12.0,0.4,16.0,0.2,0.2414633875649208,0.0,-3.0,0.15000000000000002,4.0,-0.15000000000000002,-0.0841140584810724,0.0,0.0,0.0,0.0,0.0,0.0,20.0,9.0,0.55,20.0,0.05,0.1573493290838484,20.0,9.0,0.55,20.0,0.05,0.1573493290838484,0.0,0.0,0.0,0.0,0.0,0.0
DUDE,full,kith,kith,0.7,20,weighted_bh,0.0,0.0,0.0,0.0,0.0,0.0,20.0,12.0,0.4,16.0,0.2,0.2414633875649208,-20.0,-12.0,-0.4,-16.0,-0.2,-0.2414633875649208,0.0,0.0,0.0,0.0,0.0,0.0,0.0,0.0,0.0,0.0,0.0,0.0,20.0,9.0,0.55,20.0,0.05,0.1573493290838484,-20.0,-9.0,-0.55,-20.0,-0.05,-0.1573493290838484
DUDE,full,kith,kith,0.7,50,bh,0.0,0.0,0.0,0.0,0.0,0.0,50.0,21.0,0.58,39.0,0.12,0.1723413211055756,-50.0,-21.0,-0.58,-39.0,-0.12,-0.1723413211055756,0.0,0.0,0.0,0.0,0.0,0.0,0.0,0.0,0.0,0.0,0.0,0.0,50.0,12.0,0.76,50.0,0.02,0.1330743701238754,-50.0,-12.0,-0.76,-50.0,-0.02,-0.1330743701238754
DUDE,full,kith,kith,0.7,50,chemdeprc_cap1,0.0,0.0,0.0,0.0,0.0,0.0,50.0,21.0,0.58,39.0,0.12,0.1723413211055756,-50.0,-21.0,-0.58,-39.0,-0.12,-0.1723413211055756,0.0,0.0,0.0,0.0,0.0,0.0,0.0,0.0,0.0,0.0,0.0,0.0,50.0,12.0,0.76,50.0,0.02,0.1330743701238754,-50.0,-12.0,-0.76,-50.0,-0.02,-0.1330743701238754
DUDE,full,kith,kith,0.7,50,chemdeprc_soft75,0.0,0.0,0.0,0.0,0.0,0.0,50.0,21.0,0.58,39.0,0.12,0.1723413211055756,-50.0,-21.0,-0.58,-39.0,-0.12,-0.1723413211055756,0.0,0.0,0.0,0.0,0.0,0.0,0.0,0.0,0.0,0.0,0.0,0.0,50.0,12.0,0.76,50.0,0.02,0.1330743701238754,-50.0,-12.0,-0.76,-50.0,-0.02,-0.1330743701238754
DUDE,full,kith,kith,0.7,50,score_cap1,50.0,12.0,0.76,50.0,0.02,0.1330743701238754,50.0,21.0,0.58,39.0,0.12,0.1723413211055756,0.0,-9.0,0.18000000000000005,11.0,-0.09999999999999999,-0.03926695098170019,0.0,0.0,0.0,0.0,0.0,0.0,50.0,12.0,0.76,50.0,0.02,0.1330743701238754,50.0,12.0,0.76,50.0,0.02,0.1330743701238754,0.0,0.0,0.0,0.0,0.0,0.0
DUDE,full,kith,kith,0.7,50,weighted_bh,0.0,0.0,0.0,0.0,0.0,0.0,50.0,21.0,0.58,39.0,0.12,0.1723413211055756,-50.0,-21.0,-0.58,-39.0,-0.12,-0.1723413211055756,0.0,0.0,0.0,0.0,0.0,0.0,0.0,0.0,0.0,0.0,0.0,0.0,50.0,12.0,0.76,50.0,0.02,0.1330743701238754,-50.0,-12.0,-0.76,-50.0,-0.02,-0.1330743701238754
DUDE,full,kith,kith,0.7,100,bh,0.0,0.0,0.0,0.0,0.0,0.0,100.0,30.0,0.7,83.0,0.08,0.1449211327644884,-100.0,-30.0,-0.7,-83.0,-0.08,-0.1449211327644884,0.0,0.0,0.0,0.0,0.0,0.0,0.0,0.0,0.0,0.0,0.0,0.0,100.0,16.0,0.84,100.0,0.01,0.1205727735774957,-100.0,-16.0,-0.84,-100.0,-0.01,-0.1205727735774957
DUDE,full,kith,kith,0.7,100,chemdeprc_cap1,0.0,0.0,0.0,0.0,0.0,0.0,100.0,30.0,0.7,83.0,0.08,0.1449211327644884,-100.0,-30.0,-0.7,-83.0,-0.08,-0.1449211327644884,0.0,0.0,0.0,0.0,0.0,0.0,0.0,0.0,0.0,0.0,0.0,0.0,100.0,16.0,0.84,100.0,0.01,0.1205727735774957,-100.0,-16.0,-0.84,-100.0,-0.01,-0.1205727735774957
DUDE,full,kith,kith,0.7,100,chemdeprc_soft75,0.0,0.0,0.0,0.0,0.0,0.0,100.0,30.0,0.7,83.0,0.08,0.1449211327644884,-100.0,-30.0,-0.7,-83.0,-0.08,-0.1449211327644884,0.0,0.0,0.0,0.0,0.0,0.0,0.0,0.0,0.0,0.0,0.0,0.0,100.0,16.0,0.84,100.0,0.01,0.1205727735774957,-100.0,-16.0,-0.84,-100.0,-0.01,-0.1205727735774957
DUDE,full,kith,kith,0.7,100,score_cap1,100.0,16.0,0.84,100.0,0.01,0.1205727735774957,100.0,30.0,0.7,83.0,0.08,0.1449211327644884,0.0,-14.0,0.14,17.0,-0.07,-0.0243483591869927,0.0,0.0,0.0,0.0,0.0,0.0,100.0,16.0,0.84,100.0,0.01,0.1205727735774957,100.0,16.0,0.84,100.0,0.01,0.1205727735774957,0.0,0.0,0.0,0.0,0.0,0.0
DUDE,full,kith,kith,0.7,100,weighted_bh,0.0,0.0,0.0,0.0,0.0,0.0,100.0,30.0,0.7,83.0,0.08,0.1449211327644884,-100.0,-30.0,-0.7,-83.0,-0.08,-0.1449211327644884,0.0,0.0,0.0,0.0,0.0,0.0,0.0,0.0,0.0,0.0,0.0,0.0,100.0,16.0,0.84,100.0,0.01,0.1205727735774957,-100.0,-16.0,-0.84,-100.0,-0.01,-0.1205727735774957
DUDE,full,kith,kith,0.7,200,bh,0.0,0.0,0.0,0.0,0.0,0.0,200.0,38.0,0.81,177.0,0.04,0.1259813566260733,-200.0,-38.0,-0.81,-177.0,-0.04,-0.1259813566260733,0.0,0.0,0.0,0.0,0.0,0.0,0.0,0.0,0.0,0.0,0.0,0.0,200.0,19.0,0.905,200.0,0.005,0.1218140791280819,-200.0,-19.0,-0.905,-200.0,-0.005,-0.1218140791280819
DUDE,full,kith,kith,0.7,200,chemdeprc_cap1,0.0,0.0,0.0,0.0,0.0,0.0,200.0,38.0,0.81,177.0,0.04,0.1259813566260733,-200.0,-38.0,-0.81,-177.0,-0.04,-0.1259813566260733,0.0,0.0,0.0,0.0,0.0,0.0,0.0,0.0,0.0,0.0,0.0,0.0,200.0,19.0,0.905,200.0,0.005,0.1218140791280819,-200.0,-19.0,-0.905,-200.0,-0.005,-0.1218140791280819
DUDE,full,kith,kith,0.7,200,chemdeprc_soft75,0.0,0.0,0.0,0.0,0.0,0.0,200.0,38.0,0.81,177.0,0.04,0.1259813566260733,-200.0,-38.0,-0.81,-177.0,-0.04,-0.1259813566260733,0.0,0.0,0.0,0.0,0.0,0.0,0.0,0.0,0.0,0.0,0.0,0.0,200.0,19.0,0.905,200.0,0.005,0.1218140791280819,-200.0,-19.0,-0.905,-200.0,-0.005,-0.1218140791280819
DUDE,full,kith,kith,0.7,200,score_cap1,200.0,19.0,0.905,200.0,0.005,0.1218140791280819,200.0,38.0,0.81,177.0,0.04,0.1259813566260733,0.0,-19.0,0.09499999999999997,23.0,-0.035,-0.004167277497991395,0.0,0.0,0.0,0.0,0.0,0.0,200.0,19.0,0.905,200.0,0.005,0.1218140791280819,200.0,19.0,0.905,200.0,0.005,0.1218140791280819,0.0,0.0,0.0,0.0,0.0,0.0
DUDE,full,kith,kith,0.7,200,weighted_bh,0.0,0.0,0.0,0.0,0.0,0.0,200.0,38.0,0.81,177.0,0.04,0.1259813566260733,-200.0,-38.0,-0.81,-177.0,-0.04,-0.1259813566260733,0.0,0.0,0.0,0.0,0.0,0.0,0.0,0.0,0.0,0.0,0.0,0.0,200.0,19.0,0.905,200.0,0.005,0.1218140791280819,-200.0,-19.0,-0.905,-200.0,-0.005,-0.1218140791280819
DUDE,full,kith,kith,0.7,500,bh,0.0,0.0,0.0,0.0,0.0,0.0,500.0,43.0,0.914,455.0,0.016,0.1237792198588302,-500.0,-43.0,-0.914,-455.0,-0.016,-0.1237792198588302,0.0,0.0,0.0,0.0,0.0,0.0,0.0,0.0,0.0,0.0,0.0,0.0,500.0,20.0,0.96,500.0,0.002,0.1231544743180344,-500.0,-20.0,-0.96,-500.0,-0.002,-0.1231544743180344
DUDE,full,kith,kith,0.7,500,chemdeprc_cap1,0.0,0.0,0.0,0.0,0.0,0.0,500.0,43.0,0.914,455.0,0.016,0.1237792198588302,-500.0,-43.0,-0.914,-455.0,-0.016,-0.1237792198588302,0.0,0.0,0.0,0.0,0.0,0.0,0.0,0.0,0.0,0.0,0.0,0.0,500.0,20.0,0.96,500.0,0.002,0.1231544743180344,-500.0,-20.0,-0.96,-500.0,-0.002,-0.1231544743180344
DUDE,full,kith,kith,0.7,500,chemdeprc_soft75,0.0,0.0,0.0,0.0,0.0,0.0,500.0,43.0,0.914,455.0,0.016,0.1237792198588302,-500.0,-43.0,-0.914,-455.0,-0.016,-0.1237792198588302,0.0,0.0,0.0,0.0,0.0,0.0,0.0,0.0,0.0,0.0,0.0,0.0,500.0,20.0,0.96,500.0,0.002,0.1231544743180344,-500.0,-20.0,-0.96,-500.0,-0.002,-0.1231544743180344
DUDE,full,kith,kith,0.7,500,score_cap1,500.0,20.0,0.96,500.0,0.002,0.1231544743180344,500.0,43.0,0.914,455.0,0.016,0.1237792198588302,0.0,-23.0,0.04599999999999993,45.0,-0.014,-0.000624745540795793,0.0,0.0,0.0,0.0,0.0,0.0,500.0,20.0,0.96,500.0,0.002,0.1231544743180344,500.0,20.0,0.96,500.0,0.002,0.1231544743180344,0.0,0.0,0.0,0.0,0.0,0.0
DUDE,full,kith,kith,0.7,500,weighted_bh,0.0,0.0,0.0,0.0,0.0,0.0,500.0,43.0,0.914,455.0,0.016,0.1237792198588302,-500.0,-43.0,-0.914,-455.0,-0.016,-0.1237792198588302,0.0,0.0,0.0,0.0,0.0,0.0,0.0,0.0,0.0,0.0,0.0,0.0,500.0,20.0,0.96,500.0,0.002,0.1231544743180344,-500.0,-20.0,-0.96,-500.0,-0.002,-0.1231544743180344
DUDE,full,pur2,pur2,0.7,10,bh,10.0,0.0,1.0,10.0,0.1,0.115353072582545,10.0,0.0,1.0,10.0,0.1,0.1153530725825451,0.0,0.0,0.0,0.0,0.0,-9.71445146547012e-17,10.0,0.0,1.0,10.0,0.1,0.115353072582545,0.0,0.0,0.0,0.0,0.0,0.0,10.0,0.0,1.0,10.0,0.1,0.1174127922315282,0.0,0.0,0.0,0.0,0.0,-0.002059719648983202
DUDE,full,pur2,pur2,0.7,10,chemdeprc_cap1,0.0,0.0,0.0,0.0,0.0,0.0,10.0,0.0,1.0,10.0,0.1,0.1153530725825451,-10.0,0.0,-1.0,-10.0,-0.1,-0.1153530725825451,10.0,0.0,1.0,10.0,0.1,0.115353072582545,-10.0,0.0,-1.0,-10.0,-0.1,-0.115353072582545,10.0,0.0,1.0,10.0,0.1,0.1174127922315282,-10.0,0.0,-1.0,-10.0,-0.1,-0.1174127922315282
DUDE,full,pur2,pur2,0.7,10,chemdeprc_soft75,0.0,0.0,0.0,0.0,0.0,0.0,10.0,0.0,1.0,10.0,0.1,0.1153530725825451,-10.0,0.0,-1.0,-10.0,-0.1,-0.1153530725825451,10.0,0.0,1.0,10.0,0.1,0.115353072582545,-10.0,0.0,-1.0,-10.0,-0.1,-0.115353072582545,10.0,0.0,1.0,10.0,0.1,0.1174127922315282,-10.0,0.0,-1.0,-10.0,-0.1,-0.1174127922315282
DUDE,full,pur2,pur2,0.7,10,score_cap1,10.0,0.0,1.0,10.0,0.1,0.1174127922315282,10.0,0.0,1.0,10.0,0.1,0.1153530725825451,0.0,0.0,0.0,0.0,0.0,0.002059719648983105,10.0,0.0,1.0,10.0,0.1,0.115353072582545,0.0,0.0,0.0,0.0,0.0,0.002059719648983202,10.0,0.0,1.0,10.0,0.1,0.1174127922315282,0.0,0.0,0.0,0.0,0.0,0.0
DUDE,full,pur2,pur2,0.7,10,weighted_bh,0.0,0.0,0.0,0.0,0.0,0.0,10.0,0.0,1.0,10.0,0.1,0.1153530725825451,-10.0,0.0,-1.0,-10.0,-0.1,-0.1153530725825451,10.0,0.0,1.0,10.0,0.1,0.115353072582545,-10.0,0.0,-1.0,-10.0,-0.1,-0.115353072582545,10.0,0.0,1.0,10.0,0.1,0.1174127922315282,-10.0,0.0,-1.0,-10.0,-0.1,-0.1174127922315282
DUDE,full,pur2,pur2,0.7,20,bh,15.0,1.0,0.9333333333333332,15.0,0.0666666666666666,0.117539181622775,20.0,2.0,0.9,20.0,0.05,0.1212310174009519,-5.0,-1.0,0.033333333333333215,-5.0,0.016666666666666594,-0.0036918357781768885,15.0,1.0,0.9333333333333332,15.0,0.0666666666666666,0.117539181622775,0.0,0.0,0.0,0.0,0.0,0.0,20.0,2.0,0.9,20.0,0.05,0.1212310174009519,-5.0,-1.0,0.033333333333333215,-5.0,0.016666666666666594,-0.0036918357781768885
DUDE,full,pur2,pur2,0.7,20,chemdeprc_cap1,0.0,0.0,0.0,0.0,0.0,0.0,20.0,2.0,0.9,20.0,0.05,0.1212310174009519,-20.0,-2.0,-0.9,-20.0,-0.05,-0.1212310174009519,15.0,1.0,0.9333333333333332,15.0,0.0666666666666666,0.117539181622775,-15.0,-1.0,-0.9333333333333332,-15.0,-0.0666666666666666,-0.117539181622775,20.0,2.0,0.9,20.0,0.05,0.1212310174009519,-20.0,-2.0,-0.9,-20.0,-0.05,-0.1212310174009519
DUDE,full,pur2,pur2,0.7,20,chemdeprc_soft75,0.0,0.0,0.0,0.0,0.0,0.0,20.0,2.0,0.9,20.0,0.05,0.1212310174009519,-20.0,-2.0,-0.9,-20.0,-0.05,-0.1212310174009519,15.0,1.0,0.9333333333333332,15.0,0.0666666666666666,0.117539181622775,-15.0,-1.0,-0.9333333333333332,-15.0,-0.0666666666666666,-0.117539181622775,20.0,2.0,0.9,20.0,0.05,0.1212310174009519,-20.0,-2.0,-0.9,-20.0,-0.05,-0.1212310174009519
DUDE,full,pur2,pur2,0.7,20,score_cap1,20.0,2.0,0.9,20.0,0.05,0.1212310174009519,20.0,2.0,0.9,20.0,0.05,0.1212310174009519,0.0,0.0,0.0,0.0,0.0,0.0,15.0,1.0,0.9333333333333332,15.0,0.0666666666666666,0.117539181622775,5.0,1.0,-0.033333333333333215,5.0,-0.016666666666666594,0.0036918357781768885,20.0,2.0,0.9,20.0,0.05,0.1212310174009519,0.0,0.0,0.0,0.0,0.0,0.0
DUDE,full,pur2,pur2,0.7,20,weighted_bh,0.0,0.0,0.0,0.0,0.0,0.0,20.0,2.0,0.9,20.0,0.05,0.1212310174009519,-20.0,-2.0,-0.9,-20.0,-0.05,-0.1212310174009519,15.0,1.0,0.9333333333333332,15.0,0.0666666666666666,0.117539181622775,-15.0,-1.0,-0.9333333333333332,-15.0,-0.0666666666666666,-0.117539181622775,20.0,2.0,0.9,20.0,0.05,0.1212310174009519,-20.0,-2.0,-0.9,-20.0,-0.05,-0.1212310174009519
DUDE,full,pur2,pur2,0.7,50,bh,15.0,1.0,0.9333333333333332,15.0,0.0666666666666666,0.117539181622775,50.0,6.0,0.88,43.0,0.1,0.122253274945629,-35.0,-5.0,0.05333333333333323,-28.0,-0.03333333333333341,-0.004714093322853996,15.0,1.0,0.9333333333333332,15.0,0.0666666666666666,0.117539181622775,0.0,0.0,0.0,0.0,0.0,0.0,50.0,8.0,0.84,50.0,0.02,0.1254233879077591,-35.0,-7.0,0.09333333333333327,-35.0,0.04666666666666659,-0.007884206284984083
DUDE,full,pur2,pur2,0.7,50,chemdeprc_cap1,0.0,0.0,0.0,0.0,0.0,0.0,50.0,6.0,0.88,43.0,0.1,0.122253274945629,-50.0,-6.0,-0.88,-43.0,-0.1,-0.122253274945629,15.0,1.0,0.9333333333333332,15.0,0.0666666666666666,0.117539181622775,-15.0,-1.0,-0.9333333333333332,-15.0,-0.0666666666666666,-0.117539181622775,50.0,8.0,0.84,50.0,0.02,0.1254233879077591,-50.0,-8.0,-0.84,-50.0,-0.02,-0.1254233879077591
DUDE,full,pur2,pur2,0.7,50,chemdeprc_soft75,0.0,0.0,0.0,0.0,0.0,0.0,50.0,6.0,0.88,43.0,0.1,0.122253274945629,-50.0,-6.0,-0.88,-43.0,-0.1,-0.122253274945629,15.0,1.0,0.9333333333333332,15.0,0.0666666666666666,0.117539181622775,-15.0,-1.0,-0.9333333333333332,-15.0,-0.0666666666666666,-0.117539181622775,50.0,8.0,0.84,50.0,0.02,0.1254233879077591,-50.0,-8.0,-0.84,-50.0,-0.02,-0.1254233879077591
DUDE,full,pur2,pur2,0.7,50,score_cap1,50.0,8.0,0.84,50.0,0.02,0.1254233879077591,50.0,6.0,0.88,43.0,0.1,0.122253274945629,0.0,2.0,-0.040000000000000036,7.0,-0.08,0.0031701129621300866,15.0,1.0,0.9333333333333332,15.0,0.0666666666666666,0.117539181622775,35.0,7.0,-0.09333333333333327,35.0,-0.04666666666666659,0.007884206284984083,50.0,8.0,0.84,50.0,0.02,0.1254233879077591,0.0,0.0,0.0,0.0,0.0,0.0
DUDE,full,pur2,pur2,0.7,50,weighted_bh,0.0,0.0,0.0,0.0,0.0,0.0,50.0,6.0,0.88,43.0,0.1,0.122253274945629,-50.0,-6.0,-0.88,-43.0,-0.1,-0.122253274945629,15.0,1.0,0.9333333333333332,15.0,0.0666666666666666,0.117539181622775,-15.0,-1.0,-0.9333333333333332,-15.0,-0.0666666666666666,-0.117539181622775,50.0,8.0,0.84,50.0,0.02,0.1254233879077591,-50.0,-8.0,-0.84,-50.0,-0.02,-0.1254233879077591
DUDE,full,pur2,pur2,0.7,100,bh,15.0,1.0,0.9333333333333332,15.0,0.0666666666666666,0.117539181622775,100.0,14.0,0.86,85.0,0.08,0.1257960316725278,-85.0,-13.0,0.07333333333333325,-70.0,-0.013333333333333405,-0.008256850049752809,15.0,1.0,0.9333333333333332,15.0,0.0666666666666666,0.117539181622775,0.0,0.0,0.0,0.0,0.0,0.0,100.0,13.0,0.87,100.0,0.01,0.1231602151124719,-85.0,-12.0,0.06333333333333324,-85.0,0.056666666666666594,-0.005621033489696892
DUDE,full,pur2,pur2,0.7,100,chemdeprc_cap1,0.0,0.0,0.0,0.0,0.0,0.0,100.0,14.0,0.86,85.0,0.08,0.1257960316725278,-100.0,-14.0,-0.86,-85.0,-0.08,-0.1257960316725278,15.0,1.0,0.9333333333333332,15.0,0.0666666666666666,0.117539181622775,-15.0,-1.0,-0.9333333333333332,-15.0,-0.0666666666666666,-0.117539181622775,100.0,13.0,0.87,100.0,0.01,0.1231602151124719,-100.0,-13.0,-0.87,-100.0,-0.01,-0.1231602151124719
DUDE,full,pur2,pur2,0.7,100,chemdeprc_soft75,0.0,0.0,0.0,0.0,0.0,0.0,100.0,14.0,0.86,85.0,0.08,0.1257960316725278,-100.0,-14.0,-0.86,-85.0,-0.08,-0.1257960316725278,15.0,1.0,0.9333333333333332,15.0,0.0666666666666666,0.117539181622775,-15.0,-1.0,-0.9333333333333332,-15.0,-0.0666666666666666,-0.117539181622775,100.0,13.0,0.87,100.0,0.01,0.1231602151124719,-100.0,-13.0,-0.87,-100.0,-0.01,-0.1231602151124719
DUDE,full,pur2,pur2,0.7,100,score_cap1,100.0,13.0,0.87,100.0,0.01,0.1231602151124719,100.0,14.0,0.86,85.0,0.08,0.1257960316725278,0.0,-1.0,0.010000000000000009,15.0,-0.07,-0.0026358165600559175,15.0,1.0,0.9333333333333332,15.0,0.0666666666666666,0.117539181622775,85.0,12.0,-0.06333333333333324,85.0,-0.056666666666666594,0.005621033489696892,100.0,13.0,0.87,100.0,0.01,0.1231602151124719,0.0,0.0,0.0,0.0,0.0,0.0
DUDE,full,pur2,pur2,0.7,100,weighted_bh,0.0,0.0,0.0,0.0,0.0,0.0,100.0,14.0,0.86,85.0,0.08,0.1257960316725278,-100.0,-14.0,-0.86,-85.0,-0.08,-0.1257960316725278,15.0,1.0,0.9333333333333332,15.0,0.0666666666666666,0.117539181622775,-15.0,-1.0,-0.9333333333333332,-15.0,-0.0666666666666666,-0.117539181622775,100.0,13.0,0.87,100.0,0.01,0.1231602151124719,-100.0,-13.0,-0.87,-100.0,-0.01,-0.1231602151124719
DUDE,full,pur2,pur2,0.7,200,bh,15.0,1.0,0.9333333333333332,15.0,0.0666666666666666,0.117539181622775,200.0,25.0,0.875,155.0,0.07,0.1281009118750769,-185.0,-24.0,0.05833333333333324,-140.0,-0.0033333333333334103,-0.010561730252301907,15.0,1.0,0.9333333333333332,15.0,0.0666666666666666,0.117539181622775,0.0,0.0,0.0,0.0,0.0,0.0,200.0,23.0,0.885,200.0,0.005,0.1245041800827957,-185.0,-22.0,0.04833333333333323,-185.0,0.0616666666666666,-0.006964998460020702
DUDE,full,pur2,pur2,0.7,200,chemdeprc_cap1,0.0,0.0,0.0,0.0,0.0,0.0,200.0,25.0,0.875,155.0,0.07,0.1281009118750769,-200.0,-25.0,-0.875,-155.0,-0.07,-0.1281009118750769,15.0,1.0,0.9333333333333332,15.0,0.0666666666666666,0.117539181622775,-15.0,-1.0,-0.9333333333333332,-15.0,-0.0666666666666666,-0.117539181622775,200.0,23.0,0.885,200.0,0.005,0.1245041800827957,-200.0,-23.0,-0.885,-200.0,-0.005,-0.1245041800827957
DUDE,full,pur2,pur2,0.7,200,chemdeprc_soft75,0.0,0.0,0.0,0.0,0.0,0.0,200.0,25.0,0.875,155.0,0.07,0.1281009118750769,-200.0,-25.0,-0.875,-155.0,-0.07,-0.1281009118750769,15.0,1.0,0.9333333333333332,15.0,0.0666666666666666,0.117539181622775,-15.0,-1.0,-0.9333333333333332,-15.0,-0.0666666666666666,-0.117539181622775,200.0,23.0,0.885,200.0,0.005,0.1245041800827957,-200.0,-23.0,-0.885,-200.0,-0.005,-0.1245041800827957
DUDE,full,pur2,pur2,0.7,200,score_cap1,200.0,23.0,0.885,200.0,0.005,0.1245041800827957,200.0,25.0,0.875,155.0,0.07,0.1281009118750769,0.0,-2.0,0.010000000000000009,45.0,-0.065,-0.0035967317922812048,15.0,1.0,0.9333333333333332,15.0,0.0666666666666666,0.117539181622775,185.0,22.0,-0.04833333333333323,185.0,-0.0616666666666666,0.006964998460020702,200.0,23.0,0.885,200.0,0.005,0.1245041800827957,0.0,0.0,0.0,0.0,0.0,0.0
DUDE,full,pur2,pur2,0.7,200,weighted_bh,0.0,0.0,0.0,0.0,0.0,0.0,200.0,25.0,0.875,155.0,0.07,0.1281009118750769,-200.0,-25.0,-0.875,-155.0,-0.07,-0.1281009118750769,15.0,1.0,0.9333333333333332,15.0,0.0666666666666666,0.117539181622775,-15.0,-1.0,-0.9333333333333332,-15.0,-0.0666666666666666,-0.117539181622775,200.0,23.0,0.885,200.0,0.005,0.1245041800827957,-200.0,-23.0,-0.885,-200.0,-0.005,-0.1245041800827957
DUDE,full,pur2,pur2,0.7,500,bh,15.0,1.0,0.9333333333333332,15.0,0.0666666666666666,0.117539181622775,500.0,32.0,0.936,349.0,0.05,0.1256346451332229,-485.0,-31.0,-0.002666666666666817,-334.0,0.016666666666666594,-0.00809546351044789,15.0,1.0,0.9333333333333332,15.0,0.0666666666666666,0.117539181622775,0.0,0.0,0.0,0.0,0.0,0.0,500.0,29.0,0.942,500.0,0.002,0.1231455017791151,-485.0,-28.0,-0.008666666666666711,-485.0,0.0646666666666666,-0.005606320156340092
DUDE,full,pur2,pur2,0.7,500,chemdeprc_cap1,0.0,0.0,0.0,0.0,0.0,0.0,500.0,32.0,0.936,349.0,0.05,0.1256346451332229,-500.0,-32.0,-0.936,-349.0,-0.05,-0.1256346451332229,15.0,1.0,0.9333333333333332,15.0,0.0666666666666666,0.117539181622775,-15.0,-1.0,-0.9333333333333332,-15.0,-0.0666666666666666,-0.117539181622775,500.0,29.0,0.942,500.0,0.002,0.1231455017791151,-500.0,-29.0,-0.942,-500.0,-0.002,-0.1231455017791151
DUDE,full,pur2,pur2,0.7,500,chemdeprc_soft75,0.0,0.0,0.0,0.0,0.0,0.0,500.0,32.0,0.936,349.0,0.05,0.1256346451332229,-500.0,-32.0,-0.936,-349.0,-0.05,-0.1256346451332229,15.0,1.0,0.9333333333333332,15.0,0.0666666666666666,0.117539181622775,-15.0,-1.0,-0.9333333333333332,-15.0,-0.0666666666666666,-0.117539181622775,500.0,29.0,0.942,500.0,0.002,0.1231455017791151,-500.0,-29.0,-0.942,-500.0,-0.002,-0.1231455017791151
DUDE,full,pur2,pur2,0.7,500,score_cap1,500.0,29.0,0.942,500.0,0.002,0.1231455017791151,500.0,32.0,0.936,349.0,0.05,0.1256346451332229,0.0,-3.0,0.005999999999999894,151.0,-0.048,-0.002489143354107798,15.0,1.0,0.9333333333333332,15.0,0.0666666666666666,0.117539181622775,485.0,28.0,0.008666666666666711,485.0,-0.0646666666666666,0.005606320156340092,500.0,29.0,0.942,500.0,0.002,0.1231455017791151,0.0,0.0,0.0,0.0,0.0,0.0
DUDE,full,pur2,pur2,0.7,500,weighted_bh,0.0,0.0,0.0,0.0,0.0,0.0,500.0,32.0,0.936,349.0,0.05,0.1256346451332229,-500.0,-32.0,-0.936,-349.0,-0.05,-0.1256346451332229,15.0,1.0,0.9333333333333332,15.0,0.0666666666666666,0.117539181622775,-15.0,-1.0,-0.9333333333333332,-15.0,-0.0666666666666666,-0.117539181622775,500.0,29.0,0.942,500.0,0.002,0.1231455017791151,-500.0,-29.0,-0.942,-500.0,-0.002,-0.1231455017791151
DUDE,full,sahh,sahh,0.7,10,bh,10.0,6.0,0.4,9.0,0.2,0.1864885606037717,10.0,6.0,0.4,9.0,0.2,0.1864885606037717,0.0,0.0,0.0,0.0,0.0,0.0,10.0,6.0,0.4,9.0,0.2,0.1864885606037717,0.0,0.0,0.0,0.0,0.0,0.0,10.0,5.0,0.5,10.0,0.1,0.1566623349794727,0.0,1.0,-0.09999999999999998,-1.0,0.1,0.029826225624298985
DUDE,full,sahh,sahh,0.7,10,chemdeprc_cap1,0.0,0.0,0.0,0.0,0.0,0.0,10.0,6.0,0.4,9.0,0.2,0.1864885606037717,-10.0,-6.0,-0.4,-9.0,-0.2,-0.1864885606037717,10.0,6.0,0.4,9.0,0.2,0.1864885606037717,-10.0,-6.0,-0.4,-9.0,-0.2,-0.1864885606037717,10.0,5.0,0.5,10.0,0.1,0.1566623349794727,-10.0,-5.0,-0.5,-10.0,-0.1,-0.1566623349794727
DUDE,full,sahh,sahh,0.7,10,chemdeprc_soft75,0.0,0.0,0.0,0.0,0.0,0.0,10.0,6.0,0.4,9.0,0.2,0.1864885606037717,-10.0,-6.0,-0.4,-9.0,-0.2,-0.1864885606037717,10.0,6.0,0.4,9.0,0.2,0.1864885606037717,-10.0,-6.0,-0.4,-9.0,-0.2,-0.1864885606037717,10.0,5.0,0.5,10.0,0.1,0.1566623349794727,-10.0,-5.0,-0.5,-10.0,-0.1,-0.1566623349794727
DUDE,full,sahh,sahh,0.7,10,score_cap1,10.0,5.0,0.5,10.0,0.1,0.1566623349794727,10.0,6.0,0.4,9.0,0.2,0.1864885606037717,0.0,-1.0,0.09999999999999998,1.0,-0.1,-0.029826225624298985,10.0,6.0,0.4,9.0,0.2,0.1864885606037717,0.0,-1.0,0.09999999999999998,1.0,-0.1,-0.029826225624298985,10.0,5.0,0.5,10.0,0.1,0.1566623349794727,0.0,0.0,0.0,0.0,0.0,0.0
DUDE,full,sahh,sahh,0.7,10,weighted_bh,0.0,0.0,0.0,0.0,0.0,0.0,10.0,6.0,0.4,9.0,0.2,0.1864885606037717,-10.0,-6.0,-0.4,-9.0,-0.2,-0.1864885606037717,10.0,6.0,0.4,9.0,0.2,0.1864885606037717,-10.0,-6.0,-0.4,-9.0,-0.2,-0.1864885606037717,10.0,5.0,0.5,10.0,0.1,0.1566623349794727,-10.0,-5.0,-0.5,-10.0,-0.1,-0.1566623349794727
DUDE,full,sahh,sahh,0.7,20,bh,20.0,9.0,0.55,15.0,0.15,0.1592367049176803,20.0,9.0,0.55,15.0,0.15,0.1592367049176803,0.0,0.0,0.0,0.0,0.0,0.0,20.0,9.0,0.55,15.0,0.15,0.1592367049176803,0.0,0.0,0.0,0.0,0.0,0.0,20.0,7.0,0.65,20.0,0.05,0.1304778015752885,0.0,2.0,-0.09999999999999998,-5.0,0.09999999999999999,0.02875890334239181
DUDE,full,sahh,sahh,0.7,20,chemdeprc_cap1,0.0,0.0,0.0,0.0,0.0,0.0,20.0,9.0,0.55,15.0,0.15,0.1592367049176803,-20.0,-9.0,-0.55,-15.0,-0.15,-0.1592367049176803,20.0,9.0,0.55,15.0,0.15,0.1592367049176803,-20.0,-9.0,-0.55,-15.0,-0.15,-0.1592367049176803,20.0,7.0,0.65,20.0,0.05,0.1304778015752885,-20.0,-7.0,-0.65,-20.0,-0.05,-0.1304778015752885
DUDE,full,sahh,sahh,0.7,20,chemdeprc_soft75,0.0,0.0,0.0,0.0,0.0,0.0,20.0,9.0,0.55,15.0,0.15,0.1592367049176803,-20.0,-9.0,-0.55,-15.0,-0.15,-0.1592367049176803,20.0,9.0,0.55,15.0,0.15,0.1592367049176803,-20.0,-9.0,-0.55,-15.0,-0.15,-0.1592367049176803,20.0,7.0,0.65,20.0,0.05,0.1304778015752885,-20.0,-7.0,-0.65,-20.0,-0.05,-0.1304778015752885
DUDE,full,sahh,sahh,0.7,20,score_cap1,20.0,7.0,0.65,20.0,0.05,0.1304778015752885,20.0,9.0,0.55,15.0,0.15,0.1592367049176803,0.0,-2.0,0.09999999999999998,5.0,-0.09999999999999999,-0.02875890334239181,20.0,9.0,0.55,15.0,0.15,0.1592367049176803,0.0,-2.0,0.09999999999999998,5.0,-0.09999999999999999,-0.02875890334239181,20.0,7.0,0.65,20.0,0.05,0.1304778015752885,0.0,0.0,0.0,0.0,0.0,0.0
DUDE,full,sahh,sahh,0.7,20,weighted_bh,0.0,0.0,0.0,0.0,0.0,0.0,20.0,9.0,0.55,15.0,0.15,0.1592367049176803,-20.0,-9.0,-0.55,-15.0,-0.15,-0.1592367049176803,20.0,9.0,0.55,15.0,0.15,0.1592367049176803,-20.0,-9.0,-0.55,-15.0,-0.15,-0.1592367049176803,20.0,7.0,0.65,20.0,0.05,0.1304778015752885,-20.0,-7.0,-0.65,-20.0,-0.05,-0.1304778015752885
DUDE,full,sahh,sahh,0.7,50,bh,24.0,11.0,0.5416666666666666,18.0,0.1666666666666666,0.1643493940548315,50.0,19.0,0.62,35.0,0.12,0.146252100821372,-26.0,-8.0,-0.07833333333333337,-17.0,0.046666666666666606,0.018097293233459516,24.0,11.0,0.5416666666666666,18.0,0.1666666666666666,0.1643493940548315,0.0,0.0,0.0,0.0,0.0,0.0,50.0,8.0,0.84,50.0,0.02,0.1181252636570599,-26.0,3.0,-0.29833333333333334,-32.0,0.1466666666666666,0.04622413039777161
DUDE,full,sahh,sahh,0.7,50,chemdeprc_cap1,0.0,0.0,0.0,0.0,0.0,0.0,50.0,19.0,0.62,35.0,0.12,0.146252100821372,-50.0,-19.0,-0.62,-35.0,-0.12,-0.146252100821372,24.0,11.0,0.5416666666666666,18.0,0.1666666666666666,0.1643493940548315,-24.0,-11.0,-0.5416666666666666,-18.0,-0.1666666666666666,-0.1643493940548315,50.0,8.0,0.84,50.0,0.02,0.1181252636570599,-50.0,-8.0,-0.84,-50.0,-0.02,-0.1181252636570599
DUDE,full,sahh,sahh,0.7,50,chemdeprc_soft75,0.0,0.0,0.0,0.0,0.0,0.0,50.0,19.0,0.62,35.0,0.12,0.146252100821372,-50.0,-19.0,-0.62,-35.0,-0.12,-0.146252100821372,24.0,11.0,0.5416666666666666,18.0,0.1666666666666666,0.1643493940548315,-24.0,-11.0,-0.5416666666666666,-18.0,-0.1666666666666666,-0.1643493940548315,50.0,8.0,0.84,50.0,0.02,0.1181252636570599,-50.0,-8.0,-0.84,-50.0,-0.02,-0.1181252636570599
DUDE,full,sahh,sahh,0.7,50,score_cap1,50.0,8.0,0.84,50.0,0.02,0.1181252636570599,50.0,19.0,0.62,35.0,0.12,0.146252100821372,0.0,-11.0,0.21999999999999997,15.0,-0.09999999999999999,-0.028126837164312093,24.0,11.0,0.5416666666666666,18.0,0.1666666666666666,0.1643493940548315,26.0,-3.0,0.29833333333333334,32.0,-0.1466666666666666,-0.04622413039777161,50.0,8.0,0.84,50.0,0.02,0.1181252636570599,0.0,0.0,0.0,0.0,0.0,0.0
DUDE,full,sahh,sahh,0.7,50,weighted_bh,0.0,0.0,0.0,0.0,0.0,0.0,50.0,19.0,0.62,35.0,0.12,0.146252100821372,-50.0,-19.0,-0.62,-35.0,-0.12,-0.146252100821372,24.0,11.0,0.5416666666666666,18.0,0.1666666666666666,0.1643493940548315,-24.0,-11.0,-0.5416666666666666,-18.0,-0.1666666666666666,-0.1643493940548315,50.0,8.0,0.84,50.0,0.02,0.1181252636570599,-50.0,-8.0,-0.84,-50.0,-0.02,-0.1181252636570599
DUDE,full,sahh,sahh,0.7,100,bh,24.0,11.0,0.5416666666666666,18.0,0.1666666666666666,0.1643493940548315,100.0,26.0,0.74,75.0,0.09,0.1258428331084428,-76.0,-15.0,-0.19833333333333336,-57.0,0.0766666666666666,0.03850656094638871,24.0,11.0,0.5416666666666666,18.0,0.1666666666666666,0.1643493940548315,0.0,0.0,0.0,0.0,0.0,0.0,100.0,9.0,0.91,100.0,0.01,0.1169242343070091,-76.0,2.0,-0.3683333333333334,-82.0,0.1566666666666666,0.04742515974782241
DUDE,full,sahh,sahh,0.7,100,chemdeprc_cap1,0.0,0.0,0.0,0.0,0.0,0.0,100.0,26.0,0.74,75.0,0.09,0.1258428331084428,-100.0,-26.0,-0.74,-75.0,-0.09,-0.1258428331084428,24.0,11.0,0.5416666666666666,18.0,0.1666666666666666,0.1643493940548315,-24.0,-11.0,-0.5416666666666666,-18.0,-0.1666666666666666,-0.1643493940548315,100.0,9.0,0.91,100.0,0.01,0.1169242343070091,-100.0,-9.0,-0.91,-100.0,-0.01,-0.1169242343070091
DUDE,full,sahh,sahh,0.7,100,chemdeprc_soft75,0.0,0.0,0.0,0.0,0.0,0.0,100.0,26.0,0.74,75.0,0.09,0.1258428331084428,-100.0,-26.0,-0.74,-75.0,-0.09,-0.1258428331084428,24.0,11.0,0.5416666666666666,18.0,0.1666666666666666,0.1643493940548315,-24.0,-11.0,-0.5416666666666666,-18.0,-0.1666666666666666,-0.1643493940548315,100.0,9.0,0.91,100.0,0.01,0.1169242343070091,-100.0,-9.0,-0.91,-100.0,-0.01,-0.1169242343070091
DUDE,full,sahh,sahh,0.7,100,score_cap1,100.0,9.0,0.91,100.0,0.01,0.1169242343070091,100.0,26.0,0.74,75.0,0.09,0.1258428331084428,0.0,-17.0,0.17000000000000004,25.0,-0.08,-0.008918598801433697,24.0,11.0,0.5416666666666666,18.0,0.1666666666666666,0.1643493940548315,76.0,-2.0,0.3683333333333334,82.0,-0.1566666666666666,-0.04742515974782241,100.0,9.0,0.91,100.0,0.01,0.1169242343070091,0.0,0.0,0.0,0.0,0.0,0.0
DUDE,full,sahh,sahh,0.7,100,weighted_bh,0.0,0.0,0.0,0.0,0.0,0.0,100.0,26.0,0.74,75.0,0.09,0.1258428331084428,-100.0,-26.0,-0.74,-75.0,-0.09,-0.1258428331084428,24.0,11.0,0.5416666666666666,18.0,0.1666666666666666,0.1643493940548315,-24.0,-11.0,-0.5416666666666666,-18.0,-0.1666666666666666,-0.1643493940548315,100.0,9.0,0.91,100.0,0.01,0.1169242343070091,-100.0,-9.0,-0.91,-100.0,-0.01,-0.1169242343070091
DUDE,full,sahh,sahh,0.7,200,bh,24.0,11.0,0.5416666666666666,18.0,0.1666666666666666,0.1643493940548315,200.0,36.0,0.82,150.0,0.06,0.1182046079991843,-176.0,-25.0,-0.2783333333333333,-132.0,0.1066666666666666,0.046144786055647216,24.0,11.0,0.5416666666666666,18.0,0.1666666666666666,0.1643493940548315,0.0,0.0,0.0,0.0,0.0,0.0,200.0,9.0,0.955,200.0,0.005,0.117513131179244,-176.0,2.0,-0.41333333333333333,-182.0,0.1616666666666666,0.04683626287558751
DUDE,full,sahh,sahh,0.7,200,chemdeprc_cap1,0.0,0.0,0.0,0.0,0.0,0.0,200.0,36.0,0.82,150.0,0.06,0.1182046079991843,-200.0,-36.0,-0.82,-150.0,-0.06,-0.1182046079991843,24.0,11.0,0.5416666666666666,18.0,0.1666666666666666,0.1643493940548315,-24.0,-11.0,-0.5416666666666666,-18.0,-0.1666666666666666,-0.1643493940548315,200.0,9.0,0.955,200.0,0.005,0.117513131179244,-200.0,-9.0,-0.955,-200.0,-0.005,-0.117513131179244
DUDE,full,sahh,sahh,0.7,200,chemdeprc_soft75,0.0,0.0,0.0,0.0,0.0,0.0,200.0,36.0,0.82,150.0,0.06,0.1182046079991843,-200.0,-36.0,-0.82,-150.0,-0.06,-0.1182046079991843,24.0,11.0,0.5416666666666666,18.0,0.1666666666666666,0.1643493940548315,-24.0,-11.0,-0.5416666666666666,-18.0,-0.1666666666666666,-0.1643493940548315,200.0,9.0,0.955,200.0,0.005,0.117513131179244,-200.0,-9.0,-0.955,-200.0,-0.005,-0.117513131179244
DUDE,full,sahh,sahh,0.7,200,score_cap1,200.0,9.0,0.955,200.0,0.005,0.117513131179244,200.0,36.0,0.82,150.0,0.06,0.1182046079991843,0.0,-27.0,0.135,50.0,-0.055,-0.0006914768199402926,24.0,11.0,0.5416666666666666,18.0,0.1666666666666666,0.1643493940548315,176.0,-2.0,0.41333333333333333,182.0,-0.1616666666666666,-0.04683626287558751,200.0,9.0,0.955,200.0,0.005,0.117513131179244,0.0,0.0,0.0,0.0,0.0,0.0
DUDE,full,sahh,sahh,0.7,200,weighted_bh,0.0,0.0,0.0,0.0,0.0,0.0,200.0,36.0,0.82,150.0,0.06,0.1182046079991843,-200.0,-36.0,-0.82,-150.0,-0.06,-0.1182046079991843,24.0,11.0,0.5416666666666666,18.0,0.1666666666666666,0.1643493940548315,-24.0,-11.0,-0.5416666666666666,-18.0,-0.1666666666666666,-0.1643493940548315,200.0,9.0,0.955,200.0,0.005,0.117513131179244,-200.0,-9.0,-0.955,-200.0,-0.005,-0.117513131179244
DUDE,full,sahh,sahh,0.7,500,bh,24.0,11.0,0.5416666666666666,18.0,0.1666666666666666,0.1643493940548315,500.0,41.0,0.918,358.0,0.044,0.1181633156410324,-476.0,-30.0,-0.3763333333333334,-340.0,0.1226666666666666,0.04618607841379911,24.0,11.0,0.5416666666666666,18.0,0.1666666666666666,0.1643493940548315,0.0,0.0,0.0,0.0,0.0,0.0,500.0,11.0,0.978,500.0,0.002,0.1186682034094117,-476.0,0.0,-0.43633333333333335,-482.0,0.1646666666666666,0.04568119064541981
DUDE,full,sahh,sahh,0.7,500,chemdeprc_cap1,0.0,0.0,0.0,0.0,0.0,0.0,500.0,41.0,0.918,358.0,0.044,0.1181633156410324,-500.0,-41.0,-0.918,-358.0,-0.044,-0.1181633156410324,24.0,11.0,0.5416666666666666,18.0,0.1666666666666666,0.1643493940548315,-24.0,-11.0,-0.5416666666666666,-18.0,-0.1666666666666666,-0.1643493940548315,500.0,11.0,0.978,500.0,0.002,0.1186682034094117,-500.0,-11.0,-0.978,-500.0,-0.002,-0.1186682034094117
DUDE,full,sahh,sahh,0.7,500,chemdeprc_soft75,0.0,0.0,0.0,0.0,0.0,0.0,500.0,41.0,0.918,358.0,0.044,0.1181633156410324,-500.0,-41.0,-0.918,-358.0,-0.044,-0.1181633156410324,24.0,11.0,0.5416666666666666,18.0,0.1666666666666666,0.1643493940548315,-24.0,-11.0,-0.5416666666666666,-18.0,-0.1666666666666666,-0.1643493940548315,500.0,11.0,0.978,500.0,0.002,0.1186682034094117,-500.0,-11.0,-0.978,-500.0,-0.002,-0.1186682034094117
DUDE,full,sahh,sahh,0.7,500,score_cap1,500.0,11.0,0.978,500.0,0.002,0.1186682034094117,500.0,41.0,0.918,358.0,0.044,0.1181633156410324,0.0,-30.0,0.05999999999999994,142.0,-0.041999999999999996,0.0005048877683793002,24.0,11.0,0.5416666666666666,18.0,0.1666666666666666,0.1643493940548315,476.0,0.0,0.43633333333333335,482.0,-0.1646666666666666,-0.04568119064541981,500.0,11.0,0.978,500.0,0.002,0.1186682034094117,0.0,0.0,0.0,0.0,0.0,0.0
DUDE,full,sahh,sahh,0.7,500,weighted_bh,0.0,0.0,0.0,0.0,0.0,0.0,500.0,41.0,0.918,358.0,0.044,0.1181633156410324,-500.0,-41.0,-0.918,-358.0,-0.044,-0.1181633156410324,24.0,11.0,0.5416666666666666,18.0,0.1666666666666666,0.1643493940548315,-24.0,-11.0,-0.5416666666666666,-18.0,-0.1666666666666666,-0.1643493940548315,500.0,11.0,0.978,500.0,0.002,0.1186682034094117,-500.0,-11.0,-0.978,-500.0,-0.002,-0.1186682034094117
DUDE,ligand_only,ampc,ampc,0.7,10,bh,0.0,0.0,0.0,0.0,0.0,0.0,10.0,0.0,1.0,10.0,0.1,0.1446549252989539,-10.0,0.0,-1.0,-10.0,-0.1,-0.1446549252989539,0.0,0.0,0.0,0.0,0.0,0.0,0.0,0.0,0.0,0.0,0.0,0.0,10.0,0.0,1.0,10.0,0.1,0.1446549252989539,-10.0,0.0,-1.0,-10.0,-0.1,-0.1446549252989539
DUDE,ligand_only,ampc,ampc,0.7,10,chemdeprc_cap1,0.0,0.0,0.0,0.0,0.0,0.0,10.0,0.0,1.0,10.0,0.1,0.1446549252989539,-10.0,0.0,-1.0,-10.0,-0.1,-0.1446549252989539,0.0,0.0,0.0,0.0,0.0,0.0,0.0,0.0,0.0,0.0,0.0,0.0,10.0,0.0,1.0,10.0,0.1,0.1446549252989539,-10.0,0.0,-1.0,-10.0,-0.1,-0.1446549252989539
DUDE,ligand_only,ampc,ampc,0.7,10,chemdeprc_soft75,0.0,0.0,0.0,0.0,0.0,0.0,10.0,0.0,1.0,10.0,0.1,0.1446549252989539,-10.0,0.0,-1.0,-10.0,-0.1,-0.1446549252989539,0.0,0.0,0.0,0.0,0.0,0.0,0.0,0.0,0.0,0.0,0.0,0.0,10.0,0.0,1.0,10.0,0.1,0.1446549252989539,-10.0,0.0,-1.0,-10.0,-0.1,-0.1446549252989539
DUDE,ligand_only,ampc,ampc,0.7,10,score_cap1,10.0,0.0,1.0,10.0,0.1,0.1446549252989539,10.0,0.0,1.0,10.0,0.1,0.1446549252989539,0.0,0.0,0.0,0.0,0.0,0.0,0.0,0.0,0.0,0.0,0.0,0.0,10.0,0.0,1.0,10.0,0.1,0.1446549252989539,10.0,0.0,1.0,10.0,0.1,0.1446549252989539,0.0,0.0,0.0,0.0,0.0,0.0
DUDE,ligand_only,ampc,ampc,0.7,10,weighted_bh,0.0,0.0,0.0,0.0,0.0,0.0,10.0,0.0,1.0,10.0,0.1,0.1446549252989539,-10.0,0.0,-1.0,-10.0,-0.1,-0.1446549252989539,0.0,0.0,0.0,0.0,0.0,0.0,0.0,0.0,0.0,0.0,0.0,0.0,10.0,0.0,1.0,10.0,0.1,0.1446549252989539,-10.0,0.0,-1.0,-10.0,-0.1,-0.1446549252989539
DUDE,ligand_only,ampc,ampc,0.7,20,bh,0.0,0.0,0.0,0.0,0.0,0.0,20.0,0.0,1.0,20.0,0.05,0.1186590502917737,-20.0,0.0,-1.0,-20.0,-0.05,-0.1186590502917737,0.0,0.0,0.0,0.0,0.0,0.0,0.0,0.0,0.0,0.0,0.0,0.0,20.0,0.0,1.0,20.0,0.05,0.1186590502917737,-20.0,0.0,-1.0,-20.0,-0.05,-0.1186590502917737
DUDE,ligand_only,ampc,ampc,0.7,20,chemdeprc_cap1,0.0,0.0,0.0,0.0,0.0,0.0,20.0,0.0,1.0,20.0,0.05,0.1186590502917737,-20.0,0.0,-1.0,-20.0,-0.05,-0.1186590502917737,0.0,0.0,0.0,0.0,0.0,0.0,0.0,0.0,0.0,0.0,0.0,0.0,20.0,0.0,1.0,20.0,0.05,0.1186590502917737,-20.0,0.0,-1.0,-20.0,-0.05,-0.1186590502917737
DUDE,ligand_only,ampc,ampc,0.7,20,chemdeprc_soft75,0.0,0.0,0.0,0.0,0.0,0.0,20.0,0.0,1.0,20.0,0.05,0.1186590502917737,-20.0,0.0,-1.0,-20.0,-0.05,-0.1186590502917737,0.0,0.0,0.0,0.0,0.0,0.0,0.0,0.0,0.0,0.0,0.0,0.0,20.0,0.0,1.0,20.0,0.05,0.1186590502917737,-20.0,0.0,-1.0,-20.0,-0.05,-0.1186590502917737
DUDE,ligand_only,ampc,ampc,0.7,20,score_cap1,20.0,0.0,1.0,20.0,0.05,0.1186590502917737,20.0,0.0,1.0,20.0,0.05,0.1186590502917737,0.0,0.0,0.0,0.0,0.0,0.0,0.0,0.0,0.0,0.0,0.0,0.0,20.0,0.0,1.0,20.0,0.05,0.1186590502917737,20.0,0.0,1.0,20.0,0.05,0.1186590502917737,0.0,0.0,0.0,0.0,0.0,0.0
DUDE,ligand_only,ampc,ampc,0.7,20,weighted_bh,0.0,0.0,0.0,0.0,0.0,0.0,20.0,0.0,1.0,20.0,0.05,0.1186590502917737,-20.0,0.0,-1.0,-20.0,-0.05,-0.1186590502917737,0.0,0.0,0.0,0.0,0.0,0.0,0.0,0.0,0.0,0.0,0.0,0.0,20.0,0.0,1.0,20.0,0.05,0.1186590502917737,-20.0,0.0,-1.0,-20.0,-0.05,-0.1186590502917737
DUDE,ligand_only,ampc,ampc,0.7,50,bh,0.0,0.0,0.0,0.0,0.0,0.0,50.0,0.0,1.0,46.0,0.06,0.1161061876299707,-50.0,0.0,-1.0,-46.0,-0.06,-0.1161061876299707,0.0,0.0,0.0,0.0,0.0,0.0,0.0,0.0,0.0,0.0,0.0,0.0,50.0,0.0,1.0,50.0,0.02,0.1186015660502415,-50.0,0.0,-1.0,-50.0,-0.02,-0.1186015660502415
DUDE,ligand_only,ampc,ampc,0.7,50,chemdeprc_cap1,0.0,0.0,0.0,0.0,0.0,0.0,50.0,0.0,1.0,46.0,0.06,0.1161061876299707,-50.0,0.0,-1.0,-46.0,-0.06,-0.1161061876299707,0.0,0.0,0.0,0.0,0.0,0.0,0.0,0.0,0.0,0.0,0.0,0.0,50.0,0.0,1.0,50.0,0.02,0.1186015660502415,-50.0,0.0,-1.0,-50.0,-0.02,-0.1186015660502415
DUDE,ligand_only,ampc,ampc,0.7,50,chemdeprc_soft75,0.0,0.0,0.0,0.0,0.0,0.0,50.0,0.0,1.0,46.0,0.06,0.1161061876299707,-50.0,0.0,-1.0,-46.0,-0.06,-0.1161061876299707,0.0,0.0,0.0,0.0,0.0,0.0,0.0,0.0,0.0,0.0,0.0,0.0,50.0,0.0,1.0,50.0,0.02,0.1186015660502415,-50.0,0.0,-1.0,-50.0,-0.02,-0.1186015660502415
DUDE,ligand_only,ampc,ampc,0.7,50,score_cap1,50.0,0.0,1.0,50.0,0.02,0.1186015660502415,50.0,0.0,1.0,46.0,0.06,0.1161061876299707,0.0,0.0,0.0,4.0,-0.039999999999999994,0.002495378420270797,0.0,0.0,0.0,0.0,0.0,0.0,50.0,0.0,1.0,50.0,0.02,0.1186015660502415,50.0,0.0,1.0,50.0,0.02,0.1186015660502415,0.0,0.0,0.0,0.0,0.0,0.0
DUDE,ligand_only,ampc,ampc,0.7,50,weighted_bh,0.0,0.0,0.0,0.0,0.0,0.0,50.0,0.0,1.0,46.0,0.06,0.1161061876299707,-50.0,0.0,-1.0,-46.0,-0.06,-0.1161061876299707,0.0,0.0,0.0,0.0,0.0,0.0,0.0,0.0,0.0,0.0,0.0,0.0,50.0,0.0,1.0,50.0,0.02,0.1186015660502415,-50.0,0.0,-1.0,-50.0,-0.02,-0.1186015660502415
DUDE,ligand_only,ampc,ampc,0.7,100,bh,0.0,0.0,0.0,0.0,0.0,0.0,100.0,0.0,1.0,89.0,0.05,0.120711628311439,-100.0,0.0,-1.0,-89.0,-0.05,-0.120711628311439,0.0,0.0,0.0,0.0,0.0,0.0,0.0,0.0,0.0,0.0,0.0,0.0,100.0,0.0,1.0,100.0,0.01,0.119585776891208,-100.0,0.0,-1.0,-100.0,-0.01,-0.119585776891208
DUDE,ligand_only,ampc,ampc,0.7,100,chemdeprc_cap1,0.0,0.0,0.0,0.0,0.0,0.0,100.0,0.0,1.0,89.0,0.05,0.120711628311439,-100.0,0.0,-1.0,-89.0,-0.05,-0.120711628311439,0.0,0.0,0.0,0.0,0.0,0.0,0.0,0.0,0.0,0.0,0.0,0.0,100.0,0.0,1.0,100.0,0.01,0.119585776891208,-100.0,0.0,-1.0,-100.0,-0.01,-0.119585776891208
DUDE,ligand_only,ampc,ampc,0.7,100,chemdeprc_soft75,0.0,0.0,0.0,0.0,0.0,0.0,100.0,0.0,1.0,89.0,0.05,0.120711628311439,-100.0,0.0,-1.0,-89.0,-0.05,-0.120711628311439,0.0,0.0,0.0,0.0,0.0,0.0,0.0,0.0,0.0,0.0,0.0,0.0,100.0,0.0,1.0,100.0,0.01,0.119585776891208,-100.0,0.0,-1.0,-100.0,-0.01,-0.119585776891208
DUDE,ligand_only,ampc,ampc,0.7,100,score_cap1,100.0,0.0,1.0,100.0,0.01,0.119585776891208,100.0,0.0,1.0,89.0,0.05,0.120711628311439,0.0,0.0,0.0,11.0,-0.04,-0.001125851420231,0.0,0.0,0.0,0.0,0.0,0.0,100.0,0.0,1.0,100.0,0.01,0.119585776891208,100.0,0.0,1.0,100.0,0.01,0.119585776891208,0.0,0.0,0.0,0.0,0.0,0.0
DUDE,ligand_only,ampc,ampc,0.7,100,weighted_bh,0.0,0.0,0.0,0.0,0.0,0.0,100.0,0.0,1.0,89.0,0.05,0.120711628311439,-100.0,0.0,-1.0,-89.0,-0.05,-0.120711628311439,0.0,0.0,0.0,0.0,0.0,0.0,0.0,0.0,0.0,0.0,0.0,0.0,100.0,0.0,1.0,100.0,0.01,0.119585776891208,-100.0,0.0,-1.0,-100.0,-0.01,-0.119585776891208
DUDE,ligand_only,ampc,ampc,0.7,200,bh,0.0,0.0,0.0,0.0,0.0,0.0,200.0,0.0,1.0,168.0,0.05,0.120496796114601,-200.0,0.0,-1.0,-168.0,-0.05,-0.120496796114601,0.0,0.0,0.0,0.0,0.0,0.0,0.0,0.0,0.0,0.0,0.0,0.0,200.0,0.0,1.0,200.0,0.005,0.1167949991885741,-200.0,0.0,-1.0,-200.0,-0.005,-0.1167949991885741
DUDE,ligand_only,ampc,ampc,0.7,200,chemdeprc_cap1,0.0,0.0,0.0,0.0,0.0,0.0,200.0,0.0,1.0,168.0,0.05,0.120496796114601,-200.0,0.0,-1.0,-168.0,-0.05,-0.120496796114601,0.0,0.0,0.0,0.0,0.0,0.0,0.0,0.0,0.0,0.0,0.0,0.0,200.0,0.0,1.0,200.0,0.005,0.1167949991885741,-200.0,0.0,-1.0,-200.0,-0.005,-0.1167949991885741
DUDE,ligand_only,ampc,ampc,0.7,200,chemdeprc_soft75,0.0,0.0,0.0,0.0,0.0,0.0,200.0,0.0,1.0,168.0,0.05,0.120496796114601,-200.0,0.0,-1.0,-168.0,-0.05,-0.120496796114601,0.0,0.0,0.0,0.0,0.0,0.0,0.0,0.0,0.0,0.0,0.0,0.0,200.0,0.0,1.0,200.0,0.005,0.1167949991885741,-200.0,0.0,-1.0,-200.0,-0.005,-0.1167949991885741
DUDE,ligand_only,ampc,ampc,0.7,200,score_cap1,200.0,0.0,1.0,200.0,0.005,0.1167949991885741,200.0,0.0,1.0,168.0,0.05,0.120496796114601,0.0,0.0,0.0,32.0,-0.045000000000000005,-0.0037017969260269012,0.0,0.0,0.0,0.0,0.0,0.0,200.0,0.0,1.0,200.0,0.005,0.1167949991885741,200.0,0.0,1.0,200.0,0.005,0.1167949991885741,0.0,0.0,0.0,0.0,0.0,0.0
DUDE,ligand_only,ampc,ampc,0.7,200,weighted_bh,0.0,0.0,0.0,0.0,0.0,0.0,200.0,0.0,1.0,168.0,0.05,0.120496796114601,-200.0,0.0,-1.0,-168.0,-0.05,-0.120496796114601,0.0,0.0,0.0,0.0,0.0,0.0,0.0,0.0,0.0,0.0,0.0,0.0,200.0,0.0,1.0,200.0,0.005,0.1167949991885741,-200.0,0.0,-1.0,-200.0,-0.005,-0.1167949991885741
DUDE,ligand_only,ampc,ampc,0.7,500,bh,0.0,0.0,0.0,0.0,0.0,0.0,500.0,2.0,0.996,387.0,0.046,0.1146586644197029,-500.0,-2.0,-0.996,-387.0,-0.046,-0.1146586644197029,0.0,0.0,0.0,0.0,0.0,0.0,0.0,0.0,0.0,0.0,0.0,0.0,500.0,3.0,0.994,500.0,0.002,0.1115951523163001,-500.0,-3.0,-0.994,-500.0,-0.002,-0.1115951523163001
DUDE,ligand_only,ampc,ampc,0.7,500,chemdeprc_cap1,0.0,0.0,0.0,0.0,0.0,0.0,500.0,2.0,0.996,387.0,0.046,0.1146586644197029,-500.0,-2.0,-0.996,-387.0,-0.046,-0.1146586644197029,0.0,0.0,0.0,0.0,0.0,0.0,0.0,0.0,0.0,0.0,0.0,0.0,500.0,3.0,0.994,500.0,0.002,0.1115951523163001,-500.0,-3.0,-0.994,-500.0,-0.002,-0.1115951523163001
DUDE,ligand_only,ampc,ampc,0.7,500,chemdeprc_soft75,0.0,0.0,0.0,0.0,0.0,0.0,500.0,2.0,0.996,387.0,0.046,0.1146586644197029,-500.0,-2.0,-0.996,-387.0,-0.046,-0.1146586644197029,0.0,0.0,0.0,0.0,0.0,0.0,0.0,0.0,0.0,0.0,0.0,0.0,500.0,3.0,0.994,500.0,0.002,0.1115951523163001,-500.0,-3.0,-0.994,-500.0,-0.002,-0.1115951523163001
DUDE,ligand_only,ampc,ampc,0.7,500,score_cap1,500.0,3.0,0.994,500.0,0.002,0.1115951523163001,500.0,2.0,0.996,387.0,0.046,0.1146586644197029,0.0,1.0,-0.0020000000000000018,113.0,-0.044,-0.0030635121034028046,0.0,0.0,0.0,0.0,0.0,0.0,500.0,3.0,0.994,500.0,0.002,0.1115951523163001,500.0,3.0,0.994,500.0,0.002,0.1115951523163001,0.0,0.0,0.0,0.0,0.0,0.0
DUDE,ligand_only,ampc,ampc,0.7,500,weighted_bh,0.0,0.0,0.0,0.0,0.0,0.0,500.0,2.0,0.996,387.0,0.046,0.1146586644197029,-500.0,-2.0,-0.996,-387.0,-0.046,-0.1146586644197029,0.0,0.0,0.0,0.0,0.0,0.0,0.0,0.0,0.0,0.0,0.0,0.0,500.0,3.0,0.994,500.0,0.002,0.1115951523163001,-500.0,-3.0,-0.994,-500.0,-0.002,-0.1115951523163001
DUDE,ligand_only,cxcr4,cxcr4,0.7,10,bh,10.0,0.0,1.0,10.0,0.1,0.0979333885413886,10.0,0.0,1.0,10.0,0.1,0.0979333885413886,0.0,0.0,0.0,0.0,0.0,0.0,10.0,0.0,1.0,10.0,0.1,0.0979333885413886,0.0,0.0,0.0,0.0,0.0,0.0,10.0,0.0,1.0,10.0,0.1,0.0979333885413886,0.0,0.0,0.0,0.0,0.0,0.0
DUDE,ligand_only,cxcr4,cxcr4,0.7,10,chemdeprc_cap1,10.0,0.0,1.0,10.0,0.1,0.1020047458800116,10.0,0.0,1.0,10.0,0.1,0.0979333885413886,0.0,0.0,0.0,0.0,0.0,0.004071357338623002,10.0,0.0,1.0,10.0,0.1,0.0979333885413886,0.0,0.0,0.0,0.0,0.0,0.004071357338623002,10.0,0.0,1.0,10.0,0.1,0.0979333885413886,0.0,0.0,0.0,0.0,0.0,0.004071357338623002
DUDE,ligand_only,cxcr4,cxcr4,0.7,10,chemdeprc_soft75,10.0,0.0,1.0,8.0,0.2,0.1233695400352891,10.0,0.0,1.0,10.0,0.1,0.0979333885413886,0.0,0.0,0.0,-2.0,0.1,0.025436151493900508,10.0,0.0,1.0,10.0,0.1,0.0979333885413886,0.0,0.0,0.0,-2.0,0.1,0.025436151493900508,10.0,0.0,1.0,10.0,0.1,0.0979333885413886,0.0,0.0,0.0,-2.0,0.1,0.025436151493900508
DUDE,ligand_only,cxcr4,cxcr4,0.7,10,score_cap1,10.0,0.0,1.0,10.0,0.1,0.0979333885413886,10.0,0.0,1.0,10.0,0.1,0.0979333885413886,0.0,0.0,0.0,0.0,0.0,0.0,10.0,0.0,1.0,10.0,0.1,0.0979333885413886,0.0,0.0,0.0,0.0,0.0,0.0,10.0,0.0,1.0,10.0,0.1,0.0979333885413886,0.0,0.0,0.0,0.0,0.0,0.0
DUDE,ligand_only,cxcr4,cxcr4,0.7,10,weighted_bh,10.0,0.0,1.0,10.0,0.1,0.1020047458800116,10.0,0.0,1.0,10.0,0.1,0.0979333885413886,0.0,0.0,0.0,0.0,0.0,0.004071357338623002,10.0,0.0,1.0,10.0,0.1,0.0979333885413886,0.0,0.0,0.0,0.0,0.0,0.004071357338623002,10.0,0.0,1.0,10.0,0.1,0.0979333885413886,0.0,0.0,0.0,0.0,0.0,0.004071357338623002
DUDE,ligand_only,cxcr4,cxcr4,0.7,20,bh,20.0,0.0,1.0,20.0,0.05,0.1033603471668057,20.0,0.0,1.0,20.0,0.05,0.1033603471668057,0.0,0.0,0.0,0.0,0.0,0.0,20.0,0.0,1.0,20.0,0.05,0.1033603471668057,0.0,0.0,0.0,0.0,0.0,0.0,20.0,0.0,1.0,20.0,0.05,0.1033603471668057,0.0,0.0,0.0,0.0,0.0,0.0
DUDE,ligand_only,cxcr4,cxcr4,0.7,20,chemdeprc_cap1,20.0,0.0,1.0,20.0,0.05,0.1055618822373414,20.0,0.0,1.0,20.0,0.05,0.1033603471668057,0.0,0.0,0.0,0.0,0.0,0.0022015350705357067,20.0,0.0,1.0,20.0,0.05,0.1033603471668057,0.0,0.0,0.0,0.0,0.0,0.0022015350705357067,20.0,0.0,1.0,20.0,0.05,0.1033603471668057,0.0,0.0,0.0,0.0,0.0,0.0022015350705357067
DUDE,ligand_only,cxcr4,cxcr4,0.7,20,chemdeprc_soft75,19.0,0.0,1.0,15.0,0.1578947368421052,0.1131648433344303,20.0,0.0,1.0,20.0,0.05,0.1033603471668057,-1.0,0.0,0.0,-5.0,0.1078947368421052,0.009804496167624605,20.0,0.0,1.0,20.0,0.05,0.1033603471668057,-1.0,0.0,0.0,-5.0,0.1078947368421052,0.009804496167624605,20.0,0.0,1.0,20.0,0.05,0.1033603471668057,-1.0,0.0,0.0,-5.0,0.1078947368421052,0.009804496167624605
DUDE,ligand_only,cxcr4,cxcr4,0.7,20,score_cap1,20.0,0.0,1.0,20.0,0.05,0.1033603471668057,20.0,0.0,1.0,20.0,0.05,0.1033603471668057,0.0,0.0,0.0,0.0,0.0,0.0,20.0,0.0,1.0,20.0,0.05,0.1033603471668057,0.0,0.0,0.0,0.0,0.0,0.0,20.0,0.0,1.0,20.0,0.05,0.1033603471668057,0.0,0.0,0.0,0.0,0.0,0.0
DUDE,ligand_only,cxcr4,cxcr4,0.7,20,weighted_bh,20.0,0.0,1.0,20.0,0.05,0.1055618822373414,20.0,0.0,1.0,20.0,0.05,0.1033603471668057,0.0,0.0,0.0,0.0,0.0,0.0022015350705357067,20.0,0.0,1.0,20.0,0.05,0.1033603471668057,0.0,0.0,0.0,0.0,0.0,0.0022015350705357067,20.0,0.0,1.0,20.0,0.05,0.1033603471668057,0.0,0.0,0.0,0.0,0.0,0.0022015350705357067
DUDE,ligand_only,cxcr4,cxcr4,0.7,50,bh,50.0,0.0,1.0,46.0,0.08,0.1074488079337469,50.0,0.0,1.0,46.0,0.08,0.1074488079337469,0.0,0.0,0.0,0.0,0.0,0.0,50.0,0.0,1.0,46.0,0.08,0.1074488079337469,0.0,0.0,0.0,0.0,0.0,0.0,50.0,0.0,1.0,50.0,0.02,0.1108583921512497,0.0,0.0,0.0,-4.0,0.06,-0.003409584217502787
DUDE,ligand_only,cxcr4,cxcr4,0.7,50,chemdeprc_cap1,50.0,0.0,1.0,50.0,0.02,0.1084524559788348,50.0,0.0,1.0,46.0,0.08,0.1074488079337469,0.0,0.0,0.0,4.0,-0.06,0.0010036480450878876,50.0,0.0,1.0,46.0,0.08,0.1074488079337469,0.0,0.0,0.0,4.0,-0.06,0.0010036480450878876,50.0,0.0,1.0,50.0,0.02,0.1108583921512497,0.0,0.0,0.0,0.0,0.0,-0.002405936172414899
DUDE,ligand_only,cxcr4,cxcr4,0.7,50,chemdeprc_soft75,50.0,0.0,1.0,38.0,0.1,0.1178779006226929,50.0,0.0,1.0,46.0,0.08,0.1074488079337469,0.0,0.0,0.0,-8.0,0.020000000000000004,0.010429092688945998,50.0,0.0,1.0,46.0,0.08,0.1074488079337469,0.0,0.0,0.0,-8.0,0.020000000000000004,0.010429092688945998,50.0,0.0,1.0,50.0,0.02,0.1108583921512497,0.0,0.0,0.0,-12.0,0.08,0.0070195084714432116
DUDE,ligand_only,cxcr4,cxcr4,0.7,50,score_cap1,50.0,0.0,1.0,50.0,0.02,0.1108583921512497,50.0,0.0,1.0,46.0,0.08,0.1074488079337469,0.0,0.0,0.0,4.0,-0.06,0.003409584217502787,50.0,0.0,1.0,46.0,0.08,0.1074488079337469,0.0,0.0,0.0,4.0,-0.06,0.003409584217502787,50.0,0.0,1.0,50.0,0.02,0.1108583921512497,0.0,0.0,0.0,0.0,0.0,0.0
DUDE,ligand_only,cxcr4,cxcr4,0.7,50,weighted_bh,50.0,0.0,1.0,50.0,0.02,0.1084524559788348,50.0,0.0,1.0,46.0,0.08,0.1074488079337469,0.0,0.0,0.0,4.0,-0.06,0.0010036480450878876,50.0,0.0,1.0,46.0,0.08,0.1074488079337469,0.0,0.0,0.0,4.0,-0.06,0.0010036480450878876,50.0,0.0,1.0,50.0,0.02,0.1108583921512497,0.0,0.0,0.0,0.0,0.0,-0.002405936172414899
DUDE,ligand_only,cxcr4,cxcr4,0.7,100,bh,100.0,0.0,1.0,92.0,0.08,0.1100387083043589,100.0,0.0,1.0,92.0,0.08,0.1100387083043589,0.0,0.0,0.0,0.0,0.0,0.0,100.0,0.0,1.0,92.0,0.08,0.1100387083043589,0.0,0.0,0.0,0.0,0.0,0.0,100.0,0.0,1.0,100.0,0.01,0.1134683041511264,0.0,0.0,0.0,-8.0,0.07,-0.003429595846767497
DUDE,ligand_only,cxcr4,cxcr4,0.7,100,chemdeprc_cap1,100.0,0.0,1.0,100.0,0.01,0.1117083140389988,100.0,0.0,1.0,92.0,0.08,0.1100387083043589,0.0,0.0,0.0,8.0,-0.07,0.0016696057346398951,100.0,0.0,1.0,92.0,0.08,0.1100387083043589,0.0,0.0,0.0,8.0,-0.07,0.0016696057346398951,100.0,0.0,1.0,100.0,0.01,0.1134683041511264,0.0,0.0,0.0,0.0,0.0,-0.0017599901121276018
DUDE,ligand_only,cxcr4,cxcr4,0.7,100,chemdeprc_soft75,100.0,0.0,1.0,75.0,0.04,0.1164842083845716,100.0,0.0,1.0,92.0,0.08,0.1100387083043589,0.0,0.0,0.0,-17.0,-0.04,0.006445500080212704,100.0,0.0,1.0,92.0,0.08,0.1100387083043589,0.0,0.0,0.0,-17.0,-0.04,0.006445500080212704,100.0,0.0,1.0,100.0,0.01,0.1134683041511264,0.0,0.0,0.0,-25.0,0.03,0.0030159042334452074
DUDE,ligand_only,cxcr4,cxcr4,0.7,100,score_cap1,100.0,0.0,1.0,100.0,0.01,0.1134683041511264,100.0,0.0,1.0,92.0,0.08,0.1100387083043589,0.0,0.0,0.0,8.0,-0.07,0.003429595846767497,100.0,0.0,1.0,92.0,0.08,0.1100387083043589,0.0,0.0,0.0,8.0,-0.07,0.003429595846767497,100.0,0.0,1.0,100.0,0.01,0.1134683041511264,0.0,0.0,0.0,0.0,0.0,0.0
DUDE,ligand_only,cxcr4,cxcr4,0.7,100,weighted_bh,100.0,0.0,1.0,100.0,0.01,0.1115259239963336,100.0,0.0,1.0,92.0,0.08,0.1100387083043589,0.0,0.0,0.0,8.0,-0.07,0.0014872156919746998,100.0,0.0,1.0,92.0,0.08,0.1100387083043589,0.0,0.0,0.0,8.0,-0.07,0.0014872156919746998,100.0,0.0,1.0,100.0,0.01,0.1134683041511264,0.0,0.0,0.0,0.0,0.0,-0.0019423801547927971
DUDE,ligand_only,cxcr4,cxcr4,0.7,200,bh,111.0,0.0,1.0,102.0,0.072072072072072,0.1126325125721698,200.0,1.0,0.995,182.0,0.065,0.1105843288745266,-89.0,-1.0,0.0050000000000000044,-80.0,0.007072072072072,0.002048183697643202,111.0,0.0,1.0,102.0,0.072072072072072,0.1126325125721698,0.0,0.0,0.0,0.0,0.0,0.0,200.0,1.0,0.995,200.0,0.005,0.1108369284362668,-89.0,-1.0,0.0050000000000000044,-98.0,0.067072072072072,0.001795584135903
DUDE,ligand_only,cxcr4,cxcr4,0.7,200,chemdeprc_cap1,114.0,0.0,1.0,114.0,0.0087719298245614,0.1115368535938488,200.0,1.0,0.995,182.0,0.065,0.1105843288745266,-86.0,-1.0,0.0050000000000000044,-68.0,-0.0562280701754386,0.0009525247193221953,111.0,0.0,1.0,102.0,0.072072072072072,0.1126325125721698,3.0,0.0,0.0,12.0,-0.0633001422475106,-0.001095658978321007,200.0,1.0,0.995,200.0,0.005,0.1108369284362668,-86.0,-1.0,0.0050000000000000044,-86.0,0.0037719298245613994,0.0006999251575819931
DUDE,ligand_only,cxcr4,cxcr4,0.7,200,chemdeprc_soft75,165.0,0.0,1.0,114.0,0.0606060606060606,0.1154153021532839,200.0,1.0,0.995,182.0,0.065,0.1105843288745266,-35.0,-1.0,0.0050000000000000044,-68.0,-0.004393939393939401,0.004830973278757297,111.0,0.0,1.0,102.0,0.072072072072072,0.1126325125721698,54.0,0.0,0.0,12.0,-0.011466011466011401,0.002782789581114095,200.0,1.0,0.995,200.0,0.005,0.1108369284362668,-35.0,-1.0,0.0050000000000000044,-86.0,0.0556060606060606,0.004578373717017095
DUDE,ligand_only,cxcr4,cxcr4,0.7,200,score_cap1,200.0,1.0,0.995,200.0,0.005,0.1108369284362668,200.0,1.0,0.995,182.0,0.065,0.1105843288745266,0.0,0.0,0.0,18.0,-0.060000000000000005,0.00025259956174020215,111.0,0.0,1.0,102.0,0.072072072072072,0.1126325125721698,89.0,1.0,-0.0050000000000000044,98.0,-0.067072072072072,-0.001795584135903,200.0,1.0,0.995,200.0,0.005,0.1108369284362668,0.0,0.0,0.0,0.0,0.0,0.0
DUDE,ligand_only,cxcr4,cxcr4,0.7,200,weighted_bh,182.0,1.0,0.9945054945054944,180.0,0.0109890109890109,0.1122052277600433,200.0,1.0,0.995,182.0,0.065,0.1105843288745266,-18.0,0.0,-0.0004945054945055816,-2.0,-0.0540109890109891,0.0016208988855166973,111.0,0.0,1.0,102.0,0.072072072072072,0.1126325125721698,71.0,1.0,-0.005494505494505586,78.0,-0.0610830610830611,-0.00042728481212650493,200.0,1.0,0.995,200.0,0.005,0.1108369284362668,-18.0,0.0,-0.0004945054945055816,-20.0,0.0059890109890108996,0.001368299323776495
DUDE,ligand_only,cxcr4,cxcr4,0.7,500,bh,111.0,0.0,1.0,102.0,0.072072072072072,0.1126325125721698,500.0,15.0,0.97,404.0,0.08,0.1098487112399595,-389.0,-15.0,0.030000000000000027,-302.0,-0.007927927927928,0.0027838013322103033,111.0,0.0,1.0,102.0,0.072072072072072,0.1126325125721698,0.0,0.0,0.0,0.0,0.0,0.0,500.0,13.0,0.974,500.0,0.002,0.1093915143929609,-389.0,-13.0,0.026000000000000023,-398.0,0.070072072072072,0.0032409981792089065
DUDE,ligand_only,cxcr4,cxcr4,0.7,500,chemdeprc_cap1,114.0,0.0,1.0,114.0,0.0087719298245614,0.1115368535938488,500.0,15.0,0.97,404.0,0.08,0.1098487112399595,-386.0,-15.0,0.030000000000000027,-290.0,-0.0712280701754386,0.0016881423538892965,111.0,0.0,1.0,102.0,0.072072072072072,0.1126325125721698,3.0,0.0,0.0,12.0,-0.0633001422475106,-0.001095658978321007,500.0,13.0,0.974,500.0,0.002,0.1093915143929609,-386.0,-13.0,0.026000000000000023,-386.0,0.0067719298245613995,0.0021453392008878996
DUDE,ligand_only,cxcr4,cxcr4,0.7,500,chemdeprc_soft75,165.0,0.0,1.0,114.0,0.0606060606060606,0.1154153021532839,500.0,15.0,0.97,404.0,0.08,0.1098487112399595,-335.0,-15.0,0.030000000000000027,-290.0,-0.0193939393939394,0.0055665909133243985,111.0,0.0,1.0,102.0,0.072072072072072,0.1126325125721698,54.0,0.0,0.0,12.0,-0.011466011466011401,0.002782789581114095,500.0,13.0,0.974,500.0,0.002,0.1093915143929609,-335.0,-13.0,0.026000000000000023,-386.0,0.0586060606060606,0.006023787760323002
DUDE,ligand_only,cxcr4,cxcr4,0.7,500,score_cap1,500.0,13.0,0.974,500.0,0.002,0.1093915143929609,500.0,15.0,0.97,404.0,0.08,0.1098487112399595,0.0,-2.0,0.0040000000000000036,96.0,-0.078,-0.0004571968469986032,111.0,0.0,1.0,102.0,0.072072072072072,0.1126325125721698,389.0,13.0,-0.026000000000000023,398.0,-0.070072072072072,-0.0032409981792089065,500.0,13.0,0.974,500.0,0.002,0.1093915143929609,0.0,0.0,0.0,0.0,0.0,0.0
DUDE,ligand_only,cxcr4,cxcr4,0.7,500,weighted_bh,182.0,1.0,0.9945054945054944,180.0,0.0109890109890109,0.1122052277600433,500.0,15.0,0.97,404.0,0.08,0.1098487112399595,-318.0,-14.0,0.02450549450549444,-224.0,-0.06901098901098911,0.0023565165200837984,111.0,0.0,1.0,102.0,0.072072072072072,0.1126325125721698,71.0,1.0,-0.005494505494505586,78.0,-0.0610830610830611,-0.00042728481212650493,500.0,13.0,0.974,500.0,0.002,0.1093915143929609,-318.0,-12.0,0.020505494505494437,-320.0,0.0089890109890109,0.0028137133670824016
DUDE,ligand_only,fabp4,fabp4,0.7,10,bh,0.0,0.0,0.0,0.0,0.0,0.0,10.0,0.0,1.0,9.0,0.2,0.1290259644146345,-10.0,0.0,-1.0,-9.0,-0.2,-0.1290259644146345,0.0,0.0,0.0,0.0,0.0,0.0,0.0,0.0,0.0,0.0,0.0,0.0,10.0,0.0,1.0,10.0,0.1,0.1216028663469226,-10.0,0.0,-1.0,-10.0,-0.1,-0.1216028663469226
DUDE,ligand_only,fabp4,fabp4,0.7,10,chemdeprc_cap1,0.0,0.0,0.0,0.0,0.0,0.0,10.0,0.0,1.0,9.0,0.2,0.1290259644146345,-10.0,0.0,-1.0,-9.0,-0.2,-0.1290259644146345,0.0,0.0,0.0,0.0,0.0,0.0,0.0,0.0,0.0,0.0,0.0,0.0,10.0,0.0,1.0,10.0,0.1,0.1216028663469226,-10.0,0.0,-1.0,-10.0,-0.1,-0.1216028663469226
DUDE,ligand_only,fabp4,fabp4,0.7,10,chemdeprc_soft75,0.0,0.0,0.0,0.0,0.0,0.0,10.0,0.0,1.0,9.0,0.2,0.1290259644146345,-10.0,0.0,-1.0,-9.0,-0.2,-0.1290259644146345,0.0,0.0,0.0,0.0,0.0,0.0,0.0,0.0,0.0,0.0,0.0,0.0,10.0,0.0,1.0,10.0,0.1,0.1216028663469226,-10.0,0.0,-1.0,-10.0,-0.1,-0.1216028663469226
DUDE,ligand_only,fabp4,fabp4,0.7,10,score_cap1,10.0,0.0,1.0,10.0,0.1,0.1216028663469226,10.0,0.0,1.0,9.0,0.2,0.1290259644146345,0.0,0.0,0.0,1.0,-0.1,-0.007423098067711881,0.0,0.0,0.0,0.0,0.0,0.0,10.0,0.0,1.0,10.0,0.1,0.1216028663469226,10.0,0.0,1.0,10.0,0.1,0.1216028663469226,0.0,0.0,0.0,0.0,0.0,0.0
DUDE,ligand_only,fabp4,fabp4,0.7,10,weighted_bh,0.0,0.0,0.0,0.0,0.0,0.0,10.0,0.0,1.0,9.0,0.2,0.1290259644146345,-10.0,0.0,-1.0,-9.0,-0.2,-0.1290259644146345,0.0,0.0,0.0,0.0,0.0,0.0,0.0,0.0,0.0,0.0,0.0,0.0,10.0,0.0,1.0,10.0,0.1,0.1216028663469226,-10.0,0.0,-1.0,-10.0,-0.1,-0.1216028663469226
DUDE,ligand_only,fabp4,fabp4,0.7,20,bh,0.0,0.0,0.0,0.0,0.0,0.0,20.0,2.0,0.9,18.0,0.1,0.1309404347059341,-20.0,-2.0,-0.9,-18.0,-0.1,-0.1309404347059341,0.0,0.0,0.0,0.0,0.0,0.0,0.0,0.0,0.0,0.0,0.0,0.0,20.0,2.0,0.9,20.0,0.05,0.1255532020196314,-20.0,-2.0,-0.9,-20.0,-0.05,-0.1255532020196314
DUDE,ligand_only,fabp4,fabp4,0.7,20,chemdeprc_cap1,0.0,0.0,0.0,0.0,0.0,0.0,20.0,2.0,0.9,18.0,0.1,0.1309404347059341,-20.0,-2.0,-0.9,-18.0,-0.1,-0.1309404347059341,0.0,0.0,0.0,0.0,0.0,0.0,0.0,0.0,0.0,0.0,0.0,0.0,20.0,2.0,0.9,20.0,0.05,0.1255532020196314,-20.0,-2.0,-0.9,-20.0,-0.05,-0.1255532020196314
DUDE,ligand_only,fabp4,fabp4,0.7,20,chemdeprc_soft75,0.0,0.0,0.0,0.0,0.0,0.0,20.0,2.0,0.9,18.0,0.1,0.1309404347059341,-20.0,-2.0,-0.9,-18.0,-0.1,-0.1309404347059341,0.0,0.0,0.0,0.0,0.0,0.0,0.0,0.0,0.0,0.0,0.0,0.0,20.0,2.0,0.9,20.0,0.05,0.1255532020196314,-20.0,-2.0,-0.9,-20.0,-0.05,-0.1255532020196314
DUDE,ligand_only,fabp4,fabp4,0.7,20,score_cap1,20.0,2.0,0.9,20.0,0.05,0.1255532020196314,20.0,2.0,0.9,18.0,0.1,0.1309404347059341,0.0,0.0,0.0,2.0,-0.05,-0.005387232686302701,0.0,0.0,0.0,0.0,0.0,0.0,20.0,2.0,0.9,20.0,0.05,0.1255532020196314,20.0,2.0,0.9,20.0,0.05,0.1255532020196314,0.0,0.0,0.0,0.0,0.0,0.0
DUDE,ligand_only,fabp4,fabp4,0.7,20,weighted_bh,0.0,0.0,0.0,0.0,0.0,0.0,20.0,2.0,0.9,18.0,0.1,0.1309404347059341,-20.0,-2.0,-0.9,-18.0,-0.1,-0.1309404347059341,0.0,0.0,0.0,0.0,0.0,0.0,0.0,0.0,0.0,0.0,0.0,0.0,20.0,2.0,0.9,20.0,0.05,0.1255532020196314,-20.0,-2.0,-0.9,-20.0,-0.05,-0.1255532020196314
DUDE,ligand_only,fabp4,fabp4,0.7,50,bh,0.0,0.0,0.0,0.0,0.0,0.0,50.0,5.0,0.9,42.0,0.06,0.1270782429736969,-50.0,-5.0,-0.9,-42.0,-0.06,-0.1270782429736969,0.0,0.0,0.0,0.0,0.0,0.0,0.0,0.0,0.0,0.0,0.0,0.0,50.0,6.0,0.88,50.0,0.02,0.1219911302421197,-50.0,-6.0,-0.88,-50.0,-0.02,-0.1219911302421197
DUDE,ligand_only,fabp4,fabp4,0.7,50,chemdeprc_cap1,0.0,0.0,0.0,0.0,0.0,0.0,50.0,5.0,0.9,42.0,0.06,0.1270782429736969,-50.0,-5.0,-0.9,-42.0,-0.06,-0.1270782429736969,0.0,0.0,0.0,0.0,0.0,0.0,0.0,0.0,0.0,0.0,0.0,0.0,50.0,6.0,0.88,50.0,0.02,0.1219911302421197,-50.0,-6.0,-0.88,-50.0,-0.02,-0.1219911302421197
DUDE,ligand_only,fabp4,fabp4,0.7,50,chemdeprc_soft75,0.0,0.0,0.0,0.0,0.0,0.0,50.0,5.0,0.9,42.0,0.06,0.1270782429736969,-50.0,-5.0,-0.9,-42.0,-0.06,-0.1270782429736969,0.0,0.0,0.0,0.0,0.0,0.0,0.0,0.0,0.0,0.0,0.0,0.0,50.0,6.0,0.88,50.0,0.02,0.1219911302421197,-50.0,-6.0,-0.88,-50.0,-0.02,-0.1219911302421197
DUDE,ligand_only,fabp4,fabp4,0.7,50,score_cap1,50.0,6.0,0.88,50.0,0.02,0.1219911302421197,50.0,5.0,0.9,42.0,0.06,0.1270782429736969,0.0,1.0,-0.020000000000000018,8.0,-0.039999999999999994,-0.005087112731577206,0.0,0.0,0.0,0.0,0.0,0.0,50.0,6.0,0.88,50.0,0.02,0.1219911302421197,50.0,6.0,0.88,50.0,0.02,0.1219911302421197,0.0,0.0,0.0,0.0,0.0,0.0
DUDE,ligand_only,fabp4,fabp4,0.7,50,weighted_bh,0.0,0.0,0.0,0.0,0.0,0.0,50.0,5.0,0.9,42.0,0.06,0.1270782429736969,-50.0,-5.0,-0.9,-42.0,-0.06,-0.1270782429736969,0.0,0.0,0.0,0.0,0.0,0.0,0.0,0.0,0.0,0.0,0.0,0.0,50.0,6.0,0.88,50.0,0.02,0.1219911302421197,-50.0,-6.0,-0.88,-50.0,-0.02,-0.1219911302421197
DUDE,ligand_only,fabp4,fabp4,0.7,100,bh,0.0,0.0,0.0,0.0,0.0,0.0,100.0,8.0,0.92,82.0,0.05,0.1267280923945333,-100.0,-8.0,-0.92,-82.0,-0.05,-0.1267280923945333,0.0,0.0,0.0,0.0,0.0,0.0,0.0,0.0,0.0,0.0,0.0,0.0,100.0,7.0,0.93,100.0,0.01,0.1222836879516998,-100.0,-7.0,-0.93,-100.0,-0.01,-0.1222836879516998
DUDE,ligand_only,fabp4,fabp4,0.7,100,chemdeprc_cap1,0.0,0.0,0.0,0.0,0.0,0.0,100.0,8.0,0.92,82.0,0.05,0.1267280923945333,-100.0,-8.0,-0.92,-82.0,-0.05,-0.1267280923945333,0.0,0.0,0.0,0.0,0.0,0.0,0.0,0.0,0.0,0.0,0.0,0.0,100.0,7.0,0.93,100.0,0.01,0.1222836879516998,-100.0,-7.0,-0.93,-100.0,-0.01,-0.1222836879516998
DUDE,ligand_only,fabp4,fabp4,0.7,100,chemdeprc_soft75,0.0,0.0,0.0,0.0,0.0,0.0,100.0,8.0,0.92,82.0,0.05,0.1267280923945333,-100.0,-8.0,-0.92,-82.0,-0.05,-0.1267280923945333,0.0,0.0,0.0,0.0,0.0,0.0,0.0,0.0,0.0,0.0,0.0,0.0,100.0,7.0,0.93,100.0,0.01,0.1222836879516998,-100.0,-7.0,-0.93,-100.0,-0.01,-0.1222836879516998
DUDE,ligand_only,fabp4,fabp4,0.7,100,score_cap1,100.0,7.0,0.93,100.0,0.01,0.1222836879516998,100.0,8.0,0.92,82.0,0.05,0.1267280923945333,0.0,-1.0,0.010000000000000009,18.0,-0.04,-0.004444404442833505,0.0,0.0,0.0,0.0,0.0,0.0,100.0,7.0,0.93,100.0,0.01,0.1222836879516998,100.0,7.0,0.93,100.0,0.01,0.1222836879516998,0.0,0.0,0.0,0.0,0.0,0.0
DUDE,ligand_only,fabp4,fabp4,0.7,100,weighted_bh,0.0,0.0,0.0,0.0,0.0,0.0,100.0,8.0,0.92,82.0,0.05,0.1267280923945333,-100.0,-8.0,-0.92,-82.0,-0.05,-0.1267280923945333,0.0,0.0,0.0,0.0,0.0,0.0,0.0,0.0,0.0,0.0,0.0,0.0,100.0,7.0,0.93,100.0,0.01,0.1222836879516998,-100.0,-7.0,-0.93,-100.0,-0.01,-0.1222836879516998
DUDE,ligand_only,fabp4,fabp4,0.7,200,bh,0.0,0.0,0.0,0.0,0.0,0.0,200.0,16.0,0.92,155.0,0.055,0.1340965393426266,-200.0,-16.0,-0.92,-155.0,-0.055,-0.1340965393426266,0.0,0.0,0.0,0.0,0.0,0.0,0.0,0.0,0.0,0.0,0.0,0.0,200.0,11.0,0.945,200.0,0.005,0.1249473659892643,-200.0,-11.0,-0.945,-200.0,-0.005,-0.1249473659892643
DUDE,ligand_only,fabp4,fabp4,0.7,200,chemdeprc_cap1,0.0,0.0,0.0,0.0,0.0,0.0,200.0,16.0,0.92,155.0,0.055,0.1340965393426266,-200.0,-16.0,-0.92,-155.0,-0.055,-0.1340965393426266,0.0,0.0,0.0,0.0,0.0,0.0,0.0,0.0,0.0,0.0,0.0,0.0,200.0,11.0,0.945,200.0,0.005,0.1249473659892643,-200.0,-11.0,-0.945,-200.0,-0.005,-0.1249473659892643
DUDE,ligand_only,fabp4,fabp4,0.7,200,chemdeprc_soft75,0.0,0.0,0.0,0.0,0.0,0.0,200.0,16.0,0.92,155.0,0.055,0.1340965393426266,-200.0,-16.0,-0.92,-155.0,-0.055,-0.1340965393426266,0.0,0.0,0.0,0.0,0.0,0.0,0.0,0.0,0.0,0.0,0.0,0.0,200.0,11.0,0.945,200.0,0.005,0.1249473659892643,-200.0,-11.0,-0.945,-200.0,-0.005,-0.1249473659892643
DUDE,ligand_only,fabp4,fabp4,0.7,200,score_cap1,200.0,11.0,0.945,200.0,0.005,0.1249473659892643,200.0,16.0,0.92,155.0,0.055,0.1340965393426266,0.0,-5.0,0.02499999999999991,45.0,-0.05,-0.009149173353362308,0.0,0.0,0.0,0.0,0.0,0.0,200.0,11.0,0.945,200.0,0.005,0.1249473659892643,200.0,11.0,0.945,200.0,0.005,0.1249473659892643,0.0,0.0,0.0,0.0,0.0,0.0
DUDE,ligand_only,fabp4,fabp4,0.7,200,weighted_bh,0.0,0.0,0.0,0.0,0.0,0.0,200.0,16.0,0.92,155.0,0.055,0.1340965393426266,-200.0,-16.0,-0.92,-155.0,-0.055,-0.1340965393426266,0.0,0.0,0.0,0.0,0.0,0.0,0.0,0.0,0.0,0.0,0.0,0.0,200.0,11.0,0.945,200.0,0.005,0.1249473659892643,-200.0,-11.0,-0.945,-200.0,-0.005,-0.1249473659892643
DUDE,ligand_only,fabp4,fabp4,0.7,500,bh,0.0,0.0,0.0,0.0,0.0,0.0,500.0,26.0,0.948,343.0,0.044,0.1283112297588292,-500.0,-26.0,-0.948,-343.0,-0.044,-0.1283112297588292,0.0,0.0,0.0,0.0,0.0,0.0,0.0,0.0,0.0,0.0,0.0,0.0,500.0,16.0,0.968,500.0,0.002,0.1169144331253336,-500.0,-16.0,-0.968,-500.0,-0.002,-0.1169144331253336
DUDE,ligand_only,fabp4,fabp4,0.7,500,chemdeprc_cap1,0.0,0.0,0.0,0.0,0.0,0.0,500.0,26.0,0.948,343.0,0.044,0.1283112297588292,-500.0,-26.0,-0.948,-343.0,-0.044,-0.1283112297588292,0.0,0.0,0.0,0.0,0.0,0.0,0.0,0.0,0.0,0.0,0.0,0.0,500.0,16.0,0.968,500.0,0.002,0.1169144331253336,-500.0,-16.0,-0.968,-500.0,-0.002,-0.1169144331253336
DUDE,ligand_only,fabp4,fabp4,0.7,500,chemdeprc_soft75,0.0,0.0,0.0,0.0,0.0,0.0,500.0,26.0,0.948,343.0,0.044,0.1283112297588292,-500.0,-26.0,-0.948,-343.0,-0.044,-0.1283112297588292,0.0,0.0,0.0,0.0,0.0,0.0,0.0,0.0,0.0,0.0,0.0,0.0,500.0,16.0,0.968,500.0,0.002,0.1169144331253336,-500.0,-16.0,-0.968,-500.0,-0.002,-0.1169144331253336
DUDE,ligand_only,fabp4,fabp4,0.7,500,score_cap1,500.0,16.0,0.968,500.0,0.002,0.1169144331253336,500.0,26.0,0.948,343.0,0.044,0.1283112297588292,0.0,-10.0,0.020000000000000018,157.0,-0.041999999999999996,-0.01139679663349559,0.0,0.0,0.0,0.0,0.0,0.0,500.0,16.0,0.968,500.0,0.002,0.1169144331253336,500.0,16.0,0.968,500.0,0.002,0.1169144331253336,0.0,0.0,0.0,0.0,0.0,0.0
DUDE,ligand_only,fabp4,fabp4,0.7,500,weighted_bh,0.0,0.0,0.0,0.0,0.0,0.0,500.0,26.0,0.948,343.0,0.044,0.1283112297588292,-500.0,-26.0,-0.948,-343.0,-0.044,-0.1283112297588292,0.0,0.0,0.0,0.0,0.0,0.0,0.0,0.0,0.0,0.0,0.0,0.0,500.0,16.0,0.968,500.0,0.002,0.1169144331253336,-500.0,-16.0,-0.968,-500.0,-0.002,-0.1169144331253336
DUDE,ligand_only,glcm,glcm,0.7,10,bh,10.0,0.0,1.0,9.0,0.2,0.107611997754075,10.0,0.0,1.0,9.0,0.2,0.107611997754075,0.0,0.0,0.0,0.0,0.0,0.0,10.0,0.0,1.0,9.0,0.2,0.107611997754075,0.0,0.0,0.0,0.0,0.0,0.0,10.0,0.0,1.0,10.0,0.1,0.1054163309005237,0.0,0.0,0.0,-1.0,0.1,0.002195666853551298
DUDE,ligand_only,glcm,glcm,0.7,10,chemdeprc_cap1,10.0,0.0,1.0,10.0,0.1,0.1133618235609731,10.0,0.0,1.0,9.0,0.2,0.107611997754075,0.0,0.0,0.0,1.0,-0.1,0.005749825806898104,10.0,0.0,1.0,9.0,0.2,0.107611997754075,0.0,0.0,0.0,1.0,-0.1,0.005749825806898104,10.0,0.0,1.0,10.0,0.1,0.1054163309005237,0.0,0.0,0.0,0.0,0.0,0.007945492660449402
DUDE,ligand_only,glcm,glcm,0.7,10,chemdeprc_soft75,10.0,0.0,1.0,8.0,0.3,0.1354105478741824,10.0,0.0,1.0,9.0,0.2,0.107611997754075,0.0,0.0,0.0,-1.0,0.09999999999999998,0.027798550120107415,10.0,0.0,1.0,9.0,0.2,0.107611997754075,0.0,0.0,0.0,-1.0,0.09999999999999998,0.027798550120107415,10.0,0.0,1.0,10.0,0.1,0.1054163309005237,0.0,0.0,0.0,-2.0,0.19999999999999998,0.029994216973658713
DUDE,ligand_only,glcm,glcm,0.7,10,score_cap1,10.0,0.0,1.0,10.0,0.1,0.1054163309005237,10.0,0.0,1.0,9.0,0.2,0.107611997754075,0.0,0.0,0.0,1.0,-0.1,-0.002195666853551298,10.0,0.0,1.0,9.0,0.2,0.107611997754075,0.0,0.0,0.0,1.0,-0.1,-0.002195666853551298,10.0,0.0,1.0,10.0,0.1,0.1054163309005237,0.0,0.0,0.0,0.0,0.0,0.0
DUDE,ligand_only,glcm,glcm,0.7,10,weighted_bh,10.0,0.0,1.0,10.0,0.1,0.1133618235609731,10.0,0.0,1.0,9.0,0.2,0.107611997754075,0.0,0.0,0.0,1.0,-0.1,0.005749825806898104,10.0,0.0,1.0,9.0,0.2,0.107611997754075,0.0,0.0,0.0,1.0,-0.1,0.005749825806898104,10.0,0.0,1.0,10.0,0.1,0.1054163309005237,0.0,0.0,0.0,0.0,0.0,0.007945492660449402
DUDE,ligand_only,glcm,glcm,0.7,20,bh,13.0,0.0,1.0,11.0,0.1538461538461538,0.1091303380918911,20.0,0.0,1.0,18.0,0.1,0.1021918798518899,-7.0,0.0,0.0,-7.0,0.053846153846153794,0.006938458240001194,13.0,0.0,1.0,11.0,0.1538461538461538,0.1091303380918911,0.0,0.0,0.0,0.0,0.0,0.0,20.0,0.0,1.0,20.0,0.05,0.0996768379686931,-7.0,0.0,0.0,-9.0,0.1038461538461538,0.009453500123197997
DUDE,ligand_only,glcm,glcm,0.7,20,chemdeprc_cap1,20.0,0.0,1.0,20.0,0.05,0.0958050123058941,20.0,0.0,1.0,18.0,0.1,0.1021918798518899,0.0,0.0,0.0,2.0,-0.05,-0.0063868675459958085,13.0,0.0,1.0,11.0,0.1538461538461538,0.1091303380918911,7.0,0.0,0.0,9.0,-0.1038461538461538,-0.013325325785997003,20.0,0.0,1.0,20.0,0.05,0.0996768379686931,0.0,0.0,0.0,0.0,0.0,-0.0038718256627990055
DUDE,ligand_only,glcm,glcm,0.7,20,chemdeprc_soft75,17.0,0.0,1.0,15.0,0.1764705882352941,0.1065104479253646,20.0,0.0,1.0,18.0,0.1,0.1021918798518899,-3.0,0.0,0.0,-3.0,0.0764705882352941,0.004318568073474693,13.0,0.0,1.0,11.0,0.1538461538461538,0.1091303380918911,4.0,0.0,0.0,4.0,0.022624434389140302,-0.0026198901665265006,20.0,0.0,1.0,20.0,0.05,0.0996768379686931,-3.0,0.0,0.0,-5.0,0.1264705882352941,0.006833609956671496
DUDE,ligand_only,glcm,glcm,0.7,20,score_cap1,20.0,0.0,1.0,20.0,0.05,0.0996768379686931,20.0,0.0,1.0,18.0,0.1,0.1021918798518899,0.0,0.0,0.0,2.0,-0.05,-0.002515041883196803,13.0,0.0,1.0,11.0,0.1538461538461538,0.1091303380918911,7.0,0.0,0.0,9.0,-0.1038461538461538,-0.009453500123197997,20.0,0.0,1.0,20.0,0.05,0.0996768379686931,0.0,0.0,0.0,0.0,0.0,0.0
DUDE,ligand_only,glcm,glcm,0.7,20,weighted_bh,20.0,0.0,1.0,20.0,0.05,0.0938741608587436,20.0,0.0,1.0,18.0,0.1,0.1021918798518899,0.0,0.0,0.0,2.0,-0.05,-0.008317718993146303,13.0,0.0,1.0,11.0,0.1538461538461538,0.1091303380918911,7.0,0.0,0.0,9.0,-0.1038461538461538,-0.015256177233147497,20.0,0.0,1.0,20.0,0.05,0.0996768379686931,0.0,0.0,0.0,0.0,0.0,-0.0058026771099495
DUDE,ligand_only,glcm,glcm,0.7,50,bh,13.0,0.0,1.0,11.0,0.1538461538461538,0.1091303380918911,50.0,0.0,1.0,47.0,0.06,0.10092104366515,-37.0,0.0,0.0,-36.0,0.0938461538461538,0.008209294426741093,13.0,0.0,1.0,11.0,0.1538461538461538,0.1091303380918911,0.0,0.0,0.0,0.0,0.0,0.0,50.0,0.0,1.0,50.0,0.02,0.1015866410834342,-37.0,0.0,0.0,-39.0,0.1338461538461538,0.007543697008456904
DUDE,ligand_only,glcm,glcm,0.7,50,chemdeprc_cap1,50.0,3.0,0.94,50.0,0.02,0.1000874890621708,50.0,0.0,1.0,47.0,0.06,0.10092104366515,0.0,3.0,-0.06000000000000005,3.0,-0.039999999999999994,-0.0008335546029792085,13.0,0.0,1.0,11.0,0.1538461538461538,0.1091303380918911,37.0,3.0,-0.06000000000000005,39.0,-0.1338461538461538,-0.009042849029720301,50.0,0.0,1.0,50.0,0.02,0.1015866410834342,0.0,3.0,-0.06000000000000005,0.0,0.0,-0.0014991520212633974
DUDE,ligand_only,glcm,glcm,0.7,50,chemdeprc_soft75,50.0,0.0,1.0,38.0,0.12,0.0969401517461081,50.0,0.0,1.0,47.0,0.06,0.10092104366515,0.0,0.0,0.0,-9.0,0.06,-0.003980891919041912,13.0,0.0,1.0,11.0,0.1538461538461538,0.1091303380918911,37.0,0.0,0.0,27.0,-0.033846153846153804,-0.012190186345783005,50.0,0.0,1.0,50.0,0.02,0.1015866410834342,0.0,0.0,0.0,-12.0,0.09999999999999999,-0.004646489337326101
DUDE,ligand_only,glcm,glcm,0.7,50,score_cap1,50.0,0.0,1.0,50.0,0.02,0.1015866410834342,50.0,0.0,1.0,47.0,0.06,0.10092104366515,0.0,0.0,0.0,3.0,-0.039999999999999994,0.000665597418284189,13.0,0.0,1.0,11.0,0.1538461538461538,0.1091303380918911,37.0,0.0,0.0,39.0,-0.1338461538461538,-0.007543697008456904,50.0,0.0,1.0,50.0,0.02,0.1015866410834342,0.0,0.0,0.0,0.0,0.0,0.0
DUDE,ligand_only,glcm,glcm,0.7,50,weighted_bh,50.0,3.0,0.94,49.0,0.04,0.1004548578073315,50.0,0.0,1.0,47.0,0.06,0.10092104366515,0.0,3.0,-0.06000000000000005,2.0,-0.019999999999999997,-0.00046618585781850463,13.0,0.0,1.0,11.0,0.1538461538461538,0.1091303380918911,37.0,3.0,-0.06000000000000005,38.0,-0.11384615384615379,-0.008675480284559597,50.0,0.0,1.0,50.0,0.02,0.1015866410834342,0.0,3.0,-0.06000000000000005,-1.0,0.02,-0.0011317832761026936
DUDE,ligand_only,glcm,glcm,0.7,100,bh,13.0,0.0,1.0,11.0,0.1538461538461538,0.1091303380918911,100.0,5.0,0.95,95.0,0.04,0.102615017495157,-87.0,-5.0,0.050000000000000044,-84.0,0.11384615384615379,0.006515320596734098,13.0,0.0,1.0,11.0,0.1538461538461538,0.1091303380918911,0.0,0.0,0.0,0.0,0.0,0.0,100.0,5.0,0.95,100.0,0.01,0.1009559963702718,-87.0,-5.0,0.050000000000000044,-89.0,0.1438461538461538,0.008174341721619294
DUDE,ligand_only,glcm,glcm,0.7,100,chemdeprc_cap1,60.0,3.0,0.95,60.0,0.0166666666666666,0.1044746415504613,100.0,5.0,0.95,95.0,0.04,0.102615017495157,-40.0,-2.0,0.0,-35.0,-0.0233333333333334,0.001859624055304293,13.0,0.0,1.0,11.0,0.1538461538461538,0.1091303380918911,47.0,3.0,-0.050000000000000044,49.0,-0.1371794871794872,-0.004655696541429805,100.0,5.0,0.95,100.0,0.01,0.1009559963702718,-40.0,-2.0,0.0,-40.0,0.0066666666666666,0.003518645180189489
DUDE,ligand_only,glcm,glcm,0.7,100,chemdeprc_soft75,82.0,3.0,0.9634146341463414,60.0,0.1341463414634146,0.1014270083542239,100.0,5.0,0.95,95.0,0.04,0.102615017495157,-18.0,-2.0,0.013414634146341475,-35.0,0.09414634146341458,-0.0011880091409331023,13.0,0.0,1.0,11.0,0.1538461538461538,0.1091303380918911,69.0,3.0,-0.03658536585365857,49.0,-0.019699812382739212,-0.0077033297376672,100.0,5.0,0.95,100.0,0.01,0.1009559963702718,-18.0,-2.0,0.013414634146341475,-40.0,0.12414634146341459,0.00047101198395209376
DUDE,ligand_only,glcm,glcm,0.7,100,score_cap1,100.0,5.0,0.95,100.0,0.01,0.1009559963702718,100.0,5.0,0.95,95.0,0.04,0.102615017495157,0.0,0.0,0.0,5.0,-0.03,-0.001659021124885196,13.0,0.0,1.0,11.0,0.1538461538461538,0.1091303380918911,87.0,5.0,-0.050000000000000044,89.0,-0.1438461538461538,-0.008174341721619294,100.0,5.0,0.95,100.0,0.01,0.1009559963702718,0.0,0.0,0.0,0.0,0.0,0.0
DUDE,ligand_only,glcm,glcm,0.7,100,weighted_bh,61.0,3.0,0.9508196721311476,60.0,0.0327868852459016,0.1043403885812459,100.0,5.0,0.95,95.0,0.04,0.102615017495157,-39.0,-2.0,0.0008196721311476418,-35.0,-0.007213114754098401,0.0017253710860889032,13.0,0.0,1.0,11.0,0.1538461538461538,0.1091303380918911,48.0,3.0,-0.0491803278688524,49.0,-0.1210592686002522,-0.0047899495106451945,100.0,5.0,0.95,100.0,0.01,0.1009559963702718,-39.0,-2.0,0.0008196721311476418,-40.0,0.022786885245901597,0.0033843922109740993
DUDE,ligand_only,glcm,glcm,0.7,200,bh,13.0,0.0,1.0,11.0,0.1538461538461538,0.1091303380918911,200.0,6.0,0.97,177.0,0.08,0.1024486001461241,-187.0,-6.0,0.030000000000000027,-166.0,0.0738461538461538,0.0066817379457669995,13.0,0.0,1.0,11.0,0.1538461538461538,0.1091303380918911,0.0,0.0,0.0,0.0,0.0,0.0,200.0,8.0,0.96,200.0,0.005,0.1026130613421233,-187.0,-8.0,0.040000000000000036,-189.0,0.1488461538461538,0.006517276749767806
DUDE,ligand_only,glcm,glcm,0.7,200,chemdeprc_cap1,60.0,3.0,0.95,60.0,0.0166666666666666,0.1044746415504613,200.0,6.0,0.97,177.0,0.08,0.1024486001461241,-140.0,-3.0,-0.020000000000000018,-117.0,-0.06333333333333341,0.002026041404337195,13.0,0.0,1.0,11.0,0.1538461538461538,0.1091303380918911,47.0,3.0,-0.050000000000000044,49.0,-0.1371794871794872,-0.004655696541429805,200.0,8.0,0.96,200.0,0.005,0.1026130613421233,-140.0,-5.0,-0.010000000000000009,-140.0,0.0116666666666666,0.0018615802083380012
DUDE,ligand_only,glcm,glcm,0.7,200,chemdeprc_soft75,82.0,3.0,0.9634146341463414,60.0,0.1341463414634146,0.1014270083542239,200.0,6.0,0.97,177.0,0.08,0.1024486001461241,-118.0,-3.0,-0.0065853658536585424,-117.0,0.054146341463414585,-0.0010215917919002004,13.0,0.0,1.0,11.0,0.1538461538461538,0.1091303380918911,69.0,3.0,-0.03658536585365857,49.0,-0.019699812382739212,-0.0077033297376672,200.0,8.0,0.96,200.0,0.005,0.1026130613421233,-118.0,-5.0,0.0034146341463414664,-140.0,0.12914634146341458,-0.0011860529878993942
DUDE,ligand_only,glcm,glcm,0.7,200,score_cap1,200.0,8.0,0.96,200.0,0.005,0.1026130613421233,200.0,6.0,0.97,177.0,0.08,0.1024486001461241,0.0,2.0,-0.010000000000000009,23.0,-0.075,0.00016446119599919373,13.0,0.0,1.0,11.0,0.1538461538461538,0.1091303380918911,187.0,8.0,-0.040000000000000036,189.0,-0.1488461538461538,-0.006517276749767806,200.0,8.0,0.96,200.0,0.005,0.1026130613421233,0.0,0.0,0.0,0.0,0.0,0.0
DUDE,ligand_only,glcm,glcm,0.7,200,weighted_bh,61.0,3.0,0.9508196721311476,60.0,0.0327868852459016,0.1043403885812459,200.0,6.0,0.97,177.0,0.08,0.1024486001461241,-139.0,-3.0,-0.019180327868852376,-117.0,-0.0472131147540984,0.001891788435121805,13.0,0.0,1.0,11.0,0.1538461538461538,0.1091303380918911,48.0,3.0,-0.0491803278688524,49.0,-0.1210592686002522,-0.0047899495106451945,200.0,8.0,0.96,200.0,0.005,0.1026130613421233,-139.0,-5.0,-0.009180327868852367,-140.0,0.0277868852459016,0.0017273272391226113
DUDE,ligand_only,glcm,glcm,0.7,500,bh,13.0,0.0,1.0,11.0,0.1538461538461538,0.1091303380918911,500.0,20.0,0.96,398.0,0.098,0.1045376942521633,-487.0,-20.0,0.040000000000000036,-387.0,0.055846153846153795,0.004592643839727795,13.0,0.0,1.0,11.0,0.1538461538461538,0.1091303380918911,0.0,0.0,0.0,0.0,0.0,0.0,500.0,17.0,0.966,500.0,0.002,0.1025133167158351,-487.0,-17.0,0.03400000000000003,-489.0,0.1518461538461538,0.006617021376055993
DUDE,ligand_only,glcm,glcm,0.7,500,chemdeprc_cap1,60.0,3.0,0.95,60.0,0.0166666666666666,0.1044746415504613,500.0,20.0,0.96,398.0,0.098,0.1045376942521633,-440.0,-17.0,-0.010000000000000009,-338.0,-0.0813333333333334,-6.305270170200994e-05,13.0,0.0,1.0,11.0,0.1538461538461538,0.1091303380918911,47.0,3.0,-0.050000000000000044,49.0,-0.1371794871794872,-0.004655696541429805,500.0,17.0,0.966,500.0,0.002,0.1025133167158351,-440.0,-14.0,-0.016000000000000014,-440.0,0.0146666666666666,0.001961324834626188
DUDE,ligand_only,glcm,glcm,0.7,500,chemdeprc_soft75,82.0,3.0,0.9634146341463414,60.0,0.1341463414634146,0.1014270083542239,500.0,20.0,0.96,398.0,0.098,0.1045376942521633,-418.0,-17.0,0.0034146341463414664,-338.0,0.03614634146341458,-0.0031106858979394053,13.0,0.0,1.0,11.0,0.1538461538461538,0.1091303380918911,69.0,3.0,-0.03658536585365857,49.0,-0.019699812382739212,-0.0077033297376672,500.0,17.0,0.966,500.0,0.002,0.1025133167158351,-418.0,-14.0,-0.002585365853658539,-440.0,0.13214634146341458,-0.0010863083616112074
DUDE,ligand_only,glcm,glcm,0.7,500,score_cap1,500.0,17.0,0.966,500.0,0.002,0.1025133167158351,500.0,20.0,0.96,398.0,0.098,0.1045376942521633,0.0,-3.0,0.006000000000000005,102.0,-0.096,-0.002024377536328198,13.0,0.0,1.0,11.0,0.1538461538461538,0.1091303380918911,487.0,17.0,-0.03400000000000003,489.0,-0.1518461538461538,-0.006617021376055993,500.0,17.0,0.966,500.0,0.002,0.1025133167158351,0.0,0.0,0.0,0.0,0.0,0.0
DUDE,ligand_only,glcm,glcm,0.7,500,weighted_bh,61.0,3.0,0.9508196721311476,60.0,0.0327868852459016,0.1043403885812459,500.0,20.0,0.96,398.0,0.098,0.1045376942521633,-439.0,-17.0,-0.009180327868852367,-338.0,-0.06521311475409841,-0.0001973056709173998,13.0,0.0,1.0,11.0,0.1538461538461538,0.1091303380918911,48.0,3.0,-0.0491803278688524,49.0,-0.1210592686002522,-0.0047899495106451945,500.0,17.0,0.966,500.0,0.002,0.1025133167158351,-439.0,-14.0,-0.015180327868852372,-440.0,0.030786885245901598,0.0018270718654107981
DUDE,ligand_only,inha,inha,0.7,10,bh,10.0,0.0,1.0,10.0,0.1,0.1105042024035991,10.0,0.0,1.0,10.0,0.1,0.1105042024035991,0.0,0.0,0.0,0.0,0.0,0.0,10.0,0.0,1.0,10.0,0.1,0.1105042024035991,0.0,0.0,0.0,0.0,0.0,0.0,10.0,0.0,1.0,10.0,0.1,0.1105042024035991,0.0,0.0,0.0,0.0,0.0,0.0
DUDE,ligand_only,inha,inha,0.7,10,chemdeprc_cap1,10.0,0.0,1.0,10.0,0.1,0.1120958353100361,10.0,0.0,1.0,10.0,0.1,0.1105042024035991,0.0,0.0,0.0,0.0,0.0,0.0015916329064370044,10.0,0.0,1.0,10.0,0.1,0.1105042024035991,0.0,0.0,0.0,0.0,0.0,0.0015916329064370044,10.0,0.0,1.0,10.0,0.1,0.1105042024035991,0.0,0.0,0.0,0.0,0.0,0.0015916329064370044
DUDE,ligand_only,inha,inha,0.7,10,chemdeprc_soft75,10.0,0.0,1.0,8.0,0.2,0.1447158645807717,10.0,0.0,1.0,10.0,0.1,0.1105042024035991,0.0,0.0,0.0,-2.0,0.1,0.034211662177172614,10.0,0.0,1.0,10.0,0.1,0.1105042024035991,0.0,0.0,0.0,-2.0,0.1,0.034211662177172614,10.0,0.0,1.0,10.0,0.1,0.1105042024035991,0.0,0.0,0.0,-2.0,0.1,0.034211662177172614
DUDE,ligand_only,inha,inha,0.7,10,score_cap1,10.0,0.0,1.0,10.0,0.1,0.1105042024035991,10.0,0.0,1.0,10.0,0.1,0.1105042024035991,0.0,0.0,0.0,0.0,0.0,0.0,10.0,0.0,1.0,10.0,0.1,0.1105042024035991,0.0,0.0,0.0,0.0,0.0,0.0,10.0,0.0,1.0,10.0,0.1,0.1105042024035991,0.0,0.0,0.0,0.0,0.0,0.0
DUDE,ligand_only,inha,inha,0.7,10,weighted_bh,10.0,0.0,1.0,10.0,0.1,0.1120958353100361,10.0,0.0,1.0,10.0,0.1,0.1105042024035991,0.0,0.0,0.0,0.0,0.0,0.0015916329064370044,10.0,0.0,1.0,10.0,0.1,0.1105042024035991,0.0,0.0,0.0,0.0,0.0,0.0015916329064370044,10.0,0.0,1.0,10.0,0.1,0.1105042024035991,0.0,0.0,0.0,0.0,0.0,0.0015916329064370044
DUDE,ligand_only,inha,inha,0.7,20,bh,20.0,0.0,1.0,19.0,0.1,0.1080436608960943,20.0,0.0,1.0,19.0,0.1,0.1080436608960943,0.0,0.0,0.0,0.0,0.0,0.0,20.0,0.0,1.0,19.0,0.1,0.1080436608960943,0.0,0.0,0.0,0.0,0.0,0.0,20.0,0.0,1.0,20.0,0.05,0.105696457237943,0.0,0.0,0.0,-1.0,0.05,0.0023472036581512895
DUDE,ligand_only,inha,inha,0.7,20,chemdeprc_cap1,20.0,0.0,1.0,20.0,0.05,0.108055069975581,20.0,0.0,1.0,19.0,0.1,0.1080436608960943,0.0,0.0,0.0,1.0,-0.05,1.1409079486698892e-05,20.0,0.0,1.0,19.0,0.1,0.1080436608960943,0.0,0.0,0.0,1.0,-0.05,1.1409079486698892e-05,20.0,0.0,1.0,20.0,0.05,0.105696457237943,0.0,0.0,0.0,0.0,0.0,0.0023586127376379884
DUDE,ligand_only,inha,inha,0.7,20,chemdeprc_soft75,17.0,0.0,1.0,15.0,0.1176470588235294,0.1223891316211512,20.0,0.0,1.0,19.0,0.1,0.1080436608960943,-3.0,0.0,0.0,-4.0,0.01764705882352939,0.014345470725056902,20.0,0.0,1.0,19.0,0.1,0.1080436608960943,-3.0,0.0,0.0,-4.0,0.01764705882352939,0.014345470725056902,20.0,0.0,1.0,20.0,0.05,0.105696457237943,-3.0,0.0,0.0,-5.0,0.0676470588235294,0.016692674383208192
DUDE,ligand_only,inha,inha,0.7,20,score_cap1,20.0,0.0,1.0,20.0,0.05,0.105696457237943,20.0,0.0,1.0,19.0,0.1,0.1080436608960943,0.0,0.0,0.0,1.0,-0.05,-0.0023472036581512895,20.0,0.0,1.0,19.0,0.1,0.1080436608960943,0.0,0.0,0.0,1.0,-0.05,-0.0023472036581512895,20.0,0.0,1.0,20.0,0.05,0.105696457237943,0.0,0.0,0.0,0.0,0.0,0.0
DUDE,ligand_only,inha,inha,0.7,20,weighted_bh,20.0,0.0,1.0,20.0,0.05,0.108055069975581,20.0,0.0,1.0,19.0,0.1,0.1080436608960943,0.0,0.0,0.0,1.0,-0.05,1.1409079486698892e-05,20.0,0.0,1.0,19.0,0.1,0.1080436608960943,0.0,0.0,0.0,1.0,-0.05,1.1409079486698892e-05,20.0,0.0,1.0,20.0,0.05,0.105696457237943,0.0,0.0,0.0,0.0,0.0,0.0023586127376379884
DUDE,ligand_only,inha,inha,0.7,50,bh,50.0,3.0,0.94,46.0,0.06,0.1099615820399442,50.0,3.0,0.94,46.0,0.06,0.1099615820399442,0.0,0.0,0.0,0.0,0.0,0.0,50.0,3.0,0.94,46.0,0.06,0.1099615820399442,0.0,0.0,0.0,0.0,0.0,0.0,50.0,3.0,0.94,50.0,0.02,0.1082432258667098,0.0,0.0,0.0,-4.0,0.039999999999999994,0.0017183561732344033
DUDE,ligand_only,inha,inha,0.7,50,chemdeprc_cap1,50.0,5.0,0.9,50.0,0.02,0.1092983150847522,50.0,3.0,0.94,46.0,0.06,0.1099615820399442,0.0,2.0,-0.039999999999999925,4.0,-0.039999999999999994,-0.0006632669551920045,50.0,3.0,0.94,46.0,0.06,0.1099615820399442,0.0,2.0,-0.039999999999999925,4.0,-0.039999999999999994,-0.0006632669551920045,50.0,3.0,0.94,50.0,0.02,0.1082432258667098,0.0,2.0,-0.039999999999999925,0.0,0.0,0.0010550892180423987
DUDE,ligand_only,inha,inha,0.7,50,chemdeprc_soft75,50.0,4.0,0.92,38.0,0.04,0.1134882392709683,50.0,3.0,0.94,46.0,0.06,0.1099615820399442,0.0,1.0,-0.019999999999999907,-8.0,-0.019999999999999997,0.0035266572310240912,50.0,3.0,0.94,46.0,0.06,0.1099615820399442,0.0,1.0,-0.019999999999999907,-8.0,-0.019999999999999997,0.0035266572310240912,50.0,3.0,0.94,50.0,0.02,0.1082432258667098,0.0,1.0,-0.019999999999999907,-12.0,0.02,0.0052450134042584945
DUDE,ligand_only,inha,inha,0.7,50,score_cap1,50.0,3.0,0.94,50.0,0.02,0.1082432258667098,50.0,3.0,0.94,46.0,0.06,0.1099615820399442,0.0,0.0,0.0,4.0,-0.039999999999999994,-0.0017183561732344033,50.0,3.0,0.94,46.0,0.06,0.1099615820399442,0.0,0.0,0.0,4.0,-0.039999999999999994,-0.0017183561732344033,50.0,3.0,0.94,50.0,0.02,0.1082432258667098,0.0,0.0,0.0,0.0,0.0,0.0
DUDE,ligand_only,inha,inha,0.7,50,weighted_bh,50.0,5.0,0.9,50.0,0.02,0.1092983150847522,50.0,3.0,0.94,46.0,0.06,0.1099615820399442,0.0,2.0,-0.039999999999999925,4.0,-0.039999999999999994,-0.0006632669551920045,50.0,3.0,0.94,46.0,0.06,0.1099615820399442,0.0,2.0,-0.039999999999999925,4.0,-0.039999999999999994,-0.0006632669551920045,50.0,3.0,0.94,50.0,0.02,0.1082432258667098,0.0,2.0,-0.039999999999999925,0.0,0.0,0.0010550892180423987
DUDE,ligand_only,inha,inha,0.7,100,bh,100.0,9.0,0.91,86.0,0.07,0.1079147174186959,100.0,9.0,0.91,86.0,0.07,0.1079147174186959,0.0,0.0,0.0,0.0,0.0,0.0,100.0,9.0,0.91,86.0,0.07,0.1079147174186959,0.0,0.0,0.0,0.0,0.0,0.0,100.0,7.0,0.93,100.0,0.01,0.1063230843102872,0.0,2.0,-0.020000000000000018,-14.0,0.060000000000000005,0.0015916331084087076
DUDE,ligand_only,inha,inha,0.7,100,chemdeprc_cap1,100.0,8.0,0.92,100.0,0.01,0.1094795281067719,100.0,9.0,0.91,86.0,0.07,0.1079147174186959,0.0,-1.0,0.010000000000000009,14.0,-0.060000000000000005,0.0015648106880759988,100.0,9.0,0.91,86.0,0.07,0.1079147174186959,0.0,-1.0,0.010000000000000009,14.0,-0.060000000000000005,0.0015648106880759988,100.0,7.0,0.93,100.0,0.01,0.1063230843102872,0.0,1.0,-0.010000000000000009,0.0,0.0,0.0031564437964847064
DUDE,ligand_only,inha,inha,0.7,100,chemdeprc_soft75,100.0,7.0,0.93,75.0,0.03,0.1076426125455791,100.0,9.0,0.91,86.0,0.07,0.1079147174186959,0.0,-2.0,0.020000000000000018,-11.0,-0.04000000000000001,-0.0002721048731168102,100.0,9.0,0.91,86.0,0.07,0.1079147174186959,0.0,-2.0,0.020000000000000018,-11.0,-0.04000000000000001,-0.0002721048731168102,100.0,7.0,0.93,100.0,0.01,0.1063230843102872,0.0,0.0,0.0,-25.0,0.019999999999999997,0.0013195282352918974
DUDE,ligand_only,inha,inha,0.7,100,score_cap1,100.0,7.0,0.93,100.0,0.01,0.1063230843102872,100.0,9.0,0.91,86.0,0.07,0.1079147174186959,0.0,-2.0,0.020000000000000018,14.0,-0.060000000000000005,-0.0015916331084087076,100.0,9.0,0.91,86.0,0.07,0.1079147174186959,0.0,-2.0,0.020000000000000018,14.0,-0.060000000000000005,-0.0015916331084087076,100.0,7.0,0.93,100.0,0.01,0.1063230843102872,0.0,0.0,0.0,0.0,0.0,0.0
DUDE,ligand_only,inha,inha,0.7,100,weighted_bh,100.0,9.0,0.91,96.0,0.02,0.1093302660269742,100.0,9.0,0.91,86.0,0.07,0.1079147174186959,0.0,0.0,0.0,10.0,-0.05,0.0014155486082782914,100.0,9.0,0.91,86.0,0.07,0.1079147174186959,0.0,0.0,0.0,10.0,-0.05,0.0014155486082782914,100.0,7.0,0.93,100.0,0.01,0.1063230843102872,0.0,2.0,-0.020000000000000018,-4.0,0.01,0.003007181716686999
DUDE,ligand_only,inha,inha,0.7,200,bh,164.0,13.0,0.9207317073170732,135.0,0.0548780487804878,0.1092212761411506,200.0,15.0,0.925,167.0,0.045,0.1089785750331629,-36.0,-2.0,-0.004268292682926833,-32.0,0.0098780487804878,0.00024270110798770006,164.0,13.0,0.9207317073170732,135.0,0.0548780487804878,0.1092212761411506,0.0,0.0,0.0,0.0,0.0,0.0,200.0,12.0,0.94,200.0,0.005,0.1088851601178961,-36.0,1.0,-0.019268292682926735,-65.0,0.0498780487804878,0.00033611602325449297
DUDE,ligand_only,inha,inha,0.7,200,chemdeprc_cap1,105.0,8.0,0.923809523809524,105.0,0.0095238095238095,0.1100999278213966,200.0,15.0,0.925,167.0,0.045,0.1089785750331629,-95.0,-7.0,-0.0011904761904760752,-62.0,-0.035476190476190494,0.0011213527882337065,164.0,13.0,0.9207317073170732,135.0,0.0548780487804878,0.1092212761411506,-59.0,-5.0,0.003077816492450758,-30.0,-0.045354239256678294,0.0008786516802460065,200.0,12.0,0.94,200.0,0.005,0.1088851601178961,-95.0,-4.0,-0.016190476190475978,-95.0,0.0045238095238095,0.0012147677035004995
DUDE,ligand_only,inha,inha,0.7,200,chemdeprc_soft75,155.0,9.0,0.9419354838709676,105.0,0.0580645161290322,0.1090360973626333,200.0,15.0,0.925,167.0,0.045,0.1089785750331629,-45.0,-6.0,0.01693548387096755,-62.0,0.0130645161290322,5.75223294703997e-05,164.0,13.0,0.9207317073170732,135.0,0.0548780487804878,0.1092212761411506,-9.0,-4.0,0.021203776553894382,-30.0,0.0031864673485444,-0.00018517877851730036,200.0,12.0,0.94,200.0,0.005,0.1088851601178961,-45.0,-3.0,0.001935483870967647,-95.0,0.0530645161290322,0.0001509372447371926
DUDE,ligand_only,inha,inha,0.7,200,score_cap1,200.0,12.0,0.94,200.0,0.005,0.1088851601178961,200.0,15.0,0.925,167.0,0.045,0.1089785750331629,0.0,-3.0,0.014999999999999902,33.0,-0.04,-9.341491526679291e-05,164.0,13.0,0.9207317073170732,135.0,0.0548780487804878,0.1092212761411506,36.0,-1.0,0.019268292682926735,65.0,-0.0498780487804878,-0.00033611602325449297,200.0,12.0,0.94,200.0,0.005,0.1088851601178961,0.0,0.0,0.0,0.0,0.0,0.0
DUDE,ligand_only,inha,inha,0.7,200,weighted_bh,108.0,9.0,0.9166666666666666,104.0,0.0185185185185185,0.1102678411867628,200.0,15.0,0.925,167.0,0.045,0.1089785750331629,-92.0,-6.0,-0.008333333333333415,-63.0,-0.026481481481481498,0.0012892661535999078,164.0,13.0,0.9207317073170732,135.0,0.0548780487804878,0.1092212761411506,-56.0,-4.0,-0.004065040650406582,-31.0,-0.036359530261969294,0.0010465650456122078,200.0,12.0,0.94,200.0,0.005,0.1088851601178961,-92.0,-3.0,-0.023333333333333317,-96.0,0.0135185185185185,0.0013826810688667007
DUDE,ligand_only,inha,inha,0.7,500,bh,164.0,13.0,0.9207317073170732,135.0,0.0548780487804878,0.1092212761411506,500.0,23.0,0.954,377.0,0.072,0.1100103425096317,-336.0,-10.0,-0.03326829268292675,-242.0,-0.017121951219512196,-0.0007890663684810978,164.0,13.0,0.9207317073170732,135.0,0.0548780487804878,0.1092212761411506,0.0,0.0,0.0,0.0,0.0,0.0,500.0,16.0,0.968,500.0,0.002,0.1080541629645264,-336.0,-3.0,-0.04726829268292676,-365.0,0.052878048780487796,0.0011671131766241988
DUDE,ligand_only,inha,inha,0.7,500,chemdeprc_cap1,105.0,8.0,0.923809523809524,105.0,0.0095238095238095,0.1100999278213966,500.0,23.0,0.954,377.0,0.072,0.1100103425096317,-395.0,-15.0,-0.03019047619047599,-272.0,-0.06247619047619049,8.958531176490869e-05,164.0,13.0,0.9207317073170732,135.0,0.0548780487804878,0.1092212761411506,-59.0,-5.0,0.003077816492450758,-30.0,-0.045354239256678294,0.0008786516802460065,500.0,16.0,0.968,500.0,0.002,0.1080541629645264,-395.0,-8.0,-0.044190476190476,-395.0,0.0075238095238095,0.0020457648568702053
DUDE,ligand_only,inha,inha,0.7,500,chemdeprc_soft75,155.0,9.0,0.9419354838709676,105.0,0.0580645161290322,0.1090360973626333,500.0,23.0,0.954,377.0,0.072,0.1100103425096317,-345.0,-14.0,-0.012064516129032365,-272.0,-0.013935483870967796,-0.0009742451469983981,164.0,13.0,0.9207317073170732,135.0,0.0548780487804878,0.1092212761411506,-9.0,-4.0,0.021203776553894382,-30.0,0.0031864673485444,-0.00018517877851730036,500.0,16.0,0.968,500.0,0.002,0.1080541629645264,-345.0,-7.0,-0.026064516129032378,-395.0,0.056064516129032196,0.0009819343981068984
DUDE,ligand_only,inha,inha,0.7,500,score_cap1,500.0,16.0,0.968,500.0,0.002,0.1080541629645264,500.0,23.0,0.954,377.0,0.072,0.1100103425096317,0.0,-7.0,0.014000000000000012,123.0,-0.06999999999999999,-0.0019561795451052966,164.0,13.0,0.9207317073170732,135.0,0.0548780487804878,0.1092212761411506,336.0,3.0,0.04726829268292676,365.0,-0.052878048780487796,-0.0011671131766241988,500.0,16.0,0.968,500.0,0.002,0.1080541629645264,0.0,0.0,0.0,0.0,0.0,0.0
DUDE,ligand_only,inha,inha,0.7,500,weighted_bh,108.0,9.0,0.9166666666666666,104.0,0.0185185185185185,0.1102678411867628,500.0,23.0,0.954,377.0,0.072,0.1100103425096317,-392.0,-14.0,-0.03733333333333333,-273.0,-0.05348148148148149,0.00025749867713110997,164.0,13.0,0.9207317073170732,135.0,0.0548780487804878,0.1092212761411506,-56.0,-4.0,-0.004065040650406582,-31.0,-0.036359530261969294,0.0010465650456122078,500.0,16.0,0.968,500.0,0.002,0.1080541629645264,-392.0,-7.0,-0.05133333333333334,-396.0,0.016518518518518502,0.0022136782222364065
DUDE,ligand_only,kith,kith,0.7,10,bh,10.0,7.0,0.3,7.0,0.4,0.3528272909182075,10.0,7.0,0.3,7.0,0.4,0.3528272909182074,0.0,0.0,0.0,0.0,0.0,1.1102230246251565e-16,10.0,7.0,0.3,7.0,0.4,0.3528272909182075,0.0,0.0,0.0,0.0,0.0,0.0,10.0,6.0,0.4,10.0,0.1,0.2572220903853158,0.0,1.0,-0.10000000000000003,-3.0,0.30000000000000004,0.09560520053289173
DUDE,ligand_only,kith,kith,0.7,10,chemdeprc_cap1,0.0,0.0,0.0,0.0,0.0,0.0,10.0,7.0,0.3,7.0,0.4,0.3528272909182074,-10.0,-7.0,-0.3,-7.0,-0.4,-0.3528272909182074,10.0,7.0,0.3,7.0,0.4,0.3528272909182075,-10.0,-7.0,-0.3,-7.0,-0.4,-0.3528272909182075,10.0,6.0,0.4,10.0,0.1,0.2572220903853158,-10.0,-6.0,-0.4,-10.0,-0.1,-0.2572220903853158
DUDE,ligand_only,kith,kith,0.7,10,chemdeprc_soft75,0.0,0.0,0.0,0.0,0.0,0.0,10.0,7.0,0.3,7.0,0.4,0.3528272909182074,-10.0,-7.0,-0.3,-7.0,-0.4,-0.3528272909182074,10.0,7.0,0.3,7.0,0.4,0.3528272909182075,-10.0,-7.0,-0.3,-7.0,-0.4,-0.3528272909182075,10.0,6.0,0.4,10.0,0.1,0.2572220903853158,-10.0,-6.0,-0.4,-10.0,-0.1,-0.2572220903853158
DUDE,ligand_only,kith,kith,0.7,10,score_cap1,10.0,6.0,0.4,10.0,0.1,0.2572220903853158,10.0,7.0,0.3,7.0,0.4,0.3528272909182074,0.0,-1.0,0.10000000000000003,3.0,-0.30000000000000004,-0.09560520053289162,10.0,7.0,0.3,7.0,0.4,0.3528272909182075,0.0,-1.0,0.10000000000000003,3.0,-0.30000000000000004,-0.09560520053289173,10.0,6.0,0.4,10.0,0.1,0.2572220903853158,0.0,0.0,0.0,0.0,0.0,0.0
DUDE,ligand_only,kith,kith,0.7,10,weighted_bh,0.0,0.0,0.0,0.0,0.0,0.0,10.0,7.0,0.3,7.0,0.4,0.3528272909182074,-10.0,-7.0,-0.3,-7.0,-0.4,-0.3528272909182074,10.0,7.0,0.3,7.0,0.4,0.3528272909182075,-10.0,-7.0,-0.3,-7.0,-0.4,-0.3528272909182075,10.0,6.0,0.4,10.0,0.1,0.2572220903853158,-10.0,-6.0,-0.4,-10.0,-0.1,-0.2572220903853158
DUDE,ligand_only,kith,kith,0.7,20,bh,20.0,12.0,0.4,15.0,0.25,0.2691835268788785,20.0,12.0,0.4,15.0,0.25,0.2691835268788786,0.0,0.0,0.0,0.0,0.0,-1.1102230246251565e-16,20.0,12.0,0.4,15.0,0.25,0.2691835268788785,0.0,0.0,0.0,0.0,0.0,0.0,20.0,10.0,0.5,20.0,0.05,0.1753406235271075,0.0,2.0,-0.09999999999999998,-5.0,0.2,0.09384290335177098
DUDE,ligand_only,kith,kith,0.7,20,chemdeprc_cap1,0.0,0.0,0.0,0.0,0.0,0.0,20.0,12.0,0.4,15.0,0.25,0.2691835268788786,-20.0,-12.0,-0.4,-15.0,-0.25,-0.2691835268788786,20.0,12.0,0.4,15.0,0.25,0.2691835268788785,-20.0,-12.0,-0.4,-15.0,-0.25,-0.2691835268788785,20.0,10.0,0.5,20.0,0.05,0.1753406235271075,-20.0,-10.0,-0.5,-20.0,-0.05,-0.1753406235271075
DUDE,ligand_only,kith,kith,0.7,20,chemdeprc_soft75,0.0,0.0,0.0,0.0,0.0,0.0,20.0,12.0,0.4,15.0,0.25,0.2691835268788786,-20.0,-12.0,-0.4,-15.0,-0.25,-0.2691835268788786,20.0,12.0,0.4,15.0,0.25,0.2691835268788785,-20.0,-12.0,-0.4,-15.0,-0.25,-0.2691835268788785,20.0,10.0,0.5,20.0,0.05,0.1753406235271075,-20.0,-10.0,-0.5,-20.0,-0.05,-0.1753406235271075
DUDE,ligand_only,kith,kith,0.7,20,score_cap1,20.0,10.0,0.5,20.0,0.05,0.1753406235271075,20.0,12.0,0.4,15.0,0.25,0.2691835268788786,0.0,-2.0,0.09999999999999998,5.0,-0.2,-0.09384290335177109,20.0,12.0,0.4,15.0,0.25,0.2691835268788785,0.0,-2.0,0.09999999999999998,5.0,-0.2,-0.09384290335177098,20.0,10.0,0.5,20.0,0.05,0.1753406235271075,0.0,0.0,0.0,0.0,0.0,0.0
DUDE,ligand_only,kith,kith,0.7,20,weighted_bh,0.0,0.0,0.0,0.0,0.0,0.0,20.0,12.0,0.4,15.0,0.25,0.2691835268788786,-20.0,-12.0,-0.4,-15.0,-0.25,-0.2691835268788786,20.0,12.0,0.4,15.0,0.25,0.2691835268788785,-20.0,-12.0,-0.4,-15.0,-0.25,-0.2691835268788785,20.0,10.0,0.5,20.0,0.05,0.1753406235271075,-20.0,-10.0,-0.5,-20.0,-0.05,-0.1753406235271075
DUDE,ligand_only,kith,kith,0.7,50,bh,49.0,27.0,0.4489795918367347,35.0,0.1428571428571428,0.2024937940545787,50.0,27.0,0.46,36.0,0.14,0.1978697164221182,-1.0,0.0,-0.011020408163265327,-1.0,0.0028571428571427804,0.004624077632460505,49.0,27.0,0.4489795918367347,35.0,0.1428571428571428,0.2024937940545787,0.0,0.0,0.0,0.0,0.0,0.0,50.0,14.0,0.72,50.0,0.02,0.1302698820217084,-1.0,13.0,-0.2710204081632653,-15.0,0.12285714285714279,0.07222391203287032
DUDE,ligand_only,kith,kith,0.7,50,chemdeprc_cap1,0.0,0.0,0.0,0.0,0.0,0.0,50.0,27.0,0.46,36.0,0.14,0.1978697164221182,-50.0,-27.0,-0.46,-36.0,-0.14,-0.1978697164221182,49.0,27.0,0.4489795918367347,35.0,0.1428571428571428,0.2024937940545787,-49.0,-27.0,-0.4489795918367347,-35.0,-0.1428571428571428,-0.2024937940545787,50.0,14.0,0.72,50.0,0.02,0.1302698820217084,-50.0,-14.0,-0.72,-50.0,-0.02,-0.1302698820217084
DUDE,ligand_only,kith,kith,0.7,50,chemdeprc_soft75,0.0,0.0,0.0,0.0,0.0,0.0,50.0,27.0,0.46,36.0,0.14,0.1978697164221182,-50.0,-27.0,-0.46,-36.0,-0.14,-0.1978697164221182,49.0,27.0,0.4489795918367347,35.0,0.1428571428571428,0.2024937940545787,-49.0,-27.0,-0.4489795918367347,-35.0,-0.1428571428571428,-0.2024937940545787,50.0,14.0,0.72,50.0,0.02,0.1302698820217084,-50.0,-14.0,-0.72,-50.0,-0.02,-0.1302698820217084
DUDE,ligand_only,kith,kith,0.7,50,score_cap1,50.0,14.0,0.72,50.0,0.02,0.1302698820217084,50.0,27.0,0.46,36.0,0.14,0.1978697164221182,0.0,-13.0,0.25999999999999995,14.0,-0.12000000000000001,-0.06759983440040981,49.0,27.0,0.4489795918367347,35.0,0.1428571428571428,0.2024937940545787,1.0,-13.0,0.2710204081632653,15.0,-0.12285714285714279,-0.07222391203287032,50.0,14.0,0.72,50.0,0.02,0.1302698820217084,0.0,0.0,0.0,0.0,0.0,0.0
DUDE,ligand_only,kith,kith,0.7,50,weighted_bh,0.0,0.0,0.0,0.0,0.0,0.0,50.0,27.0,0.46,36.0,0.14,0.1978697164221182,-50.0,-27.0,-0.46,-36.0,-0.14,-0.1978697164221182,49.0,27.0,0.4489795918367347,35.0,0.1428571428571428,0.2024937940545787,-49.0,-27.0,-0.4489795918367347,-35.0,-0.1428571428571428,-0.2024937940545787,50.0,14.0,0.72,50.0,0.02,0.1302698820217084,-50.0,-14.0,-0.72,-50.0,-0.02,-0.1302698820217084
DUDE,ligand_only,kith,kith,0.7,100,bh,49.0,27.0,0.4489795918367347,35.0,0.1428571428571428,0.2024937940545787,100.0,32.0,0.68,82.0,0.07,0.1456581798661034,-51.0,-5.0,-0.23102040816326536,-47.0,0.07285714285714279,0.0568356141884753,49.0,27.0,0.4489795918367347,35.0,0.1428571428571428,0.2024937940545787,0.0,0.0,0.0,0.0,0.0,0.0,100.0,14.0,0.86,100.0,0.01,0.1234357882968293,-51.0,13.0,-0.4110204081632653,-65.0,0.13285714285714278,0.0790580057577494
DUDE,ligand_only,kith,kith,0.7,100,chemdeprc_cap1,0.0,0.0,0.0,0.0,0.0,0.0,100.0,32.0,0.68,82.0,0.07,0.1456581798661034,-100.0,-32.0,-0.68,-82.0,-0.07,-0.1456581798661034,49.0,27.0,0.4489795918367347,35.0,0.1428571428571428,0.2024937940545787,-49.0,-27.0,-0.4489795918367347,-35.0,-0.1428571428571428,-0.2024937940545787,100.0,14.0,0.86,100.0,0.01,0.1234357882968293,-100.0,-14.0,-0.86,-100.0,-0.01,-0.1234357882968293
DUDE,ligand_only,kith,kith,0.7,100,chemdeprc_soft75,0.0,0.0,0.0,0.0,0.0,0.0,100.0,32.0,0.68,82.0,0.07,0.1456581798661034,-100.0,-32.0,-0.68,-82.0,-0.07,-0.1456581798661034,49.0,27.0,0.4489795918367347,35.0,0.1428571428571428,0.2024937940545787,-49.0,-27.0,-0.4489795918367347,-35.0,-0.1428571428571428,-0.2024937940545787,100.0,14.0,0.86,100.0,0.01,0.1234357882968293,-100.0,-14.0,-0.86,-100.0,-0.01,-0.1234357882968293
DUDE,ligand_only,kith,kith,0.7,100,score_cap1,100.0,14.0,0.86,100.0,0.01,0.1234357882968293,100.0,32.0,0.68,82.0,0.07,0.1456581798661034,0.0,-18.0,0.17999999999999994,18.0,-0.060000000000000005,-0.022222391569274108,49.0,27.0,0.4489795918367347,35.0,0.1428571428571428,0.2024937940545787,51.0,-13.0,0.4110204081632653,65.0,-0.13285714285714278,-0.0790580057577494,100.0,14.0,0.86,100.0,0.01,0.1234357882968293,0.0,0.0,0.0,0.0,0.0,0.0
DUDE,ligand_only,kith,kith,0.7,100,weighted_bh,0.0,0.0,0.0,0.0,0.0,0.0,100.0,32.0,0.68,82.0,0.07,0.1456581798661034,-100.0,-32.0,-0.68,-82.0,-0.07,-0.1456581798661034,49.0,27.0,0.4489795918367347,35.0,0.1428571428571428,0.2024937940545787,-49.0,-27.0,-0.4489795918367347,-35.0,-0.1428571428571428,-0.2024937940545787,100.0,14.0,0.86,100.0,0.01,0.1234357882968293,-100.0,-14.0,-0.86,-100.0,-0.01,-0.1234357882968293
DUDE,ligand_only,kith,kith,0.7,200,bh,49.0,27.0,0.4489795918367347,35.0,0.1428571428571428,0.2024937940545787,200.0,40.0,0.8,176.0,0.04,0.1296075973254385,-151.0,-13.0,-0.35102040816326535,-141.0,0.10285714285714279,0.0728861967291402,49.0,27.0,0.4489795918367347,35.0,0.1428571428571428,0.2024937940545787,0.0,0.0,0.0,0.0,0.0,0.0,200.0,18.0,0.91,200.0,0.005,0.124042283207735,-151.0,9.0,-0.46102040816326534,-165.0,0.1378571428571428,0.07845151084684371
DUDE,ligand_only,kith,kith,0.7,200,chemdeprc_cap1,0.0,0.0,0.0,0.0,0.0,0.0,200.0,40.0,0.8,176.0,0.04,0.1296075973254385,-200.0,-40.0,-0.8,-176.0,-0.04,-0.1296075973254385,49.0,27.0,0.4489795918367347,35.0,0.1428571428571428,0.2024937940545787,-49.0,-27.0,-0.4489795918367347,-35.0,-0.1428571428571428,-0.2024937940545787,200.0,18.0,0.91,200.0,0.005,0.124042283207735,-200.0,-18.0,-0.91,-200.0,-0.005,-0.124042283207735
DUDE,ligand_only,kith,kith,0.7,200,chemdeprc_soft75,0.0,0.0,0.0,0.0,0.0,0.0,200.0,40.0,0.8,176.0,0.04,0.1296075973254385,-200.0,-40.0,-0.8,-176.0,-0.04,-0.1296075973254385,49.0,27.0,0.4489795918367347,35.0,0.1428571428571428,0.2024937940545787,-49.0,-27.0,-0.4489795918367347,-35.0,-0.1428571428571428,-0.2024937940545787,200.0,18.0,0.91,200.0,0.005,0.124042283207735,-200.0,-18.0,-0.91,-200.0,-0.005,-0.124042283207735
DUDE,ligand_only,kith,kith,0.7,200,score_cap1,200.0,18.0,0.91,200.0,0.005,0.124042283207735,200.0,40.0,0.8,176.0,0.04,0.1296075973254385,0.0,-22.0,0.10999999999999999,24.0,-0.035,-0.0055653141177035015,49.0,27.0,0.4489795918367347,35.0,0.1428571428571428,0.2024937940545787,151.0,-9.0,0.46102040816326534,165.0,-0.1378571428571428,-0.07845151084684371,200.0,18.0,0.91,200.0,0.005,0.124042283207735,0.0,0.0,0.0,0.0,0.0,0.0
DUDE,ligand_only,kith,kith,0.7,200,weighted_bh,0.0,0.0,0.0,0.0,0.0,0.0,200.0,40.0,0.8,176.0,0.04,0.1296075973254385,-200.0,-40.0,-0.8,-176.0,-0.04,-0.1296075973254385,49.0,27.0,0.4489795918367347,35.0,0.1428571428571428,0.2024937940545787,-49.0,-27.0,-0.4489795918367347,-35.0,-0.1428571428571428,-0.2024937940545787,200.0,18.0,0.91,200.0,0.005,0.124042283207735,-200.0,-18.0,-0.91,-200.0,-0.005,-0.124042283207735
DUDE,ligand_only,kith,kith,0.7,500,bh,49.0,27.0,0.4489795918367347,35.0,0.1428571428571428,0.2024937940545787,500.0,44.0,0.912,446.0,0.016,0.1235534386270034,-451.0,-17.0,-0.46302040816326534,-411.0,0.12685714285714278,0.07894035542757531,49.0,27.0,0.4489795918367347,35.0,0.1428571428571428,0.2024937940545787,0.0,0.0,0.0,0.0,0.0,0.0,500.0,20.0,0.96,500.0,0.002,0.1237933700320707,-451.0,7.0,-0.5110204081632652,-465.0,0.1408571428571428,0.07870042402250801
DUDE,ligand_only,kith,kith,0.7,500,chemdeprc_cap1,0.0,0.0,0.0,0.0,0.0,0.0,500.0,44.0,0.912,446.0,0.016,0.1235534386270034,-500.0,-44.0,-0.912,-446.0,-0.016,-0.1235534386270034,49.0,27.0,0.4489795918367347,35.0,0.1428571428571428,0.2024937940545787,-49.0,-27.0,-0.4489795918367347,-35.0,-0.1428571428571428,-0.2024937940545787,500.0,20.0,0.96,500.0,0.002,0.1237933700320707,-500.0,-20.0,-0.96,-500.0,-0.002,-0.1237933700320707
DUDE,ligand_only,kith,kith,0.7,500,chemdeprc_soft75,0.0,0.0,0.0,0.0,0.0,0.0,500.0,44.0,0.912,446.0,0.016,0.1235534386270034,-500.0,-44.0,-0.912,-446.0,-0.016,-0.1235534386270034,49.0,27.0,0.4489795918367347,35.0,0.1428571428571428,0.2024937940545787,-49.0,-27.0,-0.4489795918367347,-35.0,-0.1428571428571428,-0.2024937940545787,500.0,20.0,0.96,500.0,0.002,0.1237933700320707,-500.0,-20.0,-0.96,-500.0,-0.002,-0.1237933700320707
DUDE,ligand_only,kith,kith,0.7,500,score_cap1,500.0,20.0,0.96,500.0,0.002,0.1237933700320707,500.0,44.0,0.912,446.0,0.016,0.1235534386270034,0.0,-24.0,0.04799999999999993,54.0,-0.014,0.00023993140506729793,49.0,27.0,0.4489795918367347,35.0,0.1428571428571428,0.2024937940545787,451.0,-7.0,0.5110204081632652,465.0,-0.1408571428571428,-0.07870042402250801,500.0,20.0,0.96,500.0,0.002,0.1237933700320707,0.0,0.0,0.0,0.0,0.0,0.0
DUDE,ligand_only,kith,kith,0.7,500,weighted_bh,0.0,0.0,0.0,0.0,0.0,0.0,500.0,44.0,0.912,446.0,0.016,0.1235534386270034,-500.0,-44.0,-0.912,-446.0,-0.016,-0.1235534386270034,49.0,27.0,0.4489795918367347,35.0,0.1428571428571428,0.2024937940545787,-49.0,-27.0,-0.4489795918367347,-35.0,-0.1428571428571428,-0.2024937940545787,500.0,20.0,0.96,500.0,0.002,0.1237933700320707,-500.0,-20.0,-0.96,-500.0,-0.002,-0.1237933700320707
DUDE,ligand_only,pur2,pur2,0.7,10,bh,10.0,2.0,0.8,9.0,0.2,0.148222908581375,10.0,2.0,0.8,9.0,0.2,0.148222908581375,0.0,0.0,0.0,0.0,0.0,0.0,10.0,2.0,0.8,9.0,0.2,0.148222908581375,0.0,0.0,0.0,0.0,0.0,0.0,10.0,2.0,0.8,10.0,0.1,0.1405005160299246,0.0,0.0,0.0,-1.0,0.1,0.00772239255145038
DUDE,ligand_only,pur2,pur2,0.7,10,chemdeprc_cap1,10.0,1.0,0.9,10.0,0.1,0.126854385913327,10.0,2.0,0.8,9.0,0.2,0.148222908581375,0.0,-1.0,0.09999999999999998,1.0,-0.1,-0.02136852266804798,10.0,2.0,0.8,9.0,0.2,0.148222908581375,0.0,-1.0,0.09999999999999998,1.0,-0.1,-0.02136852266804798,10.0,2.0,0.8,10.0,0.1,0.1405005160299246,0.0,-1.0,0.09999999999999998,0.0,0.0,-0.013646130116597599
DUDE,ligand_only,pur2,pur2,0.7,10,chemdeprc_soft75,9.0,0.0,1.0,8.0,0.2222222222222222,0.1519311019893824,10.0,2.0,0.8,9.0,0.2,0.148222908581375,-1.0,-2.0,0.19999999999999996,-1.0,0.0222222222222222,0.003708193408007404,10.0,2.0,0.8,9.0,0.2,0.148222908581375,-1.0,-2.0,0.19999999999999996,-1.0,0.0222222222222222,0.003708193408007404,10.0,2.0,0.8,10.0,0.1,0.1405005160299246,-1.0,-2.0,0.19999999999999996,-2.0,0.1222222222222222,0.011430585959457784
DUDE,ligand_only,pur2,pur2,0.7,10,score_cap1,10.0,2.0,0.8,10.0,0.1,0.1405005160299246,10.0,2.0,0.8,9.0,0.2,0.148222908581375,0.0,0.0,0.0,1.0,-0.1,-0.00772239255145038,10.0,2.0,0.8,9.0,0.2,0.148222908581375,0.0,0.0,0.0,1.0,-0.1,-0.00772239255145038,10.0,2.0,0.8,10.0,0.1,0.1405005160299246,0.0,0.0,0.0,0.0,0.0,0.0
DUDE,ligand_only,pur2,pur2,0.7,10,weighted_bh,10.0,1.0,0.9,10.0,0.1,0.126854385913327,10.0,2.0,0.8,9.0,0.2,0.148222908581375,0.0,-1.0,0.09999999999999998,1.0,-0.1,-0.02136852266804798,10.0,2.0,0.8,9.0,0.2,0.148222908581375,0.0,-1.0,0.09999999999999998,1.0,-0.1,-0.02136852266804798,10.0,2.0,0.8,10.0,0.1,0.1405005160299246,0.0,-1.0,0.09999999999999998,0.0,0.0,-0.013646130116597599
DUDE,ligand_only,pur2,pur2,0.7,20,bh,20.0,2.0,0.9,18.0,0.15,0.1346763454921548,20.0,2.0,0.9,18.0,0.15,0.1346763454921548,0.0,0.0,0.0,0.0,0.0,0.0,20.0,2.0,0.9,18.0,0.15,0.1346763454921548,0.0,0.0,0.0,0.0,0.0,0.0,20.0,2.0,0.9,20.0,0.05,0.1283506379428622,0.0,0.0,0.0,-2.0,0.09999999999999999,0.006325707549292597
DUDE,ligand_only,pur2,pur2,0.7,20,chemdeprc_cap1,20.0,6.0,0.7,20.0,0.05,0.1419217406989316,20.0,2.0,0.9,18.0,0.15,0.1346763454921548,0.0,4.0,-0.20000000000000007,2.0,-0.09999999999999999,0.007245395206776806,20.0,2.0,0.9,18.0,0.15,0.1346763454921548,0.0,4.0,-0.20000000000000007,2.0,-0.09999999999999999,0.007245395206776806,20.0,2.0,0.9,20.0,0.05,0.1283506379428622,0.0,4.0,-0.20000000000000007,0.0,0.0,0.013571102756069403
DUDE,ligand_only,pur2,pur2,0.7,20,chemdeprc_soft75,18.0,4.0,0.7777777777777778,15.0,0.1111111111111111,0.1454798269621937,20.0,2.0,0.9,18.0,0.15,0.1346763454921548,-2.0,2.0,-0.12222222222222223,-3.0,-0.03888888888888889,0.0108034814700389,20.0,2.0,0.9,18.0,0.15,0.1346763454921548,-2.0,2.0,-0.12222222222222223,-3.0,-0.03888888888888889,0.0108034814700389,20.0,2.0,0.9,20.0,0.05,0.1283506379428622,-2.0,2.0,-0.12222222222222223,-5.0,0.0611111111111111,0.017129189019331498
DUDE,ligand_only,pur2,pur2,0.7,20,score_cap1,20.0,2.0,0.9,20.0,0.05,0.1283506379428622,20.0,2.0,0.9,18.0,0.15,0.1346763454921548,0.0,0.0,0.0,2.0,-0.09999999999999999,-0.006325707549292597,20.0,2.0,0.9,18.0,0.15,0.1346763454921548,0.0,0.0,0.0,2.0,-0.09999999999999999,-0.006325707549292597,20.0,2.0,0.9,20.0,0.05,0.1283506379428622,0.0,0.0,0.0,0.0,0.0,0.0
DUDE,ligand_only,pur2,pur2,0.7,20,weighted_bh,20.0,6.0,0.7,20.0,0.05,0.1419217406989316,20.0,2.0,0.9,18.0,0.15,0.1346763454921548,0.0,4.0,-0.20000000000000007,2.0,-0.09999999999999999,0.007245395206776806,20.0,2.0,0.9,18.0,0.15,0.1346763454921548,0.0,4.0,-0.20000000000000007,2.0,-0.09999999999999999,0.007245395206776806,20.0,2.0,0.9,20.0,0.05,0.1283506379428622,0.0,4.0,-0.20000000000000007,0.0,0.0,0.013571102756069403
DUDE,ligand_only,pur2,pur2,0.7,50,bh,50.0,7.0,0.86,43.0,0.1,0.132844523574687,50.0,7.0,0.86,43.0,0.1,0.132844523574687,0.0,0.0,0.0,0.0,0.0,0.0,50.0,7.0,0.86,43.0,0.1,0.132844523574687,0.0,0.0,0.0,0.0,0.0,0.0,50.0,9.0,0.82,50.0,0.02,0.1336490113079315,0.0,-2.0,0.040000000000000036,-7.0,0.08,-0.0008044877332444855
DUDE,ligand_only,pur2,pur2,0.7,50,chemdeprc_cap1,50.0,11.0,0.78,50.0,0.02,0.1367610978724816,50.0,7.0,0.86,43.0,0.1,0.132844523574687,0.0,4.0,-0.07999999999999996,7.0,-0.08,0.0039165742977946005,50.0,7.0,0.86,43.0,0.1,0.132844523574687,0.0,4.0,-0.07999999999999996,7.0,-0.08,0.0039165742977946005,50.0,9.0,0.82,50.0,0.02,0.1336490113079315,0.0,2.0,-0.039999999999999925,0.0,0.0,0.003112086564550115
DUDE,ligand_only,pur2,pur2,0.7,50,chemdeprc_soft75,50.0,13.0,0.74,38.0,0.04,0.1495916989880392,50.0,7.0,0.86,43.0,0.1,0.132844523574687,0.0,6.0,-0.12,-5.0,-0.060000000000000005,0.01674717541335219,50.0,7.0,0.86,43.0,0.1,0.132844523574687,0.0,6.0,-0.12,-5.0,-0.060000000000000005,0.01674717541335219,50.0,9.0,0.82,50.0,0.02,0.1336490113079315,0.0,4.0,-0.07999999999999996,-12.0,0.02,0.015942687680107703
DUDE,ligand_only,pur2,pur2,0.7,50,score_cap1,50.0,9.0,0.82,50.0,0.02,0.1336490113079315,50.0,7.0,0.86,43.0,0.1,0.132844523574687,0.0,2.0,-0.040000000000000036,7.0,-0.08,0.0008044877332444855,50.0,7.0,0.86,43.0,0.1,0.132844523574687,0.0,2.0,-0.040000000000000036,7.0,-0.08,0.0008044877332444855,50.0,9.0,0.82,50.0,0.02,0.1336490113079315,0.0,0.0,0.0,0.0,0.0,0.0
DUDE,ligand_only,pur2,pur2,0.7,50,weighted_bh,50.0,11.0,0.78,50.0,0.02,0.1367610978724816,50.0,7.0,0.86,43.0,0.1,0.132844523574687,0.0,4.0,-0.07999999999999996,7.0,-0.08,0.0039165742977946005,50.0,7.0,0.86,43.0,0.1,0.132844523574687,0.0,4.0,-0.07999999999999996,7.0,-0.08,0.0039165742977946005,50.0,9.0,0.82,50.0,0.02,0.1336490113079315,0.0,2.0,-0.039999999999999925,0.0,0.0,0.003112086564550115
DUDE,ligand_only,pur2,pur2,0.7,100,bh,100.0,12.0,0.88,87.0,0.07,0.1323283146224695,100.0,12.0,0.88,87.0,0.07,0.1323283146224695,0.0,0.0,0.0,0.0,0.0,0.0,100.0,12.0,0.88,87.0,0.07,0.1323283146224695,0.0,0.0,0.0,0.0,0.0,0.0,100.0,12.0,0.88,100.0,0.01,0.1307247381674733,0.0,0.0,0.0,-13.0,0.060000000000000005,0.0016035764549962028
DUDE,ligand_only,pur2,pur2,0.7,100,chemdeprc_cap1,81.0,12.0,0.8518518518518519,81.0,0.0123456790123456,0.1303262768676644,100.0,12.0,0.88,87.0,0.07,0.1323283146224695,-19.0,0.0,-0.028148148148148144,-6.0,-0.057654320987654405,-0.0020020377548050916,100.0,12.0,0.88,87.0,0.07,0.1323283146224695,-19.0,0.0,-0.028148148148148144,-6.0,-0.057654320987654405,-0.0020020377548050916,100.0,12.0,0.88,100.0,0.01,0.1307247381674733,-19.0,0.0,-0.028148148148148144,-19.0,0.0023456790123456,-0.0003984612998088888
DUDE,ligand_only,pur2,pur2,0.7,100,chemdeprc_soft75,100.0,15.0,0.85,75.0,0.02,0.1347293290246339,100.0,12.0,0.88,87.0,0.07,0.1323283146224695,0.0,3.0,-0.030000000000000027,-12.0,-0.05,0.002401014402164392,100.0,12.0,0.88,87.0,0.07,0.1323283146224695,0.0,3.0,-0.030000000000000027,-12.0,-0.05,0.002401014402164392,100.0,12.0,0.88,100.0,0.01,0.1307247381674733,0.0,3.0,-0.030000000000000027,-25.0,0.01,0.004004590857160595
DUDE,ligand_only,pur2,pur2,0.7,100,score_cap1,100.0,12.0,0.88,100.0,0.01,0.1307247381674733,100.0,12.0,0.88,87.0,0.07,0.1323283146224695,0.0,0.0,0.0,13.0,-0.060000000000000005,-0.0016035764549962028,100.0,12.0,0.88,87.0,0.07,0.1323283146224695,0.0,0.0,0.0,13.0,-0.060000000000000005,-0.0016035764549962028,100.0,12.0,0.88,100.0,0.01,0.1307247381674733,0.0,0.0,0.0,0.0,0.0,0.0
DUDE,ligand_only,pur2,pur2,0.7,100,weighted_bh,76.0,12.0,0.8421052631578947,76.0,0.0131578947368421,0.1319771328688684,100.0,12.0,0.88,87.0,0.07,0.1323283146224695,-24.0,0.0,-0.037894736842105314,-11.0,-0.05684210526315791,-0.00035118175360110415,100.0,12.0,0.88,87.0,0.07,0.1323283146224695,-24.0,0.0,-0.037894736842105314,-11.0,-0.05684210526315791,-0.00035118175360110415,100.0,12.0,0.88,100.0,0.01,0.1307247381674733,-24.0,0.0,-0.037894736842105314,-24.0,0.003157894736842099,0.0012523947013950987
DUDE,ligand_only,pur2,pur2,0.7,200,bh,113.0,14.0,0.8761061946902655,98.0,0.0707964601769911,0.1319011478884278,200.0,15.0,0.925,166.0,0.045,0.1292084114941791,-87.0,-1.0,-0.04889380530973453,-68.0,0.025796460176991096,0.0026927363942486904,113.0,14.0,0.8761061946902655,98.0,0.0707964601769911,0.1319011478884278,0.0,0.0,0.0,0.0,0.0,0.0,200.0,16.0,0.92,200.0,0.005,0.1273023040427042,-87.0,-2.0,-0.043893805309734524,-102.0,0.06579646017699109,0.004598843845723594
DUDE,ligand_only,pur2,pur2,0.7,200,chemdeprc_cap1,81.0,12.0,0.8518518518518519,81.0,0.0123456790123456,0.1303262768676644,200.0,15.0,0.925,166.0,0.045,0.1292084114941791,-119.0,-3.0,-0.07314814814814818,-85.0,-0.032654320987654396,0.001117865373485294,113.0,14.0,0.8761061946902655,98.0,0.0707964601769911,0.1319011478884278,-32.0,-2.0,-0.024254342838413656,-17.0,-0.05845078116464549,-0.0015748710207633965,200.0,16.0,0.92,200.0,0.005,0.1273023040427042,-119.0,-4.0,-0.06814814814814818,-119.0,0.0073456790123456,0.003023972824960197
DUDE,ligand_only,pur2,pur2,0.7,200,chemdeprc_soft75,170.0,17.0,0.9,81.0,0.1411764705882353,0.129178778362354,200.0,15.0,0.925,166.0,0.045,0.1292084114941791,-30.0,2.0,-0.025000000000000022,-85.0,0.0961764705882353,-2.9633131825107517e-05,113.0,14.0,0.8761061946902655,98.0,0.0707964601769911,0.1319011478884278,57.0,3.0,0.023893805309734506,-17.0,0.0703800104112442,-0.002722369526073798,200.0,16.0,0.92,200.0,0.005,0.1273023040427042,-30.0,1.0,-0.020000000000000018,-119.0,0.1361764705882353,0.0018764743196497957
DUDE,ligand_only,pur2,pur2,0.7,200,score_cap1,200.0,16.0,0.92,200.0,0.005,0.1273023040427042,200.0,15.0,0.925,166.0,0.045,0.1292084114941791,0.0,1.0,-0.0050000000000000044,34.0,-0.04,-0.0019061074514749032,113.0,14.0,0.8761061946902655,98.0,0.0707964601769911,0.1319011478884278,87.0,2.0,0.043893805309734524,102.0,-0.06579646017699109,-0.004598843845723594,200.0,16.0,0.92,200.0,0.005,0.1273023040427042,0.0,0.0,0.0,0.0,0.0,0.0
DUDE,ligand_only,pur2,pur2,0.7,200,weighted_bh,76.0,12.0,0.8421052631578947,76.0,0.0131578947368421,0.1319771328688684,200.0,15.0,0.925,166.0,0.045,0.1292084114941791,-124.0,-3.0,-0.08289473684210535,-90.0,-0.0318421052631579,0.0027687213746892814,113.0,14.0,0.8761061946902655,98.0,0.0707964601769911,0.1319011478884278,-37.0,-2.0,-0.034000931532370826,-22.0,-0.057638565440148996,7.598498044059099e-05,200.0,16.0,0.92,200.0,0.005,0.1273023040427042,-124.0,-4.0,-0.07789473684210535,-124.0,0.0081578947368421,0.004674828826164185
DUDE,ligand_only,pur2,pur2,0.7,500,bh,113.0,14.0,0.8761061946902655,98.0,0.0707964601769911,0.1319011478884278,500.0,26.0,0.948,364.0,0.046,0.128155369172153,-387.0,-12.0,-0.07189380530973444,-266.0,0.024796460176991095,0.0037457787162747946,113.0,14.0,0.8761061946902655,98.0,0.0707964601769911,0.1319011478884278,0.0,0.0,0.0,0.0,0.0,0.0,500.0,26.0,0.948,500.0,0.002,0.1241586495152547,-387.0,-12.0,-0.07189380530973444,-402.0,0.06879646017699109,0.007742498373173104
DUDE,ligand_only,pur2,pur2,0.7,500,chemdeprc_cap1,81.0,12.0,0.8518518518518519,81.0,0.0123456790123456,0.1303262768676644,500.0,26.0,0.948,364.0,0.046,0.128155369172153,-419.0,-14.0,-0.0961481481481481,-283.0,-0.0336543209876544,0.002170907695511398,113.0,14.0,0.8761061946902655,98.0,0.0707964601769911,0.1319011478884278,-32.0,-2.0,-0.024254342838413656,-17.0,-0.05845078116464549,-0.0015748710207633965,500.0,26.0,0.948,500.0,0.002,0.1241586495152547,-419.0,-14.0,-0.0961481481481481,-419.0,0.0103456790123456,0.0061676273524097075
DUDE,ligand_only,pur2,pur2,0.7,500,chemdeprc_soft75,170.0,17.0,0.9,81.0,0.1411764705882353,0.129178778362354,500.0,26.0,0.948,364.0,0.046,0.128155369172153,-330.0,-9.0,-0.04799999999999993,-283.0,0.09517647058823529,0.0010234091902009967,113.0,14.0,0.8761061946902655,98.0,0.0707964601769911,0.1319011478884278,57.0,3.0,0.023893805309734506,-17.0,0.0703800104112442,-0.002722369526073798,500.0,26.0,0.948,500.0,0.002,0.1241586495152547,-330.0,-9.0,-0.04799999999999993,-419.0,0.1391764705882353,0.005020128847099306
DUDE,ligand_only,pur2,pur2,0.7,500,score_cap1,500.0,26.0,0.948,500.0,0.002,0.1241586495152547,500.0,26.0,0.948,364.0,0.046,0.128155369172153,0.0,0.0,0.0,136.0,-0.044,-0.003996719656898309,113.0,14.0,0.8761061946902655,98.0,0.0707964601769911,0.1319011478884278,387.0,12.0,0.07189380530973444,402.0,-0.06879646017699109,-0.007742498373173104,500.0,26.0,0.948,500.0,0.002,0.1241586495152547,0.0,0.0,0.0,0.0,0.0,0.0
DUDE,ligand_only,pur2,pur2,0.7,500,weighted_bh,76.0,12.0,0.8421052631578947,76.0,0.0131578947368421,0.1319771328688684,500.0,26.0,0.948,364.0,0.046,0.128155369172153,-424.0,-14.0,-0.10589473684210526,-288.0,-0.0328421052631579,0.0038217636967153856,113.0,14.0,0.8761061946902655,98.0,0.0707964601769911,0.1319011478884278,-37.0,-2.0,-0.034000931532370826,-22.0,-0.057638565440148996,7.598498044059099e-05,500.0,26.0,0.948,500.0,0.002,0.1241586495152547,-424.0,-14.0,-0.10589473684210526,-424.0,0.0111578947368421,0.007818483353613695
DUDE,ligand_only,sahh,sahh,0.7,10,bh,0.0,0.0,0.0,0.0,0.0,0.0,10.0,4.0,0.6,10.0,0.1,0.1587340788893623,-10.0,-4.0,-0.6,-10.0,-0.1,-0.1587340788893623,0.0,0.0,0.0,0.0,0.0,0.0,0.0,0.0,0.0,0.0,0.0,0.0,10.0,4.0,0.6,10.0,0.1,0.1587340788893622,-10.0,-4.0,-0.6,-10.0,-0.1,-0.1587340788893622
DUDE,ligand_only,sahh,sahh,0.7,10,chemdeprc_cap1,0.0,0.0,0.0,0.0,0.0,0.0,10.0,4.0,0.6,10.0,0.1,0.1587340788893623,-10.0,-4.0,-0.6,-10.0,-0.1,-0.1587340788893623,0.0,0.0,0.0,0.0,0.0,0.0,0.0,0.0,0.0,0.0,0.0,0.0,10.0,4.0,0.6,10.0,0.1,0.1587340788893622,-10.0,-4.0,-0.6,-10.0,-0.1,-0.1587340788893622
DUDE,ligand_only,sahh,sahh,0.7,10,chemdeprc_soft75,0.0,0.0,0.0,0.0,0.0,0.0,10.0,4.0,0.6,10.0,0.1,0.1587340788893623,-10.0,-4.0,-0.6,-10.0,-0.1,-0.1587340788893623,0.0,0.0,0.0,0.0,0.0,0.0,0.0,0.0,0.0,0.0,0.0,0.0,10.0,4.0,0.6,10.0,0.1,0.1587340788893622,-10.0,-4.0,-0.6,-10.0,-0.1,-0.1587340788893622
DUDE,ligand_only,sahh,sahh,0.7,10,score_cap1,10.0,4.0,0.6,10.0,0.1,0.1587340788893622,10.0,4.0,0.6,10.0,0.1,0.1587340788893623,0.0,0.0,0.0,0.0,0.0,-1.1102230246251565e-16,0.0,0.0,0.0,0.0,0.0,0.0,10.0,4.0,0.6,10.0,0.1,0.1587340788893622,10.0,4.0,0.6,10.0,0.1,0.1587340788893622,0.0,0.0,0.0,0.0,0.0,0.0
DUDE,ligand_only,sahh,sahh,0.7,10,weighted_bh,0.0,0.0,0.0,0.0,0.0,0.0,10.0,4.0,0.6,10.0,0.1,0.1587340788893623,-10.0,-4.0,-0.6,-10.0,-0.1,-0.1587340788893623,0.0,0.0,0.0,0.0,0.0,0.0,0.0,0.0,0.0,0.0,0.0,0.0,10.0,4.0,0.6,10.0,0.1,0.1587340788893622,-10.0,-4.0,-0.6,-10.0,-0.1,-0.1587340788893622
DUDE,ligand_only,sahh,sahh,0.7,20,bh,0.0,0.0,0.0,0.0,0.0,0.0,20.0,4.0,0.8,19.0,0.1,0.1320982749297753,-20.0,-4.0,-0.8,-19.0,-0.1,-0.1320982749297753,0.0,0.0,0.0,0.0,0.0,0.0,0.0,0.0,0.0,0.0,0.0,0.0,20.0,4.0,0.8,20.0,0.05,0.1333793058967958,-20.0,-4.0,-0.8,-20.0,-0.05,-0.1333793058967958
DUDE,ligand_only,sahh,sahh,0.7,20,chemdeprc_cap1,0.0,0.0,0.0,0.0,0.0,0.0,20.0,4.0,0.8,19.0,0.1,0.1320982749297753,-20.0,-4.0,-0.8,-19.0,-0.1,-0.1320982749297753,0.0,0.0,0.0,0.0,0.0,0.0,0.0,0.0,0.0,0.0,0.0,0.0,20.0,4.0,0.8,20.0,0.05,0.1333793058967958,-20.0,-4.0,-0.8,-20.0,-0.05,-0.1333793058967958
DUDE,ligand_only,sahh,sahh,0.7,20,chemdeprc_soft75,0.0,0.0,0.0,0.0,0.0,0.0,20.0,4.0,0.8,19.0,0.1,0.1320982749297753,-20.0,-4.0,-0.8,-19.0,-0.1,-0.1320982749297753,0.0,0.0,0.0,0.0,0.0,0.0,0.0,0.0,0.0,0.0,0.0,0.0,20.0,4.0,0.8,20.0,0.05,0.1333793058967958,-20.0,-4.0,-0.8,-20.0,-0.05,-0.1333793058967958
DUDE,ligand_only,sahh,sahh,0.7,20,score_cap1,20.0,4.0,0.8,20.0,0.05,0.1333793058967958,20.0,4.0,0.8,19.0,0.1,0.1320982749297753,0.0,0.0,0.0,1.0,-0.05,0.0012810309670205078,0.0,0.0,0.0,0.0,0.0,0.0,20.0,4.0,0.8,20.0,0.05,0.1333793058967958,20.0,4.0,0.8,20.0,0.05,0.1333793058967958,0.0,0.0,0.0,0.0,0.0,0.0
DUDE,ligand_only,sahh,sahh,0.7,20,weighted_bh,0.0,0.0,0.0,0.0,0.0,0.0,20.0,4.0,0.8,19.0,0.1,0.1320982749297753,-20.0,-4.0,-0.8,-19.0,-0.1,-0.1320982749297753,0.0,0.0,0.0,0.0,0.0,0.0,0.0,0.0,0.0,0.0,0.0,0.0,20.0,4.0,0.8,20.0,0.05,0.1333793058967958,-20.0,-4.0,-0.8,-20.0,-0.05,-0.1333793058967958
DUDE,ligand_only,sahh,sahh,0.7,50,bh,0.0,0.0,0.0,0.0,0.0,0.0,50.0,9.0,0.82,43.0,0.1,0.1251352617620014,-50.0,-9.0,-0.82,-43.0,-0.1,-0.1251352617620014,0.0,0.0,0.0,0.0,0.0,0.0,0.0,0.0,0.0,0.0,0.0,0.0,50.0,7.0,0.86,50.0,0.02,0.1205330967625395,-50.0,-7.0,-0.86,-50.0,-0.02,-0.1205330967625395
DUDE,ligand_only,sahh,sahh,0.7,50,chemdeprc_cap1,0.0,0.0,0.0,0.0,0.0,0.0,50.0,9.0,0.82,43.0,0.1,0.1251352617620014,-50.0,-9.0,-0.82,-43.0,-0.1,-0.1251352617620014,0.0,0.0,0.0,0.0,0.0,0.0,0.0,0.0,0.0,0.0,0.0,0.0,50.0,7.0,0.86,50.0,0.02,0.1205330967625395,-50.0,-7.0,-0.86,-50.0,-0.02,-0.1205330967625395
DUDE,ligand_only,sahh,sahh,0.7,50,chemdeprc_soft75,0.0,0.0,0.0,0.0,0.0,0.0,50.0,9.0,0.82,43.0,0.1,0.1251352617620014,-50.0,-9.0,-0.82,-43.0,-0.1,-0.1251352617620014,0.0,0.0,0.0,0.0,0.0,0.0,0.0,0.0,0.0,0.0,0.0,0.0,50.0,7.0,0.86,50.0,0.02,0.1205330967625395,-50.0,-7.0,-0.86,-50.0,-0.02,-0.1205330967625395
DUDE,ligand_only,sahh,sahh,0.7,50,score_cap1,50.0,7.0,0.86,50.0,0.02,0.1205330967625395,50.0,9.0,0.82,43.0,0.1,0.1251352617620014,0.0,-2.0,0.040000000000000036,7.0,-0.08,-0.004602164999461908,0.0,0.0,0.0,0.0,0.0,0.0,50.0,7.0,0.86,50.0,0.02,0.1205330967625395,50.0,7.0,0.86,50.0,0.02,0.1205330967625395,0.0,0.0,0.0,0.0,0.0,0.0
DUDE,ligand_only,sahh,sahh,0.7,50,weighted_bh,0.0,0.0,0.0,0.0,0.0,0.0,50.0,9.0,0.82,43.0,0.1,0.1251352617620014,-50.0,-9.0,-0.82,-43.0,-0.1,-0.1251352617620014,0.0,0.0,0.0,0.0,0.0,0.0,0.0,0.0,0.0,0.0,0.0,0.0,50.0,7.0,0.86,50.0,0.02,0.1205330967625395,-50.0,-7.0,-0.86,-50.0,-0.02,-0.1205330967625395
DUDE,ligand_only,sahh,sahh,0.7,100,bh,0.0,0.0,0.0,0.0,0.0,0.0,100.0,18.0,0.82,79.0,0.06,0.1187914656701765,-100.0,-18.0,-0.82,-79.0,-0.06,-0.1187914656701765,0.0,0.0,0.0,0.0,0.0,0.0,0.0,0.0,0.0,0.0,0.0,0.0,100.0,8.0,0.92,100.0,0.01,0.1156878522600218,-100.0,-8.0,-0.92,-100.0,-0.01,-0.1156878522600218
DUDE,ligand_only,sahh,sahh,0.7,100,chemdeprc_cap1,0.0,0.0,0.0,0.0,0.0,0.0,100.0,18.0,0.82,79.0,0.06,0.1187914656701765,-100.0,-18.0,-0.82,-79.0,-0.06,-0.1187914656701765,0.0,0.0,0.0,0.0,0.0,0.0,0.0,0.0,0.0,0.0,0.0,0.0,100.0,8.0,0.92,100.0,0.01,0.1156878522600218,-100.0,-8.0,-0.92,-100.0,-0.01,-0.1156878522600218
DUDE,ligand_only,sahh,sahh,0.7,100,chemdeprc_soft75,0.0,0.0,0.0,0.0,0.0,0.0,100.0,18.0,0.82,79.0,0.06,0.1187914656701765,-100.0,-18.0,-0.82,-79.0,-0.06,-0.1187914656701765,0.0,0.0,0.0,0.0,0.0,0.0,0.0,0.0,0.0,0.0,0.0,0.0,100.0,8.0,0.92,100.0,0.01,0.1156878522600218,-100.0,-8.0,-0.92,-100.0,-0.01,-0.1156878522600218
DUDE,ligand_only,sahh,sahh,0.7,100,score_cap1,100.0,8.0,0.92,100.0,0.01,0.1156878522600218,100.0,18.0,0.82,79.0,0.06,0.1187914656701765,0.0,-10.0,0.10000000000000009,21.0,-0.049999999999999996,-0.003103613410154693,0.0,0.0,0.0,0.0,0.0,0.0,100.0,8.0,0.92,100.0,0.01,0.1156878522600218,100.0,8.0,0.92,100.0,0.01,0.1156878522600218,0.0,0.0,0.0,0.0,0.0,0.0
DUDE,ligand_only,sahh,sahh,0.7,100,weighted_bh,0.0,0.0,0.0,0.0,0.0,0.0,100.0,18.0,0.82,79.0,0.06,0.1187914656701765,-100.0,-18.0,-0.82,-79.0,-0.06,-0.1187914656701765,0.0,0.0,0.0,0.0,0.0,0.0,0.0,0.0,0.0,0.0,0.0,0.0,100.0,8.0,0.92,100.0,0.01,0.1156878522600218,-100.0,-8.0,-0.92,-100.0,-0.01,-0.1156878522600218
DUDE,ligand_only,sahh,sahh,0.7,200,bh,0.0,0.0,0.0,0.0,0.0,0.0,200.0,24.0,0.88,154.0,0.05,0.1173471123987522,-200.0,-24.0,-0.88,-154.0,-0.05,-0.1173471123987522,0.0,0.0,0.0,0.0,0.0,0.0,0.0,0.0,0.0,0.0,0.0,0.0,200.0,8.0,0.96,200.0,0.005,0.1184822201324499,-200.0,-8.0,-0.96,-200.0,-0.005,-0.1184822201324499
DUDE,ligand_only,sahh,sahh,0.7,200,chemdeprc_cap1,0.0,0.0,0.0,0.0,0.0,0.0,200.0,24.0,0.88,154.0,0.05,0.1173471123987522,-200.0,-24.0,-0.88,-154.0,-0.05,-0.1173471123987522,0.0,0.0,0.0,0.0,0.0,0.0,0.0,0.0,0.0,0.0,0.0,0.0,200.0,8.0,0.96,200.0,0.005,0.1184822201324499,-200.0,-8.0,-0.96,-200.0,-0.005,-0.1184822201324499
DUDE,ligand_only,sahh,sahh,0.7,200,chemdeprc_soft75,0.0,0.0,0.0,0.0,0.0,0.0,200.0,24.0,0.88,154.0,0.05,0.1173471123987522,-200.0,-24.0,-0.88,-154.0,-0.05,-0.1173471123987522,0.0,0.0,0.0,0.0,0.0,0.0,0.0,0.0,0.0,0.0,0.0,0.0,200.0,8.0,0.96,200.0,0.005,0.1184822201324499,-200.0,-8.0,-0.96,-200.0,-0.005,-0.1184822201324499
DUDE,ligand_only,sahh,sahh,0.7,200,score_cap1,200.0,8.0,0.96,200.0,0.005,0.1184822201324499,200.0,24.0,0.88,154.0,0.05,0.1173471123987522,0.0,-16.0,0.07999999999999996,46.0,-0.045000000000000005,0.0011351077336976961,0.0,0.0,0.0,0.0,0.0,0.0,200.0,8.0,0.96,200.0,0.005,0.1184822201324499,200.0,8.0,0.96,200.0,0.005,0.1184822201324499,0.0,0.0,0.0,0.0,0.0,0.0
DUDE,ligand_only,sahh,sahh,0.7,200,weighted_bh,0.0,0.0,0.0,0.0,0.0,0.0,200.0,24.0,0.88,154.0,0.05,0.1173471123987522,-200.0,-24.0,-0.88,-154.0,-0.05,-0.1173471123987522,0.0,0.0,0.0,0.0,0.0,0.0,0.0,0.0,0.0,0.0,0.0,0.0,200.0,8.0,0.96,200.0,0.005,0.1184822201324499,-200.0,-8.0,-0.96,-200.0,-0.005,-0.1184822201324499
DUDE,ligand_only,sahh,sahh,0.7,500,bh,0.0,0.0,0.0,0.0,0.0,0.0,500.0,32.0,0.936,351.0,0.06,0.1164908720781475,-500.0,-32.0,-0.936,-351.0,-0.06,-0.1164908720781475,0.0,0.0,0.0,0.0,0.0,0.0,0.0,0.0,0.0,0.0,0.0,0.0,500.0,10.0,0.98,500.0,0.002,0.1183627903638477,-500.0,-10.0,-0.98,-500.0,-0.002,-0.1183627903638477
DUDE,ligand_only,sahh,sahh,0.7,500,chemdeprc_cap1,0.0,0.0,0.0,0.0,0.0,0.0,500.0,32.0,0.936,351.0,0.06,0.1164908720781475,-500.0,-32.0,-0.936,-351.0,-0.06,-0.1164908720781475,0.0,0.0,0.0,0.0,0.0,0.0,0.0,0.0,0.0,0.0,0.0,0.0,500.0,10.0,0.98,500.0,0.002,0.1183627903638477,-500.0,-10.0,-0.98,-500.0,-0.002,-0.1183627903638477
DUDE,ligand_only,sahh,sahh,0.7,500,chemdeprc_soft75,0.0,0.0,0.0,0.0,0.0,0.0,500.0,32.0,0.936,351.0,0.06,0.1164908720781475,-500.0,-32.0,-0.936,-351.0,-0.06,-0.1164908720781475,0.0,0.0,0.0,0.0,0.0,0.0,0.0,0.0,0.0,0.0,0.0,0.0,500.0,10.0,0.98,500.0,0.002,0.1183627903638477,-500.0,-10.0,-0.98,-500.0,-0.002,-0.1183627903638477
DUDE,ligand_only,sahh,sahh,0.7,500,score_cap1,500.0,10.0,0.98,500.0,0.002,0.1183627903638477,500.0,32.0,0.936,351.0,0.06,0.1164908720781475,0.0,-22.0,0.04399999999999993,149.0,-0.057999999999999996,0.0018719182857001998,0.0,0.0,0.0,0.0,0.0,0.0,500.0,10.0,0.98,500.0,0.002,0.1183627903638477,500.0,10.0,0.98,500.0,0.002,0.1183627903638477,0.0,0.0,0.0,0.0,0.0,0.0
DUDE,ligand_only,sahh,sahh,0.7,500,weighted_bh,0.0,0.0,0.0,0.0,0.0,0.0,500.0,32.0,0.936,351.0,0.06,0.1164908720781475,-500.0,-32.0,-0.936,-351.0,-0.06,-0.1164908720781475,0.0,0.0,0.0,0.0,0.0,0.0,0.0,0.0,0.0,0.0,0.0,0.0,500.0,10.0,0.98,500.0,0.002,0.1183627903638477,-500.0,-10.0,-0.98,-500.0,-0.002,-0.1183627903638477
LIT_PCBA,full,ALDH1,ALDH1,0.7,10,bh,10.0,8.0,0.2,9.0,0.2,0.1491220929273001,10.0,8.0,0.2,9.0,0.2,0.1491220929273,0.0,0.0,0.0,0.0,0.0,1.1102230246251565e-16,10.0,8.0,0.2,9.0,0.2,0.1491220929273001,0.0,0.0,0.0,0.0,0.0,0.0,10.0,8.0,0.2,10.0,0.1,0.1139974938090444,0.0,0.0,0.0,-1.0,0.1,0.0351245991182557
LIT_PCBA,full,ALDH1,ALDH1,0.7,10,chemdeprc_cap1,10.0,8.0,0.2,10.0,0.1,0.1251247891860901,10.0,8.0,0.2,9.0,0.2,0.1491220929273,0.0,0.0,0.0,1.0,-0.1,-0.023997303741209897,10.0,8.0,0.2,9.0,0.2,0.1491220929273001,0.0,0.0,0.0,1.0,-0.1,-0.023997303741210008,10.0,8.0,0.2,10.0,0.1,0.1139974938090444,0.0,0.0,0.0,0.0,0.0,0.011127295377045696
LIT_PCBA,full,ALDH1,ALDH1,0.7,10,chemdeprc_soft75,10.0,8.0,0.2,8.0,0.2,0.1805463687477556,10.0,8.0,0.2,9.0,0.2,0.1491220929273,0.0,0.0,0.0,-1.0,0.0,0.031424275820455594,10.0,8.0,0.2,9.0,0.2,0.1491220929273001,0.0,0.0,0.0,-1.0,0.0,0.03142427582045548,10.0,8.0,0.2,10.0,0.1,0.1139974938090444,0.0,0.0,0.0,-2.0,0.1,0.06654887493871119
LIT_PCBA,full,ALDH1,ALDH1,0.7,10,score_cap1,10.0,8.0,0.2,10.0,0.1,0.1139974938090444,10.0,8.0,0.2,9.0,0.2,0.1491220929273,0.0,0.0,0.0,1.0,-0.1,-0.03512459911825559,10.0,8.0,0.2,9.0,0.2,0.1491220929273001,0.0,0.0,0.0,1.0,-0.1,-0.0351245991182557,10.0,8.0,0.2,10.0,0.1,0.1139974938090444,0.0,0.0,0.0,0.0,0.0,0.0
LIT_PCBA,full,ALDH1,ALDH1,0.7,10,weighted_bh,10.0,7.0,0.3,10.0,0.1,0.1228602835106852,10.0,8.0,0.2,9.0,0.2,0.1491220929273,0.0,-1.0,0.09999999999999998,1.0,-0.1,-0.026261809416614795,10.0,8.0,0.2,9.0,0.2,0.1491220929273001,0.0,-1.0,0.09999999999999998,1.0,-0.1,-0.026261809416614906,10.0,8.0,0.2,10.0,0.1,0.1139974938090444,0.0,-1.0,0.09999999999999998,0.0,0.0,0.008862789701640797
LIT_PCBA,full,ALDH1,ALDH1,0.7,20,bh,20.0,17.0,0.15,17.0,0.1,0.1293068145644469,20.0,17.0,0.15,17.0,0.1,0.1293068145644469,0.0,0.0,0.0,0.0,0.0,0.0,20.0,17.0,0.15,17.0,0.1,0.1293068145644469,0.0,0.0,0.0,0.0,0.0,0.0,20.0,16.0,0.2,20.0,0.05,0.1167950615881807,0.0,1.0,-0.05000000000000002,-3.0,0.05,0.012511752976266194
LIT_PCBA,full,ALDH1,ALDH1,0.7,20,chemdeprc_cap1,20.0,15.0,0.25,20.0,0.05,0.1190155032347757,20.0,17.0,0.15,17.0,0.1,0.1293068145644469,0.0,-2.0,0.1,3.0,-0.05,-0.010291311329671204,20.0,17.0,0.15,17.0,0.1,0.1293068145644469,0.0,-2.0,0.1,3.0,-0.05,-0.010291311329671204,20.0,16.0,0.2,20.0,0.05,0.1167950615881807,0.0,-1.0,0.04999999999999999,0.0,0.0,0.0022204416465949894
LIT_PCBA,full,ALDH1,ALDH1,0.7,20,chemdeprc_soft75,17.0,14.0,0.1764705882352941,15.0,0.1176470588235294,0.1458719910325821,20.0,17.0,0.15,17.0,0.1,0.1293068145644469,-3.0,-3.0,0.026470588235294107,-2.0,0.01764705882352939,0.016565176468135212,20.0,17.0,0.15,17.0,0.1,0.1293068145644469,-3.0,-3.0,0.026470588235294107,-2.0,0.01764705882352939,0.016565176468135212,20.0,16.0,0.2,20.0,0.05,0.1167950615881807,-3.0,-2.0,-0.02352941176470591,-5.0,0.0676470588235294,0.029076929444401406
LIT_PCBA,full,ALDH1,ALDH1,0.7,20,score_cap1,20.0,16.0,0.2,20.0,0.05,0.1167950615881807,20.0,17.0,0.15,17.0,0.1,0.1293068145644469,0.0,-1.0,0.05000000000000002,3.0,-0.05,-0.012511752976266194,20.0,17.0,0.15,17.0,0.1,0.1293068145644469,0.0,-1.0,0.05000000000000002,3.0,-0.05,-0.012511752976266194,20.0,16.0,0.2,20.0,0.05,0.1167950615881807,0.0,0.0,0.0,0.0,0.0,0.0
LIT_PCBA,full,ALDH1,ALDH1,0.7,20,weighted_bh,20.0,15.0,0.25,18.0,0.1,0.1398519086765849,20.0,17.0,0.15,17.0,0.1,0.1293068145644469,0.0,-2.0,0.1,1.0,0.0,0.010545094112137998,20.0,17.0,0.15,17.0,0.1,0.1293068145644469,0.0,-2.0,0.1,1.0,0.0,0.010545094112137998,20.0,16.0,0.2,20.0,0.05,0.1167950615881807,0.0,-1.0,0.04999999999999999,-2.0,0.05,0.023056847088404192
LIT_PCBA,full,ALDH1,ALDH1,0.7,50,bh,50.0,38.0,0.24,45.0,0.06,0.1152181781598365,50.0,38.0,0.24,45.0,0.06,0.1152181781598365,0.0,0.0,0.0,0.0,0.0,0.0,50.0,38.0,0.24,45.0,0.06,0.1152181781598365,0.0,0.0,0.0,0.0,0.0,0.0,50.0,37.0,0.26,50.0,0.02,0.112103241468079,0.0,1.0,-0.020000000000000018,-5.0,0.039999999999999994,0.003114936691757497
LIT_PCBA,full,ALDH1,ALDH1,0.7,50,chemdeprc_cap1,50.0,34.0,0.32,50.0,0.02,0.1184772426666011,50.0,38.0,0.24,45.0,0.06,0.1152181781598365,0.0,-4.0,0.08000000000000002,5.0,-0.039999999999999994,0.0032590645067646085,50.0,38.0,0.24,45.0,0.06,0.1152181781598365,0.0,-4.0,0.08000000000000002,5.0,-0.039999999999999994,0.0032590645067646085,50.0,37.0,0.26,50.0,0.02,0.112103241468079,0.0,-3.0,0.06,0.0,0.0,0.006374001198522106
LIT_PCBA,full,ALDH1,ALDH1,0.7,50,chemdeprc_soft75,46.0,33.0,0.2826086956521739,38.0,0.108695652173913,0.1196040810356317,50.0,38.0,0.24,45.0,0.06,0.1152181781598365,-4.0,-5.0,0.0426086956521739,-7.0,0.048695652173913,0.004385902875795211,50.0,38.0,0.24,45.0,0.06,0.1152181781598365,-4.0,-5.0,0.0426086956521739,-7.0,0.048695652173913,0.004385902875795211,50.0,37.0,0.26,50.0,0.02,0.112103241468079,-4.0,-4.0,0.022608695652173882,-12.0,0.088695652173913,0.007500839567552708
LIT_PCBA,full,ALDH1,ALDH1,0.7,50,score_cap1,50.0,37.0,0.26,50.0,0.02,0.112103241468079,50.0,38.0,0.24,45.0,0.06,0.1152181781598365,0.0,-1.0,0.020000000000000018,5.0,-0.039999999999999994,-0.003114936691757497,50.0,38.0,0.24,45.0,0.06,0.1152181781598365,0.0,-1.0,0.020000000000000018,5.0,-0.039999999999999994,-0.003114936691757497,50.0,37.0,0.26,50.0,0.02,0.112103241468079,0.0,0.0,0.0,0.0,0.0,0.0
LIT_PCBA,full,ALDH1,ALDH1,0.7,50,weighted_bh,50.0,33.0,0.34,48.0,0.04,0.1236462663547321,50.0,38.0,0.24,45.0,0.06,0.1152181781598365,0.0,-5.0,0.10000000000000003,3.0,-0.019999999999999997,0.0084280881948956,50.0,38.0,0.24,45.0,0.06,0.1152181781598365,0.0,-5.0,0.10000000000000003,3.0,-0.019999999999999997,0.0084280881948956,50.0,37.0,0.26,50.0,0.02,0.112103241468079,0.0,-4.0,0.08000000000000002,-2.0,0.02,0.011543024886653097
LIT_PCBA,full,ALDH1,ALDH1,0.7,100,bh,100.0,74.0,0.26,93.0,0.03,0.1164647707110814,100.0,74.0,0.26,93.0,0.03,0.1164647707110813,0.0,0.0,0.0,0.0,0.0,9.71445146547012e-17,100.0,74.0,0.26,93.0,0.03,0.1164647707110814,0.0,0.0,0.0,0.0,0.0,0.0,100.0,72.0,0.28,100.0,0.01,0.1167969485764316,0.0,2.0,-0.020000000000000018,-7.0,0.019999999999999997,-0.0003321778653501972
LIT_PCBA,full,ALDH1,ALDH1,0.7,100,chemdeprc_cap1,100.0,68.0,0.32,100.0,0.01,0.1179574199286968,100.0,74.0,0.26,93.0,0.03,0.1164647707110813,0.0,-6.0,0.06,7.0,-0.019999999999999997,0.0014926492176154937,100.0,74.0,0.26,93.0,0.03,0.1164647707110814,0.0,-6.0,0.06,7.0,-0.019999999999999997,0.0014926492176153966,100.0,72.0,0.28,100.0,0.01,0.1167969485764316,0.0,-4.0,0.03999999999999998,0.0,0.0,0.0011604713522651994
LIT_PCBA,full,ALDH1,ALDH1,0.7,100,chemdeprc_soft75,87.0,62.0,0.2873563218390804,75.0,0.057471264367816,0.118199426419935,100.0,74.0,0.26,93.0,0.03,0.1164647707110813,-13.0,-12.0,0.027356321839080378,-18.0,0.027471264367816002,0.0017346557088536996,100.0,74.0,0.26,93.0,0.03,0.1164647707110814,-13.0,-12.0,0.027356321839080378,-18.0,0.027471264367816002,0.0017346557088536024,100.0,72.0,0.28,100.0,0.01,0.1167969485764316,-13.0,-10.0,0.00735632183908036,-25.0,0.047471264367816,0.0014024778435034052
LIT_PCBA,full,ALDH1,ALDH1,0.7,100,score_cap1,100.0,72.0,0.28,100.0,0.01,0.1167969485764316,100.0,74.0,0.26,93.0,0.03,0.1164647707110813,0.0,-2.0,0.020000000000000018,7.0,-0.019999999999999997,0.00033217786535029437,100.0,74.0,0.26,93.0,0.03,0.1164647707110814,0.0,-2.0,0.020000000000000018,7.0,-0.019999999999999997,0.0003321778653501972,100.0,72.0,0.28,100.0,0.01,0.1167969485764316,0.0,0.0,0.0,0.0,0.0,0.0
LIT_PCBA,full,ALDH1,ALDH1,0.7,100,weighted_bh,100.0,70.0,0.3,96.0,0.02,0.1202338336709557,100.0,74.0,0.26,93.0,0.03,0.1164647707110813,0.0,-4.0,0.03999999999999998,3.0,-0.009999999999999998,0.0037690629598744058,100.0,74.0,0.26,93.0,0.03,0.1164647707110814,0.0,-4.0,0.03999999999999998,3.0,-0.009999999999999998,0.0037690629598743086,100.0,72.0,0.28,100.0,0.01,0.1167969485764316,0.0,-2.0,0.019999999999999962,-4.0,0.01,0.0034368850945241114
LIT_PCBA,full,ALDH1,ALDH1,0.7,200,bh,200.0,140.0,0.3,186.0,0.015,0.1137628468191282,200.0,140.0,0.3,186.0,0.015,0.1137628468191282,0.0,0.0,0.0,0.0,0.0,0.0,200.0,140.0,0.3,186.0,0.015,0.1137628468191282,0.0,0.0,0.0,0.0,0.0,0.0,200.0,134.0,0.33,200.0,0.005,0.113777768459053,0.0,6.0,-0.030000000000000027,-14.0,0.009999999999999998,-1.492163992480866e-05
LIT_PCBA,full,ALDH1,ALDH1,0.7,200,chemdeprc_cap1,162.0,103.0,0.3641975308641975,162.0,0.0061728395061728,0.113760737599028,200.0,140.0,0.3,186.0,0.015,0.1137628468191282,-38.0,-37.0,0.0641975308641975,-24.0,-0.008827160493827198,-2.1092201002020916e-06,200.0,140.0,0.3,186.0,0.015,0.1137628468191282,-38.0,-37.0,0.0641975308641975,-24.0,-0.008827160493827198,-2.1092201002020916e-06,200.0,134.0,0.33,200.0,0.005,0.113777768459053,-38.0,-31.0,0.03419753086419747,-38.0,0.0011728395061728,-1.7030860025010752e-05
LIT_PCBA,full,ALDH1,ALDH1,0.7,200,chemdeprc_soft75,181.0,123.0,0.3204419889502762,150.0,0.0276243093922651,0.1120455540939018,200.0,140.0,0.3,186.0,0.015,0.1137628468191282,-19.0,-17.0,0.020441988950276213,-36.0,0.012624309392265099,-0.001717292725226402,200.0,140.0,0.3,186.0,0.015,0.1137628468191282,-19.0,-17.0,0.020441988950276213,-36.0,0.012624309392265099,-0.001717292725226402,200.0,134.0,0.33,200.0,0.005,0.113777768459053,-19.0,-11.0,-0.009558011049723814,-50.0,0.022624309392265098,-0.0017322143651512106
LIT_PCBA,full,ALDH1,ALDH1,0.7,200,score_cap1,200.0,134.0,0.33,200.0,0.005,0.113777768459053,200.0,140.0,0.3,186.0,0.015,0.1137628468191282,0.0,-6.0,0.030000000000000027,14.0,-0.009999999999999998,1.492163992480866e-05,200.0,140.0,0.3,186.0,0.015,0.1137628468191282,0.0,-6.0,0.030000000000000027,14.0,-0.009999999999999998,1.492163992480866e-05,200.0,134.0,0.33,200.0,0.005,0.113777768459053,0.0,0.0,0.0,0.0,0.0,0.0
LIT_PCBA,full,ALDH1,ALDH1,0.7,200,weighted_bh,200.0,126.0,0.37,192.0,0.015,0.112668512001663,200.0,140.0,0.3,186.0,0.015,0.1137628468191282,0.0,-14.0,0.07,6.0,0.0,-0.0010943348174651951,200.0,140.0,0.3,186.0,0.015,0.1137628468191282,0.0,-14.0,0.07,6.0,0.0,-0.0010943348174651951,200.0,134.0,0.33,200.0,0.005,0.113777768459053,0.0,-8.0,0.03999999999999998,-8.0,0.009999999999999998,-0.0011092564573900038
LIT_PCBA,full,ALDH1,ALDH1,0.7,500,bh,226.0,154.0,0.3185840707964602,206.0,0.0132743362831858,0.1135398742769691,500.0,339.0,0.322,442.0,0.016,0.1140619497034371,-274.0,-185.0,-0.003415929203539836,-236.0,-0.0027256637168141997,-0.0005220754264679967,226.0,154.0,0.3185840707964602,206.0,0.0132743362831858,0.1135398742769691,0.0,0.0,0.0,0.0,0.0,0.0,500.0,337.0,0.326,500.0,0.002,0.1149643546457377,-274.0,-183.0,-0.007415929203539839,-294.0,0.0112743362831858,-0.0014244803687686047
LIT_PCBA,full,ALDH1,ALDH1,0.7,500,chemdeprc_cap1,162.0,103.0,0.3641975308641975,162.0,0.0061728395061728,0.113760737599028,500.0,339.0,0.322,442.0,0.016,0.1140619497034371,-338.0,-236.0,0.042197530864197474,-280.0,-0.0098271604938272,-0.0003012121044091015,226.0,154.0,0.3185840707964602,206.0,0.0132743362831858,0.1135398742769691,-64.0,-51.0,0.04561346006773731,-44.0,-0.0071014967770130005,0.00022086332205889514,500.0,337.0,0.326,500.0,0.002,0.1149643546457377,-338.0,-234.0,0.03819753086419747,-338.0,0.0041728395061728,-0.0012036170467097096
LIT_PCBA,full,ALDH1,ALDH1,0.7,500,chemdeprc_soft75,194.0,130.0,0.3298969072164948,162.0,0.0257731958762886,0.1129162213148744,500.0,339.0,0.322,442.0,0.016,0.1140619497034371,-306.0,-209.0,0.007896907216494775,-280.0,0.009773195876288599,-0.0011457283885626945,226.0,154.0,0.3185840707964602,206.0,0.0132743362831858,0.1135398742769691,-32.0,-24.0,0.011312836420034611,-44.0,0.012498859593102799,-0.0006236529620946979,500.0,337.0,0.326,500.0,0.002,0.1149643546457377,-306.0,-207.0,0.0038969072164947716,-338.0,0.0237731958762886,-0.0020481333308633026
LIT_PCBA,full,ALDH1,ALDH1,0.7,500,score_cap1,500.0,337.0,0.326,500.0,0.002,0.1149643546457377,500.0,339.0,0.322,442.0,0.016,0.1140619497034371,0.0,-2.0,0.0040000000000000036,58.0,-0.014,0.0009024049423006081,226.0,154.0,0.3185840707964602,206.0,0.0132743362831858,0.1135398742769691,274.0,183.0,0.007415929203539839,294.0,-0.0112743362831858,0.0014244803687686047,500.0,337.0,0.326,500.0,0.002,0.1149643546457377,0.0,0.0,0.0,0.0,0.0,0.0
LIT_PCBA,full,ALDH1,ALDH1,0.7,500,weighted_bh,500.0,335.0,0.33,477.0,0.006,0.1159471924461579,500.0,339.0,0.322,442.0,0.016,0.1140619497034371,0.0,-4.0,0.008000000000000007,35.0,-0.01,0.0018852427427208107,226.0,154.0,0.3185840707964602,206.0,0.0132743362831858,0.1135398742769691,274.0,181.0,0.011415929203539843,271.0,-0.0072743362831858005,0.0024073181691888074,500.0,337.0,0.326,500.0,0.002,0.1149643546457377,0.0,-2.0,0.0040000000000000036,-23.0,0.004,0.0009828378004202026
LIT_PCBA,full,ESR1_ant,ESR1_ant,0.7,10,bh,10.0,0.0,1.0,7.0,0.2,0.2060169158968484,10.0,0.0,1.0,7.0,0.2,0.2060169158968483,0.0,0.0,0.0,0.0,0.0,8.326672684688674e-17,10.0,0.0,1.0,7.0,0.2,0.2060169158968484,0.0,0.0,0.0,0.0,0.0,0.0,10.0,0.0,1.0,10.0,0.1,0.1281284166972853,0.0,0.0,0.0,-3.0,0.1,0.07788849919956309
LIT_PCBA,full,ESR1_ant,ESR1_ant,0.7,10,chemdeprc_cap1,10.0,1.0,0.9,10.0,0.1,0.1196016988971181,10.0,0.0,1.0,7.0,0.2,0.2060169158968483,0.0,1.0,-0.09999999999999998,3.0,-0.1,-0.08641521699973022,10.0,0.0,1.0,7.0,0.2,0.2060169158968484,0.0,1.0,-0.09999999999999998,3.0,-0.1,-0.0864152169997303,10.0,0.0,1.0,10.0,0.1,0.1281284166972853,0.0,1.0,-0.09999999999999998,0.0,0.0,-0.008526717800167213
LIT_PCBA,full,ESR1_ant,ESR1_ant,0.7,10,chemdeprc_soft75,10.0,0.0,1.0,8.0,0.2,0.1669856774661146,10.0,0.0,1.0,7.0,0.2,0.2060169158968483,0.0,0.0,0.0,1.0,0.0,-0.03903123843073372,10.0,0.0,1.0,7.0,0.2,0.2060169158968484,0.0,0.0,0.0,1.0,0.0,-0.039031238430733806,10.0,0.0,1.0,10.0,0.1,0.1281284166972853,0.0,0.0,0.0,-2.0,0.1,0.03885726076882928
LIT_PCBA,full,ESR1_ant,ESR1_ant,0.7,10,score_cap1,10.0,0.0,1.0,10.0,0.1,0.1281284166972853,10.0,0.0,1.0,7.0,0.2,0.2060169158968483,0.0,0.0,0.0,3.0,-0.1,-0.077888499199563,10.0,0.0,1.0,7.0,0.2,0.2060169158968484,0.0,0.0,0.0,3.0,-0.1,-0.07788849919956309,10.0,0.0,1.0,10.0,0.1,0.1281284166972853,0.0,0.0,0.0,0.0,0.0,0.0
LIT_PCBA,full,ESR1_ant,ESR1_ant,0.7,10,weighted_bh,10.0,1.0,0.9,9.0,0.2,0.132917473080039,10.0,0.0,1.0,7.0,0.2,0.2060169158968483,0.0,1.0,-0.09999999999999998,2.0,0.0,-0.0730994428168093,10.0,0.0,1.0,7.0,0.2,0.2060169158968484,0.0,1.0,-0.09999999999999998,2.0,0.0,-0.07309944281680938,10.0,0.0,1.0,10.0,0.1,0.1281284166972853,0.0,1.0,-0.09999999999999998,-1.0,0.1,0.004789056382753704
LIT_PCBA,full,ESR1_ant,ESR1_ant,0.7,20,bh,18.0,1.0,0.9444444444444444,14.0,0.1111111111111111,0.1436953531899068,20.0,1.0,0.95,16.0,0.1,0.1366414638873801,-2.0,0.0,-0.005555555555555536,-2.0,0.0111111111111111,0.007053889302526706,18.0,1.0,0.9444444444444444,14.0,0.1111111111111111,0.1436953531899068,0.0,0.0,0.0,0.0,0.0,0.0,20.0,1.0,0.95,20.0,0.05,0.1158971539864468,-2.0,0.0,-0.005555555555555536,-6.0,0.0611111111111111,0.02779819920346001
LIT_PCBA,full,ESR1_ant,ESR1_ant,0.7,20,chemdeprc_cap1,20.0,1.0,0.95,20.0,0.05,0.1212196980329189,20.0,1.0,0.95,16.0,0.1,0.1366414638873801,0.0,0.0,0.0,4.0,-0.05,-0.0154217658544612,18.0,1.0,0.9444444444444444,14.0,0.1111111111111111,0.1436953531899068,2.0,0.0,0.005555555555555536,6.0,-0.0611111111111111,-0.022475655156987906,20.0,1.0,0.95,20.0,0.05,0.1158971539864468,0.0,0.0,0.0,0.0,0.0,0.0053225440464721024
LIT_PCBA,full,ESR1_ant,ESR1_ant,0.7,20,chemdeprc_soft75,20.0,1.0,0.95,15.0,0.1,0.1352584203340897,20.0,1.0,0.95,16.0,0.1,0.1366414638873801,0.0,0.0,0.0,-1.0,0.0,-0.001383043553290414,18.0,1.0,0.9444444444444444,14.0,0.1111111111111111,0.1436953531899068,2.0,0.0,0.005555555555555536,1.0,-0.0111111111111111,-0.00843693285581712,20.0,1.0,0.95,20.0,0.05,0.1158971539864468,0.0,0.0,0.0,-5.0,0.05,0.01936126634764289
LIT_PCBA,full,ESR1_ant,ESR1_ant,0.7,20,score_cap1,20.0,1.0,0.95,20.0,0.05,0.1158971539864468,20.0,1.0,0.95,16.0,0.1,0.1366414638873801,0.0,0.0,0.0,4.0,-0.05,-0.020744309900933303,18.0,1.0,0.9444444444444444,14.0,0.1111111111111111,0.1436953531899068,2.0,0.0,0.005555555555555536,6.0,-0.0611111111111111,-0.02779819920346001,20.0,1.0,0.95,20.0,0.05,0.1158971539864468,0.0,0.0,0.0,0.0,0.0,0.0
LIT_PCBA,full,ESR1_ant,ESR1_ant,0.7,20,weighted_bh,20.0,1.0,0.95,19.0,0.1,0.1239326369496884,20.0,1.0,0.95,16.0,0.1,0.1366414638873801,0.0,0.0,0.0,3.0,0.0,-0.012708826937691708,18.0,1.0,0.9444444444444444,14.0,0.1111111111111111,0.1436953531899068,2.0,0.0,0.005555555555555536,5.0,-0.0111111111111111,-0.019762716240218414,20.0,1.0,0.95,20.0,0.05,0.1158971539864468,0.0,0.0,0.0,-1.0,0.05,0.008035482963241594
LIT_PCBA,full,ESR1_ant,ESR1_ant,0.7,50,bh,18.0,1.0,0.9444444444444444,14.0,0.1111111111111111,0.1436953531899068,50.0,2.0,0.96,37.0,0.1,0.106199594901585,-32.0,-1.0,-0.015555555555555545,-23.0,0.0111111111111111,0.037495758288321815,18.0,1.0,0.9444444444444444,14.0,0.1111111111111111,0.1436953531899068,0.0,0.0,0.0,0.0,0.0,0.0,50.0,3.0,0.94,50.0,0.02,0.1073490006683349,-32.0,-2.0,0.004444444444444473,-36.0,0.0911111111111111,0.03634635252157191
LIT_PCBA,full,ESR1_ant,ESR1_ant,0.7,50,chemdeprc_cap1,50.0,3.0,0.94,50.0,0.02,0.1119073341956127,50.0,2.0,0.96,37.0,0.1,0.106199594901585,0.0,1.0,-0.020000000000000018,13.0,-0.08,0.005707739294027708,18.0,1.0,0.9444444444444444,14.0,0.1111111111111111,0.1436953531899068,32.0,2.0,-0.004444444444444473,36.0,-0.0911111111111111,-0.03178801899429411,50.0,3.0,0.94,50.0,0.02,0.1073490006683349,0.0,0.0,0.0,0.0,0.0,0.0045583335272778025
LIT_PCBA,full,ESR1_ant,ESR1_ant,0.7,50,chemdeprc_soft75,50.0,3.0,0.94,38.0,0.06,0.1197463328604065,50.0,2.0,0.96,37.0,0.1,0.106199594901585,0.0,1.0,-0.020000000000000018,1.0,-0.04000000000000001,0.013546737958821511,18.0,1.0,0.9444444444444444,14.0,0.1111111111111111,0.1436953531899068,32.0,2.0,-0.004444444444444473,24.0,-0.05111111111111111,-0.023949020329500303,50.0,3.0,0.94,50.0,0.02,0.1073490006683349,0.0,0.0,0.0,-12.0,0.039999999999999994,0.012397332192071606
LIT_PCBA,full,ESR1_ant,ESR1_ant,0.7,50,score_cap1,50.0,3.0,0.94,50.0,0.02,0.1073490006683349,50.0,2.0,0.96,37.0,0.1,0.106199594901585,0.0,1.0,-0.020000000000000018,13.0,-0.08,0.0011494057667499058,18.0,1.0,0.9444444444444444,14.0,0.1111111111111111,0.1436953531899068,32.0,2.0,-0.004444444444444473,36.0,-0.0911111111111111,-0.03634635252157191,50.0,3.0,0.94,50.0,0.02,0.1073490006683349,0.0,0.0,0.0,0.0,0.0,0.0
LIT_PCBA,full,ESR1_ant,ESR1_ant,0.7,50,weighted_bh,50.0,2.0,0.96,44.0,0.04,0.1183641880188762,50.0,2.0,0.96,37.0,0.1,0.106199594901585,0.0,0.0,0.0,7.0,-0.060000000000000005,0.012164593117291206,18.0,1.0,0.9444444444444444,14.0,0.1111111111111111,0.1436953531899068,32.0,1.0,0.015555555555555545,30.0,-0.0711111111111111,-0.02533116517103061,50.0,3.0,0.94,50.0,0.02,0.1073490006683349,0.0,-1.0,0.020000000000000018,-6.0,0.02,0.0110151873505413
LIT_PCBA,full,ESR1_ant,ESR1_ant,0.7,100,bh,18.0,1.0,0.9444444444444444,14.0,0.1111111111111111,0.1436953531899068,100.0,5.0,0.95,78.0,0.05,0.1035022448020602,-82.0,-4.0,-0.005555555555555536,-64.0,0.0611111111111111,0.04019310838784661,18.0,1.0,0.9444444444444444,14.0,0.1111111111111111,0.1436953531899068,0.0,0.0,0.0,0.0,0.0,0.0,100.0,6.0,0.94,100.0,0.01,0.106292283403083,-82.0,-5.0,0.004444444444444473,-86.0,0.10111111111111111,0.03740306978682381
LIT_PCBA,full,ESR1_ant,ESR1_ant,0.7,100,chemdeprc_cap1,100.0,7.0,0.93,100.0,0.01,0.1061131046442818,100.0,5.0,0.95,78.0,0.05,0.1035022448020602,0.0,2.0,-0.019999999999999907,22.0,-0.04,0.002610859842221591,18.0,1.0,0.9444444444444444,14.0,0.1111111111111111,0.1436953531899068,82.0,6.0,-0.014444444444444371,86.0,-0.10111111111111111,-0.037582248545625016,100.0,6.0,0.94,100.0,0.01,0.106292283403083,0.0,1.0,-0.009999999999999898,0.0,0.0,-0.00017917875880120449
LIT_PCBA,full,ESR1_ant,ESR1_ant,0.7,100,chemdeprc_soft75,100.0,6.0,0.94,75.0,0.04,0.1124026862546059,100.0,5.0,0.95,78.0,0.05,0.1035022448020602,0.0,1.0,-0.010000000000000009,-3.0,-0.010000000000000002,0.00890044145254569,18.0,1.0,0.9444444444444444,14.0,0.1111111111111111,0.1436953531899068,82.0,5.0,-0.004444444444444473,61.0,-0.0711111111111111,-0.03129266693530092,100.0,6.0,0.94,100.0,0.01,0.106292283403083,0.0,0.0,0.0,-25.0,0.03,0.006110402851522895
LIT_PCBA,full,ESR1_ant,ESR1_ant,0.7,100,score_cap1,100.0,6.0,0.94,100.0,0.01,0.106292283403083,100.0,5.0,0.95,78.0,0.05,0.1035022448020602,0.0,1.0,-0.010000000000000009,22.0,-0.04,0.0027900386010227957,18.0,1.0,0.9444444444444444,14.0,0.1111111111111111,0.1436953531899068,82.0,5.0,-0.004444444444444473,86.0,-0.10111111111111111,-0.03740306978682381,100.0,6.0,0.94,100.0,0.01,0.106292283403083,0.0,0.0,0.0,0.0,0.0,0.0
LIT_PCBA,full,ESR1_ant,ESR1_ant,0.7,100,weighted_bh,100.0,5.0,0.95,91.0,0.02,0.1082814393817431,100.0,5.0,0.95,78.0,0.05,0.1035022448020602,0.0,0.0,0.0,13.0,-0.030000000000000002,0.004779194579682899,18.0,1.0,0.9444444444444444,14.0,0.1111111111111111,0.1436953531899068,82.0,4.0,0.005555555555555536,77.0,-0.0911111111111111,-0.03541391380816371,100.0,6.0,0.94,100.0,0.01,0.106292283403083,0.0,-1.0,0.010000000000000009,-9.0,0.01,0.0019891559786601037
LIT_PCBA,full,ESR1_ant,ESR1_ant,0.7,200,bh,18.0,1.0,0.9444444444444444,14.0,0.1111111111111111,0.1436953531899068,200.0,12.0,0.94,151.0,0.035,0.1044821918151646,-182.0,-11.0,0.004444444444444473,-137.0,0.0761111111111111,0.039213161374742206,18.0,1.0,0.9444444444444444,14.0,0.1111111111111111,0.1436953531899068,0.0,0.0,0.0,0.0,0.0,0.0,200.0,12.0,0.94,200.0,0.005,0.1020455892800061,-182.0,-11.0,0.004444444444444473,-186.0,0.1061111111111111,0.04164976390990072
LIT_PCBA,full,ESR1_ant,ESR1_ant,0.7,200,chemdeprc_cap1,200.0,15.0,0.925,200.0,0.005,0.1003619773514306,200.0,12.0,0.94,151.0,0.035,0.1044821918151646,0.0,3.0,-0.014999999999999902,49.0,-0.030000000000000002,-0.004120214463734007,18.0,1.0,0.9444444444444444,14.0,0.1111111111111111,0.1436953531899068,182.0,14.0,-0.019444444444444375,186.0,-0.1061111111111111,-0.04333337583847621,200.0,12.0,0.94,200.0,0.005,0.1020455892800061,0.0,3.0,-0.014999999999999902,0.0,0.0,-0.0016836119285754958
LIT_PCBA,full,ESR1_ant,ESR1_ant,0.7,200,chemdeprc_soft75,200.0,10.0,0.95,150.0,0.025,0.1041315643900561,200.0,12.0,0.94,151.0,0.035,0.1044821918151646,0.0,-2.0,0.010000000000000009,-1.0,-0.010000000000000002,-0.0003506274251085101,18.0,1.0,0.9444444444444444,14.0,0.1111111111111111,0.1436953531899068,182.0,9.0,0.005555555555555536,136.0,-0.08611111111111111,-0.039563788799850716,200.0,12.0,0.94,200.0,0.005,0.1020455892800061,0.0,-2.0,0.010000000000000009,-50.0,0.02,0.0020859751100500007
LIT_PCBA,full,ESR1_ant,ESR1_ant,0.7,200,score_cap1,200.0,12.0,0.94,200.0,0.005,0.1020455892800061,200.0,12.0,0.94,151.0,0.035,0.1044821918151646,0.0,0.0,0.0,49.0,-0.030000000000000002,-0.0024366025351585108,18.0,1.0,0.9444444444444444,14.0,0.1111111111111111,0.1436953531899068,182.0,11.0,-0.004444444444444473,186.0,-0.1061111111111111,-0.04164976390990072,200.0,12.0,0.94,200.0,0.005,0.1020455892800061,0.0,0.0,0.0,0.0,0.0,0.0
LIT_PCBA,full,ESR1_ant,ESR1_ant,0.7,200,weighted_bh,200.0,15.0,0.925,181.0,0.015,0.1014253652802244,200.0,12.0,0.94,151.0,0.035,0.1044821918151646,0.0,3.0,-0.014999999999999902,30.0,-0.020000000000000004,-0.003056826534940202,18.0,1.0,0.9444444444444444,14.0,0.1111111111111111,0.1436953531899068,182.0,14.0,-0.019444444444444375,167.0,-0.0961111111111111,-0.04226998790968241,200.0,12.0,0.94,200.0,0.005,0.1020455892800061,0.0,3.0,-0.014999999999999902,-19.0,0.009999999999999998,-0.0006202239997816911
LIT_PCBA,full,ESR1_ant,ESR1_ant,0.7,500,bh,18.0,1.0,0.9444444444444444,14.0,0.1111111111111111,0.1436953531899068,500.0,29.0,0.942,343.0,0.084,0.0979843780103111,-482.0,-28.0,0.0024444444444444713,-329.0,0.0271111111111111,0.045710975179595714,18.0,1.0,0.9444444444444444,14.0,0.1111111111111111,0.1436953531899068,0.0,0.0,0.0,0.0,0.0,0.0,500.0,30.0,0.94,500.0,0.002,0.0961079167034702,-482.0,-29.0,0.004444444444444473,-486.0,0.1091111111111111,0.04758743648643661
LIT_PCBA,full,ESR1_ant,ESR1_ant,0.7,500,chemdeprc_cap1,388.0,28.0,0.9278350515463918,388.0,0.0025773195876288,0.0972302755465694,500.0,29.0,0.942,343.0,0.084,0.0979843780103111,-112.0,-1.0,-0.014164948453608162,45.0,-0.0814226804123712,-0.0007541024637416904,18.0,1.0,0.9444444444444444,14.0,0.1111111111111111,0.1436953531899068,370.0,27.0,-0.016609392898052633,374.0,-0.1085337915234823,-0.046465077643337405,500.0,30.0,0.94,500.0,0.002,0.0961079167034702,-112.0,-2.0,-0.01216494845360816,-112.0,0.0005773195876288,0.0011223588430992054
LIT_PCBA,full,ESR1_ant,ESR1_ant,0.7,500,chemdeprc_soft75,500.0,35.0,0.93,375.0,0.006,0.0976771530189896,500.0,29.0,0.942,343.0,0.084,0.0979843780103111,0.0,6.0,-0.0119999999999999,32.0,-0.078,-0.00030722499132149195,18.0,1.0,0.9444444444444444,14.0,0.1111111111111111,0.1436953531899068,482.0,34.0,-0.014444444444444371,361.0,-0.1051111111111111,-0.046018200170917206,500.0,30.0,0.94,500.0,0.002,0.0961079167034702,0.0,5.0,-0.009999999999999898,-125.0,0.004,0.001569236315519404
LIT_PCBA,full,ESR1_ant,ESR1_ant,0.7,500,score_cap1,500.0,30.0,0.94,500.0,0.002,0.0961079167034702,500.0,29.0,0.942,343.0,0.084,0.0979843780103111,0.0,1.0,-0.0020000000000000018,157.0,-0.082,-0.0018764613068408958,18.0,1.0,0.9444444444444444,14.0,0.1111111111111111,0.1436953531899068,482.0,29.0,-0.004444444444444473,486.0,-0.1091111111111111,-0.04758743648643661,500.0,30.0,0.94,500.0,0.002,0.0961079167034702,0.0,0.0,0.0,0.0,0.0,0.0
LIT_PCBA,full,ESR1_ant,ESR1_ant,0.7,500,weighted_bh,423.0,30.0,0.9290780141843972,375.0,0.0094562647754137,0.0981048035737058,500.0,29.0,0.942,343.0,0.084,0.0979843780103111,-77.0,1.0,-0.012921985815602777,32.0,-0.07454373522458631,0.00012042556339469934,18.0,1.0,0.9444444444444444,14.0,0.1111111111111111,0.1436953531899068,405.0,29.0,-0.015366430260047248,361.0,-0.10165484633569741,-0.045590549616201015,500.0,30.0,0.94,500.0,0.002,0.0961079167034702,-77.0,0.0,-0.010921985815602775,-125.0,0.007456264775413699,0.001996886870235595
LIT_PCBA,full,MAPK1,MAPK1,0.7,10,bh,0.0,0.0,0.0,0.0,0.0,0.0,10.0,2.0,0.8,10.0,0.1,0.135950432109281,-10.0,-2.0,-0.8,-10.0,-0.1,-0.135950432109281,0.0,0.0,0.0,0.0,0.0,0.0,0.0,0.0,0.0,0.0,0.0,0.0,10.0,2.0,0.8,10.0,0.1,0.135950432109281,-10.0,-2.0,-0.8,-10.0,-0.1,-0.135950432109281
LIT_PCBA,full,MAPK1,MAPK1,0.7,10,chemdeprc_cap1,0.0,0.0,0.0,0.0,0.0,0.0,10.0,2.0,0.8,10.0,0.1,0.135950432109281,-10.0,-2.0,-0.8,-10.0,-0.1,-0.135950432109281,0.0,0.0,0.0,0.0,0.0,0.0,0.0,0.0,0.0,0.0,0.0,0.0,10.0,2.0,0.8,10.0,0.1,0.135950432109281,-10.0,-2.0,-0.8,-10.0,-0.1,-0.135950432109281
LIT_PCBA,full,MAPK1,MAPK1,0.7,10,chemdeprc_soft75,0.0,0.0,0.0,0.0,0.0,0.0,10.0,2.0,0.8,10.0,0.1,0.135950432109281,-10.0,-2.0,-0.8,-10.0,-0.1,-0.135950432109281,0.0,0.0,0.0,0.0,0.0,0.0,0.0,0.0,0.0,0.0,0.0,0.0,10.0,2.0,0.8,10.0,0.1,0.135950432109281,-10.0,-2.0,-0.8,-10.0,-0.1,-0.135950432109281
LIT_PCBA,full,MAPK1,MAPK1,0.7,10,score_cap1,10.0,2.0,0.8,10.0,0.1,0.135950432109281,10.0,2.0,0.8,10.0,0.1,0.135950432109281,0.0,0.0,0.0,0.0,0.0,0.0,0.0,0.0,0.0,0.0,0.0,0.0,10.0,2.0,0.8,10.0,0.1,0.135950432109281,10.0,2.0,0.8,10.0,0.1,0.135950432109281,0.0,0.0,0.0,0.0,0.0,0.0
LIT_PCBA,full,MAPK1,MAPK1,0.7,10,weighted_bh,0.0,0.0,0.0,0.0,0.0,0.0,10.0,2.0,0.8,10.0,0.1,0.135950432109281,-10.0,-2.0,-0.8,-10.0,-0.1,-0.135950432109281,0.0,0.0,0.0,0.0,0.0,0.0,0.0,0.0,0.0,0.0,0.0,0.0,10.0,2.0,0.8,10.0,0.1,0.135950432109281,-10.0,-2.0,-0.8,-10.0,-0.1,-0.135950432109281
LIT_PCBA,full,MAPK1,MAPK1,0.7,20,bh,0.0,0.0,0.0,0.0,0.0,0.0,20.0,2.0,0.9,20.0,0.05,0.1285522342646653,-20.0,-2.0,-0.9,-20.0,-0.05,-0.1285522342646653,0.0,0.0,0.0,0.0,0.0,0.0,0.0,0.0,0.0,0.0,0.0,0.0,20.0,2.0,0.9,20.0,0.05,0.1285522342646653,-20.0,-2.0,-0.9,-20.0,-0.05,-0.1285522342646653
LIT_PCBA,full,MAPK1,MAPK1,0.7,20,chemdeprc_cap1,0.0,0.0,0.0,0.0,0.0,0.0,20.0,2.0,0.9,20.0,0.05,0.1285522342646653,-20.0,-2.0,-0.9,-20.0,-0.05,-0.1285522342646653,0.0,0.0,0.0,0.0,0.0,0.0,0.0,0.0,0.0,0.0,0.0,0.0,20.0,2.0,0.9,20.0,0.05,0.1285522342646653,-20.0,-2.0,-0.9,-20.0,-0.05,-0.1285522342646653
LIT_PCBA,full,MAPK1,MAPK1,0.7,20,chemdeprc_soft75,0.0,0.0,0.0,0.0,0.0,0.0,20.0,2.0,0.9,20.0,0.05,0.1285522342646653,-20.0,-2.0,-0.9,-20.0,-0.05,-0.1285522342646653,0.0,0.0,0.0,0.0,0.0,0.0,0.0,0.0,0.0,0.0,0.0,0.0,20.0,2.0,0.9,20.0,0.05,0.1285522342646653,-20.0,-2.0,-0.9,-20.0,-0.05,-0.1285522342646653
LIT_PCBA,full,MAPK1,MAPK1,0.7,20,score_cap1,20.0,2.0,0.9,20.0,0.05,0.1285522342646653,20.0,2.0,0.9,20.0,0.05,0.1285522342646653,0.0,0.0,0.0,0.0,0.0,0.0,0.0,0.0,0.0,0.0,0.0,0.0,20.0,2.0,0.9,20.0,0.05,0.1285522342646653,20.0,2.0,0.9,20.0,0.05,0.1285522342646653,0.0,0.0,0.0,0.0,0.0,0.0
LIT_PCBA,full,MAPK1,MAPK1,0.7,20,weighted_bh,0.0,0.0,0.0,0.0,0.0,0.0,20.0,2.0,0.9,20.0,0.05,0.1285522342646653,-20.0,-2.0,-0.9,-20.0,-0.05,-0.1285522342646653,0.0,0.0,0.0,0.0,0.0,0.0,0.0,0.0,0.0,0.0,0.0,0.0,20.0,2.0,0.9,20.0,0.05,0.1285522342646653,-20.0,-2.0,-0.9,-20.0,-0.05,-0.1285522342646653
LIT_PCBA,full,MAPK1,MAPK1,0.7,50,bh,0.0,0.0,0.0,0.0,0.0,0.0,50.0,4.0,0.92,49.0,0.04,0.1187989421014381,-50.0,-4.0,-0.92,-49.0,-0.04,-0.1187989421014381,0.0,0.0,0.0,0.0,0.0,0.0,0.0,0.0,0.0,0.0,0.0,0.0,50.0,4.0,0.92,50.0,0.02,0.1185909719434327,-50.0,-4.0,-0.92,-50.0,-0.02,-0.1185909719434327
LIT_PCBA,full,MAPK1,MAPK1,0.7,50,chemdeprc_cap1,0.0,0.0,0.0,0.0,0.0,0.0,50.0,4.0,0.92,49.0,0.04,0.1187989421014381,-50.0,-4.0,-0.92,-49.0,-0.04,-0.1187989421014381,0.0,0.0,0.0,0.0,0.0,0.0,0.0,0.0,0.0,0.0,0.0,0.0,50.0,4.0,0.92,50.0,0.02,0.1185909719434327,-50.0,-4.0,-0.92,-50.0,-0.02,-0.1185909719434327
LIT_PCBA,full,MAPK1,MAPK1,0.7,50,chemdeprc_soft75,0.0,0.0,0.0,0.0,0.0,0.0,50.0,4.0,0.92,49.0,0.04,0.1187989421014381,-50.0,-4.0,-0.92,-49.0,-0.04,-0.1187989421014381,0.0,0.0,0.0,0.0,0.0,0.0,0.0,0.0,0.0,0.0,0.0,0.0,50.0,4.0,0.92,50.0,0.02,0.1185909719434327,-50.0,-4.0,-0.92,-50.0,-0.02,-0.1185909719434327
LIT_PCBA,full,MAPK1,MAPK1,0.7,50,score_cap1,50.0,4.0,0.92,50.0,0.02,0.1185909719434327,50.0,4.0,0.92,49.0,0.04,0.1187989421014381,0.0,0.0,0.0,1.0,-0.02,-0.0002079701580054022,0.0,0.0,0.0,0.0,0.0,0.0,50.0,4.0,0.92,50.0,0.02,0.1185909719434327,50.0,4.0,0.92,50.0,0.02,0.1185909719434327,0.0,0.0,0.0,0.0,0.0,0.0
LIT_PCBA,full,MAPK1,MAPK1,0.7,50,weighted_bh,0.0,0.0,0.0,0.0,0.0,0.0,50.0,4.0,0.92,49.0,0.04,0.1187989421014381,-50.0,-4.0,-0.92,-49.0,-0.04,-0.1187989421014381,0.0,0.0,0.0,0.0,0.0,0.0,0.0,0.0,0.0,0.0,0.0,0.0,50.0,4.0,0.92,50.0,0.02,0.1185909719434327,-50.0,-4.0,-0.92,-50.0,-0.02,-0.1185909719434327
LIT_PCBA,full,MAPK1,MAPK1,0.7,100,bh,0.0,0.0,0.0,0.0,0.0,0.0,100.0,11.0,0.89,95.0,0.02,0.1175155403200848,-100.0,-11.0,-0.89,-95.0,-0.02,-0.1175155403200848,0.0,0.0,0.0,0.0,0.0,0.0,0.0,0.0,0.0,0.0,0.0,0.0,100.0,11.0,0.89,100.0,0.01,0.1156998990805956,-100.0,-11.0,-0.89,-100.0,-0.01,-0.1156998990805956
LIT_PCBA,full,MAPK1,MAPK1,0.7,100,chemdeprc_cap1,0.0,0.0,0.0,0.0,0.0,0.0,100.0,11.0,0.89,95.0,0.02,0.1175155403200848,-100.0,-11.0,-0.89,-95.0,-0.02,-0.1175155403200848,0.0,0.0,0.0,0.0,0.0,0.0,0.0,0.0,0.0,0.0,0.0,0.0,100.0,11.0,0.89,100.0,0.01,0.1156998990805956,-100.0,-11.0,-0.89,-100.0,-0.01,-0.1156998990805956
LIT_PCBA,full,MAPK1,MAPK1,0.7,100,chemdeprc_soft75,0.0,0.0,0.0,0.0,0.0,0.0,100.0,11.0,0.89,95.0,0.02,0.1175155403200848,-100.0,-11.0,-0.89,-95.0,-0.02,-0.1175155403200848,0.0,0.0,0.0,0.0,0.0,0.0,0.0,0.0,0.0,0.0,0.0,0.0,100.0,11.0,0.89,100.0,0.01,0.1156998990805956,-100.0,-11.0,-0.89,-100.0,-0.01,-0.1156998990805956
LIT_PCBA,full,MAPK1,MAPK1,0.7,100,score_cap1,100.0,11.0,0.89,100.0,0.01,0.1156998990805956,100.0,11.0,0.89,95.0,0.02,0.1175155403200848,0.0,0.0,0.0,5.0,-0.01,-0.001815641239489199,0.0,0.0,0.0,0.0,0.0,0.0,100.0,11.0,0.89,100.0,0.01,0.1156998990805956,100.0,11.0,0.89,100.0,0.01,0.1156998990805956,0.0,0.0,0.0,0.0,0.0,0.0
LIT_PCBA,full,MAPK1,MAPK1,0.7,100,weighted_bh,0.0,0.0,0.0,0.0,0.0,0.0,100.0,11.0,0.89,95.0,0.02,0.1175155403200848,-100.0,-11.0,-0.89,-95.0,-0.02,-0.1175155403200848,0.0,0.0,0.0,0.0,0.0,0.0,0.0,0.0,0.0,0.0,0.0,0.0,100.0,11.0,0.89,100.0,0.01,0.1156998990805956,-100.0,-11.0,-0.89,-100.0,-0.01,-0.1156998990805956
LIT_PCBA,full,MAPK1,MAPK1,0.7,200,bh,0.0,0.0,0.0,0.0,0.0,0.0,200.0,18.0,0.91,189.0,0.01,0.1183138031454583,-200.0,-18.0,-0.91,-189.0,-0.01,-0.1183138031454583,0.0,0.0,0.0,0.0,0.0,0.0,0.0,0.0,0.0,0.0,0.0,0.0,200.0,19.0,0.905,200.0,0.005,0.1163880338272085,-200.0,-19.0,-0.905,-200.0,-0.005,-0.1163880338272085
LIT_PCBA,full,MAPK1,MAPK1,0.7,200,chemdeprc_cap1,0.0,0.0,0.0,0.0,0.0,0.0,200.0,18.0,0.91,189.0,0.01,0.1183138031454583,-200.0,-18.0,-0.91,-189.0,-0.01,-0.1183138031454583,0.0,0.0,0.0,0.0,0.0,0.0,0.0,0.0,0.0,0.0,0.0,0.0,200.0,19.0,0.905,200.0,0.005,0.1163880338272085,-200.0,-19.0,-0.905,-200.0,-0.005,-0.1163880338272085
LIT_PCBA,full,MAPK1,MAPK1,0.7,200,chemdeprc_soft75,0.0,0.0,0.0,0.0,0.0,0.0,200.0,18.0,0.91,189.0,0.01,0.1183138031454583,-200.0,-18.0,-0.91,-189.0,-0.01,-0.1183138031454583,0.0,0.0,0.0,0.0,0.0,0.0,0.0,0.0,0.0,0.0,0.0,0.0,200.0,19.0,0.905,200.0,0.005,0.1163880338272085,-200.0,-19.0,-0.905,-200.0,-0.005,-0.1163880338272085
LIT_PCBA,full,MAPK1,MAPK1,0.7,200,score_cap1,200.0,19.0,0.905,200.0,0.005,0.1163880338272085,200.0,18.0,0.91,189.0,0.01,0.1183138031454583,0.0,1.0,-0.0050000000000000044,11.0,-0.005,-0.0019257693182497954,0.0,0.0,0.0,0.0,0.0,0.0,200.0,19.0,0.905,200.0,0.005,0.1163880338272085,200.0,19.0,0.905,200.0,0.005,0.1163880338272085,0.0,0.0,0.0,0.0,0.0,0.0
LIT_PCBA,full,MAPK1,MAPK1,0.7,200,weighted_bh,0.0,0.0,0.0,0.0,0.0,0.0,200.0,18.0,0.91,189.0,0.01,0.1183138031454583,-200.0,-18.0,-0.91,-189.0,-0.01,-0.1183138031454583,0.0,0.0,0.0,0.0,0.0,0.0,0.0,0.0,0.0,0.0,0.0,0.0,200.0,19.0,0.905,200.0,0.005,0.1163880338272085,-200.0,-19.0,-0.905,-200.0,-0.005,-0.1163880338272085
LIT_PCBA,full,MAPK1,MAPK1,0.7,500,bh,0.0,0.0,0.0,0.0,0.0,0.0,500.0,42.0,0.916,466.0,0.006,0.1181654595591893,-500.0,-42.0,-0.916,-466.0,-0.006,-0.1181654595591893,0.0,0.0,0.0,0.0,0.0,0.0,0.0,0.0,0.0,0.0,0.0,0.0,500.0,42.0,0.916,500.0,0.002,0.1177904075112428,-500.0,-42.0,-0.916,-500.0,-0.002,-0.1177904075112428
LIT_PCBA,full,MAPK1,MAPK1,0.7,500,chemdeprc_cap1,0.0,0.0,0.0,0.0,0.0,0.0,500.0,42.0,0.916,466.0,0.006,0.1181654595591893,-500.0,-42.0,-0.916,-466.0,-0.006,-0.1181654595591893,0.0,0.0,0.0,0.0,0.0,0.0,0.0,0.0,0.0,0.0,0.0,0.0,500.0,42.0,0.916,500.0,0.002,0.1177904075112428,-500.0,-42.0,-0.916,-500.0,-0.002,-0.1177904075112428
LIT_PCBA,full,MAPK1,MAPK1,0.7,500,chemdeprc_soft75,0.0,0.0,0.0,0.0,0.0,0.0,500.0,42.0,0.916,466.0,0.006,0.1181654595591893,-500.0,-42.0,-0.916,-466.0,-0.006,-0.1181654595591893,0.0,0.0,0.0,0.0,0.0,0.0,0.0,0.0,0.0,0.0,0.0,0.0,500.0,42.0,0.916,500.0,0.002,0.1177904075112428,-500.0,-42.0,-0.916,-500.0,-0.002,-0.1177904075112428
LIT_PCBA,full,MAPK1,MAPK1,0.7,500,score_cap1,500.0,42.0,0.916,500.0,0.002,0.1177904075112428,500.0,42.0,0.916,466.0,0.006,0.1181654595591893,0.0,0.0,0.0,34.0,-0.004,-0.0003750520479465086,0.0,0.0,0.0,0.0,0.0,0.0,500.0,42.0,0.916,500.0,0.002,0.1177904075112428,500.0,42.0,0.916,500.0,0.002,0.1177904075112428,0.0,0.0,0.0,0.0,0.0,0.0
LIT_PCBA,full,MAPK1,MAPK1,0.7,500,weighted_bh,0.0,0.0,0.0,0.0,0.0,0.0,500.0,42.0,0.916,466.0,0.006,0.1181654595591893,-500.0,-42.0,-0.916,-466.0,-0.006,-0.1181654595591893,0.0,0.0,0.0,0.0,0.0,0.0,0.0,0.0,0.0,0.0,0.0,0.0,500.0,42.0,0.916,500.0,0.002,0.1177904075112428,-500.0,-42.0,-0.916,-500.0,-0.002,-0.1177904075112428
LIT_PCBA,full,MTORC1,MTORC1,0.7,10,bh,0.0,0.0,0.0,0.0,0.0,0.0,10.0,1.0,0.9,9.0,0.2,0.1534260680984752,-10.0,-1.0,-0.9,-9.0,-0.2,-0.1534260680984752,0.0,0.0,0.0,0.0,0.0,0.0,0.0,0.0,0.0,0.0,0.0,0.0,10.0,1.0,0.9,10.0,0.1,0.1348352293838134,-10.0,-1.0,-0.9,-10.0,-0.1,-0.1348352293838134
LIT_PCBA,full,MTORC1,MTORC1,0.7,10,chemdeprc_cap1,0.0,0.0,0.0,0.0,0.0,0.0,10.0,1.0,0.9,9.0,0.2,0.1534260680984752,-10.0,-1.0,-0.9,-9.0,-0.2,-0.1534260680984752,0.0,0.0,0.0,0.0,0.0,0.0,0.0,0.0,0.0,0.0,0.0,0.0,10.0,1.0,0.9,10.0,0.1,0.1348352293838134,-10.0,-1.0,-0.9,-10.0,-0.1,-0.1348352293838134
LIT_PCBA,full,MTORC1,MTORC1,0.7,10,chemdeprc_soft75,0.0,0.0,0.0,0.0,0.0,0.0,10.0,1.0,0.9,9.0,0.2,0.1534260680984752,-10.0,-1.0,-0.9,-9.0,-0.2,-0.1534260680984752,0.0,0.0,0.0,0.0,0.0,0.0,0.0,0.0,0.0,0.0,0.0,0.0,10.0,1.0,0.9,10.0,0.1,0.1348352293838134,-10.0,-1.0,-0.9,-10.0,-0.1,-0.1348352293838134
LIT_PCBA,full,MTORC1,MTORC1,0.7,10,score_cap1,10.0,1.0,0.9,10.0,0.1,0.1348352293838134,10.0,1.0,0.9,9.0,0.2,0.1534260680984752,0.0,0.0,0.0,1.0,-0.1,-0.0185908387146618,0.0,0.0,0.0,0.0,0.0,0.0,10.0,1.0,0.9,10.0,0.1,0.1348352293838134,10.0,1.0,0.9,10.0,0.1,0.1348352293838134,0.0,0.0,0.0,0.0,0.0,0.0
LIT_PCBA,full,MTORC1,MTORC1,0.7,10,weighted_bh,0.0,0.0,0.0,0.0,0.0,0.0,10.0,1.0,0.9,9.0,0.2,0.1534260680984752,-10.0,-1.0,-0.9,-9.0,-0.2,-0.1534260680984752,0.0,0.0,0.0,0.0,0.0,0.0,0.0,0.0,0.0,0.0,0.0,0.0,10.0,1.0,0.9,10.0,0.1,0.1348352293838134,-10.0,-1.0,-0.9,-10.0,-0.1,-0.1348352293838134
LIT_PCBA,full,MTORC1,MTORC1,0.7,20,bh,0.0,0.0,0.0,0.0,0.0,0.0,20.0,1.0,0.95,17.0,0.15,0.1582168704672261,-20.0,-1.0,-0.95,-17.0,-0.15,-0.1582168704672261,0.0,0.0,0.0,0.0,0.0,0.0,0.0,0.0,0.0,0.0,0.0,0.0,20.0,1.0,0.95,20.0,0.05,0.1421811005556756,-20.0,-1.0,-0.95,-20.0,-0.05,-0.1421811005556756
LIT_PCBA,full,MTORC1,MTORC1,0.7,20,chemdeprc_cap1,0.0,0.0,0.0,0.0,0.0,0.0,20.0,1.0,0.95,17.0,0.15,0.1582168704672261,-20.0,-1.0,-0.95,-17.0,-0.15,-0.1582168704672261,0.0,0.0,0.0,0.0,0.0,0.0,0.0,0.0,0.0,0.0,0.0,0.0,20.0,1.0,0.95,20.0,0.05,0.1421811005556756,-20.0,-1.0,-0.95,-20.0,-0.05,-0.1421811005556756
LIT_PCBA,full,MTORC1,MTORC1,0.7,20,chemdeprc_soft75,0.0,0.0,0.0,0.0,0.0,0.0,20.0,1.0,0.95,17.0,0.15,0.1582168704672261,-20.0,-1.0,-0.95,-17.0,-0.15,-0.1582168704672261,0.0,0.0,0.0,0.0,0.0,0.0,0.0,0.0,0.0,0.0,0.0,0.0,20.0,1.0,0.95,20.0,0.05,0.1421811005556756,-20.0,-1.0,-0.95,-20.0,-0.05,-0.1421811005556756
LIT_PCBA,full,MTORC1,MTORC1,0.7,20,score_cap1,20.0,1.0,0.95,20.0,0.05,0.1421811005556756,20.0,1.0,0.95,17.0,0.15,0.1582168704672261,0.0,0.0,0.0,3.0,-0.09999999999999999,-0.016035769911550507,0.0,0.0,0.0,0.0,0.0,0.0,20.0,1.0,0.95,20.0,0.05,0.1421811005556756,20.0,1.0,0.95,20.0,0.05,0.1421811005556756,0.0,0.0,0.0,0.0,0.0,0.0
LIT_PCBA,full,MTORC1,MTORC1,0.7,20,weighted_bh,0.0,0.0,0.0,0.0,0.0,0.0,20.0,1.0,0.95,17.0,0.15,0.1582168704672261,-20.0,-1.0,-0.95,-17.0,-0.15,-0.1582168704672261,0.0,0.0,0.0,0.0,0.0,0.0,0.0,0.0,0.0,0.0,0.0,0.0,20.0,1.0,0.95,20.0,0.05,0.1421811005556756,-20.0,-1.0,-0.95,-20.0,-0.05,-0.1421811005556756
LIT_PCBA,full,MTORC1,MTORC1,0.7,50,bh,0.0,0.0,0.0,0.0,0.0,0.0,50.0,1.0,0.98,43.0,0.06,0.153271595106078,-50.0,-1.0,-0.98,-43.0,-0.06,-0.153271595106078,0.0,0.0,0.0,0.0,0.0,0.0,0.0,0.0,0.0,0.0,0.0,0.0,50.0,1.0,0.98,50.0,0.02,0.1482885614955266,-50.0,-1.0,-0.98,-50.0,-0.02,-0.1482885614955266
LIT_PCBA,full,MTORC1,MTORC1,0.7,50,chemdeprc_cap1,0.0,0.0,0.0,0.0,0.0,0.0,50.0,1.0,0.98,43.0,0.06,0.153271595106078,-50.0,-1.0,-0.98,-43.0,-0.06,-0.153271595106078,0.0,0.0,0.0,0.0,0.0,0.0,0.0,0.0,0.0,0.0,0.0,0.0,50.0,1.0,0.98,50.0,0.02,0.1482885614955266,-50.0,-1.0,-0.98,-50.0,-0.02,-0.1482885614955266
LIT_PCBA,full,MTORC1,MTORC1,0.7,50,chemdeprc_soft75,0.0,0.0,0.0,0.0,0.0,0.0,50.0,1.0,0.98,43.0,0.06,0.153271595106078,-50.0,-1.0,-0.98,-43.0,-0.06,-0.153271595106078,0.0,0.0,0.0,0.0,0.0,0.0,0.0,0.0,0.0,0.0,0.0,0.0,50.0,1.0,0.98,50.0,0.02,0.1482885614955266,-50.0,-1.0,-0.98,-50.0,-0.02,-0.1482885614955266
LIT_PCBA,full,MTORC1,MTORC1,0.7,50,score_cap1,50.0,1.0,0.98,50.0,0.02,0.1482885614955266,50.0,1.0,0.98,43.0,0.06,0.153271595106078,0.0,0.0,0.0,7.0,-0.039999999999999994,-0.004983033610551385,0.0,0.0,0.0,0.0,0.0,0.0,50.0,1.0,0.98,50.0,0.02,0.1482885614955266,50.0,1.0,0.98,50.0,0.02,0.1482885614955266,0.0,0.0,0.0,0.0,0.0,0.0
LIT_PCBA,full,MTORC1,MTORC1,0.7,50,weighted_bh,0.0,0.0,0.0,0.0,0.0,0.0,50.0,1.0,0.98,43.0,0.06,0.153271595106078,-50.0,-1.0,-0.98,-43.0,-0.06,-0.153271595106078,0.0,0.0,0.0,0.0,0.0,0.0,0.0,0.0,0.0,0.0,0.0,0.0,50.0,1.0,0.98,50.0,0.02,0.1482885614955266,-50.0,-1.0,-0.98,-50.0,-0.02,-0.1482885614955266
LIT_PCBA,full,MTORC1,MTORC1,0.7,100,bh,0.0,0.0,0.0,0.0,0.0,0.0,100.0,2.0,0.98,87.0,0.03,0.1514781825831142,-100.0,-2.0,-0.98,-87.0,-0.03,-0.1514781825831142,0.0,0.0,0.0,0.0,0.0,0.0,0.0,0.0,0.0,0.0,0.0,0.0,100.0,2.0,0.98,100.0,0.01,0.1471233325234706,-100.0,-2.0,-0.98,-100.0,-0.01,-0.1471233325234706
LIT_PCBA,full,MTORC1,MTORC1,0.7,100,chemdeprc_cap1,0.0,0.0,0.0,0.0,0.0,0.0,100.0,2.0,0.98,87.0,0.03,0.1514781825831142,-100.0,-2.0,-0.98,-87.0,-0.03,-0.1514781825831142,0.0,0.0,0.0,0.0,0.0,0.0,0.0,0.0,0.0,0.0,0.0,0.0,100.0,2.0,0.98,100.0,0.01,0.1471233325234706,-100.0,-2.0,-0.98,-100.0,-0.01,-0.1471233325234706
LIT_PCBA,full,MTORC1,MTORC1,0.7,100,chemdeprc_soft75,0.0,0.0,0.0,0.0,0.0,0.0,100.0,2.0,0.98,87.0,0.03,0.1514781825831142,-100.0,-2.0,-0.98,-87.0,-0.03,-0.1514781825831142,0.0,0.0,0.0,0.0,0.0,0.0,0.0,0.0,0.0,0.0,0.0,0.0,100.0,2.0,0.98,100.0,0.01,0.1471233325234706,-100.0,-2.0,-0.98,-100.0,-0.01,-0.1471233325234706
LIT_PCBA,full,MTORC1,MTORC1,0.7,100,score_cap1,100.0,2.0,0.98,100.0,0.01,0.1471233325234706,100.0,2.0,0.98,87.0,0.03,0.1514781825831142,0.0,0.0,0.0,13.0,-0.019999999999999997,-0.004354850059643617,0.0,0.0,0.0,0.0,0.0,0.0,100.0,2.0,0.98,100.0,0.01,0.1471233325234706,100.0,2.0,0.98,100.0,0.01,0.1471233325234706,0.0,0.0,0.0,0.0,0.0,0.0
LIT_PCBA,full,MTORC1,MTORC1,0.7,100,weighted_bh,0.0,0.0,0.0,0.0,0.0,0.0,100.0,2.0,0.98,87.0,0.03,0.1514781825831142,-100.0,-2.0,-0.98,-87.0,-0.03,-0.1514781825831142,0.0,0.0,0.0,0.0,0.0,0.0,0.0,0.0,0.0,0.0,0.0,0.0,100.0,2.0,0.98,100.0,0.01,0.1471233325234706,-100.0,-2.0,-0.98,-100.0,-0.01,-0.1471233325234706
LIT_PCBA,full,MTORC1,MTORC1,0.7,200,bh,0.0,0.0,0.0,0.0,0.0,0.0,200.0,4.0,0.98,174.0,0.015,0.1458280710530451,-200.0,-4.0,-0.98,-174.0,-0.015,-0.1458280710530451,0.0,0.0,0.0,0.0,0.0,0.0,0.0,0.0,0.0,0.0,0.0,0.0,200.0,4.0,0.98,200.0,0.005,0.1430719039786748,-200.0,-4.0,-0.98,-200.0,-0.005,-0.1430719039786748
LIT_PCBA,full,MTORC1,MTORC1,0.7,200,chemdeprc_cap1,0.0,0.0,0.0,0.0,0.0,0.0,200.0,4.0,0.98,174.0,0.015,0.1458280710530451,-200.0,-4.0,-0.98,-174.0,-0.015,-0.1458280710530451,0.0,0.0,0.0,0.0,0.0,0.0,0.0,0.0,0.0,0.0,0.0,0.0,200.0,4.0,0.98,200.0,0.005,0.1430719039786748,-200.0,-4.0,-0.98,-200.0,-0.005,-0.1430719039786748
LIT_PCBA,full,MTORC1,MTORC1,0.7,200,chemdeprc_soft75,0.0,0.0,0.0,0.0,0.0,0.0,200.0,4.0,0.98,174.0,0.015,0.1458280710530451,-200.0,-4.0,-0.98,-174.0,-0.015,-0.1458280710530451,0.0,0.0,0.0,0.0,0.0,0.0,0.0,0.0,0.0,0.0,0.0,0.0,200.0,4.0,0.98,200.0,0.005,0.1430719039786748,-200.0,-4.0,-0.98,-200.0,-0.005,-0.1430719039786748
LIT_PCBA,full,MTORC1,MTORC1,0.7,200,score_cap1,200.0,4.0,0.98,200.0,0.005,0.1430719039786748,200.0,4.0,0.98,174.0,0.015,0.1458280710530451,0.0,0.0,0.0,26.0,-0.009999999999999998,-0.0027561670743702915,0.0,0.0,0.0,0.0,0.0,0.0,200.0,4.0,0.98,200.0,0.005,0.1430719039786748,200.0,4.0,0.98,200.0,0.005,0.1430719039786748,0.0,0.0,0.0,0.0,0.0,0.0
LIT_PCBA,full,MTORC1,MTORC1,0.7,200,weighted_bh,0.0,0.0,0.0,0.0,0.0,0.0,200.0,4.0,0.98,174.0,0.015,0.1458280710530451,-200.0,-4.0,-0.98,-174.0,-0.015,-0.1458280710530451,0.0,0.0,0.0,0.0,0.0,0.0,0.0,0.0,0.0,0.0,0.0,0.0,200.0,4.0,0.98,200.0,0.005,0.1430719039786748,-200.0,-4.0,-0.98,-200.0,-0.005,-0.1430719039786748
LIT_PCBA,full,MTORC1,MTORC1,0.7,500,bh,0.0,0.0,0.0,0.0,0.0,0.0,500.0,9.0,0.982,402.0,0.01,0.1445985541047136,-500.0,-9.0,-0.982,-402.0,-0.01,-0.1445985541047136,0.0,0.0,0.0,0.0,0.0,0.0,0.0,0.0,0.0,0.0,0.0,0.0,500.0,12.0,0.976,500.0,0.002,0.1446184900852627,-500.0,-12.0,-0.976,-500.0,-0.002,-0.1446184900852627
LIT_PCBA,full,MTORC1,MTORC1,0.7,500,chemdeprc_cap1,0.0,0.0,0.0,0.0,0.0,0.0,500.0,9.0,0.982,402.0,0.01,0.1445985541047136,-500.0,-9.0,-0.982,-402.0,-0.01,-0.1445985541047136,0.0,0.0,0.0,0.0,0.0,0.0,0.0,0.0,0.0,0.0,0.0,0.0,500.0,12.0,0.976,500.0,0.002,0.1446184900852627,-500.0,-12.0,-0.976,-500.0,-0.002,-0.1446184900852627
LIT_PCBA,full,MTORC1,MTORC1,0.7,500,chemdeprc_soft75,0.0,0.0,0.0,0.0,0.0,0.0,500.0,9.0,0.982,402.0,0.01,0.1445985541047136,-500.0,-9.0,-0.982,-402.0,-0.01,-0.1445985541047136,0.0,0.0,0.0,0.0,0.0,0.0,0.0,0.0,0.0,0.0,0.0,0.0,500.0,12.0,0.976,500.0,0.002,0.1446184900852627,-500.0,-12.0,-0.976,-500.0,-0.002,-0.1446184900852627
LIT_PCBA,full,MTORC1,MTORC1,0.7,500,score_cap1,500.0,12.0,0.976,500.0,0.002,0.1446184900852627,500.0,9.0,0.982,402.0,0.01,0.1445985541047136,0.0,3.0,-0.006000000000000005,98.0,-0.008,1.993598054911283e-05,0.0,0.0,0.0,0.0,0.0,0.0,500.0,12.0,0.976,500.0,0.002,0.1446184900852627,500.0,12.0,0.976,500.0,0.002,0.1446184900852627,0.0,0.0,0.0,0.0,0.0,0.0
LIT_PCBA,full,MTORC1,MTORC1,0.7,500,weighted_bh,0.0,0.0,0.0,0.0,0.0,0.0,500.0,9.0,0.982,402.0,0.01,0.1445985541047136,-500.0,-9.0,-0.982,-402.0,-0.01,-0.1445985541047136,0.0,0.0,0.0,0.0,0.0,0.0,0.0,0.0,0.0,0.0,0.0,0.0,500.0,12.0,0.976,500.0,0.002,0.1446184900852627,-500.0,-12.0,-0.976,-500.0,-0.002,-0.1446184900852627
LIT_PCBA,full,OPRK1,OPRK1,0.7,10,bh,10.0,0.0,1.0,10.0,0.1,0.1076488112854677,10.0,0.0,1.0,10.0,0.1,0.1076488112854677,0.0,0.0,0.0,0.0,0.0,0.0,10.0,0.0,1.0,10.0,0.1,0.1076488112854677,0.0,0.0,0.0,0.0,0.0,0.0,10.0,0.0,1.0,10.0,0.1,0.1076488112854677,0.0,0.0,0.0,0.0,0.0,0.0
LIT_PCBA,full,OPRK1,OPRK1,0.7,10,chemdeprc_cap1,10.0,0.0,1.0,10.0,0.1,0.1071873373497881,10.0,0.0,1.0,10.0,0.1,0.1076488112854677,0.0,0.0,0.0,0.0,0.0,-0.00046147393567960715,10.0,0.0,1.0,10.0,0.1,0.1076488112854677,0.0,0.0,0.0,0.0,0.0,-0.00046147393567960715,10.0,0.0,1.0,10.0,0.1,0.1076488112854677,0.0,0.0,0.0,0.0,0.0,-0.00046147393567960715
LIT_PCBA,full,OPRK1,OPRK1,0.7,10,chemdeprc_soft75,8.0,0.0,1.0,8.0,0.125,0.1014419593771826,10.0,0.0,1.0,10.0,0.1,0.1076488112854677,-2.0,0.0,0.0,-2.0,0.024999999999999994,-0.006206851908285099,10.0,0.0,1.0,10.0,0.1,0.1076488112854677,-2.0,0.0,0.0,-2.0,0.024999999999999994,-0.006206851908285099,10.0,0.0,1.0,10.0,0.1,0.1076488112854677,-2.0,0.0,0.0,-2.0,0.024999999999999994,-0.006206851908285099
LIT_PCBA,full,OPRK1,OPRK1,0.7,10,score_cap1,10.0,0.0,1.0,10.0,0.1,0.1076488112854677,10.0,0.0,1.0,10.0,0.1,0.1076488112854677,0.0,0.0,0.0,0.0,0.0,0.0,10.0,0.0,1.0,10.0,0.1,0.1076488112854677,0.0,0.0,0.0,0.0,0.0,0.0,10.0,0.0,1.0,10.0,0.1,0.1076488112854677,0.0,0.0,0.0,0.0,0.0,0.0
LIT_PCBA,full,OPRK1,OPRK1,0.7,10,weighted_bh,10.0,0.0,1.0,10.0,0.1,0.1071873373497881,10.0,0.0,1.0,10.0,0.1,0.1076488112854677,0.0,0.0,0.0,0.0,0.0,-0.00046147393567960715,10.0,0.0,1.0,10.0,0.1,0.1076488112854677,0.0,0.0,0.0,0.0,0.0,-0.00046147393567960715,10.0,0.0,1.0,10.0,0.1,0.1076488112854677,0.0,0.0,0.0,0.0,0.0,-0.00046147393567960715
LIT_PCBA,full,OPRK1,OPRK1,0.7,20,bh,20.0,0.0,1.0,20.0,0.05,0.1128901957120698,20.0,0.0,1.0,20.0,0.05,0.1128901957120698,0.0,0.0,0.0,0.0,0.0,0.0,20.0,0.0,1.0,20.0,0.05,0.1128901957120698,0.0,0.0,0.0,0.0,0.0,0.0,20.0,0.0,1.0,20.0,0.05,0.1128901957120698,0.0,0.0,0.0,0.0,0.0,0.0
LIT_PCBA,full,OPRK1,OPRK1,0.7,20,chemdeprc_cap1,20.0,0.0,1.0,20.0,0.05,0.1110866870772833,20.0,0.0,1.0,20.0,0.05,0.1128901957120698,0.0,0.0,0.0,0.0,0.0,-0.0018035086347865104,20.0,0.0,1.0,20.0,0.05,0.1128901957120698,0.0,0.0,0.0,0.0,0.0,-0.0018035086347865104,20.0,0.0,1.0,20.0,0.05,0.1128901957120698,0.0,0.0,0.0,0.0,0.0,-0.0018035086347865104
LIT_PCBA,full,OPRK1,OPRK1,0.7,20,chemdeprc_soft75,15.0,0.0,1.0,15.0,0.0666666666666666,0.111487068113805,20.0,0.0,1.0,20.0,0.05,0.1128901957120698,-5.0,0.0,0.0,-5.0,0.016666666666666594,-0.0014031275982648028,20.0,0.0,1.0,20.0,0.05,0.1128901957120698,-5.0,0.0,0.0,-5.0,0.016666666666666594,-0.0014031275982648028,20.0,0.0,1.0,20.0,0.05,0.1128901957120698,-5.0,0.0,0.0,-5.0,0.016666666666666594,-0.0014031275982648028
LIT_PCBA,full,OPRK1,OPRK1,0.7,20,score_cap1,20.0,0.0,1.0,20.0,0.05,0.1128901957120698,20.0,0.0,1.0,20.0,0.05,0.1128901957120698,0.0,0.0,0.0,0.0,0.0,0.0,20.0,0.0,1.0,20.0,0.05,0.1128901957120698,0.0,0.0,0.0,0.0,0.0,0.0,20.0,0.0,1.0,20.0,0.05,0.1128901957120698,0.0,0.0,0.0,0.0,0.0,0.0
LIT_PCBA,full,OPRK1,OPRK1,0.7,20,weighted_bh,20.0,0.0,1.0,20.0,0.05,0.1110866870772833,20.0,0.0,1.0,20.0,0.05,0.1128901957120698,0.0,0.0,0.0,0.0,0.0,-0.0018035086347865104,20.0,0.0,1.0,20.0,0.05,0.1128901957120698,0.0,0.0,0.0,0.0,0.0,-0.0018035086347865104,20.0,0.0,1.0,20.0,0.05,0.1128901957120698,0.0,0.0,0.0,0.0,0.0,-0.0018035086347865104
LIT_PCBA,full,OPRK1,OPRK1,0.7,50,bh,29.0,0.0,1.0,29.0,0.0344827586206896,0.113647627732872,50.0,0.0,1.0,49.0,0.04,0.1200518792637604,-21.0,0.0,0.0,-20.0,-0.005517241379310402,-0.006404251530888402,29.0,0.0,1.0,29.0,0.0344827586206896,0.113647627732872,0.0,0.0,0.0,0.0,0.0,0.0,50.0,0.0,1.0,50.0,0.02,0.1187932642640843,-21.0,0.0,0.0,-21.0,0.014482758620689599,-0.005145636531212305
LIT_PCBA,full,OPRK1,OPRK1,0.7,50,chemdeprc_cap1,26.0,0.0,1.0,26.0,0.0384615384615384,0.1124552951594157,50.0,0.0,1.0,49.0,0.04,0.1200518792637604,-24.0,0.0,0.0,-23.0,-0.0015384615384615996,-0.007596584104344703,29.0,0.0,1.0,29.0,0.0344827586206896,0.113647627732872,-3.0,0.0,0.0,-3.0,0.003978779840848802,-0.0011923325734563006,50.0,0.0,1.0,50.0,0.02,0.1187932642640843,-24.0,0.0,0.0,-24.0,0.0184615384615384,-0.006337969104668606
LIT_PCBA,full,OPRK1,OPRK1,0.7,50,chemdeprc_soft75,26.0,0.0,1.0,26.0,0.0384615384615384,0.1124552951594157,50.0,0.0,1.0,49.0,0.04,0.1200518792637604,-24.0,0.0,0.0,-23.0,-0.0015384615384615996,-0.007596584104344703,29.0,0.0,1.0,29.0,0.0344827586206896,0.113647627732872,-3.0,0.0,0.0,-3.0,0.003978779840848802,-0.0011923325734563006,50.0,0.0,1.0,50.0,0.02,0.1187932642640843,-24.0,0.0,0.0,-24.0,0.0184615384615384,-0.006337969104668606
LIT_PCBA,full,OPRK1,OPRK1,0.7,50,score_cap1,50.0,0.0,1.0,50.0,0.02,0.1187932642640843,50.0,0.0,1.0,49.0,0.04,0.1200518792637604,0.0,0.0,0.0,1.0,-0.02,-0.001258614999676097,29.0,0.0,1.0,29.0,0.0344827586206896,0.113647627732872,21.0,0.0,0.0,21.0,-0.014482758620689599,0.005145636531212305,50.0,0.0,1.0,50.0,0.02,0.1187932642640843,0.0,0.0,0.0,0.0,0.0,0.0
LIT_PCBA,full,OPRK1,OPRK1,0.7,50,weighted_bh,26.0,0.0,1.0,26.0,0.0384615384615384,0.1124552951594157,50.0,0.0,1.0,49.0,0.04,0.1200518792637604,-24.0,0.0,0.0,-23.0,-0.0015384615384615996,-0.007596584104344703,29.0,0.0,1.0,29.0,0.0344827586206896,0.113647627732872,-3.0,0.0,0.0,-3.0,0.003978779840848802,-0.0011923325734563006,50.0,0.0,1.0,50.0,0.02,0.1187932642640843,-24.0,0.0,0.0,-24.0,0.0184615384615384,-0.006337969104668606
LIT_PCBA,full,OPRK1,OPRK1,0.7,100,bh,29.0,0.0,1.0,29.0,0.0344827586206896,0.113647627732872,100.0,2.0,0.98,99.0,0.02,0.1205244500347126,-71.0,-2.0,0.020000000000000018,-70.0,0.014482758620689599,-0.006876822301840599,29.0,0.0,1.0,29.0,0.0344827586206896,0.113647627732872,0.0,0.0,0.0,0.0,0.0,0.0,100.0,2.0,0.98,100.0,0.01,0.119943327326944,-71.0,-2.0,0.020000000000000018,-71.0,0.024482758620689597,-0.006295699594072002
LIT_PCBA,full,OPRK1,OPRK1,0.7,100,chemdeprc_cap1,26.0,0.0,1.0,26.0,0.0384615384615384,0.1124552951594157,100.0,2.0,0.98,99.0,0.02,0.1205244500347126,-74.0,-2.0,0.020000000000000018,-73.0,0.0184615384615384,-0.0080691548752969,29.0,0.0,1.0,29.0,0.0344827586206896,0.113647627732872,-3.0,0.0,0.0,-3.0,0.003978779840848802,-0.0011923325734563006,100.0,2.0,0.98,100.0,0.01,0.119943327326944,-74.0,-2.0,0.020000000000000018,-74.0,0.0284615384615384,-0.007488032167528302
LIT_PCBA,full,OPRK1,OPRK1,0.7,100,chemdeprc_soft75,26.0,0.0,1.0,26.0,0.0384615384615384,0.1124552951594157,100.0,2.0,0.98,99.0,0.02,0.1205244500347126,-74.0,-2.0,0.020000000000000018,-73.0,0.0184615384615384,-0.0080691548752969,29.0,0.0,1.0,29.0,0.0344827586206896,0.113647627732872,-3.0,0.0,0.0,-3.0,0.003978779840848802,-0.0011923325734563006,100.0,2.0,0.98,100.0,0.01,0.119943327326944,-74.0,-2.0,0.020000000000000018,-74.0,0.0284615384615384,-0.007488032167528302
LIT_PCBA,full,OPRK1,OPRK1,0.7,100,score_cap1,100.0,2.0,0.98,100.0,0.01,0.119943327326944,100.0,2.0,0.98,99.0,0.02,0.1205244500347126,0.0,0.0,0.0,1.0,-0.01,-0.0005811227077685971,29.0,0.0,1.0,29.0,0.0344827586206896,0.113647627732872,71.0,2.0,-0.020000000000000018,71.0,-0.024482758620689597,0.006295699594072002,100.0,2.0,0.98,100.0,0.01,0.119943327326944,0.0,0.0,0.0,0.0,0.0,0.0
LIT_PCBA,full,OPRK1,OPRK1,0.7,100,weighted_bh,26.0,0.0,1.0,26.0,0.0384615384615384,0.1124552951594157,100.0,2.0,0.98,99.0,0.02,0.1205244500347126,-74.0,-2.0,0.020000000000000018,-73.0,0.0184615384615384,-0.0080691548752969,29.0,0.0,1.0,29.0,0.0344827586206896,0.113647627732872,-3.0,0.0,0.0,-3.0,0.003978779840848802,-0.0011923325734563006,100.0,2.0,0.98,100.0,0.01,0.119943327326944,-74.0,-2.0,0.020000000000000018,-74.0,0.0284615384615384,-0.007488032167528302
LIT_PCBA,full,OPRK1,OPRK1,0.7,200,bh,29.0,0.0,1.0,29.0,0.0344827586206896,0.113647627732872,200.0,2.0,0.99,197.0,0.01,0.1219262481449479,-171.0,-2.0,0.010000000000000009,-168.0,0.024482758620689597,-0.008278620412075902,29.0,0.0,1.0,29.0,0.0344827586206896,0.113647627732872,0.0,0.0,0.0,0.0,0.0,0.0,200.0,2.0,0.99,200.0,0.005,0.1217246672543803,-171.0,-2.0,0.010000000000000009,-171.0,0.029482758620689598,-0.008077039521508303
LIT_PCBA,full,OPRK1,OPRK1,0.7,200,chemdeprc_cap1,26.0,0.0,1.0,26.0,0.0384615384615384,0.1124552951594157,200.0,2.0,0.99,197.0,0.01,0.1219262481449479,-174.0,-2.0,0.010000000000000009,-171.0,0.0284615384615384,-0.009470952985532202,29.0,0.0,1.0,29.0,0.0344827586206896,0.113647627732872,-3.0,0.0,0.0,-3.0,0.003978779840848802,-0.0011923325734563006,200.0,2.0,0.99,200.0,0.005,0.1217246672543803,-174.0,-2.0,0.010000000000000009,-174.0,0.033461538461538404,-0.009269372094964604
LIT_PCBA,full,OPRK1,OPRK1,0.7,200,chemdeprc_soft75,26.0,0.0,1.0,26.0,0.0384615384615384,0.1124552951594157,200.0,2.0,0.99,197.0,0.01,0.1219262481449479,-174.0,-2.0,0.010000000000000009,-171.0,0.0284615384615384,-0.009470952985532202,29.0,0.0,1.0,29.0,0.0344827586206896,0.113647627732872,-3.0,0.0,0.0,-3.0,0.003978779840848802,-0.0011923325734563006,200.0,2.0,0.99,200.0,0.005,0.1217246672543803,-174.0,-2.0,0.010000000000000009,-174.0,0.033461538461538404,-0.009269372094964604
LIT_PCBA,full,OPRK1,OPRK1,0.7,200,score_cap1,200.0,2.0,0.99,200.0,0.005,0.1217246672543803,200.0,2.0,0.99,197.0,0.01,0.1219262481449479,0.0,0.0,0.0,3.0,-0.005,-0.00020158089056759865,29.0,0.0,1.0,29.0,0.0344827586206896,0.113647627732872,171.0,2.0,-0.010000000000000009,171.0,-0.029482758620689598,0.008077039521508303,200.0,2.0,0.99,200.0,0.005,0.1217246672543803,0.0,0.0,0.0,0.0,0.0,0.0
LIT_PCBA,full,OPRK1,OPRK1,0.7,200,weighted_bh,26.0,0.0,1.0,26.0,0.0384615384615384,0.1124552951594157,200.0,2.0,0.99,197.0,0.01,0.1219262481449479,-174.0,-2.0,0.010000000000000009,-171.0,0.0284615384615384,-0.009470952985532202,29.0,0.0,1.0,29.0,0.0344827586206896,0.113647627732872,-3.0,0.0,0.0,-3.0,0.003978779840848802,-0.0011923325734563006,200.0,2.0,0.99,200.0,0.005,0.1217246672543803,-174.0,-2.0,0.010000000000000009,-174.0,0.033461538461538404,-0.009269372094964604
LIT_PCBA,full,OPRK1,OPRK1,0.7,500,bh,29.0,0.0,1.0,29.0,0.0344827586206896,0.113647627732872,500.0,5.0,0.99,479.0,0.012,0.1229865360361648,-471.0,-5.0,0.010000000000000009,-450.0,0.0224827586206896,-0.0093389083032928,29.0,0.0,1.0,29.0,0.0344827586206896,0.113647627732872,0.0,0.0,0.0,0.0,0.0,0.0,500.0,5.0,0.99,500.0,0.002,0.1223429163286095,-471.0,-5.0,0.010000000000000009,-471.0,0.0324827586206896,-0.008695288595737496
LIT_PCBA,full,OPRK1,OPRK1,0.7,500,chemdeprc_cap1,26.0,0.0,1.0,26.0,0.0384615384615384,0.1124552951594157,500.0,5.0,0.99,479.0,0.012,0.1229865360361648,-474.0,-5.0,0.010000000000000009,-453.0,0.0264615384615384,-0.010531240876749101,29.0,0.0,1.0,29.0,0.0344827586206896,0.113647627732872,-3.0,0.0,0.0,-3.0,0.003978779840848802,-0.0011923325734563006,500.0,5.0,0.99,500.0,0.002,0.1223429163286095,-474.0,-5.0,0.010000000000000009,-474.0,0.0364615384615384,-0.009887621169193797
LIT_PCBA,full,OPRK1,OPRK1,0.7,500,chemdeprc_soft75,26.0,0.0,1.0,26.0,0.0384615384615384,0.1124552951594157,500.0,5.0,0.99,479.0,0.012,0.1229865360361648,-474.0,-5.0,0.010000000000000009,-453.0,0.0264615384615384,-0.010531240876749101,29.0,0.0,1.0,29.0,0.0344827586206896,0.113647627732872,-3.0,0.0,0.0,-3.0,0.003978779840848802,-0.0011923325734563006,500.0,5.0,0.99,500.0,0.002,0.1223429163286095,-474.0,-5.0,0.010000000000000009,-474.0,0.0364615384615384,-0.009887621169193797
LIT_PCBA,full,OPRK1,OPRK1,0.7,500,score_cap1,500.0,5.0,0.99,500.0,0.002,0.1223429163286095,500.0,5.0,0.99,479.0,0.012,0.1229865360361648,0.0,0.0,0.0,21.0,-0.01,-0.0006436197075553041,29.0,0.0,1.0,29.0,0.0344827586206896,0.113647627732872,471.0,5.0,-0.010000000000000009,471.0,-0.0324827586206896,0.008695288595737496,500.0,5.0,0.99,500.0,0.002,0.1223429163286095,0.0,0.0,0.0,0.0,0.0,0.0
LIT_PCBA,full,OPRK1,OPRK1,0.7,500,weighted_bh,26.0,0.0,1.0,26.0,0.0384615384615384,0.1124552951594157,500.0,5.0,0.99,479.0,0.012,0.1229865360361648,-474.0,-5.0,0.010000000000000009,-453.0,0.0264615384615384,-0.010531240876749101,29.0,0.0,1.0,29.0,0.0344827586206896,0.113647627732872,-3.0,0.0,0.0,-3.0,0.003978779840848802,-0.0011923325734563006,500.0,5.0,0.99,500.0,0.002,0.1223429163286095,-474.0,-5.0,0.010000000000000009,-474.0,0.0364615384615384,-0.009887621169193797
LIT_PCBA,full,PKM2,PKM2,0.7,10,bh,10.0,1.0,0.9,10.0,0.1,0.1300609835151397,10.0,1.0,0.9,10.0,0.1,0.1300609835151397,0.0,0.0,0.0,0.0,0.0,0.0,10.0,1.0,0.9,10.0,0.1,0.1300609835151397,0.0,0.0,0.0,0.0,0.0,0.0,10.0,1.0,0.9,10.0,0.1,0.1300609835151397,0.0,0.0,0.0,0.0,0.0,0.0
LIT_PCBA,full,PKM2,PKM2,0.7,10,chemdeprc_cap1,10.0,1.0,0.9,10.0,0.1,0.1300609835151397,10.0,1.0,0.9,10.0,0.1,0.1300609835151397,0.0,0.0,0.0,0.0,0.0,0.0,10.0,1.0,0.9,10.0,0.1,0.1300609835151397,0.0,0.0,0.0,0.0,0.0,0.0,10.0,1.0,0.9,10.0,0.1,0.1300609835151397,0.0,0.0,0.0,0.0,0.0,0.0
LIT_PCBA,full,PKM2,PKM2,0.7,10,chemdeprc_soft75,8.0,1.0,0.875,8.0,0.125,0.134642208326106,10.0,1.0,0.9,10.0,0.1,0.1300609835151397,-2.0,0.0,-0.025000000000000022,-2.0,0.024999999999999994,0.004581224810966289,10.0,1.0,0.9,10.0,0.1,0.1300609835151397,-2.0,0.0,-0.025000000000000022,-2.0,0.024999999999999994,0.004581224810966289,10.0,1.0,0.9,10.0,0.1,0.1300609835151397,-2.0,0.0,-0.025000000000000022,-2.0,0.024999999999999994,0.004581224810966289
LIT_PCBA,full,PKM2,PKM2,0.7,10,score_cap1,10.0,1.0,0.9,10.0,0.1,0.1300609835151397,10.0,1.0,0.9,10.0,0.1,0.1300609835151397,0.0,0.0,0.0,0.0,0.0,0.0,10.0,1.0,0.9,10.0,0.1,0.1300609835151397,0.0,0.0,0.0,0.0,0.0,0.0,10.0,1.0,0.9,10.0,0.1,0.1300609835151397,0.0,0.0,0.0,0.0,0.0,0.0
LIT_PCBA,full,PKM2,PKM2,0.7,10,weighted_bh,10.0,1.0,0.9,10.0,0.1,0.1300609835151397,10.0,1.0,0.9,10.0,0.1,0.1300609835151397,0.0,0.0,0.0,0.0,0.0,0.0,10.0,1.0,0.9,10.0,0.1,0.1300609835151397,0.0,0.0,0.0,0.0,0.0,0.0,10.0,1.0,0.9,10.0,0.1,0.1300609835151397,0.0,0.0,0.0,0.0,0.0,0.0
LIT_PCBA,full,PKM2,PKM2,0.7,20,bh,20.0,1.0,0.95,20.0,0.05,0.1308168231191057,20.0,1.0,0.95,20.0,0.05,0.1308168231191057,0.0,0.0,0.0,0.0,0.0,0.0,20.0,1.0,0.95,20.0,0.05,0.1308168231191057,0.0,0.0,0.0,0.0,0.0,0.0,20.0,1.0,0.95,20.0,0.05,0.1308168231191057,0.0,0.0,0.0,0.0,0.0,0.0
LIT_PCBA,full,PKM2,PKM2,0.7,20,chemdeprc_cap1,20.0,2.0,0.9,20.0,0.05,0.1283149570300876,20.0,1.0,0.95,20.0,0.05,0.1308168231191057,0.0,1.0,-0.04999999999999993,0.0,0.0,-0.00250186608901809,20.0,1.0,0.95,20.0,0.05,0.1308168231191057,0.0,1.0,-0.04999999999999993,0.0,0.0,-0.00250186608901809,20.0,1.0,0.95,20.0,0.05,0.1308168231191057,0.0,1.0,-0.04999999999999993,0.0,0.0,-0.00250186608901809
LIT_PCBA,full,PKM2,PKM2,0.7,20,chemdeprc_soft75,15.0,1.0,0.9333333333333332,15.0,0.0666666666666666,0.1329268808474255,20.0,1.0,0.95,20.0,0.05,0.1308168231191057,-5.0,0.0,-0.01666666666666672,-5.0,0.016666666666666594,0.002110057728319792,20.0,1.0,0.95,20.0,0.05,0.1308168231191057,-5.0,0.0,-0.01666666666666672,-5.0,0.016666666666666594,0.002110057728319792,20.0,1.0,0.95,20.0,0.05,0.1308168231191057,-5.0,0.0,-0.01666666666666672,-5.0,0.016666666666666594,0.002110057728319792
LIT_PCBA,full,PKM2,PKM2,0.7,20,score_cap1,20.0,1.0,0.95,20.0,0.05,0.1308168231191057,20.0,1.0,0.95,20.0,0.05,0.1308168231191057,0.0,0.0,0.0,0.0,0.0,0.0,20.0,1.0,0.95,20.0,0.05,0.1308168231191057,0.0,0.0,0.0,0.0,0.0,0.0,20.0,1.0,0.95,20.0,0.05,0.1308168231191057,0.0,0.0,0.0,0.0,0.0,0.0
LIT_PCBA,full,PKM2,PKM2,0.7,20,weighted_bh,20.0,2.0,0.9,20.0,0.05,0.1283149570300876,20.0,1.0,0.95,20.0,0.05,0.1308168231191057,0.0,1.0,-0.04999999999999993,0.0,0.0,-0.00250186608901809,20.0,1.0,0.95,20.0,0.05,0.1308168231191057,0.0,1.0,-0.04999999999999993,0.0,0.0,-0.00250186608901809,20.0,1.0,0.95,20.0,0.05,0.1308168231191057,0.0,1.0,-0.04999999999999993,0.0,0.0,-0.00250186608901809
LIT_PCBA,full,PKM2,PKM2,0.7,50,bh,48.0,3.0,0.9375,48.0,0.0208333333333333,0.1163596444129705,50.0,4.0,0.92,50.0,0.02,0.1164597613171423,-2.0,-1.0,0.01749999999999996,-2.0,0.0008333333333333005,-0.00010011690417179031,48.0,3.0,0.9375,48.0,0.0208333333333333,0.1163596444129705,0.0,0.0,0.0,0.0,0.0,0.0,50.0,4.0,0.92,50.0,0.02,0.1164597613171423,-2.0,-1.0,0.01749999999999996,-2.0,0.0008333333333333005,-0.00010011690417179031
LIT_PCBA,full,PKM2,PKM2,0.7,50,chemdeprc_cap1,45.0,2.0,0.9555555555555556,45.0,0.0222222222222222,0.1176310441499121,50.0,4.0,0.92,50.0,0.02,0.1164597613171423,-5.0,-2.0,0.03555555555555556,-5.0,0.0022222222222221984,0.0011712828327698072,48.0,3.0,0.9375,48.0,0.0208333333333333,0.1163596444129705,-3.0,-1.0,0.018055555555555602,-3.0,0.0013888888888888978,0.0012713997369415975,50.0,4.0,0.92,50.0,0.02,0.1164597613171423,-5.0,-2.0,0.03555555555555556,-5.0,0.0022222222222221984,0.0011712828327698072
LIT_PCBA,full,PKM2,PKM2,0.7,50,chemdeprc_soft75,42.0,2.0,0.9523809523809524,38.0,0.0714285714285714,0.1237394586621179,50.0,4.0,0.92,50.0,0.02,0.1164597613171423,-8.0,-2.0,0.0323809523809524,-12.0,0.05142857142857139,0.007279697344975605,48.0,3.0,0.9375,48.0,0.0208333333333333,0.1163596444129705,-6.0,-1.0,0.014880952380952439,-10.0,0.050595238095238096,0.007379814249147396,50.0,4.0,0.92,50.0,0.02,0.1164597613171423,-8.0,-2.0,0.0323809523809524,-12.0,0.05142857142857139,0.007279697344975605
LIT_PCBA,full,PKM2,PKM2,0.7,50,score_cap1,50.0,4.0,0.92,50.0,0.02,0.1164597613171423,50.0,4.0,0.92,50.0,0.02,0.1164597613171423,0.0,0.0,0.0,0.0,0.0,0.0,48.0,3.0,0.9375,48.0,0.0208333333333333,0.1163596444129705,2.0,1.0,-0.01749999999999996,2.0,-0.0008333333333333005,0.00010011690417179031,50.0,4.0,0.92,50.0,0.02,0.1164597613171423,0.0,0.0,0.0,0.0,0.0,0.0
LIT_PCBA,full,PKM2,PKM2,0.7,50,weighted_bh,45.0,2.0,0.9555555555555556,45.0,0.0222222222222222,0.1176310441499121,50.0,4.0,0.92,50.0,0.02,0.1164597613171423,-5.0,-2.0,0.03555555555555556,-5.0,0.0022222222222221984,0.0011712828327698072,48.0,3.0,0.9375,48.0,0.0208333333333333,0.1163596444129705,-3.0,-1.0,0.018055555555555602,-3.0,0.0013888888888888978,0.0012713997369415975,50.0,4.0,0.92,50.0,0.02,0.1164597613171423,-5.0,-2.0,0.03555555555555556,-5.0,0.0022222222222221984,0.0011712828327698072
LIT_PCBA,full,PKM2,PKM2,0.7,100,bh,48.0,3.0,0.9375,48.0,0.0208333333333333,0.1163596444129705,100.0,9.0,0.91,97.0,0.02,0.116883131163476,-52.0,-6.0,0.02749999999999997,-49.0,0.0008333333333333005,-0.0005234867505054946,48.0,3.0,0.9375,48.0,0.0208333333333333,0.1163596444129705,0.0,0.0,0.0,0.0,0.0,0.0,100.0,9.0,0.91,100.0,0.01,0.1175812730639161,-52.0,-6.0,0.02749999999999997,-52.0,0.0108333333333333,-0.0012216286509455915
LIT_PCBA,full,PKM2,PKM2,0.7,100,chemdeprc_cap1,45.0,2.0,0.9555555555555556,45.0,0.0222222222222222,0.1176310441499121,100.0,9.0,0.91,97.0,0.02,0.116883131163476,-55.0,-7.0,0.04555555555555557,-52.0,0.0022222222222221984,0.0007479129864361028,48.0,3.0,0.9375,48.0,0.0208333333333333,0.1163596444129705,-3.0,-1.0,0.018055555555555602,-3.0,0.0013888888888888978,0.0012713997369415975,100.0,9.0,0.91,100.0,0.01,0.1175812730639161,-55.0,-7.0,0.04555555555555557,-55.0,0.012222222222222199,4.977108599600599e-05
LIT_PCBA,full,PKM2,PKM2,0.7,100,chemdeprc_soft75,50.0,2.0,0.96,45.0,0.06,0.1198498100420354,100.0,9.0,0.91,97.0,0.02,0.116883131163476,-50.0,-7.0,0.04999999999999993,-52.0,0.039999999999999994,0.002966678878559406,48.0,3.0,0.9375,48.0,0.0208333333333333,0.1163596444129705,2.0,-1.0,0.022499999999999964,-3.0,0.0391666666666667,0.003490165629064901,100.0,9.0,0.91,100.0,0.01,0.1175812730639161,-50.0,-7.0,0.04999999999999993,-55.0,0.049999999999999996,0.0022685369781193093
LIT_PCBA,full,PKM2,PKM2,0.7,100,score_cap1,100.0,9.0,0.91,100.0,0.01,0.1175812730639161,100.0,9.0,0.91,97.0,0.02,0.116883131163476,0.0,0.0,0.0,3.0,-0.01,0.0006981419004400968,48.0,3.0,0.9375,48.0,0.0208333333333333,0.1163596444129705,52.0,6.0,-0.02749999999999997,52.0,-0.0108333333333333,0.0012216286509455915,100.0,9.0,0.91,100.0,0.01,0.1175812730639161,0.0,0.0,0.0,0.0,0.0,0.0
LIT_PCBA,full,PKM2,PKM2,0.7,100,weighted_bh,45.0,2.0,0.9555555555555556,45.0,0.0222222222222222,0.1176310441499121,100.0,9.0,0.91,97.0,0.02,0.116883131163476,-55.0,-7.0,0.04555555555555557,-52.0,0.0022222222222221984,0.0007479129864361028,48.0,3.0,0.9375,48.0,0.0208333333333333,0.1163596444129705,-3.0,-1.0,0.018055555555555602,-3.0,0.0013888888888888978,0.0012713997369415975,100.0,9.0,0.91,100.0,0.01,0.1175812730639161,-55.0,-7.0,0.04555555555555557,-55.0,0.012222222222222199,4.977108599600599e-05
LIT_PCBA,full,PKM2,PKM2,0.7,200,bh,48.0,3.0,0.9375,48.0,0.0208333333333333,0.1163596444129705,200.0,16.0,0.92,193.0,0.01,0.120851128616927,-152.0,-13.0,0.01749999999999996,-145.0,0.0108333333333333,-0.0044914842039564945,48.0,3.0,0.9375,48.0,0.0208333333333333,0.1163596444129705,0.0,0.0,0.0,0.0,0.0,0.0,200.0,14.0,0.93,200.0,0.005,0.1204962834116015,-152.0,-11.0,0.007499999999999951,-152.0,0.0158333333333333,-0.004136638998630995
LIT_PCBA,full,PKM2,PKM2,0.7,200,chemdeprc_cap1,45.0,2.0,0.9555555555555556,45.0,0.0222222222222222,0.1176310441499121,200.0,16.0,0.92,193.0,0.01,0.120851128616927,-155.0,-14.0,0.03555555555555556,-148.0,0.012222222222222199,-0.003220084467014897,48.0,3.0,0.9375,48.0,0.0208333333333333,0.1163596444129705,-3.0,-1.0,0.018055555555555602,-3.0,0.0013888888888888978,0.0012713997369415975,200.0,14.0,0.93,200.0,0.005,0.1204962834116015,-155.0,-12.0,0.025555555555555554,-155.0,0.017222222222222198,-0.002865239261689398
LIT_PCBA,full,PKM2,PKM2,0.7,200,chemdeprc_soft75,50.0,2.0,0.96,45.0,0.06,0.1198498100420354,200.0,16.0,0.92,193.0,0.01,0.120851128616927,-150.0,-14.0,0.039999999999999925,-148.0,0.049999999999999996,-0.0010013185748915937,48.0,3.0,0.9375,48.0,0.0208333333333333,0.1163596444129705,2.0,-1.0,0.022499999999999964,-3.0,0.0391666666666667,0.003490165629064901,200.0,14.0,0.93,200.0,0.005,0.1204962834116015,-150.0,-12.0,0.029999999999999916,-155.0,0.055,-0.0006464733695660946
LIT_PCBA,full,PKM2,PKM2,0.7,200,score_cap1,200.0,14.0,0.93,200.0,0.005,0.1204962834116015,200.0,16.0,0.92,193.0,0.01,0.120851128616927,0.0,-2.0,0.010000000000000009,7.0,-0.005,-0.0003548452053254991,48.0,3.0,0.9375,48.0,0.0208333333333333,0.1163596444129705,152.0,11.0,-0.007499999999999951,152.0,-0.0158333333333333,0.004136638998630995,200.0,14.0,0.93,200.0,0.005,0.1204962834116015,0.0,0.0,0.0,0.0,0.0,0.0
LIT_PCBA,full,PKM2,PKM2,0.7,200,weighted_bh,45.0,2.0,0.9555555555555556,45.0,0.0222222222222222,0.1176310441499121,200.0,16.0,0.92,193.0,0.01,0.120851128616927,-155.0,-14.0,0.03555555555555556,-148.0,0.012222222222222199,-0.003220084467014897,48.0,3.0,0.9375,48.0,0.0208333333333333,0.1163596444129705,-3.0,-1.0,0.018055555555555602,-3.0,0.0013888888888888978,0.0012713997369415975,200.0,14.0,0.93,200.0,0.005,0.1204962834116015,-155.0,-12.0,0.025555555555555554,-155.0,0.017222222222222198,-0.002865239261689398
LIT_PCBA,full,PKM2,PKM2,0.7,500,bh,48.0,3.0,0.9375,48.0,0.0208333333333333,0.1163596444129705,500.0,56.0,0.888,474.0,0.008,0.1204788330156332,-452.0,-53.0,0.04949999999999999,-426.0,0.0128333333333333,-0.004119188602662693,48.0,3.0,0.9375,48.0,0.0208333333333333,0.1163596444129705,0.0,0.0,0.0,0.0,0.0,0.0,500.0,49.0,0.902,500.0,0.002,0.1202895392337198,-452.0,-46.0,0.035499999999999976,-452.0,0.0188333333333333,-0.003929894820749291
LIT_PCBA,full,PKM2,PKM2,0.7,500,chemdeprc_cap1,45.0,2.0,0.9555555555555556,45.0,0.0222222222222222,0.1176310441499121,500.0,56.0,0.888,474.0,0.008,0.1204788330156332,-455.0,-54.0,0.06755555555555559,-429.0,0.014222222222222199,-0.002847788865721096,48.0,3.0,0.9375,48.0,0.0208333333333333,0.1163596444129705,-3.0,-1.0,0.018055555555555602,-3.0,0.0013888888888888978,0.0012713997369415975,500.0,49.0,0.902,500.0,0.002,0.1202895392337198,-455.0,-47.0,0.05355555555555558,-455.0,0.020222222222222197,-0.0026584950838076937
LIT_PCBA,full,PKM2,PKM2,0.7,500,chemdeprc_soft75,50.0,2.0,0.96,45.0,0.06,0.1198498100420354,500.0,56.0,0.888,474.0,0.008,0.1204788330156332,-450.0,-54.0,0.07199999999999995,-429.0,0.052,-0.0006290229735977926,48.0,3.0,0.9375,48.0,0.0208333333333333,0.1163596444129705,2.0,-1.0,0.022499999999999964,-3.0,0.0391666666666667,0.003490165629064901,500.0,49.0,0.902,500.0,0.002,0.1202895392337198,-450.0,-47.0,0.05799999999999994,-455.0,0.057999999999999996,-0.0004397291916843904
LIT_PCBA,full,PKM2,PKM2,0.7,500,score_cap1,500.0,49.0,0.902,500.0,0.002,0.1202895392337198,500.0,56.0,0.888,474.0,0.008,0.1204788330156332,0.0,-7.0,0.014000000000000012,26.0,-0.006,-0.00018929378191340218,48.0,3.0,0.9375,48.0,0.0208333333333333,0.1163596444129705,452.0,46.0,-0.035499999999999976,452.0,-0.0188333333333333,0.003929894820749291,500.0,49.0,0.902,500.0,0.002,0.1202895392337198,0.0,0.0,0.0,0.0,0.0,0.0
LIT_PCBA,full,PKM2,PKM2,0.7,500,weighted_bh,45.0,2.0,0.9555555555555556,45.0,0.0222222222222222,0.1176310441499121,500.0,56.0,0.888,474.0,0.008,0.1204788330156332,-455.0,-54.0,0.06755555555555559,-429.0,0.014222222222222199,-0.002847788865721096,48.0,3.0,0.9375,48.0,0.0208333333333333,0.1163596444129705,-3.0,-1.0,0.018055555555555602,-3.0,0.0013888888888888978,0.0012713997369415975,500.0,49.0,0.902,500.0,0.002,0.1202895392337198,-455.0,-47.0,0.05355555555555558,-455.0,0.020222222222222197,-0.0026584950838076937
LIT_PCBA,full,PPARG,PPARG,0.7,10,bh,0.0,0.0,0.0,0.0,0.0,0.0,10.0,0.0,1.0,9.0,0.2,0.1227670829949517,-10.0,0.0,-1.0,-9.0,-0.2,-0.1227670829949517,0.0,0.0,0.0,0.0,0.0,0.0,0.0,0.0,0.0,0.0,0.0,0.0,10.0,0.0,1.0,10.0,0.1,0.1052071249645226,-10.0,0.0,-1.0,-10.0,-0.1,-0.1052071249645226
LIT_PCBA,full,PPARG,PPARG,0.7,10,chemdeprc_cap1,10.0,0.0,1.0,10.0,0.1,0.144500909655687,10.0,0.0,1.0,9.0,0.2,0.1227670829949517,0.0,0.0,0.0,1.0,-0.1,0.021733826660735284,0.0,0.0,0.0,0.0,0.0,0.0,10.0,0.0,1.0,10.0,0.1,0.144500909655687,10.0,0.0,1.0,10.0,0.1,0.1052071249645226,0.0,0.0,0.0,0.0,0.0,0.03929378469116439
LIT_PCBA,full,PPARG,PPARG,0.7,10,chemdeprc_soft75,8.0,0.0,1.0,8.0,0.125,0.1270985047154802,10.0,0.0,1.0,9.0,0.2,0.1227670829949517,-2.0,0.0,0.0,-1.0,-0.07500000000000001,0.0043314217205285,0.0,0.0,0.0,0.0,0.0,0.0,8.0,0.0,1.0,8.0,0.125,0.1270985047154802,10.0,0.0,1.0,10.0,0.1,0.1052071249645226,-2.0,0.0,0.0,-2.0,0.024999999999999994,0.021891379750957604
LIT_PCBA,full,PPARG,PPARG,0.7,10,score_cap1,10.0,0.0,1.0,10.0,0.1,0.1052071249645226,10.0,0.0,1.0,9.0,0.2,0.1227670829949517,0.0,0.0,0.0,1.0,-0.1,-0.017559958030429104,0.0,0.0,0.0,0.0,0.0,0.0,10.0,0.0,1.0,10.0,0.1,0.1052071249645226,10.0,0.0,1.0,10.0,0.1,0.1052071249645226,0.0,0.0,0.0,0.0,0.0,0.0
LIT_PCBA,full,PPARG,PPARG,0.7,10,weighted_bh,10.0,0.0,1.0,10.0,0.1,0.144500909655687,10.0,0.0,1.0,9.0,0.2,0.1227670829949517,0.0,0.0,0.0,1.0,-0.1,0.021733826660735284,0.0,0.0,0.0,0.0,0.0,0.0,10.0,0.0,1.0,10.0,0.1,0.144500909655687,10.0,0.0,1.0,10.0,0.1,0.1052071249645226,0.0,0.0,0.0,0.0,0.0,0.03929378469116439
LIT_PCBA,full,PPARG,PPARG,0.7,20,bh,0.0,0.0,0.0,0.0,0.0,0.0,20.0,0.0,1.0,17.0,0.15,0.1253969394936462,-20.0,0.0,-1.0,-17.0,-0.15,-0.1253969394936462,0.0,0.0,0.0,0.0,0.0,0.0,0.0,0.0,0.0,0.0,0.0,0.0,20.0,0.0,1.0,20.0,0.05,0.1159915038526291,-20.0,0.0,-1.0,-20.0,-0.05,-0.1159915038526291
LIT_PCBA,full,PPARG,PPARG,0.7,20,chemdeprc_cap1,20.0,0.0,1.0,20.0,0.05,0.1220465180317487,20.0,0.0,1.0,17.0,0.15,0.1253969394936462,0.0,0.0,0.0,3.0,-0.09999999999999999,-0.0033504214618974987,0.0,0.0,0.0,0.0,0.0,0.0,20.0,0.0,1.0,20.0,0.05,0.1220465180317487,20.0,0.0,1.0,20.0,0.05,0.1159915038526291,0.0,0.0,0.0,0.0,0.0,0.006055014179119592
LIT_PCBA,full,PPARG,PPARG,0.7,20,chemdeprc_soft75,17.0,0.0,1.0,15.0,0.1176470588235294,0.1318026624377825,20.0,0.0,1.0,17.0,0.15,0.1253969394936462,-3.0,0.0,0.0,-2.0,-0.0323529411764706,0.0064057229441362995,0.0,0.0,0.0,0.0,0.0,0.0,17.0,0.0,1.0,15.0,0.1176470588235294,0.1318026624377825,20.0,0.0,1.0,20.0,0.05,0.1159915038526291,-3.0,0.0,0.0,-5.0,0.0676470588235294,0.01581115858515339
LIT_PCBA,full,PPARG,PPARG,0.7,20,score_cap1,20.0,0.0,1.0,20.0,0.05,0.1159915038526291,20.0,0.0,1.0,17.0,0.15,0.1253969394936462,0.0,0.0,0.0,3.0,-0.09999999999999999,-0.00940543564101709,0.0,0.0,0.0,0.0,0.0,0.0,20.0,0.0,1.0,20.0,0.05,0.1159915038526291,20.0,0.0,1.0,20.0,0.05,0.1159915038526291,0.0,0.0,0.0,0.0,0.0,0.0
LIT_PCBA,full,PPARG,PPARG,0.7,20,weighted_bh,20.0,0.0,1.0,20.0,0.05,0.119166544110965,20.0,0.0,1.0,17.0,0.15,0.1253969394936462,0.0,0.0,0.0,3.0,-0.09999999999999999,-0.006230395382681192,0.0,0.0,0.0,0.0,0.0,0.0,20.0,0.0,1.0,20.0,0.05,0.119166544110965,20.0,0.0,1.0,20.0,0.05,0.1159915038526291,0.0,0.0,0.0,0.0,0.0,0.0031750402583358983
LIT_PCBA,full,PPARG,PPARG,0.7,50,bh,0.0,0.0,0.0,0.0,0.0,0.0,50.0,0.0,1.0,40.0,0.08,0.1199372160076792,-50.0,0.0,-1.0,-40.0,-0.08,-0.1199372160076792,0.0,0.0,0.0,0.0,0.0,0.0,0.0,0.0,0.0,0.0,0.0,0.0,50.0,0.0,1.0,50.0,0.02,0.1074365264328088,-50.0,0.0,-1.0,-50.0,-0.02,-0.1074365264328088
LIT_PCBA,full,PPARG,PPARG,0.7,50,chemdeprc_cap1,50.0,0.0,1.0,50.0,0.02,0.1101063981809636,50.0,0.0,1.0,40.0,0.08,0.1199372160076792,0.0,0.0,0.0,10.0,-0.06,-0.009830817826715604,0.0,0.0,0.0,0.0,0.0,0.0,50.0,0.0,1.0,50.0,0.02,0.1101063981809636,50.0,0.0,1.0,50.0,0.02,0.1074365264328088,0.0,0.0,0.0,0.0,0.0,0.002669871748154806
LIT_PCBA,full,PPARG,PPARG,0.7,50,chemdeprc_soft75,50.0,0.0,1.0,38.0,0.08,0.1148537607645368,50.0,0.0,1.0,40.0,0.08,0.1199372160076792,0.0,0.0,0.0,-2.0,0.0,-0.00508345524314241,0.0,0.0,0.0,0.0,0.0,0.0,50.0,0.0,1.0,38.0,0.08,0.1148537607645368,50.0,0.0,1.0,50.0,0.02,0.1074365264328088,0.0,0.0,0.0,-12.0,0.06,0.007417234331728001
LIT_PCBA,full,PPARG,PPARG,0.7,50,score_cap1,50.0,0.0,1.0,50.0,0.02,0.1074365264328088,50.0,0.0,1.0,40.0,0.08,0.1199372160076792,0.0,0.0,0.0,10.0,-0.06,-0.01250068957487041,0.0,0.0,0.0,0.0,0.0,0.0,50.0,0.0,1.0,50.0,0.02,0.1074365264328088,50.0,0.0,1.0,50.0,0.02,0.1074365264328088,0.0,0.0,0.0,0.0,0.0,0.0
LIT_PCBA,full,PPARG,PPARG,0.7,50,weighted_bh,50.0,0.0,1.0,46.0,0.04,0.1144823588291856,50.0,0.0,1.0,40.0,0.08,0.1199372160076792,0.0,0.0,0.0,6.0,-0.04,-0.005454857178493602,0.0,0.0,0.0,0.0,0.0,0.0,50.0,0.0,1.0,46.0,0.04,0.1144823588291856,50.0,0.0,1.0,50.0,0.02,0.1074365264328088,0.0,0.0,0.0,-4.0,0.02,0.007045832396376808
LIT_PCBA,full,PPARG,PPARG,0.7,100,bh,0.0,0.0,0.0,0.0,0.0,0.0,100.0,0.0,1.0,76.0,0.05,0.1095489348199836,-100.0,0.0,-1.0,-76.0,-0.05,-0.1095489348199836,0.0,0.0,0.0,0.0,0.0,0.0,0.0,0.0,0.0,0.0,0.0,0.0,100.0,2.0,0.98,100.0,0.01,0.1058878745899803,-100.0,-2.0,-0.98,-100.0,-0.01,-0.1058878745899803
LIT_PCBA,full,PPARG,PPARG,0.7,100,chemdeprc_cap1,100.0,1.0,0.99,100.0,0.01,0.1069930281873458,100.0,0.0,1.0,76.0,0.05,0.1095489348199836,0.0,1.0,-0.010000000000000009,24.0,-0.04,-0.0025559066326378,0.0,0.0,0.0,0.0,0.0,0.0,100.0,1.0,0.99,100.0,0.01,0.1069930281873458,100.0,2.0,0.98,100.0,0.01,0.1058878745899803,0.0,-1.0,0.010000000000000009,0.0,0.0,0.001105153597365502
LIT_PCBA,full,PPARG,PPARG,0.7,100,chemdeprc_soft75,100.0,1.0,0.99,75.0,0.03,0.1101677700232476,100.0,0.0,1.0,76.0,0.05,0.1095489348199836,0.0,1.0,-0.010000000000000009,-1.0,-0.020000000000000004,0.000618835203264001,0.0,0.0,0.0,0.0,0.0,0.0,100.0,1.0,0.99,75.0,0.03,0.1101677700232476,100.0,2.0,0.98,100.0,0.01,0.1058878745899803,0.0,-1.0,0.010000000000000009,-25.0,0.019999999999999997,0.004279895433267303
LIT_PCBA,full,PPARG,PPARG,0.7,100,score_cap1,100.0,2.0,0.98,100.0,0.01,0.1058878745899803,100.0,0.0,1.0,76.0,0.05,0.1095489348199836,0.0,2.0,-0.020000000000000018,24.0,-0.04,-0.003661060230003302,0.0,0.0,0.0,0.0,0.0,0.0,100.0,2.0,0.98,100.0,0.01,0.1058878745899803,100.0,2.0,0.98,100.0,0.01,0.1058878745899803,0.0,0.0,0.0,0.0,0.0,0.0
LIT_PCBA,full,PPARG,PPARG,0.7,100,weighted_bh,100.0,1.0,0.99,90.0,0.04,0.1121851286284442,100.0,0.0,1.0,76.0,0.05,0.1095489348199836,0.0,1.0,-0.010000000000000009,14.0,-0.010000000000000002,0.002636193808460599,0.0,0.0,0.0,0.0,0.0,0.0,100.0,1.0,0.99,90.0,0.04,0.1121851286284442,100.0,2.0,0.98,100.0,0.01,0.1058878745899803,0.0,-1.0,0.010000000000000009,-10.0,0.03,0.006297254038463901
LIT_PCBA,full,PPARG,PPARG,0.7,200,bh,0.0,0.0,0.0,0.0,0.0,0.0,200.0,3.0,0.985,142.0,0.055,0.1016539421555364,-200.0,-3.0,-0.985,-142.0,-0.055,-0.1016539421555364,0.0,0.0,0.0,0.0,0.0,0.0,0.0,0.0,0.0,0.0,0.0,0.0,200.0,3.0,0.985,200.0,0.005,0.1028489666036383,-200.0,-3.0,-0.985,-200.0,-0.005,-0.1028489666036383
LIT_PCBA,full,PPARG,PPARG,0.7,200,chemdeprc_cap1,200.0,1.0,0.995,200.0,0.005,0.101507309706621,200.0,3.0,0.985,142.0,0.055,0.1016539421555364,0.0,-2.0,0.010000000000000009,58.0,-0.05,-0.00014663244891539862,0.0,0.0,0.0,0.0,0.0,0.0,200.0,1.0,0.995,200.0,0.005,0.101507309706621,200.0,3.0,0.985,200.0,0.005,0.1028489666036383,0.0,-2.0,0.010000000000000009,0.0,0.0,-0.0013416568970173043
LIT_PCBA,full,PPARG,PPARG,0.7,200,chemdeprc_soft75,200.0,1.0,0.995,150.0,0.015,0.1054234815513067,200.0,3.0,0.985,142.0,0.055,0.1016539421555364,0.0,-2.0,0.010000000000000009,8.0,-0.04,0.003769539395770294,0.0,0.0,0.0,0.0,0.0,0.0,200.0,1.0,0.995,150.0,0.015,0.1054234815513067,200.0,3.0,0.985,200.0,0.005,0.1028489666036383,0.0,-2.0,0.010000000000000009,-50.0,0.009999999999999998,0.002574514947668388
LIT_PCBA,full,PPARG,PPARG,0.7,200,score_cap1,200.0,3.0,0.985,200.0,0.005,0.1028489666036383,200.0,3.0,0.985,142.0,0.055,0.1016539421555364,0.0,0.0,0.0,58.0,-0.05,0.0011950244481019057,0.0,0.0,0.0,0.0,0.0,0.0,200.0,3.0,0.985,200.0,0.005,0.1028489666036383,200.0,3.0,0.985,200.0,0.005,0.1028489666036383,0.0,0.0,0.0,0.0,0.0,0.0
LIT_PCBA,full,PPARG,PPARG,0.7,200,weighted_bh,200.0,1.0,0.995,176.0,0.025,0.1039539188524573,200.0,3.0,0.985,142.0,0.055,0.1016539421555364,0.0,-2.0,0.010000000000000009,34.0,-0.03,0.002299976696920905,0.0,0.0,0.0,0.0,0.0,0.0,200.0,1.0,0.995,176.0,0.025,0.1039539188524573,200.0,3.0,0.985,200.0,0.005,0.1028489666036383,0.0,-2.0,0.010000000000000009,-24.0,0.02,0.0011049522488189994
LIT_PCBA,full,PPARG,PPARG,0.7,500,bh,0.0,0.0,0.0,0.0,0.0,0.0,500.0,5.0,0.99,337.0,0.07,0.0981518594692949,-500.0,-5.0,-0.99,-337.0,-0.07,-0.0981518594692949,0.0,0.0,0.0,0.0,0.0,0.0,0.0,0.0,0.0,0.0,0.0,0.0,500.0,9.0,0.982,500.0,0.002,0.09371012565449,-500.0,-9.0,-0.982,-500.0,-0.002,-0.09371012565449
LIT_PCBA,full,PPARG,PPARG,0.7,500,chemdeprc_cap1,212.0,1.0,0.9952830188679244,212.0,0.0047169811320754,0.0989421421599614,500.0,5.0,0.99,337.0,0.07,0.0981518594692949,-288.0,-4.0,0.005283018867924372,-125.0,-0.0652830188679246,0.0007902826906664995,0.0,0.0,0.0,0.0,0.0,0.0,212.0,1.0,0.9952830188679244,212.0,0.0047169811320754,0.0989421421599614,500.0,9.0,0.982,500.0,0.002,0.09371012565449,-288.0,-8.0,0.013283018867924379,-288.0,0.0027169811320754004,0.005232016505471407
LIT_PCBA,full,PPARG,PPARG,0.7,500,chemdeprc_soft75,321.0,1.0,0.9968847352024922,212.0,0.0747663551401869,0.1004165722787911,500.0,5.0,0.99,337.0,0.07,0.0981518594692949,-179.0,-4.0,0.00688473520249222,-125.0,0.00476635514018689,0.0022647128094961944,0.0,0.0,0.0,0.0,0.0,0.0,321.0,1.0,0.9968847352024922,212.0,0.0747663551401869,0.1004165722787911,500.0,9.0,0.982,500.0,0.002,0.09371012565449,-179.0,-8.0,0.014884735202492227,-288.0,0.0727663551401869,0.006706446624301102
LIT_PCBA,full,PPARG,PPARG,0.7,500,score_cap1,500.0,9.0,0.982,500.0,0.002,0.09371012565449,500.0,5.0,0.99,337.0,0.07,0.0981518594692949,0.0,4.0,-0.008000000000000007,163.0,-0.068,-0.004441733814804907,0.0,0.0,0.0,0.0,0.0,0.0,500.0,9.0,0.982,500.0,0.002,0.09371012565449,500.0,9.0,0.982,500.0,0.002,0.09371012565449,0.0,0.0,0.0,0.0,0.0,0.0
LIT_PCBA,full,PPARG,PPARG,0.7,500,weighted_bh,300.0,5.0,0.9833333333333332,266.0,0.0166666666666666,0.0987375332110499,500.0,5.0,0.99,337.0,0.07,0.0981518594692949,-200.0,0.0,-0.006666666666666821,-71.0,-0.053333333333333406,0.0005856737417549995,0.0,0.0,0.0,0.0,0.0,0.0,300.0,5.0,0.9833333333333332,266.0,0.0166666666666666,0.0987375332110499,500.0,9.0,0.982,500.0,0.002,0.09371012565449,-200.0,-4.0,0.0013333333333331865,-234.0,0.0146666666666666,0.005027407556559907
LIT_PCBA,full,TP53,TP53,0.7,10,bh,0.0,0.0,0.0,0.0,0.0,0.0,10.0,0.0,1.0,7.0,0.2,0.1534280739177017,-10.0,0.0,-1.0,-7.0,-0.2,-0.1534280739177017,0.0,0.0,0.0,0.0,0.0,0.0,0.0,0.0,0.0,0.0,0.0,0.0,10.0,0.0,1.0,10.0,0.1,0.1071901990400493,-10.0,0.0,-1.0,-10.0,-0.1,-0.1071901990400493
LIT_PCBA,full,TP53,TP53,0.7,10,chemdeprc_cap1,0.0,0.0,0.0,0.0,0.0,0.0,10.0,0.0,1.0,7.0,0.2,0.1534280739177017,-10.0,0.0,-1.0,-7.0,-0.2,-0.1534280739177017,0.0,0.0,0.0,0.0,0.0,0.0,0.0,0.0,0.0,0.0,0.0,0.0,10.0,0.0,1.0,10.0,0.1,0.1071901990400493,-10.0,0.0,-1.0,-10.0,-0.1,-0.1071901990400493
LIT_PCBA,full,TP53,TP53,0.7,10,chemdeprc_soft75,0.0,0.0,0.0,0.0,0.0,0.0,10.0,0.0,1.0,7.0,0.2,0.1534280739177017,-10.0,0.0,-1.0,-7.0,-0.2,-0.1534280739177017,0.0,0.0,0.0,0.0,0.0,0.0,0.0,0.0,0.0,0.0,0.0,0.0,10.0,0.0,1.0,10.0,0.1,0.1071901990400493,-10.0,0.0,-1.0,-10.0,-0.1,-0.1071901990400493
LIT_PCBA,full,TP53,TP53,0.7,10,score_cap1,10.0,0.0,1.0,10.0,0.1,0.1071901990400493,10.0,0.0,1.0,7.0,0.2,0.1534280739177017,0.0,0.0,0.0,3.0,-0.1,-0.04623787487765239,0.0,0.0,0.0,0.0,0.0,0.0,10.0,0.0,1.0,10.0,0.1,0.1071901990400493,10.0,0.0,1.0,10.0,0.1,0.1071901990400493,0.0,0.0,0.0,0.0,0.0,0.0
LIT_PCBA,full,TP53,TP53,0.7,10,weighted_bh,0.0,0.0,0.0,0.0,0.0,0.0,10.0,0.0,1.0,7.0,0.2,0.1534280739177017,-10.0,0.0,-1.0,-7.0,-0.2,-0.1534280739177017,0.0,0.0,0.0,0.0,0.0,0.0,0.0,0.0,0.0,0.0,0.0,0.0,10.0,0.0,1.0,10.0,0.1,0.1071901990400493,-10.0,0.0,-1.0,-10.0,-0.1,-0.1071901990400493
LIT_PCBA,full,TP53,TP53,0.7,20,bh,0.0,0.0,0.0,0.0,0.0,0.0,20.0,0.0,1.0,15.0,0.15,0.1513530942076424,-20.0,0.0,-1.0,-15.0,-0.15,-0.1513530942076424,0.0,0.0,0.0,0.0,0.0,0.0,0.0,0.0,0.0,0.0,0.0,0.0,20.0,0.0,1.0,20.0,0.05,0.1110879477437171,-20.0,0.0,-1.0,-20.0,-0.05,-0.1110879477437171
LIT_PCBA,full,TP53,TP53,0.7,20,chemdeprc_cap1,0.0,0.0,0.0,0.0,0.0,0.0,20.0,0.0,1.0,15.0,0.15,0.1513530942076424,-20.0,0.0,-1.0,-15.0,-0.15,-0.1513530942076424,0.0,0.0,0.0,0.0,0.0,0.0,0.0,0.0,0.0,0.0,0.0,0.0,20.0,0.0,1.0,20.0,0.05,0.1110879477437171,-20.0,0.0,-1.0,-20.0,-0.05,-0.1110879477437171
LIT_PCBA,full,TP53,TP53,0.7,20,chemdeprc_soft75,0.0,0.0,0.0,0.0,0.0,0.0,20.0,0.0,1.0,15.0,0.15,0.1513530942076424,-20.0,0.0,-1.0,-15.0,-0.15,-0.1513530942076424,0.0,0.0,0.0,0.0,0.0,0.0,0.0,0.0,0.0,0.0,0.0,0.0,20.0,0.0,1.0,20.0,0.05,0.1110879477437171,-20.0,0.0,-1.0,-20.0,-0.05,-0.1110879477437171
LIT_PCBA,full,TP53,TP53,0.7,20,score_cap1,20.0,0.0,1.0,20.0,0.05,0.1110879477437171,20.0,0.0,1.0,15.0,0.15,0.1513530942076424,0.0,0.0,0.0,5.0,-0.09999999999999999,-0.0402651464639253,0.0,0.0,0.0,0.0,0.0,0.0,20.0,0.0,1.0,20.0,0.05,0.1110879477437171,20.0,0.0,1.0,20.0,0.05,0.1110879477437171,0.0,0.0,0.0,0.0,0.0,0.0
LIT_PCBA,full,TP53,TP53,0.7,20,weighted_bh,0.0,0.0,0.0,0.0,0.0,0.0,20.0,0.0,1.0,15.0,0.15,0.1513530942076424,-20.0,0.0,-1.0,-15.0,-0.15,-0.1513530942076424,0.0,0.0,0.0,0.0,0.0,0.0,0.0,0.0,0.0,0.0,0.0,0.0,20.0,0.0,1.0,20.0,0.05,0.1110879477437171,-20.0,0.0,-1.0,-20.0,-0.05,-0.1110879477437171
LIT_PCBA,full,TP53,TP53,0.7,50,bh,0.0,0.0,0.0,0.0,0.0,0.0,50.0,0.0,1.0,41.0,0.08,0.1211450030897357,-50.0,0.0,-1.0,-41.0,-0.08,-0.1211450030897357,0.0,0.0,0.0,0.0,0.0,0.0,0.0,0.0,0.0,0.0,0.0,0.0,50.0,0.0,1.0,50.0,0.02,0.1074415613809938,-50.0,0.0,-1.0,-50.0,-0.02,-0.1074415613809938
LIT_PCBA,full,TP53,TP53,0.7,50,chemdeprc_cap1,0.0,0.0,0.0,0.0,0.0,0.0,50.0,0.0,1.0,41.0,0.08,0.1211450030897357,-50.0,0.0,-1.0,-41.0,-0.08,-0.1211450030897357,0.0,0.0,0.0,0.0,0.0,0.0,0.0,0.0,0.0,0.0,0.0,0.0,50.0,0.0,1.0,50.0,0.02,0.1074415613809938,-50.0,0.0,-1.0,-50.0,-0.02,-0.1074415613809938
LIT_PCBA,full,TP53,TP53,0.7,50,chemdeprc_soft75,0.0,0.0,0.0,0.0,0.0,0.0,50.0,0.0,1.0,41.0,0.08,0.1211450030897357,-50.0,0.0,-1.0,-41.0,-0.08,-0.1211450030897357,0.0,0.0,0.0,0.0,0.0,0.0,0.0,0.0,0.0,0.0,0.0,0.0,50.0,0.0,1.0,50.0,0.02,0.1074415613809938,-50.0,0.0,-1.0,-50.0,-0.02,-0.1074415613809938
LIT_PCBA,full,TP53,TP53,0.7,50,score_cap1,50.0,0.0,1.0,50.0,0.02,0.1074415613809938,50.0,0.0,1.0,41.0,0.08,0.1211450030897357,0.0,0.0,0.0,9.0,-0.06,-0.01370344170874191,0.0,0.0,0.0,0.0,0.0,0.0,50.0,0.0,1.0,50.0,0.02,0.1074415613809938,50.0,0.0,1.0,50.0,0.02,0.1074415613809938,0.0,0.0,0.0,0.0,0.0,0.0
LIT_PCBA,full,TP53,TP53,0.7,50,weighted_bh,0.0,0.0,0.0,0.0,0.0,0.0,50.0,0.0,1.0,41.0,0.08,0.1211450030897357,-50.0,0.0,-1.0,-41.0,-0.08,-0.1211450030897357,0.0,0.0,0.0,0.0,0.0,0.0,0.0,0.0,0.0,0.0,0.0,0.0,50.0,0.0,1.0,50.0,0.02,0.1074415613809938,-50.0,0.0,-1.0,-50.0,-0.02,-0.1074415613809938
LIT_PCBA,full,TP53,TP53,0.7,100,bh,0.0,0.0,0.0,0.0,0.0,0.0,100.0,0.0,1.0,79.0,0.05,0.1049252659434293,-100.0,0.0,-1.0,-79.0,-0.05,-0.1049252659434293,0.0,0.0,0.0,0.0,0.0,0.0,0.0,0.0,0.0,0.0,0.0,0.0,100.0,0.0,1.0,100.0,0.01,0.1023836438765583,-100.0,0.0,-1.0,-100.0,-0.01,-0.1023836438765583
LIT_PCBA,full,TP53,TP53,0.7,100,chemdeprc_cap1,0.0,0.0,0.0,0.0,0.0,0.0,100.0,0.0,1.0,79.0,0.05,0.1049252659434293,-100.0,0.0,-1.0,-79.0,-0.05,-0.1049252659434293,0.0,0.0,0.0,0.0,0.0,0.0,0.0,0.0,0.0,0.0,0.0,0.0,100.0,0.0,1.0,100.0,0.01,0.1023836438765583,-100.0,0.0,-1.0,-100.0,-0.01,-0.1023836438765583
LIT_PCBA,full,TP53,TP53,0.7,100,chemdeprc_soft75,0.0,0.0,0.0,0.0,0.0,0.0,100.0,0.0,1.0,79.0,0.05,0.1049252659434293,-100.0,0.0,-1.0,-79.0,-0.05,-0.1049252659434293,0.0,0.0,0.0,0.0,0.0,0.0,0.0,0.0,0.0,0.0,0.0,0.0,100.0,0.0,1.0,100.0,0.01,0.1023836438765583,-100.0,0.0,-1.0,-100.0,-0.01,-0.1023836438765583
LIT_PCBA,full,TP53,TP53,0.7,100,score_cap1,100.0,0.0,1.0,100.0,0.01,0.1023836438765583,100.0,0.0,1.0,79.0,0.05,0.1049252659434293,0.0,0.0,0.0,21.0,-0.04,-0.002541622066871002,0.0,0.0,0.0,0.0,0.0,0.0,100.0,0.0,1.0,100.0,0.01,0.1023836438765583,100.0,0.0,1.0,100.0,0.01,0.1023836438765583,0.0,0.0,0.0,0.0,0.0,0.0
LIT_PCBA,full,TP53,TP53,0.7,100,weighted_bh,0.0,0.0,0.0,0.0,0.0,0.0,100.0,0.0,1.0,79.0,0.05,0.1049252659434293,-100.0,0.0,-1.0,-79.0,-0.05,-0.1049252659434293,0.0,0.0,0.0,0.0,0.0,0.0,0.0,0.0,0.0,0.0,0.0,0.0,100.0,0.0,1.0,100.0,0.01,0.1023836438765583,-100.0,0.0,-1.0,-100.0,-0.01,-0.1023836438765583
LIT_PCBA,full,TP53,TP53,0.7,200,bh,0.0,0.0,0.0,0.0,0.0,0.0,200.0,2.0,0.99,144.0,0.05,0.1004016185006086,-200.0,-2.0,-0.99,-144.0,-0.05,-0.1004016185006086,0.0,0.0,0.0,0.0,0.0,0.0,0.0,0.0,0.0,0.0,0.0,0.0,200.0,3.0,0.985,200.0,0.005,0.0992592897496693,-200.0,-3.0,-0.985,-200.0,-0.005,-0.0992592897496693
LIT_PCBA,full,TP53,TP53,0.7,200,chemdeprc_cap1,0.0,0.0,0.0,0.0,0.0,0.0,200.0,2.0,0.99,144.0,0.05,0.1004016185006086,-200.0,-2.0,-0.99,-144.0,-0.05,-0.1004016185006086,0.0,0.0,0.0,0.0,0.0,0.0,0.0,0.0,0.0,0.0,0.0,0.0,200.0,3.0,0.985,200.0,0.005,0.0992592897496693,-200.0,-3.0,-0.985,-200.0,-0.005,-0.0992592897496693
LIT_PCBA,full,TP53,TP53,0.7,200,chemdeprc_soft75,0.0,0.0,0.0,0.0,0.0,0.0,200.0,2.0,0.99,144.0,0.05,0.1004016185006086,-200.0,-2.0,-0.99,-144.0,-0.05,-0.1004016185006086,0.0,0.0,0.0,0.0,0.0,0.0,0.0,0.0,0.0,0.0,0.0,0.0,200.0,3.0,0.985,200.0,0.005,0.0992592897496693,-200.0,-3.0,-0.985,-200.0,-0.005,-0.0992592897496693
LIT_PCBA,full,TP53,TP53,0.7,200,score_cap1,200.0,3.0,0.985,200.0,0.005,0.0992592897496693,200.0,2.0,0.99,144.0,0.05,0.1004016185006086,0.0,1.0,-0.0050000000000000044,56.0,-0.045000000000000005,-0.0011423287509392949,0.0,0.0,0.0,0.0,0.0,0.0,200.0,3.0,0.985,200.0,0.005,0.0992592897496693,200.0,3.0,0.985,200.0,0.005,0.0992592897496693,0.0,0.0,0.0,0.0,0.0,0.0
LIT_PCBA,full,TP53,TP53,0.7,200,weighted_bh,0.0,0.0,0.0,0.0,0.0,0.0,200.0,2.0,0.99,144.0,0.05,0.1004016185006086,-200.0,-2.0,-0.99,-144.0,-0.05,-0.1004016185006086,0.0,0.0,0.0,0.0,0.0,0.0,0.0,0.0,0.0,0.0,0.0,0.0,200.0,3.0,0.985,200.0,0.005,0.0992592897496693,-200.0,-3.0,-0.985,-200.0,-0.005,-0.0992592897496693
LIT_PCBA,full,TP53,TP53,0.7,500,bh,0.0,0.0,0.0,0.0,0.0,0.0,500.0,5.0,0.99,334.0,0.08,0.0962540512792994,-500.0,-5.0,-0.99,-334.0,-0.08,-0.0962540512792994,0.0,0.0,0.0,0.0,0.0,0.0,0.0,0.0,0.0,0.0,0.0,0.0,500.0,6.0,0.988,500.0,0.002,0.0906836530357949,-500.0,-6.0,-0.988,-500.0,-0.002,-0.0906836530357949
LIT_PCBA,full,TP53,TP53,0.7,500,chemdeprc_cap1,0.0,0.0,0.0,0.0,0.0,0.0,500.0,5.0,0.99,334.0,0.08,0.0962540512792994,-500.0,-5.0,-0.99,-334.0,-0.08,-0.0962540512792994,0.0,0.0,0.0,0.0,0.0,0.0,0.0,0.0,0.0,0.0,0.0,0.0,500.0,6.0,0.988,500.0,0.002,0.0906836530357949,-500.0,-6.0,-0.988,-500.0,-0.002,-0.0906836530357949
LIT_PCBA,full,TP53,TP53,0.7,500,chemdeprc_soft75,0.0,0.0,0.0,0.0,0.0,0.0,500.0,5.0,0.99,334.0,0.08,0.0962540512792994,-500.0,-5.0,-0.99,-334.0,-0.08,-0.0962540512792994,0.0,0.0,0.0,0.0,0.0,0.0,0.0,0.0,0.0,0.0,0.0,0.0,500.0,6.0,0.988,500.0,0.002,0.0906836530357949,-500.0,-6.0,-0.988,-500.0,-0.002,-0.0906836530357949
LIT_PCBA,full,TP53,TP53,0.7,500,score_cap1,500.0,6.0,0.988,500.0,0.002,0.0906836530357949,500.0,5.0,0.99,334.0,0.08,0.0962540512792994,0.0,1.0,-0.0020000000000000018,166.0,-0.078,-0.0055703982435044985,0.0,0.0,0.0,0.0,0.0,0.0,500.0,6.0,0.988,500.0,0.002,0.0906836530357949,500.0,6.0,0.988,500.0,0.002,0.0906836530357949,0.0,0.0,0.0,0.0,0.0,0.0
LIT_PCBA,full,TP53,TP53,0.7,500,weighted_bh,0.0,0.0,0.0,0.0,0.0,0.0,500.0,5.0,0.99,334.0,0.08,0.0962540512792994,-500.0,-5.0,-0.99,-334.0,-0.08,-0.0962540512792994,0.0,0.0,0.0,0.0,0.0,0.0,0.0,0.0,0.0,0.0,0.0,0.0,500.0,6.0,0.988,500.0,0.002,0.0906836530357949,-500.0,-6.0,-0.988,-500.0,-0.002,-0.0906836530357949
LIT_PCBA,ligand_only,ALDH1,ALDH1,0.7,10,bh,0.0,0.0,0.0,0.0,0.0,0.0,10.0,8.0,0.2,9.0,0.2,0.1003483592682957,-10.0,-8.0,-0.2,-9.0,-0.2,-0.1003483592682957,0.0,0.0,0.0,0.0,0.0,0.0,0.0,0.0,0.0,0.0,0.0,0.0,10.0,7.0,0.3,10.0,0.1,0.0973370692375371,-10.0,-7.0,-0.3,-10.0,-0.1,-0.0973370692375371
LIT_PCBA,ligand_only,ALDH1,ALDH1,0.7,10,chemdeprc_cap1,0.0,0.0,0.0,0.0,0.0,0.0,10.0,8.0,0.2,9.0,0.2,0.1003483592682957,-10.0,-8.0,-0.2,-9.0,-0.2,-0.1003483592682957,0.0,0.0,0.0,0.0,0.0,0.0,0.0,0.0,0.0,0.0,0.0,0.0,10.0,7.0,0.3,10.0,0.1,0.0973370692375371,-10.0,-7.0,-0.3,-10.0,-0.1,-0.0973370692375371
LIT_PCBA,ligand_only,ALDH1,ALDH1,0.7,10,chemdeprc_soft75,0.0,0.0,0.0,0.0,0.0,0.0,10.0,8.0,0.2,9.0,0.2,0.1003483592682957,-10.0,-8.0,-0.2,-9.0,-0.2,-0.1003483592682957,0.0,0.0,0.0,0.0,0.0,0.0,0.0,0.0,0.0,0.0,0.0,0.0,10.0,7.0,0.3,10.0,0.1,0.0973370692375371,-10.0,-7.0,-0.3,-10.0,-0.1,-0.0973370692375371
LIT_PCBA,ligand_only,ALDH1,ALDH1,0.7,10,score_cap1,10.0,7.0,0.3,10.0,0.1,0.0973370692375371,10.0,8.0,0.2,9.0,0.2,0.1003483592682957,0.0,-1.0,0.09999999999999998,1.0,-0.1,-0.003011290030758604,0.0,0.0,0.0,0.0,0.0,0.0,10.0,7.0,0.3,10.0,0.1,0.0973370692375371,10.0,7.0,0.3,10.0,0.1,0.0973370692375371,0.0,0.0,0.0,0.0,0.0,0.0
LIT_PCBA,ligand_only,ALDH1,ALDH1,0.7,10,weighted_bh,0.0,0.0,0.0,0.0,0.0,0.0,10.0,8.0,0.2,9.0,0.2,0.1003483592682957,-10.0,-8.0,-0.2,-9.0,-0.2,-0.1003483592682957,0.0,0.0,0.0,0.0,0.0,0.0,0.0,0.0,0.0,0.0,0.0,0.0,10.0,7.0,0.3,10.0,0.1,0.0973370692375371,-10.0,-7.0,-0.3,-10.0,-0.1,-0.0973370692375371
LIT_PCBA,ligand_only,ALDH1,ALDH1,0.7,20,bh,0.0,0.0,0.0,0.0,0.0,0.0,20.0,12.0,0.4,19.0,0.1,0.1134695695889066,-20.0,-12.0,-0.4,-19.0,-0.1,-0.1134695695889066,0.0,0.0,0.0,0.0,0.0,0.0,0.0,0.0,0.0,0.0,0.0,0.0,20.0,12.0,0.4,20.0,0.05,0.1110331839630986,-20.0,-12.0,-0.4,-20.0,-0.05,-0.1110331839630986
LIT_PCBA,ligand_only,ALDH1,ALDH1,0.7,20,chemdeprc_cap1,0.0,0.0,0.0,0.0,0.0,0.0,20.0,12.0,0.4,19.0,0.1,0.1134695695889066,-20.0,-12.0,-0.4,-19.0,-0.1,-0.1134695695889066,0.0,0.0,0.0,0.0,0.0,0.0,0.0,0.0,0.0,0.0,0.0,0.0,20.0,12.0,0.4,20.0,0.05,0.1110331839630986,-20.0,-12.0,-0.4,-20.0,-0.05,-0.1110331839630986
LIT_PCBA,ligand_only,ALDH1,ALDH1,0.7,20,chemdeprc_soft75,0.0,0.0,0.0,0.0,0.0,0.0,20.0,12.0,0.4,19.0,0.1,0.1134695695889066,-20.0,-12.0,-0.4,-19.0,-0.1,-0.1134695695889066,0.0,0.0,0.0,0.0,0.0,0.0,0.0,0.0,0.0,0.0,0.0,0.0,20.0,12.0,0.4,20.0,0.05,0.1110331839630986,-20.0,-12.0,-0.4,-20.0,-0.05,-0.1110331839630986
LIT_PCBA,ligand_only,ALDH1,ALDH1,0.7,20,score_cap1,20.0,12.0,0.4,20.0,0.05,0.1110331839630986,20.0,12.0,0.4,19.0,0.1,0.1134695695889066,0.0,0.0,0.0,1.0,-0.05,-0.002436385625808002,0.0,0.0,0.0,0.0,0.0,0.0,20.0,12.0,0.4,20.0,0.05,0.1110331839630986,20.0,12.0,0.4,20.0,0.05,0.1110331839630986,0.0,0.0,0.0,0.0,0.0,0.0
LIT_PCBA,ligand_only,ALDH1,ALDH1,0.7,20,weighted_bh,0.0,0.0,0.0,0.0,0.0,0.0,20.0,12.0,0.4,19.0,0.1,0.1134695695889066,-20.0,-12.0,-0.4,-19.0,-0.1,-0.1134695695889066,0.0,0.0,0.0,0.0,0.0,0.0,0.0,0.0,0.0,0.0,0.0,0.0,20.0,12.0,0.4,20.0,0.05,0.1110331839630986,-20.0,-12.0,-0.4,-20.0,-0.05,-0.1110331839630986
LIT_PCBA,ligand_only,ALDH1,ALDH1,0.7,50,bh,0.0,0.0,0.0,0.0,0.0,0.0,50.0,31.0,0.38,46.0,0.06,0.1161269050572941,-50.0,-31.0,-0.38,-46.0,-0.06,-0.1161269050572941,0.0,0.0,0.0,0.0,0.0,0.0,0.0,0.0,0.0,0.0,0.0,0.0,50.0,31.0,0.38,50.0,0.02,0.115097728401188,-50.0,-31.0,-0.38,-50.0,-0.02,-0.115097728401188
LIT_PCBA,ligand_only,ALDH1,ALDH1,0.7,50,chemdeprc_cap1,0.0,0.0,0.0,0.0,0.0,0.0,50.0,31.0,0.38,46.0,0.06,0.1161269050572941,-50.0,-31.0,-0.38,-46.0,-0.06,-0.1161269050572941,0.0,0.0,0.0,0.0,0.0,0.0,0.0,0.0,0.0,0.0,0.0,0.0,50.0,31.0,0.38,50.0,0.02,0.115097728401188,-50.0,-31.0,-0.38,-50.0,-0.02,-0.115097728401188
LIT_PCBA,ligand_only,ALDH1,ALDH1,0.7,50,chemdeprc_soft75,0.0,0.0,0.0,0.0,0.0,0.0,50.0,31.0,0.38,46.0,0.06,0.1161269050572941,-50.0,-31.0,-0.38,-46.0,-0.06,-0.1161269050572941,0.0,0.0,0.0,0.0,0.0,0.0,0.0,0.0,0.0,0.0,0.0,0.0,50.0,31.0,0.38,50.0,0.02,0.115097728401188,-50.0,-31.0,-0.38,-50.0,-0.02,-0.115097728401188
LIT_PCBA,ligand_only,ALDH1,ALDH1,0.7,50,score_cap1,50.0,31.0,0.38,50.0,0.02,0.115097728401188,50.0,31.0,0.38,46.0,0.06,0.1161269050572941,0.0,0.0,0.0,4.0,-0.039999999999999994,-0.0010291766561061066,0.0,0.0,0.0,0.0,0.0,0.0,50.0,31.0,0.38,50.0,0.02,0.115097728401188,50.0,31.0,0.38,50.0,0.02,0.115097728401188,0.0,0.0,0.0,0.0,0.0,0.0
LIT_PCBA,ligand_only,ALDH1,ALDH1,0.7,50,weighted_bh,0.0,0.0,0.0,0.0,0.0,0.0,50.0,31.0,0.38,46.0,0.06,0.1161269050572941,-50.0,-31.0,-0.38,-46.0,-0.06,-0.1161269050572941,0.0,0.0,0.0,0.0,0.0,0.0,0.0,0.0,0.0,0.0,0.0,0.0,50.0,31.0,0.38,50.0,0.02,0.115097728401188,-50.0,-31.0,-0.38,-50.0,-0.02,-0.115097728401188
LIT_PCBA,ligand_only,ALDH1,ALDH1,0.7,100,bh,0.0,0.0,0.0,0.0,0.0,0.0,100.0,63.0,0.37,92.0,0.04,0.1100963782011633,-100.0,-63.0,-0.37,-92.0,-0.04,-0.1100963782011633,0.0,0.0,0.0,0.0,0.0,0.0,0.0,0.0,0.0,0.0,0.0,0.0,100.0,63.0,0.37,100.0,0.01,0.1091457062292399,-100.0,-63.0,-0.37,-100.0,-0.01,-0.1091457062292399
LIT_PCBA,ligand_only,ALDH1,ALDH1,0.7,100,chemdeprc_cap1,0.0,0.0,0.0,0.0,0.0,0.0,100.0,63.0,0.37,92.0,0.04,0.1100963782011633,-100.0,-63.0,-0.37,-92.0,-0.04,-0.1100963782011633,0.0,0.0,0.0,0.0,0.0,0.0,0.0,0.0,0.0,0.0,0.0,0.0,100.0,63.0,0.37,100.0,0.01,0.1091457062292399,-100.0,-63.0,-0.37,-100.0,-0.01,-0.1091457062292399
LIT_PCBA,ligand_only,ALDH1,ALDH1,0.7,100,chemdeprc_soft75,0.0,0.0,0.0,0.0,0.0,0.0,100.0,63.0,0.37,92.0,0.04,0.1100963782011633,-100.0,-63.0,-0.37,-92.0,-0.04,-0.1100963782011633,0.0,0.0,0.0,0.0,0.0,0.0,0.0,0.0,0.0,0.0,0.0,0.0,100.0,63.0,0.37,100.0,0.01,0.1091457062292399,-100.0,-63.0,-0.37,-100.0,-0.01,-0.1091457062292399
LIT_PCBA,ligand_only,ALDH1,ALDH1,0.7,100,score_cap1,100.0,63.0,0.37,100.0,0.01,0.1091457062292399,100.0,63.0,0.37,92.0,0.04,0.1100963782011633,0.0,0.0,0.0,8.0,-0.03,-0.000950671971923403,0.0,0.0,0.0,0.0,0.0,0.0,100.0,63.0,0.37,100.0,0.01,0.1091457062292399,100.0,63.0,0.37,100.0,0.01,0.1091457062292399,0.0,0.0,0.0,0.0,0.0,0.0
LIT_PCBA,ligand_only,ALDH1,ALDH1,0.7,100,weighted_bh,0.0,0.0,0.0,0.0,0.0,0.0,100.0,63.0,0.37,92.0,0.04,0.1100963782011633,-100.0,-63.0,-0.37,-92.0,-0.04,-0.1100963782011633,0.0,0.0,0.0,0.0,0.0,0.0,0.0,0.0,0.0,0.0,0.0,0.0,100.0,63.0,0.37,100.0,0.01,0.1091457062292399,-100.0,-63.0,-0.37,-100.0,-0.01,-0.1091457062292399
LIT_PCBA,ligand_only,ALDH1,ALDH1,0.7,200,bh,0.0,0.0,0.0,0.0,0.0,0.0,200.0,128.0,0.36,182.0,0.02,0.108002151146911,-200.0,-128.0,-0.36,-182.0,-0.02,-0.108002151146911,0.0,0.0,0.0,0.0,0.0,0.0,0.0,0.0,0.0,0.0,0.0,0.0,200.0,125.0,0.375,200.0,0.005,0.1114262603568915,-200.0,-125.0,-0.375,-200.0,-0.005,-0.1114262603568915
LIT_PCBA,ligand_only,ALDH1,ALDH1,0.7,200,chemdeprc_cap1,0.0,0.0,0.0,0.0,0.0,0.0,200.0,128.0,0.36,182.0,0.02,0.108002151146911,-200.0,-128.0,-0.36,-182.0,-0.02,-0.108002151146911,0.0,0.0,0.0,0.0,0.0,0.0,0.0,0.0,0.0,0.0,0.0,0.0,200.0,125.0,0.375,200.0,0.005,0.1114262603568915,-200.0,-125.0,-0.375,-200.0,-0.005,-0.1114262603568915
LIT_PCBA,ligand_only,ALDH1,ALDH1,0.7,200,chemdeprc_soft75,0.0,0.0,0.0,0.0,0.0,0.0,200.0,128.0,0.36,182.0,0.02,0.108002151146911,-200.0,-128.0,-0.36,-182.0,-0.02,-0.108002151146911,0.0,0.0,0.0,0.0,0.0,0.0,0.0,0.0,0.0,0.0,0.0,0.0,200.0,125.0,0.375,200.0,0.005,0.1114262603568915,-200.0,-125.0,-0.375,-200.0,-0.005,-0.1114262603568915
LIT_PCBA,ligand_only,ALDH1,ALDH1,0.7,200,score_cap1,200.0,125.0,0.375,200.0,0.005,0.1114262603568915,200.0,128.0,0.36,182.0,0.02,0.108002151146911,0.0,-3.0,0.015000000000000013,18.0,-0.015,0.0034241092099805,0.0,0.0,0.0,0.0,0.0,0.0,200.0,125.0,0.375,200.0,0.005,0.1114262603568915,200.0,125.0,0.375,200.0,0.005,0.1114262603568915,0.0,0.0,0.0,0.0,0.0,0.0
LIT_PCBA,ligand_only,ALDH1,ALDH1,0.7,200,weighted_bh,0.0,0.0,0.0,0.0,0.0,0.0,200.0,128.0,0.36,182.0,0.02,0.108002151146911,-200.0,-128.0,-0.36,-182.0,-0.02,-0.108002151146911,0.0,0.0,0.0,0.0,0.0,0.0,0.0,0.0,0.0,0.0,0.0,0.0,200.0,125.0,0.375,200.0,0.005,0.1114262603568915,-200.0,-125.0,-0.375,-200.0,-0.005,-0.1114262603568915
LIT_PCBA,ligand_only,ALDH1,ALDH1,0.7,500,bh,0.0,0.0,0.0,0.0,0.0,0.0,500.0,321.0,0.358,445.0,0.024,0.1115143848868958,-500.0,-321.0,-0.358,-445.0,-0.024,-0.1115143848868958,0.0,0.0,0.0,0.0,0.0,0.0,0.0,0.0,0.0,0.0,0.0,0.0,500.0,314.0,0.372,500.0,0.002,0.1125879976240791,-500.0,-314.0,-0.372,-500.0,-0.002,-0.1125879976240791
LIT_PCBA,ligand_only,ALDH1,ALDH1,0.7,500,chemdeprc_cap1,0.0,0.0,0.0,0.0,0.0,0.0,500.0,321.0,0.358,445.0,0.024,0.1115143848868958,-500.0,-321.0,-0.358,-445.0,-0.024,-0.1115143848868958,0.0,0.0,0.0,0.0,0.0,0.0,0.0,0.0,0.0,0.0,0.0,0.0,500.0,314.0,0.372,500.0,0.002,0.1125879976240791,-500.0,-314.0,-0.372,-500.0,-0.002,-0.1125879976240791
LIT_PCBA,ligand_only,ALDH1,ALDH1,0.7,500,chemdeprc_soft75,0.0,0.0,0.0,0.0,0.0,0.0,500.0,321.0,0.358,445.0,0.024,0.1115143848868958,-500.0,-321.0,-0.358,-445.0,-0.024,-0.1115143848868958,0.0,0.0,0.0,0.0,0.0,0.0,0.0,0.0,0.0,0.0,0.0,0.0,500.0,314.0,0.372,500.0,0.002,0.1125879976240791,-500.0,-314.0,-0.372,-500.0,-0.002,-0.1125879976240791
LIT_PCBA,ligand_only,ALDH1,ALDH1,0.7,500,score_cap1,500.0,314.0,0.372,500.0,0.002,0.1125879976240791,500.0,321.0,0.358,445.0,0.024,0.1115143848868958,0.0,-7.0,0.014000000000000012,55.0,-0.022,0.001073612737183302,0.0,0.0,0.0,0.0,0.0,0.0,500.0,314.0,0.372,500.0,0.002,0.1125879976240791,500.0,314.0,0.372,500.0,0.002,0.1125879976240791,0.0,0.0,0.0,0.0,0.0,0.0
LIT_PCBA,ligand_only,ALDH1,ALDH1,0.7,500,weighted_bh,0.0,0.0,0.0,0.0,0.0,0.0,500.0,321.0,0.358,445.0,0.024,0.1115143848868958,-500.0,-321.0,-0.358,-445.0,-0.024,-0.1115143848868958,0.0,0.0,0.0,0.0,0.0,0.0,0.0,0.0,0.0,0.0,0.0,0.0,500.0,314.0,0.372,500.0,0.002,0.1125879976240791,-500.0,-314.0,-0.372,-500.0,-0.002,-0.1125879976240791
LIT_PCBA,ligand_only,ESR1_ant,ESR1_ant,0.7,10,bh,0.0,0.0,0.0,0.0,0.0,0.0,10.0,0.0,1.0,8.0,0.2,0.1196795504115105,-10.0,0.0,-1.0,-8.0,-0.2,-0.1196795504115105,0.0,0.0,0.0,0.0,0.0,0.0,0.0,0.0,0.0,0.0,0.0,0.0,10.0,0.0,1.0,10.0,0.1,0.0928831706041192,-10.0,0.0,-1.0,-10.0,-0.1,-0.0928831706041192
LIT_PCBA,ligand_only,ESR1_ant,ESR1_ant,0.7,10,chemdeprc_cap1,10.0,1.0,0.9,10.0,0.1,0.1034491574585961,10.0,0.0,1.0,8.0,0.2,0.1196795504115105,0.0,1.0,-0.09999999999999998,2.0,-0.1,-0.016230392952914396,0.0,0.0,0.0,0.0,0.0,0.0,10.0,1.0,0.9,10.0,0.1,0.1034491574585961,10.0,0.0,1.0,10.0,0.1,0.0928831706041192,0.0,1.0,-0.09999999999999998,0.0,0.0,0.010565986854476905
LIT_PCBA,ligand_only,ESR1_ant,ESR1_ant,0.7,10,chemdeprc_soft75,10.0,0.0,1.0,8.0,0.2,0.1288269847012437,10.0,0.0,1.0,8.0,0.2,0.1196795504115105,0.0,0.0,0.0,0.0,0.0,0.009147434289733206,0.0,0.0,0.0,0.0,0.0,0.0,10.0,0.0,1.0,8.0,0.2,0.1288269847012437,10.0,0.0,1.0,10.0,0.1,0.0928831706041192,0.0,0.0,0.0,-2.0,0.1,0.03594381409712451
LIT_PCBA,ligand_only,ESR1_ant,ESR1_ant,0.7,10,score_cap1,10.0,0.0,1.0,10.0,0.1,0.0928831706041192,10.0,0.0,1.0,8.0,0.2,0.1196795504115105,0.0,0.0,0.0,2.0,-0.1,-0.026796379807391302,0.0,0.0,0.0,0.0,0.0,0.0,10.0,0.0,1.0,10.0,0.1,0.0928831706041192,10.0,0.0,1.0,10.0,0.1,0.0928831706041192,0.0,0.0,0.0,0.0,0.0,0.0
LIT_PCBA,ligand_only,ESR1_ant,ESR1_ant,0.7,10,weighted_bh,0.0,0.0,0.0,0.0,0.0,0.0,10.0,0.0,1.0,8.0,0.2,0.1196795504115105,-10.0,0.0,-1.0,-8.0,-0.2,-0.1196795504115105,0.0,0.0,0.0,0.0,0.0,0.0,0.0,0.0,0.0,0.0,0.0,0.0,10.0,0.0,1.0,10.0,0.1,0.0928831706041192,-10.0,0.0,-1.0,-10.0,-0.1,-0.0928831706041192
LIT_PCBA,ligand_only,ESR1_ant,ESR1_ant,0.7,20,bh,0.0,0.0,0.0,0.0,0.0,0.0,20.0,1.0,0.95,16.0,0.1,0.1148818420478431,-20.0,-1.0,-0.95,-16.0,-0.1,-0.1148818420478431,0.0,0.0,0.0,0.0,0.0,0.0,0.0,0.0,0.0,0.0,0.0,0.0,20.0,1.0,0.95,20.0,0.05,0.1006199153247532,-20.0,-1.0,-0.95,-20.0,-0.05,-0.1006199153247532
LIT_PCBA,ligand_only,ESR1_ant,ESR1_ant,0.7,20,chemdeprc_cap1,11.0,1.0,0.9090909090909092,11.0,0.0909090909090909,0.1033725092202358,20.0,1.0,0.95,16.0,0.1,0.1148818420478431,-9.0,0.0,-0.040909090909090784,-5.0,-0.009090909090909108,-0.0115093328276073,0.0,0.0,0.0,0.0,0.0,0.0,11.0,1.0,0.9090909090909092,11.0,0.0909090909090909,0.1033725092202358,20.0,1.0,0.95,20.0,0.05,0.1006199153247532,-9.0,0.0,-0.040909090909090784,-9.0,0.040909090909090895,0.0027525938954826024
LIT_PCBA,ligand_only,ESR1_ant,ESR1_ant,0.7,20,chemdeprc_soft75,15.0,1.0,0.9333333333333332,11.0,0.2,0.1288505357315537,20.0,1.0,0.95,16.0,0.1,0.1148818420478431,-5.0,0.0,-0.01666666666666672,-5.0,0.1,0.013968693683710592,0.0,0.0,0.0,0.0,0.0,0.0,15.0,1.0,0.9333333333333332,11.0,0.2,0.1288505357315537,20.0,1.0,0.95,20.0,0.05,0.1006199153247532,-5.0,0.0,-0.01666666666666672,-9.0,0.15000000000000002,0.028230620406800494
LIT_PCBA,ligand_only,ESR1_ant,ESR1_ant,0.7,20,score_cap1,20.0,1.0,0.95,20.0,0.05,0.1006199153247532,20.0,1.0,0.95,16.0,0.1,0.1148818420478431,0.0,0.0,0.0,4.0,-0.05,-0.014261926723089902,0.0,0.0,0.0,0.0,0.0,0.0,20.0,1.0,0.95,20.0,0.05,0.1006199153247532,20.0,1.0,0.95,20.0,0.05,0.1006199153247532,0.0,0.0,0.0,0.0,0.0,0.0
LIT_PCBA,ligand_only,ESR1_ant,ESR1_ant,0.7,20,weighted_bh,0.0,0.0,0.0,0.0,0.0,0.0,20.0,1.0,0.95,16.0,0.1,0.1148818420478431,-20.0,-1.0,-0.95,-16.0,-0.1,-0.1148818420478431,0.0,0.0,0.0,0.0,0.0,0.0,0.0,0.0,0.0,0.0,0.0,0.0,20.0,1.0,0.95,20.0,0.05,0.1006199153247532,-20.0,-1.0,-0.95,-20.0,-0.05,-0.1006199153247532
LIT_PCBA,ligand_only,ESR1_ant,ESR1_ant,0.7,50,bh,0.0,0.0,0.0,0.0,0.0,0.0,50.0,2.0,0.96,38.0,0.1,0.1033118971548918,-50.0,-2.0,-0.96,-38.0,-0.1,-0.1033118971548918,0.0,0.0,0.0,0.0,0.0,0.0,0.0,0.0,0.0,0.0,0.0,0.0,50.0,2.0,0.96,50.0,0.02,0.1020590117124633,-50.0,-2.0,-0.96,-50.0,-0.02,-0.1020590117124633
LIT_PCBA,ligand_only,ESR1_ant,ESR1_ant,0.7,50,chemdeprc_cap1,11.0,1.0,0.9090909090909092,11.0,0.0909090909090909,0.1033725092202358,50.0,2.0,0.96,38.0,0.1,0.1033118971548918,-39.0,-1.0,-0.05090909090909079,-27.0,-0.009090909090909108,6.0612065344009536e-05,0.0,0.0,0.0,0.0,0.0,0.0,11.0,1.0,0.9090909090909092,11.0,0.0909090909090909,0.1033725092202358,50.0,2.0,0.96,50.0,0.02,0.1020590117124633,-39.0,-1.0,-0.05090909090909079,-39.0,0.0709090909090909,0.0013134975077725014
LIT_PCBA,ligand_only,ESR1_ant,ESR1_ant,0.7,50,chemdeprc_soft75,15.0,1.0,0.9333333333333332,11.0,0.2,0.1288505357315537,50.0,2.0,0.96,38.0,0.1,0.1033118971548918,-35.0,-1.0,-0.026666666666666727,-27.0,0.1,0.0255386385766619,0.0,0.0,0.0,0.0,0.0,0.0,15.0,1.0,0.9333333333333332,11.0,0.2,0.1288505357315537,50.0,2.0,0.96,50.0,0.02,0.1020590117124633,-35.0,-1.0,-0.026666666666666727,-39.0,0.18000000000000002,0.026791524019090393
LIT_PCBA,ligand_only,ESR1_ant,ESR1_ant,0.7,50,score_cap1,50.0,2.0,0.96,50.0,0.02,0.1020590117124633,50.0,2.0,0.96,38.0,0.1,0.1033118971548918,0.0,0.0,0.0,12.0,-0.08,-0.0012528854424284919,0.0,0.0,0.0,0.0,0.0,0.0,50.0,2.0,0.96,50.0,0.02,0.1020590117124633,50.0,2.0,0.96,50.0,0.02,0.1020590117124633,0.0,0.0,0.0,0.0,0.0,0.0
LIT_PCBA,ligand_only,ESR1_ant,ESR1_ant,0.7,50,weighted_bh,0.0,0.0,0.0,0.0,0.0,0.0,50.0,2.0,0.96,38.0,0.1,0.1033118971548918,-50.0,-2.0,-0.96,-38.0,-0.1,-0.1033118971548918,0.0,0.0,0.0,0.0,0.0,0.0,0.0,0.0,0.0,0.0,0.0,0.0,50.0,2.0,0.96,50.0,0.02,0.1020590117124633,-50.0,-2.0,-0.96,-50.0,-0.02,-0.1020590117124633
LIT_PCBA,ligand_only,ESR1_ant,ESR1_ant,0.7,100,bh,0.0,0.0,0.0,0.0,0.0,0.0,100.0,4.0,0.96,70.0,0.08,0.0991410726258023,-100.0,-4.0,-0.96,-70.0,-0.08,-0.0991410726258023,0.0,0.0,0.0,0.0,0.0,0.0,0.0,0.0,0.0,0.0,0.0,0.0,100.0,6.0,0.94,100.0,0.01,0.1018314579011146,-100.0,-6.0,-0.94,-100.0,-0.01,-0.1018314579011146
LIT_PCBA,ligand_only,ESR1_ant,ESR1_ant,0.7,100,chemdeprc_cap1,11.0,1.0,0.9090909090909092,11.0,0.0909090909090909,0.1033725092202358,100.0,4.0,0.96,70.0,0.08,0.0991410726258023,-89.0,-3.0,-0.05090909090909079,-59.0,0.010909090909090896,0.0042314365944335075,0.0,0.0,0.0,0.0,0.0,0.0,11.0,1.0,0.9090909090909092,11.0,0.0909090909090909,0.1033725092202358,100.0,6.0,0.94,100.0,0.01,0.1018314579011146,-89.0,-5.0,-0.030909090909090775,-89.0,0.0809090909090909,0.0015410513191212033
LIT_PCBA,ligand_only,ESR1_ant,ESR1_ant,0.7,100,chemdeprc_soft75,15.0,1.0,0.9333333333333332,11.0,0.2,0.1288505357315537,100.0,4.0,0.96,70.0,0.08,0.0991410726258023,-85.0,-3.0,-0.026666666666666727,-59.0,0.12000000000000001,0.0297094631057514,0.0,0.0,0.0,0.0,0.0,0.0,15.0,1.0,0.9333333333333332,11.0,0.2,0.1288505357315537,100.0,6.0,0.94,100.0,0.01,0.1018314579011146,-85.0,-5.0,-0.00666666666666671,-89.0,0.19,0.027019077830439095
LIT_PCBA,ligand_only,ESR1_ant,ESR1_ant,0.7,100,score_cap1,100.0,6.0,0.94,100.0,0.01,0.1018314579011146,100.0,4.0,0.96,70.0,0.08,0.0991410726258023,0.0,2.0,-0.020000000000000018,30.0,-0.07,0.002690385275312304,0.0,0.0,0.0,0.0,0.0,0.0,100.0,6.0,0.94,100.0,0.01,0.1018314579011146,100.0,6.0,0.94,100.0,0.01,0.1018314579011146,0.0,0.0,0.0,0.0,0.0,0.0
LIT_PCBA,ligand_only,ESR1_ant,ESR1_ant,0.7,100,weighted_bh,0.0,0.0,0.0,0.0,0.0,0.0,100.0,4.0,0.96,70.0,0.08,0.0991410726258023,-100.0,-4.0,-0.96,-70.0,-0.08,-0.0991410726258023,0.0,0.0,0.0,0.0,0.0,0.0,0.0,0.0,0.0,0.0,0.0,0.0,100.0,6.0,0.94,100.0,0.01,0.1018314579011146,-100.0,-6.0,-0.94,-100.0,-0.01,-0.1018314579011146
LIT_PCBA,ligand_only,ESR1_ant,ESR1_ant,0.7,200,bh,0.0,0.0,0.0,0.0,0.0,0.0,200.0,11.0,0.945,136.0,0.065,0.1004820458415729,-200.0,-11.0,-0.945,-136.0,-0.065,-0.1004820458415729,0.0,0.0,0.0,0.0,0.0,0.0,0.0,0.0,0.0,0.0,0.0,0.0,200.0,16.0,0.92,200.0,0.005,0.1003599177381844,-200.0,-16.0,-0.92,-200.0,-0.005,-0.1003599177381844
LIT_PCBA,ligand_only,ESR1_ant,ESR1_ant,0.7,200,chemdeprc_cap1,11.0,1.0,0.9090909090909092,11.0,0.0909090909090909,0.1033725092202358,200.0,11.0,0.945,136.0,0.065,0.1004820458415729,-189.0,-10.0,-0.03590909090909078,-125.0,0.025909090909090896,0.0028904633786629025,0.0,0.0,0.0,0.0,0.0,0.0,11.0,1.0,0.9090909090909092,11.0,0.0909090909090909,0.1033725092202358,200.0,16.0,0.92,200.0,0.005,0.1003599177381844,-189.0,-15.0,-0.010909090909090868,-189.0,0.0859090909090909,0.0030125914820514077
LIT_PCBA,ligand_only,ESR1_ant,ESR1_ant,0.7,200,chemdeprc_soft75,15.0,1.0,0.9333333333333332,11.0,0.2,0.1288505357315537,200.0,11.0,0.945,136.0,0.065,0.1004820458415729,-185.0,-10.0,-0.011666666666666714,-125.0,0.135,0.028368489889980794,0.0,0.0,0.0,0.0,0.0,0.0,15.0,1.0,0.9333333333333332,11.0,0.2,0.1288505357315537,200.0,16.0,0.92,200.0,0.005,0.1003599177381844,-185.0,-15.0,0.013333333333333197,-189.0,0.195,0.0284906179933693
LIT_PCBA,ligand_only,ESR1_ant,ESR1_ant,0.7,200,score_cap1,200.0,16.0,0.92,200.0,0.005,0.1003599177381844,200.0,11.0,0.945,136.0,0.065,0.1004820458415729,0.0,5.0,-0.02499999999999991,64.0,-0.060000000000000005,-0.00012212810338850522,0.0,0.0,0.0,0.0,0.0,0.0,200.0,16.0,0.92,200.0,0.005,0.1003599177381844,200.0,16.0,0.92,200.0,0.005,0.1003599177381844,0.0,0.0,0.0,0.0,0.0,0.0
LIT_PCBA,ligand_only,ESR1_ant,ESR1_ant,0.7,200,weighted_bh,0.0,0.0,0.0,0.0,0.0,0.0,200.0,11.0,0.945,136.0,0.065,0.1004820458415729,-200.0,-11.0,-0.945,-136.0,-0.065,-0.1004820458415729,0.0,0.0,0.0,0.0,0.0,0.0,0.0,0.0,0.0,0.0,0.0,0.0,200.0,16.0,0.92,200.0,0.005,0.1003599177381844,-200.0,-16.0,-0.92,-200.0,-0.005,-0.1003599177381844
LIT_PCBA,ligand_only,ESR1_ant,ESR1_ant,0.7,500,bh,0.0,0.0,0.0,0.0,0.0,0.0,500.0,30.0,0.94,316.0,0.074,0.0968631880789946,-500.0,-30.0,-0.94,-316.0,-0.074,-0.0968631880789946,0.0,0.0,0.0,0.0,0.0,0.0,0.0,0.0,0.0,0.0,0.0,0.0,500.0,36.0,0.928,500.0,0.002,0.0956414817484236,-500.0,-36.0,-0.928,-500.0,-0.002,-0.0956414817484236
LIT_PCBA,ligand_only,ESR1_ant,ESR1_ant,0.7,500,chemdeprc_cap1,11.0,1.0,0.9090909090909092,11.0,0.0909090909090909,0.1033725092202358,500.0,30.0,0.94,316.0,0.074,0.0968631880789946,-489.0,-29.0,-0.030909090909090775,-305.0,0.0169090909090909,0.006509321141241198,0.0,0.0,0.0,0.0,0.0,0.0,11.0,1.0,0.9090909090909092,11.0,0.0909090909090909,0.1033725092202358,500.0,36.0,0.928,500.0,0.002,0.0956414817484236,-489.0,-35.0,-0.018909090909090875,-489.0,0.0889090909090909,0.007731027471812202
LIT_PCBA,ligand_only,ESR1_ant,ESR1_ant,0.7,500,chemdeprc_soft75,15.0,1.0,0.9333333333333332,11.0,0.2,0.1288505357315537,500.0,30.0,0.94,316.0,0.074,0.0968631880789946,-485.0,-29.0,-0.00666666666666671,-305.0,0.126,0.03198734765255909,0.0,0.0,0.0,0.0,0.0,0.0,15.0,1.0,0.9333333333333332,11.0,0.2,0.1288505357315537,500.0,36.0,0.928,500.0,0.002,0.0956414817484236,-485.0,-35.0,0.00533333333333319,-489.0,0.198,0.033209053983130093
LIT_PCBA,ligand_only,ESR1_ant,ESR1_ant,0.7,500,score_cap1,500.0,36.0,0.928,500.0,0.002,0.0956414817484236,500.0,30.0,0.94,316.0,0.074,0.0968631880789946,0.0,6.0,-0.0119999999999999,184.0,-0.072,-0.001221706330571004,0.0,0.0,0.0,0.0,0.0,0.0,500.0,36.0,0.928,500.0,0.002,0.0956414817484236,500.0,36.0,0.928,500.0,0.002,0.0956414817484236,0.0,0.0,0.0,0.0,0.0,0.0
LIT_PCBA,ligand_only,ESR1_ant,ESR1_ant,0.7,500,weighted_bh,0.0,0.0,0.0,0.0,0.0,0.0,500.0,30.0,0.94,316.0,0.074,0.0968631880789946,-500.0,-30.0,-0.94,-316.0,-0.074,-0.0968631880789946,0.0,0.0,0.0,0.0,0.0,0.0,0.0,0.0,0.0,0.0,0.0,0.0,500.0,36.0,0.928,500.0,0.002,0.0956414817484236,-500.0,-36.0,-0.928,-500.0,-0.002,-0.0956414817484236
LIT_PCBA,ligand_only,MAPK1,MAPK1,0.7,10,bh,10.0,0.0,1.0,10.0,0.1,0.101565177908403,10.0,0.0,1.0,10.0,0.1,0.101565177908403,0.0,0.0,0.0,0.0,0.0,0.0,10.0,0.0,1.0,10.0,0.1,0.101565177908403,0.0,0.0,0.0,0.0,0.0,0.0,10.0,0.0,1.0,10.0,0.1,0.101565177908403,0.0,0.0,0.0,0.0,0.0,0.0
LIT_PCBA,ligand_only,MAPK1,MAPK1,0.7,10,chemdeprc_cap1,10.0,0.0,1.0,10.0,0.1,0.1050964460756665,10.0,0.0,1.0,10.0,0.1,0.101565177908403,0.0,0.0,0.0,0.0,0.0,0.003531268167263499,10.0,0.0,1.0,10.0,0.1,0.101565177908403,0.0,0.0,0.0,0.0,0.0,0.003531268167263499,10.0,0.0,1.0,10.0,0.1,0.101565177908403,0.0,0.0,0.0,0.0,0.0,0.003531268167263499
LIT_PCBA,ligand_only,MAPK1,MAPK1,0.7,10,chemdeprc_soft75,8.0,0.0,1.0,8.0,0.125,0.1001396899001094,10.0,0.0,1.0,10.0,0.1,0.101565177908403,-2.0,0.0,0.0,-2.0,0.024999999999999994,-0.0014254880082936044,10.0,0.0,1.0,10.0,0.1,0.101565177908403,-2.0,0.0,0.0,-2.0,0.024999999999999994,-0.0014254880082936044,10.0,0.0,1.0,10.0,0.1,0.101565177908403,-2.0,0.0,0.0,-2.0,0.024999999999999994,-0.0014254880082936044
LIT_PCBA,ligand_only,MAPK1,MAPK1,0.7,10,score_cap1,10.0,0.0,1.0,10.0,0.1,0.101565177908403,10.0,0.0,1.0,10.0,0.1,0.101565177908403,0.0,0.0,0.0,0.0,0.0,0.0,10.0,0.0,1.0,10.0,0.1,0.101565177908403,0.0,0.0,0.0,0.0,0.0,0.0,10.0,0.0,1.0,10.0,0.1,0.101565177908403,0.0,0.0,0.0,0.0,0.0,0.0
LIT_PCBA,ligand_only,MAPK1,MAPK1,0.7,10,weighted_bh,10.0,0.0,1.0,10.0,0.1,0.1050964460756665,10.0,0.0,1.0,10.0,0.1,0.101565177908403,0.0,0.0,0.0,0.0,0.0,0.003531268167263499,10.0,0.0,1.0,10.0,0.1,0.101565177908403,0.0,0.0,0.0,0.0,0.0,0.003531268167263499,10.0,0.0,1.0,10.0,0.1,0.101565177908403,0.0,0.0,0.0,0.0,0.0,0.003531268167263499
LIT_PCBA,ligand_only,MAPK1,MAPK1,0.7,20,bh,20.0,4.0,0.8,20.0,0.05,0.1138114703689724,20.0,4.0,0.8,20.0,0.05,0.1138114703689724,0.0,0.0,0.0,0.0,0.0,0.0,20.0,4.0,0.8,20.0,0.05,0.1138114703689724,0.0,0.0,0.0,0.0,0.0,0.0,20.0,4.0,0.8,20.0,0.05,0.1138114703689724,0.0,0.0,0.0,0.0,0.0,0.0
LIT_PCBA,ligand_only,MAPK1,MAPK1,0.7,20,chemdeprc_cap1,20.0,2.0,0.9,20.0,0.05,0.1013255086323706,20.0,4.0,0.8,20.0,0.05,0.1138114703689724,0.0,-2.0,0.09999999999999998,0.0,0.0,-0.012485961736601811,20.0,4.0,0.8,20.0,0.05,0.1138114703689724,0.0,-2.0,0.09999999999999998,0.0,0.0,-0.012485961736601811,20.0,4.0,0.8,20.0,0.05,0.1138114703689724,0.0,-2.0,0.09999999999999998,0.0,0.0,-0.012485961736601811
LIT_PCBA,ligand_only,MAPK1,MAPK1,0.7,20,chemdeprc_soft75,16.0,3.0,0.8125,15.0,0.125,0.1051125853172646,20.0,4.0,0.8,20.0,0.05,0.1138114703689724,-4.0,-1.0,0.012499999999999956,-5.0,0.075,-0.008698885051707808,20.0,4.0,0.8,20.0,0.05,0.1138114703689724,-4.0,-1.0,0.012499999999999956,-5.0,0.075,-0.008698885051707808,20.0,4.0,0.8,20.0,0.05,0.1138114703689724,-4.0,-1.0,0.012499999999999956,-5.0,0.075,-0.008698885051707808
LIT_PCBA,ligand_only,MAPK1,MAPK1,0.7,20,score_cap1,20.0,4.0,0.8,20.0,0.05,0.1138114703689724,20.0,4.0,0.8,20.0,0.05,0.1138114703689724,0.0,0.0,0.0,0.0,0.0,0.0,20.0,4.0,0.8,20.0,0.05,0.1138114703689724,0.0,0.0,0.0,0.0,0.0,0.0,20.0,4.0,0.8,20.0,0.05,0.1138114703689724,0.0,0.0,0.0,0.0,0.0,0.0
LIT_PCBA,ligand_only,MAPK1,MAPK1,0.7,20,weighted_bh,20.0,1.0,0.95,20.0,0.05,0.103965639244645,20.0,4.0,0.8,20.0,0.05,0.1138114703689724,0.0,-3.0,0.1499999999999999,0.0,0.0,-0.009845831124327409,20.0,4.0,0.8,20.0,0.05,0.1138114703689724,0.0,-3.0,0.1499999999999999,0.0,0.0,-0.009845831124327409,20.0,4.0,0.8,20.0,0.05,0.1138114703689724,0.0,-3.0,0.1499999999999999,0.0,0.0,-0.009845831124327409
LIT_PCBA,ligand_only,MAPK1,MAPK1,0.7,50,bh,50.0,6.0,0.88,47.0,0.04,0.1149317780406762,50.0,6.0,0.88,47.0,0.04,0.1149317780406762,0.0,0.0,0.0,0.0,0.0,0.0,50.0,6.0,0.88,47.0,0.04,0.1149317780406762,0.0,0.0,0.0,0.0,0.0,0.0,50.0,4.0,0.92,50.0,0.02,0.1161972237376069,0.0,2.0,-0.040000000000000036,-3.0,0.02,-0.0012654456969306976
LIT_PCBA,ligand_only,MAPK1,MAPK1,0.7,50,chemdeprc_cap1,39.0,3.0,0.9230769230769232,39.0,0.0256410256410256,0.1081656294305141,50.0,6.0,0.88,47.0,0.04,0.1149317780406762,-11.0,-3.0,0.043076923076923235,-8.0,-0.014358974358974402,-0.006766148610162101,50.0,6.0,0.88,47.0,0.04,0.1149317780406762,-11.0,-3.0,0.043076923076923235,-8.0,-0.014358974358974402,-0.006766148610162101,50.0,4.0,0.92,50.0,0.02,0.1161972237376069,-11.0,-1.0,0.0030769230769231992,-11.0,0.005641025641025598,-0.008031594307092799
LIT_PCBA,ligand_only,MAPK1,MAPK1,0.7,50,chemdeprc_soft75,42.0,5.0,0.8809523809523809,38.0,0.0476190476190476,0.1091865657570455,50.0,6.0,0.88,47.0,0.04,0.1149317780406762,-8.0,-1.0,0.0009523809523809268,-9.0,0.007619047619047602,-0.005745212283630702,50.0,6.0,0.88,47.0,0.04,0.1149317780406762,-8.0,-1.0,0.0009523809523809268,-9.0,0.007619047619047602,-0.005745212283630702,50.0,4.0,0.92,50.0,0.02,0.1161972237376069,-8.0,1.0,-0.03904761904761911,-12.0,0.027619047619047602,-0.0070106579805613994
LIT_PCBA,ligand_only,MAPK1,MAPK1,0.7,50,score_cap1,50.0,4.0,0.92,50.0,0.02,0.1161972237376069,50.0,6.0,0.88,47.0,0.04,0.1149317780406762,0.0,-2.0,0.040000000000000036,3.0,-0.02,0.0012654456969306976,50.0,6.0,0.88,47.0,0.04,0.1149317780406762,0.0,-2.0,0.040000000000000036,3.0,-0.02,0.0012654456969306976,50.0,4.0,0.92,50.0,0.02,0.1161972237376069,0.0,0.0,0.0,0.0,0.0,0.0
LIT_PCBA,ligand_only,MAPK1,MAPK1,0.7,50,weighted_bh,36.0,1.0,0.9722222222222222,36.0,0.0277777777777777,0.106369073117155,50.0,6.0,0.88,47.0,0.04,0.1149317780406762,-14.0,-5.0,0.0922222222222222,-11.0,-0.012222222222222301,-0.008562704923521194,50.0,6.0,0.88,47.0,0.04,0.1149317780406762,-14.0,-5.0,0.0922222222222222,-11.0,-0.012222222222222301,-0.008562704923521194,50.0,4.0,0.92,50.0,0.02,0.1161972237376069,-14.0,-3.0,0.05222222222222217,-14.0,0.0077777777777776995,-0.009828150620451892
LIT_PCBA,ligand_only,MAPK1,MAPK1,0.7,100,bh,51.0,6.0,0.8823529411764706,48.0,0.0392156862745098,0.1155847500175547,100.0,11.0,0.89,94.0,0.02,0.1139548390234816,-49.0,-5.0,-0.007647058823529451,-46.0,0.019215686274509803,0.0016299109940731,51.0,6.0,0.8823529411764706,48.0,0.0392156862745098,0.1155847500175547,0.0,0.0,0.0,0.0,0.0,0.0,100.0,8.0,0.92,100.0,0.01,0.1126304179902562,-49.0,-2.0,-0.03764705882352948,-52.0,0.0292156862745098,0.002954332027298487
LIT_PCBA,ligand_only,MAPK1,MAPK1,0.7,100,chemdeprc_cap1,39.0,3.0,0.9230769230769232,39.0,0.0256410256410256,0.1081656294305141,100.0,11.0,0.89,94.0,0.02,0.1139548390234816,-61.0,-8.0,0.033076923076923226,-55.0,0.005641025641025598,-0.005789209592967498,51.0,6.0,0.8823529411764706,48.0,0.0392156862745098,0.1155847500175547,-12.0,-3.0,0.04072398190045268,-9.0,-0.013574660633484205,-0.007419120587040598,100.0,8.0,0.92,100.0,0.01,0.1126304179902562,-61.0,-5.0,0.0030769230769231992,-61.0,0.015641025641025597,-0.004464788559742111
LIT_PCBA,ligand_only,MAPK1,MAPK1,0.7,100,chemdeprc_soft75,43.0,5.0,0.8837209302325582,39.0,0.0465116279069767,0.1097927659792104,100.0,11.0,0.89,94.0,0.02,0.1139548390234816,-57.0,-6.0,-0.006279069767441858,-55.0,0.0265116279069767,-0.0041620730442712,51.0,6.0,0.8823529411764706,48.0,0.0392156862745098,0.1155847500175547,-8.0,-1.0,0.001367989056087593,-9.0,0.0072959416324668985,-0.0057919840383443,100.0,8.0,0.92,100.0,0.01,0.1126304179902562,-57.0,-3.0,-0.036279069767441885,-61.0,0.0365116279069767,-0.002837652011045813
LIT_PCBA,ligand_only,MAPK1,MAPK1,0.7,100,score_cap1,100.0,8.0,0.92,100.0,0.01,0.1126304179902562,100.0,11.0,0.89,94.0,0.02,0.1139548390234816,0.0,-3.0,0.030000000000000027,6.0,-0.01,-0.001324421033225387,51.0,6.0,0.8823529411764706,48.0,0.0392156862745098,0.1155847500175547,49.0,2.0,0.03764705882352948,52.0,-0.0292156862745098,-0.002954332027298487,100.0,8.0,0.92,100.0,0.01,0.1126304179902562,0.0,0.0,0.0,0.0,0.0,0.0
LIT_PCBA,ligand_only,MAPK1,MAPK1,0.7,100,weighted_bh,36.0,1.0,0.9722222222222222,36.0,0.0277777777777777,0.106369073117155,100.0,11.0,0.89,94.0,0.02,0.1139548390234816,-64.0,-10.0,0.0822222222222222,-58.0,0.0077777777777776995,-0.007585765906326591,51.0,6.0,0.8823529411764706,48.0,0.0392156862745098,0.1155847500175547,-15.0,-5.0,0.08986928104575165,-12.0,-0.011437908496732103,-0.009215676900399691,100.0,8.0,0.92,100.0,0.01,0.1126304179902562,-64.0,-7.0,0.05222222222222217,-64.0,0.017777777777777698,-0.0062613448731012045
LIT_PCBA,ligand_only,MAPK1,MAPK1,0.7,200,bh,51.0,6.0,0.8823529411764706,48.0,0.0392156862745098,0.1155847500175547,200.0,18.0,0.91,189.0,0.015,0.1149340796706357,-149.0,-12.0,-0.02764705882352947,-141.0,0.024215686274509804,0.0006506703469189995,51.0,6.0,0.8823529411764706,48.0,0.0392156862745098,0.1155847500175547,0.0,0.0,0.0,0.0,0.0,0.0,200.0,16.0,0.92,200.0,0.005,0.1139820528882372,-149.0,-10.0,-0.03764705882352948,-152.0,0.034215686274509806,0.0016026971293174874
LIT_PCBA,ligand_only,MAPK1,MAPK1,0.7,200,chemdeprc_cap1,39.0,3.0,0.9230769230769232,39.0,0.0256410256410256,0.1081656294305141,200.0,18.0,0.91,189.0,0.015,0.1149340796706357,-161.0,-15.0,0.013076923076923208,-150.0,0.010641025641025599,-0.0067684502401215985,51.0,6.0,0.8823529411764706,48.0,0.0392156862745098,0.1155847500175547,-12.0,-3.0,0.04072398190045268,-9.0,-0.013574660633484205,-0.007419120587040598,200.0,16.0,0.92,200.0,0.005,0.1139820528882372,-161.0,-13.0,0.0030769230769231992,-161.0,0.020641025641025598,-0.0058164234577231105
LIT_PCBA,ligand_only,MAPK1,MAPK1,0.7,200,chemdeprc_soft75,43.0,5.0,0.8837209302325582,39.0,0.0465116279069767,0.1097927659792104,200.0,18.0,0.91,189.0,0.015,0.1149340796706357,-157.0,-13.0,-0.026279069767441876,-150.0,0.0315116279069767,-0.0051413136914253005,51.0,6.0,0.8823529411764706,48.0,0.0392156862745098,0.1155847500175547,-8.0,-1.0,0.001367989056087593,-9.0,0.0072959416324668985,-0.0057919840383443,200.0,16.0,0.92,200.0,0.005,0.1139820528882372,-157.0,-11.0,-0.036279069767441885,-161.0,0.041511627906976704,-0.0041892869090268126
LIT_PCBA,ligand_only,MAPK1,MAPK1,0.7,200,score_cap1,200.0,16.0,0.92,200.0,0.005,0.1139820528882372,200.0,18.0,0.91,189.0,0.015,0.1149340796706357,0.0,-2.0,0.010000000000000009,11.0,-0.009999999999999998,-0.0009520267823984879,51.0,6.0,0.8823529411764706,48.0,0.0392156862745098,0.1155847500175547,149.0,10.0,0.03764705882352948,152.0,-0.034215686274509806,-0.0016026971293174874,200.0,16.0,0.92,200.0,0.005,0.1139820528882372,0.0,0.0,0.0,0.0,0.0,0.0
LIT_PCBA,ligand_only,MAPK1,MAPK1,0.7,200,weighted_bh,36.0,1.0,0.9722222222222222,36.0,0.0277777777777777,0.106369073117155,200.0,18.0,0.91,189.0,0.015,0.1149340796706357,-164.0,-17.0,0.06222222222222218,-153.0,0.0127777777777777,-0.008565006553480692,51.0,6.0,0.8823529411764706,48.0,0.0392156862745098,0.1155847500175547,-15.0,-5.0,0.08986928104575165,-12.0,-0.011437908496732103,-0.009215676900399691,200.0,16.0,0.92,200.0,0.005,0.1139820528882372,-164.0,-15.0,0.05222222222222217,-164.0,0.0227777777777777,-0.007612979771082204
LIT_PCBA,ligand_only,MAPK1,MAPK1,0.7,500,bh,51.0,6.0,0.8823529411764706,48.0,0.0392156862745098,0.1155847500175547,500.0,49.0,0.902,466.0,0.018,0.115226400048611,-449.0,-43.0,-0.019647058823529462,-418.0,0.021215686274509805,0.00035834996894369697,51.0,6.0,0.8823529411764706,48.0,0.0392156862745098,0.1155847500175547,0.0,0.0,0.0,0.0,0.0,0.0,500.0,46.0,0.908,500.0,0.002,0.1163355789723124,-449.0,-40.0,-0.025647058823529467,-452.0,0.0372156862745098,-0.0007508289547577124
LIT_PCBA,ligand_only,MAPK1,MAPK1,0.7,500,chemdeprc_cap1,39.0,3.0,0.9230769230769232,39.0,0.0256410256410256,0.1081656294305141,500.0,49.0,0.902,466.0,0.018,0.115226400048611,-461.0,-46.0,0.021076923076923215,-427.0,0.0076410256410256,-0.007060770618096901,51.0,6.0,0.8823529411764706,48.0,0.0392156862745098,0.1155847500175547,-12.0,-3.0,0.04072398190045268,-9.0,-0.013574660633484205,-0.007419120587040598,500.0,46.0,0.908,500.0,0.002,0.1163355789723124,-461.0,-43.0,0.01507692307692321,-461.0,0.023641025641025597,-0.00816994954179831
LIT_PCBA,ligand_only,MAPK1,MAPK1,0.7,500,chemdeprc_soft75,43.0,5.0,0.8837209302325582,39.0,0.0465116279069767,0.1097927659792104,500.0,49.0,0.902,466.0,0.018,0.115226400048611,-457.0,-44.0,-0.01827906976744187,-427.0,0.028511627906976703,-0.005433634069400603,51.0,6.0,0.8823529411764706,48.0,0.0392156862745098,0.1155847500175547,-8.0,-1.0,0.001367989056087593,-9.0,0.0072959416324668985,-0.0057919840383443,500.0,46.0,0.908,500.0,0.002,0.1163355789723124,-457.0,-41.0,-0.024279069767441874,-461.0,0.0445116279069767,-0.006542812993102012
LIT_PCBA,ligand_only,MAPK1,MAPK1,0.7,500,score_cap1,500.0,46.0,0.908,500.0,0.002,0.1163355789723124,500.0,49.0,0.902,466.0,0.018,0.115226400048611,0.0,-3.0,0.006000000000000005,34.0,-0.016,0.0011091789237014094,51.0,6.0,0.8823529411764706,48.0,0.0392156862745098,0.1155847500175547,449.0,40.0,0.025647058823529467,452.0,-0.0372156862745098,0.0007508289547577124,500.0,46.0,0.908,500.0,0.002,0.1163355789723124,0.0,0.0,0.0,0.0,0.0,0.0
LIT_PCBA,ligand_only,MAPK1,MAPK1,0.7,500,weighted_bh,36.0,1.0,0.9722222222222222,36.0,0.0277777777777777,0.106369073117155,500.0,49.0,0.902,466.0,0.018,0.115226400048611,-464.0,-48.0,0.07022222222222219,-430.0,0.009777777777777701,-0.008857326931455994,51.0,6.0,0.8823529411764706,48.0,0.0392156862745098,0.1155847500175547,-15.0,-5.0,0.08986928104575165,-12.0,-0.011437908496732103,-0.009215676900399691,500.0,46.0,0.908,500.0,0.002,0.1163355789723124,-464.0,-45.0,0.06422222222222218,-464.0,0.025777777777777698,-0.009966505855157404
LIT_PCBA,ligand_only,MTORC1,MTORC1,0.7,10,bh,10.0,0.0,1.0,9.0,0.2,0.1681774629489923,10.0,0.0,1.0,9.0,0.2,0.1681774629489923,0.0,0.0,0.0,0.0,0.0,0.0,10.0,0.0,1.0,9.0,0.2,0.1681774629489923,0.0,0.0,0.0,0.0,0.0,0.0,10.0,0.0,1.0,10.0,0.1,0.1497952727277362,0.0,0.0,0.0,-1.0,0.1,0.01838219022125609
LIT_PCBA,ligand_only,MTORC1,MTORC1,0.7,10,chemdeprc_cap1,10.0,0.0,1.0,10.0,0.1,0.1421023618867775,10.0,0.0,1.0,9.0,0.2,0.1681774629489923,0.0,0.0,0.0,1.0,-0.1,-0.026075101062214806,10.0,0.0,1.0,9.0,0.2,0.1681774629489923,0.0,0.0,0.0,1.0,-0.1,-0.026075101062214806,10.0,0.0,1.0,10.0,0.1,0.1497952727277362,0.0,0.0,0.0,0.0,0.0,-0.007692910840958717
LIT_PCBA,ligand_only,MTORC1,MTORC1,0.7,10,chemdeprc_soft75,9.0,0.0,1.0,8.0,0.2222222222222222,0.1619500860315437,10.0,0.0,1.0,9.0,0.2,0.1681774629489923,-1.0,0.0,0.0,-1.0,0.0222222222222222,-0.006227376917448596,10.0,0.0,1.0,9.0,0.2,0.1681774629489923,-1.0,0.0,0.0,-1.0,0.0222222222222222,-0.006227376917448596,10.0,0.0,1.0,10.0,0.1,0.1497952727277362,-1.0,0.0,0.0,-2.0,0.1222222222222222,0.012154813303807493
LIT_PCBA,ligand_only,MTORC1,MTORC1,0.7,10,score_cap1,10.0,0.0,1.0,10.0,0.1,0.1497952727277362,10.0,0.0,1.0,9.0,0.2,0.1681774629489923,0.0,0.0,0.0,1.0,-0.1,-0.01838219022125609,10.0,0.0,1.0,9.0,0.2,0.1681774629489923,0.0,0.0,0.0,1.0,-0.1,-0.01838219022125609,10.0,0.0,1.0,10.0,0.1,0.1497952727277362,0.0,0.0,0.0,0.0,0.0,0.0
LIT_PCBA,ligand_only,MTORC1,MTORC1,0.7,10,weighted_bh,10.0,0.0,1.0,10.0,0.1,0.1460875012811577,10.0,0.0,1.0,9.0,0.2,0.1681774629489923,0.0,0.0,0.0,1.0,-0.1,-0.022089961667834612,10.0,0.0,1.0,9.0,0.2,0.1681774629489923,0.0,0.0,0.0,1.0,-0.1,-0.022089961667834612,10.0,0.0,1.0,10.0,0.1,0.1497952727277362,0.0,0.0,0.0,0.0,0.0,-0.0037077714465785228
LIT_PCBA,ligand_only,MTORC1,MTORC1,0.7,20,bh,20.0,0.0,1.0,18.0,0.1,0.1414565460362079,20.0,0.0,1.0,18.0,0.1,0.141456546036208,0.0,0.0,0.0,0.0,0.0,-1.1102230246251565e-16,20.0,0.0,1.0,18.0,0.1,0.1414565460362079,0.0,0.0,0.0,0.0,0.0,0.0,20.0,0.0,1.0,20.0,0.05,0.136497222394876,0.0,0.0,0.0,-2.0,0.05,0.004959323641331892
LIT_PCBA,ligand_only,MTORC1,MTORC1,0.7,20,chemdeprc_cap1,20.0,0.0,1.0,20.0,0.05,0.145937138103104,20.0,0.0,1.0,18.0,0.1,0.141456546036208,0.0,0.0,0.0,2.0,-0.05,0.004480592066895994,20.0,0.0,1.0,18.0,0.1,0.1414565460362079,0.0,0.0,0.0,2.0,-0.05,0.004480592066896105,20.0,0.0,1.0,20.0,0.05,0.136497222394876,0.0,0.0,0.0,0.0,0.0,0.009439915708227997
LIT_PCBA,ligand_only,MTORC1,MTORC1,0.7,20,chemdeprc_soft75,20.0,0.0,1.0,15.0,0.1,0.156672835794644,20.0,0.0,1.0,18.0,0.1,0.141456546036208,0.0,0.0,0.0,-3.0,0.0,0.015216289758436002,20.0,0.0,1.0,18.0,0.1,0.1414565460362079,0.0,0.0,0.0,-3.0,0.0,0.015216289758436113,20.0,0.0,1.0,20.0,0.05,0.136497222394876,0.0,0.0,0.0,-5.0,0.05,0.020175613399768005
LIT_PCBA,ligand_only,MTORC1,MTORC1,0.7,20,score_cap1,20.0,0.0,1.0,20.0,0.05,0.136497222394876,20.0,0.0,1.0,18.0,0.1,0.141456546036208,0.0,0.0,0.0,2.0,-0.05,-0.004959323641332003,20.0,0.0,1.0,18.0,0.1,0.1414565460362079,0.0,0.0,0.0,2.0,-0.05,-0.004959323641331892,20.0,0.0,1.0,20.0,0.05,0.136497222394876,0.0,0.0,0.0,0.0,0.0,0.0
LIT_PCBA,ligand_only,MTORC1,MTORC1,0.7,20,weighted_bh,20.0,0.0,1.0,19.0,0.1,0.1459079610813237,20.0,0.0,1.0,18.0,0.1,0.141456546036208,0.0,0.0,0.0,1.0,0.0,0.004451415045115703,20.0,0.0,1.0,18.0,0.1,0.1414565460362079,0.0,0.0,0.0,1.0,0.0,0.004451415045115814,20.0,0.0,1.0,20.0,0.05,0.136497222394876,0.0,0.0,0.0,-1.0,0.05,0.009410738686447706
LIT_PCBA,ligand_only,MTORC1,MTORC1,0.7,50,bh,30.0,0.0,1.0,26.0,0.0666666666666666,0.1562253573883044,50.0,0.0,1.0,45.0,0.06,0.1522674758688107,-20.0,0.0,0.0,-19.0,0.006666666666666599,0.0039578815194936945,30.0,0.0,1.0,26.0,0.0666666666666666,0.1562253573883044,0.0,0.0,0.0,0.0,0.0,0.0,50.0,1.0,0.98,50.0,0.02,0.148746736577833,-20.0,-1.0,0.020000000000000018,-24.0,0.04666666666666659,0.007478620810471404
LIT_PCBA,ligand_only,MTORC1,MTORC1,0.7,50,chemdeprc_cap1,23.0,0.0,1.0,23.0,0.0434782608695652,0.143342217843621,50.0,0.0,1.0,45.0,0.06,0.1522674758688107,-27.0,0.0,0.0,-22.0,-0.016521739130434795,-0.008925258025189703,30.0,0.0,1.0,26.0,0.0666666666666666,0.1562253573883044,-7.0,0.0,0.0,-3.0,-0.023188405797101394,-0.012883139544683397,50.0,1.0,0.98,50.0,0.02,0.148746736577833,-27.0,-1.0,0.020000000000000018,-27.0,0.023478260869565202,-0.005404518734211994
LIT_PCBA,ligand_only,MTORC1,MTORC1,0.7,50,chemdeprc_soft75,38.0,0.0,1.0,23.0,0.0789473684210526,0.156962932318271,50.0,0.0,1.0,45.0,0.06,0.1522674758688107,-12.0,0.0,0.0,-22.0,0.0189473684210526,0.004695456449460289,30.0,0.0,1.0,26.0,0.0666666666666666,0.1562253573883044,8.0,0.0,0.0,-3.0,0.012280701754386003,0.0007375749299665946,50.0,1.0,0.98,50.0,0.02,0.148746736577833,-12.0,-1.0,0.020000000000000018,-27.0,0.058947368421052596,0.008216195740437998
LIT_PCBA,ligand_only,MTORC1,MTORC1,0.7,50,score_cap1,50.0,1.0,0.98,50.0,0.02,0.148746736577833,50.0,0.0,1.0,45.0,0.06,0.1522674758688107,0.0,1.0,-0.020000000000000018,5.0,-0.039999999999999994,-0.003520739290977709,30.0,0.0,1.0,26.0,0.0666666666666666,0.1562253573883044,20.0,1.0,-0.020000000000000018,24.0,-0.04666666666666659,-0.007478620810471404,50.0,1.0,0.98,50.0,0.02,0.148746736577833,0.0,0.0,0.0,0.0,0.0,0.0
LIT_PCBA,ligand_only,MTORC1,MTORC1,0.7,50,weighted_bh,24.0,0.0,1.0,22.0,0.0833333333333333,0.1455024294374793,50.0,0.0,1.0,45.0,0.06,0.1522674758688107,-26.0,0.0,0.0,-23.0,0.023333333333333303,-0.006765046431331412,30.0,0.0,1.0,26.0,0.0666666666666666,0.1562253573883044,-6.0,0.0,0.0,-4.0,0.016666666666666705,-0.010722927950825106,50.0,1.0,0.98,50.0,0.02,0.148746736577833,-26.0,-1.0,0.020000000000000018,-28.0,0.0633333333333333,-0.0032443071403537027
LIT_PCBA,ligand_only,MTORC1,MTORC1,0.7,100,bh,30.0,0.0,1.0,26.0,0.0666666666666666,0.1562253573883044,100.0,1.0,0.99,88.0,0.03,0.1480811578913214,-70.0,-1.0,0.010000000000000009,-62.0,0.0366666666666666,0.008144199496983001,30.0,0.0,1.0,26.0,0.0666666666666666,0.1562253573883044,0.0,0.0,0.0,0.0,0.0,0.0,100.0,2.0,0.98,100.0,0.01,0.1482375651951222,-70.0,-2.0,0.020000000000000018,-74.0,0.056666666666666594,0.007987792193182186
LIT_PCBA,ligand_only,MTORC1,MTORC1,0.7,100,chemdeprc_cap1,23.0,0.0,1.0,23.0,0.0434782608695652,0.143342217843621,100.0,1.0,0.99,88.0,0.03,0.1480811578913214,-77.0,-1.0,0.010000000000000009,-65.0,0.013478260869565203,-0.004738940047700396,30.0,0.0,1.0,26.0,0.0666666666666666,0.1562253573883044,-7.0,0.0,0.0,-3.0,-0.023188405797101394,-0.012883139544683397,100.0,2.0,0.98,100.0,0.01,0.1482375651951222,-77.0,-2.0,0.020000000000000018,-77.0,0.0334782608695652,-0.004895347351501211
LIT_PCBA,ligand_only,MTORC1,MTORC1,0.7,100,chemdeprc_soft75,38.0,0.0,1.0,23.0,0.0789473684210526,0.156962932318271,100.0,1.0,0.99,88.0,0.03,0.1480811578913214,-62.0,-1.0,0.010000000000000009,-65.0,0.0489473684210526,0.008881774426949596,30.0,0.0,1.0,26.0,0.0666666666666666,0.1562253573883044,8.0,0.0,0.0,-3.0,0.012280701754386003,0.0007375749299665946,100.0,2.0,0.98,100.0,0.01,0.1482375651951222,-62.0,-2.0,0.020000000000000018,-77.0,0.0689473684210526,0.00872536712314878
LIT_PCBA,ligand_only,MTORC1,MTORC1,0.7,100,score_cap1,100.0,2.0,0.98,100.0,0.01,0.1482375651951222,100.0,1.0,0.99,88.0,0.03,0.1480811578913214,0.0,1.0,-0.010000000000000009,12.0,-0.019999999999999997,0.00015640730380081513,30.0,0.0,1.0,26.0,0.0666666666666666,0.1562253573883044,70.0,2.0,-0.020000000000000018,74.0,-0.056666666666666594,-0.007987792193182186,100.0,2.0,0.98,100.0,0.01,0.1482375651951222,0.0,0.0,0.0,0.0,0.0,0.0
LIT_PCBA,ligand_only,MTORC1,MTORC1,0.7,100,weighted_bh,24.0,0.0,1.0,22.0,0.0833333333333333,0.1455024294374793,100.0,1.0,0.99,88.0,0.03,0.1480811578913214,-76.0,-1.0,0.010000000000000009,-66.0,0.0533333333333333,-0.002578728453842105,30.0,0.0,1.0,26.0,0.0666666666666666,0.1562253573883044,-6.0,0.0,0.0,-4.0,0.016666666666666705,-0.010722927950825106,100.0,2.0,0.98,100.0,0.01,0.1482375651951222,-76.0,-2.0,0.020000000000000018,-78.0,0.0733333333333333,-0.0027351357576429203
LIT_PCBA,ligand_only,MTORC1,MTORC1,0.7,200,bh,30.0,0.0,1.0,26.0,0.0666666666666666,0.1562253573883044,200.0,2.0,0.99,167.0,0.015,0.1468621394627959,-170.0,-2.0,0.010000000000000009,-141.0,0.0516666666666666,0.00936321792550851,30.0,0.0,1.0,26.0,0.0666666666666666,0.1562253573883044,0.0,0.0,0.0,0.0,0.0,0.0,200.0,4.0,0.98,200.0,0.005,0.1461688608711348,-170.0,-4.0,0.020000000000000018,-174.0,0.0616666666666666,0.01005649651716961
LIT_PCBA,ligand_only,MTORC1,MTORC1,0.7,200,chemdeprc_cap1,23.0,0.0,1.0,23.0,0.0434782608695652,0.143342217843621,200.0,2.0,0.99,167.0,0.015,0.1468621394627959,-177.0,-2.0,0.010000000000000009,-144.0,0.028478260869565203,-0.0035199216191748872,30.0,0.0,1.0,26.0,0.0666666666666666,0.1562253573883044,-7.0,0.0,0.0,-3.0,-0.023188405797101394,-0.012883139544683397,200.0,4.0,0.98,200.0,0.005,0.1461688608711348,-177.0,-4.0,0.020000000000000018,-177.0,0.038478260869565205,-0.0028266430275137866
LIT_PCBA,ligand_only,MTORC1,MTORC1,0.7,200,chemdeprc_soft75,38.0,0.0,1.0,23.0,0.0789473684210526,0.156962932318271,200.0,2.0,0.99,167.0,0.015,0.1468621394627959,-162.0,-2.0,0.010000000000000009,-144.0,0.0639473684210526,0.010100792855475105,30.0,0.0,1.0,26.0,0.0666666666666666,0.1562253573883044,8.0,0.0,0.0,-3.0,0.012280701754386003,0.0007375749299665946,200.0,4.0,0.98,200.0,0.005,0.1461688608711348,-162.0,-4.0,0.020000000000000018,-177.0,0.0739473684210526,0.010794071447136205
LIT_PCBA,ligand_only,MTORC1,MTORC1,0.7,200,score_cap1,200.0,4.0,0.98,200.0,0.005,0.1461688608711348,200.0,2.0,0.99,167.0,0.015,0.1468621394627959,0.0,2.0,-0.010000000000000009,33.0,-0.009999999999999998,-0.0006932785916611006,30.0,0.0,1.0,26.0,0.0666666666666666,0.1562253573883044,170.0,4.0,-0.020000000000000018,174.0,-0.0616666666666666,-0.01005649651716961,200.0,4.0,0.98,200.0,0.005,0.1461688608711348,0.0,0.0,0.0,0.0,0.0,0.0
LIT_PCBA,ligand_only,MTORC1,MTORC1,0.7,200,weighted_bh,24.0,0.0,1.0,22.0,0.0833333333333333,0.1455024294374793,200.0,2.0,0.99,167.0,0.015,0.1468621394627959,-176.0,-2.0,0.010000000000000009,-145.0,0.0683333333333333,-0.0013597100253165961,30.0,0.0,1.0,26.0,0.0666666666666666,0.1562253573883044,-6.0,0.0,0.0,-4.0,0.016666666666666705,-0.010722927950825106,200.0,4.0,0.98,200.0,0.005,0.1461688608711348,-176.0,-4.0,0.020000000000000018,-178.0,0.0783333333333333,-0.0006664314336554955
LIT_PCBA,ligand_only,MTORC1,MTORC1,0.7,500,bh,30.0,0.0,1.0,26.0,0.0666666666666666,0.1562253573883044,500.0,11.0,0.978,396.0,0.008,0.147439186269846,-470.0,-11.0,0.02200000000000002,-370.0,0.058666666666666596,0.008786171118458391,30.0,0.0,1.0,26.0,0.0666666666666666,0.1562253573883044,0.0,0.0,0.0,0.0,0.0,0.0,500.0,11.0,0.978,500.0,0.002,0.1466554255141227,-470.0,-11.0,0.02200000000000002,-474.0,0.0646666666666666,0.009569931874181703
LIT_PCBA,ligand_only,MTORC1,MTORC1,0.7,500,chemdeprc_cap1,23.0,0.0,1.0,23.0,0.0434782608695652,0.143342217843621,500.0,11.0,0.978,396.0,0.008,0.147439186269846,-477.0,-11.0,0.02200000000000002,-373.0,0.0354782608695652,-0.004096968426225006,30.0,0.0,1.0,26.0,0.0666666666666666,0.1562253573883044,-7.0,0.0,0.0,-3.0,-0.023188405797101394,-0.012883139544683397,500.0,11.0,0.978,500.0,0.002,0.1466554255141227,-477.0,-11.0,0.02200000000000002,-477.0,0.0414782608695652,-0.0033132076705016944
LIT_PCBA,ligand_only,MTORC1,MTORC1,0.7,500,chemdeprc_soft75,38.0,0.0,1.0,23.0,0.0789473684210526,0.156962932318271,500.0,11.0,0.978,396.0,0.008,0.147439186269846,-462.0,-11.0,0.02200000000000002,-373.0,0.07094736842105259,0.009523746048424986,30.0,0.0,1.0,26.0,0.0666666666666666,0.1562253573883044,8.0,0.0,0.0,-3.0,0.012280701754386003,0.0007375749299665946,500.0,11.0,0.978,500.0,0.002,0.1466554255141227,-462.0,-11.0,0.02200000000000002,-477.0,0.0769473684210526,0.010307506804148298
LIT_PCBA,ligand_only,MTORC1,MTORC1,0.7,500,score_cap1,500.0,11.0,0.978,500.0,0.002,0.1466554255141227,500.0,11.0,0.978,396.0,0.008,0.147439186269846,0.0,0.0,0.0,104.0,-0.006,-0.0007837607557233117,30.0,0.0,1.0,26.0,0.0666666666666666,0.1562253573883044,470.0,11.0,-0.02200000000000002,474.0,-0.0646666666666666,-0.009569931874181703,500.0,11.0,0.978,500.0,0.002,0.1466554255141227,0.0,0.0,0.0,0.0,0.0,0.0
LIT_PCBA,ligand_only,MTORC1,MTORC1,0.7,500,weighted_bh,24.0,0.0,1.0,22.0,0.0833333333333333,0.1455024294374793,500.0,11.0,0.978,396.0,0.008,0.147439186269846,-476.0,-11.0,0.02200000000000002,-374.0,0.07533333333333331,-0.001936756832366715,30.0,0.0,1.0,26.0,0.0666666666666666,0.1562253573883044,-6.0,0.0,0.0,-4.0,0.016666666666666705,-0.010722927950825106,500.0,11.0,0.978,500.0,0.002,0.1466554255141227,-476.0,-11.0,0.02200000000000002,-478.0,0.0813333333333333,-0.0011529960766434033
LIT_PCBA,ligand_only,OPRK1,OPRK1,0.7,10,bh,10.0,0.0,1.0,10.0,0.1,0.1133056917221226,10.0,0.0,1.0,10.0,0.1,0.1133056917221226,0.0,0.0,0.0,0.0,0.0,0.0,10.0,0.0,1.0,10.0,0.1,0.1133056917221226,0.0,0.0,0.0,0.0,0.0,0.0,10.0,0.0,1.0,10.0,0.1,0.1133056917221226,0.0,0.0,0.0,0.0,0.0,0.0
LIT_PCBA,ligand_only,OPRK1,OPRK1,0.7,10,chemdeprc_cap1,0.0,0.0,0.0,0.0,0.0,0.0,10.0,0.0,1.0,10.0,0.1,0.1133056917221226,-10.0,0.0,-1.0,-10.0,-0.1,-0.1133056917221226,10.0,0.0,1.0,10.0,0.1,0.1133056917221226,-10.0,0.0,-1.0,-10.0,-0.1,-0.1133056917221226,10.0,0.0,1.0,10.0,0.1,0.1133056917221226,-10.0,0.0,-1.0,-10.0,-0.1,-0.1133056917221226
LIT_PCBA,ligand_only,OPRK1,OPRK1,0.7,10,chemdeprc_soft75,0.0,0.0,0.0,0.0,0.0,0.0,10.0,0.0,1.0,10.0,0.1,0.1133056917221226,-10.0,0.0,-1.0,-10.0,-0.1,-0.1133056917221226,10.0,0.0,1.0,10.0,0.1,0.1133056917221226,-10.0,0.0,-1.0,-10.0,-0.1,-0.1133056917221226,10.0,0.0,1.0,10.0,0.1,0.1133056917221226,-10.0,0.0,-1.0,-10.0,-0.1,-0.1133056917221226
LIT_PCBA,ligand_only,OPRK1,OPRK1,0.7,10,score_cap1,10.0,0.0,1.0,10.0,0.1,0.1133056917221226,10.0,0.0,1.0,10.0,0.1,0.1133056917221226,0.0,0.0,0.0,0.0,0.0,0.0,10.0,0.0,1.0,10.0,0.1,0.1133056917221226,0.0,0.0,0.0,0.0,0.0,0.0,10.0,0.0,1.0,10.0,0.1,0.1133056917221226,0.0,0.0,0.0,0.0,0.0,0.0
LIT_PCBA,ligand_only,OPRK1,OPRK1,0.7,10,weighted_bh,0.0,0.0,0.0,0.0,0.0,0.0,10.0,0.0,1.0,10.0,0.1,0.1133056917221226,-10.0,0.0,-1.0,-10.0,-0.1,-0.1133056917221226,10.0,0.0,1.0,10.0,0.1,0.1133056917221226,-10.0,0.0,-1.0,-10.0,-0.1,-0.1133056917221226,10.0,0.0,1.0,10.0,0.1,0.1133056917221226,-10.0,0.0,-1.0,-10.0,-0.1,-0.1133056917221226
LIT_PCBA,ligand_only,OPRK1,OPRK1,0.7,20,bh,20.0,0.0,1.0,19.0,0.1,0.1045771017503247,20.0,0.0,1.0,19.0,0.1,0.1045771017503247,0.0,0.0,0.0,0.0,0.0,0.0,20.0,0.0,1.0,19.0,0.1,0.1045771017503247,0.0,0.0,0.0,0.0,0.0,0.0,20.0,1.0,0.95,20.0,0.05,0.1076071998449592,0.0,-1.0,0.050000000000000044,-1.0,0.05,-0.0030300980946345035
LIT_PCBA,ligand_only,OPRK1,OPRK1,0.7,20,chemdeprc_cap1,0.0,0.0,0.0,0.0,0.0,0.0,20.0,0.0,1.0,19.0,0.1,0.1045771017503247,-20.0,0.0,-1.0,-19.0,-0.1,-0.1045771017503247,20.0,0.0,1.0,19.0,0.1,0.1045771017503247,-20.0,0.0,-1.0,-19.0,-0.1,-0.1045771017503247,20.0,1.0,0.95,20.0,0.05,0.1076071998449592,-20.0,-1.0,-0.95,-20.0,-0.05,-0.1076071998449592
LIT_PCBA,ligand_only,OPRK1,OPRK1,0.7,20,chemdeprc_soft75,0.0,0.0,0.0,0.0,0.0,0.0,20.0,0.0,1.0,19.0,0.1,0.1045771017503247,-20.0,0.0,-1.0,-19.0,-0.1,-0.1045771017503247,20.0,0.0,1.0,19.0,0.1,0.1045771017503247,-20.0,0.0,-1.0,-19.0,-0.1,-0.1045771017503247,20.0,1.0,0.95,20.0,0.05,0.1076071998449592,-20.0,-1.0,-0.95,-20.0,-0.05,-0.1076071998449592
LIT_PCBA,ligand_only,OPRK1,OPRK1,0.7,20,score_cap1,20.0,1.0,0.95,20.0,0.05,0.1076071998449592,20.0,0.0,1.0,19.0,0.1,0.1045771017503247,0.0,1.0,-0.050000000000000044,1.0,-0.05,0.0030300980946345035,20.0,0.0,1.0,19.0,0.1,0.1045771017503247,0.0,1.0,-0.050000000000000044,1.0,-0.05,0.0030300980946345035,20.0,1.0,0.95,20.0,0.05,0.1076071998449592,0.0,0.0,0.0,0.0,0.0,0.0
LIT_PCBA,ligand_only,OPRK1,OPRK1,0.7,20,weighted_bh,0.0,0.0,0.0,0.0,0.0,0.0,20.0,0.0,1.0,19.0,0.1,0.1045771017503247,-20.0,0.0,-1.0,-19.0,-0.1,-0.1045771017503247,20.0,0.0,1.0,19.0,0.1,0.1045771017503247,-20.0,0.0,-1.0,-19.0,-0.1,-0.1045771017503247,20.0,1.0,0.95,20.0,0.05,0.1076071998449592,-20.0,-1.0,-0.95,-20.0,-0.05,-0.1076071998449592
LIT_PCBA,ligand_only,OPRK1,OPRK1,0.7,50,bh,50.0,2.0,0.96,49.0,0.04,0.1139442952970447,50.0,2.0,0.96,49.0,0.04,0.1139442952970447,0.0,0.0,0.0,0.0,0.0,0.0,50.0,2.0,0.96,49.0,0.04,0.1139442952970447,0.0,0.0,0.0,0.0,0.0,0.0,50.0,2.0,0.96,50.0,0.02,0.1156208261161914,0.0,0.0,0.0,-1.0,0.02,-0.0016765308191467043
LIT_PCBA,ligand_only,OPRK1,OPRK1,0.7,50,chemdeprc_cap1,0.0,0.0,0.0,0.0,0.0,0.0,50.0,2.0,0.96,49.0,0.04,0.1139442952970447,-50.0,-2.0,-0.96,-49.0,-0.04,-0.1139442952970447,50.0,2.0,0.96,49.0,0.04,0.1139442952970447,-50.0,-2.0,-0.96,-49.0,-0.04,-0.1139442952970447,50.0,2.0,0.96,50.0,0.02,0.1156208261161914,-50.0,-2.0,-0.96,-50.0,-0.02,-0.1156208261161914
LIT_PCBA,ligand_only,OPRK1,OPRK1,0.7,50,chemdeprc_soft75,0.0,0.0,0.0,0.0,0.0,0.0,50.0,2.0,0.96,49.0,0.04,0.1139442952970447,-50.0,-2.0,-0.96,-49.0,-0.04,-0.1139442952970447,50.0,2.0,0.96,49.0,0.04,0.1139442952970447,-50.0,-2.0,-0.96,-49.0,-0.04,-0.1139442952970447,50.0,2.0,0.96,50.0,0.02,0.1156208261161914,-50.0,-2.0,-0.96,-50.0,-0.02,-0.1156208261161914
LIT_PCBA,ligand_only,OPRK1,OPRK1,0.7,50,score_cap1,50.0,2.0,0.96,50.0,0.02,0.1156208261161914,50.0,2.0,0.96,49.0,0.04,0.1139442952970447,0.0,0.0,0.0,1.0,-0.02,0.0016765308191467043,50.0,2.0,0.96,49.0,0.04,0.1139442952970447,0.0,0.0,0.0,1.0,-0.02,0.0016765308191467043,50.0,2.0,0.96,50.0,0.02,0.1156208261161914,0.0,0.0,0.0,0.0,0.0,0.0
LIT_PCBA,ligand_only,OPRK1,OPRK1,0.7,50,weighted_bh,0.0,0.0,0.0,0.0,0.0,0.0,50.0,2.0,0.96,49.0,0.04,0.1139442952970447,-50.0,-2.0,-0.96,-49.0,-0.04,-0.1139442952970447,50.0,2.0,0.96,49.0,0.04,0.1139442952970447,-50.0,-2.0,-0.96,-49.0,-0.04,-0.1139442952970447,50.0,2.0,0.96,50.0,0.02,0.1156208261161914,-50.0,-2.0,-0.96,-50.0,-0.02,-0.1156208261161914
LIT_PCBA,ligand_only,OPRK1,OPRK1,0.7,100,bh,100.0,3.0,0.97,98.0,0.03,0.1173131846419112,100.0,3.0,0.97,98.0,0.03,0.1173131846419112,0.0,0.0,0.0,0.0,0.0,0.0,100.0,3.0,0.97,98.0,0.03,0.1173131846419112,0.0,0.0,0.0,0.0,0.0,0.0,100.0,3.0,0.97,100.0,0.01,0.118001335018219,0.0,0.0,0.0,-2.0,0.019999999999999997,-0.000688150376307789
LIT_PCBA,ligand_only,OPRK1,OPRK1,0.7,100,chemdeprc_cap1,0.0,0.0,0.0,0.0,0.0,0.0,100.0,3.0,0.97,98.0,0.03,0.1173131846419112,-100.0,-3.0,-0.97,-98.0,-0.03,-0.1173131846419112,100.0,3.0,0.97,98.0,0.03,0.1173131846419112,-100.0,-3.0,-0.97,-98.0,-0.03,-0.1173131846419112,100.0,3.0,0.97,100.0,0.01,0.118001335018219,-100.0,-3.0,-0.97,-100.0,-0.01,-0.118001335018219
LIT_PCBA,ligand_only,OPRK1,OPRK1,0.7,100,chemdeprc_soft75,0.0,0.0,0.0,0.0,0.0,0.0,100.0,3.0,0.97,98.0,0.03,0.1173131846419112,-100.0,-3.0,-0.97,-98.0,-0.03,-0.1173131846419112,100.0,3.0,0.97,98.0,0.03,0.1173131846419112,-100.0,-3.0,-0.97,-98.0,-0.03,-0.1173131846419112,100.0,3.0,0.97,100.0,0.01,0.118001335018219,-100.0,-3.0,-0.97,-100.0,-0.01,-0.118001335018219
LIT_PCBA,ligand_only,OPRK1,OPRK1,0.7,100,score_cap1,100.0,3.0,0.97,100.0,0.01,0.118001335018219,100.0,3.0,0.97,98.0,0.03,0.1173131846419112,0.0,0.0,0.0,2.0,-0.019999999999999997,0.000688150376307789,100.0,3.0,0.97,98.0,0.03,0.1173131846419112,0.0,0.0,0.0,2.0,-0.019999999999999997,0.000688150376307789,100.0,3.0,0.97,100.0,0.01,0.118001335018219,0.0,0.0,0.0,0.0,0.0,0.0
LIT_PCBA,ligand_only,OPRK1,OPRK1,0.7,100,weighted_bh,0.0,0.0,0.0,0.0,0.0,0.0,100.0,3.0,0.97,98.0,0.03,0.1173131846419112,-100.0,-3.0,-0.97,-98.0,-0.03,-0.1173131846419112,100.0,3.0,0.97,98.0,0.03,0.1173131846419112,-100.0,-3.0,-0.97,-98.0,-0.03,-0.1173131846419112,100.0,3.0,0.97,100.0,0.01,0.118001335018219,-100.0,-3.0,-0.97,-100.0,-0.01,-0.118001335018219
LIT_PCBA,ligand_only,OPRK1,OPRK1,0.7,200,bh,105.0,3.0,0.9714285714285714,102.0,0.0380952380952381,0.1178093419577186,200.0,3.0,0.985,193.0,0.025,0.1219382598550897,-95.0,0.0,-0.013571428571428568,-91.0,0.013095238095238097,-0.004128917897371104,105.0,3.0,0.9714285714285714,102.0,0.0380952380952381,0.1178093419577186,0.0,0.0,0.0,0.0,0.0,0.0,200.0,3.0,0.985,200.0,0.005,0.1226517084856289,-95.0,0.0,-0.013571428571428568,-98.0,0.0330952380952381,-0.0048423665279102995
LIT_PCBA,ligand_only,OPRK1,OPRK1,0.7,200,chemdeprc_cap1,0.0,0.0,0.0,0.0,0.0,0.0,200.0,3.0,0.985,193.0,0.025,0.1219382598550897,-200.0,-3.0,-0.985,-193.0,-0.025,-0.1219382598550897,105.0,3.0,0.9714285714285714,102.0,0.0380952380952381,0.1178093419577186,-105.0,-3.0,-0.9714285714285714,-102.0,-0.0380952380952381,-0.1178093419577186,200.0,3.0,0.985,200.0,0.005,0.1226517084856289,-200.0,-3.0,-0.985,-200.0,-0.005,-0.1226517084856289
LIT_PCBA,ligand_only,OPRK1,OPRK1,0.7,200,chemdeprc_soft75,0.0,0.0,0.0,0.0,0.0,0.0,200.0,3.0,0.985,193.0,0.025,0.1219382598550897,-200.0,-3.0,-0.985,-193.0,-0.025,-0.1219382598550897,105.0,3.0,0.9714285714285714,102.0,0.0380952380952381,0.1178093419577186,-105.0,-3.0,-0.9714285714285714,-102.0,-0.0380952380952381,-0.1178093419577186,200.0,3.0,0.985,200.0,0.005,0.1226517084856289,-200.0,-3.0,-0.985,-200.0,-0.005,-0.1226517084856289
LIT_PCBA,ligand_only,OPRK1,OPRK1,0.7,200,score_cap1,200.0,3.0,0.985,200.0,0.005,0.1226517084856289,200.0,3.0,0.985,193.0,0.025,0.1219382598550897,0.0,0.0,0.0,7.0,-0.02,0.0007134486305391957,105.0,3.0,0.9714285714285714,102.0,0.0380952380952381,0.1178093419577186,95.0,0.0,0.013571428571428568,98.0,-0.0330952380952381,0.0048423665279102995,200.0,3.0,0.985,200.0,0.005,0.1226517084856289,0.0,0.0,0.0,0.0,0.0,0.0
LIT_PCBA,ligand_only,OPRK1,OPRK1,0.7,200,weighted_bh,0.0,0.0,0.0,0.0,0.0,0.0,200.0,3.0,0.985,193.0,0.025,0.1219382598550897,-200.0,-3.0,-0.985,-193.0,-0.025,-0.1219382598550897,105.0,3.0,0.9714285714285714,102.0,0.0380952380952381,0.1178093419577186,-105.0,-3.0,-0.9714285714285714,-102.0,-0.0380952380952381,-0.1178093419577186,200.0,3.0,0.985,200.0,0.005,0.1226517084856289,-200.0,-3.0,-0.985,-200.0,-0.005,-0.1226517084856289
LIT_PCBA,ligand_only,OPRK1,OPRK1,0.7,500,bh,105.0,3.0,0.9714285714285714,102.0,0.0380952380952381,0.1178093419577186,500.0,5.0,0.99,482.0,0.014,0.1213323117420929,-395.0,-2.0,-0.018571428571428572,-380.0,0.0240952380952381,-0.0035229697843743024,105.0,3.0,0.9714285714285714,102.0,0.0380952380952381,0.1178093419577186,0.0,0.0,0.0,0.0,0.0,0.0,500.0,5.0,0.99,500.0,0.002,0.1217070808808832,-395.0,-2.0,-0.018571428571428572,-398.0,0.0360952380952381,-0.003897738923164598
LIT_PCBA,ligand_only,OPRK1,OPRK1,0.7,500,chemdeprc_cap1,0.0,0.0,0.0,0.0,0.0,0.0,500.0,5.0,0.99,482.0,0.014,0.1213323117420929,-500.0,-5.0,-0.99,-482.0,-0.014,-0.1213323117420929,105.0,3.0,0.9714285714285714,102.0,0.0380952380952381,0.1178093419577186,-105.0,-3.0,-0.9714285714285714,-102.0,-0.0380952380952381,-0.1178093419577186,500.0,5.0,0.99,500.0,0.002,0.1217070808808832,-500.0,-5.0,-0.99,-500.0,-0.002,-0.1217070808808832
LIT_PCBA,ligand_only,OPRK1,OPRK1,0.7,500,chemdeprc_soft75,0.0,0.0,0.0,0.0,0.0,0.0,500.0,5.0,0.99,482.0,0.014,0.1213323117420929,-500.0,-5.0,-0.99,-482.0,-0.014,-0.1213323117420929,105.0,3.0,0.9714285714285714,102.0,0.0380952380952381,0.1178093419577186,-105.0,-3.0,-0.9714285714285714,-102.0,-0.0380952380952381,-0.1178093419577186,500.0,5.0,0.99,500.0,0.002,0.1217070808808832,-500.0,-5.0,-0.99,-500.0,-0.002,-0.1217070808808832
LIT_PCBA,ligand_only,OPRK1,OPRK1,0.7,500,score_cap1,500.0,5.0,0.99,500.0,0.002,0.1217070808808832,500.0,5.0,0.99,482.0,0.014,0.1213323117420929,0.0,0.0,0.0,18.0,-0.012,0.0003747691387902957,105.0,3.0,0.9714285714285714,102.0,0.0380952380952381,0.1178093419577186,395.0,2.0,0.018571428571428572,398.0,-0.0360952380952381,0.003897738923164598,500.0,5.0,0.99,500.0,0.002,0.1217070808808832,0.0,0.0,0.0,0.0,0.0,0.0
LIT_PCBA,ligand_only,OPRK1,OPRK1,0.7,500,weighted_bh,0.0,0.0,0.0,0.0,0.0,0.0,500.0,5.0,0.99,482.0,0.014,0.1213323117420929,-500.0,-5.0,-0.99,-482.0,-0.014,-0.1213323117420929,105.0,3.0,0.9714285714285714,102.0,0.0380952380952381,0.1178093419577186,-105.0,-3.0,-0.9714285714285714,-102.0,-0.0380952380952381,-0.1178093419577186,500.0,5.0,0.99,500.0,0.002,0.1217070808808832,-500.0,-5.0,-0.99,-500.0,-0.002,-0.1217070808808832
LIT_PCBA,ligand_only,PKM2,PKM2,0.7,10,bh,0.0,0.0,0.0,0.0,0.0,0.0,10.0,0.0,1.0,10.0,0.1,0.1347048991092384,-10.0,0.0,-1.0,-10.0,-0.1,-0.1347048991092384,0.0,0.0,0.0,0.0,0.0,0.0,0.0,0.0,0.0,0.0,0.0,0.0,10.0,0.0,1.0,10.0,0.1,0.1347048991092384,-10.0,0.0,-1.0,-10.0,-0.1,-0.1347048991092384
LIT_PCBA,ligand_only,PKM2,PKM2,0.7,10,chemdeprc_cap1,0.0,0.0,0.0,0.0,0.0,0.0,10.0,0.0,1.0,10.0,0.1,0.1347048991092384,-10.0,0.0,-1.0,-10.0,-0.1,-0.1347048991092384,0.0,0.0,0.0,0.0,0.0,0.0,0.0,0.0,0.0,0.0,0.0,0.0,10.0,0.0,1.0,10.0,0.1,0.1347048991092384,-10.0,0.0,-1.0,-10.0,-0.1,-0.1347048991092384
LIT_PCBA,ligand_only,PKM2,PKM2,0.7,10,chemdeprc_soft75,0.0,0.0,0.0,0.0,0.0,0.0,10.0,0.0,1.0,10.0,0.1,0.1347048991092384,-10.0,0.0,-1.0,-10.0,-0.1,-0.1347048991092384,0.0,0.0,0.0,0.0,0.0,0.0,0.0,0.0,0.0,0.0,0.0,0.0,10.0,0.0,1.0,10.0,0.1,0.1347048991092384,-10.0,0.0,-1.0,-10.0,-0.1,-0.1347048991092384
LIT_PCBA,ligand_only,PKM2,PKM2,0.7,10,score_cap1,10.0,0.0,1.0,10.0,0.1,0.1347048991092384,10.0,0.0,1.0,10.0,0.1,0.1347048991092384,0.0,0.0,0.0,0.0,0.0,0.0,0.0,0.0,0.0,0.0,0.0,0.0,10.0,0.0,1.0,10.0,0.1,0.1347048991092384,10.0,0.0,1.0,10.0,0.1,0.1347048991092384,0.0,0.0,0.0,0.0,0.0,0.0
LIT_PCBA,ligand_only,PKM2,PKM2,0.7,10,weighted_bh,0.0,0.0,0.0,0.0,0.0,0.0,10.0,0.0,1.0,10.0,0.1,0.1347048991092384,-10.0,0.0,-1.0,-10.0,-0.1,-0.1347048991092384,0.0,0.0,0.0,0.0,0.0,0.0,0.0,0.0,0.0,0.0,0.0,0.0,10.0,0.0,1.0,10.0,0.1,0.1347048991092384,-10.0,0.0,-1.0,-10.0,-0.1,-0.1347048991092384
LIT_PCBA,ligand_only,PKM2,PKM2,0.7,20,bh,0.0,0.0,0.0,0.0,0.0,0.0,20.0,0.0,1.0,20.0,0.05,0.1299291975945713,-20.0,0.0,-1.0,-20.0,-0.05,-0.1299291975945713,0.0,0.0,0.0,0.0,0.0,0.0,0.0,0.0,0.0,0.0,0.0,0.0,20.0,0.0,1.0,20.0,0.05,0.1299291975945713,-20.0,0.0,-1.0,-20.0,-0.05,-0.1299291975945713
LIT_PCBA,ligand_only,PKM2,PKM2,0.7,20,chemdeprc_cap1,0.0,0.0,0.0,0.0,0.0,0.0,20.0,0.0,1.0,20.0,0.05,0.1299291975945713,-20.0,0.0,-1.0,-20.0,-0.05,-0.1299291975945713,0.0,0.0,0.0,0.0,0.0,0.0,0.0,0.0,0.0,0.0,0.0,0.0,20.0,0.0,1.0,20.0,0.05,0.1299291975945713,-20.0,0.0,-1.0,-20.0,-0.05,-0.1299291975945713
LIT_PCBA,ligand_only,PKM2,PKM2,0.7,20,chemdeprc_soft75,0.0,0.0,0.0,0.0,0.0,0.0,20.0,0.0,1.0,20.0,0.05,0.1299291975945713,-20.0,0.0,-1.0,-20.0,-0.05,-0.1299291975945713,0.0,0.0,0.0,0.0,0.0,0.0,0.0,0.0,0.0,0.0,0.0,0.0,20.0,0.0,1.0,20.0,0.05,0.1299291975945713,-20.0,0.0,-1.0,-20.0,-0.05,-0.1299291975945713
LIT_PCBA,ligand_only,PKM2,PKM2,0.7,20,score_cap1,20.0,0.0,1.0,20.0,0.05,0.1299291975945713,20.0,0.0,1.0,20.0,0.05,0.1299291975945713,0.0,0.0,0.0,0.0,0.0,0.0,0.0,0.0,0.0,0.0,0.0,0.0,20.0,0.0,1.0,20.0,0.05,0.1299291975945713,20.0,0.0,1.0,20.0,0.05,0.1299291975945713,0.0,0.0,0.0,0.0,0.0,0.0
LIT_PCBA,ligand_only,PKM2,PKM2,0.7,20,weighted_bh,0.0,0.0,0.0,0.0,0.0,0.0,20.0,0.0,1.0,20.0,0.05,0.1299291975945713,-20.0,0.0,-1.0,-20.0,-0.05,-0.1299291975945713,0.0,0.0,0.0,0.0,0.0,0.0,0.0,0.0,0.0,0.0,0.0,0.0,20.0,0.0,1.0,20.0,0.05,0.1299291975945713,-20.0,0.0,-1.0,-20.0,-0.05,-0.1299291975945713
LIT_PCBA,ligand_only,PKM2,PKM2,0.7,50,bh,0.0,0.0,0.0,0.0,0.0,0.0,50.0,3.0,0.94,49.0,0.04,0.1149151691599148,-50.0,-3.0,-0.94,-49.0,-0.04,-0.1149151691599148,0.0,0.0,0.0,0.0,0.0,0.0,0.0,0.0,0.0,0.0,0.0,0.0,50.0,3.0,0.94,50.0,0.02,0.1150689097569301,-50.0,-3.0,-0.94,-50.0,-0.02,-0.1150689097569301
LIT_PCBA,ligand_only,PKM2,PKM2,0.7,50,chemdeprc_cap1,0.0,0.0,0.0,0.0,0.0,0.0,50.0,3.0,0.94,49.0,0.04,0.1149151691599148,-50.0,-3.0,-0.94,-49.0,-0.04,-0.1149151691599148,0.0,0.0,0.0,0.0,0.0,0.0,0.0,0.0,0.0,0.0,0.0,0.0,50.0,3.0,0.94,50.0,0.02,0.1150689097569301,-50.0,-3.0,-0.94,-50.0,-0.02,-0.1150689097569301
LIT_PCBA,ligand_only,PKM2,PKM2,0.7,50,chemdeprc_soft75,0.0,0.0,0.0,0.0,0.0,0.0,50.0,3.0,0.94,49.0,0.04,0.1149151691599148,-50.0,-3.0,-0.94,-49.0,-0.04,-0.1149151691599148,0.0,0.0,0.0,0.0,0.0,0.0,0.0,0.0,0.0,0.0,0.0,0.0,50.0,3.0,0.94,50.0,0.02,0.1150689097569301,-50.0,-3.0,-0.94,-50.0,-0.02,-0.1150689097569301
LIT_PCBA,ligand_only,PKM2,PKM2,0.7,50,score_cap1,50.0,3.0,0.94,50.0,0.02,0.1150689097569301,50.0,3.0,0.94,49.0,0.04,0.1149151691599148,0.0,0.0,0.0,1.0,-0.02,0.00015374059701529774,0.0,0.0,0.0,0.0,0.0,0.0,50.0,3.0,0.94,50.0,0.02,0.1150689097569301,50.0,3.0,0.94,50.0,0.02,0.1150689097569301,0.0,0.0,0.0,0.0,0.0,0.0
LIT_PCBA,ligand_only,PKM2,PKM2,0.7,50,weighted_bh,0.0,0.0,0.0,0.0,0.0,0.0,50.0,3.0,0.94,49.0,0.04,0.1149151691599148,-50.0,-3.0,-0.94,-49.0,-0.04,-0.1149151691599148,0.0,0.0,0.0,0.0,0.0,0.0,0.0,0.0,0.0,0.0,0.0,0.0,50.0,3.0,0.94,50.0,0.02,0.1150689097569301,-50.0,-3.0,-0.94,-50.0,-0.02,-0.1150689097569301
LIT_PCBA,ligand_only,PKM2,PKM2,0.7,100,bh,0.0,0.0,0.0,0.0,0.0,0.0,100.0,3.0,0.97,99.0,0.02,0.1202354452830614,-100.0,-3.0,-0.97,-99.0,-0.02,-0.1202354452830614,0.0,0.0,0.0,0.0,0.0,0.0,0.0,0.0,0.0,0.0,0.0,0.0,100.0,3.0,0.97,100.0,0.01,0.1203327070158324,-100.0,-3.0,-0.97,-100.0,-0.01,-0.1203327070158324
LIT_PCBA,ligand_only,PKM2,PKM2,0.7,100,chemdeprc_cap1,0.0,0.0,0.0,0.0,0.0,0.0,100.0,3.0,0.97,99.0,0.02,0.1202354452830614,-100.0,-3.0,-0.97,-99.0,-0.02,-0.1202354452830614,0.0,0.0,0.0,0.0,0.0,0.0,0.0,0.0,0.0,0.0,0.0,0.0,100.0,3.0,0.97,100.0,0.01,0.1203327070158324,-100.0,-3.0,-0.97,-100.0,-0.01,-0.1203327070158324
LIT_PCBA,ligand_only,PKM2,PKM2,0.7,100,chemdeprc_soft75,0.0,0.0,0.0,0.0,0.0,0.0,100.0,3.0,0.97,99.0,0.02,0.1202354452830614,-100.0,-3.0,-0.97,-99.0,-0.02,-0.1202354452830614,0.0,0.0,0.0,0.0,0.0,0.0,0.0,0.0,0.0,0.0,0.0,0.0,100.0,3.0,0.97,100.0,0.01,0.1203327070158324,-100.0,-3.0,-0.97,-100.0,-0.01,-0.1203327070158324
LIT_PCBA,ligand_only,PKM2,PKM2,0.7,100,score_cap1,100.0,3.0,0.97,100.0,0.01,0.1203327070158324,100.0,3.0,0.97,99.0,0.02,0.1202354452830614,0.0,0.0,0.0,1.0,-0.01,9.726173277099792e-05,0.0,0.0,0.0,0.0,0.0,0.0,100.0,3.0,0.97,100.0,0.01,0.1203327070158324,100.0,3.0,0.97,100.0,0.01,0.1203327070158324,0.0,0.0,0.0,0.0,0.0,0.0
LIT_PCBA,ligand_only,PKM2,PKM2,0.7,100,weighted_bh,0.0,0.0,0.0,0.0,0.0,0.0,100.0,3.0,0.97,99.0,0.02,0.1202354452830614,-100.0,-3.0,-0.97,-99.0,-0.02,-0.1202354452830614,0.0,0.0,0.0,0.0,0.0,0.0,0.0,0.0,0.0,0.0,0.0,0.0,100.0,3.0,0.97,100.0,0.01,0.1203327070158324,-100.0,-3.0,-0.97,-100.0,-0.01,-0.1203327070158324
LIT_PCBA,ligand_only,PKM2,PKM2,0.7,200,bh,0.0,0.0,0.0,0.0,0.0,0.0,200.0,12.0,0.94,193.0,0.015,0.1208251865623043,-200.0,-12.0,-0.94,-193.0,-0.015,-0.1208251865623043,0.0,0.0,0.0,0.0,0.0,0.0,0.0,0.0,0.0,0.0,0.0,0.0,200.0,10.0,0.95,200.0,0.005,0.1207593376141888,-200.0,-10.0,-0.95,-200.0,-0.005,-0.1207593376141888
LIT_PCBA,ligand_only,PKM2,PKM2,0.7,200,chemdeprc_cap1,0.0,0.0,0.0,0.0,0.0,0.0,200.0,12.0,0.94,193.0,0.015,0.1208251865623043,-200.0,-12.0,-0.94,-193.0,-0.015,-0.1208251865623043,0.0,0.0,0.0,0.0,0.0,0.0,0.0,0.0,0.0,0.0,0.0,0.0,200.0,10.0,0.95,200.0,0.005,0.1207593376141888,-200.0,-10.0,-0.95,-200.0,-0.005,-0.1207593376141888
LIT_PCBA,ligand_only,PKM2,PKM2,0.7,200,chemdeprc_soft75,0.0,0.0,0.0,0.0,0.0,0.0,200.0,12.0,0.94,193.0,0.015,0.1208251865623043,-200.0,-12.0,-0.94,-193.0,-0.015,-0.1208251865623043,0.0,0.0,0.0,0.0,0.0,0.0,0.0,0.0,0.0,0.0,0.0,0.0,200.0,10.0,0.95,200.0,0.005,0.1207593376141888,-200.0,-10.0,-0.95,-200.0,-0.005,-0.1207593376141888
LIT_PCBA,ligand_only,PKM2,PKM2,0.7,200,score_cap1,200.0,10.0,0.95,200.0,0.005,0.1207593376141888,200.0,12.0,0.94,193.0,0.015,0.1208251865623043,0.0,-2.0,0.010000000000000009,7.0,-0.009999999999999998,-6.584894811549613e-05,0.0,0.0,0.0,0.0,0.0,0.0,200.0,10.0,0.95,200.0,0.005,0.1207593376141888,200.0,10.0,0.95,200.0,0.005,0.1207593376141888,0.0,0.0,0.0,0.0,0.0,0.0
LIT_PCBA,ligand_only,PKM2,PKM2,0.7,200,weighted_bh,0.0,0.0,0.0,0.0,0.0,0.0,200.0,12.0,0.94,193.0,0.015,0.1208251865623043,-200.0,-12.0,-0.94,-193.0,-0.015,-0.1208251865623043,0.0,0.0,0.0,0.0,0.0,0.0,0.0,0.0,0.0,0.0,0.0,0.0,200.0,10.0,0.95,200.0,0.005,0.1207593376141888,-200.0,-10.0,-0.95,-200.0,-0.005,-0.1207593376141888
LIT_PCBA,ligand_only,PKM2,PKM2,0.7,500,bh,0.0,0.0,0.0,0.0,0.0,0.0,500.0,46.0,0.908,475.0,0.018,0.1192837602747252,-500.0,-46.0,-0.908,-475.0,-0.018,-0.1192837602747252,0.0,0.0,0.0,0.0,0.0,0.0,0.0,0.0,0.0,0.0,0.0,0.0,500.0,45.0,0.91,500.0,0.002,0.1191440417451732,-500.0,-45.0,-0.91,-500.0,-0.002,-0.1191440417451732
LIT_PCBA,ligand_only,PKM2,PKM2,0.7,500,chemdeprc_cap1,0.0,0.0,0.0,0.0,0.0,0.0,500.0,46.0,0.908,475.0,0.018,0.1192837602747252,-500.0,-46.0,-0.908,-475.0,-0.018,-0.1192837602747252,0.0,0.0,0.0,0.0,0.0,0.0,0.0,0.0,0.0,0.0,0.0,0.0,500.0,45.0,0.91,500.0,0.002,0.1191440417451732,-500.0,-45.0,-0.91,-500.0,-0.002,-0.1191440417451732
LIT_PCBA,ligand_only,PKM2,PKM2,0.7,500,chemdeprc_soft75,0.0,0.0,0.0,0.0,0.0,0.0,500.0,46.0,0.908,475.0,0.018,0.1192837602747252,-500.0,-46.0,-0.908,-475.0,-0.018,-0.1192837602747252,0.0,0.0,0.0,0.0,0.0,0.0,0.0,0.0,0.0,0.0,0.0,0.0,500.0,45.0,0.91,500.0,0.002,0.1191440417451732,-500.0,-45.0,-0.91,-500.0,-0.002,-0.1191440417451732
LIT_PCBA,ligand_only,PKM2,PKM2,0.7,500,score_cap1,500.0,45.0,0.91,500.0,0.002,0.1191440417451732,500.0,46.0,0.908,475.0,0.018,0.1192837602747252,0.0,-1.0,0.0020000000000000018,25.0,-0.016,-0.00013971852955201036,0.0,0.0,0.0,0.0,0.0,0.0,500.0,45.0,0.91,500.0,0.002,0.1191440417451732,500.0,45.0,0.91,500.0,0.002,0.1191440417451732,0.0,0.0,0.0,0.0,0.0,0.0
LIT_PCBA,ligand_only,PKM2,PKM2,0.7,500,weighted_bh,0.0,0.0,0.0,0.0,0.0,0.0,500.0,46.0,0.908,475.0,0.018,0.1192837602747252,-500.0,-46.0,-0.908,-475.0,-0.018,-0.1192837602747252,0.0,0.0,0.0,0.0,0.0,0.0,0.0,0.0,0.0,0.0,0.0,0.0,500.0,45.0,0.91,500.0,0.002,0.1191440417451732,-500.0,-45.0,-0.91,-500.0,-0.002,-0.1191440417451732
LIT_PCBA,ligand_only,PPARG,PPARG,0.7,10,bh,10.0,0.0,1.0,7.0,0.3,0.1386103222775032,10.0,0.0,1.0,7.0,0.3,0.1386103222775032,0.0,0.0,0.0,0.0,0.0,0.0,10.0,0.0,1.0,7.0,0.3,0.1386103222775032,0.0,0.0,0.0,0.0,0.0,0.0,10.0,0.0,1.0,10.0,0.1,0.0928831706041192,0.0,0.0,0.0,-3.0,0.19999999999999998,0.045727151673383995
LIT_PCBA,ligand_only,PPARG,PPARG,0.7,10,chemdeprc_cap1,9.0,0.0,1.0,9.0,0.1111111111111111,0.1004164902637425,10.0,0.0,1.0,7.0,0.3,0.1386103222775032,-1.0,0.0,0.0,2.0,-0.18888888888888888,-0.0381938320137607,10.0,0.0,1.0,7.0,0.3,0.1386103222775032,-1.0,0.0,0.0,2.0,-0.18888888888888888,-0.0381938320137607,10.0,0.0,1.0,10.0,0.1,0.0928831706041192,-1.0,0.0,0.0,-1.0,0.0111111111111111,0.007533319659623297
LIT_PCBA,ligand_only,PPARG,PPARG,0.7,10,chemdeprc_soft75,10.0,0.0,1.0,8.0,0.2,0.1278350610069164,10.0,0.0,1.0,7.0,0.3,0.1386103222775032,0.0,0.0,0.0,1.0,-0.09999999999999998,-0.010775261270586783,10.0,0.0,1.0,7.0,0.3,0.1386103222775032,0.0,0.0,0.0,1.0,-0.09999999999999998,-0.010775261270586783,10.0,0.0,1.0,10.0,0.1,0.0928831706041192,0.0,0.0,0.0,-2.0,0.1,0.03495189040279721
LIT_PCBA,ligand_only,PPARG,PPARG,0.7,10,score_cap1,10.0,0.0,1.0,10.0,0.1,0.0928831706041192,10.0,0.0,1.0,7.0,0.3,0.1386103222775032,0.0,0.0,0.0,3.0,-0.19999999999999998,-0.045727151673383995,10.0,0.0,1.0,7.0,0.3,0.1386103222775032,0.0,0.0,0.0,3.0,-0.19999999999999998,-0.045727151673383995,10.0,0.0,1.0,10.0,0.1,0.0928831706041192,0.0,0.0,0.0,0.0,0.0,0.0
LIT_PCBA,ligand_only,PPARG,PPARG,0.7,10,weighted_bh,10.0,0.0,1.0,9.0,0.2,0.1112433536835213,10.0,0.0,1.0,7.0,0.3,0.1386103222775032,0.0,0.0,0.0,2.0,-0.09999999999999998,-0.027366968593981897,10.0,0.0,1.0,7.0,0.3,0.1386103222775032,0.0,0.0,0.0,2.0,-0.09999999999999998,-0.027366968593981897,10.0,0.0,1.0,10.0,0.1,0.0928831706041192,0.0,0.0,0.0,-1.0,0.1,0.018360183079402098
LIT_PCBA,ligand_only,PPARG,PPARG,0.7,20,bh,14.0,0.0,1.0,11.0,0.2142857142857142,0.1146396745086679,20.0,0.0,1.0,17.0,0.15,0.1070395392701167,-6.0,0.0,0.0,-6.0,0.0642857142857142,0.0076001352385512005,14.0,0.0,1.0,11.0,0.2142857142857142,0.1146396745086679,0.0,0.0,0.0,0.0,0.0,0.0,20.0,0.0,1.0,20.0,0.05,0.104144443976229,-6.0,0.0,0.0,-9.0,0.1642857142857142,0.010495230532438893
LIT_PCBA,ligand_only,PPARG,PPARG,0.7,20,chemdeprc_cap1,9.0,0.0,1.0,9.0,0.1111111111111111,0.1004164902637425,20.0,0.0,1.0,17.0,0.15,0.1070395392701167,-11.0,0.0,0.0,-8.0,-0.03888888888888889,-0.006623049006374199,14.0,0.0,1.0,11.0,0.2142857142857142,0.1146396745086679,-5.0,0.0,0.0,-2.0,-0.10317460317460309,-0.0142231842449254,20.0,0.0,1.0,20.0,0.05,0.104144443976229,-11.0,0.0,0.0,-11.0,0.0611111111111111,-0.0037279537124865064
LIT_PCBA,ligand_only,PPARG,PPARG,0.7,20,chemdeprc_soft75,14.0,0.0,1.0,9.0,0.3571428571428571,0.159805165670172,20.0,0.0,1.0,17.0,0.15,0.1070395392701167,-6.0,0.0,0.0,-8.0,0.2071428571428571,0.052765626400055304,14.0,0.0,1.0,11.0,0.2142857142857142,0.1146396745086679,0.0,0.0,0.0,-2.0,0.1428571428571429,0.045165491161504104,20.0,0.0,1.0,20.0,0.05,0.104144443976229,-6.0,0.0,0.0,-11.0,0.3071428571428571,0.055660721693943
LIT_PCBA,ligand_only,PPARG,PPARG,0.7,20,score_cap1,20.0,0.0,1.0,20.0,0.05,0.104144443976229,20.0,0.0,1.0,17.0,0.15,0.1070395392701167,0.0,0.0,0.0,3.0,-0.09999999999999999,-0.0028950952938876923,14.0,0.0,1.0,11.0,0.2142857142857142,0.1146396745086679,6.0,0.0,0.0,9.0,-0.1642857142857142,-0.010495230532438893,20.0,0.0,1.0,20.0,0.05,0.104144443976229,0.0,0.0,0.0,0.0,0.0,0.0
LIT_PCBA,ligand_only,PPARG,PPARG,0.7,20,weighted_bh,12.0,0.0,1.0,9.0,0.25,0.1296323354930169,20.0,0.0,1.0,17.0,0.15,0.1070395392701167,-8.0,0.0,0.0,-8.0,0.1,0.022592796222900197,14.0,0.0,1.0,11.0,0.2142857142857142,0.1146396745086679,-2.0,0.0,0.0,-2.0,0.03571428571428581,0.014992660984348996,20.0,0.0,1.0,20.0,0.05,0.104144443976229,-8.0,0.0,0.0,-11.0,0.2,0.02548789151678789
LIT_PCBA,ligand_only,PPARG,PPARG,0.7,50,bh,14.0,0.0,1.0,11.0,0.2142857142857142,0.1146396745086679,50.0,0.0,1.0,37.0,0.1,0.1076299240491516,-36.0,0.0,0.0,-26.0,0.11428571428571419,0.007009750459516295,14.0,0.0,1.0,11.0,0.2142857142857142,0.1146396745086679,0.0,0.0,0.0,0.0,0.0,0.0,50.0,0.0,1.0,50.0,0.02,0.0991829703729894,-36.0,0.0,0.0,-39.0,0.1942857142857142,0.015456704135678498
LIT_PCBA,ligand_only,PPARG,PPARG,0.7,50,chemdeprc_cap1,9.0,0.0,1.0,9.0,0.1111111111111111,0.1004164902637425,50.0,0.0,1.0,37.0,0.1,0.1076299240491516,-41.0,0.0,0.0,-28.0,0.0111111111111111,-0.007213433785409104,14.0,0.0,1.0,11.0,0.2142857142857142,0.1146396745086679,-5.0,0.0,0.0,-2.0,-0.10317460317460309,-0.0142231842449254,50.0,0.0,1.0,50.0,0.02,0.0991829703729894,-41.0,0.0,0.0,-41.0,0.0911111111111111,0.0012335198907530986
LIT_PCBA,ligand_only,PPARG,PPARG,0.7,50,chemdeprc_soft75,14.0,0.0,1.0,9.0,0.3571428571428571,0.159805165670172,50.0,0.0,1.0,37.0,0.1,0.1076299240491516,-36.0,0.0,0.0,-28.0,0.2571428571428571,0.0521752416210204,14.0,0.0,1.0,11.0,0.2142857142857142,0.1146396745086679,0.0,0.0,0.0,-2.0,0.1428571428571429,0.045165491161504104,50.0,0.0,1.0,50.0,0.02,0.0991829703729894,-36.0,0.0,0.0,-41.0,0.3371428571428571,0.0606221952971826
LIT_PCBA,ligand_only,PPARG,PPARG,0.7,50,score_cap1,50.0,0.0,1.0,50.0,0.02,0.0991829703729894,50.0,0.0,1.0,37.0,0.1,0.1076299240491516,0.0,0.0,0.0,13.0,-0.08,-0.008446953676162203,14.0,0.0,1.0,11.0,0.2142857142857142,0.1146396745086679,36.0,0.0,0.0,39.0,-0.1942857142857142,-0.015456704135678498,50.0,0.0,1.0,50.0,0.02,0.0991829703729894,0.0,0.0,0.0,0.0,0.0,0.0
LIT_PCBA,ligand_only,PPARG,PPARG,0.7,50,weighted_bh,12.0,0.0,1.0,9.0,0.25,0.1296323354930169,50.0,0.0,1.0,37.0,0.1,0.1076299240491516,-38.0,0.0,0.0,-28.0,0.15,0.02200241144386529,14.0,0.0,1.0,11.0,0.2142857142857142,0.1146396745086679,-2.0,0.0,0.0,-2.0,0.03571428571428581,0.014992660984348996,50.0,0.0,1.0,50.0,0.02,0.0991829703729894,-38.0,0.0,0.0,-41.0,0.23,0.030449365120027494
LIT_PCBA,ligand_only,PPARG,PPARG,0.7,100,bh,14.0,0.0,1.0,11.0,0.2142857142857142,0.1146396745086679,100.0,0.0,1.0,69.0,0.09,0.1020342885460878,-86.0,0.0,0.0,-58.0,0.1242857142857142,0.012605385962580096,14.0,0.0,1.0,11.0,0.2142857142857142,0.1146396745086679,0.0,0.0,0.0,0.0,0.0,0.0,100.0,0.0,1.0,100.0,0.01,0.1029407519351702,-86.0,0.0,0.0,-89.0,0.20428571428571418,0.011698922573497694
LIT_PCBA,ligand_only,PPARG,PPARG,0.7,100,chemdeprc_cap1,9.0,0.0,1.0,9.0,0.1111111111111111,0.1004164902637425,100.0,0.0,1.0,69.0,0.09,0.1020342885460878,-91.0,0.0,0.0,-60.0,0.02111111111111111,-0.0016177982823453035,14.0,0.0,1.0,11.0,0.2142857142857142,0.1146396745086679,-5.0,0.0,0.0,-2.0,-0.10317460317460309,-0.0142231842449254,100.0,0.0,1.0,100.0,0.01,0.1029407519351702,-91.0,0.0,0.0,-91.0,0.10111111111111111,-0.002524261671427705
LIT_PCBA,ligand_only,PPARG,PPARG,0.7,100,chemdeprc_soft75,14.0,0.0,1.0,9.0,0.3571428571428571,0.159805165670172,100.0,0.0,1.0,69.0,0.09,0.1020342885460878,-86.0,0.0,0.0,-60.0,0.2671428571428571,0.0577708771240842,14.0,0.0,1.0,11.0,0.2142857142857142,0.1146396745086679,0.0,0.0,0.0,-2.0,0.1428571428571429,0.045165491161504104,100.0,0.0,1.0,100.0,0.01,0.1029407519351702,-86.0,0.0,0.0,-91.0,0.3471428571428571,0.0568644137350018
LIT_PCBA,ligand_only,PPARG,PPARG,0.7,100,score_cap1,100.0,0.0,1.0,100.0,0.01,0.1029407519351702,100.0,0.0,1.0,69.0,0.09,0.1020342885460878,0.0,0.0,0.0,31.0,-0.08,0.0009064633890824014,14.0,0.0,1.0,11.0,0.2142857142857142,0.1146396745086679,86.0,0.0,0.0,89.0,-0.20428571428571418,-0.011698922573497694,100.0,0.0,1.0,100.0,0.01,0.1029407519351702,0.0,0.0,0.0,0.0,0.0,0.0
LIT_PCBA,ligand_only,PPARG,PPARG,0.7,100,weighted_bh,12.0,0.0,1.0,9.0,0.25,0.1296323354930169,100.0,0.0,1.0,69.0,0.09,0.1020342885460878,-88.0,0.0,0.0,-60.0,0.16,0.027598046946929092,14.0,0.0,1.0,11.0,0.2142857142857142,0.1146396745086679,-2.0,0.0,0.0,-2.0,0.03571428571428581,0.014992660984348996,100.0,0.0,1.0,100.0,0.01,0.1029407519351702,-88.0,0.0,0.0,-91.0,0.24,0.02669158355784669
LIT_PCBA,ligand_only,PPARG,PPARG,0.7,200,bh,14.0,0.0,1.0,11.0,0.2142857142857142,0.1146396745086679,200.0,1.0,0.995,135.0,0.075,0.1024922732407276,-186.0,-1.0,0.0050000000000000044,-124.0,0.13928571428571418,0.012147401267940297,14.0,0.0,1.0,11.0,0.2142857142857142,0.1146396745086679,0.0,0.0,0.0,0.0,0.0,0.0,200.0,2.0,0.99,200.0,0.005,0.1006051154803002,-186.0,-2.0,0.010000000000000009,-189.0,0.20928571428571419,0.014034559028367699
LIT_PCBA,ligand_only,PPARG,PPARG,0.7,200,chemdeprc_cap1,9.0,0.0,1.0,9.0,0.1111111111111111,0.1004164902637425,200.0,1.0,0.995,135.0,0.075,0.1024922732407276,-191.0,-1.0,0.0050000000000000044,-126.0,0.03611111111111111,-0.002075782976985102,14.0,0.0,1.0,11.0,0.2142857142857142,0.1146396745086679,-5.0,0.0,0.0,-2.0,-0.10317460317460309,-0.0142231842449254,200.0,2.0,0.99,200.0,0.005,0.1006051154803002,-191.0,-2.0,0.010000000000000009,-191.0,0.1061111111111111,-0.00018862521655770015
LIT_PCBA,ligand_only,PPARG,PPARG,0.7,200,chemdeprc_soft75,14.0,0.0,1.0,9.0,0.3571428571428571,0.159805165670172,200.0,1.0,0.995,135.0,0.075,0.1024922732407276,-186.0,-1.0,0.0050000000000000044,-126.0,0.2821428571428571,0.0573128924294444,14.0,0.0,1.0,11.0,0.2142857142857142,0.1146396745086679,0.0,0.0,0.0,-2.0,0.1428571428571429,0.045165491161504104,200.0,2.0,0.99,200.0,0.005,0.1006051154803002,-186.0,-2.0,0.010000000000000009,-191.0,0.3521428571428571,0.0592000501898718
LIT_PCBA,ligand_only,PPARG,PPARG,0.7,200,score_cap1,200.0,2.0,0.99,200.0,0.005,0.1006051154803002,200.0,1.0,0.995,135.0,0.075,0.1024922732407276,0.0,1.0,-0.0050000000000000044,65.0,-0.06999999999999999,-0.001887157760427402,14.0,0.0,1.0,11.0,0.2142857142857142,0.1146396745086679,186.0,2.0,-0.010000000000000009,189.0,-0.20928571428571419,-0.014034559028367699,200.0,2.0,0.99,200.0,0.005,0.1006051154803002,0.0,0.0,0.0,0.0,0.0,0.0
LIT_PCBA,ligand_only,PPARG,PPARG,0.7,200,weighted_bh,12.0,0.0,1.0,9.0,0.25,0.1296323354930169,200.0,1.0,0.995,135.0,0.075,0.1024922732407276,-188.0,-1.0,0.0050000000000000044,-126.0,0.175,0.027140062252289293,14.0,0.0,1.0,11.0,0.2142857142857142,0.1146396745086679,-2.0,0.0,0.0,-2.0,0.03571428571428581,0.014992660984348996,200.0,2.0,0.99,200.0,0.005,0.1006051154803002,-188.0,-2.0,0.010000000000000009,-191.0,0.245,0.029027220012716695
LIT_PCBA,ligand_only,PPARG,PPARG,0.7,500,bh,14.0,0.0,1.0,11.0,0.2142857142857142,0.1146396745086679,500.0,2.0,0.996,302.0,0.082,0.0976106749234884,-486.0,-2.0,0.0040000000000000036,-291.0,0.13228571428571417,0.01702899958517949,14.0,0.0,1.0,11.0,0.2142857142857142,0.1146396745086679,0.0,0.0,0.0,0.0,0.0,0.0,500.0,6.0,0.988,500.0,0.002,0.0943012152382587,-486.0,-6.0,0.01200000000000001,-489.0,0.2122857142857142,0.020338459270409198
LIT_PCBA,ligand_only,PPARG,PPARG,0.7,500,chemdeprc_cap1,9.0,0.0,1.0,9.0,0.1111111111111111,0.1004164902637425,500.0,2.0,0.996,302.0,0.082,0.0976106749234884,-491.0,-2.0,0.0040000000000000036,-293.0,0.0291111111111111,0.002805815340254092,14.0,0.0,1.0,11.0,0.2142857142857142,0.1146396745086679,-5.0,0.0,0.0,-2.0,-0.10317460317460309,-0.0142231842449254,500.0,6.0,0.988,500.0,0.002,0.0943012152382587,-491.0,-6.0,0.01200000000000001,-491.0,0.1091111111111111,0.006115275025483799
LIT_PCBA,ligand_only,PPARG,PPARG,0.7,500,chemdeprc_soft75,14.0,0.0,1.0,9.0,0.3571428571428571,0.159805165670172,500.0,2.0,0.996,302.0,0.082,0.0976106749234884,-486.0,-2.0,0.0040000000000000036,-293.0,0.2751428571428571,0.062194490746683595,14.0,0.0,1.0,11.0,0.2142857142857142,0.1146396745086679,0.0,0.0,0.0,-2.0,0.1428571428571429,0.045165491161504104,500.0,6.0,0.988,500.0,0.002,0.0943012152382587,-486.0,-6.0,0.01200000000000001,-491.0,0.3551428571428571,0.0655039504319133
LIT_PCBA,ligand_only,PPARG,PPARG,0.7,500,score_cap1,500.0,6.0,0.988,500.0,0.002,0.0943012152382587,500.0,2.0,0.996,302.0,0.082,0.0976106749234884,0.0,4.0,-0.008000000000000007,198.0,-0.08,-0.003309459685229707,14.0,0.0,1.0,11.0,0.2142857142857142,0.1146396745086679,486.0,6.0,-0.01200000000000001,489.0,-0.2122857142857142,-0.020338459270409198,500.0,6.0,0.988,500.0,0.002,0.0943012152382587,0.0,0.0,0.0,0.0,0.0,0.0
LIT_PCBA,ligand_only,PPARG,PPARG,0.7,500,weighted_bh,12.0,0.0,1.0,9.0,0.25,0.1296323354930169,500.0,2.0,0.996,302.0,0.082,0.0976106749234884,-488.0,-2.0,0.0040000000000000036,-293.0,0.16799999999999998,0.03202166056952849,14.0,0.0,1.0,11.0,0.2142857142857142,0.1146396745086679,-2.0,0.0,0.0,-2.0,0.03571428571428581,0.014992660984348996,500.0,6.0,0.988,500.0,0.002,0.0943012152382587,-488.0,-6.0,0.01200000000000001,-491.0,0.248,0.035331120254758194
LIT_PCBA,ligand_only,TP53,TP53,0.7,10,bh,0.0,0.0,0.0,0.0,0.0,0.0,10.0,0.0,1.0,9.0,0.2,0.1088877503839413,-10.0,0.0,-1.0,-9.0,-0.2,-0.1088877503839413,0.0,0.0,0.0,0.0,0.0,0.0,0.0,0.0,0.0,0.0,0.0,0.0,10.0,0.0,1.0,10.0,0.1,0.0968134278345402,-10.0,0.0,-1.0,-10.0,-0.1,-0.0968134278345402
LIT_PCBA,ligand_only,TP53,TP53,0.7,10,chemdeprc_cap1,10.0,0.0,1.0,10.0,0.1,0.102097080780433,10.0,0.0,1.0,9.0,0.2,0.1088877503839413,0.0,0.0,0.0,1.0,-0.1,-0.006790669603508298,0.0,0.0,0.0,0.0,0.0,0.0,10.0,0.0,1.0,10.0,0.1,0.102097080780433,10.0,0.0,1.0,10.0,0.1,0.0968134278345402,0.0,0.0,0.0,0.0,0.0,0.005283652945892808
LIT_PCBA,ligand_only,TP53,TP53,0.7,10,chemdeprc_soft75,10.0,0.0,1.0,8.0,0.3,0.1516511736210882,10.0,0.0,1.0,9.0,0.2,0.1088877503839413,0.0,0.0,0.0,-1.0,0.09999999999999998,0.04276342323714691,0.0,0.0,0.0,0.0,0.0,0.0,10.0,0.0,1.0,8.0,0.3,0.1516511736210882,10.0,0.0,1.0,10.0,0.1,0.0968134278345402,0.0,0.0,0.0,-2.0,0.19999999999999998,0.054837745786548014
LIT_PCBA,ligand_only,TP53,TP53,0.7,10,score_cap1,10.0,0.0,1.0,10.0,0.1,0.0968134278345402,10.0,0.0,1.0,9.0,0.2,0.1088877503839413,0.0,0.0,0.0,1.0,-0.1,-0.012074322549401106,0.0,0.0,0.0,0.0,0.0,0.0,10.0,0.0,1.0,10.0,0.1,0.0968134278345402,10.0,0.0,1.0,10.0,0.1,0.0968134278345402,0.0,0.0,0.0,0.0,0.0,0.0
LIT_PCBA,ligand_only,TP53,TP53,0.7,10,weighted_bh,10.0,0.0,1.0,10.0,0.1,0.102097080780433,10.0,0.0,1.0,9.0,0.2,0.1088877503839413,0.0,0.0,0.0,1.0,-0.1,-0.006790669603508298,0.0,0.0,0.0,0.0,0.0,0.0,10.0,0.0,1.0,10.0,0.1,0.102097080780433,10.0,0.0,1.0,10.0,0.1,0.0968134278345402,0.0,0.0,0.0,0.0,0.0,0.005283652945892808
LIT_PCBA,ligand_only,TP53,TP53,0.7,20,bh,0.0,0.0,0.0,0.0,0.0,0.0,20.0,0.0,1.0,17.0,0.1,0.1206353797470814,-20.0,0.0,-1.0,-17.0,-0.1,-0.1206353797470814,0.0,0.0,0.0,0.0,0.0,0.0,0.0,0.0,0.0,0.0,0.0,0.0,20.0,1.0,0.95,20.0,0.05,0.1013013083567342,-20.0,-1.0,-0.95,-20.0,-0.05,-0.1013013083567342
LIT_PCBA,ligand_only,TP53,TP53,0.7,20,chemdeprc_cap1,20.0,1.0,0.95,20.0,0.05,0.1098424132233486,20.0,0.0,1.0,17.0,0.1,0.1206353797470814,0.0,1.0,-0.050000000000000044,3.0,-0.05,-0.010792966523732794,0.0,0.0,0.0,0.0,0.0,0.0,20.0,1.0,0.95,20.0,0.05,0.1098424132233486,20.0,1.0,0.95,20.0,0.05,0.1013013083567342,0.0,0.0,0.0,0.0,0.0,0.008541104866614399
LIT_PCBA,ligand_only,TP53,TP53,0.7,20,chemdeprc_soft75,20.0,1.0,0.95,15.0,0.15,0.1389044309388912,20.0,0.0,1.0,17.0,0.1,0.1206353797470814,0.0,1.0,-0.050000000000000044,-2.0,0.04999999999999999,0.018269051191809813,0.0,0.0,0.0,0.0,0.0,0.0,20.0,1.0,0.95,15.0,0.15,0.1389044309388912,20.0,1.0,0.95,20.0,0.05,0.1013013083567342,0.0,0.0,0.0,-5.0,0.09999999999999999,0.037603122582157006
LIT_PCBA,ligand_only,TP53,TP53,0.7,20,score_cap1,20.0,1.0,0.95,20.0,0.05,0.1013013083567342,20.0,0.0,1.0,17.0,0.1,0.1206353797470814,0.0,1.0,-0.050000000000000044,3.0,-0.05,-0.019334071390347193,0.0,0.0,0.0,0.0,0.0,0.0,20.0,1.0,0.95,20.0,0.05,0.1013013083567342,20.0,1.0,0.95,20.0,0.05,0.1013013083567342,0.0,0.0,0.0,0.0,0.0,0.0
LIT_PCBA,ligand_only,TP53,TP53,0.7,20,weighted_bh,20.0,1.0,0.95,19.0,0.1,0.1174903803637123,20.0,0.0,1.0,17.0,0.1,0.1206353797470814,0.0,1.0,-0.050000000000000044,2.0,0.0,-0.003144999383369096,0.0,0.0,0.0,0.0,0.0,0.0,20.0,1.0,0.95,19.0,0.1,0.1174903803637123,20.0,1.0,0.95,20.0,0.05,0.1013013083567342,0.0,0.0,0.0,-1.0,0.05,0.016189072006978097
LIT_PCBA,ligand_only,TP53,TP53,0.7,50,bh,0.0,0.0,0.0,0.0,0.0,0.0,50.0,1.0,0.98,38.0,0.12,0.112287790045637,-50.0,-1.0,-0.98,-38.0,-0.12,-0.112287790045637,0.0,0.0,0.0,0.0,0.0,0.0,0.0,0.0,0.0,0.0,0.0,0.0,50.0,1.0,0.98,50.0,0.02,0.0980542681780049,-50.0,-1.0,-0.98,-50.0,-0.02,-0.0980542681780049
LIT_PCBA,ligand_only,TP53,TP53,0.7,50,chemdeprc_cap1,50.0,1.0,0.98,50.0,0.02,0.1053526382881925,50.0,1.0,0.98,38.0,0.12,0.112287790045637,0.0,0.0,0.0,12.0,-0.09999999999999999,-0.00693515175744451,0.0,0.0,0.0,0.0,0.0,0.0,50.0,1.0,0.98,50.0,0.02,0.1053526382881925,50.0,1.0,0.98,50.0,0.02,0.0980542681780049,0.0,0.0,0.0,0.0,0.0,0.007298370110187594
LIT_PCBA,ligand_only,TP53,TP53,0.7,50,chemdeprc_soft75,50.0,1.0,0.98,38.0,0.08,0.1176177586776706,50.0,1.0,0.98,38.0,0.12,0.112287790045637,0.0,0.0,0.0,0.0,-0.039999999999999994,0.0053299686320335965,0.0,0.0,0.0,0.0,0.0,0.0,50.0,1.0,0.98,38.0,0.08,0.1176177586776706,50.0,1.0,0.98,50.0,0.02,0.0980542681780049,0.0,0.0,0.0,-12.0,0.06,0.0195634904996657
LIT_PCBA,ligand_only,TP53,TP53,0.7,50,score_cap1,50.0,1.0,0.98,50.0,0.02,0.0980542681780049,50.0,1.0,0.98,38.0,0.12,0.112287790045637,0.0,0.0,0.0,12.0,-0.09999999999999999,-0.014233521867632104,0.0,0.0,0.0,0.0,0.0,0.0,50.0,1.0,0.98,50.0,0.02,0.0980542681780049,50.0,1.0,0.98,50.0,0.02,0.0980542681780049,0.0,0.0,0.0,0.0,0.0,0.0
LIT_PCBA,ligand_only,TP53,TP53,0.7,50,weighted_bh,50.0,1.0,0.98,47.0,0.04,0.1116452313986992,50.0,1.0,0.98,38.0,0.12,0.112287790045637,0.0,0.0,0.0,9.0,-0.07999999999999999,-0.0006425586469378103,0.0,0.0,0.0,0.0,0.0,0.0,50.0,1.0,0.98,47.0,0.04,0.1116452313986992,50.0,1.0,0.98,50.0,0.02,0.0980542681780049,0.0,0.0,0.0,-3.0,0.02,0.013590963220694294
LIT_PCBA,ligand_only,TP53,TP53,0.7,100,bh,0.0,0.0,0.0,0.0,0.0,0.0,100.0,2.0,0.98,67.0,0.14,0.1078751900366769,-100.0,-2.0,-0.98,-67.0,-0.14,-0.1078751900366769,0.0,0.0,0.0,0.0,0.0,0.0,0.0,0.0,0.0,0.0,0.0,0.0,100.0,2.0,0.98,100.0,0.01,0.1015995548347966,-100.0,-2.0,-0.98,-100.0,-0.01,-0.1015995548347966
LIT_PCBA,ligand_only,TP53,TP53,0.7,100,chemdeprc_cap1,76.0,1.0,0.986842105263158,76.0,0.0131578947368421,0.1071134019250476,100.0,2.0,0.98,67.0,0.14,0.1078751900366769,-24.0,-1.0,0.006842105263157983,9.0,-0.12684210526315792,-0.0007617881116292885,0.0,0.0,0.0,0.0,0.0,0.0,76.0,1.0,0.986842105263158,76.0,0.0131578947368421,0.1071134019250476,100.0,2.0,0.98,100.0,0.01,0.1015995548347966,-24.0,-1.0,0.006842105263157983,-24.0,0.003157894736842099,0.005513847090251003
LIT_PCBA,ligand_only,TP53,TP53,0.7,100,chemdeprc_soft75,100.0,1.0,0.99,75.0,0.04,0.1077735002878383,100.0,2.0,0.98,67.0,0.14,0.1078751900366769,0.0,-1.0,0.010000000000000009,8.0,-0.1,-0.00010168974883859039,0.0,0.0,0.0,0.0,0.0,0.0,100.0,1.0,0.99,75.0,0.04,0.1077735002878383,100.0,2.0,0.98,100.0,0.01,0.1015995548347966,0.0,-1.0,0.010000000000000009,-25.0,0.03,0.0061739454530417015
LIT_PCBA,ligand_only,TP53,TP53,0.7,100,score_cap1,100.0,2.0,0.98,100.0,0.01,0.1015995548347966,100.0,2.0,0.98,67.0,0.14,0.1078751900366769,0.0,0.0,0.0,33.0,-0.13,-0.006275635201880292,0.0,0.0,0.0,0.0,0.0,0.0,100.0,2.0,0.98,100.0,0.01,0.1015995548347966,100.0,2.0,0.98,100.0,0.01,0.1015995548347966,0.0,0.0,0.0,0.0,0.0,0.0
LIT_PCBA,ligand_only,TP53,TP53,0.7,100,weighted_bh,60.0,1.0,0.9833333333333332,57.0,0.0333333333333333,0.1104744855588264,100.0,2.0,0.98,67.0,0.14,0.1078751900366769,-40.0,-1.0,0.0033333333333331883,-10.0,-0.10666666666666672,0.0025992955221495057,0.0,0.0,0.0,0.0,0.0,0.0,60.0,1.0,0.9833333333333332,57.0,0.0333333333333333,0.1104744855588264,100.0,2.0,0.98,100.0,0.01,0.1015995548347966,-40.0,-1.0,0.0033333333333331883,-43.0,0.023333333333333296,0.008874930724029798
LIT_PCBA,ligand_only,TP53,TP53,0.7,200,bh,0.0,0.0,0.0,0.0,0.0,0.0,200.0,6.0,0.97,134.0,0.085,0.1044904909134105,-200.0,-6.0,-0.97,-134.0,-0.085,-0.1044904909134105,0.0,0.0,0.0,0.0,0.0,0.0,0.0,0.0,0.0,0.0,0.0,0.0,200.0,4.0,0.98,200.0,0.005,0.0986497859829477,-200.0,-4.0,-0.98,-200.0,-0.005,-0.0986497859829477
LIT_PCBA,ligand_only,TP53,TP53,0.7,200,chemdeprc_cap1,76.0,1.0,0.986842105263158,76.0,0.0131578947368421,0.1071134019250476,200.0,6.0,0.97,134.0,0.085,0.1044904909134105,-124.0,-5.0,0.01684210526315799,-58.0,-0.0718421052631579,0.0026229110116370996,0.0,0.0,0.0,0.0,0.0,0.0,76.0,1.0,0.986842105263158,76.0,0.0131578947368421,0.1071134019250476,200.0,4.0,0.98,200.0,0.005,0.0986497859829477,-124.0,-3.0,0.006842105263157983,-124.0,0.0081578947368421,0.008463615942099906
LIT_PCBA,ligand_only,TP53,TP53,0.7,200,chemdeprc_soft75,104.0,1.0,0.9903846153846154,76.0,0.0384615384615384,0.1075676320473722,200.0,6.0,0.97,134.0,0.085,0.1044904909134105,-96.0,-5.0,0.020384615384615445,-58.0,-0.046538461538461605,0.0030771411339616944,0.0,0.0,0.0,0.0,0.0,0.0,104.0,1.0,0.9903846153846154,76.0,0.0384615384615384,0.1075676320473722,200.0,4.0,0.98,200.0,0.005,0.0986497859829477,-96.0,-3.0,0.010384615384615437,-124.0,0.033461538461538404,0.0089178460644245
LIT_PCBA,ligand_only,TP53,TP53,0.7,200,score_cap1,200.0,4.0,0.98,200.0,0.005,0.0986497859829477,200.0,6.0,0.97,134.0,0.085,0.1044904909134105,0.0,-2.0,0.010000000000000009,66.0,-0.08,-0.005840704930462806,0.0,0.0,0.0,0.0,0.0,0.0,200.0,4.0,0.98,200.0,0.005,0.0986497859829477,200.0,4.0,0.98,200.0,0.005,0.0986497859829477,0.0,0.0,0.0,0.0,0.0,0.0
LIT_PCBA,ligand_only,TP53,TP53,0.7,200,weighted_bh,60.0,1.0,0.9833333333333332,57.0,0.0333333333333333,0.1104744855588264,200.0,6.0,0.97,134.0,0.085,0.1044904909134105,-140.0,-5.0,0.013333333333333197,-77.0,-0.05166666666666671,0.005983994645415894,0.0,0.0,0.0,0.0,0.0,0.0,60.0,1.0,0.9833333333333332,57.0,0.0333333333333333,0.1104744855588264,200.0,4.0,0.98,200.0,0.005,0.0986497859829477,-140.0,-3.0,0.0033333333333331883,-143.0,0.028333333333333297,0.0118246995758787
LIT_PCBA,ligand_only,TP53,TP53,0.7,500,bh,0.0,0.0,0.0,0.0,0.0,0.0,500.0,10.0,0.98,300.0,0.106,0.1007447384034813,-500.0,-10.0,-0.98,-300.0,-0.106,-0.1007447384034813,0.0,0.0,0.0,0.0,0.0,0.0,0.0,0.0,0.0,0.0,0.0,0.0,500.0,15.0,0.97,500.0,0.002,0.0935563153840937,-500.0,-15.0,-0.97,-500.0,-0.002,-0.0935563153840937
LIT_PCBA,ligand_only,TP53,TP53,0.7,500,chemdeprc_cap1,76.0,1.0,0.986842105263158,76.0,0.0131578947368421,0.1071134019250476,500.0,10.0,0.98,300.0,0.106,0.1007447384034813,-424.0,-9.0,0.006842105263157983,-224.0,-0.09284210526315789,0.006368663521566301,0.0,0.0,0.0,0.0,0.0,0.0,76.0,1.0,0.986842105263158,76.0,0.0131578947368421,0.1071134019250476,500.0,15.0,0.97,500.0,0.002,0.0935563153840937,-424.0,-14.0,0.01684210526315799,-424.0,0.0111578947368421,0.013557086540953903
LIT_PCBA,ligand_only,TP53,TP53,0.7,500,chemdeprc_soft75,104.0,1.0,0.9903846153846154,76.0,0.0384615384615384,0.1075676320473722,500.0,10.0,0.98,300.0,0.106,0.1007447384034813,-396.0,-9.0,0.010384615384615437,-224.0,-0.0675384615384616,0.0068228936438908955,0.0,0.0,0.0,0.0,0.0,0.0,104.0,1.0,0.9903846153846154,76.0,0.0384615384615384,0.1075676320473722,500.0,15.0,0.97,500.0,0.002,0.0935563153840937,-396.0,-14.0,0.020384615384615445,-424.0,0.0364615384615384,0.014011316663278497
LIT_PCBA,ligand_only,TP53,TP53,0.7,500,score_cap1,500.0,15.0,0.97,500.0,0.002,0.0935563153840937,500.0,10.0,0.98,300.0,0.106,0.1007447384034813,0.0,5.0,-0.010000000000000009,200.0,-0.104,-0.007188423019387602,0.0,0.0,0.0,0.0,0.0,0.0,500.0,15.0,0.97,500.0,0.002,0.0935563153840937,500.0,15.0,0.97,500.0,0.002,0.0935563153840937,0.0,0.0,0.0,0.0,0.0,0.0
LIT_PCBA,ligand_only,TP53,TP53,0.7,500,weighted_bh,60.0,1.0,0.9833333333333332,57.0,0.0333333333333333,0.1104744855588264,500.0,10.0,0.98,300.0,0.106,0.1007447384034813,-440.0,-9.0,0.0033333333333331883,-243.0,-0.0726666666666667,0.009729747155345095,0.0,0.0,0.0,0.0,0.0,0.0,60.0,1.0,0.9833333333333332,57.0,0.0333333333333333,0.1104744855588264,500.0,15.0,0.97,500.0,0.002,0.0935563153840937,-440.0,-14.0,0.013333333333333197,-443.0,0.031333333333333296,0.016918170174732697
