dataset,scenario,q,budget_label,method,selected_count_mean,true_hits_mean,fdp_mean,fdp_exceeds_q_mean,precision_mean,power_mean,unique_blocks_mean,max_block_share_mean,mean_pairwise_tanimoto_mean,selected_count_std,true_hits_std,fdp_std,fdp_exceeds_q_std,precision_std,power_std,unique_blocks_std,max_block_share_std,mean_pairwise_tanimoto_std,n_panels,n_seeds,n_rows,selected_count_mean_std,true_hits_mean_std,fdp_mean_std,fdp_exceeds_q_mean_std,precision_mean_std,power_mean_std,unique_blocks_mean_std,max_block_share_mean_std,mean_pairwise_tanimoto_mean_std
bace,cold_start20,0.7,25,bh,25.0,23.4,0.064,0.0,0.9359999999999999,0.16834532374100716,9.0,0.544,0.4298909764368254,0.0,0.8944271909999156,0.03577708763999663,0.0,0.035777087639996596,0.006434727992805168,2.121320343559643,0.10039920318408908,0.06827152183239384,5,5,5,25.000 +/- 0.000,23.400 +/- 0.894,0.064 +/- 0.036,0.000 +/- 0.000,0.936 +/- 0.036,0.168 +/- 0.006,9.000 +/- 2.121,0.544 +/- 0.100,0.430 +/- 0.068
bace,cold_start20,0.7,25,bh_cap1,25.0,20.6,0.17600000000000002,0.0,0.8240000000000001,0.14820143884892084,25.0,0.04,0.2351521902464166,0.0,1.8165902124584947,0.07266360849833982,0.0,0.07266360849833979,0.01306899433423376,0.0,0.0,0.02006690498714714,5,5,5,25.000 +/- 0.000,20.600 +/- 1.817,0.176 +/- 0.073,0.000 +/- 0.000,0.824 +/- 0.073,0.148 +/- 0.013,25.000 +/- 0.000,0.040 +/- 0.000,0.235 +/- 0.020
bace,cold_start20,0.7,25,block_bh,25.0,23.4,0.064,0.0,0.9359999999999999,0.16834532374100716,9.0,0.544,0.4298909764368254,0.0,0.8944271909999156,0.03577708763999663,0.0,0.035777087639996596,0.006434727992805168,2.121320343559643,0.10039920318408908,0.06827152183239384,5,5,5,25.000 +/- 0.000,23.400 +/- 0.894,0.064 +/- 0.036,0.000 +/- 0.000,0.936 +/- 0.036,0.168 +/- 0.006,9.000 +/- 2.121,0.544 +/- 0.100,0.430 +/- 0.068
bace,cold_start20,0.7,25,by,19.2,18.0,0.04952380952380952,0.0,0.7504761904761905,0.1294964028776978,6.8,0.48533333333333334,0.3606517991038543,10.871982339941507,10.198039027185569,0.0436019929228937,0.0,0.42087911450313537,0.07336718724593932,4.32434966208793,0.27977768952429993,0.21265775570964301,5,5,5,19.200 +/- 10.872,18.000 +/- 10.198,0.050 +/- 0.044,0.000 +/- 0.000,0.750 +/- 0.421,0.129 +/- 0.073,6.800 +/- 4.324,0.485 +/- 0.280,0.361 +/- 0.213
bace,cold_start20,0.7,25,chemdeprc_cap1,25.0,20.2,0.192,0.0,0.808,0.14532374100719422,25.0,0.04,0.2378501833594296,0.0,1.30384048104053,0.05215361924162119,0.0,0.05215361924162119,0.009380147345615297,0.0,0.0,0.02111096528205365,5,5,5,25.000 +/- 0.000,20.200 +/- 1.304,0.192 +/- 0.052,0.000 +/- 0.000,0.808 +/- 0.052,0.145 +/- 0.009,25.000 +/- 0.000,0.040 +/- 0.000,0.238 +/- 0.021
bace,cold_start20,0.7,25,chemdeprc_scorecap1,25.0,20.4,0.184,0.0,0.8160000000000001,0.14676258992805752,25.0,0.04,0.23939089568077368,0.0,1.9493588689617931,0.07797435475847173,0.0,0.07797435475847171,0.01402416452490496,0.0,0.0,0.02025934637201164,5,5,5,25.000 +/- 0.000,20.400 +/- 1.949,0.184 +/- 0.078,0.000 +/- 0.000,0.816 +/- 0.078,0.147 +/- 0.014,25.000 +/- 0.000,0.040 +/- 0.000,0.239 +/- 0.020
bace,cold_start20,0.7,25,chemdeprc_scoresoft50,25.0,21.6,0.13599999999999998,0.0,0.8640000000000001,0.15539568345323737,13.0,0.176,0.297866584174419,0.0,1.6733200530681513,0.06693280212272604,0.0,0.06693280212272609,0.01203827376308018,0.0,0.04560701700396552,0.02742691723864096,5,5,5,25.000 +/- 0.000,21.600 +/- 1.673,0.136 +/- 0.067,0.000 +/- 0.000,0.864 +/- 0.067,0.155 +/- 0.012,13.000 +/- 0.000,0.176 +/- 0.046,0.298 +/- 0.027
bace,cold_start20,0.7,25,chemdeprc_soft50,25.0,22.8,0.088,0.0,0.9120000000000001,0.16402877697841722,13.0,0.288,0.33235794196100565,0.0,1.0954451150103324,0.04381780460041329,0.0,0.043817804600413304,0.007880900107987985,0.0,0.09549869109050657,0.0642864422871483,5,5,5,25.000 +/- 0.000,22.800 +/- 1.095,0.088 +/- 0.044,0.000 +/- 0.000,0.912 +/- 0.044,0.164 +/- 0.008,13.000 +/- 0.000,0.288 +/- 0.095,0.332 +/- 0.064
bace,cold_start20,0.7,25,chemdeprc_soft75,25.0,21.8,0.128,0.0,0.8720000000000001,0.15683453237410067,19.0,0.096,0.27663404223645754,0.0,0.8366600265340753,0.033466401061363026,0.0,0.03346640106136305,0.006019136881540073,0.0,0.021908902300206645,0.031883197952586845,5,5,5,25.000 +/- 0.000,21.800 +/- 0.837,0.128 +/- 0.033,0.000 +/- 0.000,0.872 +/- 0.033,0.157 +/- 0.006,19.000 +/- 0.000,0.096 +/- 0.022,0.277 +/- 0.032
bace,cold_start20,0.7,25,random_b,25.0,11.4,0.5439999999999999,0.0,0.45600000000000007,0.08201438848920858,19.6,0.168,0.19615129297932005,0.0,1.6733200530681511,0.06693280212272604,0.0,0.06693280212272605,0.012038273763080226,2.0736441353327715,0.03346640106136303,0.01321623978358876,5,5,5,25.000 +/- 0.000,11.400 +/- 1.673,0.544 +/- 0.067,0.000 +/- 0.000,0.456 +/- 0.067,0.082 +/- 0.012,19.600 +/- 2.074,0.168 +/- 0.033,0.196 +/- 0.013
bace,cold_start20,0.7,25,raw_top_b,25.0,23.4,0.064,0.0,0.9359999999999999,0.16834532374100716,9.0,0.544,0.4298909764368254,0.0,0.8944271909999156,0.03577708763999663,0.0,0.035777087639996596,0.006434727992805168,2.121320343559643,0.10039920318408908,0.06827152183239384,5,5,5,25.000 +/- 0.000,23.400 +/- 0.894,0.064 +/- 0.036,0.000 +/- 0.000,0.936 +/- 0.036,0.168 +/- 0.006,9.000 +/- 2.121,0.544 +/- 0.100,0.430 +/- 0.068
bace,cold_start20,0.7,25,score_cap1,25.0,20.6,0.17600000000000002,0.0,0.8240000000000001,0.14820143884892084,25.0,0.04,0.2351521902464166,0.0,1.8165902124584947,0.07266360849833982,0.0,0.07266360849833979,0.01306899433423376,0.0,0.0,0.02006690498714714,5,5,5,25.000 +/- 0.000,20.600 +/- 1.817,0.176 +/- 0.073,0.000 +/- 0.000,0.824 +/- 0.073,0.148 +/- 0.013,25.000 +/- 0.000,0.040 +/- 0.000,0.235 +/- 0.020
bace,cold_start20,0.7,25,score_dpp,25.0,20.2,0.192,0.0,0.808,0.14532374100719422,22.6,0.10400000000000001,0.18435372877220876,0.0,1.3038404810405297,0.0521536192416212,0.0,0.052153619241621145,0.009380147345615333,1.949358868961793,0.06066300355241241,0.015246521470854509,5,5,5,25.000 +/- 0.000,20.200 +/- 1.304,0.192 +/- 0.052,0.000 +/- 0.000,0.808 +/- 0.052,0.145 +/- 0.009,22.600 +/- 1.949,0.104 +/- 0.061,0.184 +/- 0.015
bace,cold_start20,0.7,25,score_leader70,25.0,20.2,0.192,0.0,0.808,0.14532374100719422,20.6,0.144,0.22153418376933898,0.0,1.7888543819998317,0.07155417527999328,0.0,0.07155417527999326,0.012869455985610283,3.130495168499706,0.10430723848324237,0.021560084457199896,5,5,5,25.000 +/- 0.000,20.200 +/- 1.789,0.192 +/- 0.072,0.000 +/- 0.000,0.808 +/- 0.072,0.145 +/- 0.013,20.600 +/- 3.130,0.144 +/- 0.104,0.222 +/- 0.022
bace,cold_start20,0.7,25,score_maxmin,25.0,9.8,0.608,0.0,0.392,0.07050359712230211,24.6,0.05600000000000001,0.11148863713825205,0.0,0.8366600265340758,0.033466401061363005,0.0,0.03346640106136304,0.006019136881540099,0.5477225575051662,0.021908902300206645,0.003739590752810413,5,5,5,25.000 +/- 0.000,9.800 +/- 0.837,0.608 +/- 0.033,0.000 +/- 0.000,0.392 +/- 0.033,0.071 +/- 0.006,24.600 +/- 0.548,0.056 +/- 0.022,0.111 +/- 0.004
bace,cold_start20,0.7,25,score_mmr25,25.0,20.8,0.16799999999999998,0.0,0.8320000000000001,0.14964028776978416,20.0,0.184,0.22115532478921032,0.0,1.3038404810405297,0.05215361924162119,0.0,0.05215361924162115,0.009380147345615313,1.8708286933869707,0.07797435475847173,0.021342935030263306,5,5,5,25.000 +/- 0.000,20.800 +/- 1.304,0.168 +/- 0.052,0.000 +/- 0.000,0.832 +/- 0.052,0.150 +/- 0.009,20.000 +/- 1.871,0.184 +/- 0.078,0.221 +/- 0.021
bace,cold_start20,0.7,25,weighted_bh,25.0,21.0,0.16,0.0,0.8400000000000001,0.15107913669064743,20.4,0.144,0.26977527243569854,0.0,1.414213562373095,0.05656854249492381,0.0,0.05656854249492378,0.010174198290453903,2.1908902300206643,0.05366563145999496,0.025632953818687482,5,5,5,25.000 +/- 0.000,21.000 +/- 1.414,0.160 +/- 0.057,0.000 +/- 0.000,0.840 +/- 0.057,0.151 +/- 0.010,20.400 +/- 2.191,0.144 +/- 0.054,0.270 +/- 0.026
bace,cold_start20,0.7,50,bh,50.0,42.4,0.152,0.0,0.8480000000000001,0.30503597122302156,22.4,0.3,0.2806230652654874,0.0,1.1401754250991383,0.022803508501982758,0.0,0.02280350850198279,0.008202700899993766,3.8470768123342687,0.04472135954999578,0.018432879580662975,5,5,5,50.000 +/- 0.000,42.400 +/- 1.140,0.152 +/- 0.023,0.000 +/- 0.000,0.848 +/- 0.023,0.305 +/- 0.008,22.400 +/- 3.847,0.300 +/- 0.045,0.281 +/- 0.018
bace,cold_start20,0.7,50,bh_cap1,49.2,34.0,0.3095652173913043,0.0,0.6904347826086956,0.24460431654676257,49.2,0.02034782608695652,0.1948047124635677,1.788854381999831,3.082207001484488,0.047512807943906575,0.0,0.04751280794390659,0.022174151089816435,1.788854381999831,0.0007777627747825316,0.007725356524058217,5,5,5,49.200 +/- 1.789,34.000 +/- 3.082,0.310 +/- 0.048,0.000 +/- 0.000,0.690 +/- 0.048,0.245 +/- 0.022,49.200 +/- 1.789,0.020 +/- 0.001,0.195 +/- 0.008
bace,cold_start20,0.7,50,block_bh,50.0,42.2,0.156,0.0,0.844,0.30359712230215824,22.2,0.3,0.28124079777612726,0.0,1.30384048104053,0.026076809620810593,0.0,0.02607680962081062,0.009380147345615295,3.7682887362833544,0.04472135954999578,0.019785185028149476,5,5,5,50.000 +/- 0.000,42.200 +/- 1.304,0.156 +/- 0.026,0.000 +/- 0.000,0.844 +/- 0.026,0.304 +/- 0.009,22.200 +/- 3.768,0.300 +/- 0.045,0.281 +/- 0.020
bace,cold_start20,0.7,50,by,28.6,25.2,0.08569369369369369,0.0,0.7143063063063064,0.18129496402877698,11.8,0.365009009009009,0.29398687056295475,19.007893097342482,16.099689437998485,0.06472822322083228,0.0,0.4016751125405693,0.11582510387049272,7.694153624668538,0.23762194678732937,0.1797144894167548,5,5,5,28.600 +/- 19.008,25.200 +/- 16.100,0.086 +/- 0.065,0.000 +/- 0.000,0.714 +/- 0.402,0.181 +/- 0.116,11.800 +/- 7.694,0.365 +/- 0.238,0.294 +/- 0.180
bace,cold_start20,0.7,50,chemdeprc_cap1,44.0,31.4,0.28063854425144746,0.0,0.7193614557485525,0.22589928057553954,44.0,0.02357981803143092,0.1980528241275777,8.689073598491383,5.128352561983234,0.056755864071856794,0.0,0.05675586407185676,0.03689462274808084,8.689073598491383,0.005431524423987693,0.008914205955508658,5,5,5,44.000 +/- 8.689,31.400 +/- 5.128,0.281 +/- 0.057,0.000 +/- 0.000,0.719 +/- 0.057,0.226 +/- 0.037,44.000 +/- 8.689,0.024 +/- 0.005,0.198 +/- 0.009
bace,cold_start20,0.7,50,chemdeprc_scorecap1,44.0,31.4,0.28063854425144746,0.0,0.7193614557485526,0.22589928057553954,44.0,0.02357981803143092,0.19822732457288436,8.689073598491383,5.224940191045253,0.060176640871214174,0.0,0.06017664087121414,0.037589497777304,8.689073598491383,0.005431524423987693,0.007998284019132076,5,5,5,44.000 +/- 8.689,31.400 +/- 5.225,0.281 +/- 0.060,0.000 +/- 0.000,0.719 +/- 0.060,0.226 +/- 0.038,44.000 +/- 8.689,0.024 +/- 0.005,0.198 +/- 0.008
bace,cold_start20,0.7,50,chemdeprc_scoresoft50,50.0,41.0,0.18,0.0,0.82,0.2949640287769784,25.0,0.152,0.25404444723020797,0.0,2.7386127875258306,0.05477225575051661,0.0,0.054772255750516606,0.019702250269969992,0.0,0.04381780460041327,0.020859914847708858,5,5,5,50.000 +/- 0.000,41.000 +/- 2.739,0.180 +/- 0.055,0.000 +/- 0.000,0.820 +/- 0.055,0.295 +/- 0.020,25.000 +/- 0.000,0.152 +/- 0.044,0.254 +/- 0.021
bace,cold_start20,0.7,50,chemdeprc_soft50,49.8,41.0,0.17681632653061224,0.0,0.8231836734693877,0.2949640287769784,25.0,0.20514285714285715,0.2677710038171486,0.44721359549995815,1.5811388300841898,0.027061255271321794,0.0,0.027061255271321787,0.011375099497008581,0.0,0.07552266857962418,0.024778328256691434,5,5,5,49.800 +/- 0.447,41.000 +/- 1.581,0.177 +/- 0.027,0.000 +/- 0.000,0.823 +/- 0.027,0.295 +/- 0.011,25.000 +/- 0.000,0.205 +/- 0.076,0.268 +/- 0.025
bace,cold_start20,0.7,50,chemdeprc_soft75,50.0,37.4,0.252,0.0,0.748,0.2690647482014389,36.6,0.06,0.21281818080390505,0.0,1.51657508881031,0.0303315017762062,0.0,0.030331501776206228,0.010910612149714472,3.1304951684997047,0.014142135623730952,0.00418300173547593,5,5,5,50.000 +/- 0.000,37.400 +/- 1.517,0.252 +/- 0.030,0.000 +/- 0.000,0.748 +/- 0.030,0.269 +/- 0.011,36.600 +/- 3.130,0.060 +/- 0.014,0.213 +/- 0.004
bace,cold_start20,0.7,50,random_b,50.0,22.2,0.556,0.0,0.44399999999999995,0.1597122302158273,33.4,0.176,0.18921919540141696,0.0,2.387467277262665,0.04774934554525329,0.0,0.04774934554525327,0.017176023577429218,2.3021728866442674,0.0433589667773576,0.01439733051442682,5,5,5,50.000 +/- 0.000,22.200 +/- 2.387,0.556 +/- 0.048,0.000 +/- 0.000,0.444 +/- 0.048,0.160 +/- 0.017,33.400 +/- 2.302,0.176 +/- 0.043,0.189 +/- 0.014
bace,cold_start20,0.7,50,raw_top_b,50.0,42.4,0.152,0.0,0.8480000000000001,0.30503597122302156,22.4,0.3,0.2806230652654874,0.0,1.1401754250991383,0.022803508501982758,0.0,0.02280350850198279,0.008202700899993766,3.8470768123342687,0.04472135954999578,0.01843287958066294,5,5,5,50.000 +/- 0.000,42.400 +/- 1.140,0.152 +/- 0.023,0.000 +/- 0.000,0.848 +/- 0.023,0.305 +/- 0.008,22.400 +/- 3.847,0.300 +/- 0.045,0.281 +/- 0.018
bace,cold_start20,0.7,50,score_cap1,50.0,34.6,0.308,0.0,0.692,0.24892086330935248,50.0,0.02,0.19429298034647238,0.0,2.302172886644268,0.04604345773288533,0.0,0.04604345773288533,0.01656239486794435,0.0,0.0,0.00835241337218657,5,5,5,50.000 +/- 0.000,34.600 +/- 2.302,0.308 +/- 0.046,0.000 +/- 0.000,0.692 +/- 0.046,0.249 +/- 0.017,50.000 +/- 0.000,0.020 +/- 0.000,0.194 +/- 0.008
bace,cold_start20,0.7,50,score_dpp,50.0,38.2,0.236,0.0,0.764,0.27482014388489207,39.8,0.12000000000000002,0.1891859386766635,0.0,1.303840481040529,0.026076809620810593,0.0,0.026076809620810618,0.009380147345615314,3.114482300479487,0.050990195135927854,0.007462085509443611,5,5,5,50.000 +/- 0.000,38.200 +/- 1.304,0.236 +/- 0.026,0.000 +/- 0.000,0.764 +/- 0.026,0.275 +/- 0.009,39.800 +/- 3.114,0.120 +/- 0.051,0.189 +/- 0.007
bace,cold_start20,0.7,50,score_leader70,50.0,36.8,0.264,0.0,0.736,0.2647482014388489,39.2,0.128,0.18655936218340755,0.0,1.9235384061671346,0.03847076812334269,0.0,0.03847076812334268,0.013838405799763543,2.863564212655272,0.05585696017507577,0.00801669561190176,5,5,5,50.000 +/- 0.000,36.800 +/- 1.924,0.264 +/- 0.038,0.000 +/- 0.000,0.736 +/- 0.038,0.265 +/- 0.014,39.200 +/- 2.864,0.128 +/- 0.056,0.187 +/- 0.008
bace,cold_start20,0.7,50,score_maxmin,50.0,18.4,0.632,0.0,0.368,0.13237410071942443,49.0,0.04,0.12706987310941315,0.0,2.073644135332772,0.04147288270665547,0.0,0.04147288270665543,0.014918303131890458,0.7071067811865481,0.01414213562373095,0.004191545549588013,5,5,5,50.000 +/- 0.000,18.400 +/- 2.074,0.632 +/- 0.041,0.000 +/- 0.000,0.368 +/- 0.041,0.132 +/- 0.015,49.000 +/- 0.707,0.040 +/- 0.014,0.127 +/- 0.004
bace,cold_start20,0.7,50,score_mmr25,50.0,42.8,0.144,0.0,0.8560000000000001,0.3079136690647482,28.4,0.28,0.25573128273395984,0.0,1.9235384061671352,0.03847076812334269,0.0,0.03847076812334272,0.013838405799763523,1.5165750888103098,0.028284271247461905,0.01940853581597961,5,5,5,50.000 +/- 0.000,42.800 +/- 1.924,0.144 +/- 0.038,0.000 +/- 0.000,0.856 +/- 0.038,0.308 +/- 0.014,28.400 +/- 1.517,0.280 +/- 0.028,0.256 +/- 0.019
bace,cold_start20,0.7,50,weighted_bh,50.0,39.0,0.22000000000000003,0.0,0.78,0.2805755395683453,34.0,0.18,0.24610286892769512,0.0,2.91547594742265,0.058309518948453,0.0,0.058309518948453,0.020974647103760083,4.79583152331272,0.10099504938362079,0.03320657483586605,5,5,5,50.000 +/- 0.000,39.000 +/- 2.915,0.220 +/- 0.058,0.000 +/- 0.000,0.780 +/- 0.058,0.281 +/- 0.021,34.000 +/- 4.796,0.180 +/- 0.101,0.246 +/- 0.033
bace,cold_start20,0.7,100,bh,100.0,77.8,0.22200000000000003,0.0,0.778,0.5597122302158273,42.8,0.184,0.222800894299818,0.0,4.324349662087931,0.04324349662087931,0.0,0.043243496620879306,0.03111042922365418,7.155417527999326,0.06024948132556827,0.012816563232184117,5,5,5,100.000 +/- 0.000,77.800 +/- 4.324,0.222 +/- 0.043,0.000 +/- 0.000,0.778 +/- 0.043,0.560 +/- 0.031,42.800 +/- 7.155,0.184 +/- 0.060,0.223 +/- 0.013
bace,cold_start20,0.7,100,bh_cap1,67.2,41.0,0.3695076006719102,0.0,0.6304923993280898,0.29496402877697836,67.2,0.015913064319149,0.18196919184641486,20.55966925804012,6.782329983125268,0.0968908281223516,0.0,0.09689082812235157,0.04879374088579329,20.55966925804012,0.0043558844946125445,0.010090597253731024,5,5,5,67.200 +/- 20.560,41.000 +/- 6.782,0.370 +/- 0.097,0.000 +/- 0.000,0.630 +/- 0.097,0.295 +/- 0.049,67.200 +/- 20.560,0.016 +/- 0.004,0.182 +/- 0.010
bace,cold_start20,0.7,100,block_bh,92.0,72.4,0.21233453293694254,0.0,0.7876654670630574,0.5208633093525179,40.0,0.2050142387732749,0.23268949328676358,11.157956802210697,9.126883367283705,0.041384761770746674,0.0,0.04138476177074669,0.06566103141930722,8.803408430829505,0.07538419976694011,0.012574419450479412,5,5,5,92.000 +/- 11.158,72.400 +/- 9.127,0.212 +/- 0.041,0.000 +/- 0.000,0.788 +/- 0.041,0.521 +/- 0.066,40.000 +/- 8.803,0.205 +/- 0.075,0.233 +/- 0.013
bace,cold_start20,0.7,100,by,34.2,30.4,0.07933471933471932,0.0,0.7206652806652807,0.21870503597122298,13.6,0.347983367983368,0.29294494883253086,28.595454184188085,24.75479751482528,0.056662561842336576,0.0,0.4044048543813204,0.17809206845198045,9.710818709048173,0.23932294870862733,0.17988247304101126,5,5,5,34.200 +/- 28.595,30.400 +/- 24.755,0.079 +/- 0.057,0.000 +/- 0.000,0.721 +/- 0.404,0.219 +/- 0.178,13.600 +/- 9.711,0.348 +/- 0.239,0.293 +/- 0.180
bace,cold_start20,0.7,100,chemdeprc_cap1,56.2,35.8,0.3253680128504813,0.0,0.6746319871495187,0.2575539568345323,56.2,0.0204997628209409,0.18987606899400591,23.763417262675,8.78635305459552,0.1166635711447739,0.0,0.11666357114477385,0.06321117305464405,23.763417262675,0.008453123322430289,0.014128348753273377,5,5,5,56.200 +/- 23.763,35.800 +/- 8.786,0.325 +/- 0.117,0.000 +/- 0.000,0.675 +/- 0.117,0.258 +/- 0.063,56.200 +/- 23.763,0.020 +/- 0.008,0.190 +/- 0.014
bace,cold_start20,0.7,100,chemdeprc_scorecap1,56.2,35.8,0.3253680128504813,0.0,0.6746319871495187,0.2575539568345323,56.2,0.0204997628209409,0.18987606899400591,23.763417262675,8.78635305459552,0.1166635711447739,0.0,0.11666357114477385,0.06321117305464405,23.763417262675,0.008453123322430289,0.014128348753273377,5,5,5,56.200 +/- 23.763,35.800 +/- 8.786,0.325 +/- 0.117,0.000 +/- 0.000,0.675 +/- 0.117,0.258 +/- 0.063,56.200 +/- 23.763,0.020 +/- 0.008,0.190 +/- 0.014
bace,cold_start20,0.7,100,chemdeprc_scoresoft50,92.0,68.0,0.2563345329369425,0.0,0.7436654670630574,0.48920863309352514,44.0,0.13901423877327493,0.21971678262532568,11.157956802210697,5.338539126015654,0.05688497063159806,0.0,0.05688497063159806,0.03840675630227097,8.689073598491383,0.10949943822729089,0.01897581017242822,5,5,5,92.000 +/- 11.158,68.000 +/- 5.339,0.256 +/- 0.057,0.000 +/- 0.000,0.744 +/- 0.057,0.489 +/- 0.038,44.000 +/- 8.689,0.139 +/- 0.109,0.220 +/- 0.019
bace,cold_start20,0.7,100,chemdeprc_soft50,91.4,69.6,0.23594278035962296,0.0,0.764057219640377,0.5007194244604316,44.0,0.1638802181547182,0.22483325766235313,10.691117808723275,6.268971207462991,0.03633761889959952,0.0,0.03633761889959954,0.045100512283906415,8.689073598491383,0.09237530842437307,0.015217489431526478,5,5,5,91.400 +/- 10.691,69.600 +/- 6.269,0.236 +/- 0.036,0.000 +/- 0.000,0.764 +/- 0.036,0.501 +/- 0.045,44.000 +/- 8.689,0.164 +/- 0.092,0.225 +/- 0.015
bace,cold_start20,0.7,100,chemdeprc_soft75,92.0,64.6,0.29033453293694256,0.0,0.7096654670630574,0.4647482014388489,52.8,0.12501423877327492,0.20926007299503588,11.157956802210697,6.5038450166036395,0.10013722876192278,0.0,0.10013722876192277,0.04679025191801183,17.838161340227867,0.12159615672033765,0.028938405905951647,5,5,5,92.000 +/- 11.158,64.600 +/- 6.504,0.290 +/- 0.100,0.000 +/- 0.000,0.710 +/- 0.100,0.465 +/- 0.047,52.800 +/- 17.838,0.125 +/- 0.122,0.209 +/- 0.029
bace,cold_start20,0.7,100,random_b,100.0,45.4,0.546,0.0,0.454,0.3266187050359712,59.4,0.13399999999999998,0.18594170661275228,0.0,6.107372593840989,0.061073725938409915,0.0,0.06107372593840989,0.04393793232979127,5.224940191045252,0.03130495168499706,0.008045354938501463,5,5,5,100.000 +/- 0.000,45.400 +/- 6.107,0.546 +/- 0.061,0.000 +/- 0.000,0.454 +/- 0.061,0.327 +/- 0.044,59.400 +/- 5.225,0.134 +/- 0.031,0.186 +/- 0.008
bace,cold_start20,0.7,100,raw_top_b,100.0,77.8,0.22200000000000003,0.0,0.778,0.5597122302158273,42.8,0.184,0.222800894299818,0.0,4.324349662087931,0.04324349662087931,0.0,0.043243496620879306,0.03111042922365418,7.155417527999326,0.06024948132556827,0.01281656323218409,5,5,5,100.000 +/- 0.000,77.800 +/- 4.324,0.222 +/- 0.043,0.000 +/- 0.000,0.778 +/- 0.043,0.560 +/- 0.031,42.800 +/- 7.155,0.184 +/- 0.060,0.223 +/- 0.013
bace,cold_start20,0.7,100,score_cap1,100.0,49.8,0.502,0.0,0.49800000000000005,0.358273381294964,100.0,0.01,0.17137934115073972,0.0,1.7888543819998317,0.017888543819998326,0.0,0.01788854381999833,0.012869455985610293,0.0,0.0,0.0059723324620667186,5,5,5,100.000 +/- 0.000,49.800 +/- 1.789,0.502 +/- 0.018,0.000 +/- 0.000,0.498 +/- 0.018,0.358 +/- 0.013,100.000 +/- 0.000,0.010 +/- 0.000,0.171 +/- 0.006
bace,cold_start20,0.7,100,score_dpp,100.0,73.6,0.264,0.0,0.736,0.5294964028776978,58.4,0.13799999999999998,0.19417371184076704,0.0,1.816590212458493,0.018165902124584948,0.0,0.01816590212458495,0.013068994334233763,2.6076809620810586,0.0363318042491699,0.004620177825505656,5,5,5,100.000 +/- 0.000,73.600 +/- 1.817,0.264 +/- 0.018,0.000 +/- 0.000,0.736 +/- 0.018,0.529 +/- 0.013,58.400 +/- 2.608,0.138 +/- 0.036,0.194 +/- 0.005
bace,cold_start20,0.7,100,score_leader70,100.0,56.0,0.44000000000000006,0.0,0.5599999999999999,0.4028776978417266,78.2,0.08,0.16894607824452254,0.0,1.5811388300841898,0.01581138830084191,0.0,0.01581138830084185,0.011375099497008578,1.3038404810405297,0.022360679774997894,0.005134325960408721,5,5,5,100.000 +/- 0.000,56.000 +/- 1.581,0.440 +/- 0.016,0.000 +/- 0.000,0.560 +/- 0.016,0.403 +/- 0.011,78.200 +/- 1.304,0.080 +/- 0.022,0.169 +/- 0.005
bace,cold_start20,0.7,100,score_maxmin,100.0,41.2,0.588,0.0,0.41200000000000003,0.2964028776978417,93.4,0.036,0.14500690544984782,0.0,2.4899799195977463,0.024899799195977474,0.0,0.024899799195977453,0.01791352460142262,2.3021728866442692,0.005477225575051662,0.0018843119432990444,5,5,5,100.000 +/- 0.000,41.200 +/- 2.490,0.588 +/- 0.025,0.000 +/- 0.000,0.412 +/- 0.025,0.296 +/- 0.018,93.400 +/- 2.302,0.036 +/- 0.005,0.145 +/- 0.002
bace,cold_start20,0.7,100,score_mmr25,100.0,78.0,0.22000000000000003,0.0,0.78,0.5611510791366907,47.8,0.182,0.21674504391577773,0.0,2.5495097567963922,0.02549509756796392,0.0,0.0254950975679639,0.01834179681148481,8.167006795638166,0.05761944116355173,0.01467609963361107,5,5,5,100.000 +/- 0.000,78.000 +/- 2.550,0.220 +/- 0.025,0.000 +/- 0.000,0.780 +/- 0.025,0.561 +/- 0.018,47.800 +/- 8.167,0.182 +/- 0.058,0.217 +/- 0.015
bace,cold_start20,0.7,100,weighted_bh,92.0,62.8,0.31465664160401,0.0,0.68534335839599,0.4517985611510791,60.8,0.1381754385964912,0.20582714690217516,11.313708498984761,6.496152707564685,0.04696450428685914,0.0,0.046964504286859096,0.046734911565213616,8.19756061276768,0.04756321221977744,0.010494643579809126,5,5,5,92.000 +/- 11.314,62.800 +/- 6.496,0.315 +/- 0.047,0.000 +/- 0.000,0.685 +/- 0.047,0.452 +/- 0.047,60.800 +/- 8.198,0.138 +/- 0.048,0.206 +/- 0.010
bace,missing_fp25,0.7,25,bh,25.0,24.0,0.04,0.0,0.96,0.17266187050359708,8.2,0.552,0.4573633461031945,0.0,0.7071067811865476,0.0282842712474619,0.0,0.028284271247461877,0.0050870991452269705,1.0954451150103324,0.017888543819998333,0.04817786834508748,5,5,5,25.000 +/- 0.000,24.000 +/- 0.707,0.040 +/- 0.028,0.000 +/- 0.000,0.960 +/- 0.028,0.173 +/- 0.005,8.200 +/- 1.095,0.552 +/- 0.018,0.457 +/- 0.048
bace,missing_fp25,0.7,25,bh_cap1,25.0,22.0,0.12,0.0,0.8800000000000001,0.158273381294964,25.0,0.04,0.21820563232588697,0.0,1.8708286933869709,0.07483314773547882,0.0,0.07483314773547882,0.013459199232999767,0.0,0.0,0.01888338089882621,5,5,5,25.000 +/- 0.000,22.000 +/- 1.871,0.120 +/- 0.075,0.000 +/- 0.000,0.880 +/- 0.075,0.158 +/- 0.013,25.000 +/- 0.000,0.040 +/- 0.000,0.218 +/- 0.019
bace,missing_fp25,0.7,25,block_bh,25.0,24.0,0.04,0.0,0.96,0.17266187050359708,8.2,0.552,0.4573633461031945,0.0,0.7071067811865476,0.0282842712474619,0.0,0.028284271247461877,0.0050870991452269705,1.0954451150103324,0.017888543819998333,0.04817786834508748,5,5,5,25.000 +/- 0.000,24.000 +/- 0.707,0.040 +/- 0.028,0.000 +/- 0.000,0.960 +/- 0.028,0.173 +/- 0.005,8.200 +/- 1.095,0.552 +/- 0.018,0.457 +/- 0.048
bace,missing_fp25,0.7,25,by,25.0,24.0,0.04,0.0,0.96,0.17266187050359708,8.2,0.552,0.4573633461031945,0.0,0.7071067811865476,0.0282842712474619,0.0,0.028284271247461877,0.0050870991452269705,1.0954451150103324,0.017888543819998333,0.04817786834508748,5,5,5,25.000 +/- 0.000,24.000 +/- 0.707,0.040 +/- 0.028,0.000 +/- 0.000,0.960 +/- 0.028,0.173 +/- 0.005,8.200 +/- 1.095,0.552 +/- 0.018,0.457 +/- 0.048
bace,missing_fp25,0.7,25,chemdeprc_cap1,25.0,21.8,0.128,0.0,0.8720000000000001,0.1568345323741007,25.0,0.04,0.22149687726345585,0.0,1.9235384061671348,0.07694153624668539,0.0,0.07694153624668539,0.013838405799763531,0.0,0.0,0.014546423949741353,5,5,5,25.000 +/- 0.000,21.800 +/- 1.924,0.128 +/- 0.077,0.000 +/- 0.000,0.872 +/- 0.077,0.157 +/- 0.014,25.000 +/- 0.000,0.040 +/- 0.000,0.221 +/- 0.015
bace,missing_fp25,0.7,25,chemdeprc_scorecap1,25.0,22.0,0.12,0.0,0.8800000000000001,0.158273381294964,25.0,0.04,0.21820563232588697,0.0,1.8708286933869709,0.07483314773547882,0.0,0.07483314773547882,0.013459199232999767,0.0,0.0,0.01888338089882621,5,5,5,25.000 +/- 0.000,22.000 +/- 1.871,0.120 +/- 0.075,0.000 +/- 0.000,0.880 +/- 0.075,0.158 +/- 0.013,25.000 +/- 0.000,0.040 +/- 0.000,0.218 +/- 0.019
bace,missing_fp25,0.7,25,chemdeprc_scoresoft50,25.0,22.8,0.088,0.0,0.9120000000000001,0.16402877697841722,13.0,0.16,0.2957740864342143,0.0,1.4832396974191329,0.059329587896765304,0.0,0.05932958789676529,0.010670789190065675,0.0,0.04000000000000001,0.047145489594979426,5,5,5,25.000 +/- 0.000,22.800 +/- 1.483,0.088 +/- 0.059,0.000 +/- 0.000,0.912 +/- 0.059,0.164 +/- 0.011,13.000 +/- 0.000,0.160 +/- 0.040,0.296 +/- 0.047
bace,missing_fp25,0.7,25,chemdeprc_soft50,25.0,22.4,0.10400000000000001,0.0,0.8960000000000001,0.16115107913669058,13.0,0.23200000000000004,0.3346824682832851,0.0,0.5477225575051664,0.02190890230020664,0.0,0.021908902300206663,0.003940450053993978,0.0,0.08197560612767678,0.08553919202767156,5,5,5,25.000 +/- 0.000,22.400 +/- 0.548,0.104 +/- 0.022,0.000 +/- 0.000,0.896 +/- 0.022,0.161 +/- 0.004,13.000 +/- 0.000,0.232 +/- 0.082,0.335 +/- 0.086
bace,missing_fp25,0.7,25,chemdeprc_soft75,25.0,22.0,0.12,0.0,0.8800000000000001,0.158273381294964,19.0,0.088,0.25628074526812383,0.0,1.0,0.039999999999999994,0.0,0.040000000000000036,0.007194244604316502,0.0,0.017888543819998316,0.03067805714975494,5,5,5,25.000 +/- 0.000,22.000 +/- 1.000,0.120 +/- 0.040,0.000 +/- 0.000,0.880 +/- 0.040,0.158 +/- 0.007,19.000 +/- 0.000,0.088 +/- 0.018,0.256 +/- 0.031
bace,missing_fp25,0.7,25,random_b,25.0,11.2,0.5519999999999999,0.0,0.44800000000000006,0.08057553956834528,19.4,0.16,0.19641915922085648,0.0,2.387467277262665,0.0954986910905066,0.0,0.09549869109050658,0.017176023577429252,1.1401754250991383,0.06324555320336758,0.026005565248436443,5,5,5,25.000 +/- 0.000,11.200 +/- 2.387,0.552 +/- 0.095,0.000 +/- 0.000,0.448 +/- 0.095,0.081 +/- 0.017,19.400 +/- 1.140,0.160 +/- 0.063,0.196 +/- 0.026
bace,missing_fp25,0.7,25,raw_top_b,25.0,24.0,0.04,0.0,0.96,0.17266187050359708,8.2,0.552,0.4573633461031945,0.0,0.7071067811865476,0.0282842712474619,0.0,0.028284271247461877,0.0050870991452269705,1.0954451150103324,0.017888543819998333,0.04817786834508748,5,5,5,25.000 +/- 0.000,24.000 +/- 0.707,0.040 +/- 0.028,0.000 +/- 0.000,0.960 +/- 0.028,0.173 +/- 0.005,8.200 +/- 1.095,0.552 +/- 0.018,0.457 +/- 0.048
bace,missing_fp25,0.7,25,score_cap1,25.0,22.0,0.12,0.0,0.8800000000000001,0.158273381294964,25.0,0.04,0.21820563232588697,0.0,1.8708286933869709,0.07483314773547882,0.0,0.07483314773547882,0.013459199232999767,0.0,0.0,0.01888338089882621,5,5,5,25.000 +/- 0.000,22.000 +/- 1.871,0.120 +/- 0.075,0.000 +/- 0.000,0.880 +/- 0.075,0.158 +/- 0.013,25.000 +/- 0.000,0.040 +/- 0.000,0.218 +/- 0.019
bace,missing_fp25,0.7,25,score_dpp,25.0,22.0,0.12,0.0,0.8800000000000001,0.158273381294964,21.4,0.128,0.18337998154386947,0.0,0.9999999999999997,0.04,0.0,0.04000000000000003,0.007194244604316502,1.3416407864998738,0.017888543819998323,0.011119398525064992,5,5,5,25.000 +/- 0.000,22.000 +/- 1.000,0.120 +/- 0.040,0.000 +/- 0.000,0.880 +/- 0.040,0.158 +/- 0.007,21.400 +/- 1.342,0.128 +/- 0.018,0.183 +/- 0.011
bace,missing_fp25,0.7,25,score_leader70,25.0,22.8,0.088,0.0,0.9120000000000001,0.16402877697841722,19.0,0.16799999999999998,0.2060383312092991,0.0,1.0954451150103324,0.04381780460041329,0.0,0.043817804600413304,0.007880900107987986,1.8708286933869707,0.052153619241621194,0.012696972990896335,5,5,5,25.000 +/- 0.000,22.800 +/- 1.095,0.088 +/- 0.044,0.000 +/- 0.000,0.912 +/- 0.044,0.164 +/- 0.008,19.000 +/- 1.871,0.168 +/- 0.052,0.206 +/- 0.013
bace,missing_fp25,0.7,25,score_maxmin,25.0,8.8,0.648,0.0,0.352,0.06330935251798556,24.4,0.064,0.11456060480866599,0.0,1.3038404810405297,0.0521536192416212,0.0,0.05215361924162119,0.009380147345615346,0.547722557505166,0.021908902300206645,0.008971574079773788,5,5,5,25.000 +/- 0.000,8.800 +/- 1.304,0.648 +/- 0.052,0.000 +/- 0.000,0.352 +/- 0.052,0.063 +/- 0.009,24.400 +/- 0.548,0.064 +/- 0.022,0.115 +/- 0.009
bace,missing_fp25,0.7,25,score_mmr25,25.0,23.2,0.072,0.0,0.9279999999999999,0.1669064748201438,16.8,0.272,0.24599512629781306,0.0,1.3038404810405297,0.05215361924162119,0.0,0.05215361924162118,0.00938014734561532,1.3038404810405297,0.0867179335547152,0.01851759432598306,5,5,5,25.000 +/- 0.000,23.200 +/- 1.304,0.072 +/- 0.052,0.000 +/- 0.000,0.928 +/- 0.052,0.167 +/- 0.009,16.800 +/- 1.304,0.272 +/- 0.087,0.246 +/- 0.019
bace,missing_fp25,0.7,25,weighted_bh,25.0,21.6,0.136,0.0,0.8640000000000001,0.15539568345323737,20.0,0.144,0.23642889881339252,0.0,1.8165902124584952,0.07266360849833982,0.0,0.07266360849833978,0.013068994334233763,2.2360679774997894,0.05366563145999496,0.013122501547901932,5,5,5,25.000 +/- 0.000,21.600 +/- 1.817,0.136 +/- 0.073,0.000 +/- 0.000,0.864 +/- 0.073,0.155 +/- 0.013,20.000 +/- 2.236,0.144 +/- 0.054,0.236 +/- 0.013
bace,missing_fp25,0.7,50,bh,50.0,45.8,0.084,0.0,0.916,0.3294964028776978,19.4,0.28,0.31039438749053866,0.0,1.6431676725154982,0.03286335345030997,0.0,0.032863353450309926,0.011821350161982016,4.277849927241487,0.0,0.03196198696220426,5,5,5,50.000 +/- 0.000,45.800 +/- 1.643,0.084 +/- 0.033,0.000 +/- 0.000,0.916 +/- 0.033,0.329 +/- 0.012,19.400 +/- 4.278,0.280 +/- 0.000,0.310 +/- 0.032
bace,missing_fp25,0.7,50,bh_cap1,50.0,39.8,0.20400000000000001,0.0,0.796,0.28633093525179854,50.0,0.02,0.19711032504409876,0.0,2.16794833886788,0.0433589667773576,0.0,0.04335896677735761,0.01559675063933727,0.0,0.0,0.008713112423532895,5,5,5,50.000 +/- 0.000,39.800 +/- 2.168,0.204 +/- 0.043,0.000 +/- 0.000,0.796 +/- 0.043,0.286 +/- 0.016,50.000 +/- 0.000,0.020 +/- 0.000,0.197 +/- 0.009
bace,missing_fp25,0.7,50,block_bh,50.0,45.8,0.084,0.0,0.916,0.3294964028776978,19.4,0.28,0.31039438749053866,0.0,1.6431676725154982,0.03286335345030997,0.0,0.032863353450309926,0.011821350161982016,4.277849927241487,0.0,0.03196198696220426,5,5,5,50.000 +/- 0.000,45.800 +/- 1.643,0.084 +/- 0.033,0.000 +/- 0.000,0.916 +/- 0.033,0.329 +/- 0.012,19.400 +/- 4.278,0.280 +/- 0.000,0.310 +/- 0.032
bace,missing_fp25,0.7,50,by,45.0,41.0,0.084,0.0,0.916,0.2949640287769784,16.2,0.336,0.35387682202879356,11.180339887498949,9.565563234854496,0.03286335345030997,0.0,0.032863353450309926,0.06881700168960068,5.718391382198319,0.12521980673998823,0.1042218874604891,5,5,5,45.000 +/- 11.180,41.000 +/- 9.566,0.084 +/- 0.033,0.000 +/- 0.000,0.916 +/- 0.033,0.295 +/- 0.069,16.200 +/- 5.718,0.336 +/- 0.125,0.354 +/- 0.104
bace,missing_fp25,0.7,50,chemdeprc_cap1,50.0,39.2,0.21600000000000003,0.0,0.784,0.2820143884892086,50.0,0.02,0.2002970549352246,0.0,2.5884358211089573,0.051768716422179145,0.0,0.051768716422179145,0.018621840439632793,0.0,0.0,0.007391171706974018,5,5,5,50.000 +/- 0.000,39.200 +/- 2.588,0.216 +/- 0.052,0.000 +/- 0.000,0.784 +/- 0.052,0.282 +/- 0.019,50.000 +/- 0.000,0.020 +/- 0.000,0.200 +/- 0.007
bace,missing_fp25,0.7,50,chemdeprc_scorecap1,50.0,39.6,0.20800000000000002,0.0,0.792,0.2848920863309352,50.0,0.02,0.19701789915737075,0.0,1.8165902124584956,0.0363318042491699,0.0,0.03633180424916988,0.01306899433423379,0.0,0.0,0.008100095275239824,5,5,5,50.000 +/- 0.000,39.600 +/- 1.817,0.208 +/- 0.036,0.000 +/- 0.000,0.792 +/- 0.036,0.285 +/- 0.013,50.000 +/- 0.000,0.020 +/- 0.000,0.197 +/- 0.008
bace,missing_fp25,0.7,50,chemdeprc_scoresoft50,50.0,44.2,0.11600000000000002,0.0,0.884,0.31798561151079136,25.0,0.10400000000000001,0.23949858452836809,0.0,2.280350850198277,0.04560701700396552,0.0,0.045607017003965536,0.016405401799987594,0.0,0.02190890230020665,0.015401771894908042,5,5,5,50.000 +/- 0.000,44.200 +/- 2.280,0.116 +/- 0.046,0.000 +/- 0.000,0.884 +/- 0.046,0.318 +/- 0.016,25.000 +/- 0.000,0.104 +/- 0.022,0.239 +/- 0.015
bace,missing_fp25,0.7,50,chemdeprc_soft50,50.0,43.8,0.124,0.0,0.876,0.31510791366906477,25.0,0.156,0.2602304226071567,0.0,2.7748873851023212,0.05549774770204643,0.0,0.05549774770204644,0.019963218597858417,0.0,0.07127411872482185,0.021900671008027443,5,5,5,50.000 +/- 0.000,43.800 +/- 2.775,0.124 +/- 0.055,0.000 +/- 0.000,0.876 +/- 0.055,0.315 +/- 0.020,25.000 +/- 0.000,0.156 +/- 0.071,0.260 +/- 0.022
bace,missing_fp25,0.7,50,chemdeprc_soft75,50.0,40.8,0.184,0.0,0.8160000000000001,0.2935251798561151,38.0,0.052000000000000005,0.2123331344176131,0.0,2.280350850198275,0.04560701700396552,0.0,0.04560701700396551,0.016405401799987614,0.0,0.010954451150103319,0.012901854508970719,5,5,5,50.000 +/- 0.000,40.800 +/- 2.280,0.184 +/- 0.046,0.000 +/- 0.000,0.816 +/- 0.046,0.294 +/- 0.016,38.000 +/- 0.000,0.052 +/- 0.011,0.212 +/- 0.013
bace,missing_fp25,0.7,50,random_b,50.0,22.8,0.544,0.0,0.45599999999999996,0.16402877697841722,35.6,0.128,0.18562393017272802,0.0,1.3038404810405293,0.026076809620810607,0.0,0.026076809620810604,0.009380147345615318,2.701851217221259,0.02280350850198276,0.01838922635715831,5,5,5,50.000 +/- 0.000,22.800 +/- 1.304,0.544 +/- 0.026,0.000 +/- 0.000,0.456 +/- 0.026,0.164 +/- 0.009,35.600 +/- 2.702,0.128 +/- 0.023,0.186 +/- 0.018
bace,missing_fp25,0.7,50,raw_top_b,50.0,45.8,0.084,0.0,0.916,0.3294964028776978,19.4,0.28,0.31039438749053866,0.0,1.6431676725154982,0.03286335345030997,0.0,0.032863353450309926,0.011821350161982016,4.277849927241487,0.0,0.03196198696220426,5,5,5,50.000 +/- 0.000,45.800 +/- 1.643,0.084 +/- 0.033,0.000 +/- 0.000,0.916 +/- 0.033,0.329 +/- 0.012,19.400 +/- 4.278,0.280 +/- 0.000,0.310 +/- 0.032
bace,missing_fp25,0.7,50,score_cap1,50.0,39.8,0.20400000000000001,0.0,0.796,0.28633093525179854,50.0,0.02,0.19711032504409876,0.0,2.16794833886788,0.0433589667773576,0.0,0.04335896677735761,0.01559675063933727,0.0,0.0,0.008713112423532895,5,5,5,50.000 +/- 0.000,39.800 +/- 2.168,0.204 +/- 0.043,0.000 +/- 0.000,0.796 +/- 0.043,0.286 +/- 0.016,50.000 +/- 0.000,0.020 +/- 0.000,0.197 +/- 0.009
bace,missing_fp25,0.7,50,score_dpp,50.0,42.4,0.152,0.0,0.8480000000000001,0.30503597122302156,37.4,0.14,0.1883018731904899,0.0,1.5165750888103098,0.0303315017762062,0.0,0.030331501776206183,0.010910612149714465,2.302172886644268,0.024494897427831785,0.009426295086538044,5,5,5,50.000 +/- 0.000,42.400 +/- 1.517,0.152 +/- 0.030,0.000 +/- 0.000,0.848 +/- 0.030,0.305 +/- 0.011,37.400 +/- 2.302,0.140 +/- 0.024,0.188 +/- 0.009
bace,missing_fp25,0.7,50,score_leader70,50.0,41.6,0.16799999999999998,0.0,0.8320000000000001,0.2992805755395683,36.6,0.156,0.1910220656356973,0.0,0.5477225575051667,0.010954451150103316,0.0,0.010954451150103338,0.003940450053994002,2.607680962081059,0.026076809620810586,0.007311501919033617,5,5,5,50.000 +/- 0.000,41.600 +/- 0.548,0.168 +/- 0.011,0.000 +/- 0.000,0.832 +/- 0.011,0.299 +/- 0.004,36.600 +/- 2.608,0.156 +/- 0.026,0.191 +/- 0.007
bace,missing_fp25,0.7,50,score_maxmin,50.0,18.8,0.624,0.0,0.376,0.13525179856115108,48.6,0.04,0.12986061725451695,0.0,1.0954451150103326,0.021908902300206663,0.0,0.021908902300206638,0.007880900107987992,0.5477225575051667,0.0,0.0063883260949456925,5,5,5,50.000 +/- 0.000,18.800 +/- 1.095,0.624 +/- 0.022,0.000 +/- 0.000,0.376 +/- 0.022,0.135 +/- 0.008,48.600 +/- 0.548,0.040 +/- 0.000,0.130 +/- 0.006
bace,missing_fp25,0.7,50,score_mmr25,50.0,45.4,0.092,0.0,0.908,0.3266187050359712,25.4,0.268,0.26718493559789747,0.0,1.1401754250991376,0.02280350850198276,0.0,0.02280350850198275,0.008202700899993821,4.449719092257398,0.026832815729997486,0.019541835003876695,5,5,5,50.000 +/- 0.000,45.400 +/- 1.140,0.092 +/- 0.023,0.000 +/- 0.000,0.908 +/- 0.023,0.327 +/- 0.008,25.400 +/- 4.450,0.268 +/- 0.027,0.267 +/- 0.020
bace,missing_fp25,0.7,50,weighted_bh,50.0,41.2,0.176,0.0,0.8240000000000001,0.2964028776978417,33.2,0.152,0.24523271686504833,0.0,4.324349662087932,0.08648699324175863,0.0,0.08648699324175864,0.031110429223654163,1.4832396974191315,0.022803508501982758,0.01777816925408902,5,5,5,50.000 +/- 0.000,41.200 +/- 4.324,0.176 +/- 0.086,0.000 +/- 0.000,0.824 +/- 0.086,0.296 +/- 0.031,33.200 +/- 1.483,0.152 +/- 0.023,0.245 +/- 0.018
bace,missing_fp25,0.7,100,bh,100.0,85.8,0.142,0.0,0.858,0.6172661870503597,36.4,0.22400000000000003,0.2357243128068096,0.0,1.7888543819998322,0.01788854381999832,0.0,0.01788854381999833,0.012869455985610257,4.505552130427524,0.04827007354458867,0.00940428670396361,5,5,5,100.000 +/- 0.000,85.800 +/- 1.789,0.142 +/- 0.018,0.000 +/- 0.000,0.858 +/- 0.018,0.617 +/- 0.013,36.400 +/- 4.506,0.224 +/- 0.048,0.236 +/- 0.009
bace,missing_fp25,0.7,100,bh_cap1,77.0,49.0,0.3559380975027196,0.0,0.6440619024972805,0.3525179856115107,77.0,0.0131732872330256,0.18599733332125076,9.617692030835672,1.4142135623730945,0.07774788495582721,0.0,0.07774788495582716,0.010174198290453913,9.617692030835672,0.0018729394524248072,0.010087624350538832,5,5,5,77.000 +/- 9.618,49.000 +/- 1.414,0.356 +/- 0.078,0.000 +/- 0.000,0.644 +/- 0.078,0.353 +/- 0.010,77.000 +/- 9.618,0.013 +/- 0.002,0.186 +/- 0.010
bace,missing_fp25,0.7,100,block_bh,100.0,85.8,0.142,0.0,0.858,0.6172661870503597,36.4,0.22400000000000003,0.2357243128068096,0.0,1.7888543819998322,0.01788854381999832,0.0,0.01788854381999833,0.012869455985610257,4.505552130427524,0.04827007354458867,0.00940428670396361,5,5,5,100.000 +/- 0.000,85.800 +/- 1.789,0.142 +/- 0.018,0.000 +/- 0.000,0.858 +/- 0.018,0.617 +/- 0.013,36.400 +/- 4.506,0.224 +/- 0.048,0.236 +/- 0.009
bace,missing_fp25,0.7,100,by,72.2,62.2,0.12218815190689056,0.0,0.8778118480931095,0.44748201438848917,23.8,0.3010157464459748,0.30311831310128107,31.807231882073612,25.810850431553007,0.05151705832517534,0.0,0.051517058325175356,0.18568957145002163,10.848963084092416,0.14778374676113445,0.12965963127698346,5,5,5,72.200 +/- 31.807,62.200 +/- 25.811,0.122 +/- 0.052,0.000 +/- 0.000,0.878 +/- 0.052,0.447 +/- 0.186,23.800 +/- 10.849,0.301 +/- 0.148,0.303 +/- 0.130
bace,missing_fp25,0.7,100,chemdeprc_cap1,64.8,46.2,0.28014691902169214,0.0,0.7198530809783078,0.3323741007194244,64.8,0.01562037277100794,0.1877381438753078,8.10555365166378,2.1679483388678795,0.07577466241183771,0.0,0.07577466241183774,0.015596750639337277,8.10555365166378,0.0018865579668380786,0.010074713037355312,5,5,5,64.800 +/- 8.106,46.200 +/- 2.168,0.280 +/- 0.076,0.000 +/- 0.000,0.720 +/- 0.076,0.332 +/- 0.016,64.800 +/- 8.106,0.016 +/- 0.002,0.188 +/- 0.010
bace,missing_fp25,0.7,100,chemdeprc_scorecap1,64.8,46.2,0.28014691902169214,0.0,0.7198530809783078,0.3323741007194244,64.8,0.01562037277100794,0.1877381438753078,8.10555365166378,2.1679483388678795,0.07577466241183771,0.0,0.07577466241183774,0.015596750639337277,8.10555365166378,0.0018865579668380786,0.010074713037355312,5,5,5,64.800 +/- 8.106,46.200 +/- 2.168,0.280 +/- 0.076,0.000 +/- 0.000,0.720 +/- 0.076,0.332 +/- 0.016,64.800 +/- 8.106,0.016 +/- 0.002,0.188 +/- 0.010
bace,missing_fp25,0.7,100,chemdeprc_scoresoft50,100.0,79.2,0.20800000000000002,0.0,0.792,0.5697841726618705,50.0,0.07,0.21189448533866892,0.0,1.6431676725154998,0.016431676725154984,0.0,0.016431676725155,0.011821350161982025,0.0,0.0,0.010371016204305231,5,5,5,100.000 +/- 0.000,79.200 +/- 1.643,0.208 +/- 0.016,0.000 +/- 0.000,0.792 +/- 0.016,0.570 +/- 0.012,50.000 +/- 0.000,0.070 +/- 0.000,0.212 +/- 0.010
bace,missing_fp25,0.7,100,chemdeprc_soft50,100.0,81.0,0.19,0.0,0.8099999999999999,0.5827338129496403,50.0,0.082,0.22008130723087577,0.0,1.8708286933869713,0.01870828693386971,0.0,0.01870828693386969,0.013459199232999805,0.0,0.010954451150103323,0.011684767455886562,5,5,5,100.000 +/- 0.000,81.000 +/- 1.871,0.190 +/- 0.019,0.000 +/- 0.000,0.810 +/- 0.019,0.583 +/- 0.013,50.000 +/- 0.000,0.082 +/- 0.011,0.220 +/- 0.012
bace,missing_fp25,0.7,100,chemdeprc_soft75,100.0,73.6,0.264,0.0,0.736,0.5294964028776978,64.6,0.044,0.19552147277736975,0.0,6.503845016603639,0.06503845016603639,0.0,0.06503845016603642,0.04679025191801179,7.765307463326873,0.011401754250991379,0.010694047250886178,5,5,5,100.000 +/- 0.000,73.600 +/- 6.504,0.264 +/- 0.065,0.000 +/- 0.000,0.736 +/- 0.065,0.529 +/- 0.047,64.600 +/- 7.765,0.044 +/- 0.011,0.196 +/- 0.011
bace,missing_fp25,0.7,100,random_b,100.0,45.0,0.55,0.0,0.45,0.3237410071942446,61.0,0.13,0.19213869047845844,0.0,1.9999999999999993,0.01999999999999994,0.0,0.020000000000000007,0.014388489208633124,3.999999999999999,0.021213203435596427,0.012936833879302194,5,5,5,100.000 +/- 0.000,45.000 +/- 2.000,0.550 +/- 0.020,0.000 +/- 0.000,0.450 +/- 0.020,0.324 +/- 0.014,61.000 +/- 4.000,0.130 +/- 0.021,0.192 +/- 0.013
bace,missing_fp25,0.7,100,raw_top_b,100.0,85.8,0.142,0.0,0.858,0.6172661870503597,36.4,0.22400000000000003,0.2357243128068096,0.0,1.7888543819998322,0.01788854381999832,0.0,0.01788854381999833,0.012869455985610257,4.505552130427524,0.04827007354458867,0.009404286703963574,5,5,5,100.000 +/- 0.000,85.800 +/- 1.789,0.142 +/- 0.018,0.000 +/- 0.000,0.858 +/- 0.018,0.617 +/- 0.013,36.400 +/- 4.506,0.224 +/- 0.048,0.236 +/- 0.009
bace,missing_fp25,0.7,100,score_cap1,100.0,52.8,0.472,0.0,0.528,0.37985611510791367,100.0,0.01,0.17965217540317255,0.0,1.4832396974191326,0.014832396974191314,0.0,0.014832396974191324,0.010670789190065678,0.0,0.0,0.009024943725215144,5,5,5,100.000 +/- 0.000,52.800 +/- 1.483,0.472 +/- 0.015,0.000 +/- 0.000,0.528 +/- 0.015,0.380 +/- 0.011,100.000 +/- 0.000,0.010 +/- 0.000,0.180 +/- 0.009
bace,missing_fp25,0.7,100,score_dpp,100.0,80.8,0.192,0.0,0.808,0.581294964028777,56.4,0.15,0.19813194452330993,0.0,4.086563348340509,0.040865633483405106,0.0,0.04086563348340507,0.02939973631899649,3.7815340802378072,0.0291547594742265,0.00817470415318697,5,5,5,100.000 +/- 0.000,80.800 +/- 4.087,0.192 +/- 0.041,0.000 +/- 0.000,0.808 +/- 0.041,0.581 +/- 0.029,56.400 +/- 3.782,0.150 +/- 0.029,0.198 +/- 0.008
bace,missing_fp25,0.7,100,score_leader70,100.0,58.2,0.418,0.0,0.5820000000000001,0.418705035971223,79.8,0.08,0.1734613527287085,0.0,2.588435821108957,0.025884358211089583,0.0,0.025884358211089573,0.018621840439632824,1.6431676725154987,0.009999999999999993,0.008622593372043633,5,5,5,100.000 +/- 0.000,58.200 +/- 2.588,0.418 +/- 0.026,0.000 +/- 0.000,0.582 +/- 0.026,0.419 +/- 0.019,79.800 +/- 1.643,0.080 +/- 0.010,0.173 +/- 0.009
bace,missing_fp25,0.7,100,score_maxmin,100.0,41.4,0.586,0.0,0.414,0.29784172661870506,92.8,0.032,0.1481810131683328,0.0,2.5099800796022262,0.025099800796022247,0.0,0.025099800796022257,0.01805741064462035,2.280350850198276,0.00447213595499958,0.00856915568452797,5,5,5,100.000 +/- 0.000,41.400 +/- 2.510,0.586 +/- 0.025,0.000 +/- 0.000,0.414 +/- 0.025,0.298 +/- 0.018,92.800 +/- 2.280,0.032 +/- 0.004,0.148 +/- 0.009
bace,missing_fp25,0.7,100,score_mmr25,100.0,84.6,0.154,0.0,0.8460000000000001,0.6086330935251799,42.8,0.194,0.2267329633361827,0.0,2.1908902300206634,0.021908902300206635,0.0,0.021908902300206617,0.01576180021597597,3.768288736283354,0.0461519230368573,0.0070946267466877365,5,5,5,100.000 +/- 0.000,84.600 +/- 2.191,0.154 +/- 0.022,0.000 +/- 0.000,0.846 +/- 0.022,0.609 +/- 0.016,42.800 +/- 3.768,0.194 +/- 0.046,0.227 +/- 0.007
bace,missing_fp25,0.7,100,weighted_bh,100.0,78.6,0.21400000000000002,0.0,0.7859999999999999,0.5654676258992806,58.4,0.14,0.22156387419799817,0.0,4.037325847637271,0.0403732584763727,0.0,0.04037325847637265,0.029045509695232112,6.107372593840988,0.0,0.0030537984111147958,5,5,5,100.000 +/- 0.000,78.600 +/- 4.037,0.214 +/- 0.040,0.000 +/- 0.000,0.786 +/- 0.040,0.565 +/- 0.029,58.400 +/- 6.107,0.140 +/- 0.000,0.222 +/- 0.003
bace,scaffold_ood,0.7,25,bh,25.0,24.4,0.024,0.0,0.976,0.17553956834532372,8.4,0.552,0.4685987788010218,0.0,0.5477225575051664,0.021908902300206645,0.0,0.021908902300206676,0.003940450053993975,0.8944271909999157,0.017888543819998333,0.05817053502665934,5,5,5,25.000 +/- 0.000,24.400 +/- 0.548,0.024 +/- 0.022,0.000 +/- 0.000,0.976 +/- 0.022,0.176 +/- 0.004,8.400 +/- 0.894,0.552 +/- 0.018,0.469 +/- 0.058
bace,scaffold_ood,0.7,25,bh_cap1,25.0,21.8,0.128,0.0,0.8720000000000001,0.15683453237410067,25.0,0.04,0.21711280840419697,0.0,0.44721359549995765,0.01788854381999832,0.0,0.017888543819998326,0.0032173639964025546,0.0,0.0,0.012676852577547675,5,5,5,25.000 +/- 0.000,21.800 +/- 0.447,0.128 +/- 0.018,0.000 +/- 0.000,0.872 +/- 0.018,0.157 +/- 0.003,25.000 +/- 0.000,0.040 +/- 0.000,0.217 +/- 0.013
bace,scaffold_ood,0.7,25,block_bh,25.0,24.4,0.024,0.0,0.976,0.17553956834532372,8.4,0.552,0.4685987788010218,0.0,0.5477225575051664,0.021908902300206645,0.0,0.021908902300206676,0.003940450053993975,0.8944271909999157,0.017888543819998333,0.05817053502665934,5,5,5,25.000 +/- 0.000,24.400 +/- 0.548,0.024 +/- 0.022,0.000 +/- 0.000,0.976 +/- 0.022,0.176 +/- 0.004,8.400 +/- 0.894,0.552 +/- 0.018,0.469 +/- 0.058
bace,scaffold_ood,0.7,25,by,25.0,24.4,0.024,0.0,0.976,0.17553956834532372,8.4,0.552,0.4685987788010218,0.0,0.5477225575051664,0.021908902300206645,0.0,0.021908902300206676,0.003940450053993975,0.8944271909999157,0.017888543819998333,0.05817053502665934,5,5,5,25.000 +/- 0.000,24.400 +/- 0.548,0.024 +/- 0.022,0.000 +/- 0.000,0.976 +/- 0.022,0.176 +/- 0.004,8.400 +/- 0.894,0.552 +/- 0.018,0.469 +/- 0.058
bace,scaffold_ood,0.7,25,chemdeprc_cap1,25.0,21.6,0.13599999999999998,0.0,0.8640000000000001,0.15539568345323737,25.0,0.04,0.21803796518058963,0.0,0.5477225575051662,0.021908902300206645,0.0,0.021908902300206656,0.003940450053993978,0.0,0.0,0.014570884125728163,5,5,5,25.000 +/- 0.000,21.600 +/- 0.548,0.136 +/- 0.022,0.000 +/- 0.000,0.864 +/- 0.022,0.155 +/- 0.004,25.000 +/- 0.000,0.040 +/- 0.000,0.218 +/- 0.015
bace,scaffold_ood,0.7,25,chemdeprc_scorecap1,25.0,21.8,0.128,0.0,0.8720000000000001,0.15683453237410067,25.0,0.04,0.21711280840419697,0.0,0.44721359549995765,0.01788854381999832,0.0,0.017888543819998326,0.0032173639964025546,0.0,0.0,0.012676852577547675,5,5,5,25.000 +/- 0.000,21.800 +/- 0.447,0.128 +/- 0.018,0.000 +/- 0.000,0.872 +/- 0.018,0.157 +/- 0.003,25.000 +/- 0.000,0.040 +/- 0.000,0.217 +/- 0.013
bace,scaffold_ood,0.7,25,chemdeprc_scoresoft50,25.0,23.0,0.08,0.0,0.9199999999999999,0.16546762589928052,13.0,0.152,0.28747365493724286,0.0,1.2247448713915887,0.04898979485566356,0.0,0.04898979485566354,0.008811114182673292,0.0,0.017888543819998326,0.04638166056549136,5,5,5,25.000 +/- 0.000,23.000 +/- 1.225,0.080 +/- 0.049,0.000 +/- 0.000,0.920 +/- 0.049,0.165 +/- 0.009,13.000 +/- 0.000,0.152 +/- 0.018,0.287 +/- 0.046
bace,scaffold_ood,0.7,25,chemdeprc_soft50,25.0,23.0,0.08,0.0,0.9199999999999999,0.16546762589928052,13.0,0.21600000000000003,0.3238790734222323,0.0,1.0,0.04,0.0,0.04000000000000002,0.007194244604316556,0.0,0.07797435475847173,0.0880163398930621,5,5,5,25.000 +/- 0.000,23.000 +/- 1.000,0.080 +/- 0.040,0.000 +/- 0.000,0.920 +/- 0.040,0.165 +/- 0.007,13.000 +/- 0.000,0.216 +/- 0.078,0.324 +/- 0.088
bace,scaffold_ood,0.7,25,chemdeprc_soft75,25.0,22.2,0.11200000000000002,0.0,0.8880000000000001,0.1597122302158273,19.0,0.08,0.24890952122729448,0.0,1.6431676725154984,0.06572670690061994,0.0,0.06572670690061994,0.011821350161981986,0.0,0.0,0.024249567106214294,5,5,5,25.000 +/- 0.000,22.200 +/- 1.643,0.112 +/- 0.066,0.000 +/- 0.000,0.888 +/- 0.066,0.160 +/- 0.012,19.000 +/- 0.000,0.080 +/- 0.000,0.249 +/- 0.024
bace,scaffold_ood,0.7,25,random_b,25.0,11.8,0.528,0.0,0.472,0.08489208633093522,19.0,0.152,0.18798320552222786,0.0,1.30384048104053,0.05215361924162121,0.0,0.05215361924162121,0.009380147345615304,1.8708286933869709,0.03346640106136302,0.01974452085800546,5,5,5,25.000 +/- 0.000,11.800 +/- 1.304,0.528 +/- 0.052,0.000 +/- 0.000,0.472 +/- 0.052,0.085 +/- 0.009,19.000 +/- 1.871,0.152 +/- 0.033,0.188 +/- 0.020
bace,scaffold_ood,0.7,25,raw_top_b,25.0,24.4,0.024,0.0,0.976,0.17553956834532372,8.4,0.552,0.4685987788010218,0.0,0.5477225575051664,0.021908902300206645,0.0,0.021908902300206676,0.003940450053993975,0.8944271909999157,0.017888543819998333,0.05817053502665934,5,5,5,25.000 +/- 0.000,24.400 +/- 0.548,0.024 +/- 0.022,0.000 +/- 0.000,0.976 +/- 0.022,0.176 +/- 0.004,8.400 +/- 0.894,0.552 +/- 0.018,0.469 +/- 0.058
bace,scaffold_ood,0.7,25,score_cap1,25.0,21.8,0.128,0.0,0.8720000000000001,0.15683453237410067,25.0,0.04,0.21711280840419697,0.0,0.44721359549995765,0.01788854381999832,0.0,0.017888543819998326,0.0032173639964025546,0.0,0.0,0.012676852577547675,5,5,5,25.000 +/- 0.000,21.800 +/- 0.447,0.128 +/- 0.018,0.000 +/- 0.000,0.872 +/- 0.018,0.157 +/- 0.003,25.000 +/- 0.000,0.040 +/- 0.000,0.217 +/- 0.013
bace,scaffold_ood,0.7,25,score_dpp,25.0,21.8,0.128,0.0,0.8720000000000001,0.15683453237410067,22.2,0.11200000000000002,0.17477707461421108,0.0,0.8366600265340757,0.033466401061363026,0.0,0.03346640106136305,0.006019136881540074,1.7888543819998317,0.03346640106136302,0.005093698210489353,5,5,5,25.000 +/- 0.000,21.800 +/- 0.837,0.128 +/- 0.033,0.000 +/- 0.000,0.872 +/- 0.033,0.157 +/- 0.006,22.200 +/- 1.789,0.112 +/- 0.033,0.175 +/- 0.005
bace,scaffold_ood,0.7,25,score_leader70,25.0,22.2,0.11199999999999999,0.0,0.8880000000000001,0.15971223021582728,19.0,0.16,0.20447654859144837,0.0,0.44721359549995815,0.017888543819998316,0.0,0.017888543819998333,0.0032173639964025564,2.345207879911715,0.0692820323027551,0.017406104435484567,5,5,5,25.000 +/- 0.000,22.200 +/- 0.447,0.112 +/- 0.018,0.000 +/- 0.000,0.888 +/- 0.018,0.160 +/- 0.003,19.000 +/- 2.345,0.160 +/- 0.069,0.204 +/- 0.017
bace,scaffold_ood,0.7,25,score_maxmin,25.0,8.6,0.656,0.6,0.34400000000000003,0.06187050359712226,24.8,0.048,0.11086629390261149,0.0,3.2093613071762426,0.1283744522870497,0.5477225575051661,0.12837445228704972,0.023088930267454982,0.44721359549995815,0.01788854381999832,0.0035830633729745792,5,5,5,25.000 +/- 0.000,8.600 +/- 3.209,0.656 +/- 0.128,0.600 +/- 0.548,0.344 +/- 0.128,0.062 +/- 0.023,24.800 +/- 0.447,0.048 +/- 0.018,0.111 +/- 0.004
bace,scaffold_ood,0.7,25,score_mmr25,25.0,23.2,0.072,0.0,0.9279999999999999,0.16690647482014387,16.0,0.33599999999999997,0.2741107054398053,0.0,1.6431676725154984,0.06572670690061994,0.0,0.06572670690061992,0.01182135016198199,2.5495097567963922,0.11523888232710347,0.04617111736113634,5,5,5,25.000 +/- 0.000,23.200 +/- 1.643,0.072 +/- 0.066,0.000 +/- 0.000,0.928 +/- 0.066,0.167 +/- 0.012,16.000 +/- 2.550,0.336 +/- 0.115,0.274 +/- 0.046
bace,scaffold_ood,0.7,25,weighted_bh,25.0,22.0,0.12,0.0,0.8800000000000001,0.158273381294964,20.4,0.144,0.2307727071127562,0.0,1.0,0.04,0.0,0.040000000000000036,0.007194244604316502,2.408318915758459,0.05366563145999496,0.025677299117723144,5,5,5,25.000 +/- 0.000,22.000 +/- 1.000,0.120 +/- 0.040,0.000 +/- 0.000,0.880 +/- 0.040,0.158 +/- 0.007,20.400 +/- 2.408,0.144 +/- 0.054,0.231 +/- 0.026
bace,scaffold_ood,0.7,50,bh,50.0,46.0,0.08,0.0,0.9199999999999999,0.33093525179856115,18.6,0.28,0.3166352918059335,0.0,1.8708286933869709,0.03741657386773942,0.0,0.03741657386773939,0.013459199232999796,2.60768096208106,0.0,0.03659172845364465,5,5,5,50.000 +/- 0.000,46.000 +/- 1.871,0.080 +/- 0.037,0.000 +/- 0.000,0.920 +/- 0.037,0.331 +/- 0.013,18.600 +/- 2.608,0.280 +/- 0.000,0.317 +/- 0.037
bace,scaffold_ood,0.7,50,bh_cap1,50.0,38.8,0.22400000000000003,0.0,0.776,0.27913669064748203,50.0,0.02,0.1901101964640044,0.0,1.923538406167134,0.03847076812334269,0.0,0.0384707681233427,0.013838405799763554,0.0,0.0,0.0029020982206338013,5,5,5,50.000 +/- 0.000,38.800 +/- 1.924,0.224 +/- 0.038,0.000 +/- 0.000,0.776 +/- 0.038,0.279 +/- 0.014,50.000 +/- 0.000,0.020 +/- 0.000,0.190 +/- 0.003
bace,scaffold_ood,0.7,50,block_bh,50.0,46.0,0.08,0.0,0.9199999999999999,0.33093525179856115,18.6,0.28,0.3166352918059335,0.0,1.8708286933869709,0.03741657386773942,0.0,0.03741657386773939,0.013459199232999796,2.60768096208106,0.0,0.03659172845364465,5,5,5,50.000 +/- 0.000,46.000 +/- 1.871,0.080 +/- 0.037,0.000 +/- 0.000,0.920 +/- 0.037,0.331 +/- 0.013,18.600 +/- 2.608,0.280 +/- 0.000,0.317 +/- 0.037
bace,scaffold_ood,0.7,50,by,44.8,41.4,0.07600600150037509,0.0,0.9239939984996248,0.297841726618705,16.2,0.32343885971492875,0.3384844343608354,8.28854631404084,7.861297602813418,0.04642605975959207,0.0,0.04642605975959205,0.05655609786196703,3.3466401061363023,0.0743202184618538,0.03297479661904897,5,5,5,44.800 +/- 8.289,41.400 +/- 7.861,0.076 +/- 0.046,0.000 +/- 0.000,0.924 +/- 0.046,0.298 +/- 0.057,16.200 +/- 3.347,0.323 +/- 0.074,0.338 +/- 0.033
bace,scaffold_ood,0.7,50,chemdeprc_cap1,50.0,38.6,0.22800000000000004,0.0,0.772,0.27769784172661865,50.0,0.02,0.19157497198912982,0.0,2.0736441353327724,0.041472882706655445,0.0,0.041472882706655424,0.014918303131890437,0.0,0.0,0.003928750297730343,5,5,5,50.000 +/- 0.000,38.600 +/- 2.074,0.228 +/- 0.041,0.000 +/- 0.000,0.772 +/- 0.041,0.278 +/- 0.015,50.000 +/- 0.000,0.020 +/- 0.000,0.192 +/- 0.004
bace,scaffold_ood,0.7,50,chemdeprc_scorecap1,50.0,39.0,0.22000000000000003,0.0,0.78,0.2805755395683453,50.0,0.02,0.18984344936733147,0.0,2.5495097567963922,0.050990195135927854,0.0,0.05099019513592786,0.01834179681148485,0.0,0.0,0.003199176558632025,5,5,5,50.000 +/- 0.000,39.000 +/- 2.550,0.220 +/- 0.051,0.000 +/- 0.000,0.780 +/- 0.051,0.281 +/- 0.018,50.000 +/- 0.000,0.020 +/- 0.000,0.190 +/- 0.003
bace,scaffold_ood,0.7,50,chemdeprc_scoresoft50,50.0,44.0,0.12,0.0,0.8800000000000001,0.316546762589928,25.0,0.10800000000000001,0.24392368210860466,0.0,1.8708286933869713,0.03741657386773941,0.0,0.03741657386773946,0.013459199232999758,0.0,0.010954451150103317,0.01721040394886536,5,5,5,50.000 +/- 0.000,44.000 +/- 1.871,0.120 +/- 0.037,0.000 +/- 0.000,0.880 +/- 0.037,0.317 +/- 0.013,25.000 +/- 0.000,0.108 +/- 0.011,0.244 +/- 0.017
bace,scaffold_ood,0.7,50,chemdeprc_soft50,50.0,43.6,0.128,0.0,0.8720000000000001,0.3136690647482014,25.0,0.156,0.2619018067339159,0.0,2.509980079602227,0.050199601592044535,0.0,0.05019960159204455,0.01805741064462034,0.0,0.06228964600958975,0.02057853587631209,5,5,5,50.000 +/- 0.000,43.600 +/- 2.510,0.128 +/- 0.050,0.000 +/- 0.000,0.872 +/- 0.050,0.314 +/- 0.018,25.000 +/- 0.000,0.156 +/- 0.062,0.262 +/- 0.021
bace,scaffold_ood,0.7,50,chemdeprc_soft75,50.0,42.0,0.16,0.0,0.8400000000000001,0.302158273381295,38.0,0.048,0.20989922724657273,0.0,2.23606797749979,0.04472135954999579,0.0,0.044721359549995794,0.016086819982012866,0.0,0.01095445115010332,0.005714876728122857,5,5,5,50.000 +/- 0.000,42.000 +/- 2.236,0.160 +/- 0.045,0.000 +/- 0.000,0.840 +/- 0.045,0.302 +/- 0.016,38.000 +/- 0.000,0.048 +/- 0.011,0.210 +/- 0.006
bace,scaffold_ood,0.7,50,random_b,50.0,20.8,0.584,0.0,0.41600000000000004,0.14964028776978416,37.4,0.148,0.184295518511192,0.0,4.207136793592526,0.08414273587185053,0.0,0.08414273587185055,0.03026717117692465,1.5165750888103098,0.030331501776206207,0.019903563624943325,5,5,5,50.000 +/- 0.000,20.800 +/- 4.207,0.584 +/- 0.084,0.000 +/- 0.000,0.416 +/- 0.084,0.150 +/- 0.030,37.400 +/- 1.517,0.148 +/- 0.030,0.184 +/- 0.020
bace,scaffold_ood,0.7,50,raw_top_b,50.0,46.0,0.08,0.0,0.9199999999999999,0.33093525179856115,18.6,0.28,0.3166352918059336,0.0,1.8708286933869709,0.03741657386773942,0.0,0.03741657386773939,0.013459199232999796,2.60768096208106,0.0,0.0365917284536446,5,5,5,50.000 +/- 0.000,46.000 +/- 1.871,0.080 +/- 0.037,0.000 +/- 0.000,0.920 +/- 0.037,0.331 +/- 0.013,18.600 +/- 2.608,0.280 +/- 0.000,0.317 +/- 0.037
bace,scaffold_ood,0.7,50,score_cap1,50.0,38.8,0.22400000000000003,0.0,0.776,0.27913669064748203,50.0,0.02,0.1901101964640044,0.0,1.923538406167134,0.03847076812334269,0.0,0.0384707681233427,0.013838405799763554,0.0,0.0,0.0029020982206338013,5,5,5,50.000 +/- 0.000,38.800 +/- 1.924,0.224 +/- 0.038,0.000 +/- 0.000,0.776 +/- 0.038,0.279 +/- 0.014,50.000 +/- 0.000,0.020 +/- 0.000,0.190 +/- 0.003
bace,scaffold_ood,0.7,50,score_dpp,50.0,42.4,0.152,0.0,0.8480000000000001,0.30503597122302156,37.6,0.136,0.18748461803769925,0.0,2.073644135332772,0.041472882706655445,0.0,0.04147288270665543,0.014918303131890428,1.6733200530681516,0.016733200530681513,0.00901569032918032,5,5,5,50.000 +/- 0.000,42.400 +/- 2.074,0.152 +/- 0.041,0.000 +/- 0.000,0.848 +/- 0.041,0.305 +/- 0.015,37.600 +/- 1.673,0.136 +/- 0.017,0.187 +/- 0.009
bace,scaffold_ood,0.7,50,score_leader70,50.0,41.6,0.168,0.0,0.8320000000000001,0.2992805755395683,37.2,0.16,0.18644560456260156,0.0,0.8944271909999163,0.01788854381999832,0.0,0.017888543819998277,0.006434727992805181,2.3874672772626635,0.014142135623730944,0.004952455222440231,5,5,5,50.000 +/- 0.000,41.600 +/- 0.894,0.168 +/- 0.018,0.000 +/- 0.000,0.832 +/- 0.018,0.299 +/- 0.006,37.200 +/- 2.387,0.160 +/- 0.014,0.186 +/- 0.005
bace,scaffold_ood,0.7,50,score_maxmin,50.0,19.2,0.616,0.0,0.384,0.1381294964028777,49.4,0.032,0.12701486065739412,0.0,1.7888543819998317,0.035777087639996666,0.0,0.035777087639996624,0.012869455985610305,0.547722557505166,0.010954451150103323,0.0028242004578777663,5,5,5,50.000 +/- 0.000,19.200 +/- 1.789,0.616 +/- 0.036,0.000 +/- 0.000,0.384 +/- 0.036,0.138 +/- 0.013,49.400 +/- 0.548,0.032 +/- 0.011,0.127 +/- 0.003
bace,scaffold_ood,0.7,50,score_mmr25,50.0,45.0,0.1,0.0,0.9,0.32374100719424453,26.4,0.276,0.26559238610234115,0.0,1.2247448713915894,0.024494897427831785,0.0,0.02449489742783181,0.0088111141826733,2.408318915758459,0.008944271909999166,0.0118911537579244,5,5,5,50.000 +/- 0.000,45.000 +/- 1.225,0.100 +/- 0.024,0.000 +/- 0.000,0.900 +/- 0.024,0.324 +/- 0.009,26.400 +/- 2.408,0.276 +/- 0.009,0.266 +/- 0.012
bace,scaffold_ood,0.7,50,weighted_bh,50.0,41.4,0.172,0.0,0.828,0.297841726618705,33.0,0.148,0.24349654891462316,0.0,4.393176527297759,0.08786353054595518,0.0,0.08786353054595522,0.03160558652732199,2.5495097567963922,0.017888543819998326,0.01810098044124551,5,5,5,50.000 +/- 0.000,41.400 +/- 4.393,0.172 +/- 0.088,0.000 +/- 0.000,0.828 +/- 0.088,0.298 +/- 0.032,33.000 +/- 2.550,0.148 +/- 0.018,0.243 +/- 0.018
bace,scaffold_ood,0.7,100,bh,100.0,84.6,0.154,0.0,0.8459999999999999,0.6086330935251798,36.8,0.22800000000000004,0.23112047538558605,0.0,2.073644135332771,0.02073644135332771,0.0,0.020736441353327747,0.014918303131890449,4.324349662087931,0.04919349550499537,0.00400754519805781,5,5,5,100.000 +/- 0.000,84.600 +/- 2.074,0.154 +/- 0.021,0.000 +/- 0.000,0.846 +/- 0.021,0.609 +/- 0.015,36.800 +/- 4.324,0.228 +/- 0.049,0.231 +/- 0.004
bace,scaffold_ood,0.7,100,bh_cap1,77.0,50.0,0.3443393112811874,0.0,0.6556606887188126,0.35971223021582727,77.0,0.013129793258306299,0.17960592377907952,8.514693182963201,1.4142135623730951,0.07333517761683975,0.0,0.07333517761683973,0.010174198290453943,8.514693182963201,0.0016190667017861025,0.004079691857748233,5,5,5,77.000 +/- 8.515,50.000 +/- 1.414,0.344 +/- 0.073,0.000 +/- 0.000,0.656 +/- 0.073,0.360 +/- 0.010,77.000 +/- 8.515,0.013 +/- 0.002,0.180 +/- 0.004
bace,scaffold_ood,0.7,100,block_bh,100.0,84.6,0.154,0.0,0.8459999999999999,0.6086330935251798,36.8,0.22800000000000004,0.23112047538558605,0.0,2.073644135332771,0.02073644135332771,0.0,0.020736441353327747,0.014918303131890449,4.324349662087931,0.04919349550499537,0.00400754519805781,5,5,5,100.000 +/- 0.000,84.600 +/- 2.074,0.154 +/- 0.021,0.000 +/- 0.000,0.846 +/- 0.021,0.609 +/- 0.015,36.800 +/- 4.324,0.228 +/- 0.049,0.231 +/- 0.004
bace,scaffold_ood,0.7,100,by,71.6,62.0,0.11622119287376054,0.0,0.8837788071262395,0.4460431654676259,25.6,0.29400385556751785,0.2850468949504085,32.23042041301975,25.25866188063018,0.060557376352232274,0.0,0.06055737635223225,0.18171699194697968,10.644247272588137,0.09958183204410263,0.06905451425390145,5,5,5,71.600 +/- 32.230,62.000 +/- 25.259,0.116 +/- 0.061,0.000 +/- 0.000,0.884 +/- 0.061,0.446 +/- 0.182,25.600 +/- 10.644,0.294 +/- 0.100,0.285 +/- 0.069
bace,scaffold_ood,0.7,100,chemdeprc_cap1,65.2,46.4,0.2819414318332826,0.0,0.7180585681667173,0.33381294964028774,65.2,0.01556259785826784,0.18343026904209622,9.5236547606473,3.5071355833500366,0.067036975659584,0.0,0.06703697565958398,0.02523119124712257,9.5236547606473,0.0019299354317824054,0.006364771245818833,5,5,5,65.200 +/- 9.524,46.400 +/- 3.507,0.282 +/- 0.067,0.000 +/- 0.000,0.718 +/- 0.067,0.334 +/- 0.025,65.200 +/- 9.524,0.016 +/- 0.002,0.183 +/- 0.006
bace,scaffold_ood,0.7,100,chemdeprc_scorecap1,65.2,46.4,0.2819414318332826,0.0,0.7180585681667173,0.33381294964028774,65.2,0.01556259785826784,0.18343026904209622,9.5236547606473,3.5071355833500366,0.067036975659584,0.0,0.06703697565958398,0.02523119124712257,9.5236547606473,0.0019299354317824054,0.006364771245818833,5,5,5,65.200 +/- 9.524,46.400 +/- 3.507,0.282 +/- 0.067,0.000 +/- 0.000,0.718 +/- 0.067,0.334 +/- 0.025,65.200 +/- 9.524,0.016 +/- 0.002,0.183 +/- 0.006
bace,scaffold_ood,0.7,100,chemdeprc_scoresoft50,100.0,78.8,0.21200000000000002,0.0,0.788,0.5669064748201439,50.0,0.07200000000000001,0.20756525198480724,0.0,2.683281572999748,0.026832815729997468,0.0,0.02683281572999747,0.019304183978415424,0.0,0.004472135954999579,0.00728462896122993,5,5,5,100.000 +/- 0.000,78.800 +/- 2.683,0.212 +/- 0.027,0.000 +/- 0.000,0.788 +/- 0.027,0.567 +/- 0.019,50.000 +/- 0.000,0.072 +/- 0.004,0.208 +/- 0.007
bace,scaffold_ood,0.7,100,chemdeprc_soft50,100.0,80.4,0.196,0.0,0.8039999999999999,0.5784172661870504,50.0,0.092,0.21586610587033855,0.0,2.701851217221261,0.027018512172212596,0.0,0.027018512172212558,0.019437778541160133,0.0,0.016431676725154984,0.008097878563425488,5,5,5,100.000 +/- 0.000,80.400 +/- 2.702,0.196 +/- 0.027,0.000 +/- 0.000,0.804 +/- 0.027,0.578 +/- 0.019,50.000 +/- 0.000,0.092 +/- 0.016,0.216 +/- 0.008
bace,scaffold_ood,0.7,100,chemdeprc_soft75,100.0,73.8,0.262,0.0,0.738,0.5309352517985612,63.8,0.046,0.19132542504408576,0.0,6.1400325732034995,0.061400325732035,0.0,0.06140032573203501,0.0441728962100971,6.457553716385177,0.01140175425099138,0.007754691462889518,5,5,5,100.000 +/- 0.000,73.800 +/- 6.140,0.262 +/- 0.061,0.000 +/- 0.000,0.738 +/- 0.061,0.531 +/- 0.044,63.800 +/- 6.458,0.046 +/- 0.011,0.191 +/- 0.008
bace,scaffold_ood,0.7,100,random_b,100.0,42.6,0.5740000000000001,0.0,0.426,0.30647482014388483,60.0,0.144,0.18263324394072583,0.0,3.9749213828703582,0.03974921382870355,0.0,0.03974921382870358,0.028596556711297537,4.358898943540674,0.03361547262794322,0.011199836786766667,5,5,5,100.000 +/- 0.000,42.600 +/- 3.975,0.574 +/- 0.040,0.000 +/- 0.000,0.426 +/- 0.040,0.306 +/- 0.029,60.000 +/- 4.359,0.144 +/- 0.034,0.183 +/- 0.011
bace,scaffold_ood,0.7,100,raw_top_b,100.0,84.6,0.154,0.0,0.8459999999999999,0.6086330935251798,36.8,0.22800000000000004,0.23112047538558605,0.0,2.073644135332771,0.02073644135332771,0.0,0.020736441353327747,0.014918303131890449,4.324349662087931,0.04919349550499537,0.00400754519805781,5,5,5,100.000 +/- 0.000,84.600 +/- 2.074,0.154 +/- 0.021,0.000 +/- 0.000,0.846 +/- 0.021,0.609 +/- 0.015,36.800 +/- 4.324,0.228 +/- 0.049,0.231 +/- 0.004
bace,scaffold_ood,0.7,100,score_cap1,100.0,52.8,0.472,0.0,0.528,0.3798561151079136,100.0,0.01,0.17424555340215697,0.0,1.303840481040529,0.013038404810405281,0.0,0.013038404810405314,0.00938014734561531,0.0,0.0,0.005647825043514775,5,5,5,100.000 +/- 0.000,52.800 +/- 1.304,0.472 +/- 0.013,0.000 +/- 0.000,0.528 +/- 0.013,0.380 +/- 0.009,100.000 +/- 0.000,0.010 +/- 0.000,0.174 +/- 0.006
bace,scaffold_ood,0.7,100,score_dpp,100.0,81.0,0.19,0.0,0.8099999999999999,0.5827338129496403,55.6,0.152,0.19684054569497475,0.0,3.5355339059327378,0.035355339059327376,0.0,0.03535533905932738,0.02543549572613479,4.159326868617084,0.026832815729997475,0.0024170934540924983,5,5,5,100.000 +/- 0.000,81.000 +/- 3.536,0.190 +/- 0.035,0.000 +/- 0.000,0.810 +/- 0.035,0.583 +/- 0.025,55.600 +/- 4.159,0.152 +/- 0.027,0.197 +/- 0.002
bace,scaffold_ood,0.7,100,score_leader70,100.0,59.6,0.404,0.0,0.596,0.4287769784172662,79.0,0.082,0.16885716176460797,0.0,3.286335345030997,0.03286335345030996,0.0,0.03286335345030996,0.023642700323964004,2.23606797749979,0.004472135954999576,0.0041282082693362716,5,5,5,100.000 +/- 0.000,59.600 +/- 3.286,0.404 +/- 0.033,0.000 +/- 0.000,0.596 +/- 0.033,0.429 +/- 0.024,79.000 +/- 2.236,0.082 +/- 0.004,0.169 +/- 0.004
bace,scaffold_ood,0.7,100,score_maxmin,100.0,41.8,0.5820000000000001,0.0,0.418,0.3007194244604316,93.6,0.036,0.1448976466692852,0.0,2.1679483388678804,0.021679483388678786,0.0,0.021679483388678773,0.015596750639337267,1.1401754250991383,0.005477225575051661,0.002147008472649678,5,5,5,100.000 +/- 0.000,41.800 +/- 2.168,0.582 +/- 0.022,0.000 +/- 0.000,0.418 +/- 0.022,0.301 +/- 0.016,93.600 +/- 1.140,0.036 +/- 0.005,0.145 +/- 0.002
bace,scaffold_ood,0.7,100,score_mmr25,100.0,84.0,0.16,0.0,0.8400000000000001,0.60431654676259,42.6,0.20400000000000001,0.22267477011632755,0.0,3.0,0.029999999999999995,0.0,0.02999999999999996,0.021582733812949617,4.39317652729776,0.03847076812334268,0.004426851504404773,5,5,5,100.000 +/- 0.000,84.000 +/- 3.000,0.160 +/- 0.030,0.000 +/- 0.000,0.840 +/- 0.030,0.604 +/- 0.022,42.600 +/- 4.393,0.204 +/- 0.038,0.223 +/- 0.004
bace,scaffold_ood,0.7,100,weighted_bh,100.0,78.6,0.21400000000000002,0.0,0.786,0.5654676258992806,58.4,0.14,0.21958683257645414,0.0,2.509980079602227,0.02509980079602226,0.0,0.0250998007960223,0.01805741064462031,6.107372593840988,0.0,0.009919008346050412,5,5,5,100.000 +/- 0.000,78.600 +/- 2.510,0.214 +/- 0.025,0.000 +/- 0.000,0.786 +/- 0.025,0.565 +/- 0.018,58.400 +/- 6.107,0.140 +/- 0.000,0.220 +/- 0.010
bbbp,cold_start20,0.7,25,bh,25.0,25.0,0.0,0.0,1.0,0.0830564784053156,16.6,0.23200000000000004,0.2180681769069365,0.0,0.0,0.0,0.0,0.0,0.0,0.8944271909999162,0.07155417527999328,0.017698730056558806,5,5,5,25.000 +/- 0.000,25.000 +/- 0.000,0.000 +/- 0.000,0.000 +/- 0.000,1.000 +/- 0.000,0.083 +/- 0.000,16.600 +/- 0.894,0.232 +/- 0.072,0.218 +/- 0.018
bbbp,cold_start20,0.7,25,bh_cap1,25.0,24.6,0.016,0.0,0.984,0.08172757475083055,25.0,0.04,0.167433900035009,0.0,0.8944271909999155,0.03577708763999664,0.0,0.03577708763999663,0.0029715189069764885,0.0,0.0,0.016858590791162028,5,5,5,25.000 +/- 0.000,24.600 +/- 0.894,0.016 +/- 0.036,0.000 +/- 0.000,0.984 +/- 0.036,0.082 +/- 0.003,25.000 +/- 0.000,0.040 +/- 0.000,0.167 +/- 0.017
bbbp,cold_start20,0.7,25,block_bh,25.0,25.0,0.0,0.0,1.0,0.0830564784053156,16.6,0.23200000000000004,0.2180681769069365,0.0,0.0,0.0,0.0,0.0,0.0,0.8944271909999162,0.07155417527999328,0.017698730056558806,5,5,5,25.000 +/- 0.000,25.000 +/- 0.000,0.000 +/- 0.000,0.000 +/- 0.000,1.000 +/- 0.000,0.083 +/- 0.000,16.600 +/- 0.894,0.232 +/- 0.072,0.218 +/- 0.018
bbbp,cold_start20,0.7,25,by,5.0,5.0,0.0,0.0,0.2,0.01661129568106312,3.2,0.032,0.0377606914812661,11.180339887498947,11.180339887498947,0.0,0.0,0.447213595499958,0.0371439863372058,7.155417527999328,0.07155417527999328,0.08443547302950823,5,5,5,5.000 +/- 11.180,5.000 +/- 11.180,0.000 +/- 0.000,0.000 +/- 0.000,0.200 +/- 0.447,0.017 +/- 0.037,3.200 +/- 7.155,0.032 +/- 0.072,0.038 +/- 0.084
bbbp,cold_start20,0.7,25,chemdeprc_cap1,25.0,24.6,0.016,0.0,0.984,0.08172757475083052,25.0,0.04,0.16529805257647284,0.0,0.547722557505166,0.021908902300206645,0.0,0.021908902300206666,0.0018196762707813254,0.0,0.0,0.01882373633121533,5,5,5,25.000 +/- 0.000,24.600 +/- 0.548,0.016 +/- 0.022,0.000 +/- 0.000,0.984 +/- 0.022,0.082 +/- 0.002,25.000 +/- 0.000,0.040 +/- 0.000,0.165 +/- 0.019
bbbp,cold_start20,0.7,25,chemdeprc_scorecap1,25.0,24.6,0.016,0.0,0.984,0.08172757475083055,25.0,0.04,0.167433900035009,0.0,0.8944271909999155,0.03577708763999664,0.0,0.03577708763999663,0.0029715189069764885,0.0,0.0,0.016858590791162028,5,5,5,25.000 +/- 0.000,24.600 +/- 0.894,0.016 +/- 0.036,0.000 +/- 0.000,0.984 +/- 0.036,0.082 +/- 0.003,25.000 +/- 0.000,0.040 +/- 0.000,0.167 +/- 0.017
bbbp,cold_start20,0.7,25,chemdeprc_scoresoft50,24.2,24.0,0.008,0.0,0.992,0.07973421926910293,13.0,0.2351304347826087,0.22418406135859467,1.0954451150103324,1.0,0.017888543819998316,0.0,0.017888543819998333,0.0033222591362126507,0.0,0.10669391586411875,0.02091913095358738,5,5,5,24.200 +/- 1.095,24.000 +/- 1.000,0.008 +/- 0.018,0.000 +/- 0.000,0.992 +/- 0.018,0.080 +/- 0.003,13.000 +/- 0.000,0.235 +/- 0.107,0.224 +/- 0.021
bbbp,cold_start20,0.7,25,chemdeprc_soft50,18.2,18.2,0.0,0.0,1.0,0.06046511627906972,13.0,0.2725810904071774,0.2123455790671343,3.492849839314596,3.492849839314596,0.0,0.0,0.0,0.01160415229008172,0.0,0.102190522853572,0.02224130679192571,5,5,5,18.200 +/- 3.493,18.200 +/- 3.493,0.000 +/- 0.000,0.000 +/- 0.000,1.000 +/- 0.000,0.060 +/- 0.012,13.000 +/- 0.000,0.273 +/- 0.102,0.212 +/- 0.022
bbbp,cold_start20,0.7,25,chemdeprc_soft75,25.0,24.8,0.008,0.0,0.992,0.08239202657807307,19.0,0.128,0.18717135068463644,0.0,0.44721359549995815,0.01788854381999832,0.0,0.01788854381999834,0.0014857594534882666,0.0,0.04381780460041329,0.016907814293391336,5,5,5,25.000 +/- 0.000,24.800 +/- 0.447,0.008 +/- 0.018,0.000 +/- 0.000,0.992 +/- 0.018,0.082 +/- 0.001,19.000 +/- 0.000,0.128 +/- 0.044,0.187 +/- 0.017
bbbp,cold_start20,0.7,25,random_b,25.0,19.8,0.20800000000000002,0.0,0.792,0.06578073089700992,23.0,0.11200000000000002,0.09732400154467576,0.0,1.3038404810405297,0.052153619241621194,0.0,0.05215361924162119,0.00433169595030078,1.0,0.03346640106136302,0.011349588358931061,5,5,5,25.000 +/- 0.000,19.800 +/- 1.304,0.208 +/- 0.052,0.000 +/- 0.000,0.792 +/- 0.052,0.066 +/- 0.004,23.000 +/- 1.000,0.112 +/- 0.033,0.097 +/- 0.011
bbbp,cold_start20,0.7,25,raw_top_b,25.0,25.0,0.0,0.0,1.0,0.0830564784053156,16.6,0.23200000000000004,0.2180681769069365,0.0,0.0,0.0,0.0,0.0,0.0,0.8944271909999162,0.07155417527999328,0.017698730056558778,5,5,5,25.000 +/- 0.000,25.000 +/- 0.000,0.000 +/- 0.000,0.000 +/- 0.000,1.000 +/- 0.000,0.083 +/- 0.000,16.600 +/- 0.894,0.232 +/- 0.072,0.218 +/- 0.018
bbbp,cold_start20,0.7,25,score_cap1,25.0,24.6,0.016,0.0,0.984,0.08172757475083055,25.0,0.04,0.167433900035009,0.0,0.8944271909999155,0.03577708763999664,0.0,0.03577708763999663,0.0029715189069764885,0.0,0.0,0.016858590791162028,5,5,5,25.000 +/- 0.000,24.600 +/- 0.894,0.016 +/- 0.036,0.000 +/- 0.000,0.984 +/- 0.036,0.082 +/- 0.003,25.000 +/- 0.000,0.040 +/- 0.000,0.167 +/- 0.017
bbbp,cold_start20,0.7,25,score_dpp,25.0,22.2,0.11200000000000002,0.0,0.8880000000000001,0.07375415282392021,25.0,0.04,0.0744219981604836,0.0,1.3038404810405297,0.0521536192416212,0.0,0.05215361924162115,0.004331695950300732,0.0,0.0,0.009944888471881805,5,5,5,25.000 +/- 0.000,22.200 +/- 1.304,0.112 +/- 0.052,0.000 +/- 0.000,0.888 +/- 0.052,0.074 +/- 0.004,25.000 +/- 0.000,0.040 +/- 0.000,0.074 +/- 0.010
bbbp,cold_start20,0.7,25,score_leader70,25.0,25.0,0.0,0.0,1.0,0.0830564784053156,18.6,0.192,0.1976903019155093,0.0,0.0,0.0,0.0,0.0,0.0,0.8944271909999162,0.06572670690061994,0.016189553502522085,5,5,5,25.000 +/- 0.000,25.000 +/- 0.000,0.000 +/- 0.000,0.000 +/- 0.000,1.000 +/- 0.000,0.083 +/- 0.000,18.600 +/- 0.894,0.192 +/- 0.066,0.198 +/- 0.016
bbbp,cold_start20,0.7,25,score_maxmin,25.0,18.4,0.264,0.0,0.736,0.06112956810631224,24.8,0.048,0.04409960697332912,0.0,1.8165902124584952,0.0726636084983398,0.0,0.07266360849833978,0.006035183430094693,0.44721359549995765,0.017888543819998316,0.0019258671936161205,5,5,5,25.000 +/- 0.000,18.400 +/- 1.817,0.264 +/- 0.073,0.000 +/- 0.000,0.736 +/- 0.073,0.061 +/- 0.006,24.800 +/- 0.447,0.048 +/- 0.018,0.044 +/- 0.002
bbbp,cold_start20,0.7,25,score_mmr25,25.0,23.4,0.064,0.0,0.9359999999999999,0.07774086378737535,25.0,0.04,0.08846470821082801,0.0,0.8944271909999161,0.03577708763999664,0.0,0.0357770876399966,0.002971518906976492,0.0,0.0,0.012003382603081326,5,5,5,25.000 +/- 0.000,23.400 +/- 0.894,0.064 +/- 0.036,0.000 +/- 0.000,0.936 +/- 0.036,0.078 +/- 0.003,25.000 +/- 0.000,0.040 +/- 0.000,0.088 +/- 0.012
bbbp,cold_start20,0.7,25,weighted_bh,25.0,24.6,0.016,0.0,0.984,0.08172757475083052,24.8,0.048,0.15765278919800457,0.0,0.547722557505166,0.021908902300206645,0.0,0.021908902300206666,0.0018196762707813254,0.44721359549995787,0.017888543819998316,0.016106322212500485,5,5,5,25.000 +/- 0.000,24.600 +/- 0.548,0.016 +/- 0.022,0.000 +/- 0.000,0.984 +/- 0.022,0.082 +/- 0.002,24.800 +/- 0.447,0.048 +/- 0.018,0.158 +/- 0.016
bbbp,cold_start20,0.7,50,bh,50.0,48.4,0.032,0.0,0.968,0.16079734219269098,33.2,0.14,0.1786875600221804,0.0,1.1401754250991383,0.02280350850198276,0.0,0.022803508501982782,0.003787958222920754,1.923538406167134,0.02449489742783178,0.008590516152543259,5,5,5,50.000 +/- 0.000,48.400 +/- 1.140,0.032 +/- 0.023,0.000 +/- 0.000,0.968 +/- 0.023,0.161 +/- 0.004,33.200 +/- 1.924,0.140 +/- 0.024,0.179 +/- 0.009
bbbp,cold_start20,0.7,50,bh_cap1,50.0,47.6,0.048,0.0,0.952,0.15813953488372084,50.0,0.02,0.14532277436359836,0.0,1.51657508881031,0.030331501776206207,0.0,0.030331501776206218,0.005038455444552503,0.0,0.0,0.009641366719607067,5,5,5,50.000 +/- 0.000,47.600 +/- 1.517,0.048 +/- 0.030,0.000 +/- 0.000,0.952 +/- 0.030,0.158 +/- 0.005,50.000 +/- 0.000,0.020 +/- 0.000,0.145 +/- 0.010
bbbp,cold_start20,0.7,50,block_bh,50.0,48.4,0.032,0.0,0.968,0.16079734219269098,33.2,0.14,0.1786875600221804,0.0,1.1401754250991383,0.02280350850198276,0.0,0.022803508501982782,0.003787958222920754,1.923538406167134,0.02449489742783178,0.008590516152543259,5,5,5,50.000 +/- 0.000,48.400 +/- 1.140,0.032 +/- 0.023,0.000 +/- 0.000,0.968 +/- 0.023,0.161 +/- 0.004,33.200 +/- 1.924,0.140 +/- 0.024,0.179 +/- 0.009
bbbp,cold_start20,0.7,50,by,10.0,10.0,0.0,0.0,0.2,0.03322259136212624,6.2,0.028000000000000004,0.03351116673559174,22.360679774997894,22.360679774997894,0.0,0.0,0.447213595499958,0.0742879726744116,13.863621460498695,0.06260990336999411,0.07493324682611285,5,5,5,10.000 +/- 22.361,10.000 +/- 22.361,0.000 +/- 0.000,0.000 +/- 0.000,0.200 +/- 0.447,0.033 +/- 0.074,6.200 +/- 13.864,0.028 +/- 0.063,0.034 +/- 0.075
bbbp,cold_start20,0.7,50,chemdeprc_cap1,50.0,47.8,0.044,0.0,0.9560000000000001,0.15880398671096344,50.0,0.02,0.1377246904847918,0.0,2.1679483388678804,0.043358966777357594,0.0,0.04335896677735763,0.007202486175640785,0.0,0.0,0.012629974853746943,5,5,5,50.000 +/- 0.000,47.800 +/- 2.168,0.044 +/- 0.043,0.000 +/- 0.000,0.956 +/- 0.043,0.159 +/- 0.007,50.000 +/- 0.000,0.020 +/- 0.000,0.138 +/- 0.013
bbbp,cold_start20,0.7,50,chemdeprc_scorecap1,50.0,47.6,0.048,0.0,0.952,0.15813953488372084,50.0,0.02,0.14532277436359836,0.0,1.51657508881031,0.030331501776206207,0.0,0.030331501776206218,0.005038455444552503,0.0,0.0,0.009641366719607067,5,5,5,50.000 +/- 0.000,47.600 +/- 1.517,0.048 +/- 0.030,0.000 +/- 0.000,0.952 +/- 0.030,0.158 +/- 0.005,50.000 +/- 0.000,0.020 +/- 0.000,0.145 +/- 0.010
bbbp,cold_start20,0.7,50,chemdeprc_scoresoft50,50.0,48.8,0.024,0.0,0.976,0.16212624584717605,25.0,0.12000000000000002,0.1784088589149986,0.0,1.6431676725154991,0.03286335345030997,0.0,0.032863353450309954,0.005459028812343844,0.0,0.020000000000000004,0.014873649216996694,5,5,5,50.000 +/- 0.000,48.800 +/- 1.643,0.024 +/- 0.033,0.000 +/- 0.000,0.976 +/- 0.033,0.162 +/- 0.005,25.000 +/- 0.000,0.120 +/- 0.020,0.178 +/- 0.015
bbbp,cold_start20,0.7,50,chemdeprc_soft50,38.4,37.8,0.0147560975609756,0.0,0.9852439024390243,0.1255813953488372,25.0,0.18553444797347235,0.18582032274522045,3.4351128074635335,2.9495762407505244,0.013472712413391146,0.0,0.013472712413391154,0.009799256613789125,0.0,0.036985893442342654,0.01748022330476318,5,5,5,38.400 +/- 3.435,37.800 +/- 2.950,0.015 +/- 0.013,0.000 +/- 0.000,0.985 +/- 0.013,0.126 +/- 0.010,25.000 +/- 0.000,0.186 +/- 0.037,0.186 +/- 0.017
bbbp,cold_start20,0.7,50,chemdeprc_soft75,49.4,48.2,0.02451063829787234,0.0,0.9754893617021276,0.16013289036544848,38.0,0.06902127659574468,0.1601640390570968,1.3416407864998738,2.1679483388678795,0.026490173447358996,0.0,0.026490173447358975,0.007202486175640806,0.0,0.01248412300874273,0.013206121496664038,5,5,5,49.400 +/- 1.342,48.200 +/- 2.168,0.025 +/- 0.026,0.000 +/- 0.000,0.975 +/- 0.026,0.160 +/- 0.007,38.000 +/- 0.000,0.069 +/- 0.012,0.160 +/- 0.013
bbbp,cold_start20,0.7,50,random_b,50.0,38.0,0.24,0.0,0.76,0.12624584717607973,41.8,0.092,0.1078151268879064,0.0,5.52268050859363,0.11045361017187261,0.0,0.11045361017187266,0.018347775776058596,3.9623225512317903,0.038987177379235856,0.011243432514670663,5,5,5,50.000 +/- 0.000,38.000 +/- 5.523,0.240 +/- 0.110,0.000 +/- 0.000,0.760 +/- 0.110,0.126 +/- 0.018,41.800 +/- 3.962,0.092 +/- 0.039,0.108 +/- 0.011
bbbp,cold_start20,0.7,50,raw_top_b,50.0,48.4,0.032,0.0,0.968,0.16079734219269098,33.2,0.14,0.1786875600221804,0.0,1.1401754250991383,0.02280350850198276,0.0,0.022803508501982782,0.003787958222920754,1.923538406167134,0.02449489742783178,0.008590516152543259,5,5,5,50.000 +/- 0.000,48.400 +/- 1.140,0.032 +/- 0.023,0.000 +/- 0.000,0.968 +/- 0.023,0.161 +/- 0.004,33.200 +/- 1.924,0.140 +/- 0.024,0.179 +/- 0.009
bbbp,cold_start20,0.7,50,score_cap1,50.0,47.6,0.048,0.0,0.952,0.15813953488372084,50.0,0.02,0.14532277436359836,0.0,1.51657508881031,0.030331501776206207,0.0,0.030331501776206218,0.005038455444552503,0.0,0.0,0.009641366719607067,5,5,5,50.000 +/- 0.000,47.600 +/- 1.517,0.048 +/- 0.030,0.000 +/- 0.000,0.952 +/- 0.030,0.158 +/- 0.005,50.000 +/- 0.000,0.020 +/- 0.000,0.145 +/- 0.010
bbbp,cold_start20,0.7,50,score_dpp,50.0,45.0,0.1,0.0,0.9,0.14950166112956806,49.6,0.028000000000000004,0.08595186585255157,0.0,2.8284271247461903,0.0565685424949238,0.0,0.05656854249492381,0.009396767856299617,0.5477225575051667,0.010954451150103323,0.006966434958678594,5,5,5,50.000 +/- 0.000,45.000 +/- 2.828,0.100 +/- 0.057,0.000 +/- 0.000,0.900 +/- 0.057,0.150 +/- 0.009,49.600 +/- 0.548,0.028 +/- 0.011,0.086 +/- 0.007
bbbp,cold_start20,0.7,50,score_leader70,50.0,48.2,0.036,0.0,0.9640000000000001,0.16013289036544848,38.4,0.11600000000000002,0.1637752592222564,0.0,1.9235384061671346,0.03847076812334269,0.0,0.03847076812334271,0.0063904930437446335,1.5165750888103102,0.026076809620810597,0.008702779540199133,5,5,5,50.000 +/- 0.000,48.200 +/- 1.924,0.036 +/- 0.038,0.000 +/- 0.000,0.964 +/- 0.038,0.160 +/- 0.006,38.400 +/- 1.517,0.116 +/- 0.026,0.164 +/- 0.009
bbbp,cold_start20,0.7,50,score_maxmin,50.0,37.0,0.26,0.0,0.74,0.12292358803986705,49.2,0.036,0.06037471760406741,0.0,1.5811388300841898,0.03162277660168379,0.0,0.03162277660168382,0.005252952923867749,0.8366600265340762,0.01673320053068151,0.0012880168187443643,5,5,5,50.000 +/- 0.000,37.000 +/- 1.581,0.260 +/- 0.032,0.000 +/- 0.000,0.740 +/- 0.032,0.123 +/- 0.005,49.200 +/- 0.837,0.036 +/- 0.017,0.060 +/- 0.001
bbbp,cold_start20,0.7,50,score_mmr25,50.0,46.0,0.08,0.0,0.9199999999999999,0.15282392026578068,49.2,0.032,0.1013348594122327,0.0,2.549509756796393,0.050990195135927854,0.0,0.050990195135927875,0.008470132082380006,0.8366600265340757,0.010954451150103323,0.007901860941393512,5,5,5,50.000 +/- 0.000,46.000 +/- 2.550,0.080 +/- 0.051,0.000 +/- 0.000,0.920 +/- 0.051,0.153 +/- 0.008,49.200 +/- 0.837,0.032 +/- 0.011,0.101 +/- 0.008
bbbp,cold_start20,0.7,50,weighted_bh,50.0,47.8,0.044,0.0,0.9560000000000001,0.15880398671096344,47.4,0.048,0.1353547664207399,0.0,1.7888543819998322,0.03577708763999663,0.0,0.03577708763999666,0.005943037813952938,1.5165750888103104,0.017888543819998316,0.018352564410625147,5,5,5,50.000 +/- 0.000,47.800 +/- 1.789,0.044 +/- 0.036,0.000 +/- 0.000,0.956 +/- 0.036,0.159 +/- 0.006,47.400 +/- 1.517,0.048 +/- 0.018,0.135 +/- 0.018
bbbp,cold_start20,0.7,100,bh,100.0,94.0,0.06000000000000001,0.0,0.9400000000000001,0.31229235880398665,67.4,0.10800000000000001,0.14381684401349512,0.0,4.242640687119284,0.042426406871192854,0.0,0.04242640687119286,0.014095151784449447,3.2863353450309947,0.0216794833886788,0.007547283555155487,5,5,5,100.000 +/- 0.000,94.000 +/- 4.243,0.060 +/- 0.042,0.000 +/- 0.000,0.940 +/- 0.042,0.312 +/- 0.014,67.400 +/- 3.286,0.108 +/- 0.022,0.144 +/- 0.008
bbbp,cold_start20,0.7,100,bh_cap1,100.0,92.4,0.076,0.0,0.924,0.3069767441860465,100.0,0.01,0.11429969883273465,0.0,4.39317652729776,0.04393176527297759,0.0,0.04393176527297754,0.014595270854809807,0.0,0.0,0.0055110776141856395,5,5,5,100.000 +/- 0.000,92.400 +/- 4.393,0.076 +/- 0.044,0.000 +/- 0.000,0.924 +/- 0.044,0.307 +/- 0.015,100.000 +/- 0.000,0.010 +/- 0.000,0.114 +/- 0.006
bbbp,cold_start20,0.7,100,block_bh,100.0,94.0,0.06000000000000001,0.0,0.9400000000000001,0.31229235880398665,67.4,0.10800000000000001,0.14381684401349512,0.0,4.242640687119284,0.042426406871192854,0.0,0.04242640687119286,0.014095151784449447,3.2863353450309947,0.0216794833886788,0.007547283555155487,5,5,5,100.000 +/- 0.000,94.000 +/- 4.243,0.060 +/- 0.042,0.000 +/- 0.000,0.940 +/- 0.042,0.312 +/- 0.014,67.400 +/- 3.286,0.108 +/- 0.022,0.144 +/- 0.008
bbbp,cold_start20,0.7,100,by,19.6,19.0,0.00612244897959182,0.0,0.19387755102040816,0.06312292358803986,13.0,0.02653061224489796,0.02879978017962028,43.82693235899588,42.485291572496,0.013690212107141532,0.0,0.4335233833928164,0.14114714808138204,29.068883707497267,0.059324252464280136,0.06439826621868205,5,5,5,19.600 +/- 43.827,19.000 +/- 42.485,0.006 +/- 0.014,0.000 +/- 0.000,0.194 +/- 0.434,0.063 +/- 0.141,13.000 +/- 29.069,0.027 +/- 0.059,0.029 +/- 0.064
bbbp,cold_start20,0.7,100,chemdeprc_cap1,100.0,92.0,0.08,0.0,0.9199999999999999,0.3056478405315614,100.0,0.01,0.11338760136532963,0.0,3.464101615137754,0.03464101615137755,0.0,0.03464101615137757,0.011508643239660341,0.0,0.0,0.00647255320135832,5,5,5,100.000 +/- 0.000,92.000 +/- 3.464,0.080 +/- 0.035,0.000 +/- 0.000,0.920 +/- 0.035,0.306 +/- 0.012,100.000 +/- 0.000,0.010 +/- 0.000,0.113 +/- 0.006
bbbp,cold_start20,0.7,100,chemdeprc_scorecap1,100.0,92.6,0.074,0.0,0.9259999999999999,0.30764119601328904,100.0,0.01,0.11430125944763966,0.0,4.39317652729776,0.04393176527297759,0.0,0.04393176527297754,0.014595270854809808,0.0,0.0,0.005511400064045585,5,5,5,100.000 +/- 0.000,92.600 +/- 4.393,0.074 +/- 0.044,0.000 +/- 0.000,0.926 +/- 0.044,0.308 +/- 0.015,100.000 +/- 0.000,0.010 +/- 0.000,0.114 +/- 0.006
bbbp,cold_start20,0.7,100,chemdeprc_scoresoft50,100.0,92.6,0.074,0.0,0.9259999999999999,0.30764119601328904,50.0,0.11800000000000002,0.14956177194165238,0.0,2.302172886644269,0.02302172886644267,0.0,0.023021728866442655,0.00764841490579492,0.0,0.02683281572999748,0.004886185951751969,5,5,5,100.000 +/- 0.000,92.600 +/- 2.302,0.074 +/- 0.023,0.000 +/- 0.000,0.926 +/- 0.023,0.308 +/- 0.008,50.000 +/- 0.000,0.118 +/- 0.027,0.150 +/- 0.005
bbbp,cold_start20,0.7,100,chemdeprc_soft50,73.2,70.4,0.03790057447591688,0.0,0.9620994255240831,0.23388704318936876,50.0,0.10939801569938554,0.15089053224506355,2.5884358211089564,2.3021728866442683,0.025671642816648237,0.0,0.02567164281664823,0.007648414905794919,0.0,0.003833917029217938,0.008283842061603418,5,5,5,73.200 +/- 2.588,70.400 +/- 2.302,0.038 +/- 0.026,0.000 +/- 0.000,0.962 +/- 0.026,0.234 +/- 0.008,50.000 +/- 0.000,0.109 +/- 0.004,0.151 +/- 0.008
bbbp,cold_start20,0.7,100,chemdeprc_soft75,100.0,94.8,0.052000000000000005,0.0,0.9480000000000001,0.3149501661129568,75.0,0.04,0.12965369088770182,0.0,2.588435821108957,0.02588435821108957,0.0,0.02588435821108952,0.008599454555179237,0.0,0.0,0.00733874927354894,5,5,5,100.000 +/- 0.000,94.800 +/- 2.588,0.052 +/- 0.026,0.000 +/- 0.000,0.948 +/- 0.026,0.315 +/- 0.009,75.000 +/- 0.000,0.040 +/- 0.000,0.130 +/- 0.007
bbbp,cold_start20,0.7,100,random_b,100.0,76.8,0.23200000000000004,0.0,0.768,0.2551495016611295,73.2,0.076,0.10085344400713306,0.0,2.949576240750525,0.029495762407505274,0.0,0.02949576240750528,0.009799256613789147,1.923538406167134,0.01341640786499874,0.004969250277089793,5,5,5,100.000 +/- 0.000,76.800 +/- 2.950,0.232 +/- 0.029,0.000 +/- 0.000,0.768 +/- 0.029,0.255 +/- 0.010,73.200 +/- 1.924,0.076 +/- 0.013,0.101 +/- 0.005
bbbp,cold_start20,0.7,100,raw_top_b,100.0,94.0,0.06000000000000001,0.0,0.9400000000000001,0.31229235880398665,67.4,0.10800000000000001,0.14381684401349515,0.0,4.242640687119284,0.042426406871192854,0.0,0.04242640687119286,0.014095151784449447,3.2863353450309947,0.0216794833886788,0.007547283555155505,5,5,5,100.000 +/- 0.000,94.000 +/- 4.243,0.060 +/- 0.042,0.000 +/- 0.000,0.940 +/- 0.042,0.312 +/- 0.014,67.400 +/- 3.286,0.108 +/- 0.022,0.144 +/- 0.008
bbbp,cold_start20,0.7,100,score_cap1,100.0,92.4,0.076,0.0,0.924,0.3069767441860465,100.0,0.01,0.11429969883273465,0.0,4.39317652729776,0.04393176527297759,0.0,0.04393176527297754,0.014595270854809807,0.0,0.0,0.0055110776141856395,5,5,5,100.000 +/- 0.000,92.400 +/- 4.393,0.076 +/- 0.044,0.000 +/- 0.000,0.924 +/- 0.044,0.307 +/- 0.015,100.000 +/- 0.000,0.010 +/- 0.000,0.114 +/- 0.006
bbbp,cold_start20,0.7,100,score_dpp,100.0,90.8,0.092,0.0,0.908,0.3016611295681063,95.0,0.027999999999999997,0.09602558507331957,0.0,4.816637831516918,0.048166378315169185,0.0,0.048166378315169206,0.016002119041584446,2.0,0.004472135954999578,0.004892701040762576,5,5,5,100.000 +/- 0.000,90.800 +/- 4.817,0.092 +/- 0.048,0.000 +/- 0.000,0.908 +/- 0.048,0.302 +/- 0.016,95.000 +/- 2.000,0.028 +/- 0.004,0.096 +/- 0.005
bbbp,cold_start20,0.7,100,score_leader70,100.0,93.2,0.06799999999999999,0.0,0.932,0.3096345514950166,74.8,0.088,0.1320171225132309,0.0,5.1672042731055265,0.05167204273105525,0.0,0.05167204273105528,0.017166791605001744,4.08656334834051,0.017888543819998312,0.007939872749329106,5,5,5,100.000 +/- 0.000,93.200 +/- 5.167,0.068 +/- 0.052,0.000 +/- 0.000,0.932 +/- 0.052,0.310 +/- 0.017,74.800 +/- 4.087,0.088 +/- 0.018,0.132 +/- 0.008
bbbp,cold_start20,0.7,100,score_maxmin,100.0,75.8,0.242,0.0,0.758,0.25182724252491695,96.2,0.036,0.07683591515682152,0.0,1.6431676725154998,0.016431676725154984,0.0,0.016431676725155,0.005459028812343861,0.8366600265340757,0.01140175425099138,0.001972719370511451,5,5,5,100.000 +/- 0.000,75.800 +/- 1.643,0.242 +/- 0.016,0.000 +/- 0.000,0.758 +/- 0.016,0.252 +/- 0.005,96.200 +/- 0.837,0.036 +/- 0.011,0.077 +/- 0.002
bbbp,cold_start20,0.7,100,score_mmr25,100.0,92.2,0.078,0.0,0.9219999999999999,0.306312292358804,94.0,0.032,0.1035335124574733,0.0,5.310367218940701,0.05310367218940702,0.0,0.05310367218940703,0.017642416009769773,1.8708286933869704,0.008366600265340756,0.00392162684001971,5,5,5,100.000 +/- 0.000,92.200 +/- 5.310,0.078 +/- 0.053,0.000 +/- 0.000,0.922 +/- 0.053,0.306 +/- 0.018,94.000 +/- 1.871,0.032 +/- 0.008,0.104 +/- 0.004
bbbp,cold_start20,0.7,100,weighted_bh,100.0,94.4,0.05600000000000001,0.0,0.944,0.3136212624584717,86.8,0.052000000000000005,0.12418131621073028,0.0,2.7018512172212596,0.027018512172212596,0.0,0.02701851217221261,0.008976249891100543,5.932958789676531,0.01788854381999832,0.00986514062823104,5,5,5,100.000 +/- 0.000,94.400 +/- 2.702,0.056 +/- 0.027,0.000 +/- 0.000,0.944 +/- 0.027,0.314 +/- 0.009,86.800 +/- 5.933,0.052 +/- 0.018,0.124 +/- 0.010
bbbp,missing_fp25,0.7,25,bh,25.0,25.0,0.0,0.0,1.0,0.0830564784053156,14.2,0.296,0.2580577677029143,0.0,0.0,0.0,0.0,0.0,0.0,2.16794833886788,0.05366563145999496,0.02798595102124921,5,5,5,25.000 +/- 0.000,25.000 +/- 0.000,0.000 +/- 0.000,0.000 +/- 0.000,1.000 +/- 0.000,0.083 +/- 0.000,14.200 +/- 2.168,0.296 +/- 0.054,0.258 +/- 0.028
bbbp,missing_fp25,0.7,25,bh_cap1,25.0,24.8,0.008,0.0,0.992,0.08239202657807307,25.0,0.04,0.18685224550913915,0.0,0.44721359549995765,0.01788854381999832,0.0,0.017888543819998326,0.0014857594534882666,0.0,0.0,0.016666881696479372,5,5,5,25.000 +/- 0.000,24.800 +/- 0.447,0.008 +/- 0.018,0.000 +/- 0.000,0.992 +/- 0.018,0.082 +/- 0.001,25.000 +/- 0.000,0.040 +/- 0.000,0.187 +/- 0.017
bbbp,missing_fp25,0.7,25,block_bh,25.0,25.0,0.0,0.0,1.0,0.0830564784053156,14.2,0.296,0.2580577677029143,0.0,0.0,0.0,0.0,0.0,0.0,2.16794833886788,0.05366563145999496,0.02798595102124921,5,5,5,25.000 +/- 0.000,25.000 +/- 0.000,0.000 +/- 0.000,0.000 +/- 0.000,1.000 +/- 0.000,0.083 +/- 0.000,14.200 +/- 2.168,0.296 +/- 0.054,0.258 +/- 0.028
bbbp,missing_fp25,0.7,25,by,25.0,25.0,0.0,0.0,1.0,0.0830564784053156,14.2,0.296,0.2580577677029143,0.0,0.0,0.0,0.0,0.0,0.0,2.16794833886788,0.05366563145999496,0.02798595102124921,5,5,5,25.000 +/- 0.000,25.000 +/- 0.000,0.000 +/- 0.000,0.000 +/- 0.000,1.000 +/- 0.000,0.083 +/- 0.000,14.200 +/- 2.168,0.296 +/- 0.054,0.258 +/- 0.028
bbbp,missing_fp25,0.7,25,chemdeprc_cap1,25.0,24.8,0.008,0.0,0.992,0.08239202657807307,25.0,0.04,0.18177922154599668,0.0,0.44721359549995765,0.01788854381999832,0.0,0.017888543819998326,0.0014857594534882666,0.0,0.0,0.018592083171310204,5,5,5,25.000 +/- 0.000,24.800 +/- 0.447,0.008 +/- 0.018,0.000 +/- 0.000,0.992 +/- 0.018,0.082 +/- 0.001,25.000 +/- 0.000,0.040 +/- 0.000,0.182 +/- 0.019
bbbp,missing_fp25,0.7,25,chemdeprc_scorecap1,25.0,24.8,0.008,0.0,0.992,0.08239202657807307,25.0,0.04,0.18685224550913915,0.0,0.44721359549995765,0.01788854381999832,0.0,0.017888543819998326,0.0014857594534882666,0.0,0.0,0.016666881696479372,5,5,5,25.000 +/- 0.000,24.800 +/- 0.447,0.008 +/- 0.018,0.000 +/- 0.000,0.992 +/- 0.018,0.082 +/- 0.001,25.000 +/- 0.000,0.040 +/- 0.000,0.187 +/- 0.017
bbbp,missing_fp25,0.7,25,chemdeprc_scoresoft50,24.6,24.6,0.0,0.0,1.0,0.08172757475083055,13.0,0.22156521739130436,0.2470716093845025,0.8944271909999157,0.8944271909999157,0.0,0.0,0.0,0.0029715189069764907,0.0,0.09209676837327958,0.04157780786405761,5,5,5,24.600 +/- 0.894,24.600 +/- 0.894,0.000 +/- 0.000,0.000 +/- 0.000,1.000 +/- 0.000,0.082 +/- 0.003,13.000 +/- 0.000,0.222 +/- 0.092,0.247 +/- 0.042
bbbp,missing_fp25,0.7,25,chemdeprc_soft50,21.6,21.6,0.0,0.0,1.0,0.07176079734219264,13.0,0.28553058535667225,0.2364591137396323,4.39317652729776,4.39317652729776,0.0,0.0,0.0,0.014595270854809833,0.0,0.0931330905639358,0.05349100911431659,5,5,5,21.600 +/- 4.393,21.600 +/- 4.393,0.000 +/- 0.000,0.000 +/- 0.000,1.000 +/- 0.000,0.072 +/- 0.015,13.000 +/- 0.000,0.286 +/- 0.093,0.236 +/- 0.053
bbbp,missing_fp25,0.7,25,chemdeprc_soft75,25.0,24.8,0.008,0.0,0.992,0.08239202657807307,19.0,0.152,0.20494559047800792,0.0,0.44721359549995765,0.01788854381999832,0.0,0.017888543819998326,0.0014857594534882666,0.0,0.05215361924162119,0.0248992647745369,5,5,5,25.000 +/- 0.000,24.800 +/- 0.447,0.008 +/- 0.018,0.000 +/- 0.000,0.992 +/- 0.018,0.082 +/- 0.001,19.000 +/- 0.000,0.152 +/- 0.052,0.205 +/- 0.025
bbbp,missing_fp25,0.7,25,random_b,25.0,19.0,0.24,0.0,0.76,0.06312292358803981,22.6,0.12,0.11438624236925474,0.0,0.7071067811865476,0.028284271247461905,0.0,0.028284271247461926,0.0023491919640749284,1.6733200530681513,0.06928203230275509,0.015106720224947143,5,5,5,25.000 +/- 0.000,19.000 +/- 0.707,0.240 +/- 0.028,0.000 +/- 0.000,0.760 +/- 0.028,0.063 +/- 0.002,22.600 +/- 1.673,0.120 +/- 0.069,0.114 +/- 0.015
bbbp,missing_fp25,0.7,25,raw_top_b,25.0,25.0,0.0,0.0,1.0,0.0830564784053156,14.2,0.296,0.2580577677029143,0.0,0.0,0.0,0.0,0.0,0.0,2.16794833886788,0.05366563145999496,0.027985951021249234,5,5,5,25.000 +/- 0.000,25.000 +/- 0.000,0.000 +/- 0.000,0.000 +/- 0.000,1.000 +/- 0.000,0.083 +/- 0.000,14.200 +/- 2.168,0.296 +/- 0.054,0.258 +/- 0.028
bbbp,missing_fp25,0.7,25,score_cap1,25.0,24.8,0.008,0.0,0.992,0.08239202657807307,25.0,0.04,0.18685224550913915,0.0,0.44721359549995765,0.01788854381999832,0.0,0.017888543819998326,0.0014857594534882666,0.0,0.0,0.016666881696479372,5,5,5,25.000 +/- 0.000,24.800 +/- 0.447,0.008 +/- 0.018,0.000 +/- 0.000,0.992 +/- 0.018,0.082 +/- 0.001,25.000 +/- 0.000,0.040 +/- 0.000,0.187 +/- 0.017
bbbp,missing_fp25,0.7,25,score_dpp,25.0,24.0,0.04,0.0,0.96,0.07973421926910293,24.6,0.05600000000000001,0.10220081986121929,0.0,1.0,0.04,0.0,0.03999999999999999,0.003322259136212652,0.547722557505166,0.021908902300206645,0.011414659150705485,5,5,5,25.000 +/- 0.000,24.000 +/- 1.000,0.040 +/- 0.040,0.000 +/- 0.000,0.960 +/- 0.040,0.080 +/- 0.003,24.600 +/- 0.548,0.056 +/- 0.022,0.102 +/- 0.011
bbbp,missing_fp25,0.7,25,score_leader70,25.0,25.0,0.0,0.0,1.0,0.0830564784053156,16.8,0.22400000000000003,0.2283562826853381,0.0,0.0,0.0,0.0,0.0,0.0,1.7888543819998317,0.03577708763999664,0.02991703434488348,5,5,5,25.000 +/- 0.000,25.000 +/- 0.000,0.000 +/- 0.000,0.000 +/- 0.000,1.000 +/- 0.000,0.083 +/- 0.000,16.800 +/- 1.789,0.224 +/- 0.036,0.228 +/- 0.030
bbbp,missing_fp25,0.7,25,score_maxmin,25.0,19.0,0.24000000000000005,0.0,0.76,0.06312292358803984,24.8,0.048,0.047106173295292396,0.0,1.5811388300841898,0.0632455532033676,0.0,0.06324555320336758,0.0052529529238677505,0.44721359549995815,0.01788854381999832,0.008833466004181539,5,5,5,25.000 +/- 0.000,19.000 +/- 1.581,0.240 +/- 0.063,0.000 +/- 0.000,0.760 +/- 0.063,0.063 +/- 0.005,24.800 +/- 0.447,0.048 +/- 0.018,0.047 +/- 0.009
bbbp,missing_fp25,0.7,25,score_mmr25,25.0,24.4,0.024,0.0,0.976,0.08106312292358799,24.4,0.05600000000000001,0.1304058768888732,0.0,0.547722557505166,0.021908902300206645,0.0,0.021908902300206666,0.0018196762707813254,0.8944271909999161,0.021908902300206645,0.022858241048901246,5,5,5,25.000 +/- 0.000,24.400 +/- 0.548,0.024 +/- 0.022,0.000 +/- 0.000,0.976 +/- 0.022,0.081 +/- 0.002,24.400 +/- 0.894,0.056 +/- 0.022,0.130 +/- 0.023
bbbp,missing_fp25,0.7,25,weighted_bh,25.0,24.8,0.008,0.0,0.992,0.08239202657807307,24.6,0.05600000000000001,0.1750088624527923,0.0,0.44721359549995765,0.01788854381999832,0.0,0.017888543819998326,0.0014857594534882666,0.5477225575051662,0.021908902300206645,0.01570150850663343,5,5,5,25.000 +/- 0.000,24.800 +/- 0.447,0.008 +/- 0.018,0.000 +/- 0.000,0.992 +/- 0.018,0.082 +/- 0.001,24.600 +/- 0.548,0.056 +/- 0.022,0.175 +/- 0.016
bbbp,missing_fp25,0.7,50,bh,50.0,49.6,0.008,0.0,0.992,0.16478405315614614,32.6,0.176,0.19840921199774658,0.0,0.547722557505166,0.010954451150103323,0.0,0.010954451150103333,0.0018196762707812853,3.7815340802378077,0.016733200530681516,0.014767124640173972,5,5,5,50.000 +/- 0.000,49.600 +/- 0.548,0.008 +/- 0.011,0.000 +/- 0.000,0.992 +/- 0.011,0.165 +/- 0.002,32.600 +/- 3.782,0.176 +/- 0.017,0.198 +/- 0.015
bbbp,missing_fp25,0.7,50,bh_cap1,50.0,49.0,0.02,0.0,0.9800000000000001,0.16279069767441856,50.0,0.02,0.16061669822471486,0.0,1.0,0.02,0.0,0.020000000000000018,0.0033222591362126576,0.0,0.0,0.021859701904991556,5,5,5,50.000 +/- 0.000,49.000 +/- 1.000,0.020 +/- 0.020,0.000 +/- 0.000,0.980 +/- 0.020,0.163 +/- 0.003,50.000 +/- 0.000,0.020 +/- 0.000,0.161 +/- 0.022
bbbp,missing_fp25,0.7,50,block_bh,50.0,49.6,0.008,0.0,0.992,0.16478405315614614,32.6,0.176,0.19840921199774658,0.0,0.547722557505166,0.010954451150103323,0.0,0.010954451150103333,0.0018196762707812853,3.7815340802378077,0.016733200530681516,0.014767124640173972,5,5,5,50.000 +/- 0.000,49.600 +/- 0.548,0.008 +/- 0.011,0.000 +/- 0.000,0.992 +/- 0.011,0.165 +/- 0.002,32.600 +/- 3.782,0.176 +/- 0.017,0.198 +/- 0.015
bbbp,missing_fp25,0.7,50,by,49.6,49.2,0.00816666666666666,0.0,0.9918333333333333,0.1634551495016611,32.2,0.17733333333333332,0.19919957287358253,0.8944271909999153,1.3038404810405295,0.011186549463033215,0.0,0.011186549463033251,0.004331695950300787,3.7013511046643495,0.015347819244295133,0.015836844346683403,5,5,5,49.600 +/- 0.894,49.200 +/- 1.304,0.008 +/- 0.011,0.000 +/- 0.000,0.992 +/- 0.011,0.163 +/- 0.004,32.200 +/- 3.701,0.177 +/- 0.015,0.199 +/- 0.016
bbbp,missing_fp25,0.7,50,chemdeprc_cap1,50.0,48.6,0.027999999999999997,0.0,0.9719999999999999,0.16146179401993352,50.0,0.02,0.155026280157619,0.0,1.51657508881031,0.030331501776206204,0.0,0.030331501776206228,0.005038455444552548,0.0,0.0,0.01979880717665026,5,5,5,50.000 +/- 0.000,48.600 +/- 1.517,0.028 +/- 0.030,0.000 +/- 0.000,0.972 +/- 0.030,0.161 +/- 0.005,50.000 +/- 0.000,0.020 +/- 0.000,0.155 +/- 0.020
bbbp,missing_fp25,0.7,50,chemdeprc_scorecap1,50.0,49.0,0.02,0.0,0.9800000000000001,0.16279069767441856,50.0,0.02,0.16061669822471486,0.0,1.0,0.02,0.0,0.020000000000000018,0.0033222591362126576,0.0,0.0,0.021859701904991556,5,5,5,50.000 +/- 0.000,49.000 +/- 1.000,0.020 +/- 0.020,0.000 +/- 0.000,0.980 +/- 0.020,0.163 +/- 0.003,50.000 +/- 0.000,0.020 +/- 0.000,0.161 +/- 0.022
bbbp,missing_fp25,0.7,50,chemdeprc_scoresoft50,49.0,48.4,0.01244444444444444,0.0,0.9875555555555555,0.160797342192691,25.0,0.15555555555555553,0.20025405490765807,2.2360679774997894,2.509980079602227,0.011396339026629404,0.0,0.01139633902662945,0.008338804251170173,0.0,0.043061827500169104,0.02336159867422966,5,5,5,49.000 +/- 2.236,48.400 +/- 2.510,0.012 +/- 0.011,0.000 +/- 0.000,0.988 +/- 0.011,0.161 +/- 0.008,25.000 +/- 0.000,0.156 +/- 0.043,0.200 +/- 0.023
bbbp,missing_fp25,0.7,50,chemdeprc_soft50,38.4,38.2,0.005263157894736839,0.0,0.9947368421052631,0.12691029900332224,25.0,0.20904569115095423,0.2008479951765972,2.509980079602227,2.5884358211089564,0.011768778828946258,0.0,0.01176877882894621,0.008599454555179258,0.0,0.01365477913133511,0.02886117032264833,5,5,5,38.400 +/- 2.510,38.200 +/- 2.588,0.005 +/- 0.012,0.000 +/- 0.000,0.995 +/- 0.012,0.127 +/- 0.009,25.000 +/- 0.000,0.209 +/- 0.014,0.201 +/- 0.029
bbbp,missing_fp25,0.7,50,chemdeprc_soft75,50.0,49.2,0.016,0.0,0.984,0.1634551495016611,38.0,0.076,0.1737876974737062,0.0,0.8366600265340753,0.016733200530681513,0.0,0.016733200530681523,0.0027796014170567485,0.0,0.01673320053068151,0.02239475516661608,5,5,5,50.000 +/- 0.000,49.200 +/- 0.837,0.016 +/- 0.017,0.000 +/- 0.000,0.984 +/- 0.017,0.163 +/- 0.003,38.000 +/- 0.000,0.076 +/- 0.017,0.174 +/- 0.022
bbbp,missing_fp25,0.7,50,random_b,50.0,37.2,0.256,0.0,0.744,0.1235880398671096,40.2,0.08800000000000001,0.1135315398444863,0.0,2.0493901531919194,0.040987803063838396,0.0,0.0409878030638384,0.006808605160106032,4.266145801540309,0.033466401061363026,0.007391459278740669,5,5,5,50.000 +/- 0.000,37.200 +/- 2.049,0.256 +/- 0.041,0.000 +/- 0.000,0.744 +/- 0.041,0.124 +/- 0.007,40.200 +/- 4.266,0.088 +/- 0.033,0.114 +/- 0.007
bbbp,missing_fp25,0.7,50,raw_top_b,50.0,49.6,0.008,0.0,0.992,0.16478405315614614,32.6,0.176,0.19840921199774658,0.0,0.547722557505166,0.010954451150103323,0.0,0.010954451150103333,0.0018196762707812853,3.7815340802378077,0.016733200530681516,0.014767124640173972,5,5,5,50.000 +/- 0.000,49.600 +/- 0.548,0.008 +/- 0.011,0.000 +/- 0.000,0.992 +/- 0.011,0.165 +/- 0.002,32.600 +/- 3.782,0.176 +/- 0.017,0.198 +/- 0.015
bbbp,missing_fp25,0.7,50,score_cap1,50.0,49.0,0.02,0.0,0.9800000000000001,0.16279069767441856,50.0,0.02,0.16061669822471486,0.0,1.0,0.02,0.0,0.020000000000000018,0.0033222591362126576,0.0,0.0,0.021859701904991556,5,5,5,50.000 +/- 0.000,49.000 +/- 1.000,0.020 +/- 0.020,0.000 +/- 0.000,0.980 +/- 0.020,0.163 +/- 0.003,50.000 +/- 0.000,0.020 +/- 0.000,0.161 +/- 0.022
bbbp,missing_fp25,0.7,50,score_dpp,50.0,47.8,0.044,0.0,0.9560000000000001,0.1588039867109634,48.2,0.048,0.10786103267702063,0.0,1.4832396974191326,0.029664793948382652,0.0,0.02966479394838266,0.004927706635943959,0.8366600265340762,0.01788854381999832,0.014104761531398818,5,5,5,50.000 +/- 0.000,47.800 +/- 1.483,0.044 +/- 0.030,0.000 +/- 0.000,0.956 +/- 0.030,0.159 +/- 0.005,48.200 +/- 0.837,0.048 +/- 0.018,0.108 +/- 0.014
bbbp,missing_fp25,0.7,50,score_leader70,50.0,49.2,0.016,0.0,0.984,0.1634551495016611,37.0,0.136,0.1822600770603671,0.0,0.8366600265340753,0.016733200530681513,0.0,0.016733200530681523,0.0027796014170567485,2.449489742783178,0.008944271909999166,0.02020451094930553,5,5,5,50.000 +/- 0.000,49.200 +/- 0.837,0.016 +/- 0.017,0.000 +/- 0.000,0.984 +/- 0.017,0.163 +/- 0.003,37.000 +/- 2.449,0.136 +/- 0.009,0.182 +/- 0.020
bbbp,missing_fp25,0.7,50,score_maxmin,50.0,36.2,0.276,0.0,0.724,0.12026578073089693,49.0,0.036,0.061769983912475526,0.0,1.6431676725154982,0.03286335345030996,0.0,0.03286335345030999,0.005459028812343849,1.224744871391589,0.01673320053068151,0.00927730803616968,5,5,5,50.000 +/- 0.000,36.200 +/- 1.643,0.276 +/- 0.033,0.000 +/- 0.000,0.724 +/- 0.033,0.120 +/- 0.005,49.000 +/- 1.225,0.036 +/- 0.017,0.062 +/- 0.009
bbbp,missing_fp25,0.7,50,score_mmr25,50.0,48.2,0.036,0.0,0.9640000000000001,0.16013289036544848,47.2,0.064,0.12724082485340174,0.0,1.3038404810405297,0.026076809620810597,0.0,0.026076809620810618,0.0043316959503007894,0.8366600265340757,0.00894427190999916,0.014543508378514166,5,5,5,50.000 +/- 0.000,48.200 +/- 1.304,0.036 +/- 0.026,0.000 +/- 0.000,0.964 +/- 0.026,0.160 +/- 0.004,47.200 +/- 0.837,0.064 +/- 0.009,0.127 +/- 0.015
bbbp,missing_fp25,0.7,50,weighted_bh,50.0,48.8,0.024,0.0,0.976,0.16212624584717603,45.8,0.048,0.15239876421340223,0.0,1.30384048104053,0.026076809620810597,0.0,0.02607680962081062,0.004331695950300784,3.1144823004794877,0.017888543819998316,0.029910704498169412,5,5,5,50.000 +/- 0.000,48.800 +/- 1.304,0.024 +/- 0.026,0.000 +/- 0.000,0.976 +/- 0.026,0.162 +/- 0.004,45.800 +/- 3.114,0.048 +/- 0.018,0.152 +/- 0.030
bbbp,missing_fp25,0.7,100,bh,100.0,97.6,0.024,0.0,0.976,0.3242524916943521,65.4,0.11200000000000002,0.15993010497953902,0.0,2.3021728866442674,0.02302172886644268,0.0,0.02302172886644269,0.007648414905794909,2.5099800796022262,0.0216794833886788,0.021721369549993173,5,5,5,100.000 +/- 0.000,97.600 +/- 2.302,0.024 +/- 0.023,0.000 +/- 0.000,0.976 +/- 0.023,0.324 +/- 0.008,65.400 +/- 2.510,0.112 +/- 0.022,0.160 +/- 0.022
bbbp,missing_fp25,0.7,100,bh_cap1,100.0,95.0,0.05,0.0,0.95,0.31561461794019935,100.0,0.01,0.12443603865365331,0.0,2.7386127875258306,0.027386127875258303,0.0,0.027386127875258275,0.009098381353906398,0.0,0.0,0.01565864061877741,5,5,5,100.000 +/- 0.000,95.000 +/- 2.739,0.050 +/- 0.027,0.000 +/- 0.000,0.950 +/- 0.027,0.316 +/- 0.009,100.000 +/- 0.000,0.010 +/- 0.000,0.124 +/- 0.016
bbbp,missing_fp25,0.7,100,block_bh,100.0,97.6,0.024,0.0,0.976,0.3242524916943521,65.4,0.11200000000000002,0.15993010497953902,0.0,2.3021728866442674,0.02302172886644268,0.0,0.02302172886644269,0.007648414905794909,2.5099800796022262,0.0216794833886788,0.021721369549993173,5,5,5,100.000 +/- 0.000,97.600 +/- 2.302,0.024 +/- 0.023,0.000 +/- 0.000,0.976 +/- 0.023,0.324 +/- 0.008,65.400 +/- 2.510,0.112 +/- 0.022,0.160 +/- 0.022
bbbp,missing_fp25,0.7,100,by,79.4,78.4,0.013675438596491219,0.0,0.9863245614035087,0.2604651162790697,52.6,0.13566437833714717,0.17292752004268303,24.97598846892751,24.925890154616344,0.013292165786036213,0.0,0.01329216578603623,0.08281026629440648,16.133815419794537,0.021902896344719393,0.034188122013743806,5,5,5,79.400 +/- 24.976,78.400 +/- 24.926,0.014 +/- 0.013,0.000 +/- 0.000,0.986 +/- 0.013,0.260 +/- 0.083,52.600 +/- 16.134,0.136 +/- 0.022,0.173 +/- 0.034
bbbp,missing_fp25,0.7,100,chemdeprc_cap1,100.0,95.6,0.044,0.0,0.9560000000000001,0.3176079734219269,100.0,0.01,0.12088645677299523,0.0,3.361547262794323,0.033615472627943226,0.0,0.033615472627943246,0.011167931105629003,0.0,0.0,0.012600847912913942,5,5,5,100.000 +/- 0.000,95.600 +/- 3.362,0.044 +/- 0.034,0.000 +/- 0.000,0.956 +/- 0.034,0.318 +/- 0.011,100.000 +/- 0.000,0.010 +/- 0.000,0.121 +/- 0.013
bbbp,missing_fp25,0.7,100,chemdeprc_scorecap1,100.0,95.0,0.05,0.0,0.95,0.31561461794019935,100.0,0.01,0.12443603865365331,0.0,2.7386127875258306,0.027386127875258303,0.0,0.027386127875258275,0.009098381353906398,0.0,0.0,0.01565864061877741,5,5,5,100.000 +/- 0.000,95.000 +/- 2.739,0.050 +/- 0.027,0.000 +/- 0.000,0.950 +/- 0.027,0.316 +/- 0.009,100.000 +/- 0.000,0.010 +/- 0.000,0.124 +/- 0.016
bbbp,missing_fp25,0.7,100,chemdeprc_scoresoft50,100.0,97.6,0.024,0.0,0.976,0.32425249169435216,50.0,0.156,0.16813706124539216,0.0,2.302172886644266,0.023021728866442676,0.0,0.023021728866442697,0.007648414905794903,0.0,0.04722287581247038,0.021456221708004243,5,5,5,100.000 +/- 0.000,97.600 +/- 2.302,0.024 +/- 0.023,0.000 +/- 0.000,0.976 +/- 0.023,0.324 +/- 0.008,50.000 +/- 0.000,0.156 +/- 0.047,0.168 +/- 0.021
bbbp,missing_fp25,0.7,100,chemdeprc_soft50,75.4,73.8,0.0213797679551104,0.0,0.9786202320448896,0.24518272425249169,50.0,0.10615050297818862,0.16155634371256122,1.8165902124584956,2.774887385102321,0.02016578454766122,0.0,0.02016578454766125,0.009218894967117348,0.0,0.0025791361912135486,0.02246922982924656,5,5,5,75.400 +/- 1.817,73.800 +/- 2.775,0.021 +/- 0.020,0.000 +/- 0.000,0.979 +/- 0.020,0.245 +/- 0.009,50.000 +/- 0.000,0.106 +/- 0.003,0.162 +/- 0.022
bbbp,missing_fp25,0.7,100,chemdeprc_soft75,100.0,96.2,0.038,0.0,0.962,0.31960132890365445,75.0,0.04,0.13922967408444806,0.0,2.6832815729997477,0.02683281572999748,0.0,0.026832815729997486,0.008914556720929398,0.0,0.017320508075688777,0.017717861913617152,5,5,5,100.000 +/- 0.000,96.200 +/- 2.683,0.038 +/- 0.027,0.000 +/- 0.000,0.962 +/- 0.027,0.320 +/- 0.009,75.000 +/- 0.000,0.040 +/- 0.017,0.139 +/- 0.018
bbbp,missing_fp25,0.7,100,random_b,100.0,73.8,0.262,0.0,0.738,0.24518272425249163,70.6,0.08,0.10902278767513023,0.0,3.962322551231788,0.0396232255123179,0.0,0.03962322551231792,0.013163862296451107,4.722287581247038,0.012247448713915886,0.011033337953688549,5,5,5,100.000 +/- 0.000,73.800 +/- 3.962,0.262 +/- 0.040,0.000 +/- 0.000,0.738 +/- 0.040,0.245 +/- 0.013,70.600 +/- 4.722,0.080 +/- 0.012,0.109 +/- 0.011
bbbp,missing_fp25,0.7,100,raw_top_b,100.0,97.6,0.024,0.0,0.976,0.3242524916943521,65.4,0.11200000000000002,0.15993010497953902,0.0,2.3021728866442674,0.02302172886644268,0.0,0.02302172886644269,0.007648414905794909,2.5099800796022262,0.0216794833886788,0.021721369549993194,5,5,5,100.000 +/- 0.000,97.600 +/- 2.302,0.024 +/- 0.023,0.000 +/- 0.000,0.976 +/- 0.023,0.324 +/- 0.008,65.400 +/- 2.510,0.112 +/- 0.022,0.160 +/- 0.022
bbbp,missing_fp25,0.7,100,score_cap1,100.0,95.0,0.05,0.0,0.95,0.31561461794019935,100.0,0.01,0.12443603865365331,0.0,2.7386127875258306,0.027386127875258303,0.0,0.027386127875258275,0.009098381353906398,0.0,0.0,0.01565864061877741,5,5,5,100.000 +/- 0.000,95.000 +/- 2.739,0.050 +/- 0.027,0.000 +/- 0.000,0.950 +/- 0.027,0.316 +/- 0.009,100.000 +/- 0.000,0.010 +/- 0.000,0.124 +/- 0.016
bbbp,missing_fp25,0.7,100,score_dpp,100.0,95.2,0.048,0.0,0.952,0.31627906976744186,91.4,0.033999999999999996,0.10792846056944005,0.0,2.280350850198275,0.022803508501982758,0.0,0.022803508501982758,0.0075759164458414465,2.8809720581775866,0.005477225575051661,0.010254220801424213,5,5,5,100.000 +/- 0.000,95.200 +/- 2.280,0.048 +/- 0.023,0.000 +/- 0.000,0.952 +/- 0.023,0.316 +/- 0.008,91.400 +/- 2.881,0.034 +/- 0.005,0.108 +/- 0.010
bbbp,missing_fp25,0.7,100,score_leader70,100.0,96.8,0.032,0.0,0.968,0.321594684385382,75.8,0.076,0.1438431128179757,0.0,1.6431676725154991,0.016431676725154984,0.0,0.016431676725155,0.0054590288123438635,1.483239697419131,0.005477225575051656,0.018756011304653934,5,5,5,100.000 +/- 0.000,96.800 +/- 1.643,0.032 +/- 0.016,0.000 +/- 0.000,0.968 +/- 0.016,0.322 +/- 0.005,75.800 +/- 1.483,0.076 +/- 0.005,0.144 +/- 0.019
bbbp,missing_fp25,0.7,100,score_maxmin,100.0,74.4,0.256,0.0,0.744,0.2471760797342193,96.4,0.034,0.07824680266111665,0.0,3.4351128074635326,0.034351128074635334,0.0,0.034351128074635355,0.011412334908516732,0.5477225575051667,0.00894427190999916,0.009122945630547864,5,5,5,100.000 +/- 0.000,74.400 +/- 3.435,0.256 +/- 0.034,0.000 +/- 0.000,0.744 +/- 0.034,0.247 +/- 0.011,96.400 +/- 0.548,0.034 +/- 0.009,0.078 +/- 0.009
bbbp,missing_fp25,0.7,100,score_mmr25,100.0,96.4,0.036,0.0,0.9640000000000001,0.32026578073089695,88.0,0.05800000000000001,0.12203546284632809,0.0,2.0736441353327724,0.020736441353327723,0.0,0.020736441353327747,0.006889183173863028,2.5495097567963922,0.008366600265340755,0.014506341473169903,5,5,5,100.000 +/- 0.000,96.400 +/- 2.074,0.036 +/- 0.021,0.000 +/- 0.000,0.964 +/- 0.021,0.320 +/- 0.007,88.000 +/- 2.550,0.058 +/- 0.008,0.122 +/- 0.015
bbbp,missing_fp25,0.7,100,weighted_bh,100.0,96.2,0.038,0.0,0.962,0.31960132890365445,88.2,0.046,0.1291980573417279,0.0,2.6832815729997472,0.02683281572999748,0.0,0.026832815729997482,0.008914556720929402,6.058052492344383,0.021908902300206645,0.023982043818474442,5,5,5,100.000 +/- 0.000,96.200 +/- 2.683,0.038 +/- 0.027,0.000 +/- 0.000,0.962 +/- 0.027,0.320 +/- 0.009,88.200 +/- 6.058,0.046 +/- 0.022,0.129 +/- 0.024
bbbp,scaffold_ood,0.7,25,bh,25.0,25.0,0.0,0.0,1.0,0.0830564784053156,13.2,0.304,0.2510511142836298,0.0,0.0,0.0,0.0,0.0,0.0,1.4832396974191326,0.03577708763999662,0.013447281488580572,5,5,5,25.000 +/- 0.000,25.000 +/- 0.000,0.000 +/- 0.000,0.000 +/- 0.000,1.000 +/- 0.000,0.083 +/- 0.000,13.200 +/- 1.483,0.304 +/- 0.036,0.251 +/- 0.013
bbbp,scaffold_ood,0.7,25,bh_cap1,25.0,25.0,0.0,0.0,1.0,0.0830564784053156,25.0,0.04,0.177279465535533,0.0,0.0,0.0,0.0,0.0,0.0,0.0,0.0,0.002922422466567352,5,5,5,25.000 +/- 0.000,25.000 +/- 0.000,0.000 +/- 0.000,0.000 +/- 0.000,1.000 +/- 0.000,0.083 +/- 0.000,25.000 +/- 0.000,0.040 +/- 0.000,0.177 +/- 0.003
bbbp,scaffold_ood,0.7,25,block_bh,25.0,25.0,0.0,0.0,1.0,0.0830564784053156,13.2,0.304,0.2510511142836298,0.0,0.0,0.0,0.0,0.0,0.0,1.4832396974191326,0.03577708763999662,0.013447281488580572,5,5,5,25.000 +/- 0.000,25.000 +/- 0.000,0.000 +/- 0.000,0.000 +/- 0.000,1.000 +/- 0.000,0.083 +/- 0.000,13.200 +/- 1.483,0.304 +/- 0.036,0.251 +/- 0.013
bbbp,scaffold_ood,0.7,25,by,25.0,25.0,0.0,0.0,1.0,0.0830564784053156,13.2,0.304,0.2510511142836298,0.0,0.0,0.0,0.0,0.0,0.0,1.4832396974191326,0.03577708763999662,0.013447281488580572,5,5,5,25.000 +/- 0.000,25.000 +/- 0.000,0.000 +/- 0.000,0.000 +/- 0.000,1.000 +/- 0.000,0.083 +/- 0.000,13.200 +/- 1.483,0.304 +/- 0.036,0.251 +/- 0.013
bbbp,scaffold_ood,0.7,25,chemdeprc_cap1,25.0,25.0,0.0,0.0,1.0,0.0830564784053156,25.0,0.04,0.1711743840995376,0.0,0.0,0.0,0.0,0.0,0.0,0.0,0.0,0.006289165560712505,5,5,5,25.000 +/- 0.000,25.000 +/- 0.000,0.000 +/- 0.000,0.000 +/- 0.000,1.000 +/- 0.000,0.083 +/- 0.000,25.000 +/- 0.000,0.040 +/- 0.000,0.171 +/- 0.006
bbbp,scaffold_ood,0.7,25,chemdeprc_scorecap1,25.0,25.0,0.0,0.0,1.0,0.0830564784053156,25.0,0.04,0.177279465535533,0.0,0.0,0.0,0.0,0.0,0.0,0.0,0.0,0.002922422466567352,5,5,5,25.000 +/- 0.000,25.000 +/- 0.000,0.000 +/- 0.000,0.000 +/- 0.000,1.000 +/- 0.000,0.083 +/- 0.000,25.000 +/- 0.000,0.040 +/- 0.000,0.177 +/- 0.003
bbbp,scaffold_ood,0.7,25,chemdeprc_scoresoft50,25.0,25.0,0.0,0.0,1.0,0.0830564784053156,13.0,0.22400000000000003,0.24044998265060916,0.0,0.0,0.0,0.0,0.0,0.0,0.0,0.02190890230020663,0.008494356167880536,5,5,5,25.000 +/- 0.000,25.000 +/- 0.000,0.000 +/- 0.000,0.000 +/- 0.000,1.000 +/- 0.000,0.083 +/- 0.000,13.000 +/- 0.000,0.224 +/- 0.022,0.240 +/- 0.008
bbbp,scaffold_ood,0.7,25,chemdeprc_soft50,20.2,20.2,0.0,0.0,1.0,0.06710963455149498,13.0,0.30715950715950713,0.23155287153734813,4.207136793592525,4.207136793592525,0.0,0.0,0.0,0.01397719864980904,0.0,0.13016748321616436,0.035159406082372245,5,5,5,20.200 +/- 4.207,20.200 +/- 4.207,0.000 +/- 0.000,0.000 +/- 0.000,1.000 +/- 0.000,0.067 +/- 0.014,13.000 +/- 0.000,0.307 +/- 0.130,0.232 +/- 0.035
bbbp,scaffold_ood,0.7,25,chemdeprc_soft75,23.8,23.8,0.0,0.0,1.0,0.07906976744186044,19.0,0.14652631578947367,0.19652242714115703,2.6832815729997477,2.6832815729997477,0.0,0.0,0.0,0.008914556720929424,0.0,0.0886288285609009,0.017803658952139607,5,5,5,23.800 +/- 2.683,23.800 +/- 2.683,0.000 +/- 0.000,0.000 +/- 0.000,1.000 +/- 0.000,0.079 +/- 0.009,19.000 +/- 0.000,0.147 +/- 0.089,0.197 +/- 0.018
bbbp,scaffold_ood,0.7,25,random_b,25.0,18.8,0.248,0.0,0.752,0.062458471760797316,22.6,0.10400000000000001,0.10521858922207986,0.0,1.7888543819998315,0.07155417527999326,0.0,0.07155417527999329,0.0059430378139529744,0.8944271909999157,0.021908902300206638,0.013108545213473327,5,5,5,25.000 +/- 0.000,18.800 +/- 1.789,0.248 +/- 0.072,0.000 +/- 0.000,0.752 +/- 0.072,0.062 +/- 0.006,22.600 +/- 0.894,0.104 +/- 0.022,0.105 +/- 0.013
bbbp,scaffold_ood,0.7,25,raw_top_b,25.0,25.0,0.0,0.0,1.0,0.0830564784053156,13.2,0.304,0.25105111428362986,0.0,0.0,0.0,0.0,0.0,0.0,1.4832396974191326,0.03577708763999662,0.013447281488580539,5,5,5,25.000 +/- 0.000,25.000 +/- 0.000,0.000 +/- 0.000,0.000 +/- 0.000,1.000 +/- 0.000,0.083 +/- 0.000,13.200 +/- 1.483,0.304 +/- 0.036,0.251 +/- 0.013
bbbp,scaffold_ood,0.7,25,score_cap1,25.0,25.0,0.0,0.0,1.0,0.0830564784053156,25.0,0.04,0.177279465535533,0.0,0.0,0.0,0.0,0.0,0.0,0.0,0.0,0.002922422466567352,5,5,5,25.000 +/- 0.000,25.000 +/- 0.000,0.000 +/- 0.000,0.000 +/- 0.000,1.000 +/- 0.000,0.083 +/- 0.000,25.000 +/- 0.000,0.040 +/- 0.000,0.177 +/- 0.003
bbbp,scaffold_ood,0.7,25,score_dpp,25.0,24.4,0.024,0.0,0.976,0.08106312292358799,24.4,0.064,0.09631779495622719,0.0,0.5477225575051662,0.021908902300206645,0.0,0.021908902300206656,0.0018196762707813246,0.547722557505166,0.021908902300206645,0.0104962467902854,5,5,5,25.000 +/- 0.000,24.400 +/- 0.548,0.024 +/- 0.022,0.000 +/- 0.000,0.976 +/- 0.022,0.081 +/- 0.002,24.400 +/- 0.548,0.064 +/- 0.022,0.096 +/- 0.010
bbbp,scaffold_ood,0.7,25,score_leader70,25.0,25.0,0.0,0.0,1.0,0.0830564784053156,15.6,0.264,0.22695553482653183,0.0,0.0,0.0,0.0,0.0,0.0,1.51657508881031,0.021908902300206666,0.007670234170976485,5,5,5,25.000 +/- 0.000,25.000 +/- 0.000,0.000 +/- 0.000,0.000 +/- 0.000,1.000 +/- 0.000,0.083 +/- 0.000,15.600 +/- 1.517,0.264 +/- 0.022,0.227 +/- 0.008
bbbp,scaffold_ood,0.7,25,score_maxmin,25.0,19.0,0.24,0.0,0.76,0.06312292358803984,25.0,0.04,0.045354176473276095,0.0,1.2247448713915892,0.04898979485566356,0.0,0.04898979485566356,0.004068919838510273,0.0,0.0,0.003321016374671606,5,5,5,25.000 +/- 0.000,19.000 +/- 1.225,0.240 +/- 0.049,0.000 +/- 0.000,0.760 +/- 0.049,0.063 +/- 0.004,25.000 +/- 0.000,0.040 +/- 0.000,0.045 +/- 0.003
bbbp,scaffold_ood,0.7,25,score_mmr25,25.0,24.6,0.016,0.0,0.984,0.08172757475083052,24.4,0.064,0.11532479327254977,0.0,0.5477225575051664,0.021908902300206645,0.0,0.021908902300206676,0.0018196762707813254,0.5477225575051664,0.021908902300206645,0.009659995558656974,5,5,5,25.000 +/- 0.000,24.600 +/- 0.548,0.016 +/- 0.022,0.000 +/- 0.000,0.984 +/- 0.022,0.082 +/- 0.002,24.400 +/- 0.548,0.064 +/- 0.022,0.115 +/- 0.010
bbbp,scaffold_ood,0.7,25,weighted_bh,25.0,25.0,0.0,0.0,1.0,0.0830564784053156,25.0,0.04,0.16241360526787388,0.0,0.0,0.0,0.0,0.0,0.0,0.0,0.0,0.006913636729866697,5,5,5,25.000 +/- 0.000,25.000 +/- 0.000,0.000 +/- 0.000,0.000 +/- 0.000,1.000 +/- 0.000,0.083 +/- 0.000,25.000 +/- 0.000,0.040 +/- 0.000,0.162 +/- 0.007
bbbp,scaffold_ood,0.7,50,bh,50.0,50.0,0.0,0.0,1.0,0.1661129568106312,31.0,0.18,0.1950831196189263,0.0,0.0,0.0,0.0,0.0,0.0,3.3166247903554,0.024494897427831782,0.007052384252736848,5,5,5,50.000 +/- 0.000,50.000 +/- 0.000,0.000 +/- 0.000,0.000 +/- 0.000,1.000 +/- 0.000,0.166 +/- 0.000,31.000 +/- 3.317,0.180 +/- 0.024,0.195 +/- 0.007
bbbp,scaffold_ood,0.7,50,bh_cap1,50.0,49.4,0.012,0.0,0.9879999999999999,0.16411960132890363,50.0,0.02,0.1488555504719256,0.0,0.547722557505166,0.010954451150103323,0.0,0.010954451150103326,0.0018196762707812799,0.0,0.0,0.010683043350532363,5,5,5,50.000 +/- 0.000,49.400 +/- 0.548,0.012 +/- 0.011,0.000 +/- 0.000,0.988 +/- 0.011,0.164 +/- 0.002,50.000 +/- 0.000,0.020 +/- 0.000,0.149 +/- 0.011
bbbp,scaffold_ood,0.7,50,block_bh,50.0,50.0,0.0,0.0,1.0,0.1661129568106312,31.0,0.18,0.1950831196189263,0.0,0.0,0.0,0.0,0.0,0.0,3.3166247903554,0.024494897427831782,0.007052384252736848,5,5,5,50.000 +/- 0.000,50.000 +/- 0.000,0.000 +/- 0.000,0.000 +/- 0.000,1.000 +/- 0.000,0.166 +/- 0.000,31.000 +/- 3.317,0.180 +/- 0.024,0.195 +/- 0.007
bbbp,scaffold_ood,0.7,50,by,49.8,49.8,0.0,0.0,1.0,0.16544850498338867,30.8,0.18089795918367346,0.1953781373308982,0.44721359549995865,0.44721359549995865,0.0,0.0,0.0,0.0014857594534882289,3.3466401061363023,0.026340606899710253,0.007010613236738253,5,5,5,49.800 +/- 0.447,49.800 +/- 0.447,0.000 +/- 0.000,0.000 +/- 0.000,1.000 +/- 0.000,0.165 +/- 0.001,30.800 +/- 3.347,0.181 +/- 0.026,0.195 +/- 0.007
bbbp,scaffold_ood,0.7,50,chemdeprc_cap1,50.0,49.2,0.016,0.0,0.984,0.16345514950166112,50.0,0.02,0.14370738562517438,0.0,0.44721359549995715,0.00894427190999916,0.0,0.008944271909999166,0.0014857594534882265,0.0,0.0,0.015000017448525917,5,5,5,50.000 +/- 0.000,49.200 +/- 0.447,0.016 +/- 0.009,0.000 +/- 0.000,0.984 +/- 0.009,0.163 +/- 0.001,50.000 +/- 0.000,0.020 +/- 0.000,0.144 +/- 0.015
bbbp,scaffold_ood,0.7,50,chemdeprc_scorecap1,50.0,49.4,0.012,0.0,0.9879999999999999,0.16411960132890363,50.0,0.02,0.1488555504719256,0.0,0.547722557505166,0.010954451150103323,0.0,0.010954451150103326,0.0018196762707812799,0.0,0.0,0.010683043350532363,5,5,5,50.000 +/- 0.000,49.400 +/- 0.548,0.012 +/- 0.011,0.000 +/- 0.000,0.988 +/- 0.011,0.164 +/- 0.002,50.000 +/- 0.000,0.020 +/- 0.000,0.149 +/- 0.011
bbbp,scaffold_ood,0.7,50,chemdeprc_scoresoft50,50.0,50.0,0.0,0.0,1.0,0.1661129568106312,25.0,0.20800000000000002,0.19723391407181046,0.0,0.0,0.0,0.0,0.0,0.0,0.0,0.08438009243891592,0.008768480771859275,5,5,5,50.000 +/- 0.000,50.000 +/- 0.000,0.000 +/- 0.000,0.000 +/- 0.000,1.000 +/- 0.000,0.166 +/- 0.000,25.000 +/- 0.000,0.208 +/- 0.084,0.197 +/- 0.009
bbbp,scaffold_ood,0.7,50,chemdeprc_soft50,36.2,36.2,0.0,0.0,1.0,0.12026578073089697,25.0,0.22273401395352616,0.19552148979250764,3.633180424916991,3.633180424916991,0.0,0.0,0.0,0.012070366860189337,0.0,0.021690298042559175,0.0069861957013949245,5,5,5,36.200 +/- 3.633,36.200 +/- 3.633,0.000 +/- 0.000,0.000 +/- 0.000,1.000 +/- 0.000,0.120 +/- 0.012,25.000 +/- 0.000,0.223 +/- 0.022,0.196 +/- 0.007
bbbp,scaffold_ood,0.7,50,chemdeprc_soft75,50.0,49.8,0.004,0.0,0.9960000000000001,0.16544850498338867,38.0,0.08399999999999999,0.1651349184930776,0.0,0.44721359549995865,0.00894427190999916,0.0,0.008944271909999175,0.0014857594534882365,0.0,0.02190890230020664,0.010401602070673869,5,5,5,50.000 +/- 0.000,49.800 +/- 0.447,0.004 +/- 0.009,0.000 +/- 0.000,0.996 +/- 0.009,0.165 +/- 0.001,38.000 +/- 0.000,0.084 +/- 0.022,0.165 +/- 0.010
bbbp,scaffold_ood,0.7,50,random_b,50.0,38.2,0.236,0.0,0.764,0.12691029900332224,41.2,0.076,0.10607038102954176,0.0,3.834057902536164,0.07668115805072324,0.0,0.07668115805072327,0.01273773389546901,3.492849839314597,0.026076809620810597,0.00721109047515483,5,5,5,50.000 +/- 0.000,38.200 +/- 3.834,0.236 +/- 0.077,0.000 +/- 0.000,0.764 +/- 0.077,0.127 +/- 0.013,41.200 +/- 3.493,0.076 +/- 0.026,0.106 +/- 0.007
bbbp,scaffold_ood,0.7,50,raw_top_b,50.0,50.0,0.0,0.0,1.0,0.1661129568106312,31.0,0.18,0.1950831196189263,0.0,0.0,0.0,0.0,0.0,0.0,3.3166247903554,0.024494897427831782,0.007052384252736848,5,5,5,50.000 +/- 0.000,50.000 +/- 0.000,0.000 +/- 0.000,0.000 +/- 0.000,1.000 +/- 0.000,0.166 +/- 0.000,31.000 +/- 3.317,0.180 +/- 0.024,0.195 +/- 0.007
bbbp,scaffold_ood,0.7,50,score_cap1,50.0,49.4,0.012,0.0,0.9879999999999999,0.16411960132890363,50.0,0.02,0.1488555504719256,0.0,0.547722557505166,0.010954451150103323,0.0,0.010954451150103326,0.0018196762707812799,0.0,0.0,0.010683043350532363,5,5,5,50.000 +/- 0.000,49.400 +/- 0.548,0.012 +/- 0.011,0.000 +/- 0.000,0.988 +/- 0.011,0.164 +/- 0.002,50.000 +/- 0.000,0.020 +/- 0.000,0.149 +/- 0.011
bbbp,scaffold_ood,0.7,50,score_dpp,50.0,47.0,0.06,0.0,0.9400000000000001,0.15614617940199332,48.4,0.04,0.09823756747113153,0.0,1.4142135623730951,0.0282842712474619,0.0,0.02828427124746187,0.004698383928149809,0.547722557505166,0.0,0.006385244811800955,5,5,5,50.000 +/- 0.000,47.000 +/- 1.414,0.060 +/- 0.028,0.000 +/- 0.000,0.940 +/- 0.028,0.156 +/- 0.005,48.400 +/- 0.548,0.040 +/- 0.000,0.098 +/- 0.006
bbbp,scaffold_ood,0.7,50,score_leader70,50.0,50.0,0.0,0.0,1.0,0.1661129568106312,36.4,0.14400000000000002,0.17774707339558515,0.0,0.0,0.0,0.0,0.0,0.0,0.8944271909999157,0.008944271909999158,0.008219154623416975,5,5,5,50.000 +/- 0.000,50.000 +/- 0.000,0.000 +/- 0.000,0.000 +/- 0.000,1.000 +/- 0.000,0.166 +/- 0.000,36.400 +/- 0.894,0.144 +/- 0.009,0.178 +/- 0.008
bbbp,scaffold_ood,0.7,50,score_maxmin,50.0,37.4,0.252,0.0,0.748,0.12425249169435211,49.6,0.028000000000000004,0.06019223802896574,0.0,1.1401754250991378,0.022803508501982764,0.0,0.02280350850198278,0.0037879582229207245,0.5477225575051652,0.010954451150103323,0.0012354459778145957,5,5,5,50.000 +/- 0.000,37.400 +/- 1.140,0.252 +/- 0.023,0.000 +/- 0.000,0.748 +/- 0.023,0.124 +/- 0.004,49.600 +/- 0.548,0.028 +/- 0.011,0.060 +/- 0.001
bbbp,scaffold_ood,0.7,50,score_mmr25,50.0,48.2,0.036,0.0,0.9640000000000001,0.16013289036544845,47.6,0.05600000000000001,0.11687213464170432,0.0,0.8366600265340751,0.01673320053068151,0.0,0.016733200530681527,0.002779601417056752,1.5165750888103104,0.01673320053068151,0.008721541831338402,5,5,5,50.000 +/- 0.000,48.200 +/- 0.837,0.036 +/- 0.017,0.000 +/- 0.000,0.964 +/- 0.017,0.160 +/- 0.003,47.600 +/- 1.517,0.056 +/- 0.017,0.117 +/- 0.009
bbbp,scaffold_ood,0.7,50,weighted_bh,50.0,48.8,0.024,0.0,0.976,0.16212624584717603,47.0,0.04,0.13930890493350614,0.0,0.8366600265340762,0.01673320053068151,0.0,0.016733200530681527,0.0027796014170567655,2.345207879911715,0.0,0.018516335058260776,5,5,5,50.000 +/- 0.000,48.800 +/- 0.837,0.024 +/- 0.017,0.000 +/- 0.000,0.976 +/- 0.017,0.162 +/- 0.003,47.000 +/- 2.345,0.040 +/- 0.000,0.139 +/- 0.019
bbbp,scaffold_ood,0.7,100,bh,100.0,97.4,0.026000000000000002,0.0,0.974,0.3235880398671096,66.2,0.118,0.14848355525739612,0.0,1.5165750888103087,0.015165750888103102,0.0,0.01516575088810311,0.005038455444552527,3.4205262752974135,0.01923538406167134,0.010548912243713359,5,5,5,100.000 +/- 0.000,97.400 +/- 1.517,0.026 +/- 0.015,0.000 +/- 0.000,0.974 +/- 0.015,0.324 +/- 0.005,66.200 +/- 3.421,0.118 +/- 0.019,0.148 +/- 0.011
bbbp,scaffold_ood,0.7,100,bh_cap1,100.0,95.2,0.048,0.0,0.952,0.31627906976744186,100.0,0.01,0.11379276836567867,0.0,2.387467277262663,0.023874672772626646,0.0,0.0238746727726266,0.007931784974294573,0.0,0.0,0.0034084446970631408,5,5,5,100.000 +/- 0.000,95.200 +/- 2.387,0.048 +/- 0.024,0.000 +/- 0.000,0.952 +/- 0.024,0.316 +/- 0.008,100.000 +/- 0.000,0.010 +/- 0.000,0.114 +/- 0.003
bbbp,scaffold_ood,0.7,100,block_bh,100.0,97.4,0.026000000000000002,0.0,0.974,0.3235880398671096,66.2,0.118,0.14848355525739612,0.0,1.5165750888103087,0.015165750888103102,0.0,0.01516575088810311,0.005038455444552527,3.4205262752974135,0.01923538406167134,0.010548912243713359,5,5,5,100.000 +/- 0.000,97.400 +/- 1.517,0.026 +/- 0.015,0.000 +/- 0.000,0.974 +/- 0.015,0.324 +/- 0.005,66.200 +/- 3.421,0.118 +/- 0.019,0.148 +/- 0.011
bbbp,scaffold_ood,0.7,100,by,63.4,62.6,0.00907692307692306,0.0,0.9909230769230769,0.20797342192691026,41.6,0.15747560795000143,0.18192923828761448,21.431285542402726,20.132063977645213,0.013460439515582782,0.0,0.013460439515582803,0.06688393348054888,13.758633653092156,0.0449628919941255,0.015142681490212036,5,5,5,63.400 +/- 21.431,62.600 +/- 20.132,0.009 +/- 0.013,0.000 +/- 0.000,0.991 +/- 0.013,0.208 +/- 0.067,41.600 +/- 13.759,0.157 +/- 0.045,0.182 +/- 0.015
bbbp,scaffold_ood,0.7,100,chemdeprc_cap1,100.0,96.6,0.033999999999999996,0.0,0.966,0.32093023255813946,100.0,0.01,0.11180434810305309,0.0,1.673320053068152,0.01673320053068151,0.0,0.016733200530681534,0.005559202834113449,0.0,0.0,0.002040269905912708,5,5,5,100.000 +/- 0.000,96.600 +/- 1.673,0.034 +/- 0.017,0.000 +/- 0.000,0.966 +/- 0.017,0.321 +/- 0.006,100.000 +/- 0.000,0.010 +/- 0.000,0.112 +/- 0.002
bbbp,scaffold_ood,0.7,100,chemdeprc_scorecap1,100.0,95.2,0.048,0.0,0.952,0.31627906976744186,100.0,0.01,0.11379276836567867,0.0,2.387467277262663,0.023874672772626646,0.0,0.0238746727726266,0.007931784974294573,0.0,0.0,0.0034084446970631408,5,5,5,100.000 +/- 0.000,95.200 +/- 2.387,0.048 +/- 0.024,0.000 +/- 0.000,0.952 +/- 0.024,0.316 +/- 0.008,100.000 +/- 0.000,0.010 +/- 0.000,0.114 +/- 0.003
bbbp,scaffold_ood,0.7,100,chemdeprc_scoresoft50,100.0,99.2,0.008,0.0,0.992,0.32956810631229233,50.0,0.18,0.16056210378011299,0.0,0.8366600265340751,0.008366600265340756,0.0,0.008366600265340763,0.002779601417056726,0.0,0.041833001326703784,0.009830958862601566,5,5,5,100.000 +/- 0.000,99.200 +/- 0.837,0.008 +/- 0.008,0.000 +/- 0.000,0.992 +/- 0.008,0.330 +/- 0.003,50.000 +/- 0.000,0.180 +/- 0.042,0.161 +/- 0.010
bbbp,scaffold_ood,0.7,100,chemdeprc_soft50,92.4,91.4,0.010759965970673099,0.0,0.9892400340293268,0.30365448504983383,50.0,0.2382281625008118,0.16392619279224047,6.6932802122726045,6.54217089351845,0.007344060124811889,0.0,0.00734406012481192,0.02173478702165595,0.0,0.07818928166841604,0.009407752934869094,5,5,5,92.400 +/- 6.693,91.400 +/- 6.542,0.011 +/- 0.007,0.000 +/- 0.000,0.989 +/- 0.007,0.304 +/- 0.022,50.000 +/- 0.000,0.238 +/- 0.078,0.164 +/- 0.009
bbbp,scaffold_ood,0.7,100,chemdeprc_soft75,100.0,97.4,0.026000000000000002,0.0,0.974,0.3235880398671096,75.0,0.038,0.1285004925112766,0.0,1.1401754250991367,0.011401754250991379,0.0,0.01140175425099139,0.0037879582229207467,0.0,0.008366600265340758,0.006285986717824997,5,5,5,100.000 +/- 0.000,97.400 +/- 1.140,0.026 +/- 0.011,0.000 +/- 0.000,0.974 +/- 0.011,0.324 +/- 0.004,75.000 +/- 0.000,0.038 +/- 0.008,0.129 +/- 0.006
bbbp,scaffold_ood,0.7,100,random_b,100.0,75.6,0.244,0.0,0.756,0.25116279069767444,73.6,0.082,0.1036140457619277,0.0,2.40831891575846,0.024083189157584593,0.0,0.024083189157584603,0.008001059520792208,3.781534080237809,0.013038404810405295,0.0046556176261496945,5,5,5,100.000 +/- 0.000,75.600 +/- 2.408,0.244 +/- 0.024,0.000 +/- 0.000,0.756 +/- 0.024,0.251 +/- 0.008,73.600 +/- 3.782,0.082 +/- 0.013,0.104 +/- 0.005
bbbp,scaffold_ood,0.7,100,raw_top_b,100.0,97.4,0.026000000000000002,0.0,0.974,0.3235880398671096,66.2,0.118,0.14848355525739612,0.0,1.5165750888103087,0.015165750888103102,0.0,0.01516575088810311,0.005038455444552527,3.4205262752974135,0.01923538406167134,0.010548912243713359,5,5,5,100.000 +/- 0.000,97.400 +/- 1.517,0.026 +/- 0.015,0.000 +/- 0.000,0.974 +/- 0.015,0.324 +/- 0.005,66.200 +/- 3.421,0.118 +/- 0.019,0.148 +/- 0.011
bbbp,scaffold_ood,0.7,100,score_cap1,100.0,95.2,0.048,0.0,0.952,0.31627906976744186,100.0,0.01,0.11379276836567867,0.0,2.387467277262663,0.023874672772626646,0.0,0.0238746727726266,0.007931784974294573,0.0,0.0,0.0034084446970631408,5,5,5,100.000 +/- 0.000,95.200 +/- 2.387,0.048 +/- 0.024,0.000 +/- 0.000,0.952 +/- 0.024,0.316 +/- 0.008,100.000 +/- 0.000,0.010 +/- 0.000,0.114 +/- 0.003
bbbp,scaffold_ood,0.7,100,score_dpp,100.0,95.2,0.048,0.0,0.952,0.31627906976744186,91.8,0.038,0.10432849817760845,0.0,2.863564212655271,0.028635642126552705,0.0,0.028635642126552684,0.009513502367625494,2.5884358211089573,0.004472135954999581,0.00219419145590043,5,5,5,100.000 +/- 0.000,95.200 +/- 2.864,0.048 +/- 0.029,0.000 +/- 0.000,0.952 +/- 0.029,0.316 +/- 0.010,91.800 +/- 2.588,0.038 +/- 0.004,0.104 +/- 0.002
bbbp,scaffold_ood,0.7,100,score_leader70,100.0,97.4,0.026000000000000002,0.0,0.974,0.3235880398671096,75.4,0.088,0.1346606621430248,0.0,1.6733200530681502,0.016733200530681513,0.0,0.016733200530681527,0.005559202834113454,3.3615472627943217,0.008366600265340755,0.008097666567173497,5,5,5,100.000 +/- 0.000,97.400 +/- 1.673,0.026 +/- 0.017,0.000 +/- 0.000,0.974 +/- 0.017,0.324 +/- 0.006,75.400 +/- 3.362,0.088 +/- 0.008,0.135 +/- 0.008
bbbp,scaffold_ood,0.7,100,score_maxmin,100.0,76.0,0.24,0.0,0.76,0.25249169435215946,96.8,0.036,0.07682982922084036,0.0,2.345207879911713,0.023452078799117156,0.0,0.02345207879911716,0.0077913883053545175,0.8366600265340751,0.00894427190999916,0.002629298643590023,5,5,5,100.000 +/- 0.000,76.000 +/- 2.345,0.240 +/- 0.023,0.000 +/- 0.000,0.760 +/- 0.023,0.252 +/- 0.008,96.800 +/- 0.837,0.036 +/- 0.009,0.077 +/- 0.003
bbbp,scaffold_ood,0.7,100,score_mmr25,100.0,95.6,0.044,0.0,0.9560000000000001,0.3176079734219269,87.2,0.062,0.11663115620700304,0.0,2.4083189157584592,0.024083189157584593,0.0,0.024083189157584596,0.00800105952079222,3.7682887362833544,0.014832396974191328,0.0013384048899525288,5,5,5,100.000 +/- 0.000,95.600 +/- 2.408,0.044 +/- 0.024,0.000 +/- 0.000,0.956 +/- 0.024,0.318 +/- 0.008,87.200 +/- 3.768,0.062 +/- 0.015,0.117 +/- 0.001
bbbp,scaffold_ood,0.7,100,weighted_bh,100.0,96.6,0.034,0.0,0.966,0.32093023255813946,86.6,0.05800000000000001,0.12181743874399091,0.0,0.8944271909999173,0.00894427190999916,0.0,0.008944271909999175,0.002971518906976488,4.669047011971501,0.02683281572999748,0.007829670562739983,5,5,5,100.000 +/- 0.000,96.600 +/- 0.894,0.034 +/- 0.009,0.000 +/- 0.000,0.966 +/- 0.009,0.321 +/- 0.003,86.600 +/- 4.669,0.058 +/- 0.027,0.122 +/- 0.008
clintox_ct_tox,cold_start20,0.7,25,bh,20.4,5.6,0.7462222222222221,0.8,0.25377777777777777,0.2545454545454545,17.0,0.1528888888888889,0.13803989248743326,7.05691150575094,2.792848008753788,0.08168593876912106,0.4472135954999579,0.08168593876912107,0.12694763676153584,6.59545297913646,0.10604448169879199,0.020301879540024964,5,5,5,20.400 +/- 7.057,5.600 +/- 2.793,0.746 +/- 0.082,0.800 +/- 0.447,0.254 +/- 0.082,0.255 +/- 0.127,17.000 +/- 6.595,0.153 +/- 0.106,0.138 +/- 0.020
clintox_ct_tox,cold_start20,0.7,25,bh_cap1,19.6,4.6,0.7774285714285714,1.0,0.22257142857142856,0.20909090909090905,19.6,0.06507142857142856,0.11416891280442557,8.049844718999244,2.302172886644268,0.052957433811679076,0.0,0.05295743381167907,0.10464422212019399,8.049844718999244,0.04456164040874578,0.012442123118154238,5,5,5,19.600 +/- 8.050,4.600 +/- 2.302,0.777 +/- 0.053,1.000 +/- 0.000,0.223 +/- 0.053,0.209 +/- 0.105,19.600 +/- 8.050,0.065 +/- 0.045,0.114 +/- 0.012
clintox_ct_tox,cold_start20,0.7,25,block_bh,23.2,6.2,0.7389665071770335,0.6,0.26103349282296645,0.2818181818181818,18.4,0.18239234449760763,0.14269634118576238,2.6832815729997477,2.16794833886788,0.06908548799790118,0.5477225575051661,0.06908548799790125,0.09854310631217637,6.308724118235001,0.1496787766458593,0.0313679240245843,5,5,5,23.200 +/- 2.683,6.200 +/- 2.168,0.739 +/- 0.069,0.600 +/- 0.548,0.261 +/- 0.069,0.282 +/- 0.099,18.400 +/- 6.309,0.182 +/- 0.150,0.143 +/- 0.031
clintox_ct_tox,cold_start20,0.7,25,by,0.0,0.0,0.0,0.0,0.0,0.0,0.0,0.0,0.0,0.0,0.0,0.0,0.0,0.0,0.0,0.0,0.0,0.0,5,5,5,0.000 +/- 0.000,0.000 +/- 0.000,0.000 +/- 0.000,0.000 +/- 0.000,0.000 +/- 0.000,0.000 +/- 0.000,0.000 +/- 0.000,0.000 +/- 0.000,0.000 +/- 0.000
clintox_ct_tox,cold_start20,0.7,25,chemdeprc_cap1,19.4,4.4,0.7884603174603175,1.0,0.21153968253968253,0.19999999999999998,19.4,0.06163492063492062,0.11377569020065859,7.021395872616783,2.302172886644268,0.05818872043350918,0.0,0.0581887204335092,0.10464422212019399,7.021395872616783,0.036002347981995274,0.00928398635619331,5,5,5,19.400 +/- 7.021,4.400 +/- 2.302,0.788 +/- 0.058,1.000 +/- 0.000,0.212 +/- 0.058,0.200 +/- 0.105,19.400 +/- 7.021,0.062 +/- 0.036,0.114 +/- 0.009
clintox_ct_tox,cold_start20,0.7,25,chemdeprc_scorecap1,19.4,4.4,0.7884603174603175,1.0,0.21153968253968253,0.19999999999999998,19.4,0.06163492063492062,0.11426645184767681,7.021395872616783,2.302172886644268,0.05818872043350918,0.0,0.0581887204335092,0.10464422212019399,7.021395872616783,0.036002347981995274,0.009025473109867873,5,5,5,19.400 +/- 7.021,4.400 +/- 2.302,0.788 +/- 0.058,1.000 +/- 0.000,0.212 +/- 0.058,0.200 +/- 0.105,19.400 +/- 7.021,0.062 +/- 0.036,0.114 +/- 0.009
clintox_ct_tox,cold_start20,0.7,25,chemdeprc_scoresoft50,18.2,4.4,0.7485112781954888,0.6,0.25148872180451126,0.19999999999999996,12.0,0.257984962406015,0.15465778113895973,4.54972526643093,1.949358868961793,0.11541255908089264,0.5477225575051661,0.11541255908089268,0.08860722131644513,2.23606797749979,0.11934458357454994,0.028866836204971377,5,5,5,18.200 +/- 4.550,4.400 +/- 1.949,0.749 +/- 0.115,0.600 +/- 0.548,0.251 +/- 0.115,0.200 +/- 0.089,12.000 +/- 2.236,0.258 +/- 0.119,0.155 +/- 0.029
clintox_ct_tox,cold_start20,0.7,25,chemdeprc_soft50,15.8,4.0,0.7382623224728488,0.6,0.26173767752715116,0.18181818181818177,12.0,0.21436925647451957,0.14589709094989423,2.4899799195977463,1.0,0.09055497356378428,0.5477225575051661,0.09055497356378434,0.04545454545454545,2.23606797749979,0.12054214387265764,0.030775609673814864,5,5,5,15.800 +/- 2.490,4.000 +/- 1.000,0.738 +/- 0.091,0.600 +/- 0.548,0.262 +/- 0.091,0.182 +/- 0.045,12.000 +/- 2.236,0.214 +/- 0.121,0.146 +/- 0.031
clintox_ct_tox,cold_start20,0.7,25,chemdeprc_soft75,21.4,6.0,0.7222471395881007,0.6,0.27775286041189934,0.27272727272727265,16.6,0.18229748283752858,0.14111563314031272,2.5099800796022262,2.1213203435596424,0.08965269187842088,0.5477225575051661,0.08965269187842094,0.09642365197998376,4.8270073544588685,0.1357725025817445,0.03142238235183499,5,5,5,21.400 +/- 2.510,6.000 +/- 2.121,0.722 +/- 0.090,0.600 +/- 0.548,0.278 +/- 0.090,0.273 +/- 0.096,16.600 +/- 4.827,0.182 +/- 0.136,0.141 +/- 0.031
clintox_ct_tox,cold_start20,0.7,25,random_b,25.0,2.0,0.9199999999999999,1.0,0.08,0.09090909090909087,22.0,0.12000000000000002,0.09710152317827506,0.0,1.5811388300841898,0.06324555320336757,0.0,0.06324555320336758,0.0718699468220086,3.0,0.10198039027185571,0.018527410678006236,5,5,5,25.000 +/- 0.000,2.000 +/- 1.581,0.920 +/- 0.063,1.000 +/- 0.000,0.080 +/- 0.063,0.091 +/- 0.072,22.000 +/- 3.000,0.120 +/- 0.102,0.097 +/- 0.019
clintox_ct_tox,cold_start20,0.7,25,raw_top_b,25.0,5.8,0.768,0.8,0.23200000000000004,0.2636363636363636,20.0,0.10400000000000001,0.12921182710757728,0.0,2.3874672772626644,0.09549869109050661,0.4472135954999579,0.09549869109050658,0.10852123987557566,3.6742346141747677,0.03577708763999663,0.010580780858853604,5,5,5,25.000 +/- 0.000,5.800 +/- 2.387,0.768 +/- 0.095,0.800 +/- 0.447,0.232 +/- 0.095,0.264 +/- 0.109,20.000 +/- 3.674,0.104 +/- 0.036,0.129 +/- 0.011
clintox_ct_tox,cold_start20,0.7,25,score_cap1,25.0,5.4,0.784,1.0,0.21600000000000003,0.24545454545454543,25.0,0.04,0.1106752404013424,0.0,1.140175425099138,0.04560701700396552,0.0,0.04560701700396552,0.05182615568632448,0.0,0.0,0.010885931419801261,5,5,5,25.000 +/- 0.000,5.400 +/- 1.140,0.784 +/- 0.046,1.000 +/- 0.000,0.216 +/- 0.046,0.245 +/- 0.052,25.000 +/- 0.000,0.040 +/- 0.000,0.111 +/- 0.011
clintox_ct_tox,cold_start20,0.7,25,score_dpp,25.0,6.0,0.76,0.8,0.24,0.2727272727272727,22.2,0.088,0.12011999538368419,0.0,1.5811388300841898,0.06324555320336757,0.4472135954999579,0.0632455532033676,0.07186994682200863,2.588435821108957,0.03346640106136302,0.010507119129309427,5,5,5,25.000 +/- 0.000,6.000 +/- 1.581,0.760 +/- 0.063,0.800 +/- 0.447,0.240 +/- 0.063,0.273 +/- 0.072,22.200 +/- 2.588,0.088 +/- 0.033,0.120 +/- 0.011
clintox_ct_tox,cold_start20,0.7,25,score_leader70,25.0,5.6,0.776,1.0,0.22400000000000003,0.2545454545454545,22.8,0.08,0.11553786944898052,0.0,0.8944271909999159,0.03577708763999667,0.0,0.03577708763999664,0.04065578140908712,2.683281572999748,0.039999999999999994,0.00683974622977533,5,5,5,25.000 +/- 0.000,5.600 +/- 0.894,0.776 +/- 0.036,1.000 +/- 0.000,0.224 +/- 0.036,0.255 +/- 0.041,22.800 +/- 2.683,0.080 +/- 0.040,0.116 +/- 0.007
clintox_ct_tox,cold_start20,0.7,25,score_maxmin,25.0,1.6,0.9359999999999999,1.0,0.064,0.07272727272727268,25.0,0.04,0.033988711446600775,0.0,0.894427190999916,0.03577708763999661,0.0,0.03577708763999663,0.040655781409087086,0.0,0.0,0.0037002729894936035,5,5,5,25.000 +/- 0.000,1.600 +/- 0.894,0.936 +/- 0.036,1.000 +/- 0.000,0.064 +/- 0.036,0.073 +/- 0.041,25.000 +/- 0.000,0.040 +/- 0.000,0.034 +/- 0.004
clintox_ct_tox,cold_start20,0.7,25,score_mmr25,25.0,6.2,0.752,0.8,0.248,0.2818181818181818,22.2,0.088,0.116978984511806,0.0,1.4832396974191326,0.05932958789676528,0.4472135954999579,0.05932958789676532,0.06741998624632418,2.387467277262665,0.03346640106136302,0.009003564469082922,5,5,5,25.000 +/- 0.000,6.200 +/- 1.483,0.752 +/- 0.059,0.800 +/- 0.447,0.248 +/- 0.059,0.282 +/- 0.067,22.200 +/- 2.387,0.088 +/- 0.033,0.117 +/- 0.009
clintox_ct_tox,cold_start20,0.7,25,weighted_bh,19.8,4.8,0.7738260869565218,0.8,0.22617391304347825,0.21818181818181812,18.6,0.13439130434782606,0.1288568780702309,6.610597552415364,2.588435821108957,0.08243138866614536,0.4472135954999579,0.08243138866614533,0.1176561736867708,6.985699678629192,0.09444750294663402,0.020055239976864862,5,5,5,19.800 +/- 6.611,4.800 +/- 2.588,0.774 +/- 0.082,0.800 +/- 0.447,0.226 +/- 0.082,0.218 +/- 0.118,18.600 +/- 6.986,0.134 +/- 0.094,0.129 +/- 0.020
clintox_ct_tox,cold_start20,0.7,50,bh,35.0,7.4,0.7965555555555556,1.0,0.20344444444444446,0.3363636363636363,27.8,0.14205555555555555,0.13406135751439652,19.8997487421324,4.277849927241488,0.05991815405355194,0.0,0.05991815405355196,0.19444772396552218,15.959323293924463,0.11294384325139224,0.022258898213154913,5,5,5,35.000 +/- 19.900,7.400 +/- 4.278,0.797 +/- 0.060,1.000 +/- 0.000,0.203 +/- 0.060,0.336 +/- 0.194,27.800 +/- 15.959,0.142 +/- 0.113,0.134 +/- 0.022
clintox_ct_tox,cold_start20,0.7,50,bh_cap1,30.8,6.0,0.8067188940092166,1.0,0.19328110599078338,0.2727272727272727,30.8,0.05552304147465437,0.11429158151410826,19.51153504981092,3.6742346141747673,0.03866914709418416,0.0,0.03866914709418421,0.16701066428067124,19.51153504981092,0.05181929013082847,0.012512346727189889,5,5,5,30.800 +/- 19.512,6.000 +/- 3.674,0.807 +/- 0.039,1.000 +/- 0.000,0.193 +/- 0.039,0.273 +/- 0.167,30.800 +/- 19.512,0.056 +/- 0.052,0.114 +/- 0.013
clintox_ct_tox,cold_start20,0.7,50,block_bh,34.2,7.4,0.7856331738437001,1.0,0.2143668261562998,0.3363636363636363,26.4,0.17972567783094096,0.14242865084175743,14.973309587395834,3.361547262794322,0.039777728737026556,0.0,0.039777728737026535,0.1527976028542874,15.501612819316577,0.15996428985997876,0.03274968444552609,5,5,5,34.200 +/- 14.973,7.400 +/- 3.362,0.786 +/- 0.040,1.000 +/- 0.000,0.214 +/- 0.040,0.336 +/- 0.153,26.400 +/- 15.502,0.180 +/- 0.160,0.142 +/- 0.033
clintox_ct_tox,cold_start20,0.7,50,by,0.0,0.0,0.0,0.0,0.0,0.0,0.0,0.0,0.0,0.0,0.0,0.0,0.0,0.0,0.0,0.0,0.0,0.0,5,5,5,0.000 +/- 0.000,0.000 +/- 0.000,0.000 +/- 0.000,0.000 +/- 0.000,0.000 +/- 0.000,0.000 +/- 0.000,0.000 +/- 0.000,0.000 +/- 0.000,0.000 +/- 0.000
clintox_ct_tox,cold_start20,0.7,50,chemdeprc_cap1,29.4,5.2,0.8244603174603174,1.0,0.17553968253968252,0.23636363636363633,29.4,0.05363492063492061,0.11373962351842593,19.411336893681487,3.420526275297414,0.0412855739243203,0.0,0.04128557392432033,0.15547846705897336,19.411336893681487,0.04299845895977078,0.009258663015978252,5,5,5,29.400 +/- 19.411,5.200 +/- 3.421,0.824 +/- 0.041,1.000 +/- 0.000,0.176 +/- 0.041,0.236 +/- 0.155,29.400 +/- 19.411,0.054 +/- 0.043,0.114 +/- 0.009
clintox_ct_tox,cold_start20,0.7,50,chemdeprc_scorecap1,29.4,5.6,0.8164603174603174,1.0,0.18353968253968253,0.2545454545454545,29.4,0.05363492063492061,0.11408984682646191,19.411336893681487,3.7815340802378077,0.036245068126117046,0.0,0.03624506812611708,0.17188791273808215,19.411336893681487,0.04299845895977078,0.009084728126344683,5,5,5,29.400 +/- 19.411,5.600 +/- 3.782,0.816 +/- 0.036,1.000 +/- 0.000,0.184 +/- 0.036,0.255 +/- 0.172,29.400 +/- 19.411,0.054 +/- 0.043,0.114 +/- 0.009
clintox_ct_tox,cold_start20,0.7,50,chemdeprc_scoresoft50,28.4,6.2,0.7830202706178937,1.0,0.21697972938210625,0.2818181818181818,19.4,0.21798374234707,0.14701135325944506,8.264381404557755,2.16794833886788,0.0487750737231206,0.0,0.0487750737231206,0.09854310631217637,7.021395872616783,0.12999125066767453,0.02828969204530582,5,5,5,28.400 +/- 8.264,6.200 +/- 2.168,0.783 +/- 0.049,1.000 +/- 0.000,0.217 +/- 0.049,0.282 +/- 0.099,19.400 +/- 7.021,0.218 +/- 0.130,0.147 +/- 0.028
clintox_ct_tox,cold_start20,0.7,50,chemdeprc_soft50,25.6,6.2,0.7637072479177742,1.0,0.23629275208222572,0.2818181818181818,19.4,0.19054049264575576,0.14338082159919216,4.929503017546495,2.16794833886788,0.05186368625039645,0.0,0.051863686250396494,0.09854310631217637,7.021395872616783,0.15051533496796932,0.03178115315359706,5,5,5,25.600 +/- 4.930,6.200 +/- 2.168,0.764 +/- 0.052,1.000 +/- 0.000,0.236 +/- 0.052,0.282 +/- 0.099,19.400 +/- 7.021,0.191 +/- 0.151,0.143 +/- 0.032
clintox_ct_tox,cold_start20,0.7,50,chemdeprc_soft75,32.0,6.8,0.7888168473130879,1.0,0.21118315268691204,0.309090909090909,24.6,0.18613384109624706,0.14295703605713242,12.509996003196804,2.7748873851023217,0.03985111192913307,0.0,0.03985111192913305,0.12613124477737828,13.145341380123988,0.15519679979863882,0.03220562669860222,5,5,5,32.000 +/- 12.510,6.800 +/- 2.775,0.789 +/- 0.040,1.000 +/- 0.000,0.211 +/- 0.040,0.309 +/- 0.126,24.600 +/- 13.145,0.186 +/- 0.155,0.143 +/- 0.032
clintox_ct_tox,cold_start20,0.7,50,random_b,50.0,3.0,0.9400000000000001,1.0,0.06,0.13636363636363633,41.4,0.088,0.09012075403607064,0.0,1.224744871391589,0.02449489742783178,0.0,0.024494897427831782,0.055670221426890404,2.701851217221259,0.022803508501982758,0.0038935521819030874,5,5,5,50.000 +/- 0.000,3.000 +/- 1.225,0.940 +/- 0.024,1.000 +/- 0.000,0.060 +/- 0.024,0.136 +/- 0.056,41.400 +/- 2.702,0.088 +/- 0.023,0.090 +/- 0.004
clintox_ct_tox,cold_start20,0.7,50,raw_top_b,50.0,10.4,0.792,1.0,0.20800000000000002,0.47272727272727266,38.2,0.10800000000000001,0.1155013072948596,0.0,0.5477225575051662,0.010954451150103333,0.0,0.010954451150103316,0.0248964798865985,4.658325879540848,0.04604345773288536,0.009252993932567276,5,5,5,50.000 +/- 0.000,10.400 +/- 0.548,0.792 +/- 0.011,1.000 +/- 0.000,0.208 +/- 0.011,0.473 +/- 0.025,38.200 +/- 4.658,0.108 +/- 0.046,0.116 +/- 0.009
clintox_ct_tox,cold_start20,0.7,50,score_cap1,50.0,9.0,0.82,1.0,0.18,0.40909090909090906,50.0,0.02,0.1021974232118132,0.0,1.224744871391589,0.024494897427831723,0.0,0.02449489742783178,0.055670221426890376,0.0,0.0,0.014128741195678902,5,5,5,50.000 +/- 0.000,9.000 +/- 1.225,0.820 +/- 0.024,1.000 +/- 0.000,0.180 +/- 0.024,0.409 +/- 0.056,50.000 +/- 0.000,0.020 +/- 0.000,0.102 +/- 0.014
clintox_ct_tox,cold_start20,0.7,50,score_dpp,50.0,10.8,0.784,1.0,0.21600000000000003,0.49090909090909085,40.8,0.08,0.11073789164639387,0.0,0.8366600265340757,0.016733200530681527,0.0,0.0167332005306815,0.038030001206094365,4.604345773288535,0.03741657386773942,0.008194020927214392,5,5,5,50.000 +/- 0.000,10.800 +/- 0.837,0.784 +/- 0.017,1.000 +/- 0.000,0.216 +/- 0.017,0.491 +/- 0.038,40.800 +/- 4.604,0.080 +/- 0.037,0.111 +/- 0.008
clintox_ct_tox,cold_start20,0.7,50,score_leader70,50.0,9.6,0.808,1.0,0.192,0.43636363636363634,41.4,0.096,0.10959955061885143,0.0,0.8944271909999159,0.017888543819998246,0.0,0.01788854381999833,0.040655781409087065,2.9664793948382653,0.021908902300206645,0.012170726376979439,5,5,5,50.000 +/- 0.000,9.600 +/- 0.894,0.808 +/- 0.018,1.000 +/- 0.000,0.192 +/- 0.018,0.436 +/- 0.041,41.400 +/- 2.966,0.096 +/- 0.022,0.110 +/- 0.012
clintox_ct_tox,cold_start20,0.7,50,score_maxmin,50.0,4.4,0.9119999999999999,1.0,0.088,0.19999999999999996,49.4,0.032,0.0506232601734526,0.0,2.4083189157584592,0.0481663783151692,0.0,0.048166378315169185,0.10946904162538452,0.5477225575051667,0.010954451150103323,0.004204698837577669,5,5,5,50.000 +/- 0.000,4.400 +/- 2.408,0.912 +/- 0.048,1.000 +/- 0.000,0.088 +/- 0.048,0.200 +/- 0.109,49.400 +/- 0.548,0.032 +/- 0.011,0.051 +/- 0.004
clintox_ct_tox,cold_start20,0.7,50,score_mmr25,50.0,9.2,0.8160000000000001,1.0,0.184,0.41818181818181815,43.4,0.06799999999999999,0.10466362323033125,0.0,1.9235384061671343,0.03847076812334266,0.0,0.03847076812334269,0.08743356391668791,5.176871642217914,0.03346640106136302,0.013164095297897164,5,5,5,50.000 +/- 0.000,9.200 +/- 1.924,0.816 +/- 0.038,1.000 +/- 0.000,0.184 +/- 0.038,0.418 +/- 0.087,43.400 +/- 5.177,0.068 +/- 0.033,0.105 +/- 0.013
clintox_ct_tox,cold_start20,0.7,50,weighted_bh,29.6,6.0,0.801173025732032,1.0,0.19882697426796805,0.2727272727272727,27.8,0.1185545696539485,0.128522024639695,18.742998692845283,3.8078865529319543,0.06698444177044326,0.0,0.06698444177044323,0.17308575240599788,18.212632978237934,0.10744356571621304,0.020181736868952457,5,5,5,29.600 +/- 18.743,6.000 +/- 3.808,0.801 +/- 0.067,1.000 +/- 0.000,0.199 +/- 0.067,0.273 +/- 0.173,27.800 +/- 18.213,0.119 +/- 0.107,0.129 +/- 0.020
clintox_ct_tox,cold_start20,0.7,100,bh,50.2,8.8,0.8169766081871345,1.0,0.18302339181286548,0.39999999999999997,37.2,0.14721345029239763,0.13304159401463647,38.35622504887571,5.890670590009257,0.0631503934791645,0.0,0.06315039347916453,0.2677577540913299,28.376046236218322,0.10850507631817526,0.023382945422878575,5,5,5,50.200 +/- 38.356,8.800 +/- 5.891,0.817 +/- 0.063,1.000 +/- 0.000,0.183 +/- 0.063,0.400 +/- 0.268,37.200 +/- 28.376,0.147 +/- 0.109,0.133 +/- 0.023
clintox_ct_tox,cold_start20,0.7,100,bh_cap1,37.4,6.4,0.8195609992723745,1.0,0.18043900072762548,0.2909090909090909,37.4,0.05366339235184734,0.11297510061527838,28.71062521088665,4.277849927241488,0.04312618792573719,0.0,0.04312618792573725,0.19444772396552218,28.71062521088665,0.05347222363850517,0.01305679327150741,5,5,5,37.400 +/- 28.711,6.400 +/- 4.278,0.820 +/- 0.043,1.000 +/- 0.000,0.180 +/- 0.043,0.291 +/- 0.194,37.400 +/- 28.711,0.054 +/- 0.053,0.113 +/- 0.013
clintox_ct_tox,cold_start20,0.7,100,block_bh,51.6,9.2,0.8054492657977231,1.0,0.1945507342022768,0.41818181818181815,36.6,0.1901164824286421,0.14089994250900822,38.73370625179057,5.630275304103699,0.04984954646259323,0.0,0.049849546462593236,0.25592160473198633,29.37345740630476,0.15066108519551,0.03439191889648693,5,5,5,51.600 +/- 38.734,9.200 +/- 5.630,0.805 +/- 0.050,1.000 +/- 0.000,0.195 +/- 0.050,0.418 +/- 0.256,36.600 +/- 29.373,0.190 +/- 0.151,0.141 +/- 0.034
clintox_ct_tox,cold_start20,0.7,100,by,0.0,0.0,0.0,0.0,0.0,0.0,0.0,0.0,0.0,0.0,0.0,0.0,0.0,0.0,0.0,0.0,0.0,0.0,5,5,5,0.000 +/- 0.000,0.000 +/- 0.000,0.000 +/- 0.000,0.000 +/- 0.000,0.000 +/- 0.000,0.000 +/- 0.000,0.000 +/- 0.000,0.000 +/- 0.000,0.000 +/- 0.000
clintox_ct_tox,cold_start20,0.7,100,chemdeprc_cap1,37.4,6.4,0.8262072157233448,1.0,0.1737927842766552,0.2909090909090909,37.4,0.051424829650636085,0.11258099297618325,30.672463220289305,4.8270073544588685,0.03679504850921857,0.0,0.036795048509218574,0.21940942520267584,30.672463220289305,0.04522427212462755,0.009832151511448927,5,5,5,37.400 +/- 30.672,6.400 +/- 4.827,0.826 +/- 0.037,1.000 +/- 0.000,0.174 +/- 0.037,0.291 +/- 0.219,37.400 +/- 30.672,0.051 +/- 0.045,0.113 +/- 0.010
clintox_ct_tox,cold_start20,0.7,100,chemdeprc_scorecap1,37.4,6.4,0.8262072157233448,1.0,0.1737927842766552,0.2909090909090909,37.4,0.051424829650636085,0.11258099297618325,30.672463220289305,4.8270073544588685,0.03679504850921857,0.0,0.036795048509218574,0.21940942520267584,30.672463220289305,0.04522427212462755,0.009832151511448927,5,5,5,37.400 +/- 30.672,6.400 +/- 4.827,0.826 +/- 0.037,1.000 +/- 0.000,0.174 +/- 0.037,0.291 +/- 0.219,37.400 +/- 30.672,0.051 +/- 0.045,0.113 +/- 0.010
clintox_ct_tox,cold_start20,0.7,100,chemdeprc_scoresoft50,44.4,8.4,0.8007910685805422,1.0,0.19920893141945767,0.3818181818181818,29.4,0.19811164274322163,0.14326210413352897,28.675773747189456,4.615192303685731,0.046923549031007206,0.0,0.04692354903100718,0.2097814683493514,19.411336893681487,0.14394259942442839,0.03189861526057789,5,5,5,44.400 +/- 28.676,8.400 +/- 4.615,0.801 +/- 0.047,1.000 +/- 0.000,0.199 +/- 0.047,0.382 +/- 0.210,29.400 +/- 19.411,0.198 +/- 0.144,0.143 +/- 0.032
clintox_ct_tox,cold_start20,0.7,100,chemdeprc_soft50,39.6,7.6,0.8013380591876682,1.0,0.19866194081233168,0.3454545454545454,29.4,0.19620424213801974,0.14247813399516068,22.412050330123748,4.159326868617084,0.05276121353184415,0.0,0.05276121353184414,0.18906031220986752,19.411336893681487,0.1459478023671943,0.03276956998925593,5,5,5,39.600 +/- 22.412,7.600 +/- 4.159,0.801 +/- 0.053,1.000 +/- 0.000,0.199 +/- 0.053,0.345 +/- 0.189,29.400 +/- 19.411,0.196 +/- 0.146,0.142 +/- 0.033
clintox_ct_tox,cold_start20,0.7,100,chemdeprc_soft75,51.6,8.8,0.809449265797723,1.0,0.1905507342022768,0.39999999999999997,36.8,0.1821164824286421,0.140708345237908,38.73370625179057,5.06951674225463,0.05394890753804947,0.0,0.053948907538049456,0.23043257919339233,29.693433617552554,0.15881149908259654,0.03461486583059239,5,5,5,51.600 +/- 38.734,8.800 +/- 5.070,0.809 +/- 0.054,1.000 +/- 0.000,0.191 +/- 0.054,0.400 +/- 0.230,36.800 +/- 29.693,0.182 +/- 0.159,0.141 +/- 0.035
clintox_ct_tox,cold_start20,0.7,100,random_b,100.0,8.2,0.9179999999999999,1.0,0.082,0.3727272727272727,76.2,0.074,0.08834978186253643,0.0,1.3038404810405297,0.013038404810405309,0.0,0.013038404810405288,0.05926547641093317,0.8366600265340772,0.008944271909999161,0.00391971905340219,5,5,5,100.000 +/- 0.000,8.200 +/- 1.304,0.918 +/- 0.013,1.000 +/- 0.000,0.082 +/- 0.013,0.373 +/- 0.059,76.200 +/- 0.837,0.074 +/- 0.009,0.088 +/- 0.004
clintox_ct_tox,cold_start20,0.7,100,raw_top_b,100.0,14.8,0.852,1.0,0.148,0.6727272727272726,70.6,0.086,0.10355552562506151,0.0,1.0954451150103326,0.010954451150103316,0.0,0.010954451150103317,0.04979295977319695,7.162401831787993,0.01341640786499874,0.01185817052130748,5,5,5,100.000 +/- 0.000,14.800 +/- 1.095,0.852 +/- 0.011,1.000 +/- 0.000,0.148 +/- 0.011,0.673 +/- 0.050,70.600 +/- 7.162,0.086 +/- 0.013,0.104 +/- 0.012
clintox_ct_tox,cold_start20,0.7,100,score_cap1,100.0,12.2,0.8779999999999999,1.0,0.122,0.5545454545454545,100.0,0.01,0.09604258780222208,0.0,1.9235384061671343,0.01923538406167135,0.0,0.019235384061671343,0.08743356391668797,0.0,0.0,0.009869362703618554,5,5,5,100.000 +/- 0.000,12.200 +/- 1.924,0.878 +/- 0.019,1.000 +/- 0.000,0.122 +/- 0.019,0.555 +/- 0.087,100.000 +/- 0.000,0.010 +/- 0.000,0.096 +/- 0.010
clintox_ct_tox,cold_start20,0.7,100,score_dpp,100.0,15.2,0.8480000000000001,1.0,0.152,0.6909090909090909,78.4,0.066,0.09992774824902209,0.0,0.8366600265340752,0.008366600265340772,0.0,0.008366600265340753,0.03803000120609439,4.8270073544588685,0.01949358868961793,0.010642936561897205,5,5,5,100.000 +/- 0.000,15.200 +/- 0.837,0.848 +/- 0.008,1.000 +/- 0.000,0.152 +/- 0.008,0.691 +/- 0.038,78.400 +/- 4.827,0.066 +/- 0.019,0.100 +/- 0.011
clintox_ct_tox,cold_start20,0.7,100,score_leader70,100.0,13.2,0.868,1.0,0.132,0.6,78.2,0.074,0.10032007442606936,0.0,1.4832396974191324,0.014832396974191338,0.0,0.014832396974191328,0.06741998624632418,4.086563348340508,0.0151657508881031,0.011204613911767832,5,5,5,100.000 +/- 0.000,13.200 +/- 1.483,0.868 +/- 0.015,1.000 +/- 0.000,0.132 +/- 0.015,0.600 +/- 0.067,78.200 +/- 4.087,0.074 +/- 0.015,0.100 +/- 0.011
clintox_ct_tox,cold_start20,0.7,100,score_maxmin,100.0,9.4,0.906,1.0,0.094,0.42727272727272725,96.6,0.026000000000000002,0.06805313612136492,0.0,4.098780306383839,0.0409878030638384,0.0,0.04098780306383839,0.18630819574472,1.5165750888103116,0.0054772255750516596,0.002048876360066251,5,5,5,100.000 +/- 0.000,9.400 +/- 4.099,0.906 +/- 0.041,1.000 +/- 0.000,0.094 +/- 0.041,0.427 +/- 0.186,96.600 +/- 1.517,0.026 +/- 0.005,0.068 +/- 0.002
clintox_ct_tox,cold_start20,0.7,100,score_mmr25,100.0,14.0,0.86,1.0,0.14,0.6363636363636364,89.2,0.042,0.08044653306066055,0.0,1.8708286933869707,0.018708286933869722,0.0,0.01870828693386971,0.08503766788122594,5.630275304103699,0.01923538406167135,0.005123266890607293,5,5,5,100.000 +/- 0.000,14.000 +/- 1.871,0.860 +/- 0.019,1.000 +/- 0.000,0.140 +/- 0.019,0.636 +/- 0.085,89.200 +/- 5.630,0.042 +/- 0.019,0.080 +/- 0.005
clintox_ct_tox,cold_start20,0.7,100,weighted_bh,35.2,6.2,0.8144037949628011,1.0,0.1855962050371988,0.2818181818181818,32.8,0.11568277478215365,0.12799564221937426,28.172681803477637,4.147288270665545,0.06827769158402408,0.0,0.0682776915840241,0.18851310321207015,26.395075298244556,0.11022403262657007,0.020733521641997616,5,5,5,35.200 +/- 28.173,6.200 +/- 4.147,0.814 +/- 0.068,1.000 +/- 0.000,0.186 +/- 0.068,0.282 +/- 0.189,32.800 +/- 26.395,0.116 +/- 0.110,0.128 +/- 0.021
clintox_ct_tox,missing_fp25,0.7,25,bh,21.8,6.8,0.6568888888888889,0.6,0.3431111111111111,0.3090909090909091,18.6,0.11644444444444443,0.13702462644825947,7.155417527999327,1.4832396974191326,0.1265067216288682,0.5477225575051661,0.1265067216288682,0.06741998624632424,6.107372593840988,0.0616160953799942,0.021888244183960914,5,5,5,21.800 +/- 7.155,6.800 +/- 1.483,0.657 +/- 0.127,0.600 +/- 0.548,0.343 +/- 0.127,0.309 +/- 0.067,18.600 +/- 6.107,0.116 +/- 0.062,0.137 +/- 0.022
clintox_ct_tox,missing_fp25,0.7,25,bh_cap1,20.6,5.8,0.6910671936758893,0.6,0.30893280632411063,0.26363636363636356,20.6,0.058786561264822124,0.12452604013339674,7.162401831787992,1.9235384061671346,0.12136152360981245,0.5477225575051661,0.12136152360981246,0.08743356391668795,7.162401831787992,0.037088326815886,0.019294447214257417,5,5,5,20.600 +/- 7.162,5.800 +/- 1.924,0.691 +/- 0.121,0.600 +/- 0.548,0.309 +/- 0.121,0.264 +/- 0.087,20.600 +/- 7.162,0.059 +/- 0.037,0.125 +/- 0.019
clintox_ct_tox,missing_fp25,0.7,25,block_bh,22.2,7.0,0.6589090909090909,0.6,0.3410909090909091,0.3181818181818182,18.6,0.11636363636363636,0.13914680318844969,6.260990336999411,1.224744871391589,0.12227593777468113,0.5477225575051661,0.12227593777468108,0.05567022142689044,5.683308895353129,0.050386932583821875,0.025048358175927363,5,5,5,22.200 +/- 6.261,7.000 +/- 1.225,0.659 +/- 0.122,0.600 +/- 0.548,0.341 +/- 0.122,0.318 +/- 0.056,18.600 +/- 5.683,0.116 +/- 0.050,0.139 +/- 0.025
clintox_ct_tox,missing_fp25,0.7,25,by,0.0,0.0,0.0,0.0,0.0,0.0,0.0,0.0,0.0,0.0,0.0,0.0,0.0,0.0,0.0,0.0,0.0,0.0,5,5,5,0.000 +/- 0.000,0.000 +/- 0.000,0.000 +/- 0.000,0.000 +/- 0.000,0.000 +/- 0.000,0.000 +/- 0.000,0.000 +/- 0.000,0.000 +/- 0.000,0.000 +/- 0.000
clintox_ct_tox,missing_fp25,0.7,25,chemdeprc_cap1,20.4,5.6,0.7035555555555556,0.6,0.2964444444444444,0.2545454545454545,20.4,0.057333333333333326,0.12462069280746084,7.05691150575094,1.51657508881031,0.09393457139788153,0.5477225575051661,0.09393457139788153,0.06893523130955956,7.05691150575094,0.0308080476899971,0.019915414770770194,5,5,5,20.400 +/- 7.057,5.600 +/- 1.517,0.704 +/- 0.094,0.600 +/- 0.548,0.296 +/- 0.094,0.255 +/- 0.069,20.400 +/- 7.057,0.057 +/- 0.031,0.125 +/- 0.020
clintox_ct_tox,missing_fp25,0.7,25,chemdeprc_scorecap1,20.4,6.0,0.6875555555555556,0.6,0.3124444444444444,0.2727272727272727,20.4,0.057333333333333326,0.1264704566728278,7.05691150575094,1.8708286933869707,0.08857723141939988,0.5477225575051661,0.0885772314193999,0.08503766788122595,7.05691150575094,0.0308080476899971,0.021340261529867066,5,5,5,20.400 +/- 7.057,6.000 +/- 1.871,0.688 +/- 0.089,0.600 +/- 0.548,0.312 +/- 0.089,0.273 +/- 0.085,20.400 +/- 7.057,0.057 +/- 0.031,0.126 +/- 0.021
clintox_ct_tox,missing_fp25,0.7,25,chemdeprc_scoresoft50,19.2,5.8,0.6696892766676048,0.6,0.33031072333239514,0.26363636363636356,12.2,0.20866497795290365,0.1473832825271011,5.674504383644443,0.44721359549995787,0.12836894389409778,0.5477225575051661,0.12836894389409775,0.020327890704543574,1.7888543819998317,0.07846298063429002,0.022376273943261953,5,5,5,19.200 +/- 5.675,5.800 +/- 0.447,0.670 +/- 0.128,0.600 +/- 0.548,0.330 +/- 0.128,0.264 +/- 0.020,12.200 +/- 1.789,0.209 +/- 0.078,0.147 +/- 0.022
clintox_ct_tox,missing_fp25,0.7,25,chemdeprc_soft50,15.0,5.2,0.6403208556149733,0.4,0.35967914438502674,0.23636363636363633,12.2,0.1365597147950089,0.13986983194451402,2.345207879911715,1.0954451150103321,0.12272194249373576,0.5477225575051661,0.12272194249373576,0.04979295977319692,1.7888543819998317,0.025902128014910798,0.028868452821333213,5,5,5,15.000 +/- 2.345,5.200 +/- 1.095,0.640 +/- 0.123,0.400 +/- 0.548,0.360 +/- 0.123,0.236 +/- 0.050,12.200 +/- 1.789,0.137 +/- 0.026,0.140 +/- 0.029
clintox_ct_tox,missing_fp25,0.7,25,chemdeprc_soft75,20.8,6.4,0.6683116883116883,0.6,0.3316883116883117,0.2909090909090909,16.8,0.12959307359307357,0.13921524445499664,5.761944116355173,1.1401754250991378,0.12401665838408538,0.5477225575051661,0.12401665838408536,0.051826155686324454,4.381780460041329,0.04006490115321743,0.02518366989310687,5,5,5,20.800 +/- 5.762,6.400 +/- 1.140,0.668 +/- 0.124,0.600 +/- 0.548,0.332 +/- 0.124,0.291 +/- 0.052,16.800 +/- 4.382,0.130 +/- 0.040,0.139 +/- 0.025
clintox_ct_tox,missing_fp25,0.7,25,random_b,25.0,1.6,0.9359999999999999,1.0,0.064,0.0727272727272727,22.0,0.12000000000000002,0.09402292107774578,0.0,1.140175425099138,0.04560701700396548,0.0,0.04560701700396552,0.05182615568632444,1.4142135623730951,0.04,0.015126759352489994,5,5,5,25.000 +/- 0.000,1.600 +/- 1.140,0.936 +/- 0.046,1.000 +/- 0.000,0.064 +/- 0.046,0.073 +/- 0.052,22.000 +/- 1.414,0.120 +/- 0.040,0.094 +/- 0.015
clintox_ct_tox,missing_fp25,0.7,25,raw_top_b,25.0,7.2,0.712,0.8,0.288,0.32727272727272727,21.8,0.088,0.12979647768175992,0.0,1.0954451150103321,0.04381780460041327,0.4472135954999579,0.04381780460041329,0.049792959773196935,1.9235384061671346,0.017888543819998316,0.014734739934550756,5,5,5,25.000 +/- 0.000,7.200 +/- 1.095,0.712 +/- 0.044,0.800 +/- 0.447,0.288 +/- 0.044,0.327 +/- 0.050,21.800 +/- 1.924,0.088 +/- 0.018,0.130 +/- 0.015
clintox_ct_tox,missing_fp25,0.7,25,score_cap1,25.0,6.8,0.728,0.8,0.27199999999999996,0.3090909090909091,25.0,0.04,0.12062425896476855,0.0,1.3038404810405297,0.05215361924162119,0.4472135954999579,0.05215361924162119,0.05926547641093319,0.0,0.0,0.014522252620788281,5,5,5,25.000 +/- 0.000,6.800 +/- 1.304,0.728 +/- 0.052,0.800 +/- 0.447,0.272 +/- 0.052,0.309 +/- 0.059,25.000 +/- 0.000,0.040 +/- 0.000,0.121 +/- 0.015
clintox_ct_tox,missing_fp25,0.7,25,score_dpp,25.0,6.4,0.744,0.8,0.256,0.2909090909090909,23.4,0.08,0.11990000601776456,0.0,1.6733200530681511,0.06693280212272605,0.4472135954999579,0.06693280212272604,0.07606000241218873,0.8944271909999154,0.0,0.010872400941417087,5,5,5,25.000 +/- 0.000,6.400 +/- 1.673,0.744 +/- 0.067,0.800 +/- 0.447,0.256 +/- 0.067,0.291 +/- 0.076,23.400 +/- 0.894,0.080 +/- 0.000,0.120 +/- 0.011
clintox_ct_tox,missing_fp25,0.7,25,score_leader70,25.0,6.2,0.752,0.8,0.248,0.2818181818181818,23.6,0.08,0.12256808587844219,0.0,1.0954451150103321,0.04381780460041327,0.4472135954999579,0.04381780460041329,0.04979295977319692,1.140175425099138,0.0282842712474619,0.015147558121243557,5,5,5,25.000 +/- 0.000,6.200 +/- 1.095,0.752 +/- 0.044,0.800 +/- 0.447,0.248 +/- 0.044,0.282 +/- 0.050,23.600 +/- 1.140,0.080 +/- 0.028,0.123 +/- 0.015
clintox_ct_tox,missing_fp25,0.7,25,score_maxmin,25.0,1.4,0.944,1.0,0.05600000000000001,0.0636363636363636,25.0,0.04,0.03235629435480014,0.0,0.5477225575051661,0.021908902300206604,0.0,0.021908902300206645,0.024896479886598485,0.0,0.0,0.004729580272207347,5,5,5,25.000 +/- 0.000,1.400 +/- 0.548,0.944 +/- 0.022,1.000 +/- 0.000,0.056 +/- 0.022,0.064 +/- 0.025,25.000 +/- 0.000,0.040 +/- 0.000,0.032 +/- 0.005
clintox_ct_tox,missing_fp25,0.7,25,score_mmr25,25.0,6.8,0.728,0.8,0.272,0.3090909090909091,22.8,0.08,0.1208209234080047,0.0,1.4832396974191329,0.059329587896765304,0.4472135954999579,0.05932958789676529,0.06741998624632423,0.8366600265340757,0.0,0.014893020330303935,5,5,5,25.000 +/- 0.000,6.800 +/- 1.483,0.728 +/- 0.059,0.800 +/- 0.447,0.272 +/- 0.059,0.309 +/- 0.067,22.800 +/- 0.837,0.080 +/- 0.000,0.121 +/- 0.015
clintox_ct_tox,missing_fp25,0.7,25,weighted_bh,22.0,6.6,0.6759999999999999,0.4,0.324,0.29999999999999993,19.8,0.10400000000000001,0.1342971320729014,6.708203932499369,1.3416407864998738,0.106207344378814,0.5477225575051661,0.10620734437881403,0.06098367211363062,6.099180272790763,0.05366563145999496,0.022177003180636628,5,5,5,22.000 +/- 6.708,6.600 +/- 1.342,0.676 +/- 0.106,0.400 +/- 0.548,0.324 +/- 0.106,0.300 +/- 0.061,19.800 +/- 6.099,0.104 +/- 0.054,0.134 +/- 0.022
clintox_ct_tox,missing_fp25,0.7,50,bh,30.0,7.6,0.7033333333333334,0.8,0.2966666666666667,0.3454545454545454,24.6,0.11977777777777776,0.12978856971184888,15.016657417681207,3.1304951684997055,0.14666245785206888,0.4472135954999579,0.14666245785206888,0.14229523493180482,11.970797801316335,0.06158603336936743,0.024727154895714972,5,5,5,30.000 +/- 15.017,7.600 +/- 3.130,0.703 +/- 0.147,0.800 +/- 0.447,0.297 +/- 0.147,0.345 +/- 0.142,24.600 +/- 11.971,0.120 +/- 0.062,0.130 +/- 0.025
clintox_ct_tox,missing_fp25,0.7,50,bh_cap1,25.2,6.4,0.7151424287856072,0.8,0.28485757121439276,0.2909090909090909,25.2,0.05422856753441459,0.120412392748664,13.026895255585652,3.2093613071762426,0.12286073496220568,0.4472135954999579,0.12286073496220568,0.14588005941710194,13.026895255585652,0.04056900526960533,0.020755636963633257,5,5,5,25.200 +/- 13.027,6.400 +/- 3.209,0.715 +/- 0.123,0.800 +/- 0.447,0.285 +/- 0.123,0.291 +/- 0.146,25.200 +/- 13.027,0.054 +/- 0.041,0.120 +/- 0.021
clintox_ct_tox,missing_fp25,0.7,50,block_bh,34.4,9.2,0.6901779081133921,0.8,0.30982209188660803,0.41818181818181815,27.0,0.13460019550342128,0.1336402106248486,16.318700928689147,2.8635642126552705,0.13444670257109934,0.4472135954999579,0.13444670257109925,0.13016200966614866,13.874436925511608,0.08738596870821325,0.02786568323226869,5,5,5,34.400 +/- 16.319,9.200 +/- 2.864,0.690 +/- 0.134,0.800 +/- 0.447,0.310 +/- 0.134,0.418 +/- 0.130,27.000 +/- 13.874,0.135 +/- 0.087,0.134 +/- 0.028
clintox_ct_tox,missing_fp25,0.7,50,by,0.0,0.0,0.0,0.0,0.0,0.0,0.0,0.0,0.0,0.0,0.0,0.0,0.0,0.0,0.0,0.0,0.0,0.0,5,5,5,0.000 +/- 0.000,0.000 +/- 0.000,0.000 +/- 0.000,0.000 +/- 0.000,0.000 +/- 0.000,0.000 +/- 0.000,0.000 +/- 0.000,0.000 +/- 0.000,0.000 +/- 0.000
clintox_ct_tox,missing_fp25,0.7,50,chemdeprc_cap1,29.2,7.4,0.7113227513227514,0.8,0.2886772486772487,0.3363636363636363,29.2,0.04950264550264548,0.12056829194463792,16.84339633209407,3.0495901363953815,0.09196202521341464,0.4472135954999579,0.09196202521341461,0.13861773347251732,16.84339633209407,0.037142208951367876,0.02263548022655869,5,5,5,29.200 +/- 16.843,7.400 +/- 3.050,0.711 +/- 0.092,0.800 +/- 0.447,0.289 +/- 0.092,0.336 +/- 0.139,29.200 +/- 16.843,0.050 +/- 0.037,0.121 +/- 0.023
clintox_ct_tox,missing_fp25,0.7,50,chemdeprc_scorecap1,29.2,7.2,0.7153227513227514,0.8,0.2846772486772487,0.32727272727272727,29.2,0.04950264550264548,0.12048176299226085,16.84339633209407,2.8635642126552705,0.09707618950146933,0.4472135954999579,0.09707618950146936,0.13016200966614866,16.84339633209407,0.037142208951367876,0.02260295499706993,5,5,5,29.200 +/- 16.843,7.200 +/- 2.864,0.715 +/- 0.097,0.800 +/- 0.447,0.285 +/- 0.097,0.327 +/- 0.130,29.200 +/- 16.843,0.050 +/- 0.037,0.120 +/- 0.023
clintox_ct_tox,missing_fp25,0.7,50,chemdeprc_scoresoft50,31.0,8.4,0.6876142433720531,0.6,0.3123857566279468,0.3818181818181818,20.4,0.1796378894946296,0.1427227677413727,13.322912594474229,2.3021728866442674,0.13832195171968353,0.5477225575051661,0.1383219517196835,0.10464422212019397,7.05691150575094,0.07223237422288807,0.022177717815263148,5,5,5,31.000 +/- 13.323,8.400 +/- 2.302,0.688 +/- 0.138,0.600 +/- 0.548,0.312 +/- 0.138,0.382 +/- 0.105,20.400 +/- 7.057,0.180 +/- 0.072,0.143 +/- 0.022
clintox_ct_tox,missing_fp25,0.7,50,chemdeprc_soft50,27.2,7.2,0.697525892802262,0.8,0.30247410719773804,0.32727272727272727,20.4,0.17554889667465728,0.13912416619316156,9.257429448826494,1.30384048104053,0.14217549901633209,0.4472135954999579,0.14217549901633206,0.05926547641093318,7.05691150575094,0.08035305081328882,0.024450021468114654,5,5,5,27.200 +/- 9.257,7.200 +/- 1.304,0.698 +/- 0.142,0.800 +/- 0.447,0.302 +/- 0.142,0.327 +/- 0.059,20.400 +/- 7.057,0.176 +/- 0.080,0.139 +/- 0.024
clintox_ct_tox,missing_fp25,0.7,50,chemdeprc_soft75,33.8,8.6,0.6993693974750942,0.8,0.30063060252490587,0.39090909090909093,26.0,0.13562147209916597,0.13343828334033586,15.642889758609181,2.073644135332772,0.14065421009152804,0.4472135954999579,0.14065421009152798,0.09425655160603508,12.668859459319927,0.08661476665108027,0.02823064475495554,5,5,5,33.800 +/- 15.643,8.600 +/- 2.074,0.699 +/- 0.141,0.800 +/- 0.447,0.301 +/- 0.141,0.391 +/- 0.094,26.000 +/- 12.669,0.136 +/- 0.087,0.133 +/- 0.028
clintox_ct_tox,missing_fp25,0.7,50,random_b,50.0,3.8,0.924,1.0,0.076,0.17272727272727267,41.4,0.088,0.0941767622055818,0.0,1.9235384061671346,0.038470768123342644,0.0,0.03847076812334269,0.08743356391668794,3.361547262794322,0.03633180424916991,0.00781739668634913,5,5,5,50.000 +/- 0.000,3.800 +/- 1.924,0.924 +/- 0.038,1.000 +/- 0.000,0.076 +/- 0.038,0.173 +/- 0.087,41.400 +/- 3.362,0.088 +/- 0.036,0.094 +/- 0.008
clintox_ct_tox,missing_fp25,0.7,50,raw_top_b,50.0,10.6,0.788,1.0,0.21200000000000002,0.48181818181818176,40.0,0.08,0.11867496402196646,0.0,1.3416407864998738,0.0268328157299975,0.0,0.02683281572999747,0.06098367211363067,3.082207001484488,0.014142135623730952,0.01340457818221929,5,5,5,50.000 +/- 0.000,10.600 +/- 1.342,0.788 +/- 0.027,1.000 +/- 0.000,0.212 +/- 0.027,0.482 +/- 0.061,40.000 +/- 3.082,0.080 +/- 0.014,0.119 +/- 0.013
clintox_ct_tox,missing_fp25,0.7,50,score_cap1,50.0,10.2,0.796,1.0,0.20400000000000001,0.46363636363636357,50.0,0.02,0.1096760750441496,0.0,2.280350850198276,0.045607017003965515,0.0,0.04560701700396553,0.1036523113726489,0.0,0.0,0.013663446121127198,5,5,5,50.000 +/- 0.000,10.200 +/- 2.280,0.796 +/- 0.046,1.000 +/- 0.000,0.204 +/- 0.046,0.464 +/- 0.104,50.000 +/- 0.000,0.020 +/- 0.000,0.110 +/- 0.014
clintox_ct_tox,missing_fp25,0.7,50,score_dpp,50.0,10.8,0.784,1.0,0.21600000000000003,0.4909090909090909,43.4,0.06,0.11313720597021967,0.0,1.4832396974191326,0.02966479394838266,0.0,0.029664793948382655,0.06741998624632423,2.6076809620810595,0.02,0.012875404914102339,5,5,5,50.000 +/- 0.000,10.800 +/- 1.483,0.784 +/- 0.030,1.000 +/- 0.000,0.216 +/- 0.030,0.491 +/- 0.067,43.400 +/- 2.608,0.060 +/- 0.020,0.113 +/- 0.013
clintox_ct_tox,missing_fp25,0.7,50,score_leader70,50.0,10.2,0.796,1.0,0.20400000000000001,0.4636363636363637,44.2,0.06,0.11308223516127627,0.0,1.6431676725154984,0.03286335345030994,0.0,0.03286335345030996,0.07468943965979538,3.271085446759225,0.02,0.013273400886216914,5,5,5,50.000 +/- 0.000,10.200 +/- 1.643,0.796 +/- 0.033,1.000 +/- 0.000,0.204 +/- 0.033,0.464 +/- 0.075,44.200 +/- 3.271,0.060 +/- 0.020,0.113 +/- 0.013
clintox_ct_tox,missing_fp25,0.7,50,score_maxmin,50.0,4.6,0.908,1.0,0.092,0.20909090909090905,49.6,0.028000000000000004,0.051846820157911123,0.0,1.51657508881031,0.030331501776206207,0.0,0.03033150177620621,0.06893523130955957,0.547722557505166,0.010954451150103323,0.007360958700415817,5,5,5,50.000 +/- 0.000,4.600 +/- 1.517,0.908 +/- 0.030,1.000 +/- 0.000,0.092 +/- 0.030,0.209 +/- 0.069,49.600 +/- 0.548,0.028 +/- 0.011,0.052 +/- 0.007
clintox_ct_tox,missing_fp25,0.7,50,score_mmr25,50.0,10.6,0.788,1.0,0.21200000000000002,0.4818181818181818,43.8,0.06,0.11252645303475477,0.0,1.51657508881031,0.030331501776206197,0.0,0.030331501776206204,0.06893523130955957,2.949576240750525,0.02,0.011912562828521414,5,5,5,50.000 +/- 0.000,10.600 +/- 1.517,0.788 +/- 0.030,1.000 +/- 0.000,0.212 +/- 0.030,0.482 +/- 0.069,43.800 +/- 2.950,0.060 +/- 0.020,0.113 +/- 0.012
clintox_ct_tox,missing_fp25,0.7,50,weighted_bh,33.0,9.2,0.6826666666666666,0.6,0.31733333333333336,0.41818181818181815,30.0,0.08533333333333333,0.12751391908558934,17.175564037317667,3.420526275297414,0.10817681000206197,0.5477225575051661,0.10817681000206202,0.1554784670589734,16.1245154965971,0.06639946452260659,0.026430439620782193,5,5,5,33.000 +/- 17.176,9.200 +/- 3.421,0.683 +/- 0.108,0.600 +/- 0.548,0.317 +/- 0.108,0.418 +/- 0.155,30.000 +/- 16.125,0.085 +/- 0.066,0.128 +/- 0.026
clintox_ct_tox,missing_fp25,0.7,100,bh,30.8,7.8,0.7034814814814815,0.8,0.2965185185185185,0.3545454545454545,25.2,0.11859259259259256,0.1297141042805438,16.39207125411551,3.5637059362410923,0.1467091221754546,0.4472135954999579,0.1467091221754546,0.1619866334655042,13.026895255585652,0.06259171597019274,0.02483922467656802,5,5,5,30.800 +/- 16.392,7.800 +/- 3.564,0.703 +/- 0.147,0.800 +/- 0.447,0.297 +/- 0.147,0.355 +/- 0.162,25.200 +/- 13.027,0.119 +/- 0.063,0.130 +/- 0.025
clintox_ct_tox,missing_fp25,0.7,100,bh_cap1,25.2,6.4,0.7151424287856072,0.8,0.28485757121439276,0.2909090909090909,25.2,0.05422856753441459,0.120412392748664,13.026895255585652,3.2093613071762426,0.12286073496220568,0.4472135954999579,0.12286073496220568,0.14588005941710194,13.026895255585652,0.04056900526960533,0.020755636963633257,5,5,5,25.200 +/- 13.027,6.400 +/- 3.209,0.715 +/- 0.123,0.800 +/- 0.447,0.285 +/- 0.123,0.291 +/- 0.146,25.200 +/- 13.027,0.054 +/- 0.041,0.120 +/- 0.021
clintox_ct_tox,missing_fp25,0.7,100,block_bh,42.8,10.0,0.7035013892299766,0.8,0.29649861077002343,0.4545454545454546,30.6,0.14923402144759204,0.13286306346224339,28.472794032198525,3.872983346207417,0.14792826282899424,0.4472135954999579,0.1479282628289942,0.17604469755488256,19.138965489283898,0.0791716371673753,0.02655855720487394,5,5,5,42.800 +/- 28.473,10.000 +/- 3.873,0.704 +/- 0.148,0.800 +/- 0.447,0.296 +/- 0.148,0.455 +/- 0.176,30.600 +/- 19.139,0.149 +/- 0.079,0.133 +/- 0.027
clintox_ct_tox,missing_fp25,0.7,100,by,0.0,0.0,0.0,0.0,0.0,0.0,0.0,0.0,0.0,0.0,0.0,0.0,0.0,0.0,0.0,0.0,0.0,0.0,5,5,5,0.000 +/- 0.000,0.000 +/- 0.000,0.000 +/- 0.000,0.000 +/- 0.000,0.000 +/- 0.000,0.000 +/- 0.000,0.000 +/- 0.000,0.000 +/- 0.000,0.000 +/- 0.000
clintox_ct_tox,missing_fp25,0.7,100,chemdeprc_cap1,30.6,7.4,0.7162350320245057,0.8,0.2837649679754943,0.3363636363636363,30.6,0.04901141743247004,0.11961225734972572,19.138965489283898,3.0495901363953815,0.09831930346184138,0.4472135954999579,0.09831930346184141,0.13861773347251732,19.138965489283898,0.037642815116699896,0.022366590345281403,5,5,5,30.600 +/- 19.139,7.400 +/- 3.050,0.716 +/- 0.098,0.800 +/- 0.447,0.284 +/- 0.098,0.336 +/- 0.139,30.600 +/- 19.139,0.049 +/- 0.038,0.120 +/- 0.022
clintox_ct_tox,missing_fp25,0.7,100,chemdeprc_scorecap1,30.6,7.4,0.7162350320245057,0.8,0.2837649679754943,0.3363636363636363,30.6,0.04901141743247004,0.11961225734972572,19.138965489283898,3.0495901363953815,0.09831930346184138,0.4472135954999579,0.09831930346184141,0.13861773347251732,19.138965489283898,0.037642815116699896,0.022366590345281403,5,5,5,30.600 +/- 19.139,7.400 +/- 3.050,0.716 +/- 0.098,0.800 +/- 0.447,0.284 +/- 0.098,0.336 +/- 0.139,30.600 +/- 19.139,0.049 +/- 0.038,0.120 +/- 0.022
clintox_ct_tox,missing_fp25,0.7,100,chemdeprc_scoresoft50,41.4,9.8,0.7032849390135263,0.8,0.29671506098647366,0.44545454545454544,29.2,0.15096562317919376,0.13378794565251254,26.005768590833842,3.7013511046643495,0.1476695901170888,0.4472135954999579,0.14766959011708877,0.1682432320301977,16.84339633209407,0.07777783589325073,0.02649281817607482,5,5,5,41.400 +/- 26.006,9.800 +/- 3.701,0.703 +/- 0.148,0.800 +/- 0.447,0.297 +/- 0.148,0.445 +/- 0.168,29.200 +/- 16.843,0.151 +/- 0.078,0.134 +/- 0.026
clintox_ct_tox,missing_fp25,0.7,100,chemdeprc_soft50,41.2,10.0,0.700243243866568,0.8,0.29975675613343195,0.4545454545454546,29.2,0.15123903397892036,0.13409235235730757,25.665151470427755,3.872983346207417,0.14415738455204657,0.4472135954999579,0.14415738455204655,0.17604469755488256,16.84339633209407,0.07757314120421861,0.026506462928387164,5,5,5,41.200 +/- 25.665,10.000 +/- 3.873,0.700 +/- 0.144,0.800 +/- 0.447,0.300 +/- 0.144,0.455 +/- 0.176,29.200 +/- 16.843,0.151 +/- 0.078,0.134 +/- 0.027
clintox_ct_tox,missing_fp25,0.7,100,chemdeprc_soft75,42.8,10.0,0.7035013892299766,0.8,0.29649861077002343,0.4545454545454546,30.6,0.14923402144759204,0.13286306346224339,28.472794032198525,3.872983346207417,0.14792826282899424,0.4472135954999579,0.1479282628289942,0.17604469755488256,19.138965489283898,0.0791716371673753,0.02655855720487394,5,5,5,42.800 +/- 28.473,10.000 +/- 3.873,0.704 +/- 0.148,0.800 +/- 0.447,0.296 +/- 0.148,0.455 +/- 0.176,30.600 +/- 19.139,0.149 +/- 0.079,0.133 +/- 0.027
clintox_ct_tox,missing_fp25,0.7,100,random_b,100.0,8.4,0.916,1.0,0.08399999999999999,0.3818181818181818,73.4,0.10600000000000001,0.09794400350307005,0.0,2.1908902300206643,0.021908902300206593,0.0,0.021908902300206638,0.09958591954639386,2.0736441353327706,0.018165902124584948,0.007144884477349847,5,5,5,100.000 +/- 0.000,8.400 +/- 2.191,0.916 +/- 0.022,1.000 +/- 0.000,0.084 +/- 0.022,0.382 +/- 0.100,73.400 +/- 2.074,0.106 +/- 0.018,0.098 +/- 0.007
clintox_ct_tox,missing_fp25,0.7,100,raw_top_b,100.0,16.6,0.834,1.0,0.166,0.7545454545454545,70.8,0.082,0.10697276546873002,0.0,2.073644135332772,0.02073644135332768,0.0,0.020736441353327716,0.09425655160603512,6.906518659932801,0.017888543819998316,0.008126811932402209,5,5,5,100.000 +/- 0.000,16.600 +/- 2.074,0.834 +/- 0.021,1.000 +/- 0.000,0.166 +/- 0.021,0.755 +/- 0.094,70.800 +/- 6.907,0.082 +/- 0.018,0.107 +/- 0.008
clintox_ct_tox,missing_fp25,0.7,100,score_cap1,100.0,13.8,0.8619999999999999,1.0,0.138,0.6272727272727272,100.0,0.01,0.0938320541129343,0.0,1.4832396974191326,0.014832396974191338,0.0,0.014832396974191324,0.06741998624632423,0.0,0.0,0.010049588913992167,5,5,5,100.000 +/- 0.000,13.800 +/- 1.483,0.862 +/- 0.015,1.000 +/- 0.000,0.138 +/- 0.015,0.627 +/- 0.067,100.000 +/- 0.000,0.010 +/- 0.000,0.094 +/- 0.010
clintox_ct_tox,missing_fp25,0.7,100,score_dpp,100.0,16.4,0.836,1.0,0.164,0.7454545454545455,77.4,0.05600000000000001,0.10153324367575398,0.0,1.816590212458495,0.01816590212458491,0.0,0.018165902124584944,0.08257228238447706,5.504543577809156,0.011401754250991382,0.008112474042049988,5,5,5,100.000 +/- 0.000,16.400 +/- 1.817,0.836 +/- 0.018,1.000 +/- 0.000,0.164 +/- 0.018,0.745 +/- 0.083,77.400 +/- 5.505,0.056 +/- 0.011,0.102 +/- 0.008
clintox_ct_tox,missing_fp25,0.7,100,score_leader70,100.0,15.0,0.85,1.0,0.15,0.6818181818181819,78.4,0.074,0.10161116503328974,0.0,2.2360679774997894,0.022360679774997914,0.0,0.022360679774997897,0.10163945352271772,3.97492138287036,0.02073644135332772,0.00774813245472194,5,5,5,100.000 +/- 0.000,15.000 +/- 2.236,0.850 +/- 0.022,1.000 +/- 0.000,0.150 +/- 0.022,0.682 +/- 0.102,78.400 +/- 3.975,0.074 +/- 0.021,0.102 +/- 0.008
clintox_ct_tox,missing_fp25,0.7,100,score_maxmin,100.0,9.0,0.9099999999999999,1.0,0.09,0.40909090909090906,96.8,0.028000000000000004,0.0700732450225986,0.0,1.5811388300841898,0.015811388300841927,0.0,0.015811388300841896,0.07186994682200862,0.8366600265340757,0.008366600265340756,0.006620329868943161,5,5,5,100.000 +/- 0.000,9.000 +/- 1.581,0.910 +/- 0.016,1.000 +/- 0.000,0.090 +/- 0.016,0.409 +/- 0.072,96.800 +/- 0.837,0.028 +/- 0.008,0.070 +/- 0.007
clintox_ct_tox,missing_fp25,0.7,100,score_mmr25,100.0,16.0,0.8400000000000001,1.0,0.16,0.7272727272727273,80.4,0.05600000000000001,0.09894595827294847,0.0,1.224744871391589,0.012247448713915891,0.0,0.012247448713915886,0.05567022142689038,4.5055521304275254,0.00894427190999916,0.011046914013047901,5,5,5,100.000 +/- 0.000,16.000 +/- 1.225,0.840 +/- 0.012,1.000 +/- 0.000,0.160 +/- 0.012,0.727 +/- 0.056,80.400 +/- 4.506,0.056 +/- 0.009,0.099 +/- 0.011
clintox_ct_tox,missing_fp25,0.7,100,weighted_bh,36.2,9.4,0.6934839743589744,0.6,0.30651602564102565,0.42727272727272725,33.0,0.083275641025641,0.12555223107044897,21.63792966066763,3.7815340802378077,0.11557562737480688,0.5477225575051661,0.11557562737480691,0.17188791273808215,20.161845153655953,0.06823879934486635,0.028660104405412074,5,5,5,36.200 +/- 21.638,9.400 +/- 3.782,0.693 +/- 0.116,0.600 +/- 0.548,0.307 +/- 0.116,0.427 +/- 0.172,33.000 +/- 20.162,0.083 +/- 0.068,0.126 +/- 0.029
clintox_ct_tox,scaffold_ood,0.7,25,bh,19.4,7.2,0.6105964912280701,0.2,0.3894035087719298,0.32727272727272727,16.8,0.12327485380116958,0.12858639639624186,6.18869937870632,1.7888543819998317,0.09395794164624677,0.447213595499958,0.09395794164624671,0.08131156281817421,5.167204273105526,0.045394282469875265,0.010439489802586336,5,5,5,19.400 +/- 6.189,7.200 +/- 1.789,0.611 +/- 0.094,0.200 +/- 0.447,0.389 +/- 0.094,0.327 +/- 0.081,16.800 +/- 5.167,0.123 +/- 0.045,0.129 +/- 0.010
clintox_ct_tox,scaffold_ood,0.7,25,bh_cap1,18.2,5.8,0.6616111111111111,0.4,0.3383888888888889,0.26363636363636356,18.2,0.06322222222222222,0.11643093992103626,6.833739825307955,1.3038404810405297,0.07084651293508891,0.5477225575051661,0.07084651293508895,0.05926547641093318,6.833739825307955,0.029038474902986174,0.008291370709393201,5,5,5,18.200 +/- 6.834,5.800 +/- 1.304,0.662 +/- 0.071,0.400 +/- 0.548,0.338 +/- 0.071,0.264 +/- 0.059,18.200 +/- 6.834,0.063 +/- 0.029,0.116 +/- 0.008
clintox_ct_tox,scaffold_ood,0.7,25,block_bh,22.0,7.6,0.6441045751633987,0.2,0.3558954248366013,0.3454545454545454,18.6,0.10975163398692811,0.1275292936010242,4.123105625617661,1.140175425099138,0.08511769498808949,0.447213595499958,0.0851176949880895,0.05182615568632445,4.39317652729776,0.03301289008921177,0.01436312699717974,5,5,5,22.000 +/- 4.123,7.600 +/- 1.140,0.644 +/- 0.085,0.200 +/- 0.447,0.356 +/- 0.085,0.345 +/- 0.052,18.600 +/- 4.393,0.110 +/- 0.033,0.128 +/- 0.014
clintox_ct_tox,scaffold_ood,0.7,25,by,0.0,0.0,0.0,0.0,0.0,0.0,0.0,0.0,0.0,0.0,0.0,0.0,0.0,0.0,0.0,0.0,0.0,0.0,5,5,5,0.000 +/- 0.000,0.000 +/- 0.000,0.000 +/- 0.000,0.000 +/- 0.000,0.000 +/- 0.000,0.000 +/- 0.000,0.000 +/- 0.000,0.000 +/- 0.000,0.000 +/- 0.000
clintox_ct_tox,scaffold_ood,0.7,25,chemdeprc_cap1,20.6,5.8,0.7044102564102565,0.6,0.29558974358974355,0.26363636363636356,20.6,0.0527179487179487,0.11611594219403236,6.066300355241241,1.0954451150103321,0.06887238673209234,0.5477225575051661,0.06887238673209231,0.04979295977319695,6.066300355241241,0.01778829406250566,0.011351053555473233,5,5,5,20.600 +/- 6.066,5.800 +/- 1.095,0.704 +/- 0.069,0.600 +/- 0.548,0.296 +/- 0.069,0.264 +/- 0.050,20.600 +/- 6.066,0.053 +/- 0.018,0.116 +/- 0.011
clintox_ct_tox,scaffold_ood,0.7,25,chemdeprc_scorecap1,20.6,6.0,0.6964102564102564,0.6,0.30358974358974355,0.2727272727272727,20.6,0.0527179487179487,0.11670347668028894,6.066300355241241,1.0,0.05613920895755485,0.5477225575051661,0.056139208957554906,0.045454545454545484,6.066300355241241,0.01778829406250566,0.011296754401998036,5,5,5,20.600 +/- 6.066,6.000 +/- 1.000,0.696 +/- 0.056,0.600 +/- 0.548,0.304 +/- 0.056,0.273 +/- 0.045,20.600 +/- 6.066,0.053 +/- 0.018,0.117 +/- 0.011
clintox_ct_tox,scaffold_ood,0.7,25,chemdeprc_scoresoft50,17.2,6.6,0.6116577540106951,0.0,0.3883422459893048,0.29999999999999993,13.0,0.1731194295900178,0.14158296386684902,2.8635642126552705,1.140175425099138,0.07433172178814806,0.0,0.07433172178814804,0.05182615568632446,0.0,0.10679060926179501,0.03431112762089993,5,5,5,17.200 +/- 2.864,6.600 +/- 1.140,0.612 +/- 0.074,0.000 +/- 0.000,0.388 +/- 0.074,0.300 +/- 0.052,13.000 +/- 0.000,0.173 +/- 0.107,0.142 +/- 0.034
clintox_ct_tox,scaffold_ood,0.7,25,chemdeprc_soft50,15.6,6.2,0.6042156862745098,0.0,0.39578431372549017,0.2818181818181818,13.0,0.12852941176470586,0.13496789203598675,0.8944271909999161,1.3038404810405297,0.06865160639316016,0.0,0.06865160639316023,0.05926547641093317,0.0,0.007073106464873621,0.018079219238486387,5,5,5,15.600 +/- 0.894,6.200 +/- 1.304,0.604 +/- 0.069,0.000 +/- 0.000,0.396 +/- 0.069,0.282 +/- 0.059,13.000 +/- 0.000,0.129 +/- 0.007,0.135 +/- 0.018
clintox_ct_tox,scaffold_ood,0.7,25,chemdeprc_soft75,19.8,7.0,0.6410915881504117,0.4,0.3589084118495883,0.3181818181818182,17.0,0.10202869026398435,0.1292326958398886,2.16794833886788,1.0,0.07763427995676994,0.5477225575051661,0.0776342799567699,0.045454545454545456,2.8284271247461903,0.011643599704673754,0.014458407772016103,5,5,5,19.800 +/- 2.168,7.000 +/- 1.000,0.641 +/- 0.078,0.400 +/- 0.548,0.359 +/- 0.078,0.318 +/- 0.045,17.000 +/- 2.828,0.102 +/- 0.012,0.129 +/- 0.014
clintox_ct_tox,scaffold_ood,0.7,25,random_b,25.0,2.0,0.9199999999999999,1.0,0.08,0.09090909090909086,23.0,0.08,0.08641060454977542,0.0,1.4142135623730951,0.05656854249492379,0.0,0.0565685424949238,0.0642824346533225,1.0,0.0,0.010931837077793067,5,5,5,25.000 +/- 0.000,2.000 +/- 1.414,0.920 +/- 0.057,1.000 +/- 0.000,0.080 +/- 0.057,0.091 +/- 0.064,23.000 +/- 1.000,0.080 +/- 0.000,0.086 +/- 0.011
clintox_ct_tox,scaffold_ood,0.7,25,raw_top_b,25.0,8.2,0.6719999999999999,0.4,0.328,0.37272727272727274,21.4,0.088,0.12283900154187063,0.0,1.0954451150103324,0.043817804600413235,0.5477225575051661,0.04381780460041327,0.049792959773196935,1.5165750888103098,0.017888543819998312,0.0071659450220642445,5,5,5,25.000 +/- 0.000,8.200 +/- 1.095,0.672 +/- 0.044,0.400 +/- 0.548,0.328 +/- 0.044,0.373 +/- 0.050,21.400 +/- 1.517,0.088 +/- 0.018,0.123 +/- 0.007
clintox_ct_tox,scaffold_ood,0.7,25,score_cap1,25.0,7.0,0.72,0.8,0.28,0.3181818181818182,25.0,0.04,0.11095355203674984,0.0,0.7071067811865475,0.02828427124746187,0.4472135954999579,0.02828427124746191,0.03214121732666127,0.0,0.0,0.005430097813052534,5,5,5,25.000 +/- 0.000,7.000 +/- 0.707,0.720 +/- 0.028,0.800 +/- 0.447,0.280 +/- 0.028,0.318 +/- 0.032,25.000 +/- 0.000,0.040 +/- 0.000,0.111 +/- 0.005
clintox_ct_tox,scaffold_ood,0.7,25,score_dpp,25.0,7.6,0.696,0.4,0.304,0.3454545454545454,23.4,0.08,0.11302874268027899,0.0,1.140175425099138,0.04560701700396547,0.5477225575051661,0.045607017003965494,0.05182615568632449,0.547722557505166,0.0,0.005379360706262369,5,5,5,25.000 +/- 0.000,7.600 +/- 1.140,0.696 +/- 0.046,0.400 +/- 0.548,0.304 +/- 0.046,0.345 +/- 0.052,23.400 +/- 0.548,0.080 +/- 0.000,0.113 +/- 0.005
clintox_ct_tox,scaffold_ood,0.7,25,score_leader70,25.0,7.2,0.712,0.6,0.288,0.32727272727272727,24.0,0.072,0.11381651692602227,0.0,0.8366600265340756,0.03346640106136297,0.5477225575051661,0.03346640106136301,0.038030001206094344,1.224744871391589,0.03346640106136302,0.008285928118076337,5,5,5,25.000 +/- 0.000,7.200 +/- 0.837,0.712 +/- 0.033,0.600 +/- 0.548,0.288 +/- 0.033,0.327 +/- 0.038,24.000 +/- 1.225,0.072 +/- 0.033,0.114 +/- 0.008
clintox_ct_tox,scaffold_ood,0.7,25,score_maxmin,25.0,2.0,0.9199999999999999,1.0,0.08,0.09090909090909087,25.0,0.04,0.033502561010896006,0.0,0.7071067811865476,0.02828427124746191,0.0,0.0282842712474619,0.032141217326661246,0.0,0.0,0.004342708231489849,5,5,5,25.000 +/- 0.000,2.000 +/- 0.707,0.920 +/- 0.028,1.000 +/- 0.000,0.080 +/- 0.028,0.091 +/- 0.032,25.000 +/- 0.000,0.040 +/- 0.000,0.034 +/- 0.004
clintox_ct_tox,scaffold_ood,0.7,25,score_mmr25,25.0,8.2,0.672,0.2,0.328,0.3727272727272727,23.0,0.08,0.11491721470943446,0.0,1.0954451150103324,0.043817804600413304,0.447213595499958,0.04381780460041326,0.04979295977319689,0.7071067811865476,0.0,0.007136220226559797,5,5,5,25.000 +/- 0.000,8.200 +/- 1.095,0.672 +/- 0.044,0.200 +/- 0.447,0.328 +/- 0.044,0.373 +/- 0.050,23.000 +/- 0.707,0.080 +/- 0.000,0.115 +/- 0.007
clintox_ct_tox,scaffold_ood,0.7,25,weighted_bh,21.2,7.0,0.6519999999999999,0.4,0.348,0.3181818181818182,19.2,0.09966666666666665,0.12242738755155416,5.215361924162119,1.0,0.10353743284435823,0.5477225575051661,0.10353743284435825,0.04545454545454545,5.215361924162119,0.02709038369770514,0.008582989123646594,5,5,5,21.200 +/- 5.215,7.000 +/- 1.000,0.652 +/- 0.104,0.400 +/- 0.548,0.348 +/- 0.104,0.318 +/- 0.045,19.200 +/- 5.215,0.100 +/- 0.027,0.122 +/- 0.009
clintox_ct_tox,scaffold_ood,0.7,50,bh,27.6,8.6,0.6365556749015395,0.4,0.36344432509846036,0.39090909090909093,22.8,0.12273063611409474,0.12509357533218474,16.890825912311097,3.0495901363953815,0.11943332524296545,0.5477225575051661,0.11943332524296545,0.13861773347251735,12.872451204024818,0.043573470135598376,0.01114786766664253,5,5,5,27.600 +/- 16.891,8.600 +/- 3.050,0.637 +/- 0.119,0.400 +/- 0.548,0.363 +/- 0.119,0.391 +/- 0.139,22.800 +/- 12.872,0.123 +/- 0.044,0.125 +/- 0.011
clintox_ct_tox,scaffold_ood,0.7,50,bh_cap1,22.8,6.8,0.6690998329156225,0.4,0.3309001670843776,0.3090909090909091,22.8,0.058199665831244765,0.1149716951769183,12.872451204024818,2.588435821108957,0.08072228193301871,0.5477225575051661,0.0807222819330187,0.11765617368677077,12.872451204024818,0.03439120819424054,0.009269643977904729,5,5,5,22.800 +/- 12.872,6.800 +/- 2.588,0.669 +/- 0.081,0.400 +/- 0.548,0.331 +/- 0.081,0.309 +/- 0.118,22.800 +/- 12.872,0.058 +/- 0.034,0.115 +/- 0.009
clintox_ct_tox,scaffold_ood,0.7,50,block_bh,32.4,10.0,0.6625212418300654,0.6,0.3374787581699346,0.4545454545454545,26.4,0.11380718954248363,0.12370039498559335,15.109599597606815,2.9154759474226504,0.08922018777996849,0.5477225575051661,0.08922018777996849,0.13252163397375682,11.991663771137015,0.0416452751701306,0.015027887625459715,5,5,5,32.400 +/- 15.110,10.000 +/- 2.915,0.663 +/- 0.089,0.600 +/- 0.548,0.337 +/- 0.089,0.455 +/- 0.133,26.400 +/- 11.992,0.114 +/- 0.042,0.124 +/- 0.015
clintox_ct_tox,scaffold_ood,0.7,50,by,0.0,0.0,0.0,0.0,0.0,0.0,0.0,0.0,0.0,0.0,0.0,0.0,0.0,0.0,0.0,0.0,0.0,0.0,5,5,5,0.000 +/- 0.000,0.000 +/- 0.000,0.000 +/- 0.000,0.000 +/- 0.000,0.000 +/- 0.000,0.000 +/- 0.000,0.000 +/- 0.000,0.000 +/- 0.000,0.000 +/- 0.000
clintox_ct_tox,scaffold_ood,0.7,50,chemdeprc_cap1,28.0,7.4,0.7108724895793861,0.6,0.2891275104206138,0.3363636363636363,28.0,0.045495452823038976,0.11243140127984072,14.52583904633395,2.6076809620810595,0.06702667442348606,0.5477225575051661,0.06702667442348605,0.11853095282186636,14.52583904633395,0.02475801900583917,0.013696855802888772,5,5,5,28.000 +/- 14.526,7.400 +/- 2.608,0.711 +/- 0.067,0.600 +/- 0.548,0.289 +/- 0.067,0.336 +/- 0.119,28.000 +/- 14.526,0.045 +/- 0.025,0.112 +/- 0.014
clintox_ct_tox,scaffold_ood,0.7,50,chemdeprc_scorecap1,28.0,7.4,0.7108724895793861,0.6,0.2891275104206138,0.3363636363636363,28.0,0.045495452823038976,0.11243140127984072,14.52583904633395,2.6076809620810595,0.06702667442348606,0.5477225575051661,0.06702667442348605,0.11853095282186636,14.52583904633395,0.02475801900583917,0.013696855802888772,5,5,5,28.000 +/- 14.526,7.400 +/- 2.608,0.711 +/- 0.067,0.600 +/- 0.548,0.289 +/- 0.067,0.336 +/- 0.119,28.000 +/- 14.526,0.045 +/- 0.025,0.112 +/- 0.014
clintox_ct_tox,scaffold_ood,0.7,50,chemdeprc_scoresoft50,26.2,8.4,0.6592734063322299,0.6,0.34072659366777014,0.3818181818181818,20.6,0.12999405822935234,0.12725292512501116,8.34865258589672,1.140175425099138,0.086400619714159,0.5477225575051661,0.08640061971415901,0.05182615568632445,6.066300355241241,0.0585951164597861,0.01628120198349058,5,5,5,26.200 +/- 8.349,8.400 +/- 1.140,0.659 +/- 0.086,0.600 +/- 0.548,0.341 +/- 0.086,0.382 +/- 0.052,20.600 +/- 6.066,0.130 +/- 0.059,0.127 +/- 0.016
clintox_ct_tox,scaffold_ood,0.7,50,chemdeprc_soft50,25.2,7.8,0.6713448597829936,0.6,0.3286551402170063,0.3545454545454545,20.6,0.12007383796430446,0.12564835315866624,7.628892449104261,1.4832396974191326,0.09966456159000159,0.5477225575051661,0.09966456159000159,0.0674199862463242,6.066300355241241,0.06439329472520504,0.017168461992544726,5,5,5,25.200 +/- 7.629,7.800 +/- 1.483,0.671 +/- 0.100,0.600 +/- 0.548,0.329 +/- 0.100,0.355 +/- 0.067,20.600 +/- 6.066,0.120 +/- 0.064,0.126 +/- 0.017
clintox_ct_tox,scaffold_ood,0.7,50,chemdeprc_soft75,31.8,10.0,0.658946773744959,0.6,0.341053226255041,0.4545454545454545,26.0,0.11082846613822832,0.12216021042291283,14.27235089254745,2.9154759474226504,0.08666306047749012,0.5477225575051661,0.08666306047749013,0.13252163397375682,11.445523142259598,0.04337640379496843,0.016700976387236804,5,5,5,31.800 +/- 14.272,10.000 +/- 2.915,0.659 +/- 0.087,0.600 +/- 0.548,0.341 +/- 0.087,0.455 +/- 0.133,26.000 +/- 11.446,0.111 +/- 0.043,0.122 +/- 0.017
clintox_ct_tox,scaffold_ood,0.7,50,random_b,50.0,5.2,0.8960000000000001,1.0,0.10400000000000001,0.23636363636363633,43.6,0.088,0.08744373491590086,0.0,1.9235384061671343,0.0384707681233427,0.0,0.03847076812334269,0.08743356391668794,2.5099800796022276,0.04147288270665545,0.00789147078253723,5,5,5,50.000 +/- 0.000,5.200 +/- 1.924,0.896 +/- 0.038,1.000 +/- 0.000,0.104 +/- 0.038,0.236 +/- 0.087,43.600 +/- 2.510,0.088 +/- 0.041,0.087 +/- 0.008
clintox_ct_tox,scaffold_ood,0.7,50,raw_top_b,50.0,12.2,0.756,1.0,0.244,0.5545454545454545,41.2,0.076,0.11128059302103518,0.0,1.30384048104053,0.026076809620810625,0.0,0.026076809620810607,0.05926547641093318,2.5884358211089573,0.03286335345030997,0.004663242246594603,5,5,5,50.000 +/- 0.000,12.200 +/- 1.304,0.756 +/- 0.026,1.000 +/- 0.000,0.244 +/- 0.026,0.555 +/- 0.059,41.200 +/- 2.588,0.076 +/- 0.033,0.111 +/- 0.005
clintox_ct_tox,scaffold_ood,0.7,50,score_cap1,50.0,10.8,0.784,1.0,0.21600000000000003,0.4909090909090909,50.0,0.02,0.10043705113573007,0.0,1.4832396974191324,0.029664793948382624,0.0,0.02966479394838266,0.06741998624632421,0.0,0.0,0.004604268539631008,5,5,5,50.000 +/- 0.000,10.800 +/- 1.483,0.784 +/- 0.030,1.000 +/- 0.000,0.216 +/- 0.030,0.491 +/- 0.067,50.000 +/- 0.000,0.020 +/- 0.000,0.100 +/- 0.005
clintox_ct_tox,scaffold_ood,0.7,50,score_dpp,50.0,11.8,0.764,1.0,0.236,0.5363636363636364,44.2,0.06,0.10590607816759083,0.0,1.3038404810405297,0.026076809620810618,0.0,0.026076809620810604,0.05926547641093316,2.280350850198276,0.02,0.005246545261446856,5,5,5,50.000 +/- 0.000,11.800 +/- 1.304,0.764 +/- 0.026,1.000 +/- 0.000,0.236 +/- 0.026,0.536 +/- 0.059,44.200 +/- 2.280,0.060 +/- 0.020,0.106 +/- 0.005
clintox_ct_tox,scaffold_ood,0.7,50,score_leader70,50.0,10.6,0.788,1.0,0.21200000000000002,0.48181818181818176,45.2,0.064,0.10396365671721,0.0,1.949358868961793,0.0389871773792359,0.0,0.03898717737923587,0.08860722131644515,2.7748873851023212,0.016733200530681513,0.00594937475017279,5,5,5,50.000 +/- 0.000,10.600 +/- 1.949,0.788 +/- 0.039,1.000 +/- 0.000,0.212 +/- 0.039,0.482 +/- 0.089,45.200 +/- 2.775,0.064 +/- 0.017,0.104 +/- 0.006
clintox_ct_tox,scaffold_ood,0.7,50,score_maxmin,50.0,3.6,0.9280000000000002,1.0,0.072,0.1636363636363636,49.4,0.032,0.04933495150520492,0.0,1.51657508881031,0.03033150177620615,0.0,0.0303315017762062,0.06893523130955956,0.547722557505166,0.010954451150103323,0.0024969882413386183,5,5,5,50.000 +/- 0.000,3.600 +/- 1.517,0.928 +/- 0.030,1.000 +/- 0.000,0.072 +/- 0.030,0.164 +/- 0.069,49.400 +/- 0.548,0.032 +/- 0.011,0.049 +/- 0.002
clintox_ct_tox,scaffold_ood,0.7,50,score_mmr25,50.0,12.2,0.756,1.0,0.244,0.5545454545454545,44.2,0.05600000000000001,0.10426837142852238,0.0,1.30384048104053,0.026076809620810625,0.0,0.026076809620810607,0.05926547641093318,2.280350850198276,0.021908902300206645,0.005793923504925847,5,5,5,50.000 +/- 0.000,12.200 +/- 1.304,0.756 +/- 0.026,1.000 +/- 0.000,0.244 +/- 0.026,0.555 +/- 0.059,44.200 +/- 2.280,0.056 +/- 0.022,0.104 +/- 0.006
clintox_ct_tox,scaffold_ood,0.7,50,weighted_bh,31.8,8.6,0.6835,0.6,0.3165,0.3909090909090909,29.6,0.0813333333333333,0.11690353545247265,16.798809481626964,2.3021728866442674,0.12698479786529138,0.5477225575051661,0.1269847978652913,0.10464422212019399,16.56200470957547,0.045021599754389505,0.01329325575501405,5,5,5,31.800 +/- 16.799,8.600 +/- 2.302,0.683 +/- 0.127,0.600 +/- 0.548,0.317 +/- 0.127,0.391 +/- 0.105,29.600 +/- 16.562,0.081 +/- 0.045,0.117 +/- 0.013
clintox_ct_tox,scaffold_ood,0.7,100,bh,27.6,8.6,0.6365556749015395,0.4,0.36344432509846036,0.39090909090909093,22.8,0.12273063611409474,0.12509357533218474,16.890825912311097,3.0495901363953815,0.11943332524296545,0.5477225575051661,0.11943332524296545,0.13861773347251735,12.872451204024818,0.043573470135598376,0.01114786766664253,5,5,5,27.600 +/- 16.891,8.600 +/- 3.050,0.637 +/- 0.119,0.400 +/- 0.548,0.363 +/- 0.119,0.391 +/- 0.139,22.800 +/- 12.872,0.123 +/- 0.044,0.125 +/- 0.011
clintox_ct_tox,scaffold_ood,0.7,100,bh_cap1,22.8,6.8,0.6690998329156225,0.4,0.3309001670843776,0.3090909090909091,22.8,0.058199665831244765,0.1149716951769183,12.872451204024818,2.588435821108957,0.08072228193301871,0.5477225575051661,0.0807222819330187,0.11765617368677077,12.872451204024818,0.03439120819424054,0.009269643977904729,5,5,5,22.800 +/- 12.872,6.800 +/- 2.588,0.669 +/- 0.081,0.400 +/- 0.548,0.331 +/- 0.081,0.309 +/- 0.118,22.800 +/- 12.872,0.058 +/- 0.034,0.115 +/- 0.009
clintox_ct_tox,scaffold_ood,0.7,100,block_bh,35.4,10.0,0.6754443187531423,0.6,0.3245556812468577,0.4545454545454545,28.0,0.11842257415786824,0.12255165447838527,20.132063977645213,2.9154759474226504,0.10320987126469128,0.5477225575051661,0.10320987126469135,0.13252163397375682,14.52583904633395,0.04100639089514396,0.016222899157864963,5,5,5,35.400 +/- 20.132,10.000 +/- 2.915,0.675 +/- 0.103,0.600 +/- 0.548,0.325 +/- 0.103,0.455 +/- 0.133,28.000 +/- 14.526,0.118 +/- 0.041,0.123 +/- 0.016
clintox_ct_tox,scaffold_ood,0.7,100,by,0.0,0.0,0.0,0.0,0.0,0.0,0.0,0.0,0.0,0.0,0.0,0.0,0.0,0.0,0.0,0.0,0.0,0.0,5,5,5,0.000 +/- 0.000,0.000 +/- 0.000,0.000 +/- 0.000,0.000 +/- 0.000,0.000 +/- 0.000,0.000 +/- 0.000,0.000 +/- 0.000,0.000 +/- 0.000,0.000 +/- 0.000
clintox_ct_tox,scaffold_ood,0.7,100,chemdeprc_cap1,28.0,7.4,0.7108724895793861,0.6,0.2891275104206138,0.3363636363636363,28.0,0.045495452823038976,0.11243140127984072,14.52583904633395,2.6076809620810595,0.06702667442348606,0.5477225575051661,0.06702667442348605,0.11853095282186636,14.52583904633395,0.02475801900583917,0.013696855802888772,5,5,5,28.000 +/- 14.526,7.400 +/- 2.608,0.711 +/- 0.067,0.600 +/- 0.548,0.289 +/- 0.067,0.336 +/- 0.119,28.000 +/- 14.526,0.045 +/- 0.025,0.112 +/- 0.014
clintox_ct_tox,scaffold_ood,0.7,100,chemdeprc_scorecap1,28.0,7.4,0.7108724895793861,0.6,0.2891275104206138,0.3363636363636363,28.0,0.045495452823038976,0.11243140127984072,14.52583904633395,2.6076809620810595,0.06702667442348606,0.5477225575051661,0.06702667442348605,0.11853095282186636,14.52583904633395,0.02475801900583917,0.013696855802888772,5,5,5,28.000 +/- 14.526,7.400 +/- 2.608,0.711 +/- 0.067,0.600 +/- 0.548,0.289 +/- 0.067,0.336 +/- 0.119,28.000 +/- 14.526,0.045 +/- 0.025,0.112 +/- 0.014
clintox_ct_tox,scaffold_ood,0.7,100,chemdeprc_scoresoft50,35.4,10.0,0.6754443187531423,0.6,0.3245556812468577,0.4545454545454545,28.0,0.11842257415786824,0.12255165447838527,20.132063977645213,2.9154759474226504,0.10320987126469128,0.5477225575051661,0.10320987126469135,0.13252163397375682,14.52583904633395,0.04100639089514396,0.016222899157864963,5,5,5,35.400 +/- 20.132,10.000 +/- 2.915,0.675 +/- 0.103,0.600 +/- 0.548,0.325 +/- 0.103,0.455 +/- 0.133,28.000 +/- 14.526,0.118 +/- 0.041,0.123 +/- 0.016
clintox_ct_tox,scaffold_ood,0.7,100,chemdeprc_soft50,35.4,10.0,0.6754443187531423,0.6,0.3245556812468577,0.4545454545454545,28.0,0.11842257415786824,0.12255165447838527,20.132063977645213,2.9154759474226504,0.10320987126469128,0.5477225575051661,0.10320987126469135,0.13252163397375682,14.52583904633395,0.04100639089514396,0.016222899157864963,5,5,5,35.400 +/- 20.132,10.000 +/- 2.915,0.675 +/- 0.103,0.600 +/- 0.548,0.325 +/- 0.103,0.455 +/- 0.133,28.000 +/- 14.526,0.118 +/- 0.041,0.123 +/- 0.016
clintox_ct_tox,scaffold_ood,0.7,100,chemdeprc_soft75,35.4,10.0,0.6754443187531423,0.6,0.3245556812468577,0.4545454545454545,28.0,0.11842257415786824,0.12255165447838527,20.132063977645213,2.9154759474226504,0.10320987126469128,0.5477225575051661,0.10320987126469135,0.13252163397375682,14.52583904633395,0.04100639089514396,0.016222899157864963,5,5,5,35.400 +/- 20.132,10.000 +/- 2.915,0.675 +/- 0.103,0.600 +/- 0.548,0.325 +/- 0.103,0.455 +/- 0.133,28.000 +/- 14.526,0.118 +/- 0.041,0.123 +/- 0.016
clintox_ct_tox,scaffold_ood,0.7,100,random_b,100.0,6.6,0.9339999999999999,1.0,0.066,0.29999999999999993,75.0,0.078,0.08993115662603604,0.0,1.140175425099138,0.01140175425099134,0.0,0.011401754250991382,0.05182615568632447,5.431390245600108,0.019235384061671346,0.006248317458888588,5,5,5,100.000 +/- 0.000,6.600 +/- 1.140,0.934 +/- 0.011,1.000 +/- 0.000,0.066 +/- 0.011,0.300 +/- 0.052,75.000 +/- 5.431,0.078 +/- 0.019,0.090 +/- 0.006
clintox_ct_tox,scaffold_ood,0.7,100,raw_top_b,100.0,17.0,0.8300000000000001,1.0,0.16999999999999998,0.7727272727272727,70.2,0.088,0.10097388287669844,0.0,1.58113883008419,0.01581138830084191,0.0,0.015811388300841892,0.07186994682200865,5.263078946776308,0.021679483388678797,0.010058877982632363,5,5,5,100.000 +/- 0.000,17.000 +/- 1.581,0.830 +/- 0.016,1.000 +/- 0.000,0.170 +/- 0.016,0.773 +/- 0.072,70.200 +/- 5.263,0.088 +/- 0.022,0.101 +/- 0.010
clintox_ct_tox,scaffold_ood,0.7,100,score_cap1,100.0,14.4,0.8560000000000001,1.0,0.144,0.6545454545454545,100.0,0.01,0.08689155327530909,0.0,0.547722557505166,0.005477225575051679,0.0,0.005477225575051655,0.02489647988659844,0.0,0.0,0.005149870032481847,5,5,5,100.000 +/- 0.000,14.400 +/- 0.548,0.856 +/- 0.005,1.000 +/- 0.000,0.144 +/- 0.005,0.655 +/- 0.025,100.000 +/- 0.000,0.010 +/- 0.000,0.087 +/- 0.005
clintox_ct_tox,scaffold_ood,0.7,100,score_dpp,100.0,16.8,0.8320000000000001,1.0,0.168,0.7636363636363637,75.8,0.064,0.09585664251946083,0.0,1.095445115010332,0.010954451150103309,0.0,0.010954451150103326,0.04979295977319694,3.7013511046643504,0.0151657508881031,0.008108512672621667,5,5,5,100.000 +/- 0.000,16.800 +/- 1.095,0.832 +/- 0.011,1.000 +/- 0.000,0.168 +/- 0.011,0.764 +/- 0.050,75.800 +/- 3.701,0.064 +/- 0.015,0.096 +/- 0.008
clintox_ct_tox,scaffold_ood,0.7,100,score_leader70,100.0,15.2,0.8480000000000001,1.0,0.152,0.6909090909090908,77.8,0.074,0.09490208902701987,0.0,1.095445115010332,0.010954451150103354,0.0,0.010954451150103331,0.04979295977319695,3.9623225512317894,0.015165750888103098,0.008034256082049756,5,5,5,100.000 +/- 0.000,15.200 +/- 1.095,0.848 +/- 0.011,1.000 +/- 0.000,0.152 +/- 0.011,0.691 +/- 0.050,77.800 +/- 3.962,0.074 +/- 0.015,0.095 +/- 0.008
clintox_ct_tox,scaffold_ood,0.7,100,score_maxmin,100.0,8.6,0.914,1.0,0.086,0.39090909090909093,96.2,0.027999999999999997,0.06799518756348369,0.0,2.701851217221259,0.027018512172212614,0.0,0.027018512172212596,0.12281141896460274,1.3038404810405282,0.004472135954999579,0.002421485185932292,5,5,5,100.000 +/- 0.000,8.600 +/- 2.702,0.914 +/- 0.027,1.000 +/- 0.000,0.086 +/- 0.027,0.391 +/- 0.123,96.200 +/- 1.304,0.028 +/- 0.004,0.068 +/- 0.002
clintox_ct_tox,scaffold_ood,0.7,100,score_mmr25,100.0,16.8,0.8320000000000001,1.0,0.168,0.7636363636363637,81.0,0.054000000000000006,0.09012289545853727,0.0,1.095445115010332,0.010954451150103309,0.0,0.010954451150103324,0.04979295977319693,2.6457513110645903,0.011401754250991382,0.005823507484227596,5,5,5,100.000 +/- 0.000,16.800 +/- 1.095,0.832 +/- 0.011,1.000 +/- 0.000,0.168 +/- 0.011,0.764 +/- 0.050,81.000 +/- 2.646,0.054 +/- 0.011,0.090 +/- 0.006
clintox_ct_tox,scaffold_ood,0.7,100,weighted_bh,34.4,9.0,0.6862301587301587,0.6,0.31376984126984125,0.40909090909090906,31.6,0.08603174603174599,0.11482055362400663,20.839865642561133,2.9154759474226504,0.12969602351652496,0.5477225575051661,0.12969602351652496,0.13252163397375685,19.65451602049768,0.040642554156509775,0.01569170922684119,5,5,5,34.400 +/- 20.840,9.000 +/- 2.915,0.686 +/- 0.130,0.600 +/- 0.548,0.314 +/- 0.130,0.409 +/- 0.133,31.600 +/- 19.655,0.086 +/- 0.041,0.115 +/- 0.016
hiv,cold_start20,0.7,25,bh,25.0,18.2,0.272,0.0,0.728,0.06297577854671278,13.2,0.384,0.32373189461949425,0.0,2.16794833886788,0.0867179335547152,0.0,0.0867179335547152,0.007501551345563604,5.718391382198319,0.2586116780039138,0.11699794570788022,5,5,5,25.000 +/- 0.000,18.200 +/- 2.168,0.272 +/- 0.087,0.000 +/- 0.000,0.728 +/- 0.087,0.063 +/- 0.008,13.200 +/- 5.718,0.384 +/- 0.259,0.324 +/- 0.117
hiv,cold_start20,0.7,25,bh_cap1,25.0,15.6,0.376,0.0,0.624,0.05397923875432522,25.0,0.04,0.20581505135796166,0.0,1.5165750888103104,0.060663003552412414,0.0,0.060663003552412394,0.005247664667163698,0.0,0.0,0.025745321842719358,5,5,5,25.000 +/- 0.000,15.600 +/- 1.517,0.376 +/- 0.061,0.000 +/- 0.000,0.624 +/- 0.061,0.054 +/- 0.005,25.000 +/- 0.000,0.040 +/- 0.000,0.206 +/- 0.026
hiv,cold_start20,0.7,25,block_bh,25.0,18.8,0.248,0.0,0.752,0.06505190311418683,12.8,0.392,0.3263538272928529,0.0,1.7888543819998322,0.07155417527999326,0.0,0.07155417527999326,0.006189807550172457,5.540758070878027,0.26138094804327267,0.11823085022672065,5,5,5,25.000 +/- 0.000,18.800 +/- 1.789,0.248 +/- 0.072,0.000 +/- 0.000,0.752 +/- 0.072,0.065 +/- 0.006,12.800 +/- 5.541,0.392 +/- 0.261,0.326 +/- 0.118
hiv,cold_start20,0.7,25,by,10.0,7.8,0.08800000000000001,0.0,0.312,0.02698961937716262,3.6,0.24,0.16920372477907328,13.693063937629152,10.73312629199899,0.1277497553813705,0.0,0.42932505167995966,0.037138845301034555,5.366563145999495,0.34756294393965537,0.2425725369220763,5,5,5,10.000 +/- 13.693,7.800 +/- 10.733,0.088 +/- 0.128,0.000 +/- 0.000,0.312 +/- 0.429,0.027 +/- 0.037,3.600 +/- 5.367,0.240 +/- 0.348,0.169 +/- 0.243
hiv,cold_start20,0.7,25,chemdeprc_cap1,25.0,16.6,0.33599999999999997,0.0,0.664,0.05743944636678198,25.0,0.04,0.2126608460538816,0.0,1.8165902124584947,0.07266360849833979,0.0,0.07266360849833972,0.00628577928186333,0.0,0.0,0.0504610009968647,5,5,5,25.000 +/- 0.000,16.600 +/- 1.817,0.336 +/- 0.073,0.000 +/- 0.000,0.664 +/- 0.073,0.057 +/- 0.006,25.000 +/- 0.000,0.040 +/- 0.000,0.213 +/- 0.050
hiv,cold_start20,0.7,25,chemdeprc_scorecap1,25.0,16.2,0.352,0.0,0.648,0.05605536332179926,25.0,0.04,0.20614929264493664,0.0,1.7888543819998317,0.07155417527999328,0.0,0.07155417527999319,0.006189807550172454,0.0,0.0,0.026044853842193978,5,5,5,25.000 +/- 0.000,16.200 +/- 1.789,0.352 +/- 0.072,0.000 +/- 0.000,0.648 +/- 0.072,0.056 +/- 0.006,25.000 +/- 0.000,0.040 +/- 0.000,0.206 +/- 0.026
hiv,cold_start20,0.7,25,chemdeprc_scoresoft50,25.0,17.4,0.304,0.0,0.696,0.060207612456747384,13.0,0.168,0.24957200556985945,0.0,1.8165902124584947,0.0726636084983398,0.0,0.07266360849833983,0.006285779281863285,0.0,0.033466401061363026,0.022480345925953334,5,5,5,25.000 +/- 0.000,17.400 +/- 1.817,0.304 +/- 0.073,0.000 +/- 0.000,0.696 +/- 0.073,0.060 +/- 0.006,13.000 +/- 0.000,0.168 +/- 0.033,0.250 +/- 0.022
hiv,cold_start20,0.7,25,chemdeprc_soft50,22.4,16.0,0.28935064935064936,0.0,0.7106493506493508,0.0553633217993079,13.0,0.18675324675324673,0.2598325520960724,1.5165750888103102,2.8284271247461903,0.08395679522425732,0.0,0.08395679522425736,0.009786945068325925,0.0,0.030793190977199375,0.05457536341894275,5,5,5,22.400 +/- 1.517,16.000 +/- 2.828,0.289 +/- 0.084,0.000 +/- 0.000,0.711 +/- 0.084,0.055 +/- 0.010,13.000 +/- 0.000,0.187 +/- 0.031,0.260 +/- 0.055
hiv,cold_start20,0.7,25,chemdeprc_soft75,25.0,16.8,0.328,0.0,0.672,0.05813148788927334,19.0,0.088,0.22901021431667967,0.0,2.0493901531919194,0.08197560612767679,0.0,0.0819756061276768,0.007091315408968566,0.0,0.017888543819998316,0.05445128000014082,5,5,5,25.000 +/- 0.000,16.800 +/- 2.049,0.328 +/- 0.082,0.000 +/- 0.000,0.672 +/- 0.082,0.058 +/- 0.007,19.000 +/- 0.000,0.088 +/- 0.018,0.229 +/- 0.054
hiv,cold_start20,0.7,25,random_b,25.0,0.6,0.976,1.0,0.024,0.00207612456747402,24.6,0.048,0.08852128327739246,0.0,0.5477225575051661,0.021908902300206666,0.0,0.021908902300206645,0.0018952337629936282,0.8944271909999155,0.01788854381999832,0.0028362364418908345,5,5,5,25.000 +/- 0.000,0.600 +/- 0.548,0.976 +/- 0.022,1.000 +/- 0.000,0.024 +/- 0.022,0.002 +/- 0.002,24.600 +/- 0.894,0.048 +/- 0.018,0.089 +/- 0.003
hiv,cold_start20,0.7,25,raw_top_b,25.0,18.2,0.272,0.0,0.728,0.06297577854671278,13.2,0.384,0.3237318946194943,0.0,2.16794833886788,0.0867179335547152,0.0,0.0867179335547152,0.007501551345563604,5.718391382198319,0.2586116780039138,0.1169979457078802,5,5,5,25.000 +/- 0.000,18.200 +/- 2.168,0.272 +/- 0.087,0.000 +/- 0.000,0.728 +/- 0.087,0.063 +/- 0.008,13.200 +/- 5.718,0.384 +/- 0.259,0.324 +/- 0.117
hiv,cold_start20,0.7,25,score_cap1,25.0,15.6,0.376,0.0,0.624,0.05397923875432522,25.0,0.04,0.20581505135796166,0.0,1.5165750888103104,0.060663003552412414,0.0,0.060663003552412394,0.005247664667163698,0.0,0.0,0.025745321842719358,5,5,5,25.000 +/- 0.000,15.600 +/- 1.517,0.376 +/- 0.061,0.000 +/- 0.000,0.624 +/- 0.061,0.054 +/- 0.005,25.000 +/- 0.000,0.040 +/- 0.000,0.206 +/- 0.026
hiv,cold_start20,0.7,25,score_dpp,25.0,14.2,0.43200000000000005,0.0,0.5680000000000001,0.04913494809688576,22.4,0.11200000000000002,0.15642903604316696,0.0,0.44721359549995815,0.017888543819998305,0.0,0.017888543819998277,0.0015474518875431308,1.816590212458495,0.0521536192416212,0.02688204359360109,5,5,5,25.000 +/- 0.000,14.200 +/- 0.447,0.432 +/- 0.018,0.000 +/- 0.000,0.568 +/- 0.018,0.049 +/- 0.002,22.400 +/- 1.817,0.112 +/- 0.052,0.156 +/- 0.027
hiv,cold_start20,0.7,25,score_leader70,25.0,16.2,0.352,0.0,0.648,0.05605536332179928,16.8,0.256,0.22715006057742948,0.0,1.9235384061671346,0.07694153624668537,0.0,0.07694153624668534,0.006655842235872432,3.898717737923586,0.14587666023048376,0.021968001315274224,5,5,5,25.000 +/- 0.000,16.200 +/- 1.924,0.352 +/- 0.077,0.000 +/- 0.000,0.648 +/- 0.077,0.056 +/- 0.007,16.800 +/- 3.899,0.256 +/- 0.146,0.227 +/- 0.022
hiv,cold_start20,0.7,25,score_maxmin,25.0,2.6,0.8960000000000001,1.0,0.10400000000000001,0.008996539792387459,24.6,0.05600000000000001,0.053108347783072794,0.0,0.8944271909999159,0.035777087639996666,0.0,0.03577708763999664,0.0030949037750862226,0.547722557505166,0.021908902300206645,0.00789361208155306,5,5,5,25.000 +/- 0.000,2.600 +/- 0.894,0.896 +/- 0.036,1.000 +/- 0.000,0.104 +/- 0.036,0.009 +/- 0.003,24.600 +/- 0.548,0.056 +/- 0.022,0.053 +/- 0.008
hiv,cold_start20,0.7,25,score_mmr25,25.0,15.4,0.384,0.0,0.616,0.05328719723183388,19.6,0.192,0.18487919662703,0.0,1.5165750888103102,0.06066300355241241,0.0,0.06066300355241241,0.005247664667163728,3.361547262794322,0.09549869109050657,0.01636952958868579,5,5,5,25.000 +/- 0.000,15.400 +/- 1.517,0.384 +/- 0.061,0.000 +/- 0.000,0.616 +/- 0.061,0.053 +/- 0.005,19.600 +/- 3.362,0.192 +/- 0.095,0.185 +/- 0.016
hiv,cold_start20,0.7,25,weighted_bh,25.0,17.8,0.288,0.0,0.712,0.06159169550173007,21.6,0.11200000000000002,0.2239339349442583,0.0,2.588435821108957,0.10353743284435825,0.0,0.10353743284435826,0.008956525332556949,0.8944271909999164,0.033466401061363026,0.05099991188225463,5,5,5,25.000 +/- 0.000,17.800 +/- 2.588,0.288 +/- 0.104,0.000 +/- 0.000,0.712 +/- 0.104,0.062 +/- 0.009,21.600 +/- 0.894,0.112 +/- 0.033,0.224 +/- 0.051
hiv,cold_start20,0.7,50,bh,50.0,33.0,0.34,0.0,0.6599999999999999,0.11418685121107264,24.2,0.352,0.27293999570640565,0.0,8.0,0.16000000000000003,0.0,0.16,0.027681660899653997,9.148770409186143,0.2500399968005119,0.047627366568156075,5,5,5,50.000 +/- 0.000,33.000 +/- 8.000,0.340 +/- 0.160,0.000 +/- 0.000,0.660 +/- 0.160,0.114 +/- 0.028,24.200 +/- 9.149,0.352 +/- 0.250,0.273 +/- 0.048
hiv,cold_start20,0.7,50,bh_cap1,50.0,26.0,0.48,0.0,0.52,0.08996539792387538,50.0,0.02,0.16789275580663018,0.0,4.69041575982343,0.09380831519646858,0.0,0.09380831519646858,0.016229812317728104,0.0,0.0,0.0131322804922696,5,5,5,50.000 +/- 0.000,26.000 +/- 4.690,0.480 +/- 0.094,0.000 +/- 0.000,0.520 +/- 0.094,0.090 +/- 0.016,50.000 +/- 0.000,0.020 +/- 0.000,0.168 +/- 0.013
hiv,cold_start20,0.7,50,block_bh,48.4,34.0,0.30247619047619045,0.0,0.6975238095238095,0.11764705882352937,23.2,0.359047619047619,0.273949299771279,3.5777087639996634,7.516648189186455,0.12040483488231918,0.0,0.12040483488231918,0.026009163284382228,8.700574693662482,0.2494465529255514,0.04858684280567642,5,5,5,48.400 +/- 3.578,34.000 +/- 7.517,0.302 +/- 0.120,0.000 +/- 0.000,0.698 +/- 0.120,0.118 +/- 0.026,23.200 +/- 8.701,0.359 +/- 0.249,0.274 +/- 0.049
hiv,cold_start20,0.7,50,by,13.0,10.4,0.07973484848484849,0.0,0.3202651515151515,0.035986159169550135,4.4,0.24053030303030304,0.1534538975361171,17.804493814764857,14.25833089811006,0.11335270784200431,0.0,0.43959818430908254,0.04933678511456763,6.387487769068525,0.33494895140291703,0.21303955008683487,5,5,5,13.000 +/- 17.804,10.400 +/- 14.258,0.080 +/- 0.113,0.000 +/- 0.000,0.320 +/- 0.440,0.036 +/- 0.049,4.400 +/- 6.387,0.241 +/- 0.335,0.153 +/- 0.213
hiv,cold_start20,0.7,50,chemdeprc_cap1,41.6,24.6,0.40704761904761905,0.0,0.5929523809523809,0.08512110726643593,41.6,0.0258095238095238,0.17600923269049334,11.523888232710346,6.730527468185536,0.03767987848481451,0.0,0.037679878484814466,0.023289022381264825,11.523888232710346,0.007999433086489018,0.007180428894290571,5,5,5,41.600 +/- 11.524,24.600 +/- 6.731,0.407 +/- 0.038,0.000 +/- 0.000,0.593 +/- 0.038,0.085 +/- 0.023,41.600 +/- 11.524,0.026 +/- 0.008,0.176 +/- 0.007
hiv,cold_start20,0.7,50,chemdeprc_scorecap1,41.6,24.6,0.40704761904761905,0.0,0.5929523809523809,0.08512110726643593,41.6,0.0258095238095238,0.1751434012228439,11.523888232710346,6.730527468185536,0.037679878484814515,0.0,0.03767987848481447,0.023289022381264825,11.523888232710346,0.007999433086489018,0.009234830149610946,5,5,5,41.600 +/- 11.524,24.600 +/- 6.731,0.407 +/- 0.038,0.000 +/- 0.000,0.593 +/- 0.038,0.085 +/- 0.023,41.600 +/- 11.524,0.026 +/- 0.008,0.175 +/- 0.009
hiv,cold_start20,0.7,50,chemdeprc_scoresoft50,47.8,29.8,0.378051282051282,0.0,0.621948717948718,0.10311418685121103,25.0,0.1245128205128205,0.20909105753096108,4.919349550499538,4.604345773288536,0.05499196044283639,0.0,0.05499196044283637,0.015931992295116066,0.0,0.032412122633709406,0.016791748053073513,5,5,5,47.800 +/- 4.919,29.800 +/- 4.604,0.378 +/- 0.055,0.000 +/- 0.000,0.622 +/- 0.055,0.103 +/- 0.016,25.000 +/- 0.000,0.125 +/- 0.032,0.209 +/- 0.017
hiv,cold_start20,0.7,50,chemdeprc_soft50,41.2,26.0,0.36928251328251327,0.0,0.6307174867174867,0.08996539792387538,25.0,0.13482131082131082,0.22850530681385112,5.805170109479997,5.787918451395113,0.09379917393911281,0.0,0.09379917393911284,0.020027399485796262,0.0,0.04138778608360309,0.04643044623599657,5,5,5,41.200 +/- 5.805,26.000 +/- 5.788,0.369 +/- 0.094,0.000 +/- 0.000,0.631 +/- 0.094,0.090 +/- 0.020,25.000 +/- 0.000,0.135 +/- 0.041,0.229 +/- 0.046
hiv,cold_start20,0.7,50,chemdeprc_soft75,48.4,28.8,0.40647619047619044,0.0,0.5935238095238095,0.09965397923875427,34.4,0.059047619047619036,0.19650831423488332,3.5777087639996634,4.919349550499537,0.07831675899339187,0.0,0.07831675899339181,0.0170219707629742,4.979959839195493,0.022567610687757676,0.015258528305788615,5,5,5,48.400 +/- 3.578,28.800 +/- 4.919,0.406 +/- 0.078,0.000 +/- 0.000,0.594 +/- 0.078,0.100 +/- 0.017,34.400 +/- 4.980,0.059 +/- 0.023,0.197 +/- 0.015
hiv,cold_start20,0.7,50,random_b,50.0,1.8,0.9640000000000001,1.0,0.036,0.0062283737024221,48.8,0.036,0.09336193357441672,0.0,1.7888543819998317,0.035777087639996624,0.0,0.03577708763999664,0.006189807550172391,1.0954451150103326,0.00894427190999916,0.00694894098066674,5,5,5,50.000 +/- 0.000,1.800 +/- 1.789,0.964 +/- 0.036,1.000 +/- 0.000,0.036 +/- 0.036,0.006 +/- 0.006,48.800 +/- 1.095,0.036 +/- 0.009,0.093 +/- 0.007
hiv,cold_start20,0.7,50,raw_top_b,50.0,33.0,0.34,0.0,0.6599999999999999,0.11418685121107264,24.2,0.352,0.27293999570640565,0.0,8.0,0.16000000000000003,0.0,0.16,0.027681660899653997,9.148770409186143,0.2500399968005119,0.047627366568156096,5,5,5,50.000 +/- 0.000,33.000 +/- 8.000,0.340 +/- 0.160,0.000 +/- 0.000,0.660 +/- 0.160,0.114 +/- 0.028,24.200 +/- 9.149,0.352 +/- 0.250,0.273 +/- 0.048
hiv,cold_start20,0.7,50,score_cap1,50.0,26.0,0.48,0.0,0.52,0.08996539792387538,50.0,0.02,0.16789275580663018,0.0,4.69041575982343,0.09380831519646858,0.0,0.09380831519646858,0.016229812317728104,0.0,0.0,0.0131322804922696,5,5,5,50.000 +/- 0.000,26.000 +/- 4.690,0.480 +/- 0.094,0.000 +/- 0.000,0.520 +/- 0.094,0.090 +/- 0.016,50.000 +/- 0.000,0.020 +/- 0.000,0.168 +/- 0.013
hiv,cold_start20,0.7,50,score_dpp,50.0,23.4,0.532,0.0,0.46799999999999997,0.08096885813148784,40.0,0.11600000000000002,0.14300259833131448,0.0,2.701851217221259,0.054037024344425186,0.0,0.054037024344425186,0.009348966149554511,2.5495097567963927,0.06693280212272605,0.007625998095225208,5,5,5,50.000 +/- 0.000,23.400 +/- 2.702,0.532 +/- 0.054,0.000 +/- 0.000,0.468 +/- 0.054,0.081 +/- 0.009,40.000 +/- 2.550,0.116 +/- 0.067,0.143 +/- 0.008
hiv,cold_start20,0.7,50,score_leader70,50.0,26.6,0.46799999999999997,0.0,0.532,0.09204152249134942,32.8,0.20800000000000002,0.19323851519846666,0.0,5.319774431308154,0.10639548862616309,0.0,0.10639548862616309,0.018407523983765234,4.08656334834051,0.12457929201917949,0.015934098517612367,5,5,5,50.000 +/- 0.000,26.600 +/- 5.320,0.468 +/- 0.106,0.000 +/- 0.000,0.532 +/- 0.106,0.092 +/- 0.018,32.800 +/- 4.087,0.208 +/- 0.125,0.193 +/- 0.016
hiv,cold_start20,0.7,50,score_maxmin,50.0,4.2,0.916,1.0,0.084,0.01453287197231826,49.4,0.032,0.05135228524443484,0.0,2.280350850198276,0.04560701700396549,0.0,0.04560701700396552,0.007890487370928312,0.547722557505166,0.010954451150103323,0.007390401372138868,5,5,5,50.000 +/- 0.000,4.200 +/- 2.280,0.916 +/- 0.046,1.000 +/- 0.000,0.084 +/- 0.046,0.015 +/- 0.008,49.400 +/- 0.548,0.032 +/- 0.011,0.051 +/- 0.007
hiv,cold_start20,0.7,50,score_mmr25,50.0,28.0,0.44000000000000006,0.0,0.5599999999999999,0.09688581314878889,34.4,0.196,0.17854667896164977,0.0,4.358898943540674,0.08717797887081347,0.0,0.08717797887081347,0.015082695306369099,3.5071355833500366,0.11610340218959994,0.014835024970185054,5,5,5,50.000 +/- 0.000,28.000 +/- 4.359,0.440 +/- 0.087,0.000 +/- 0.000,0.560 +/- 0.087,0.097 +/- 0.015,34.400 +/- 3.507,0.196 +/- 0.116,0.179 +/- 0.015
hiv,cold_start20,0.7,50,weighted_bh,46.0,27.6,0.4,0.0,0.6,0.09550173010380618,37.6,0.08133333333333333,0.18867520899237236,8.94427190999916,6.6558245169174945,0.07874007874011812,0.0,0.0787400787401181,0.023030534660614166,6.8044103344816,0.027243755655603413,0.013011720357689278,5,5,5,46.000 +/- 8.944,27.600 +/- 6.656,0.400 +/- 0.079,0.000 +/- 0.000,0.600 +/- 0.079,0.096 +/- 0.023,37.600 +/- 6.804,0.081 +/- 0.027,0.189 +/- 0.013
hiv,cold_start20,0.7,100,bh,100.0,58.0,0.42000000000000004,0.0,0.5800000000000001,0.20069204152249132,46.8,0.312,0.1984642995423665,0.0,11.532562594670797,0.11532562594670795,0.0,0.11532562594670795,0.039905060881213816,9.471008394041258,0.14652644812456211,0.03831612127226036,5,5,5,100.000 +/- 0.000,58.000 +/- 11.533,0.420 +/- 0.115,0.000 +/- 0.000,0.580 +/- 0.115,0.201 +/- 0.040,46.800 +/- 9.471,0.312 +/- 0.147,0.198 +/- 0.038
hiv,cold_start20,0.7,100,bh_cap1,91.8,35.6,0.6023050847457627,0.0,0.3976949152542373,0.12318339100346018,91.8,0.011389830508474561,0.13366270596765642,18.335757415498275,5.594640292279745,0.07736305096554119,0.0,0.07736305096554119,0.01935861692830363,18.335757415498275,0.003107755494152214,0.011758540980143164,5,5,5,91.800 +/- 18.336,35.600 +/- 5.595,0.602 +/- 0.077,0.000 +/- 0.000,0.398 +/- 0.077,0.123 +/- 0.019,91.800 +/- 18.336,0.011 +/- 0.003,0.134 +/- 0.012
hiv,cold_start20,0.7,100,block_bh,88.4,55.8,0.3784761904761905,0.0,0.6215238095238096,0.19307958477508647,40.2,0.32304761904761903,0.22094200140384385,25.93838853899756,18.780308836651223,0.057938312648560586,0.0,0.05793831264856061,0.0649837676008693,15.658863304850707,0.22431644719174212,0.04014600761017973,5,5,5,88.400 +/- 25.938,55.800 +/- 18.780,0.378 +/- 0.058,0.000 +/- 0.000,0.622 +/- 0.058,0.193 +/- 0.065,40.200 +/- 15.659,0.323 +/- 0.224,0.221 +/- 0.040
hiv,cold_start20,0.7,100,by,13.0,10.4,0.07973484848484849,0.0,0.3202651515151515,0.035986159169550135,4.4,0.24053030303030304,0.1534538975361171,17.804493814764857,14.25833089811006,0.11335270784200431,0.0,0.43959818430908254,0.04933678511456763,6.387487769068525,0.33494895140291703,0.21303955008683487,5,5,5,13.000 +/- 17.804,10.400 +/- 14.258,0.080 +/- 0.113,0.000 +/- 0.000,0.320 +/- 0.440,0.036 +/- 0.049,4.400 +/- 6.387,0.241 +/- 0.335,0.153 +/- 0.213
hiv,cold_start20,0.7,100,chemdeprc_cap1,64.6,30.2,0.49313227513227514,0.0,0.5068677248677249,0.10449826989619374,64.6,0.020659611992945297,0.1542104864111172,33.298648621227855,11.77709641634983,0.10335454665124835,0.0,0.10335454665124831,0.04075119867249076,33.298648621227855,0.012714780994795337,0.026942043258250482,5,5,5,64.600 +/- 33.299,30.200 +/- 11.777,0.493 +/- 0.103,0.000 +/- 0.000,0.507 +/- 0.103,0.104 +/- 0.041,64.600 +/- 33.299,0.021 +/- 0.013,0.154 +/- 0.027
hiv,cold_start20,0.7,100,chemdeprc_scorecap1,64.6,30.2,0.49313227513227514,0.0,0.5068677248677249,0.10449826989619374,64.6,0.020659611992945297,0.15446269747659555,33.298648621227855,11.77709641634983,0.10335454665124835,0.0,0.10335454665124831,0.04075119867249076,33.298648621227855,0.012714780994795337,0.026675727759859925,5,5,5,64.600 +/- 33.299,30.200 +/- 11.777,0.493 +/- 0.103,0.000 +/- 0.000,0.507 +/- 0.103,0.104 +/- 0.041,64.600 +/- 33.299,0.021 +/- 0.013,0.154 +/- 0.027
hiv,cold_start20,0.7,100,chemdeprc_scoresoft50,85.6,52.2,0.39852270210409746,0.0,0.6014772978959025,0.18062283737024215,41.6,0.19332668881506093,0.1964018938331037,25.115732121520963,18.212632978237934,0.0666086700411999,0.0,0.06660867004119987,0.0630194912741797,11.523888232710346,0.15501568836406085,0.02907963745693141,5,5,5,85.600 +/- 25.116,52.200 +/- 18.213,0.399 +/- 0.067,0.000 +/- 0.000,0.601 +/- 0.067,0.181 +/- 0.063,41.600 +/- 11.524,0.193 +/- 0.155,0.196 +/- 0.029
hiv,cold_start20,0.7,100,chemdeprc_soft50,79.2,49.0,0.39246267696267695,0.0,0.6075373230373231,0.16955017301038058,41.6,0.18206113256113254,0.19709526435115424,23.85791273351464,18.23458252881047,0.06278499154450669,0.0,0.06278499154450666,0.06309544127616079,11.523888232710346,0.16367699977728004,0.02874566454835209,5,5,5,79.200 +/- 23.858,49.000 +/- 18.235,0.392 +/- 0.063,0.000 +/- 0.000,0.608 +/- 0.063,0.170 +/- 0.063,41.600 +/- 11.524,0.182 +/- 0.164,0.197 +/- 0.029
hiv,cold_start20,0.7,100,chemdeprc_soft75,88.4,47.8,0.4584761904761905,0.0,0.5415238095238095,0.16539792387543248,56.6,0.12704761904761905,0.1793129441984927,25.93838853899756,17.58408371226661,0.10822019209613455,0.0,0.10822019209613455,0.06084458031926165,25.205158202241062,0.18852374336952615,0.044076281971225324,5,5,5,88.400 +/- 25.938,47.800 +/- 17.584,0.458 +/- 0.108,0.000 +/- 0.000,0.542 +/- 0.108,0.165 +/- 0.061,56.600 +/- 25.205,0.127 +/- 0.189,0.179 +/- 0.044
hiv,cold_start20,0.7,100,random_b,100.0,3.4,0.966,1.0,0.034,0.011764705882352861,92.0,0.032,0.09007250726645163,0.0,1.9493588689617927,0.019493588689617945,0.0,0.019493588689617928,0.006745186397791686,1.8708286933869716,0.0044721359549995815,0.0030193432032857054,5,5,5,100.000 +/- 0.000,3.400 +/- 1.949,0.966 +/- 0.019,1.000 +/- 0.000,0.034 +/- 0.019,0.012 +/- 0.007,92.000 +/- 1.871,0.032 +/- 0.004,0.090 +/- 0.003
hiv,cold_start20,0.7,100,raw_top_b,100.0,58.0,0.42000000000000004,0.0,0.5800000000000001,0.20069204152249132,46.8,0.312,0.1984642995423665,0.0,11.532562594670797,0.11532562594670795,0.0,0.11532562594670795,0.039905060881213816,9.471008394041258,0.14652644812456211,0.03831612127226035,5,5,5,100.000 +/- 0.000,58.000 +/- 11.533,0.420 +/- 0.115,0.000 +/- 0.000,0.580 +/- 0.115,0.201 +/- 0.040,46.800 +/- 9.471,0.312 +/- 0.147,0.198 +/- 0.038
hiv,cold_start20,0.7,100,score_cap1,100.0,37.6,0.624,0.0,0.376,0.13010380622837367,100.0,0.01,0.1291928460413808,0.0,4.827007354458868,0.04827007354458869,0.0,0.048270073544588676,0.0167024475932833,0.0,0.0,0.004832836024750346,5,5,5,100.000 +/- 0.000,37.600 +/- 4.827,0.624 +/- 0.048,0.000 +/- 0.000,0.376 +/- 0.048,0.130 +/- 0.017,100.000 +/- 0.000,0.010 +/- 0.000,0.129 +/- 0.005
hiv,cold_start20,0.7,100,score_dpp,100.0,42.8,0.572,0.0,0.42799999999999994,0.14809688581314875,71.6,0.132,0.1385922111301506,0.0,7.259476565152615,0.07259476565152616,0.0,0.07259476565152613,0.025119296073192427,4.615192303685729,0.06496152707564687,0.0031083625149921496,5,5,5,100.000 +/- 0.000,42.800 +/- 7.259,0.572 +/- 0.073,0.000 +/- 0.000,0.428 +/- 0.073,0.148 +/- 0.025,71.600 +/- 4.615,0.132 +/- 0.065,0.139 +/- 0.003
hiv,cold_start20,0.7,100,score_leader70,100.0,44.6,0.554,0.0,0.446,0.1543252595155709,65.6,0.2,0.15302202375816928,0.0,6.985699678629192,0.06985699678629195,0.0,0.06985699678629191,0.024171971206329374,4.335896677735759,0.06519202405202648,0.014565044552022052,5,5,5,100.000 +/- 0.000,44.600 +/- 6.986,0.554 +/- 0.070,0.000 +/- 0.000,0.446 +/- 0.070,0.154 +/- 0.024,65.600 +/- 4.336,0.200 +/- 0.065,0.153 +/- 0.015
hiv,cold_start20,0.7,100,score_maxmin,100.0,6.6,0.9339999999999999,1.0,0.066,0.0228373702422145,97.4,0.022,0.04930063795683596,0.0,1.6733200530681511,0.0167332005306815,0.0,0.016733200530681513,0.005790034785702949,1.5165750888103098,0.004472135954999578,0.008070884767780926,5,5,5,100.000 +/- 0.000,6.600 +/- 1.673,0.934 +/- 0.017,1.000 +/- 0.000,0.066 +/- 0.017,0.023 +/- 0.006,97.400 +/- 1.517,0.022 +/- 0.004,0.049 +/- 0.008
hiv,cold_start20,0.7,100,score_mmr25,100.0,51.8,0.48200000000000004,0.0,0.518,0.17923875432525946,58.4,0.22799999999999998,0.1689633844486527,0.0,10.686440005914038,0.10686440005914036,0.0,0.10686440005914037,0.03697730105852608,9.044335243676011,0.12357184145265455,0.019678108069531054,5,5,5,100.000 +/- 0.000,51.800 +/- 10.686,0.482 +/- 0.107,0.000 +/- 0.000,0.518 +/- 0.107,0.179 +/- 0.037,58.400 +/- 9.044,0.228 +/- 0.124,0.169 +/- 0.020
hiv,cold_start20,0.7,100,weighted_bh,78.0,39.6,0.47333333333333333,0.0,0.5266666666666666,0.13702422145328716,62.4,0.06333333333333332,0.16430365979976344,31.937438845342623,13.557285864065861,0.06342099196813485,0.0,0.06342099196813482,0.04691102375109296,25.725473756570548,0.022852182001336815,0.02048442341944316,5,5,5,78.000 +/- 31.937,39.600 +/- 13.557,0.473 +/- 0.063,0.000 +/- 0.000,0.527 +/- 0.063,0.137 +/- 0.047,62.400 +/- 25.725,0.063 +/- 0.023,0.164 +/- 0.020
hiv,missing_fp25,0.7,25,bh,25.0,18.8,0.248,0.0,0.752,0.06505190311418683,15.6,0.27199999999999996,0.2942829738213213,0.0,2.6832815729997477,0.10733126291998991,0.0,0.10733126291998989,0.009284711325258644,4.39317652729776,0.2105231578710523,0.049762551951240734,5,5,5,25.000 +/- 0.000,18.800 +/- 2.683,0.248 +/- 0.107,0.000 +/- 0.000,0.752 +/- 0.107,0.065 +/- 0.009,15.600 +/- 4.393,0.272 +/- 0.211,0.294 +/- 0.050
hiv,missing_fp25,0.7,25,bh_cap1,25.0,17.2,0.312,0.0,0.688,0.059515570934256024,25.0,0.04,0.2305807458771353,0.0,1.30384048104053,0.05215361924162118,0.0,0.05215361924162119,0.004511558757925689,0.0,0.0,0.022738772977153467,5,5,5,25.000 +/- 0.000,17.200 +/- 1.304,0.312 +/- 0.052,0.000 +/- 0.000,0.688 +/- 0.052,0.060 +/- 0.005,25.000 +/- 0.000,0.040 +/- 0.000,0.231 +/- 0.023
hiv,missing_fp25,0.7,25,block_bh,20.2,15.0,0.4,0.2,0.6,0.051903114186851194,13.6,0.376,0.227586616548006,10.73312629199899,8.860022573334675,0.354400902933387,0.4472135954999579,0.354400902933387,0.030657517554791257,7.861297602813418,0.390486875579705,0.13569481437038225,5,5,5,20.200 +/- 10.733,15.000 +/- 8.860,0.400 +/- 0.354,0.200 +/- 0.447,0.600 +/- 0.354,0.052 +/- 0.031,13.600 +/- 7.861,0.376 +/- 0.390,0.228 +/- 0.136
hiv,missing_fp25,0.7,25,by,5.0,3.4,0.064,0.0,0.136,0.01176470588235294,3.4,0.032,0.0569472022136431,11.180339887498949,7.602631123499285,0.14310835055998655,0.0,0.30410524493997143,0.026306682088232815,7.602631123499285,0.07155417527999328,0.12733781527813245,5,5,5,5.000 +/- 11.180,3.400 +/- 7.603,0.064 +/- 0.143,0.000 +/- 0.000,0.136 +/- 0.304,0.012 +/- 0.026,3.400 +/- 7.603,0.032 +/- 0.072,0.057 +/- 0.127
hiv,missing_fp25,0.7,25,chemdeprc_cap1,20.2,14.0,0.44000000000000006,0.2,0.56,0.048442906574394456,20.2,0.23200000000000004,0.1921507666604536,10.73312629199899,7.874007874011811,0.31496031496047244,0.4472135954999579,0.31496031496047244,0.027245701986200035,10.73312629199899,0.4293250516799596,0.10932658663538025,5,5,5,20.200 +/- 10.733,14.000 +/- 7.874,0.440 +/- 0.315,0.200 +/- 0.447,0.560 +/- 0.315,0.048 +/- 0.027,20.200 +/- 10.733,0.232 +/- 0.429,0.192 +/- 0.109
hiv,missing_fp25,0.7,25,chemdeprc_scorecap1,20.2,14.4,0.42400000000000004,0.2,0.576,0.049826989619377135,20.2,0.23200000000000004,0.1914342256021717,10.73312629199899,8.080841540334768,0.32323366161339073,0.4472135954999579,0.32323366161339073,0.027961389412923063,10.73312629199899,0.4293250516799596,0.10778057499835186,5,5,5,20.200 +/- 10.733,14.400 +/- 8.081,0.424 +/- 0.323,0.200 +/- 0.447,0.576 +/- 0.323,0.050 +/- 0.028,20.200 +/- 10.733,0.232 +/- 0.429,0.191 +/- 0.108
hiv,missing_fp25,0.7,25,chemdeprc_scoresoft50,19.0,14.6,0.3784426877470356,0.2,0.6215573122529644,0.050519031141868474,10.6,0.3695085638998682,0.21697905015039112,10.124228365658293,8.590692637965812,0.36516750125507996,0.4472135954999579,0.36516750125507996,0.029725580062165427,5.366563145999495,0.35307106729622484,0.12303698343333778,5,5,5,19.000 +/- 10.124,14.600 +/- 8.591,0.378 +/- 0.365,0.200 +/- 0.447,0.622 +/- 0.365,0.051 +/- 0.030,10.600 +/- 5.367,0.370 +/- 0.353,0.217 +/- 0.123
hiv,missing_fp25,0.7,25,chemdeprc_soft50,15.0,10.8,0.4169514695830485,0.2,0.5830485304169515,0.03737024221453282,10.6,0.34771018455228975,0.2189731129823373,8.336666000266533,7.014271166700073,0.3584400203721655,0.4472135954999579,0.35844002037216555,0.02427083448685144,5.366563145999495,0.36633361543225845,0.13055369294049457,5,5,5,15.000 +/- 8.337,10.800 +/- 7.014,0.417 +/- 0.358,0.200 +/- 0.447,0.583 +/- 0.358,0.037 +/- 0.024,10.600 +/- 5.367,0.348 +/- 0.366,0.219 +/- 0.131
hiv,missing_fp25,0.7,25,chemdeprc_soft75,20.2,13.8,0.44800000000000006,0.2,0.552,0.04775086505190308,15.4,0.288,0.20722195380787212,10.73312629199899,8.012490249604053,0.3204996099841621,0.4472135954999579,0.3204996099841621,0.02772487975641539,8.049844718999243,0.3983967871356394,0.1195573827708081,5,5,5,20.200 +/- 10.733,13.800 +/- 8.012,0.448 +/- 0.320,0.200 +/- 0.447,0.552 +/- 0.320,0.048 +/- 0.028,15.400 +/- 8.050,0.288 +/- 0.398,0.207 +/- 0.120
hiv,missing_fp25,0.7,25,random_b,25.0,1.4,0.944,1.0,0.055999999999999994,0.0048442906574394,24.6,0.048,0.09306147148409045,0.0,1.140175425099138,0.045607017003965515,0.0,0.045607017003965515,0.003945243685464127,0.8944271909999161,0.017888543819998316,0.02042408258385266,5,5,5,25.000 +/- 0.000,1.400 +/- 1.140,0.944 +/- 0.046,1.000 +/- 0.000,0.056 +/- 0.046,0.005 +/- 0.004,24.600 +/- 0.894,0.048 +/- 0.018,0.093 +/- 0.020
hiv,missing_fp25,0.7,25,raw_top_b,25.0,18.8,0.248,0.0,0.752,0.06505190311418683,15.6,0.27199999999999996,0.2942829738213213,0.0,2.6832815729997477,0.10733126291998991,0.0,0.10733126291998989,0.009284711325258644,4.39317652729776,0.2105231578710523,0.049762551951240706,5,5,5,25.000 +/- 0.000,18.800 +/- 2.683,0.248 +/- 0.107,0.000 +/- 0.000,0.752 +/- 0.107,0.065 +/- 0.009,15.600 +/- 4.393,0.272 +/- 0.211,0.294 +/- 0.050
hiv,missing_fp25,0.7,25,score_cap1,25.0,17.2,0.312,0.0,0.688,0.059515570934256024,25.0,0.04,0.2305807458771353,0.0,1.30384048104053,0.05215361924162118,0.0,0.05215361924162119,0.004511558757925689,0.0,0.0,0.022738772977153467,5,5,5,25.000 +/- 0.000,17.200 +/- 1.304,0.312 +/- 0.052,0.000 +/- 0.000,0.688 +/- 0.052,0.060 +/- 0.005,25.000 +/- 0.000,0.040 +/- 0.000,0.231 +/- 0.023
hiv,missing_fp25,0.7,25,score_dpp,25.0,16.2,0.352,0.0,0.648,0.0560553633217993,22.6,0.10400000000000001,0.16856442652315443,0.0,2.280350850198276,0.09121403400793103,0.0,0.09121403400793104,0.007890487370928293,1.5165750888103104,0.021908902300206638,0.005484353053451182,5,5,5,25.000 +/- 0.000,16.200 +/- 2.280,0.352 +/- 0.091,0.000 +/- 0.000,0.648 +/- 0.091,0.056 +/- 0.008,22.600 +/- 1.517,0.104 +/- 0.022,0.169 +/- 0.005
hiv,missing_fp25,0.7,25,score_leader70,25.0,17.0,0.32,0.0,0.6799999999999999,0.05882352941176468,19.4,0.16799999999999998,0.22933528178091125,0.0,1.5811388300841898,0.06324555320336758,0.0,0.0632455532033676,0.005471068616208272,2.6076809620810595,0.07155417527999328,0.023517886587717262,5,5,5,25.000 +/- 0.000,17.000 +/- 1.581,0.320 +/- 0.063,0.000 +/- 0.000,0.680 +/- 0.063,0.059 +/- 0.005,19.400 +/- 2.608,0.168 +/- 0.072,0.229 +/- 0.024
hiv,missing_fp25,0.7,25,score_maxmin,25.0,4.0,0.8400000000000001,1.0,0.16,0.0138408304498269,25.0,0.04,0.06219550997533728,0.0,1.4142135623730951,0.056568542494923775,0.0,0.0565685424949238,0.004893472534162963,0.0,0.0,0.005002948666751666,5,5,5,25.000 +/- 0.000,4.000 +/- 1.414,0.840 +/- 0.057,1.000 +/- 0.000,0.160 +/- 0.057,0.014 +/- 0.005,25.000 +/- 0.000,0.040 +/- 0.000,0.062 +/- 0.005
hiv,missing_fp25,0.7,25,score_mmr25,25.0,16.4,0.344,0.0,0.656,0.05674740484429062,21.4,0.12,0.19763704551647726,0.0,2.0736441353327724,0.08294576541331086,0.0,0.08294576541331083,0.007175239222604737,1.6733200530681513,0.048989794855663564,0.009119111529736308,5,5,5,25.000 +/- 0.000,16.400 +/- 2.074,0.344 +/- 0.083,0.000 +/- 0.000,0.656 +/- 0.083,0.057 +/- 0.007,21.400 +/- 1.673,0.120 +/- 0.049,0.198 +/- 0.009
hiv,missing_fp25,0.7,25,weighted_bh,25.0,17.4,0.304,0.0,0.696,0.06020761245674737,21.8,0.08,0.24088705127430182,0.0,1.51657508881031,0.06066300355241241,0.0,0.06066300355241241,0.005247664667163728,0.44721359549995765,0.0,0.035505051837220865,5,5,5,25.000 +/- 0.000,17.400 +/- 1.517,0.304 +/- 0.061,0.000 +/- 0.000,0.696 +/- 0.061,0.060 +/- 0.005,21.800 +/- 0.447,0.080 +/- 0.000,0.241 +/- 0.036
hiv,missing_fp25,0.7,50,bh,50.0,36.6,0.26799999999999996,0.0,0.732,0.12664359861591695,25.2,0.324,0.2519139032917164,0.0,2.408318915758459,0.04816637831516919,0.0,0.04816637831516916,0.008333283445530996,4.868264577855234,0.13069047402163633,0.037102371986310625,5,5,5,50.000 +/- 0.000,36.600 +/- 2.408,0.268 +/- 0.048,0.000 +/- 0.000,0.732 +/- 0.048,0.127 +/- 0.008,25.200 +/- 4.868,0.324 +/- 0.131,0.252 +/- 0.037
hiv,missing_fp25,0.7,50,bh_cap1,50.0,29.2,0.41600000000000004,0.0,0.584,0.10103806228373698,50.0,0.02,0.18490644999890782,0.0,5.310367218940701,0.106207344378814,0.0,0.10620734437881406,0.01837497307591937,0.0,0.0,0.012807096460761863,5,5,5,50.000 +/- 0.000,29.200 +/- 5.310,0.416 +/- 0.106,0.000 +/- 0.000,0.584 +/- 0.106,0.101 +/- 0.018,50.000 +/- 0.000,0.020 +/- 0.000,0.185 +/- 0.013
hiv,missing_fp25,0.7,50,block_bh,40.2,29.6,0.40800000000000003,0.2,0.592,0.1024221453287197,21.2,0.43200000000000005,0.1910641448422679,21.913466179497938,16.68232597691341,0.33364651953826824,0.4472135954999579,0.3336465195382682,0.05772431133880072,11.840608092492547,0.33033316515300126,0.10975260419891661,5,5,5,40.200 +/- 21.913,29.600 +/- 16.682,0.408 +/- 0.334,0.200 +/- 0.447,0.592 +/- 0.334,0.102 +/- 0.058,21.200 +/- 11.841,0.432 +/- 0.330,0.191 +/- 0.110
hiv,missing_fp25,0.7,50,by,9.2,6.8,0.05217391304347826,0.0,0.14782608695652172,0.02352941176470588,4.8,0.05217391304347826,0.04547453938086808,20.571825392998065,15.20526224699857,0.11666441621738033,0.0,0.3305491792825776,0.05261336417646563,10.73312629199899,0.11666441621738033,0.10168416130111223,5,5,5,9.200 +/- 20.572,6.800 +/- 15.205,0.052 +/- 0.117,0.000 +/- 0.000,0.148 +/- 0.331,0.024 +/- 0.053,4.800 +/- 10.733,0.052 +/- 0.117,0.045 +/- 0.102
hiv,missing_fp25,0.7,50,chemdeprc_cap1,40.2,25.4,0.492,0.2,0.508,0.08788927335640134,40.2,0.21600000000000003,0.14698272078156913,21.913466179497938,14.536161804272819,0.29072323608545636,0.4472135954999579,0.29072323608545636,0.05029813773104779,21.913466179497938,0.4382693235899588,0.08251811025476874,5,5,5,40.200 +/- 21.913,25.400 +/- 14.536,0.492 +/- 0.291,0.200 +/- 0.447,0.508 +/- 0.291,0.088 +/- 0.050,40.200 +/- 21.913,0.216 +/- 0.438,0.147 +/- 0.083
hiv,missing_fp25,0.7,50,chemdeprc_scorecap1,40.2,25.8,0.484,0.2,0.516,0.08927335640138404,40.2,0.21600000000000003,0.1485762391449186,21.913466179497938,14.720733677368122,0.29441467354736245,0.4472135954999579,0.29441467354736245,0.050936794731377556,21.913466179497938,0.4382693235899588,0.08349131177732796,5,5,5,40.200 +/- 21.913,25.800 +/- 14.721,0.484 +/- 0.294,0.200 +/- 0.447,0.516 +/- 0.294,0.089 +/- 0.051,40.200 +/- 21.913,0.216 +/- 0.438,0.149 +/- 0.083
hiv,missing_fp25,0.7,50,chemdeprc_scoresoft50,40.2,28.2,0.43599999999999994,0.2,0.564,0.09757785467128025,20.2,0.328,0.18054265992606652,21.913466179497938,15.865055940651454,0.3173011188130291,0.4472135954999579,0.3173011188130291,0.054896387337894294,10.73312629199899,0.3796314001765397,0.10094773601866067,5,5,5,40.200 +/- 21.913,28.200 +/- 15.865,0.436 +/- 0.317,0.200 +/- 0.447,0.564 +/- 0.317,0.098 +/- 0.055,20.200 +/- 10.733,0.328 +/- 0.380,0.181 +/- 0.101
hiv,missing_fp25,0.7,50,chemdeprc_soft50,32.2,22.4,0.4382356667722521,0.2,0.5617643332277479,0.07750865051903112,20.2,0.2995201140323091,0.19490144382255176,17.73978579352073,12.680693987317886,0.31759192358633814,0.4472135954999579,0.31759192358633814,0.04387783386615185,10.73312629199899,0.39166052654147576,0.10926771046410241,5,5,5,32.200 +/- 17.740,22.400 +/- 12.681,0.438 +/- 0.318,0.200 +/- 0.447,0.562 +/- 0.318,0.078 +/- 0.044,20.200 +/- 10.733,0.300 +/- 0.392,0.195 +/- 0.109
hiv,missing_fp25,0.7,50,chemdeprc_soft75,40.2,26.2,0.476,0.2,0.524,0.09065743944636676,30.6,0.24000000000000005,0.16699724905471786,21.913466179497938,15.17234326002414,0.3034468652004828,0.4472135954999579,0.3034468652004828,0.05249945764714235,16.546903033498445,0.4249705872175155,0.09340535221202063,5,5,5,40.200 +/- 21.913,26.200 +/- 15.172,0.476 +/- 0.303,0.200 +/- 0.447,0.524 +/- 0.303,0.091 +/- 0.052,30.600 +/- 16.547,0.240 +/- 0.425,0.167 +/- 0.093
hiv,missing_fp25,0.7,50,random_b,50.0,1.6,0.968,1.0,0.032,0.00553633217993074,48.2,0.052000000000000005,0.10193881664002084,0.0,1.6733200530681511,0.033466401061363005,0.0,0.03346640106136302,0.0057900347857029015,1.4832396974191315,0.02280350850198276,0.009230072997227815,5,5,5,50.000 +/- 0.000,1.600 +/- 1.673,0.968 +/- 0.033,1.000 +/- 0.000,0.032 +/- 0.033,0.006 +/- 0.006,48.200 +/- 1.483,0.052 +/- 0.023,0.102 +/- 0.009
hiv,missing_fp25,0.7,50,raw_top_b,50.0,36.6,0.26799999999999996,0.0,0.732,0.12664359861591695,25.2,0.324,0.25191390329171637,0.0,2.408318915758459,0.04816637831516919,0.0,0.04816637831516916,0.008333283445530996,4.868264577855234,0.13069047402163633,0.03710237198631062,5,5,5,50.000 +/- 0.000,36.600 +/- 2.408,0.268 +/- 0.048,0.000 +/- 0.000,0.732 +/- 0.048,0.127 +/- 0.008,25.200 +/- 4.868,0.324 +/- 0.131,0.252 +/- 0.037
hiv,missing_fp25,0.7,50,score_cap1,50.0,29.2,0.41600000000000004,0.0,0.584,0.10103806228373698,50.0,0.02,0.18490644999890782,0.0,5.310367218940701,0.106207344378814,0.0,0.10620734437881406,0.01837497307591937,0.0,0.0,0.012807096460761863,5,5,5,50.000 +/- 0.000,29.200 +/- 5.310,0.416 +/- 0.106,0.000 +/- 0.000,0.584 +/- 0.106,0.101 +/- 0.018,50.000 +/- 0.000,0.020 +/- 0.000,0.185 +/- 0.013
hiv,missing_fp25,0.7,50,score_dpp,50.0,28.0,0.44000000000000006,0.0,0.5599999999999999,0.09688581314878886,41.4,0.11600000000000002,0.15478951978582772,0.0,3.1622776601683795,0.06324555320336758,0.0,0.06324555320336758,0.010942137232416556,2.0736441353327715,0.03286335345030997,0.004100257505798968,5,5,5,50.000 +/- 0.000,28.000 +/- 3.162,0.440 +/- 0.063,0.000 +/- 0.000,0.560 +/- 0.063,0.097 +/- 0.011,41.400 +/- 2.074,0.116 +/- 0.033,0.155 +/- 0.004
hiv,missing_fp25,0.7,50,score_leader70,50.0,32.0,0.36,0.0,0.64,0.11072664359861588,34.0,0.192,0.19415810148634513,0.0,3.6742346141747673,0.07348469228349534,0.0,0.07348469228349531,0.0127136145819196,2.5495097567963922,0.06572670690061994,0.004334534848588056,5,5,5,50.000 +/- 0.000,32.000 +/- 3.674,0.360 +/- 0.073,0.000 +/- 0.000,0.640 +/- 0.073,0.111 +/- 0.013,34.000 +/- 2.550,0.192 +/- 0.066,0.194 +/- 0.004
hiv,missing_fp25,0.7,50,score_maxmin,50.0,4.0,0.9199999999999999,1.0,0.08,0.013840830449826919,49.4,0.028000000000000004,0.0596757288137444,0.0,1.224744871391589,0.02449489742783177,0.0,0.024494897427831782,0.00423787152730656,0.8944271909999161,0.010954451150103323,0.008053050406329044,5,5,5,50.000 +/- 0.000,4.000 +/- 1.225,0.920 +/- 0.024,1.000 +/- 0.000,0.080 +/- 0.024,0.014 +/- 0.004,49.400 +/- 0.894,0.028 +/- 0.011,0.060 +/- 0.008
hiv,missing_fp25,0.7,50,score_mmr25,50.0,32.2,0.356,0.0,0.644,0.11141868512110722,35.6,0.184,0.18959794323615736,0.0,1.3038404810405297,0.026076809620810583,0.0,0.026076809620810625,0.004511558757925723,4.449719092257398,0.08876936408468859,0.008314628076226648,5,5,5,50.000 +/- 0.000,32.200 +/- 1.304,0.356 +/- 0.026,0.000 +/- 0.000,0.644 +/- 0.026,0.111 +/- 0.005,35.600 +/- 4.450,0.184 +/- 0.089,0.190 +/- 0.008
hiv,missing_fp25,0.7,50,weighted_bh,50.0,32.0,0.36,0.0,0.64,0.11072664359861586,41.0,0.064,0.1974384680270107,0.0,4.47213595499958,0.08944271909999157,0.0,0.08944271909999157,0.015474518875431064,2.345207879911715,0.021908902300206645,0.014622726908521523,5,5,5,50.000 +/- 0.000,32.000 +/- 4.472,0.360 +/- 0.089,0.000 +/- 0.000,0.640 +/- 0.089,0.111 +/- 0.015,41.000 +/- 2.345,0.064 +/- 0.022,0.197 +/- 0.015
hiv,missing_fp25,0.7,100,bh,100.0,67.4,0.32599999999999996,0.0,0.674,0.2332179930795847,42.8,0.372,0.22095883092846055,0.0,3.286335345030996,0.03286335345030997,0.0,0.032863353450309926,0.011371402577961903,3.0331501776206204,0.07496665925596525,0.020449084775155495,5,5,5,100.000 +/- 0.000,67.400 +/- 3.286,0.326 +/- 0.033,0.000 +/- 0.000,0.674 +/- 0.033,0.233 +/- 0.011,42.800 +/- 3.033,0.372 +/- 0.075,0.221 +/- 0.020
hiv,missing_fp25,0.7,100,bh_cap1,100.0,44.2,0.558,0.0,0.442,0.1529411764705882,100.0,0.01,0.14354068065389974,0.0,5.215361924162119,0.05215361924162119,0.0,0.052153619241621194,0.018046235031702804,0.0,0.0,0.00730789136396275,5,5,5,100.000 +/- 0.000,44.200 +/- 5.215,0.558 +/- 0.052,0.000 +/- 0.000,0.442 +/- 0.052,0.153 +/- 0.018,100.000 +/- 0.000,0.010 +/- 0.000,0.144 +/- 0.007
hiv,missing_fp25,0.7,100,block_bh,80.2,56.2,0.438,0.2,0.562,0.19446366782006916,35.2,0.47800000000000004,0.17024760320545765,44.274145954495836,31.491268631161873,0.3149126863116188,0.4472135954999579,0.31491268631161873,0.10896632744346668,19.136352839556444,0.29243802762294785,0.09552617105787149,5,5,5,80.200 +/- 44.274,56.200 +/- 31.491,0.438 +/- 0.315,0.200 +/- 0.447,0.562 +/- 0.315,0.194 +/- 0.109,35.200 +/- 19.136,0.478 +/- 0.292,0.170 +/- 0.096
hiv,missing_fp25,0.7,100,by,9.2,6.8,0.05217391304347826,0.0,0.14782608695652172,0.02352941176470588,4.8,0.05217391304347826,0.04547453938086808,20.571825392998065,15.20526224699857,0.11666441621738033,0.0,0.3305491792825776,0.05261336417646563,10.73312629199899,0.11666441621738033,0.10168416130111223,5,5,5,9.200 +/- 20.572,6.800 +/- 15.205,0.052 +/- 0.117,0.000 +/- 0.000,0.148 +/- 0.331,0.024 +/- 0.053,4.800 +/- 10.733,0.052 +/- 0.117,0.045 +/- 0.102
hiv,missing_fp25,0.7,100,chemdeprc_cap1,77.2,36.6,0.6198823529411766,0.2,0.38011764705882356,0.12664359861591692,77.2,0.20835294117647057,0.11520272691510725,43.08944186224742,20.89976076418101,0.21418809442260683,0.4472135954999579,0.21418809442260683,0.07231751129474395,43.08944186224742,0.4425448191483178,0.06465261884355575,5,5,5,77.200 +/- 43.089,36.600 +/- 20.900,0.620 +/- 0.214,0.200 +/- 0.447,0.380 +/- 0.214,0.127 +/- 0.072,77.200 +/- 43.089,0.208 +/- 0.443,0.115 +/- 0.065
hiv,missing_fp25,0.7,100,chemdeprc_scorecap1,77.2,36.8,0.6178823529411764,0.2,0.38211764705882356,0.12733564013840828,77.2,0.20835294117647057,0.1158645835850842,43.08944186224742,21.087911228948208,0.2158609542207516,0.4472135954999579,0.2158609542207516,0.0729685509652187,43.08944186224742,0.4425448191483178,0.06500092189632618,5,5,5,77.200 +/- 43.089,36.800 +/- 21.088,0.618 +/- 0.216,0.200 +/- 0.447,0.382 +/- 0.216,0.127 +/- 0.073,77.200 +/- 43.089,0.208 +/- 0.443,0.116 +/- 0.065
hiv,missing_fp25,0.7,100,chemdeprc_scoresoft50,80.2,48.8,0.512,0.2,0.488,0.16885813148788925,40.2,0.27,0.14274181285017923,44.274145954495836,27.444489428663086,0.2744448942866309,0.4472135954999579,0.2744448942866309,0.09496363124104873,21.913466179497938,0.4090843433816552,0.08003501690781842,5,5,5,80.200 +/- 44.274,48.800 +/- 27.444,0.512 +/- 0.274,0.200 +/- 0.447,0.488 +/- 0.274,0.169 +/- 0.095,40.200 +/- 21.913,0.270 +/- 0.409,0.143 +/- 0.080
hiv,missing_fp25,0.7,100,chemdeprc_soft50,70.4,42.2,0.5181535717458604,0.2,0.4818464282541396,0.1460207612456747,40.2,0.2957489219498527,0.15079202702343023,39.46264056040852,23.89979079406345,0.27123873018292943,0.4472135954999579,0.2712387301829294,0.08269823804174202,21.913466179497938,0.3953397055559214,0.08437659480861859,5,5,5,70.400 +/- 39.463,42.200 +/- 23.900,0.518 +/- 0.271,0.200 +/- 0.447,0.482 +/- 0.271,0.146 +/- 0.083,40.200 +/- 21.913,0.296 +/- 0.395,0.151 +/- 0.084
hiv,missing_fp25,0.7,100,chemdeprc_soft75,80.2,43.2,0.568,0.2,0.43200000000000005,0.14948096885813147,60.2,0.22200000000000003,0.13028435829969004,44.274145954495836,24.53976365004357,0.24539763650043575,0.4472135954999579,0.24539763650043575,0.08491267698977015,33.09380606699689,0.4349367770147749,0.07309697598261863,5,5,5,80.200 +/- 44.274,43.200 +/- 24.540,0.568 +/- 0.245,0.200 +/- 0.447,0.432 +/- 0.245,0.149 +/- 0.085,60.200 +/- 33.094,0.222 +/- 0.435,0.130 +/- 0.073
hiv,missing_fp25,0.7,100,random_b,100.0,3.0,0.97,1.0,0.03,0.01038062283737018,93.0,0.028000000000000004,0.10040812263363419,0.0,1.224744871391589,0.012247448713915896,0.0,0.012247448713915891,0.00423787152730656,2.5495097567963922,0.008366600265340758,0.010194781034654373,5,5,5,100.000 +/- 0.000,3.000 +/- 1.225,0.970 +/- 0.012,1.000 +/- 0.000,0.030 +/- 0.012,0.010 +/- 0.004,93.000 +/- 2.550,0.028 +/- 0.008,0.100 +/- 0.010
hiv,missing_fp25,0.7,100,raw_top_b,100.0,67.4,0.32599999999999996,0.0,0.674,0.2332179930795847,42.8,0.372,0.22095883092846055,0.0,3.286335345030996,0.03286335345030997,0.0,0.032863353450309926,0.011371402577961903,3.0331501776206204,0.07496665925596525,0.020449084775155495,5,5,5,100.000 +/- 0.000,67.400 +/- 3.286,0.326 +/- 0.033,0.000 +/- 0.000,0.674 +/- 0.033,0.233 +/- 0.011,42.800 +/- 3.033,0.372 +/- 0.075,0.221 +/- 0.020
hiv,missing_fp25,0.7,100,score_cap1,100.0,44.2,0.558,0.0,0.442,0.1529411764705882,100.0,0.01,0.14354068065389974,0.0,5.215361924162119,0.05215361924162119,0.0,0.052153619241621194,0.018046235031702804,0.0,0.0,0.00730789136396275,5,5,5,100.000 +/- 0.000,44.200 +/- 5.215,0.558 +/- 0.052,0.000 +/- 0.000,0.442 +/- 0.052,0.153 +/- 0.018,100.000 +/- 0.000,0.010 +/- 0.000,0.144 +/- 0.007
hiv,missing_fp25,0.7,100,score_dpp,100.0,48.8,0.512,0.0,0.488,0.16885813148788925,71.2,0.148,0.14666597068858617,0.0,5.585696017507577,0.055856960175075764,0.0,0.05585696017507575,0.019327667880649057,5.403702434442519,0.05167204273105526,0.00743506627395895,5,5,5,100.000 +/- 0.000,48.800 +/- 5.586,0.512 +/- 0.056,0.000 +/- 0.000,0.488 +/- 0.056,0.169 +/- 0.019,71.200 +/- 5.404,0.148 +/- 0.052,0.147 +/- 0.007
hiv,missing_fp25,0.7,100,score_leader70,100.0,50.8,0.492,0.0,0.508,0.17577854671280274,60.8,0.23199999999999998,0.16894855309003967,0.0,6.572670690061994,0.06572670690061992,0.0,0.06572670690061994,0.022742805155923845,3.114482300479487,0.05449770637375485,0.00711682817477513,5,5,5,100.000 +/- 0.000,50.800 +/- 6.573,0.492 +/- 0.066,0.000 +/- 0.000,0.508 +/- 0.066,0.176 +/- 0.023,60.800 +/- 3.114,0.232 +/- 0.054,0.169 +/- 0.007
hiv,missing_fp25,0.7,100,score_maxmin,100.0,6.6,0.9339999999999999,1.0,0.066,0.02283737024221448,96.2,0.026000000000000002,0.055112878986371815,0.0,1.816590212458495,0.018165902124584896,0.0,0.01816590212458495,0.006285779281863331,1.095445115010332,0.005477225575051659,0.004976691639366018,5,5,5,100.000 +/- 0.000,6.600 +/- 1.817,0.934 +/- 0.018,1.000 +/- 0.000,0.066 +/- 0.018,0.023 +/- 0.006,96.200 +/- 1.095,0.026 +/- 0.005,0.055 +/- 0.005
hiv,missing_fp25,0.7,100,score_mmr25,100.0,60.4,0.396,0.0,0.604,0.2089965397923875,56.2,0.26,0.18399825241597717,0.0,3.4351128074635335,0.034351128074635334,0.0,0.03435112807463537,0.011886203486032976,6.3796551630946325,0.08860022573334675,0.01864350285321977,5,5,5,100.000 +/- 0.000,60.400 +/- 3.435,0.396 +/- 0.034,0.000 +/- 0.000,0.604 +/- 0.034,0.209 +/- 0.012,56.200 +/- 6.380,0.260 +/- 0.089,0.184 +/- 0.019
hiv,missing_fp25,0.7,100,weighted_bh,94.0,50.4,0.46514285714285714,0.0,0.5348571428571429,0.17439446366782002,75.0,0.04257142857142856,0.16217946368095607,13.416407864998739,8.648699324175862,0.033648846903856666,0.0,0.03364884690385665,0.029926295239362816,10.124228365658293,0.008293100156399997,0.0038351131178164656,5,5,5,94.000 +/- 13.416,50.400 +/- 8.649,0.465 +/- 0.034,0.000 +/- 0.000,0.535 +/- 0.034,0.174 +/- 0.030,75.000 +/- 10.124,0.043 +/- 0.008,0.162 +/- 0.004
hiv,scaffold_ood,0.7,25,bh,25.0,17.2,0.312,0.0,0.688,0.059515570934256024,17.0,0.184,0.23993581766470956,0.0,1.3038404810405297,0.05215361924162117,0.0,0.05215361924162117,0.004511558757925688,1.8708286933869704,0.06066300355241242,0.03287147111867749,5,5,5,25.000 +/- 0.000,17.200 +/- 1.304,0.312 +/- 0.052,0.000 +/- 0.000,0.688 +/- 0.052,0.060 +/- 0.005,17.000 +/- 1.871,0.184 +/- 0.061,0.240 +/- 0.033
hiv,scaffold_ood,0.7,25,bh_cap1,25.0,16.6,0.33599999999999997,0.0,0.664,0.05743944636678198,25.0,0.04,0.22530089994361707,0.0,2.3021728866442674,0.09208691546577069,0.0,0.09208691546577069,0.00796599614755802,0.0,0.0,0.026593328531717322,5,5,5,25.000 +/- 0.000,16.600 +/- 2.302,0.336 +/- 0.092,0.000 +/- 0.000,0.664 +/- 0.092,0.057 +/- 0.008,25.000 +/- 0.000,0.040 +/- 0.000,0.225 +/- 0.027
hiv,scaffold_ood,0.7,25,block_bh,25.0,17.0,0.32,0.0,0.6799999999999999,0.05882352941176468,17.0,0.168,0.24329090114468474,0.0,2.3452078799117144,0.09380831519646858,0.0,0.09380831519646855,0.008114906158864055,1.5811388300841898,0.033466401061363026,0.03143778083391454,5,5,5,25.000 +/- 0.000,17.000 +/- 2.345,0.320 +/- 0.094,0.000 +/- 0.000,0.680 +/- 0.094,0.059 +/- 0.008,17.000 +/- 1.581,0.168 +/- 0.033,0.243 +/- 0.031
hiv,scaffold_ood,0.7,25,by,3.6,2.4,0.06666666666666667,0.0,0.13333333333333333,0.008304498269896179,2.8,0.04444444444444444,0.060481371408097485,8.049844718999243,5.366563145999495,0.14907119849998596,0.0,0.2981423969999719,0.01856942265051725,6.260990336999411,0.09938079899999064,0.13524045784091815,5,5,5,3.600 +/- 8.050,2.400 +/- 5.367,0.067 +/- 0.149,0.000 +/- 0.000,0.133 +/- 0.298,0.008 +/- 0.019,2.800 +/- 6.261,0.044 +/- 0.099,0.060 +/- 0.135
hiv,scaffold_ood,0.7,25,chemdeprc_cap1,25.0,17.0,0.32,0.0,0.68,0.05882352941176468,25.0,0.04,0.22032195700177953,0.0,0.7071067811865476,0.028284271247461888,0.0,0.02828427124746188,0.002446736267081483,0.0,0.0,0.03774268647465566,5,5,5,25.000 +/- 0.000,17.000 +/- 0.707,0.320 +/- 0.028,0.000 +/- 0.000,0.680 +/- 0.028,0.059 +/- 0.002,25.000 +/- 0.000,0.040 +/- 0.000,0.220 +/- 0.038
hiv,scaffold_ood,0.7,25,chemdeprc_scorecap1,25.0,17.0,0.32,0.0,0.68,0.05882352941176468,25.0,0.04,0.2206951005387206,0.0,1.8708286933869707,0.07483314773547883,0.0,0.0748331477354788,0.006473455686460123,0.0,0.0,0.029082030714737417,5,5,5,25.000 +/- 0.000,17.000 +/- 1.871,0.320 +/- 0.075,0.000 +/- 0.000,0.680 +/- 0.075,0.059 +/- 0.006,25.000 +/- 0.000,0.040 +/- 0.000,0.221 +/- 0.029
hiv,scaffold_ood,0.7,25,chemdeprc_scoresoft50,25.0,16.8,0.328,0.0,0.6719999999999999,0.058131487889273324,13.0,0.176,0.2428293717434888,0.0,2.7748873851023217,0.11099549540409286,0.0,0.11099549540409284,0.009601686453641267,0.0,0.02190890230020664,0.015820966492509886,5,5,5,25.000 +/- 0.000,16.800 +/- 2.775,0.328 +/- 0.111,0.000 +/- 0.000,0.672 +/- 0.111,0.058 +/- 0.010,13.000 +/- 0.000,0.176 +/- 0.022,0.243 +/- 0.016
hiv,scaffold_ood,0.7,25,chemdeprc_soft50,20.8,14.2,0.31165192295627075,0.0,0.6883480770437292,0.049134948096885754,13.0,0.21234393625697973,0.2709876746445371,1.9235384061671343,2.2803508501982757,0.13707345492287776,0.0,0.13707345492287773,0.00789048737092831,0.0,0.05354216789194088,0.04336194251668484,5,5,5,20.800 +/- 1.924,14.200 +/- 2.280,0.312 +/- 0.137,0.000 +/- 0.000,0.688 +/- 0.137,0.049 +/- 0.008,13.000 +/- 0.000,0.212 +/- 0.054,0.271 +/- 0.043
hiv,scaffold_ood,0.7,25,chemdeprc_soft75,25.0,16.6,0.33599999999999997,0.0,0.664,0.05743944636678198,19.0,0.096,0.23720275609306407,0.0,2.701851217221259,0.10807404868885037,0.0,0.10807404868885033,0.009348966149554553,0.0,0.02190890230020664,0.02765814181269252,5,5,5,25.000 +/- 0.000,16.600 +/- 2.702,0.336 +/- 0.108,0.000 +/- 0.000,0.664 +/- 0.108,0.057 +/- 0.009,19.000 +/- 0.000,0.096 +/- 0.022,0.237 +/- 0.028
hiv,scaffold_ood,0.7,25,random_b,25.0,0.2,0.992,1.0,0.008,0.0006920415224913399,24.6,0.05600000000000001,0.09131236327687627,0.0,0.447213595499958,0.01788854381999834,0.0,0.01788854381999832,0.0015474518875430857,0.547722557505166,0.021908902300206645,0.010442581521917694,5,5,5,25.000 +/- 0.000,0.200 +/- 0.447,0.992 +/- 0.018,1.000 +/- 0.000,0.008 +/- 0.018,0.001 +/- 0.002,24.600 +/- 0.548,0.056 +/- 0.022,0.091 +/- 0.010
hiv,scaffold_ood,0.7,25,raw_top_b,25.0,17.2,0.312,0.0,0.688,0.059515570934256024,17.0,0.184,0.23993581766470956,0.0,1.3038404810405297,0.05215361924162117,0.0,0.05215361924162117,0.004511558757925688,1.8708286933869704,0.06066300355241242,0.03287147111867749,5,5,5,25.000 +/- 0.000,17.200 +/- 1.304,0.312 +/- 0.052,0.000 +/- 0.000,0.688 +/- 0.052,0.060 +/- 0.005,17.000 +/- 1.871,0.184 +/- 0.061,0.240 +/- 0.033
hiv,scaffold_ood,0.7,25,score_cap1,25.0,16.6,0.33599999999999997,0.0,0.664,0.05743944636678198,25.0,0.04,0.22530089994361707,0.0,2.3021728866442674,0.09208691546577069,0.0,0.09208691546577069,0.00796599614755802,0.0,0.0,0.026593328531717322,5,5,5,25.000 +/- 0.000,16.600 +/- 2.302,0.336 +/- 0.092,0.000 +/- 0.000,0.664 +/- 0.092,0.057 +/- 0.008,25.000 +/- 0.000,0.040 +/- 0.000,0.225 +/- 0.027
hiv,scaffold_ood,0.7,25,score_dpp,25.0,16.4,0.344,0.0,0.656,0.05674740484429062,23.0,0.08,0.15716815525484015,0.0,1.8165902124584952,0.07266360849833979,0.0,0.07266360849833979,0.00628577928186333,0.9999999999999997,0.0,0.00571685304553384,5,5,5,25.000 +/- 0.000,16.400 +/- 1.817,0.344 +/- 0.073,0.000 +/- 0.000,0.656 +/- 0.073,0.057 +/- 0.006,23.000 +/- 1.000,0.080 +/- 0.000,0.157 +/- 0.006
hiv,scaffold_ood,0.7,25,score_leader70,25.0,16.6,0.336,0.0,0.664,0.05743944636678198,19.2,0.136,0.2188185031455232,0.0,2.701851217221259,0.10807404868885037,0.0,0.10807404868885036,0.009348966149554551,1.4832396974191329,0.04560701700396552,0.02067201421311828,5,5,5,25.000 +/- 0.000,16.600 +/- 2.702,0.336 +/- 0.108,0.000 +/- 0.000,0.664 +/- 0.108,0.057 +/- 0.009,19.200 +/- 1.483,0.136 +/- 0.046,0.219 +/- 0.021
hiv,scaffold_ood,0.7,25,score_maxmin,25.0,4.0,0.8400000000000001,1.0,0.16,0.013840830449826941,25.0,0.04,0.06017807789427978,0.0,2.0,0.08,0.0,0.08,0.006920415224913513,0.0,0.0,0.003971741138867928,5,5,5,25.000 +/- 0.000,4.000 +/- 2.000,0.840 +/- 0.080,1.000 +/- 0.000,0.160 +/- 0.080,0.014 +/- 0.007,25.000 +/- 0.000,0.040 +/- 0.000,0.060 +/- 0.004
hiv,scaffold_ood,0.7,25,score_mmr25,25.0,16.2,0.352,0.0,0.648,0.05605536332179926,21.6,0.11199999999999999,0.17975590998819638,0.0,2.280350850198276,0.09121403400793104,0.0,0.091214034007931,0.00789048737092831,1.6733200530681513,0.017888543819998312,0.013276972240208452,5,5,5,25.000 +/- 0.000,16.200 +/- 2.280,0.352 +/- 0.091,0.000 +/- 0.000,0.648 +/- 0.091,0.056 +/- 0.008,21.600 +/- 1.673,0.112 +/- 0.018,0.180 +/- 0.013
hiv,scaffold_ood,0.7,25,weighted_bh,25.0,17.0,0.32,0.0,0.6799999999999999,0.05882352941176468,22.2,0.10400000000000001,0.22519149540757688,0.0,1.5811388300841898,0.06324555320336758,0.0,0.06324555320336758,0.005471068616208271,1.095445115010332,0.03577708763999664,0.043465747175998826,5,5,5,25.000 +/- 0.000,17.000 +/- 1.581,0.320 +/- 0.063,0.000 +/- 0.000,0.680 +/- 0.063,0.059 +/- 0.005,22.200 +/- 1.095,0.104 +/- 0.036,0.225 +/- 0.043
hiv,scaffold_ood,0.7,50,bh,50.0,34.8,0.304,0.0,0.696,0.12041522491349477,25.4,0.27599999999999997,0.22682759538530034,0.0,2.1679483388678804,0.04335896677735759,0.0,0.04335896677735759,0.007501551345563572,4.505552130427524,0.13371611720357424,0.02599129235956397,5,5,5,50.000 +/- 0.000,34.800 +/- 2.168,0.304 +/- 0.043,0.000 +/- 0.000,0.696 +/- 0.043,0.120 +/- 0.008,25.400 +/- 4.506,0.276 +/- 0.134,0.227 +/- 0.026
hiv,scaffold_ood,0.7,50,bh_cap1,50.0,31.0,0.38,0.0,0.62,0.10726643598615912,50.0,0.02,0.17699894655946286,0.0,3.8078865529319543,0.07615773105863909,0.0,0.07615773105863907,0.013176078037826841,0.0,0.0,0.01558744615618351,5,5,5,50.000 +/- 0.000,31.000 +/- 3.808,0.380 +/- 0.076,0.000 +/- 0.000,0.620 +/- 0.076,0.107 +/- 0.013,50.000 +/- 0.000,0.020 +/- 0.000,0.177 +/- 0.016
hiv,scaffold_ood,0.7,50,block_bh,50.0,34.2,0.316,0.0,0.6839999999999999,0.11833910034602071,27.8,0.20800000000000002,0.21279393243165975,0.0,3.96232255123179,0.0792464510246358,0.0,0.07924645102463578,0.013710458654781278,3.0331501776206204,0.09859006035092989,0.023537333600081176,5,5,5,50.000 +/- 0.000,34.200 +/- 3.962,0.316 +/- 0.079,0.000 +/- 0.000,0.684 +/- 0.079,0.118 +/- 0.014,27.800 +/- 3.033,0.208 +/- 0.099,0.213 +/- 0.024
hiv,scaffold_ood,0.7,50,by,3.6,2.4,0.06666666666666667,0.0,0.13333333333333333,0.008304498269896179,2.8,0.04444444444444444,0.060481371408097485,8.049844718999243,5.366563145999495,0.14907119849998596,0.0,0.2981423969999719,0.01856942265051725,6.260990336999411,0.09938079899999064,0.13524045784091815,5,5,5,3.600 +/- 8.050,2.400 +/- 5.367,0.067 +/- 0.149,0.000 +/- 0.000,0.133 +/- 0.298,0.008 +/- 0.019,2.800 +/- 6.261,0.044 +/- 0.099,0.060 +/- 0.135
hiv,scaffold_ood,0.7,50,chemdeprc_cap1,46.4,29.6,0.36750000000000005,0.0,0.6325000000000001,0.10242214532871967,46.4,0.02225,0.17850329496072725,8.049844718999243,7.3006848993775915,0.07766112283504534,0.0,0.07766112283504532,0.025261885464974383,8.049844718999243,0.0050311529493745274,0.013104763946942006,5,5,5,46.400 +/- 8.050,29.600 +/- 7.301,0.368 +/- 0.078,0.000 +/- 0.000,0.633 +/- 0.078,0.102 +/- 0.025,46.400 +/- 8.050,0.022 +/- 0.005,0.179 +/- 0.013
hiv,scaffold_ood,0.7,50,chemdeprc_scorecap1,46.4,29.8,0.36350000000000005,0.0,0.6365000000000001,0.10311418685121101,46.4,0.02225,0.1785514467069924,8.049844718999243,7.049822692805827,0.0647012364642284,0.0,0.06470123646422843,0.024393850148117055,8.049844718999243,0.0050311529493745274,0.0100879657120617,5,5,5,46.400 +/- 8.050,29.800 +/- 7.050,0.364 +/- 0.065,0.000 +/- 0.000,0.637 +/- 0.065,0.103 +/- 0.024,46.400 +/- 8.050,0.022 +/- 0.005,0.179 +/- 0.010
hiv,scaffold_ood,0.7,50,chemdeprc_scoresoft50,49.2,32.4,0.34295652173913044,0.0,0.6570434782608696,0.11211072664359858,25.0,0.1231304347826087,0.21098764311321866,1.7888543819998315,3.781534080237808,0.056877143491879376,0.0,0.056877143491879424,0.013084893011203491,0.0,0.04145555845760778,0.014892728248053358,5,5,5,49.200 +/- 1.789,32.400 +/- 3.782,0.343 +/- 0.057,0.000 +/- 0.000,0.657 +/- 0.057,0.112 +/- 0.013,25.000 +/- 0.000,0.123 +/- 0.041,0.211 +/- 0.015
hiv,scaffold_ood,0.7,50,chemdeprc_soft50,41.8,28.4,0.32081226330233703,0.0,0.679187736697663,0.09826989619377158,25.0,0.13796788073588978,0.22344124621607664,3.5637059362410923,2.8809720581775866,0.028767429985439623,0.0,0.028767429985439602,0.009968761446981294,0.0,0.041201584337055085,0.02569880564726491,5,5,5,41.800 +/- 3.564,28.400 +/- 2.881,0.321 +/- 0.029,0.000 +/- 0.000,0.679 +/- 0.029,0.098 +/- 0.010,25.000 +/- 0.000,0.138 +/- 0.041,0.223 +/- 0.026
hiv,scaffold_ood,0.7,50,chemdeprc_soft75,50.0,32.6,0.348,0.0,0.6519999999999999,0.11280276816608992,36.8,0.048,0.19872267318897566,0.0,4.277849927241487,0.08555699854482975,0.0,0.0855569985448297,0.014802248883188518,2.6832815729997477,0.017888543819998316,0.020231016360794038,5,5,5,50.000 +/- 0.000,32.600 +/- 4.278,0.348 +/- 0.086,0.000 +/- 0.000,0.652 +/- 0.086,0.113 +/- 0.015,36.800 +/- 2.683,0.048 +/- 0.018,0.199 +/- 0.020
hiv,scaffold_ood,0.7,50,random_b,50.0,1.4,0.9719999999999999,1.0,0.028000000000000004,0.0048442906574394,47.4,0.044,0.09172668683863407,0.0,1.6733200530681511,0.033466401061363005,0.0,0.033466401061363026,0.005790034785702904,0.547722557505166,0.008944271909999156,0.0029388582089268475,5,5,5,50.000 +/- 0.000,1.400 +/- 1.673,0.972 +/- 0.033,1.000 +/- 0.000,0.028 +/- 0.033,0.005 +/- 0.006,47.400 +/- 0.548,0.044 +/- 0.009,0.092 +/- 0.003
hiv,scaffold_ood,0.7,50,raw_top_b,50.0,34.8,0.304,0.0,0.696,0.12041522491349477,25.4,0.27599999999999997,0.22682759538530034,0.0,2.1679483388678804,0.04335896677735759,0.0,0.04335896677735759,0.007501551345563572,4.505552130427524,0.13371611720357424,0.025991292359564006,5,5,5,50.000 +/- 0.000,34.800 +/- 2.168,0.304 +/- 0.043,0.000 +/- 0.000,0.696 +/- 0.043,0.120 +/- 0.008,25.400 +/- 4.506,0.276 +/- 0.134,0.227 +/- 0.026
hiv,scaffold_ood,0.7,50,score_cap1,50.0,31.0,0.38,0.0,0.62,0.10726643598615912,50.0,0.02,0.17699894655946286,0.0,3.8078865529319543,0.07615773105863909,0.0,0.07615773105863907,0.013176078037826841,0.0,0.0,0.01558744615618351,5,5,5,50.000 +/- 0.000,31.000 +/- 3.808,0.380 +/- 0.076,0.000 +/- 0.000,0.620 +/- 0.076,0.107 +/- 0.013,50.000 +/- 0.000,0.020 +/- 0.000,0.177 +/- 0.016
hiv,scaffold_ood,0.7,50,score_dpp,50.0,28.2,0.43600000000000005,0.0,0.5640000000000001,0.09757785467128025,41.6,0.10400000000000001,0.152937519754855,0.0,1.7888543819998315,0.03577708763999661,0.0,0.03577708763999664,0.006189807550172445,1.8165902124584945,0.008944271909999156,0.00373913201747308,5,5,5,50.000 +/- 0.000,28.200 +/- 1.789,0.436 +/- 0.036,0.000 +/- 0.000,0.564 +/- 0.036,0.098 +/- 0.006,41.600 +/- 1.817,0.104 +/- 0.009,0.153 +/- 0.004
hiv,scaffold_ood,0.7,50,score_leader70,50.0,32.2,0.356,0.0,0.6439999999999999,0.1114186851211072,32.6,0.20800000000000002,0.18230954552571751,0.0,2.2803508501982757,0.045607017003965515,0.0,0.04560701700396552,0.007890487370928295,1.8165902124584954,0.0303315017762062,0.012432366326228858,5,5,5,50.000 +/- 0.000,32.200 +/- 2.280,0.356 +/- 0.046,0.000 +/- 0.000,0.644 +/- 0.046,0.111 +/- 0.008,32.600 +/- 1.817,0.208 +/- 0.030,0.182 +/- 0.012
hiv,scaffold_ood,0.7,50,score_maxmin,50.0,5.6,0.8880000000000001,1.0,0.11200000000000002,0.019377162629757742,49.4,0.032,0.056642297392688376,0.0,0.8944271909999159,0.017888543819998333,0.0,0.01788854381999832,0.00309490377508621,0.5477225575051667,0.010954451150103323,0.003972064920095921,5,5,5,50.000 +/- 0.000,5.600 +/- 0.894,0.888 +/- 0.018,1.000 +/- 0.000,0.112 +/- 0.018,0.019 +/- 0.003,49.400 +/- 0.548,0.032 +/- 0.011,0.057 +/- 0.004
hiv,scaffold_ood,0.7,50,score_mmr25,50.0,30.8,0.384,0.0,0.616,0.10657439446366776,37.4,0.128,0.1751986954548547,0.0,2.0493901531919194,0.04098780306383839,0.0,0.04098780306383843,0.007091315408968604,2.6076809620810595,0.03898717737923585,0.010098674630116246,5,5,5,50.000 +/- 0.000,30.800 +/- 2.049,0.384 +/- 0.041,0.000 +/- 0.000,0.616 +/- 0.041,0.107 +/- 0.007,37.400 +/- 2.608,0.128 +/- 0.039,0.175 +/- 0.010
hiv,scaffold_ood,0.7,50,weighted_bh,50.0,33.8,0.324,0.0,0.6759999999999999,0.11695501730103804,40.2,0.072,0.19149331541243897,0.0,4.8166378315169185,0.09633275663033837,0.0,0.09633275663033834,0.016666566891062013,2.4899799195977472,0.01788854381999832,0.022778803230635195,5,5,5,50.000 +/- 0.000,33.800 +/- 4.817,0.324 +/- 0.096,0.000 +/- 0.000,0.676 +/- 0.096,0.117 +/- 0.017,40.200 +/- 2.490,0.072 +/- 0.018,0.191 +/- 0.023
hiv,scaffold_ood,0.7,100,bh,100.0,70.0,0.3,0.0,0.7,0.2422145328719723,41.6,0.354,0.20426446950336102,0.0,4.636809247747851,0.04636809247747851,0.0,0.04636809247747853,0.01604432265656696,3.1304951684997055,0.04722287581247037,0.01194928435795295,5,5,5,100.000 +/- 0.000,70.000 +/- 4.637,0.300 +/- 0.046,0.000 +/- 0.000,0.700 +/- 0.046,0.242 +/- 0.016,41.600 +/- 3.130,0.354 +/- 0.047,0.204 +/- 0.012
hiv,scaffold_ood,0.7,100,bh_cap1,100.0,43.4,0.5660000000000001,0.0,0.434,0.15017301038062283,100.0,0.01,0.13510895563514405,0.0,5.770615218501404,0.05770615218501403,0.0,0.057706152185014035,0.01996752670761731,0.0,0.0,0.006894029620827762,5,5,5,100.000 +/- 0.000,43.400 +/- 5.771,0.566 +/- 0.058,0.000 +/- 0.000,0.434 +/- 0.058,0.150 +/- 0.020,100.000 +/- 0.000,0.010 +/- 0.000,0.135 +/- 0.007
hiv,scaffold_ood,0.7,100,block_bh,91.0,63.8,0.31127272727272726,0.0,0.6887272727272726,0.22076124567474045,40.0,0.30272727272727273,0.19887579702568514,20.12461179749811,18.5930094390338,0.07641935196906537,0.0,0.07641935196906545,0.06433567279942493,4.636809247747851,0.08040188312419899,0.013775117156616066,5,5,5,91.000 +/- 20.125,63.800 +/- 18.593,0.311 +/- 0.076,0.000 +/- 0.000,0.689 +/- 0.076,0.221 +/- 0.064,40.000 +/- 4.637,0.303 +/- 0.080,0.199 +/- 0.014
hiv,scaffold_ood,0.7,100,by,3.6,2.4,0.06666666666666667,0.0,0.13333333333333333,0.008304498269896179,2.8,0.04444444444444444,0.060481371408097485,8.049844718999243,5.366563145999495,0.14907119849998596,0.0,0.2981423969999719,0.01856942265051725,6.260990336999411,0.09938079899999064,0.13524045784091815,5,5,5,3.600 +/- 8.050,2.400 +/- 5.367,0.067 +/- 0.149,0.000 +/- 0.000,0.133 +/- 0.298,0.008 +/- 0.019,2.800 +/- 6.261,0.044 +/- 0.099,0.060 +/- 0.135
hiv,scaffold_ood,0.7,100,chemdeprc_cap1,79.8,38.6,0.5021490218642117,0.0,0.4978509781357882,0.13356401384083041,79.8,0.015054372842347499,0.14552863430325896,28.146047679914137,12.095453691366853,0.07639518562224132,0.0,0.07639518562224129,0.041852780938985645,28.146047679914137,0.009120783344611255,0.015620954715014915,5,5,5,79.800 +/- 28.146,38.600 +/- 12.095,0.502 +/- 0.076,0.000 +/- 0.000,0.498 +/- 0.076,0.134 +/- 0.042,79.800 +/- 28.146,0.015 +/- 0.009,0.146 +/- 0.016
hiv,scaffold_ood,0.7,100,chemdeprc_scorecap1,79.8,38.8,0.5001490218642118,0.0,0.49985097813578827,0.13425605536332177,79.8,0.015054372842347499,0.1463898350522602,28.146047679914137,12.194260945215172,0.07427630507488758,0.0,0.07427630507488751,0.04219467455091756,28.146047679914137,0.009120783344611255,0.01513577723104273,5,5,5,79.800 +/- 28.146,38.800 +/- 12.194,0.500 +/- 0.074,0.000 +/- 0.000,0.500 +/- 0.074,0.134 +/- 0.042,79.800 +/- 28.146,0.015 +/- 0.009,0.146 +/- 0.015
hiv,scaffold_ood,0.7,100,chemdeprc_scoresoft50,91.0,52.8,0.4212727272727273,0.0,0.5787272727272728,0.18269896193771623,46.4,0.08872727272727272,0.1738098595560554,20.12461179749811,12.93058390019569,0.044044492906286245,0.0,0.044044492906286245,0.044742504844967786,8.049844718999243,0.04586451481274236,0.008308968920688001,5,5,5,91.000 +/- 20.125,52.800 +/- 12.931,0.421 +/- 0.044,0.000 +/- 0.000,0.579 +/- 0.044,0.183 +/- 0.045,46.400 +/- 8.050,0.089 +/- 0.046,0.174 +/- 0.008
hiv,scaffold_ood,0.7,100,chemdeprc_soft50,79.2,47.6,0.3999559637776713,0.0,0.6000440362223287,0.16470588235294112,46.4,0.10055010883720819,0.18441540091749992,14.584238067173752,10.064790112068906,0.061080319014972066,0.0,0.061080319014972045,0.03482626336356023,8.049844718999243,0.03636644270742967,0.007259437754913692,5,5,5,79.200 +/- 14.584,47.600 +/- 10.065,0.400 +/- 0.061,0.000 +/- 0.000,0.600 +/- 0.061,0.165 +/- 0.035,46.400 +/- 8.050,0.101 +/- 0.036,0.184 +/- 0.007
hiv,scaffold_ood,0.7,100,chemdeprc_soft75,91.0,49.6,0.4532727272727272,0.0,0.5467272727272727,0.17162629757785464,66.4,0.05272727272727272,0.16048917796022955,20.12461179749811,12.401612798341997,0.06825026867019439,0.0,0.06825026867019439,0.04291215501156402,19.23018460649819,0.062201352593515266,0.015854758603227354,5,5,5,91.000 +/- 20.125,49.600 +/- 12.402,0.453 +/- 0.068,0.000 +/- 0.000,0.547 +/- 0.068,0.172 +/- 0.043,66.400 +/- 19.230,0.053 +/- 0.062,0.160 +/- 0.016
hiv,scaffold_ood,0.7,100,random_b,100.0,3.4,0.966,1.0,0.034,0.011764705882352861,93.2,0.041999999999999996,0.092811217695379,0.0,2.1908902300206643,0.0219089023002066,0.0,0.021908902300206645,0.007580935051974645,2.9495762407505266,0.014832396974191324,0.002940843943830329,5,5,5,100.000 +/- 0.000,3.400 +/- 2.191,0.966 +/- 0.022,1.000 +/- 0.000,0.034 +/- 0.022,0.012 +/- 0.008,93.200 +/- 2.950,0.042 +/- 0.015,0.093 +/- 0.003
hiv,scaffold_ood,0.7,100,raw_top_b,100.0,70.0,0.3,0.0,0.7,0.2422145328719723,41.6,0.354,0.20426446950336102,0.0,4.636809247747851,0.04636809247747851,0.0,0.04636809247747853,0.01604432265656696,3.1304951684997055,0.04722287581247037,0.01194928435795295,5,5,5,100.000 +/- 0.000,70.000 +/- 4.637,0.300 +/- 0.046,0.000 +/- 0.000,0.700 +/- 0.046,0.242 +/- 0.016,41.600 +/- 3.130,0.354 +/- 0.047,0.204 +/- 0.012
hiv,scaffold_ood,0.7,100,score_cap1,100.0,43.4,0.5660000000000001,0.0,0.434,0.15017301038062283,100.0,0.01,0.13510895563514405,0.0,5.770615218501404,0.05770615218501403,0.0,0.057706152185014035,0.01996752670761731,0.0,0.0,0.006894029620827762,5,5,5,100.000 +/- 0.000,43.400 +/- 5.771,0.566 +/- 0.058,0.000 +/- 0.000,0.434 +/- 0.058,0.150 +/- 0.020,100.000 +/- 0.000,0.010 +/- 0.000,0.135 +/- 0.007
hiv,scaffold_ood,0.7,100,score_dpp,100.0,48.2,0.518,0.0,0.48200000000000004,0.1667820069204152,71.4,0.134,0.13841194924584782,0.0,6.1806148561449765,0.06180614856144976,0.0,0.0618061485614498,0.02138621057489608,3.507135583350037,0.02966479394838265,0.005242895423506539,5,5,5,100.000 +/- 0.000,48.200 +/- 6.181,0.518 +/- 0.062,0.000 +/- 0.000,0.482 +/- 0.062,0.167 +/- 0.021,71.400 +/- 3.507,0.134 +/- 0.030,0.138 +/- 0.005
hiv,scaffold_ood,0.7,100,score_leader70,100.0,51.8,0.48200000000000004,0.0,0.518,0.17923875432525946,60.6,0.22599999999999998,0.16116963623998626,0.0,6.300793600809346,0.06300793600809344,0.0,0.06300793600809346,0.021802053982039268,2.701851217221259,0.034351128074635334,0.005837154942792786,5,5,5,100.000 +/- 0.000,51.800 +/- 6.301,0.482 +/- 0.063,0.000 +/- 0.000,0.518 +/- 0.063,0.179 +/- 0.022,60.600 +/- 2.702,0.226 +/- 0.034,0.161 +/- 0.006
hiv,scaffold_ood,0.7,100,score_maxmin,100.0,6.4,0.9359999999999999,1.0,0.064,0.02214532871972312,96.4,0.024,0.051190491599928556,0.0,2.073644135332772,0.0207364413533277,0.0,0.020736441353327723,0.007175239222604736,0.8944271909999167,0.00547722557505166,0.002285013440544568,5,5,5,100.000 +/- 0.000,6.400 +/- 2.074,0.936 +/- 0.021,1.000 +/- 0.000,0.064 +/- 0.021,0.022 +/- 0.007,96.400 +/- 0.894,0.024 +/- 0.005,0.051 +/- 0.002
hiv,scaffold_ood,0.7,100,score_mmr25,100.0,60.0,0.4,0.0,0.6,0.20761245674740483,57.4,0.22600000000000003,0.16758480355211539,0.0,4.301162633521313,0.043011626335213105,0.0,0.04301162633521314,0.01488291568692497,5.128352561983235,0.05412947441089743,0.00701034960476117,5,5,5,100.000 +/- 0.000,60.000 +/- 4.301,0.400 +/- 0.043,0.000 +/- 0.000,0.600 +/- 0.043,0.208 +/- 0.015,57.400 +/- 5.128,0.226 +/- 0.054,0.168 +/- 0.007
hiv,scaffold_ood,0.7,100,weighted_bh,91.8,50.4,0.45152542372881355,0.0,0.5484745762711865,0.17439446366782002,70.8,0.046169491525423725,0.1572566129102973,18.335757415498275,11.216059914247962,0.04485124956745504,0.0,0.044851249567455016,0.03880989589705175,13.179529581893279,0.009046466279171637,0.006337821680284356,5,5,5,91.800 +/- 18.336,50.400 +/- 11.216,0.452 +/- 0.045,0.000 +/- 0.000,0.548 +/- 0.045,0.174 +/- 0.039,70.800 +/- 13.180,0.046 +/- 0.009,0.157 +/- 0.006
