target,scorer_seed,rep,fraction,boost,method,hits,selected,scaffolds
CHEMBL1824,35804,0,0.2,4.0,score_cap1,48,50,50
CHEMBL1824,35804,0,0.2,4.0,chemdep_cal,49,50,50
CHEMBL1824,35804,0,0.2,4.0,multi_fp_rf,49,50,50
CHEMBL1824,35804,0,0.2,4.0,augmented_13view_rf,49,50,50
CHEMBL1824,35804,0,0.2,6.0,score_cap1,46,50,50
CHEMBL1824,35804,0,0.2,6.0,chemdep_cal,49,50,50
CHEMBL1824,35804,0,0.2,6.0,multi_fp_rf,49,50,50
CHEMBL1824,35804,0,0.2,6.0,augmented_13view_rf,49,50,50
CHEMBL1824,35804,0,0.3,4.0,score_cap1,49,50,50
CHEMBL1824,35804,0,0.3,4.0,chemdep_cal,49,50,50
CHEMBL1824,35804,0,0.3,4.0,multi_fp_rf,49,50,50
CHEMBL1824,35804,0,0.3,4.0,augmented_13view_rf,49,50,50
CHEMBL1824,35804,0,0.3,6.0,score_cap1,46,50,50
CHEMBL1824,35804,0,0.3,6.0,chemdep_cal,49,50,50
CHEMBL1824,35804,0,0.3,6.0,multi_fp_rf,49,50,50
CHEMBL1824,35804,0,0.3,6.0,augmented_13view_rf,49,50,50
CHEMBL1824,35804,1,0.2,4.0,score_cap1,49,50,50
CHEMBL1824,35804,1,0.2,4.0,chemdep_cal,49,50,50
CHEMBL1824,35804,1,0.2,4.0,multi_fp_rf,49,50,50
CHEMBL1824,35804,1,0.2,4.0,augmented_13view_rf,49,50,50
CHEMBL1824,35804,1,0.2,6.0,score_cap1,46,50,50
CHEMBL1824,35804,1,0.2,6.0,chemdep_cal,49,50,50
CHEMBL1824,35804,1,0.2,6.0,multi_fp_rf,49,50,50
CHEMBL1824,35804,1,0.2,6.0,augmented_13view_rf,49,50,50
CHEMBL1824,35804,1,0.3,4.0,score_cap1,48,50,50
CHEMBL1824,35804,1,0.3,4.0,chemdep_cal,49,50,50
CHEMBL1824,35804,1,0.3,4.0,multi_fp_rf,49,50,50
CHEMBL1824,35804,1,0.3,4.0,augmented_13view_rf,49,50,50
CHEMBL1824,35804,1,0.3,6.0,score_cap1,45,50,50
CHEMBL1824,35804,1,0.3,6.0,chemdep_cal,49,50,50
CHEMBL1824,35804,1,0.3,6.0,multi_fp_rf,49,50,50
CHEMBL1824,35804,1,0.3,6.0,augmented_13view_rf,49,50,50
CHEMBL1824,35804,2,0.2,4.0,score_cap1,50,50,50
CHEMBL1824,35804,2,0.2,4.0,chemdep_cal,49,50,50
CHEMBL1824,35804,2,0.2,4.0,multi_fp_rf,49,50,50
CHEMBL1824,35804,2,0.2,4.0,augmented_13view_rf,49,50,50
CHEMBL1824,35804,2,0.2,6.0,score_cap1,46,50,50
CHEMBL1824,35804,2,0.2,6.0,chemdep_cal,49,50,50
CHEMBL1824,35804,2,0.2,6.0,multi_fp_rf,49,50,50
CHEMBL1824,35804,2,0.2,6.0,augmented_13view_rf,49,50,50
CHEMBL1824,35804,2,0.3,4.0,score_cap1,47,50,50
CHEMBL1824,35804,2,0.3,4.0,chemdep_cal,49,50,50
CHEMBL1824,35804,2,0.3,4.0,multi_fp_rf,49,50,50
CHEMBL1824,35804,2,0.3,4.0,augmented_13view_rf,49,50,50
CHEMBL1824,35804,2,0.3,6.0,score_cap1,44,50,50
CHEMBL1824,35804,2,0.3,6.0,chemdep_cal,49,50,50
CHEMBL1824,35804,2,0.3,6.0,multi_fp_rf,49,50,50
CHEMBL1824,35804,2,0.3,6.0,augmented_13view_rf,49,50,50
CHEMBL1824,35804,3,0.2,4.0,score_cap1,48,50,50
CHEMBL1824,35804,3,0.2,4.0,chemdep_cal,49,50,50
CHEMBL1824,35804,3,0.2,4.0,multi_fp_rf,49,50,50
CHEMBL1824,35804,3,0.2,4.0,augmented_13view_rf,49,50,50
CHEMBL1824,35804,3,0.2,6.0,score_cap1,47,50,50
CHEMBL1824,35804,3,0.2,6.0,chemdep_cal,49,50,50
CHEMBL1824,35804,3,0.2,6.0,multi_fp_rf,49,50,50
CHEMBL1824,35804,3,0.2,6.0,augmented_13view_rf,49,50,50
CHEMBL1824,35804,3,0.3,4.0,score_cap1,48,50,50
CHEMBL1824,35804,3,0.3,4.0,chemdep_cal,49,50,50
CHEMBL1824,35804,3,0.3,4.0,multi_fp_rf,49,50,50
CHEMBL1824,35804,3,0.3,4.0,augmented_13view_rf,49,50,50
CHEMBL1824,35804,3,0.3,6.0,score_cap1,46,50,50
CHEMBL1824,35804,3,0.3,6.0,chemdep_cal,49,50,50
CHEMBL1824,35804,3,0.3,6.0,multi_fp_rf,49,50,50
CHEMBL1824,35804,3,0.3,6.0,augmented_13view_rf,49,50,50
CHEMBL1824,35804,4,0.2,4.0,score_cap1,48,50,50
CHEMBL1824,35804,4,0.2,4.0,chemdep_cal,49,50,50
CHEMBL1824,35804,4,0.2,4.0,multi_fp_rf,49,50,50
CHEMBL1824,35804,4,0.2,4.0,augmented_13view_rf,49,50,50
CHEMBL1824,35804,4,0.2,6.0,score_cap1,47,50,50
CHEMBL1824,35804,4,0.2,6.0,chemdep_cal,49,50,50
CHEMBL1824,35804,4,0.2,6.0,multi_fp_rf,49,50,50
CHEMBL1824,35804,4,0.2,6.0,augmented_13view_rf,49,50,50
CHEMBL1824,35804,4,0.3,4.0,score_cap1,47,50,50
CHEMBL1824,35804,4,0.3,4.0,chemdep_cal,49,50,50
CHEMBL1824,35804,4,0.3,4.0,multi_fp_rf,49,50,50
CHEMBL1824,35804,4,0.3,4.0,augmented_13view_rf,49,50,50
CHEMBL1824,35804,4,0.3,6.0,score_cap1,44,50,50
CHEMBL1824,35804,4,0.3,6.0,chemdep_cal,49,50,50
CHEMBL1824,35804,4,0.3,6.0,multi_fp_rf,49,50,50
CHEMBL1824,35804,4,0.3,6.0,augmented_13view_rf,49,50,50
CHEMBL1824,35804,5,0.2,4.0,score_cap1,48,50,50
CHEMBL1824,35804,5,0.2,4.0,chemdep_cal,49,50,50
CHEMBL1824,35804,5,0.2,4.0,multi_fp_rf,49,50,50
CHEMBL1824,35804,5,0.2,4.0,augmented_13view_rf,49,50,50
CHEMBL1824,35804,5,0.2,6.0,score_cap1,47,50,50
CHEMBL1824,35804,5,0.2,6.0,chemdep_cal,49,50,50
CHEMBL1824,35804,5,0.2,6.0,multi_fp_rf,49,50,50
CHEMBL1824,35804,5,0.2,6.0,augmented_13view_rf,49,50,50
CHEMBL1824,35804,5,0.3,4.0,score_cap1,49,50,50
CHEMBL1824,35804,5,0.3,4.0,chemdep_cal,49,50,50
CHEMBL1824,35804,5,0.3,4.0,multi_fp_rf,49,50,50
CHEMBL1824,35804,5,0.3,4.0,augmented_13view_rf,49,50,50
CHEMBL1824,35804,5,0.3,6.0,score_cap1,46,50,50
CHEMBL1824,35804,5,0.3,6.0,chemdep_cal,49,50,50
CHEMBL1824,35804,5,0.3,6.0,multi_fp_rf,49,50,50
CHEMBL1824,35804,5,0.3,6.0,augmented_13view_rf,49,50,50
CHEMBL1824,35804,6,0.2,4.0,score_cap1,49,50,50
CHEMBL1824,35804,6,0.2,4.0,chemdep_cal,49,50,50
CHEMBL1824,35804,6,0.2,4.0,multi_fp_rf,49,50,50
CHEMBL1824,35804,6,0.2,4.0,augmented_13view_rf,49,50,50
CHEMBL1824,35804,6,0.2,6.0,score_cap1,47,50,50
CHEMBL1824,35804,6,0.2,6.0,chemdep_cal,49,50,50
CHEMBL1824,35804,6,0.2,6.0,multi_fp_rf,49,50,50
CHEMBL1824,35804,6,0.2,6.0,augmented_13view_rf,49,50,50
CHEMBL1824,35804,6,0.3,4.0,score_cap1,49,50,50
CHEMBL1824,35804,6,0.3,4.0,chemdep_cal,49,50,50
CHEMBL1824,35804,6,0.3,4.0,multi_fp_rf,49,50,50
CHEMBL1824,35804,6,0.3,4.0,augmented_13view_rf,49,50,50
CHEMBL1824,35804,6,0.3,6.0,score_cap1,46,50,50
CHEMBL1824,35804,6,0.3,6.0,chemdep_cal,49,50,50
CHEMBL1824,35804,6,0.3,6.0,multi_fp_rf,49,50,50
CHEMBL1824,35804,6,0.3,6.0,augmented_13view_rf,49,50,50
CHEMBL1824,35804,7,0.2,4.0,score_cap1,49,50,50
CHEMBL1824,35804,7,0.2,4.0,chemdep_cal,49,50,50
CHEMBL1824,35804,7,0.2,4.0,multi_fp_rf,49,50,50
CHEMBL1824,35804,7,0.2,4.0,augmented_13view_rf,49,50,50
CHEMBL1824,35804,7,0.2,6.0,score_cap1,48,50,50
CHEMBL1824,35804,7,0.2,6.0,chemdep_cal,49,50,50
CHEMBL1824,35804,7,0.2,6.0,multi_fp_rf,49,50,50
CHEMBL1824,35804,7,0.2,6.0,augmented_13view_rf,49,50,50
CHEMBL1824,35804,7,0.3,4.0,score_cap1,49,50,50
CHEMBL1824,35804,7,0.3,4.0,chemdep_cal,49,50,50
CHEMBL1824,35804,7,0.3,4.0,multi_fp_rf,49,50,50
CHEMBL1824,35804,7,0.3,4.0,augmented_13view_rf,49,50,50
CHEMBL1824,35804,7,0.3,6.0,score_cap1,46,50,50
CHEMBL1824,35804,7,0.3,6.0,chemdep_cal,49,50,50
CHEMBL1824,35804,7,0.3,6.0,multi_fp_rf,49,50,50
CHEMBL1824,35804,7,0.3,6.0,augmented_13view_rf,49,50,50
CHEMBL1824,35804,8,0.2,4.0,score_cap1,49,50,50
CHEMBL1824,35804,8,0.2,4.0,chemdep_cal,49,50,50
CHEMBL1824,35804,8,0.2,4.0,multi_fp_rf,49,50,50
CHEMBL1824,35804,8,0.2,4.0,augmented_13view_rf,49,50,50
CHEMBL1824,35804,8,0.2,6.0,score_cap1,47,50,50
CHEMBL1824,35804,8,0.2,6.0,chemdep_cal,48,50,50
CHEMBL1824,35804,8,0.2,6.0,multi_fp_rf,49,50,50
CHEMBL1824,35804,8,0.2,6.0,augmented_13view_rf,49,50,50
CHEMBL1824,35804,8,0.3,4.0,score_cap1,48,50,50
CHEMBL1824,35804,8,0.3,4.0,chemdep_cal,49,50,50
CHEMBL1824,35804,8,0.3,4.0,multi_fp_rf,49,50,50
CHEMBL1824,35804,8,0.3,4.0,augmented_13view_rf,49,50,50
CHEMBL1824,35804,8,0.3,6.0,score_cap1,45,50,50
CHEMBL1824,35804,8,0.3,6.0,chemdep_cal,49,50,50
CHEMBL1824,35804,8,0.3,6.0,multi_fp_rf,49,50,50
CHEMBL1824,35804,8,0.3,6.0,augmented_13view_rf,49,50,50
CHEMBL1824,35804,9,0.2,4.0,score_cap1,48,50,50
CHEMBL1824,35804,9,0.2,4.0,chemdep_cal,49,50,50
CHEMBL1824,35804,9,0.2,4.0,multi_fp_rf,49,50,50
CHEMBL1824,35804,9,0.2,4.0,augmented_13view_rf,49,50,50
CHEMBL1824,35804,9,0.2,6.0,score_cap1,46,50,50
CHEMBL1824,35804,9,0.2,6.0,chemdep_cal,49,50,50
CHEMBL1824,35804,9,0.2,6.0,multi_fp_rf,49,50,50
CHEMBL1824,35804,9,0.2,6.0,augmented_13view_rf,49,50,50
CHEMBL1824,35804,9,0.3,4.0,score_cap1,47,50,50
CHEMBL1824,35804,9,0.3,4.0,chemdep_cal,49,50,50
CHEMBL1824,35804,9,0.3,4.0,multi_fp_rf,49,50,50
CHEMBL1824,35804,9,0.3,4.0,augmented_13view_rf,49,50,50
CHEMBL1824,35804,9,0.3,6.0,score_cap1,45,50,50
CHEMBL1824,35804,9,0.3,6.0,chemdep_cal,49,50,50
CHEMBL1824,35804,9,0.3,6.0,multi_fp_rf,49,50,50
CHEMBL1824,35804,9,0.3,6.0,augmented_13view_rf,49,50,50
CHEMBL1825,35804,0,0.2,4.0,score_cap1,48,50,50
CHEMBL1825,35804,0,0.2,4.0,chemdep_cal,47,50,50
CHEMBL1825,35804,0,0.2,4.0,multi_fp_rf,48,50,50
CHEMBL1825,35804,0,0.2,4.0,augmented_13view_rf,48,50,50
CHEMBL1825,35804,0,0.2,6.0,score_cap1,48,50,50
CHEMBL1825,35804,0,0.2,6.0,chemdep_cal,47,50,50
CHEMBL1825,35804,0,0.2,6.0,multi_fp_rf,48,50,50
CHEMBL1825,35804,0,0.2,6.0,augmented_13view_rf,48,50,50
CHEMBL1825,35804,0,0.3,4.0,score_cap1,47,50,50
CHEMBL1825,35804,0,0.3,4.0,chemdep_cal,47,50,50
CHEMBL1825,35804,0,0.3,4.0,multi_fp_rf,48,50,50
CHEMBL1825,35804,0,0.3,4.0,augmented_13view_rf,48,50,50
CHEMBL1825,35804,0,0.3,6.0,score_cap1,46,50,50
CHEMBL1825,35804,0,0.3,6.0,chemdep_cal,47,50,50
CHEMBL1825,35804,0,0.3,6.0,multi_fp_rf,48,50,50
CHEMBL1825,35804,0,0.3,6.0,augmented_13view_rf,48,50,50
CHEMBL1825,35804,1,0.2,4.0,score_cap1,48,50,50
CHEMBL1825,35804,1,0.2,4.0,chemdep_cal,47,50,50
CHEMBL1825,35804,1,0.2,4.0,multi_fp_rf,48,50,50
CHEMBL1825,35804,1,0.2,4.0,augmented_13view_rf,48,50,50
CHEMBL1825,35804,1,0.2,6.0,score_cap1,48,50,50
CHEMBL1825,35804,1,0.2,6.0,chemdep_cal,47,50,50
CHEMBL1825,35804,1,0.2,6.0,multi_fp_rf,48,50,50
CHEMBL1825,35804,1,0.2,6.0,augmented_13view_rf,48,50,50
CHEMBL1825,35804,1,0.3,4.0,score_cap1,47,50,50
CHEMBL1825,35804,1,0.3,4.0,chemdep_cal,47,50,50
CHEMBL1825,35804,1,0.3,4.0,multi_fp_rf,48,50,50
CHEMBL1825,35804,1,0.3,4.0,augmented_13view_rf,48,50,50
CHEMBL1825,35804,1,0.3,6.0,score_cap1,46,50,50
CHEMBL1825,35804,1,0.3,6.0,chemdep_cal,47,50,50
CHEMBL1825,35804,1,0.3,6.0,multi_fp_rf,48,50,50
CHEMBL1825,35804,1,0.3,6.0,augmented_13view_rf,48,50,50
CHEMBL1825,35804,2,0.2,4.0,score_cap1,48,50,50
CHEMBL1825,35804,2,0.2,4.0,chemdep_cal,47,50,50
CHEMBL1825,35804,2,0.2,4.0,multi_fp_rf,48,50,50
CHEMBL1825,35804,2,0.2,4.0,augmented_13view_rf,48,50,50
CHEMBL1825,35804,2,0.2,6.0,score_cap1,48,50,50
CHEMBL1825,35804,2,0.2,6.0,chemdep_cal,47,50,50
CHEMBL1825,35804,2,0.2,6.0,multi_fp_rf,48,50,50
CHEMBL1825,35804,2,0.2,6.0,augmented_13view_rf,48,50,50
CHEMBL1825,35804,2,0.3,4.0,score_cap1,47,50,50
CHEMBL1825,35804,2,0.3,4.0,chemdep_cal,47,50,50
CHEMBL1825,35804,2,0.3,4.0,multi_fp_rf,48,50,50
CHEMBL1825,35804,2,0.3,4.0,augmented_13view_rf,48,50,50
CHEMBL1825,35804,2,0.3,6.0,score_cap1,46,50,50
CHEMBL1825,35804,2,0.3,6.0,chemdep_cal,47,50,50
CHEMBL1825,35804,2,0.3,6.0,multi_fp_rf,48,50,50
CHEMBL1825,35804,2,0.3,6.0,augmented_13view_rf,48,50,50
CHEMBL1825,35804,3,0.2,4.0,score_cap1,48,50,50
CHEMBL1825,35804,3,0.2,4.0,chemdep_cal,47,50,50
CHEMBL1825,35804,3,0.2,4.0,multi_fp_rf,48,50,50
CHEMBL1825,35804,3,0.2,4.0,augmented_13view_rf,48,50,50
CHEMBL1825,35804,3,0.2,6.0,score_cap1,47,50,50
CHEMBL1825,35804,3,0.2,6.0,chemdep_cal,47,50,50
CHEMBL1825,35804,3,0.2,6.0,multi_fp_rf,48,50,50
CHEMBL1825,35804,3,0.2,6.0,augmented_13view_rf,48,50,50
CHEMBL1825,35804,3,0.3,4.0,score_cap1,47,50,50
CHEMBL1825,35804,3,0.3,4.0,chemdep_cal,47,50,50
CHEMBL1825,35804,3,0.3,4.0,multi_fp_rf,48,50,50
CHEMBL1825,35804,3,0.3,4.0,augmented_13view_rf,48,50,50
CHEMBL1825,35804,3,0.3,6.0,score_cap1,46,50,50
CHEMBL1825,35804,3,0.3,6.0,chemdep_cal,47,50,50
CHEMBL1825,35804,3,0.3,6.0,multi_fp_rf,48,50,50
CHEMBL1825,35804,3,0.3,6.0,augmented_13view_rf,48,50,50
CHEMBL1825,35804,4,0.2,4.0,score_cap1,48,50,50
CHEMBL1825,35804,4,0.2,4.0,chemdep_cal,47,50,50
CHEMBL1825,35804,4,0.2,4.0,multi_fp_rf,48,50,50
CHEMBL1825,35804,4,0.2,4.0,augmented_13view_rf,48,50,50
CHEMBL1825,35804,4,0.2,6.0,score_cap1,48,50,50
CHEMBL1825,35804,4,0.2,6.0,chemdep_cal,47,50,50
CHEMBL1825,35804,4,0.2,6.0,multi_fp_rf,48,50,50
CHEMBL1825,35804,4,0.2,6.0,augmented_13view_rf,48,50,50
CHEMBL1825,35804,4,0.3,4.0,score_cap1,48,50,50
CHEMBL1825,35804,4,0.3,4.0,chemdep_cal,47,50,50
CHEMBL1825,35804,4,0.3,4.0,multi_fp_rf,48,50,50
CHEMBL1825,35804,4,0.3,4.0,augmented_13view_rf,48,50,50
CHEMBL1825,35804,4,0.3,6.0,score_cap1,48,50,50
CHEMBL1825,35804,4,0.3,6.0,chemdep_cal,47,50,50
CHEMBL1825,35804,4,0.3,6.0,multi_fp_rf,48,50,50
CHEMBL1825,35804,4,0.3,6.0,augmented_13view_rf,48,50,50
CHEMBL1825,35804,5,0.2,4.0,score_cap1,48,50,50
CHEMBL1825,35804,5,0.2,4.0,chemdep_cal,47,50,50
CHEMBL1825,35804,5,0.2,4.0,multi_fp_rf,48,50,50
CHEMBL1825,35804,5,0.2,4.0,augmented_13view_rf,48,50,50
CHEMBL1825,35804,5,0.2,6.0,score_cap1,48,50,50
CHEMBL1825,35804,5,0.2,6.0,chemdep_cal,47,50,50
CHEMBL1825,35804,5,0.2,6.0,multi_fp_rf,48,50,50
CHEMBL1825,35804,5,0.2,6.0,augmented_13view_rf,48,50,50
CHEMBL1825,35804,5,0.3,4.0,score_cap1,48,50,50
CHEMBL1825,35804,5,0.3,4.0,chemdep_cal,47,50,50
CHEMBL1825,35804,5,0.3,4.0,multi_fp_rf,48,50,50
CHEMBL1825,35804,5,0.3,4.0,augmented_13view_rf,48,50,50
CHEMBL1825,35804,5,0.3,6.0,score_cap1,47,50,50
CHEMBL1825,35804,5,0.3,6.0,chemdep_cal,47,50,50
CHEMBL1825,35804,5,0.3,6.0,multi_fp_rf,48,50,50
CHEMBL1825,35804,5,0.3,6.0,augmented_13view_rf,48,50,50
CHEMBL1825,35804,6,0.2,4.0,score_cap1,47,50,50
CHEMBL1825,35804,6,0.2,4.0,chemdep_cal,47,50,50
CHEMBL1825,35804,6,0.2,4.0,multi_fp_rf,48,50,50
CHEMBL1825,35804,6,0.2,4.0,augmented_13view_rf,48,50,50
CHEMBL1825,35804,6,0.2,6.0,score_cap1,47,50,50
CHEMBL1825,35804,6,0.2,6.0,chemdep_cal,47,50,50
CHEMBL1825,35804,6,0.2,6.0,multi_fp_rf,48,50,50
CHEMBL1825,35804,6,0.2,6.0,augmented_13view_rf,48,50,50
CHEMBL1825,35804,6,0.3,4.0,score_cap1,47,50,50
CHEMBL1825,35804,6,0.3,4.0,chemdep_cal,47,50,50
CHEMBL1825,35804,6,0.3,4.0,multi_fp_rf,48,50,50
CHEMBL1825,35804,6,0.3,4.0,augmented_13view_rf,48,50,50
CHEMBL1825,35804,6,0.3,6.0,score_cap1,46,50,50
CHEMBL1825,35804,6,0.3,6.0,chemdep_cal,47,50,50
CHEMBL1825,35804,6,0.3,6.0,multi_fp_rf,48,50,50
CHEMBL1825,35804,6,0.3,6.0,augmented_13view_rf,48,50,50
CHEMBL1825,35804,7,0.2,4.0,score_cap1,48,50,50
CHEMBL1825,35804,7,0.2,4.0,chemdep_cal,47,50,50
CHEMBL1825,35804,7,0.2,4.0,multi_fp_rf,48,50,50
CHEMBL1825,35804,7,0.2,4.0,augmented_13view_rf,48,50,50
CHEMBL1825,35804,7,0.2,6.0,score_cap1,47,50,50
CHEMBL1825,35804,7,0.2,6.0,chemdep_cal,47,50,50
CHEMBL1825,35804,7,0.2,6.0,multi_fp_rf,48,50,50
CHEMBL1825,35804,7,0.2,6.0,augmented_13view_rf,48,50,50
CHEMBL1825,35804,7,0.3,4.0,score_cap1,47,50,50
CHEMBL1825,35804,7,0.3,4.0,chemdep_cal,47,50,50
CHEMBL1825,35804,7,0.3,4.0,multi_fp_rf,48,50,50
CHEMBL1825,35804,7,0.3,4.0,augmented_13view_rf,48,50,50
CHEMBL1825,35804,7,0.3,6.0,score_cap1,46,50,50
CHEMBL1825,35804,7,0.3,6.0,chemdep_cal,47,50,50
CHEMBL1825,35804,7,0.3,6.0,multi_fp_rf,48,50,50
CHEMBL1825,35804,7,0.3,6.0,augmented_13view_rf,48,50,50
CHEMBL1825,35804,8,0.2,4.0,score_cap1,47,50,50
CHEMBL1825,35804,8,0.2,4.0,chemdep_cal,47,50,50
CHEMBL1825,35804,8,0.2,4.0,multi_fp_rf,48,50,50
CHEMBL1825,35804,8,0.2,4.0,augmented_13view_rf,48,50,50
CHEMBL1825,35804,8,0.2,6.0,score_cap1,46,50,50
CHEMBL1825,35804,8,0.2,6.0,chemdep_cal,47,50,50
CHEMBL1825,35804,8,0.2,6.0,multi_fp_rf,48,50,50
CHEMBL1825,35804,8,0.2,6.0,augmented_13view_rf,48,50,50
CHEMBL1825,35804,8,0.3,4.0,score_cap1,47,50,50
CHEMBL1825,35804,8,0.3,4.0,chemdep_cal,47,50,50
CHEMBL1825,35804,8,0.3,4.0,multi_fp_rf,48,50,50
CHEMBL1825,35804,8,0.3,4.0,augmented_13view_rf,48,50,50
CHEMBL1825,35804,8,0.3,6.0,score_cap1,46,50,50
CHEMBL1825,35804,8,0.3,6.0,chemdep_cal,47,50,50
CHEMBL1825,35804,8,0.3,6.0,multi_fp_rf,48,50,50
CHEMBL1825,35804,8,0.3,6.0,augmented_13view_rf,48,50,50
CHEMBL1825,35804,9,0.2,4.0,score_cap1,47,50,50
CHEMBL1825,35804,9,0.2,4.0,chemdep_cal,47,50,50
CHEMBL1825,35804,9,0.2,4.0,multi_fp_rf,48,50,50
CHEMBL1825,35804,9,0.2,4.0,augmented_13view_rf,48,50,50
CHEMBL1825,35804,9,0.2,6.0,score_cap1,46,50,50
CHEMBL1825,35804,9,0.2,6.0,chemdep_cal,47,50,50
CHEMBL1825,35804,9,0.2,6.0,multi_fp_rf,48,50,50
CHEMBL1825,35804,9,0.2,6.0,augmented_13view_rf,48,50,50
CHEMBL1825,35804,9,0.3,4.0,score_cap1,47,50,50
CHEMBL1825,35804,9,0.3,4.0,chemdep_cal,47,50,50
CHEMBL1825,35804,9,0.3,4.0,multi_fp_rf,48,50,50
CHEMBL1825,35804,9,0.3,4.0,augmented_13view_rf,48,50,50
CHEMBL1825,35804,9,0.3,6.0,score_cap1,47,50,50
CHEMBL1825,35804,9,0.3,6.0,chemdep_cal,47,50,50
CHEMBL1825,35804,9,0.3,6.0,multi_fp_rf,48,50,50
CHEMBL1825,35804,9,0.3,6.0,augmented_13view_rf,48,50,50
CHEMBL1827,35804,0,0.2,4.0,score_cap1,50,50,50
CHEMBL1827,35804,0,0.2,4.0,chemdep_cal,50,50,50
CHEMBL1827,35804,0,0.2,4.0,multi_fp_rf,49,50,50
CHEMBL1827,35804,0,0.2,4.0,augmented_13view_rf,49,50,50
CHEMBL1827,35804,0,0.2,6.0,score_cap1,48,50,50
CHEMBL1827,35804,0,0.2,6.0,chemdep_cal,50,50,50
CHEMBL1827,35804,0,0.2,6.0,multi_fp_rf,49,50,50
CHEMBL1827,35804,0,0.2,6.0,augmented_13view_rf,49,50,50
CHEMBL1827,35804,0,0.3,4.0,score_cap1,49,50,50
CHEMBL1827,35804,0,0.3,4.0,chemdep_cal,50,50,50
CHEMBL1827,35804,0,0.3,4.0,multi_fp_rf,50,50,50
CHEMBL1827,35804,0,0.3,4.0,augmented_13view_rf,50,50,50
CHEMBL1827,35804,0,0.3,6.0,score_cap1,47,50,50
CHEMBL1827,35804,0,0.3,6.0,chemdep_cal,50,50,50
CHEMBL1827,35804,0,0.3,6.0,multi_fp_rf,50,50,50
CHEMBL1827,35804,0,0.3,6.0,augmented_13view_rf,50,50,50
CHEMBL1827,35804,1,0.2,4.0,score_cap1,49,50,50
CHEMBL1827,35804,1,0.2,4.0,chemdep_cal,50,50,50
CHEMBL1827,35804,1,0.2,4.0,multi_fp_rf,49,50,50
CHEMBL1827,35804,1,0.2,4.0,augmented_13view_rf,49,50,50
CHEMBL1827,35804,1,0.2,6.0,score_cap1,47,50,50
CHEMBL1827,35804,1,0.2,6.0,chemdep_cal,50,50,50
CHEMBL1827,35804,1,0.2,6.0,multi_fp_rf,49,50,50
CHEMBL1827,35804,1,0.2,6.0,augmented_13view_rf,49,50,50
CHEMBL1827,35804,1,0.3,4.0,score_cap1,48,50,50
CHEMBL1827,35804,1,0.3,4.0,chemdep_cal,50,50,50
CHEMBL1827,35804,1,0.3,4.0,multi_fp_rf,50,50,50
CHEMBL1827,35804,1,0.3,4.0,augmented_13view_rf,50,50,50
CHEMBL1827,35804,1,0.3,6.0,score_cap1,46,50,50
CHEMBL1827,35804,1,0.3,6.0,chemdep_cal,50,50,50
CHEMBL1827,35804,1,0.3,6.0,multi_fp_rf,50,50,50
CHEMBL1827,35804,1,0.3,6.0,augmented_13view_rf,50,50,50
CHEMBL1827,35804,2,0.2,4.0,score_cap1,50,50,50
CHEMBL1827,35804,2,0.2,4.0,chemdep_cal,50,50,50
CHEMBL1827,35804,2,0.2,4.0,multi_fp_rf,49,50,50
CHEMBL1827,35804,2,0.2,4.0,augmented_13view_rf,49,50,50
CHEMBL1827,35804,2,0.2,6.0,score_cap1,48,50,50
CHEMBL1827,35804,2,0.2,6.0,chemdep_cal,50,50,50
CHEMBL1827,35804,2,0.2,6.0,multi_fp_rf,49,50,50
CHEMBL1827,35804,2,0.2,6.0,augmented_13view_rf,49,50,50
CHEMBL1827,35804,2,0.3,4.0,score_cap1,48,50,50
CHEMBL1827,35804,2,0.3,4.0,chemdep_cal,50,50,50
CHEMBL1827,35804,2,0.3,4.0,multi_fp_rf,50,50,50
CHEMBL1827,35804,2,0.3,4.0,augmented_13view_rf,50,50,50
CHEMBL1827,35804,2,0.3,6.0,score_cap1,46,50,50
CHEMBL1827,35804,2,0.3,6.0,chemdep_cal,50,50,50
CHEMBL1827,35804,2,0.3,6.0,multi_fp_rf,50,50,50
CHEMBL1827,35804,2,0.3,6.0,augmented_13view_rf,50,50,50
CHEMBL1827,35804,3,0.2,4.0,score_cap1,50,50,50
CHEMBL1827,35804,3,0.2,4.0,chemdep_cal,50,50,50
CHEMBL1827,35804,3,0.2,4.0,multi_fp_rf,49,50,50
CHEMBL1827,35804,3,0.2,4.0,augmented_13view_rf,49,50,50
CHEMBL1827,35804,3,0.2,6.0,score_cap1,47,50,50
CHEMBL1827,35804,3,0.2,6.0,chemdep_cal,50,50,50
CHEMBL1827,35804,3,0.2,6.0,multi_fp_rf,49,50,50
CHEMBL1827,35804,3,0.2,6.0,augmented_13view_rf,49,50,50
CHEMBL1827,35804,3,0.3,4.0,score_cap1,49,50,50
CHEMBL1827,35804,3,0.3,4.0,chemdep_cal,50,50,50
CHEMBL1827,35804,3,0.3,4.0,multi_fp_rf,49,50,50
CHEMBL1827,35804,3,0.3,4.0,augmented_13view_rf,49,50,50
CHEMBL1827,35804,3,0.3,6.0,score_cap1,47,50,50
CHEMBL1827,35804,3,0.3,6.0,chemdep_cal,50,50,50
CHEMBL1827,35804,3,0.3,6.0,multi_fp_rf,49,50,50
CHEMBL1827,35804,3,0.3,6.0,augmented_13view_rf,49,50,50
CHEMBL1827,35804,4,0.2,4.0,score_cap1,50,50,50
CHEMBL1827,35804,4,0.2,4.0,chemdep_cal,50,50,50
CHEMBL1827,35804,4,0.2,4.0,multi_fp_rf,49,50,50
CHEMBL1827,35804,4,0.2,4.0,augmented_13view_rf,49,50,50
CHEMBL1827,35804,4,0.2,6.0,score_cap1,47,50,50
CHEMBL1827,35804,4,0.2,6.0,chemdep_cal,50,50,50
CHEMBL1827,35804,4,0.2,6.0,multi_fp_rf,49,50,50
CHEMBL1827,35804,4,0.2,6.0,augmented_13view_rf,49,50,50
CHEMBL1827,35804,4,0.3,4.0,score_cap1,48,50,50
CHEMBL1827,35804,4,0.3,4.0,chemdep_cal,50,50,50
CHEMBL1827,35804,4,0.3,4.0,multi_fp_rf,49,50,50
CHEMBL1827,35804,4,0.3,4.0,augmented_13view_rf,49,50,50
CHEMBL1827,35804,4,0.3,6.0,score_cap1,46,50,50
CHEMBL1827,35804,4,0.3,6.0,chemdep_cal,50,50,50
CHEMBL1827,35804,4,0.3,6.0,multi_fp_rf,49,50,50
CHEMBL1827,35804,4,0.3,6.0,augmented_13view_rf,49,50,50
CHEMBL1827,35804,5,0.2,4.0,score_cap1,49,50,50
CHEMBL1827,35804,5,0.2,4.0,chemdep_cal,50,50,50
CHEMBL1827,35804,5,0.2,4.0,multi_fp_rf,50,50,50
CHEMBL1827,35804,5,0.2,4.0,augmented_13view_rf,50,50,50
CHEMBL1827,35804,5,0.2,6.0,score_cap1,47,50,50
CHEMBL1827,35804,5,0.2,6.0,chemdep_cal,50,50,50
CHEMBL1827,35804,5,0.2,6.0,multi_fp_rf,50,50,50
CHEMBL1827,35804,5,0.2,6.0,augmented_13view_rf,50,50,50
CHEMBL1827,35804,5,0.3,4.0,score_cap1,47,50,50
CHEMBL1827,35804,5,0.3,4.0,chemdep_cal,50,50,50
CHEMBL1827,35804,5,0.3,4.0,multi_fp_rf,50,50,50
CHEMBL1827,35804,5,0.3,4.0,augmented_13view_rf,50,50,50
CHEMBL1827,35804,5,0.3,6.0,score_cap1,47,50,50
CHEMBL1827,35804,5,0.3,6.0,chemdep_cal,50,50,50
CHEMBL1827,35804,5,0.3,6.0,multi_fp_rf,50,50,50
CHEMBL1827,35804,5,0.3,6.0,augmented_13view_rf,50,50,50
CHEMBL1827,35804,6,0.2,4.0,score_cap1,49,50,50
CHEMBL1827,35804,6,0.2,4.0,chemdep_cal,50,50,50
CHEMBL1827,35804,6,0.2,4.0,multi_fp_rf,49,50,50
CHEMBL1827,35804,6,0.2,4.0,augmented_13view_rf,49,50,50
CHEMBL1827,35804,6,0.2,6.0,score_cap1,48,50,50
CHEMBL1827,35804,6,0.2,6.0,chemdep_cal,50,50,50
CHEMBL1827,35804,6,0.2,6.0,multi_fp_rf,49,50,50
CHEMBL1827,35804,6,0.2,6.0,augmented_13view_rf,49,50,50
CHEMBL1827,35804,6,0.3,4.0,score_cap1,49,50,50
CHEMBL1827,35804,6,0.3,4.0,chemdep_cal,50,50,50
CHEMBL1827,35804,6,0.3,4.0,multi_fp_rf,49,50,50
CHEMBL1827,35804,6,0.3,4.0,augmented_13view_rf,49,50,50
CHEMBL1827,35804,6,0.3,6.0,score_cap1,48,50,50
CHEMBL1827,35804,6,0.3,6.0,chemdep_cal,50,50,50
CHEMBL1827,35804,6,0.3,6.0,multi_fp_rf,49,50,50
CHEMBL1827,35804,6,0.3,6.0,augmented_13view_rf,49,50,50
CHEMBL1827,35804,7,0.2,4.0,score_cap1,49,50,50
CHEMBL1827,35804,7,0.2,4.0,chemdep_cal,50,50,50
CHEMBL1827,35804,7,0.2,4.0,multi_fp_rf,49,50,50
CHEMBL1827,35804,7,0.2,4.0,augmented_13view_rf,49,50,50
CHEMBL1827,35804,7,0.2,6.0,score_cap1,47,50,50
CHEMBL1827,35804,7,0.2,6.0,chemdep_cal,50,50,50
CHEMBL1827,35804,7,0.2,6.0,multi_fp_rf,49,50,50
CHEMBL1827,35804,7,0.2,6.0,augmented_13view_rf,49,50,50
CHEMBL1827,35804,7,0.3,4.0,score_cap1,49,50,50
CHEMBL1827,35804,7,0.3,4.0,chemdep_cal,50,50,50
CHEMBL1827,35804,7,0.3,4.0,multi_fp_rf,49,50,50
CHEMBL1827,35804,7,0.3,4.0,augmented_13view_rf,49,50,50
CHEMBL1827,35804,7,0.3,6.0,score_cap1,46,50,50
CHEMBL1827,35804,7,0.3,6.0,chemdep_cal,50,50,50
CHEMBL1827,35804,7,0.3,6.0,multi_fp_rf,49,50,50
CHEMBL1827,35804,7,0.3,6.0,augmented_13view_rf,49,50,50
CHEMBL1827,35804,8,0.2,4.0,score_cap1,48,50,50
CHEMBL1827,35804,8,0.2,4.0,chemdep_cal,50,50,50
CHEMBL1827,35804,8,0.2,4.0,multi_fp_rf,50,50,50
CHEMBL1827,35804,8,0.2,4.0,augmented_13view_rf,50,50,50
CHEMBL1827,35804,8,0.2,6.0,score_cap1,47,50,50
CHEMBL1827,35804,8,0.2,6.0,chemdep_cal,50,50,50
CHEMBL1827,35804,8,0.2,6.0,multi_fp_rf,50,50,50
CHEMBL1827,35804,8,0.2,6.0,augmented_13view_rf,50,50,50
CHEMBL1827,35804,8,0.3,4.0,score_cap1,49,50,50
CHEMBL1827,35804,8,0.3,4.0,chemdep_cal,50,50,50
CHEMBL1827,35804,8,0.3,4.0,multi_fp_rf,49,50,50
CHEMBL1827,35804,8,0.3,4.0,augmented_13view_rf,49,50,50
CHEMBL1827,35804,8,0.3,6.0,score_cap1,45,50,50
CHEMBL1827,35804,8,0.3,6.0,chemdep_cal,50,50,50
CHEMBL1827,35804,8,0.3,6.0,multi_fp_rf,49,50,50
CHEMBL1827,35804,8,0.3,6.0,augmented_13view_rf,49,50,50
CHEMBL1827,35804,9,0.2,4.0,score_cap1,48,50,50
CHEMBL1827,35804,9,0.2,4.0,chemdep_cal,50,50,50
CHEMBL1827,35804,9,0.2,4.0,multi_fp_rf,50,50,50
CHEMBL1827,35804,9,0.2,4.0,augmented_13view_rf,50,50,50
CHEMBL1827,35804,9,0.2,6.0,score_cap1,48,50,50
CHEMBL1827,35804,9,0.2,6.0,chemdep_cal,50,50,50
CHEMBL1827,35804,9,0.2,6.0,multi_fp_rf,50,50,50
CHEMBL1827,35804,9,0.2,6.0,augmented_13view_rf,50,50,50
CHEMBL1827,35804,9,0.3,4.0,score_cap1,48,50,50
CHEMBL1827,35804,9,0.3,4.0,chemdep_cal,50,50,50
CHEMBL1827,35804,9,0.3,4.0,multi_fp_rf,49,50,50
CHEMBL1827,35804,9,0.3,4.0,augmented_13view_rf,49,50,50
CHEMBL1827,35804,9,0.3,6.0,score_cap1,46,50,50
CHEMBL1827,35804,9,0.3,6.0,chemdep_cal,50,50,50
CHEMBL1827,35804,9,0.3,6.0,multi_fp_rf,49,50,50
CHEMBL1827,35804,9,0.3,6.0,augmented_13view_rf,49,50,50
CHEMBL1829,35804,0,0.2,4.0,score_cap1,41,50,50
CHEMBL1829,35804,0,0.2,4.0,chemdep_cal,45,50,50
CHEMBL1829,35804,0,0.2,4.0,multi_fp_rf,44,50,50
CHEMBL1829,35804,0,0.2,4.0,augmented_13view_rf,45,50,50
CHEMBL1829,35804,0,0.2,6.0,score_cap1,40,50,50
CHEMBL1829,35804,0,0.2,6.0,chemdep_cal,47,50,50
CHEMBL1829,35804,0,0.2,6.0,multi_fp_rf,44,50,50
CHEMBL1829,35804,0,0.2,6.0,augmented_13view_rf,45,50,50
CHEMBL1829,35804,0,0.3,4.0,score_cap1,41,50,50
CHEMBL1829,35804,0,0.3,4.0,chemdep_cal,46,50,50
CHEMBL1829,35804,0,0.3,4.0,multi_fp_rf,44,50,50
CHEMBL1829,35804,0,0.3,4.0,augmented_13view_rf,46,50,50
CHEMBL1829,35804,0,0.3,6.0,score_cap1,39,50,50
CHEMBL1829,35804,0,0.3,6.0,chemdep_cal,45,50,50
CHEMBL1829,35804,0,0.3,6.0,multi_fp_rf,43,50,50
CHEMBL1829,35804,0,0.3,6.0,augmented_13view_rf,46,50,50
CHEMBL1829,35804,1,0.2,4.0,score_cap1,41,50,50
CHEMBL1829,35804,1,0.2,4.0,chemdep_cal,45,50,50
CHEMBL1829,35804,1,0.2,4.0,multi_fp_rf,43,50,50
CHEMBL1829,35804,1,0.2,4.0,augmented_13view_rf,45,50,50
CHEMBL1829,35804,1,0.2,6.0,score_cap1,41,50,50
CHEMBL1829,35804,1,0.2,6.0,chemdep_cal,46,50,50
CHEMBL1829,35804,1,0.2,6.0,multi_fp_rf,43,50,50
CHEMBL1829,35804,1,0.2,6.0,augmented_13view_rf,45,50,50
CHEMBL1829,35804,1,0.3,4.0,score_cap1,39,50,50
CHEMBL1829,35804,1,0.3,4.0,chemdep_cal,46,50,50
CHEMBL1829,35804,1,0.3,4.0,multi_fp_rf,43,50,50
CHEMBL1829,35804,1,0.3,4.0,augmented_13view_rf,46,50,50
CHEMBL1829,35804,1,0.3,6.0,score_cap1,39,50,50
CHEMBL1829,35804,1,0.3,6.0,chemdep_cal,45,50,50
CHEMBL1829,35804,1,0.3,6.0,multi_fp_rf,43,50,50
CHEMBL1829,35804,1,0.3,6.0,augmented_13view_rf,46,50,50
CHEMBL1829,35804,2,0.2,4.0,score_cap1,41,50,50
CHEMBL1829,35804,2,0.2,4.0,chemdep_cal,46,50,50
CHEMBL1829,35804,2,0.2,4.0,multi_fp_rf,44,50,50
CHEMBL1829,35804,2,0.2,4.0,augmented_13view_rf,46,50,50
CHEMBL1829,35804,2,0.2,6.0,score_cap1,41,50,50
CHEMBL1829,35804,2,0.2,6.0,chemdep_cal,46,50,50
CHEMBL1829,35804,2,0.2,6.0,multi_fp_rf,44,50,50
CHEMBL1829,35804,2,0.2,6.0,augmented_13view_rf,46,50,50
CHEMBL1829,35804,2,0.3,4.0,score_cap1,39,50,50
CHEMBL1829,35804,2,0.3,4.0,chemdep_cal,45,50,50
CHEMBL1829,35804,2,0.3,4.0,multi_fp_rf,44,50,50
CHEMBL1829,35804,2,0.3,4.0,augmented_13view_rf,46,50,50
CHEMBL1829,35804,2,0.3,6.0,score_cap1,39,50,50
CHEMBL1829,35804,2,0.3,6.0,chemdep_cal,46,50,50
CHEMBL1829,35804,2,0.3,6.0,multi_fp_rf,44,50,50
CHEMBL1829,35804,2,0.3,6.0,augmented_13view_rf,46,50,50
CHEMBL1829,35804,3,0.2,4.0,score_cap1,42,50,50
CHEMBL1829,35804,3,0.2,4.0,chemdep_cal,47,50,50
CHEMBL1829,35804,3,0.2,4.0,multi_fp_rf,44,50,50
CHEMBL1829,35804,3,0.2,4.0,augmented_13view_rf,46,50,50
CHEMBL1829,35804,3,0.2,6.0,score_cap1,41,50,50
CHEMBL1829,35804,3,0.2,6.0,chemdep_cal,45,50,50
CHEMBL1829,35804,3,0.2,6.0,multi_fp_rf,44,50,50
CHEMBL1829,35804,3,0.2,6.0,augmented_13view_rf,46,50,50
CHEMBL1829,35804,3,0.3,4.0,score_cap1,40,50,50
CHEMBL1829,35804,3,0.3,4.0,chemdep_cal,45,50,50
CHEMBL1829,35804,3,0.3,4.0,multi_fp_rf,42,50,50
CHEMBL1829,35804,3,0.3,4.0,augmented_13view_rf,45,50,50
CHEMBL1829,35804,3,0.3,6.0,score_cap1,38,50,50
CHEMBL1829,35804,3,0.3,6.0,chemdep_cal,46,50,50
CHEMBL1829,35804,3,0.3,6.0,multi_fp_rf,42,50,50
CHEMBL1829,35804,3,0.3,6.0,augmented_13view_rf,45,50,50
CHEMBL1829,35804,4,0.2,4.0,score_cap1,42,50,50
CHEMBL1829,35804,4,0.2,4.0,chemdep_cal,45,50,50
CHEMBL1829,35804,4,0.2,4.0,multi_fp_rf,45,50,50
CHEMBL1829,35804,4,0.2,4.0,augmented_13view_rf,46,50,50
CHEMBL1829,35804,4,0.2,6.0,score_cap1,42,50,50
CHEMBL1829,35804,4,0.2,6.0,chemdep_cal,44,50,50
CHEMBL1829,35804,4,0.2,6.0,multi_fp_rf,45,50,50
CHEMBL1829,35804,4,0.2,6.0,augmented_13view_rf,46,50,50
CHEMBL1829,35804,4,0.3,4.0,score_cap1,41,50,50
CHEMBL1829,35804,4,0.3,4.0,chemdep_cal,46,50,50
CHEMBL1829,35804,4,0.3,4.0,multi_fp_rf,44,50,50
CHEMBL1829,35804,4,0.3,4.0,augmented_13view_rf,45,50,50
CHEMBL1829,35804,4,0.3,6.0,score_cap1,39,50,50
CHEMBL1829,35804,4,0.3,6.0,chemdep_cal,45,50,50
CHEMBL1829,35804,4,0.3,6.0,multi_fp_rf,43,50,50
CHEMBL1829,35804,4,0.3,6.0,augmented_13view_rf,45,50,50
CHEMBL1829,35804,5,0.2,4.0,score_cap1,42,50,50
CHEMBL1829,35804,5,0.2,4.0,chemdep_cal,45,50,50
CHEMBL1829,35804,5,0.2,4.0,multi_fp_rf,44,50,50
CHEMBL1829,35804,5,0.2,4.0,augmented_13view_rf,46,50,50
CHEMBL1829,35804,5,0.2,6.0,score_cap1,41,50,50
CHEMBL1829,35804,5,0.2,6.0,chemdep_cal,45,50,50
CHEMBL1829,35804,5,0.2,6.0,multi_fp_rf,44,50,50
CHEMBL1829,35804,5,0.2,6.0,augmented_13view_rf,46,50,50
CHEMBL1829,35804,5,0.3,4.0,score_cap1,39,50,50
CHEMBL1829,35804,5,0.3,4.0,chemdep_cal,46,50,50
CHEMBL1829,35804,5,0.3,4.0,multi_fp_rf,42,50,50
CHEMBL1829,35804,5,0.3,4.0,augmented_13view_rf,45,50,50
CHEMBL1829,35804,5,0.3,6.0,score_cap1,38,50,50
CHEMBL1829,35804,5,0.3,6.0,chemdep_cal,46,50,50
CHEMBL1829,35804,5,0.3,6.0,multi_fp_rf,42,50,50
CHEMBL1829,35804,5,0.3,6.0,augmented_13view_rf,45,50,50
CHEMBL1829,35804,6,0.2,4.0,score_cap1,41,50,50
CHEMBL1829,35804,6,0.2,4.0,chemdep_cal,46,50,50
CHEMBL1829,35804,6,0.2,4.0,multi_fp_rf,44,50,50
CHEMBL1829,35804,6,0.2,4.0,augmented_13view_rf,46,50,50
CHEMBL1829,35804,6,0.2,6.0,score_cap1,41,50,50
CHEMBL1829,35804,6,0.2,6.0,chemdep_cal,44,50,50
CHEMBL1829,35804,6,0.2,6.0,multi_fp_rf,44,50,50
CHEMBL1829,35804,6,0.2,6.0,augmented_13view_rf,46,50,50
CHEMBL1829,35804,6,0.3,4.0,score_cap1,39,50,50
CHEMBL1829,35804,6,0.3,4.0,chemdep_cal,44,50,50
CHEMBL1829,35804,6,0.3,4.0,multi_fp_rf,44,50,50
CHEMBL1829,35804,6,0.3,4.0,augmented_13view_rf,46,50,50
CHEMBL1829,35804,6,0.3,6.0,score_cap1,39,50,50
CHEMBL1829,35804,6,0.3,6.0,chemdep_cal,46,50,50
CHEMBL1829,35804,6,0.3,6.0,multi_fp_rf,44,50,50
CHEMBL1829,35804,6,0.3,6.0,augmented_13view_rf,46,50,50
CHEMBL1829,35804,7,0.2,4.0,score_cap1,45,50,50
CHEMBL1829,35804,7,0.2,4.0,chemdep_cal,45,50,50
CHEMBL1829,35804,7,0.2,4.0,multi_fp_rf,45,50,50
CHEMBL1829,35804,7,0.2,4.0,augmented_13view_rf,46,50,50
CHEMBL1829,35804,7,0.2,6.0,score_cap1,43,50,50
CHEMBL1829,35804,7,0.2,6.0,chemdep_cal,46,50,50
CHEMBL1829,35804,7,0.2,6.0,multi_fp_rf,45,50,50
CHEMBL1829,35804,7,0.2,6.0,augmented_13view_rf,46,50,50
CHEMBL1829,35804,7,0.3,4.0,score_cap1,41,50,50
CHEMBL1829,35804,7,0.3,4.0,chemdep_cal,47,50,50
CHEMBL1829,35804,7,0.3,4.0,multi_fp_rf,44,50,50
CHEMBL1829,35804,7,0.3,4.0,augmented_13view_rf,46,50,50
CHEMBL1829,35804,7,0.3,6.0,score_cap1,39,50,50
CHEMBL1829,35804,7,0.3,6.0,chemdep_cal,45,50,50
CHEMBL1829,35804,7,0.3,6.0,multi_fp_rf,43,50,50
CHEMBL1829,35804,7,0.3,6.0,augmented_13view_rf,46,50,50
CHEMBL1829,35804,8,0.2,4.0,score_cap1,41,50,50
CHEMBL1829,35804,8,0.2,4.0,chemdep_cal,45,50,50
CHEMBL1829,35804,8,0.2,4.0,multi_fp_rf,45,50,50
CHEMBL1829,35804,8,0.2,4.0,augmented_13view_rf,46,50,50
CHEMBL1829,35804,8,0.2,6.0,score_cap1,41,50,50
CHEMBL1829,35804,8,0.2,6.0,chemdep_cal,44,50,50
CHEMBL1829,35804,8,0.2,6.0,multi_fp_rf,45,50,50
CHEMBL1829,35804,8,0.2,6.0,augmented_13view_rf,46,50,50
CHEMBL1829,35804,8,0.3,4.0,score_cap1,41,50,50
CHEMBL1829,35804,8,0.3,4.0,chemdep_cal,44,50,50
CHEMBL1829,35804,8,0.3,4.0,multi_fp_rf,45,50,50
CHEMBL1829,35804,8,0.3,4.0,augmented_13view_rf,46,50,50
CHEMBL1829,35804,8,0.3,6.0,score_cap1,39,50,50
CHEMBL1829,35804,8,0.3,6.0,chemdep_cal,45,50,50
CHEMBL1829,35804,8,0.3,6.0,multi_fp_rf,45,50,50
CHEMBL1829,35804,8,0.3,6.0,augmented_13view_rf,46,50,50
CHEMBL1829,35804,9,0.2,4.0,score_cap1,41,50,50
CHEMBL1829,35804,9,0.2,4.0,chemdep_cal,45,50,50
CHEMBL1829,35804,9,0.2,4.0,multi_fp_rf,45,50,50
CHEMBL1829,35804,9,0.2,4.0,augmented_13view_rf,46,50,50
CHEMBL1829,35804,9,0.2,6.0,score_cap1,40,50,50
CHEMBL1829,35804,9,0.2,6.0,chemdep_cal,43,50,50
CHEMBL1829,35804,9,0.2,6.0,multi_fp_rf,44,50,50
CHEMBL1829,35804,9,0.2,6.0,augmented_13view_rf,46,50,50
CHEMBL1829,35804,9,0.3,4.0,score_cap1,38,50,50
CHEMBL1829,35804,9,0.3,4.0,chemdep_cal,45,50,50
CHEMBL1829,35804,9,0.3,4.0,multi_fp_rf,43,50,50
CHEMBL1829,35804,9,0.3,4.0,augmented_13view_rf,46,50,50
CHEMBL1829,35804,9,0.3,6.0,score_cap1,38,50,50
CHEMBL1829,35804,9,0.3,6.0,chemdep_cal,45,50,50
CHEMBL1829,35804,9,0.3,6.0,multi_fp_rf,43,50,50
CHEMBL1829,35804,9,0.3,6.0,augmented_13view_rf,46,50,50
CHEMBL1833,35804,0,0.2,4.0,score_cap1,37,50,50
CHEMBL1833,35804,0,0.2,4.0,chemdep_cal,40,50,50
CHEMBL1833,35804,0,0.2,4.0,multi_fp_rf,35,50,50
CHEMBL1833,35804,0,0.2,4.0,augmented_13view_rf,35,50,50
CHEMBL1833,35804,0,0.2,6.0,score_cap1,37,50,50
CHEMBL1833,35804,0,0.2,6.0,chemdep_cal,40,50,50
CHEMBL1833,35804,0,0.2,6.0,multi_fp_rf,35,50,50
CHEMBL1833,35804,0,0.2,6.0,augmented_13view_rf,35,50,50
CHEMBL1833,35804,0,0.3,4.0,score_cap1,36,50,50
CHEMBL1833,35804,0,0.3,4.0,chemdep_cal,40,50,50
CHEMBL1833,35804,0,0.3,4.0,multi_fp_rf,34,50,50
CHEMBL1833,35804,0,0.3,4.0,augmented_13view_rf,35,50,50
CHEMBL1833,35804,0,0.3,6.0,score_cap1,36,50,50
CHEMBL1833,35804,0,0.3,6.0,chemdep_cal,40,50,50
CHEMBL1833,35804,0,0.3,6.0,multi_fp_rf,34,50,50
CHEMBL1833,35804,0,0.3,6.0,augmented_13view_rf,35,50,50
CHEMBL1833,35804,1,0.2,4.0,score_cap1,36,50,50
CHEMBL1833,35804,1,0.2,4.0,chemdep_cal,40,50,50
CHEMBL1833,35804,1,0.2,4.0,multi_fp_rf,34,50,50
CHEMBL1833,35804,1,0.2,4.0,augmented_13view_rf,35,50,50
CHEMBL1833,35804,1,0.2,6.0,score_cap1,36,50,50
CHEMBL1833,35804,1,0.2,6.0,chemdep_cal,40,50,50
CHEMBL1833,35804,1,0.2,6.0,multi_fp_rf,34,50,50
CHEMBL1833,35804,1,0.2,6.0,augmented_13view_rf,35,50,50
CHEMBL1833,35804,1,0.3,4.0,score_cap1,36,50,50
CHEMBL1833,35804,1,0.3,4.0,chemdep_cal,40,50,50
CHEMBL1833,35804,1,0.3,4.0,multi_fp_rf,34,50,50
CHEMBL1833,35804,1,0.3,4.0,augmented_13view_rf,35,50,50
CHEMBL1833,35804,1,0.3,6.0,score_cap1,36,50,50
CHEMBL1833,35804,1,0.3,6.0,chemdep_cal,40,50,50
CHEMBL1833,35804,1,0.3,6.0,multi_fp_rf,34,50,50
CHEMBL1833,35804,1,0.3,6.0,augmented_13view_rf,35,50,50
CHEMBL1833,35804,2,0.2,4.0,score_cap1,37,50,50
CHEMBL1833,35804,2,0.2,4.0,chemdep_cal,40,50,50
CHEMBL1833,35804,2,0.2,4.0,multi_fp_rf,35,50,50
CHEMBL1833,35804,2,0.2,4.0,augmented_13view_rf,35,50,50
CHEMBL1833,35804,2,0.2,6.0,score_cap1,37,50,50
CHEMBL1833,35804,2,0.2,6.0,chemdep_cal,40,50,50
CHEMBL1833,35804,2,0.2,6.0,multi_fp_rf,35,50,50
CHEMBL1833,35804,2,0.2,6.0,augmented_13view_rf,35,50,50
CHEMBL1833,35804,2,0.3,4.0,score_cap1,35,50,50
CHEMBL1833,35804,2,0.3,4.0,chemdep_cal,40,50,50
CHEMBL1833,35804,2,0.3,4.0,multi_fp_rf,34,50,50
CHEMBL1833,35804,2,0.3,4.0,augmented_13view_rf,35,50,50
CHEMBL1833,35804,2,0.3,6.0,score_cap1,35,50,50
CHEMBL1833,35804,2,0.3,6.0,chemdep_cal,40,50,50
CHEMBL1833,35804,2,0.3,6.0,multi_fp_rf,34,50,50
CHEMBL1833,35804,2,0.3,6.0,augmented_13view_rf,35,50,50
CHEMBL1833,35804,3,0.2,4.0,score_cap1,36,50,50
CHEMBL1833,35804,3,0.2,4.0,chemdep_cal,40,50,50
CHEMBL1833,35804,3,0.2,4.0,multi_fp_rf,34,50,50
CHEMBL1833,35804,3,0.2,4.0,augmented_13view_rf,35,50,50
CHEMBL1833,35804,3,0.2,6.0,score_cap1,36,50,50
CHEMBL1833,35804,3,0.2,6.0,chemdep_cal,40,50,50
CHEMBL1833,35804,3,0.2,6.0,multi_fp_rf,34,50,50
CHEMBL1833,35804,3,0.2,6.0,augmented_13view_rf,35,50,50
CHEMBL1833,35804,3,0.3,4.0,score_cap1,36,50,50
CHEMBL1833,35804,3,0.3,4.0,chemdep_cal,40,50,50
CHEMBL1833,35804,3,0.3,4.0,multi_fp_rf,35,50,50
CHEMBL1833,35804,3,0.3,4.0,augmented_13view_rf,35,50,50
CHEMBL1833,35804,3,0.3,6.0,score_cap1,36,50,50
CHEMBL1833,35804,3,0.3,6.0,chemdep_cal,40,50,50
CHEMBL1833,35804,3,0.3,6.0,multi_fp_rf,35,50,50
CHEMBL1833,35804,3,0.3,6.0,augmented_13view_rf,35,50,50
CHEMBL1833,35804,4,0.2,4.0,score_cap1,37,50,50
CHEMBL1833,35804,4,0.2,4.0,chemdep_cal,39,50,50
CHEMBL1833,35804,4,0.2,4.0,multi_fp_rf,36,50,50
CHEMBL1833,35804,4,0.2,4.0,augmented_13view_rf,35,50,50
CHEMBL1833,35804,4,0.2,6.0,score_cap1,37,50,50
CHEMBL1833,35804,4,0.2,6.0,chemdep_cal,39,50,50
CHEMBL1833,35804,4,0.2,6.0,multi_fp_rf,36,50,50
CHEMBL1833,35804,4,0.2,6.0,augmented_13view_rf,35,50,50
CHEMBL1833,35804,4,0.3,4.0,score_cap1,36,50,50
CHEMBL1833,35804,4,0.3,4.0,chemdep_cal,40,50,50
CHEMBL1833,35804,4,0.3,4.0,multi_fp_rf,35,50,50
CHEMBL1833,35804,4,0.3,4.0,augmented_13view_rf,35,50,50
CHEMBL1833,35804,4,0.3,6.0,score_cap1,36,50,50
CHEMBL1833,35804,4,0.3,6.0,chemdep_cal,40,50,50
CHEMBL1833,35804,4,0.3,6.0,multi_fp_rf,35,50,50
CHEMBL1833,35804,4,0.3,6.0,augmented_13view_rf,35,50,50
CHEMBL1833,35804,5,0.2,4.0,score_cap1,37,50,50
CHEMBL1833,35804,5,0.2,4.0,chemdep_cal,40,50,50
CHEMBL1833,35804,5,0.2,4.0,multi_fp_rf,35,50,50
CHEMBL1833,35804,5,0.2,4.0,augmented_13view_rf,35,50,50
CHEMBL1833,35804,5,0.2,6.0,score_cap1,37,50,50
CHEMBL1833,35804,5,0.2,6.0,chemdep_cal,40,50,50
CHEMBL1833,35804,5,0.2,6.0,multi_fp_rf,35,50,50
CHEMBL1833,35804,5,0.2,6.0,augmented_13view_rf,35,50,50
CHEMBL1833,35804,5,0.3,4.0,score_cap1,35,50,50
CHEMBL1833,35804,5,0.3,4.0,chemdep_cal,40,50,50
CHEMBL1833,35804,5,0.3,4.0,multi_fp_rf,34,50,50
CHEMBL1833,35804,5,0.3,4.0,augmented_13view_rf,35,50,50
CHEMBL1833,35804,5,0.3,6.0,score_cap1,35,50,50
CHEMBL1833,35804,5,0.3,6.0,chemdep_cal,40,50,50
CHEMBL1833,35804,5,0.3,6.0,multi_fp_rf,34,50,50
CHEMBL1833,35804,5,0.3,6.0,augmented_13view_rf,35,50,50
CHEMBL1833,35804,6,0.2,4.0,score_cap1,37,50,50
CHEMBL1833,35804,6,0.2,4.0,chemdep_cal,40,50,50
CHEMBL1833,35804,6,0.2,4.0,multi_fp_rf,34,50,50
CHEMBL1833,35804,6,0.2,4.0,augmented_13view_rf,35,50,50
CHEMBL1833,35804,6,0.2,6.0,score_cap1,37,50,50
CHEMBL1833,35804,6,0.2,6.0,chemdep_cal,40,50,50
CHEMBL1833,35804,6,0.2,6.0,multi_fp_rf,34,50,50
CHEMBL1833,35804,6,0.2,6.0,augmented_13view_rf,35,50,50
CHEMBL1833,35804,6,0.3,4.0,score_cap1,35,50,50
CHEMBL1833,35804,6,0.3,4.0,chemdep_cal,40,50,50
CHEMBL1833,35804,6,0.3,4.0,multi_fp_rf,34,50,50
CHEMBL1833,35804,6,0.3,4.0,augmented_13view_rf,35,50,50
CHEMBL1833,35804,6,0.3,6.0,score_cap1,35,50,50
CHEMBL1833,35804,6,0.3,6.0,chemdep_cal,40,50,50
CHEMBL1833,35804,6,0.3,6.0,multi_fp_rf,34,50,50
CHEMBL1833,35804,6,0.3,6.0,augmented_13view_rf,35,50,50
CHEMBL1833,35804,7,0.2,4.0,score_cap1,37,50,50
CHEMBL1833,35804,7,0.2,4.0,chemdep_cal,40,50,50
CHEMBL1833,35804,7,0.2,4.0,multi_fp_rf,35,50,50
CHEMBL1833,35804,7,0.2,4.0,augmented_13view_rf,35,50,50
CHEMBL1833,35804,7,0.2,6.0,score_cap1,37,50,50
CHEMBL1833,35804,7,0.2,6.0,chemdep_cal,40,50,50
CHEMBL1833,35804,7,0.2,6.0,multi_fp_rf,35,50,50
CHEMBL1833,35804,7,0.2,6.0,augmented_13view_rf,35,50,50
CHEMBL1833,35804,7,0.3,4.0,score_cap1,35,50,50
CHEMBL1833,35804,7,0.3,4.0,chemdep_cal,40,50,50
CHEMBL1833,35804,7,0.3,4.0,multi_fp_rf,34,50,50
CHEMBL1833,35804,7,0.3,4.0,augmented_13view_rf,35,50,50
CHEMBL1833,35804,7,0.3,6.0,score_cap1,35,50,50
CHEMBL1833,35804,7,0.3,6.0,chemdep_cal,40,50,50
CHEMBL1833,35804,7,0.3,6.0,multi_fp_rf,34,50,50
CHEMBL1833,35804,7,0.3,6.0,augmented_13view_rf,35,50,50
CHEMBL1833,35804,8,0.2,4.0,score_cap1,36,50,50
CHEMBL1833,35804,8,0.2,4.0,chemdep_cal,40,50,50
CHEMBL1833,35804,8,0.2,4.0,multi_fp_rf,34,50,50
CHEMBL1833,35804,8,0.2,4.0,augmented_13view_rf,35,50,50
CHEMBL1833,35804,8,0.2,6.0,score_cap1,36,50,50
CHEMBL1833,35804,8,0.2,6.0,chemdep_cal,40,50,50
CHEMBL1833,35804,8,0.2,6.0,multi_fp_rf,34,50,50
CHEMBL1833,35804,8,0.2,6.0,augmented_13view_rf,35,50,50
CHEMBL1833,35804,8,0.3,4.0,score_cap1,36,50,50
CHEMBL1833,35804,8,0.3,4.0,chemdep_cal,39,50,50
CHEMBL1833,35804,8,0.3,4.0,multi_fp_rf,35,50,50
CHEMBL1833,35804,8,0.3,4.0,augmented_13view_rf,35,50,50
CHEMBL1833,35804,8,0.3,6.0,score_cap1,36,50,50
CHEMBL1833,35804,8,0.3,6.0,chemdep_cal,39,50,50
CHEMBL1833,35804,8,0.3,6.0,multi_fp_rf,35,50,50
CHEMBL1833,35804,8,0.3,6.0,augmented_13view_rf,35,50,50
CHEMBL1833,35804,9,0.2,4.0,score_cap1,38,50,50
CHEMBL1833,35804,9,0.2,4.0,chemdep_cal,39,50,50
CHEMBL1833,35804,9,0.2,4.0,multi_fp_rf,35,50,50
CHEMBL1833,35804,9,0.2,4.0,augmented_13view_rf,35,50,50
CHEMBL1833,35804,9,0.2,6.0,score_cap1,38,50,50
CHEMBL1833,35804,9,0.2,6.0,chemdep_cal,39,50,50
CHEMBL1833,35804,9,0.2,6.0,multi_fp_rf,35,50,50
CHEMBL1833,35804,9,0.2,6.0,augmented_13view_rf,35,50,50
CHEMBL1833,35804,9,0.3,4.0,score_cap1,36,50,50
CHEMBL1833,35804,9,0.3,4.0,chemdep_cal,38,50,50
CHEMBL1833,35804,9,0.3,4.0,multi_fp_rf,35,50,50
CHEMBL1833,35804,9,0.3,4.0,augmented_13view_rf,35,50,50
CHEMBL1833,35804,9,0.3,6.0,score_cap1,36,50,50
CHEMBL1833,35804,9,0.3,6.0,chemdep_cal,38,50,50
CHEMBL1833,35804,9,0.3,6.0,multi_fp_rf,35,50,50
CHEMBL1833,35804,9,0.3,6.0,augmented_13view_rf,35,50,50
CHEMBL1836,35804,0,0.2,4.0,score_cap1,47,50,50
CHEMBL1836,35804,0,0.2,4.0,chemdep_cal,46,50,50
CHEMBL1836,35804,0,0.2,4.0,multi_fp_rf,46,50,50
CHEMBL1836,35804,0,0.2,4.0,augmented_13view_rf,45,50,50
CHEMBL1836,35804,0,0.2,6.0,score_cap1,47,50,50
CHEMBL1836,35804,0,0.2,6.0,chemdep_cal,46,50,50
CHEMBL1836,35804,0,0.2,6.0,multi_fp_rf,45,50,50
CHEMBL1836,35804,0,0.2,6.0,augmented_13view_rf,44,50,50
CHEMBL1836,35804,0,0.3,4.0,score_cap1,47,50,50
CHEMBL1836,35804,0,0.3,4.0,chemdep_cal,46,50,50
CHEMBL1836,35804,0,0.3,4.0,multi_fp_rf,46,50,50
CHEMBL1836,35804,0,0.3,4.0,augmented_13view_rf,45,50,50
CHEMBL1836,35804,0,0.3,6.0,score_cap1,47,50,50
CHEMBL1836,35804,0,0.3,6.0,chemdep_cal,46,50,50
CHEMBL1836,35804,0,0.3,6.0,multi_fp_rf,45,50,50
CHEMBL1836,35804,0,0.3,6.0,augmented_13view_rf,44,50,50
CHEMBL1836,35804,1,0.2,4.0,score_cap1,47,50,50
CHEMBL1836,35804,1,0.2,4.0,chemdep_cal,46,50,50
CHEMBL1836,35804,1,0.2,4.0,multi_fp_rf,45,50,50
CHEMBL1836,35804,1,0.2,4.0,augmented_13view_rf,44,50,50
CHEMBL1836,35804,1,0.2,6.0,score_cap1,47,50,50
CHEMBL1836,35804,1,0.2,6.0,chemdep_cal,46,50,50
CHEMBL1836,35804,1,0.2,6.0,multi_fp_rf,45,50,50
CHEMBL1836,35804,1,0.2,6.0,augmented_13view_rf,44,50,50
CHEMBL1836,35804,1,0.3,4.0,score_cap1,47,50,50
CHEMBL1836,35804,1,0.3,4.0,chemdep_cal,46,50,50
CHEMBL1836,35804,1,0.3,4.0,multi_fp_rf,45,50,50
CHEMBL1836,35804,1,0.3,4.0,augmented_13view_rf,44,50,50
CHEMBL1836,35804,1,0.3,6.0,score_cap1,47,50,50
CHEMBL1836,35804,1,0.3,6.0,chemdep_cal,45,50,50
CHEMBL1836,35804,1,0.3,6.0,multi_fp_rf,45,50,50
CHEMBL1836,35804,1,0.3,6.0,augmented_13view_rf,44,50,50
CHEMBL1836,35804,2,0.2,4.0,score_cap1,47,50,50
CHEMBL1836,35804,2,0.2,4.0,chemdep_cal,46,50,50
CHEMBL1836,35804,2,0.2,4.0,multi_fp_rf,46,50,50
CHEMBL1836,35804,2,0.2,4.0,augmented_13view_rf,44,50,50
CHEMBL1836,35804,2,0.2,6.0,score_cap1,47,50,50
CHEMBL1836,35804,2,0.2,6.0,chemdep_cal,46,50,50
CHEMBL1836,35804,2,0.2,6.0,multi_fp_rf,45,50,50
CHEMBL1836,35804,2,0.2,6.0,augmented_13view_rf,44,50,50
CHEMBL1836,35804,2,0.3,4.0,score_cap1,47,50,50
CHEMBL1836,35804,2,0.3,4.0,chemdep_cal,46,50,50
CHEMBL1836,35804,2,0.3,4.0,multi_fp_rf,46,50,50
CHEMBL1836,35804,2,0.3,4.0,augmented_13view_rf,45,50,50
CHEMBL1836,35804,2,0.3,6.0,score_cap1,47,50,50
CHEMBL1836,35804,2,0.3,6.0,chemdep_cal,46,50,50
CHEMBL1836,35804,2,0.3,6.0,multi_fp_rf,46,50,50
CHEMBL1836,35804,2,0.3,6.0,augmented_13view_rf,45,50,50
CHEMBL1836,35804,3,0.2,4.0,score_cap1,47,50,50
CHEMBL1836,35804,3,0.2,4.0,chemdep_cal,46,50,50
CHEMBL1836,35804,3,0.2,4.0,multi_fp_rf,46,50,50
CHEMBL1836,35804,3,0.2,4.0,augmented_13view_rf,45,50,50
CHEMBL1836,35804,3,0.2,6.0,score_cap1,47,50,50
CHEMBL1836,35804,3,0.2,6.0,chemdep_cal,46,50,50
CHEMBL1836,35804,3,0.2,6.0,multi_fp_rf,46,50,50
CHEMBL1836,35804,3,0.2,6.0,augmented_13view_rf,45,50,50
CHEMBL1836,35804,3,0.3,4.0,score_cap1,47,50,50
CHEMBL1836,35804,3,0.3,4.0,chemdep_cal,46,50,50
CHEMBL1836,35804,3,0.3,4.0,multi_fp_rf,46,50,50
CHEMBL1836,35804,3,0.3,4.0,augmented_13view_rf,45,50,50
CHEMBL1836,35804,3,0.3,6.0,score_cap1,47,50,50
CHEMBL1836,35804,3,0.3,6.0,chemdep_cal,45,50,50
CHEMBL1836,35804,3,0.3,6.0,multi_fp_rf,45,50,50
CHEMBL1836,35804,3,0.3,6.0,augmented_13view_rf,44,50,50
CHEMBL1836,35804,4,0.2,4.0,score_cap1,47,50,50
CHEMBL1836,35804,4,0.2,4.0,chemdep_cal,46,50,50
CHEMBL1836,35804,4,0.2,4.0,multi_fp_rf,46,50,50
CHEMBL1836,35804,4,0.2,4.0,augmented_13view_rf,45,50,50
CHEMBL1836,35804,4,0.2,6.0,score_cap1,47,50,50
CHEMBL1836,35804,4,0.2,6.0,chemdep_cal,46,50,50
CHEMBL1836,35804,4,0.2,6.0,multi_fp_rf,46,50,50
CHEMBL1836,35804,4,0.2,6.0,augmented_13view_rf,45,50,50
CHEMBL1836,35804,4,0.3,4.0,score_cap1,47,50,50
CHEMBL1836,35804,4,0.3,4.0,chemdep_cal,46,50,50
CHEMBL1836,35804,4,0.3,4.0,multi_fp_rf,45,50,50
CHEMBL1836,35804,4,0.3,4.0,augmented_13view_rf,44,50,50
CHEMBL1836,35804,4,0.3,6.0,score_cap1,47,50,50
CHEMBL1836,35804,4,0.3,6.0,chemdep_cal,46,50,50
CHEMBL1836,35804,4,0.3,6.0,multi_fp_rf,45,50,50
CHEMBL1836,35804,4,0.3,6.0,augmented_13view_rf,44,50,50
CHEMBL1836,35804,5,0.2,4.0,score_cap1,47,50,50
CHEMBL1836,35804,5,0.2,4.0,chemdep_cal,46,50,50
CHEMBL1836,35804,5,0.2,4.0,multi_fp_rf,46,50,50
CHEMBL1836,35804,5,0.2,4.0,augmented_13view_rf,44,50,50
CHEMBL1836,35804,5,0.2,6.0,score_cap1,47,50,50
CHEMBL1836,35804,5,0.2,6.0,chemdep_cal,46,50,50
CHEMBL1836,35804,5,0.2,6.0,multi_fp_rf,45,50,50
CHEMBL1836,35804,5,0.2,6.0,augmented_13view_rf,44,50,50
CHEMBL1836,35804,5,0.3,4.0,score_cap1,47,50,50
CHEMBL1836,35804,5,0.3,4.0,chemdep_cal,46,50,50
CHEMBL1836,35804,5,0.3,4.0,multi_fp_rf,45,50,50
CHEMBL1836,35804,5,0.3,4.0,augmented_13view_rf,44,50,50
CHEMBL1836,35804,5,0.3,6.0,score_cap1,47,50,50
CHEMBL1836,35804,5,0.3,6.0,chemdep_cal,46,50,50
CHEMBL1836,35804,5,0.3,6.0,multi_fp_rf,45,50,50
CHEMBL1836,35804,5,0.3,6.0,augmented_13view_rf,44,50,50
CHEMBL1836,35804,6,0.2,4.0,score_cap1,47,50,50
CHEMBL1836,35804,6,0.2,4.0,chemdep_cal,46,50,50
CHEMBL1836,35804,6,0.2,4.0,multi_fp_rf,46,50,50
CHEMBL1836,35804,6,0.2,4.0,augmented_13view_rf,44,50,50
CHEMBL1836,35804,6,0.2,6.0,score_cap1,47,50,50
CHEMBL1836,35804,6,0.2,6.0,chemdep_cal,46,50,50
CHEMBL1836,35804,6,0.2,6.0,multi_fp_rf,45,50,50
CHEMBL1836,35804,6,0.2,6.0,augmented_13view_rf,44,50,50
CHEMBL1836,35804,6,0.3,4.0,score_cap1,47,50,50
CHEMBL1836,35804,6,0.3,4.0,chemdep_cal,46,50,50
CHEMBL1836,35804,6,0.3,4.0,multi_fp_rf,45,50,50
CHEMBL1836,35804,6,0.3,4.0,augmented_13view_rf,44,50,50
CHEMBL1836,35804,6,0.3,6.0,score_cap1,47,50,50
CHEMBL1836,35804,6,0.3,6.0,chemdep_cal,46,50,50
CHEMBL1836,35804,6,0.3,6.0,multi_fp_rf,45,50,50
CHEMBL1836,35804,6,0.3,6.0,augmented_13view_rf,44,50,50
CHEMBL1836,35804,7,0.2,4.0,score_cap1,47,50,50
CHEMBL1836,35804,7,0.2,4.0,chemdep_cal,46,50,50
CHEMBL1836,35804,7,0.2,4.0,multi_fp_rf,46,50,50
CHEMBL1836,35804,7,0.2,4.0,augmented_13view_rf,45,50,50
CHEMBL1836,35804,7,0.2,6.0,score_cap1,47,50,50
CHEMBL1836,35804,7,0.2,6.0,chemdep_cal,46,50,50
CHEMBL1836,35804,7,0.2,6.0,multi_fp_rf,46,50,50
CHEMBL1836,35804,7,0.2,6.0,augmented_13view_rf,45,50,50
CHEMBL1836,35804,7,0.3,4.0,score_cap1,47,50,50
CHEMBL1836,35804,7,0.3,4.0,chemdep_cal,46,50,50
CHEMBL1836,35804,7,0.3,4.0,multi_fp_rf,45,50,50
CHEMBL1836,35804,7,0.3,4.0,augmented_13view_rf,44,50,50
CHEMBL1836,35804,7,0.3,6.0,score_cap1,47,50,50
CHEMBL1836,35804,7,0.3,6.0,chemdep_cal,45,50,50
CHEMBL1836,35804,7,0.3,6.0,multi_fp_rf,45,50,50
CHEMBL1836,35804,7,0.3,6.0,augmented_13view_rf,44,50,50
CHEMBL1836,35804,8,0.2,4.0,score_cap1,47,50,50
CHEMBL1836,35804,8,0.2,4.0,chemdep_cal,46,50,50
CHEMBL1836,35804,8,0.2,4.0,multi_fp_rf,45,50,50
CHEMBL1836,35804,8,0.2,4.0,augmented_13view_rf,44,50,50
CHEMBL1836,35804,8,0.2,6.0,score_cap1,47,50,50
CHEMBL1836,35804,8,0.2,6.0,chemdep_cal,46,50,50
CHEMBL1836,35804,8,0.2,6.0,multi_fp_rf,44,50,50
CHEMBL1836,35804,8,0.2,6.0,augmented_13view_rf,43,50,50
CHEMBL1836,35804,8,0.3,4.0,score_cap1,47,50,50
CHEMBL1836,35804,8,0.3,4.0,chemdep_cal,46,50,50
CHEMBL1836,35804,8,0.3,4.0,multi_fp_rf,45,50,50
CHEMBL1836,35804,8,0.3,4.0,augmented_13view_rf,44,50,50
CHEMBL1836,35804,8,0.3,6.0,score_cap1,47,50,50
CHEMBL1836,35804,8,0.3,6.0,chemdep_cal,45,50,50
CHEMBL1836,35804,8,0.3,6.0,multi_fp_rf,45,50,50
CHEMBL1836,35804,8,0.3,6.0,augmented_13view_rf,44,50,50
CHEMBL1836,35804,9,0.2,4.0,score_cap1,47,50,50
CHEMBL1836,35804,9,0.2,4.0,chemdep_cal,46,50,50
CHEMBL1836,35804,9,0.2,4.0,multi_fp_rf,46,50,50
CHEMBL1836,35804,9,0.2,4.0,augmented_13view_rf,45,50,50
CHEMBL1836,35804,9,0.2,6.0,score_cap1,47,50,50
CHEMBL1836,35804,9,0.2,6.0,chemdep_cal,46,50,50
CHEMBL1836,35804,9,0.2,6.0,multi_fp_rf,46,50,50
CHEMBL1836,35804,9,0.2,6.0,augmented_13view_rf,45,50,50
CHEMBL1836,35804,9,0.3,4.0,score_cap1,47,50,50
CHEMBL1836,35804,9,0.3,4.0,chemdep_cal,46,50,50
CHEMBL1836,35804,9,0.3,4.0,multi_fp_rf,45,50,50
CHEMBL1836,35804,9,0.3,4.0,augmented_13view_rf,44,50,50
CHEMBL1836,35804,9,0.3,6.0,score_cap1,47,50,50
CHEMBL1836,35804,9,0.3,6.0,chemdep_cal,45,50,50
CHEMBL1836,35804,9,0.3,6.0,multi_fp_rf,45,50,50
CHEMBL1836,35804,9,0.3,6.0,augmented_13view_rf,44,50,50
CHEMBL1841,35804,0,0.2,4.0,score_cap1,15,50,50
CHEMBL1841,35804,0,0.2,4.0,chemdep_cal,14,50,50
CHEMBL1841,35804,0,0.2,4.0,multi_fp_rf,15,50,50
CHEMBL1841,35804,0,0.2,4.0,augmented_13view_rf,17,50,50
CHEMBL1841,35804,0,0.2,6.0,score_cap1,15,50,50
CHEMBL1841,35804,0,0.2,6.0,chemdep_cal,14,50,50
CHEMBL1841,35804,0,0.2,6.0,multi_fp_rf,15,50,50
CHEMBL1841,35804,0,0.2,6.0,augmented_13view_rf,17,50,50
CHEMBL1841,35804,0,0.3,4.0,score_cap1,15,50,50
CHEMBL1841,35804,0,0.3,4.0,chemdep_cal,14,50,50
CHEMBL1841,35804,0,0.3,4.0,multi_fp_rf,15,50,50
CHEMBL1841,35804,0,0.3,4.0,augmented_13view_rf,17,50,50
CHEMBL1841,35804,0,0.3,6.0,score_cap1,15,50,50
CHEMBL1841,35804,0,0.3,6.0,chemdep_cal,14,50,50
CHEMBL1841,35804,0,0.3,6.0,multi_fp_rf,15,50,50
CHEMBL1841,35804,0,0.3,6.0,augmented_13view_rf,17,50,50
CHEMBL1841,35804,1,0.2,4.0,score_cap1,15,50,50
CHEMBL1841,35804,1,0.2,4.0,chemdep_cal,14,50,50
CHEMBL1841,35804,1,0.2,4.0,multi_fp_rf,15,50,50
CHEMBL1841,35804,1,0.2,4.0,augmented_13view_rf,17,50,50
CHEMBL1841,35804,1,0.2,6.0,score_cap1,15,50,50
CHEMBL1841,35804,1,0.2,6.0,chemdep_cal,14,50,50
CHEMBL1841,35804,1,0.2,6.0,multi_fp_rf,15,50,50
CHEMBL1841,35804,1,0.2,6.0,augmented_13view_rf,17,50,50
CHEMBL1841,35804,1,0.3,4.0,score_cap1,15,50,50
CHEMBL1841,35804,1,0.3,4.0,chemdep_cal,14,50,50
CHEMBL1841,35804,1,0.3,4.0,multi_fp_rf,15,50,50
CHEMBL1841,35804,1,0.3,4.0,augmented_13view_rf,17,50,50
CHEMBL1841,35804,1,0.3,6.0,score_cap1,15,50,50
CHEMBL1841,35804,1,0.3,6.0,chemdep_cal,14,50,50
CHEMBL1841,35804,1,0.3,6.0,multi_fp_rf,15,50,50
CHEMBL1841,35804,1,0.3,6.0,augmented_13view_rf,17,50,50
CHEMBL1841,35804,2,0.2,4.0,score_cap1,15,50,50
CHEMBL1841,35804,2,0.2,4.0,chemdep_cal,14,50,50
CHEMBL1841,35804,2,0.2,4.0,multi_fp_rf,15,50,50
CHEMBL1841,35804,2,0.2,4.0,augmented_13view_rf,17,50,50
CHEMBL1841,35804,2,0.2,6.0,score_cap1,15,50,50
CHEMBL1841,35804,2,0.2,6.0,chemdep_cal,14,50,50
CHEMBL1841,35804,2,0.2,6.0,multi_fp_rf,15,50,50
CHEMBL1841,35804,2,0.2,6.0,augmented_13view_rf,17,50,50
CHEMBL1841,35804,2,0.3,4.0,score_cap1,15,50,50
CHEMBL1841,35804,2,0.3,4.0,chemdep_cal,14,50,50
CHEMBL1841,35804,2,0.3,4.0,multi_fp_rf,15,50,50
CHEMBL1841,35804,2,0.3,4.0,augmented_13view_rf,17,50,50
CHEMBL1841,35804,2,0.3,6.0,score_cap1,15,50,50
CHEMBL1841,35804,2,0.3,6.0,chemdep_cal,14,50,50
CHEMBL1841,35804,2,0.3,6.0,multi_fp_rf,15,50,50
CHEMBL1841,35804,2,0.3,6.0,augmented_13view_rf,17,50,50
CHEMBL1841,35804,3,0.2,4.0,score_cap1,15,50,50
CHEMBL1841,35804,3,0.2,4.0,chemdep_cal,14,50,50
CHEMBL1841,35804,3,0.2,4.0,multi_fp_rf,15,50,50
CHEMBL1841,35804,3,0.2,4.0,augmented_13view_rf,17,50,50
CHEMBL1841,35804,3,0.2,6.0,score_cap1,15,50,50
CHEMBL1841,35804,3,0.2,6.0,chemdep_cal,14,50,50
CHEMBL1841,35804,3,0.2,6.0,multi_fp_rf,15,50,50
CHEMBL1841,35804,3,0.2,6.0,augmented_13view_rf,17,50,50
CHEMBL1841,35804,3,0.3,4.0,score_cap1,15,50,50
CHEMBL1841,35804,3,0.3,4.0,chemdep_cal,14,50,50
CHEMBL1841,35804,3,0.3,4.0,multi_fp_rf,15,50,50
CHEMBL1841,35804,3,0.3,4.0,augmented_13view_rf,17,50,50
CHEMBL1841,35804,3,0.3,6.0,score_cap1,15,50,50
CHEMBL1841,35804,3,0.3,6.0,chemdep_cal,14,50,50
CHEMBL1841,35804,3,0.3,6.0,multi_fp_rf,15,50,50
CHEMBL1841,35804,3,0.3,6.0,augmented_13view_rf,17,50,50
CHEMBL1841,35804,4,0.2,4.0,score_cap1,15,50,50
CHEMBL1841,35804,4,0.2,4.0,chemdep_cal,14,50,50
CHEMBL1841,35804,4,0.2,4.0,multi_fp_rf,15,50,50
CHEMBL1841,35804,4,0.2,4.0,augmented_13view_rf,17,50,50
CHEMBL1841,35804,4,0.2,6.0,score_cap1,15,50,50
CHEMBL1841,35804,4,0.2,6.0,chemdep_cal,14,50,50
CHEMBL1841,35804,4,0.2,6.0,multi_fp_rf,15,50,50
CHEMBL1841,35804,4,0.2,6.0,augmented_13view_rf,17,50,50
CHEMBL1841,35804,4,0.3,4.0,score_cap1,15,50,50
CHEMBL1841,35804,4,0.3,4.0,chemdep_cal,14,50,50
CHEMBL1841,35804,4,0.3,4.0,multi_fp_rf,15,50,50
CHEMBL1841,35804,4,0.3,4.0,augmented_13view_rf,17,50,50
CHEMBL1841,35804,4,0.3,6.0,score_cap1,15,50,50
CHEMBL1841,35804,4,0.3,6.0,chemdep_cal,14,50,50
CHEMBL1841,35804,4,0.3,6.0,multi_fp_rf,15,50,50
CHEMBL1841,35804,4,0.3,6.0,augmented_13view_rf,17,50,50
CHEMBL1841,35804,5,0.2,4.0,score_cap1,15,50,50
CHEMBL1841,35804,5,0.2,4.0,chemdep_cal,14,50,50
CHEMBL1841,35804,5,0.2,4.0,multi_fp_rf,15,50,50
CHEMBL1841,35804,5,0.2,4.0,augmented_13view_rf,17,50,50
CHEMBL1841,35804,5,0.2,6.0,score_cap1,15,50,50
CHEMBL1841,35804,5,0.2,6.0,chemdep_cal,14,50,50
CHEMBL1841,35804,5,0.2,6.0,multi_fp_rf,15,50,50
CHEMBL1841,35804,5,0.2,6.0,augmented_13view_rf,17,50,50
CHEMBL1841,35804,5,0.3,4.0,score_cap1,15,50,50
CHEMBL1841,35804,5,0.3,4.0,chemdep_cal,14,50,50
CHEMBL1841,35804,5,0.3,4.0,multi_fp_rf,15,50,50
CHEMBL1841,35804,5,0.3,4.0,augmented_13view_rf,17,50,50
CHEMBL1841,35804,5,0.3,6.0,score_cap1,15,50,50
CHEMBL1841,35804,5,0.3,6.0,chemdep_cal,14,50,50
CHEMBL1841,35804,5,0.3,6.0,multi_fp_rf,15,50,50
CHEMBL1841,35804,5,0.3,6.0,augmented_13view_rf,17,50,50
CHEMBL1841,35804,6,0.2,4.0,score_cap1,15,50,50
CHEMBL1841,35804,6,0.2,4.0,chemdep_cal,14,50,50
CHEMBL1841,35804,6,0.2,4.0,multi_fp_rf,15,50,50
CHEMBL1841,35804,6,0.2,4.0,augmented_13view_rf,17,50,50
CHEMBL1841,35804,6,0.2,6.0,score_cap1,15,50,50
CHEMBL1841,35804,6,0.2,6.0,chemdep_cal,14,50,50
CHEMBL1841,35804,6,0.2,6.0,multi_fp_rf,15,50,50
CHEMBL1841,35804,6,0.2,6.0,augmented_13view_rf,17,50,50
CHEMBL1841,35804,6,0.3,4.0,score_cap1,15,50,50
CHEMBL1841,35804,6,0.3,4.0,chemdep_cal,14,50,50
CHEMBL1841,35804,6,0.3,4.0,multi_fp_rf,15,50,50
CHEMBL1841,35804,6,0.3,4.0,augmented_13view_rf,17,50,50
CHEMBL1841,35804,6,0.3,6.0,score_cap1,15,50,50
CHEMBL1841,35804,6,0.3,6.0,chemdep_cal,14,50,50
CHEMBL1841,35804,6,0.3,6.0,multi_fp_rf,15,50,50
CHEMBL1841,35804,6,0.3,6.0,augmented_13view_rf,17,50,50
CHEMBL1841,35804,7,0.2,4.0,score_cap1,15,50,50
CHEMBL1841,35804,7,0.2,4.0,chemdep_cal,14,50,50
CHEMBL1841,35804,7,0.2,4.0,multi_fp_rf,15,50,50
CHEMBL1841,35804,7,0.2,4.0,augmented_13view_rf,17,50,50
CHEMBL1841,35804,7,0.2,6.0,score_cap1,15,50,50
CHEMBL1841,35804,7,0.2,6.0,chemdep_cal,14,50,50
CHEMBL1841,35804,7,0.2,6.0,multi_fp_rf,15,50,50
CHEMBL1841,35804,7,0.2,6.0,augmented_13view_rf,17,50,50
CHEMBL1841,35804,7,0.3,4.0,score_cap1,15,50,50
CHEMBL1841,35804,7,0.3,4.0,chemdep_cal,14,50,50
CHEMBL1841,35804,7,0.3,4.0,multi_fp_rf,15,50,50
CHEMBL1841,35804,7,0.3,4.0,augmented_13view_rf,17,50,50
CHEMBL1841,35804,7,0.3,6.0,score_cap1,15,50,50
CHEMBL1841,35804,7,0.3,6.0,chemdep_cal,14,50,50
CHEMBL1841,35804,7,0.3,6.0,multi_fp_rf,15,50,50
CHEMBL1841,35804,7,0.3,6.0,augmented_13view_rf,17,50,50
CHEMBL1841,35804,8,0.2,4.0,score_cap1,15,50,50
CHEMBL1841,35804,8,0.2,4.0,chemdep_cal,14,50,50
CHEMBL1841,35804,8,0.2,4.0,multi_fp_rf,15,50,50
CHEMBL1841,35804,8,0.2,4.0,augmented_13view_rf,17,50,50
CHEMBL1841,35804,8,0.2,6.0,score_cap1,15,50,50
CHEMBL1841,35804,8,0.2,6.0,chemdep_cal,14,50,50
CHEMBL1841,35804,8,0.2,6.0,multi_fp_rf,15,50,50
CHEMBL1841,35804,8,0.2,6.0,augmented_13view_rf,17,50,50
CHEMBL1841,35804,8,0.3,4.0,score_cap1,15,50,50
CHEMBL1841,35804,8,0.3,4.0,chemdep_cal,14,50,50
CHEMBL1841,35804,8,0.3,4.0,multi_fp_rf,15,50,50
CHEMBL1841,35804,8,0.3,4.0,augmented_13view_rf,17,50,50
CHEMBL1841,35804,8,0.3,6.0,score_cap1,15,50,50
CHEMBL1841,35804,8,0.3,6.0,chemdep_cal,14,50,50
CHEMBL1841,35804,8,0.3,6.0,multi_fp_rf,15,50,50
CHEMBL1841,35804,8,0.3,6.0,augmented_13view_rf,17,50,50
CHEMBL1841,35804,9,0.2,4.0,score_cap1,15,50,50
CHEMBL1841,35804,9,0.2,4.0,chemdep_cal,14,50,50
CHEMBL1841,35804,9,0.2,4.0,multi_fp_rf,15,50,50
CHEMBL1841,35804,9,0.2,4.0,augmented_13view_rf,17,50,50
CHEMBL1841,35804,9,0.2,6.0,score_cap1,15,50,50
CHEMBL1841,35804,9,0.2,6.0,chemdep_cal,14,50,50
CHEMBL1841,35804,9,0.2,6.0,multi_fp_rf,15,50,50
CHEMBL1841,35804,9,0.2,6.0,augmented_13view_rf,17,50,50
CHEMBL1841,35804,9,0.3,4.0,score_cap1,15,50,50
CHEMBL1841,35804,9,0.3,4.0,chemdep_cal,14,50,50
CHEMBL1841,35804,9,0.3,4.0,multi_fp_rf,15,50,50
CHEMBL1841,35804,9,0.3,4.0,augmented_13view_rf,17,50,50
CHEMBL1841,35804,9,0.3,6.0,score_cap1,15,50,50
CHEMBL1841,35804,9,0.3,6.0,chemdep_cal,14,50,50
CHEMBL1841,35804,9,0.3,6.0,multi_fp_rf,15,50,50
CHEMBL1841,35804,9,0.3,6.0,augmented_13view_rf,17,50,50
CHEMBL1844,35804,0,0.2,4.0,score_cap1,49,50,50
CHEMBL1844,35804,0,0.2,4.0,chemdep_cal,48,50,50
CHEMBL1844,35804,0,0.2,4.0,multi_fp_rf,50,50,50
CHEMBL1844,35804,0,0.2,4.0,augmented_13view_rf,50,50,50
CHEMBL1844,35804,0,0.2,6.0,score_cap1,48,50,50
CHEMBL1844,35804,0,0.2,6.0,chemdep_cal,48,50,50
CHEMBL1844,35804,0,0.2,6.0,multi_fp_rf,50,50,50
CHEMBL1844,35804,0,0.2,6.0,augmented_13view_rf,50,50,50
CHEMBL1844,35804,0,0.3,4.0,score_cap1,49,50,50
CHEMBL1844,35804,0,0.3,4.0,chemdep_cal,48,50,50
CHEMBL1844,35804,0,0.3,4.0,multi_fp_rf,50,50,50
CHEMBL1844,35804,0,0.3,4.0,augmented_13view_rf,50,50,50
CHEMBL1844,35804,0,0.3,6.0,score_cap1,47,50,50
CHEMBL1844,35804,0,0.3,6.0,chemdep_cal,48,50,50
CHEMBL1844,35804,0,0.3,6.0,multi_fp_rf,49,50,50
CHEMBL1844,35804,0,0.3,6.0,augmented_13view_rf,50,50,50
CHEMBL1844,35804,1,0.2,4.0,score_cap1,49,50,50
CHEMBL1844,35804,1,0.2,4.0,chemdep_cal,48,50,50
CHEMBL1844,35804,1,0.2,4.0,multi_fp_rf,50,50,50
CHEMBL1844,35804,1,0.2,4.0,augmented_13view_rf,50,50,50
CHEMBL1844,35804,1,0.2,6.0,score_cap1,48,50,50
CHEMBL1844,35804,1,0.2,6.0,chemdep_cal,48,50,50
CHEMBL1844,35804,1,0.2,6.0,multi_fp_rf,50,50,50
CHEMBL1844,35804,1,0.2,6.0,augmented_13view_rf,50,50,50
CHEMBL1844,35804,1,0.3,4.0,score_cap1,49,50,50
CHEMBL1844,35804,1,0.3,4.0,chemdep_cal,48,50,50
CHEMBL1844,35804,1,0.3,4.0,multi_fp_rf,50,50,50
CHEMBL1844,35804,1,0.3,4.0,augmented_13view_rf,50,50,50
CHEMBL1844,35804,1,0.3,6.0,score_cap1,47,50,50
CHEMBL1844,35804,1,0.3,6.0,chemdep_cal,48,50,50
CHEMBL1844,35804,1,0.3,6.0,multi_fp_rf,49,50,50
CHEMBL1844,35804,1,0.3,6.0,augmented_13view_rf,50,50,50
CHEMBL1844,35804,2,0.2,4.0,score_cap1,49,50,50
CHEMBL1844,35804,2,0.2,4.0,chemdep_cal,48,50,50
CHEMBL1844,35804,2,0.2,4.0,multi_fp_rf,50,50,50
CHEMBL1844,35804,2,0.2,4.0,augmented_13view_rf,50,50,50
CHEMBL1844,35804,2,0.2,6.0,score_cap1,48,50,50
CHEMBL1844,35804,2,0.2,6.0,chemdep_cal,48,50,50
CHEMBL1844,35804,2,0.2,6.0,multi_fp_rf,50,50,50
CHEMBL1844,35804,2,0.2,6.0,augmented_13view_rf,50,50,50
CHEMBL1844,35804,2,0.3,4.0,score_cap1,49,50,50
CHEMBL1844,35804,2,0.3,4.0,chemdep_cal,48,50,50
CHEMBL1844,35804,2,0.3,4.0,multi_fp_rf,50,50,50
CHEMBL1844,35804,2,0.3,4.0,augmented_13view_rf,50,50,50
CHEMBL1844,35804,2,0.3,6.0,score_cap1,47,50,50
CHEMBL1844,35804,2,0.3,6.0,chemdep_cal,48,50,50
CHEMBL1844,35804,2,0.3,6.0,multi_fp_rf,49,50,50
CHEMBL1844,35804,2,0.3,6.0,augmented_13view_rf,50,50,50
CHEMBL1844,35804,3,0.2,4.0,score_cap1,49,50,50
CHEMBL1844,35804,3,0.2,4.0,chemdep_cal,48,50,50
CHEMBL1844,35804,3,0.2,4.0,multi_fp_rf,50,50,50
CHEMBL1844,35804,3,0.2,4.0,augmented_13view_rf,50,50,50
CHEMBL1844,35804,3,0.2,6.0,score_cap1,48,50,50
CHEMBL1844,35804,3,0.2,6.0,chemdep_cal,48,50,50
CHEMBL1844,35804,3,0.2,6.0,multi_fp_rf,50,50,50
CHEMBL1844,35804,3,0.2,6.0,augmented_13view_rf,50,50,50
CHEMBL1844,35804,3,0.3,4.0,score_cap1,49,50,50
CHEMBL1844,35804,3,0.3,4.0,chemdep_cal,48,50,50
CHEMBL1844,35804,3,0.3,4.0,multi_fp_rf,50,50,50
CHEMBL1844,35804,3,0.3,4.0,augmented_13view_rf,50,50,50
CHEMBL1844,35804,3,0.3,6.0,score_cap1,47,50,50
CHEMBL1844,35804,3,0.3,6.0,chemdep_cal,48,50,50
CHEMBL1844,35804,3,0.3,6.0,multi_fp_rf,49,50,50
CHEMBL1844,35804,3,0.3,6.0,augmented_13view_rf,50,50,50
CHEMBL1844,35804,4,0.2,4.0,score_cap1,49,50,50
CHEMBL1844,35804,4,0.2,4.0,chemdep_cal,48,50,50
CHEMBL1844,35804,4,0.2,4.0,multi_fp_rf,50,50,50
CHEMBL1844,35804,4,0.2,4.0,augmented_13view_rf,50,50,50
CHEMBL1844,35804,4,0.2,6.0,score_cap1,48,50,50
CHEMBL1844,35804,4,0.2,6.0,chemdep_cal,48,50,50
CHEMBL1844,35804,4,0.2,6.0,multi_fp_rf,49,50,50
CHEMBL1844,35804,4,0.2,6.0,augmented_13view_rf,50,50,50
CHEMBL1844,35804,4,0.3,4.0,score_cap1,49,50,50
CHEMBL1844,35804,4,0.3,4.0,chemdep_cal,48,50,50
CHEMBL1844,35804,4,0.3,4.0,multi_fp_rf,50,50,50
CHEMBL1844,35804,4,0.3,4.0,augmented_13view_rf,50,50,50
CHEMBL1844,35804,4,0.3,6.0,score_cap1,47,50,50
CHEMBL1844,35804,4,0.3,6.0,chemdep_cal,48,50,50
CHEMBL1844,35804,4,0.3,6.0,multi_fp_rf,49,50,50
CHEMBL1844,35804,4,0.3,6.0,augmented_13view_rf,50,50,50
CHEMBL1844,35804,5,0.2,4.0,score_cap1,49,50,50
CHEMBL1844,35804,5,0.2,4.0,chemdep_cal,48,50,50
CHEMBL1844,35804,5,0.2,4.0,multi_fp_rf,50,50,50
CHEMBL1844,35804,5,0.2,4.0,augmented_13view_rf,50,50,50
CHEMBL1844,35804,5,0.2,6.0,score_cap1,48,50,50
CHEMBL1844,35804,5,0.2,6.0,chemdep_cal,48,50,50
CHEMBL1844,35804,5,0.2,6.0,multi_fp_rf,49,50,50
CHEMBL1844,35804,5,0.2,6.0,augmented_13view_rf,50,50,50
CHEMBL1844,35804,5,0.3,4.0,score_cap1,49,50,50
CHEMBL1844,35804,5,0.3,4.0,chemdep_cal,48,50,50
CHEMBL1844,35804,5,0.3,4.0,multi_fp_rf,50,50,50
CHEMBL1844,35804,5,0.3,4.0,augmented_13view_rf,50,50,50
CHEMBL1844,35804,5,0.3,6.0,score_cap1,47,50,50
CHEMBL1844,35804,5,0.3,6.0,chemdep_cal,48,50,50
CHEMBL1844,35804,5,0.3,6.0,multi_fp_rf,50,50,50
CHEMBL1844,35804,5,0.3,6.0,augmented_13view_rf,50,50,50
CHEMBL1844,35804,6,0.2,4.0,score_cap1,49,50,50
CHEMBL1844,35804,6,0.2,4.0,chemdep_cal,48,50,50
CHEMBL1844,35804,6,0.2,4.0,multi_fp_rf,50,50,50
CHEMBL1844,35804,6,0.2,4.0,augmented_13view_rf,50,50,50
CHEMBL1844,35804,6,0.2,6.0,score_cap1,48,50,50
CHEMBL1844,35804,6,0.2,6.0,chemdep_cal,48,50,50
CHEMBL1844,35804,6,0.2,6.0,multi_fp_rf,50,50,50
CHEMBL1844,35804,6,0.2,6.0,augmented_13view_rf,50,50,50
CHEMBL1844,35804,6,0.3,4.0,score_cap1,49,50,50
CHEMBL1844,35804,6,0.3,4.0,chemdep_cal,48,50,50
CHEMBL1844,35804,6,0.3,4.0,multi_fp_rf,50,50,50
CHEMBL1844,35804,6,0.3,4.0,augmented_13view_rf,50,50,50
CHEMBL1844,35804,6,0.3,6.0,score_cap1,47,50,50
CHEMBL1844,35804,6,0.3,6.0,chemdep_cal,48,50,50
CHEMBL1844,35804,6,0.3,6.0,multi_fp_rf,50,50,50
CHEMBL1844,35804,6,0.3,6.0,augmented_13view_rf,50,50,50
CHEMBL1844,35804,7,0.2,4.0,score_cap1,49,50,50
CHEMBL1844,35804,7,0.2,4.0,chemdep_cal,48,50,50
CHEMBL1844,35804,7,0.2,4.0,multi_fp_rf,50,50,50
CHEMBL1844,35804,7,0.2,4.0,augmented_13view_rf,50,50,50
CHEMBL1844,35804,7,0.2,6.0,score_cap1,48,50,50
CHEMBL1844,35804,7,0.2,6.0,chemdep_cal,48,50,50
CHEMBL1844,35804,7,0.2,6.0,multi_fp_rf,49,50,50
CHEMBL1844,35804,7,0.2,6.0,augmented_13view_rf,50,50,50
CHEMBL1844,35804,7,0.3,4.0,score_cap1,49,50,50
CHEMBL1844,35804,7,0.3,4.0,chemdep_cal,48,50,50
CHEMBL1844,35804,7,0.3,4.0,multi_fp_rf,50,50,50
CHEMBL1844,35804,7,0.3,4.0,augmented_13view_rf,50,50,50
CHEMBL1844,35804,7,0.3,6.0,score_cap1,47,50,50
CHEMBL1844,35804,7,0.3,6.0,chemdep_cal,48,50,50
CHEMBL1844,35804,7,0.3,6.0,multi_fp_rf,50,50,50
CHEMBL1844,35804,7,0.3,6.0,augmented_13view_rf,50,50,50
CHEMBL1844,35804,8,0.2,4.0,score_cap1,49,50,50
CHEMBL1844,35804,8,0.2,4.0,chemdep_cal,48,50,50
CHEMBL1844,35804,8,0.2,4.0,multi_fp_rf,50,50,50
CHEMBL1844,35804,8,0.2,4.0,augmented_13view_rf,50,50,50
CHEMBL1844,35804,8,0.2,6.0,score_cap1,48,50,50
CHEMBL1844,35804,8,0.2,6.0,chemdep_cal,48,50,50
CHEMBL1844,35804,8,0.2,6.0,multi_fp_rf,50,50,50
CHEMBL1844,35804,8,0.2,6.0,augmented_13view_rf,50,50,50
CHEMBL1844,35804,8,0.3,4.0,score_cap1,49,50,50
CHEMBL1844,35804,8,0.3,4.0,chemdep_cal,48,50,50
CHEMBL1844,35804,8,0.3,4.0,multi_fp_rf,50,50,50
CHEMBL1844,35804,8,0.3,4.0,augmented_13view_rf,50,50,50
CHEMBL1844,35804,8,0.3,6.0,score_cap1,47,50,50
CHEMBL1844,35804,8,0.3,6.0,chemdep_cal,48,50,50
CHEMBL1844,35804,8,0.3,6.0,multi_fp_rf,50,50,50
CHEMBL1844,35804,8,0.3,6.0,augmented_13view_rf,50,50,50
CHEMBL1844,35804,9,0.2,4.0,score_cap1,49,50,50
CHEMBL1844,35804,9,0.2,4.0,chemdep_cal,48,50,50
CHEMBL1844,35804,9,0.2,4.0,multi_fp_rf,50,50,50
CHEMBL1844,35804,9,0.2,4.0,augmented_13view_rf,50,50,50
CHEMBL1844,35804,9,0.2,6.0,score_cap1,48,50,50
CHEMBL1844,35804,9,0.2,6.0,chemdep_cal,48,50,50
CHEMBL1844,35804,9,0.2,6.0,multi_fp_rf,50,50,50
CHEMBL1844,35804,9,0.2,6.0,augmented_13view_rf,50,50,50
CHEMBL1844,35804,9,0.3,4.0,score_cap1,49,50,50
CHEMBL1844,35804,9,0.3,4.0,chemdep_cal,48,50,50
CHEMBL1844,35804,9,0.3,4.0,multi_fp_rf,50,50,50
CHEMBL1844,35804,9,0.3,4.0,augmented_13view_rf,50,50,50
CHEMBL1844,35804,9,0.3,6.0,score_cap1,47,50,50
CHEMBL1844,35804,9,0.3,6.0,chemdep_cal,48,50,50
CHEMBL1844,35804,9,0.3,6.0,multi_fp_rf,50,50,50
CHEMBL1844,35804,9,0.3,6.0,augmented_13view_rf,50,50,50
CHEMBL1862,35804,0,0.2,4.0,score_cap1,49,50,50
CHEMBL1862,35804,0,0.2,4.0,chemdep_cal,49,50,50
CHEMBL1862,35804,0,0.2,4.0,multi_fp_rf,49,50,50
CHEMBL1862,35804,0,0.2,4.0,augmented_13view_rf,49,50,50
CHEMBL1862,35804,0,0.2,6.0,score_cap1,49,50,50
CHEMBL1862,35804,0,0.2,6.0,chemdep_cal,49,50,50
CHEMBL1862,35804,0,0.2,6.0,multi_fp_rf,49,50,50
CHEMBL1862,35804,0,0.2,6.0,augmented_13view_rf,49,50,50
CHEMBL1862,35804,0,0.3,4.0,score_cap1,50,50,50
CHEMBL1862,35804,0,0.3,4.0,chemdep_cal,49,50,50
CHEMBL1862,35804,0,0.3,4.0,multi_fp_rf,50,50,50
CHEMBL1862,35804,0,0.3,4.0,augmented_13view_rf,49,50,50
CHEMBL1862,35804,0,0.3,6.0,score_cap1,49,50,50
CHEMBL1862,35804,0,0.3,6.0,chemdep_cal,48,50,50
CHEMBL1862,35804,0,0.3,6.0,multi_fp_rf,50,50,50
CHEMBL1862,35804,0,0.3,6.0,augmented_13view_rf,49,50,50
CHEMBL1862,35804,1,0.2,4.0,score_cap1,50,50,50
CHEMBL1862,35804,1,0.2,4.0,chemdep_cal,49,50,50
CHEMBL1862,35804,1,0.2,4.0,multi_fp_rf,50,50,50
CHEMBL1862,35804,1,0.2,4.0,augmented_13view_rf,49,50,50
CHEMBL1862,35804,1,0.2,6.0,score_cap1,49,50,50
CHEMBL1862,35804,1,0.2,6.0,chemdep_cal,48,50,50
CHEMBL1862,35804,1,0.2,6.0,multi_fp_rf,50,50,50
CHEMBL1862,35804,1,0.2,6.0,augmented_13view_rf,49,50,50
CHEMBL1862,35804,1,0.3,4.0,score_cap1,50,50,50
CHEMBL1862,35804,1,0.3,4.0,chemdep_cal,49,50,50
CHEMBL1862,35804,1,0.3,4.0,multi_fp_rf,50,50,50
CHEMBL1862,35804,1,0.3,4.0,augmented_13view_rf,49,50,50
CHEMBL1862,35804,1,0.3,6.0,score_cap1,48,50,50
CHEMBL1862,35804,1,0.3,6.0,chemdep_cal,47,50,50
CHEMBL1862,35804,1,0.3,6.0,multi_fp_rf,50,50,50
CHEMBL1862,35804,1,0.3,6.0,augmented_13view_rf,49,50,50
CHEMBL1862,35804,2,0.2,4.0,score_cap1,50,50,50
CHEMBL1862,35804,2,0.2,4.0,chemdep_cal,49,50,50
CHEMBL1862,35804,2,0.2,4.0,multi_fp_rf,50,50,50
CHEMBL1862,35804,2,0.2,4.0,augmented_13view_rf,49,50,50
CHEMBL1862,35804,2,0.2,6.0,score_cap1,49,50,50
CHEMBL1862,35804,2,0.2,6.0,chemdep_cal,48,50,50
CHEMBL1862,35804,2,0.2,6.0,multi_fp_rf,50,50,50
CHEMBL1862,35804,2,0.2,6.0,augmented_13view_rf,49,50,50
CHEMBL1862,35804,2,0.3,4.0,score_cap1,49,50,50
CHEMBL1862,35804,2,0.3,4.0,chemdep_cal,49,50,50
CHEMBL1862,35804,2,0.3,4.0,multi_fp_rf,49,50,50
CHEMBL1862,35804,2,0.3,4.0,augmented_13view_rf,49,50,50
CHEMBL1862,35804,2,0.3,6.0,score_cap1,49,50,50
CHEMBL1862,35804,2,0.3,6.0,chemdep_cal,49,50,50
CHEMBL1862,35804,2,0.3,6.0,multi_fp_rf,49,50,50
CHEMBL1862,35804,2,0.3,6.0,augmented_13view_rf,49,50,50
CHEMBL1862,35804,3,0.2,4.0,score_cap1,50,50,50
CHEMBL1862,35804,3,0.2,4.0,chemdep_cal,49,50,50
CHEMBL1862,35804,3,0.2,4.0,multi_fp_rf,50,50,50
CHEMBL1862,35804,3,0.2,4.0,augmented_13view_rf,49,50,50
CHEMBL1862,35804,3,0.2,6.0,score_cap1,49,50,50
CHEMBL1862,35804,3,0.2,6.0,chemdep_cal,48,50,50
CHEMBL1862,35804,3,0.2,6.0,multi_fp_rf,50,50,50
CHEMBL1862,35804,3,0.2,6.0,augmented_13view_rf,49,50,50
CHEMBL1862,35804,3,0.3,4.0,score_cap1,49,50,50
CHEMBL1862,35804,3,0.3,4.0,chemdep_cal,49,50,50
CHEMBL1862,35804,3,0.3,4.0,multi_fp_rf,49,50,50
CHEMBL1862,35804,3,0.3,4.0,augmented_13view_rf,49,50,50
CHEMBL1862,35804,3,0.3,6.0,score_cap1,49,50,50
CHEMBL1862,35804,3,0.3,6.0,chemdep_cal,49,50,50
CHEMBL1862,35804,3,0.3,6.0,multi_fp_rf,49,50,50
CHEMBL1862,35804,3,0.3,6.0,augmented_13view_rf,49,50,50
CHEMBL1862,35804,4,0.2,4.0,score_cap1,49,50,50
CHEMBL1862,35804,4,0.2,4.0,chemdep_cal,49,50,50
CHEMBL1862,35804,4,0.2,4.0,multi_fp_rf,49,50,50
CHEMBL1862,35804,4,0.2,4.0,augmented_13view_rf,49,50,50
CHEMBL1862,35804,4,0.2,6.0,score_cap1,49,50,50
CHEMBL1862,35804,4,0.2,6.0,chemdep_cal,49,50,50
CHEMBL1862,35804,4,0.2,6.0,multi_fp_rf,49,50,50
CHEMBL1862,35804,4,0.2,6.0,augmented_13view_rf,49,50,50
CHEMBL1862,35804,4,0.3,4.0,score_cap1,49,50,50
CHEMBL1862,35804,4,0.3,4.0,chemdep_cal,49,50,50
CHEMBL1862,35804,4,0.3,4.0,multi_fp_rf,49,50,50
CHEMBL1862,35804,4,0.3,4.0,augmented_13view_rf,49,50,50
CHEMBL1862,35804,4,0.3,6.0,score_cap1,48,50,50
CHEMBL1862,35804,4,0.3,6.0,chemdep_cal,48,50,50
CHEMBL1862,35804,4,0.3,6.0,multi_fp_rf,49,50,50
CHEMBL1862,35804,4,0.3,6.0,augmented_13view_rf,49,50,50
CHEMBL1862,35804,5,0.2,4.0,score_cap1,50,50,50
CHEMBL1862,35804,5,0.2,4.0,chemdep_cal,49,50,50
CHEMBL1862,35804,5,0.2,4.0,multi_fp_rf,50,50,50
CHEMBL1862,35804,5,0.2,4.0,augmented_13view_rf,49,50,50
CHEMBL1862,35804,5,0.2,6.0,score_cap1,48,50,50
CHEMBL1862,35804,5,0.2,6.0,chemdep_cal,47,50,50
CHEMBL1862,35804,5,0.2,6.0,multi_fp_rf,50,50,50
CHEMBL1862,35804,5,0.2,6.0,augmented_13view_rf,49,50,50
CHEMBL1862,35804,5,0.3,4.0,score_cap1,50,50,50
CHEMBL1862,35804,5,0.3,4.0,chemdep_cal,49,50,50
CHEMBL1862,35804,5,0.3,4.0,multi_fp_rf,50,50,50
CHEMBL1862,35804,5,0.3,4.0,augmented_13view_rf,49,50,50
CHEMBL1862,35804,5,0.3,6.0,score_cap1,49,50,50
CHEMBL1862,35804,5,0.3,6.0,chemdep_cal,48,50,50
CHEMBL1862,35804,5,0.3,6.0,multi_fp_rf,50,50,50
CHEMBL1862,35804,5,0.3,6.0,augmented_13view_rf,49,50,50
CHEMBL1862,35804,6,0.2,4.0,score_cap1,49,50,50
CHEMBL1862,35804,6,0.2,4.0,chemdep_cal,49,50,50
CHEMBL1862,35804,6,0.2,4.0,multi_fp_rf,49,50,50
CHEMBL1862,35804,6,0.2,4.0,augmented_13view_rf,49,50,50
CHEMBL1862,35804,6,0.2,6.0,score_cap1,48,50,50
CHEMBL1862,35804,6,0.2,6.0,chemdep_cal,48,50,50
CHEMBL1862,35804,6,0.2,6.0,multi_fp_rf,49,50,50
CHEMBL1862,35804,6,0.2,6.0,augmented_13view_rf,49,50,50
CHEMBL1862,35804,6,0.3,4.0,score_cap1,49,50,50
CHEMBL1862,35804,6,0.3,4.0,chemdep_cal,49,50,50
CHEMBL1862,35804,6,0.3,4.0,multi_fp_rf,49,50,50
CHEMBL1862,35804,6,0.3,4.0,augmented_13view_rf,49,50,50
CHEMBL1862,35804,6,0.3,6.0,score_cap1,48,50,50
CHEMBL1862,35804,6,0.3,6.0,chemdep_cal,48,50,50
CHEMBL1862,35804,6,0.3,6.0,multi_fp_rf,49,50,50
CHEMBL1862,35804,6,0.3,6.0,augmented_13view_rf,49,50,50
CHEMBL1862,35804,7,0.2,4.0,score_cap1,49,50,50
CHEMBL1862,35804,7,0.2,4.0,chemdep_cal,49,50,50
CHEMBL1862,35804,7,0.2,4.0,multi_fp_rf,49,50,50
CHEMBL1862,35804,7,0.2,4.0,augmented_13view_rf,49,50,50
CHEMBL1862,35804,7,0.2,6.0,score_cap1,49,50,50
CHEMBL1862,35804,7,0.2,6.0,chemdep_cal,49,50,50
CHEMBL1862,35804,7,0.2,6.0,multi_fp_rf,49,50,50
CHEMBL1862,35804,7,0.2,6.0,augmented_13view_rf,49,50,50
CHEMBL1862,35804,7,0.3,4.0,score_cap1,49,50,50
CHEMBL1862,35804,7,0.3,4.0,chemdep_cal,49,50,50
CHEMBL1862,35804,7,0.3,4.0,multi_fp_rf,49,50,50
CHEMBL1862,35804,7,0.3,4.0,augmented_13view_rf,49,50,50
CHEMBL1862,35804,7,0.3,6.0,score_cap1,48,50,50
CHEMBL1862,35804,7,0.3,6.0,chemdep_cal,48,50,50
CHEMBL1862,35804,7,0.3,6.0,multi_fp_rf,49,50,50
CHEMBL1862,35804,7,0.3,6.0,augmented_13view_rf,49,50,50
CHEMBL1862,35804,8,0.2,4.0,score_cap1,49,50,50
CHEMBL1862,35804,8,0.2,4.0,chemdep_cal,49,50,50
CHEMBL1862,35804,8,0.2,4.0,multi_fp_rf,49,50,50
CHEMBL1862,35804,8,0.2,4.0,augmented_13view_rf,49,50,50
CHEMBL1862,35804,8,0.2,6.0,score_cap1,49,50,50
CHEMBL1862,35804,8,0.2,6.0,chemdep_cal,49,50,50
CHEMBL1862,35804,8,0.2,6.0,multi_fp_rf,49,50,50
CHEMBL1862,35804,8,0.2,6.0,augmented_13view_rf,49,50,50
CHEMBL1862,35804,8,0.3,4.0,score_cap1,50,50,50
CHEMBL1862,35804,8,0.3,4.0,chemdep_cal,49,50,50
CHEMBL1862,35804,8,0.3,4.0,multi_fp_rf,50,50,50
CHEMBL1862,35804,8,0.3,4.0,augmented_13view_rf,49,50,50
CHEMBL1862,35804,8,0.3,6.0,score_cap1,48,50,50
CHEMBL1862,35804,8,0.3,6.0,chemdep_cal,47,50,50
CHEMBL1862,35804,8,0.3,6.0,multi_fp_rf,50,50,50
CHEMBL1862,35804,8,0.3,6.0,augmented_13view_rf,49,50,50
CHEMBL1862,35804,9,0.2,4.0,score_cap1,50,50,50
CHEMBL1862,35804,9,0.2,4.0,chemdep_cal,49,50,50
CHEMBL1862,35804,9,0.2,4.0,multi_fp_rf,50,50,50
CHEMBL1862,35804,9,0.2,4.0,augmented_13view_rf,49,50,50
CHEMBL1862,35804,9,0.2,6.0,score_cap1,49,50,50
CHEMBL1862,35804,9,0.2,6.0,chemdep_cal,49,50,50
CHEMBL1862,35804,9,0.2,6.0,multi_fp_rf,50,50,50
CHEMBL1862,35804,9,0.2,6.0,augmented_13view_rf,49,50,50
CHEMBL1862,35804,9,0.3,4.0,score_cap1,49,50,50
CHEMBL1862,35804,9,0.3,4.0,chemdep_cal,49,50,50
CHEMBL1862,35804,9,0.3,4.0,multi_fp_rf,49,50,50
CHEMBL1862,35804,9,0.3,4.0,augmented_13view_rf,49,50,50
CHEMBL1862,35804,9,0.3,6.0,score_cap1,49,50,50
CHEMBL1862,35804,9,0.3,6.0,chemdep_cal,49,50,50
CHEMBL1862,35804,9,0.3,6.0,multi_fp_rf,49,50,50
CHEMBL1862,35804,9,0.3,6.0,augmented_13view_rf,49,50,50
CHEMBL1865,35804,0,0.2,4.0,score_cap1,48,50,50
CHEMBL1865,35804,0,0.2,4.0,chemdep_cal,49,50,50
CHEMBL1865,35804,0,0.2,4.0,multi_fp_rf,50,50,50
CHEMBL1865,35804,0,0.2,4.0,augmented_13view_rf,49,50,50
CHEMBL1865,35804,0,0.2,6.0,score_cap1,47,50,50
CHEMBL1865,35804,0,0.2,6.0,chemdep_cal,49,50,50
CHEMBL1865,35804,0,0.2,6.0,multi_fp_rf,50,50,50
CHEMBL1865,35804,0,0.2,6.0,augmented_13view_rf,49,50,50
CHEMBL1865,35804,0,0.3,4.0,score_cap1,45,50,50
CHEMBL1865,35804,0,0.3,4.0,chemdep_cal,49,50,50
CHEMBL1865,35804,0,0.3,4.0,multi_fp_rf,49,50,50
CHEMBL1865,35804,0,0.3,4.0,augmented_13view_rf,50,50,50
CHEMBL1865,35804,0,0.3,6.0,score_cap1,44,50,50
CHEMBL1865,35804,0,0.3,6.0,chemdep_cal,49,50,50
CHEMBL1865,35804,0,0.3,6.0,multi_fp_rf,49,50,50
CHEMBL1865,35804,0,0.3,6.0,augmented_13view_rf,50,50,50
CHEMBL1865,35804,1,0.2,4.0,score_cap1,48,50,50
CHEMBL1865,35804,1,0.2,4.0,chemdep_cal,49,50,50
CHEMBL1865,35804,1,0.2,4.0,multi_fp_rf,49,50,50
CHEMBL1865,35804,1,0.2,4.0,augmented_13view_rf,49,50,50
CHEMBL1865,35804,1,0.2,6.0,score_cap1,47,50,50
CHEMBL1865,35804,1,0.2,6.0,chemdep_cal,49,50,50
CHEMBL1865,35804,1,0.2,6.0,multi_fp_rf,49,50,50
CHEMBL1865,35804,1,0.2,6.0,augmented_13view_rf,49,50,50
CHEMBL1865,35804,1,0.3,4.0,score_cap1,48,50,50
CHEMBL1865,35804,1,0.3,4.0,chemdep_cal,49,50,50
CHEMBL1865,35804,1,0.3,4.0,multi_fp_rf,50,50,50
CHEMBL1865,35804,1,0.3,4.0,augmented_13view_rf,49,50,50
CHEMBL1865,35804,1,0.3,6.0,score_cap1,46,50,50
CHEMBL1865,35804,1,0.3,6.0,chemdep_cal,49,50,50
CHEMBL1865,35804,1,0.3,6.0,multi_fp_rf,50,50,50
CHEMBL1865,35804,1,0.3,6.0,augmented_13view_rf,49,50,50
CHEMBL1865,35804,2,0.2,4.0,score_cap1,48,50,50
CHEMBL1865,35804,2,0.2,4.0,chemdep_cal,49,50,50
CHEMBL1865,35804,2,0.2,4.0,multi_fp_rf,50,50,50
CHEMBL1865,35804,2,0.2,4.0,augmented_13view_rf,49,50,50
CHEMBL1865,35804,2,0.2,6.0,score_cap1,46,50,50
CHEMBL1865,35804,2,0.2,6.0,chemdep_cal,49,50,50
CHEMBL1865,35804,2,0.2,6.0,multi_fp_rf,50,50,50
CHEMBL1865,35804,2,0.2,6.0,augmented_13view_rf,49,50,50
CHEMBL1865,35804,2,0.3,4.0,score_cap1,48,50,50
CHEMBL1865,35804,2,0.3,4.0,chemdep_cal,49,50,50
CHEMBL1865,35804,2,0.3,4.0,multi_fp_rf,50,50,50
CHEMBL1865,35804,2,0.3,4.0,augmented_13view_rf,50,50,50
CHEMBL1865,35804,2,0.3,6.0,score_cap1,45,50,50
CHEMBL1865,35804,2,0.3,6.0,chemdep_cal,49,50,50
CHEMBL1865,35804,2,0.3,6.0,multi_fp_rf,50,50,50
CHEMBL1865,35804,2,0.3,6.0,augmented_13view_rf,50,50,50
CHEMBL1865,35804,3,0.2,4.0,score_cap1,48,50,50
CHEMBL1865,35804,3,0.2,4.0,chemdep_cal,49,50,50
CHEMBL1865,35804,3,0.2,4.0,multi_fp_rf,50,50,50
CHEMBL1865,35804,3,0.2,4.0,augmented_13view_rf,49,50,50
CHEMBL1865,35804,3,0.2,6.0,score_cap1,46,50,50
CHEMBL1865,35804,3,0.2,6.0,chemdep_cal,49,50,50
CHEMBL1865,35804,3,0.2,6.0,multi_fp_rf,50,50,50
CHEMBL1865,35804,3,0.2,6.0,augmented_13view_rf,49,50,50
CHEMBL1865,35804,3,0.3,4.0,score_cap1,48,50,50
CHEMBL1865,35804,3,0.3,4.0,chemdep_cal,49,50,50
CHEMBL1865,35804,3,0.3,4.0,multi_fp_rf,50,50,50
CHEMBL1865,35804,3,0.3,4.0,augmented_13view_rf,49,50,50
CHEMBL1865,35804,3,0.3,6.0,score_cap1,45,50,50
CHEMBL1865,35804,3,0.3,6.0,chemdep_cal,49,50,50
CHEMBL1865,35804,3,0.3,6.0,multi_fp_rf,50,50,50
CHEMBL1865,35804,3,0.3,6.0,augmented_13view_rf,49,50,50
CHEMBL1865,35804,4,0.2,4.0,score_cap1,48,50,50
CHEMBL1865,35804,4,0.2,4.0,chemdep_cal,49,50,50
CHEMBL1865,35804,4,0.2,4.0,multi_fp_rf,50,50,50
CHEMBL1865,35804,4,0.2,4.0,augmented_13view_rf,49,50,50
CHEMBL1865,35804,4,0.2,6.0,score_cap1,47,50,50
CHEMBL1865,35804,4,0.2,6.0,chemdep_cal,49,50,50
CHEMBL1865,35804,4,0.2,6.0,multi_fp_rf,50,50,50
CHEMBL1865,35804,4,0.2,6.0,augmented_13view_rf,49,50,50
CHEMBL1865,35804,4,0.3,4.0,score_cap1,46,50,50
CHEMBL1865,35804,4,0.3,4.0,chemdep_cal,49,50,50
CHEMBL1865,35804,4,0.3,4.0,multi_fp_rf,50,50,50
CHEMBL1865,35804,4,0.3,4.0,augmented_13view_rf,49,50,50
CHEMBL1865,35804,4,0.3,6.0,score_cap1,45,50,50
CHEMBL1865,35804,4,0.3,6.0,chemdep_cal,49,50,50
CHEMBL1865,35804,4,0.3,6.0,multi_fp_rf,50,50,50
CHEMBL1865,35804,4,0.3,6.0,augmented_13view_rf,49,50,50
CHEMBL1865,35804,5,0.2,4.0,score_cap1,47,50,50
CHEMBL1865,35804,5,0.2,4.0,chemdep_cal,49,50,50
CHEMBL1865,35804,5,0.2,4.0,multi_fp_rf,50,50,50
CHEMBL1865,35804,5,0.2,4.0,augmented_13view_rf,49,50,50
CHEMBL1865,35804,5,0.2,6.0,score_cap1,47,50,50
CHEMBL1865,35804,5,0.2,6.0,chemdep_cal,49,50,50
CHEMBL1865,35804,5,0.2,6.0,multi_fp_rf,50,50,50
CHEMBL1865,35804,5,0.2,6.0,augmented_13view_rf,49,50,50
CHEMBL1865,35804,5,0.3,4.0,score_cap1,49,50,50
CHEMBL1865,35804,5,0.3,4.0,chemdep_cal,49,50,50
CHEMBL1865,35804,5,0.3,4.0,multi_fp_rf,50,50,50
CHEMBL1865,35804,5,0.3,4.0,augmented_13view_rf,49,50,50
CHEMBL1865,35804,5,0.3,6.0,score_cap1,46,50,50
CHEMBL1865,35804,5,0.3,6.0,chemdep_cal,49,50,50
CHEMBL1865,35804,5,0.3,6.0,multi_fp_rf,50,50,50
CHEMBL1865,35804,5,0.3,6.0,augmented_13view_rf,49,50,50
CHEMBL1865,35804,6,0.2,4.0,score_cap1,47,50,50
CHEMBL1865,35804,6,0.2,4.0,chemdep_cal,49,50,50
CHEMBL1865,35804,6,0.2,4.0,multi_fp_rf,50,50,50
CHEMBL1865,35804,6,0.2,4.0,augmented_13view_rf,50,50,50
CHEMBL1865,35804,6,0.2,6.0,score_cap1,47,50,50
CHEMBL1865,35804,6,0.2,6.0,chemdep_cal,49,50,50
CHEMBL1865,35804,6,0.2,6.0,multi_fp_rf,50,50,50
CHEMBL1865,35804,6,0.2,6.0,augmented_13view_rf,50,50,50
CHEMBL1865,35804,6,0.3,4.0,score_cap1,47,50,50
CHEMBL1865,35804,6,0.3,4.0,chemdep_cal,49,50,50
CHEMBL1865,35804,6,0.3,4.0,multi_fp_rf,49,50,50
CHEMBL1865,35804,6,0.3,4.0,augmented_13view_rf,49,50,50
CHEMBL1865,35804,6,0.3,6.0,score_cap1,44,50,50
CHEMBL1865,35804,6,0.3,6.0,chemdep_cal,48,50,50
CHEMBL1865,35804,6,0.3,6.0,multi_fp_rf,49,50,50
CHEMBL1865,35804,6,0.3,6.0,augmented_13view_rf,49,50,50
CHEMBL1865,35804,7,0.2,4.0,score_cap1,47,50,50
CHEMBL1865,35804,7,0.2,4.0,chemdep_cal,49,50,50
CHEMBL1865,35804,7,0.2,4.0,multi_fp_rf,50,50,50
CHEMBL1865,35804,7,0.2,4.0,augmented_13view_rf,50,50,50
CHEMBL1865,35804,7,0.2,6.0,score_cap1,47,50,50
CHEMBL1865,35804,7,0.2,6.0,chemdep_cal,49,50,50
CHEMBL1865,35804,7,0.2,6.0,multi_fp_rf,50,50,50
CHEMBL1865,35804,7,0.2,6.0,augmented_13view_rf,50,50,50
CHEMBL1865,35804,7,0.3,4.0,score_cap1,48,50,50
CHEMBL1865,35804,7,0.3,4.0,chemdep_cal,49,50,50
CHEMBL1865,35804,7,0.3,4.0,multi_fp_rf,49,50,50
CHEMBL1865,35804,7,0.3,4.0,augmented_13view_rf,49,50,50
CHEMBL1865,35804,7,0.3,6.0,score_cap1,46,50,50
CHEMBL1865,35804,7,0.3,6.0,chemdep_cal,49,50,50
CHEMBL1865,35804,7,0.3,6.0,multi_fp_rf,49,50,50
CHEMBL1865,35804,7,0.3,6.0,augmented_13view_rf,49,50,50
CHEMBL1865,35804,8,0.2,4.0,score_cap1,49,50,50
CHEMBL1865,35804,8,0.2,4.0,chemdep_cal,49,50,50
CHEMBL1865,35804,8,0.2,4.0,multi_fp_rf,50,50,50
CHEMBL1865,35804,8,0.2,4.0,augmented_13view_rf,49,50,50
CHEMBL1865,35804,8,0.2,6.0,score_cap1,46,50,50
CHEMBL1865,35804,8,0.2,6.0,chemdep_cal,48,50,50
CHEMBL1865,35804,8,0.2,6.0,multi_fp_rf,50,50,50
CHEMBL1865,35804,8,0.2,6.0,augmented_13view_rf,49,50,50
CHEMBL1865,35804,8,0.3,4.0,score_cap1,48,50,50
CHEMBL1865,35804,8,0.3,4.0,chemdep_cal,49,50,50
CHEMBL1865,35804,8,0.3,4.0,multi_fp_rf,50,50,50
CHEMBL1865,35804,8,0.3,4.0,augmented_13view_rf,49,50,50
CHEMBL1865,35804,8,0.3,6.0,score_cap1,44,50,50
CHEMBL1865,35804,8,0.3,6.0,chemdep_cal,49,50,50
CHEMBL1865,35804,8,0.3,6.0,multi_fp_rf,50,50,50
CHEMBL1865,35804,8,0.3,6.0,augmented_13view_rf,49,50,50
CHEMBL1865,35804,9,0.2,4.0,score_cap1,48,50,50
CHEMBL1865,35804,9,0.2,4.0,chemdep_cal,49,50,50
CHEMBL1865,35804,9,0.2,4.0,multi_fp_rf,50,50,50
CHEMBL1865,35804,9,0.2,4.0,augmented_13view_rf,49,50,50
CHEMBL1865,35804,9,0.2,6.0,score_cap1,47,50,50
CHEMBL1865,35804,9,0.2,6.0,chemdep_cal,49,50,50
CHEMBL1865,35804,9,0.2,6.0,multi_fp_rf,50,50,50
CHEMBL1865,35804,9,0.2,6.0,augmented_13view_rf,49,50,50
CHEMBL1865,35804,9,0.3,4.0,score_cap1,48,50,50
CHEMBL1865,35804,9,0.3,4.0,chemdep_cal,49,50,50
CHEMBL1865,35804,9,0.3,4.0,multi_fp_rf,49,50,50
CHEMBL1865,35804,9,0.3,4.0,augmented_13view_rf,49,50,50
CHEMBL1865,35804,9,0.3,6.0,score_cap1,46,50,50
CHEMBL1865,35804,9,0.3,6.0,chemdep_cal,49,50,50
CHEMBL1865,35804,9,0.3,6.0,multi_fp_rf,49,50,50
CHEMBL1865,35804,9,0.3,6.0,augmented_13view_rf,49,50,50
CHEMBL1867,35804,0,0.2,4.0,score_cap1,35,50,50
CHEMBL1867,35804,0,0.2,4.0,chemdep_cal,34,50,50
CHEMBL1867,35804,0,0.2,4.0,multi_fp_rf,36,50,50
CHEMBL1867,35804,0,0.2,4.0,augmented_13view_rf,35,50,50
CHEMBL1867,35804,0,0.2,6.0,score_cap1,35,50,50
CHEMBL1867,35804,0,0.2,6.0,chemdep_cal,34,50,50
CHEMBL1867,35804,0,0.2,6.0,multi_fp_rf,36,50,50
CHEMBL1867,35804,0,0.2,6.0,augmented_13view_rf,35,50,50
CHEMBL1867,35804,0,0.3,4.0,score_cap1,35,50,50
CHEMBL1867,35804,0,0.3,4.0,chemdep_cal,34,50,50
CHEMBL1867,35804,0,0.3,4.0,multi_fp_rf,35,50,50
CHEMBL1867,35804,0,0.3,4.0,augmented_13view_rf,35,50,50
CHEMBL1867,35804,0,0.3,6.0,score_cap1,35,50,50
CHEMBL1867,35804,0,0.3,6.0,chemdep_cal,34,50,50
CHEMBL1867,35804,0,0.3,6.0,multi_fp_rf,35,50,50
CHEMBL1867,35804,0,0.3,6.0,augmented_13view_rf,35,50,50
CHEMBL1867,35804,1,0.2,4.0,score_cap1,35,50,50
CHEMBL1867,35804,1,0.2,4.0,chemdep_cal,34,50,50
CHEMBL1867,35804,1,0.2,4.0,multi_fp_rf,36,50,50
CHEMBL1867,35804,1,0.2,4.0,augmented_13view_rf,35,50,50
CHEMBL1867,35804,1,0.2,6.0,score_cap1,35,50,50
CHEMBL1867,35804,1,0.2,6.0,chemdep_cal,34,50,50
CHEMBL1867,35804,1,0.2,6.0,multi_fp_rf,36,50,50
CHEMBL1867,35804,1,0.2,6.0,augmented_13view_rf,35,50,50
CHEMBL1867,35804,1,0.3,4.0,score_cap1,35,50,50
CHEMBL1867,35804,1,0.3,4.0,chemdep_cal,34,50,50
CHEMBL1867,35804,1,0.3,4.0,multi_fp_rf,35,50,50
CHEMBL1867,35804,1,0.3,4.0,augmented_13view_rf,35,50,50
CHEMBL1867,35804,1,0.3,6.0,score_cap1,35,50,50
CHEMBL1867,35804,1,0.3,6.0,chemdep_cal,34,50,50
CHEMBL1867,35804,1,0.3,6.0,multi_fp_rf,35,50,50
CHEMBL1867,35804,1,0.3,6.0,augmented_13view_rf,35,50,50
CHEMBL1867,35804,2,0.2,4.0,score_cap1,35,50,50
CHEMBL1867,35804,2,0.2,4.0,chemdep_cal,34,50,50
CHEMBL1867,35804,2,0.2,4.0,multi_fp_rf,36,50,50
CHEMBL1867,35804,2,0.2,4.0,augmented_13view_rf,35,50,50
CHEMBL1867,35804,2,0.2,6.0,score_cap1,35,50,50
CHEMBL1867,35804,2,0.2,6.0,chemdep_cal,34,50,50
CHEMBL1867,35804,2,0.2,6.0,multi_fp_rf,36,50,50
CHEMBL1867,35804,2,0.2,6.0,augmented_13view_rf,35,50,50
CHEMBL1867,35804,2,0.3,4.0,score_cap1,35,50,50
CHEMBL1867,35804,2,0.3,4.0,chemdep_cal,34,50,50
CHEMBL1867,35804,2,0.3,4.0,multi_fp_rf,36,50,50
CHEMBL1867,35804,2,0.3,4.0,augmented_13view_rf,35,50,50
CHEMBL1867,35804,2,0.3,6.0,score_cap1,35,50,50
CHEMBL1867,35804,2,0.3,6.0,chemdep_cal,34,50,50
CHEMBL1867,35804,2,0.3,6.0,multi_fp_rf,36,50,50
CHEMBL1867,35804,2,0.3,6.0,augmented_13view_rf,35,50,50
CHEMBL1867,35804,3,0.2,4.0,score_cap1,35,50,50
CHEMBL1867,35804,3,0.2,4.0,chemdep_cal,34,50,50
CHEMBL1867,35804,3,0.2,4.0,multi_fp_rf,36,50,50
CHEMBL1867,35804,3,0.2,4.0,augmented_13view_rf,35,50,50
CHEMBL1867,35804,3,0.2,6.0,score_cap1,35,50,50
CHEMBL1867,35804,3,0.2,6.0,chemdep_cal,35,50,50
CHEMBL1867,35804,3,0.2,6.0,multi_fp_rf,36,50,50
CHEMBL1867,35804,3,0.2,6.0,augmented_13view_rf,35,50,50
CHEMBL1867,35804,3,0.3,4.0,score_cap1,34,50,50
CHEMBL1867,35804,3,0.3,4.0,chemdep_cal,34,50,50
CHEMBL1867,35804,3,0.3,4.0,multi_fp_rf,35,50,50
CHEMBL1867,35804,3,0.3,4.0,augmented_13view_rf,35,50,50
CHEMBL1867,35804,3,0.3,6.0,score_cap1,34,50,50
CHEMBL1867,35804,3,0.3,6.0,chemdep_cal,35,50,50
CHEMBL1867,35804,3,0.3,6.0,multi_fp_rf,35,50,50
CHEMBL1867,35804,3,0.3,6.0,augmented_13view_rf,35,50,50
CHEMBL1867,35804,4,0.2,4.0,score_cap1,35,50,50
CHEMBL1867,35804,4,0.2,4.0,chemdep_cal,34,50,50
CHEMBL1867,35804,4,0.2,4.0,multi_fp_rf,36,50,50
CHEMBL1867,35804,4,0.2,4.0,augmented_13view_rf,35,50,50
CHEMBL1867,35804,4,0.2,6.0,score_cap1,35,50,50
CHEMBL1867,35804,4,0.2,6.0,chemdep_cal,34,50,50
CHEMBL1867,35804,4,0.2,6.0,multi_fp_rf,36,50,50
CHEMBL1867,35804,4,0.2,6.0,augmented_13view_rf,35,50,50
CHEMBL1867,35804,4,0.3,4.0,score_cap1,34,50,50
CHEMBL1867,35804,4,0.3,4.0,chemdep_cal,34,50,50
CHEMBL1867,35804,4,0.3,4.0,multi_fp_rf,35,50,50
CHEMBL1867,35804,4,0.3,4.0,augmented_13view_rf,35,50,50
CHEMBL1867,35804,4,0.3,6.0,score_cap1,34,50,50
CHEMBL1867,35804,4,0.3,6.0,chemdep_cal,34,50,50
CHEMBL1867,35804,4,0.3,6.0,multi_fp_rf,35,50,50
CHEMBL1867,35804,4,0.3,6.0,augmented_13view_rf,35,50,50
CHEMBL1867,35804,5,0.2,4.0,score_cap1,35,50,50
CHEMBL1867,35804,5,0.2,4.0,chemdep_cal,34,50,50
CHEMBL1867,35804,5,0.2,4.0,multi_fp_rf,36,50,50
CHEMBL1867,35804,5,0.2,4.0,augmented_13view_rf,35,50,50
CHEMBL1867,35804,5,0.2,6.0,score_cap1,35,50,50
CHEMBL1867,35804,5,0.2,6.0,chemdep_cal,34,50,50
CHEMBL1867,35804,5,0.2,6.0,multi_fp_rf,36,50,50
CHEMBL1867,35804,5,0.2,6.0,augmented_13view_rf,35,50,50
CHEMBL1867,35804,5,0.3,4.0,score_cap1,34,50,50
CHEMBL1867,35804,5,0.3,4.0,chemdep_cal,33,50,50
CHEMBL1867,35804,5,0.3,4.0,multi_fp_rf,35,50,50
CHEMBL1867,35804,5,0.3,4.0,augmented_13view_rf,35,50,50
CHEMBL1867,35804,5,0.3,6.0,score_cap1,34,50,50
CHEMBL1867,35804,5,0.3,6.0,chemdep_cal,34,50,50
CHEMBL1867,35804,5,0.3,6.0,multi_fp_rf,35,50,50
CHEMBL1867,35804,5,0.3,6.0,augmented_13view_rf,35,50,50
CHEMBL1867,35804,6,0.2,4.0,score_cap1,35,50,50
CHEMBL1867,35804,6,0.2,4.0,chemdep_cal,35,50,50
CHEMBL1867,35804,6,0.2,4.0,multi_fp_rf,36,50,50
CHEMBL1867,35804,6,0.2,4.0,augmented_13view_rf,35,50,50
CHEMBL1867,35804,6,0.2,6.0,score_cap1,35,50,50
CHEMBL1867,35804,6,0.2,6.0,chemdep_cal,35,50,50
CHEMBL1867,35804,6,0.2,6.0,multi_fp_rf,36,50,50
CHEMBL1867,35804,6,0.2,6.0,augmented_13view_rf,35,50,50
CHEMBL1867,35804,6,0.3,4.0,score_cap1,34,50,50
CHEMBL1867,35804,6,0.3,4.0,chemdep_cal,34,50,50
CHEMBL1867,35804,6,0.3,4.0,multi_fp_rf,35,50,50
CHEMBL1867,35804,6,0.3,4.0,augmented_13view_rf,35,50,50
CHEMBL1867,35804,6,0.3,6.0,score_cap1,34,50,50
CHEMBL1867,35804,6,0.3,6.0,chemdep_cal,35,50,50
CHEMBL1867,35804,6,0.3,6.0,multi_fp_rf,35,50,50
CHEMBL1867,35804,6,0.3,6.0,augmented_13view_rf,35,50,50
CHEMBL1867,35804,7,0.2,4.0,score_cap1,35,50,50
CHEMBL1867,35804,7,0.2,4.0,chemdep_cal,34,50,50
CHEMBL1867,35804,7,0.2,4.0,multi_fp_rf,36,50,50
CHEMBL1867,35804,7,0.2,4.0,augmented_13view_rf,35,50,50
CHEMBL1867,35804,7,0.2,6.0,score_cap1,35,50,50
CHEMBL1867,35804,7,0.2,6.0,chemdep_cal,34,50,50
CHEMBL1867,35804,7,0.2,6.0,multi_fp_rf,36,50,50
CHEMBL1867,35804,7,0.2,6.0,augmented_13view_rf,35,50,50
CHEMBL1867,35804,7,0.3,4.0,score_cap1,34,50,50
CHEMBL1867,35804,7,0.3,4.0,chemdep_cal,34,50,50
CHEMBL1867,35804,7,0.3,4.0,multi_fp_rf,35,50,50
CHEMBL1867,35804,7,0.3,4.0,augmented_13view_rf,35,50,50
CHEMBL1867,35804,7,0.3,6.0,score_cap1,34,50,50
CHEMBL1867,35804,7,0.3,6.0,chemdep_cal,34,50,50
CHEMBL1867,35804,7,0.3,6.0,multi_fp_rf,35,50,50
CHEMBL1867,35804,7,0.3,6.0,augmented_13view_rf,35,50,50
CHEMBL1867,35804,8,0.2,4.0,score_cap1,35,50,50
CHEMBL1867,35804,8,0.2,4.0,chemdep_cal,34,50,50
CHEMBL1867,35804,8,0.2,4.0,multi_fp_rf,36,50,50
CHEMBL1867,35804,8,0.2,4.0,augmented_13view_rf,35,50,50
CHEMBL1867,35804,8,0.2,6.0,score_cap1,35,50,50
CHEMBL1867,35804,8,0.2,6.0,chemdep_cal,34,50,50
CHEMBL1867,35804,8,0.2,6.0,multi_fp_rf,36,50,50
CHEMBL1867,35804,8,0.2,6.0,augmented_13view_rf,35,50,50
CHEMBL1867,35804,8,0.3,4.0,score_cap1,34,50,50
CHEMBL1867,35804,8,0.3,4.0,chemdep_cal,33,50,50
CHEMBL1867,35804,8,0.3,4.0,multi_fp_rf,35,50,50
CHEMBL1867,35804,8,0.3,4.0,augmented_13view_rf,35,50,50
CHEMBL1867,35804,8,0.3,6.0,score_cap1,34,50,50
CHEMBL1867,35804,8,0.3,6.0,chemdep_cal,33,50,50
CHEMBL1867,35804,8,0.3,6.0,multi_fp_rf,35,50,50
CHEMBL1867,35804,8,0.3,6.0,augmented_13view_rf,35,50,50
CHEMBL1867,35804,9,0.2,4.0,score_cap1,35,50,50
CHEMBL1867,35804,9,0.2,4.0,chemdep_cal,34,50,50
CHEMBL1867,35804,9,0.2,4.0,multi_fp_rf,36,50,50
CHEMBL1867,35804,9,0.2,4.0,augmented_13view_rf,35,50,50
CHEMBL1867,35804,9,0.2,6.0,score_cap1,35,50,50
CHEMBL1867,35804,9,0.2,6.0,chemdep_cal,34,50,50
CHEMBL1867,35804,9,0.2,6.0,multi_fp_rf,36,50,50
CHEMBL1867,35804,9,0.2,6.0,augmented_13view_rf,35,50,50
CHEMBL1867,35804,9,0.3,4.0,score_cap1,35,50,50
CHEMBL1867,35804,9,0.3,4.0,chemdep_cal,34,50,50
CHEMBL1867,35804,9,0.3,4.0,multi_fp_rf,36,50,50
CHEMBL1867,35804,9,0.3,4.0,augmented_13view_rf,35,50,50
CHEMBL1867,35804,9,0.3,6.0,score_cap1,35,50,50
CHEMBL1867,35804,9,0.3,6.0,chemdep_cal,34,50,50
CHEMBL1867,35804,9,0.3,6.0,multi_fp_rf,36,50,50
CHEMBL1867,35804,9,0.3,6.0,augmented_13view_rf,35,50,50
CHEMBL1868,35804,0,0.2,4.0,score_cap1,43,50,50
CHEMBL1868,35804,0,0.2,4.0,chemdep_cal,44,50,50
CHEMBL1868,35804,0,0.2,4.0,multi_fp_rf,44,50,50
CHEMBL1868,35804,0,0.2,4.0,augmented_13view_rf,44,50,50
CHEMBL1868,35804,0,0.2,6.0,score_cap1,43,50,50
CHEMBL1868,35804,0,0.2,6.0,chemdep_cal,44,50,50
CHEMBL1868,35804,0,0.2,6.0,multi_fp_rf,44,50,50
CHEMBL1868,35804,0,0.2,6.0,augmented_13view_rf,44,50,50
CHEMBL1868,35804,0,0.3,4.0,score_cap1,43,50,50
CHEMBL1868,35804,0,0.3,4.0,chemdep_cal,43,50,50
CHEMBL1868,35804,0,0.3,4.0,multi_fp_rf,43,50,50
CHEMBL1868,35804,0,0.3,4.0,augmented_13view_rf,43,50,50
CHEMBL1868,35804,0,0.3,6.0,score_cap1,43,50,50
CHEMBL1868,35804,0,0.3,6.0,chemdep_cal,43,50,50
CHEMBL1868,35804,0,0.3,6.0,multi_fp_rf,43,50,50
CHEMBL1868,35804,0,0.3,6.0,augmented_13view_rf,43,50,50
CHEMBL1868,35804,1,0.2,4.0,score_cap1,43,50,50
CHEMBL1868,35804,1,0.2,4.0,chemdep_cal,44,50,50
CHEMBL1868,35804,1,0.2,4.0,multi_fp_rf,43,50,50
CHEMBL1868,35804,1,0.2,4.0,augmented_13view_rf,43,50,50
CHEMBL1868,35804,1,0.2,6.0,score_cap1,43,50,50
CHEMBL1868,35804,1,0.2,6.0,chemdep_cal,44,50,50
CHEMBL1868,35804,1,0.2,6.0,multi_fp_rf,43,50,50
CHEMBL1868,35804,1,0.2,6.0,augmented_13view_rf,43,50,50
CHEMBL1868,35804,1,0.3,4.0,score_cap1,43,50,50
CHEMBL1868,35804,1,0.3,4.0,chemdep_cal,43,50,50
CHEMBL1868,35804,1,0.3,4.0,multi_fp_rf,44,50,50
CHEMBL1868,35804,1,0.3,4.0,augmented_13view_rf,44,50,50
CHEMBL1868,35804,1,0.3,6.0,score_cap1,43,50,50
CHEMBL1868,35804,1,0.3,6.0,chemdep_cal,43,50,50
CHEMBL1868,35804,1,0.3,6.0,multi_fp_rf,44,50,50
CHEMBL1868,35804,1,0.3,6.0,augmented_13view_rf,44,50,50
CHEMBL1868,35804,2,0.2,4.0,score_cap1,44,50,50
CHEMBL1868,35804,2,0.2,4.0,chemdep_cal,44,50,50
CHEMBL1868,35804,2,0.2,4.0,multi_fp_rf,44,50,50
CHEMBL1868,35804,2,0.2,4.0,augmented_13view_rf,44,50,50
CHEMBL1868,35804,2,0.2,6.0,score_cap1,44,50,50
CHEMBL1868,35804,2,0.2,6.0,chemdep_cal,44,50,50
CHEMBL1868,35804,2,0.2,6.0,multi_fp_rf,44,50,50
CHEMBL1868,35804,2,0.2,6.0,augmented_13view_rf,44,50,50
CHEMBL1868,35804,2,0.3,4.0,score_cap1,43,50,50
CHEMBL1868,35804,2,0.3,4.0,chemdep_cal,44,50,50
CHEMBL1868,35804,2,0.3,4.0,multi_fp_rf,43,50,50
CHEMBL1868,35804,2,0.3,4.0,augmented_13view_rf,43,50,50
CHEMBL1868,35804,2,0.3,6.0,score_cap1,43,50,50
CHEMBL1868,35804,2,0.3,6.0,chemdep_cal,44,50,50
CHEMBL1868,35804,2,0.3,6.0,multi_fp_rf,43,50,50
CHEMBL1868,35804,2,0.3,6.0,augmented_13view_rf,43,50,50
CHEMBL1868,35804,3,0.2,4.0,score_cap1,43,50,50
CHEMBL1868,35804,3,0.2,4.0,chemdep_cal,44,50,50
CHEMBL1868,35804,3,0.2,4.0,multi_fp_rf,43,50,50
CHEMBL1868,35804,3,0.2,4.0,augmented_13view_rf,43,50,50
CHEMBL1868,35804,3,0.2,6.0,score_cap1,43,50,50
CHEMBL1868,35804,3,0.2,6.0,chemdep_cal,44,50,50
CHEMBL1868,35804,3,0.2,6.0,multi_fp_rf,43,50,50
CHEMBL1868,35804,3,0.2,6.0,augmented_13view_rf,43,50,50
CHEMBL1868,35804,3,0.3,4.0,score_cap1,43,50,50
CHEMBL1868,35804,3,0.3,4.0,chemdep_cal,44,50,50
CHEMBL1868,35804,3,0.3,4.0,multi_fp_rf,43,50,50
CHEMBL1868,35804,3,0.3,4.0,augmented_13view_rf,43,50,50
CHEMBL1868,35804,3,0.3,6.0,score_cap1,43,50,50
CHEMBL1868,35804,3,0.3,6.0,chemdep_cal,44,50,50
CHEMBL1868,35804,3,0.3,6.0,multi_fp_rf,43,50,50
CHEMBL1868,35804,3,0.3,6.0,augmented_13view_rf,43,50,50
CHEMBL1868,35804,4,0.2,4.0,score_cap1,43,50,50
CHEMBL1868,35804,4,0.2,4.0,chemdep_cal,45,50,50
CHEMBL1868,35804,4,0.2,4.0,multi_fp_rf,43,50,50
CHEMBL1868,35804,4,0.2,4.0,augmented_13view_rf,43,50,50
CHEMBL1868,35804,4,0.2,6.0,score_cap1,43,50,50
CHEMBL1868,35804,4,0.2,6.0,chemdep_cal,45,50,50
CHEMBL1868,35804,4,0.2,6.0,multi_fp_rf,43,50,50
CHEMBL1868,35804,4,0.2,6.0,augmented_13view_rf,43,50,50
CHEMBL1868,35804,4,0.3,4.0,score_cap1,43,50,50
CHEMBL1868,35804,4,0.3,4.0,chemdep_cal,43,50,50
CHEMBL1868,35804,4,0.3,4.0,multi_fp_rf,44,50,50
CHEMBL1868,35804,4,0.3,4.0,augmented_13view_rf,44,50,50
CHEMBL1868,35804,4,0.3,6.0,score_cap1,43,50,50
CHEMBL1868,35804,4,0.3,6.0,chemdep_cal,43,50,50
CHEMBL1868,35804,4,0.3,6.0,multi_fp_rf,44,50,50
CHEMBL1868,35804,4,0.3,6.0,augmented_13view_rf,44,50,50
CHEMBL1868,35804,5,0.2,4.0,score_cap1,43,50,50
CHEMBL1868,35804,5,0.2,4.0,chemdep_cal,44,50,50
CHEMBL1868,35804,5,0.2,4.0,multi_fp_rf,44,50,50
CHEMBL1868,35804,5,0.2,4.0,augmented_13view_rf,44,50,50
CHEMBL1868,35804,5,0.2,6.0,score_cap1,43,50,50
CHEMBL1868,35804,5,0.2,6.0,chemdep_cal,44,50,50
CHEMBL1868,35804,5,0.2,6.0,multi_fp_rf,44,50,50
CHEMBL1868,35804,5,0.2,6.0,augmented_13view_rf,44,50,50
CHEMBL1868,35804,5,0.3,4.0,score_cap1,43,50,50
CHEMBL1868,35804,5,0.3,4.0,chemdep_cal,43,50,50
CHEMBL1868,35804,5,0.3,4.0,multi_fp_rf,44,50,50
CHEMBL1868,35804,5,0.3,4.0,augmented_13view_rf,44,50,50
CHEMBL1868,35804,5,0.3,6.0,score_cap1,43,50,50
CHEMBL1868,35804,5,0.3,6.0,chemdep_cal,43,50,50
CHEMBL1868,35804,5,0.3,6.0,multi_fp_rf,44,50,50
CHEMBL1868,35804,5,0.3,6.0,augmented_13view_rf,44,50,50
CHEMBL1868,35804,6,0.2,4.0,score_cap1,43,50,50
CHEMBL1868,35804,6,0.2,4.0,chemdep_cal,44,50,50
CHEMBL1868,35804,6,0.2,4.0,multi_fp_rf,44,50,50
CHEMBL1868,35804,6,0.2,4.0,augmented_13view_rf,44,50,50
CHEMBL1868,35804,6,0.2,6.0,score_cap1,43,50,50
CHEMBL1868,35804,6,0.2,6.0,chemdep_cal,44,50,50
CHEMBL1868,35804,6,0.2,6.0,multi_fp_rf,44,50,50
CHEMBL1868,35804,6,0.2,6.0,augmented_13view_rf,44,50,50
CHEMBL1868,35804,6,0.3,4.0,score_cap1,43,50,50
CHEMBL1868,35804,6,0.3,4.0,chemdep_cal,43,50,50
CHEMBL1868,35804,6,0.3,4.0,multi_fp_rf,44,50,50
CHEMBL1868,35804,6,0.3,4.0,augmented_13view_rf,44,50,50
CHEMBL1868,35804,6,0.3,6.0,score_cap1,43,50,50
CHEMBL1868,35804,6,0.3,6.0,chemdep_cal,43,50,50
CHEMBL1868,35804,6,0.3,6.0,multi_fp_rf,44,50,50
CHEMBL1868,35804,6,0.3,6.0,augmented_13view_rf,44,50,50
CHEMBL1868,35804,7,0.2,4.0,score_cap1,43,50,50
CHEMBL1868,35804,7,0.2,4.0,chemdep_cal,45,50,50
CHEMBL1868,35804,7,0.2,4.0,multi_fp_rf,44,50,50
CHEMBL1868,35804,7,0.2,4.0,augmented_13view_rf,44,50,50
CHEMBL1868,35804,7,0.2,6.0,score_cap1,43,50,50
CHEMBL1868,35804,7,0.2,6.0,chemdep_cal,45,50,50
CHEMBL1868,35804,7,0.2,6.0,multi_fp_rf,44,50,50
CHEMBL1868,35804,7,0.2,6.0,augmented_13view_rf,44,50,50
CHEMBL1868,35804,7,0.3,4.0,score_cap1,43,50,50
CHEMBL1868,35804,7,0.3,4.0,chemdep_cal,44,50,50
CHEMBL1868,35804,7,0.3,4.0,multi_fp_rf,43,50,50
CHEMBL1868,35804,7,0.3,4.0,augmented_13view_rf,43,50,50
CHEMBL1868,35804,7,0.3,6.0,score_cap1,43,50,50
CHEMBL1868,35804,7,0.3,6.0,chemdep_cal,44,50,50
CHEMBL1868,35804,7,0.3,6.0,multi_fp_rf,43,50,50
CHEMBL1868,35804,7,0.3,6.0,augmented_13view_rf,43,50,50
CHEMBL1868,35804,8,0.2,4.0,score_cap1,43,50,50
CHEMBL1868,35804,8,0.2,4.0,chemdep_cal,44,50,50
CHEMBL1868,35804,8,0.2,4.0,multi_fp_rf,44,50,50
CHEMBL1868,35804,8,0.2,4.0,augmented_13view_rf,44,50,50
CHEMBL1868,35804,8,0.2,6.0,score_cap1,43,50,50
CHEMBL1868,35804,8,0.2,6.0,chemdep_cal,44,50,50
CHEMBL1868,35804,8,0.2,6.0,multi_fp_rf,44,50,50
CHEMBL1868,35804,8,0.2,6.0,augmented_13view_rf,44,50,50
CHEMBL1868,35804,8,0.3,4.0,score_cap1,43,50,50
CHEMBL1868,35804,8,0.3,4.0,chemdep_cal,43,50,50
CHEMBL1868,35804,8,0.3,4.0,multi_fp_rf,43,50,50
CHEMBL1868,35804,8,0.3,4.0,augmented_13view_rf,43,50,50
CHEMBL1868,35804,8,0.3,6.0,score_cap1,43,50,50
CHEMBL1868,35804,8,0.3,6.0,chemdep_cal,43,50,50
CHEMBL1868,35804,8,0.3,6.0,multi_fp_rf,43,50,50
CHEMBL1868,35804,8,0.3,6.0,augmented_13view_rf,43,50,50
CHEMBL1868,35804,9,0.2,4.0,score_cap1,43,50,50
CHEMBL1868,35804,9,0.2,4.0,chemdep_cal,45,50,50
CHEMBL1868,35804,9,0.2,4.0,multi_fp_rf,43,50,50
CHEMBL1868,35804,9,0.2,4.0,augmented_13view_rf,43,50,50
CHEMBL1868,35804,9,0.2,6.0,score_cap1,43,50,50
CHEMBL1868,35804,9,0.2,6.0,chemdep_cal,45,50,50
CHEMBL1868,35804,9,0.2,6.0,multi_fp_rf,43,50,50
CHEMBL1868,35804,9,0.2,6.0,augmented_13view_rf,43,50,50
CHEMBL1868,35804,9,0.3,4.0,score_cap1,43,50,50
CHEMBL1868,35804,9,0.3,4.0,chemdep_cal,43,50,50
CHEMBL1868,35804,9,0.3,4.0,multi_fp_rf,43,50,50
CHEMBL1868,35804,9,0.3,4.0,augmented_13view_rf,43,50,50
CHEMBL1868,35804,9,0.3,6.0,score_cap1,43,50,50
CHEMBL1868,35804,9,0.3,6.0,chemdep_cal,43,50,50
CHEMBL1868,35804,9,0.3,6.0,multi_fp_rf,43,50,50
CHEMBL1868,35804,9,0.3,6.0,augmented_13view_rf,43,50,50
CHEMBL1871,35804,0,0.2,4.0,score_cap1,35,50,50
CHEMBL1871,35804,0,0.2,4.0,chemdep_cal,39,50,50
CHEMBL1871,35804,0,0.2,4.0,multi_fp_rf,41,50,50
CHEMBL1871,35804,0,0.2,4.0,augmented_13view_rf,40,50,50
CHEMBL1871,35804,0,0.2,6.0,score_cap1,35,50,50
CHEMBL1871,35804,0,0.2,6.0,chemdep_cal,40,50,50
CHEMBL1871,35804,0,0.2,6.0,multi_fp_rf,41,50,50
CHEMBL1871,35804,0,0.2,6.0,augmented_13view_rf,40,50,50
CHEMBL1871,35804,0,0.3,4.0,score_cap1,35,50,50
CHEMBL1871,35804,0,0.3,4.0,chemdep_cal,38,50,50
CHEMBL1871,35804,0,0.3,4.0,multi_fp_rf,40,50,50
CHEMBL1871,35804,0,0.3,4.0,augmented_13view_rf,40,50,50
CHEMBL1871,35804,0,0.3,6.0,score_cap1,35,50,50
CHEMBL1871,35804,0,0.3,6.0,chemdep_cal,39,50,50
CHEMBL1871,35804,0,0.3,6.0,multi_fp_rf,40,50,50
CHEMBL1871,35804,0,0.3,6.0,augmented_13view_rf,40,50,50
CHEMBL1871,35804,1,0.2,4.0,score_cap1,36,50,50
CHEMBL1871,35804,1,0.2,4.0,chemdep_cal,37,50,50
CHEMBL1871,35804,1,0.2,4.0,multi_fp_rf,41,50,50
CHEMBL1871,35804,1,0.2,4.0,augmented_13view_rf,40,50,50
CHEMBL1871,35804,1,0.2,6.0,score_cap1,36,50,50
CHEMBL1871,35804,1,0.2,6.0,chemdep_cal,39,50,50
CHEMBL1871,35804,1,0.2,6.0,multi_fp_rf,40,50,50
CHEMBL1871,35804,1,0.2,6.0,augmented_13view_rf,40,50,50
CHEMBL1871,35804,1,0.3,4.0,score_cap1,34,50,50
CHEMBL1871,35804,1,0.3,4.0,chemdep_cal,36,50,50
CHEMBL1871,35804,1,0.3,4.0,multi_fp_rf,39,50,50
CHEMBL1871,35804,1,0.3,4.0,augmented_13view_rf,40,50,50
CHEMBL1871,35804,1,0.3,6.0,score_cap1,34,50,50
CHEMBL1871,35804,1,0.3,6.0,chemdep_cal,37,50,50
CHEMBL1871,35804,1,0.3,6.0,multi_fp_rf,39,50,50
CHEMBL1871,35804,1,0.3,6.0,augmented_13view_rf,40,50,50
CHEMBL1871,35804,2,0.2,4.0,score_cap1,35,50,50
CHEMBL1871,35804,2,0.2,4.0,chemdep_cal,38,50,50
CHEMBL1871,35804,2,0.2,4.0,multi_fp_rf,41,50,50
CHEMBL1871,35804,2,0.2,4.0,augmented_13view_rf,40,50,50
CHEMBL1871,35804,2,0.2,6.0,score_cap1,35,50,50
CHEMBL1871,35804,2,0.2,6.0,chemdep_cal,38,50,50
CHEMBL1871,35804,2,0.2,6.0,multi_fp_rf,41,50,50
CHEMBL1871,35804,2,0.2,6.0,augmented_13view_rf,40,50,50
CHEMBL1871,35804,2,0.3,4.0,score_cap1,34,50,50
CHEMBL1871,35804,2,0.3,4.0,chemdep_cal,39,50,50
CHEMBL1871,35804,2,0.3,4.0,multi_fp_rf,40,50,50
CHEMBL1871,35804,2,0.3,4.0,augmented_13view_rf,40,50,50
CHEMBL1871,35804,2,0.3,6.0,score_cap1,34,50,50
CHEMBL1871,35804,2,0.3,6.0,chemdep_cal,39,50,50
CHEMBL1871,35804,2,0.3,6.0,multi_fp_rf,40,50,50
CHEMBL1871,35804,2,0.3,6.0,augmented_13view_rf,40,50,50
CHEMBL1871,35804,3,0.2,4.0,score_cap1,36,50,50
CHEMBL1871,35804,3,0.2,4.0,chemdep_cal,38,50,50
CHEMBL1871,35804,3,0.2,4.0,multi_fp_rf,41,50,50
CHEMBL1871,35804,3,0.2,4.0,augmented_13view_rf,40,50,50
CHEMBL1871,35804,3,0.2,6.0,score_cap1,35,50,50
CHEMBL1871,35804,3,0.2,6.0,chemdep_cal,40,50,50
CHEMBL1871,35804,3,0.2,6.0,multi_fp_rf,41,50,50
CHEMBL1871,35804,3,0.2,6.0,augmented_13view_rf,40,50,50
CHEMBL1871,35804,3,0.3,4.0,score_cap1,35,50,50
CHEMBL1871,35804,3,0.3,4.0,chemdep_cal,39,50,50
CHEMBL1871,35804,3,0.3,4.0,multi_fp_rf,40,50,50
CHEMBL1871,35804,3,0.3,4.0,augmented_13view_rf,40,50,50
CHEMBL1871,35804,3,0.3,6.0,score_cap1,35,50,50
CHEMBL1871,35804,3,0.3,6.0,chemdep_cal,39,50,50
CHEMBL1871,35804,3,0.3,6.0,multi_fp_rf,40,50,50
CHEMBL1871,35804,3,0.3,6.0,augmented_13view_rf,40,50,50
CHEMBL1871,35804,4,0.2,4.0,score_cap1,36,50,50
CHEMBL1871,35804,4,0.2,4.0,chemdep_cal,38,50,50
CHEMBL1871,35804,4,0.2,4.0,multi_fp_rf,40,50,50
CHEMBL1871,35804,4,0.2,4.0,augmented_13view_rf,40,50,50
CHEMBL1871,35804,4,0.2,6.0,score_cap1,36,50,50
CHEMBL1871,35804,4,0.2,6.0,chemdep_cal,37,50,50
CHEMBL1871,35804,4,0.2,6.0,multi_fp_rf,40,50,50
CHEMBL1871,35804,4,0.2,6.0,augmented_13view_rf,40,50,50
CHEMBL1871,35804,4,0.3,4.0,score_cap1,34,50,50
CHEMBL1871,35804,4,0.3,4.0,chemdep_cal,38,50,50
CHEMBL1871,35804,4,0.3,4.0,multi_fp_rf,40,50,50
CHEMBL1871,35804,4,0.3,4.0,augmented_13view_rf,40,50,50
CHEMBL1871,35804,4,0.3,6.0,score_cap1,34,50,50
CHEMBL1871,35804,4,0.3,6.0,chemdep_cal,38,50,50
CHEMBL1871,35804,4,0.3,6.0,multi_fp_rf,40,50,50
CHEMBL1871,35804,4,0.3,6.0,augmented_13view_rf,40,50,50
CHEMBL1871,35804,5,0.2,4.0,score_cap1,35,50,50
CHEMBL1871,35804,5,0.2,4.0,chemdep_cal,39,50,50
CHEMBL1871,35804,5,0.2,4.0,multi_fp_rf,41,50,50
CHEMBL1871,35804,5,0.2,4.0,augmented_13view_rf,40,50,50
CHEMBL1871,35804,5,0.2,6.0,score_cap1,35,50,50
CHEMBL1871,35804,5,0.2,6.0,chemdep_cal,39,50,50
CHEMBL1871,35804,5,0.2,6.0,multi_fp_rf,41,50,50
CHEMBL1871,35804,5,0.2,6.0,augmented_13view_rf,40,50,50
CHEMBL1871,35804,5,0.3,4.0,score_cap1,34,50,50
CHEMBL1871,35804,5,0.3,4.0,chemdep_cal,40,50,50
CHEMBL1871,35804,5,0.3,4.0,multi_fp_rf,41,50,50
CHEMBL1871,35804,5,0.3,4.0,augmented_13view_rf,40,50,50
CHEMBL1871,35804,5,0.3,6.0,score_cap1,33,50,50
CHEMBL1871,35804,5,0.3,6.0,chemdep_cal,40,50,50
CHEMBL1871,35804,5,0.3,6.0,multi_fp_rf,41,50,50
CHEMBL1871,35804,5,0.3,6.0,augmented_13view_rf,40,50,50
CHEMBL1871,35804,6,0.2,4.0,score_cap1,35,50,50
CHEMBL1871,35804,6,0.2,4.0,chemdep_cal,38,50,50
CHEMBL1871,35804,6,0.2,4.0,multi_fp_rf,41,50,50
CHEMBL1871,35804,6,0.2,4.0,augmented_13view_rf,40,50,50
CHEMBL1871,35804,6,0.2,6.0,score_cap1,35,50,50
CHEMBL1871,35804,6,0.2,6.0,chemdep_cal,37,50,50
CHEMBL1871,35804,6,0.2,6.0,multi_fp_rf,40,50,50
CHEMBL1871,35804,6,0.2,6.0,augmented_13view_rf,40,50,50
CHEMBL1871,35804,6,0.3,4.0,score_cap1,34,50,50
CHEMBL1871,35804,6,0.3,4.0,chemdep_cal,40,50,50
CHEMBL1871,35804,6,0.3,4.0,multi_fp_rf,40,50,50
CHEMBL1871,35804,6,0.3,4.0,augmented_13view_rf,40,50,50
CHEMBL1871,35804,6,0.3,6.0,score_cap1,34,50,50
CHEMBL1871,35804,6,0.3,6.0,chemdep_cal,40,50,50
CHEMBL1871,35804,6,0.3,6.0,multi_fp_rf,40,50,50
CHEMBL1871,35804,6,0.3,6.0,augmented_13view_rf,40,50,50
CHEMBL1871,35804,7,0.2,4.0,score_cap1,35,50,50
CHEMBL1871,35804,7,0.2,4.0,chemdep_cal,40,50,50
CHEMBL1871,35804,7,0.2,4.0,multi_fp_rf,41,50,50
CHEMBL1871,35804,7,0.2,4.0,augmented_13view_rf,40,50,50
CHEMBL1871,35804,7,0.2,6.0,score_cap1,35,50,50
CHEMBL1871,35804,7,0.2,6.0,chemdep_cal,39,50,50
CHEMBL1871,35804,7,0.2,6.0,multi_fp_rf,41,50,50
CHEMBL1871,35804,7,0.2,6.0,augmented_13view_rf,40,50,50
CHEMBL1871,35804,7,0.3,4.0,score_cap1,33,50,50
CHEMBL1871,35804,7,0.3,4.0,chemdep_cal,37,50,50
CHEMBL1871,35804,7,0.3,4.0,multi_fp_rf,40,50,50
CHEMBL1871,35804,7,0.3,4.0,augmented_13view_rf,40,50,50
CHEMBL1871,35804,7,0.3,6.0,score_cap1,33,50,50
CHEMBL1871,35804,7,0.3,6.0,chemdep_cal,37,50,50
CHEMBL1871,35804,7,0.3,6.0,multi_fp_rf,40,50,50
CHEMBL1871,35804,7,0.3,6.0,augmented_13view_rf,40,50,50
CHEMBL1871,35804,8,0.2,4.0,score_cap1,35,50,50
CHEMBL1871,35804,8,0.2,4.0,chemdep_cal,40,50,50
CHEMBL1871,35804,8,0.2,4.0,multi_fp_rf,41,50,50
CHEMBL1871,35804,8,0.2,4.0,augmented_13view_rf,40,50,50
CHEMBL1871,35804,8,0.2,6.0,score_cap1,35,50,50
CHEMBL1871,35804,8,0.2,6.0,chemdep_cal,41,50,50
CHEMBL1871,35804,8,0.2,6.0,multi_fp_rf,41,50,50
CHEMBL1871,35804,8,0.2,6.0,augmented_13view_rf,40,50,50
CHEMBL1871,35804,8,0.3,4.0,score_cap1,35,50,50
CHEMBL1871,35804,8,0.3,4.0,chemdep_cal,37,50,50
CHEMBL1871,35804,8,0.3,4.0,multi_fp_rf,39,50,50
CHEMBL1871,35804,8,0.3,4.0,augmented_13view_rf,40,50,50
CHEMBL1871,35804,8,0.3,6.0,score_cap1,35,50,50
CHEMBL1871,35804,8,0.3,6.0,chemdep_cal,38,50,50
CHEMBL1871,35804,8,0.3,6.0,multi_fp_rf,39,50,50
CHEMBL1871,35804,8,0.3,6.0,augmented_13view_rf,40,50,50
CHEMBL1871,35804,9,0.2,4.0,score_cap1,36,50,50
CHEMBL1871,35804,9,0.2,4.0,chemdep_cal,39,50,50
CHEMBL1871,35804,9,0.2,4.0,multi_fp_rf,41,50,50
CHEMBL1871,35804,9,0.2,4.0,augmented_13view_rf,40,50,50
CHEMBL1871,35804,9,0.2,6.0,score_cap1,35,50,50
CHEMBL1871,35804,9,0.2,6.0,chemdep_cal,38,50,50
CHEMBL1871,35804,9,0.2,6.0,multi_fp_rf,41,50,50
CHEMBL1871,35804,9,0.2,6.0,augmented_13view_rf,40,50,50
CHEMBL1871,35804,9,0.3,4.0,score_cap1,35,50,50
CHEMBL1871,35804,9,0.3,4.0,chemdep_cal,40,50,50
CHEMBL1871,35804,9,0.3,4.0,multi_fp_rf,40,50,50
CHEMBL1871,35804,9,0.3,4.0,augmented_13view_rf,40,50,50
CHEMBL1871,35804,9,0.3,6.0,score_cap1,35,50,50
CHEMBL1871,35804,9,0.3,6.0,chemdep_cal,40,50,50
CHEMBL1871,35804,9,0.3,6.0,multi_fp_rf,40,50,50
CHEMBL1871,35804,9,0.3,6.0,augmented_13view_rf,40,50,50
CHEMBL1873,35804,0,0.2,4.0,score_cap1,27,50,50
CHEMBL1873,35804,0,0.2,4.0,chemdep_cal,26,50,50
CHEMBL1873,35804,0,0.2,4.0,multi_fp_rf,26,50,50
CHEMBL1873,35804,0,0.2,4.0,augmented_13view_rf,25,50,50
CHEMBL1873,35804,0,0.2,6.0,score_cap1,27,50,50
CHEMBL1873,35804,0,0.2,6.0,chemdep_cal,26,50,50
CHEMBL1873,35804,0,0.2,6.0,multi_fp_rf,26,50,50
CHEMBL1873,35804,0,0.2,6.0,augmented_13view_rf,25,50,50
CHEMBL1873,35804,0,0.3,4.0,score_cap1,26,50,50
CHEMBL1873,35804,0,0.3,4.0,chemdep_cal,26,50,50
CHEMBL1873,35804,0,0.3,4.0,multi_fp_rf,26,50,50
CHEMBL1873,35804,0,0.3,4.0,augmented_13view_rf,25,50,50
CHEMBL1873,35804,0,0.3,6.0,score_cap1,26,50,50
CHEMBL1873,35804,0,0.3,6.0,chemdep_cal,26,50,50
CHEMBL1873,35804,0,0.3,6.0,multi_fp_rf,26,50,50
CHEMBL1873,35804,0,0.3,6.0,augmented_13view_rf,25,50,50
CHEMBL1873,35804,1,0.2,4.0,score_cap1,27,50,50
CHEMBL1873,35804,1,0.2,4.0,chemdep_cal,26,50,50
CHEMBL1873,35804,1,0.2,4.0,multi_fp_rf,26,50,50
CHEMBL1873,35804,1,0.2,4.0,augmented_13view_rf,25,50,50
CHEMBL1873,35804,1,0.2,6.0,score_cap1,27,50,50
CHEMBL1873,35804,1,0.2,6.0,chemdep_cal,26,50,50
CHEMBL1873,35804,1,0.2,6.0,multi_fp_rf,26,50,50
CHEMBL1873,35804,1,0.2,6.0,augmented_13view_rf,25,50,50
CHEMBL1873,35804,1,0.3,4.0,score_cap1,26,50,50
CHEMBL1873,35804,1,0.3,4.0,chemdep_cal,26,50,50
CHEMBL1873,35804,1,0.3,4.0,multi_fp_rf,26,50,50
CHEMBL1873,35804,1,0.3,4.0,augmented_13view_rf,25,50,50
CHEMBL1873,35804,1,0.3,6.0,score_cap1,26,50,50
CHEMBL1873,35804,1,0.3,6.0,chemdep_cal,26,50,50
CHEMBL1873,35804,1,0.3,6.0,multi_fp_rf,26,50,50
CHEMBL1873,35804,1,0.3,6.0,augmented_13view_rf,25,50,50
CHEMBL1873,35804,2,0.2,4.0,score_cap1,27,50,50
CHEMBL1873,35804,2,0.2,4.0,chemdep_cal,26,50,50
CHEMBL1873,35804,2,0.2,4.0,multi_fp_rf,26,50,50
CHEMBL1873,35804,2,0.2,4.0,augmented_13view_rf,25,50,50
CHEMBL1873,35804,2,0.2,6.0,score_cap1,27,50,50
CHEMBL1873,35804,2,0.2,6.0,chemdep_cal,26,50,50
CHEMBL1873,35804,2,0.2,6.0,multi_fp_rf,26,50,50
CHEMBL1873,35804,2,0.2,6.0,augmented_13view_rf,25,50,50
CHEMBL1873,35804,2,0.3,4.0,score_cap1,27,50,50
CHEMBL1873,35804,2,0.3,4.0,chemdep_cal,26,50,50
CHEMBL1873,35804,2,0.3,4.0,multi_fp_rf,26,50,50
CHEMBL1873,35804,2,0.3,4.0,augmented_13view_rf,25,50,50
CHEMBL1873,35804,2,0.3,6.0,score_cap1,27,50,50
CHEMBL1873,35804,2,0.3,6.0,chemdep_cal,26,50,50
CHEMBL1873,35804,2,0.3,6.0,multi_fp_rf,26,50,50
CHEMBL1873,35804,2,0.3,6.0,augmented_13view_rf,25,50,50
CHEMBL1873,35804,3,0.2,4.0,score_cap1,26,50,50
CHEMBL1873,35804,3,0.2,4.0,chemdep_cal,26,50,50
CHEMBL1873,35804,3,0.2,4.0,multi_fp_rf,26,50,50
CHEMBL1873,35804,3,0.2,4.0,augmented_13view_rf,25,50,50
CHEMBL1873,35804,3,0.2,6.0,score_cap1,26,50,50
CHEMBL1873,35804,3,0.2,6.0,chemdep_cal,26,50,50
CHEMBL1873,35804,3,0.2,6.0,multi_fp_rf,26,50,50
CHEMBL1873,35804,3,0.2,6.0,augmented_13view_rf,25,50,50
CHEMBL1873,35804,3,0.3,4.0,score_cap1,27,50,50
CHEMBL1873,35804,3,0.3,4.0,chemdep_cal,26,50,50
CHEMBL1873,35804,3,0.3,4.0,multi_fp_rf,26,50,50
CHEMBL1873,35804,3,0.3,4.0,augmented_13view_rf,25,50,50
CHEMBL1873,35804,3,0.3,6.0,score_cap1,27,50,50
CHEMBL1873,35804,3,0.3,6.0,chemdep_cal,26,50,50
CHEMBL1873,35804,3,0.3,6.0,multi_fp_rf,26,50,50
CHEMBL1873,35804,3,0.3,6.0,augmented_13view_rf,25,50,50
CHEMBL1873,35804,4,0.2,4.0,score_cap1,26,50,50
CHEMBL1873,35804,4,0.2,4.0,chemdep_cal,26,50,50
CHEMBL1873,35804,4,0.2,4.0,multi_fp_rf,26,50,50
CHEMBL1873,35804,4,0.2,4.0,augmented_13view_rf,25,50,50
CHEMBL1873,35804,4,0.2,6.0,score_cap1,26,50,50
CHEMBL1873,35804,4,0.2,6.0,chemdep_cal,26,50,50
CHEMBL1873,35804,4,0.2,6.0,multi_fp_rf,26,50,50
CHEMBL1873,35804,4,0.2,6.0,augmented_13view_rf,25,50,50
CHEMBL1873,35804,4,0.3,4.0,score_cap1,27,50,50
CHEMBL1873,35804,4,0.3,4.0,chemdep_cal,26,50,50
CHEMBL1873,35804,4,0.3,4.0,multi_fp_rf,26,50,50
CHEMBL1873,35804,4,0.3,4.0,augmented_13view_rf,25,50,50
CHEMBL1873,35804,4,0.3,6.0,score_cap1,27,50,50
CHEMBL1873,35804,4,0.3,6.0,chemdep_cal,26,50,50
CHEMBL1873,35804,4,0.3,6.0,multi_fp_rf,26,50,50
CHEMBL1873,35804,4,0.3,6.0,augmented_13view_rf,25,50,50
CHEMBL1873,35804,5,0.2,4.0,score_cap1,27,50,50
CHEMBL1873,35804,5,0.2,4.0,chemdep_cal,26,50,50
CHEMBL1873,35804,5,0.2,4.0,multi_fp_rf,26,50,50
CHEMBL1873,35804,5,0.2,4.0,augmented_13view_rf,25,50,50
CHEMBL1873,35804,5,0.2,6.0,score_cap1,27,50,50
CHEMBL1873,35804,5,0.2,6.0,chemdep_cal,26,50,50
CHEMBL1873,35804,5,0.2,6.0,multi_fp_rf,26,50,50
CHEMBL1873,35804,5,0.2,6.0,augmented_13view_rf,25,50,50
CHEMBL1873,35804,5,0.3,4.0,score_cap1,26,50,50
CHEMBL1873,35804,5,0.3,4.0,chemdep_cal,26,50,50
CHEMBL1873,35804,5,0.3,4.0,multi_fp_rf,26,50,50
CHEMBL1873,35804,5,0.3,4.0,augmented_13view_rf,25,50,50
CHEMBL1873,35804,5,0.3,6.0,score_cap1,26,50,50
CHEMBL1873,35804,5,0.3,6.0,chemdep_cal,26,50,50
CHEMBL1873,35804,5,0.3,6.0,multi_fp_rf,26,50,50
CHEMBL1873,35804,5,0.3,6.0,augmented_13view_rf,25,50,50
CHEMBL1873,35804,6,0.2,4.0,score_cap1,26,50,50
CHEMBL1873,35804,6,0.2,4.0,chemdep_cal,26,50,50
CHEMBL1873,35804,6,0.2,4.0,multi_fp_rf,26,50,50
CHEMBL1873,35804,6,0.2,4.0,augmented_13view_rf,25,50,50
CHEMBL1873,35804,6,0.2,6.0,score_cap1,26,50,50
CHEMBL1873,35804,6,0.2,6.0,chemdep_cal,26,50,50
CHEMBL1873,35804,6,0.2,6.0,multi_fp_rf,26,50,50
CHEMBL1873,35804,6,0.2,6.0,augmented_13view_rf,25,50,50
CHEMBL1873,35804,6,0.3,4.0,score_cap1,26,50,50
CHEMBL1873,35804,6,0.3,4.0,chemdep_cal,26,50,50
CHEMBL1873,35804,6,0.3,4.0,multi_fp_rf,26,50,50
CHEMBL1873,35804,6,0.3,4.0,augmented_13view_rf,25,50,50
CHEMBL1873,35804,6,0.3,6.0,score_cap1,26,50,50
CHEMBL1873,35804,6,0.3,6.0,chemdep_cal,26,50,50
CHEMBL1873,35804,6,0.3,6.0,multi_fp_rf,26,50,50
CHEMBL1873,35804,6,0.3,6.0,augmented_13view_rf,25,50,50
CHEMBL1873,35804,7,0.2,4.0,score_cap1,27,50,50
CHEMBL1873,35804,7,0.2,4.0,chemdep_cal,26,50,50
CHEMBL1873,35804,7,0.2,4.0,multi_fp_rf,26,50,50
CHEMBL1873,35804,7,0.2,4.0,augmented_13view_rf,25,50,50
CHEMBL1873,35804,7,0.2,6.0,score_cap1,27,50,50
CHEMBL1873,35804,7,0.2,6.0,chemdep_cal,26,50,50
CHEMBL1873,35804,7,0.2,6.0,multi_fp_rf,26,50,50
CHEMBL1873,35804,7,0.2,6.0,augmented_13view_rf,25,50,50
CHEMBL1873,35804,7,0.3,4.0,score_cap1,26,50,50
CHEMBL1873,35804,7,0.3,4.0,chemdep_cal,26,50,50
CHEMBL1873,35804,7,0.3,4.0,multi_fp_rf,26,50,50
CHEMBL1873,35804,7,0.3,4.0,augmented_13view_rf,25,50,50
CHEMBL1873,35804,7,0.3,6.0,score_cap1,26,50,50
CHEMBL1873,35804,7,0.3,6.0,chemdep_cal,26,50,50
CHEMBL1873,35804,7,0.3,6.0,multi_fp_rf,26,50,50
CHEMBL1873,35804,7,0.3,6.0,augmented_13view_rf,25,50,50
CHEMBL1873,35804,8,0.2,4.0,score_cap1,27,50,50
CHEMBL1873,35804,8,0.2,4.0,chemdep_cal,26,50,50
CHEMBL1873,35804,8,0.2,4.0,multi_fp_rf,26,50,50
CHEMBL1873,35804,8,0.2,4.0,augmented_13view_rf,25,50,50
CHEMBL1873,35804,8,0.2,6.0,score_cap1,27,50,50
CHEMBL1873,35804,8,0.2,6.0,chemdep_cal,26,50,50
CHEMBL1873,35804,8,0.2,6.0,multi_fp_rf,26,50,50
CHEMBL1873,35804,8,0.2,6.0,augmented_13view_rf,25,50,50
CHEMBL1873,35804,8,0.3,4.0,score_cap1,27,50,50
CHEMBL1873,35804,8,0.3,4.0,chemdep_cal,26,50,50
CHEMBL1873,35804,8,0.3,4.0,multi_fp_rf,26,50,50
CHEMBL1873,35804,8,0.3,4.0,augmented_13view_rf,25,50,50
CHEMBL1873,35804,8,0.3,6.0,score_cap1,27,50,50
CHEMBL1873,35804,8,0.3,6.0,chemdep_cal,26,50,50
CHEMBL1873,35804,8,0.3,6.0,multi_fp_rf,26,50,50
CHEMBL1873,35804,8,0.3,6.0,augmented_13view_rf,25,50,50
CHEMBL1873,35804,9,0.2,4.0,score_cap1,26,50,50
CHEMBL1873,35804,9,0.2,4.0,chemdep_cal,26,50,50
CHEMBL1873,35804,9,0.2,4.0,multi_fp_rf,26,50,50
CHEMBL1873,35804,9,0.2,4.0,augmented_13view_rf,25,50,50
CHEMBL1873,35804,9,0.2,6.0,score_cap1,26,50,50
CHEMBL1873,35804,9,0.2,6.0,chemdep_cal,26,50,50
CHEMBL1873,35804,9,0.2,6.0,multi_fp_rf,26,50,50
CHEMBL1873,35804,9,0.2,6.0,augmented_13view_rf,25,50,50
CHEMBL1873,35804,9,0.3,4.0,score_cap1,26,50,50
CHEMBL1873,35804,9,0.3,4.0,chemdep_cal,26,50,50
CHEMBL1873,35804,9,0.3,4.0,multi_fp_rf,26,50,50
CHEMBL1873,35804,9,0.3,4.0,augmented_13view_rf,25,50,50
CHEMBL1873,35804,9,0.3,6.0,score_cap1,26,50,50
CHEMBL1873,35804,9,0.3,6.0,chemdep_cal,26,50,50
CHEMBL1873,35804,9,0.3,6.0,multi_fp_rf,26,50,50
CHEMBL1873,35804,9,0.3,6.0,augmented_13view_rf,25,50,50
CHEMBL1889,35804,0,0.2,4.0,score_cap1,47,50,50
CHEMBL1889,35804,0,0.2,4.0,chemdep_cal,46,50,50
CHEMBL1889,35804,0,0.2,4.0,multi_fp_rf,48,50,50
CHEMBL1889,35804,0,0.2,4.0,augmented_13view_rf,50,50,50
CHEMBL1889,35804,0,0.2,6.0,score_cap1,46,50,50
CHEMBL1889,35804,0,0.2,6.0,chemdep_cal,46,50,50
CHEMBL1889,35804,0,0.2,6.0,multi_fp_rf,48,50,50
CHEMBL1889,35804,0,0.2,6.0,augmented_13view_rf,50,50,50
CHEMBL1889,35804,0,0.3,4.0,score_cap1,46,50,50
CHEMBL1889,35804,0,0.3,4.0,chemdep_cal,45,50,50
CHEMBL1889,35804,0,0.3,4.0,multi_fp_rf,48,50,50
CHEMBL1889,35804,0,0.3,4.0,augmented_13view_rf,50,50,50
CHEMBL1889,35804,0,0.3,6.0,score_cap1,46,50,50
CHEMBL1889,35804,0,0.3,6.0,chemdep_cal,45,50,50
CHEMBL1889,35804,0,0.3,6.0,multi_fp_rf,48,50,50
CHEMBL1889,35804,0,0.3,6.0,augmented_13view_rf,50,50,50
CHEMBL1889,35804,1,0.2,4.0,score_cap1,47,50,50
CHEMBL1889,35804,1,0.2,4.0,chemdep_cal,47,50,50
CHEMBL1889,35804,1,0.2,4.0,multi_fp_rf,48,50,50
CHEMBL1889,35804,1,0.2,4.0,augmented_13view_rf,50,50,50
CHEMBL1889,35804,1,0.2,6.0,score_cap1,47,50,50
CHEMBL1889,35804,1,0.2,6.0,chemdep_cal,46,50,50
CHEMBL1889,35804,1,0.2,6.0,multi_fp_rf,48,50,50
CHEMBL1889,35804,1,0.2,6.0,augmented_13view_rf,50,50,50
CHEMBL1889,35804,1,0.3,4.0,score_cap1,46,50,50
CHEMBL1889,35804,1,0.3,4.0,chemdep_cal,46,50,50
CHEMBL1889,35804,1,0.3,4.0,multi_fp_rf,48,50,50
CHEMBL1889,35804,1,0.3,4.0,augmented_13view_rf,50,50,50
CHEMBL1889,35804,1,0.3,6.0,score_cap1,46,50,50
CHEMBL1889,35804,1,0.3,6.0,chemdep_cal,46,50,50
CHEMBL1889,35804,1,0.3,6.0,multi_fp_rf,48,50,50
CHEMBL1889,35804,1,0.3,6.0,augmented_13view_rf,50,50,50
CHEMBL1889,35804,2,0.2,4.0,score_cap1,47,50,50
CHEMBL1889,35804,2,0.2,4.0,chemdep_cal,46,50,50
CHEMBL1889,35804,2,0.2,4.0,multi_fp_rf,48,50,50
CHEMBL1889,35804,2,0.2,4.0,augmented_13view_rf,50,50,50
CHEMBL1889,35804,2,0.2,6.0,score_cap1,47,50,50
CHEMBL1889,35804,2,0.2,6.0,chemdep_cal,45,50,50
CHEMBL1889,35804,2,0.2,6.0,multi_fp_rf,48,50,50
CHEMBL1889,35804,2,0.2,6.0,augmented_13view_rf,50,50,50
CHEMBL1889,35804,2,0.3,4.0,score_cap1,47,50,50
CHEMBL1889,35804,2,0.3,4.0,chemdep_cal,47,50,50
CHEMBL1889,35804,2,0.3,4.0,multi_fp_rf,48,50,50
CHEMBL1889,35804,2,0.3,4.0,augmented_13view_rf,50,50,50
CHEMBL1889,35804,2,0.3,6.0,score_cap1,47,50,50
CHEMBL1889,35804,2,0.3,6.0,chemdep_cal,46,50,50
CHEMBL1889,35804,2,0.3,6.0,multi_fp_rf,48,50,50
CHEMBL1889,35804,2,0.3,6.0,augmented_13view_rf,50,50,50
CHEMBL1889,35804,3,0.2,4.0,score_cap1,47,50,50
CHEMBL1889,35804,3,0.2,4.0,chemdep_cal,46,50,50
CHEMBL1889,35804,3,0.2,4.0,multi_fp_rf,48,50,50
CHEMBL1889,35804,3,0.2,4.0,augmented_13view_rf,50,50,50
CHEMBL1889,35804,3,0.2,6.0,score_cap1,46,50,50
CHEMBL1889,35804,3,0.2,6.0,chemdep_cal,46,50,50
CHEMBL1889,35804,3,0.2,6.0,multi_fp_rf,48,50,50
CHEMBL1889,35804,3,0.2,6.0,augmented_13view_rf,50,50,50
CHEMBL1889,35804,3,0.3,4.0,score_cap1,46,50,50
CHEMBL1889,35804,3,0.3,4.0,chemdep_cal,46,50,50
CHEMBL1889,35804,3,0.3,4.0,multi_fp_rf,48,50,50
CHEMBL1889,35804,3,0.3,4.0,augmented_13view_rf,50,50,50
CHEMBL1889,35804,3,0.3,6.0,score_cap1,46,50,50
CHEMBL1889,35804,3,0.3,6.0,chemdep_cal,46,50,50
CHEMBL1889,35804,3,0.3,6.0,multi_fp_rf,48,50,50
CHEMBL1889,35804,3,0.3,6.0,augmented_13view_rf,50,50,50
CHEMBL1889,35804,4,0.2,4.0,score_cap1,46,50,50
CHEMBL1889,35804,4,0.2,4.0,chemdep_cal,45,50,50
CHEMBL1889,35804,4,0.2,4.0,multi_fp_rf,48,50,50
CHEMBL1889,35804,4,0.2,4.0,augmented_13view_rf,50,50,50
CHEMBL1889,35804,4,0.2,6.0,score_cap1,46,50,50
CHEMBL1889,35804,4,0.2,6.0,chemdep_cal,45,50,50
CHEMBL1889,35804,4,0.2,6.0,multi_fp_rf,48,50,50
CHEMBL1889,35804,4,0.2,6.0,augmented_13view_rf,50,50,50
CHEMBL1889,35804,4,0.3,4.0,score_cap1,46,50,50
CHEMBL1889,35804,4,0.3,4.0,chemdep_cal,46,50,50
CHEMBL1889,35804,4,0.3,4.0,multi_fp_rf,48,50,50
CHEMBL1889,35804,4,0.3,4.0,augmented_13view_rf,50,50,50
CHEMBL1889,35804,4,0.3,6.0,score_cap1,46,50,50
CHEMBL1889,35804,4,0.3,6.0,chemdep_cal,46,50,50
CHEMBL1889,35804,4,0.3,6.0,multi_fp_rf,48,50,50
CHEMBL1889,35804,4,0.3,6.0,augmented_13view_rf,50,50,50
CHEMBL1889,35804,5,0.2,4.0,score_cap1,46,50,50
CHEMBL1889,35804,5,0.2,4.0,chemdep_cal,46,50,50
CHEMBL1889,35804,5,0.2,4.0,multi_fp_rf,48,50,50
CHEMBL1889,35804,5,0.2,4.0,augmented_13view_rf,50,50,50
CHEMBL1889,35804,5,0.2,6.0,score_cap1,46,50,50
CHEMBL1889,35804,5,0.2,6.0,chemdep_cal,46,50,50
CHEMBL1889,35804,5,0.2,6.0,multi_fp_rf,48,50,50
CHEMBL1889,35804,5,0.2,6.0,augmented_13view_rf,50,50,50
CHEMBL1889,35804,5,0.3,4.0,score_cap1,46,50,50
CHEMBL1889,35804,5,0.3,4.0,chemdep_cal,46,50,50
CHEMBL1889,35804,5,0.3,4.0,multi_fp_rf,48,50,50
CHEMBL1889,35804,5,0.3,4.0,augmented_13view_rf,50,50,50
CHEMBL1889,35804,5,0.3,6.0,score_cap1,46,50,50
CHEMBL1889,35804,5,0.3,6.0,chemdep_cal,46,50,50
CHEMBL1889,35804,5,0.3,6.0,multi_fp_rf,48,50,50
CHEMBL1889,35804,5,0.3,6.0,augmented_13view_rf,50,50,50
CHEMBL1889,35804,6,0.2,4.0,score_cap1,47,50,50
CHEMBL1889,35804,6,0.2,4.0,chemdep_cal,46,50,50
CHEMBL1889,35804,6,0.2,4.0,multi_fp_rf,48,50,50
CHEMBL1889,35804,6,0.2,4.0,augmented_13view_rf,50,50,50
CHEMBL1889,35804,6,0.2,6.0,score_cap1,46,50,50
CHEMBL1889,35804,6,0.2,6.0,chemdep_cal,46,50,50
CHEMBL1889,35804,6,0.2,6.0,multi_fp_rf,48,50,50
CHEMBL1889,35804,6,0.2,6.0,augmented_13view_rf,50,50,50
CHEMBL1889,35804,6,0.3,4.0,score_cap1,47,50,50
CHEMBL1889,35804,6,0.3,4.0,chemdep_cal,46,50,50
CHEMBL1889,35804,6,0.3,4.0,multi_fp_rf,48,50,50
CHEMBL1889,35804,6,0.3,4.0,augmented_13view_rf,50,50,50
CHEMBL1889,35804,6,0.3,6.0,score_cap1,46,50,50
CHEMBL1889,35804,6,0.3,6.0,chemdep_cal,46,50,50
CHEMBL1889,35804,6,0.3,6.0,multi_fp_rf,48,50,50
CHEMBL1889,35804,6,0.3,6.0,augmented_13view_rf,50,50,50
CHEMBL1889,35804,7,0.2,4.0,score_cap1,47,50,50
CHEMBL1889,35804,7,0.2,4.0,chemdep_cal,46,50,50
CHEMBL1889,35804,7,0.2,4.0,multi_fp_rf,48,50,50
CHEMBL1889,35804,7,0.2,4.0,augmented_13view_rf,50,50,50
CHEMBL1889,35804,7,0.2,6.0,score_cap1,47,50,50
CHEMBL1889,35804,7,0.2,6.0,chemdep_cal,45,50,50
CHEMBL1889,35804,7,0.2,6.0,multi_fp_rf,48,50,50
CHEMBL1889,35804,7,0.2,6.0,augmented_13view_rf,50,50,50
CHEMBL1889,35804,7,0.3,4.0,score_cap1,46,50,50
CHEMBL1889,35804,7,0.3,4.0,chemdep_cal,46,50,50
CHEMBL1889,35804,7,0.3,4.0,multi_fp_rf,48,50,50
CHEMBL1889,35804,7,0.3,4.0,augmented_13view_rf,50,50,50
CHEMBL1889,35804,7,0.3,6.0,score_cap1,46,50,50
CHEMBL1889,35804,7,0.3,6.0,chemdep_cal,46,50,50
CHEMBL1889,35804,7,0.3,6.0,multi_fp_rf,48,50,50
CHEMBL1889,35804,7,0.3,6.0,augmented_13view_rf,50,50,50
CHEMBL1889,35804,8,0.2,4.0,score_cap1,46,50,50
CHEMBL1889,35804,8,0.2,4.0,chemdep_cal,45,50,50
CHEMBL1889,35804,8,0.2,4.0,multi_fp_rf,48,50,50
CHEMBL1889,35804,8,0.2,4.0,augmented_13view_rf,50,50,50
CHEMBL1889,35804,8,0.2,6.0,score_cap1,46,50,50
CHEMBL1889,35804,8,0.2,6.0,chemdep_cal,45,50,50
CHEMBL1889,35804,8,0.2,6.0,multi_fp_rf,48,50,50
CHEMBL1889,35804,8,0.2,6.0,augmented_13view_rf,50,50,50
CHEMBL1889,35804,8,0.3,4.0,score_cap1,47,50,50
CHEMBL1889,35804,8,0.3,4.0,chemdep_cal,46,50,50
CHEMBL1889,35804,8,0.3,4.0,multi_fp_rf,48,50,50
CHEMBL1889,35804,8,0.3,4.0,augmented_13view_rf,50,50,50
CHEMBL1889,35804,8,0.3,6.0,score_cap1,47,50,50
CHEMBL1889,35804,8,0.3,6.0,chemdep_cal,45,50,50
CHEMBL1889,35804,8,0.3,6.0,multi_fp_rf,48,50,50
CHEMBL1889,35804,8,0.3,6.0,augmented_13view_rf,50,50,50
CHEMBL1889,35804,9,0.2,4.0,score_cap1,46,50,50
CHEMBL1889,35804,9,0.2,4.0,chemdep_cal,46,50,50
CHEMBL1889,35804,9,0.2,4.0,multi_fp_rf,48,50,50
CHEMBL1889,35804,9,0.2,4.0,augmented_13view_rf,50,50,50
CHEMBL1889,35804,9,0.2,6.0,score_cap1,46,50,50
CHEMBL1889,35804,9,0.2,6.0,chemdep_cal,46,50,50
CHEMBL1889,35804,9,0.2,6.0,multi_fp_rf,48,50,50
CHEMBL1889,35804,9,0.2,6.0,augmented_13view_rf,50,50,50
CHEMBL1889,35804,9,0.3,4.0,score_cap1,47,50,50
CHEMBL1889,35804,9,0.3,4.0,chemdep_cal,45,50,50
CHEMBL1889,35804,9,0.3,4.0,multi_fp_rf,48,50,50
CHEMBL1889,35804,9,0.3,4.0,augmented_13view_rf,50,50,50
CHEMBL1889,35804,9,0.3,6.0,score_cap1,46,50,50
CHEMBL1889,35804,9,0.3,6.0,chemdep_cal,45,50,50
CHEMBL1889,35804,9,0.3,6.0,multi_fp_rf,48,50,50
CHEMBL1889,35804,9,0.3,6.0,augmented_13view_rf,50,50,50
CHEMBL1898,35804,0,0.2,4.0,score_cap1,46,50,50
CHEMBL1898,35804,0,0.2,4.0,chemdep_cal,48,50,50
CHEMBL1898,35804,0,0.2,4.0,multi_fp_rf,50,50,50
CHEMBL1898,35804,0,0.2,4.0,augmented_13view_rf,50,50,50
CHEMBL1898,35804,0,0.2,6.0,score_cap1,46,50,50
CHEMBL1898,35804,0,0.2,6.0,chemdep_cal,48,50,50
CHEMBL1898,35804,0,0.2,6.0,multi_fp_rf,50,50,50
CHEMBL1898,35804,0,0.2,6.0,augmented_13view_rf,50,50,50
CHEMBL1898,35804,0,0.3,4.0,score_cap1,46,50,50
CHEMBL1898,35804,0,0.3,4.0,chemdep_cal,47,50,50
CHEMBL1898,35804,0,0.3,4.0,multi_fp_rf,50,50,50
CHEMBL1898,35804,0,0.3,4.0,augmented_13view_rf,50,50,50
CHEMBL1898,35804,0,0.3,6.0,score_cap1,45,50,50
CHEMBL1898,35804,0,0.3,6.0,chemdep_cal,46,50,50
CHEMBL1898,35804,0,0.3,6.0,multi_fp_rf,50,50,50
CHEMBL1898,35804,0,0.3,6.0,augmented_13view_rf,50,50,50
CHEMBL1898,35804,1,0.2,4.0,score_cap1,46,50,50
CHEMBL1898,35804,1,0.2,4.0,chemdep_cal,47,50,50
CHEMBL1898,35804,1,0.2,4.0,multi_fp_rf,50,50,50
CHEMBL1898,35804,1,0.2,4.0,augmented_13view_rf,50,50,50
CHEMBL1898,35804,1,0.2,6.0,score_cap1,46,50,50
CHEMBL1898,35804,1,0.2,6.0,chemdep_cal,47,50,50
CHEMBL1898,35804,1,0.2,6.0,multi_fp_rf,50,50,50
CHEMBL1898,35804,1,0.2,6.0,augmented_13view_rf,50,50,50
CHEMBL1898,35804,1,0.3,4.0,score_cap1,45,50,50
CHEMBL1898,35804,1,0.3,4.0,chemdep_cal,47,50,50
CHEMBL1898,35804,1,0.3,4.0,multi_fp_rf,50,50,50
CHEMBL1898,35804,1,0.3,4.0,augmented_13view_rf,50,50,50
CHEMBL1898,35804,1,0.3,6.0,score_cap1,45,50,50
CHEMBL1898,35804,1,0.3,6.0,chemdep_cal,47,50,50
CHEMBL1898,35804,1,0.3,6.0,multi_fp_rf,50,50,50
CHEMBL1898,35804,1,0.3,6.0,augmented_13view_rf,50,50,50
CHEMBL1898,35804,2,0.2,4.0,score_cap1,46,50,50
CHEMBL1898,35804,2,0.2,4.0,chemdep_cal,48,50,50
CHEMBL1898,35804,2,0.2,4.0,multi_fp_rf,50,50,50
CHEMBL1898,35804,2,0.2,4.0,augmented_13view_rf,50,50,50
CHEMBL1898,35804,2,0.2,6.0,score_cap1,46,50,50
CHEMBL1898,35804,2,0.2,6.0,chemdep_cal,48,50,50
CHEMBL1898,35804,2,0.2,6.0,multi_fp_rf,50,50,50
CHEMBL1898,35804,2,0.2,6.0,augmented_13view_rf,50,50,50
CHEMBL1898,35804,2,0.3,4.0,score_cap1,45,50,50
CHEMBL1898,35804,2,0.3,4.0,chemdep_cal,47,50,50
CHEMBL1898,35804,2,0.3,4.0,multi_fp_rf,50,50,50
CHEMBL1898,35804,2,0.3,4.0,augmented_13view_rf,50,50,50
CHEMBL1898,35804,2,0.3,6.0,score_cap1,45,50,50
CHEMBL1898,35804,2,0.3,6.0,chemdep_cal,47,50,50
CHEMBL1898,35804,2,0.3,6.0,multi_fp_rf,50,50,50
CHEMBL1898,35804,2,0.3,6.0,augmented_13view_rf,50,50,50
CHEMBL1898,35804,3,0.2,4.0,score_cap1,46,50,50
CHEMBL1898,35804,3,0.2,4.0,chemdep_cal,48,50,50
CHEMBL1898,35804,3,0.2,4.0,multi_fp_rf,50,50,50
CHEMBL1898,35804,3,0.2,4.0,augmented_13view_rf,50,50,50
CHEMBL1898,35804,3,0.2,6.0,score_cap1,46,50,50
CHEMBL1898,35804,3,0.2,6.0,chemdep_cal,48,50,50
CHEMBL1898,35804,3,0.2,6.0,multi_fp_rf,50,50,50
CHEMBL1898,35804,3,0.2,6.0,augmented_13view_rf,50,50,50
CHEMBL1898,35804,3,0.3,4.0,score_cap1,45,50,50
CHEMBL1898,35804,3,0.3,4.0,chemdep_cal,46,50,50
CHEMBL1898,35804,3,0.3,4.0,multi_fp_rf,50,50,50
CHEMBL1898,35804,3,0.3,4.0,augmented_13view_rf,50,50,50
CHEMBL1898,35804,3,0.3,6.0,score_cap1,45,50,50
CHEMBL1898,35804,3,0.3,6.0,chemdep_cal,46,50,50
CHEMBL1898,35804,3,0.3,6.0,multi_fp_rf,50,50,50
CHEMBL1898,35804,3,0.3,6.0,augmented_13view_rf,50,50,50
CHEMBL1898,35804,4,0.2,4.0,score_cap1,46,50,50
CHEMBL1898,35804,4,0.2,4.0,chemdep_cal,47,50,50
CHEMBL1898,35804,4,0.2,4.0,multi_fp_rf,50,50,50
CHEMBL1898,35804,4,0.2,4.0,augmented_13view_rf,50,50,50
CHEMBL1898,35804,4,0.2,6.0,score_cap1,46,50,50
CHEMBL1898,35804,4,0.2,6.0,chemdep_cal,47,50,50
CHEMBL1898,35804,4,0.2,6.0,multi_fp_rf,50,50,50
CHEMBL1898,35804,4,0.2,6.0,augmented_13view_rf,50,50,50
CHEMBL1898,35804,4,0.3,4.0,score_cap1,45,50,50
CHEMBL1898,35804,4,0.3,4.0,chemdep_cal,48,50,50
CHEMBL1898,35804,4,0.3,4.0,multi_fp_rf,50,50,50
CHEMBL1898,35804,4,0.3,4.0,augmented_13view_rf,50,50,50
CHEMBL1898,35804,4,0.3,6.0,score_cap1,45,50,50
CHEMBL1898,35804,4,0.3,6.0,chemdep_cal,47,50,50
CHEMBL1898,35804,4,0.3,6.0,multi_fp_rf,50,50,50
CHEMBL1898,35804,4,0.3,6.0,augmented_13view_rf,50,50,50
CHEMBL1898,35804,5,0.2,4.0,score_cap1,46,50,50
CHEMBL1898,35804,5,0.2,4.0,chemdep_cal,48,50,50
CHEMBL1898,35804,5,0.2,4.0,multi_fp_rf,50,50,50
CHEMBL1898,35804,5,0.2,4.0,augmented_13view_rf,50,50,50
CHEMBL1898,35804,5,0.2,6.0,score_cap1,46,50,50
CHEMBL1898,35804,5,0.2,6.0,chemdep_cal,48,50,50
CHEMBL1898,35804,5,0.2,6.0,multi_fp_rf,50,50,50
CHEMBL1898,35804,5,0.2,6.0,augmented_13view_rf,50,50,50
CHEMBL1898,35804,5,0.3,4.0,score_cap1,45,50,50
CHEMBL1898,35804,5,0.3,4.0,chemdep_cal,46,50,50
CHEMBL1898,35804,5,0.3,4.0,multi_fp_rf,50,50,50
CHEMBL1898,35804,5,0.3,4.0,augmented_13view_rf,50,50,50
CHEMBL1898,35804,5,0.3,6.0,score_cap1,45,50,50
CHEMBL1898,35804,5,0.3,6.0,chemdep_cal,46,50,50
CHEMBL1898,35804,5,0.3,6.0,multi_fp_rf,50,50,50
CHEMBL1898,35804,5,0.3,6.0,augmented_13view_rf,50,50,50
CHEMBL1898,35804,6,0.2,4.0,score_cap1,46,50,50
CHEMBL1898,35804,6,0.2,4.0,chemdep_cal,47,50,50
CHEMBL1898,35804,6,0.2,4.0,multi_fp_rf,50,50,50
CHEMBL1898,35804,6,0.2,4.0,augmented_13view_rf,50,50,50
CHEMBL1898,35804,6,0.2,6.0,score_cap1,46,50,50
CHEMBL1898,35804,6,0.2,6.0,chemdep_cal,47,50,50
CHEMBL1898,35804,6,0.2,6.0,multi_fp_rf,50,50,50
CHEMBL1898,35804,6,0.2,6.0,augmented_13view_rf,50,50,50
CHEMBL1898,35804,6,0.3,4.0,score_cap1,46,50,50
CHEMBL1898,35804,6,0.3,4.0,chemdep_cal,47,50,50
CHEMBL1898,35804,6,0.3,4.0,multi_fp_rf,50,50,50
CHEMBL1898,35804,6,0.3,4.0,augmented_13view_rf,50,50,50
CHEMBL1898,35804,6,0.3,6.0,score_cap1,45,50,50
CHEMBL1898,35804,6,0.3,6.0,chemdep_cal,46,50,50
CHEMBL1898,35804,6,0.3,6.0,multi_fp_rf,50,50,50
CHEMBL1898,35804,6,0.3,6.0,augmented_13view_rf,50,50,50
CHEMBL1898,35804,7,0.2,4.0,score_cap1,46,50,50
CHEMBL1898,35804,7,0.2,4.0,chemdep_cal,48,50,50
CHEMBL1898,35804,7,0.2,4.0,multi_fp_rf,50,50,50
CHEMBL1898,35804,7,0.2,4.0,augmented_13view_rf,50,50,50
CHEMBL1898,35804,7,0.2,6.0,score_cap1,46,50,50
CHEMBL1898,35804,7,0.2,6.0,chemdep_cal,48,50,50
CHEMBL1898,35804,7,0.2,6.0,multi_fp_rf,50,50,50
CHEMBL1898,35804,7,0.2,6.0,augmented_13view_rf,50,50,50
CHEMBL1898,35804,7,0.3,4.0,score_cap1,45,50,50
CHEMBL1898,35804,7,0.3,4.0,chemdep_cal,46,50,50
CHEMBL1898,35804,7,0.3,4.0,multi_fp_rf,50,50,50
CHEMBL1898,35804,7,0.3,4.0,augmented_13view_rf,50,50,50
CHEMBL1898,35804,7,0.3,6.0,score_cap1,45,50,50
CHEMBL1898,35804,7,0.3,6.0,chemdep_cal,46,50,50
CHEMBL1898,35804,7,0.3,6.0,multi_fp_rf,50,50,50
CHEMBL1898,35804,7,0.3,6.0,augmented_13view_rf,50,50,50
CHEMBL1898,35804,8,0.2,4.0,score_cap1,46,50,50
CHEMBL1898,35804,8,0.2,4.0,chemdep_cal,48,50,50
CHEMBL1898,35804,8,0.2,4.0,multi_fp_rf,50,50,50
CHEMBL1898,35804,8,0.2,4.0,augmented_13view_rf,50,50,50
CHEMBL1898,35804,8,0.2,6.0,score_cap1,46,50,50
CHEMBL1898,35804,8,0.2,6.0,chemdep_cal,47,50,50
CHEMBL1898,35804,8,0.2,6.0,multi_fp_rf,50,50,50
CHEMBL1898,35804,8,0.2,6.0,augmented_13view_rf,50,50,50
CHEMBL1898,35804,8,0.3,4.0,score_cap1,46,50,50
CHEMBL1898,35804,8,0.3,4.0,chemdep_cal,47,50,50
CHEMBL1898,35804,8,0.3,4.0,multi_fp_rf,50,50,50
CHEMBL1898,35804,8,0.3,4.0,augmented_13view_rf,50,50,50
CHEMBL1898,35804,8,0.3,6.0,score_cap1,45,50,50
CHEMBL1898,35804,8,0.3,6.0,chemdep_cal,46,50,50
CHEMBL1898,35804,8,0.3,6.0,multi_fp_rf,50,50,50
CHEMBL1898,35804,8,0.3,6.0,augmented_13view_rf,50,50,50
CHEMBL1898,35804,9,0.2,4.0,score_cap1,46,50,50
CHEMBL1898,35804,9,0.2,4.0,chemdep_cal,47,50,50
CHEMBL1898,35804,9,0.2,4.0,multi_fp_rf,50,50,50
CHEMBL1898,35804,9,0.2,4.0,augmented_13view_rf,50,50,50
CHEMBL1898,35804,9,0.2,6.0,score_cap1,46,50,50
CHEMBL1898,35804,9,0.2,6.0,chemdep_cal,47,50,50
CHEMBL1898,35804,9,0.2,6.0,multi_fp_rf,50,50,50
CHEMBL1898,35804,9,0.2,6.0,augmented_13view_rf,50,50,50
CHEMBL1898,35804,9,0.3,4.0,score_cap1,45,50,50
CHEMBL1898,35804,9,0.3,4.0,chemdep_cal,46,50,50
CHEMBL1898,35804,9,0.3,4.0,multi_fp_rf,50,50,50
CHEMBL1898,35804,9,0.3,4.0,augmented_13view_rf,50,50,50
CHEMBL1898,35804,9,0.3,6.0,score_cap1,45,50,50
CHEMBL1898,35804,9,0.3,6.0,chemdep_cal,46,50,50
CHEMBL1898,35804,9,0.3,6.0,multi_fp_rf,50,50,50
CHEMBL1898,35804,9,0.3,6.0,augmented_13view_rf,50,50,50
CHEMBL1899,35804,0,0.2,4.0,score_cap1,39,50,50
CHEMBL1899,35804,0,0.2,4.0,chemdep_cal,39,50,50
CHEMBL1899,35804,0,0.2,4.0,multi_fp_rf,36,50,50
CHEMBL1899,35804,0,0.2,4.0,augmented_13view_rf,37,50,50
CHEMBL1899,35804,0,0.2,6.0,score_cap1,39,50,50
CHEMBL1899,35804,0,0.2,6.0,chemdep_cal,39,50,50
CHEMBL1899,35804,0,0.2,6.0,multi_fp_rf,36,50,50
CHEMBL1899,35804,0,0.2,6.0,augmented_13view_rf,37,50,50
CHEMBL1899,35804,0,0.3,4.0,score_cap1,39,50,50
CHEMBL1899,35804,0,0.3,4.0,chemdep_cal,38,50,50
CHEMBL1899,35804,0,0.3,4.0,multi_fp_rf,36,50,50
CHEMBL1899,35804,0,0.3,4.0,augmented_13view_rf,38,50,50
CHEMBL1899,35804,0,0.3,6.0,score_cap1,39,50,50
CHEMBL1899,35804,0,0.3,6.0,chemdep_cal,39,50,50
CHEMBL1899,35804,0,0.3,6.0,multi_fp_rf,36,50,50
CHEMBL1899,35804,0,0.3,6.0,augmented_13view_rf,38,50,50
CHEMBL1899,35804,1,0.2,4.0,score_cap1,39,50,50
CHEMBL1899,35804,1,0.2,4.0,chemdep_cal,39,50,50
CHEMBL1899,35804,1,0.2,4.0,multi_fp_rf,36,50,50
CHEMBL1899,35804,1,0.2,4.0,augmented_13view_rf,38,50,50
CHEMBL1899,35804,1,0.2,6.0,score_cap1,39,50,50
CHEMBL1899,35804,1,0.2,6.0,chemdep_cal,40,50,50
CHEMBL1899,35804,1,0.2,6.0,multi_fp_rf,36,50,50
CHEMBL1899,35804,1,0.2,6.0,augmented_13view_rf,38,50,50
CHEMBL1899,35804,1,0.3,4.0,score_cap1,39,50,50
CHEMBL1899,35804,1,0.3,4.0,chemdep_cal,38,50,50
CHEMBL1899,35804,1,0.3,4.0,multi_fp_rf,36,50,50
CHEMBL1899,35804,1,0.3,4.0,augmented_13view_rf,38,50,50
CHEMBL1899,35804,1,0.3,6.0,score_cap1,39,50,50
CHEMBL1899,35804,1,0.3,6.0,chemdep_cal,40,50,50
CHEMBL1899,35804,1,0.3,6.0,multi_fp_rf,36,50,50
CHEMBL1899,35804,1,0.3,6.0,augmented_13view_rf,38,50,50
CHEMBL1899,35804,2,0.2,4.0,score_cap1,39,50,50
CHEMBL1899,35804,2,0.2,4.0,chemdep_cal,38,50,50
CHEMBL1899,35804,2,0.2,4.0,multi_fp_rf,37,50,50
CHEMBL1899,35804,2,0.2,4.0,augmented_13view_rf,38,50,50
CHEMBL1899,35804,2,0.2,6.0,score_cap1,39,50,50
CHEMBL1899,35804,2,0.2,6.0,chemdep_cal,38,50,50
CHEMBL1899,35804,2,0.2,6.0,multi_fp_rf,37,50,50
CHEMBL1899,35804,2,0.2,6.0,augmented_13view_rf,38,50,50
CHEMBL1899,35804,2,0.3,4.0,score_cap1,39,50,50
CHEMBL1899,35804,2,0.3,4.0,chemdep_cal,38,50,50
CHEMBL1899,35804,2,0.3,4.0,multi_fp_rf,36,50,50
CHEMBL1899,35804,2,0.3,4.0,augmented_13view_rf,38,50,50
CHEMBL1899,35804,2,0.3,6.0,score_cap1,39,50,50
CHEMBL1899,35804,2,0.3,6.0,chemdep_cal,40,50,50
CHEMBL1899,35804,2,0.3,6.0,multi_fp_rf,36,50,50
CHEMBL1899,35804,2,0.3,6.0,augmented_13view_rf,38,50,50
CHEMBL1899,35804,3,0.2,4.0,score_cap1,40,50,50
CHEMBL1899,35804,3,0.2,4.0,chemdep_cal,39,50,50
CHEMBL1899,35804,3,0.2,4.0,multi_fp_rf,36,50,50
CHEMBL1899,35804,3,0.2,4.0,augmented_13view_rf,38,50,50
CHEMBL1899,35804,3,0.2,6.0,score_cap1,40,50,50
CHEMBL1899,35804,3,0.2,6.0,chemdep_cal,41,50,50
CHEMBL1899,35804,3,0.2,6.0,multi_fp_rf,36,50,50
CHEMBL1899,35804,3,0.2,6.0,augmented_13view_rf,38,50,50
CHEMBL1899,35804,3,0.3,4.0,score_cap1,40,50,50
CHEMBL1899,35804,3,0.3,4.0,chemdep_cal,39,50,50
CHEMBL1899,35804,3,0.3,4.0,multi_fp_rf,36,50,50
CHEMBL1899,35804,3,0.3,4.0,augmented_13view_rf,38,50,50
CHEMBL1899,35804,3,0.3,6.0,score_cap1,40,50,50
CHEMBL1899,35804,3,0.3,6.0,chemdep_cal,41,50,50
CHEMBL1899,35804,3,0.3,6.0,multi_fp_rf,36,50,50
CHEMBL1899,35804,3,0.3,6.0,augmented_13view_rf,38,50,50
CHEMBL1899,35804,4,0.2,4.0,score_cap1,39,50,50
CHEMBL1899,35804,4,0.2,4.0,chemdep_cal,38,50,50
CHEMBL1899,35804,4,0.2,4.0,multi_fp_rf,37,50,50
CHEMBL1899,35804,4,0.2,4.0,augmented_13view_rf,38,50,50
CHEMBL1899,35804,4,0.2,6.0,score_cap1,39,50,50
CHEMBL1899,35804,4,0.2,6.0,chemdep_cal,38,50,50
CHEMBL1899,35804,4,0.2,6.0,multi_fp_rf,37,50,50
CHEMBL1899,35804,4,0.2,6.0,augmented_13view_rf,38,50,50
CHEMBL1899,35804,4,0.3,4.0,score_cap1,39,50,50
CHEMBL1899,35804,4,0.3,4.0,chemdep_cal,38,50,50
CHEMBL1899,35804,4,0.3,4.0,multi_fp_rf,36,50,50
CHEMBL1899,35804,4,0.3,4.0,augmented_13view_rf,38,50,50
CHEMBL1899,35804,4,0.3,6.0,score_cap1,39,50,50
CHEMBL1899,35804,4,0.3,6.0,chemdep_cal,39,50,50
CHEMBL1899,35804,4,0.3,6.0,multi_fp_rf,36,50,50
CHEMBL1899,35804,4,0.3,6.0,augmented_13view_rf,38,50,50
CHEMBL1899,35804,5,0.2,4.0,score_cap1,39,50,50
CHEMBL1899,35804,5,0.2,4.0,chemdep_cal,38,50,50
CHEMBL1899,35804,5,0.2,4.0,multi_fp_rf,37,50,50
CHEMBL1899,35804,5,0.2,4.0,augmented_13view_rf,38,50,50
CHEMBL1899,35804,5,0.2,6.0,score_cap1,39,50,50
CHEMBL1899,35804,5,0.2,6.0,chemdep_cal,39,50,50
CHEMBL1899,35804,5,0.2,6.0,multi_fp_rf,37,50,50
CHEMBL1899,35804,5,0.2,6.0,augmented_13view_rf,38,50,50
CHEMBL1899,35804,5,0.3,4.0,score_cap1,38,50,50
CHEMBL1899,35804,5,0.3,4.0,chemdep_cal,39,50,50
CHEMBL1899,35804,5,0.3,4.0,multi_fp_rf,36,50,50
CHEMBL1899,35804,5,0.3,4.0,augmented_13view_rf,37,50,50
CHEMBL1899,35804,5,0.3,6.0,score_cap1,38,50,50
CHEMBL1899,35804,5,0.3,6.0,chemdep_cal,40,50,50
CHEMBL1899,35804,5,0.3,6.0,multi_fp_rf,36,50,50
CHEMBL1899,35804,5,0.3,6.0,augmented_13view_rf,37,50,50
CHEMBL1899,35804,6,0.2,4.0,score_cap1,39,50,50
CHEMBL1899,35804,6,0.2,4.0,chemdep_cal,38,50,50
CHEMBL1899,35804,6,0.2,4.0,multi_fp_rf,37,50,50
CHEMBL1899,35804,6,0.2,4.0,augmented_13view_rf,38,50,50
CHEMBL1899,35804,6,0.2,6.0,score_cap1,39,50,50
CHEMBL1899,35804,6,0.2,6.0,chemdep_cal,38,50,50
CHEMBL1899,35804,6,0.2,6.0,multi_fp_rf,37,50,50
CHEMBL1899,35804,6,0.2,6.0,augmented_13view_rf,38,50,50
CHEMBL1899,35804,6,0.3,4.0,score_cap1,40,50,50
CHEMBL1899,35804,6,0.3,4.0,chemdep_cal,39,50,50
CHEMBL1899,35804,6,0.3,4.0,multi_fp_rf,36,50,50
CHEMBL1899,35804,6,0.3,4.0,augmented_13view_rf,38,50,50
CHEMBL1899,35804,6,0.3,6.0,score_cap1,40,50,50
CHEMBL1899,35804,6,0.3,6.0,chemdep_cal,40,50,50
CHEMBL1899,35804,6,0.3,6.0,multi_fp_rf,36,50,50
CHEMBL1899,35804,6,0.3,6.0,augmented_13view_rf,38,50,50
CHEMBL1899,35804,7,0.2,4.0,score_cap1,40,50,50
CHEMBL1899,35804,7,0.2,4.0,chemdep_cal,39,50,50
CHEMBL1899,35804,7,0.2,4.0,multi_fp_rf,37,50,50
CHEMBL1899,35804,7,0.2,4.0,augmented_13view_rf,38,50,50
CHEMBL1899,35804,7,0.2,6.0,score_cap1,40,50,50
CHEMBL1899,35804,7,0.2,6.0,chemdep_cal,40,50,50
CHEMBL1899,35804,7,0.2,6.0,multi_fp_rf,37,50,50
CHEMBL1899,35804,7,0.2,6.0,augmented_13view_rf,38,50,50
CHEMBL1899,35804,7,0.3,4.0,score_cap1,39,50,50
CHEMBL1899,35804,7,0.3,4.0,chemdep_cal,38,50,50
CHEMBL1899,35804,7,0.3,4.0,multi_fp_rf,36,50,50
CHEMBL1899,35804,7,0.3,4.0,augmented_13view_rf,38,50,50
CHEMBL1899,35804,7,0.3,6.0,score_cap1,39,50,50
CHEMBL1899,35804,7,0.3,6.0,chemdep_cal,39,50,50
CHEMBL1899,35804,7,0.3,6.0,multi_fp_rf,36,50,50
CHEMBL1899,35804,7,0.3,6.0,augmented_13view_rf,38,50,50
CHEMBL1899,35804,8,0.2,4.0,score_cap1,40,50,50
CHEMBL1899,35804,8,0.2,4.0,chemdep_cal,39,50,50
CHEMBL1899,35804,8,0.2,4.0,multi_fp_rf,36,50,50
CHEMBL1899,35804,8,0.2,4.0,augmented_13view_rf,38,50,50
CHEMBL1899,35804,8,0.2,6.0,score_cap1,40,50,50
CHEMBL1899,35804,8,0.2,6.0,chemdep_cal,41,50,50
CHEMBL1899,35804,8,0.2,6.0,multi_fp_rf,36,50,50
CHEMBL1899,35804,8,0.2,6.0,augmented_13view_rf,38,50,50
CHEMBL1899,35804,8,0.3,4.0,score_cap1,40,50,50
CHEMBL1899,35804,8,0.3,4.0,chemdep_cal,39,50,50
CHEMBL1899,35804,8,0.3,4.0,multi_fp_rf,36,50,50
CHEMBL1899,35804,8,0.3,4.0,augmented_13view_rf,38,50,50
CHEMBL1899,35804,8,0.3,6.0,score_cap1,40,50,50
CHEMBL1899,35804,8,0.3,6.0,chemdep_cal,40,50,50
CHEMBL1899,35804,8,0.3,6.0,multi_fp_rf,36,50,50
CHEMBL1899,35804,8,0.3,6.0,augmented_13view_rf,38,50,50
CHEMBL1899,35804,9,0.2,4.0,score_cap1,39,50,50
CHEMBL1899,35804,9,0.2,4.0,chemdep_cal,40,50,50
CHEMBL1899,35804,9,0.2,4.0,multi_fp_rf,35,50,50
CHEMBL1899,35804,9,0.2,4.0,augmented_13view_rf,37,50,50
CHEMBL1899,35804,9,0.2,6.0,score_cap1,39,50,50
CHEMBL1899,35804,9,0.2,6.0,chemdep_cal,41,50,50
CHEMBL1899,35804,9,0.2,6.0,multi_fp_rf,35,50,50
CHEMBL1899,35804,9,0.2,6.0,augmented_13view_rf,37,50,50
CHEMBL1899,35804,9,0.3,4.0,score_cap1,39,50,50
CHEMBL1899,35804,9,0.3,4.0,chemdep_cal,38,50,50
CHEMBL1899,35804,9,0.3,4.0,multi_fp_rf,36,50,50
CHEMBL1899,35804,9,0.3,4.0,augmented_13view_rf,38,50,50
CHEMBL1899,35804,9,0.3,6.0,score_cap1,39,50,50
CHEMBL1899,35804,9,0.3,6.0,chemdep_cal,40,50,50
CHEMBL1899,35804,9,0.3,6.0,multi_fp_rf,36,50,50
CHEMBL1899,35804,9,0.3,6.0,augmented_13view_rf,38,50,50
CHEMBL1902,35804,0,0.2,4.0,score_cap1,31,50,50
CHEMBL1902,35804,0,0.2,4.0,chemdep_cal,31,50,50
CHEMBL1902,35804,0,0.2,4.0,multi_fp_rf,31,50,50
CHEMBL1902,35804,0,0.2,4.0,augmented_13view_rf,31,50,50
CHEMBL1902,35804,0,0.2,6.0,score_cap1,31,50,50
CHEMBL1902,35804,0,0.2,6.0,chemdep_cal,31,50,50
CHEMBL1902,35804,0,0.2,6.0,multi_fp_rf,31,50,50
CHEMBL1902,35804,0,0.2,6.0,augmented_13view_rf,31,50,50
CHEMBL1902,35804,0,0.3,4.0,score_cap1,31,50,50
CHEMBL1902,35804,0,0.3,4.0,chemdep_cal,31,50,50
CHEMBL1902,35804,0,0.3,4.0,multi_fp_rf,31,50,50
CHEMBL1902,35804,0,0.3,4.0,augmented_13view_rf,31,50,50
CHEMBL1902,35804,0,0.3,6.0,score_cap1,31,50,50
CHEMBL1902,35804,0,0.3,6.0,chemdep_cal,31,50,50
CHEMBL1902,35804,0,0.3,6.0,multi_fp_rf,31,50,50
CHEMBL1902,35804,0,0.3,6.0,augmented_13view_rf,31,50,50
CHEMBL1902,35804,1,0.2,4.0,score_cap1,31,50,50
CHEMBL1902,35804,1,0.2,4.0,chemdep_cal,31,50,50
CHEMBL1902,35804,1,0.2,4.0,multi_fp_rf,31,50,50
CHEMBL1902,35804,1,0.2,4.0,augmented_13view_rf,31,50,50
CHEMBL1902,35804,1,0.2,6.0,score_cap1,31,50,50
CHEMBL1902,35804,1,0.2,6.0,chemdep_cal,31,50,50
CHEMBL1902,35804,1,0.2,6.0,multi_fp_rf,31,50,50
CHEMBL1902,35804,1,0.2,6.0,augmented_13view_rf,31,50,50
CHEMBL1902,35804,1,0.3,4.0,score_cap1,31,50,50
CHEMBL1902,35804,1,0.3,4.0,chemdep_cal,31,50,50
CHEMBL1902,35804,1,0.3,4.0,multi_fp_rf,31,50,50
CHEMBL1902,35804,1,0.3,4.0,augmented_13view_rf,31,50,50
CHEMBL1902,35804,1,0.3,6.0,score_cap1,31,50,50
CHEMBL1902,35804,1,0.3,6.0,chemdep_cal,31,50,50
CHEMBL1902,35804,1,0.3,6.0,multi_fp_rf,31,50,50
CHEMBL1902,35804,1,0.3,6.0,augmented_13view_rf,31,50,50
CHEMBL1902,35804,2,0.2,4.0,score_cap1,31,50,50
CHEMBL1902,35804,2,0.2,4.0,chemdep_cal,31,50,50
CHEMBL1902,35804,2,0.2,4.0,multi_fp_rf,31,50,50
CHEMBL1902,35804,2,0.2,4.0,augmented_13view_rf,31,50,50
CHEMBL1902,35804,2,0.2,6.0,score_cap1,31,50,50
CHEMBL1902,35804,2,0.2,6.0,chemdep_cal,31,50,50
CHEMBL1902,35804,2,0.2,6.0,multi_fp_rf,31,50,50
CHEMBL1902,35804,2,0.2,6.0,augmented_13view_rf,31,50,50
CHEMBL1902,35804,2,0.3,4.0,score_cap1,31,50,50
CHEMBL1902,35804,2,0.3,4.0,chemdep_cal,31,50,50
CHEMBL1902,35804,2,0.3,4.0,multi_fp_rf,31,50,50
CHEMBL1902,35804,2,0.3,4.0,augmented_13view_rf,31,50,50
CHEMBL1902,35804,2,0.3,6.0,score_cap1,31,50,50
CHEMBL1902,35804,2,0.3,6.0,chemdep_cal,31,50,50
CHEMBL1902,35804,2,0.3,6.0,multi_fp_rf,31,50,50
CHEMBL1902,35804,2,0.3,6.0,augmented_13view_rf,31,50,50
CHEMBL1902,35804,3,0.2,4.0,score_cap1,31,50,50
CHEMBL1902,35804,3,0.2,4.0,chemdep_cal,31,50,50
CHEMBL1902,35804,3,0.2,4.0,multi_fp_rf,31,50,50
CHEMBL1902,35804,3,0.2,4.0,augmented_13view_rf,31,50,50
CHEMBL1902,35804,3,0.2,6.0,score_cap1,31,50,50
CHEMBL1902,35804,3,0.2,6.0,chemdep_cal,31,50,50
CHEMBL1902,35804,3,0.2,6.0,multi_fp_rf,31,50,50
CHEMBL1902,35804,3,0.2,6.0,augmented_13view_rf,31,50,50
CHEMBL1902,35804,3,0.3,4.0,score_cap1,31,50,50
CHEMBL1902,35804,3,0.3,4.0,chemdep_cal,31,50,50
CHEMBL1902,35804,3,0.3,4.0,multi_fp_rf,31,50,50
CHEMBL1902,35804,3,0.3,4.0,augmented_13view_rf,31,50,50
CHEMBL1902,35804,3,0.3,6.0,score_cap1,31,50,50
CHEMBL1902,35804,3,0.3,6.0,chemdep_cal,31,50,50
CHEMBL1902,35804,3,0.3,6.0,multi_fp_rf,31,50,50
CHEMBL1902,35804,3,0.3,6.0,augmented_13view_rf,31,50,50
CHEMBL1902,35804,4,0.2,4.0,score_cap1,31,50,50
CHEMBL1902,35804,4,0.2,4.0,chemdep_cal,31,50,50
CHEMBL1902,35804,4,0.2,4.0,multi_fp_rf,31,50,50
CHEMBL1902,35804,4,0.2,4.0,augmented_13view_rf,31,50,50
CHEMBL1902,35804,4,0.2,6.0,score_cap1,31,50,50
CHEMBL1902,35804,4,0.2,6.0,chemdep_cal,31,50,50
CHEMBL1902,35804,4,0.2,6.0,multi_fp_rf,31,50,50
CHEMBL1902,35804,4,0.2,6.0,augmented_13view_rf,31,50,50
CHEMBL1902,35804,4,0.3,4.0,score_cap1,31,50,50
CHEMBL1902,35804,4,0.3,4.0,chemdep_cal,31,50,50
CHEMBL1902,35804,4,0.3,4.0,multi_fp_rf,31,50,50
CHEMBL1902,35804,4,0.3,4.0,augmented_13view_rf,31,50,50
CHEMBL1902,35804,4,0.3,6.0,score_cap1,31,50,50
CHEMBL1902,35804,4,0.3,6.0,chemdep_cal,31,50,50
CHEMBL1902,35804,4,0.3,6.0,multi_fp_rf,31,50,50
CHEMBL1902,35804,4,0.3,6.0,augmented_13view_rf,31,50,50
CHEMBL1902,35804,5,0.2,4.0,score_cap1,31,50,50
CHEMBL1902,35804,5,0.2,4.0,chemdep_cal,31,50,50
CHEMBL1902,35804,5,0.2,4.0,multi_fp_rf,31,50,50
CHEMBL1902,35804,5,0.2,4.0,augmented_13view_rf,31,50,50
CHEMBL1902,35804,5,0.2,6.0,score_cap1,31,50,50
CHEMBL1902,35804,5,0.2,6.0,chemdep_cal,31,50,50
CHEMBL1902,35804,5,0.2,6.0,multi_fp_rf,31,50,50
CHEMBL1902,35804,5,0.2,6.0,augmented_13view_rf,31,50,50
CHEMBL1902,35804,5,0.3,4.0,score_cap1,31,50,50
CHEMBL1902,35804,5,0.3,4.0,chemdep_cal,31,50,50
CHEMBL1902,35804,5,0.3,4.0,multi_fp_rf,31,50,50
CHEMBL1902,35804,5,0.3,4.0,augmented_13view_rf,31,50,50
CHEMBL1902,35804,5,0.3,6.0,score_cap1,31,50,50
CHEMBL1902,35804,5,0.3,6.0,chemdep_cal,31,50,50
CHEMBL1902,35804,5,0.3,6.0,multi_fp_rf,31,50,50
CHEMBL1902,35804,5,0.3,6.0,augmented_13view_rf,31,50,50
CHEMBL1902,35804,6,0.2,4.0,score_cap1,31,50,50
CHEMBL1902,35804,6,0.2,4.0,chemdep_cal,31,50,50
CHEMBL1902,35804,6,0.2,4.0,multi_fp_rf,31,50,50
CHEMBL1902,35804,6,0.2,4.0,augmented_13view_rf,31,50,50
CHEMBL1902,35804,6,0.2,6.0,score_cap1,31,50,50
CHEMBL1902,35804,6,0.2,6.0,chemdep_cal,31,50,50
CHEMBL1902,35804,6,0.2,6.0,multi_fp_rf,31,50,50
CHEMBL1902,35804,6,0.2,6.0,augmented_13view_rf,31,50,50
CHEMBL1902,35804,6,0.3,4.0,score_cap1,31,50,50
CHEMBL1902,35804,6,0.3,4.0,chemdep_cal,31,50,50
CHEMBL1902,35804,6,0.3,4.0,multi_fp_rf,31,50,50
CHEMBL1902,35804,6,0.3,4.0,augmented_13view_rf,31,50,50
CHEMBL1902,35804,6,0.3,6.0,score_cap1,31,50,50
CHEMBL1902,35804,6,0.3,6.0,chemdep_cal,31,50,50
CHEMBL1902,35804,6,0.3,6.0,multi_fp_rf,31,50,50
CHEMBL1902,35804,6,0.3,6.0,augmented_13view_rf,31,50,50
CHEMBL1902,35804,7,0.2,4.0,score_cap1,31,50,50
CHEMBL1902,35804,7,0.2,4.0,chemdep_cal,31,50,50
CHEMBL1902,35804,7,0.2,4.0,multi_fp_rf,31,50,50
CHEMBL1902,35804,7,0.2,4.0,augmented_13view_rf,31,50,50
CHEMBL1902,35804,7,0.2,6.0,score_cap1,31,50,50
CHEMBL1902,35804,7,0.2,6.0,chemdep_cal,31,50,50
CHEMBL1902,35804,7,0.2,6.0,multi_fp_rf,31,50,50
CHEMBL1902,35804,7,0.2,6.0,augmented_13view_rf,31,50,50
CHEMBL1902,35804,7,0.3,4.0,score_cap1,31,50,50
CHEMBL1902,35804,7,0.3,4.0,chemdep_cal,31,50,50
CHEMBL1902,35804,7,0.3,4.0,multi_fp_rf,31,50,50
CHEMBL1902,35804,7,0.3,4.0,augmented_13view_rf,31,50,50
CHEMBL1902,35804,7,0.3,6.0,score_cap1,31,50,50
CHEMBL1902,35804,7,0.3,6.0,chemdep_cal,31,50,50
CHEMBL1902,35804,7,0.3,6.0,multi_fp_rf,31,50,50
CHEMBL1902,35804,7,0.3,6.0,augmented_13view_rf,31,50,50
CHEMBL1902,35804,8,0.2,4.0,score_cap1,31,50,50
CHEMBL1902,35804,8,0.2,4.0,chemdep_cal,31,50,50
CHEMBL1902,35804,8,0.2,4.0,multi_fp_rf,31,50,50
CHEMBL1902,35804,8,0.2,4.0,augmented_13view_rf,31,50,50
CHEMBL1902,35804,8,0.2,6.0,score_cap1,31,50,50
CHEMBL1902,35804,8,0.2,6.0,chemdep_cal,31,50,50
CHEMBL1902,35804,8,0.2,6.0,multi_fp_rf,31,50,50
CHEMBL1902,35804,8,0.2,6.0,augmented_13view_rf,31,50,50
CHEMBL1902,35804,8,0.3,4.0,score_cap1,31,50,50
CHEMBL1902,35804,8,0.3,4.0,chemdep_cal,31,50,50
CHEMBL1902,35804,8,0.3,4.0,multi_fp_rf,31,50,50
CHEMBL1902,35804,8,0.3,4.0,augmented_13view_rf,31,50,50
CHEMBL1902,35804,8,0.3,6.0,score_cap1,31,50,50
CHEMBL1902,35804,8,0.3,6.0,chemdep_cal,31,50,50
CHEMBL1902,35804,8,0.3,6.0,multi_fp_rf,31,50,50
CHEMBL1902,35804,8,0.3,6.0,augmented_13view_rf,31,50,50
CHEMBL1902,35804,9,0.2,4.0,score_cap1,31,50,50
CHEMBL1902,35804,9,0.2,4.0,chemdep_cal,31,50,50
CHEMBL1902,35804,9,0.2,4.0,multi_fp_rf,31,50,50
CHEMBL1902,35804,9,0.2,4.0,augmented_13view_rf,31,50,50
CHEMBL1902,35804,9,0.2,6.0,score_cap1,31,50,50
CHEMBL1902,35804,9,0.2,6.0,chemdep_cal,31,50,50
CHEMBL1902,35804,9,0.2,6.0,multi_fp_rf,31,50,50
CHEMBL1902,35804,9,0.2,6.0,augmented_13view_rf,31,50,50
CHEMBL1902,35804,9,0.3,4.0,score_cap1,31,50,50
CHEMBL1902,35804,9,0.3,4.0,chemdep_cal,31,50,50
CHEMBL1902,35804,9,0.3,4.0,multi_fp_rf,31,50,50
CHEMBL1902,35804,9,0.3,4.0,augmented_13view_rf,31,50,50
CHEMBL1902,35804,9,0.3,6.0,score_cap1,31,50,50
CHEMBL1902,35804,9,0.3,6.0,chemdep_cal,31,50,50
CHEMBL1902,35804,9,0.3,6.0,multi_fp_rf,31,50,50
CHEMBL1902,35804,9,0.3,6.0,augmented_13view_rf,31,50,50
CHEMBL1904,35804,0,0.2,4.0,score_cap1,31,50,50
CHEMBL1904,35804,0,0.2,4.0,chemdep_cal,31,50,50
CHEMBL1904,35804,0,0.2,4.0,multi_fp_rf,32,50,50
CHEMBL1904,35804,0,0.2,4.0,augmented_13view_rf,31,50,50
CHEMBL1904,35804,0,0.2,6.0,score_cap1,31,50,50
CHEMBL1904,35804,0,0.2,6.0,chemdep_cal,31,50,50
CHEMBL1904,35804,0,0.2,6.0,multi_fp_rf,32,50,50
CHEMBL1904,35804,0,0.2,6.0,augmented_13view_rf,31,50,50
CHEMBL1904,35804,0,0.3,4.0,score_cap1,31,50,50
CHEMBL1904,35804,0,0.3,4.0,chemdep_cal,31,50,50
CHEMBL1904,35804,0,0.3,4.0,multi_fp_rf,31,50,50
CHEMBL1904,35804,0,0.3,4.0,augmented_13view_rf,31,50,50
CHEMBL1904,35804,0,0.3,6.0,score_cap1,31,50,50
CHEMBL1904,35804,0,0.3,6.0,chemdep_cal,31,50,50
CHEMBL1904,35804,0,0.3,6.0,multi_fp_rf,31,50,50
CHEMBL1904,35804,0,0.3,6.0,augmented_13view_rf,31,50,50
CHEMBL1904,35804,1,0.2,4.0,score_cap1,31,50,50
CHEMBL1904,35804,1,0.2,4.0,chemdep_cal,31,50,50
CHEMBL1904,35804,1,0.2,4.0,multi_fp_rf,32,50,50
CHEMBL1904,35804,1,0.2,4.0,augmented_13view_rf,30,50,50
CHEMBL1904,35804,1,0.2,6.0,score_cap1,31,50,50
CHEMBL1904,35804,1,0.2,6.0,chemdep_cal,31,50,50
CHEMBL1904,35804,1,0.2,6.0,multi_fp_rf,32,50,50
CHEMBL1904,35804,1,0.2,6.0,augmented_13view_rf,30,50,50
CHEMBL1904,35804,1,0.3,4.0,score_cap1,30,50,50
CHEMBL1904,35804,1,0.3,4.0,chemdep_cal,31,50,50
CHEMBL1904,35804,1,0.3,4.0,multi_fp_rf,32,50,50
CHEMBL1904,35804,1,0.3,4.0,augmented_13view_rf,30,50,50
CHEMBL1904,35804,1,0.3,6.0,score_cap1,30,50,50
CHEMBL1904,35804,1,0.3,6.0,chemdep_cal,32,50,50
CHEMBL1904,35804,1,0.3,6.0,multi_fp_rf,32,50,50
CHEMBL1904,35804,1,0.3,6.0,augmented_13view_rf,30,50,50
CHEMBL1904,35804,2,0.2,4.0,score_cap1,31,50,50
CHEMBL1904,35804,2,0.2,4.0,chemdep_cal,31,50,50
CHEMBL1904,35804,2,0.2,4.0,multi_fp_rf,32,50,50
CHEMBL1904,35804,2,0.2,4.0,augmented_13view_rf,30,50,50
CHEMBL1904,35804,2,0.2,6.0,score_cap1,31,50,50
CHEMBL1904,35804,2,0.2,6.0,chemdep_cal,32,50,50
CHEMBL1904,35804,2,0.2,6.0,multi_fp_rf,32,50,50
CHEMBL1904,35804,2,0.2,6.0,augmented_13view_rf,30,50,50
CHEMBL1904,35804,2,0.3,4.0,score_cap1,29,50,50
CHEMBL1904,35804,2,0.3,4.0,chemdep_cal,31,50,50
CHEMBL1904,35804,2,0.3,4.0,multi_fp_rf,32,50,50
CHEMBL1904,35804,2,0.3,4.0,augmented_13view_rf,31,50,50
CHEMBL1904,35804,2,0.3,6.0,score_cap1,29,50,50
CHEMBL1904,35804,2,0.3,6.0,chemdep_cal,32,50,50
CHEMBL1904,35804,2,0.3,6.0,multi_fp_rf,32,50,50
CHEMBL1904,35804,2,0.3,6.0,augmented_13view_rf,31,50,50
CHEMBL1904,35804,3,0.2,4.0,score_cap1,31,50,50
CHEMBL1904,35804,3,0.2,4.0,chemdep_cal,31,50,50
CHEMBL1904,35804,3,0.2,4.0,multi_fp_rf,32,50,50
CHEMBL1904,35804,3,0.2,4.0,augmented_13view_rf,30,50,50
CHEMBL1904,35804,3,0.2,6.0,score_cap1,31,50,50
CHEMBL1904,35804,3,0.2,6.0,chemdep_cal,31,50,50
CHEMBL1904,35804,3,0.2,6.0,multi_fp_rf,32,50,50
CHEMBL1904,35804,3,0.2,6.0,augmented_13view_rf,30,50,50
CHEMBL1904,35804,3,0.3,4.0,score_cap1,30,50,50
CHEMBL1904,35804,3,0.3,4.0,chemdep_cal,31,50,50
CHEMBL1904,35804,3,0.3,4.0,multi_fp_rf,31,50,50
CHEMBL1904,35804,3,0.3,4.0,augmented_13view_rf,31,50,50
CHEMBL1904,35804,3,0.3,6.0,score_cap1,30,50,50
CHEMBL1904,35804,3,0.3,6.0,chemdep_cal,32,50,50
CHEMBL1904,35804,3,0.3,6.0,multi_fp_rf,31,50,50
CHEMBL1904,35804,3,0.3,6.0,augmented_13view_rf,31,50,50
CHEMBL1904,35804,4,0.2,4.0,score_cap1,31,50,50
CHEMBL1904,35804,4,0.2,4.0,chemdep_cal,31,50,50
CHEMBL1904,35804,4,0.2,4.0,multi_fp_rf,31,50,50
CHEMBL1904,35804,4,0.2,4.0,augmented_13view_rf,31,50,50
CHEMBL1904,35804,4,0.2,6.0,score_cap1,31,50,50
CHEMBL1904,35804,4,0.2,6.0,chemdep_cal,31,50,50
CHEMBL1904,35804,4,0.2,6.0,multi_fp_rf,31,50,50
CHEMBL1904,35804,4,0.2,6.0,augmented_13view_rf,31,50,50
CHEMBL1904,35804,4,0.3,4.0,score_cap1,32,50,50
CHEMBL1904,35804,4,0.3,4.0,chemdep_cal,31,50,50
CHEMBL1904,35804,4,0.3,4.0,multi_fp_rf,32,50,50
CHEMBL1904,35804,4,0.3,4.0,augmented_13view_rf,30,50,50
CHEMBL1904,35804,4,0.3,6.0,score_cap1,32,50,50
CHEMBL1904,35804,4,0.3,6.0,chemdep_cal,31,50,50
CHEMBL1904,35804,4,0.3,6.0,multi_fp_rf,32,50,50
CHEMBL1904,35804,4,0.3,6.0,augmented_13view_rf,30,50,50
CHEMBL1904,35804,5,0.2,4.0,score_cap1,31,50,50
CHEMBL1904,35804,5,0.2,4.0,chemdep_cal,31,50,50
CHEMBL1904,35804,5,0.2,4.0,multi_fp_rf,32,50,50
CHEMBL1904,35804,5,0.2,4.0,augmented_13view_rf,30,50,50
CHEMBL1904,35804,5,0.2,6.0,score_cap1,31,50,50
CHEMBL1904,35804,5,0.2,6.0,chemdep_cal,32,50,50
CHEMBL1904,35804,5,0.2,6.0,multi_fp_rf,32,50,50
CHEMBL1904,35804,5,0.2,6.0,augmented_13view_rf,30,50,50
CHEMBL1904,35804,5,0.3,4.0,score_cap1,31,50,50
CHEMBL1904,35804,5,0.3,4.0,chemdep_cal,31,50,50
CHEMBL1904,35804,5,0.3,4.0,multi_fp_rf,32,50,50
CHEMBL1904,35804,5,0.3,4.0,augmented_13view_rf,30,50,50
CHEMBL1904,35804,5,0.3,6.0,score_cap1,31,50,50
CHEMBL1904,35804,5,0.3,6.0,chemdep_cal,31,50,50
CHEMBL1904,35804,5,0.3,6.0,multi_fp_rf,32,50,50
CHEMBL1904,35804,5,0.3,6.0,augmented_13view_rf,30,50,50
CHEMBL1904,35804,6,0.2,4.0,score_cap1,31,50,50
CHEMBL1904,35804,6,0.2,4.0,chemdep_cal,31,50,50
CHEMBL1904,35804,6,0.2,4.0,multi_fp_rf,32,50,50
CHEMBL1904,35804,6,0.2,4.0,augmented_13view_rf,30,50,50
CHEMBL1904,35804,6,0.2,6.0,score_cap1,31,50,50
CHEMBL1904,35804,6,0.2,6.0,chemdep_cal,31,50,50
CHEMBL1904,35804,6,0.2,6.0,multi_fp_rf,32,50,50
CHEMBL1904,35804,6,0.2,6.0,augmented_13view_rf,30,50,50
CHEMBL1904,35804,6,0.3,4.0,score_cap1,31,50,50
CHEMBL1904,35804,6,0.3,4.0,chemdep_cal,31,50,50
CHEMBL1904,35804,6,0.3,4.0,multi_fp_rf,32,50,50
CHEMBL1904,35804,6,0.3,4.0,augmented_13view_rf,30,50,50
CHEMBL1904,35804,6,0.3,6.0,score_cap1,31,50,50
CHEMBL1904,35804,6,0.3,6.0,chemdep_cal,32,50,50
CHEMBL1904,35804,6,0.3,6.0,multi_fp_rf,32,50,50
CHEMBL1904,35804,6,0.3,6.0,augmented_13view_rf,30,50,50
CHEMBL1904,35804,7,0.2,4.0,score_cap1,31,50,50
CHEMBL1904,35804,7,0.2,4.0,chemdep_cal,31,50,50
CHEMBL1904,35804,7,0.2,4.0,multi_fp_rf,32,50,50
CHEMBL1904,35804,7,0.2,4.0,augmented_13view_rf,30,50,50
CHEMBL1904,35804,7,0.2,6.0,score_cap1,31,50,50
CHEMBL1904,35804,7,0.2,6.0,chemdep_cal,31,50,50
CHEMBL1904,35804,7,0.2,6.0,multi_fp_rf,32,50,50
CHEMBL1904,35804,7,0.2,6.0,augmented_13view_rf,30,50,50
CHEMBL1904,35804,7,0.3,4.0,score_cap1,30,50,50
CHEMBL1904,35804,7,0.3,4.0,chemdep_cal,31,50,50
CHEMBL1904,35804,7,0.3,4.0,multi_fp_rf,32,50,50
CHEMBL1904,35804,7,0.3,4.0,augmented_13view_rf,31,50,50
CHEMBL1904,35804,7,0.3,6.0,score_cap1,30,50,50
CHEMBL1904,35804,7,0.3,6.0,chemdep_cal,31,50,50
CHEMBL1904,35804,7,0.3,6.0,multi_fp_rf,32,50,50
CHEMBL1904,35804,7,0.3,6.0,augmented_13view_rf,31,50,50
CHEMBL1904,35804,8,0.2,4.0,score_cap1,32,50,50
CHEMBL1904,35804,8,0.2,4.0,chemdep_cal,31,50,50
CHEMBL1904,35804,8,0.2,4.0,multi_fp_rf,32,50,50
CHEMBL1904,35804,8,0.2,4.0,augmented_13view_rf,30,50,50
CHEMBL1904,35804,8,0.2,6.0,score_cap1,32,50,50
CHEMBL1904,35804,8,0.2,6.0,chemdep_cal,31,50,50
CHEMBL1904,35804,8,0.2,6.0,multi_fp_rf,32,50,50
CHEMBL1904,35804,8,0.2,6.0,augmented_13view_rf,30,50,50
CHEMBL1904,35804,8,0.3,4.0,score_cap1,31,50,50
CHEMBL1904,35804,8,0.3,4.0,chemdep_cal,31,50,50
CHEMBL1904,35804,8,0.3,4.0,multi_fp_rf,32,50,50
CHEMBL1904,35804,8,0.3,4.0,augmented_13view_rf,30,50,50
CHEMBL1904,35804,8,0.3,6.0,score_cap1,31,50,50
CHEMBL1904,35804,8,0.3,6.0,chemdep_cal,31,50,50
CHEMBL1904,35804,8,0.3,6.0,multi_fp_rf,32,50,50
CHEMBL1904,35804,8,0.3,6.0,augmented_13view_rf,30,50,50
CHEMBL1904,35804,9,0.2,4.0,score_cap1,31,50,50
CHEMBL1904,35804,9,0.2,4.0,chemdep_cal,31,50,50
CHEMBL1904,35804,9,0.2,4.0,multi_fp_rf,32,50,50
CHEMBL1904,35804,9,0.2,4.0,augmented_13view_rf,30,50,50
CHEMBL1904,35804,9,0.2,6.0,score_cap1,31,50,50
CHEMBL1904,35804,9,0.2,6.0,chemdep_cal,31,50,50
CHEMBL1904,35804,9,0.2,6.0,multi_fp_rf,32,50,50
CHEMBL1904,35804,9,0.2,6.0,augmented_13view_rf,30,50,50
CHEMBL1904,35804,9,0.3,4.0,score_cap1,32,50,50
CHEMBL1904,35804,9,0.3,4.0,chemdep_cal,31,50,50
CHEMBL1904,35804,9,0.3,4.0,multi_fp_rf,32,50,50
CHEMBL1904,35804,9,0.3,4.0,augmented_13view_rf,30,50,50
CHEMBL1904,35804,9,0.3,6.0,score_cap1,32,50,50
CHEMBL1904,35804,9,0.3,6.0,chemdep_cal,31,50,50
CHEMBL1904,35804,9,0.3,6.0,multi_fp_rf,32,50,50
CHEMBL1904,35804,9,0.3,6.0,augmented_13view_rf,30,50,50
CHEMBL1906,35804,0,0.2,4.0,score_cap1,48,50,50
CHEMBL1906,35804,0,0.2,4.0,chemdep_cal,48,50,50
CHEMBL1906,35804,0,0.2,4.0,multi_fp_rf,49,50,50
CHEMBL1906,35804,0,0.2,4.0,augmented_13view_rf,50,50,50
CHEMBL1906,35804,0,0.2,6.0,score_cap1,46,50,50
CHEMBL1906,35804,0,0.2,6.0,chemdep_cal,48,50,50
CHEMBL1906,35804,0,0.2,6.0,multi_fp_rf,49,50,50
CHEMBL1906,35804,0,0.2,6.0,augmented_13view_rf,50,50,50
CHEMBL1906,35804,0,0.3,4.0,score_cap1,47,50,50
CHEMBL1906,35804,0,0.3,4.0,chemdep_cal,48,50,50
CHEMBL1906,35804,0,0.3,4.0,multi_fp_rf,49,50,50
CHEMBL1906,35804,0,0.3,4.0,augmented_13view_rf,50,50,50
CHEMBL1906,35804,0,0.3,6.0,score_cap1,46,50,50
CHEMBL1906,35804,0,0.3,6.0,chemdep_cal,48,50,50
CHEMBL1906,35804,0,0.3,6.0,multi_fp_rf,49,50,50
CHEMBL1906,35804,0,0.3,6.0,augmented_13view_rf,50,50,50
CHEMBL1906,35804,1,0.2,4.0,score_cap1,47,50,50
CHEMBL1906,35804,1,0.2,4.0,chemdep_cal,48,50,50
CHEMBL1906,35804,1,0.2,4.0,multi_fp_rf,49,50,50
CHEMBL1906,35804,1,0.2,4.0,augmented_13view_rf,50,50,50
CHEMBL1906,35804,1,0.2,6.0,score_cap1,46,50,50
CHEMBL1906,35804,1,0.2,6.0,chemdep_cal,48,50,50
CHEMBL1906,35804,1,0.2,6.0,multi_fp_rf,49,50,50
CHEMBL1906,35804,1,0.2,6.0,augmented_13view_rf,50,50,50
CHEMBL1906,35804,1,0.3,4.0,score_cap1,47,50,50
CHEMBL1906,35804,1,0.3,4.0,chemdep_cal,48,50,50
CHEMBL1906,35804,1,0.3,4.0,multi_fp_rf,49,50,50
CHEMBL1906,35804,1,0.3,4.0,augmented_13view_rf,50,50,50
CHEMBL1906,35804,1,0.3,6.0,score_cap1,45,50,50
CHEMBL1906,35804,1,0.3,6.0,chemdep_cal,48,50,50
CHEMBL1906,35804,1,0.3,6.0,multi_fp_rf,49,50,50
CHEMBL1906,35804,1,0.3,6.0,augmented_13view_rf,50,50,50
CHEMBL1906,35804,2,0.2,4.0,score_cap1,47,50,50
CHEMBL1906,35804,2,0.2,4.0,chemdep_cal,48,50,50
CHEMBL1906,35804,2,0.2,4.0,multi_fp_rf,49,50,50
CHEMBL1906,35804,2,0.2,4.0,augmented_13view_rf,50,50,50
CHEMBL1906,35804,2,0.2,6.0,score_cap1,47,50,50
CHEMBL1906,35804,2,0.2,6.0,chemdep_cal,48,50,50
CHEMBL1906,35804,2,0.2,6.0,multi_fp_rf,49,50,50
CHEMBL1906,35804,2,0.2,6.0,augmented_13view_rf,50,50,50
CHEMBL1906,35804,2,0.3,4.0,score_cap1,46,50,50
CHEMBL1906,35804,2,0.3,4.0,chemdep_cal,48,50,50
CHEMBL1906,35804,2,0.3,4.0,multi_fp_rf,49,50,50
CHEMBL1906,35804,2,0.3,4.0,augmented_13view_rf,50,50,50
CHEMBL1906,35804,2,0.3,6.0,score_cap1,45,50,50
CHEMBL1906,35804,2,0.3,6.0,chemdep_cal,48,50,50
CHEMBL1906,35804,2,0.3,6.0,multi_fp_rf,49,50,50
CHEMBL1906,35804,2,0.3,6.0,augmented_13view_rf,50,50,50
CHEMBL1906,35804,3,0.2,4.0,score_cap1,48,50,50
CHEMBL1906,35804,3,0.2,4.0,chemdep_cal,48,50,50
CHEMBL1906,35804,3,0.2,4.0,multi_fp_rf,49,50,50
CHEMBL1906,35804,3,0.2,4.0,augmented_13view_rf,50,50,50
CHEMBL1906,35804,3,0.2,6.0,score_cap1,46,50,50
CHEMBL1906,35804,3,0.2,6.0,chemdep_cal,48,50,50
CHEMBL1906,35804,3,0.2,6.0,multi_fp_rf,49,50,50
CHEMBL1906,35804,3,0.2,6.0,augmented_13view_rf,50,50,50
CHEMBL1906,35804,3,0.3,4.0,score_cap1,47,50,50
CHEMBL1906,35804,3,0.3,4.0,chemdep_cal,48,50,50
CHEMBL1906,35804,3,0.3,4.0,multi_fp_rf,49,50,50
CHEMBL1906,35804,3,0.3,4.0,augmented_13view_rf,50,50,50
CHEMBL1906,35804,3,0.3,6.0,score_cap1,45,50,50
CHEMBL1906,35804,3,0.3,6.0,chemdep_cal,48,50,50
CHEMBL1906,35804,3,0.3,6.0,multi_fp_rf,49,50,50
CHEMBL1906,35804,3,0.3,6.0,augmented_13view_rf,50,50,50
CHEMBL1906,35804,4,0.2,4.0,score_cap1,47,50,50
CHEMBL1906,35804,4,0.2,4.0,chemdep_cal,48,50,50
CHEMBL1906,35804,4,0.2,4.0,multi_fp_rf,49,50,50
CHEMBL1906,35804,4,0.2,4.0,augmented_13view_rf,50,50,50
CHEMBL1906,35804,4,0.2,6.0,score_cap1,47,50,50
CHEMBL1906,35804,4,0.2,6.0,chemdep_cal,48,50,50
CHEMBL1906,35804,4,0.2,6.0,multi_fp_rf,49,50,50
CHEMBL1906,35804,4,0.2,6.0,augmented_13view_rf,50,50,50
CHEMBL1906,35804,4,0.3,4.0,score_cap1,48,50,50
CHEMBL1906,35804,4,0.3,4.0,chemdep_cal,48,50,50
CHEMBL1906,35804,4,0.3,4.0,multi_fp_rf,49,50,50
CHEMBL1906,35804,4,0.3,4.0,augmented_13view_rf,50,50,50
CHEMBL1906,35804,4,0.3,6.0,score_cap1,47,50,50
CHEMBL1906,35804,4,0.3,6.0,chemdep_cal,48,50,50
CHEMBL1906,35804,4,0.3,6.0,multi_fp_rf,49,50,50
CHEMBL1906,35804,4,0.3,6.0,augmented_13view_rf,50,50,50
CHEMBL1906,35804,5,0.2,4.0,score_cap1,49,50,50
CHEMBL1906,35804,5,0.2,4.0,chemdep_cal,48,50,50
CHEMBL1906,35804,5,0.2,4.0,multi_fp_rf,49,50,50
CHEMBL1906,35804,5,0.2,4.0,augmented_13view_rf,50,50,50
CHEMBL1906,35804,5,0.2,6.0,score_cap1,46,50,50
CHEMBL1906,35804,5,0.2,6.0,chemdep_cal,48,50,50
CHEMBL1906,35804,5,0.2,6.0,multi_fp_rf,49,50,50
CHEMBL1906,35804,5,0.2,6.0,augmented_13view_rf,50,50,50
CHEMBL1906,35804,5,0.3,4.0,score_cap1,47,50,50
CHEMBL1906,35804,5,0.3,4.0,chemdep_cal,48,50,50
CHEMBL1906,35804,5,0.3,4.0,multi_fp_rf,49,50,50
CHEMBL1906,35804,5,0.3,4.0,augmented_13view_rf,50,50,50
CHEMBL1906,35804,5,0.3,6.0,score_cap1,45,50,50
CHEMBL1906,35804,5,0.3,6.0,chemdep_cal,48,50,50
CHEMBL1906,35804,5,0.3,6.0,multi_fp_rf,49,50,50
CHEMBL1906,35804,5,0.3,6.0,augmented_13view_rf,50,50,50
CHEMBL1906,35804,6,0.2,4.0,score_cap1,47,50,50
CHEMBL1906,35804,6,0.2,4.0,chemdep_cal,48,50,50
CHEMBL1906,35804,6,0.2,4.0,multi_fp_rf,49,50,50
CHEMBL1906,35804,6,0.2,4.0,augmented_13view_rf,50,50,50
CHEMBL1906,35804,6,0.2,6.0,score_cap1,46,50,50
CHEMBL1906,35804,6,0.2,6.0,chemdep_cal,48,50,50
CHEMBL1906,35804,6,0.2,6.0,multi_fp_rf,49,50,50
CHEMBL1906,35804,6,0.2,6.0,augmented_13view_rf,50,50,50
CHEMBL1906,35804,6,0.3,4.0,score_cap1,47,50,50
CHEMBL1906,35804,6,0.3,4.0,chemdep_cal,48,50,50
CHEMBL1906,35804,6,0.3,4.0,multi_fp_rf,49,50,50
CHEMBL1906,35804,6,0.3,4.0,augmented_13view_rf,50,50,50
CHEMBL1906,35804,6,0.3,6.0,score_cap1,46,50,50
CHEMBL1906,35804,6,0.3,6.0,chemdep_cal,48,50,50
CHEMBL1906,35804,6,0.3,6.0,multi_fp_rf,49,50,50
CHEMBL1906,35804,6,0.3,6.0,augmented_13view_rf,50,50,50
CHEMBL1906,35804,7,0.2,4.0,score_cap1,48,50,50
CHEMBL1906,35804,7,0.2,4.0,chemdep_cal,48,50,50
CHEMBL1906,35804,7,0.2,4.0,multi_fp_rf,49,50,50
CHEMBL1906,35804,7,0.2,4.0,augmented_13view_rf,50,50,50
CHEMBL1906,35804,7,0.2,6.0,score_cap1,47,50,50
CHEMBL1906,35804,7,0.2,6.0,chemdep_cal,48,50,50
CHEMBL1906,35804,7,0.2,6.0,multi_fp_rf,49,50,50
CHEMBL1906,35804,7,0.2,6.0,augmented_13view_rf,50,50,50
CHEMBL1906,35804,7,0.3,4.0,score_cap1,48,50,50
CHEMBL1906,35804,7,0.3,4.0,chemdep_cal,48,50,50
CHEMBL1906,35804,7,0.3,4.0,multi_fp_rf,49,50,50
CHEMBL1906,35804,7,0.3,4.0,augmented_13view_rf,50,50,50
CHEMBL1906,35804,7,0.3,6.0,score_cap1,45,50,50
CHEMBL1906,35804,7,0.3,6.0,chemdep_cal,48,50,50
CHEMBL1906,35804,7,0.3,6.0,multi_fp_rf,49,50,50
CHEMBL1906,35804,7,0.3,6.0,augmented_13view_rf,50,50,50
CHEMBL1906,35804,8,0.2,4.0,score_cap1,48,50,50
CHEMBL1906,35804,8,0.2,4.0,chemdep_cal,48,50,50
CHEMBL1906,35804,8,0.2,4.0,multi_fp_rf,49,50,50
CHEMBL1906,35804,8,0.2,4.0,augmented_13view_rf,50,50,50
CHEMBL1906,35804,8,0.2,6.0,score_cap1,46,50,50
CHEMBL1906,35804,8,0.2,6.0,chemdep_cal,48,50,50
CHEMBL1906,35804,8,0.2,6.0,multi_fp_rf,49,50,50
CHEMBL1906,35804,8,0.2,6.0,augmented_13view_rf,50,50,50
CHEMBL1906,35804,8,0.3,4.0,score_cap1,46,50,50
CHEMBL1906,35804,8,0.3,4.0,chemdep_cal,48,50,50
CHEMBL1906,35804,8,0.3,4.0,multi_fp_rf,49,50,50
CHEMBL1906,35804,8,0.3,4.0,augmented_13view_rf,50,50,50
CHEMBL1906,35804,8,0.3,6.0,score_cap1,45,50,50
CHEMBL1906,35804,8,0.3,6.0,chemdep_cal,48,50,50
CHEMBL1906,35804,8,0.3,6.0,multi_fp_rf,49,50,50
CHEMBL1906,35804,8,0.3,6.0,augmented_13view_rf,50,50,50
CHEMBL1906,35804,9,0.2,4.0,score_cap1,49,50,50
CHEMBL1906,35804,9,0.2,4.0,chemdep_cal,48,50,50
CHEMBL1906,35804,9,0.2,4.0,multi_fp_rf,49,50,50
CHEMBL1906,35804,9,0.2,4.0,augmented_13view_rf,50,50,50
CHEMBL1906,35804,9,0.2,6.0,score_cap1,46,50,50
CHEMBL1906,35804,9,0.2,6.0,chemdep_cal,48,50,50
CHEMBL1906,35804,9,0.2,6.0,multi_fp_rf,49,50,50
CHEMBL1906,35804,9,0.2,6.0,augmented_13view_rf,50,50,50
CHEMBL1906,35804,9,0.3,4.0,score_cap1,48,50,50
CHEMBL1906,35804,9,0.3,4.0,chemdep_cal,48,50,50
CHEMBL1906,35804,9,0.3,4.0,multi_fp_rf,49,50,50
CHEMBL1906,35804,9,0.3,4.0,augmented_13view_rf,50,50,50
CHEMBL1906,35804,9,0.3,6.0,score_cap1,45,50,50
CHEMBL1906,35804,9,0.3,6.0,chemdep_cal,48,50,50
CHEMBL1906,35804,9,0.3,6.0,multi_fp_rf,49,50,50
CHEMBL1906,35804,9,0.3,6.0,augmented_13view_rf,50,50,50
CHEMBL1908,35804,0,0.2,4.0,score_cap1,44,50,50
CHEMBL1908,35804,0,0.2,4.0,chemdep_cal,43,50,50
CHEMBL1908,35804,0,0.2,4.0,multi_fp_rf,43,50,50
CHEMBL1908,35804,0,0.2,4.0,augmented_13view_rf,44,50,50
CHEMBL1908,35804,0,0.2,6.0,score_cap1,44,50,50
CHEMBL1908,35804,0,0.2,6.0,chemdep_cal,43,50,50
CHEMBL1908,35804,0,0.2,6.0,multi_fp_rf,43,50,50
CHEMBL1908,35804,0,0.2,6.0,augmented_13view_rf,44,50,50
CHEMBL1908,35804,0,0.3,4.0,score_cap1,43,50,50
CHEMBL1908,35804,0,0.3,4.0,chemdep_cal,42,50,50
CHEMBL1908,35804,0,0.3,4.0,multi_fp_rf,43,50,50
CHEMBL1908,35804,0,0.3,4.0,augmented_13view_rf,44,50,50
CHEMBL1908,35804,0,0.3,6.0,score_cap1,42,50,50
CHEMBL1908,35804,0,0.3,6.0,chemdep_cal,42,50,50
CHEMBL1908,35804,0,0.3,6.0,multi_fp_rf,43,50,50
CHEMBL1908,35804,0,0.3,6.0,augmented_13view_rf,44,50,50
CHEMBL1908,35804,1,0.2,4.0,score_cap1,45,50,50
CHEMBL1908,35804,1,0.2,4.0,chemdep_cal,44,50,50
CHEMBL1908,35804,1,0.2,4.0,multi_fp_rf,43,50,50
CHEMBL1908,35804,1,0.2,4.0,augmented_13view_rf,44,50,50
CHEMBL1908,35804,1,0.2,6.0,score_cap1,44,50,50
CHEMBL1908,35804,1,0.2,6.0,chemdep_cal,43,50,50
CHEMBL1908,35804,1,0.2,6.0,multi_fp_rf,43,50,50
CHEMBL1908,35804,1,0.2,6.0,augmented_13view_rf,44,50,50
CHEMBL1908,35804,1,0.3,4.0,score_cap1,44,50,50
CHEMBL1908,35804,1,0.3,4.0,chemdep_cal,42,50,50
CHEMBL1908,35804,1,0.3,4.0,multi_fp_rf,43,50,50
CHEMBL1908,35804,1,0.3,4.0,augmented_13view_rf,43,50,50
CHEMBL1908,35804,1,0.3,6.0,score_cap1,43,50,50
CHEMBL1908,35804,1,0.3,6.0,chemdep_cal,42,50,50
CHEMBL1908,35804,1,0.3,6.0,multi_fp_rf,43,50,50
CHEMBL1908,35804,1,0.3,6.0,augmented_13view_rf,43,50,50
CHEMBL1908,35804,2,0.2,4.0,score_cap1,45,50,50
CHEMBL1908,35804,2,0.2,4.0,chemdep_cal,44,50,50
CHEMBL1908,35804,2,0.2,4.0,multi_fp_rf,43,50,50
CHEMBL1908,35804,2,0.2,4.0,augmented_13view_rf,44,50,50
CHEMBL1908,35804,2,0.2,6.0,score_cap1,45,50,50
CHEMBL1908,35804,2,0.2,6.0,chemdep_cal,44,50,50
CHEMBL1908,35804,2,0.2,6.0,multi_fp_rf,43,50,50
CHEMBL1908,35804,2,0.2,6.0,augmented_13view_rf,44,50,50
CHEMBL1908,35804,2,0.3,4.0,score_cap1,43,50,50
CHEMBL1908,35804,2,0.3,4.0,chemdep_cal,43,50,50
CHEMBL1908,35804,2,0.3,4.0,multi_fp_rf,43,50,50
CHEMBL1908,35804,2,0.3,4.0,augmented_13view_rf,43,50,50
CHEMBL1908,35804,2,0.3,6.0,score_cap1,42,50,50
CHEMBL1908,35804,2,0.3,6.0,chemdep_cal,43,50,50
CHEMBL1908,35804,2,0.3,6.0,multi_fp_rf,43,50,50
CHEMBL1908,35804,2,0.3,6.0,augmented_13view_rf,43,50,50
CHEMBL1908,35804,3,0.2,4.0,score_cap1,45,50,50
CHEMBL1908,35804,3,0.2,4.0,chemdep_cal,44,50,50
CHEMBL1908,35804,3,0.2,4.0,multi_fp_rf,43,50,50
CHEMBL1908,35804,3,0.2,4.0,augmented_13view_rf,44,50,50
CHEMBL1908,35804,3,0.2,6.0,score_cap1,45,50,50
CHEMBL1908,35804,3,0.2,6.0,chemdep_cal,44,50,50
CHEMBL1908,35804,3,0.2,6.0,multi_fp_rf,43,50,50
CHEMBL1908,35804,3,0.2,6.0,augmented_13view_rf,44,50,50
CHEMBL1908,35804,3,0.3,4.0,score_cap1,44,50,50
CHEMBL1908,35804,3,0.3,4.0,chemdep_cal,44,50,50
CHEMBL1908,35804,3,0.3,4.0,multi_fp_rf,43,50,50
CHEMBL1908,35804,3,0.3,4.0,augmented_13view_rf,44,50,50
CHEMBL1908,35804,3,0.3,6.0,score_cap1,43,50,50
CHEMBL1908,35804,3,0.3,6.0,chemdep_cal,43,50,50
CHEMBL1908,35804,3,0.3,6.0,multi_fp_rf,43,50,50
CHEMBL1908,35804,3,0.3,6.0,augmented_13view_rf,44,50,50
CHEMBL1908,35804,4,0.2,4.0,score_cap1,44,50,50
CHEMBL1908,35804,4,0.2,4.0,chemdep_cal,43,50,50
CHEMBL1908,35804,4,0.2,4.0,multi_fp_rf,43,50,50
CHEMBL1908,35804,4,0.2,4.0,augmented_13view_rf,44,50,50
CHEMBL1908,35804,4,0.2,6.0,score_cap1,44,50,50
CHEMBL1908,35804,4,0.2,6.0,chemdep_cal,43,50,50
CHEMBL1908,35804,4,0.2,6.0,multi_fp_rf,43,50,50
CHEMBL1908,35804,4,0.2,6.0,augmented_13view_rf,44,50,50
CHEMBL1908,35804,4,0.3,4.0,score_cap1,43,50,50
CHEMBL1908,35804,4,0.3,4.0,chemdep_cal,44,50,50
CHEMBL1908,35804,4,0.3,4.0,multi_fp_rf,43,50,50
CHEMBL1908,35804,4,0.3,4.0,augmented_13view_rf,44,50,50
CHEMBL1908,35804,4,0.3,6.0,score_cap1,43,50,50
CHEMBL1908,35804,4,0.3,6.0,chemdep_cal,44,50,50
CHEMBL1908,35804,4,0.3,6.0,multi_fp_rf,43,50,50
CHEMBL1908,35804,4,0.3,6.0,augmented_13view_rf,44,50,50
CHEMBL1908,35804,5,0.2,4.0,score_cap1,45,50,50
CHEMBL1908,35804,5,0.2,4.0,chemdep_cal,44,50,50
CHEMBL1908,35804,5,0.2,4.0,multi_fp_rf,43,50,50
CHEMBL1908,35804,5,0.2,4.0,augmented_13view_rf,44,50,50
CHEMBL1908,35804,5,0.2,6.0,score_cap1,44,50,50
CHEMBL1908,35804,5,0.2,6.0,chemdep_cal,43,50,50
CHEMBL1908,35804,5,0.2,6.0,multi_fp_rf,43,50,50
CHEMBL1908,35804,5,0.2,6.0,augmented_13view_rf,44,50,50
CHEMBL1908,35804,5,0.3,4.0,score_cap1,42,50,50
CHEMBL1908,35804,5,0.3,4.0,chemdep_cal,43,50,50
CHEMBL1908,35804,5,0.3,4.0,multi_fp_rf,43,50,50
CHEMBL1908,35804,5,0.3,4.0,augmented_13view_rf,44,50,50
CHEMBL1908,35804,5,0.3,6.0,score_cap1,42,50,50
CHEMBL1908,35804,5,0.3,6.0,chemdep_cal,43,50,50
CHEMBL1908,35804,5,0.3,6.0,multi_fp_rf,43,50,50
CHEMBL1908,35804,5,0.3,6.0,augmented_13view_rf,44,50,50
CHEMBL1908,35804,6,0.2,4.0,score_cap1,44,50,50
CHEMBL1908,35804,6,0.2,4.0,chemdep_cal,44,50,50
CHEMBL1908,35804,6,0.2,4.0,multi_fp_rf,43,50,50
CHEMBL1908,35804,6,0.2,4.0,augmented_13view_rf,44,50,50
CHEMBL1908,35804,6,0.2,6.0,score_cap1,44,50,50
CHEMBL1908,35804,6,0.2,6.0,chemdep_cal,44,50,50
CHEMBL1908,35804,6,0.2,6.0,multi_fp_rf,43,50,50
CHEMBL1908,35804,6,0.2,6.0,augmented_13view_rf,44,50,50
CHEMBL1908,35804,6,0.3,4.0,score_cap1,42,50,50
CHEMBL1908,35804,6,0.3,4.0,chemdep_cal,42,50,50
CHEMBL1908,35804,6,0.3,4.0,multi_fp_rf,43,50,50
CHEMBL1908,35804,6,0.3,4.0,augmented_13view_rf,43,50,50
CHEMBL1908,35804,6,0.3,6.0,score_cap1,42,50,50
CHEMBL1908,35804,6,0.3,6.0,chemdep_cal,42,50,50
CHEMBL1908,35804,6,0.3,6.0,multi_fp_rf,43,50,50
CHEMBL1908,35804,6,0.3,6.0,augmented_13view_rf,43,50,50
CHEMBL1908,35804,7,0.2,4.0,score_cap1,44,50,50
CHEMBL1908,35804,7,0.2,4.0,chemdep_cal,44,50,50
CHEMBL1908,35804,7,0.2,4.0,multi_fp_rf,43,50,50
CHEMBL1908,35804,7,0.2,4.0,augmented_13view_rf,44,50,50
CHEMBL1908,35804,7,0.2,6.0,score_cap1,44,50,50
CHEMBL1908,35804,7,0.2,6.0,chemdep_cal,44,50,50
CHEMBL1908,35804,7,0.2,6.0,multi_fp_rf,43,50,50
CHEMBL1908,35804,7,0.2,6.0,augmented_13view_rf,44,50,50
CHEMBL1908,35804,7,0.3,4.0,score_cap1,43,50,50
CHEMBL1908,35804,7,0.3,4.0,chemdep_cal,43,50,50
CHEMBL1908,35804,7,0.3,4.0,multi_fp_rf,43,50,50
CHEMBL1908,35804,7,0.3,4.0,augmented_13view_rf,44,50,50
CHEMBL1908,35804,7,0.3,6.0,score_cap1,42,50,50
CHEMBL1908,35804,7,0.3,6.0,chemdep_cal,43,50,50
CHEMBL1908,35804,7,0.3,6.0,multi_fp_rf,43,50,50
CHEMBL1908,35804,7,0.3,6.0,augmented_13view_rf,44,50,50
CHEMBL1908,35804,8,0.2,4.0,score_cap1,45,50,50
CHEMBL1908,35804,8,0.2,4.0,chemdep_cal,44,50,50
CHEMBL1908,35804,8,0.2,4.0,multi_fp_rf,43,50,50
CHEMBL1908,35804,8,0.2,4.0,augmented_13view_rf,44,50,50
CHEMBL1908,35804,8,0.2,6.0,score_cap1,45,50,50
CHEMBL1908,35804,8,0.2,6.0,chemdep_cal,44,50,50
CHEMBL1908,35804,8,0.2,6.0,multi_fp_rf,43,50,50
CHEMBL1908,35804,8,0.2,6.0,augmented_13view_rf,44,50,50
CHEMBL1908,35804,8,0.3,4.0,score_cap1,43,50,50
CHEMBL1908,35804,8,0.3,4.0,chemdep_cal,42,50,50
CHEMBL1908,35804,8,0.3,4.0,multi_fp_rf,43,50,50
CHEMBL1908,35804,8,0.3,4.0,augmented_13view_rf,44,50,50
CHEMBL1908,35804,8,0.3,6.0,score_cap1,42,50,50
CHEMBL1908,35804,8,0.3,6.0,chemdep_cal,42,50,50
CHEMBL1908,35804,8,0.3,6.0,multi_fp_rf,43,50,50
CHEMBL1908,35804,8,0.3,6.0,augmented_13view_rf,44,50,50
CHEMBL1908,35804,9,0.2,4.0,score_cap1,44,50,50
CHEMBL1908,35804,9,0.2,4.0,chemdep_cal,44,50,50
CHEMBL1908,35804,9,0.2,4.0,multi_fp_rf,43,50,50
CHEMBL1908,35804,9,0.2,4.0,augmented_13view_rf,44,50,50
CHEMBL1908,35804,9,0.2,6.0,score_cap1,44,50,50
CHEMBL1908,35804,9,0.2,6.0,chemdep_cal,44,50,50
CHEMBL1908,35804,9,0.2,6.0,multi_fp_rf,43,50,50
CHEMBL1908,35804,9,0.2,6.0,augmented_13view_rf,44,50,50
CHEMBL1908,35804,9,0.3,4.0,score_cap1,42,50,50
CHEMBL1908,35804,9,0.3,4.0,chemdep_cal,43,50,50
CHEMBL1908,35804,9,0.3,4.0,multi_fp_rf,43,50,50
CHEMBL1908,35804,9,0.3,4.0,augmented_13view_rf,44,50,50
CHEMBL1908,35804,9,0.3,6.0,score_cap1,42,50,50
CHEMBL1908,35804,9,0.3,6.0,chemdep_cal,43,50,50
CHEMBL1908,35804,9,0.3,6.0,multi_fp_rf,43,50,50
CHEMBL1908,35804,9,0.3,6.0,augmented_13view_rf,44,50,50
CHEMBL1913,35804,0,0.2,4.0,score_cap1,46,50,50
CHEMBL1913,35804,0,0.2,4.0,chemdep_cal,47,50,50
CHEMBL1913,35804,0,0.2,4.0,multi_fp_rf,48,50,50
CHEMBL1913,35804,0,0.2,4.0,augmented_13view_rf,43,50,50
CHEMBL1913,35804,0,0.2,6.0,score_cap1,46,50,50
CHEMBL1913,35804,0,0.2,6.0,chemdep_cal,46,50,50
CHEMBL1913,35804,0,0.2,6.0,multi_fp_rf,48,50,50
CHEMBL1913,35804,0,0.2,6.0,augmented_13view_rf,43,50,50
CHEMBL1913,35804,0,0.3,4.0,score_cap1,45,50,50
CHEMBL1913,35804,0,0.3,4.0,chemdep_cal,47,50,50
CHEMBL1913,35804,0,0.3,4.0,multi_fp_rf,48,50,50
CHEMBL1913,35804,0,0.3,4.0,augmented_13view_rf,43,50,50
CHEMBL1913,35804,0,0.3,6.0,score_cap1,45,50,50
CHEMBL1913,35804,0,0.3,6.0,chemdep_cal,45,50,50
CHEMBL1913,35804,0,0.3,6.0,multi_fp_rf,48,50,50
CHEMBL1913,35804,0,0.3,6.0,augmented_13view_rf,43,50,50
CHEMBL1913,35804,1,0.2,4.0,score_cap1,46,50,50
CHEMBL1913,35804,1,0.2,4.0,chemdep_cal,47,50,50
CHEMBL1913,35804,1,0.2,4.0,multi_fp_rf,48,50,50
CHEMBL1913,35804,1,0.2,4.0,augmented_13view_rf,43,50,50
CHEMBL1913,35804,1,0.2,6.0,score_cap1,46,50,50
CHEMBL1913,35804,1,0.2,6.0,chemdep_cal,46,50,50
CHEMBL1913,35804,1,0.2,6.0,multi_fp_rf,48,50,50
CHEMBL1913,35804,1,0.2,6.0,augmented_13view_rf,43,50,50
CHEMBL1913,35804,1,0.3,4.0,score_cap1,47,50,50
CHEMBL1913,35804,1,0.3,4.0,chemdep_cal,46,50,50
CHEMBL1913,35804,1,0.3,4.0,multi_fp_rf,47,50,50
CHEMBL1913,35804,1,0.3,4.0,augmented_13view_rf,43,50,50
CHEMBL1913,35804,1,0.3,6.0,score_cap1,46,50,50
CHEMBL1913,35804,1,0.3,6.0,chemdep_cal,45,50,50
CHEMBL1913,35804,1,0.3,6.0,multi_fp_rf,47,50,50
CHEMBL1913,35804,1,0.3,6.0,augmented_13view_rf,43,50,50
CHEMBL1913,35804,2,0.2,4.0,score_cap1,47,50,50
CHEMBL1913,35804,2,0.2,4.0,chemdep_cal,46,50,50
CHEMBL1913,35804,2,0.2,4.0,multi_fp_rf,47,50,50
CHEMBL1913,35804,2,0.2,4.0,augmented_13view_rf,43,50,50
CHEMBL1913,35804,2,0.2,6.0,score_cap1,46,50,50
CHEMBL1913,35804,2,0.2,6.0,chemdep_cal,46,50,50
CHEMBL1913,35804,2,0.2,6.0,multi_fp_rf,47,50,50
CHEMBL1913,35804,2,0.2,6.0,augmented_13view_rf,43,50,50
CHEMBL1913,35804,2,0.3,4.0,score_cap1,46,50,50
CHEMBL1913,35804,2,0.3,4.0,chemdep_cal,46,50,50
CHEMBL1913,35804,2,0.3,4.0,multi_fp_rf,47,50,50
CHEMBL1913,35804,2,0.3,4.0,augmented_13view_rf,43,50,50
CHEMBL1913,35804,2,0.3,6.0,score_cap1,46,50,50
CHEMBL1913,35804,2,0.3,6.0,chemdep_cal,46,50,50
CHEMBL1913,35804,2,0.3,6.0,multi_fp_rf,47,50,50
CHEMBL1913,35804,2,0.3,6.0,augmented_13view_rf,43,50,50
CHEMBL1913,35804,3,0.2,4.0,score_cap1,46,50,50
CHEMBL1913,35804,3,0.2,4.0,chemdep_cal,47,50,50
CHEMBL1913,35804,3,0.2,4.0,multi_fp_rf,48,50,50
CHEMBL1913,35804,3,0.2,4.0,augmented_13view_rf,43,50,50
CHEMBL1913,35804,3,0.2,6.0,score_cap1,46,50,50
CHEMBL1913,35804,3,0.2,6.0,chemdep_cal,46,50,50
CHEMBL1913,35804,3,0.2,6.0,multi_fp_rf,48,50,50
CHEMBL1913,35804,3,0.2,6.0,augmented_13view_rf,43,50,50
CHEMBL1913,35804,3,0.3,4.0,score_cap1,46,50,50
CHEMBL1913,35804,3,0.3,4.0,chemdep_cal,45,50,50
CHEMBL1913,35804,3,0.3,4.0,multi_fp_rf,47,50,50
CHEMBL1913,35804,3,0.3,4.0,augmented_13view_rf,43,50,50
CHEMBL1913,35804,3,0.3,6.0,score_cap1,46,50,50
CHEMBL1913,35804,3,0.3,6.0,chemdep_cal,45,50,50
CHEMBL1913,35804,3,0.3,6.0,multi_fp_rf,47,50,50
CHEMBL1913,35804,3,0.3,6.0,augmented_13view_rf,43,50,50
CHEMBL1913,35804,4,0.2,4.0,score_cap1,47,50,50
CHEMBL1913,35804,4,0.2,4.0,chemdep_cal,47,50,50
CHEMBL1913,35804,4,0.2,4.0,multi_fp_rf,48,50,50
CHEMBL1913,35804,4,0.2,4.0,augmented_13view_rf,43,50,50
CHEMBL1913,35804,4,0.2,6.0,score_cap1,46,50,50
CHEMBL1913,35804,4,0.2,6.0,chemdep_cal,46,50,50
CHEMBL1913,35804,4,0.2,6.0,multi_fp_rf,48,50,50
CHEMBL1913,35804,4,0.2,6.0,augmented_13view_rf,43,50,50
CHEMBL1913,35804,4,0.3,4.0,score_cap1,46,50,50
CHEMBL1913,35804,4,0.3,4.0,chemdep_cal,46,50,50
CHEMBL1913,35804,4,0.3,4.0,multi_fp_rf,47,50,50
CHEMBL1913,35804,4,0.3,4.0,augmented_13view_rf,43,50,50
CHEMBL1913,35804,4,0.3,6.0,score_cap1,46,50,50
CHEMBL1913,35804,4,0.3,6.0,chemdep_cal,45,50,50
CHEMBL1913,35804,4,0.3,6.0,multi_fp_rf,47,50,50
CHEMBL1913,35804,4,0.3,6.0,augmented_13view_rf,43,50,50
CHEMBL1913,35804,5,0.2,4.0,score_cap1,46,50,50
CHEMBL1913,35804,5,0.2,4.0,chemdep_cal,47,50,50
CHEMBL1913,35804,5,0.2,4.0,multi_fp_rf,48,50,50
CHEMBL1913,35804,5,0.2,4.0,augmented_13view_rf,43,50,50
CHEMBL1913,35804,5,0.2,6.0,score_cap1,46,50,50
CHEMBL1913,35804,5,0.2,6.0,chemdep_cal,46,50,50
CHEMBL1913,35804,5,0.2,6.0,multi_fp_rf,48,50,50
CHEMBL1913,35804,5,0.2,6.0,augmented_13view_rf,43,50,50
CHEMBL1913,35804,5,0.3,4.0,score_cap1,45,50,50
CHEMBL1913,35804,5,0.3,4.0,chemdep_cal,46,50,50
CHEMBL1913,35804,5,0.3,4.0,multi_fp_rf,48,50,50
CHEMBL1913,35804,5,0.3,4.0,augmented_13view_rf,43,50,50
CHEMBL1913,35804,5,0.3,6.0,score_cap1,45,50,50
CHEMBL1913,35804,5,0.3,6.0,chemdep_cal,46,50,50
CHEMBL1913,35804,5,0.3,6.0,multi_fp_rf,48,50,50
CHEMBL1913,35804,5,0.3,6.0,augmented_13view_rf,43,50,50
CHEMBL1913,35804,6,0.2,4.0,score_cap1,46,50,50
CHEMBL1913,35804,6,0.2,4.0,chemdep_cal,47,50,50
CHEMBL1913,35804,6,0.2,4.0,multi_fp_rf,48,50,50
CHEMBL1913,35804,6,0.2,4.0,augmented_13view_rf,43,50,50
CHEMBL1913,35804,6,0.2,6.0,score_cap1,46,50,50
CHEMBL1913,35804,6,0.2,6.0,chemdep_cal,46,50,50
CHEMBL1913,35804,6,0.2,6.0,multi_fp_rf,48,50,50
CHEMBL1913,35804,6,0.2,6.0,augmented_13view_rf,43,50,50
CHEMBL1913,35804,6,0.3,4.0,score_cap1,45,50,50
CHEMBL1913,35804,6,0.3,4.0,chemdep_cal,47,50,50
CHEMBL1913,35804,6,0.3,4.0,multi_fp_rf,48,50,50
CHEMBL1913,35804,6,0.3,4.0,augmented_13view_rf,43,50,50
CHEMBL1913,35804,6,0.3,6.0,score_cap1,45,50,50
CHEMBL1913,35804,6,0.3,6.0,chemdep_cal,45,50,50
CHEMBL1913,35804,6,0.3,6.0,multi_fp_rf,48,50,50
CHEMBL1913,35804,6,0.3,6.0,augmented_13view_rf,43,50,50
CHEMBL1913,35804,7,0.2,4.0,score_cap1,46,50,50
CHEMBL1913,35804,7,0.2,4.0,chemdep_cal,46,50,50
CHEMBL1913,35804,7,0.2,4.0,multi_fp_rf,48,50,50
CHEMBL1913,35804,7,0.2,4.0,augmented_13view_rf,43,50,50
CHEMBL1913,35804,7,0.2,6.0,score_cap1,46,50,50
CHEMBL1913,35804,7,0.2,6.0,chemdep_cal,45,50,50
CHEMBL1913,35804,7,0.2,6.0,multi_fp_rf,48,50,50
CHEMBL1913,35804,7,0.2,6.0,augmented_13view_rf,43,50,50
CHEMBL1913,35804,7,0.3,4.0,score_cap1,46,50,50
CHEMBL1913,35804,7,0.3,4.0,chemdep_cal,46,50,50
CHEMBL1913,35804,7,0.3,4.0,multi_fp_rf,48,50,50
CHEMBL1913,35804,7,0.3,4.0,augmented_13view_rf,43,50,50
CHEMBL1913,35804,7,0.3,6.0,score_cap1,45,50,50
CHEMBL1913,35804,7,0.3,6.0,chemdep_cal,45,50,50
CHEMBL1913,35804,7,0.3,6.0,multi_fp_rf,48,50,50
CHEMBL1913,35804,7,0.3,6.0,augmented_13view_rf,43,50,50
CHEMBL1913,35804,8,0.2,4.0,score_cap1,46,50,50
CHEMBL1913,35804,8,0.2,4.0,chemdep_cal,46,50,50
CHEMBL1913,35804,8,0.2,4.0,multi_fp_rf,48,50,50
CHEMBL1913,35804,8,0.2,4.0,augmented_13view_rf,43,50,50
CHEMBL1913,35804,8,0.2,6.0,score_cap1,46,50,50
CHEMBL1913,35804,8,0.2,6.0,chemdep_cal,46,50,50
CHEMBL1913,35804,8,0.2,6.0,multi_fp_rf,48,50,50
CHEMBL1913,35804,8,0.2,6.0,augmented_13view_rf,43,50,50
CHEMBL1913,35804,8,0.3,4.0,score_cap1,46,50,50
CHEMBL1913,35804,8,0.3,4.0,chemdep_cal,46,50,50
CHEMBL1913,35804,8,0.3,4.0,multi_fp_rf,48,50,50
CHEMBL1913,35804,8,0.3,4.0,augmented_13view_rf,43,50,50
CHEMBL1913,35804,8,0.3,6.0,score_cap1,46,50,50
CHEMBL1913,35804,8,0.3,6.0,chemdep_cal,45,50,50
CHEMBL1913,35804,8,0.3,6.0,multi_fp_rf,48,50,50
CHEMBL1913,35804,8,0.3,6.0,augmented_13view_rf,43,50,50
CHEMBL1913,35804,9,0.2,4.0,score_cap1,46,50,50
CHEMBL1913,35804,9,0.2,4.0,chemdep_cal,47,50,50
CHEMBL1913,35804,9,0.2,4.0,multi_fp_rf,48,50,50
CHEMBL1913,35804,9,0.2,4.0,augmented_13view_rf,43,50,50
CHEMBL1913,35804,9,0.2,6.0,score_cap1,46,50,50
CHEMBL1913,35804,9,0.2,6.0,chemdep_cal,46,50,50
CHEMBL1913,35804,9,0.2,6.0,multi_fp_rf,48,50,50
CHEMBL1913,35804,9,0.2,6.0,augmented_13view_rf,43,50,50
CHEMBL1913,35804,9,0.3,4.0,score_cap1,47,50,50
CHEMBL1913,35804,9,0.3,4.0,chemdep_cal,46,50,50
CHEMBL1913,35804,9,0.3,4.0,multi_fp_rf,48,50,50
CHEMBL1913,35804,9,0.3,4.0,augmented_13view_rf,43,50,50
CHEMBL1913,35804,9,0.3,6.0,score_cap1,45,50,50
CHEMBL1913,35804,9,0.3,6.0,chemdep_cal,46,50,50
CHEMBL1913,35804,9,0.3,6.0,multi_fp_rf,48,50,50
CHEMBL1913,35804,9,0.3,6.0,augmented_13view_rf,43,50,50
CHEMBL1914,35804,0,0.2,4.0,score_cap1,43,50,50
CHEMBL1914,35804,0,0.2,4.0,chemdep_cal,46,50,50
CHEMBL1914,35804,0,0.2,4.0,multi_fp_rf,47,50,50
CHEMBL1914,35804,0,0.2,4.0,augmented_13view_rf,47,50,50
CHEMBL1914,35804,0,0.2,6.0,score_cap1,40,50,50
CHEMBL1914,35804,0,0.2,6.0,chemdep_cal,45,50,50
CHEMBL1914,35804,0,0.2,6.0,multi_fp_rf,47,50,50
CHEMBL1914,35804,0,0.2,6.0,augmented_13view_rf,47,50,50
CHEMBL1914,35804,0,0.3,4.0,score_cap1,44,50,50
CHEMBL1914,35804,0,0.3,4.0,chemdep_cal,47,50,50
CHEMBL1914,35804,0,0.3,4.0,multi_fp_rf,47,50,50
CHEMBL1914,35804,0,0.3,4.0,augmented_13view_rf,47,50,50
CHEMBL1914,35804,0,0.3,6.0,score_cap1,39,50,50
CHEMBL1914,35804,0,0.3,6.0,chemdep_cal,45,50,50
CHEMBL1914,35804,0,0.3,6.0,multi_fp_rf,47,50,50
CHEMBL1914,35804,0,0.3,6.0,augmented_13view_rf,47,50,50
CHEMBL1914,35804,1,0.2,4.0,score_cap1,46,50,50
CHEMBL1914,35804,1,0.2,4.0,chemdep_cal,47,50,50
CHEMBL1914,35804,1,0.2,4.0,multi_fp_rf,47,50,50
CHEMBL1914,35804,1,0.2,4.0,augmented_13view_rf,47,50,50
CHEMBL1914,35804,1,0.2,6.0,score_cap1,41,50,50
CHEMBL1914,35804,1,0.2,6.0,chemdep_cal,47,50,50
CHEMBL1914,35804,1,0.2,6.0,multi_fp_rf,47,50,50
CHEMBL1914,35804,1,0.2,6.0,augmented_13view_rf,47,50,50
CHEMBL1914,35804,1,0.3,4.0,score_cap1,43,50,50
CHEMBL1914,35804,1,0.3,4.0,chemdep_cal,46,50,50
CHEMBL1914,35804,1,0.3,4.0,multi_fp_rf,47,50,50
CHEMBL1914,35804,1,0.3,4.0,augmented_13view_rf,47,50,50
CHEMBL1914,35804,1,0.3,6.0,score_cap1,37,50,50
CHEMBL1914,35804,1,0.3,6.0,chemdep_cal,44,50,50
CHEMBL1914,35804,1,0.3,6.0,multi_fp_rf,47,50,50
CHEMBL1914,35804,1,0.3,6.0,augmented_13view_rf,47,50,50
CHEMBL1914,35804,2,0.2,4.0,score_cap1,44,50,50
CHEMBL1914,35804,2,0.2,4.0,chemdep_cal,47,50,50
CHEMBL1914,35804,2,0.2,4.0,multi_fp_rf,47,50,50
CHEMBL1914,35804,2,0.2,4.0,augmented_13view_rf,47,50,50
CHEMBL1914,35804,2,0.2,6.0,score_cap1,40,50,50
CHEMBL1914,35804,2,0.2,6.0,chemdep_cal,44,50,50
CHEMBL1914,35804,2,0.2,6.0,multi_fp_rf,47,50,50
CHEMBL1914,35804,2,0.2,6.0,augmented_13view_rf,47,50,50
CHEMBL1914,35804,2,0.3,4.0,score_cap1,45,50,50
CHEMBL1914,35804,2,0.3,4.0,chemdep_cal,47,50,50
CHEMBL1914,35804,2,0.3,4.0,multi_fp_rf,47,50,50
CHEMBL1914,35804,2,0.3,4.0,augmented_13view_rf,47,50,50
CHEMBL1914,35804,2,0.3,6.0,score_cap1,37,50,50
CHEMBL1914,35804,2,0.3,6.0,chemdep_cal,45,50,50
CHEMBL1914,35804,2,0.3,6.0,multi_fp_rf,47,50,50
CHEMBL1914,35804,2,0.3,6.0,augmented_13view_rf,47,50,50
CHEMBL1914,35804,3,0.2,4.0,score_cap1,45,50,50
CHEMBL1914,35804,3,0.2,4.0,chemdep_cal,47,50,50
CHEMBL1914,35804,3,0.2,4.0,multi_fp_rf,47,50,50
CHEMBL1914,35804,3,0.2,4.0,augmented_13view_rf,47,50,50
CHEMBL1914,35804,3,0.2,6.0,score_cap1,40,50,50
CHEMBL1914,35804,3,0.2,6.0,chemdep_cal,46,50,50
CHEMBL1914,35804,3,0.2,6.0,multi_fp_rf,47,50,50
CHEMBL1914,35804,3,0.2,6.0,augmented_13view_rf,47,50,50
CHEMBL1914,35804,3,0.3,4.0,score_cap1,40,50,50
CHEMBL1914,35804,3,0.3,4.0,chemdep_cal,46,50,50
CHEMBL1914,35804,3,0.3,4.0,multi_fp_rf,47,50,50
CHEMBL1914,35804,3,0.3,4.0,augmented_13view_rf,47,50,50
CHEMBL1914,35804,3,0.3,6.0,score_cap1,36,50,50
CHEMBL1914,35804,3,0.3,6.0,chemdep_cal,46,50,50
CHEMBL1914,35804,3,0.3,6.0,multi_fp_rf,47,50,50
CHEMBL1914,35804,3,0.3,6.0,augmented_13view_rf,47,50,50
CHEMBL1914,35804,4,0.2,4.0,score_cap1,44,50,50
CHEMBL1914,35804,4,0.2,4.0,chemdep_cal,47,50,50
CHEMBL1914,35804,4,0.2,4.0,multi_fp_rf,47,50,50
CHEMBL1914,35804,4,0.2,4.0,augmented_13view_rf,47,50,50
CHEMBL1914,35804,4,0.2,6.0,score_cap1,39,50,50
CHEMBL1914,35804,4,0.2,6.0,chemdep_cal,46,50,50
CHEMBL1914,35804,4,0.2,6.0,multi_fp_rf,47,50,50
CHEMBL1914,35804,4,0.2,6.0,augmented_13view_rf,47,50,50
CHEMBL1914,35804,4,0.3,4.0,score_cap1,41,50,50
CHEMBL1914,35804,4,0.3,4.0,chemdep_cal,46,50,50
CHEMBL1914,35804,4,0.3,4.0,multi_fp_rf,47,50,50
CHEMBL1914,35804,4,0.3,4.0,augmented_13view_rf,47,50,50
CHEMBL1914,35804,4,0.3,6.0,score_cap1,37,50,50
CHEMBL1914,35804,4,0.3,6.0,chemdep_cal,47,50,50
CHEMBL1914,35804,4,0.3,6.0,multi_fp_rf,47,50,50
CHEMBL1914,35804,4,0.3,6.0,augmented_13view_rf,47,50,50
CHEMBL1914,35804,5,0.2,4.0,score_cap1,43,50,50
CHEMBL1914,35804,5,0.2,4.0,chemdep_cal,47,50,50
CHEMBL1914,35804,5,0.2,4.0,multi_fp_rf,47,50,50
CHEMBL1914,35804,5,0.2,4.0,augmented_13view_rf,47,50,50
CHEMBL1914,35804,5,0.2,6.0,score_cap1,39,50,50
CHEMBL1914,35804,5,0.2,6.0,chemdep_cal,46,50,50
CHEMBL1914,35804,5,0.2,6.0,multi_fp_rf,47,50,50
CHEMBL1914,35804,5,0.2,6.0,augmented_13view_rf,47,50,50
CHEMBL1914,35804,5,0.3,4.0,score_cap1,44,50,50
CHEMBL1914,35804,5,0.3,4.0,chemdep_cal,47,50,50
CHEMBL1914,35804,5,0.3,4.0,multi_fp_rf,47,50,50
CHEMBL1914,35804,5,0.3,4.0,augmented_13view_rf,47,50,50
CHEMBL1914,35804,5,0.3,6.0,score_cap1,36,50,50
CHEMBL1914,35804,5,0.3,6.0,chemdep_cal,47,50,50
CHEMBL1914,35804,5,0.3,6.0,multi_fp_rf,47,50,50
CHEMBL1914,35804,5,0.3,6.0,augmented_13view_rf,47,50,50
CHEMBL1914,35804,6,0.2,4.0,score_cap1,44,50,50
CHEMBL1914,35804,6,0.2,4.0,chemdep_cal,47,50,50
CHEMBL1914,35804,6,0.2,4.0,multi_fp_rf,47,50,50
CHEMBL1914,35804,6,0.2,4.0,augmented_13view_rf,47,50,50
CHEMBL1914,35804,6,0.2,6.0,score_cap1,40,50,50
CHEMBL1914,35804,6,0.2,6.0,chemdep_cal,45,50,50
CHEMBL1914,35804,6,0.2,6.0,multi_fp_rf,47,50,50
CHEMBL1914,35804,6,0.2,6.0,augmented_13view_rf,47,50,50
CHEMBL1914,35804,6,0.3,4.0,score_cap1,42,50,50
CHEMBL1914,35804,6,0.3,4.0,chemdep_cal,47,50,50
CHEMBL1914,35804,6,0.3,4.0,multi_fp_rf,47,50,50
CHEMBL1914,35804,6,0.3,4.0,augmented_13view_rf,47,50,50
CHEMBL1914,35804,6,0.3,6.0,score_cap1,37,50,50
CHEMBL1914,35804,6,0.3,6.0,chemdep_cal,45,50,50
CHEMBL1914,35804,6,0.3,6.0,multi_fp_rf,47,50,50
CHEMBL1914,35804,6,0.3,6.0,augmented_13view_rf,47,50,50
CHEMBL1914,35804,7,0.2,4.0,score_cap1,45,50,50
CHEMBL1914,35804,7,0.2,4.0,chemdep_cal,47,50,50
CHEMBL1914,35804,7,0.2,4.0,multi_fp_rf,47,50,50
CHEMBL1914,35804,7,0.2,4.0,augmented_13view_rf,47,50,50
CHEMBL1914,35804,7,0.2,6.0,score_cap1,40,50,50
CHEMBL1914,35804,7,0.2,6.0,chemdep_cal,44,50,50
CHEMBL1914,35804,7,0.2,6.0,multi_fp_rf,47,50,50
CHEMBL1914,35804,7,0.2,6.0,augmented_13view_rf,47,50,50
CHEMBL1914,35804,7,0.3,4.0,score_cap1,42,50,50
CHEMBL1914,35804,7,0.3,4.0,chemdep_cal,47,50,50
CHEMBL1914,35804,7,0.3,4.0,multi_fp_rf,47,50,50
CHEMBL1914,35804,7,0.3,4.0,augmented_13view_rf,47,50,50
CHEMBL1914,35804,7,0.3,6.0,score_cap1,37,50,50
CHEMBL1914,35804,7,0.3,6.0,chemdep_cal,46,50,50
CHEMBL1914,35804,7,0.3,6.0,multi_fp_rf,47,50,50
CHEMBL1914,35804,7,0.3,6.0,augmented_13view_rf,47,50,50
CHEMBL1914,35804,8,0.2,4.0,score_cap1,43,50,50
CHEMBL1914,35804,8,0.2,4.0,chemdep_cal,47,50,50
CHEMBL1914,35804,8,0.2,4.0,multi_fp_rf,47,50,50
CHEMBL1914,35804,8,0.2,4.0,augmented_13view_rf,47,50,50
CHEMBL1914,35804,8,0.2,6.0,score_cap1,39,50,50
CHEMBL1914,35804,8,0.2,6.0,chemdep_cal,46,50,50
CHEMBL1914,35804,8,0.2,6.0,multi_fp_rf,47,50,50
CHEMBL1914,35804,8,0.2,6.0,augmented_13view_rf,47,50,50
CHEMBL1914,35804,8,0.3,4.0,score_cap1,41,50,50
CHEMBL1914,35804,8,0.3,4.0,chemdep_cal,47,50,50
CHEMBL1914,35804,8,0.3,4.0,multi_fp_rf,47,50,50
CHEMBL1914,35804,8,0.3,4.0,augmented_13view_rf,47,50,50
CHEMBL1914,35804,8,0.3,6.0,score_cap1,37,50,50
CHEMBL1914,35804,8,0.3,6.0,chemdep_cal,46,50,50
CHEMBL1914,35804,8,0.3,6.0,multi_fp_rf,47,50,50
CHEMBL1914,35804,8,0.3,6.0,augmented_13view_rf,47,50,50
CHEMBL1914,35804,9,0.2,4.0,score_cap1,42,50,50
CHEMBL1914,35804,9,0.2,4.0,chemdep_cal,47,50,50
CHEMBL1914,35804,9,0.2,4.0,multi_fp_rf,47,50,50
CHEMBL1914,35804,9,0.2,4.0,augmented_13view_rf,47,50,50
CHEMBL1914,35804,9,0.2,6.0,score_cap1,39,50,50
CHEMBL1914,35804,9,0.2,6.0,chemdep_cal,47,50,50
CHEMBL1914,35804,9,0.2,6.0,multi_fp_rf,47,50,50
CHEMBL1914,35804,9,0.2,6.0,augmented_13view_rf,47,50,50
CHEMBL1914,35804,9,0.3,4.0,score_cap1,43,50,50
CHEMBL1914,35804,9,0.3,4.0,chemdep_cal,47,50,50
CHEMBL1914,35804,9,0.3,4.0,multi_fp_rf,47,50,50
CHEMBL1914,35804,9,0.3,4.0,augmented_13view_rf,47,50,50
CHEMBL1914,35804,9,0.3,6.0,score_cap1,37,50,50
CHEMBL1914,35804,9,0.3,6.0,chemdep_cal,45,50,50
CHEMBL1914,35804,9,0.3,6.0,multi_fp_rf,47,50,50
CHEMBL1914,35804,9,0.3,6.0,augmented_13view_rf,47,50,50
CHEMBL1936,35804,0,0.2,4.0,score_cap1,47,50,50
CHEMBL1936,35804,0,0.2,4.0,chemdep_cal,45,50,50
CHEMBL1936,35804,0,0.2,4.0,multi_fp_rf,44,50,50
CHEMBL1936,35804,0,0.2,4.0,augmented_13view_rf,45,50,50
CHEMBL1936,35804,0,0.2,6.0,score_cap1,47,50,50
CHEMBL1936,35804,0,0.2,6.0,chemdep_cal,45,50,50
CHEMBL1936,35804,0,0.2,6.0,multi_fp_rf,44,50,50
CHEMBL1936,35804,0,0.2,6.0,augmented_13view_rf,45,50,50
CHEMBL1936,35804,0,0.3,4.0,score_cap1,46,50,50
CHEMBL1936,35804,0,0.3,4.0,chemdep_cal,45,50,50
CHEMBL1936,35804,0,0.3,4.0,multi_fp_rf,44,50,50
CHEMBL1936,35804,0,0.3,4.0,augmented_13view_rf,45,50,50
CHEMBL1936,35804,0,0.3,6.0,score_cap1,46,50,50
CHEMBL1936,35804,0,0.3,6.0,chemdep_cal,45,50,50
CHEMBL1936,35804,0,0.3,6.0,multi_fp_rf,44,50,50
CHEMBL1936,35804,0,0.3,6.0,augmented_13view_rf,45,50,50
CHEMBL1936,35804,1,0.2,4.0,score_cap1,47,50,50
CHEMBL1936,35804,1,0.2,4.0,chemdep_cal,46,50,50
CHEMBL1936,35804,1,0.2,4.0,multi_fp_rf,44,50,50
CHEMBL1936,35804,1,0.2,4.0,augmented_13view_rf,45,50,50
CHEMBL1936,35804,1,0.2,6.0,score_cap1,47,50,50
CHEMBL1936,35804,1,0.2,6.0,chemdep_cal,47,50,50
CHEMBL1936,35804,1,0.2,6.0,multi_fp_rf,44,50,50
CHEMBL1936,35804,1,0.2,6.0,augmented_13view_rf,45,50,50
CHEMBL1936,35804,1,0.3,4.0,score_cap1,46,50,50
CHEMBL1936,35804,1,0.3,4.0,chemdep_cal,45,50,50
CHEMBL1936,35804,1,0.3,4.0,multi_fp_rf,45,50,50
CHEMBL1936,35804,1,0.3,4.0,augmented_13view_rf,45,50,50
CHEMBL1936,35804,1,0.3,6.0,score_cap1,46,50,50
CHEMBL1936,35804,1,0.3,6.0,chemdep_cal,45,50,50
CHEMBL1936,35804,1,0.3,6.0,multi_fp_rf,45,50,50
CHEMBL1936,35804,1,0.3,6.0,augmented_13view_rf,45,50,50
CHEMBL1936,35804,2,0.2,4.0,score_cap1,47,50,50
CHEMBL1936,35804,2,0.2,4.0,chemdep_cal,46,50,50
CHEMBL1936,35804,2,0.2,4.0,multi_fp_rf,43,50,50
CHEMBL1936,35804,2,0.2,4.0,augmented_13view_rf,45,50,50
CHEMBL1936,35804,2,0.2,6.0,score_cap1,47,50,50
CHEMBL1936,35804,2,0.2,6.0,chemdep_cal,47,50,50
CHEMBL1936,35804,2,0.2,6.0,multi_fp_rf,43,50,50
CHEMBL1936,35804,2,0.2,6.0,augmented_13view_rf,45,50,50
CHEMBL1936,35804,2,0.3,4.0,score_cap1,46,50,50
CHEMBL1936,35804,2,0.3,4.0,chemdep_cal,45,50,50
CHEMBL1936,35804,2,0.3,4.0,multi_fp_rf,44,50,50
CHEMBL1936,35804,2,0.3,4.0,augmented_13view_rf,45,50,50
CHEMBL1936,35804,2,0.3,6.0,score_cap1,46,50,50
CHEMBL1936,35804,2,0.3,6.0,chemdep_cal,46,50,50
CHEMBL1936,35804,2,0.3,6.0,multi_fp_rf,44,50,50
CHEMBL1936,35804,2,0.3,6.0,augmented_13view_rf,45,50,50
CHEMBL1936,35804,3,0.2,4.0,score_cap1,47,50,50
CHEMBL1936,35804,3,0.2,4.0,chemdep_cal,46,50,50
CHEMBL1936,35804,3,0.2,4.0,multi_fp_rf,44,50,50
CHEMBL1936,35804,3,0.2,4.0,augmented_13view_rf,45,50,50
CHEMBL1936,35804,3,0.2,6.0,score_cap1,47,50,50
CHEMBL1936,35804,3,0.2,6.0,chemdep_cal,45,50,50
CHEMBL1936,35804,3,0.2,6.0,multi_fp_rf,44,50,50
CHEMBL1936,35804,3,0.2,6.0,augmented_13view_rf,45,50,50
CHEMBL1936,35804,3,0.3,4.0,score_cap1,46,50,50
CHEMBL1936,35804,3,0.3,4.0,chemdep_cal,46,50,50
CHEMBL1936,35804,3,0.3,4.0,multi_fp_rf,44,50,50
CHEMBL1936,35804,3,0.3,4.0,augmented_13view_rf,45,50,50
CHEMBL1936,35804,3,0.3,6.0,score_cap1,46,50,50
CHEMBL1936,35804,3,0.3,6.0,chemdep_cal,46,50,50
CHEMBL1936,35804,3,0.3,6.0,multi_fp_rf,44,50,50
CHEMBL1936,35804,3,0.3,6.0,augmented_13view_rf,45,50,50
CHEMBL1936,35804,4,0.2,4.0,score_cap1,47,50,50
CHEMBL1936,35804,4,0.2,4.0,chemdep_cal,47,50,50
CHEMBL1936,35804,4,0.2,4.0,multi_fp_rf,45,50,50
CHEMBL1936,35804,4,0.2,4.0,augmented_13view_rf,45,50,50
CHEMBL1936,35804,4,0.2,6.0,score_cap1,47,50,50
CHEMBL1936,35804,4,0.2,6.0,chemdep_cal,47,50,50
CHEMBL1936,35804,4,0.2,6.0,multi_fp_rf,45,50,50
CHEMBL1936,35804,4,0.2,6.0,augmented_13view_rf,45,50,50
CHEMBL1936,35804,4,0.3,4.0,score_cap1,46,50,50
CHEMBL1936,35804,4,0.3,4.0,chemdep_cal,45,50,50
CHEMBL1936,35804,4,0.3,4.0,multi_fp_rf,45,50,50
CHEMBL1936,35804,4,0.3,4.0,augmented_13view_rf,45,50,50
CHEMBL1936,35804,4,0.3,6.0,score_cap1,46,50,50
CHEMBL1936,35804,4,0.3,6.0,chemdep_cal,45,50,50
CHEMBL1936,35804,4,0.3,6.0,multi_fp_rf,45,50,50
CHEMBL1936,35804,4,0.3,6.0,augmented_13view_rf,45,50,50
CHEMBL1936,35804,5,0.2,4.0,score_cap1,47,50,50
CHEMBL1936,35804,5,0.2,4.0,chemdep_cal,46,50,50
CHEMBL1936,35804,5,0.2,4.0,multi_fp_rf,44,50,50
CHEMBL1936,35804,5,0.2,4.0,augmented_13view_rf,45,50,50
CHEMBL1936,35804,5,0.2,6.0,score_cap1,47,50,50
CHEMBL1936,35804,5,0.2,6.0,chemdep_cal,45,50,50
CHEMBL1936,35804,5,0.2,6.0,multi_fp_rf,44,50,50
CHEMBL1936,35804,5,0.2,6.0,augmented_13view_rf,45,50,50
CHEMBL1936,35804,5,0.3,4.0,score_cap1,46,50,50
CHEMBL1936,35804,5,0.3,4.0,chemdep_cal,46,50,50
CHEMBL1936,35804,5,0.3,4.0,multi_fp_rf,44,50,50
CHEMBL1936,35804,5,0.3,4.0,augmented_13view_rf,45,50,50
CHEMBL1936,35804,5,0.3,6.0,score_cap1,46,50,50
CHEMBL1936,35804,5,0.3,6.0,chemdep_cal,46,50,50
CHEMBL1936,35804,5,0.3,6.0,multi_fp_rf,44,50,50
CHEMBL1936,35804,5,0.3,6.0,augmented_13view_rf,45,50,50
CHEMBL1936,35804,6,0.2,4.0,score_cap1,47,50,50
CHEMBL1936,35804,6,0.2,4.0,chemdep_cal,46,50,50
CHEMBL1936,35804,6,0.2,4.0,multi_fp_rf,44,50,50
CHEMBL1936,35804,6,0.2,4.0,augmented_13view_rf,45,50,50
CHEMBL1936,35804,6,0.2,6.0,score_cap1,47,50,50
CHEMBL1936,35804,6,0.2,6.0,chemdep_cal,47,50,50
CHEMBL1936,35804,6,0.2,6.0,multi_fp_rf,44,50,50
CHEMBL1936,35804,6,0.2,6.0,augmented_13view_rf,45,50,50
CHEMBL1936,35804,6,0.3,4.0,score_cap1,46,50,50
CHEMBL1936,35804,6,0.3,4.0,chemdep_cal,46,50,50
CHEMBL1936,35804,6,0.3,4.0,multi_fp_rf,44,50,50
CHEMBL1936,35804,6,0.3,4.0,augmented_13view_rf,45,50,50
CHEMBL1936,35804,6,0.3,6.0,score_cap1,46,50,50
CHEMBL1936,35804,6,0.3,6.0,chemdep_cal,46,50,50
CHEMBL1936,35804,6,0.3,6.0,multi_fp_rf,44,50,50
CHEMBL1936,35804,6,0.3,6.0,augmented_13view_rf,45,50,50
CHEMBL1936,35804,7,0.2,4.0,score_cap1,47,50,50
CHEMBL1936,35804,7,0.2,4.0,chemdep_cal,45,50,50
CHEMBL1936,35804,7,0.2,4.0,multi_fp_rf,44,50,50
CHEMBL1936,35804,7,0.2,4.0,augmented_13view_rf,45,50,50
CHEMBL1936,35804,7,0.2,6.0,score_cap1,47,50,50
CHEMBL1936,35804,7,0.2,6.0,chemdep_cal,45,50,50
CHEMBL1936,35804,7,0.2,6.0,multi_fp_rf,44,50,50
CHEMBL1936,35804,7,0.2,6.0,augmented_13view_rf,45,50,50
CHEMBL1936,35804,7,0.3,4.0,score_cap1,46,50,50
CHEMBL1936,35804,7,0.3,4.0,chemdep_cal,46,50,50
CHEMBL1936,35804,7,0.3,4.0,multi_fp_rf,43,50,50
CHEMBL1936,35804,7,0.3,4.0,augmented_13view_rf,45,50,50
CHEMBL1936,35804,7,0.3,6.0,score_cap1,46,50,50
CHEMBL1936,35804,7,0.3,6.0,chemdep_cal,46,50,50
CHEMBL1936,35804,7,0.3,6.0,multi_fp_rf,43,50,50
CHEMBL1936,35804,7,0.3,6.0,augmented_13view_rf,45,50,50
CHEMBL1936,35804,8,0.2,4.0,score_cap1,47,50,50
CHEMBL1936,35804,8,0.2,4.0,chemdep_cal,46,50,50
CHEMBL1936,35804,8,0.2,4.0,multi_fp_rf,44,50,50
CHEMBL1936,35804,8,0.2,4.0,augmented_13view_rf,45,50,50
CHEMBL1936,35804,8,0.2,6.0,score_cap1,47,50,50
CHEMBL1936,35804,8,0.2,6.0,chemdep_cal,47,50,50
CHEMBL1936,35804,8,0.2,6.0,multi_fp_rf,44,50,50
CHEMBL1936,35804,8,0.2,6.0,augmented_13view_rf,45,50,50
CHEMBL1936,35804,8,0.3,4.0,score_cap1,46,50,50
CHEMBL1936,35804,8,0.3,4.0,chemdep_cal,47,50,50
CHEMBL1936,35804,8,0.3,4.0,multi_fp_rf,45,50,50
CHEMBL1936,35804,8,0.3,4.0,augmented_13view_rf,45,50,50
CHEMBL1936,35804,8,0.3,6.0,score_cap1,46,50,50
CHEMBL1936,35804,8,0.3,6.0,chemdep_cal,46,50,50
CHEMBL1936,35804,8,0.3,6.0,multi_fp_rf,45,50,50
CHEMBL1936,35804,8,0.3,6.0,augmented_13view_rf,45,50,50
CHEMBL1936,35804,9,0.2,4.0,score_cap1,47,50,50
CHEMBL1936,35804,9,0.2,4.0,chemdep_cal,46,50,50
CHEMBL1936,35804,9,0.2,4.0,multi_fp_rf,45,50,50
CHEMBL1936,35804,9,0.2,4.0,augmented_13view_rf,45,50,50
CHEMBL1936,35804,9,0.2,6.0,score_cap1,47,50,50
CHEMBL1936,35804,9,0.2,6.0,chemdep_cal,45,50,50
CHEMBL1936,35804,9,0.2,6.0,multi_fp_rf,45,50,50
CHEMBL1936,35804,9,0.2,6.0,augmented_13view_rf,45,50,50
CHEMBL1936,35804,9,0.3,4.0,score_cap1,46,50,50
CHEMBL1936,35804,9,0.3,4.0,chemdep_cal,46,50,50
CHEMBL1936,35804,9,0.3,4.0,multi_fp_rf,44,50,50
CHEMBL1936,35804,9,0.3,4.0,augmented_13view_rf,45,50,50
CHEMBL1936,35804,9,0.3,6.0,score_cap1,46,50,50
CHEMBL1936,35804,9,0.3,6.0,chemdep_cal,46,50,50
CHEMBL1936,35804,9,0.3,6.0,multi_fp_rf,44,50,50
CHEMBL1936,35804,9,0.3,6.0,augmented_13view_rf,45,50,50
CHEMBL1937,35804,0,0.2,4.0,score_cap1,38,50,50
CHEMBL1937,35804,0,0.2,4.0,chemdep_cal,43,50,50
CHEMBL1937,35804,0,0.2,4.0,multi_fp_rf,43,50,50
CHEMBL1937,35804,0,0.2,4.0,augmented_13view_rf,46,50,50
CHEMBL1937,35804,0,0.2,6.0,score_cap1,37,50,50
CHEMBL1937,35804,0,0.2,6.0,chemdep_cal,43,50,50
CHEMBL1937,35804,0,0.2,6.0,multi_fp_rf,43,50,50
CHEMBL1937,35804,0,0.2,6.0,augmented_13view_rf,46,50,50
CHEMBL1937,35804,0,0.3,4.0,score_cap1,35,50,50
CHEMBL1937,35804,0,0.3,4.0,chemdep_cal,43,50,50
CHEMBL1937,35804,0,0.3,4.0,multi_fp_rf,44,50,50
CHEMBL1937,35804,0,0.3,4.0,augmented_13view_rf,46,50,50
CHEMBL1937,35804,0,0.3,6.0,score_cap1,35,50,50
CHEMBL1937,35804,0,0.3,6.0,chemdep_cal,43,50,50
CHEMBL1937,35804,0,0.3,6.0,multi_fp_rf,44,50,50
CHEMBL1937,35804,0,0.3,6.0,augmented_13view_rf,46,50,50
CHEMBL1937,35804,1,0.2,4.0,score_cap1,37,50,50
CHEMBL1937,35804,1,0.2,4.0,chemdep_cal,43,50,50
CHEMBL1937,35804,1,0.2,4.0,multi_fp_rf,43,50,50
CHEMBL1937,35804,1,0.2,4.0,augmented_13view_rf,46,50,50
CHEMBL1937,35804,1,0.2,6.0,score_cap1,37,50,50
CHEMBL1937,35804,1,0.2,6.0,chemdep_cal,43,50,50
CHEMBL1937,35804,1,0.2,6.0,multi_fp_rf,43,50,50
CHEMBL1937,35804,1,0.2,6.0,augmented_13view_rf,46,50,50
CHEMBL1937,35804,1,0.3,4.0,score_cap1,36,50,50
CHEMBL1937,35804,1,0.3,4.0,chemdep_cal,42,50,50
CHEMBL1937,35804,1,0.3,4.0,multi_fp_rf,43,50,50
CHEMBL1937,35804,1,0.3,4.0,augmented_13view_rf,45,50,50
CHEMBL1937,35804,1,0.3,6.0,score_cap1,34,50,50
CHEMBL1937,35804,1,0.3,6.0,chemdep_cal,42,50,50
CHEMBL1937,35804,1,0.3,6.0,multi_fp_rf,43,50,50
CHEMBL1937,35804,1,0.3,6.0,augmented_13view_rf,46,50,50
CHEMBL1937,35804,2,0.2,4.0,score_cap1,38,50,50
CHEMBL1937,35804,2,0.2,4.0,chemdep_cal,43,50,50
CHEMBL1937,35804,2,0.2,4.0,multi_fp_rf,44,50,50
CHEMBL1937,35804,2,0.2,4.0,augmented_13view_rf,46,50,50
CHEMBL1937,35804,2,0.2,6.0,score_cap1,37,50,50
CHEMBL1937,35804,2,0.2,6.0,chemdep_cal,43,50,50
CHEMBL1937,35804,2,0.2,6.0,multi_fp_rf,44,50,50
CHEMBL1937,35804,2,0.2,6.0,augmented_13view_rf,46,50,50
CHEMBL1937,35804,2,0.3,4.0,score_cap1,35,50,50
CHEMBL1937,35804,2,0.3,4.0,chemdep_cal,41,50,50
CHEMBL1937,35804,2,0.3,4.0,multi_fp_rf,43,50,50
CHEMBL1937,35804,2,0.3,4.0,augmented_13view_rf,46,50,50
CHEMBL1937,35804,2,0.3,6.0,score_cap1,35,50,50
CHEMBL1937,35804,2,0.3,6.0,chemdep_cal,41,50,50
CHEMBL1937,35804,2,0.3,6.0,multi_fp_rf,43,50,50
CHEMBL1937,35804,2,0.3,6.0,augmented_13view_rf,46,50,50
CHEMBL1937,35804,3,0.2,4.0,score_cap1,40,50,50
CHEMBL1937,35804,3,0.2,4.0,chemdep_cal,43,50,50
CHEMBL1937,35804,3,0.2,4.0,multi_fp_rf,44,50,50
CHEMBL1937,35804,3,0.2,4.0,augmented_13view_rf,46,50,50
CHEMBL1937,35804,3,0.2,6.0,score_cap1,37,50,50
CHEMBL1937,35804,3,0.2,6.0,chemdep_cal,42,50,50
CHEMBL1937,35804,3,0.2,6.0,multi_fp_rf,44,50,50
CHEMBL1937,35804,3,0.2,6.0,augmented_13view_rf,46,50,50
CHEMBL1937,35804,3,0.3,4.0,score_cap1,34,50,50
CHEMBL1937,35804,3,0.3,4.0,chemdep_cal,43,50,50
CHEMBL1937,35804,3,0.3,4.0,multi_fp_rf,44,50,50
CHEMBL1937,35804,3,0.3,4.0,augmented_13view_rf,46,50,50
CHEMBL1937,35804,3,0.3,6.0,score_cap1,34,50,50
CHEMBL1937,35804,3,0.3,6.0,chemdep_cal,43,50,50
CHEMBL1937,35804,3,0.3,6.0,multi_fp_rf,44,50,50
CHEMBL1937,35804,3,0.3,6.0,augmented_13view_rf,46,50,50
CHEMBL1937,35804,4,0.2,4.0,score_cap1,39,50,50
CHEMBL1937,35804,4,0.2,4.0,chemdep_cal,43,50,50
CHEMBL1937,35804,4,0.2,4.0,multi_fp_rf,44,50,50
CHEMBL1937,35804,4,0.2,4.0,augmented_13view_rf,46,50,50
CHEMBL1937,35804,4,0.2,6.0,score_cap1,37,50,50
CHEMBL1937,35804,4,0.2,6.0,chemdep_cal,43,50,50
CHEMBL1937,35804,4,0.2,6.0,multi_fp_rf,44,50,50
CHEMBL1937,35804,4,0.2,6.0,augmented_13view_rf,46,50,50
CHEMBL1937,35804,4,0.3,4.0,score_cap1,34,50,50
CHEMBL1937,35804,4,0.3,4.0,chemdep_cal,43,50,50
CHEMBL1937,35804,4,0.3,4.0,multi_fp_rf,44,50,50
CHEMBL1937,35804,4,0.3,4.0,augmented_13view_rf,46,50,50
CHEMBL1937,35804,4,0.3,6.0,score_cap1,34,50,50
CHEMBL1937,35804,4,0.3,6.0,chemdep_cal,43,50,50
CHEMBL1937,35804,4,0.3,6.0,multi_fp_rf,44,50,50
CHEMBL1937,35804,4,0.3,6.0,augmented_13view_rf,46,50,50
CHEMBL1937,35804,5,0.2,4.0,score_cap1,37,50,50
CHEMBL1937,35804,5,0.2,4.0,chemdep_cal,42,50,50
CHEMBL1937,35804,5,0.2,4.0,multi_fp_rf,43,50,50
CHEMBL1937,35804,5,0.2,4.0,augmented_13view_rf,45,50,50
CHEMBL1937,35804,5,0.2,6.0,score_cap1,37,50,50
CHEMBL1937,35804,5,0.2,6.0,chemdep_cal,42,50,50
CHEMBL1937,35804,5,0.2,6.0,multi_fp_rf,43,50,50
CHEMBL1937,35804,5,0.2,6.0,augmented_13view_rf,46,50,50
CHEMBL1937,35804,5,0.3,4.0,score_cap1,34,50,50
CHEMBL1937,35804,5,0.3,4.0,chemdep_cal,42,50,50
CHEMBL1937,35804,5,0.3,4.0,multi_fp_rf,43,50,50
CHEMBL1937,35804,5,0.3,4.0,augmented_13view_rf,46,50,50
CHEMBL1937,35804,5,0.3,6.0,score_cap1,34,50,50
CHEMBL1937,35804,5,0.3,6.0,chemdep_cal,43,50,50
CHEMBL1937,35804,5,0.3,6.0,multi_fp_rf,43,50,50
CHEMBL1937,35804,5,0.3,6.0,augmented_13view_rf,46,50,50
CHEMBL1937,35804,6,0.2,4.0,score_cap1,37,50,50
CHEMBL1937,35804,6,0.2,4.0,chemdep_cal,42,50,50
CHEMBL1937,35804,6,0.2,4.0,multi_fp_rf,43,50,50
CHEMBL1937,35804,6,0.2,4.0,augmented_13view_rf,45,50,50
CHEMBL1937,35804,6,0.2,6.0,score_cap1,37,50,50
CHEMBL1937,35804,6,0.2,6.0,chemdep_cal,42,50,50
CHEMBL1937,35804,6,0.2,6.0,multi_fp_rf,43,50,50
CHEMBL1937,35804,6,0.2,6.0,augmented_13view_rf,46,50,50
CHEMBL1937,35804,6,0.3,4.0,score_cap1,35,50,50
CHEMBL1937,35804,6,0.3,4.0,chemdep_cal,41,50,50
CHEMBL1937,35804,6,0.3,4.0,multi_fp_rf,44,50,50
CHEMBL1937,35804,6,0.3,4.0,augmented_13view_rf,46,50,50
CHEMBL1937,35804,6,0.3,6.0,score_cap1,34,50,50
CHEMBL1937,35804,6,0.3,6.0,chemdep_cal,41,50,50
CHEMBL1937,35804,6,0.3,6.0,multi_fp_rf,44,50,50
CHEMBL1937,35804,6,0.3,6.0,augmented_13view_rf,46,50,50
CHEMBL1937,35804,7,0.2,4.0,score_cap1,39,50,50
CHEMBL1937,35804,7,0.2,4.0,chemdep_cal,43,50,50
CHEMBL1937,35804,7,0.2,4.0,multi_fp_rf,43,50,50
CHEMBL1937,35804,7,0.2,4.0,augmented_13view_rf,46,50,50
CHEMBL1937,35804,7,0.2,6.0,score_cap1,38,50,50
CHEMBL1937,35804,7,0.2,6.0,chemdep_cal,43,50,50
CHEMBL1937,35804,7,0.2,6.0,multi_fp_rf,43,50,50
CHEMBL1937,35804,7,0.2,6.0,augmented_13view_rf,46,50,50
CHEMBL1937,35804,7,0.3,4.0,score_cap1,34,50,50
CHEMBL1937,35804,7,0.3,4.0,chemdep_cal,43,50,50
CHEMBL1937,35804,7,0.3,4.0,multi_fp_rf,44,50,50
CHEMBL1937,35804,7,0.3,4.0,augmented_13view_rf,46,50,50
CHEMBL1937,35804,7,0.3,6.0,score_cap1,34,50,50
CHEMBL1937,35804,7,0.3,6.0,chemdep_cal,43,50,50
CHEMBL1937,35804,7,0.3,6.0,multi_fp_rf,44,50,50
CHEMBL1937,35804,7,0.3,6.0,augmented_13view_rf,46,50,50
CHEMBL1937,35804,8,0.2,4.0,score_cap1,38,50,50
CHEMBL1937,35804,8,0.2,4.0,chemdep_cal,43,50,50
CHEMBL1937,35804,8,0.2,4.0,multi_fp_rf,44,50,50
CHEMBL1937,35804,8,0.2,4.0,augmented_13view_rf,46,50,50
CHEMBL1937,35804,8,0.2,6.0,score_cap1,37,50,50
CHEMBL1937,35804,8,0.2,6.0,chemdep_cal,43,50,50
CHEMBL1937,35804,8,0.2,6.0,multi_fp_rf,44,50,50
CHEMBL1937,35804,8,0.2,6.0,augmented_13view_rf,46,50,50
CHEMBL1937,35804,8,0.3,4.0,score_cap1,36,50,50
CHEMBL1937,35804,8,0.3,4.0,chemdep_cal,43,50,50
CHEMBL1937,35804,8,0.3,4.0,multi_fp_rf,44,50,50
CHEMBL1937,35804,8,0.3,4.0,augmented_13view_rf,46,50,50
CHEMBL1937,35804,8,0.3,6.0,score_cap1,35,50,50
CHEMBL1937,35804,8,0.3,6.0,chemdep_cal,43,50,50
CHEMBL1937,35804,8,0.3,6.0,multi_fp_rf,44,50,50
CHEMBL1937,35804,8,0.3,6.0,augmented_13view_rf,46,50,50
CHEMBL1937,35804,9,0.2,4.0,score_cap1,37,50,50
CHEMBL1937,35804,9,0.2,4.0,chemdep_cal,41,50,50
CHEMBL1937,35804,9,0.2,4.0,multi_fp_rf,43,50,50
CHEMBL1937,35804,9,0.2,4.0,augmented_13view_rf,46,50,50
CHEMBL1937,35804,9,0.2,6.0,score_cap1,37,50,50
CHEMBL1937,35804,9,0.2,6.0,chemdep_cal,42,50,50
CHEMBL1937,35804,9,0.2,6.0,multi_fp_rf,43,50,50
CHEMBL1937,35804,9,0.2,6.0,augmented_13view_rf,46,50,50
CHEMBL1937,35804,9,0.3,4.0,score_cap1,34,50,50
CHEMBL1937,35804,9,0.3,4.0,chemdep_cal,41,50,50
CHEMBL1937,35804,9,0.3,4.0,multi_fp_rf,43,50,50
CHEMBL1937,35804,9,0.3,4.0,augmented_13view_rf,45,50,50
CHEMBL1937,35804,9,0.3,6.0,score_cap1,34,50,50
CHEMBL1937,35804,9,0.3,6.0,chemdep_cal,41,50,50
CHEMBL1937,35804,9,0.3,6.0,multi_fp_rf,43,50,50
CHEMBL1937,35804,9,0.3,6.0,augmented_13view_rf,46,50,50
CHEMBL1941,35804,0,0.2,4.0,score_cap1,23,50,50
CHEMBL1941,35804,0,0.2,4.0,chemdep_cal,23,50,50
CHEMBL1941,35804,0,0.2,4.0,multi_fp_rf,23,50,50
CHEMBL1941,35804,0,0.2,4.0,augmented_13view_rf,23,50,50
CHEMBL1941,35804,0,0.2,6.0,score_cap1,23,50,50
CHEMBL1941,35804,0,0.2,6.0,chemdep_cal,23,50,50
CHEMBL1941,35804,0,0.2,6.0,multi_fp_rf,23,50,50
CHEMBL1941,35804,0,0.2,6.0,augmented_13view_rf,23,50,50
CHEMBL1941,35804,0,0.3,4.0,score_cap1,23,50,50
CHEMBL1941,35804,0,0.3,4.0,chemdep_cal,23,50,50
CHEMBL1941,35804,0,0.3,4.0,multi_fp_rf,23,50,50
CHEMBL1941,35804,0,0.3,4.0,augmented_13view_rf,23,50,50
CHEMBL1941,35804,0,0.3,6.0,score_cap1,23,50,50
CHEMBL1941,35804,0,0.3,6.0,chemdep_cal,23,50,50
CHEMBL1941,35804,0,0.3,6.0,multi_fp_rf,23,50,50
CHEMBL1941,35804,0,0.3,6.0,augmented_13view_rf,23,50,50
CHEMBL1941,35804,1,0.2,4.0,score_cap1,23,50,50
CHEMBL1941,35804,1,0.2,4.0,chemdep_cal,23,50,50
CHEMBL1941,35804,1,0.2,4.0,multi_fp_rf,23,50,50
CHEMBL1941,35804,1,0.2,4.0,augmented_13view_rf,23,50,50
CHEMBL1941,35804,1,0.2,6.0,score_cap1,23,50,50
CHEMBL1941,35804,1,0.2,6.0,chemdep_cal,23,50,50
CHEMBL1941,35804,1,0.2,6.0,multi_fp_rf,23,50,50
CHEMBL1941,35804,1,0.2,6.0,augmented_13view_rf,23,50,50
CHEMBL1941,35804,1,0.3,4.0,score_cap1,23,50,50
CHEMBL1941,35804,1,0.3,4.0,chemdep_cal,23,50,50
CHEMBL1941,35804,1,0.3,4.0,multi_fp_rf,23,50,50
CHEMBL1941,35804,1,0.3,4.0,augmented_13view_rf,23,50,50
CHEMBL1941,35804,1,0.3,6.0,score_cap1,23,50,50
CHEMBL1941,35804,1,0.3,6.0,chemdep_cal,23,50,50
CHEMBL1941,35804,1,0.3,6.0,multi_fp_rf,23,50,50
CHEMBL1941,35804,1,0.3,6.0,augmented_13view_rf,23,50,50
CHEMBL1941,35804,2,0.2,4.0,score_cap1,23,50,50
CHEMBL1941,35804,2,0.2,4.0,chemdep_cal,23,50,50
CHEMBL1941,35804,2,0.2,4.0,multi_fp_rf,23,50,50
CHEMBL1941,35804,2,0.2,4.0,augmented_13view_rf,23,50,50
CHEMBL1941,35804,2,0.2,6.0,score_cap1,23,50,50
CHEMBL1941,35804,2,0.2,6.0,chemdep_cal,23,50,50
CHEMBL1941,35804,2,0.2,6.0,multi_fp_rf,23,50,50
CHEMBL1941,35804,2,0.2,6.0,augmented_13view_rf,23,50,50
CHEMBL1941,35804,2,0.3,4.0,score_cap1,23,50,50
CHEMBL1941,35804,2,0.3,4.0,chemdep_cal,23,50,50
CHEMBL1941,35804,2,0.3,4.0,multi_fp_rf,23,50,50
CHEMBL1941,35804,2,0.3,4.0,augmented_13view_rf,23,50,50
CHEMBL1941,35804,2,0.3,6.0,score_cap1,23,50,50
CHEMBL1941,35804,2,0.3,6.0,chemdep_cal,23,50,50
CHEMBL1941,35804,2,0.3,6.0,multi_fp_rf,23,50,50
CHEMBL1941,35804,2,0.3,6.0,augmented_13view_rf,23,50,50
CHEMBL1941,35804,3,0.2,4.0,score_cap1,23,50,50
CHEMBL1941,35804,3,0.2,4.0,chemdep_cal,23,50,50
CHEMBL1941,35804,3,0.2,4.0,multi_fp_rf,23,50,50
CHEMBL1941,35804,3,0.2,4.0,augmented_13view_rf,23,50,50
CHEMBL1941,35804,3,0.2,6.0,score_cap1,23,50,50
CHEMBL1941,35804,3,0.2,6.0,chemdep_cal,23,50,50
CHEMBL1941,35804,3,0.2,6.0,multi_fp_rf,23,50,50
CHEMBL1941,35804,3,0.2,6.0,augmented_13view_rf,23,50,50
CHEMBL1941,35804,3,0.3,4.0,score_cap1,23,50,50
CHEMBL1941,35804,3,0.3,4.0,chemdep_cal,23,50,50
CHEMBL1941,35804,3,0.3,4.0,multi_fp_rf,23,50,50
CHEMBL1941,35804,3,0.3,4.0,augmented_13view_rf,23,50,50
CHEMBL1941,35804,3,0.3,6.0,score_cap1,23,50,50
CHEMBL1941,35804,3,0.3,6.0,chemdep_cal,23,50,50
CHEMBL1941,35804,3,0.3,6.0,multi_fp_rf,23,50,50
CHEMBL1941,35804,3,0.3,6.0,augmented_13view_rf,23,50,50
CHEMBL1941,35804,4,0.2,4.0,score_cap1,23,50,50
CHEMBL1941,35804,4,0.2,4.0,chemdep_cal,23,50,50
CHEMBL1941,35804,4,0.2,4.0,multi_fp_rf,23,50,50
CHEMBL1941,35804,4,0.2,4.0,augmented_13view_rf,23,50,50
CHEMBL1941,35804,4,0.2,6.0,score_cap1,23,50,50
CHEMBL1941,35804,4,0.2,6.0,chemdep_cal,23,50,50
CHEMBL1941,35804,4,0.2,6.0,multi_fp_rf,23,50,50
CHEMBL1941,35804,4,0.2,6.0,augmented_13view_rf,23,50,50
CHEMBL1941,35804,4,0.3,4.0,score_cap1,23,50,50
CHEMBL1941,35804,4,0.3,4.0,chemdep_cal,23,50,50
CHEMBL1941,35804,4,0.3,4.0,multi_fp_rf,23,50,50
CHEMBL1941,35804,4,0.3,4.0,augmented_13view_rf,23,50,50
CHEMBL1941,35804,4,0.3,6.0,score_cap1,23,50,50
CHEMBL1941,35804,4,0.3,6.0,chemdep_cal,23,50,50
CHEMBL1941,35804,4,0.3,6.0,multi_fp_rf,23,50,50
CHEMBL1941,35804,4,0.3,6.0,augmented_13view_rf,23,50,50
CHEMBL1941,35804,5,0.2,4.0,score_cap1,23,50,50
CHEMBL1941,35804,5,0.2,4.0,chemdep_cal,23,50,50
CHEMBL1941,35804,5,0.2,4.0,multi_fp_rf,23,50,50
CHEMBL1941,35804,5,0.2,4.0,augmented_13view_rf,23,50,50
CHEMBL1941,35804,5,0.2,6.0,score_cap1,23,50,50
CHEMBL1941,35804,5,0.2,6.0,chemdep_cal,23,50,50
CHEMBL1941,35804,5,0.2,6.0,multi_fp_rf,23,50,50
CHEMBL1941,35804,5,0.2,6.0,augmented_13view_rf,23,50,50
CHEMBL1941,35804,5,0.3,4.0,score_cap1,23,50,50
CHEMBL1941,35804,5,0.3,4.0,chemdep_cal,23,50,50
CHEMBL1941,35804,5,0.3,4.0,multi_fp_rf,23,50,50
CHEMBL1941,35804,5,0.3,4.0,augmented_13view_rf,23,50,50
CHEMBL1941,35804,5,0.3,6.0,score_cap1,23,50,50
CHEMBL1941,35804,5,0.3,6.0,chemdep_cal,23,50,50
CHEMBL1941,35804,5,0.3,6.0,multi_fp_rf,23,50,50
CHEMBL1941,35804,5,0.3,6.0,augmented_13view_rf,23,50,50
CHEMBL1941,35804,6,0.2,4.0,score_cap1,23,50,50
CHEMBL1941,35804,6,0.2,4.0,chemdep_cal,23,50,50
CHEMBL1941,35804,6,0.2,4.0,multi_fp_rf,23,50,50
CHEMBL1941,35804,6,0.2,4.0,augmented_13view_rf,23,50,50
CHEMBL1941,35804,6,0.2,6.0,score_cap1,23,50,50
CHEMBL1941,35804,6,0.2,6.0,chemdep_cal,23,50,50
CHEMBL1941,35804,6,0.2,6.0,multi_fp_rf,23,50,50
CHEMBL1941,35804,6,0.2,6.0,augmented_13view_rf,23,50,50
CHEMBL1941,35804,6,0.3,4.0,score_cap1,23,50,50
CHEMBL1941,35804,6,0.3,4.0,chemdep_cal,23,50,50
CHEMBL1941,35804,6,0.3,4.0,multi_fp_rf,23,50,50
CHEMBL1941,35804,6,0.3,4.0,augmented_13view_rf,23,50,50
CHEMBL1941,35804,6,0.3,6.0,score_cap1,23,50,50
CHEMBL1941,35804,6,0.3,6.0,chemdep_cal,23,50,50
CHEMBL1941,35804,6,0.3,6.0,multi_fp_rf,23,50,50
CHEMBL1941,35804,6,0.3,6.0,augmented_13view_rf,23,50,50
CHEMBL1941,35804,7,0.2,4.0,score_cap1,23,50,50
CHEMBL1941,35804,7,0.2,4.0,chemdep_cal,23,50,50
CHEMBL1941,35804,7,0.2,4.0,multi_fp_rf,23,50,50
CHEMBL1941,35804,7,0.2,4.0,augmented_13view_rf,23,50,50
CHEMBL1941,35804,7,0.2,6.0,score_cap1,23,50,50
CHEMBL1941,35804,7,0.2,6.0,chemdep_cal,23,50,50
CHEMBL1941,35804,7,0.2,6.0,multi_fp_rf,23,50,50
CHEMBL1941,35804,7,0.2,6.0,augmented_13view_rf,23,50,50
CHEMBL1941,35804,7,0.3,4.0,score_cap1,23,50,50
CHEMBL1941,35804,7,0.3,4.0,chemdep_cal,23,50,50
CHEMBL1941,35804,7,0.3,4.0,multi_fp_rf,23,50,50
CHEMBL1941,35804,7,0.3,4.0,augmented_13view_rf,23,50,50
CHEMBL1941,35804,7,0.3,6.0,score_cap1,23,50,50
CHEMBL1941,35804,7,0.3,6.0,chemdep_cal,23,50,50
CHEMBL1941,35804,7,0.3,6.0,multi_fp_rf,23,50,50
CHEMBL1941,35804,7,0.3,6.0,augmented_13view_rf,23,50,50
CHEMBL1941,35804,8,0.2,4.0,score_cap1,23,50,50
CHEMBL1941,35804,8,0.2,4.0,chemdep_cal,23,50,50
CHEMBL1941,35804,8,0.2,4.0,multi_fp_rf,23,50,50
CHEMBL1941,35804,8,0.2,4.0,augmented_13view_rf,23,50,50
CHEMBL1941,35804,8,0.2,6.0,score_cap1,23,50,50
CHEMBL1941,35804,8,0.2,6.0,chemdep_cal,23,50,50
CHEMBL1941,35804,8,0.2,6.0,multi_fp_rf,23,50,50
CHEMBL1941,35804,8,0.2,6.0,augmented_13view_rf,23,50,50
CHEMBL1941,35804,8,0.3,4.0,score_cap1,23,50,50
CHEMBL1941,35804,8,0.3,4.0,chemdep_cal,23,50,50
CHEMBL1941,35804,8,0.3,4.0,multi_fp_rf,23,50,50
CHEMBL1941,35804,8,0.3,4.0,augmented_13view_rf,23,50,50
CHEMBL1941,35804,8,0.3,6.0,score_cap1,23,50,50
CHEMBL1941,35804,8,0.3,6.0,chemdep_cal,23,50,50
CHEMBL1941,35804,8,0.3,6.0,multi_fp_rf,23,50,50
CHEMBL1941,35804,8,0.3,6.0,augmented_13view_rf,23,50,50
CHEMBL1941,35804,9,0.2,4.0,score_cap1,23,50,50
CHEMBL1941,35804,9,0.2,4.0,chemdep_cal,23,50,50
CHEMBL1941,35804,9,0.2,4.0,multi_fp_rf,23,50,50
CHEMBL1941,35804,9,0.2,4.0,augmented_13view_rf,23,50,50
CHEMBL1941,35804,9,0.2,6.0,score_cap1,23,50,50
CHEMBL1941,35804,9,0.2,6.0,chemdep_cal,23,50,50
CHEMBL1941,35804,9,0.2,6.0,multi_fp_rf,23,50,50
CHEMBL1941,35804,9,0.2,6.0,augmented_13view_rf,23,50,50
CHEMBL1941,35804,9,0.3,4.0,score_cap1,23,50,50
CHEMBL1941,35804,9,0.3,4.0,chemdep_cal,23,50,50
CHEMBL1941,35804,9,0.3,4.0,multi_fp_rf,23,50,50
CHEMBL1941,35804,9,0.3,4.0,augmented_13view_rf,23,50,50
CHEMBL1941,35804,9,0.3,6.0,score_cap1,23,50,50
CHEMBL1941,35804,9,0.3,6.0,chemdep_cal,23,50,50
CHEMBL1941,35804,9,0.3,6.0,multi_fp_rf,23,50,50
CHEMBL1941,35804,9,0.3,6.0,augmented_13view_rf,23,50,50
CHEMBL1942,35804,0,0.2,4.0,score_cap1,22,50,50
CHEMBL1942,35804,0,0.2,4.0,chemdep_cal,22,50,50
CHEMBL1942,35804,0,0.2,4.0,multi_fp_rf,22,50,50
CHEMBL1942,35804,0,0.2,4.0,augmented_13view_rf,22,50,50
CHEMBL1942,35804,0,0.2,6.0,score_cap1,22,50,50
CHEMBL1942,35804,0,0.2,6.0,chemdep_cal,22,50,50
CHEMBL1942,35804,0,0.2,6.0,multi_fp_rf,22,50,50
CHEMBL1942,35804,0,0.2,6.0,augmented_13view_rf,22,50,50
CHEMBL1942,35804,0,0.3,4.0,score_cap1,22,50,50
CHEMBL1942,35804,0,0.3,4.0,chemdep_cal,22,50,50
CHEMBL1942,35804,0,0.3,4.0,multi_fp_rf,22,50,50
CHEMBL1942,35804,0,0.3,4.0,augmented_13view_rf,22,50,50
CHEMBL1942,35804,0,0.3,6.0,score_cap1,22,50,50
CHEMBL1942,35804,0,0.3,6.0,chemdep_cal,22,50,50
CHEMBL1942,35804,0,0.3,6.0,multi_fp_rf,22,50,50
CHEMBL1942,35804,0,0.3,6.0,augmented_13view_rf,22,50,50
CHEMBL1942,35804,1,0.2,4.0,score_cap1,22,50,50
CHEMBL1942,35804,1,0.2,4.0,chemdep_cal,22,50,50
CHEMBL1942,35804,1,0.2,4.0,multi_fp_rf,22,50,50
CHEMBL1942,35804,1,0.2,4.0,augmented_13view_rf,22,50,50
CHEMBL1942,35804,1,0.2,6.0,score_cap1,22,50,50
CHEMBL1942,35804,1,0.2,6.0,chemdep_cal,22,50,50
CHEMBL1942,35804,1,0.2,6.0,multi_fp_rf,22,50,50
CHEMBL1942,35804,1,0.2,6.0,augmented_13view_rf,22,50,50
CHEMBL1942,35804,1,0.3,4.0,score_cap1,22,50,50
CHEMBL1942,35804,1,0.3,4.0,chemdep_cal,22,50,50
CHEMBL1942,35804,1,0.3,4.0,multi_fp_rf,22,50,50
CHEMBL1942,35804,1,0.3,4.0,augmented_13view_rf,22,50,50
CHEMBL1942,35804,1,0.3,6.0,score_cap1,22,50,50
CHEMBL1942,35804,1,0.3,6.0,chemdep_cal,22,50,50
CHEMBL1942,35804,1,0.3,6.0,multi_fp_rf,22,50,50
CHEMBL1942,35804,1,0.3,6.0,augmented_13view_rf,22,50,50
CHEMBL1942,35804,2,0.2,4.0,score_cap1,22,50,50
CHEMBL1942,35804,2,0.2,4.0,chemdep_cal,22,50,50
CHEMBL1942,35804,2,0.2,4.0,multi_fp_rf,22,50,50
CHEMBL1942,35804,2,0.2,4.0,augmented_13view_rf,22,50,50
CHEMBL1942,35804,2,0.2,6.0,score_cap1,22,50,50
CHEMBL1942,35804,2,0.2,6.0,chemdep_cal,22,50,50
CHEMBL1942,35804,2,0.2,6.0,multi_fp_rf,22,50,50
CHEMBL1942,35804,2,0.2,6.0,augmented_13view_rf,22,50,50
CHEMBL1942,35804,2,0.3,4.0,score_cap1,22,50,50
CHEMBL1942,35804,2,0.3,4.0,chemdep_cal,22,50,50
CHEMBL1942,35804,2,0.3,4.0,multi_fp_rf,22,50,50
CHEMBL1942,35804,2,0.3,4.0,augmented_13view_rf,22,50,50
CHEMBL1942,35804,2,0.3,6.0,score_cap1,22,50,50
CHEMBL1942,35804,2,0.3,6.0,chemdep_cal,22,50,50
CHEMBL1942,35804,2,0.3,6.0,multi_fp_rf,22,50,50
CHEMBL1942,35804,2,0.3,6.0,augmented_13view_rf,22,50,50
CHEMBL1942,35804,3,0.2,4.0,score_cap1,22,50,50
CHEMBL1942,35804,3,0.2,4.0,chemdep_cal,22,50,50
CHEMBL1942,35804,3,0.2,4.0,multi_fp_rf,22,50,50
CHEMBL1942,35804,3,0.2,4.0,augmented_13view_rf,22,50,50
CHEMBL1942,35804,3,0.2,6.0,score_cap1,22,50,50
CHEMBL1942,35804,3,0.2,6.0,chemdep_cal,22,50,50
CHEMBL1942,35804,3,0.2,6.0,multi_fp_rf,22,50,50
CHEMBL1942,35804,3,0.2,6.0,augmented_13view_rf,22,50,50
CHEMBL1942,35804,3,0.3,4.0,score_cap1,22,50,50
CHEMBL1942,35804,3,0.3,4.0,chemdep_cal,22,50,50
CHEMBL1942,35804,3,0.3,4.0,multi_fp_rf,22,50,50
CHEMBL1942,35804,3,0.3,4.0,augmented_13view_rf,22,50,50
CHEMBL1942,35804,3,0.3,6.0,score_cap1,22,50,50
CHEMBL1942,35804,3,0.3,6.0,chemdep_cal,22,50,50
CHEMBL1942,35804,3,0.3,6.0,multi_fp_rf,22,50,50
CHEMBL1942,35804,3,0.3,6.0,augmented_13view_rf,22,50,50
CHEMBL1942,35804,4,0.2,4.0,score_cap1,22,50,50
CHEMBL1942,35804,4,0.2,4.0,chemdep_cal,22,50,50
CHEMBL1942,35804,4,0.2,4.0,multi_fp_rf,22,50,50
CHEMBL1942,35804,4,0.2,4.0,augmented_13view_rf,22,50,50
CHEMBL1942,35804,4,0.2,6.0,score_cap1,22,50,50
CHEMBL1942,35804,4,0.2,6.0,chemdep_cal,22,50,50
CHEMBL1942,35804,4,0.2,6.0,multi_fp_rf,22,50,50
CHEMBL1942,35804,4,0.2,6.0,augmented_13view_rf,22,50,50
CHEMBL1942,35804,4,0.3,4.0,score_cap1,22,50,50
CHEMBL1942,35804,4,0.3,4.0,chemdep_cal,22,50,50
CHEMBL1942,35804,4,0.3,4.0,multi_fp_rf,22,50,50
CHEMBL1942,35804,4,0.3,4.0,augmented_13view_rf,22,50,50
CHEMBL1942,35804,4,0.3,6.0,score_cap1,22,50,50
CHEMBL1942,35804,4,0.3,6.0,chemdep_cal,22,50,50
CHEMBL1942,35804,4,0.3,6.0,multi_fp_rf,22,50,50
CHEMBL1942,35804,4,0.3,6.0,augmented_13view_rf,22,50,50
CHEMBL1942,35804,5,0.2,4.0,score_cap1,22,50,50
CHEMBL1942,35804,5,0.2,4.0,chemdep_cal,22,50,50
CHEMBL1942,35804,5,0.2,4.0,multi_fp_rf,22,50,50
CHEMBL1942,35804,5,0.2,4.0,augmented_13view_rf,22,50,50
CHEMBL1942,35804,5,0.2,6.0,score_cap1,22,50,50
CHEMBL1942,35804,5,0.2,6.0,chemdep_cal,22,50,50
CHEMBL1942,35804,5,0.2,6.0,multi_fp_rf,22,50,50
CHEMBL1942,35804,5,0.2,6.0,augmented_13view_rf,22,50,50
CHEMBL1942,35804,5,0.3,4.0,score_cap1,22,50,50
CHEMBL1942,35804,5,0.3,4.0,chemdep_cal,22,50,50
CHEMBL1942,35804,5,0.3,4.0,multi_fp_rf,22,50,50
CHEMBL1942,35804,5,0.3,4.0,augmented_13view_rf,22,50,50
CHEMBL1942,35804,5,0.3,6.0,score_cap1,22,50,50
CHEMBL1942,35804,5,0.3,6.0,chemdep_cal,22,50,50
CHEMBL1942,35804,5,0.3,6.0,multi_fp_rf,22,50,50
CHEMBL1942,35804,5,0.3,6.0,augmented_13view_rf,22,50,50
CHEMBL1942,35804,6,0.2,4.0,score_cap1,22,50,50
CHEMBL1942,35804,6,0.2,4.0,chemdep_cal,22,50,50
CHEMBL1942,35804,6,0.2,4.0,multi_fp_rf,22,50,50
CHEMBL1942,35804,6,0.2,4.0,augmented_13view_rf,22,50,50
CHEMBL1942,35804,6,0.2,6.0,score_cap1,22,50,50
CHEMBL1942,35804,6,0.2,6.0,chemdep_cal,22,50,50
CHEMBL1942,35804,6,0.2,6.0,multi_fp_rf,22,50,50
CHEMBL1942,35804,6,0.2,6.0,augmented_13view_rf,22,50,50
CHEMBL1942,35804,6,0.3,4.0,score_cap1,22,50,50
CHEMBL1942,35804,6,0.3,4.0,chemdep_cal,22,50,50
CHEMBL1942,35804,6,0.3,4.0,multi_fp_rf,22,50,50
CHEMBL1942,35804,6,0.3,4.0,augmented_13view_rf,22,50,50
CHEMBL1942,35804,6,0.3,6.0,score_cap1,22,50,50
CHEMBL1942,35804,6,0.3,6.0,chemdep_cal,22,50,50
CHEMBL1942,35804,6,0.3,6.0,multi_fp_rf,22,50,50
CHEMBL1942,35804,6,0.3,6.0,augmented_13view_rf,22,50,50
CHEMBL1942,35804,7,0.2,4.0,score_cap1,22,50,50
CHEMBL1942,35804,7,0.2,4.0,chemdep_cal,22,50,50
CHEMBL1942,35804,7,0.2,4.0,multi_fp_rf,22,50,50
CHEMBL1942,35804,7,0.2,4.0,augmented_13view_rf,22,50,50
CHEMBL1942,35804,7,0.2,6.0,score_cap1,22,50,50
CHEMBL1942,35804,7,0.2,6.0,chemdep_cal,22,50,50
CHEMBL1942,35804,7,0.2,6.0,multi_fp_rf,22,50,50
CHEMBL1942,35804,7,0.2,6.0,augmented_13view_rf,22,50,50
CHEMBL1942,35804,7,0.3,4.0,score_cap1,22,50,50
CHEMBL1942,35804,7,0.3,4.0,chemdep_cal,22,50,50
CHEMBL1942,35804,7,0.3,4.0,multi_fp_rf,22,50,50
CHEMBL1942,35804,7,0.3,4.0,augmented_13view_rf,22,50,50
CHEMBL1942,35804,7,0.3,6.0,score_cap1,22,50,50
CHEMBL1942,35804,7,0.3,6.0,chemdep_cal,22,50,50
CHEMBL1942,35804,7,0.3,6.0,multi_fp_rf,22,50,50
CHEMBL1942,35804,7,0.3,6.0,augmented_13view_rf,22,50,50
CHEMBL1942,35804,8,0.2,4.0,score_cap1,22,50,50
CHEMBL1942,35804,8,0.2,4.0,chemdep_cal,22,50,50
CHEMBL1942,35804,8,0.2,4.0,multi_fp_rf,22,50,50
CHEMBL1942,35804,8,0.2,4.0,augmented_13view_rf,22,50,50
CHEMBL1942,35804,8,0.2,6.0,score_cap1,22,50,50
CHEMBL1942,35804,8,0.2,6.0,chemdep_cal,22,50,50
CHEMBL1942,35804,8,0.2,6.0,multi_fp_rf,22,50,50
CHEMBL1942,35804,8,0.2,6.0,augmented_13view_rf,22,50,50
CHEMBL1942,35804,8,0.3,4.0,score_cap1,22,50,50
CHEMBL1942,35804,8,0.3,4.0,chemdep_cal,22,50,50
CHEMBL1942,35804,8,0.3,4.0,multi_fp_rf,22,50,50
CHEMBL1942,35804,8,0.3,4.0,augmented_13view_rf,22,50,50
CHEMBL1942,35804,8,0.3,6.0,score_cap1,22,50,50
CHEMBL1942,35804,8,0.3,6.0,chemdep_cal,22,50,50
CHEMBL1942,35804,8,0.3,6.0,multi_fp_rf,22,50,50
CHEMBL1942,35804,8,0.3,6.0,augmented_13view_rf,22,50,50
CHEMBL1942,35804,9,0.2,4.0,score_cap1,22,50,50
CHEMBL1942,35804,9,0.2,4.0,chemdep_cal,22,50,50
CHEMBL1942,35804,9,0.2,4.0,multi_fp_rf,22,50,50
CHEMBL1942,35804,9,0.2,4.0,augmented_13view_rf,22,50,50
CHEMBL1942,35804,9,0.2,6.0,score_cap1,22,50,50
CHEMBL1942,35804,9,0.2,6.0,chemdep_cal,22,50,50
CHEMBL1942,35804,9,0.2,6.0,multi_fp_rf,22,50,50
CHEMBL1942,35804,9,0.2,6.0,augmented_13view_rf,22,50,50
CHEMBL1942,35804,9,0.3,4.0,score_cap1,22,50,50
CHEMBL1942,35804,9,0.3,4.0,chemdep_cal,22,50,50
CHEMBL1942,35804,9,0.3,4.0,multi_fp_rf,22,50,50
CHEMBL1942,35804,9,0.3,4.0,augmented_13view_rf,22,50,50
CHEMBL1942,35804,9,0.3,6.0,score_cap1,22,50,50
CHEMBL1942,35804,9,0.3,6.0,chemdep_cal,22,50,50
CHEMBL1942,35804,9,0.3,6.0,multi_fp_rf,22,50,50
CHEMBL1942,35804,9,0.3,6.0,augmented_13view_rf,22,50,50
CHEMBL1951,35804,0,0.2,4.0,score_cap1,13,50,50
CHEMBL1951,35804,0,0.2,4.0,chemdep_cal,17,50,50
CHEMBL1951,35804,0,0.2,4.0,multi_fp_rf,14,50,50
CHEMBL1951,35804,0,0.2,4.0,augmented_13view_rf,15,50,50
CHEMBL1951,35804,0,0.2,6.0,score_cap1,13,50,50
CHEMBL1951,35804,0,0.2,6.0,chemdep_cal,19,50,50
CHEMBL1951,35804,0,0.2,6.0,multi_fp_rf,14,50,50
CHEMBL1951,35804,0,0.2,6.0,augmented_13view_rf,15,50,50
CHEMBL1951,35804,0,0.3,4.0,score_cap1,13,50,50
CHEMBL1951,35804,0,0.3,4.0,chemdep_cal,16,50,50
CHEMBL1951,35804,0,0.3,4.0,multi_fp_rf,14,50,50
CHEMBL1951,35804,0,0.3,4.0,augmented_13view_rf,14,50,50
CHEMBL1951,35804,0,0.3,6.0,score_cap1,13,50,50
CHEMBL1951,35804,0,0.3,6.0,chemdep_cal,18,50,50
CHEMBL1951,35804,0,0.3,6.0,multi_fp_rf,14,50,50
CHEMBL1951,35804,0,0.3,6.0,augmented_13view_rf,14,50,50
CHEMBL1951,35804,1,0.2,4.0,score_cap1,15,50,50
CHEMBL1951,35804,1,0.2,4.0,chemdep_cal,17,50,50
CHEMBL1951,35804,1,0.2,4.0,multi_fp_rf,16,50,50
CHEMBL1951,35804,1,0.2,4.0,augmented_13view_rf,14,50,50
CHEMBL1951,35804,1,0.2,6.0,score_cap1,15,50,50
CHEMBL1951,35804,1,0.2,6.0,chemdep_cal,19,50,50
CHEMBL1951,35804,1,0.2,6.0,multi_fp_rf,16,50,50
CHEMBL1951,35804,1,0.2,6.0,augmented_13view_rf,14,50,50
CHEMBL1951,35804,1,0.3,4.0,score_cap1,14,50,50
CHEMBL1951,35804,1,0.3,4.0,chemdep_cal,17,50,50
CHEMBL1951,35804,1,0.3,4.0,multi_fp_rf,16,50,50
CHEMBL1951,35804,1,0.3,4.0,augmented_13view_rf,15,50,50
CHEMBL1951,35804,1,0.3,6.0,score_cap1,14,50,50
CHEMBL1951,35804,1,0.3,6.0,chemdep_cal,18,50,50
CHEMBL1951,35804,1,0.3,6.0,multi_fp_rf,16,50,50
CHEMBL1951,35804,1,0.3,6.0,augmented_13view_rf,15,50,50
CHEMBL1951,35804,2,0.2,4.0,score_cap1,15,50,50
CHEMBL1951,35804,2,0.2,4.0,chemdep_cal,17,50,50
CHEMBL1951,35804,2,0.2,4.0,multi_fp_rf,16,50,50
CHEMBL1951,35804,2,0.2,4.0,augmented_13view_rf,15,50,50
CHEMBL1951,35804,2,0.2,6.0,score_cap1,15,50,50
CHEMBL1951,35804,2,0.2,6.0,chemdep_cal,18,50,50
CHEMBL1951,35804,2,0.2,6.0,multi_fp_rf,16,50,50
CHEMBL1951,35804,2,0.2,6.0,augmented_13view_rf,15,50,50
CHEMBL1951,35804,2,0.3,4.0,score_cap1,12,50,50
CHEMBL1951,35804,2,0.3,4.0,chemdep_cal,17,50,50
CHEMBL1951,35804,2,0.3,4.0,multi_fp_rf,15,50,50
CHEMBL1951,35804,2,0.3,4.0,augmented_13view_rf,15,50,50
CHEMBL1951,35804,2,0.3,6.0,score_cap1,12,50,50
CHEMBL1951,35804,2,0.3,6.0,chemdep_cal,18,50,50
CHEMBL1951,35804,2,0.3,6.0,multi_fp_rf,15,50,50
CHEMBL1951,35804,2,0.3,6.0,augmented_13view_rf,15,50,50
CHEMBL1951,35804,3,0.2,4.0,score_cap1,15,50,50
CHEMBL1951,35804,3,0.2,4.0,chemdep_cal,17,50,50
CHEMBL1951,35804,3,0.2,4.0,multi_fp_rf,16,50,50
CHEMBL1951,35804,3,0.2,4.0,augmented_13view_rf,15,50,50
CHEMBL1951,35804,3,0.2,6.0,score_cap1,15,50,50
CHEMBL1951,35804,3,0.2,6.0,chemdep_cal,19,50,50
CHEMBL1951,35804,3,0.2,6.0,multi_fp_rf,16,50,50
CHEMBL1951,35804,3,0.2,6.0,augmented_13view_rf,15,50,50
CHEMBL1951,35804,3,0.3,4.0,score_cap1,14,50,50
CHEMBL1951,35804,3,0.3,4.0,chemdep_cal,16,50,50
CHEMBL1951,35804,3,0.3,4.0,multi_fp_rf,16,50,50
CHEMBL1951,35804,3,0.3,4.0,augmented_13view_rf,14,50,50
CHEMBL1951,35804,3,0.3,6.0,score_cap1,14,50,50
CHEMBL1951,35804,3,0.3,6.0,chemdep_cal,18,50,50
CHEMBL1951,35804,3,0.3,6.0,multi_fp_rf,16,50,50
CHEMBL1951,35804,3,0.3,6.0,augmented_13view_rf,14,50,50
CHEMBL1951,35804,4,0.2,4.0,score_cap1,13,50,50
CHEMBL1951,35804,4,0.2,4.0,chemdep_cal,18,50,50
CHEMBL1951,35804,4,0.2,4.0,multi_fp_rf,14,50,50
CHEMBL1951,35804,4,0.2,4.0,augmented_13view_rf,15,50,50
CHEMBL1951,35804,4,0.2,6.0,score_cap1,13,50,50
CHEMBL1951,35804,4,0.2,6.0,chemdep_cal,18,50,50
CHEMBL1951,35804,4,0.2,6.0,multi_fp_rf,14,50,50
CHEMBL1951,35804,4,0.2,6.0,augmented_13view_rf,15,50,50
CHEMBL1951,35804,4,0.3,4.0,score_cap1,13,50,50
CHEMBL1951,35804,4,0.3,4.0,chemdep_cal,17,50,50
CHEMBL1951,35804,4,0.3,4.0,multi_fp_rf,15,50,50
CHEMBL1951,35804,4,0.3,4.0,augmented_13view_rf,14,50,50
CHEMBL1951,35804,4,0.3,6.0,score_cap1,13,50,50
CHEMBL1951,35804,4,0.3,6.0,chemdep_cal,17,50,50
CHEMBL1951,35804,4,0.3,6.0,multi_fp_rf,15,50,50
CHEMBL1951,35804,4,0.3,6.0,augmented_13view_rf,14,50,50
CHEMBL1951,35804,5,0.2,4.0,score_cap1,13,50,50
CHEMBL1951,35804,5,0.2,4.0,chemdep_cal,16,50,50
CHEMBL1951,35804,5,0.2,4.0,multi_fp_rf,15,50,50
CHEMBL1951,35804,5,0.2,4.0,augmented_13view_rf,15,50,50
CHEMBL1951,35804,5,0.2,6.0,score_cap1,13,50,50
CHEMBL1951,35804,5,0.2,6.0,chemdep_cal,17,50,50
CHEMBL1951,35804,5,0.2,6.0,multi_fp_rf,15,50,50
CHEMBL1951,35804,5,0.2,6.0,augmented_13view_rf,15,50,50
CHEMBL1951,35804,5,0.3,4.0,score_cap1,12,50,50
CHEMBL1951,35804,5,0.3,4.0,chemdep_cal,20,50,50
CHEMBL1951,35804,5,0.3,4.0,multi_fp_rf,13,50,50
CHEMBL1951,35804,5,0.3,4.0,augmented_13view_rf,15,50,50
CHEMBL1951,35804,5,0.3,6.0,score_cap1,12,50,50
CHEMBL1951,35804,5,0.3,6.0,chemdep_cal,20,50,50
CHEMBL1951,35804,5,0.3,6.0,multi_fp_rf,13,50,50
CHEMBL1951,35804,5,0.3,6.0,augmented_13view_rf,15,50,50
CHEMBL1951,35804,6,0.2,4.0,score_cap1,14,50,50
CHEMBL1951,35804,6,0.2,4.0,chemdep_cal,19,50,50
CHEMBL1951,35804,6,0.2,4.0,multi_fp_rf,15,50,50
CHEMBL1951,35804,6,0.2,4.0,augmented_13view_rf,15,50,50
CHEMBL1951,35804,6,0.2,6.0,score_cap1,14,50,50
CHEMBL1951,35804,6,0.2,6.0,chemdep_cal,19,50,50
CHEMBL1951,35804,6,0.2,6.0,multi_fp_rf,15,50,50
CHEMBL1951,35804,6,0.2,6.0,augmented_13view_rf,15,50,50
CHEMBL1951,35804,6,0.3,4.0,score_cap1,12,50,50
CHEMBL1951,35804,6,0.3,4.0,chemdep_cal,17,50,50
CHEMBL1951,35804,6,0.3,4.0,multi_fp_rf,15,50,50
CHEMBL1951,35804,6,0.3,4.0,augmented_13view_rf,15,50,50
CHEMBL1951,35804,6,0.3,6.0,score_cap1,12,50,50
CHEMBL1951,35804,6,0.3,6.0,chemdep_cal,18,50,50
CHEMBL1951,35804,6,0.3,6.0,multi_fp_rf,15,50,50
CHEMBL1951,35804,6,0.3,6.0,augmented_13view_rf,15,50,50
CHEMBL1951,35804,7,0.2,4.0,score_cap1,14,50,50
CHEMBL1951,35804,7,0.2,4.0,chemdep_cal,18,50,50
CHEMBL1951,35804,7,0.2,4.0,multi_fp_rf,15,50,50
CHEMBL1951,35804,7,0.2,4.0,augmented_13view_rf,15,50,50
CHEMBL1951,35804,7,0.2,6.0,score_cap1,14,50,50
CHEMBL1951,35804,7,0.2,6.0,chemdep_cal,19,50,50
CHEMBL1951,35804,7,0.2,6.0,multi_fp_rf,15,50,50
CHEMBL1951,35804,7,0.2,6.0,augmented_13view_rf,15,50,50
CHEMBL1951,35804,7,0.3,4.0,score_cap1,13,50,50
CHEMBL1951,35804,7,0.3,4.0,chemdep_cal,17,50,50
CHEMBL1951,35804,7,0.3,4.0,multi_fp_rf,15,50,50
CHEMBL1951,35804,7,0.3,4.0,augmented_13view_rf,15,50,50
CHEMBL1951,35804,7,0.3,6.0,score_cap1,13,50,50
CHEMBL1951,35804,7,0.3,6.0,chemdep_cal,18,50,50
CHEMBL1951,35804,7,0.3,6.0,multi_fp_rf,15,50,50
CHEMBL1951,35804,7,0.3,6.0,augmented_13view_rf,15,50,50
CHEMBL1951,35804,8,0.2,4.0,score_cap1,16,50,50
CHEMBL1951,35804,8,0.2,4.0,chemdep_cal,18,50,50
CHEMBL1951,35804,8,0.2,4.0,multi_fp_rf,16,50,50
CHEMBL1951,35804,8,0.2,4.0,augmented_13view_rf,15,50,50
CHEMBL1951,35804,8,0.2,6.0,score_cap1,16,50,50
CHEMBL1951,35804,8,0.2,6.0,chemdep_cal,18,50,50
CHEMBL1951,35804,8,0.2,6.0,multi_fp_rf,16,50,50
CHEMBL1951,35804,8,0.2,6.0,augmented_13view_rf,15,50,50
CHEMBL1951,35804,8,0.3,4.0,score_cap1,13,50,50
CHEMBL1951,35804,8,0.3,4.0,chemdep_cal,18,50,50
CHEMBL1951,35804,8,0.3,4.0,multi_fp_rf,14,50,50
CHEMBL1951,35804,8,0.3,4.0,augmented_13view_rf,14,50,50
CHEMBL1951,35804,8,0.3,6.0,score_cap1,13,50,50
CHEMBL1951,35804,8,0.3,6.0,chemdep_cal,20,50,50
CHEMBL1951,35804,8,0.3,6.0,multi_fp_rf,14,50,50
CHEMBL1951,35804,8,0.3,6.0,augmented_13view_rf,14,50,50
CHEMBL1951,35804,9,0.2,4.0,score_cap1,15,50,50
CHEMBL1951,35804,9,0.2,4.0,chemdep_cal,17,50,50
CHEMBL1951,35804,9,0.2,4.0,multi_fp_rf,16,50,50
CHEMBL1951,35804,9,0.2,4.0,augmented_13view_rf,15,50,50
CHEMBL1951,35804,9,0.2,6.0,score_cap1,15,50,50
CHEMBL1951,35804,9,0.2,6.0,chemdep_cal,19,50,50
CHEMBL1951,35804,9,0.2,6.0,multi_fp_rf,16,50,50
CHEMBL1951,35804,9,0.2,6.0,augmented_13view_rf,15,50,50
CHEMBL1951,35804,9,0.3,4.0,score_cap1,14,50,50
CHEMBL1951,35804,9,0.3,4.0,chemdep_cal,16,50,50
CHEMBL1951,35804,9,0.3,4.0,multi_fp_rf,15,50,50
CHEMBL1951,35804,9,0.3,4.0,augmented_13view_rf,15,50,50
CHEMBL1951,35804,9,0.3,6.0,score_cap1,14,50,50
CHEMBL1951,35804,9,0.3,6.0,chemdep_cal,18,50,50
CHEMBL1951,35804,9,0.3,6.0,multi_fp_rf,15,50,50
CHEMBL1951,35804,9,0.3,6.0,augmented_13view_rf,15,50,50
CHEMBL1955,35804,0,0.2,4.0,score_cap1,34,50,50
CHEMBL1955,35804,0,0.2,4.0,chemdep_cal,35,50,50
CHEMBL1955,35804,0,0.2,4.0,multi_fp_rf,37,50,50
CHEMBL1955,35804,0,0.2,4.0,augmented_13view_rf,36,50,50
CHEMBL1955,35804,0,0.2,6.0,score_cap1,34,50,50
CHEMBL1955,35804,0,0.2,6.0,chemdep_cal,36,50,50
CHEMBL1955,35804,0,0.2,6.0,multi_fp_rf,37,50,50
CHEMBL1955,35804,0,0.2,6.0,augmented_13view_rf,36,50,50
CHEMBL1955,35804,0,0.3,4.0,score_cap1,34,50,50
CHEMBL1955,35804,0,0.3,4.0,chemdep_cal,35,50,50
CHEMBL1955,35804,0,0.3,4.0,multi_fp_rf,37,50,50
CHEMBL1955,35804,0,0.3,4.0,augmented_13view_rf,36,50,50
CHEMBL1955,35804,0,0.3,6.0,score_cap1,34,50,50
CHEMBL1955,35804,0,0.3,6.0,chemdep_cal,36,50,50
CHEMBL1955,35804,0,0.3,6.0,multi_fp_rf,37,50,50
CHEMBL1955,35804,0,0.3,6.0,augmented_13view_rf,36,50,50
CHEMBL1955,35804,1,0.2,4.0,score_cap1,34,50,50
CHEMBL1955,35804,1,0.2,4.0,chemdep_cal,35,50,50
CHEMBL1955,35804,1,0.2,4.0,multi_fp_rf,37,50,50
CHEMBL1955,35804,1,0.2,4.0,augmented_13view_rf,36,50,50
CHEMBL1955,35804,1,0.2,6.0,score_cap1,34,50,50
CHEMBL1955,35804,1,0.2,6.0,chemdep_cal,36,50,50
CHEMBL1955,35804,1,0.2,6.0,multi_fp_rf,37,50,50
CHEMBL1955,35804,1,0.2,6.0,augmented_13view_rf,36,50,50
CHEMBL1955,35804,1,0.3,4.0,score_cap1,33,50,50
CHEMBL1955,35804,1,0.3,4.0,chemdep_cal,34,50,50
CHEMBL1955,35804,1,0.3,4.0,multi_fp_rf,37,50,50
CHEMBL1955,35804,1,0.3,4.0,augmented_13view_rf,36,50,50
CHEMBL1955,35804,1,0.3,6.0,score_cap1,33,50,50
CHEMBL1955,35804,1,0.3,6.0,chemdep_cal,35,50,50
CHEMBL1955,35804,1,0.3,6.0,multi_fp_rf,37,50,50
CHEMBL1955,35804,1,0.3,6.0,augmented_13view_rf,36,50,50
CHEMBL1955,35804,2,0.2,4.0,score_cap1,34,50,50
CHEMBL1955,35804,2,0.2,4.0,chemdep_cal,35,50,50
CHEMBL1955,35804,2,0.2,4.0,multi_fp_rf,37,50,50
CHEMBL1955,35804,2,0.2,4.0,augmented_13view_rf,36,50,50
CHEMBL1955,35804,2,0.2,6.0,score_cap1,34,50,50
CHEMBL1955,35804,2,0.2,6.0,chemdep_cal,36,50,50
CHEMBL1955,35804,2,0.2,6.0,multi_fp_rf,37,50,50
CHEMBL1955,35804,2,0.2,6.0,augmented_13view_rf,36,50,50
CHEMBL1955,35804,2,0.3,4.0,score_cap1,34,50,50
CHEMBL1955,35804,2,0.3,4.0,chemdep_cal,35,50,50
CHEMBL1955,35804,2,0.3,4.0,multi_fp_rf,37,50,50
CHEMBL1955,35804,2,0.3,4.0,augmented_13view_rf,36,50,50
CHEMBL1955,35804,2,0.3,6.0,score_cap1,34,50,50
CHEMBL1955,35804,2,0.3,6.0,chemdep_cal,36,50,50
CHEMBL1955,35804,2,0.3,6.0,multi_fp_rf,37,50,50
CHEMBL1955,35804,2,0.3,6.0,augmented_13view_rf,36,50,50
CHEMBL1955,35804,3,0.2,4.0,score_cap1,34,50,50
CHEMBL1955,35804,3,0.2,4.0,chemdep_cal,35,50,50
CHEMBL1955,35804,3,0.2,4.0,multi_fp_rf,37,50,50
CHEMBL1955,35804,3,0.2,4.0,augmented_13view_rf,36,50,50
CHEMBL1955,35804,3,0.2,6.0,score_cap1,34,50,50
CHEMBL1955,35804,3,0.2,6.0,chemdep_cal,36,50,50
CHEMBL1955,35804,3,0.2,6.0,multi_fp_rf,37,50,50
CHEMBL1955,35804,3,0.2,6.0,augmented_13view_rf,36,50,50
CHEMBL1955,35804,3,0.3,4.0,score_cap1,34,50,50
CHEMBL1955,35804,3,0.3,4.0,chemdep_cal,35,50,50
CHEMBL1955,35804,3,0.3,4.0,multi_fp_rf,37,50,50
CHEMBL1955,35804,3,0.3,4.0,augmented_13view_rf,36,50,50
CHEMBL1955,35804,3,0.3,6.0,score_cap1,34,50,50
CHEMBL1955,35804,3,0.3,6.0,chemdep_cal,36,50,50
CHEMBL1955,35804,3,0.3,6.0,multi_fp_rf,37,50,50
CHEMBL1955,35804,3,0.3,6.0,augmented_13view_rf,36,50,50
CHEMBL1955,35804,4,0.2,4.0,score_cap1,34,50,50
CHEMBL1955,35804,4,0.2,4.0,chemdep_cal,35,50,50
CHEMBL1955,35804,4,0.2,4.0,multi_fp_rf,37,50,50
CHEMBL1955,35804,4,0.2,4.0,augmented_13view_rf,36,50,50
CHEMBL1955,35804,4,0.2,6.0,score_cap1,34,50,50
CHEMBL1955,35804,4,0.2,6.0,chemdep_cal,36,50,50
CHEMBL1955,35804,4,0.2,6.0,multi_fp_rf,37,50,50
CHEMBL1955,35804,4,0.2,6.0,augmented_13view_rf,36,50,50
CHEMBL1955,35804,4,0.3,4.0,score_cap1,34,50,50
CHEMBL1955,35804,4,0.3,4.0,chemdep_cal,35,50,50
CHEMBL1955,35804,4,0.3,4.0,multi_fp_rf,37,50,50
CHEMBL1955,35804,4,0.3,4.0,augmented_13view_rf,36,50,50
CHEMBL1955,35804,4,0.3,6.0,score_cap1,34,50,50
CHEMBL1955,35804,4,0.3,6.0,chemdep_cal,36,50,50
CHEMBL1955,35804,4,0.3,6.0,multi_fp_rf,37,50,50
CHEMBL1955,35804,4,0.3,6.0,augmented_13view_rf,36,50,50
CHEMBL1955,35804,5,0.2,4.0,score_cap1,34,50,50
CHEMBL1955,35804,5,0.2,4.0,chemdep_cal,35,50,50
CHEMBL1955,35804,5,0.2,4.0,multi_fp_rf,37,50,50
CHEMBL1955,35804,5,0.2,4.0,augmented_13view_rf,36,50,50
CHEMBL1955,35804,5,0.2,6.0,score_cap1,34,50,50
CHEMBL1955,35804,5,0.2,6.0,chemdep_cal,36,50,50
CHEMBL1955,35804,5,0.2,6.0,multi_fp_rf,37,50,50
CHEMBL1955,35804,5,0.2,6.0,augmented_13view_rf,36,50,50
CHEMBL1955,35804,5,0.3,4.0,score_cap1,34,50,50
CHEMBL1955,35804,5,0.3,4.0,chemdep_cal,35,50,50
CHEMBL1955,35804,5,0.3,4.0,multi_fp_rf,37,50,50
CHEMBL1955,35804,5,0.3,4.0,augmented_13view_rf,36,50,50
CHEMBL1955,35804,5,0.3,6.0,score_cap1,34,50,50
CHEMBL1955,35804,5,0.3,6.0,chemdep_cal,36,50,50
CHEMBL1955,35804,5,0.3,6.0,multi_fp_rf,37,50,50
CHEMBL1955,35804,5,0.3,6.0,augmented_13view_rf,36,50,50
CHEMBL1955,35804,6,0.2,4.0,score_cap1,33,50,50
CHEMBL1955,35804,6,0.2,4.0,chemdep_cal,34,50,50
CHEMBL1955,35804,6,0.2,4.0,multi_fp_rf,37,50,50
CHEMBL1955,35804,6,0.2,4.0,augmented_13view_rf,36,50,50
CHEMBL1955,35804,6,0.2,6.0,score_cap1,33,50,50
CHEMBL1955,35804,6,0.2,6.0,chemdep_cal,35,50,50
CHEMBL1955,35804,6,0.2,6.0,multi_fp_rf,37,50,50
CHEMBL1955,35804,6,0.2,6.0,augmented_13view_rf,36,50,50
CHEMBL1955,35804,6,0.3,4.0,score_cap1,34,50,50
CHEMBL1955,35804,6,0.3,4.0,chemdep_cal,35,50,50
CHEMBL1955,35804,6,0.3,4.0,multi_fp_rf,37,50,50
CHEMBL1955,35804,6,0.3,4.0,augmented_13view_rf,36,50,50
CHEMBL1955,35804,6,0.3,6.0,score_cap1,34,50,50
CHEMBL1955,35804,6,0.3,6.0,chemdep_cal,36,50,50
CHEMBL1955,35804,6,0.3,6.0,multi_fp_rf,37,50,50
CHEMBL1955,35804,6,0.3,6.0,augmented_13view_rf,36,50,50
CHEMBL1955,35804,7,0.2,4.0,score_cap1,34,50,50
CHEMBL1955,35804,7,0.2,4.0,chemdep_cal,35,50,50
CHEMBL1955,35804,7,0.2,4.0,multi_fp_rf,37,50,50
CHEMBL1955,35804,7,0.2,4.0,augmented_13view_rf,36,50,50
CHEMBL1955,35804,7,0.2,6.0,score_cap1,34,50,50
CHEMBL1955,35804,7,0.2,6.0,chemdep_cal,36,50,50
CHEMBL1955,35804,7,0.2,6.0,multi_fp_rf,37,50,50
CHEMBL1955,35804,7,0.2,6.0,augmented_13view_rf,36,50,50
CHEMBL1955,35804,7,0.3,4.0,score_cap1,33,50,50
CHEMBL1955,35804,7,0.3,4.0,chemdep_cal,34,50,50
CHEMBL1955,35804,7,0.3,4.0,multi_fp_rf,37,50,50
CHEMBL1955,35804,7,0.3,4.0,augmented_13view_rf,36,50,50
CHEMBL1955,35804,7,0.3,6.0,score_cap1,33,50,50
CHEMBL1955,35804,7,0.3,6.0,chemdep_cal,36,50,50
CHEMBL1955,35804,7,0.3,6.0,multi_fp_rf,37,50,50
CHEMBL1955,35804,7,0.3,6.0,augmented_13view_rf,36,50,50
CHEMBL1955,35804,8,0.2,4.0,score_cap1,33,50,50
CHEMBL1955,35804,8,0.2,4.0,chemdep_cal,34,50,50
CHEMBL1955,35804,8,0.2,4.0,multi_fp_rf,37,50,50
CHEMBL1955,35804,8,0.2,4.0,augmented_13view_rf,36,50,50
CHEMBL1955,35804,8,0.2,6.0,score_cap1,33,50,50
CHEMBL1955,35804,8,0.2,6.0,chemdep_cal,35,50,50
CHEMBL1955,35804,8,0.2,6.0,multi_fp_rf,37,50,50
CHEMBL1955,35804,8,0.2,6.0,augmented_13view_rf,36,50,50
CHEMBL1955,35804,8,0.3,4.0,score_cap1,33,50,50
CHEMBL1955,35804,8,0.3,4.0,chemdep_cal,34,50,50
CHEMBL1955,35804,8,0.3,4.0,multi_fp_rf,37,50,50
CHEMBL1955,35804,8,0.3,4.0,augmented_13view_rf,36,50,50
CHEMBL1955,35804,8,0.3,6.0,score_cap1,33,50,50
CHEMBL1955,35804,8,0.3,6.0,chemdep_cal,35,50,50
CHEMBL1955,35804,8,0.3,6.0,multi_fp_rf,37,50,50
CHEMBL1955,35804,8,0.3,6.0,augmented_13view_rf,36,50,50
CHEMBL1955,35804,9,0.2,4.0,score_cap1,34,50,50
CHEMBL1955,35804,9,0.2,4.0,chemdep_cal,35,50,50
CHEMBL1955,35804,9,0.2,4.0,multi_fp_rf,37,50,50
CHEMBL1955,35804,9,0.2,4.0,augmented_13view_rf,36,50,50
CHEMBL1955,35804,9,0.2,6.0,score_cap1,34,50,50
CHEMBL1955,35804,9,0.2,6.0,chemdep_cal,36,50,50
CHEMBL1955,35804,9,0.2,6.0,multi_fp_rf,37,50,50
CHEMBL1955,35804,9,0.2,6.0,augmented_13view_rf,36,50,50
CHEMBL1955,35804,9,0.3,4.0,score_cap1,33,50,50
CHEMBL1955,35804,9,0.3,4.0,chemdep_cal,34,50,50
CHEMBL1955,35804,9,0.3,4.0,multi_fp_rf,37,50,50
CHEMBL1955,35804,9,0.3,4.0,augmented_13view_rf,36,50,50
CHEMBL1955,35804,9,0.3,6.0,score_cap1,33,50,50
CHEMBL1955,35804,9,0.3,6.0,chemdep_cal,35,50,50
CHEMBL1955,35804,9,0.3,6.0,multi_fp_rf,37,50,50
CHEMBL1955,35804,9,0.3,6.0,augmented_13view_rf,36,50,50
CHEMBL1957,35804,0,0.2,4.0,score_cap1,48,50,50
CHEMBL1957,35804,0,0.2,4.0,chemdep_cal,50,50,50
CHEMBL1957,35804,0,0.2,4.0,multi_fp_rf,50,50,50
CHEMBL1957,35804,0,0.2,4.0,augmented_13view_rf,50,50,50
CHEMBL1957,35804,0,0.2,6.0,score_cap1,47,50,50
CHEMBL1957,35804,0,0.2,6.0,chemdep_cal,50,50,50
CHEMBL1957,35804,0,0.2,6.0,multi_fp_rf,50,50,50
CHEMBL1957,35804,0,0.2,6.0,augmented_13view_rf,50,50,50
CHEMBL1957,35804,0,0.3,4.0,score_cap1,48,50,50
CHEMBL1957,35804,0,0.3,4.0,chemdep_cal,49,50,50
CHEMBL1957,35804,0,0.3,4.0,multi_fp_rf,50,50,50
CHEMBL1957,35804,0,0.3,4.0,augmented_13view_rf,50,50,50
CHEMBL1957,35804,0,0.3,6.0,score_cap1,47,50,50
CHEMBL1957,35804,0,0.3,6.0,chemdep_cal,49,50,50
CHEMBL1957,35804,0,0.3,6.0,multi_fp_rf,50,50,50
CHEMBL1957,35804,0,0.3,6.0,augmented_13view_rf,50,50,50
CHEMBL1957,35804,1,0.2,4.0,score_cap1,48,50,50
CHEMBL1957,35804,1,0.2,4.0,chemdep_cal,50,50,50
CHEMBL1957,35804,1,0.2,4.0,multi_fp_rf,50,50,50
CHEMBL1957,35804,1,0.2,4.0,augmented_13view_rf,50,50,50
CHEMBL1957,35804,1,0.2,6.0,score_cap1,48,50,50
CHEMBL1957,35804,1,0.2,6.0,chemdep_cal,50,50,50
CHEMBL1957,35804,1,0.2,6.0,multi_fp_rf,50,50,50
CHEMBL1957,35804,1,0.2,6.0,augmented_13view_rf,50,50,50
CHEMBL1957,35804,1,0.3,4.0,score_cap1,48,50,50
CHEMBL1957,35804,1,0.3,4.0,chemdep_cal,50,50,50
CHEMBL1957,35804,1,0.3,4.0,multi_fp_rf,50,50,50
CHEMBL1957,35804,1,0.3,4.0,augmented_13view_rf,50,50,50
CHEMBL1957,35804,1,0.3,6.0,score_cap1,47,50,50
CHEMBL1957,35804,1,0.3,6.0,chemdep_cal,49,50,50
CHEMBL1957,35804,1,0.3,6.0,multi_fp_rf,50,50,50
CHEMBL1957,35804,1,0.3,6.0,augmented_13view_rf,50,50,50
CHEMBL1957,35804,2,0.2,4.0,score_cap1,48,50,50
CHEMBL1957,35804,2,0.2,4.0,chemdep_cal,50,50,50
CHEMBL1957,35804,2,0.2,4.0,multi_fp_rf,50,50,50
CHEMBL1957,35804,2,0.2,4.0,augmented_13view_rf,50,50,50
CHEMBL1957,35804,2,0.2,6.0,score_cap1,47,50,50
CHEMBL1957,35804,2,0.2,6.0,chemdep_cal,50,50,50
CHEMBL1957,35804,2,0.2,6.0,multi_fp_rf,50,50,50
CHEMBL1957,35804,2,0.2,6.0,augmented_13view_rf,50,50,50
CHEMBL1957,35804,2,0.3,4.0,score_cap1,48,50,50
CHEMBL1957,35804,2,0.3,4.0,chemdep_cal,49,50,50
CHEMBL1957,35804,2,0.3,4.0,multi_fp_rf,50,50,50
CHEMBL1957,35804,2,0.3,4.0,augmented_13view_rf,50,50,50
CHEMBL1957,35804,2,0.3,6.0,score_cap1,48,50,50
CHEMBL1957,35804,2,0.3,6.0,chemdep_cal,49,50,50
CHEMBL1957,35804,2,0.3,6.0,multi_fp_rf,50,50,50
CHEMBL1957,35804,2,0.3,6.0,augmented_13view_rf,50,50,50
CHEMBL1957,35804,3,0.2,4.0,score_cap1,48,50,50
CHEMBL1957,35804,3,0.2,4.0,chemdep_cal,50,50,50
CHEMBL1957,35804,3,0.2,4.0,multi_fp_rf,50,50,50
CHEMBL1957,35804,3,0.2,4.0,augmented_13view_rf,50,50,50
CHEMBL1957,35804,3,0.2,6.0,score_cap1,47,50,50
CHEMBL1957,35804,3,0.2,6.0,chemdep_cal,50,50,50
CHEMBL1957,35804,3,0.2,6.0,multi_fp_rf,50,50,50
CHEMBL1957,35804,3,0.2,6.0,augmented_13view_rf,50,50,50
CHEMBL1957,35804,3,0.3,4.0,score_cap1,48,50,50
CHEMBL1957,35804,3,0.3,4.0,chemdep_cal,49,50,50
CHEMBL1957,35804,3,0.3,4.0,multi_fp_rf,50,50,50
CHEMBL1957,35804,3,0.3,4.0,augmented_13view_rf,50,50,50
CHEMBL1957,35804,3,0.3,6.0,score_cap1,47,50,50
CHEMBL1957,35804,3,0.3,6.0,chemdep_cal,48,50,50
CHEMBL1957,35804,3,0.3,6.0,multi_fp_rf,50,50,50
CHEMBL1957,35804,3,0.3,6.0,augmented_13view_rf,50,50,50
CHEMBL1957,35804,4,0.2,4.0,score_cap1,48,50,50
CHEMBL1957,35804,4,0.2,4.0,chemdep_cal,50,50,50
CHEMBL1957,35804,4,0.2,4.0,multi_fp_rf,50,50,50
CHEMBL1957,35804,4,0.2,4.0,augmented_13view_rf,50,50,50
CHEMBL1957,35804,4,0.2,6.0,score_cap1,47,50,50
CHEMBL1957,35804,4,0.2,6.0,chemdep_cal,50,50,50
CHEMBL1957,35804,4,0.2,6.0,multi_fp_rf,50,50,50
CHEMBL1957,35804,4,0.2,6.0,augmented_13view_rf,50,50,50
CHEMBL1957,35804,4,0.3,4.0,score_cap1,48,50,50
CHEMBL1957,35804,4,0.3,4.0,chemdep_cal,50,50,50
CHEMBL1957,35804,4,0.3,4.0,multi_fp_rf,50,50,50
CHEMBL1957,35804,4,0.3,4.0,augmented_13view_rf,50,50,50
CHEMBL1957,35804,4,0.3,6.0,score_cap1,47,50,50
CHEMBL1957,35804,4,0.3,6.0,chemdep_cal,50,50,50
CHEMBL1957,35804,4,0.3,6.0,multi_fp_rf,50,50,50
CHEMBL1957,35804,4,0.3,6.0,augmented_13view_rf,50,50,50
CHEMBL1957,35804,5,0.2,4.0,score_cap1,47,50,50
CHEMBL1957,35804,5,0.2,4.0,chemdep_cal,49,50,50
CHEMBL1957,35804,5,0.2,4.0,multi_fp_rf,50,50,50
CHEMBL1957,35804,5,0.2,4.0,augmented_13view_rf,50,50,50
CHEMBL1957,35804,5,0.2,6.0,score_cap1,47,50,50
CHEMBL1957,35804,5,0.2,6.0,chemdep_cal,50,50,50
CHEMBL1957,35804,5,0.2,6.0,multi_fp_rf,50,50,50
CHEMBL1957,35804,5,0.2,6.0,augmented_13view_rf,50,50,50
CHEMBL1957,35804,5,0.3,4.0,score_cap1,48,50,50
CHEMBL1957,35804,5,0.3,4.0,chemdep_cal,49,50,50
CHEMBL1957,35804,5,0.3,4.0,multi_fp_rf,50,50,50
CHEMBL1957,35804,5,0.3,4.0,augmented_13view_rf,50,50,50
CHEMBL1957,35804,5,0.3,6.0,score_cap1,47,50,50
CHEMBL1957,35804,5,0.3,6.0,chemdep_cal,49,50,50
CHEMBL1957,35804,5,0.3,6.0,multi_fp_rf,50,50,50
CHEMBL1957,35804,5,0.3,6.0,augmented_13view_rf,50,50,50
CHEMBL1957,35804,6,0.2,4.0,score_cap1,48,50,50
CHEMBL1957,35804,6,0.2,4.0,chemdep_cal,50,50,50
CHEMBL1957,35804,6,0.2,4.0,multi_fp_rf,50,50,50
CHEMBL1957,35804,6,0.2,4.0,augmented_13view_rf,50,50,50
CHEMBL1957,35804,6,0.2,6.0,score_cap1,48,50,50
CHEMBL1957,35804,6,0.2,6.0,chemdep_cal,50,50,50
CHEMBL1957,35804,6,0.2,6.0,multi_fp_rf,50,50,50
CHEMBL1957,35804,6,0.2,6.0,augmented_13view_rf,50,50,50
CHEMBL1957,35804,6,0.3,4.0,score_cap1,48,50,50
CHEMBL1957,35804,6,0.3,4.0,chemdep_cal,50,50,50
CHEMBL1957,35804,6,0.3,4.0,multi_fp_rf,50,50,50
CHEMBL1957,35804,6,0.3,4.0,augmented_13view_rf,50,50,50
CHEMBL1957,35804,6,0.3,6.0,score_cap1,47,50,50
CHEMBL1957,35804,6,0.3,6.0,chemdep_cal,50,50,50
CHEMBL1957,35804,6,0.3,6.0,multi_fp_rf,50,50,50
CHEMBL1957,35804,6,0.3,6.0,augmented_13view_rf,50,50,50
CHEMBL1957,35804,7,0.2,4.0,score_cap1,47,50,50
CHEMBL1957,35804,7,0.2,4.0,chemdep_cal,49,50,50
CHEMBL1957,35804,7,0.2,4.0,multi_fp_rf,50,50,50
CHEMBL1957,35804,7,0.2,4.0,augmented_13view_rf,50,50,50
CHEMBL1957,35804,7,0.2,6.0,score_cap1,46,50,50
CHEMBL1957,35804,7,0.2,6.0,chemdep_cal,50,50,50
CHEMBL1957,35804,7,0.2,6.0,multi_fp_rf,50,50,50
CHEMBL1957,35804,7,0.2,6.0,augmented_13view_rf,50,50,50
CHEMBL1957,35804,7,0.3,4.0,score_cap1,47,50,50
CHEMBL1957,35804,7,0.3,4.0,chemdep_cal,48,50,50
CHEMBL1957,35804,7,0.3,4.0,multi_fp_rf,50,50,50
CHEMBL1957,35804,7,0.3,4.0,augmented_13view_rf,50,50,50
CHEMBL1957,35804,7,0.3,6.0,score_cap1,47,50,50
CHEMBL1957,35804,7,0.3,6.0,chemdep_cal,49,50,50
CHEMBL1957,35804,7,0.3,6.0,multi_fp_rf,50,50,50
CHEMBL1957,35804,7,0.3,6.0,augmented_13view_rf,50,50,50
CHEMBL1957,35804,8,0.2,4.0,score_cap1,48,50,50
CHEMBL1957,35804,8,0.2,4.0,chemdep_cal,49,50,50
CHEMBL1957,35804,8,0.2,4.0,multi_fp_rf,50,50,50
CHEMBL1957,35804,8,0.2,4.0,augmented_13view_rf,50,50,50
CHEMBL1957,35804,8,0.2,6.0,score_cap1,48,50,50
CHEMBL1957,35804,8,0.2,6.0,chemdep_cal,49,50,50
CHEMBL1957,35804,8,0.2,6.0,multi_fp_rf,50,50,50
CHEMBL1957,35804,8,0.2,6.0,augmented_13view_rf,50,50,50
CHEMBL1957,35804,8,0.3,4.0,score_cap1,47,50,50
CHEMBL1957,35804,8,0.3,4.0,chemdep_cal,48,50,50
CHEMBL1957,35804,8,0.3,4.0,multi_fp_rf,50,50,50
CHEMBL1957,35804,8,0.3,4.0,augmented_13view_rf,50,50,50
CHEMBL1957,35804,8,0.3,6.0,score_cap1,46,50,50
CHEMBL1957,35804,8,0.3,6.0,chemdep_cal,49,50,50
CHEMBL1957,35804,8,0.3,6.0,multi_fp_rf,50,50,50
CHEMBL1957,35804,8,0.3,6.0,augmented_13view_rf,50,50,50
CHEMBL1957,35804,9,0.2,4.0,score_cap1,48,50,50
CHEMBL1957,35804,9,0.2,4.0,chemdep_cal,50,50,50
CHEMBL1957,35804,9,0.2,4.0,multi_fp_rf,50,50,50
CHEMBL1957,35804,9,0.2,4.0,augmented_13view_rf,50,50,50
CHEMBL1957,35804,9,0.2,6.0,score_cap1,48,50,50
CHEMBL1957,35804,9,0.2,6.0,chemdep_cal,50,50,50
CHEMBL1957,35804,9,0.2,6.0,multi_fp_rf,50,50,50
CHEMBL1957,35804,9,0.2,6.0,augmented_13view_rf,50,50,50
CHEMBL1957,35804,9,0.3,4.0,score_cap1,48,50,50
CHEMBL1957,35804,9,0.3,4.0,chemdep_cal,49,50,50
CHEMBL1957,35804,9,0.3,4.0,multi_fp_rf,50,50,50
CHEMBL1957,35804,9,0.3,4.0,augmented_13view_rf,50,50,50
CHEMBL1957,35804,9,0.3,6.0,score_cap1,47,50,50
CHEMBL1957,35804,9,0.3,6.0,chemdep_cal,49,50,50
CHEMBL1957,35804,9,0.3,6.0,multi_fp_rf,50,50,50
CHEMBL1957,35804,9,0.3,6.0,augmented_13view_rf,50,50,50
