target,rep,fraction,boost,budget,method,selected,hits,fdp,blocks
CHEMBL222,0,0.2,4.0,10,meta_calibration,10,10,0.0,10
CHEMBL222,0,0.2,4.0,10,chemdeprc_cap1,10,9,0.1,10
CHEMBL222,0,0.2,4.0,10,minp_block_bh_cap1,10,9,0.1,10
CHEMBL222,0,0.2,4.0,10,score_cap1,10,6,0.4,10
CHEMBL222,0,0.2,4.0,10,weighted_bh,10,9,0.1,8
CHEMBL222,0,0.2,4.0,50,meta_calibration,50,45,0.1,50
CHEMBL222,0,0.2,4.0,50,chemdeprc_cap1,50,45,0.1,50
CHEMBL222,0,0.2,4.0,50,minp_block_bh_cap1,50,46,0.08,50
CHEMBL222,0,0.2,4.0,50,score_cap1,50,45,0.1,50
CHEMBL222,0,0.2,4.0,50,weighted_bh,50,42,0.16,39
CHEMBL222,0,0.2,4.0,75,meta_calibration,75,64,0.14666666666666667,75
CHEMBL222,0,0.2,4.0,75,chemdeprc_cap1,75,62,0.17333333333333334,75
CHEMBL222,0,0.2,4.0,75,minp_block_bh_cap1,75,62,0.17333333333333334,75
CHEMBL222,0,0.2,4.0,75,score_cap1,75,63,0.16,75
CHEMBL222,0,0.2,4.0,75,weighted_bh,75,64,0.14666666666666667,46
CHEMBL222,0,0.2,6.0,10,meta_calibration,10,10,0.0,10
CHEMBL222,0,0.2,6.0,10,chemdeprc_cap1,10,7,0.3,10
CHEMBL222,0,0.2,6.0,10,minp_block_bh_cap1,10,9,0.1,10
CHEMBL222,0,0.2,6.0,10,score_cap1,10,6,0.4,10
CHEMBL222,0,0.2,6.0,10,weighted_bh,10,8,0.2,7
CHEMBL222,0,0.2,6.0,50,meta_calibration,50,46,0.08,50
CHEMBL222,0,0.2,6.0,50,chemdeprc_cap1,50,45,0.1,50
CHEMBL222,0,0.2,6.0,50,minp_block_bh_cap1,50,46,0.08,50
CHEMBL222,0,0.2,6.0,50,score_cap1,50,45,0.1,50
CHEMBL222,0,0.2,6.0,50,weighted_bh,50,39,0.22,37
CHEMBL222,0,0.2,6.0,75,meta_calibration,75,64,0.14666666666666667,75
CHEMBL222,0,0.2,6.0,75,chemdeprc_cap1,75,62,0.17333333333333334,75
CHEMBL222,0,0.2,6.0,75,minp_block_bh_cap1,75,62,0.17333333333333334,75
CHEMBL222,0,0.2,6.0,75,score_cap1,75,63,0.16,75
CHEMBL222,0,0.2,6.0,75,weighted_bh,75,64,0.14666666666666667,46
CHEMBL222,0,0.3,4.0,10,meta_calibration,10,9,0.1,10
CHEMBL222,0,0.3,4.0,10,chemdeprc_cap1,10,9,0.1,10
CHEMBL222,0,0.3,4.0,10,minp_block_bh_cap1,10,9,0.1,10
CHEMBL222,0,0.3,4.0,10,score_cap1,10,7,0.3,10
CHEMBL222,0,0.3,4.0,10,weighted_bh,10,9,0.1,8
CHEMBL222,0,0.3,4.0,50,meta_calibration,50,45,0.1,50
CHEMBL222,0,0.3,4.0,50,chemdeprc_cap1,50,44,0.12,50
CHEMBL222,0,0.3,4.0,50,minp_block_bh_cap1,50,45,0.1,50
CHEMBL222,0,0.3,4.0,50,score_cap1,50,44,0.12,50
CHEMBL222,0,0.3,4.0,50,weighted_bh,50,41,0.18,39
CHEMBL222,0,0.3,4.0,75,meta_calibration,75,64,0.14666666666666667,75
CHEMBL222,0,0.3,4.0,75,chemdeprc_cap1,75,61,0.18666666666666668,75
CHEMBL222,0,0.3,4.0,75,minp_block_bh_cap1,75,59,0.21333333333333335,75
CHEMBL222,0,0.3,4.0,75,score_cap1,75,61,0.18666666666666668,75
CHEMBL222,0,0.3,4.0,75,weighted_bh,75,64,0.14666666666666667,47
CHEMBL222,0,0.3,6.0,10,meta_calibration,10,10,0.0,10
CHEMBL222,0,0.3,6.0,10,chemdeprc_cap1,10,6,0.4,10
CHEMBL222,0,0.3,6.0,10,minp_block_bh_cap1,10,7,0.3,10
CHEMBL222,0,0.3,6.0,10,score_cap1,10,5,0.5,10
CHEMBL222,0,0.3,6.0,10,weighted_bh,10,6,0.4,8
CHEMBL222,0,0.3,6.0,50,meta_calibration,50,45,0.1,50
CHEMBL222,0,0.3,6.0,50,chemdeprc_cap1,50,43,0.14,50
CHEMBL222,0,0.3,6.0,50,minp_block_bh_cap1,50,44,0.12,50
CHEMBL222,0,0.3,6.0,50,score_cap1,50,44,0.12,50
CHEMBL222,0,0.3,6.0,50,weighted_bh,50,36,0.28,37
CHEMBL222,0,0.3,6.0,75,meta_calibration,75,64,0.14666666666666667,75
CHEMBL222,0,0.3,6.0,75,chemdeprc_cap1,75,61,0.18666666666666668,75
CHEMBL222,0,0.3,6.0,75,minp_block_bh_cap1,75,59,0.21333333333333335,75
CHEMBL222,0,0.3,6.0,75,score_cap1,75,61,0.18666666666666668,75
CHEMBL222,0,0.3,6.0,75,weighted_bh,75,60,0.2,47
CHEMBL222,1,0.2,4.0,10,meta_calibration,10,10,0.0,10
CHEMBL222,1,0.2,4.0,10,chemdeprc_cap1,10,10,0.0,10
CHEMBL222,1,0.2,4.0,10,minp_block_bh_cap1,10,10,0.0,10
CHEMBL222,1,0.2,4.0,10,score_cap1,10,9,0.1,10
CHEMBL222,1,0.2,4.0,10,weighted_bh,10,10,0.0,8
CHEMBL222,1,0.2,4.0,50,meta_calibration,50,45,0.1,50
CHEMBL222,1,0.2,4.0,50,chemdeprc_cap1,50,45,0.1,50
CHEMBL222,1,0.2,4.0,50,minp_block_bh_cap1,50,47,0.06,50
CHEMBL222,1,0.2,4.0,50,score_cap1,50,45,0.1,50
CHEMBL222,1,0.2,4.0,50,weighted_bh,50,45,0.1,38
CHEMBL222,1,0.2,4.0,75,meta_calibration,75,63,0.16,75
CHEMBL222,1,0.2,4.0,75,chemdeprc_cap1,75,62,0.17333333333333334,75
CHEMBL222,1,0.2,4.0,75,minp_block_bh_cap1,75,61,0.18666666666666668,75
CHEMBL222,1,0.2,4.0,75,score_cap1,75,62,0.17333333333333334,75
CHEMBL222,1,0.2,4.0,75,weighted_bh,75,65,0.13333333333333333,45
CHEMBL222,1,0.2,6.0,10,meta_calibration,10,10,0.0,10
CHEMBL222,1,0.2,6.0,10,chemdeprc_cap1,10,8,0.2,10
CHEMBL222,1,0.2,6.0,10,minp_block_bh_cap1,10,10,0.0,10
CHEMBL222,1,0.2,6.0,10,score_cap1,10,6,0.4,10
CHEMBL222,1,0.2,6.0,10,weighted_bh,10,10,0.0,8
CHEMBL222,1,0.2,6.0,50,meta_calibration,50,46,0.08,50
CHEMBL222,1,0.2,6.0,50,chemdeprc_cap1,50,45,0.1,50
CHEMBL222,1,0.2,6.0,50,minp_block_bh_cap1,50,46,0.08,50
CHEMBL222,1,0.2,6.0,50,score_cap1,50,45,0.1,50
CHEMBL222,1,0.2,6.0,50,weighted_bh,50,38,0.24,35
CHEMBL222,1,0.2,6.0,75,meta_calibration,75,64,0.14666666666666667,75
CHEMBL222,1,0.2,6.0,75,chemdeprc_cap1,75,62,0.17333333333333334,75
CHEMBL222,1,0.2,6.0,75,minp_block_bh_cap1,75,61,0.18666666666666668,75
CHEMBL222,1,0.2,6.0,75,score_cap1,75,62,0.17333333333333334,75
CHEMBL222,1,0.2,6.0,75,weighted_bh,75,57,0.24,44
CHEMBL222,1,0.3,4.0,10,meta_calibration,10,10,0.0,10
CHEMBL222,1,0.3,4.0,10,chemdeprc_cap1,10,10,0.0,10
CHEMBL222,1,0.3,4.0,10,minp_block_bh_cap1,10,10,0.0,10
CHEMBL222,1,0.3,4.0,10,score_cap1,10,9,0.1,10
CHEMBL222,1,0.3,4.0,10,weighted_bh,10,10,0.0,8
CHEMBL222,1,0.3,4.0,50,meta_calibration,50,45,0.1,50
CHEMBL222,1,0.3,4.0,50,chemdeprc_cap1,50,45,0.1,50
CHEMBL222,1,0.3,4.0,50,minp_block_bh_cap1,50,47,0.06,50
CHEMBL222,1,0.3,4.0,50,score_cap1,50,45,0.1,50
CHEMBL222,1,0.3,4.0,50,weighted_bh,50,47,0.06,38
CHEMBL222,1,0.3,4.0,75,meta_calibration,75,64,0.14666666666666667,75
CHEMBL222,1,0.3,4.0,75,chemdeprc_cap1,75,61,0.18666666666666668,75
CHEMBL222,1,0.3,4.0,75,minp_block_bh_cap1,75,59,0.21333333333333335,75
CHEMBL222,1,0.3,4.0,75,score_cap1,75,61,0.18666666666666668,75
CHEMBL222,1,0.3,4.0,75,weighted_bh,75,72,0.04,46
CHEMBL222,1,0.3,6.0,10,meta_calibration,10,10,0.0,10
CHEMBL222,1,0.3,6.0,10,chemdeprc_cap1,10,7,0.3,10
CHEMBL222,1,0.3,6.0,10,minp_block_bh_cap1,10,7,0.3,10
CHEMBL222,1,0.3,6.0,10,score_cap1,10,6,0.4,10
CHEMBL222,1,0.3,6.0,10,weighted_bh,10,8,0.2,7
CHEMBL222,1,0.3,6.0,50,meta_calibration,50,45,0.1,50
CHEMBL222,1,0.3,6.0,50,chemdeprc_cap1,50,43,0.14,50
CHEMBL222,1,0.3,6.0,50,minp_block_bh_cap1,50,44,0.12,50
CHEMBL222,1,0.3,6.0,50,score_cap1,50,44,0.12,50
CHEMBL222,1,0.3,6.0,50,weighted_bh,50,43,0.14,39
CHEMBL222,1,0.3,6.0,75,meta_calibration,75,65,0.13333333333333333,75
CHEMBL222,1,0.3,6.0,75,chemdeprc_cap1,75,61,0.18666666666666668,75
CHEMBL222,1,0.3,6.0,75,minp_block_bh_cap1,75,59,0.21333333333333335,75
CHEMBL222,1,0.3,6.0,75,score_cap1,75,61,0.18666666666666668,75
CHEMBL222,1,0.3,6.0,75,weighted_bh,75,58,0.22666666666666666,47
CHEMBL222,2,0.2,4.0,10,meta_calibration,10,9,0.1,10
CHEMBL222,2,0.2,4.0,10,chemdeprc_cap1,10,9,0.1,10
CHEMBL222,2,0.2,4.0,10,minp_block_bh_cap1,10,9,0.1,10
CHEMBL222,2,0.2,4.0,10,score_cap1,10,8,0.2,10
CHEMBL222,2,0.2,4.0,10,weighted_bh,10,9,0.1,8
CHEMBL222,2,0.2,4.0,50,meta_calibration,50,44,0.12,50
CHEMBL222,2,0.2,4.0,50,chemdeprc_cap1,50,45,0.1,50
CHEMBL222,2,0.2,4.0,50,minp_block_bh_cap1,50,46,0.08,50
CHEMBL222,2,0.2,4.0,50,score_cap1,50,45,0.1,50
CHEMBL222,2,0.2,4.0,50,weighted_bh,50,42,0.16,39
CHEMBL222,2,0.2,4.0,75,meta_calibration,75,63,0.16,75
CHEMBL222,2,0.2,4.0,75,chemdeprc_cap1,75,62,0.17333333333333334,75
CHEMBL222,2,0.2,4.0,75,minp_block_bh_cap1,75,61,0.18666666666666668,75
CHEMBL222,2,0.2,4.0,75,score_cap1,75,62,0.17333333333333334,75
CHEMBL222,2,0.2,4.0,75,weighted_bh,75,66,0.12,46
CHEMBL222,2,0.2,6.0,10,meta_calibration,10,10,0.0,10
CHEMBL222,2,0.2,6.0,10,chemdeprc_cap1,10,7,0.3,10
CHEMBL222,2,0.2,6.0,10,minp_block_bh_cap1,10,8,0.2,10
CHEMBL222,2,0.2,6.0,10,score_cap1,10,6,0.4,10
CHEMBL222,2,0.2,6.0,10,weighted_bh,10,6,0.4,8
CHEMBL222,2,0.2,6.0,50,meta_calibration,50,45,0.1,50
CHEMBL222,2,0.2,6.0,50,chemdeprc_cap1,50,45,0.1,50
CHEMBL222,2,0.2,6.0,50,minp_block_bh_cap1,50,46,0.08,50
CHEMBL222,2,0.2,6.0,50,score_cap1,50,45,0.1,50
CHEMBL222,2,0.2,6.0,50,weighted_bh,50,39,0.22,37
CHEMBL222,2,0.2,6.0,75,meta_calibration,75,63,0.16,75
CHEMBL222,2,0.2,6.0,75,chemdeprc_cap1,75,62,0.17333333333333334,75
CHEMBL222,2,0.2,6.0,75,minp_block_bh_cap1,75,61,0.18666666666666668,75
CHEMBL222,2,0.2,6.0,75,score_cap1,75,62,0.17333333333333334,75
CHEMBL222,2,0.2,6.0,75,weighted_bh,75,64,0.14666666666666667,46
CHEMBL222,2,0.3,4.0,10,meta_calibration,10,9,0.1,10
CHEMBL222,2,0.3,4.0,10,chemdeprc_cap1,10,9,0.1,10
CHEMBL222,2,0.3,4.0,10,minp_block_bh_cap1,10,9,0.1,10
CHEMBL222,2,0.3,4.0,10,score_cap1,10,7,0.3,10
CHEMBL222,2,0.3,4.0,10,weighted_bh,10,9,0.1,8
CHEMBL222,2,0.3,4.0,50,meta_calibration,50,46,0.08,50
CHEMBL222,2,0.3,4.0,50,chemdeprc_cap1,50,44,0.12,50
CHEMBL222,2,0.3,4.0,50,minp_block_bh_cap1,50,47,0.06,50
CHEMBL222,2,0.3,4.0,50,score_cap1,50,44,0.12,50
CHEMBL222,2,0.3,4.0,50,weighted_bh,50,44,0.12,38
CHEMBL222,2,0.3,4.0,75,meta_calibration,75,65,0.13333333333333333,75
CHEMBL222,2,0.3,4.0,75,chemdeprc_cap1,75,60,0.2,75
CHEMBL222,2,0.3,4.0,75,minp_block_bh_cap1,75,59,0.21333333333333335,75
CHEMBL222,2,0.3,4.0,75,score_cap1,75,60,0.2,75
CHEMBL222,2,0.3,4.0,75,weighted_bh,75,68,0.09333333333333334,45
CHEMBL222,2,0.3,6.0,10,meta_calibration,10,10,0.0,10
CHEMBL222,2,0.3,6.0,10,chemdeprc_cap1,10,7,0.3,10
CHEMBL222,2,0.3,6.0,10,minp_block_bh_cap1,10,8,0.2,10
CHEMBL222,2,0.3,6.0,10,score_cap1,10,5,0.5,10
CHEMBL222,2,0.3,6.0,10,weighted_bh,10,8,0.2,7
CHEMBL222,2,0.3,6.0,50,meta_calibration,50,46,0.08,50
CHEMBL222,2,0.3,6.0,50,chemdeprc_cap1,50,43,0.14,50
CHEMBL222,2,0.3,6.0,50,minp_block_bh_cap1,50,45,0.1,50
CHEMBL222,2,0.3,6.0,50,score_cap1,50,43,0.14,50
CHEMBL222,2,0.3,6.0,50,weighted_bh,50,39,0.22,37
CHEMBL222,2,0.3,6.0,75,meta_calibration,75,65,0.13333333333333333,75
CHEMBL222,2,0.3,6.0,75,chemdeprc_cap1,75,60,0.2,75
CHEMBL222,2,0.3,6.0,75,minp_block_bh_cap1,75,59,0.21333333333333335,75
CHEMBL222,2,0.3,6.0,75,score_cap1,75,60,0.2,75
CHEMBL222,2,0.3,6.0,75,weighted_bh,75,58,0.22666666666666666,46
CHEMBL222,3,0.2,4.0,10,meta_calibration,10,10,0.0,10
CHEMBL222,3,0.2,4.0,10,chemdeprc_cap1,10,10,0.0,10
CHEMBL222,3,0.2,4.0,10,minp_block_bh_cap1,10,10,0.0,10
CHEMBL222,3,0.2,4.0,10,score_cap1,10,9,0.1,10
CHEMBL222,3,0.2,4.0,10,weighted_bh,10,10,0.0,8
CHEMBL222,3,0.2,4.0,50,meta_calibration,50,47,0.06,50
CHEMBL222,3,0.2,4.0,50,chemdeprc_cap1,50,45,0.1,50
CHEMBL222,3,0.2,4.0,50,minp_block_bh_cap1,50,47,0.06,50
CHEMBL222,3,0.2,4.0,50,score_cap1,50,45,0.1,50
CHEMBL222,3,0.2,4.0,50,weighted_bh,50,49,0.02,37
CHEMBL222,3,0.2,4.0,75,meta_calibration,75,65,0.13333333333333333,75
CHEMBL222,3,0.2,4.0,75,chemdeprc_cap1,75,62,0.17333333333333334,75
CHEMBL222,3,0.2,4.0,75,minp_block_bh_cap1,75,61,0.18666666666666668,75
CHEMBL222,3,0.2,4.0,75,score_cap1,75,62,0.17333333333333334,75
CHEMBL222,3,0.2,4.0,75,weighted_bh,75,74,0.013333333333333334,47
CHEMBL222,3,0.2,6.0,10,meta_calibration,10,10,0.0,10
CHEMBL222,3,0.2,6.0,10,chemdeprc_cap1,10,8,0.2,10
CHEMBL222,3,0.2,6.0,10,minp_block_bh_cap1,10,9,0.1,10
CHEMBL222,3,0.2,6.0,10,score_cap1,10,7,0.3,10
CHEMBL222,3,0.2,6.0,10,weighted_bh,10,8,0.2,7
CHEMBL222,3,0.2,6.0,50,meta_calibration,50,47,0.06,50
CHEMBL222,3,0.2,6.0,50,chemdeprc_cap1,50,45,0.1,50
CHEMBL222,3,0.2,6.0,50,minp_block_bh_cap1,50,46,0.08,50
CHEMBL222,3,0.2,6.0,50,score_cap1,50,45,0.1,50
CHEMBL222,3,0.2,6.0,50,weighted_bh,50,47,0.06,38
CHEMBL222,3,0.2,6.0,75,meta_calibration,75,66,0.12,75
CHEMBL222,3,0.2,6.0,75,chemdeprc_cap1,75,62,0.17333333333333334,75
CHEMBL222,3,0.2,6.0,75,minp_block_bh_cap1,75,61,0.18666666666666668,75
CHEMBL222,3,0.2,6.0,75,score_cap1,75,62,0.17333333333333334,75
CHEMBL222,3,0.2,6.0,75,weighted_bh,75,58,0.22666666666666666,45
CHEMBL222,3,0.3,4.0,10,meta_calibration,10,9,0.1,10
CHEMBL222,3,0.3,4.0,10,chemdeprc_cap1,10,9,0.1,10
CHEMBL222,3,0.3,4.0,10,minp_block_bh_cap1,10,8,0.2,10
CHEMBL222,3,0.3,4.0,10,score_cap1,10,6,0.4,10
CHEMBL222,3,0.3,4.0,10,weighted_bh,10,8,0.2,8
CHEMBL222,3,0.3,4.0,50,meta_calibration,50,45,0.1,50
CHEMBL222,3,0.3,4.0,50,chemdeprc_cap1,50,45,0.1,50
CHEMBL222,3,0.3,4.0,50,minp_block_bh_cap1,50,46,0.08,50
CHEMBL222,3,0.3,4.0,50,score_cap1,50,45,0.1,50
CHEMBL222,3,0.3,4.0,50,weighted_bh,50,45,0.1,39
CHEMBL222,3,0.3,4.0,75,meta_calibration,75,63,0.16,75
CHEMBL222,3,0.3,4.0,75,chemdeprc_cap1,75,61,0.18666666666666668,75
CHEMBL222,3,0.3,4.0,75,minp_block_bh_cap1,75,60,0.2,75
CHEMBL222,3,0.3,4.0,75,score_cap1,75,62,0.17333333333333334,75
CHEMBL222,3,0.3,4.0,75,weighted_bh,75,67,0.10666666666666667,46
CHEMBL222,3,0.3,6.0,10,meta_calibration,10,10,0.0,10
CHEMBL222,3,0.3,6.0,10,chemdeprc_cap1,10,6,0.4,10
CHEMBL222,3,0.3,6.0,10,minp_block_bh_cap1,10,6,0.4,10
CHEMBL222,3,0.3,6.0,10,score_cap1,10,6,0.4,10
CHEMBL222,3,0.3,6.0,10,weighted_bh,10,6,0.4,8
CHEMBL222,3,0.3,6.0,50,meta_calibration,50,44,0.12,50
CHEMBL222,3,0.3,6.0,50,chemdeprc_cap1,50,43,0.14,50
CHEMBL222,3,0.3,6.0,50,minp_block_bh_cap1,50,44,0.12,50
CHEMBL222,3,0.3,6.0,50,score_cap1,50,44,0.12,50
CHEMBL222,3,0.3,6.0,50,weighted_bh,50,38,0.24,38
CHEMBL222,3,0.3,6.0,75,meta_calibration,75,63,0.16,75
CHEMBL222,3,0.3,6.0,75,chemdeprc_cap1,75,61,0.18666666666666668,75
CHEMBL222,3,0.3,6.0,75,minp_block_bh_cap1,75,60,0.2,75
CHEMBL222,3,0.3,6.0,75,score_cap1,75,62,0.17333333333333334,75
CHEMBL222,3,0.3,6.0,75,weighted_bh,75,63,0.16,48
CHEMBL222,4,0.2,4.0,10,meta_calibration,10,10,0.0,10
CHEMBL222,4,0.2,4.0,10,chemdeprc_cap1,10,10,0.0,10
CHEMBL222,4,0.2,4.0,10,minp_block_bh_cap1,10,10,0.0,10
CHEMBL222,4,0.2,4.0,10,score_cap1,10,10,0.0,10
CHEMBL222,4,0.2,4.0,10,weighted_bh,10,10,0.0,8
CHEMBL222,4,0.2,4.0,50,meta_calibration,50,45,0.1,50
CHEMBL222,4,0.2,4.0,50,chemdeprc_cap1,50,45,0.1,50
CHEMBL222,4,0.2,4.0,50,minp_block_bh_cap1,50,47,0.06,50
CHEMBL222,4,0.2,4.0,50,score_cap1,50,45,0.1,50
CHEMBL222,4,0.2,4.0,50,weighted_bh,50,45,0.1,38
CHEMBL222,4,0.2,4.0,75,meta_calibration,75,63,0.16,75
CHEMBL222,4,0.2,4.0,75,chemdeprc_cap1,75,62,0.17333333333333334,75
CHEMBL222,4,0.2,4.0,75,minp_block_bh_cap1,75,61,0.18666666666666668,75
CHEMBL222,4,0.2,4.0,75,score_cap1,75,62,0.17333333333333334,75
CHEMBL222,4,0.2,4.0,75,weighted_bh,75,65,0.13333333333333333,45
CHEMBL222,4,0.2,6.0,10,meta_calibration,10,10,0.0,10
CHEMBL222,4,0.2,6.0,10,chemdeprc_cap1,10,7,0.3,10
CHEMBL222,4,0.2,6.0,10,minp_block_bh_cap1,10,10,0.0,10
CHEMBL222,4,0.2,6.0,10,score_cap1,10,6,0.4,10
CHEMBL222,4,0.2,6.0,10,weighted_bh,10,10,0.0,8
CHEMBL222,4,0.2,6.0,50,meta_calibration,50,46,0.08,50
CHEMBL222,4,0.2,6.0,50,chemdeprc_cap1,50,45,0.1,50
CHEMBL222,4,0.2,6.0,50,minp_block_bh_cap1,50,45,0.1,50
CHEMBL222,4,0.2,6.0,50,score_cap1,50,45,0.1,50
CHEMBL222,4,0.2,6.0,50,weighted_bh,50,38,0.24,35
CHEMBL222,4,0.2,6.0,75,meta_calibration,75,64,0.14666666666666667,75
CHEMBL222,4,0.2,6.0,75,chemdeprc_cap1,75,62,0.17333333333333334,75
CHEMBL222,4,0.2,6.0,75,minp_block_bh_cap1,75,61,0.18666666666666668,75
CHEMBL222,4,0.2,6.0,75,score_cap1,75,62,0.17333333333333334,75
CHEMBL222,4,0.2,6.0,75,weighted_bh,75,57,0.24,44
CHEMBL222,4,0.3,4.0,10,meta_calibration,10,10,0.0,10
CHEMBL222,4,0.3,4.0,10,chemdeprc_cap1,10,9,0.1,10
CHEMBL222,4,0.3,4.0,10,minp_block_bh_cap1,10,9,0.1,10
CHEMBL222,4,0.3,4.0,10,score_cap1,10,6,0.4,10
CHEMBL222,4,0.3,4.0,10,weighted_bh,10,9,0.1,8
CHEMBL222,4,0.3,4.0,50,meta_calibration,50,46,0.08,50
CHEMBL222,4,0.3,4.0,50,chemdeprc_cap1,50,45,0.1,50
CHEMBL222,4,0.3,4.0,50,minp_block_bh_cap1,50,46,0.08,50
CHEMBL222,4,0.3,4.0,50,score_cap1,50,45,0.1,50
CHEMBL222,4,0.3,4.0,50,weighted_bh,50,46,0.08,39
CHEMBL222,4,0.3,4.0,75,meta_calibration,75,63,0.16,75
CHEMBL222,4,0.3,4.0,75,chemdeprc_cap1,75,62,0.17333333333333334,75
CHEMBL222,4,0.3,4.0,75,minp_block_bh_cap1,75,61,0.18666666666666668,75
CHEMBL222,4,0.3,4.0,75,score_cap1,75,62,0.17333333333333334,75
CHEMBL222,4,0.3,4.0,75,weighted_bh,75,66,0.12,46
CHEMBL222,4,0.3,6.0,10,meta_calibration,10,10,0.0,10
CHEMBL222,4,0.3,6.0,10,chemdeprc_cap1,10,7,0.3,10
CHEMBL222,4,0.3,6.0,10,minp_block_bh_cap1,10,7,0.3,10
CHEMBL222,4,0.3,6.0,10,score_cap1,10,6,0.4,10
CHEMBL222,4,0.3,6.0,10,weighted_bh,10,8,0.2,7
CHEMBL222,4,0.3,6.0,50,meta_calibration,50,45,0.1,50
CHEMBL222,4,0.3,6.0,50,chemdeprc_cap1,50,43,0.14,50
CHEMBL222,4,0.3,6.0,50,minp_block_bh_cap1,50,44,0.12,50
CHEMBL222,4,0.3,6.0,50,score_cap1,50,44,0.12,50
CHEMBL222,4,0.3,6.0,50,weighted_bh,50,37,0.26,38
CHEMBL222,4,0.3,6.0,75,meta_calibration,75,63,0.16,75
CHEMBL222,4,0.3,6.0,75,chemdeprc_cap1,75,62,0.17333333333333334,75
CHEMBL222,4,0.3,6.0,75,minp_block_bh_cap1,75,61,0.18666666666666668,75
CHEMBL222,4,0.3,6.0,75,score_cap1,75,62,0.17333333333333334,75
CHEMBL222,4,0.3,6.0,75,weighted_bh,75,62,0.17333333333333334,48
CHEMBL222,5,0.2,4.0,10,meta_calibration,10,9,0.1,10
CHEMBL222,5,0.2,4.0,10,chemdeprc_cap1,10,9,0.1,10
CHEMBL222,5,0.2,4.0,10,minp_block_bh_cap1,10,9,0.1,10
CHEMBL222,5,0.2,4.0,10,score_cap1,10,8,0.2,10
CHEMBL222,5,0.2,4.0,10,weighted_bh,10,9,0.1,8
CHEMBL222,5,0.2,4.0,50,meta_calibration,50,45,0.1,50
CHEMBL222,5,0.2,4.0,50,chemdeprc_cap1,50,45,0.1,50
CHEMBL222,5,0.2,4.0,50,minp_block_bh_cap1,50,46,0.08,50
CHEMBL222,5,0.2,4.0,50,score_cap1,50,45,0.1,50
CHEMBL222,5,0.2,4.0,50,weighted_bh,50,44,0.12,39
CHEMBL222,5,0.2,4.0,75,meta_calibration,75,64,0.14666666666666667,75
CHEMBL222,5,0.2,4.0,75,chemdeprc_cap1,75,62,0.17333333333333334,75
CHEMBL222,5,0.2,4.0,75,minp_block_bh_cap1,75,61,0.18666666666666668,75
CHEMBL222,5,0.2,4.0,75,score_cap1,75,63,0.16,75
CHEMBL222,5,0.2,4.0,75,weighted_bh,75,67,0.10666666666666667,46
CHEMBL222,5,0.2,6.0,10,meta_calibration,10,10,0.0,10
CHEMBL222,5,0.2,6.0,10,chemdeprc_cap1,10,7,0.3,10
CHEMBL222,5,0.2,6.0,10,minp_block_bh_cap1,10,8,0.2,10
CHEMBL222,5,0.2,6.0,10,score_cap1,10,6,0.4,10
CHEMBL222,5,0.2,6.0,10,weighted_bh,10,6,0.4,8
CHEMBL222,5,0.2,6.0,50,meta_calibration,50,45,0.1,50
CHEMBL222,5,0.2,6.0,50,chemdeprc_cap1,50,45,0.1,50
CHEMBL222,5,0.2,6.0,50,minp_block_bh_cap1,50,45,0.1,50
CHEMBL222,5,0.2,6.0,50,score_cap1,50,45,0.1,50
CHEMBL222,5,0.2,6.0,50,weighted_bh,50,42,0.16,39
CHEMBL222,5,0.2,6.0,75,meta_calibration,75,64,0.14666666666666667,75
CHEMBL222,5,0.2,6.0,75,chemdeprc_cap1,75,62,0.17333333333333334,75
CHEMBL222,5,0.2,6.0,75,minp_block_bh_cap1,75,61,0.18666666666666668,75
CHEMBL222,5,0.2,6.0,75,score_cap1,75,63,0.16,75
CHEMBL222,5,0.2,6.0,75,weighted_bh,75,58,0.22666666666666666,46
CHEMBL222,5,0.3,4.0,10,meta_calibration,10,10,0.0,10
CHEMBL222,5,0.3,4.0,10,chemdeprc_cap1,10,9,0.1,10
CHEMBL222,5,0.3,4.0,10,minp_block_bh_cap1,10,10,0.0,10
CHEMBL222,5,0.3,4.0,10,score_cap1,10,6,0.4,10
CHEMBL222,5,0.3,4.0,10,weighted_bh,10,10,0.0,8
CHEMBL222,5,0.3,4.0,50,meta_calibration,50,46,0.08,50
CHEMBL222,5,0.3,4.0,50,chemdeprc_cap1,50,45,0.1,50
CHEMBL222,5,0.3,4.0,50,minp_block_bh_cap1,50,46,0.08,50
CHEMBL222,5,0.3,4.0,50,score_cap1,50,44,0.12,50
CHEMBL222,5,0.3,4.0,50,weighted_bh,50,43,0.14,38
CHEMBL222,5,0.3,4.0,75,meta_calibration,75,64,0.14666666666666667,75
CHEMBL222,5,0.3,4.0,75,chemdeprc_cap1,75,60,0.2,75
CHEMBL222,5,0.3,4.0,75,minp_block_bh_cap1,75,59,0.21333333333333335,75
CHEMBL222,5,0.3,4.0,75,score_cap1,75,61,0.18666666666666668,75
CHEMBL222,5,0.3,4.0,75,weighted_bh,75,64,0.14666666666666667,46
CHEMBL222,5,0.3,6.0,10,meta_calibration,10,10,0.0,10
CHEMBL222,5,0.3,6.0,10,chemdeprc_cap1,10,8,0.2,10
CHEMBL222,5,0.3,6.0,10,minp_block_bh_cap1,10,9,0.1,10
CHEMBL222,5,0.3,6.0,10,score_cap1,10,5,0.5,10
CHEMBL222,5,0.3,6.0,10,weighted_bh,10,8,0.2,7
CHEMBL222,5,0.3,6.0,50,meta_calibration,50,47,0.06,50
CHEMBL222,5,0.3,6.0,50,chemdeprc_cap1,50,43,0.14,50
CHEMBL222,5,0.3,6.0,50,minp_block_bh_cap1,50,44,0.12,50
CHEMBL222,5,0.3,6.0,50,score_cap1,50,44,0.12,50
CHEMBL222,5,0.3,6.0,50,weighted_bh,50,40,0.2,38
CHEMBL222,5,0.3,6.0,75,meta_calibration,75,65,0.13333333333333333,75
CHEMBL222,5,0.3,6.0,75,chemdeprc_cap1,75,60,0.2,75
CHEMBL222,5,0.3,6.0,75,minp_block_bh_cap1,75,59,0.21333333333333335,75
CHEMBL222,5,0.3,6.0,75,score_cap1,75,61,0.18666666666666668,75
CHEMBL222,5,0.3,6.0,75,weighted_bh,75,58,0.22666666666666666,47
CHEMBL222,6,0.2,4.0,10,meta_calibration,10,10,0.0,10
CHEMBL222,6,0.2,4.0,10,chemdeprc_cap1,10,10,0.0,10
CHEMBL222,6,0.2,4.0,10,minp_block_bh_cap1,10,10,0.0,10
CHEMBL222,6,0.2,4.0,10,score_cap1,10,10,0.0,10
CHEMBL222,6,0.2,4.0,10,weighted_bh,10,10,0.0,8
CHEMBL222,6,0.2,4.0,50,meta_calibration,50,44,0.12,50
CHEMBL222,6,0.2,4.0,50,chemdeprc_cap1,50,46,0.08,50
CHEMBL222,6,0.2,4.0,50,minp_block_bh_cap1,50,47,0.06,50
CHEMBL222,6,0.2,4.0,50,score_cap1,50,46,0.08,50
CHEMBL222,6,0.2,4.0,50,weighted_bh,50,46,0.08,37
CHEMBL222,6,0.2,4.0,75,meta_calibration,75,63,0.16,75
CHEMBL222,6,0.2,4.0,75,chemdeprc_cap1,75,62,0.17333333333333334,75
CHEMBL222,6,0.2,4.0,75,minp_block_bh_cap1,75,61,0.18666666666666668,75
CHEMBL222,6,0.2,4.0,75,score_cap1,75,62,0.17333333333333334,75
CHEMBL222,6,0.2,4.0,75,weighted_bh,75,70,0.06666666666666667,45
CHEMBL222,6,0.2,6.0,10,meta_calibration,10,10,0.0,10
CHEMBL222,6,0.2,6.0,10,chemdeprc_cap1,10,7,0.3,10
CHEMBL222,6,0.2,6.0,10,minp_block_bh_cap1,10,8,0.2,10
CHEMBL222,6,0.2,6.0,10,score_cap1,10,8,0.2,10
CHEMBL222,6,0.2,6.0,10,weighted_bh,10,8,0.2,7
CHEMBL222,6,0.2,6.0,50,meta_calibration,50,45,0.1,50
CHEMBL222,6,0.2,6.0,50,chemdeprc_cap1,50,45,0.1,50
CHEMBL222,6,0.2,6.0,50,minp_block_bh_cap1,50,45,0.1,50
CHEMBL222,6,0.2,6.0,50,score_cap1,50,45,0.1,50
CHEMBL222,6,0.2,6.0,50,weighted_bh,50,39,0.22,37
CHEMBL222,6,0.2,6.0,75,meta_calibration,75,63,0.16,75
CHEMBL222,6,0.2,6.0,75,chemdeprc_cap1,75,62,0.17333333333333334,75
CHEMBL222,6,0.2,6.0,75,minp_block_bh_cap1,75,61,0.18666666666666668,75
CHEMBL222,6,0.2,6.0,75,score_cap1,75,62,0.17333333333333334,75
CHEMBL222,6,0.2,6.0,75,weighted_bh,75,58,0.22666666666666666,46
CHEMBL222,6,0.3,4.0,10,meta_calibration,10,9,0.1,10
CHEMBL222,6,0.3,4.0,10,chemdeprc_cap1,10,9,0.1,10
CHEMBL222,6,0.3,4.0,10,minp_block_bh_cap1,10,9,0.1,10
CHEMBL222,6,0.3,4.0,10,score_cap1,10,6,0.4,10
CHEMBL222,6,0.3,4.0,10,weighted_bh,10,9,0.1,8
CHEMBL222,6,0.3,4.0,50,meta_calibration,50,46,0.08,50
CHEMBL222,6,0.3,4.0,50,chemdeprc_cap1,50,44,0.12,50
CHEMBL222,6,0.3,4.0,50,minp_block_bh_cap1,50,45,0.1,50
CHEMBL222,6,0.3,4.0,50,score_cap1,50,44,0.12,50
CHEMBL222,6,0.3,4.0,50,weighted_bh,50,40,0.2,39
CHEMBL222,6,0.3,4.0,75,meta_calibration,75,64,0.14666666666666667,75
CHEMBL222,6,0.3,4.0,75,chemdeprc_cap1,75,61,0.18666666666666668,75
CHEMBL222,6,0.3,4.0,75,minp_block_bh_cap1,75,60,0.2,75
CHEMBL222,6,0.3,4.0,75,score_cap1,75,62,0.17333333333333334,75
CHEMBL222,6,0.3,4.0,75,weighted_bh,75,59,0.21333333333333335,46
CHEMBL222,6,0.3,6.0,10,meta_calibration,10,10,0.0,10
CHEMBL222,6,0.3,6.0,10,chemdeprc_cap1,10,7,0.3,10
CHEMBL222,6,0.3,6.0,10,minp_block_bh_cap1,10,9,0.1,10
CHEMBL222,6,0.3,6.0,10,score_cap1,10,4,0.6,10
CHEMBL222,6,0.3,6.0,10,weighted_bh,10,8,0.2,7
CHEMBL222,6,0.3,6.0,50,meta_calibration,50,46,0.08,50
CHEMBL222,6,0.3,6.0,50,chemdeprc_cap1,50,43,0.14,50
CHEMBL222,6,0.3,6.0,50,minp_block_bh_cap1,50,44,0.12,50
CHEMBL222,6,0.3,6.0,50,score_cap1,50,44,0.12,50
CHEMBL222,6,0.3,6.0,50,weighted_bh,50,36,0.28,36
CHEMBL222,6,0.3,6.0,75,meta_calibration,75,64,0.14666666666666667,75
CHEMBL222,6,0.3,6.0,75,chemdeprc_cap1,75,61,0.18666666666666668,75
CHEMBL222,6,0.3,6.0,75,minp_block_bh_cap1,75,60,0.2,75
CHEMBL222,6,0.3,6.0,75,score_cap1,75,62,0.17333333333333334,75
CHEMBL222,6,0.3,6.0,75,weighted_bh,75,58,0.22666666666666666,47
CHEMBL222,7,0.2,4.0,10,meta_calibration,10,10,0.0,10
CHEMBL222,7,0.2,4.0,10,chemdeprc_cap1,10,9,0.1,10
CHEMBL222,7,0.2,4.0,10,minp_block_bh_cap1,10,10,0.0,10
CHEMBL222,7,0.2,4.0,10,score_cap1,10,8,0.2,10
CHEMBL222,7,0.2,4.0,10,weighted_bh,10,10,0.0,8
CHEMBL222,7,0.2,4.0,50,meta_calibration,50,45,0.1,50
CHEMBL222,7,0.2,4.0,50,chemdeprc_cap1,50,45,0.1,50
CHEMBL222,7,0.2,4.0,50,minp_block_bh_cap1,50,47,0.06,50
CHEMBL222,7,0.2,4.0,50,score_cap1,50,45,0.1,50
CHEMBL222,7,0.2,4.0,50,weighted_bh,50,41,0.18,37
CHEMBL222,7,0.2,4.0,75,meta_calibration,75,64,0.14666666666666667,75
CHEMBL222,7,0.2,4.0,75,chemdeprc_cap1,75,62,0.17333333333333334,75
CHEMBL222,7,0.2,4.0,75,minp_block_bh_cap1,75,61,0.18666666666666668,75
CHEMBL222,7,0.2,4.0,75,score_cap1,75,62,0.17333333333333334,75
CHEMBL222,7,0.2,4.0,75,weighted_bh,75,65,0.13333333333333333,45
CHEMBL222,7,0.2,6.0,10,meta_calibration,10,10,0.0,10
CHEMBL222,7,0.2,6.0,10,chemdeprc_cap1,10,7,0.3,10
CHEMBL222,7,0.2,6.0,10,minp_block_bh_cap1,10,10,0.0,10
CHEMBL222,7,0.2,6.0,10,score_cap1,10,6,0.4,10
CHEMBL222,7,0.2,6.0,10,weighted_bh,10,10,0.0,8
CHEMBL222,7,0.2,6.0,50,meta_calibration,50,47,0.06,50
CHEMBL222,7,0.2,6.0,50,chemdeprc_cap1,50,45,0.1,50
CHEMBL222,7,0.2,6.0,50,minp_block_bh_cap1,50,46,0.08,50
CHEMBL222,7,0.2,6.0,50,score_cap1,50,45,0.1,50
CHEMBL222,7,0.2,6.0,50,weighted_bh,50,38,0.24,35
CHEMBL222,7,0.2,6.0,75,meta_calibration,75,64,0.14666666666666667,75
CHEMBL222,7,0.2,6.0,75,chemdeprc_cap1,75,62,0.17333333333333334,75
CHEMBL222,7,0.2,6.0,75,minp_block_bh_cap1,75,61,0.18666666666666668,75
CHEMBL222,7,0.2,6.0,75,score_cap1,75,62,0.17333333333333334,75
CHEMBL222,7,0.2,6.0,75,weighted_bh,75,58,0.22666666666666666,45
CHEMBL222,7,0.3,4.0,10,meta_calibration,10,9,0.1,10
CHEMBL222,7,0.3,4.0,10,chemdeprc_cap1,10,9,0.1,10
CHEMBL222,7,0.3,4.0,10,minp_block_bh_cap1,10,9,0.1,10
CHEMBL222,7,0.3,4.0,10,score_cap1,10,8,0.2,10
CHEMBL222,7,0.3,4.0,10,weighted_bh,10,9,0.1,8
CHEMBL222,7,0.3,4.0,50,meta_calibration,50,45,0.1,50
CHEMBL222,7,0.3,4.0,50,chemdeprc_cap1,50,45,0.1,50
CHEMBL222,7,0.3,4.0,50,minp_block_bh_cap1,50,46,0.08,50
CHEMBL222,7,0.3,4.0,50,score_cap1,50,45,0.1,50
CHEMBL222,7,0.3,4.0,50,weighted_bh,50,43,0.14,39
CHEMBL222,7,0.3,4.0,75,meta_calibration,75,63,0.16,75
CHEMBL222,7,0.3,4.0,75,chemdeprc_cap1,75,61,0.18666666666666668,75
CHEMBL222,7,0.3,4.0,75,minp_block_bh_cap1,75,60,0.2,75
CHEMBL222,7,0.3,4.0,75,score_cap1,75,62,0.17333333333333334,75
CHEMBL222,7,0.3,4.0,75,weighted_bh,75,65,0.13333333333333333,46
CHEMBL222,7,0.3,6.0,10,meta_calibration,10,10,0.0,10
CHEMBL222,7,0.3,6.0,10,chemdeprc_cap1,10,7,0.3,10
CHEMBL222,7,0.3,6.0,10,minp_block_bh_cap1,10,8,0.2,10
CHEMBL222,7,0.3,6.0,10,score_cap1,10,5,0.5,10
CHEMBL222,7,0.3,6.0,10,weighted_bh,10,8,0.2,7
CHEMBL222,7,0.3,6.0,50,meta_calibration,50,46,0.08,50
CHEMBL222,7,0.3,6.0,50,chemdeprc_cap1,50,43,0.14,50
CHEMBL222,7,0.3,6.0,50,minp_block_bh_cap1,50,43,0.14,50
CHEMBL222,7,0.3,6.0,50,score_cap1,50,44,0.12,50
CHEMBL222,7,0.3,6.0,50,weighted_bh,50,36,0.28,36
CHEMBL222,7,0.3,6.0,75,meta_calibration,75,64,0.14666666666666667,75
CHEMBL222,7,0.3,6.0,75,chemdeprc_cap1,75,61,0.18666666666666668,75
CHEMBL222,7,0.3,6.0,75,minp_block_bh_cap1,75,60,0.2,75
CHEMBL222,7,0.3,6.0,75,score_cap1,75,62,0.17333333333333334,75
CHEMBL222,7,0.3,6.0,75,weighted_bh,75,57,0.24,46
CHEMBL222,8,0.2,4.0,10,meta_calibration,10,10,0.0,10
CHEMBL222,8,0.2,4.0,10,chemdeprc_cap1,10,10,0.0,10
CHEMBL222,8,0.2,4.0,10,minp_block_bh_cap1,10,10,0.0,10
CHEMBL222,8,0.2,4.0,10,score_cap1,10,8,0.2,10
CHEMBL222,8,0.2,4.0,10,weighted_bh,10,10,0.0,8
CHEMBL222,8,0.2,4.0,50,meta_calibration,50,46,0.08,50
CHEMBL222,8,0.2,4.0,50,chemdeprc_cap1,50,46,0.08,50
CHEMBL222,8,0.2,4.0,50,minp_block_bh_cap1,50,47,0.06,50
CHEMBL222,8,0.2,4.0,50,score_cap1,50,46,0.08,50
CHEMBL222,8,0.2,4.0,50,weighted_bh,50,48,0.04,38
CHEMBL222,8,0.2,4.0,75,meta_calibration,75,65,0.13333333333333333,75
CHEMBL222,8,0.2,4.0,75,chemdeprc_cap1,75,62,0.17333333333333334,75
CHEMBL222,8,0.2,4.0,75,minp_block_bh_cap1,75,62,0.17333333333333334,75
CHEMBL222,8,0.2,4.0,75,score_cap1,75,62,0.17333333333333334,75
CHEMBL222,8,0.2,4.0,75,weighted_bh,75,71,0.05333333333333334,45
CHEMBL222,8,0.2,6.0,10,meta_calibration,10,10,0.0,10
CHEMBL222,8,0.2,6.0,10,chemdeprc_cap1,10,8,0.2,10
CHEMBL222,8,0.2,6.0,10,minp_block_bh_cap1,10,9,0.1,10
CHEMBL222,8,0.2,6.0,10,score_cap1,10,7,0.3,10
CHEMBL222,8,0.2,6.0,10,weighted_bh,10,8,0.2,7
CHEMBL222,8,0.2,6.0,50,meta_calibration,50,46,0.08,50
CHEMBL222,8,0.2,6.0,50,chemdeprc_cap1,50,45,0.1,50
CHEMBL222,8,0.2,6.0,50,minp_block_bh_cap1,50,46,0.08,50
CHEMBL222,8,0.2,6.0,50,score_cap1,50,45,0.1,50
CHEMBL222,8,0.2,6.0,50,weighted_bh,50,44,0.12,38
CHEMBL222,8,0.2,6.0,75,meta_calibration,75,65,0.13333333333333333,75
CHEMBL222,8,0.2,6.0,75,chemdeprc_cap1,75,62,0.17333333333333334,75
CHEMBL222,8,0.2,6.0,75,minp_block_bh_cap1,75,62,0.17333333333333334,75
CHEMBL222,8,0.2,6.0,75,score_cap1,75,62,0.17333333333333334,75
CHEMBL222,8,0.2,6.0,75,weighted_bh,75,60,0.2,45
CHEMBL222,8,0.3,4.0,10,meta_calibration,10,10,0.0,10
CHEMBL222,8,0.3,4.0,10,chemdeprc_cap1,10,9,0.1,10
CHEMBL222,8,0.3,4.0,10,minp_block_bh_cap1,10,10,0.0,10
CHEMBL222,8,0.3,4.0,10,score_cap1,10,7,0.3,10
CHEMBL222,8,0.3,4.0,10,weighted_bh,10,10,0.0,8
CHEMBL222,8,0.3,4.0,50,meta_calibration,50,45,0.1,50
CHEMBL222,8,0.3,4.0,50,chemdeprc_cap1,50,44,0.12,50
CHEMBL222,8,0.3,4.0,50,minp_block_bh_cap1,50,47,0.06,50
CHEMBL222,8,0.3,4.0,50,score_cap1,50,44,0.12,50
CHEMBL222,8,0.3,4.0,50,weighted_bh,50,41,0.18,37
CHEMBL222,8,0.3,4.0,75,meta_calibration,75,64,0.14666666666666667,75
CHEMBL222,8,0.3,4.0,75,chemdeprc_cap1,75,60,0.2,75
CHEMBL222,8,0.3,4.0,75,minp_block_bh_cap1,75,59,0.21333333333333335,75
CHEMBL222,8,0.3,4.0,75,score_cap1,75,61,0.18666666666666668,75
CHEMBL222,8,0.3,4.0,75,weighted_bh,75,65,0.13333333333333333,45
CHEMBL222,8,0.3,6.0,10,meta_calibration,10,10,0.0,10
CHEMBL222,8,0.3,6.0,10,chemdeprc_cap1,10,7,0.3,10
CHEMBL222,8,0.3,6.0,10,minp_block_bh_cap1,10,9,0.1,10
CHEMBL222,8,0.3,6.0,10,score_cap1,10,5,0.5,10
CHEMBL222,8,0.3,6.0,10,weighted_bh,10,8,0.2,7
CHEMBL222,8,0.3,6.0,50,meta_calibration,50,47,0.06,50
CHEMBL222,8,0.3,6.0,50,chemdeprc_cap1,50,43,0.14,50
CHEMBL222,8,0.3,6.0,50,minp_block_bh_cap1,50,45,0.1,50
CHEMBL222,8,0.3,6.0,50,score_cap1,50,43,0.14,50
CHEMBL222,8,0.3,6.0,50,weighted_bh,50,36,0.28,35
CHEMBL222,8,0.3,6.0,75,meta_calibration,75,65,0.13333333333333333,75
CHEMBL222,8,0.3,6.0,75,chemdeprc_cap1,75,60,0.2,75
CHEMBL222,8,0.3,6.0,75,minp_block_bh_cap1,75,59,0.21333333333333335,75
CHEMBL222,8,0.3,6.0,75,score_cap1,75,61,0.18666666666666668,75
CHEMBL222,8,0.3,6.0,75,weighted_bh,75,57,0.24,45
CHEMBL222,9,0.2,4.0,10,meta_calibration,10,10,0.0,10
CHEMBL222,9,0.2,4.0,10,chemdeprc_cap1,10,10,0.0,10
CHEMBL222,9,0.2,4.0,10,minp_block_bh_cap1,10,10,0.0,10
CHEMBL222,9,0.2,4.0,10,score_cap1,10,9,0.1,10
CHEMBL222,9,0.2,4.0,10,weighted_bh,10,10,0.0,8
CHEMBL222,9,0.2,4.0,50,meta_calibration,50,45,0.1,50
CHEMBL222,9,0.2,4.0,50,chemdeprc_cap1,50,46,0.08,50
CHEMBL222,9,0.2,4.0,50,minp_block_bh_cap1,50,47,0.06,50
CHEMBL222,9,0.2,4.0,50,score_cap1,50,45,0.1,50
CHEMBL222,9,0.2,4.0,50,weighted_bh,50,46,0.08,37
CHEMBL222,9,0.2,4.0,75,meta_calibration,75,64,0.14666666666666667,75
CHEMBL222,9,0.2,4.0,75,chemdeprc_cap1,75,62,0.17333333333333334,75
CHEMBL222,9,0.2,4.0,75,minp_block_bh_cap1,75,61,0.18666666666666668,75
CHEMBL222,9,0.2,4.0,75,score_cap1,75,62,0.17333333333333334,75
CHEMBL222,9,0.2,4.0,75,weighted_bh,75,70,0.06666666666666667,45
CHEMBL222,9,0.2,6.0,10,meta_calibration,10,10,0.0,10
CHEMBL222,9,0.2,6.0,10,chemdeprc_cap1,10,7,0.3,10
CHEMBL222,9,0.2,6.0,10,minp_block_bh_cap1,10,9,0.1,10
CHEMBL222,9,0.2,6.0,10,score_cap1,10,7,0.3,10
CHEMBL222,9,0.2,6.0,10,weighted_bh,10,8,0.2,7
CHEMBL222,9,0.2,6.0,50,meta_calibration,50,46,0.08,50
CHEMBL222,9,0.2,6.0,50,chemdeprc_cap1,50,45,0.1,50
CHEMBL222,9,0.2,6.0,50,minp_block_bh_cap1,50,46,0.08,50
CHEMBL222,9,0.2,6.0,50,score_cap1,50,45,0.1,50
CHEMBL222,9,0.2,6.0,50,weighted_bh,50,41,0.18,37
CHEMBL222,9,0.2,6.0,75,meta_calibration,75,64,0.14666666666666667,75
CHEMBL222,9,0.2,6.0,75,chemdeprc_cap1,75,62,0.17333333333333334,75
CHEMBL222,9,0.2,6.0,75,minp_block_bh_cap1,75,61,0.18666666666666668,75
CHEMBL222,9,0.2,6.0,75,score_cap1,75,62,0.17333333333333334,75
CHEMBL222,9,0.2,6.0,75,weighted_bh,75,58,0.22666666666666666,45
CHEMBL222,9,0.3,4.0,10,meta_calibration,10,10,0.0,10
CHEMBL222,9,0.3,4.0,10,chemdeprc_cap1,10,10,0.0,10
CHEMBL222,9,0.3,4.0,10,minp_block_bh_cap1,10,10,0.0,10
CHEMBL222,9,0.3,4.0,10,score_cap1,10,8,0.2,10
CHEMBL222,9,0.3,4.0,10,weighted_bh,10,10,0.0,8
CHEMBL222,9,0.3,4.0,50,meta_calibration,50,46,0.08,50
CHEMBL222,9,0.3,4.0,50,chemdeprc_cap1,50,44,0.12,50
CHEMBL222,9,0.3,4.0,50,minp_block_bh_cap1,50,46,0.08,50
CHEMBL222,9,0.3,4.0,50,score_cap1,50,44,0.12,50
CHEMBL222,9,0.3,4.0,50,weighted_bh,50,45,0.1,38
CHEMBL222,9,0.3,4.0,75,meta_calibration,75,64,0.14666666666666667,75
CHEMBL222,9,0.3,4.0,75,chemdeprc_cap1,75,60,0.2,75
CHEMBL222,9,0.3,4.0,75,minp_block_bh_cap1,75,59,0.21333333333333335,75
CHEMBL222,9,0.3,4.0,75,score_cap1,75,60,0.2,75
CHEMBL222,9,0.3,4.0,75,weighted_bh,75,62,0.17333333333333334,46
CHEMBL222,9,0.3,6.0,10,meta_calibration,10,10,0.0,10
CHEMBL222,9,0.3,6.0,10,chemdeprc_cap1,10,7,0.3,10
CHEMBL222,9,0.3,6.0,10,minp_block_bh_cap1,10,9,0.1,10
CHEMBL222,9,0.3,6.0,10,score_cap1,10,5,0.5,10
CHEMBL222,9,0.3,6.0,10,weighted_bh,10,8,0.2,7
CHEMBL222,9,0.3,6.0,50,meta_calibration,50,46,0.08,50
CHEMBL222,9,0.3,6.0,50,chemdeprc_cap1,50,43,0.14,50
CHEMBL222,9,0.3,6.0,50,minp_block_bh_cap1,50,44,0.12,50
CHEMBL222,9,0.3,6.0,50,score_cap1,50,44,0.12,50
CHEMBL222,9,0.3,6.0,50,weighted_bh,50,36,0.28,35
CHEMBL222,9,0.3,6.0,75,meta_calibration,75,64,0.14666666666666667,75
CHEMBL222,9,0.3,6.0,75,chemdeprc_cap1,75,60,0.2,75
CHEMBL222,9,0.3,6.0,75,minp_block_bh_cap1,75,59,0.21333333333333335,75
CHEMBL222,9,0.3,6.0,75,score_cap1,75,60,0.2,75
CHEMBL222,9,0.3,6.0,75,weighted_bh,75,58,0.22666666666666666,46
CHEMBL225,0,0.2,4.0,10,meta_calibration,10,9,0.1,10
CHEMBL225,0,0.2,4.0,10,chemdeprc_cap1,10,6,0.4,10
CHEMBL225,0,0.2,4.0,10,minp_block_bh_cap1,10,10,0.0,10
CHEMBL225,0,0.2,4.0,10,score_cap1,10,7,0.3,10
CHEMBL225,0,0.2,4.0,10,weighted_bh,10,10,0.0,10
CHEMBL225,0,0.2,4.0,50,meta_calibration,50,40,0.2,50
CHEMBL225,0,0.2,4.0,50,chemdeprc_cap1,50,40,0.2,50
CHEMBL225,0,0.2,4.0,50,minp_block_bh_cap1,50,36,0.28,50
CHEMBL225,0,0.2,4.0,50,score_cap1,50,40,0.2,50
CHEMBL225,0,0.2,4.0,50,weighted_bh,50,35,0.3,38
CHEMBL225,0,0.2,4.0,75,meta_calibration,75,58,0.22666666666666666,75
CHEMBL225,0,0.2,4.0,75,chemdeprc_cap1,75,55,0.26666666666666666,75
CHEMBL225,0,0.2,4.0,75,minp_block_bh_cap1,75,54,0.28,75
CHEMBL225,0,0.2,4.0,75,score_cap1,75,57,0.24,75
CHEMBL225,0,0.2,4.0,75,weighted_bh,75,52,0.30666666666666664,52
CHEMBL225,0,0.2,6.0,10,meta_calibration,10,9,0.1,10
CHEMBL225,0,0.2,6.0,10,chemdeprc_cap1,10,6,0.4,10
CHEMBL225,0,0.2,6.0,10,minp_block_bh_cap1,10,10,0.0,10
CHEMBL225,0,0.2,6.0,10,score_cap1,10,7,0.3,10
CHEMBL225,0,0.2,6.0,10,weighted_bh,10,10,0.0,10
CHEMBL225,0,0.2,6.0,50,meta_calibration,50,41,0.18,50
CHEMBL225,0,0.2,6.0,50,chemdeprc_cap1,50,40,0.2,50
CHEMBL225,0,0.2,6.0,50,minp_block_bh_cap1,50,36,0.28,50
CHEMBL225,0,0.2,6.0,50,score_cap1,50,40,0.2,50
CHEMBL225,0,0.2,6.0,50,weighted_bh,50,35,0.3,38
CHEMBL225,0,0.2,6.0,75,meta_calibration,75,58,0.22666666666666666,75
CHEMBL225,0,0.2,6.0,75,chemdeprc_cap1,75,55,0.26666666666666666,75
CHEMBL225,0,0.2,6.0,75,minp_block_bh_cap1,75,54,0.28,75
CHEMBL225,0,0.2,6.0,75,score_cap1,75,57,0.24,75
CHEMBL225,0,0.2,6.0,75,weighted_bh,75,52,0.30666666666666664,52
CHEMBL225,0,0.3,4.0,10,meta_calibration,10,9,0.1,10
CHEMBL225,0,0.3,4.0,10,chemdeprc_cap1,10,7,0.3,10
CHEMBL225,0,0.3,4.0,10,minp_block_bh_cap1,10,10,0.0,10
CHEMBL225,0,0.3,4.0,10,score_cap1,10,5,0.5,10
CHEMBL225,0,0.3,4.0,10,weighted_bh,10,10,0.0,10
CHEMBL225,0,0.3,4.0,50,meta_calibration,50,41,0.18,50
CHEMBL225,0,0.3,4.0,50,chemdeprc_cap1,50,39,0.22,50
CHEMBL225,0,0.3,4.0,50,minp_block_bh_cap1,50,37,0.26,50
CHEMBL225,0,0.3,4.0,50,score_cap1,50,39,0.22,50
CHEMBL225,0,0.3,4.0,50,weighted_bh,50,36,0.28,37
CHEMBL225,0,0.3,4.0,75,meta_calibration,75,58,0.22666666666666666,75
CHEMBL225,0,0.3,4.0,75,chemdeprc_cap1,75,54,0.28,75
CHEMBL225,0,0.3,4.0,75,minp_block_bh_cap1,75,53,0.29333333333333333,75
CHEMBL225,0,0.3,4.0,75,score_cap1,75,56,0.25333333333333335,75
CHEMBL225,0,0.3,4.0,75,weighted_bh,75,51,0.32,51
CHEMBL225,0,0.3,6.0,10,meta_calibration,10,9,0.1,10
CHEMBL225,0,0.3,6.0,10,chemdeprc_cap1,10,6,0.4,10
CHEMBL225,0,0.3,6.0,10,minp_block_bh_cap1,10,10,0.0,10
CHEMBL225,0,0.3,6.0,10,score_cap1,10,5,0.5,10
CHEMBL225,0,0.3,6.0,10,weighted_bh,10,10,0.0,10
CHEMBL225,0,0.3,6.0,50,meta_calibration,50,42,0.16,50
CHEMBL225,0,0.3,6.0,50,chemdeprc_cap1,50,39,0.22,50
CHEMBL225,0,0.3,6.0,50,minp_block_bh_cap1,50,37,0.26,50
CHEMBL225,0,0.3,6.0,50,score_cap1,50,39,0.22,50
CHEMBL225,0,0.3,6.0,50,weighted_bh,50,36,0.28,37
CHEMBL225,0,0.3,6.0,75,meta_calibration,75,59,0.21333333333333335,75
CHEMBL225,0,0.3,6.0,75,chemdeprc_cap1,75,54,0.28,75
CHEMBL225,0,0.3,6.0,75,minp_block_bh_cap1,75,53,0.29333333333333333,75
CHEMBL225,0,0.3,6.0,75,score_cap1,75,56,0.25333333333333335,75
CHEMBL225,0,0.3,6.0,75,weighted_bh,75,51,0.32,51
CHEMBL225,1,0.2,4.0,10,meta_calibration,10,9,0.1,10
CHEMBL225,1,0.2,4.0,10,chemdeprc_cap1,10,7,0.3,10
CHEMBL225,1,0.2,4.0,10,minp_block_bh_cap1,10,10,0.0,10
CHEMBL225,1,0.2,4.0,10,score_cap1,10,7,0.3,10
CHEMBL225,1,0.2,4.0,10,weighted_bh,10,10,0.0,10
CHEMBL225,1,0.2,4.0,50,meta_calibration,50,42,0.16,50
CHEMBL225,1,0.2,4.0,50,chemdeprc_cap1,50,40,0.2,50
CHEMBL225,1,0.2,4.0,50,minp_block_bh_cap1,50,37,0.26,50
CHEMBL225,1,0.2,4.0,50,score_cap1,50,41,0.18,50
CHEMBL225,1,0.2,4.0,50,weighted_bh,50,36,0.28,37
CHEMBL225,1,0.2,4.0,75,meta_calibration,75,59,0.21333333333333335,75
CHEMBL225,1,0.2,4.0,75,chemdeprc_cap1,75,56,0.25333333333333335,75
CHEMBL225,1,0.2,4.0,75,minp_block_bh_cap1,75,54,0.28,75
CHEMBL225,1,0.2,4.0,75,score_cap1,75,58,0.22666666666666666,75
CHEMBL225,1,0.2,4.0,75,weighted_bh,75,51,0.32,51
CHEMBL225,1,0.2,6.0,10,meta_calibration,10,9,0.1,10
CHEMBL225,1,0.2,6.0,10,chemdeprc_cap1,10,7,0.3,10
CHEMBL225,1,0.2,6.0,10,minp_block_bh_cap1,10,10,0.0,10
CHEMBL225,1,0.2,6.0,10,score_cap1,10,7,0.3,10
CHEMBL225,1,0.2,6.0,10,weighted_bh,10,10,0.0,10
CHEMBL225,1,0.2,6.0,50,meta_calibration,50,43,0.14,50
CHEMBL225,1,0.2,6.0,50,chemdeprc_cap1,50,40,0.2,50
CHEMBL225,1,0.2,6.0,50,minp_block_bh_cap1,50,37,0.26,50
CHEMBL225,1,0.2,6.0,50,score_cap1,50,41,0.18,50
CHEMBL225,1,0.2,6.0,50,weighted_bh,50,36,0.28,37
CHEMBL225,1,0.2,6.0,75,meta_calibration,75,59,0.21333333333333335,75
CHEMBL225,1,0.2,6.0,75,chemdeprc_cap1,75,56,0.25333333333333335,75
CHEMBL225,1,0.2,6.0,75,minp_block_bh_cap1,75,54,0.28,75
CHEMBL225,1,0.2,6.0,75,score_cap1,75,58,0.22666666666666666,75
CHEMBL225,1,0.2,6.0,75,weighted_bh,75,51,0.32,51
CHEMBL225,1,0.3,4.0,10,meta_calibration,10,9,0.1,10
CHEMBL225,1,0.3,4.0,10,chemdeprc_cap1,10,8,0.2,10
CHEMBL225,1,0.3,4.0,10,minp_block_bh_cap1,10,10,0.0,10
CHEMBL225,1,0.3,4.0,10,score_cap1,10,6,0.4,10
CHEMBL225,1,0.3,4.0,10,weighted_bh,10,10,0.0,10
CHEMBL225,1,0.3,4.0,50,meta_calibration,50,41,0.18,50
CHEMBL225,1,0.3,4.0,50,chemdeprc_cap1,50,39,0.22,50
CHEMBL225,1,0.3,4.0,50,minp_block_bh_cap1,50,37,0.26,50
CHEMBL225,1,0.3,4.0,50,score_cap1,50,39,0.22,50
CHEMBL225,1,0.3,4.0,50,weighted_bh,50,39,0.22,37
CHEMBL225,1,0.3,4.0,75,meta_calibration,75,58,0.22666666666666666,75
CHEMBL225,1,0.3,4.0,75,chemdeprc_cap1,75,54,0.28,75
CHEMBL225,1,0.3,4.0,75,minp_block_bh_cap1,75,53,0.29333333333333333,75
CHEMBL225,1,0.3,4.0,75,score_cap1,75,55,0.26666666666666666,75
CHEMBL225,1,0.3,4.0,75,weighted_bh,75,52,0.30666666666666664,51
CHEMBL225,1,0.3,6.0,10,meta_calibration,10,9,0.1,10
CHEMBL225,1,0.3,6.0,10,chemdeprc_cap1,10,6,0.4,10
CHEMBL225,1,0.3,6.0,10,minp_block_bh_cap1,10,10,0.0,10
CHEMBL225,1,0.3,6.0,10,score_cap1,10,5,0.5,10
CHEMBL225,1,0.3,6.0,10,weighted_bh,10,10,0.0,10
CHEMBL225,1,0.3,6.0,50,meta_calibration,50,41,0.18,50
CHEMBL225,1,0.3,6.0,50,chemdeprc_cap1,50,39,0.22,50
CHEMBL225,1,0.3,6.0,50,minp_block_bh_cap1,50,37,0.26,50
CHEMBL225,1,0.3,6.0,50,score_cap1,50,39,0.22,50
CHEMBL225,1,0.3,6.0,50,weighted_bh,50,39,0.22,37
CHEMBL225,1,0.3,6.0,75,meta_calibration,75,58,0.22666666666666666,75
CHEMBL225,1,0.3,6.0,75,chemdeprc_cap1,75,54,0.28,75
CHEMBL225,1,0.3,6.0,75,minp_block_bh_cap1,75,53,0.29333333333333333,75
CHEMBL225,1,0.3,6.0,75,score_cap1,75,55,0.26666666666666666,75
CHEMBL225,1,0.3,6.0,75,weighted_bh,75,52,0.30666666666666664,51
CHEMBL225,2,0.2,4.0,10,meta_calibration,10,9,0.1,10
CHEMBL225,2,0.2,4.0,10,chemdeprc_cap1,10,8,0.2,10
CHEMBL225,2,0.2,4.0,10,minp_block_bh_cap1,10,10,0.0,10
CHEMBL225,2,0.2,4.0,10,score_cap1,10,7,0.3,10
CHEMBL225,2,0.2,4.0,10,weighted_bh,10,10,0.0,10
CHEMBL225,2,0.2,4.0,50,meta_calibration,50,43,0.14,50
CHEMBL225,2,0.2,4.0,50,chemdeprc_cap1,50,40,0.2,50
CHEMBL225,2,0.2,4.0,50,minp_block_bh_cap1,50,37,0.26,50
CHEMBL225,2,0.2,4.0,50,score_cap1,50,41,0.18,50
CHEMBL225,2,0.2,4.0,50,weighted_bh,50,41,0.18,36
CHEMBL225,2,0.2,4.0,75,meta_calibration,75,59,0.21333333333333335,75
CHEMBL225,2,0.2,4.0,75,chemdeprc_cap1,75,56,0.25333333333333335,75
CHEMBL225,2,0.2,4.0,75,minp_block_bh_cap1,75,54,0.28,75
CHEMBL225,2,0.2,4.0,75,score_cap1,75,57,0.24,75
CHEMBL225,2,0.2,4.0,75,weighted_bh,75,54,0.28,50
CHEMBL225,2,0.2,6.0,10,meta_calibration,10,9,0.1,10
CHEMBL225,2,0.2,6.0,10,chemdeprc_cap1,10,8,0.2,10
CHEMBL225,2,0.2,6.0,10,minp_block_bh_cap1,10,10,0.0,10
CHEMBL225,2,0.2,6.0,10,score_cap1,10,7,0.3,10
CHEMBL225,2,0.2,6.0,10,weighted_bh,10,10,0.0,10
CHEMBL225,2,0.2,6.0,50,meta_calibration,50,43,0.14,50
CHEMBL225,2,0.2,6.0,50,chemdeprc_cap1,50,40,0.2,50
CHEMBL225,2,0.2,6.0,50,minp_block_bh_cap1,50,37,0.26,50
CHEMBL225,2,0.2,6.0,50,score_cap1,50,41,0.18,50
CHEMBL225,2,0.2,6.0,50,weighted_bh,50,41,0.18,36
CHEMBL225,2,0.2,6.0,75,meta_calibration,75,59,0.21333333333333335,75
CHEMBL225,2,0.2,6.0,75,chemdeprc_cap1,75,56,0.25333333333333335,75
CHEMBL225,2,0.2,6.0,75,minp_block_bh_cap1,75,54,0.28,75
CHEMBL225,2,0.2,6.0,75,score_cap1,75,57,0.24,75
CHEMBL225,2,0.2,6.0,75,weighted_bh,75,54,0.28,50
CHEMBL225,2,0.3,4.0,10,meta_calibration,10,9,0.1,10
CHEMBL225,2,0.3,4.0,10,chemdeprc_cap1,10,6,0.4,10
CHEMBL225,2,0.3,4.0,10,minp_block_bh_cap1,10,10,0.0,10
CHEMBL225,2,0.3,4.0,10,score_cap1,10,5,0.5,10
CHEMBL225,2,0.3,4.0,10,weighted_bh,10,10,0.0,10
CHEMBL225,2,0.3,4.0,50,meta_calibration,50,40,0.2,50
CHEMBL225,2,0.3,4.0,50,chemdeprc_cap1,50,39,0.22,50
CHEMBL225,2,0.3,4.0,50,minp_block_bh_cap1,50,36,0.28,50
CHEMBL225,2,0.3,4.0,50,score_cap1,50,39,0.22,50
CHEMBL225,2,0.3,4.0,50,weighted_bh,50,36,0.28,38
CHEMBL225,2,0.3,4.0,75,meta_calibration,75,58,0.22666666666666666,75
CHEMBL225,2,0.3,4.0,75,chemdeprc_cap1,75,54,0.28,75
CHEMBL225,2,0.3,4.0,75,minp_block_bh_cap1,75,53,0.29333333333333333,75
CHEMBL225,2,0.3,4.0,75,score_cap1,75,57,0.24,75
CHEMBL225,2,0.3,4.0,75,weighted_bh,75,51,0.32,52
CHEMBL225,2,0.3,6.0,10,meta_calibration,10,9,0.1,10
CHEMBL225,2,0.3,6.0,10,chemdeprc_cap1,10,5,0.5,10
CHEMBL225,2,0.3,6.0,10,minp_block_bh_cap1,10,10,0.0,10
CHEMBL225,2,0.3,6.0,10,score_cap1,10,5,0.5,10
CHEMBL225,2,0.3,6.0,10,weighted_bh,10,10,0.0,10
CHEMBL225,2,0.3,6.0,50,meta_calibration,50,43,0.14,50
CHEMBL225,2,0.3,6.0,50,chemdeprc_cap1,50,39,0.22,50
CHEMBL225,2,0.3,6.0,50,minp_block_bh_cap1,50,36,0.28,50
CHEMBL225,2,0.3,6.0,50,score_cap1,50,39,0.22,50
CHEMBL225,2,0.3,6.0,50,weighted_bh,50,36,0.28,38
CHEMBL225,2,0.3,6.0,75,meta_calibration,75,59,0.21333333333333335,75
CHEMBL225,2,0.3,6.0,75,chemdeprc_cap1,75,54,0.28,75
CHEMBL225,2,0.3,6.0,75,minp_block_bh_cap1,75,53,0.29333333333333333,75
CHEMBL225,2,0.3,6.0,75,score_cap1,75,57,0.24,75
CHEMBL225,2,0.3,6.0,75,weighted_bh,75,51,0.32,52
CHEMBL225,3,0.2,4.0,10,meta_calibration,10,9,0.1,10
CHEMBL225,3,0.2,4.0,10,chemdeprc_cap1,10,8,0.2,10
CHEMBL225,3,0.2,4.0,10,minp_block_bh_cap1,10,10,0.0,10
CHEMBL225,3,0.2,4.0,10,score_cap1,10,7,0.3,10
CHEMBL225,3,0.2,4.0,10,weighted_bh,10,10,0.0,10
CHEMBL225,3,0.2,4.0,50,meta_calibration,50,41,0.18,50
CHEMBL225,3,0.2,4.0,50,chemdeprc_cap1,50,39,0.22,50
CHEMBL225,3,0.2,4.0,50,minp_block_bh_cap1,50,37,0.26,50
CHEMBL225,3,0.2,4.0,50,score_cap1,50,40,0.2,50
CHEMBL225,3,0.2,4.0,50,weighted_bh,50,39,0.22,36
CHEMBL225,3,0.2,4.0,75,meta_calibration,75,58,0.22666666666666666,75
CHEMBL225,3,0.2,4.0,75,chemdeprc_cap1,75,55,0.26666666666666666,75
CHEMBL225,3,0.2,4.0,75,minp_block_bh_cap1,75,54,0.28,75
CHEMBL225,3,0.2,4.0,75,score_cap1,75,56,0.25333333333333335,75
CHEMBL225,3,0.2,4.0,75,weighted_bh,75,54,0.28,50
CHEMBL225,3,0.2,6.0,10,meta_calibration,10,9,0.1,10
CHEMBL225,3,0.2,6.0,10,chemdeprc_cap1,10,7,0.3,10
CHEMBL225,3,0.2,6.0,10,minp_block_bh_cap1,10,10,0.0,10
CHEMBL225,3,0.2,6.0,10,score_cap1,10,7,0.3,10
CHEMBL225,3,0.2,6.0,10,weighted_bh,10,10,0.0,10
CHEMBL225,3,0.2,6.0,50,meta_calibration,50,41,0.18,50
CHEMBL225,3,0.2,6.0,50,chemdeprc_cap1,50,39,0.22,50
CHEMBL225,3,0.2,6.0,50,minp_block_bh_cap1,50,37,0.26,50
CHEMBL225,3,0.2,6.0,50,score_cap1,50,40,0.2,50
CHEMBL225,3,0.2,6.0,50,weighted_bh,50,39,0.22,36
CHEMBL225,3,0.2,6.0,75,meta_calibration,75,58,0.22666666666666666,75
CHEMBL225,3,0.2,6.0,75,chemdeprc_cap1,75,55,0.26666666666666666,75
CHEMBL225,3,0.2,6.0,75,minp_block_bh_cap1,75,54,0.28,75
CHEMBL225,3,0.2,6.0,75,score_cap1,75,56,0.25333333333333335,75
CHEMBL225,3,0.2,6.0,75,weighted_bh,75,54,0.28,50
CHEMBL225,3,0.3,4.0,10,meta_calibration,10,9,0.1,10
CHEMBL225,3,0.3,4.0,10,chemdeprc_cap1,10,5,0.5,10
CHEMBL225,3,0.3,4.0,10,minp_block_bh_cap1,10,10,0.0,10
CHEMBL225,3,0.3,4.0,10,score_cap1,10,6,0.4,10
CHEMBL225,3,0.3,4.0,10,weighted_bh,10,10,0.0,10
CHEMBL225,3,0.3,4.0,50,meta_calibration,50,39,0.22,50
CHEMBL225,3,0.3,4.0,50,chemdeprc_cap1,50,38,0.24,50
CHEMBL225,3,0.3,4.0,50,minp_block_bh_cap1,50,35,0.3,50
CHEMBL225,3,0.3,4.0,50,score_cap1,50,38,0.24,50
CHEMBL225,3,0.3,4.0,50,weighted_bh,50,33,0.34,37
CHEMBL225,3,0.3,4.0,75,meta_calibration,75,56,0.25333333333333335,75
CHEMBL225,3,0.3,4.0,75,chemdeprc_cap1,75,53,0.29333333333333333,75
CHEMBL225,3,0.3,4.0,75,minp_block_bh_cap1,75,53,0.29333333333333333,75
CHEMBL225,3,0.3,4.0,75,score_cap1,75,55,0.26666666666666666,75
CHEMBL225,3,0.3,4.0,75,weighted_bh,75,51,0.32,52
CHEMBL225,3,0.3,6.0,10,meta_calibration,10,9,0.1,10
CHEMBL225,3,0.3,6.0,10,chemdeprc_cap1,10,5,0.5,10
CHEMBL225,3,0.3,6.0,10,minp_block_bh_cap1,10,10,0.0,10
CHEMBL225,3,0.3,6.0,10,score_cap1,10,5,0.5,10
CHEMBL225,3,0.3,6.0,10,weighted_bh,10,10,0.0,10
CHEMBL225,3,0.3,6.0,50,meta_calibration,50,40,0.2,50
CHEMBL225,3,0.3,6.0,50,chemdeprc_cap1,50,38,0.24,50
CHEMBL225,3,0.3,6.0,50,minp_block_bh_cap1,50,35,0.3,50
CHEMBL225,3,0.3,6.0,50,score_cap1,50,38,0.24,50
CHEMBL225,3,0.3,6.0,50,weighted_bh,50,33,0.34,37
CHEMBL225,3,0.3,6.0,75,meta_calibration,75,56,0.25333333333333335,75
CHEMBL225,3,0.3,6.0,75,chemdeprc_cap1,75,53,0.29333333333333333,75
CHEMBL225,3,0.3,6.0,75,minp_block_bh_cap1,75,53,0.29333333333333333,75
CHEMBL225,3,0.3,6.0,75,score_cap1,75,55,0.26666666666666666,75
CHEMBL225,3,0.3,6.0,75,weighted_bh,75,51,0.32,52
CHEMBL225,4,0.2,4.0,10,meta_calibration,10,9,0.1,10
CHEMBL225,4,0.2,4.0,10,chemdeprc_cap1,10,8,0.2,10
CHEMBL225,4,0.2,4.0,10,minp_block_bh_cap1,10,10,0.0,10
CHEMBL225,4,0.2,4.0,10,score_cap1,10,7,0.3,10
CHEMBL225,4,0.2,4.0,10,weighted_bh,10,10,0.0,10
CHEMBL225,4,0.2,4.0,50,meta_calibration,50,43,0.14,50
CHEMBL225,4,0.2,4.0,50,chemdeprc_cap1,50,40,0.2,50
CHEMBL225,4,0.2,4.0,50,minp_block_bh_cap1,50,37,0.26,50
CHEMBL225,4,0.2,4.0,50,score_cap1,50,41,0.18,50
CHEMBL225,4,0.2,4.0,50,weighted_bh,50,43,0.14,35
CHEMBL225,4,0.2,4.0,75,meta_calibration,75,59,0.21333333333333335,75
CHEMBL225,4,0.2,4.0,75,chemdeprc_cap1,75,56,0.25333333333333335,75
CHEMBL225,4,0.2,4.0,75,minp_block_bh_cap1,75,54,0.28,75
CHEMBL225,4,0.2,4.0,75,score_cap1,75,57,0.24,75
CHEMBL225,4,0.2,4.0,75,weighted_bh,75,56,0.25333333333333335,49
CHEMBL225,4,0.2,6.0,10,meta_calibration,10,9,0.1,10
CHEMBL225,4,0.2,6.0,10,chemdeprc_cap1,10,7,0.3,10
CHEMBL225,4,0.2,6.0,10,minp_block_bh_cap1,10,10,0.0,10
CHEMBL225,4,0.2,6.0,10,score_cap1,10,7,0.3,10
CHEMBL225,4,0.2,6.0,10,weighted_bh,10,10,0.0,10
CHEMBL225,4,0.2,6.0,50,meta_calibration,50,43,0.14,50
CHEMBL225,4,0.2,6.0,50,chemdeprc_cap1,50,40,0.2,50
CHEMBL225,4,0.2,6.0,50,minp_block_bh_cap1,50,37,0.26,50
CHEMBL225,4,0.2,6.0,50,score_cap1,50,41,0.18,50
CHEMBL225,4,0.2,6.0,50,weighted_bh,50,43,0.14,35
CHEMBL225,4,0.2,6.0,75,meta_calibration,75,59,0.21333333333333335,75
CHEMBL225,4,0.2,6.0,75,chemdeprc_cap1,75,56,0.25333333333333335,75
CHEMBL225,4,0.2,6.0,75,minp_block_bh_cap1,75,54,0.28,75
CHEMBL225,4,0.2,6.0,75,score_cap1,75,57,0.24,75
CHEMBL225,4,0.2,6.0,75,weighted_bh,75,56,0.25333333333333335,49
CHEMBL225,4,0.3,4.0,10,meta_calibration,10,9,0.1,10
CHEMBL225,4,0.3,4.0,10,chemdeprc_cap1,10,8,0.2,10
CHEMBL225,4,0.3,4.0,10,minp_block_bh_cap1,10,10,0.0,10
CHEMBL225,4,0.3,4.0,10,score_cap1,10,5,0.5,10
CHEMBL225,4,0.3,4.0,10,weighted_bh,10,10,0.0,10
CHEMBL225,4,0.3,4.0,50,meta_calibration,50,42,0.16,50
CHEMBL225,4,0.3,4.0,50,chemdeprc_cap1,50,39,0.22,50
CHEMBL225,4,0.3,4.0,50,minp_block_bh_cap1,50,37,0.26,50
CHEMBL225,4,0.3,4.0,50,score_cap1,50,39,0.22,50
CHEMBL225,4,0.3,4.0,50,weighted_bh,50,41,0.18,36
CHEMBL225,4,0.3,4.0,75,meta_calibration,75,59,0.21333333333333335,75
CHEMBL225,4,0.3,4.0,75,chemdeprc_cap1,75,54,0.28,75
CHEMBL225,4,0.3,4.0,75,minp_block_bh_cap1,75,54,0.28,75
CHEMBL225,4,0.3,4.0,75,score_cap1,75,55,0.26666666666666666,75
CHEMBL225,4,0.3,4.0,75,weighted_bh,75,54,0.28,50
CHEMBL225,4,0.3,6.0,10,meta_calibration,10,9,0.1,10
CHEMBL225,4,0.3,6.0,10,chemdeprc_cap1,10,7,0.3,10
CHEMBL225,4,0.3,6.0,10,minp_block_bh_cap1,10,10,0.0,10
CHEMBL225,4,0.3,6.0,10,score_cap1,10,5,0.5,10
CHEMBL225,4,0.3,6.0,10,weighted_bh,10,10,0.0,10
CHEMBL225,4,0.3,6.0,50,meta_calibration,50,43,0.14,50
CHEMBL225,4,0.3,6.0,50,chemdeprc_cap1,50,39,0.22,50
CHEMBL225,4,0.3,6.0,50,minp_block_bh_cap1,50,37,0.26,50
CHEMBL225,4,0.3,6.0,50,score_cap1,50,39,0.22,50
CHEMBL225,4,0.3,6.0,50,weighted_bh,50,41,0.18,36
CHEMBL225,4,0.3,6.0,75,meta_calibration,75,59,0.21333333333333335,75
CHEMBL225,4,0.3,6.0,75,chemdeprc_cap1,75,54,0.28,75
CHEMBL225,4,0.3,6.0,75,minp_block_bh_cap1,75,54,0.28,75
CHEMBL225,4,0.3,6.0,75,score_cap1,75,55,0.26666666666666666,75
CHEMBL225,4,0.3,6.0,75,weighted_bh,75,54,0.28,50
CHEMBL225,5,0.2,4.0,10,meta_calibration,10,9,0.1,10
CHEMBL225,5,0.2,4.0,10,chemdeprc_cap1,10,7,0.3,10
CHEMBL225,5,0.2,4.0,10,minp_block_bh_cap1,10,10,0.0,10
CHEMBL225,5,0.2,4.0,10,score_cap1,10,7,0.3,10
CHEMBL225,5,0.2,4.0,10,weighted_bh,10,10,0.0,10
CHEMBL225,5,0.2,4.0,50,meta_calibration,50,40,0.2,50
CHEMBL225,5,0.2,4.0,50,chemdeprc_cap1,50,40,0.2,50
CHEMBL225,5,0.2,4.0,50,minp_block_bh_cap1,50,37,0.26,50
CHEMBL225,5,0.2,4.0,50,score_cap1,50,40,0.2,50
CHEMBL225,5,0.2,4.0,50,weighted_bh,50,37,0.26,37
CHEMBL225,5,0.2,4.0,75,meta_calibration,75,58,0.22666666666666666,75
CHEMBL225,5,0.2,4.0,75,chemdeprc_cap1,75,55,0.26666666666666666,75
CHEMBL225,5,0.2,4.0,75,minp_block_bh_cap1,75,54,0.28,75
CHEMBL225,5,0.2,4.0,75,score_cap1,75,57,0.24,75
CHEMBL225,5,0.2,4.0,75,weighted_bh,75,53,0.29333333333333333,51
CHEMBL225,5,0.2,6.0,10,meta_calibration,10,9,0.1,10
CHEMBL225,5,0.2,6.0,10,chemdeprc_cap1,10,6,0.4,10
CHEMBL225,5,0.2,6.0,10,minp_block_bh_cap1,10,10,0.0,10
CHEMBL225,5,0.2,6.0,10,score_cap1,10,7,0.3,10
CHEMBL225,5,0.2,6.0,10,weighted_bh,10,10,0.0,10
CHEMBL225,5,0.2,6.0,50,meta_calibration,50,41,0.18,50
CHEMBL225,5,0.2,6.0,50,chemdeprc_cap1,50,40,0.2,50
CHEMBL225,5,0.2,6.0,50,minp_block_bh_cap1,50,37,0.26,50
CHEMBL225,5,0.2,6.0,50,score_cap1,50,40,0.2,50
CHEMBL225,5,0.2,6.0,50,weighted_bh,50,37,0.26,37
CHEMBL225,5,0.2,6.0,75,meta_calibration,75,58,0.22666666666666666,75
CHEMBL225,5,0.2,6.0,75,chemdeprc_cap1,75,55,0.26666666666666666,75
CHEMBL225,5,0.2,6.0,75,minp_block_bh_cap1,75,54,0.28,75
CHEMBL225,5,0.2,6.0,75,score_cap1,75,57,0.24,75
CHEMBL225,5,0.2,6.0,75,weighted_bh,75,53,0.29333333333333333,51
CHEMBL225,5,0.3,4.0,10,meta_calibration,10,9,0.1,10
CHEMBL225,5,0.3,4.0,10,chemdeprc_cap1,10,7,0.3,10
CHEMBL225,5,0.3,4.0,10,minp_block_bh_cap1,10,10,0.0,10
CHEMBL225,5,0.3,4.0,10,score_cap1,10,6,0.4,10
CHEMBL225,5,0.3,4.0,10,weighted_bh,10,10,0.0,10
CHEMBL225,5,0.3,4.0,50,meta_calibration,50,39,0.22,50
CHEMBL225,5,0.3,4.0,50,chemdeprc_cap1,50,38,0.24,50
CHEMBL225,5,0.3,4.0,50,minp_block_bh_cap1,50,36,0.28,50
CHEMBL225,5,0.3,4.0,50,score_cap1,50,38,0.24,50
CHEMBL225,5,0.3,4.0,50,weighted_bh,50,37,0.26,38
CHEMBL225,5,0.3,4.0,75,meta_calibration,75,56,0.25333333333333335,75
CHEMBL225,5,0.3,4.0,75,chemdeprc_cap1,75,53,0.29333333333333333,75
CHEMBL225,5,0.3,4.0,75,minp_block_bh_cap1,75,53,0.29333333333333333,75
CHEMBL225,5,0.3,4.0,75,score_cap1,75,55,0.26666666666666666,75
CHEMBL225,5,0.3,4.0,75,weighted_bh,75,53,0.29333333333333333,52
CHEMBL225,5,0.3,6.0,10,meta_calibration,10,9,0.1,10
CHEMBL225,5,0.3,6.0,10,chemdeprc_cap1,10,5,0.5,10
CHEMBL225,5,0.3,6.0,10,minp_block_bh_cap1,10,10,0.0,10
CHEMBL225,5,0.3,6.0,10,score_cap1,10,5,0.5,10
CHEMBL225,5,0.3,6.0,10,weighted_bh,10,10,0.0,10
CHEMBL225,5,0.3,6.0,50,meta_calibration,50,40,0.2,50
CHEMBL225,5,0.3,6.0,50,chemdeprc_cap1,50,38,0.24,50
CHEMBL225,5,0.3,6.0,50,minp_block_bh_cap1,50,36,0.28,50
CHEMBL225,5,0.3,6.0,50,score_cap1,50,38,0.24,50
CHEMBL225,5,0.3,6.0,50,weighted_bh,50,37,0.26,38
CHEMBL225,5,0.3,6.0,75,meta_calibration,75,56,0.25333333333333335,75
CHEMBL225,5,0.3,6.0,75,chemdeprc_cap1,75,53,0.29333333333333333,75
CHEMBL225,5,0.3,6.0,75,minp_block_bh_cap1,75,53,0.29333333333333333,75
CHEMBL225,5,0.3,6.0,75,score_cap1,75,55,0.26666666666666666,75
CHEMBL225,5,0.3,6.0,75,weighted_bh,75,53,0.29333333333333333,52
CHEMBL225,6,0.2,4.0,10,meta_calibration,10,9,0.1,10
CHEMBL225,6,0.2,4.0,10,chemdeprc_cap1,10,7,0.3,10
CHEMBL225,6,0.2,4.0,10,minp_block_bh_cap1,10,10,0.0,10
CHEMBL225,6,0.2,4.0,10,score_cap1,10,7,0.3,10
CHEMBL225,6,0.2,4.0,10,weighted_bh,10,10,0.0,10
CHEMBL225,6,0.2,4.0,50,meta_calibration,50,41,0.18,50
CHEMBL225,6,0.2,4.0,50,chemdeprc_cap1,50,39,0.22,50
CHEMBL225,6,0.2,4.0,50,minp_block_bh_cap1,50,37,0.26,50
CHEMBL225,6,0.2,4.0,50,score_cap1,50,40,0.2,50
CHEMBL225,6,0.2,4.0,50,weighted_bh,50,38,0.24,37
CHEMBL225,6,0.2,4.0,75,meta_calibration,75,58,0.22666666666666666,75
CHEMBL225,6,0.2,4.0,75,chemdeprc_cap1,75,55,0.26666666666666666,75
CHEMBL225,6,0.2,4.0,75,minp_block_bh_cap1,75,54,0.28,75
CHEMBL225,6,0.2,4.0,75,score_cap1,75,57,0.24,75
CHEMBL225,6,0.2,4.0,75,weighted_bh,75,53,0.29333333333333333,51
CHEMBL225,6,0.2,6.0,10,meta_calibration,10,9,0.1,10
CHEMBL225,6,0.2,6.0,10,chemdeprc_cap1,10,7,0.3,10
CHEMBL225,6,0.2,6.0,10,minp_block_bh_cap1,10,10,0.0,10
CHEMBL225,6,0.2,6.0,10,score_cap1,10,7,0.3,10
CHEMBL225,6,0.2,6.0,10,weighted_bh,10,10,0.0,10
CHEMBL225,6,0.2,6.0,50,meta_calibration,50,43,0.14,50
CHEMBL225,6,0.2,6.0,50,chemdeprc_cap1,50,39,0.22,50
CHEMBL225,6,0.2,6.0,50,minp_block_bh_cap1,50,37,0.26,50
CHEMBL225,6,0.2,6.0,50,score_cap1,50,40,0.2,50
CHEMBL225,6,0.2,6.0,50,weighted_bh,50,38,0.24,37
CHEMBL225,6,0.2,6.0,75,meta_calibration,75,59,0.21333333333333335,75
CHEMBL225,6,0.2,6.0,75,chemdeprc_cap1,75,55,0.26666666666666666,75
CHEMBL225,6,0.2,6.0,75,minp_block_bh_cap1,75,54,0.28,75
CHEMBL225,6,0.2,6.0,75,score_cap1,75,57,0.24,75
CHEMBL225,6,0.2,6.0,75,weighted_bh,75,53,0.29333333333333333,51
CHEMBL225,6,0.3,4.0,10,meta_calibration,10,9,0.1,10
CHEMBL225,6,0.3,4.0,10,chemdeprc_cap1,10,6,0.4,10
CHEMBL225,6,0.3,4.0,10,minp_block_bh_cap1,10,10,0.0,10
CHEMBL225,6,0.3,4.0,10,score_cap1,10,6,0.4,10
CHEMBL225,6,0.3,4.0,10,weighted_bh,10,10,0.0,10
CHEMBL225,6,0.3,4.0,50,meta_calibration,50,40,0.2,50
CHEMBL225,6,0.3,4.0,50,chemdeprc_cap1,50,39,0.22,50
CHEMBL225,6,0.3,4.0,50,minp_block_bh_cap1,50,36,0.28,50
CHEMBL225,6,0.3,4.0,50,score_cap1,50,39,0.22,50
CHEMBL225,6,0.3,4.0,50,weighted_bh,50,32,0.36,36
CHEMBL225,6,0.3,4.0,75,meta_calibration,75,57,0.24,75
CHEMBL225,6,0.3,4.0,75,chemdeprc_cap1,75,54,0.28,75
CHEMBL225,6,0.3,4.0,75,minp_block_bh_cap1,75,53,0.29333333333333333,75
CHEMBL225,6,0.3,4.0,75,score_cap1,75,56,0.25333333333333335,75
CHEMBL225,6,0.3,4.0,75,weighted_bh,75,50,0.3333333333333333,51
CHEMBL225,6,0.3,6.0,10,meta_calibration,10,9,0.1,10
CHEMBL225,6,0.3,6.0,10,chemdeprc_cap1,10,5,0.5,10
CHEMBL225,6,0.3,6.0,10,minp_block_bh_cap1,10,10,0.0,10
CHEMBL225,6,0.3,6.0,10,score_cap1,10,5,0.5,10
CHEMBL225,6,0.3,6.0,10,weighted_bh,10,10,0.0,10
CHEMBL225,6,0.3,6.0,50,meta_calibration,50,41,0.18,50
CHEMBL225,6,0.3,6.0,50,chemdeprc_cap1,50,39,0.22,50
CHEMBL225,6,0.3,6.0,50,minp_block_bh_cap1,50,36,0.28,50
CHEMBL225,6,0.3,6.0,50,score_cap1,50,39,0.22,50
CHEMBL225,6,0.3,6.0,50,weighted_bh,50,32,0.36,36
CHEMBL225,6,0.3,6.0,75,meta_calibration,75,58,0.22666666666666666,75
CHEMBL225,6,0.3,6.0,75,chemdeprc_cap1,75,54,0.28,75
CHEMBL225,6,0.3,6.0,75,minp_block_bh_cap1,75,53,0.29333333333333333,75
CHEMBL225,6,0.3,6.0,75,score_cap1,75,56,0.25333333333333335,75
CHEMBL225,6,0.3,6.0,75,weighted_bh,75,50,0.3333333333333333,51
CHEMBL225,7,0.2,4.0,10,meta_calibration,10,9,0.1,10
CHEMBL225,7,0.2,4.0,10,chemdeprc_cap1,10,7,0.3,10
CHEMBL225,7,0.2,4.0,10,minp_block_bh_cap1,10,10,0.0,10
CHEMBL225,7,0.2,4.0,10,score_cap1,10,7,0.3,10
CHEMBL225,7,0.2,4.0,10,weighted_bh,10,10,0.0,10
CHEMBL225,7,0.2,4.0,50,meta_calibration,50,40,0.2,50
CHEMBL225,7,0.2,4.0,50,chemdeprc_cap1,50,40,0.2,50
CHEMBL225,7,0.2,4.0,50,minp_block_bh_cap1,50,36,0.28,50
CHEMBL225,7,0.2,4.0,50,score_cap1,50,40,0.2,50
CHEMBL225,7,0.2,4.0,50,weighted_bh,50,34,0.32,37
CHEMBL225,7,0.2,4.0,75,meta_calibration,75,57,0.24,75
CHEMBL225,7,0.2,4.0,75,chemdeprc_cap1,75,55,0.26666666666666666,75
CHEMBL225,7,0.2,4.0,75,minp_block_bh_cap1,75,54,0.28,75
CHEMBL225,7,0.2,4.0,75,score_cap1,75,57,0.24,75
CHEMBL225,7,0.2,4.0,75,weighted_bh,75,51,0.32,52
CHEMBL225,7,0.2,6.0,10,meta_calibration,10,9,0.1,10
CHEMBL225,7,0.2,6.0,10,chemdeprc_cap1,10,6,0.4,10
CHEMBL225,7,0.2,6.0,10,minp_block_bh_cap1,10,10,0.0,10
CHEMBL225,7,0.2,6.0,10,score_cap1,10,7,0.3,10
CHEMBL225,7,0.2,6.0,10,weighted_bh,10,10,0.0,10
CHEMBL225,7,0.2,6.0,50,meta_calibration,50,41,0.18,50
CHEMBL225,7,0.2,6.0,50,chemdeprc_cap1,50,40,0.2,50
CHEMBL225,7,0.2,6.0,50,minp_block_bh_cap1,50,36,0.28,50
CHEMBL225,7,0.2,6.0,50,score_cap1,50,40,0.2,50
CHEMBL225,7,0.2,6.0,50,weighted_bh,50,33,0.34,36
CHEMBL225,7,0.2,6.0,75,meta_calibration,75,58,0.22666666666666666,75
CHEMBL225,7,0.2,6.0,75,chemdeprc_cap1,75,55,0.26666666666666666,75
CHEMBL225,7,0.2,6.0,75,minp_block_bh_cap1,75,54,0.28,75
CHEMBL225,7,0.2,6.0,75,score_cap1,75,57,0.24,75
CHEMBL225,7,0.2,6.0,75,weighted_bh,75,51,0.32,52
CHEMBL225,7,0.3,4.0,10,meta_calibration,10,9,0.1,10
CHEMBL225,7,0.3,4.0,10,chemdeprc_cap1,10,6,0.4,10
CHEMBL225,7,0.3,4.0,10,minp_block_bh_cap1,10,10,0.0,10
CHEMBL225,7,0.3,4.0,10,score_cap1,10,6,0.4,10
CHEMBL225,7,0.3,4.0,10,weighted_bh,10,10,0.0,10
CHEMBL225,7,0.3,4.0,50,meta_calibration,50,38,0.24,50
CHEMBL225,7,0.3,4.0,50,chemdeprc_cap1,50,38,0.24,50
CHEMBL225,7,0.3,4.0,50,minp_block_bh_cap1,50,35,0.3,50
CHEMBL225,7,0.3,4.0,50,score_cap1,50,38,0.24,50
CHEMBL225,7,0.3,4.0,50,weighted_bh,50,34,0.32,38
CHEMBL225,7,0.3,4.0,75,meta_calibration,75,56,0.25333333333333335,75
CHEMBL225,7,0.3,4.0,75,chemdeprc_cap1,75,53,0.29333333333333333,75
CHEMBL225,7,0.3,4.0,75,minp_block_bh_cap1,75,53,0.29333333333333333,75
CHEMBL225,7,0.3,4.0,75,score_cap1,75,56,0.25333333333333335,75
CHEMBL225,7,0.3,4.0,75,weighted_bh,75,51,0.32,53
CHEMBL225,7,0.3,6.0,10,meta_calibration,10,9,0.1,10
CHEMBL225,7,0.3,6.0,10,chemdeprc_cap1,10,4,0.6,10
CHEMBL225,7,0.3,6.0,10,minp_block_bh_cap1,10,10,0.0,10
CHEMBL225,7,0.3,6.0,10,score_cap1,10,5,0.5,10
CHEMBL225,7,0.3,6.0,10,weighted_bh,10,10,0.0,10
CHEMBL225,7,0.3,6.0,50,meta_calibration,50,39,0.22,50
CHEMBL225,7,0.3,6.0,50,chemdeprc_cap1,50,38,0.24,50
CHEMBL225,7,0.3,6.0,50,minp_block_bh_cap1,50,35,0.3,50
CHEMBL225,7,0.3,6.0,50,score_cap1,50,38,0.24,50
CHEMBL225,7,0.3,6.0,50,weighted_bh,50,34,0.32,38
CHEMBL225,7,0.3,6.0,75,meta_calibration,75,56,0.25333333333333335,75
CHEMBL225,7,0.3,6.0,75,chemdeprc_cap1,75,53,0.29333333333333333,75
CHEMBL225,7,0.3,6.0,75,minp_block_bh_cap1,75,53,0.29333333333333333,75
CHEMBL225,7,0.3,6.0,75,score_cap1,75,56,0.25333333333333335,75
CHEMBL225,7,0.3,6.0,75,weighted_bh,75,51,0.32,53
CHEMBL225,8,0.2,4.0,10,meta_calibration,10,9,0.1,10
CHEMBL225,8,0.2,4.0,10,chemdeprc_cap1,10,6,0.4,10
CHEMBL225,8,0.2,4.0,10,minp_block_bh_cap1,10,10,0.0,10
CHEMBL225,8,0.2,4.0,10,score_cap1,10,7,0.3,10
CHEMBL225,8,0.2,4.0,10,weighted_bh,10,10,0.0,10
CHEMBL225,8,0.2,4.0,50,meta_calibration,50,42,0.16,50
CHEMBL225,8,0.2,4.0,50,chemdeprc_cap1,50,40,0.2,50
CHEMBL225,8,0.2,4.0,50,minp_block_bh_cap1,50,37,0.26,50
CHEMBL225,8,0.2,4.0,50,score_cap1,50,41,0.18,50
CHEMBL225,8,0.2,4.0,50,weighted_bh,50,37,0.26,37
CHEMBL225,8,0.2,4.0,75,meta_calibration,75,58,0.22666666666666666,75
CHEMBL225,8,0.2,4.0,75,chemdeprc_cap1,75,56,0.25333333333333335,75
CHEMBL225,8,0.2,4.0,75,minp_block_bh_cap1,75,54,0.28,75
CHEMBL225,8,0.2,4.0,75,score_cap1,75,57,0.24,75
CHEMBL225,8,0.2,4.0,75,weighted_bh,75,53,0.29333333333333333,51
CHEMBL225,8,0.2,6.0,10,meta_calibration,10,9,0.1,10
CHEMBL225,8,0.2,6.0,10,chemdeprc_cap1,10,6,0.4,10
CHEMBL225,8,0.2,6.0,10,minp_block_bh_cap1,10,10,0.0,10
CHEMBL225,8,0.2,6.0,10,score_cap1,10,7,0.3,10
CHEMBL225,8,0.2,6.0,10,weighted_bh,10,10,0.0,10
CHEMBL225,8,0.2,6.0,50,meta_calibration,50,43,0.14,50
CHEMBL225,8,0.2,6.0,50,chemdeprc_cap1,50,40,0.2,50
CHEMBL225,8,0.2,6.0,50,minp_block_bh_cap1,50,37,0.26,50
CHEMBL225,8,0.2,6.0,50,score_cap1,50,41,0.18,50
CHEMBL225,8,0.2,6.0,50,weighted_bh,50,37,0.26,37
CHEMBL225,8,0.2,6.0,75,meta_calibration,75,58,0.22666666666666666,75
CHEMBL225,8,0.2,6.0,75,chemdeprc_cap1,75,56,0.25333333333333335,75
CHEMBL225,8,0.2,6.0,75,minp_block_bh_cap1,75,54,0.28,75
CHEMBL225,8,0.2,6.0,75,score_cap1,75,57,0.24,75
CHEMBL225,8,0.2,6.0,75,weighted_bh,75,53,0.29333333333333333,51
CHEMBL225,8,0.3,4.0,10,meta_calibration,10,9,0.1,10
CHEMBL225,8,0.3,4.0,10,chemdeprc_cap1,10,5,0.5,10
CHEMBL225,8,0.3,4.0,10,minp_block_bh_cap1,10,10,0.0,10
CHEMBL225,8,0.3,4.0,10,score_cap1,10,6,0.4,10
CHEMBL225,8,0.3,4.0,10,weighted_bh,10,10,0.0,10
CHEMBL225,8,0.3,4.0,50,meta_calibration,50,38,0.24,50
CHEMBL225,8,0.3,4.0,50,chemdeprc_cap1,50,38,0.24,50
CHEMBL225,8,0.3,4.0,50,minp_block_bh_cap1,50,35,0.3,50
CHEMBL225,8,0.3,4.0,50,score_cap1,50,38,0.24,50
CHEMBL225,8,0.3,4.0,50,weighted_bh,50,32,0.36,37
CHEMBL225,8,0.3,4.0,75,meta_calibration,75,56,0.25333333333333335,75
CHEMBL225,8,0.3,4.0,75,chemdeprc_cap1,75,53,0.29333333333333333,75
CHEMBL225,8,0.3,4.0,75,minp_block_bh_cap1,75,53,0.29333333333333333,75
CHEMBL225,8,0.3,4.0,75,score_cap1,75,56,0.25333333333333335,75
CHEMBL225,8,0.3,4.0,75,weighted_bh,75,50,0.3333333333333333,52
CHEMBL225,8,0.3,6.0,10,meta_calibration,10,9,0.1,10
CHEMBL225,8,0.3,6.0,10,chemdeprc_cap1,10,4,0.6,10
CHEMBL225,8,0.3,6.0,10,minp_block_bh_cap1,10,10,0.0,10
CHEMBL225,8,0.3,6.0,10,score_cap1,10,5,0.5,10
CHEMBL225,8,0.3,6.0,10,weighted_bh,10,10,0.0,10
CHEMBL225,8,0.3,6.0,50,meta_calibration,50,40,0.2,50
CHEMBL225,8,0.3,6.0,50,chemdeprc_cap1,50,38,0.24,50
CHEMBL225,8,0.3,6.0,50,minp_block_bh_cap1,50,35,0.3,50
CHEMBL225,8,0.3,6.0,50,score_cap1,50,38,0.24,50
CHEMBL225,8,0.3,6.0,50,weighted_bh,50,32,0.36,37
CHEMBL225,8,0.3,6.0,75,meta_calibration,75,57,0.24,75
CHEMBL225,8,0.3,6.0,75,chemdeprc_cap1,75,53,0.29333333333333333,75
CHEMBL225,8,0.3,6.0,75,minp_block_bh_cap1,75,53,0.29333333333333333,75
CHEMBL225,8,0.3,6.0,75,score_cap1,75,56,0.25333333333333335,75
CHEMBL225,8,0.3,6.0,75,weighted_bh,75,50,0.3333333333333333,52
CHEMBL225,9,0.2,4.0,10,meta_calibration,10,9,0.1,10
CHEMBL225,9,0.2,4.0,10,chemdeprc_cap1,10,7,0.3,10
CHEMBL225,9,0.2,4.0,10,minp_block_bh_cap1,10,10,0.0,10
CHEMBL225,9,0.2,4.0,10,score_cap1,10,7,0.3,10
CHEMBL225,9,0.2,4.0,10,weighted_bh,10,10,0.0,10
CHEMBL225,9,0.2,4.0,50,meta_calibration,50,42,0.16,50
CHEMBL225,9,0.2,4.0,50,chemdeprc_cap1,50,40,0.2,50
CHEMBL225,9,0.2,4.0,50,minp_block_bh_cap1,50,37,0.26,50
CHEMBL225,9,0.2,4.0,50,score_cap1,50,41,0.18,50
CHEMBL225,9,0.2,4.0,50,weighted_bh,50,38,0.24,36
CHEMBL225,9,0.2,4.0,75,meta_calibration,75,58,0.22666666666666666,75
CHEMBL225,9,0.2,4.0,75,chemdeprc_cap1,75,56,0.25333333333333335,75
CHEMBL225,9,0.2,4.0,75,minp_block_bh_cap1,75,54,0.28,75
CHEMBL225,9,0.2,4.0,75,score_cap1,75,57,0.24,75
CHEMBL225,9,0.2,4.0,75,weighted_bh,75,53,0.29333333333333333,50
CHEMBL225,9,0.2,6.0,10,meta_calibration,10,9,0.1,10
CHEMBL225,9,0.2,6.0,10,chemdeprc_cap1,10,6,0.4,10
CHEMBL225,9,0.2,6.0,10,minp_block_bh_cap1,10,10,0.0,10
CHEMBL225,9,0.2,6.0,10,score_cap1,10,7,0.3,10
CHEMBL225,9,0.2,6.0,10,weighted_bh,10,10,0.0,10
CHEMBL225,9,0.2,6.0,50,meta_calibration,50,42,0.16,50
CHEMBL225,9,0.2,6.0,50,chemdeprc_cap1,50,40,0.2,50
CHEMBL225,9,0.2,6.0,50,minp_block_bh_cap1,50,37,0.26,50
CHEMBL225,9,0.2,6.0,50,score_cap1,50,41,0.18,50
CHEMBL225,9,0.2,6.0,50,weighted_bh,50,38,0.24,36
CHEMBL225,9,0.2,6.0,75,meta_calibration,75,58,0.22666666666666666,75
CHEMBL225,9,0.2,6.0,75,chemdeprc_cap1,75,56,0.25333333333333335,75
CHEMBL225,9,0.2,6.0,75,minp_block_bh_cap1,75,54,0.28,75
CHEMBL225,9,0.2,6.0,75,score_cap1,75,57,0.24,75
CHEMBL225,9,0.2,6.0,75,weighted_bh,75,53,0.29333333333333333,50
CHEMBL225,9,0.3,4.0,10,meta_calibration,10,9,0.1,10
CHEMBL225,9,0.3,4.0,10,chemdeprc_cap1,10,6,0.4,10
CHEMBL225,9,0.3,4.0,10,minp_block_bh_cap1,10,10,0.0,10
CHEMBL225,9,0.3,4.0,10,score_cap1,10,6,0.4,10
CHEMBL225,9,0.3,4.0,10,weighted_bh,10,10,0.0,10
CHEMBL225,9,0.3,4.0,50,meta_calibration,50,40,0.2,50
CHEMBL225,9,0.3,4.0,50,chemdeprc_cap1,50,39,0.22,50
CHEMBL225,9,0.3,4.0,50,minp_block_bh_cap1,50,36,0.28,50
CHEMBL225,9,0.3,4.0,50,score_cap1,50,39,0.22,50
CHEMBL225,9,0.3,4.0,50,weighted_bh,50,34,0.32,37
CHEMBL225,9,0.3,4.0,75,meta_calibration,75,58,0.22666666666666666,75
CHEMBL225,9,0.3,4.0,75,chemdeprc_cap1,75,54,0.28,75
CHEMBL225,9,0.3,4.0,75,minp_block_bh_cap1,75,53,0.29333333333333333,75
CHEMBL225,9,0.3,4.0,75,score_cap1,75,56,0.25333333333333335,75
CHEMBL225,9,0.3,4.0,75,weighted_bh,75,51,0.32,52
CHEMBL225,9,0.3,6.0,10,meta_calibration,10,9,0.1,10
CHEMBL225,9,0.3,6.0,10,chemdeprc_cap1,10,5,0.5,10
CHEMBL225,9,0.3,6.0,10,minp_block_bh_cap1,10,10,0.0,10
CHEMBL225,9,0.3,6.0,10,score_cap1,10,5,0.5,10
CHEMBL225,9,0.3,6.0,10,weighted_bh,10,10,0.0,10
CHEMBL225,9,0.3,6.0,50,meta_calibration,50,41,0.18,50
CHEMBL225,9,0.3,6.0,50,chemdeprc_cap1,50,39,0.22,50
CHEMBL225,9,0.3,6.0,50,minp_block_bh_cap1,50,36,0.28,50
CHEMBL225,9,0.3,6.0,50,score_cap1,50,39,0.22,50
CHEMBL225,9,0.3,6.0,50,weighted_bh,50,34,0.32,37
CHEMBL225,9,0.3,6.0,75,meta_calibration,75,58,0.22666666666666666,75
CHEMBL225,9,0.3,6.0,75,chemdeprc_cap1,75,54,0.28,75
CHEMBL225,9,0.3,6.0,75,minp_block_bh_cap1,75,53,0.29333333333333333,75
CHEMBL225,9,0.3,6.0,75,score_cap1,75,56,0.25333333333333335,75
CHEMBL225,9,0.3,6.0,75,weighted_bh,75,51,0.32,52
CHEMBL226,0,0.2,4.0,10,meta_calibration,10,10,0.0,10
CHEMBL226,0,0.2,4.0,10,chemdeprc_cap1,10,7,0.3,10
CHEMBL226,0,0.2,4.0,10,minp_block_bh_cap1,10,10,0.0,10
CHEMBL226,0,0.2,4.0,10,score_cap1,10,4,0.6,10
CHEMBL226,0,0.2,4.0,10,weighted_bh,10,10,0.0,10
CHEMBL226,0,0.2,4.0,50,meta_calibration,50,43,0.14,50
CHEMBL226,0,0.2,4.0,50,chemdeprc_cap1,50,39,0.22,50
CHEMBL226,0,0.2,4.0,50,minp_block_bh_cap1,50,41,0.18,50
CHEMBL226,0,0.2,4.0,50,score_cap1,50,39,0.22,50
CHEMBL226,0,0.2,4.0,50,weighted_bh,50,37,0.26,35
CHEMBL226,0,0.2,4.0,75,meta_calibration,75,60,0.2,75
CHEMBL226,0,0.2,4.0,75,chemdeprc_cap1,75,58,0.22666666666666666,75
CHEMBL226,0,0.2,4.0,75,minp_block_bh_cap1,75,59,0.21333333333333335,75
CHEMBL226,0,0.2,4.0,75,score_cap1,75,58,0.22666666666666666,75
CHEMBL226,0,0.2,4.0,75,weighted_bh,75,54,0.28,50
CHEMBL226,0,0.2,6.0,10,meta_calibration,10,10,0.0,10
CHEMBL226,0,0.2,6.0,10,chemdeprc_cap1,10,4,0.6,10
CHEMBL226,0,0.2,6.0,10,minp_block_bh_cap1,10,10,0.0,10
CHEMBL226,0,0.2,6.0,10,score_cap1,10,2,0.8,10
CHEMBL226,0,0.2,6.0,10,weighted_bh,10,10,0.0,10
CHEMBL226,0,0.2,6.0,50,meta_calibration,50,45,0.1,50
CHEMBL226,0,0.2,6.0,50,chemdeprc_cap1,50,38,0.24,50
CHEMBL226,0,0.2,6.0,50,minp_block_bh_cap1,50,39,0.22,50
CHEMBL226,0,0.2,6.0,50,score_cap1,50,38,0.24,50
CHEMBL226,0,0.2,6.0,50,weighted_bh,50,32,0.36,35
CHEMBL226,0,0.2,6.0,75,meta_calibration,75,62,0.17333333333333334,75
CHEMBL226,0,0.2,6.0,75,chemdeprc_cap1,75,58,0.22666666666666666,75
CHEMBL226,0,0.2,6.0,75,minp_block_bh_cap1,75,58,0.22666666666666666,75
CHEMBL226,0,0.2,6.0,75,score_cap1,75,58,0.22666666666666666,75
CHEMBL226,0,0.2,6.0,75,weighted_bh,75,43,0.4266666666666667,44
CHEMBL226,0,0.3,4.0,10,meta_calibration,10,10,0.0,10
CHEMBL226,0,0.3,4.0,10,chemdeprc_cap1,10,4,0.6,10
CHEMBL226,0,0.3,4.0,10,minp_block_bh_cap1,10,10,0.0,10
CHEMBL226,0,0.3,4.0,10,score_cap1,10,2,0.8,10
CHEMBL226,0,0.3,4.0,10,weighted_bh,10,10,0.0,10
CHEMBL226,0,0.3,4.0,50,meta_calibration,50,46,0.08,50
CHEMBL226,0,0.3,4.0,50,chemdeprc_cap1,50,36,0.28,50
CHEMBL226,0,0.3,4.0,50,minp_block_bh_cap1,50,38,0.24,50
CHEMBL226,0,0.3,4.0,50,score_cap1,50,38,0.24,50
CHEMBL226,0,0.3,4.0,50,weighted_bh,50,34,0.32,37
CHEMBL226,0,0.3,4.0,75,meta_calibration,75,63,0.16,75
CHEMBL226,0,0.3,4.0,75,chemdeprc_cap1,75,57,0.24,75
CHEMBL226,0,0.3,4.0,75,minp_block_bh_cap1,75,58,0.22666666666666666,75
CHEMBL226,0,0.3,4.0,75,score_cap1,75,56,0.25333333333333335,75
CHEMBL226,0,0.3,4.0,75,weighted_bh,75,44,0.41333333333333333,45
CHEMBL226,0,0.3,6.0,10,meta_calibration,10,10,0.0,10
CHEMBL226,0,0.3,6.0,10,chemdeprc_cap1,10,3,0.7,10
CHEMBL226,0,0.3,6.0,10,minp_block_bh_cap1,10,10,0.0,10
CHEMBL226,0,0.3,6.0,10,score_cap1,10,0,1.0,10
CHEMBL226,0,0.3,6.0,10,weighted_bh,10,10,0.0,10
CHEMBL226,0,0.3,6.0,50,meta_calibration,50,47,0.06,50
CHEMBL226,0,0.3,6.0,50,chemdeprc_cap1,50,36,0.28,50
CHEMBL226,0,0.3,6.0,50,minp_block_bh_cap1,50,38,0.24,50
CHEMBL226,0,0.3,6.0,50,score_cap1,50,38,0.24,50
CHEMBL226,0,0.3,6.0,50,weighted_bh,50,34,0.32,37
CHEMBL226,0,0.3,6.0,75,meta_calibration,75,65,0.13333333333333333,75
CHEMBL226,0,0.3,6.0,75,chemdeprc_cap1,75,57,0.24,75
CHEMBL226,0,0.3,6.0,75,minp_block_bh_cap1,75,58,0.22666666666666666,75
CHEMBL226,0,0.3,6.0,75,score_cap1,75,56,0.25333333333333335,75
CHEMBL226,0,0.3,6.0,75,weighted_bh,75,44,0.41333333333333333,45
CHEMBL226,1,0.2,4.0,10,meta_calibration,10,10,0.0,10
CHEMBL226,1,0.2,4.0,10,chemdeprc_cap1,10,5,0.5,10
CHEMBL226,1,0.2,4.0,10,minp_block_bh_cap1,10,10,0.0,10
CHEMBL226,1,0.2,4.0,10,score_cap1,10,3,0.7,10
CHEMBL226,1,0.2,4.0,10,weighted_bh,10,10,0.0,10
CHEMBL226,1,0.2,4.0,50,meta_calibration,50,45,0.1,50
CHEMBL226,1,0.2,4.0,50,chemdeprc_cap1,50,37,0.26,50
CHEMBL226,1,0.2,4.0,50,minp_block_bh_cap1,50,40,0.2,50
CHEMBL226,1,0.2,4.0,50,score_cap1,50,38,0.24,50
CHEMBL226,1,0.2,4.0,50,weighted_bh,50,38,0.24,36
CHEMBL226,1,0.2,4.0,75,meta_calibration,75,63,0.16,75
CHEMBL226,1,0.2,4.0,75,chemdeprc_cap1,75,59,0.21333333333333335,75
CHEMBL226,1,0.2,4.0,75,minp_block_bh_cap1,75,58,0.22666666666666666,75
CHEMBL226,1,0.2,4.0,75,score_cap1,75,58,0.22666666666666666,75
CHEMBL226,1,0.2,4.0,75,weighted_bh,75,53,0.29333333333333333,51
CHEMBL226,1,0.2,6.0,10,meta_calibration,10,10,0.0,10
CHEMBL226,1,0.2,6.0,10,chemdeprc_cap1,10,5,0.5,10
CHEMBL226,1,0.2,6.0,10,minp_block_bh_cap1,10,10,0.0,10
CHEMBL226,1,0.2,6.0,10,score_cap1,10,2,0.8,10
CHEMBL226,1,0.2,6.0,10,weighted_bh,10,10,0.0,10
CHEMBL226,1,0.2,6.0,50,meta_calibration,50,45,0.1,50
CHEMBL226,1,0.2,6.0,50,chemdeprc_cap1,50,37,0.26,50
CHEMBL226,1,0.2,6.0,50,minp_block_bh_cap1,50,40,0.2,50
CHEMBL226,1,0.2,6.0,50,score_cap1,50,38,0.24,50
CHEMBL226,1,0.2,6.0,50,weighted_bh,50,38,0.24,36
CHEMBL226,1,0.2,6.0,75,meta_calibration,75,64,0.14666666666666667,75
CHEMBL226,1,0.2,6.0,75,chemdeprc_cap1,75,59,0.21333333333333335,75
CHEMBL226,1,0.2,6.0,75,minp_block_bh_cap1,75,58,0.22666666666666666,75
CHEMBL226,1,0.2,6.0,75,score_cap1,75,58,0.22666666666666666,75
CHEMBL226,1,0.2,6.0,75,weighted_bh,75,53,0.29333333333333333,51
CHEMBL226,1,0.3,4.0,10,meta_calibration,10,10,0.0,10
CHEMBL226,1,0.3,4.0,10,chemdeprc_cap1,10,5,0.5,10
CHEMBL226,1,0.3,4.0,10,minp_block_bh_cap1,10,10,0.0,10
CHEMBL226,1,0.3,4.0,10,score_cap1,10,3,0.7,10
CHEMBL226,1,0.3,4.0,10,weighted_bh,10,10,0.0,10
CHEMBL226,1,0.3,4.0,50,meta_calibration,50,43,0.14,50
CHEMBL226,1,0.3,4.0,50,chemdeprc_cap1,50,35,0.3,50
CHEMBL226,1,0.3,4.0,50,minp_block_bh_cap1,50,38,0.24,50
CHEMBL226,1,0.3,4.0,50,score_cap1,50,37,0.26,50
CHEMBL226,1,0.3,4.0,50,weighted_bh,50,37,0.26,36
CHEMBL226,1,0.3,4.0,75,meta_calibration,75,60,0.2,75
CHEMBL226,1,0.3,4.0,75,chemdeprc_cap1,75,56,0.25333333333333335,75
CHEMBL226,1,0.3,4.0,75,minp_block_bh_cap1,75,57,0.24,75
CHEMBL226,1,0.3,4.0,75,score_cap1,75,56,0.25333333333333335,75
CHEMBL226,1,0.3,4.0,75,weighted_bh,75,44,0.41333333333333333,45
CHEMBL226,1,0.3,6.0,10,meta_calibration,10,10,0.0,10
CHEMBL226,1,0.3,6.0,10,chemdeprc_cap1,10,2,0.8,10
CHEMBL226,1,0.3,6.0,10,minp_block_bh_cap1,10,10,0.0,10
CHEMBL226,1,0.3,6.0,10,score_cap1,10,0,1.0,10
CHEMBL226,1,0.3,6.0,10,weighted_bh,10,10,0.0,10
CHEMBL226,1,0.3,6.0,50,meta_calibration,50,46,0.08,50
CHEMBL226,1,0.3,6.0,50,chemdeprc_cap1,50,35,0.3,50
CHEMBL226,1,0.3,6.0,50,minp_block_bh_cap1,50,38,0.24,50
CHEMBL226,1,0.3,6.0,50,score_cap1,50,37,0.26,50
CHEMBL226,1,0.3,6.0,50,weighted_bh,50,37,0.26,36
CHEMBL226,1,0.3,6.0,75,meta_calibration,75,63,0.16,75
CHEMBL226,1,0.3,6.0,75,chemdeprc_cap1,75,56,0.25333333333333335,75
CHEMBL226,1,0.3,6.0,75,minp_block_bh_cap1,75,57,0.24,75
CHEMBL226,1,0.3,6.0,75,score_cap1,75,56,0.25333333333333335,75
CHEMBL226,1,0.3,6.0,75,weighted_bh,75,41,0.4533333333333333,43
CHEMBL226,2,0.2,4.0,10,meta_calibration,10,10,0.0,10
CHEMBL226,2,0.2,4.0,10,chemdeprc_cap1,10,8,0.2,10
CHEMBL226,2,0.2,4.0,10,minp_block_bh_cap1,10,10,0.0,10
CHEMBL226,2,0.2,4.0,10,score_cap1,10,5,0.5,10
CHEMBL226,2,0.2,4.0,10,weighted_bh,10,10,0.0,10
CHEMBL226,2,0.2,4.0,50,meta_calibration,50,42,0.16,50
CHEMBL226,2,0.2,4.0,50,chemdeprc_cap1,50,38,0.24,50
CHEMBL226,2,0.2,4.0,50,minp_block_bh_cap1,50,40,0.2,50
CHEMBL226,2,0.2,4.0,50,score_cap1,50,38,0.24,50
CHEMBL226,2,0.2,4.0,50,weighted_bh,50,37,0.26,35
CHEMBL226,2,0.2,4.0,75,meta_calibration,75,61,0.18666666666666668,75
CHEMBL226,2,0.2,4.0,75,chemdeprc_cap1,75,58,0.22666666666666666,75
CHEMBL226,2,0.2,4.0,75,minp_block_bh_cap1,75,58,0.22666666666666666,75
CHEMBL226,2,0.2,4.0,75,score_cap1,75,57,0.24,75
CHEMBL226,2,0.2,4.0,75,weighted_bh,75,50,0.3333333333333333,47
CHEMBL226,2,0.2,6.0,10,meta_calibration,10,10,0.0,10
CHEMBL226,2,0.2,6.0,10,chemdeprc_cap1,10,5,0.5,10
CHEMBL226,2,0.2,6.0,10,minp_block_bh_cap1,10,10,0.0,10
CHEMBL226,2,0.2,6.0,10,score_cap1,10,2,0.8,10
CHEMBL226,2,0.2,6.0,10,weighted_bh,10,10,0.0,10
CHEMBL226,2,0.2,6.0,50,meta_calibration,50,45,0.1,50
CHEMBL226,2,0.2,6.0,50,chemdeprc_cap1,50,38,0.24,50
CHEMBL226,2,0.2,6.0,50,minp_block_bh_cap1,50,40,0.2,50
CHEMBL226,2,0.2,6.0,50,score_cap1,50,38,0.24,50
CHEMBL226,2,0.2,6.0,50,weighted_bh,50,37,0.26,34
CHEMBL226,2,0.2,6.0,75,meta_calibration,75,62,0.17333333333333334,75
CHEMBL226,2,0.2,6.0,75,chemdeprc_cap1,75,58,0.22666666666666666,75
CHEMBL226,2,0.2,6.0,75,minp_block_bh_cap1,75,58,0.22666666666666666,75
CHEMBL226,2,0.2,6.0,75,score_cap1,75,57,0.24,75
CHEMBL226,2,0.2,6.0,75,weighted_bh,75,44,0.41333333333333333,43
CHEMBL226,2,0.3,4.0,10,meta_calibration,10,10,0.0,10
CHEMBL226,2,0.3,4.0,10,chemdeprc_cap1,10,5,0.5,10
CHEMBL226,2,0.3,4.0,10,minp_block_bh_cap1,10,10,0.0,10
CHEMBL226,2,0.3,4.0,10,score_cap1,10,4,0.6,10
CHEMBL226,2,0.3,4.0,10,weighted_bh,10,10,0.0,10
CHEMBL226,2,0.3,4.0,50,meta_calibration,50,43,0.14,50
CHEMBL226,2,0.3,4.0,50,chemdeprc_cap1,50,35,0.3,50
CHEMBL226,2,0.3,4.0,50,minp_block_bh_cap1,50,39,0.22,50
CHEMBL226,2,0.3,4.0,50,score_cap1,50,37,0.26,50
CHEMBL226,2,0.3,4.0,50,weighted_bh,50,34,0.32,36
CHEMBL226,2,0.3,4.0,75,meta_calibration,75,60,0.2,75
CHEMBL226,2,0.3,4.0,75,chemdeprc_cap1,75,55,0.26666666666666666,75
CHEMBL226,2,0.3,4.0,75,minp_block_bh_cap1,75,57,0.24,75
CHEMBL226,2,0.3,4.0,75,score_cap1,75,55,0.26666666666666666,75
CHEMBL226,2,0.3,4.0,75,weighted_bh,75,48,0.36,46
CHEMBL226,2,0.3,6.0,10,meta_calibration,10,10,0.0,10
CHEMBL226,2,0.3,6.0,10,chemdeprc_cap1,10,2,0.8,10
CHEMBL226,2,0.3,6.0,10,minp_block_bh_cap1,10,10,0.0,10
CHEMBL226,2,0.3,6.0,10,score_cap1,10,1,0.9,10
CHEMBL226,2,0.3,6.0,10,weighted_bh,10,10,0.0,10
CHEMBL226,2,0.3,6.0,50,meta_calibration,50,45,0.1,50
CHEMBL226,2,0.3,6.0,50,chemdeprc_cap1,50,35,0.3,50
CHEMBL226,2,0.3,6.0,50,minp_block_bh_cap1,50,37,0.26,50
CHEMBL226,2,0.3,6.0,50,score_cap1,50,36,0.28,50
CHEMBL226,2,0.3,6.0,50,weighted_bh,50,29,0.42,34
CHEMBL226,2,0.3,6.0,75,meta_calibration,75,63,0.16,75
CHEMBL226,2,0.3,6.0,75,chemdeprc_cap1,75,55,0.26666666666666666,75
CHEMBL226,2,0.3,6.0,75,minp_block_bh_cap1,75,56,0.25333333333333335,75
CHEMBL226,2,0.3,6.0,75,score_cap1,75,55,0.26666666666666666,75
CHEMBL226,2,0.3,6.0,75,weighted_bh,75,41,0.4533333333333333,44
CHEMBL226,3,0.2,4.0,10,meta_calibration,10,10,0.0,10
CHEMBL226,3,0.2,4.0,10,chemdeprc_cap1,10,6,0.4,10
CHEMBL226,3,0.2,4.0,10,minp_block_bh_cap1,10,10,0.0,10
CHEMBL226,3,0.2,4.0,10,score_cap1,10,4,0.6,10
CHEMBL226,3,0.2,4.0,10,weighted_bh,10,10,0.0,10
CHEMBL226,3,0.2,4.0,50,meta_calibration,50,44,0.12,50
CHEMBL226,3,0.2,4.0,50,chemdeprc_cap1,50,38,0.24,50
CHEMBL226,3,0.2,4.0,50,minp_block_bh_cap1,50,40,0.2,50
CHEMBL226,3,0.2,4.0,50,score_cap1,50,38,0.24,50
CHEMBL226,3,0.2,4.0,50,weighted_bh,50,37,0.26,35
CHEMBL226,3,0.2,4.0,75,meta_calibration,75,61,0.18666666666666668,75
CHEMBL226,3,0.2,4.0,75,chemdeprc_cap1,75,57,0.24,75
CHEMBL226,3,0.2,4.0,75,minp_block_bh_cap1,75,58,0.22666666666666666,75
CHEMBL226,3,0.2,4.0,75,score_cap1,75,58,0.22666666666666666,75
CHEMBL226,3,0.2,4.0,75,weighted_bh,75,44,0.41333333333333333,43
CHEMBL226,3,0.2,6.0,10,meta_calibration,10,10,0.0,10
CHEMBL226,3,0.2,6.0,10,chemdeprc_cap1,10,5,0.5,10
CHEMBL226,3,0.2,6.0,10,minp_block_bh_cap1,10,10,0.0,10
CHEMBL226,3,0.2,6.0,10,score_cap1,10,2,0.8,10
CHEMBL226,3,0.2,6.0,10,weighted_bh,10,10,0.0,10
CHEMBL226,3,0.2,6.0,50,meta_calibration,50,44,0.12,50
CHEMBL226,3,0.2,6.0,50,chemdeprc_cap1,50,37,0.26,50
CHEMBL226,3,0.2,6.0,50,minp_block_bh_cap1,50,39,0.22,50
CHEMBL226,3,0.2,6.0,50,score_cap1,50,38,0.24,50
CHEMBL226,3,0.2,6.0,50,weighted_bh,50,35,0.3,35
CHEMBL226,3,0.2,6.0,75,meta_calibration,75,61,0.18666666666666668,75
CHEMBL226,3,0.2,6.0,75,chemdeprc_cap1,75,57,0.24,75
CHEMBL226,3,0.2,6.0,75,minp_block_bh_cap1,75,58,0.22666666666666666,75
CHEMBL226,3,0.2,6.0,75,score_cap1,75,58,0.22666666666666666,75
CHEMBL226,3,0.2,6.0,75,weighted_bh,75,41,0.4533333333333333,43
CHEMBL226,3,0.3,4.0,10,meta_calibration,10,10,0.0,10
CHEMBL226,3,0.3,4.0,10,chemdeprc_cap1,10,5,0.5,10
CHEMBL226,3,0.3,4.0,10,minp_block_bh_cap1,10,10,0.0,10
CHEMBL226,3,0.3,4.0,10,score_cap1,10,2,0.8,10
CHEMBL226,3,0.3,4.0,10,weighted_bh,10,10,0.0,10
CHEMBL226,3,0.3,4.0,50,meta_calibration,50,43,0.14,50
CHEMBL226,3,0.3,4.0,50,chemdeprc_cap1,50,35,0.3,50
CHEMBL226,3,0.3,4.0,50,minp_block_bh_cap1,50,37,0.26,50
CHEMBL226,3,0.3,4.0,50,score_cap1,50,36,0.28,50
CHEMBL226,3,0.3,4.0,50,weighted_bh,50,37,0.26,36
CHEMBL226,3,0.3,4.0,75,meta_calibration,75,61,0.18666666666666668,75
CHEMBL226,3,0.3,4.0,75,chemdeprc_cap1,75,55,0.26666666666666666,75
CHEMBL226,3,0.3,4.0,75,minp_block_bh_cap1,75,56,0.25333333333333335,75
CHEMBL226,3,0.3,4.0,75,score_cap1,75,56,0.25333333333333335,75
CHEMBL226,3,0.3,4.0,75,weighted_bh,75,42,0.44,45
CHEMBL226,3,0.3,6.0,10,meta_calibration,10,10,0.0,10
CHEMBL226,3,0.3,6.0,10,chemdeprc_cap1,10,2,0.8,10
CHEMBL226,3,0.3,6.0,10,minp_block_bh_cap1,10,10,0.0,10
CHEMBL226,3,0.3,6.0,10,score_cap1,10,0,1.0,10
CHEMBL226,3,0.3,6.0,10,weighted_bh,10,10,0.0,10
CHEMBL226,3,0.3,6.0,50,meta_calibration,50,45,0.1,50
CHEMBL226,3,0.3,6.0,50,chemdeprc_cap1,50,35,0.3,50
CHEMBL226,3,0.3,6.0,50,minp_block_bh_cap1,50,37,0.26,50
CHEMBL226,3,0.3,6.0,50,score_cap1,50,36,0.28,50
CHEMBL226,3,0.3,6.0,50,weighted_bh,50,32,0.36,35
CHEMBL226,3,0.3,6.0,75,meta_calibration,75,63,0.16,75
CHEMBL226,3,0.3,6.0,75,chemdeprc_cap1,75,55,0.26666666666666666,75
CHEMBL226,3,0.3,6.0,75,minp_block_bh_cap1,75,56,0.25333333333333335,75
CHEMBL226,3,0.3,6.0,75,score_cap1,75,56,0.25333333333333335,75
CHEMBL226,3,0.3,6.0,75,weighted_bh,75,41,0.4533333333333333,45
CHEMBL226,4,0.2,4.0,10,meta_calibration,10,10,0.0,10
CHEMBL226,4,0.2,4.0,10,chemdeprc_cap1,10,7,0.3,10
CHEMBL226,4,0.2,4.0,10,minp_block_bh_cap1,10,10,0.0,10
CHEMBL226,4,0.2,4.0,10,score_cap1,10,3,0.7,10
CHEMBL226,4,0.2,4.0,10,weighted_bh,10,10,0.0,10
CHEMBL226,4,0.2,4.0,50,meta_calibration,50,43,0.14,50
CHEMBL226,4,0.2,4.0,50,chemdeprc_cap1,50,37,0.26,50
CHEMBL226,4,0.2,4.0,50,minp_block_bh_cap1,50,40,0.2,50
CHEMBL226,4,0.2,4.0,50,score_cap1,50,38,0.24,50
CHEMBL226,4,0.2,4.0,50,weighted_bh,50,37,0.26,36
CHEMBL226,4,0.2,4.0,75,meta_calibration,75,61,0.18666666666666668,75
CHEMBL226,4,0.2,4.0,75,chemdeprc_cap1,75,58,0.22666666666666666,75
CHEMBL226,4,0.2,4.0,75,minp_block_bh_cap1,75,58,0.22666666666666666,75
CHEMBL226,4,0.2,4.0,75,score_cap1,75,57,0.24,75
CHEMBL226,4,0.2,4.0,75,weighted_bh,75,53,0.29333333333333333,50
CHEMBL226,4,0.2,6.0,10,meta_calibration,10,10,0.0,10
CHEMBL226,4,0.2,6.0,10,chemdeprc_cap1,10,5,0.5,10
CHEMBL226,4,0.2,6.0,10,minp_block_bh_cap1,10,10,0.0,10
CHEMBL226,4,0.2,6.0,10,score_cap1,10,2,0.8,10
CHEMBL226,4,0.2,6.0,10,weighted_bh,10,10,0.0,10
CHEMBL226,4,0.2,6.0,50,meta_calibration,50,45,0.1,50
CHEMBL226,4,0.2,6.0,50,chemdeprc_cap1,50,37,0.26,50
CHEMBL226,4,0.2,6.0,50,minp_block_bh_cap1,50,40,0.2,50
CHEMBL226,4,0.2,6.0,50,score_cap1,50,38,0.24,50
CHEMBL226,4,0.2,6.0,50,weighted_bh,50,37,0.26,35
CHEMBL226,4,0.2,6.0,75,meta_calibration,75,63,0.16,75
CHEMBL226,4,0.2,6.0,75,chemdeprc_cap1,75,58,0.22666666666666666,75
CHEMBL226,4,0.2,6.0,75,minp_block_bh_cap1,75,58,0.22666666666666666,75
CHEMBL226,4,0.2,6.0,75,score_cap1,75,57,0.24,75
CHEMBL226,4,0.2,6.0,75,weighted_bh,75,48,0.36,45
CHEMBL226,4,0.3,4.0,10,meta_calibration,10,10,0.0,10
CHEMBL226,4,0.3,4.0,10,chemdeprc_cap1,10,5,0.5,10
CHEMBL226,4,0.3,4.0,10,minp_block_bh_cap1,10,10,0.0,10
CHEMBL226,4,0.3,4.0,10,score_cap1,10,3,0.7,10
CHEMBL226,4,0.3,4.0,10,weighted_bh,10,10,0.0,10
CHEMBL226,4,0.3,4.0,50,meta_calibration,50,43,0.14,50
CHEMBL226,4,0.3,4.0,50,chemdeprc_cap1,50,35,0.3,50
CHEMBL226,4,0.3,4.0,50,minp_block_bh_cap1,50,38,0.24,50
CHEMBL226,4,0.3,4.0,50,score_cap1,50,37,0.26,50
CHEMBL226,4,0.3,4.0,50,weighted_bh,50,37,0.26,36
CHEMBL226,4,0.3,4.0,75,meta_calibration,75,61,0.18666666666666668,75
CHEMBL226,4,0.3,4.0,75,chemdeprc_cap1,75,56,0.25333333333333335,75
CHEMBL226,4,0.3,4.0,75,minp_block_bh_cap1,75,57,0.24,75
CHEMBL226,4,0.3,4.0,75,score_cap1,75,57,0.24,75
CHEMBL226,4,0.3,4.0,75,weighted_bh,75,41,0.4533333333333333,44
CHEMBL226,4,0.3,6.0,10,meta_calibration,10,10,0.0,10
CHEMBL226,4,0.3,6.0,10,chemdeprc_cap1,10,2,0.8,10
CHEMBL226,4,0.3,6.0,10,minp_block_bh_cap1,10,10,0.0,10
CHEMBL226,4,0.3,6.0,10,score_cap1,10,0,1.0,10
CHEMBL226,4,0.3,6.0,10,weighted_bh,10,10,0.0,10
CHEMBL226,4,0.3,6.0,50,meta_calibration,50,46,0.08,50
CHEMBL226,4,0.3,6.0,50,chemdeprc_cap1,50,35,0.3,50
CHEMBL226,4,0.3,6.0,50,minp_block_bh_cap1,50,37,0.26,50
CHEMBL226,4,0.3,6.0,50,score_cap1,50,37,0.26,50
CHEMBL226,4,0.3,6.0,50,weighted_bh,50,35,0.3,36
CHEMBL226,4,0.3,6.0,75,meta_calibration,75,64,0.14666666666666667,75
CHEMBL226,4,0.3,6.0,75,chemdeprc_cap1,75,56,0.25333333333333335,75
CHEMBL226,4,0.3,6.0,75,minp_block_bh_cap1,75,57,0.24,75
CHEMBL226,4,0.3,6.0,75,score_cap1,75,57,0.24,75
CHEMBL226,4,0.3,6.0,75,weighted_bh,75,41,0.4533333333333333,43
CHEMBL226,5,0.2,4.0,10,meta_calibration,10,10,0.0,10
CHEMBL226,5,0.2,4.0,10,chemdeprc_cap1,10,6,0.4,10
CHEMBL226,5,0.2,4.0,10,minp_block_bh_cap1,10,10,0.0,10
CHEMBL226,5,0.2,4.0,10,score_cap1,10,5,0.5,10
CHEMBL226,5,0.2,4.0,10,weighted_bh,10,10,0.0,10
CHEMBL226,5,0.2,4.0,50,meta_calibration,50,43,0.14,50
CHEMBL226,5,0.2,4.0,50,chemdeprc_cap1,50,39,0.22,50
CHEMBL226,5,0.2,4.0,50,minp_block_bh_cap1,50,40,0.2,50
CHEMBL226,5,0.2,4.0,50,score_cap1,50,39,0.22,50
CHEMBL226,5,0.2,4.0,50,weighted_bh,50,37,0.26,36
CHEMBL226,5,0.2,4.0,75,meta_calibration,75,59,0.21333333333333335,75
CHEMBL226,5,0.2,4.0,75,chemdeprc_cap1,75,58,0.22666666666666666,75
CHEMBL226,5,0.2,4.0,75,minp_block_bh_cap1,75,59,0.21333333333333335,75
CHEMBL226,5,0.2,4.0,75,score_cap1,75,58,0.22666666666666666,75
CHEMBL226,5,0.2,4.0,75,weighted_bh,75,53,0.29333333333333333,50
CHEMBL226,5,0.2,6.0,10,meta_calibration,10,10,0.0,10
CHEMBL226,5,0.2,6.0,10,chemdeprc_cap1,10,4,0.6,10
CHEMBL226,5,0.2,6.0,10,minp_block_bh_cap1,10,10,0.0,10
CHEMBL226,5,0.2,6.0,10,score_cap1,10,2,0.8,10
CHEMBL226,5,0.2,6.0,10,weighted_bh,10,10,0.0,10
CHEMBL226,5,0.2,6.0,50,meta_calibration,50,45,0.1,50
CHEMBL226,5,0.2,6.0,50,chemdeprc_cap1,50,38,0.24,50
CHEMBL226,5,0.2,6.0,50,minp_block_bh_cap1,50,39,0.22,50
CHEMBL226,5,0.2,6.0,50,score_cap1,50,38,0.24,50
CHEMBL226,5,0.2,6.0,50,weighted_bh,50,35,0.3,36
CHEMBL226,5,0.2,6.0,75,meta_calibration,75,61,0.18666666666666668,75
CHEMBL226,5,0.2,6.0,75,chemdeprc_cap1,75,58,0.22666666666666666,75
CHEMBL226,5,0.2,6.0,75,minp_block_bh_cap1,75,58,0.22666666666666666,75
CHEMBL226,5,0.2,6.0,75,score_cap1,75,58,0.22666666666666666,75
CHEMBL226,5,0.2,6.0,75,weighted_bh,75,45,0.4,44
CHEMBL226,5,0.3,4.0,10,meta_calibration,10,10,0.0,10
CHEMBL226,5,0.3,4.0,10,chemdeprc_cap1,10,5,0.5,10
CHEMBL226,5,0.3,4.0,10,minp_block_bh_cap1,10,10,0.0,10
CHEMBL226,5,0.3,4.0,10,score_cap1,10,3,0.7,10
CHEMBL226,5,0.3,4.0,10,weighted_bh,10,10,0.0,10
CHEMBL226,5,0.3,4.0,50,meta_calibration,50,44,0.12,50
CHEMBL226,5,0.3,4.0,50,chemdeprc_cap1,50,35,0.3,50
CHEMBL226,5,0.3,4.0,50,minp_block_bh_cap1,50,39,0.22,50
CHEMBL226,5,0.3,4.0,50,score_cap1,50,36,0.28,50
CHEMBL226,5,0.3,4.0,50,weighted_bh,50,35,0.3,36
CHEMBL226,5,0.3,4.0,75,meta_calibration,75,61,0.18666666666666668,75
CHEMBL226,5,0.3,4.0,75,chemdeprc_cap1,75,55,0.26666666666666666,75
CHEMBL226,5,0.3,4.0,75,minp_block_bh_cap1,75,56,0.25333333333333335,75
CHEMBL226,5,0.3,4.0,75,score_cap1,75,55,0.26666666666666666,75
CHEMBL226,5,0.3,4.0,75,weighted_bh,75,45,0.4,44
CHEMBL226,5,0.3,6.0,10,meta_calibration,10,10,0.0,10
CHEMBL226,5,0.3,6.0,10,chemdeprc_cap1,10,4,0.6,10
CHEMBL226,5,0.3,6.0,10,minp_block_bh_cap1,10,10,0.0,10
CHEMBL226,5,0.3,6.0,10,score_cap1,10,0,1.0,10
CHEMBL226,5,0.3,6.0,10,weighted_bh,10,10,0.0,10
CHEMBL226,5,0.3,6.0,50,meta_calibration,50,45,0.1,50
CHEMBL226,5,0.3,6.0,50,chemdeprc_cap1,50,35,0.3,50
CHEMBL226,5,0.3,6.0,50,minp_block_bh_cap1,50,38,0.24,50
CHEMBL226,5,0.3,6.0,50,score_cap1,50,36,0.28,50
CHEMBL226,5,0.3,6.0,50,weighted_bh,50,32,0.36,36
CHEMBL226,5,0.3,6.0,75,meta_calibration,75,64,0.14666666666666667,75
CHEMBL226,5,0.3,6.0,75,chemdeprc_cap1,75,55,0.26666666666666666,75
CHEMBL226,5,0.3,6.0,75,minp_block_bh_cap1,75,56,0.25333333333333335,75
CHEMBL226,5,0.3,6.0,75,score_cap1,75,55,0.26666666666666666,75
CHEMBL226,5,0.3,6.0,75,weighted_bh,75,42,0.44,45
CHEMBL226,6,0.2,4.0,10,meta_calibration,10,10,0.0,10
CHEMBL226,6,0.2,4.0,10,chemdeprc_cap1,10,8,0.2,10
CHEMBL226,6,0.2,4.0,10,minp_block_bh_cap1,10,10,0.0,10
CHEMBL226,6,0.2,4.0,10,score_cap1,10,5,0.5,10
CHEMBL226,6,0.2,4.0,10,weighted_bh,10,10,0.0,10
CHEMBL226,6,0.2,4.0,50,meta_calibration,50,44,0.12,50
CHEMBL226,6,0.2,4.0,50,chemdeprc_cap1,50,37,0.26,50
CHEMBL226,6,0.2,4.0,50,minp_block_bh_cap1,50,39,0.22,50
CHEMBL226,6,0.2,4.0,50,score_cap1,50,38,0.24,50
CHEMBL226,6,0.2,4.0,50,weighted_bh,50,37,0.26,37
CHEMBL226,6,0.2,4.0,75,meta_calibration,75,62,0.17333333333333334,75
CHEMBL226,6,0.2,4.0,75,chemdeprc_cap1,75,57,0.24,75
CHEMBL226,6,0.2,4.0,75,minp_block_bh_cap1,75,58,0.22666666666666666,75
CHEMBL226,6,0.2,4.0,75,score_cap1,75,58,0.22666666666666666,75
CHEMBL226,6,0.2,4.0,75,weighted_bh,75,49,0.3466666666666667,47
CHEMBL226,6,0.2,6.0,10,meta_calibration,10,10,0.0,10
CHEMBL226,6,0.2,6.0,10,chemdeprc_cap1,10,7,0.3,10
CHEMBL226,6,0.2,6.0,10,minp_block_bh_cap1,10,10,0.0,10
CHEMBL226,6,0.2,6.0,10,score_cap1,10,2,0.8,10
CHEMBL226,6,0.2,6.0,10,weighted_bh,10,10,0.0,10
CHEMBL226,6,0.2,6.0,50,meta_calibration,50,44,0.12,50
CHEMBL226,6,0.2,6.0,50,chemdeprc_cap1,50,37,0.26,50
CHEMBL226,6,0.2,6.0,50,minp_block_bh_cap1,50,39,0.22,50
CHEMBL226,6,0.2,6.0,50,score_cap1,50,38,0.24,50
CHEMBL226,6,0.2,6.0,50,weighted_bh,50,37,0.26,37
CHEMBL226,6,0.2,6.0,75,meta_calibration,75,63,0.16,75
CHEMBL226,6,0.2,6.0,75,chemdeprc_cap1,75,57,0.24,75
CHEMBL226,6,0.2,6.0,75,minp_block_bh_cap1,75,58,0.22666666666666666,75
CHEMBL226,6,0.2,6.0,75,score_cap1,75,58,0.22666666666666666,75
CHEMBL226,6,0.2,6.0,75,weighted_bh,75,47,0.37333333333333335,46
CHEMBL226,6,0.3,4.0,10,meta_calibration,10,10,0.0,10
CHEMBL226,6,0.3,4.0,10,chemdeprc_cap1,10,5,0.5,10
CHEMBL226,6,0.3,4.0,10,minp_block_bh_cap1,10,10,0.0,10
CHEMBL226,6,0.3,4.0,10,score_cap1,10,3,0.7,10
CHEMBL226,6,0.3,4.0,10,weighted_bh,10,10,0.0,10
CHEMBL226,6,0.3,4.0,50,meta_calibration,50,44,0.12,50
CHEMBL226,6,0.3,4.0,50,chemdeprc_cap1,50,35,0.3,50
CHEMBL226,6,0.3,4.0,50,minp_block_bh_cap1,50,37,0.26,50
CHEMBL226,6,0.3,4.0,50,score_cap1,50,37,0.26,50
CHEMBL226,6,0.3,4.0,50,weighted_bh,50,35,0.3,37
CHEMBL226,6,0.3,4.0,75,meta_calibration,75,62,0.17333333333333334,75
CHEMBL226,6,0.3,4.0,75,chemdeprc_cap1,75,56,0.25333333333333335,75
CHEMBL226,6,0.3,4.0,75,minp_block_bh_cap1,75,57,0.24,75
CHEMBL226,6,0.3,4.0,75,score_cap1,75,55,0.26666666666666666,75
CHEMBL226,6,0.3,4.0,75,weighted_bh,75,41,0.4533333333333333,44
CHEMBL226,6,0.3,6.0,10,meta_calibration,10,10,0.0,10
CHEMBL226,6,0.3,6.0,10,chemdeprc_cap1,10,2,0.8,10
CHEMBL226,6,0.3,6.0,10,minp_block_bh_cap1,10,10,0.0,10
CHEMBL226,6,0.3,6.0,10,score_cap1,10,0,1.0,10
CHEMBL226,6,0.3,6.0,10,weighted_bh,10,10,0.0,10
CHEMBL226,6,0.3,6.0,50,meta_calibration,50,46,0.08,50
CHEMBL226,6,0.3,6.0,50,chemdeprc_cap1,50,35,0.3,50
CHEMBL226,6,0.3,6.0,50,minp_block_bh_cap1,50,36,0.28,50
CHEMBL226,6,0.3,6.0,50,score_cap1,50,37,0.26,50
CHEMBL226,6,0.3,6.0,50,weighted_bh,50,32,0.36,36
CHEMBL226,6,0.3,6.0,75,meta_calibration,75,64,0.14666666666666667,75
CHEMBL226,6,0.3,6.0,75,chemdeprc_cap1,75,56,0.25333333333333335,75
CHEMBL226,6,0.3,6.0,75,minp_block_bh_cap1,75,57,0.24,75
CHEMBL226,6,0.3,6.0,75,score_cap1,75,55,0.26666666666666666,75
CHEMBL226,6,0.3,6.0,75,weighted_bh,75,41,0.4533333333333333,45
CHEMBL226,7,0.2,4.0,10,meta_calibration,10,10,0.0,10
CHEMBL226,7,0.2,4.0,10,chemdeprc_cap1,10,5,0.5,10
CHEMBL226,7,0.2,4.0,10,minp_block_bh_cap1,10,10,0.0,10
CHEMBL226,7,0.2,4.0,10,score_cap1,10,5,0.5,10
CHEMBL226,7,0.2,4.0,10,weighted_bh,10,10,0.0,10
CHEMBL226,7,0.2,4.0,50,meta_calibration,50,44,0.12,50
CHEMBL226,7,0.2,4.0,50,chemdeprc_cap1,50,37,0.26,50
CHEMBL226,7,0.2,4.0,50,minp_block_bh_cap1,50,40,0.2,50
CHEMBL226,7,0.2,4.0,50,score_cap1,50,38,0.24,50
CHEMBL226,7,0.2,4.0,50,weighted_bh,50,37,0.26,36
CHEMBL226,7,0.2,4.0,75,meta_calibration,75,60,0.2,75
CHEMBL226,7,0.2,4.0,75,chemdeprc_cap1,75,58,0.22666666666666666,75
CHEMBL226,7,0.2,4.0,75,minp_block_bh_cap1,75,58,0.22666666666666666,75
CHEMBL226,7,0.2,4.0,75,score_cap1,75,58,0.22666666666666666,75
CHEMBL226,7,0.2,4.0,75,weighted_bh,75,50,0.3333333333333333,47
CHEMBL226,7,0.2,6.0,10,meta_calibration,10,10,0.0,10
CHEMBL226,7,0.2,6.0,10,chemdeprc_cap1,10,5,0.5,10
CHEMBL226,7,0.2,6.0,10,minp_block_bh_cap1,10,10,0.0,10
CHEMBL226,7,0.2,6.0,10,score_cap1,10,2,0.8,10
CHEMBL226,7,0.2,6.0,10,weighted_bh,10,10,0.0,10
CHEMBL226,7,0.2,6.0,50,meta_calibration,50,44,0.12,50
CHEMBL226,7,0.2,6.0,50,chemdeprc_cap1,50,37,0.26,50
CHEMBL226,7,0.2,6.0,50,minp_block_bh_cap1,50,39,0.22,50
CHEMBL226,7,0.2,6.0,50,score_cap1,50,38,0.24,50
CHEMBL226,7,0.2,6.0,50,weighted_bh,50,34,0.32,36
CHEMBL226,7,0.2,6.0,75,meta_calibration,75,63,0.16,75
CHEMBL226,7,0.2,6.0,75,chemdeprc_cap1,75,58,0.22666666666666666,75
CHEMBL226,7,0.2,6.0,75,minp_block_bh_cap1,75,58,0.22666666666666666,75
CHEMBL226,7,0.2,6.0,75,score_cap1,75,58,0.22666666666666666,75
CHEMBL226,7,0.2,6.0,75,weighted_bh,75,46,0.38666666666666666,45
CHEMBL226,7,0.3,4.0,10,meta_calibration,10,10,0.0,10
CHEMBL226,7,0.3,4.0,10,chemdeprc_cap1,10,5,0.5,10
CHEMBL226,7,0.3,4.0,10,minp_block_bh_cap1,10,10,0.0,10
CHEMBL226,7,0.3,4.0,10,score_cap1,10,4,0.6,10
CHEMBL226,7,0.3,4.0,10,weighted_bh,10,10,0.0,10
CHEMBL226,7,0.3,4.0,50,meta_calibration,50,44,0.12,50
CHEMBL226,7,0.3,4.0,50,chemdeprc_cap1,50,35,0.3,50
CHEMBL226,7,0.3,4.0,50,minp_block_bh_cap1,50,37,0.26,50
CHEMBL226,7,0.3,4.0,50,score_cap1,50,36,0.28,50
CHEMBL226,7,0.3,4.0,50,weighted_bh,50,32,0.36,36
CHEMBL226,7,0.3,4.0,75,meta_calibration,75,61,0.18666666666666668,75
CHEMBL226,7,0.3,4.0,75,chemdeprc_cap1,75,55,0.26666666666666666,75
CHEMBL226,7,0.3,4.0,75,minp_block_bh_cap1,75,56,0.25333333333333335,75
CHEMBL226,7,0.3,4.0,75,score_cap1,75,56,0.25333333333333335,75
CHEMBL226,7,0.3,4.0,75,weighted_bh,75,41,0.4533333333333333,45
CHEMBL226,7,0.3,6.0,10,meta_calibration,10,10,0.0,10
CHEMBL226,7,0.3,6.0,10,chemdeprc_cap1,10,2,0.8,10
CHEMBL226,7,0.3,6.0,10,minp_block_bh_cap1,10,10,0.0,10
CHEMBL226,7,0.3,6.0,10,score_cap1,10,0,1.0,10
CHEMBL226,7,0.3,6.0,10,weighted_bh,10,10,0.0,10
CHEMBL226,7,0.3,6.0,50,meta_calibration,50,45,0.1,50
CHEMBL226,7,0.3,6.0,50,chemdeprc_cap1,50,35,0.3,50
CHEMBL226,7,0.3,6.0,50,minp_block_bh_cap1,50,37,0.26,50
CHEMBL226,7,0.3,6.0,50,score_cap1,50,36,0.28,50
CHEMBL226,7,0.3,6.0,50,weighted_bh,50,30,0.4,34
CHEMBL226,7,0.3,6.0,75,meta_calibration,75,63,0.16,75
CHEMBL226,7,0.3,6.0,75,chemdeprc_cap1,75,55,0.26666666666666666,75
CHEMBL226,7,0.3,6.0,75,minp_block_bh_cap1,75,56,0.25333333333333335,75
CHEMBL226,7,0.3,6.0,75,score_cap1,75,56,0.25333333333333335,75
CHEMBL226,7,0.3,6.0,75,weighted_bh,75,41,0.4533333333333333,45
CHEMBL226,8,0.2,4.0,10,meta_calibration,10,10,0.0,10
CHEMBL226,8,0.2,4.0,10,chemdeprc_cap1,10,6,0.4,10
CHEMBL226,8,0.2,4.0,10,minp_block_bh_cap1,10,10,0.0,10
CHEMBL226,8,0.2,4.0,10,score_cap1,10,5,0.5,10
CHEMBL226,8,0.2,4.0,10,weighted_bh,10,10,0.0,10
CHEMBL226,8,0.2,4.0,50,meta_calibration,50,44,0.12,50
CHEMBL226,8,0.2,4.0,50,chemdeprc_cap1,50,38,0.24,50
CHEMBL226,8,0.2,4.0,50,minp_block_bh_cap1,50,41,0.18,50
CHEMBL226,8,0.2,4.0,50,score_cap1,50,39,0.22,50
CHEMBL226,8,0.2,4.0,50,weighted_bh,50,37,0.26,34
CHEMBL226,8,0.2,4.0,75,meta_calibration,75,61,0.18666666666666668,75
CHEMBL226,8,0.2,4.0,75,chemdeprc_cap1,75,59,0.21333333333333335,75
CHEMBL226,8,0.2,4.0,75,minp_block_bh_cap1,75,58,0.22666666666666666,75
CHEMBL226,8,0.2,4.0,75,score_cap1,75,58,0.22666666666666666,75
CHEMBL226,8,0.2,4.0,75,weighted_bh,75,50,0.3333333333333333,46
CHEMBL226,8,0.2,6.0,10,meta_calibration,10,10,0.0,10
CHEMBL226,8,0.2,6.0,10,chemdeprc_cap1,10,4,0.6,10
CHEMBL226,8,0.2,6.0,10,minp_block_bh_cap1,10,10,0.0,10
CHEMBL226,8,0.2,6.0,10,score_cap1,10,2,0.8,10
CHEMBL226,8,0.2,6.0,10,weighted_bh,10,10,0.0,10
CHEMBL226,8,0.2,6.0,50,meta_calibration,50,46,0.08,50
CHEMBL226,8,0.2,6.0,50,chemdeprc_cap1,50,38,0.24,50
CHEMBL226,8,0.2,6.0,50,minp_block_bh_cap1,50,40,0.2,50
CHEMBL226,8,0.2,6.0,50,score_cap1,50,39,0.22,50
CHEMBL226,8,0.2,6.0,50,weighted_bh,50,35,0.3,35
CHEMBL226,8,0.2,6.0,75,meta_calibration,75,63,0.16,75
CHEMBL226,8,0.2,6.0,75,chemdeprc_cap1,75,59,0.21333333333333335,75
CHEMBL226,8,0.2,6.0,75,minp_block_bh_cap1,75,58,0.22666666666666666,75
CHEMBL226,8,0.2,6.0,75,score_cap1,75,58,0.22666666666666666,75
CHEMBL226,8,0.2,6.0,75,weighted_bh,75,46,0.38666666666666666,44
CHEMBL226,8,0.3,4.0,10,meta_calibration,10,10,0.0,10
CHEMBL226,8,0.3,4.0,10,chemdeprc_cap1,10,5,0.5,10
CHEMBL226,8,0.3,4.0,10,minp_block_bh_cap1,10,10,0.0,10
CHEMBL226,8,0.3,4.0,10,score_cap1,10,3,0.7,10
CHEMBL226,8,0.3,4.0,10,weighted_bh,10,10,0.0,10
CHEMBL226,8,0.3,4.0,50,meta_calibration,50,43,0.14,50
CHEMBL226,8,0.3,4.0,50,chemdeprc_cap1,50,35,0.3,50
CHEMBL226,8,0.3,4.0,50,minp_block_bh_cap1,50,38,0.24,50
CHEMBL226,8,0.3,4.0,50,score_cap1,50,37,0.26,50
CHEMBL226,8,0.3,4.0,50,weighted_bh,50,34,0.32,36
CHEMBL226,8,0.3,4.0,75,meta_calibration,75,61,0.18666666666666668,75
CHEMBL226,8,0.3,4.0,75,chemdeprc_cap1,75,55,0.26666666666666666,75
CHEMBL226,8,0.3,4.0,75,minp_block_bh_cap1,75,57,0.24,75
CHEMBL226,8,0.3,4.0,75,score_cap1,75,55,0.26666666666666666,75
CHEMBL226,8,0.3,4.0,75,weighted_bh,75,42,0.44,45
CHEMBL226,8,0.3,6.0,10,meta_calibration,10,10,0.0,10
CHEMBL226,8,0.3,6.0,10,chemdeprc_cap1,10,1,0.9,10
CHEMBL226,8,0.3,6.0,10,minp_block_bh_cap1,10,10,0.0,10
CHEMBL226,8,0.3,6.0,10,score_cap1,10,1,0.9,10
CHEMBL226,8,0.3,6.0,10,weighted_bh,10,10,0.0,10
CHEMBL226,8,0.3,6.0,50,meta_calibration,50,45,0.1,50
CHEMBL226,8,0.3,6.0,50,chemdeprc_cap1,50,35,0.3,50
CHEMBL226,8,0.3,6.0,50,minp_block_bh_cap1,50,36,0.28,50
CHEMBL226,8,0.3,6.0,50,score_cap1,50,36,0.28,50
CHEMBL226,8,0.3,6.0,50,weighted_bh,50,29,0.42,34
CHEMBL226,8,0.3,6.0,75,meta_calibration,75,63,0.16,75
CHEMBL226,8,0.3,6.0,75,chemdeprc_cap1,75,55,0.26666666666666666,75
CHEMBL226,8,0.3,6.0,75,minp_block_bh_cap1,75,56,0.25333333333333335,75
CHEMBL226,8,0.3,6.0,75,score_cap1,75,55,0.26666666666666666,75
CHEMBL226,8,0.3,6.0,75,weighted_bh,75,41,0.4533333333333333,44
CHEMBL226,9,0.2,4.0,10,meta_calibration,10,10,0.0,10
CHEMBL226,9,0.2,4.0,10,chemdeprc_cap1,10,6,0.4,10
CHEMBL226,9,0.2,4.0,10,minp_block_bh_cap1,10,10,0.0,10
CHEMBL226,9,0.2,4.0,10,score_cap1,10,5,0.5,10
CHEMBL226,9,0.2,4.0,10,weighted_bh,10,10,0.0,10
CHEMBL226,9,0.2,4.0,50,meta_calibration,50,43,0.14,50
CHEMBL226,9,0.2,4.0,50,chemdeprc_cap1,50,38,0.24,50
CHEMBL226,9,0.2,4.0,50,minp_block_bh_cap1,50,40,0.2,50
CHEMBL226,9,0.2,4.0,50,score_cap1,50,39,0.22,50
CHEMBL226,9,0.2,4.0,50,weighted_bh,50,40,0.2,37
CHEMBL226,9,0.2,4.0,75,meta_calibration,75,60,0.2,75
CHEMBL226,9,0.2,4.0,75,chemdeprc_cap1,75,58,0.22666666666666666,75
CHEMBL226,9,0.2,4.0,75,minp_block_bh_cap1,75,58,0.22666666666666666,75
CHEMBL226,9,0.2,4.0,75,score_cap1,75,57,0.24,75
CHEMBL226,9,0.2,4.0,75,weighted_bh,75,53,0.29333333333333333,49
CHEMBL226,9,0.2,6.0,10,meta_calibration,10,10,0.0,10
CHEMBL226,9,0.2,6.0,10,chemdeprc_cap1,10,4,0.6,10
CHEMBL226,9,0.2,6.0,10,minp_block_bh_cap1,10,10,0.0,10
CHEMBL226,9,0.2,6.0,10,score_cap1,10,2,0.8,10
CHEMBL226,9,0.2,6.0,10,weighted_bh,10,10,0.0,10
CHEMBL226,9,0.2,6.0,50,meta_calibration,50,45,0.1,50
CHEMBL226,9,0.2,6.0,50,chemdeprc_cap1,50,37,0.26,50
CHEMBL226,9,0.2,6.0,50,minp_block_bh_cap1,50,40,0.2,50
CHEMBL226,9,0.2,6.0,50,score_cap1,50,38,0.24,50
CHEMBL226,9,0.2,6.0,50,weighted_bh,50,33,0.34,36
CHEMBL226,9,0.2,6.0,75,meta_calibration,75,62,0.17333333333333334,75
CHEMBL226,9,0.2,6.0,75,chemdeprc_cap1,75,58,0.22666666666666666,75
CHEMBL226,9,0.2,6.0,75,minp_block_bh_cap1,75,58,0.22666666666666666,75
CHEMBL226,9,0.2,6.0,75,score_cap1,75,57,0.24,75
CHEMBL226,9,0.2,6.0,75,weighted_bh,75,49,0.3466666666666667,46
CHEMBL226,9,0.3,4.0,10,meta_calibration,10,10,0.0,10
CHEMBL226,9,0.3,4.0,10,chemdeprc_cap1,10,6,0.4,10
CHEMBL226,9,0.3,4.0,10,minp_block_bh_cap1,10,10,0.0,10
CHEMBL226,9,0.3,4.0,10,score_cap1,10,4,0.6,10
CHEMBL226,9,0.3,4.0,10,weighted_bh,10,10,0.0,10
CHEMBL226,9,0.3,4.0,50,meta_calibration,50,42,0.16,50
CHEMBL226,9,0.3,4.0,50,chemdeprc_cap1,50,35,0.3,50
CHEMBL226,9,0.3,4.0,50,minp_block_bh_cap1,50,37,0.26,50
CHEMBL226,9,0.3,4.0,50,score_cap1,50,37,0.26,50
CHEMBL226,9,0.3,4.0,50,weighted_bh,50,37,0.26,36
CHEMBL226,9,0.3,4.0,75,meta_calibration,75,61,0.18666666666666668,75
CHEMBL226,9,0.3,4.0,75,chemdeprc_cap1,75,56,0.25333333333333335,75
CHEMBL226,9,0.3,4.0,75,minp_block_bh_cap1,75,57,0.24,75
CHEMBL226,9,0.3,4.0,75,score_cap1,75,56,0.25333333333333335,75
CHEMBL226,9,0.3,4.0,75,weighted_bh,75,43,0.4266666666666667,46
CHEMBL226,9,0.3,6.0,10,meta_calibration,10,10,0.0,10
CHEMBL226,9,0.3,6.0,10,chemdeprc_cap1,10,2,0.8,10
CHEMBL226,9,0.3,6.0,10,minp_block_bh_cap1,10,10,0.0,10
CHEMBL226,9,0.3,6.0,10,score_cap1,10,0,1.0,10
CHEMBL226,9,0.3,6.0,10,weighted_bh,10,10,0.0,10
CHEMBL226,9,0.3,6.0,50,meta_calibration,50,46,0.08,50
CHEMBL226,9,0.3,6.0,50,chemdeprc_cap1,50,35,0.3,50
CHEMBL226,9,0.3,6.0,50,minp_block_bh_cap1,50,37,0.26,50
CHEMBL226,9,0.3,6.0,50,score_cap1,50,37,0.26,50
CHEMBL226,9,0.3,6.0,50,weighted_bh,50,33,0.34,37
CHEMBL226,9,0.3,6.0,75,meta_calibration,75,64,0.14666666666666667,75
CHEMBL226,9,0.3,6.0,75,chemdeprc_cap1,75,56,0.25333333333333335,75
CHEMBL226,9,0.3,6.0,75,minp_block_bh_cap1,75,57,0.24,75
CHEMBL226,9,0.3,6.0,75,score_cap1,75,56,0.25333333333333335,75
CHEMBL226,9,0.3,6.0,75,weighted_bh,75,41,0.4533333333333333,45
CHEMBL227,0,0.2,4.0,10,meta_calibration,10,10,0.0,10
CHEMBL227,0,0.2,4.0,10,chemdeprc_cap1,10,10,0.0,10
CHEMBL227,0,0.2,4.0,10,minp_block_bh_cap1,10,10,0.0,10
CHEMBL227,0,0.2,4.0,10,score_cap1,10,10,0.0,10
CHEMBL227,0,0.2,4.0,10,weighted_bh,10,10,0.0,10
CHEMBL227,0,0.2,4.0,50,meta_calibration,50,49,0.02,50
CHEMBL227,0,0.2,4.0,50,chemdeprc_cap1,50,49,0.02,50
CHEMBL227,0,0.2,4.0,50,minp_block_bh_cap1,50,49,0.02,50
CHEMBL227,0,0.2,4.0,50,score_cap1,50,48,0.04,50
CHEMBL227,0,0.2,4.0,50,weighted_bh,50,49,0.02,44
CHEMBL227,0,0.2,4.0,75,meta_calibration,75,59,0.21333333333333335,75
CHEMBL227,0,0.2,4.0,75,chemdeprc_cap1,75,59,0.21333333333333335,75
CHEMBL227,0,0.2,4.0,75,minp_block_bh_cap1,75,58,0.22666666666666666,75
CHEMBL227,0,0.2,4.0,75,score_cap1,75,59,0.21333333333333335,75
CHEMBL227,0,0.2,4.0,75,weighted_bh,75,73,0.02666666666666667,56
CHEMBL227,0,0.2,6.0,10,meta_calibration,10,10,0.0,10
CHEMBL227,0,0.2,6.0,10,chemdeprc_cap1,10,10,0.0,10
CHEMBL227,0,0.2,6.0,10,minp_block_bh_cap1,10,10,0.0,10
CHEMBL227,0,0.2,6.0,10,score_cap1,10,9,0.1,10
CHEMBL227,0,0.2,6.0,10,weighted_bh,10,10,0.0,10
CHEMBL227,0,0.2,6.0,50,meta_calibration,50,49,0.02,50
CHEMBL227,0,0.2,6.0,50,chemdeprc_cap1,50,49,0.02,50
CHEMBL227,0,0.2,6.0,50,minp_block_bh_cap1,50,49,0.02,50
CHEMBL227,0,0.2,6.0,50,score_cap1,50,48,0.04,50
CHEMBL227,0,0.2,6.0,50,weighted_bh,50,49,0.02,44
CHEMBL227,0,0.2,6.0,75,meta_calibration,75,60,0.2,75
CHEMBL227,0,0.2,6.0,75,chemdeprc_cap1,75,59,0.21333333333333335,75
CHEMBL227,0,0.2,6.0,75,minp_block_bh_cap1,75,58,0.22666666666666666,75
CHEMBL227,0,0.2,6.0,75,score_cap1,75,59,0.21333333333333335,75
CHEMBL227,0,0.2,6.0,75,weighted_bh,75,73,0.02666666666666667,56
CHEMBL227,0,0.3,4.0,10,meta_calibration,10,10,0.0,10
CHEMBL227,0,0.3,4.0,10,chemdeprc_cap1,10,10,0.0,10
CHEMBL227,0,0.3,4.0,10,minp_block_bh_cap1,10,10,0.0,10
CHEMBL227,0,0.3,4.0,10,score_cap1,10,10,0.0,10
CHEMBL227,0,0.3,4.0,10,weighted_bh,10,10,0.0,10
CHEMBL227,0,0.3,4.0,50,meta_calibration,50,49,0.02,50
CHEMBL227,0,0.3,4.0,50,chemdeprc_cap1,50,49,0.02,50
CHEMBL227,0,0.3,4.0,50,minp_block_bh_cap1,50,49,0.02,50
CHEMBL227,0,0.3,4.0,50,score_cap1,50,49,0.02,50
CHEMBL227,0,0.3,4.0,50,weighted_bh,50,49,0.02,44
CHEMBL227,0,0.3,4.0,75,meta_calibration,75,60,0.2,75
CHEMBL227,0,0.3,4.0,75,chemdeprc_cap1,75,60,0.2,75
CHEMBL227,0,0.3,4.0,75,minp_block_bh_cap1,75,59,0.21333333333333335,75
CHEMBL227,0,0.3,4.0,75,score_cap1,75,60,0.2,75
CHEMBL227,0,0.3,4.0,75,weighted_bh,75,73,0.02666666666666667,56
CHEMBL227,0,0.3,6.0,10,meta_calibration,10,10,0.0,10
CHEMBL227,0,0.3,6.0,10,chemdeprc_cap1,10,10,0.0,10
CHEMBL227,0,0.3,6.0,10,minp_block_bh_cap1,10,10,0.0,10
CHEMBL227,0,0.3,6.0,10,score_cap1,10,10,0.0,10
CHEMBL227,0,0.3,6.0,10,weighted_bh,10,10,0.0,10
CHEMBL227,0,0.3,6.0,50,meta_calibration,50,49,0.02,50
CHEMBL227,0,0.3,6.0,50,chemdeprc_cap1,50,49,0.02,50
CHEMBL227,0,0.3,6.0,50,minp_block_bh_cap1,50,49,0.02,50
CHEMBL227,0,0.3,6.0,50,score_cap1,50,49,0.02,50
CHEMBL227,0,0.3,6.0,50,weighted_bh,50,49,0.02,44
CHEMBL227,0,0.3,6.0,75,meta_calibration,75,60,0.2,75
CHEMBL227,0,0.3,6.0,75,chemdeprc_cap1,75,60,0.2,75
CHEMBL227,0,0.3,6.0,75,minp_block_bh_cap1,75,59,0.21333333333333335,75
CHEMBL227,0,0.3,6.0,75,score_cap1,75,60,0.2,75
CHEMBL227,0,0.3,6.0,75,weighted_bh,75,73,0.02666666666666667,56
CHEMBL227,1,0.2,4.0,10,meta_calibration,10,10,0.0,10
CHEMBL227,1,0.2,4.0,10,chemdeprc_cap1,10,10,0.0,10
CHEMBL227,1,0.2,4.0,10,minp_block_bh_cap1,10,10,0.0,10
CHEMBL227,1,0.2,4.0,10,score_cap1,10,10,0.0,10
CHEMBL227,1,0.2,4.0,10,weighted_bh,10,10,0.0,10
CHEMBL227,1,0.2,4.0,50,meta_calibration,50,49,0.02,50
CHEMBL227,1,0.2,4.0,50,chemdeprc_cap1,50,49,0.02,50
CHEMBL227,1,0.2,4.0,50,minp_block_bh_cap1,50,49,0.02,50
CHEMBL227,1,0.2,4.0,50,score_cap1,50,49,0.02,50
CHEMBL227,1,0.2,4.0,50,weighted_bh,50,49,0.02,44
CHEMBL227,1,0.2,4.0,75,meta_calibration,75,60,0.2,75
CHEMBL227,1,0.2,4.0,75,chemdeprc_cap1,75,60,0.2,75
CHEMBL227,1,0.2,4.0,75,minp_block_bh_cap1,75,59,0.21333333333333335,75
CHEMBL227,1,0.2,4.0,75,score_cap1,75,60,0.2,75
CHEMBL227,1,0.2,4.0,75,weighted_bh,75,73,0.02666666666666667,56
CHEMBL227,1,0.2,6.0,10,meta_calibration,10,10,0.0,10
CHEMBL227,1,0.2,6.0,10,chemdeprc_cap1,10,10,0.0,10
CHEMBL227,1,0.2,6.0,10,minp_block_bh_cap1,10,10,0.0,10
CHEMBL227,1,0.2,6.0,10,score_cap1,10,10,0.0,10
CHEMBL227,1,0.2,6.0,10,weighted_bh,10,10,0.0,10
CHEMBL227,1,0.2,6.0,50,meta_calibration,50,49,0.02,50
CHEMBL227,1,0.2,6.0,50,chemdeprc_cap1,50,49,0.02,50
CHEMBL227,1,0.2,6.0,50,minp_block_bh_cap1,50,49,0.02,50
CHEMBL227,1,0.2,6.0,50,score_cap1,50,49,0.02,50
CHEMBL227,1,0.2,6.0,50,weighted_bh,50,49,0.02,44
CHEMBL227,1,0.2,6.0,75,meta_calibration,75,60,0.2,75
CHEMBL227,1,0.2,6.0,75,chemdeprc_cap1,75,60,0.2,75
CHEMBL227,1,0.2,6.0,75,minp_block_bh_cap1,75,59,0.21333333333333335,75
CHEMBL227,1,0.2,6.0,75,score_cap1,75,60,0.2,75
CHEMBL227,1,0.2,6.0,75,weighted_bh,75,73,0.02666666666666667,56
CHEMBL227,1,0.3,4.0,10,meta_calibration,10,10,0.0,10
CHEMBL227,1,0.3,4.0,10,chemdeprc_cap1,10,10,0.0,10
CHEMBL227,1,0.3,4.0,10,minp_block_bh_cap1,10,10,0.0,10
CHEMBL227,1,0.3,4.0,10,score_cap1,10,10,0.0,10
CHEMBL227,1,0.3,4.0,10,weighted_bh,10,10,0.0,10
CHEMBL227,1,0.3,4.0,50,meta_calibration,50,49,0.02,50
CHEMBL227,1,0.3,4.0,50,chemdeprc_cap1,50,49,0.02,50
CHEMBL227,1,0.3,4.0,50,minp_block_bh_cap1,50,49,0.02,50
CHEMBL227,1,0.3,4.0,50,score_cap1,50,48,0.04,50
CHEMBL227,1,0.3,4.0,50,weighted_bh,50,49,0.02,44
CHEMBL227,1,0.3,4.0,75,meta_calibration,75,59,0.21333333333333335,75
CHEMBL227,1,0.3,4.0,75,chemdeprc_cap1,75,59,0.21333333333333335,75
CHEMBL227,1,0.3,4.0,75,minp_block_bh_cap1,75,58,0.22666666666666666,75
CHEMBL227,1,0.3,4.0,75,score_cap1,75,59,0.21333333333333335,75
CHEMBL227,1,0.3,4.0,75,weighted_bh,75,73,0.02666666666666667,56
CHEMBL227,1,0.3,6.0,10,meta_calibration,10,10,0.0,10
CHEMBL227,1,0.3,6.0,10,chemdeprc_cap1,10,10,0.0,10
CHEMBL227,1,0.3,6.0,10,minp_block_bh_cap1,10,10,0.0,10
CHEMBL227,1,0.3,6.0,10,score_cap1,10,9,0.1,10
CHEMBL227,1,0.3,6.0,10,weighted_bh,10,10,0.0,10
CHEMBL227,1,0.3,6.0,50,meta_calibration,50,49,0.02,50
CHEMBL227,1,0.3,6.0,50,chemdeprc_cap1,50,49,0.02,50
CHEMBL227,1,0.3,6.0,50,minp_block_bh_cap1,50,49,0.02,50
CHEMBL227,1,0.3,6.0,50,score_cap1,50,48,0.04,50
CHEMBL227,1,0.3,6.0,50,weighted_bh,50,49,0.02,44
CHEMBL227,1,0.3,6.0,75,meta_calibration,75,60,0.2,75
CHEMBL227,1,0.3,6.0,75,chemdeprc_cap1,75,59,0.21333333333333335,75
CHEMBL227,1,0.3,6.0,75,minp_block_bh_cap1,75,58,0.22666666666666666,75
CHEMBL227,1,0.3,6.0,75,score_cap1,75,59,0.21333333333333335,75
CHEMBL227,1,0.3,6.0,75,weighted_bh,75,73,0.02666666666666667,56
CHEMBL227,2,0.2,4.0,10,meta_calibration,10,10,0.0,10
CHEMBL227,2,0.2,4.0,10,chemdeprc_cap1,10,10,0.0,10
CHEMBL227,2,0.2,4.0,10,minp_block_bh_cap1,10,10,0.0,10
CHEMBL227,2,0.2,4.0,10,score_cap1,10,10,0.0,10
CHEMBL227,2,0.2,4.0,10,weighted_bh,10,10,0.0,10
CHEMBL227,2,0.2,4.0,50,meta_calibration,50,49,0.02,50
CHEMBL227,2,0.2,4.0,50,chemdeprc_cap1,50,49,0.02,50
CHEMBL227,2,0.2,4.0,50,minp_block_bh_cap1,50,49,0.02,50
CHEMBL227,2,0.2,4.0,50,score_cap1,50,49,0.02,50
CHEMBL227,2,0.2,4.0,50,weighted_bh,50,49,0.02,44
CHEMBL227,2,0.2,4.0,75,meta_calibration,75,60,0.2,75
CHEMBL227,2,0.2,4.0,75,chemdeprc_cap1,75,60,0.2,75
CHEMBL227,2,0.2,4.0,75,minp_block_bh_cap1,75,59,0.21333333333333335,75
CHEMBL227,2,0.2,4.0,75,score_cap1,75,60,0.2,75
CHEMBL227,2,0.2,4.0,75,weighted_bh,75,73,0.02666666666666667,56
CHEMBL227,2,0.2,6.0,10,meta_calibration,10,10,0.0,10
CHEMBL227,2,0.2,6.0,10,chemdeprc_cap1,10,10,0.0,10
CHEMBL227,2,0.2,6.0,10,minp_block_bh_cap1,10,10,0.0,10
CHEMBL227,2,0.2,6.0,10,score_cap1,10,10,0.0,10
CHEMBL227,2,0.2,6.0,10,weighted_bh,10,10,0.0,10
CHEMBL227,2,0.2,6.0,50,meta_calibration,50,49,0.02,50
CHEMBL227,2,0.2,6.0,50,chemdeprc_cap1,50,49,0.02,50
CHEMBL227,2,0.2,6.0,50,minp_block_bh_cap1,50,49,0.02,50
CHEMBL227,2,0.2,6.0,50,score_cap1,50,49,0.02,50
CHEMBL227,2,0.2,6.0,50,weighted_bh,50,49,0.02,44
CHEMBL227,2,0.2,6.0,75,meta_calibration,75,60,0.2,75
CHEMBL227,2,0.2,6.0,75,chemdeprc_cap1,75,60,0.2,75
CHEMBL227,2,0.2,6.0,75,minp_block_bh_cap1,75,59,0.21333333333333335,75
CHEMBL227,2,0.2,6.0,75,score_cap1,75,60,0.2,75
CHEMBL227,2,0.2,6.0,75,weighted_bh,75,73,0.02666666666666667,56
CHEMBL227,2,0.3,4.0,10,meta_calibration,10,10,0.0,10
CHEMBL227,2,0.3,4.0,10,chemdeprc_cap1,10,10,0.0,10
CHEMBL227,2,0.3,4.0,10,minp_block_bh_cap1,10,10,0.0,10
CHEMBL227,2,0.3,4.0,10,score_cap1,10,10,0.0,10
CHEMBL227,2,0.3,4.0,10,weighted_bh,10,10,0.0,10
CHEMBL227,2,0.3,4.0,50,meta_calibration,50,49,0.02,50
CHEMBL227,2,0.3,4.0,50,chemdeprc_cap1,50,49,0.02,50
CHEMBL227,2,0.3,4.0,50,minp_block_bh_cap1,50,49,0.02,50
CHEMBL227,2,0.3,4.0,50,score_cap1,50,48,0.04,50
CHEMBL227,2,0.3,4.0,50,weighted_bh,50,49,0.02,44
CHEMBL227,2,0.3,4.0,75,meta_calibration,75,59,0.21333333333333335,75
CHEMBL227,2,0.3,4.0,75,chemdeprc_cap1,75,59,0.21333333333333335,75
CHEMBL227,2,0.3,4.0,75,minp_block_bh_cap1,75,58,0.22666666666666666,75
CHEMBL227,2,0.3,4.0,75,score_cap1,75,59,0.21333333333333335,75
CHEMBL227,2,0.3,4.0,75,weighted_bh,75,73,0.02666666666666667,56
CHEMBL227,2,0.3,6.0,10,meta_calibration,10,10,0.0,10
CHEMBL227,2,0.3,6.0,10,chemdeprc_cap1,10,10,0.0,10
CHEMBL227,2,0.3,6.0,10,minp_block_bh_cap1,10,10,0.0,10
CHEMBL227,2,0.3,6.0,10,score_cap1,10,9,0.1,10
CHEMBL227,2,0.3,6.0,10,weighted_bh,10,10,0.0,10
CHEMBL227,2,0.3,6.0,50,meta_calibration,50,49,0.02,50
CHEMBL227,2,0.3,6.0,50,chemdeprc_cap1,50,49,0.02,50
CHEMBL227,2,0.3,6.0,50,minp_block_bh_cap1,50,49,0.02,50
CHEMBL227,2,0.3,6.0,50,score_cap1,50,48,0.04,50
CHEMBL227,2,0.3,6.0,50,weighted_bh,50,49,0.02,44
CHEMBL227,2,0.3,6.0,75,meta_calibration,75,60,0.2,75
CHEMBL227,2,0.3,6.0,75,chemdeprc_cap1,75,59,0.21333333333333335,75
CHEMBL227,2,0.3,6.0,75,minp_block_bh_cap1,75,58,0.22666666666666666,75
CHEMBL227,2,0.3,6.0,75,score_cap1,75,59,0.21333333333333335,75
CHEMBL227,2,0.3,6.0,75,weighted_bh,75,73,0.02666666666666667,56
CHEMBL227,3,0.2,4.0,10,meta_calibration,10,10,0.0,10
CHEMBL227,3,0.2,4.0,10,chemdeprc_cap1,10,10,0.0,10
CHEMBL227,3,0.2,4.0,10,minp_block_bh_cap1,10,10,0.0,10
CHEMBL227,3,0.2,4.0,10,score_cap1,10,10,0.0,10
CHEMBL227,3,0.2,4.0,10,weighted_bh,10,10,0.0,10
CHEMBL227,3,0.2,4.0,50,meta_calibration,50,49,0.02,50
CHEMBL227,3,0.2,4.0,50,chemdeprc_cap1,50,49,0.02,50
CHEMBL227,3,0.2,4.0,50,minp_block_bh_cap1,50,49,0.02,50
CHEMBL227,3,0.2,4.0,50,score_cap1,50,48,0.04,50
CHEMBL227,3,0.2,4.0,50,weighted_bh,50,49,0.02,44
CHEMBL227,3,0.2,4.0,75,meta_calibration,75,59,0.21333333333333335,75
CHEMBL227,3,0.2,4.0,75,chemdeprc_cap1,75,59,0.21333333333333335,75
CHEMBL227,3,0.2,4.0,75,minp_block_bh_cap1,75,58,0.22666666666666666,75
CHEMBL227,3,0.2,4.0,75,score_cap1,75,59,0.21333333333333335,75
CHEMBL227,3,0.2,4.0,75,weighted_bh,75,73,0.02666666666666667,56
CHEMBL227,3,0.2,6.0,10,meta_calibration,10,10,0.0,10
CHEMBL227,3,0.2,6.0,10,chemdeprc_cap1,10,10,0.0,10
CHEMBL227,3,0.2,6.0,10,minp_block_bh_cap1,10,10,0.0,10
CHEMBL227,3,0.2,6.0,10,score_cap1,10,9,0.1,10
CHEMBL227,3,0.2,6.0,10,weighted_bh,10,10,0.0,10
CHEMBL227,3,0.2,6.0,50,meta_calibration,50,49,0.02,50
CHEMBL227,3,0.2,6.0,50,chemdeprc_cap1,50,49,0.02,50
CHEMBL227,3,0.2,6.0,50,minp_block_bh_cap1,50,49,0.02,50
CHEMBL227,3,0.2,6.0,50,score_cap1,50,48,0.04,50
CHEMBL227,3,0.2,6.0,50,weighted_bh,50,49,0.02,44
CHEMBL227,3,0.2,6.0,75,meta_calibration,75,60,0.2,75
CHEMBL227,3,0.2,6.0,75,chemdeprc_cap1,75,59,0.21333333333333335,75
CHEMBL227,3,0.2,6.0,75,minp_block_bh_cap1,75,58,0.22666666666666666,75
CHEMBL227,3,0.2,6.0,75,score_cap1,75,59,0.21333333333333335,75
CHEMBL227,3,0.2,6.0,75,weighted_bh,75,73,0.02666666666666667,56
CHEMBL227,3,0.3,4.0,10,meta_calibration,10,10,0.0,10
CHEMBL227,3,0.3,4.0,10,chemdeprc_cap1,10,10,0.0,10
CHEMBL227,3,0.3,4.0,10,minp_block_bh_cap1,10,10,0.0,10
CHEMBL227,3,0.3,4.0,10,score_cap1,10,10,0.0,10
CHEMBL227,3,0.3,4.0,10,weighted_bh,10,10,0.0,10
CHEMBL227,3,0.3,4.0,50,meta_calibration,50,49,0.02,50
CHEMBL227,3,0.3,4.0,50,chemdeprc_cap1,50,49,0.02,50
CHEMBL227,3,0.3,4.0,50,minp_block_bh_cap1,50,49,0.02,50
CHEMBL227,3,0.3,4.0,50,score_cap1,50,48,0.04,50
CHEMBL227,3,0.3,4.0,50,weighted_bh,50,49,0.02,44
CHEMBL227,3,0.3,4.0,75,meta_calibration,75,59,0.21333333333333335,75
CHEMBL227,3,0.3,4.0,75,chemdeprc_cap1,75,59,0.21333333333333335,75
CHEMBL227,3,0.3,4.0,75,minp_block_bh_cap1,75,58,0.22666666666666666,75
CHEMBL227,3,0.3,4.0,75,score_cap1,75,59,0.21333333333333335,75
CHEMBL227,3,0.3,4.0,75,weighted_bh,75,73,0.02666666666666667,56
CHEMBL227,3,0.3,6.0,10,meta_calibration,10,10,0.0,10
CHEMBL227,3,0.3,6.0,10,chemdeprc_cap1,10,10,0.0,10
CHEMBL227,3,0.3,6.0,10,minp_block_bh_cap1,10,10,0.0,10
CHEMBL227,3,0.3,6.0,10,score_cap1,10,9,0.1,10
CHEMBL227,3,0.3,6.0,10,weighted_bh,10,10,0.0,10
CHEMBL227,3,0.3,6.0,50,meta_calibration,50,49,0.02,50
CHEMBL227,3,0.3,6.0,50,chemdeprc_cap1,50,49,0.02,50
CHEMBL227,3,0.3,6.0,50,minp_block_bh_cap1,50,49,0.02,50
CHEMBL227,3,0.3,6.0,50,score_cap1,50,48,0.04,50
CHEMBL227,3,0.3,6.0,50,weighted_bh,50,49,0.02,44
CHEMBL227,3,0.3,6.0,75,meta_calibration,75,60,0.2,75
CHEMBL227,3,0.3,6.0,75,chemdeprc_cap1,75,59,0.21333333333333335,75
CHEMBL227,3,0.3,6.0,75,minp_block_bh_cap1,75,58,0.22666666666666666,75
CHEMBL227,3,0.3,6.0,75,score_cap1,75,59,0.21333333333333335,75
CHEMBL227,3,0.3,6.0,75,weighted_bh,75,73,0.02666666666666667,56
CHEMBL227,4,0.2,4.0,10,meta_calibration,10,10,0.0,10
CHEMBL227,4,0.2,4.0,10,chemdeprc_cap1,10,10,0.0,10
CHEMBL227,4,0.2,4.0,10,minp_block_bh_cap1,10,10,0.0,10
CHEMBL227,4,0.2,4.0,10,score_cap1,10,10,0.0,10
CHEMBL227,4,0.2,4.0,10,weighted_bh,10,10,0.0,10
CHEMBL227,4,0.2,4.0,50,meta_calibration,50,49,0.02,50
CHEMBL227,4,0.2,4.0,50,chemdeprc_cap1,50,49,0.02,50
CHEMBL227,4,0.2,4.0,50,minp_block_bh_cap1,50,49,0.02,50
CHEMBL227,4,0.2,4.0,50,score_cap1,50,49,0.02,50
CHEMBL227,4,0.2,4.0,50,weighted_bh,50,49,0.02,44
CHEMBL227,4,0.2,4.0,75,meta_calibration,75,60,0.2,75
CHEMBL227,4,0.2,4.0,75,chemdeprc_cap1,75,60,0.2,75
CHEMBL227,4,0.2,4.0,75,minp_block_bh_cap1,75,59,0.21333333333333335,75
CHEMBL227,4,0.2,4.0,75,score_cap1,75,60,0.2,75
CHEMBL227,4,0.2,4.0,75,weighted_bh,75,73,0.02666666666666667,56
CHEMBL227,4,0.2,6.0,10,meta_calibration,10,10,0.0,10
CHEMBL227,4,0.2,6.0,10,chemdeprc_cap1,10,10,0.0,10
CHEMBL227,4,0.2,6.0,10,minp_block_bh_cap1,10,10,0.0,10
CHEMBL227,4,0.2,6.0,10,score_cap1,10,10,0.0,10
CHEMBL227,4,0.2,6.0,10,weighted_bh,10,10,0.0,10
CHEMBL227,4,0.2,6.0,50,meta_calibration,50,49,0.02,50
CHEMBL227,4,0.2,6.0,50,chemdeprc_cap1,50,49,0.02,50
CHEMBL227,4,0.2,6.0,50,minp_block_bh_cap1,50,49,0.02,50
CHEMBL227,4,0.2,6.0,50,score_cap1,50,49,0.02,50
CHEMBL227,4,0.2,6.0,50,weighted_bh,50,49,0.02,44
CHEMBL227,4,0.2,6.0,75,meta_calibration,75,60,0.2,75
CHEMBL227,4,0.2,6.0,75,chemdeprc_cap1,75,60,0.2,75
CHEMBL227,4,0.2,6.0,75,minp_block_bh_cap1,75,59,0.21333333333333335,75
CHEMBL227,4,0.2,6.0,75,score_cap1,75,60,0.2,75
CHEMBL227,4,0.2,6.0,75,weighted_bh,75,73,0.02666666666666667,56
CHEMBL227,4,0.3,4.0,10,meta_calibration,10,10,0.0,10
CHEMBL227,4,0.3,4.0,10,chemdeprc_cap1,10,10,0.0,10
CHEMBL227,4,0.3,4.0,10,minp_block_bh_cap1,10,10,0.0,10
CHEMBL227,4,0.3,4.0,10,score_cap1,10,10,0.0,10
CHEMBL227,4,0.3,4.0,10,weighted_bh,10,10,0.0,10
CHEMBL227,4,0.3,4.0,50,meta_calibration,50,49,0.02,50
CHEMBL227,4,0.3,4.0,50,chemdeprc_cap1,50,49,0.02,50
CHEMBL227,4,0.3,4.0,50,minp_block_bh_cap1,50,49,0.02,50
CHEMBL227,4,0.3,4.0,50,score_cap1,50,48,0.04,50
CHEMBL227,4,0.3,4.0,50,weighted_bh,50,49,0.02,44
CHEMBL227,4,0.3,4.0,75,meta_calibration,75,59,0.21333333333333335,75
CHEMBL227,4,0.3,4.0,75,chemdeprc_cap1,75,59,0.21333333333333335,75
CHEMBL227,4,0.3,4.0,75,minp_block_bh_cap1,75,58,0.22666666666666666,75
CHEMBL227,4,0.3,4.0,75,score_cap1,75,59,0.21333333333333335,75
CHEMBL227,4,0.3,4.0,75,weighted_bh,75,73,0.02666666666666667,56
CHEMBL227,4,0.3,6.0,10,meta_calibration,10,10,0.0,10
CHEMBL227,4,0.3,6.0,10,chemdeprc_cap1,10,10,0.0,10
CHEMBL227,4,0.3,6.0,10,minp_block_bh_cap1,10,10,0.0,10
CHEMBL227,4,0.3,6.0,10,score_cap1,10,9,0.1,10
CHEMBL227,4,0.3,6.0,10,weighted_bh,10,10,0.0,10
CHEMBL227,4,0.3,6.0,50,meta_calibration,50,49,0.02,50
CHEMBL227,4,0.3,6.0,50,chemdeprc_cap1,50,49,0.02,50
CHEMBL227,4,0.3,6.0,50,minp_block_bh_cap1,50,49,0.02,50
CHEMBL227,4,0.3,6.0,50,score_cap1,50,48,0.04,50
CHEMBL227,4,0.3,6.0,50,weighted_bh,50,49,0.02,44
CHEMBL227,4,0.3,6.0,75,meta_calibration,75,60,0.2,75
CHEMBL227,4,0.3,6.0,75,chemdeprc_cap1,75,59,0.21333333333333335,75
CHEMBL227,4,0.3,6.0,75,minp_block_bh_cap1,75,58,0.22666666666666666,75
CHEMBL227,4,0.3,6.0,75,score_cap1,75,59,0.21333333333333335,75
CHEMBL227,4,0.3,6.0,75,weighted_bh,75,73,0.02666666666666667,56
CHEMBL227,5,0.2,4.0,10,meta_calibration,10,10,0.0,10
CHEMBL227,5,0.2,4.0,10,chemdeprc_cap1,10,10,0.0,10
CHEMBL227,5,0.2,4.0,10,minp_block_bh_cap1,10,10,0.0,10
CHEMBL227,5,0.2,4.0,10,score_cap1,10,10,0.0,10
CHEMBL227,5,0.2,4.0,10,weighted_bh,10,10,0.0,10
CHEMBL227,5,0.2,4.0,50,meta_calibration,50,49,0.02,50
CHEMBL227,5,0.2,4.0,50,chemdeprc_cap1,50,49,0.02,50
CHEMBL227,5,0.2,4.0,50,minp_block_bh_cap1,50,49,0.02,50
CHEMBL227,5,0.2,4.0,50,score_cap1,50,49,0.02,50
CHEMBL227,5,0.2,4.0,50,weighted_bh,50,49,0.02,44
CHEMBL227,5,0.2,4.0,75,meta_calibration,75,60,0.2,75
CHEMBL227,5,0.2,4.0,75,chemdeprc_cap1,75,60,0.2,75
CHEMBL227,5,0.2,4.0,75,minp_block_bh_cap1,75,59,0.21333333333333335,75
CHEMBL227,5,0.2,4.0,75,score_cap1,75,60,0.2,75
CHEMBL227,5,0.2,4.0,75,weighted_bh,75,73,0.02666666666666667,56
CHEMBL227,5,0.2,6.0,10,meta_calibration,10,10,0.0,10
CHEMBL227,5,0.2,6.0,10,chemdeprc_cap1,10,10,0.0,10
CHEMBL227,5,0.2,6.0,10,minp_block_bh_cap1,10,10,0.0,10
CHEMBL227,5,0.2,6.0,10,score_cap1,10,10,0.0,10
CHEMBL227,5,0.2,6.0,10,weighted_bh,10,10,0.0,10
CHEMBL227,5,0.2,6.0,50,meta_calibration,50,49,0.02,50
CHEMBL227,5,0.2,6.0,50,chemdeprc_cap1,50,49,0.02,50
CHEMBL227,5,0.2,6.0,50,minp_block_bh_cap1,50,49,0.02,50
CHEMBL227,5,0.2,6.0,50,score_cap1,50,49,0.02,50
CHEMBL227,5,0.2,6.0,50,weighted_bh,50,49,0.02,44
CHEMBL227,5,0.2,6.0,75,meta_calibration,75,60,0.2,75
CHEMBL227,5,0.2,6.0,75,chemdeprc_cap1,75,60,0.2,75
CHEMBL227,5,0.2,6.0,75,minp_block_bh_cap1,75,59,0.21333333333333335,75
CHEMBL227,5,0.2,6.0,75,score_cap1,75,60,0.2,75
CHEMBL227,5,0.2,6.0,75,weighted_bh,75,73,0.02666666666666667,56
CHEMBL227,5,0.3,4.0,10,meta_calibration,10,10,0.0,10
CHEMBL227,5,0.3,4.0,10,chemdeprc_cap1,10,10,0.0,10
CHEMBL227,5,0.3,4.0,10,minp_block_bh_cap1,10,10,0.0,10
CHEMBL227,5,0.3,4.0,10,score_cap1,10,10,0.0,10
CHEMBL227,5,0.3,4.0,10,weighted_bh,10,10,0.0,10
CHEMBL227,5,0.3,4.0,50,meta_calibration,50,49,0.02,50
CHEMBL227,5,0.3,4.0,50,chemdeprc_cap1,50,49,0.02,50
CHEMBL227,5,0.3,4.0,50,minp_block_bh_cap1,50,49,0.02,50
CHEMBL227,5,0.3,4.0,50,score_cap1,50,48,0.04,50
CHEMBL227,5,0.3,4.0,50,weighted_bh,50,49,0.02,44
CHEMBL227,5,0.3,4.0,75,meta_calibration,75,59,0.21333333333333335,75
CHEMBL227,5,0.3,4.0,75,chemdeprc_cap1,75,59,0.21333333333333335,75
CHEMBL227,5,0.3,4.0,75,minp_block_bh_cap1,75,58,0.22666666666666666,75
CHEMBL227,5,0.3,4.0,75,score_cap1,75,59,0.21333333333333335,75
CHEMBL227,5,0.3,4.0,75,weighted_bh,75,73,0.02666666666666667,56
CHEMBL227,5,0.3,6.0,10,meta_calibration,10,10,0.0,10
CHEMBL227,5,0.3,6.0,10,chemdeprc_cap1,10,10,0.0,10
CHEMBL227,5,0.3,6.0,10,minp_block_bh_cap1,10,10,0.0,10
CHEMBL227,5,0.3,6.0,10,score_cap1,10,9,0.1,10
CHEMBL227,5,0.3,6.0,10,weighted_bh,10,10,0.0,10
CHEMBL227,5,0.3,6.0,50,meta_calibration,50,49,0.02,50
CHEMBL227,5,0.3,6.0,50,chemdeprc_cap1,50,49,0.02,50
CHEMBL227,5,0.3,6.0,50,minp_block_bh_cap1,50,49,0.02,50
CHEMBL227,5,0.3,6.0,50,score_cap1,50,48,0.04,50
CHEMBL227,5,0.3,6.0,50,weighted_bh,50,49,0.02,44
CHEMBL227,5,0.3,6.0,75,meta_calibration,75,60,0.2,75
CHEMBL227,5,0.3,6.0,75,chemdeprc_cap1,75,59,0.21333333333333335,75
CHEMBL227,5,0.3,6.0,75,minp_block_bh_cap1,75,58,0.22666666666666666,75
CHEMBL227,5,0.3,6.0,75,score_cap1,75,59,0.21333333333333335,75
CHEMBL227,5,0.3,6.0,75,weighted_bh,75,73,0.02666666666666667,56
CHEMBL227,6,0.2,4.0,10,meta_calibration,10,10,0.0,10
CHEMBL227,6,0.2,4.0,10,chemdeprc_cap1,10,10,0.0,10
CHEMBL227,6,0.2,4.0,10,minp_block_bh_cap1,10,10,0.0,10
CHEMBL227,6,0.2,4.0,10,score_cap1,10,10,0.0,10
CHEMBL227,6,0.2,4.0,10,weighted_bh,10,10,0.0,10
CHEMBL227,6,0.2,4.0,50,meta_calibration,50,49,0.02,50
CHEMBL227,6,0.2,4.0,50,chemdeprc_cap1,50,49,0.02,50
CHEMBL227,6,0.2,4.0,50,minp_block_bh_cap1,50,49,0.02,50
CHEMBL227,6,0.2,4.0,50,score_cap1,50,48,0.04,50
CHEMBL227,6,0.2,4.0,50,weighted_bh,50,49,0.02,44
CHEMBL227,6,0.2,4.0,75,meta_calibration,75,59,0.21333333333333335,75
CHEMBL227,6,0.2,4.0,75,chemdeprc_cap1,75,59,0.21333333333333335,75
CHEMBL227,6,0.2,4.0,75,minp_block_bh_cap1,75,58,0.22666666666666666,75
CHEMBL227,6,0.2,4.0,75,score_cap1,75,59,0.21333333333333335,75
CHEMBL227,6,0.2,4.0,75,weighted_bh,75,73,0.02666666666666667,56
CHEMBL227,6,0.2,6.0,10,meta_calibration,10,10,0.0,10
CHEMBL227,6,0.2,6.0,10,chemdeprc_cap1,10,10,0.0,10
CHEMBL227,6,0.2,6.0,10,minp_block_bh_cap1,10,10,0.0,10
CHEMBL227,6,0.2,6.0,10,score_cap1,10,9,0.1,10
CHEMBL227,6,0.2,6.0,10,weighted_bh,10,10,0.0,10
CHEMBL227,6,0.2,6.0,50,meta_calibration,50,49,0.02,50
CHEMBL227,6,0.2,6.0,50,chemdeprc_cap1,50,49,0.02,50
CHEMBL227,6,0.2,6.0,50,minp_block_bh_cap1,50,49,0.02,50
CHEMBL227,6,0.2,6.0,50,score_cap1,50,48,0.04,50
CHEMBL227,6,0.2,6.0,50,weighted_bh,50,49,0.02,44
CHEMBL227,6,0.2,6.0,75,meta_calibration,75,60,0.2,75
CHEMBL227,6,0.2,6.0,75,chemdeprc_cap1,75,59,0.21333333333333335,75
CHEMBL227,6,0.2,6.0,75,minp_block_bh_cap1,75,58,0.22666666666666666,75
CHEMBL227,6,0.2,6.0,75,score_cap1,75,59,0.21333333333333335,75
CHEMBL227,6,0.2,6.0,75,weighted_bh,75,73,0.02666666666666667,56
CHEMBL227,6,0.3,4.0,10,meta_calibration,10,10,0.0,10
CHEMBL227,6,0.3,4.0,10,chemdeprc_cap1,10,10,0.0,10
CHEMBL227,6,0.3,4.0,10,minp_block_bh_cap1,10,10,0.0,10
CHEMBL227,6,0.3,4.0,10,score_cap1,10,10,0.0,10
CHEMBL227,6,0.3,4.0,10,weighted_bh,10,10,0.0,10
CHEMBL227,6,0.3,4.0,50,meta_calibration,50,49,0.02,50
CHEMBL227,6,0.3,4.0,50,chemdeprc_cap1,50,49,0.02,50
CHEMBL227,6,0.3,4.0,50,minp_block_bh_cap1,50,49,0.02,50
CHEMBL227,6,0.3,4.0,50,score_cap1,50,48,0.04,50
CHEMBL227,6,0.3,4.0,50,weighted_bh,50,49,0.02,44
CHEMBL227,6,0.3,4.0,75,meta_calibration,75,59,0.21333333333333335,75
CHEMBL227,6,0.3,4.0,75,chemdeprc_cap1,75,59,0.21333333333333335,75
CHEMBL227,6,0.3,4.0,75,minp_block_bh_cap1,75,58,0.22666666666666666,75
CHEMBL227,6,0.3,4.0,75,score_cap1,75,59,0.21333333333333335,75
CHEMBL227,6,0.3,4.0,75,weighted_bh,75,73,0.02666666666666667,56
CHEMBL227,6,0.3,6.0,10,meta_calibration,10,10,0.0,10
CHEMBL227,6,0.3,6.0,10,chemdeprc_cap1,10,10,0.0,10
CHEMBL227,6,0.3,6.0,10,minp_block_bh_cap1,10,10,0.0,10
CHEMBL227,6,0.3,6.0,10,score_cap1,10,9,0.1,10
CHEMBL227,6,0.3,6.0,10,weighted_bh,10,10,0.0,10
CHEMBL227,6,0.3,6.0,50,meta_calibration,50,49,0.02,50
CHEMBL227,6,0.3,6.0,50,chemdeprc_cap1,50,49,0.02,50
CHEMBL227,6,0.3,6.0,50,minp_block_bh_cap1,50,49,0.02,50
CHEMBL227,6,0.3,6.0,50,score_cap1,50,48,0.04,50
CHEMBL227,6,0.3,6.0,50,weighted_bh,50,49,0.02,44
CHEMBL227,6,0.3,6.0,75,meta_calibration,75,60,0.2,75
CHEMBL227,6,0.3,6.0,75,chemdeprc_cap1,75,59,0.21333333333333335,75
CHEMBL227,6,0.3,6.0,75,minp_block_bh_cap1,75,58,0.22666666666666666,75
CHEMBL227,6,0.3,6.0,75,score_cap1,75,59,0.21333333333333335,75
CHEMBL227,6,0.3,6.0,75,weighted_bh,75,73,0.02666666666666667,56
CHEMBL227,7,0.2,4.0,10,meta_calibration,10,10,0.0,10
CHEMBL227,7,0.2,4.0,10,chemdeprc_cap1,10,10,0.0,10
CHEMBL227,7,0.2,4.0,10,minp_block_bh_cap1,10,10,0.0,10
CHEMBL227,7,0.2,4.0,10,score_cap1,10,10,0.0,10
CHEMBL227,7,0.2,4.0,10,weighted_bh,10,10,0.0,10
CHEMBL227,7,0.2,4.0,50,meta_calibration,50,49,0.02,50
CHEMBL227,7,0.2,4.0,50,chemdeprc_cap1,50,49,0.02,50
CHEMBL227,7,0.2,4.0,50,minp_block_bh_cap1,50,49,0.02,50
CHEMBL227,7,0.2,4.0,50,score_cap1,50,49,0.02,50
CHEMBL227,7,0.2,4.0,50,weighted_bh,50,49,0.02,44
CHEMBL227,7,0.2,4.0,75,meta_calibration,75,60,0.2,75
CHEMBL227,7,0.2,4.0,75,chemdeprc_cap1,75,60,0.2,75
CHEMBL227,7,0.2,4.0,75,minp_block_bh_cap1,75,59,0.21333333333333335,75
CHEMBL227,7,0.2,4.0,75,score_cap1,75,60,0.2,75
CHEMBL227,7,0.2,4.0,75,weighted_bh,75,73,0.02666666666666667,56
CHEMBL227,7,0.2,6.0,10,meta_calibration,10,10,0.0,10
CHEMBL227,7,0.2,6.0,10,chemdeprc_cap1,10,10,0.0,10
CHEMBL227,7,0.2,6.0,10,minp_block_bh_cap1,10,10,0.0,10
CHEMBL227,7,0.2,6.0,10,score_cap1,10,10,0.0,10
CHEMBL227,7,0.2,6.0,10,weighted_bh,10,10,0.0,10
CHEMBL227,7,0.2,6.0,50,meta_calibration,50,49,0.02,50
CHEMBL227,7,0.2,6.0,50,chemdeprc_cap1,50,49,0.02,50
CHEMBL227,7,0.2,6.0,50,minp_block_bh_cap1,50,49,0.02,50
CHEMBL227,7,0.2,6.0,50,score_cap1,50,49,0.02,50
CHEMBL227,7,0.2,6.0,50,weighted_bh,50,49,0.02,44
CHEMBL227,7,0.2,6.0,75,meta_calibration,75,60,0.2,75
CHEMBL227,7,0.2,6.0,75,chemdeprc_cap1,75,60,0.2,75
CHEMBL227,7,0.2,6.0,75,minp_block_bh_cap1,75,59,0.21333333333333335,75
CHEMBL227,7,0.2,6.0,75,score_cap1,75,60,0.2,75
CHEMBL227,7,0.2,6.0,75,weighted_bh,75,73,0.02666666666666667,56
CHEMBL227,7,0.3,4.0,10,meta_calibration,10,10,0.0,10
CHEMBL227,7,0.3,4.0,10,chemdeprc_cap1,10,10,0.0,10
CHEMBL227,7,0.3,4.0,10,minp_block_bh_cap1,10,10,0.0,10
CHEMBL227,7,0.3,4.0,10,score_cap1,10,10,0.0,10
CHEMBL227,7,0.3,4.0,10,weighted_bh,10,10,0.0,10
CHEMBL227,7,0.3,4.0,50,meta_calibration,50,49,0.02,50
CHEMBL227,7,0.3,4.0,50,chemdeprc_cap1,50,49,0.02,50
CHEMBL227,7,0.3,4.0,50,minp_block_bh_cap1,50,49,0.02,50
CHEMBL227,7,0.3,4.0,50,score_cap1,50,48,0.04,50
CHEMBL227,7,0.3,4.0,50,weighted_bh,50,49,0.02,44
CHEMBL227,7,0.3,4.0,75,meta_calibration,75,59,0.21333333333333335,75
CHEMBL227,7,0.3,4.0,75,chemdeprc_cap1,75,59,0.21333333333333335,75
CHEMBL227,7,0.3,4.0,75,minp_block_bh_cap1,75,58,0.22666666666666666,75
CHEMBL227,7,0.3,4.0,75,score_cap1,75,59,0.21333333333333335,75
CHEMBL227,7,0.3,4.0,75,weighted_bh,75,73,0.02666666666666667,56
CHEMBL227,7,0.3,6.0,10,meta_calibration,10,10,0.0,10
CHEMBL227,7,0.3,6.0,10,chemdeprc_cap1,10,10,0.0,10
CHEMBL227,7,0.3,6.0,10,minp_block_bh_cap1,10,10,0.0,10
CHEMBL227,7,0.3,6.0,10,score_cap1,10,9,0.1,10
CHEMBL227,7,0.3,6.0,10,weighted_bh,10,10,0.0,10
CHEMBL227,7,0.3,6.0,50,meta_calibration,50,49,0.02,50
CHEMBL227,7,0.3,6.0,50,chemdeprc_cap1,50,49,0.02,50
CHEMBL227,7,0.3,6.0,50,minp_block_bh_cap1,50,49,0.02,50
CHEMBL227,7,0.3,6.0,50,score_cap1,50,48,0.04,50
CHEMBL227,7,0.3,6.0,50,weighted_bh,50,49,0.02,44
CHEMBL227,7,0.3,6.0,75,meta_calibration,75,60,0.2,75
CHEMBL227,7,0.3,6.0,75,chemdeprc_cap1,75,59,0.21333333333333335,75
CHEMBL227,7,0.3,6.0,75,minp_block_bh_cap1,75,58,0.22666666666666666,75
CHEMBL227,7,0.3,6.0,75,score_cap1,75,59,0.21333333333333335,75
CHEMBL227,7,0.3,6.0,75,weighted_bh,75,73,0.02666666666666667,56
CHEMBL227,8,0.2,4.0,10,meta_calibration,10,10,0.0,10
CHEMBL227,8,0.2,4.0,10,chemdeprc_cap1,10,10,0.0,10
CHEMBL227,8,0.2,4.0,10,minp_block_bh_cap1,10,10,0.0,10
CHEMBL227,8,0.2,4.0,10,score_cap1,10,10,0.0,10
CHEMBL227,8,0.2,4.0,10,weighted_bh,10,10,0.0,10
CHEMBL227,8,0.2,4.0,50,meta_calibration,50,49,0.02,50
CHEMBL227,8,0.2,4.0,50,chemdeprc_cap1,50,49,0.02,50
CHEMBL227,8,0.2,4.0,50,minp_block_bh_cap1,50,49,0.02,50
CHEMBL227,8,0.2,4.0,50,score_cap1,50,48,0.04,50
CHEMBL227,8,0.2,4.0,50,weighted_bh,50,49,0.02,44
CHEMBL227,8,0.2,4.0,75,meta_calibration,75,59,0.21333333333333335,75
CHEMBL227,8,0.2,4.0,75,chemdeprc_cap1,75,59,0.21333333333333335,75
CHEMBL227,8,0.2,4.0,75,minp_block_bh_cap1,75,58,0.22666666666666666,75
CHEMBL227,8,0.2,4.0,75,score_cap1,75,59,0.21333333333333335,75
CHEMBL227,8,0.2,4.0,75,weighted_bh,75,73,0.02666666666666667,56
CHEMBL227,8,0.2,6.0,10,meta_calibration,10,10,0.0,10
CHEMBL227,8,0.2,6.0,10,chemdeprc_cap1,10,10,0.0,10
CHEMBL227,8,0.2,6.0,10,minp_block_bh_cap1,10,10,0.0,10
CHEMBL227,8,0.2,6.0,10,score_cap1,10,9,0.1,10
CHEMBL227,8,0.2,6.0,10,weighted_bh,10,10,0.0,10
CHEMBL227,8,0.2,6.0,50,meta_calibration,50,49,0.02,50
CHEMBL227,8,0.2,6.0,50,chemdeprc_cap1,50,49,0.02,50
CHEMBL227,8,0.2,6.0,50,minp_block_bh_cap1,50,49,0.02,50
CHEMBL227,8,0.2,6.0,50,score_cap1,50,48,0.04,50
CHEMBL227,8,0.2,6.0,50,weighted_bh,50,49,0.02,44
CHEMBL227,8,0.2,6.0,75,meta_calibration,75,60,0.2,75
CHEMBL227,8,0.2,6.0,75,chemdeprc_cap1,75,59,0.21333333333333335,75
CHEMBL227,8,0.2,6.0,75,minp_block_bh_cap1,75,58,0.22666666666666666,75
CHEMBL227,8,0.2,6.0,75,score_cap1,75,59,0.21333333333333335,75
CHEMBL227,8,0.2,6.0,75,weighted_bh,75,73,0.02666666666666667,56
CHEMBL227,8,0.3,4.0,10,meta_calibration,10,10,0.0,10
CHEMBL227,8,0.3,4.0,10,chemdeprc_cap1,10,10,0.0,10
CHEMBL227,8,0.3,4.0,10,minp_block_bh_cap1,10,10,0.0,10
CHEMBL227,8,0.3,4.0,10,score_cap1,10,10,0.0,10
CHEMBL227,8,0.3,4.0,10,weighted_bh,10,10,0.0,10
CHEMBL227,8,0.3,4.0,50,meta_calibration,50,49,0.02,50
CHEMBL227,8,0.3,4.0,50,chemdeprc_cap1,50,49,0.02,50
CHEMBL227,8,0.3,4.0,50,minp_block_bh_cap1,50,49,0.02,50
CHEMBL227,8,0.3,4.0,50,score_cap1,50,48,0.04,50
CHEMBL227,8,0.3,4.0,50,weighted_bh,50,49,0.02,44
CHEMBL227,8,0.3,4.0,75,meta_calibration,75,59,0.21333333333333335,75
CHEMBL227,8,0.3,4.0,75,chemdeprc_cap1,75,59,0.21333333333333335,75
CHEMBL227,8,0.3,4.0,75,minp_block_bh_cap1,75,58,0.22666666666666666,75
CHEMBL227,8,0.3,4.0,75,score_cap1,75,59,0.21333333333333335,75
CHEMBL227,8,0.3,4.0,75,weighted_bh,75,73,0.02666666666666667,56
CHEMBL227,8,0.3,6.0,10,meta_calibration,10,10,0.0,10
CHEMBL227,8,0.3,6.0,10,chemdeprc_cap1,10,10,0.0,10
CHEMBL227,8,0.3,6.0,10,minp_block_bh_cap1,10,10,0.0,10
CHEMBL227,8,0.3,6.0,10,score_cap1,10,9,0.1,10
CHEMBL227,8,0.3,6.0,10,weighted_bh,10,10,0.0,10
CHEMBL227,8,0.3,6.0,50,meta_calibration,50,49,0.02,50
CHEMBL227,8,0.3,6.0,50,chemdeprc_cap1,50,49,0.02,50
CHEMBL227,8,0.3,6.0,50,minp_block_bh_cap1,50,49,0.02,50
CHEMBL227,8,0.3,6.0,50,score_cap1,50,48,0.04,50
CHEMBL227,8,0.3,6.0,50,weighted_bh,50,49,0.02,44
CHEMBL227,8,0.3,6.0,75,meta_calibration,75,60,0.2,75
CHEMBL227,8,0.3,6.0,75,chemdeprc_cap1,75,59,0.21333333333333335,75
CHEMBL227,8,0.3,6.0,75,minp_block_bh_cap1,75,58,0.22666666666666666,75
CHEMBL227,8,0.3,6.0,75,score_cap1,75,59,0.21333333333333335,75
CHEMBL227,8,0.3,6.0,75,weighted_bh,75,73,0.02666666666666667,56
CHEMBL227,9,0.2,4.0,10,meta_calibration,10,10,0.0,10
CHEMBL227,9,0.2,4.0,10,chemdeprc_cap1,10,10,0.0,10
CHEMBL227,9,0.2,4.0,10,minp_block_bh_cap1,10,10,0.0,10
CHEMBL227,9,0.2,4.0,10,score_cap1,10,10,0.0,10
CHEMBL227,9,0.2,4.0,10,weighted_bh,10,10,0.0,10
CHEMBL227,9,0.2,4.0,50,meta_calibration,50,49,0.02,50
CHEMBL227,9,0.2,4.0,50,chemdeprc_cap1,50,49,0.02,50
CHEMBL227,9,0.2,4.0,50,minp_block_bh_cap1,50,49,0.02,50
CHEMBL227,9,0.2,4.0,50,score_cap1,50,48,0.04,50
CHEMBL227,9,0.2,4.0,50,weighted_bh,50,49,0.02,44
CHEMBL227,9,0.2,4.0,75,meta_calibration,75,59,0.21333333333333335,75
CHEMBL227,9,0.2,4.0,75,chemdeprc_cap1,75,59,0.21333333333333335,75
CHEMBL227,9,0.2,4.0,75,minp_block_bh_cap1,75,58,0.22666666666666666,75
CHEMBL227,9,0.2,4.0,75,score_cap1,75,59,0.21333333333333335,75
CHEMBL227,9,0.2,4.0,75,weighted_bh,75,73,0.02666666666666667,56
CHEMBL227,9,0.2,6.0,10,meta_calibration,10,10,0.0,10
CHEMBL227,9,0.2,6.0,10,chemdeprc_cap1,10,10,0.0,10
CHEMBL227,9,0.2,6.0,10,minp_block_bh_cap1,10,10,0.0,10
CHEMBL227,9,0.2,6.0,10,score_cap1,10,9,0.1,10
CHEMBL227,9,0.2,6.0,10,weighted_bh,10,10,0.0,10
CHEMBL227,9,0.2,6.0,50,meta_calibration,50,49,0.02,50
CHEMBL227,9,0.2,6.0,50,chemdeprc_cap1,50,49,0.02,50
CHEMBL227,9,0.2,6.0,50,minp_block_bh_cap1,50,49,0.02,50
CHEMBL227,9,0.2,6.0,50,score_cap1,50,48,0.04,50
CHEMBL227,9,0.2,6.0,50,weighted_bh,50,49,0.02,44
CHEMBL227,9,0.2,6.0,75,meta_calibration,75,60,0.2,75
CHEMBL227,9,0.2,6.0,75,chemdeprc_cap1,75,59,0.21333333333333335,75
CHEMBL227,9,0.2,6.0,75,minp_block_bh_cap1,75,58,0.22666666666666666,75
CHEMBL227,9,0.2,6.0,75,score_cap1,75,59,0.21333333333333335,75
CHEMBL227,9,0.2,6.0,75,weighted_bh,75,73,0.02666666666666667,56
CHEMBL227,9,0.3,4.0,10,meta_calibration,10,10,0.0,10
CHEMBL227,9,0.3,4.0,10,chemdeprc_cap1,10,10,0.0,10
CHEMBL227,9,0.3,4.0,10,minp_block_bh_cap1,10,10,0.0,10
CHEMBL227,9,0.3,4.0,10,score_cap1,10,10,0.0,10
CHEMBL227,9,0.3,4.0,10,weighted_bh,10,10,0.0,10
CHEMBL227,9,0.3,4.0,50,meta_calibration,50,49,0.02,50
CHEMBL227,9,0.3,4.0,50,chemdeprc_cap1,50,49,0.02,50
CHEMBL227,9,0.3,4.0,50,minp_block_bh_cap1,50,49,0.02,50
CHEMBL227,9,0.3,4.0,50,score_cap1,50,48,0.04,50
CHEMBL227,9,0.3,4.0,50,weighted_bh,50,49,0.02,44
CHEMBL227,9,0.3,4.0,75,meta_calibration,75,59,0.21333333333333335,75
CHEMBL227,9,0.3,4.0,75,chemdeprc_cap1,75,59,0.21333333333333335,75
CHEMBL227,9,0.3,4.0,75,minp_block_bh_cap1,75,58,0.22666666666666666,75
CHEMBL227,9,0.3,4.0,75,score_cap1,75,59,0.21333333333333335,75
CHEMBL227,9,0.3,4.0,75,weighted_bh,75,73,0.02666666666666667,56
CHEMBL227,9,0.3,6.0,10,meta_calibration,10,10,0.0,10
CHEMBL227,9,0.3,6.0,10,chemdeprc_cap1,10,10,0.0,10
CHEMBL227,9,0.3,6.0,10,minp_block_bh_cap1,10,10,0.0,10
CHEMBL227,9,0.3,6.0,10,score_cap1,10,9,0.1,10
CHEMBL227,9,0.3,6.0,10,weighted_bh,10,10,0.0,10
CHEMBL227,9,0.3,6.0,50,meta_calibration,50,49,0.02,50
CHEMBL227,9,0.3,6.0,50,chemdeprc_cap1,50,49,0.02,50
CHEMBL227,9,0.3,6.0,50,minp_block_bh_cap1,50,49,0.02,50
CHEMBL227,9,0.3,6.0,50,score_cap1,50,48,0.04,50
CHEMBL227,9,0.3,6.0,50,weighted_bh,50,49,0.02,44
CHEMBL227,9,0.3,6.0,75,meta_calibration,75,60,0.2,75
CHEMBL227,9,0.3,6.0,75,chemdeprc_cap1,75,59,0.21333333333333335,75
CHEMBL227,9,0.3,6.0,75,minp_block_bh_cap1,75,58,0.22666666666666666,75
CHEMBL227,9,0.3,6.0,75,score_cap1,75,59,0.21333333333333335,75
CHEMBL227,9,0.3,6.0,75,weighted_bh,75,73,0.02666666666666667,56
CHEMBL231,0,0.2,4.0,10,meta_calibration,10,10,0.0,10
CHEMBL231,0,0.2,4.0,10,chemdeprc_cap1,10,9,0.1,10
CHEMBL231,0,0.2,4.0,10,minp_block_bh_cap1,10,10,0.0,10
CHEMBL231,0,0.2,4.0,10,score_cap1,10,9,0.1,10
CHEMBL231,0,0.2,4.0,10,weighted_bh,10,10,0.0,10
CHEMBL231,0,0.2,4.0,50,meta_calibration,50,47,0.06,50
CHEMBL231,0,0.2,4.0,50,chemdeprc_cap1,50,47,0.06,50
CHEMBL231,0,0.2,4.0,50,minp_block_bh_cap1,50,45,0.1,50
CHEMBL231,0,0.2,4.0,50,score_cap1,50,48,0.04,50
CHEMBL231,0,0.2,4.0,50,weighted_bh,50,47,0.06,39
CHEMBL231,0,0.2,4.0,75,meta_calibration,75,65,0.13333333333333333,75
CHEMBL231,0,0.2,4.0,75,chemdeprc_cap1,75,63,0.16,75
CHEMBL231,0,0.2,4.0,75,minp_block_bh_cap1,75,63,0.16,75
CHEMBL231,0,0.2,4.0,75,score_cap1,75,65,0.13333333333333333,75
CHEMBL231,0,0.2,4.0,75,weighted_bh,75,69,0.08,50
CHEMBL231,0,0.2,6.0,10,meta_calibration,10,10,0.0,10
CHEMBL231,0,0.2,6.0,10,chemdeprc_cap1,10,9,0.1,10
CHEMBL231,0,0.2,6.0,10,minp_block_bh_cap1,10,10,0.0,10
CHEMBL231,0,0.2,6.0,10,score_cap1,10,9,0.1,10
CHEMBL231,0,0.2,6.0,10,weighted_bh,10,10,0.0,10
CHEMBL231,0,0.2,6.0,50,meta_calibration,50,47,0.06,50
CHEMBL231,0,0.2,6.0,50,chemdeprc_cap1,50,47,0.06,50
CHEMBL231,0,0.2,6.0,50,minp_block_bh_cap1,50,45,0.1,50
CHEMBL231,0,0.2,6.0,50,score_cap1,50,47,0.06,50
CHEMBL231,0,0.2,6.0,50,weighted_bh,50,47,0.06,39
CHEMBL231,0,0.2,6.0,75,meta_calibration,75,65,0.13333333333333333,75
CHEMBL231,0,0.2,6.0,75,chemdeprc_cap1,75,63,0.16,75
CHEMBL231,0,0.2,6.0,75,minp_block_bh_cap1,75,63,0.16,75
CHEMBL231,0,0.2,6.0,75,score_cap1,75,65,0.13333333333333333,75
CHEMBL231,0,0.2,6.0,75,weighted_bh,75,69,0.08,50
CHEMBL231,0,0.3,4.0,10,meta_calibration,10,10,0.0,10
CHEMBL231,0,0.3,4.0,10,chemdeprc_cap1,10,10,0.0,10
CHEMBL231,0,0.3,4.0,10,minp_block_bh_cap1,10,10,0.0,10
CHEMBL231,0,0.3,4.0,10,score_cap1,10,10,0.0,10
CHEMBL231,0,0.3,4.0,10,weighted_bh,10,10,0.0,10
CHEMBL231,0,0.3,4.0,50,meta_calibration,50,47,0.06,50
CHEMBL231,0,0.3,4.0,50,chemdeprc_cap1,50,47,0.06,50
CHEMBL231,0,0.3,4.0,50,minp_block_bh_cap1,50,45,0.1,50
CHEMBL231,0,0.3,4.0,50,score_cap1,50,47,0.06,50
CHEMBL231,0,0.3,4.0,50,weighted_bh,50,49,0.02,39
CHEMBL231,0,0.3,4.0,75,meta_calibration,75,64,0.14666666666666667,75
CHEMBL231,0,0.3,4.0,75,chemdeprc_cap1,75,63,0.16,75
CHEMBL231,0,0.3,4.0,75,minp_block_bh_cap1,75,62,0.17333333333333334,75
CHEMBL231,0,0.3,4.0,75,score_cap1,75,64,0.14666666666666667,75
CHEMBL231,0,0.3,4.0,75,weighted_bh,75,69,0.08,50
CHEMBL231,0,0.3,6.0,10,meta_calibration,10,10,0.0,10
CHEMBL231,0,0.3,6.0,10,chemdeprc_cap1,10,10,0.0,10
CHEMBL231,0,0.3,6.0,10,minp_block_bh_cap1,10,10,0.0,10
CHEMBL231,0,0.3,6.0,10,score_cap1,10,9,0.1,10
CHEMBL231,0,0.3,6.0,10,weighted_bh,10,10,0.0,10
CHEMBL231,0,0.3,6.0,50,meta_calibration,50,45,0.1,50
CHEMBL231,0,0.3,6.0,50,chemdeprc_cap1,50,45,0.1,50
CHEMBL231,0,0.3,6.0,50,minp_block_bh_cap1,50,45,0.1,50
CHEMBL231,0,0.3,6.0,50,score_cap1,50,45,0.1,50
CHEMBL231,0,0.3,6.0,50,weighted_bh,50,47,0.06,39
CHEMBL231,0,0.3,6.0,75,meta_calibration,75,64,0.14666666666666667,75
CHEMBL231,0,0.3,6.0,75,chemdeprc_cap1,75,63,0.16,75
CHEMBL231,0,0.3,6.0,75,minp_block_bh_cap1,75,62,0.17333333333333334,75
CHEMBL231,0,0.3,6.0,75,score_cap1,75,64,0.14666666666666667,75
CHEMBL231,0,0.3,6.0,75,weighted_bh,75,67,0.10666666666666667,49
CHEMBL231,1,0.2,4.0,10,meta_calibration,10,10,0.0,10
CHEMBL231,1,0.2,4.0,10,chemdeprc_cap1,10,10,0.0,10
CHEMBL231,1,0.2,4.0,10,minp_block_bh_cap1,10,10,0.0,10
CHEMBL231,1,0.2,4.0,10,score_cap1,10,10,0.0,10
CHEMBL231,1,0.2,4.0,10,weighted_bh,10,10,0.0,10
CHEMBL231,1,0.2,4.0,50,meta_calibration,50,47,0.06,50
CHEMBL231,1,0.2,4.0,50,chemdeprc_cap1,50,47,0.06,50
CHEMBL231,1,0.2,4.0,50,minp_block_bh_cap1,50,45,0.1,50
CHEMBL231,1,0.2,4.0,50,score_cap1,50,47,0.06,50
CHEMBL231,1,0.2,4.0,50,weighted_bh,50,47,0.06,39
CHEMBL231,1,0.2,4.0,75,meta_calibration,75,65,0.13333333333333333,75
CHEMBL231,1,0.2,4.0,75,chemdeprc_cap1,75,63,0.16,75
CHEMBL231,1,0.2,4.0,75,minp_block_bh_cap1,75,63,0.16,75
CHEMBL231,1,0.2,4.0,75,score_cap1,75,65,0.13333333333333333,75
CHEMBL231,1,0.2,4.0,75,weighted_bh,75,69,0.08,49
CHEMBL231,1,0.2,6.0,10,meta_calibration,10,10,0.0,10
CHEMBL231,1,0.2,6.0,10,chemdeprc_cap1,10,9,0.1,10
CHEMBL231,1,0.2,6.0,10,minp_block_bh_cap1,10,10,0.0,10
CHEMBL231,1,0.2,6.0,10,score_cap1,10,9,0.1,10
CHEMBL231,1,0.2,6.0,10,weighted_bh,10,10,0.0,10
CHEMBL231,1,0.2,6.0,50,meta_calibration,50,47,0.06,50
CHEMBL231,1,0.2,6.0,50,chemdeprc_cap1,50,46,0.08,50
CHEMBL231,1,0.2,6.0,50,minp_block_bh_cap1,50,45,0.1,50
CHEMBL231,1,0.2,6.0,50,score_cap1,50,46,0.08,50
CHEMBL231,1,0.2,6.0,50,weighted_bh,50,47,0.06,39
CHEMBL231,1,0.2,6.0,75,meta_calibration,75,65,0.13333333333333333,75
CHEMBL231,1,0.2,6.0,75,chemdeprc_cap1,75,63,0.16,75
CHEMBL231,1,0.2,6.0,75,minp_block_bh_cap1,75,62,0.17333333333333334,75
CHEMBL231,1,0.2,6.0,75,score_cap1,75,65,0.13333333333333333,75
CHEMBL231,1,0.2,6.0,75,weighted_bh,75,69,0.08,49
CHEMBL231,1,0.3,4.0,10,meta_calibration,10,10,0.0,10
CHEMBL231,1,0.3,4.0,10,chemdeprc_cap1,10,10,0.0,10
CHEMBL231,1,0.3,4.0,10,minp_block_bh_cap1,10,10,0.0,10
CHEMBL231,1,0.3,4.0,10,score_cap1,10,10,0.0,10
CHEMBL231,1,0.3,4.0,10,weighted_bh,10,10,0.0,10
CHEMBL231,1,0.3,4.0,50,meta_calibration,50,47,0.06,50
CHEMBL231,1,0.3,4.0,50,chemdeprc_cap1,50,46,0.08,50
CHEMBL231,1,0.3,4.0,50,minp_block_bh_cap1,50,45,0.1,50
CHEMBL231,1,0.3,4.0,50,score_cap1,50,46,0.08,50
CHEMBL231,1,0.3,4.0,50,weighted_bh,50,49,0.02,39
CHEMBL231,1,0.3,4.0,75,meta_calibration,75,64,0.14666666666666667,75
CHEMBL231,1,0.3,4.0,75,chemdeprc_cap1,75,63,0.16,75
CHEMBL231,1,0.3,4.0,75,minp_block_bh_cap1,75,62,0.17333333333333334,75
CHEMBL231,1,0.3,4.0,75,score_cap1,75,64,0.14666666666666667,75
CHEMBL231,1,0.3,4.0,75,weighted_bh,75,69,0.08,49
CHEMBL231,1,0.3,6.0,10,meta_calibration,10,10,0.0,10
CHEMBL231,1,0.3,6.0,10,chemdeprc_cap1,10,10,0.0,10
CHEMBL231,1,0.3,6.0,10,minp_block_bh_cap1,10,10,0.0,10
CHEMBL231,1,0.3,6.0,10,score_cap1,10,9,0.1,10
CHEMBL231,1,0.3,6.0,10,weighted_bh,10,10,0.0,10
CHEMBL231,1,0.3,6.0,50,meta_calibration,50,45,0.1,50
CHEMBL231,1,0.3,6.0,50,chemdeprc_cap1,50,45,0.1,50
CHEMBL231,1,0.3,6.0,50,minp_block_bh_cap1,50,45,0.1,50
CHEMBL231,1,0.3,6.0,50,score_cap1,50,45,0.1,50
CHEMBL231,1,0.3,6.0,50,weighted_bh,50,45,0.1,40
CHEMBL231,1,0.3,6.0,75,meta_calibration,75,64,0.14666666666666667,75
CHEMBL231,1,0.3,6.0,75,chemdeprc_cap1,75,63,0.16,75
CHEMBL231,1,0.3,6.0,75,minp_block_bh_cap1,75,62,0.17333333333333334,75
CHEMBL231,1,0.3,6.0,75,score_cap1,75,64,0.14666666666666667,75
CHEMBL231,1,0.3,6.0,75,weighted_bh,75,67,0.10666666666666667,49
CHEMBL231,2,0.2,4.0,10,meta_calibration,10,10,0.0,10
CHEMBL231,2,0.2,4.0,10,chemdeprc_cap1,10,10,0.0,10
CHEMBL231,2,0.2,4.0,10,minp_block_bh_cap1,10,10,0.0,10
CHEMBL231,2,0.2,4.0,10,score_cap1,10,10,0.0,10
CHEMBL231,2,0.2,4.0,10,weighted_bh,10,10,0.0,10
CHEMBL231,2,0.2,4.0,50,meta_calibration,50,47,0.06,50
CHEMBL231,2,0.2,4.0,50,chemdeprc_cap1,50,47,0.06,50
CHEMBL231,2,0.2,4.0,50,minp_block_bh_cap1,50,45,0.1,50
CHEMBL231,2,0.2,4.0,50,score_cap1,50,48,0.04,50
CHEMBL231,2,0.2,4.0,50,weighted_bh,50,49,0.02,39
CHEMBL231,2,0.2,4.0,75,meta_calibration,75,64,0.14666666666666667,75
CHEMBL231,2,0.2,4.0,75,chemdeprc_cap1,75,63,0.16,75
CHEMBL231,2,0.2,4.0,75,minp_block_bh_cap1,75,63,0.16,75
CHEMBL231,2,0.2,4.0,75,score_cap1,75,65,0.13333333333333333,75
CHEMBL231,2,0.2,4.0,75,weighted_bh,75,69,0.08,50
CHEMBL231,2,0.2,6.0,10,meta_calibration,10,10,0.0,10
CHEMBL231,2,0.2,6.0,10,chemdeprc_cap1,10,10,0.0,10
CHEMBL231,2,0.2,6.0,10,minp_block_bh_cap1,10,10,0.0,10
CHEMBL231,2,0.2,6.0,10,score_cap1,10,10,0.0,10
CHEMBL231,2,0.2,6.0,10,weighted_bh,10,10,0.0,10
CHEMBL231,2,0.2,6.0,50,meta_calibration,50,46,0.08,50
CHEMBL231,2,0.2,6.0,50,chemdeprc_cap1,50,46,0.08,50
CHEMBL231,2,0.2,6.0,50,minp_block_bh_cap1,50,45,0.1,50
CHEMBL231,2,0.2,6.0,50,score_cap1,50,46,0.08,50
CHEMBL231,2,0.2,6.0,50,weighted_bh,50,49,0.02,39
CHEMBL231,2,0.2,6.0,75,meta_calibration,75,64,0.14666666666666667,75
CHEMBL231,2,0.2,6.0,75,chemdeprc_cap1,75,63,0.16,75
CHEMBL231,2,0.2,6.0,75,minp_block_bh_cap1,75,62,0.17333333333333334,75
CHEMBL231,2,0.2,6.0,75,score_cap1,75,65,0.13333333333333333,75
CHEMBL231,2,0.2,6.0,75,weighted_bh,75,69,0.08,49
CHEMBL231,2,0.3,4.0,10,meta_calibration,10,10,0.0,10
CHEMBL231,2,0.3,4.0,10,chemdeprc_cap1,10,9,0.1,10
CHEMBL231,2,0.3,4.0,10,minp_block_bh_cap1,10,10,0.0,10
CHEMBL231,2,0.3,4.0,10,score_cap1,10,9,0.1,10
CHEMBL231,2,0.3,4.0,10,weighted_bh,10,10,0.0,10
CHEMBL231,2,0.3,4.0,50,meta_calibration,50,47,0.06,50
CHEMBL231,2,0.3,4.0,50,chemdeprc_cap1,50,47,0.06,50
CHEMBL231,2,0.3,4.0,50,minp_block_bh_cap1,50,45,0.1,50
CHEMBL231,2,0.3,4.0,50,score_cap1,50,47,0.06,50
CHEMBL231,2,0.3,4.0,50,weighted_bh,50,45,0.1,40
CHEMBL231,2,0.3,4.0,75,meta_calibration,75,65,0.13333333333333333,75
CHEMBL231,2,0.3,4.0,75,chemdeprc_cap1,75,63,0.16,75
CHEMBL231,2,0.3,4.0,75,minp_block_bh_cap1,75,63,0.16,75
CHEMBL231,2,0.3,4.0,75,score_cap1,75,65,0.13333333333333333,75
CHEMBL231,2,0.3,4.0,75,weighted_bh,75,69,0.08,49
CHEMBL231,2,0.3,6.0,10,meta_calibration,10,10,0.0,10
CHEMBL231,2,0.3,6.0,10,chemdeprc_cap1,10,8,0.2,10
CHEMBL231,2,0.3,6.0,10,minp_block_bh_cap1,10,10,0.0,10
CHEMBL231,2,0.3,6.0,10,score_cap1,10,8,0.2,10
CHEMBL231,2,0.3,6.0,10,weighted_bh,10,10,0.0,10
CHEMBL231,2,0.3,6.0,50,meta_calibration,50,47,0.06,50
CHEMBL231,2,0.3,6.0,50,chemdeprc_cap1,50,46,0.08,50
CHEMBL231,2,0.3,6.0,50,minp_block_bh_cap1,50,45,0.1,50
CHEMBL231,2,0.3,6.0,50,score_cap1,50,46,0.08,50
CHEMBL231,2,0.3,6.0,50,weighted_bh,50,45,0.1,40
CHEMBL231,2,0.3,6.0,75,meta_calibration,75,65,0.13333333333333333,75
CHEMBL231,2,0.3,6.0,75,chemdeprc_cap1,75,63,0.16,75
CHEMBL231,2,0.3,6.0,75,minp_block_bh_cap1,75,62,0.17333333333333334,75
CHEMBL231,2,0.3,6.0,75,score_cap1,75,65,0.13333333333333333,75
CHEMBL231,2,0.3,6.0,75,weighted_bh,75,69,0.08,49
CHEMBL231,3,0.2,4.0,10,meta_calibration,10,10,0.0,10
CHEMBL231,3,0.2,4.0,10,chemdeprc_cap1,10,9,0.1,10
CHEMBL231,3,0.2,4.0,10,minp_block_bh_cap1,10,10,0.0,10
CHEMBL231,3,0.2,4.0,10,score_cap1,10,9,0.1,10
CHEMBL231,3,0.2,4.0,10,weighted_bh,10,10,0.0,10
CHEMBL231,3,0.2,4.0,50,meta_calibration,50,47,0.06,50
CHEMBL231,3,0.2,4.0,50,chemdeprc_cap1,50,47,0.06,50
CHEMBL231,3,0.2,4.0,50,minp_block_bh_cap1,50,45,0.1,50
CHEMBL231,3,0.2,4.0,50,score_cap1,50,47,0.06,50
CHEMBL231,3,0.2,4.0,50,weighted_bh,50,47,0.06,39
CHEMBL231,3,0.2,4.0,75,meta_calibration,75,65,0.13333333333333333,75
CHEMBL231,3,0.2,4.0,75,chemdeprc_cap1,75,63,0.16,75
CHEMBL231,3,0.2,4.0,75,minp_block_bh_cap1,75,63,0.16,75
CHEMBL231,3,0.2,4.0,75,score_cap1,75,65,0.13333333333333333,75
CHEMBL231,3,0.2,4.0,75,weighted_bh,75,69,0.08,49
CHEMBL231,3,0.2,6.0,10,meta_calibration,10,10,0.0,10
CHEMBL231,3,0.2,6.0,10,chemdeprc_cap1,10,9,0.1,10
CHEMBL231,3,0.2,6.0,10,minp_block_bh_cap1,10,10,0.0,10
CHEMBL231,3,0.2,6.0,10,score_cap1,10,9,0.1,10
CHEMBL231,3,0.2,6.0,10,weighted_bh,10,10,0.0,10
CHEMBL231,3,0.2,6.0,50,meta_calibration,50,47,0.06,50
CHEMBL231,3,0.2,6.0,50,chemdeprc_cap1,50,46,0.08,50
CHEMBL231,3,0.2,6.0,50,minp_block_bh_cap1,50,45,0.1,50
CHEMBL231,3,0.2,6.0,50,score_cap1,50,46,0.08,50
CHEMBL231,3,0.2,6.0,50,weighted_bh,50,47,0.06,39
CHEMBL231,3,0.2,6.0,75,meta_calibration,75,65,0.13333333333333333,75
CHEMBL231,3,0.2,6.0,75,chemdeprc_cap1,75,63,0.16,75
CHEMBL231,3,0.2,6.0,75,minp_block_bh_cap1,75,63,0.16,75
CHEMBL231,3,0.2,6.0,75,score_cap1,75,65,0.13333333333333333,75
CHEMBL231,3,0.2,6.0,75,weighted_bh,75,69,0.08,49
CHEMBL231,3,0.3,4.0,10,meta_calibration,10,10,0.0,10
CHEMBL231,3,0.3,4.0,10,chemdeprc_cap1,10,9,0.1,10
CHEMBL231,3,0.3,4.0,10,minp_block_bh_cap1,10,10,0.0,10
CHEMBL231,3,0.3,4.0,10,score_cap1,10,9,0.1,10
CHEMBL231,3,0.3,4.0,10,weighted_bh,10,10,0.0,10
CHEMBL231,3,0.3,4.0,50,meta_calibration,50,47,0.06,50
CHEMBL231,3,0.3,4.0,50,chemdeprc_cap1,50,47,0.06,50
CHEMBL231,3,0.3,4.0,50,minp_block_bh_cap1,50,45,0.1,50
CHEMBL231,3,0.3,4.0,50,score_cap1,50,47,0.06,50
CHEMBL231,3,0.3,4.0,50,weighted_bh,50,45,0.1,40
CHEMBL231,3,0.3,4.0,75,meta_calibration,75,65,0.13333333333333333,75
CHEMBL231,3,0.3,4.0,75,chemdeprc_cap1,75,63,0.16,75
CHEMBL231,3,0.3,4.0,75,minp_block_bh_cap1,75,62,0.17333333333333334,75
CHEMBL231,3,0.3,4.0,75,score_cap1,75,65,0.13333333333333333,75
CHEMBL231,3,0.3,4.0,75,weighted_bh,75,69,0.08,49
CHEMBL231,3,0.3,6.0,10,meta_calibration,10,10,0.0,10
CHEMBL231,3,0.3,6.0,10,chemdeprc_cap1,10,8,0.2,10
CHEMBL231,3,0.3,6.0,10,minp_block_bh_cap1,10,10,0.0,10
CHEMBL231,3,0.3,6.0,10,score_cap1,10,8,0.2,10
CHEMBL231,3,0.3,6.0,10,weighted_bh,10,10,0.0,10
CHEMBL231,3,0.3,6.0,50,meta_calibration,50,47,0.06,50
CHEMBL231,3,0.3,6.0,50,chemdeprc_cap1,50,46,0.08,50
CHEMBL231,3,0.3,6.0,50,minp_block_bh_cap1,50,45,0.1,50
CHEMBL231,3,0.3,6.0,50,score_cap1,50,46,0.08,50
CHEMBL231,3,0.3,6.0,50,weighted_bh,50,45,0.1,40
CHEMBL231,3,0.3,6.0,75,meta_calibration,75,65,0.13333333333333333,75
CHEMBL231,3,0.3,6.0,75,chemdeprc_cap1,75,63,0.16,75
CHEMBL231,3,0.3,6.0,75,minp_block_bh_cap1,75,62,0.17333333333333334,75
CHEMBL231,3,0.3,6.0,75,score_cap1,75,65,0.13333333333333333,75
CHEMBL231,3,0.3,6.0,75,weighted_bh,75,67,0.10666666666666667,49
CHEMBL231,4,0.2,4.0,10,meta_calibration,10,10,0.0,10
CHEMBL231,4,0.2,4.0,10,chemdeprc_cap1,10,10,0.0,10
CHEMBL231,4,0.2,4.0,10,minp_block_bh_cap1,10,10,0.0,10
CHEMBL231,4,0.2,4.0,10,score_cap1,10,10,0.0,10
CHEMBL231,4,0.2,4.0,10,weighted_bh,10,10,0.0,10
CHEMBL231,4,0.2,4.0,50,meta_calibration,50,47,0.06,50
CHEMBL231,4,0.2,4.0,50,chemdeprc_cap1,50,47,0.06,50
CHEMBL231,4,0.2,4.0,50,minp_block_bh_cap1,50,45,0.1,50
CHEMBL231,4,0.2,4.0,50,score_cap1,50,47,0.06,50
CHEMBL231,4,0.2,4.0,50,weighted_bh,50,49,0.02,39
CHEMBL231,4,0.2,4.0,75,meta_calibration,75,64,0.14666666666666667,75
CHEMBL231,4,0.2,4.0,75,chemdeprc_cap1,75,63,0.16,75
CHEMBL231,4,0.2,4.0,75,minp_block_bh_cap1,75,63,0.16,75
CHEMBL231,4,0.2,4.0,75,score_cap1,75,65,0.13333333333333333,75
CHEMBL231,4,0.2,4.0,75,weighted_bh,75,69,0.08,50
CHEMBL231,4,0.2,6.0,10,meta_calibration,10,10,0.0,10
CHEMBL231,4,0.2,6.0,10,chemdeprc_cap1,10,10,0.0,10
CHEMBL231,4,0.2,6.0,10,minp_block_bh_cap1,10,10,0.0,10
CHEMBL231,4,0.2,6.0,10,score_cap1,10,9,0.1,10
CHEMBL231,4,0.2,6.0,10,weighted_bh,10,10,0.0,10
CHEMBL231,4,0.2,6.0,50,meta_calibration,50,46,0.08,50
CHEMBL231,4,0.2,6.0,50,chemdeprc_cap1,50,46,0.08,50
CHEMBL231,4,0.2,6.0,50,minp_block_bh_cap1,50,45,0.1,50
CHEMBL231,4,0.2,6.0,50,score_cap1,50,46,0.08,50
CHEMBL231,4,0.2,6.0,50,weighted_bh,50,47,0.06,39
CHEMBL231,4,0.2,6.0,75,meta_calibration,75,64,0.14666666666666667,75
CHEMBL231,4,0.2,6.0,75,chemdeprc_cap1,75,63,0.16,75
CHEMBL231,4,0.2,6.0,75,minp_block_bh_cap1,75,62,0.17333333333333334,75
CHEMBL231,4,0.2,6.0,75,score_cap1,75,65,0.13333333333333333,75
CHEMBL231,4,0.2,6.0,75,weighted_bh,75,69,0.08,49
CHEMBL231,4,0.3,4.0,10,meta_calibration,10,10,0.0,10
CHEMBL231,4,0.3,4.0,10,chemdeprc_cap1,10,10,0.0,10
CHEMBL231,4,0.3,4.0,10,minp_block_bh_cap1,10,10,0.0,10
CHEMBL231,4,0.3,4.0,10,score_cap1,10,10,0.0,10
CHEMBL231,4,0.3,4.0,10,weighted_bh,10,10,0.0,10
CHEMBL231,4,0.3,4.0,50,meta_calibration,50,47,0.06,50
CHEMBL231,4,0.3,4.0,50,chemdeprc_cap1,50,47,0.06,50
CHEMBL231,4,0.3,4.0,50,minp_block_bh_cap1,50,45,0.1,50
CHEMBL231,4,0.3,4.0,50,score_cap1,50,47,0.06,50
CHEMBL231,4,0.3,4.0,50,weighted_bh,50,49,0.02,39
CHEMBL231,4,0.3,4.0,75,meta_calibration,75,64,0.14666666666666667,75
CHEMBL231,4,0.3,4.0,75,chemdeprc_cap1,75,63,0.16,75
CHEMBL231,4,0.3,4.0,75,minp_block_bh_cap1,75,62,0.17333333333333334,75
CHEMBL231,4,0.3,4.0,75,score_cap1,75,64,0.14666666666666667,75
CHEMBL231,4,0.3,4.0,75,weighted_bh,75,69,0.08,49
CHEMBL231,4,0.3,6.0,10,meta_calibration,10,10,0.0,10
CHEMBL231,4,0.3,6.0,10,chemdeprc_cap1,10,10,0.0,10
CHEMBL231,4,0.3,6.0,10,minp_block_bh_cap1,10,10,0.0,10
CHEMBL231,4,0.3,6.0,10,score_cap1,10,10,0.0,10
CHEMBL231,4,0.3,6.0,10,weighted_bh,10,10,0.0,10
CHEMBL231,4,0.3,6.0,50,meta_calibration,50,45,0.1,50
CHEMBL231,4,0.3,6.0,50,chemdeprc_cap1,50,45,0.1,50
CHEMBL231,4,0.3,6.0,50,minp_block_bh_cap1,50,45,0.1,50
CHEMBL231,4,0.3,6.0,50,score_cap1,50,45,0.1,50
CHEMBL231,4,0.3,6.0,50,weighted_bh,50,47,0.06,39
CHEMBL231,4,0.3,6.0,75,meta_calibration,75,64,0.14666666666666667,75
CHEMBL231,4,0.3,6.0,75,chemdeprc_cap1,75,63,0.16,75
CHEMBL231,4,0.3,6.0,75,minp_block_bh_cap1,75,62,0.17333333333333334,75
CHEMBL231,4,0.3,6.0,75,score_cap1,75,64,0.14666666666666667,75
CHEMBL231,4,0.3,6.0,75,weighted_bh,75,67,0.10666666666666667,49
CHEMBL231,5,0.2,4.0,10,meta_calibration,10,10,0.0,10
CHEMBL231,5,0.2,4.0,10,chemdeprc_cap1,10,10,0.0,10
CHEMBL231,5,0.2,4.0,10,minp_block_bh_cap1,10,10,0.0,10
CHEMBL231,5,0.2,4.0,10,score_cap1,10,10,0.0,10
CHEMBL231,5,0.2,4.0,10,weighted_bh,10,10,0.0,10
CHEMBL231,5,0.2,4.0,50,meta_calibration,50,47,0.06,50
CHEMBL231,5,0.2,4.0,50,chemdeprc_cap1,50,47,0.06,50
CHEMBL231,5,0.2,4.0,50,minp_block_bh_cap1,50,45,0.1,50
CHEMBL231,5,0.2,4.0,50,score_cap1,50,47,0.06,50
CHEMBL231,5,0.2,4.0,50,weighted_bh,50,49,0.02,39
CHEMBL231,5,0.2,4.0,75,meta_calibration,75,64,0.14666666666666667,75
CHEMBL231,5,0.2,4.0,75,chemdeprc_cap1,75,63,0.16,75
CHEMBL231,5,0.2,4.0,75,minp_block_bh_cap1,75,63,0.16,75
CHEMBL231,5,0.2,4.0,75,score_cap1,75,65,0.13333333333333333,75
CHEMBL231,5,0.2,4.0,75,weighted_bh,75,69,0.08,49
CHEMBL231,5,0.2,6.0,10,meta_calibration,10,10,0.0,10
CHEMBL231,5,0.2,6.0,10,chemdeprc_cap1,10,10,0.0,10
CHEMBL231,5,0.2,6.0,10,minp_block_bh_cap1,10,10,0.0,10
CHEMBL231,5,0.2,6.0,10,score_cap1,10,10,0.0,10
CHEMBL231,5,0.2,6.0,10,weighted_bh,10,10,0.0,10
CHEMBL231,5,0.2,6.0,50,meta_calibration,50,46,0.08,50
CHEMBL231,5,0.2,6.0,50,chemdeprc_cap1,50,46,0.08,50
CHEMBL231,5,0.2,6.0,50,minp_block_bh_cap1,50,45,0.1,50
CHEMBL231,5,0.2,6.0,50,score_cap1,50,46,0.08,50
CHEMBL231,5,0.2,6.0,50,weighted_bh,50,47,0.06,39
CHEMBL231,5,0.2,6.0,75,meta_calibration,75,64,0.14666666666666667,75
CHEMBL231,5,0.2,6.0,75,chemdeprc_cap1,75,63,0.16,75
CHEMBL231,5,0.2,6.0,75,minp_block_bh_cap1,75,62,0.17333333333333334,75
CHEMBL231,5,0.2,6.0,75,score_cap1,75,65,0.13333333333333333,75
CHEMBL231,5,0.2,6.0,75,weighted_bh,75,68,0.09333333333333334,48
CHEMBL231,5,0.3,4.0,10,meta_calibration,10,10,0.0,10
CHEMBL231,5,0.3,4.0,10,chemdeprc_cap1,10,10,0.0,10
CHEMBL231,5,0.3,4.0,10,minp_block_bh_cap1,10,10,0.0,10
CHEMBL231,5,0.3,4.0,10,score_cap1,10,10,0.0,10
CHEMBL231,5,0.3,4.0,10,weighted_bh,10,10,0.0,10
CHEMBL231,5,0.3,4.0,50,meta_calibration,50,47,0.06,50
CHEMBL231,5,0.3,4.0,50,chemdeprc_cap1,50,47,0.06,50
CHEMBL231,5,0.3,4.0,50,minp_block_bh_cap1,50,45,0.1,50
CHEMBL231,5,0.3,4.0,50,score_cap1,50,47,0.06,50
CHEMBL231,5,0.3,4.0,50,weighted_bh,50,49,0.02,39
CHEMBL231,5,0.3,4.0,75,meta_calibration,75,64,0.14666666666666667,75
CHEMBL231,5,0.3,4.0,75,chemdeprc_cap1,75,63,0.16,75
CHEMBL231,5,0.3,4.0,75,minp_block_bh_cap1,75,62,0.17333333333333334,75
CHEMBL231,5,0.3,4.0,75,score_cap1,75,64,0.14666666666666667,75
CHEMBL231,5,0.3,4.0,75,weighted_bh,75,69,0.08,49
CHEMBL231,5,0.3,6.0,10,meta_calibration,10,10,0.0,10
CHEMBL231,5,0.3,6.0,10,chemdeprc_cap1,10,10,0.0,10
CHEMBL231,5,0.3,6.0,10,minp_block_bh_cap1,10,10,0.0,10
CHEMBL231,5,0.3,6.0,10,score_cap1,10,10,0.0,10
CHEMBL231,5,0.3,6.0,10,weighted_bh,10,10,0.0,10
CHEMBL231,5,0.3,6.0,50,meta_calibration,50,45,0.1,50
CHEMBL231,5,0.3,6.0,50,chemdeprc_cap1,50,45,0.1,50
CHEMBL231,5,0.3,6.0,50,minp_block_bh_cap1,50,45,0.1,50
CHEMBL231,5,0.3,6.0,50,score_cap1,50,45,0.1,50
CHEMBL231,5,0.3,6.0,50,weighted_bh,50,47,0.06,39
CHEMBL231,5,0.3,6.0,75,meta_calibration,75,64,0.14666666666666667,75
CHEMBL231,5,0.3,6.0,75,chemdeprc_cap1,75,63,0.16,75
CHEMBL231,5,0.3,6.0,75,minp_block_bh_cap1,75,62,0.17333333333333334,75
CHEMBL231,5,0.3,6.0,75,score_cap1,75,64,0.14666666666666667,75
CHEMBL231,5,0.3,6.0,75,weighted_bh,75,67,0.10666666666666667,49
CHEMBL231,6,0.2,4.0,10,meta_calibration,10,10,0.0,10
CHEMBL231,6,0.2,4.0,10,chemdeprc_cap1,10,10,0.0,10
CHEMBL231,6,0.2,4.0,10,minp_block_bh_cap1,10,10,0.0,10
CHEMBL231,6,0.2,4.0,10,score_cap1,10,10,0.0,10
CHEMBL231,6,0.2,4.0,10,weighted_bh,10,10,0.0,10
CHEMBL231,6,0.2,4.0,50,meta_calibration,50,47,0.06,50
CHEMBL231,6,0.2,4.0,50,chemdeprc_cap1,50,47,0.06,50
CHEMBL231,6,0.2,4.0,50,minp_block_bh_cap1,50,45,0.1,50
CHEMBL231,6,0.2,4.0,50,score_cap1,50,47,0.06,50
CHEMBL231,6,0.2,4.0,50,weighted_bh,50,49,0.02,39
CHEMBL231,6,0.2,4.0,75,meta_calibration,75,64,0.14666666666666667,75
CHEMBL231,6,0.2,4.0,75,chemdeprc_cap1,75,63,0.16,75
CHEMBL231,6,0.2,4.0,75,minp_block_bh_cap1,75,63,0.16,75
CHEMBL231,6,0.2,4.0,75,score_cap1,75,65,0.13333333333333333,75
CHEMBL231,6,0.2,4.0,75,weighted_bh,75,69,0.08,50
CHEMBL231,6,0.2,6.0,10,meta_calibration,10,10,0.0,10
CHEMBL231,6,0.2,6.0,10,chemdeprc_cap1,10,10,0.0,10
CHEMBL231,6,0.2,6.0,10,minp_block_bh_cap1,10,10,0.0,10
CHEMBL231,6,0.2,6.0,10,score_cap1,10,9,0.1,10
CHEMBL231,6,0.2,6.0,10,weighted_bh,10,10,0.0,10
CHEMBL231,6,0.2,6.0,50,meta_calibration,50,46,0.08,50
CHEMBL231,6,0.2,6.0,50,chemdeprc_cap1,50,46,0.08,50
CHEMBL231,6,0.2,6.0,50,minp_block_bh_cap1,50,45,0.1,50
CHEMBL231,6,0.2,6.0,50,score_cap1,50,46,0.08,50
CHEMBL231,6,0.2,6.0,50,weighted_bh,50,47,0.06,39
CHEMBL231,6,0.2,6.0,75,meta_calibration,75,64,0.14666666666666667,75
CHEMBL231,6,0.2,6.0,75,chemdeprc_cap1,75,63,0.16,75
CHEMBL231,6,0.2,6.0,75,minp_block_bh_cap1,75,62,0.17333333333333334,75
CHEMBL231,6,0.2,6.0,75,score_cap1,75,65,0.13333333333333333,75
CHEMBL231,6,0.2,6.0,75,weighted_bh,75,69,0.08,49
CHEMBL231,6,0.3,4.0,10,meta_calibration,10,10,0.0,10
CHEMBL231,6,0.3,4.0,10,chemdeprc_cap1,10,9,0.1,10
CHEMBL231,6,0.3,4.0,10,minp_block_bh_cap1,10,10,0.0,10
CHEMBL231,6,0.3,4.0,10,score_cap1,10,9,0.1,10
CHEMBL231,6,0.3,4.0,10,weighted_bh,10,10,0.0,10
CHEMBL231,6,0.3,4.0,50,meta_calibration,50,47,0.06,50
CHEMBL231,6,0.3,4.0,50,chemdeprc_cap1,50,47,0.06,50
CHEMBL231,6,0.3,4.0,50,minp_block_bh_cap1,50,45,0.1,50
CHEMBL231,6,0.3,4.0,50,score_cap1,50,47,0.06,50
CHEMBL231,6,0.3,4.0,50,weighted_bh,50,45,0.1,40
CHEMBL231,6,0.3,4.0,75,meta_calibration,75,65,0.13333333333333333,75
CHEMBL231,6,0.3,4.0,75,chemdeprc_cap1,75,63,0.16,75
CHEMBL231,6,0.3,4.0,75,minp_block_bh_cap1,75,63,0.16,75
CHEMBL231,6,0.3,4.0,75,score_cap1,75,65,0.13333333333333333,75
CHEMBL231,6,0.3,4.0,75,weighted_bh,75,69,0.08,49
CHEMBL231,6,0.3,6.0,10,meta_calibration,10,10,0.0,10
CHEMBL231,6,0.3,6.0,10,chemdeprc_cap1,10,8,0.2,10
CHEMBL231,6,0.3,6.0,10,minp_block_bh_cap1,10,10,0.0,10
CHEMBL231,6,0.3,6.0,10,score_cap1,10,8,0.2,10
CHEMBL231,6,0.3,6.0,10,weighted_bh,10,10,0.0,10
CHEMBL231,6,0.3,6.0,50,meta_calibration,50,47,0.06,50
CHEMBL231,6,0.3,6.0,50,chemdeprc_cap1,50,46,0.08,50
CHEMBL231,6,0.3,6.0,50,minp_block_bh_cap1,50,45,0.1,50
CHEMBL231,6,0.3,6.0,50,score_cap1,50,46,0.08,50
CHEMBL231,6,0.3,6.0,50,weighted_bh,50,45,0.1,40
CHEMBL231,6,0.3,6.0,75,meta_calibration,75,65,0.13333333333333333,75
CHEMBL231,6,0.3,6.0,75,chemdeprc_cap1,75,63,0.16,75
CHEMBL231,6,0.3,6.0,75,minp_block_bh_cap1,75,62,0.17333333333333334,75
CHEMBL231,6,0.3,6.0,75,score_cap1,75,65,0.13333333333333333,75
CHEMBL231,6,0.3,6.0,75,weighted_bh,75,69,0.08,49
CHEMBL231,7,0.2,4.0,10,meta_calibration,10,10,0.0,10
CHEMBL231,7,0.2,4.0,10,chemdeprc_cap1,10,10,0.0,10
CHEMBL231,7,0.2,4.0,10,minp_block_bh_cap1,10,10,0.0,10
CHEMBL231,7,0.2,4.0,10,score_cap1,10,10,0.0,10
CHEMBL231,7,0.2,4.0,10,weighted_bh,10,10,0.0,10
CHEMBL231,7,0.2,4.0,50,meta_calibration,50,47,0.06,50
CHEMBL231,7,0.2,4.0,50,chemdeprc_cap1,50,47,0.06,50
CHEMBL231,7,0.2,4.0,50,minp_block_bh_cap1,50,45,0.1,50
CHEMBL231,7,0.2,4.0,50,score_cap1,50,48,0.04,50
CHEMBL231,7,0.2,4.0,50,weighted_bh,50,49,0.02,39
CHEMBL231,7,0.2,4.0,75,meta_calibration,75,64,0.14666666666666667,75
CHEMBL231,7,0.2,4.0,75,chemdeprc_cap1,75,63,0.16,75
CHEMBL231,7,0.2,4.0,75,minp_block_bh_cap1,75,63,0.16,75
CHEMBL231,7,0.2,4.0,75,score_cap1,75,65,0.13333333333333333,75
CHEMBL231,7,0.2,4.0,75,weighted_bh,75,69,0.08,50
CHEMBL231,7,0.2,6.0,10,meta_calibration,10,10,0.0,10
CHEMBL231,7,0.2,6.0,10,chemdeprc_cap1,10,10,0.0,10
CHEMBL231,7,0.2,6.0,10,minp_block_bh_cap1,10,10,0.0,10
CHEMBL231,7,0.2,6.0,10,score_cap1,10,10,0.0,10
CHEMBL231,7,0.2,6.0,10,weighted_bh,10,10,0.0,10
CHEMBL231,7,0.2,6.0,50,meta_calibration,50,46,0.08,50
CHEMBL231,7,0.2,6.0,50,chemdeprc_cap1,50,46,0.08,50
CHEMBL231,7,0.2,6.0,50,minp_block_bh_cap1,50,45,0.1,50
CHEMBL231,7,0.2,6.0,50,score_cap1,50,46,0.08,50
CHEMBL231,7,0.2,6.0,50,weighted_bh,50,49,0.02,39
CHEMBL231,7,0.2,6.0,75,meta_calibration,75,64,0.14666666666666667,75
CHEMBL231,7,0.2,6.0,75,chemdeprc_cap1,75,63,0.16,75
CHEMBL231,7,0.2,6.0,75,minp_block_bh_cap1,75,62,0.17333333333333334,75
CHEMBL231,7,0.2,6.0,75,score_cap1,75,65,0.13333333333333333,75
CHEMBL231,7,0.2,6.0,75,weighted_bh,75,69,0.08,49
CHEMBL231,7,0.3,4.0,10,meta_calibration,10,10,0.0,10
CHEMBL231,7,0.3,4.0,10,chemdeprc_cap1,10,9,0.1,10
CHEMBL231,7,0.3,4.0,10,minp_block_bh_cap1,10,10,0.0,10
CHEMBL231,7,0.3,4.0,10,score_cap1,10,9,0.1,10
CHEMBL231,7,0.3,4.0,10,weighted_bh,10,10,0.0,10
CHEMBL231,7,0.3,4.0,50,meta_calibration,50,47,0.06,50
CHEMBL231,7,0.3,4.0,50,chemdeprc_cap1,50,46,0.08,50
CHEMBL231,7,0.3,4.0,50,minp_block_bh_cap1,50,45,0.1,50
CHEMBL231,7,0.3,4.0,50,score_cap1,50,46,0.08,50
CHEMBL231,7,0.3,4.0,50,weighted_bh,50,47,0.06,39
CHEMBL231,7,0.3,4.0,75,meta_calibration,75,64,0.14666666666666667,75
CHEMBL231,7,0.3,4.0,75,chemdeprc_cap1,75,63,0.16,75
CHEMBL231,7,0.3,4.0,75,minp_block_bh_cap1,75,63,0.16,75
CHEMBL231,7,0.3,4.0,75,score_cap1,75,65,0.13333333333333333,75
CHEMBL231,7,0.3,4.0,75,weighted_bh,75,69,0.08,49
CHEMBL231,7,0.3,6.0,10,meta_calibration,10,10,0.0,10
CHEMBL231,7,0.3,6.0,10,chemdeprc_cap1,10,9,0.1,10
CHEMBL231,7,0.3,6.0,10,minp_block_bh_cap1,10,10,0.0,10
CHEMBL231,7,0.3,6.0,10,score_cap1,10,8,0.2,10
CHEMBL231,7,0.3,6.0,10,weighted_bh,10,10,0.0,10
CHEMBL231,7,0.3,6.0,50,meta_calibration,50,46,0.08,50
CHEMBL231,7,0.3,6.0,50,chemdeprc_cap1,50,45,0.1,50
CHEMBL231,7,0.3,6.0,50,minp_block_bh_cap1,50,45,0.1,50
CHEMBL231,7,0.3,6.0,50,score_cap1,50,45,0.1,50
CHEMBL231,7,0.3,6.0,50,weighted_bh,50,45,0.1,40
CHEMBL231,7,0.3,6.0,75,meta_calibration,75,64,0.14666666666666667,75
CHEMBL231,7,0.3,6.0,75,chemdeprc_cap1,75,63,0.16,75
CHEMBL231,7,0.3,6.0,75,minp_block_bh_cap1,75,62,0.17333333333333334,75
CHEMBL231,7,0.3,6.0,75,score_cap1,75,65,0.13333333333333333,75
CHEMBL231,7,0.3,6.0,75,weighted_bh,75,67,0.10666666666666667,49
CHEMBL231,8,0.2,4.0,10,meta_calibration,10,10,0.0,10
CHEMBL231,8,0.2,4.0,10,chemdeprc_cap1,10,10,0.0,10
CHEMBL231,8,0.2,4.0,10,minp_block_bh_cap1,10,10,0.0,10
CHEMBL231,8,0.2,4.0,10,score_cap1,10,10,0.0,10
CHEMBL231,8,0.2,4.0,10,weighted_bh,10,10,0.0,10
CHEMBL231,8,0.2,4.0,50,meta_calibration,50,47,0.06,50
CHEMBL231,8,0.2,4.0,50,chemdeprc_cap1,50,47,0.06,50
CHEMBL231,8,0.2,4.0,50,minp_block_bh_cap1,50,45,0.1,50
CHEMBL231,8,0.2,4.0,50,score_cap1,50,47,0.06,50
CHEMBL231,8,0.2,4.0,50,weighted_bh,50,47,0.06,39
CHEMBL231,8,0.2,4.0,75,meta_calibration,75,65,0.13333333333333333,75
CHEMBL231,8,0.2,4.0,75,chemdeprc_cap1,75,63,0.16,75
CHEMBL231,8,0.2,4.0,75,minp_block_bh_cap1,75,63,0.16,75
CHEMBL231,8,0.2,4.0,75,score_cap1,75,65,0.13333333333333333,75
CHEMBL231,8,0.2,4.0,75,weighted_bh,75,69,0.08,49
CHEMBL231,8,0.2,6.0,10,meta_calibration,10,10,0.0,10
CHEMBL231,8,0.2,6.0,10,chemdeprc_cap1,10,9,0.1,10
CHEMBL231,8,0.2,6.0,10,minp_block_bh_cap1,10,10,0.0,10
CHEMBL231,8,0.2,6.0,10,score_cap1,10,9,0.1,10
CHEMBL231,8,0.2,6.0,10,weighted_bh,10,10,0.0,10
CHEMBL231,8,0.2,6.0,50,meta_calibration,50,47,0.06,50
CHEMBL231,8,0.2,6.0,50,chemdeprc_cap1,50,46,0.08,50
CHEMBL231,8,0.2,6.0,50,minp_block_bh_cap1,50,45,0.1,50
CHEMBL231,8,0.2,6.0,50,score_cap1,50,46,0.08,50
CHEMBL231,8,0.2,6.0,50,weighted_bh,50,47,0.06,39
CHEMBL231,8,0.2,6.0,75,meta_calibration,75,65,0.13333333333333333,75
CHEMBL231,8,0.2,6.0,75,chemdeprc_cap1,75,63,0.16,75
CHEMBL231,8,0.2,6.0,75,minp_block_bh_cap1,75,62,0.17333333333333334,75
CHEMBL231,8,0.2,6.0,75,score_cap1,75,65,0.13333333333333333,75
CHEMBL231,8,0.2,6.0,75,weighted_bh,75,69,0.08,49
CHEMBL231,8,0.3,4.0,10,meta_calibration,10,10,0.0,10
CHEMBL231,8,0.3,4.0,10,chemdeprc_cap1,10,10,0.0,10
CHEMBL231,8,0.3,4.0,10,minp_block_bh_cap1,10,10,0.0,10
CHEMBL231,8,0.3,4.0,10,score_cap1,10,10,0.0,10
CHEMBL231,8,0.3,4.0,10,weighted_bh,10,10,0.0,10
CHEMBL231,8,0.3,4.0,50,meta_calibration,50,47,0.06,50
CHEMBL231,8,0.3,4.0,50,chemdeprc_cap1,50,47,0.06,50
CHEMBL231,8,0.3,4.0,50,minp_block_bh_cap1,50,45,0.1,50
CHEMBL231,8,0.3,4.0,50,score_cap1,50,47,0.06,50
CHEMBL231,8,0.3,4.0,50,weighted_bh,50,49,0.02,39
CHEMBL231,8,0.3,4.0,75,meta_calibration,75,64,0.14666666666666667,75
CHEMBL231,8,0.3,4.0,75,chemdeprc_cap1,75,63,0.16,75
CHEMBL231,8,0.3,4.0,75,minp_block_bh_cap1,75,62,0.17333333333333334,75
CHEMBL231,8,0.3,4.0,75,score_cap1,75,64,0.14666666666666667,75
CHEMBL231,8,0.3,4.0,75,weighted_bh,75,69,0.08,50
CHEMBL231,8,0.3,6.0,10,meta_calibration,10,10,0.0,10
CHEMBL231,8,0.3,6.0,10,chemdeprc_cap1,10,10,0.0,10
CHEMBL231,8,0.3,6.0,10,minp_block_bh_cap1,10,10,0.0,10
CHEMBL231,8,0.3,6.0,10,score_cap1,10,9,0.1,10
CHEMBL231,8,0.3,6.0,10,weighted_bh,10,10,0.0,10
CHEMBL231,8,0.3,6.0,50,meta_calibration,50,45,0.1,50
CHEMBL231,8,0.3,6.0,50,chemdeprc_cap1,50,45,0.1,50
CHEMBL231,8,0.3,6.0,50,minp_block_bh_cap1,50,45,0.1,50
CHEMBL231,8,0.3,6.0,50,score_cap1,50,45,0.1,50
CHEMBL231,8,0.3,6.0,50,weighted_bh,50,47,0.06,39
CHEMBL231,8,0.3,6.0,75,meta_calibration,75,64,0.14666666666666667,75
CHEMBL231,8,0.3,6.0,75,chemdeprc_cap1,75,63,0.16,75
CHEMBL231,8,0.3,6.0,75,minp_block_bh_cap1,75,62,0.17333333333333334,75
CHEMBL231,8,0.3,6.0,75,score_cap1,75,64,0.14666666666666667,75
CHEMBL231,8,0.3,6.0,75,weighted_bh,75,67,0.10666666666666667,49
CHEMBL231,9,0.2,4.0,10,meta_calibration,10,10,0.0,10
CHEMBL231,9,0.2,4.0,10,chemdeprc_cap1,10,10,0.0,10
CHEMBL231,9,0.2,4.0,10,minp_block_bh_cap1,10,10,0.0,10
CHEMBL231,9,0.2,4.0,10,score_cap1,10,10,0.0,10
CHEMBL231,9,0.2,4.0,10,weighted_bh,10,10,0.0,10
CHEMBL231,9,0.2,4.0,50,meta_calibration,50,47,0.06,50
CHEMBL231,9,0.2,4.0,50,chemdeprc_cap1,50,47,0.06,50
CHEMBL231,9,0.2,4.0,50,minp_block_bh_cap1,50,45,0.1,50
CHEMBL231,9,0.2,4.0,50,score_cap1,50,47,0.06,50
CHEMBL231,9,0.2,4.0,50,weighted_bh,50,49,0.02,39
CHEMBL231,9,0.2,4.0,75,meta_calibration,75,64,0.14666666666666667,75
CHEMBL231,9,0.2,4.0,75,chemdeprc_cap1,75,63,0.16,75
CHEMBL231,9,0.2,4.0,75,minp_block_bh_cap1,75,62,0.17333333333333334,75
CHEMBL231,9,0.2,4.0,75,score_cap1,75,65,0.13333333333333333,75
CHEMBL231,9,0.2,4.0,75,weighted_bh,75,69,0.08,49
CHEMBL231,9,0.2,6.0,10,meta_calibration,10,10,0.0,10
CHEMBL231,9,0.2,6.0,10,chemdeprc_cap1,10,10,0.0,10
CHEMBL231,9,0.2,6.0,10,minp_block_bh_cap1,10,10,0.0,10
CHEMBL231,9,0.2,6.0,10,score_cap1,10,10,0.0,10
CHEMBL231,9,0.2,6.0,10,weighted_bh,10,10,0.0,10
CHEMBL231,9,0.2,6.0,50,meta_calibration,50,46,0.08,50
CHEMBL231,9,0.2,6.0,50,chemdeprc_cap1,50,46,0.08,50
CHEMBL231,9,0.2,6.0,50,minp_block_bh_cap1,50,45,0.1,50
CHEMBL231,9,0.2,6.0,50,score_cap1,50,46,0.08,50
CHEMBL231,9,0.2,6.0,50,weighted_bh,50,47,0.06,39
CHEMBL231,9,0.2,6.0,75,meta_calibration,75,64,0.14666666666666667,75
CHEMBL231,9,0.2,6.0,75,chemdeprc_cap1,75,63,0.16,75
CHEMBL231,9,0.2,6.0,75,minp_block_bh_cap1,75,62,0.17333333333333334,75
CHEMBL231,9,0.2,6.0,75,score_cap1,75,65,0.13333333333333333,75
CHEMBL231,9,0.2,6.0,75,weighted_bh,75,67,0.10666666666666667,49
CHEMBL231,9,0.3,4.0,10,meta_calibration,10,10,0.0,10
CHEMBL231,9,0.3,4.0,10,chemdeprc_cap1,10,10,0.0,10
CHEMBL231,9,0.3,4.0,10,minp_block_bh_cap1,10,10,0.0,10
CHEMBL231,9,0.3,4.0,10,score_cap1,10,10,0.0,10
CHEMBL231,9,0.3,4.0,10,weighted_bh,10,10,0.0,10
CHEMBL231,9,0.3,4.0,50,meta_calibration,50,47,0.06,50
CHEMBL231,9,0.3,4.0,50,chemdeprc_cap1,50,46,0.08,50
CHEMBL231,9,0.3,4.0,50,minp_block_bh_cap1,50,45,0.1,50
CHEMBL231,9,0.3,4.0,50,score_cap1,50,46,0.08,50
CHEMBL231,9,0.3,4.0,50,weighted_bh,50,47,0.06,39
CHEMBL231,9,0.3,4.0,75,meta_calibration,75,64,0.14666666666666667,75
CHEMBL231,9,0.3,4.0,75,chemdeprc_cap1,75,63,0.16,75
CHEMBL231,9,0.3,4.0,75,minp_block_bh_cap1,75,62,0.17333333333333334,75
CHEMBL231,9,0.3,4.0,75,score_cap1,75,64,0.14666666666666667,75
CHEMBL231,9,0.3,4.0,75,weighted_bh,75,69,0.08,49
CHEMBL231,9,0.3,6.0,10,meta_calibration,10,10,0.0,10
CHEMBL231,9,0.3,6.0,10,chemdeprc_cap1,10,9,0.1,10
CHEMBL231,9,0.3,6.0,10,minp_block_bh_cap1,10,10,0.0,10
CHEMBL231,9,0.3,6.0,10,score_cap1,10,8,0.2,10
CHEMBL231,9,0.3,6.0,10,weighted_bh,10,10,0.0,10
CHEMBL231,9,0.3,6.0,50,meta_calibration,50,46,0.08,50
CHEMBL231,9,0.3,6.0,50,chemdeprc_cap1,50,45,0.1,50
CHEMBL231,9,0.3,6.0,50,minp_block_bh_cap1,50,45,0.1,50
CHEMBL231,9,0.3,6.0,50,score_cap1,50,45,0.1,50
CHEMBL231,9,0.3,6.0,50,weighted_bh,50,45,0.1,40
CHEMBL231,9,0.3,6.0,75,meta_calibration,75,64,0.14666666666666667,75
CHEMBL231,9,0.3,6.0,75,chemdeprc_cap1,75,63,0.16,75
CHEMBL231,9,0.3,6.0,75,minp_block_bh_cap1,75,62,0.17333333333333334,75
CHEMBL231,9,0.3,6.0,75,score_cap1,75,64,0.14666666666666667,75
CHEMBL231,9,0.3,6.0,75,weighted_bh,75,67,0.10666666666666667,49
CHEMBL232,0,0.2,4.0,10,meta_calibration,10,7,0.3,10
CHEMBL232,0,0.2,4.0,10,chemdeprc_cap1,10,9,0.1,10
CHEMBL232,0,0.2,4.0,10,minp_block_bh_cap1,10,9,0.1,10
CHEMBL232,0,0.2,4.0,10,score_cap1,10,9,0.1,10
CHEMBL232,0,0.2,4.0,10,weighted_bh,10,9,0.1,10
CHEMBL232,0,0.2,4.0,50,meta_calibration,50,41,0.18,50
CHEMBL232,0,0.2,4.0,50,chemdeprc_cap1,50,41,0.18,50
CHEMBL232,0,0.2,4.0,50,minp_block_bh_cap1,48,41,0.14583333333333334,48
CHEMBL232,0,0.2,4.0,50,score_cap1,50,40,0.2,50
CHEMBL232,0,0.2,4.0,50,weighted_bh,50,44,0.12,46
CHEMBL232,0,0.2,4.0,75,meta_calibration,75,56,0.25333333333333335,75
CHEMBL232,0,0.2,4.0,75,chemdeprc_cap1,70,54,0.22857142857142856,70
CHEMBL232,0,0.2,4.0,75,minp_block_bh_cap1,48,41,0.14583333333333334,48
CHEMBL232,0,0.2,4.0,75,score_cap1,75,57,0.24,75
CHEMBL232,0,0.2,4.0,75,weighted_bh,75,58,0.22666666666666666,63
CHEMBL232,0,0.2,6.0,10,meta_calibration,10,8,0.2,10
CHEMBL232,0,0.2,6.0,10,chemdeprc_cap1,10,9,0.1,10
CHEMBL232,0,0.2,6.0,10,minp_block_bh_cap1,10,9,0.1,10
CHEMBL232,0,0.2,6.0,10,score_cap1,10,7,0.3,10
CHEMBL232,0,0.2,6.0,10,weighted_bh,10,9,0.1,10
CHEMBL232,0,0.2,6.0,50,meta_calibration,50,41,0.18,50
CHEMBL232,0,0.2,6.0,50,chemdeprc_cap1,50,40,0.2,50
CHEMBL232,0,0.2,6.0,50,minp_block_bh_cap1,49,41,0.16326530612244897,49
CHEMBL232,0,0.2,6.0,50,score_cap1,50,40,0.2,50
CHEMBL232,0,0.2,6.0,50,weighted_bh,50,42,0.16,45
CHEMBL232,0,0.2,6.0,75,meta_calibration,75,57,0.24,75
CHEMBL232,0,0.2,6.0,75,chemdeprc_cap1,70,54,0.22857142857142856,70
CHEMBL232,0,0.2,6.0,75,minp_block_bh_cap1,49,41,0.16326530612244897,49
CHEMBL232,0,0.2,6.0,75,score_cap1,75,57,0.24,75
CHEMBL232,0,0.2,6.0,75,weighted_bh,75,56,0.25333333333333335,64
CHEMBL232,0,0.3,4.0,10,meta_calibration,10,9,0.1,10
CHEMBL232,0,0.3,4.0,10,chemdeprc_cap1,10,7,0.3,10
CHEMBL232,0,0.3,4.0,10,minp_block_bh_cap1,10,9,0.1,10
CHEMBL232,0,0.3,4.0,10,score_cap1,10,7,0.3,10
CHEMBL232,0,0.3,4.0,10,weighted_bh,10,9,0.1,10
CHEMBL232,0,0.3,4.0,50,meta_calibration,50,41,0.18,50
CHEMBL232,0,0.3,4.0,50,chemdeprc_cap1,50,41,0.18,50
CHEMBL232,0,0.3,4.0,50,minp_block_bh_cap1,50,41,0.18,50
CHEMBL232,0,0.3,4.0,50,score_cap1,50,40,0.2,50
CHEMBL232,0,0.3,4.0,50,weighted_bh,50,38,0.24,43
CHEMBL232,0,0.3,4.0,75,meta_calibration,75,56,0.25333333333333335,75
CHEMBL232,0,0.3,4.0,75,chemdeprc_cap1,70,55,0.21428571428571427,70
CHEMBL232,0,0.3,4.0,75,minp_block_bh_cap1,54,44,0.18518518518518517,54
CHEMBL232,0,0.3,4.0,75,score_cap1,75,57,0.24,75
CHEMBL232,0,0.3,4.0,75,weighted_bh,75,55,0.26666666666666666,63
CHEMBL232,0,0.3,6.0,10,meta_calibration,10,9,0.1,10
CHEMBL232,0,0.3,6.0,10,chemdeprc_cap1,10,7,0.3,10
CHEMBL232,0,0.3,6.0,10,minp_block_bh_cap1,10,8,0.2,10
CHEMBL232,0,0.3,6.0,10,score_cap1,10,6,0.4,10
CHEMBL232,0,0.3,6.0,10,weighted_bh,10,7,0.3,9
CHEMBL232,0,0.3,6.0,50,meta_calibration,50,44,0.12,50
CHEMBL232,0,0.3,6.0,50,chemdeprc_cap1,50,41,0.18,50
CHEMBL232,0,0.3,6.0,50,minp_block_bh_cap1,50,40,0.2,50
CHEMBL232,0,0.3,6.0,50,score_cap1,50,40,0.2,50
CHEMBL232,0,0.3,6.0,50,weighted_bh,50,36,0.28,43
CHEMBL232,0,0.3,6.0,75,meta_calibration,75,58,0.22666666666666666,75
CHEMBL232,0,0.3,6.0,75,chemdeprc_cap1,70,55,0.21428571428571427,70
CHEMBL232,0,0.3,6.0,75,minp_block_bh_cap1,55,44,0.2,55
CHEMBL232,0,0.3,6.0,75,score_cap1,75,57,0.24,75
CHEMBL232,0,0.3,6.0,75,weighted_bh,75,55,0.26666666666666666,63
CHEMBL232,1,0.2,4.0,10,meta_calibration,10,6,0.4,10
CHEMBL232,1,0.2,4.0,10,chemdeprc_cap1,10,9,0.1,10
CHEMBL232,1,0.2,4.0,10,minp_block_bh_cap1,10,9,0.1,10
CHEMBL232,1,0.2,4.0,10,score_cap1,10,9,0.1,10
CHEMBL232,1,0.2,4.0,10,weighted_bh,10,9,0.1,10
CHEMBL232,1,0.2,4.0,50,meta_calibration,50,40,0.2,50
CHEMBL232,1,0.2,4.0,50,chemdeprc_cap1,50,41,0.18,50
CHEMBL232,1,0.2,4.0,50,minp_block_bh_cap1,47,41,0.1276595744680851,47
CHEMBL232,1,0.2,4.0,50,score_cap1,50,40,0.2,50
CHEMBL232,1,0.2,4.0,50,weighted_bh,50,44,0.12,46
CHEMBL232,1,0.2,4.0,75,meta_calibration,75,56,0.25333333333333335,75
CHEMBL232,1,0.2,4.0,75,chemdeprc_cap1,69,54,0.21739130434782608,69
CHEMBL232,1,0.2,4.0,75,minp_block_bh_cap1,47,41,0.1276595744680851,47
CHEMBL232,1,0.2,4.0,75,score_cap1,75,56,0.25333333333333335,75
CHEMBL232,1,0.2,4.0,75,weighted_bh,75,61,0.18666666666666668,61
CHEMBL232,1,0.2,6.0,10,meta_calibration,10,8,0.2,10
CHEMBL232,1,0.2,6.0,10,chemdeprc_cap1,10,9,0.1,10
CHEMBL232,1,0.2,6.0,10,minp_block_bh_cap1,10,9,0.1,10
CHEMBL232,1,0.2,6.0,10,score_cap1,10,7,0.3,10
CHEMBL232,1,0.2,6.0,10,weighted_bh,10,9,0.1,10
CHEMBL232,1,0.2,6.0,50,meta_calibration,50,41,0.18,50
CHEMBL232,1,0.2,6.0,50,chemdeprc_cap1,50,41,0.18,50
CHEMBL232,1,0.2,6.0,50,minp_block_bh_cap1,48,41,0.14583333333333334,48
CHEMBL232,1,0.2,6.0,50,score_cap1,50,40,0.2,50
CHEMBL232,1,0.2,6.0,50,weighted_bh,50,44,0.12,46
CHEMBL232,1,0.2,6.0,75,meta_calibration,75,57,0.24,75
CHEMBL232,1,0.2,6.0,75,chemdeprc_cap1,69,54,0.21739130434782608,69
CHEMBL232,1,0.2,6.0,75,minp_block_bh_cap1,48,41,0.14583333333333334,48
CHEMBL232,1,0.2,6.0,75,score_cap1,75,56,0.25333333333333335,75
CHEMBL232,1,0.2,6.0,75,weighted_bh,75,55,0.26666666666666666,63
CHEMBL232,1,0.3,4.0,10,meta_calibration,10,7,0.3,10
CHEMBL232,1,0.3,4.0,10,chemdeprc_cap1,10,9,0.1,10
CHEMBL232,1,0.3,4.0,10,minp_block_bh_cap1,10,9,0.1,10
CHEMBL232,1,0.3,4.0,10,score_cap1,10,8,0.2,10
CHEMBL232,1,0.3,4.0,10,weighted_bh,10,9,0.1,10
CHEMBL232,1,0.3,4.0,50,meta_calibration,50,40,0.2,50
CHEMBL232,1,0.3,4.0,50,chemdeprc_cap1,50,40,0.2,50
CHEMBL232,1,0.3,4.0,50,minp_block_bh_cap1,48,41,0.14583333333333334,48
CHEMBL232,1,0.3,4.0,50,score_cap1,50,39,0.22,50
CHEMBL232,1,0.3,4.0,50,weighted_bh,50,43,0.14,45
CHEMBL232,1,0.3,4.0,75,meta_calibration,75,57,0.24,75
CHEMBL232,1,0.3,4.0,75,chemdeprc_cap1,71,55,0.22535211267605634,71
CHEMBL232,1,0.3,4.0,75,minp_block_bh_cap1,48,41,0.14583333333333334,48
CHEMBL232,1,0.3,4.0,75,score_cap1,75,58,0.22666666666666666,75
CHEMBL232,1,0.3,4.0,75,weighted_bh,75,55,0.26666666666666666,64
CHEMBL232,1,0.3,6.0,10,meta_calibration,10,7,0.3,10
CHEMBL232,1,0.3,6.0,10,chemdeprc_cap1,10,8,0.2,10
CHEMBL232,1,0.3,6.0,10,minp_block_bh_cap1,10,9,0.1,10
CHEMBL232,1,0.3,6.0,10,score_cap1,10,7,0.3,10
CHEMBL232,1,0.3,6.0,10,weighted_bh,10,9,0.1,10
CHEMBL232,1,0.3,6.0,50,meta_calibration,50,40,0.2,50
CHEMBL232,1,0.3,6.0,50,chemdeprc_cap1,50,40,0.2,50
CHEMBL232,1,0.3,6.0,50,minp_block_bh_cap1,50,40,0.2,50
CHEMBL232,1,0.3,6.0,50,score_cap1,50,39,0.22,50
CHEMBL232,1,0.3,6.0,50,weighted_bh,50,36,0.28,43
CHEMBL232,1,0.3,6.0,75,meta_calibration,75,58,0.22666666666666666,75
CHEMBL232,1,0.3,6.0,75,chemdeprc_cap1,71,55,0.22535211267605634,71
CHEMBL232,1,0.3,6.0,75,minp_block_bh_cap1,61,48,0.21311475409836064,61
CHEMBL232,1,0.3,6.0,75,score_cap1,75,58,0.22666666666666666,75
CHEMBL232,1,0.3,6.0,75,weighted_bh,75,54,0.28,62
CHEMBL232,2,0.2,4.0,10,meta_calibration,10,8,0.2,10
CHEMBL232,2,0.2,4.0,10,chemdeprc_cap1,10,9,0.1,10
CHEMBL232,2,0.2,4.0,10,minp_block_bh_cap1,10,9,0.1,10
CHEMBL232,2,0.2,4.0,10,score_cap1,10,8,0.2,10
CHEMBL232,2,0.2,4.0,10,weighted_bh,10,9,0.1,10
CHEMBL232,2,0.2,4.0,50,meta_calibration,50,40,0.2,50
CHEMBL232,2,0.2,4.0,50,chemdeprc_cap1,50,42,0.16,50
CHEMBL232,2,0.2,4.0,50,minp_block_bh_cap1,48,41,0.14583333333333334,48
CHEMBL232,2,0.2,4.0,50,score_cap1,50,40,0.2,50
CHEMBL232,2,0.2,4.0,50,weighted_bh,50,43,0.14,45
CHEMBL232,2,0.2,4.0,75,meta_calibration,75,55,0.26666666666666666,75
CHEMBL232,2,0.2,4.0,75,chemdeprc_cap1,69,54,0.21739130434782608,69
CHEMBL232,2,0.2,4.0,75,minp_block_bh_cap1,48,41,0.14583333333333334,48
CHEMBL232,2,0.2,4.0,75,score_cap1,75,56,0.25333333333333335,75
CHEMBL232,2,0.2,4.0,75,weighted_bh,75,58,0.22666666666666666,62
CHEMBL232,2,0.2,6.0,10,meta_calibration,10,8,0.2,10
CHEMBL232,2,0.2,6.0,10,chemdeprc_cap1,10,9,0.1,10
CHEMBL232,2,0.2,6.0,10,minp_block_bh_cap1,10,9,0.1,10
CHEMBL232,2,0.2,6.0,10,score_cap1,10,7,0.3,10
CHEMBL232,2,0.2,6.0,10,weighted_bh,10,9,0.1,10
CHEMBL232,2,0.2,6.0,50,meta_calibration,50,43,0.14,50
CHEMBL232,2,0.2,6.0,50,chemdeprc_cap1,50,41,0.18,50
CHEMBL232,2,0.2,6.0,50,minp_block_bh_cap1,48,41,0.14583333333333334,48
CHEMBL232,2,0.2,6.0,50,score_cap1,50,40,0.2,50
CHEMBL232,2,0.2,6.0,50,weighted_bh,50,42,0.16,44
CHEMBL232,2,0.2,6.0,75,meta_calibration,75,58,0.22666666666666666,75
CHEMBL232,2,0.2,6.0,75,chemdeprc_cap1,69,54,0.21739130434782608,69
CHEMBL232,2,0.2,6.0,75,minp_block_bh_cap1,48,41,0.14583333333333334,48
CHEMBL232,2,0.2,6.0,75,score_cap1,75,56,0.25333333333333335,75
CHEMBL232,2,0.2,6.0,75,weighted_bh,75,56,0.25333333333333335,63
CHEMBL232,2,0.3,4.0,10,meta_calibration,10,6,0.4,10
CHEMBL232,2,0.3,4.0,10,chemdeprc_cap1,10,9,0.1,10
CHEMBL232,2,0.3,4.0,10,minp_block_bh_cap1,10,9,0.1,10
CHEMBL232,2,0.3,4.0,10,score_cap1,10,9,0.1,10
CHEMBL232,2,0.3,4.0,10,weighted_bh,10,9,0.1,10
CHEMBL232,2,0.3,4.0,50,meta_calibration,50,39,0.22,50
CHEMBL232,2,0.3,4.0,50,chemdeprc_cap1,50,40,0.2,50
CHEMBL232,2,0.3,4.0,50,minp_block_bh_cap1,47,41,0.1276595744680851,47
CHEMBL232,2,0.3,4.0,50,score_cap1,50,39,0.22,50
CHEMBL232,2,0.3,4.0,50,weighted_bh,50,44,0.12,46
CHEMBL232,2,0.3,4.0,75,meta_calibration,75,55,0.26666666666666666,75
CHEMBL232,2,0.3,4.0,75,chemdeprc_cap1,69,54,0.21739130434782608,69
CHEMBL232,2,0.3,4.0,75,minp_block_bh_cap1,47,41,0.1276595744680851,47
CHEMBL232,2,0.3,4.0,75,score_cap1,75,55,0.26666666666666666,75
CHEMBL232,2,0.3,4.0,75,weighted_bh,75,58,0.22666666666666666,63
CHEMBL232,2,0.3,6.0,10,meta_calibration,10,8,0.2,10
CHEMBL232,2,0.3,6.0,10,chemdeprc_cap1,10,8,0.2,10
CHEMBL232,2,0.3,6.0,10,minp_block_bh_cap1,10,9,0.1,10
CHEMBL232,2,0.3,6.0,10,score_cap1,10,7,0.3,10
CHEMBL232,2,0.3,6.0,10,weighted_bh,10,9,0.1,10
CHEMBL232,2,0.3,6.0,50,meta_calibration,50,41,0.18,50
CHEMBL232,2,0.3,6.0,50,chemdeprc_cap1,50,40,0.2,50
CHEMBL232,2,0.3,6.0,50,minp_block_bh_cap1,50,41,0.18,50
CHEMBL232,2,0.3,6.0,50,score_cap1,50,39,0.22,50
CHEMBL232,2,0.3,6.0,50,weighted_bh,50,39,0.22,43
CHEMBL232,2,0.3,6.0,75,meta_calibration,75,57,0.24,75
CHEMBL232,2,0.3,6.0,75,chemdeprc_cap1,69,54,0.21739130434782608,69
CHEMBL232,2,0.3,6.0,75,minp_block_bh_cap1,54,44,0.18518518518518517,54
CHEMBL232,2,0.3,6.0,75,score_cap1,75,55,0.26666666666666666,75
CHEMBL232,2,0.3,6.0,75,weighted_bh,75,54,0.28,61
CHEMBL232,3,0.2,4.0,10,meta_calibration,10,6,0.4,10
CHEMBL232,3,0.2,4.0,10,chemdeprc_cap1,10,9,0.1,10
CHEMBL232,3,0.2,4.0,10,minp_block_bh_cap1,10,9,0.1,10
CHEMBL232,3,0.2,4.0,10,score_cap1,10,9,0.1,10
CHEMBL232,3,0.2,4.0,10,weighted_bh,10,9,0.1,10
CHEMBL232,3,0.2,4.0,50,meta_calibration,50,40,0.2,50
CHEMBL232,3,0.2,4.0,50,chemdeprc_cap1,50,41,0.18,50
CHEMBL232,3,0.2,4.0,50,minp_block_bh_cap1,48,41,0.14583333333333334,48
CHEMBL232,3,0.2,4.0,50,score_cap1,50,40,0.2,50
CHEMBL232,3,0.2,4.0,50,weighted_bh,50,44,0.12,46
CHEMBL232,3,0.2,4.0,75,meta_calibration,75,56,0.25333333333333335,75
CHEMBL232,3,0.2,4.0,75,chemdeprc_cap1,70,55,0.21428571428571427,70
CHEMBL232,3,0.2,4.0,75,minp_block_bh_cap1,48,41,0.14583333333333334,48
CHEMBL232,3,0.2,4.0,75,score_cap1,75,57,0.24,75
CHEMBL232,3,0.2,4.0,75,weighted_bh,75,59,0.21333333333333335,62
CHEMBL232,3,0.2,6.0,10,meta_calibration,10,8,0.2,10
CHEMBL232,3,0.2,6.0,10,chemdeprc_cap1,10,9,0.1,10
CHEMBL232,3,0.2,6.0,10,minp_block_bh_cap1,10,9,0.1,10
CHEMBL232,3,0.2,6.0,10,score_cap1,10,8,0.2,10
CHEMBL232,3,0.2,6.0,10,weighted_bh,10,9,0.1,10
CHEMBL232,3,0.2,6.0,50,meta_calibration,50,41,0.18,50
CHEMBL232,3,0.2,6.0,50,chemdeprc_cap1,50,41,0.18,50
CHEMBL232,3,0.2,6.0,50,minp_block_bh_cap1,48,41,0.14583333333333334,48
CHEMBL232,3,0.2,6.0,50,score_cap1,50,40,0.2,50
CHEMBL232,3,0.2,6.0,50,weighted_bh,50,43,0.14,45
CHEMBL232,3,0.2,6.0,75,meta_calibration,75,57,0.24,75
CHEMBL232,3,0.2,6.0,75,chemdeprc_cap1,70,55,0.21428571428571427,70
CHEMBL232,3,0.2,6.0,75,minp_block_bh_cap1,48,41,0.14583333333333334,48
CHEMBL232,3,0.2,6.0,75,score_cap1,75,57,0.24,75
CHEMBL232,3,0.2,6.0,75,weighted_bh,75,57,0.24,63
CHEMBL232,3,0.3,4.0,10,meta_calibration,10,6,0.4,10
CHEMBL232,3,0.3,4.0,10,chemdeprc_cap1,10,8,0.2,10
CHEMBL232,3,0.3,4.0,10,minp_block_bh_cap1,10,9,0.1,10
CHEMBL232,3,0.3,4.0,10,score_cap1,10,8,0.2,10
CHEMBL232,3,0.3,4.0,10,weighted_bh,10,9,0.1,10
CHEMBL232,3,0.3,4.0,50,meta_calibration,50,40,0.2,50
CHEMBL232,3,0.3,4.0,50,chemdeprc_cap1,50,40,0.2,50
CHEMBL232,3,0.3,4.0,50,minp_block_bh_cap1,48,41,0.14583333333333334,48
CHEMBL232,3,0.3,4.0,50,score_cap1,50,40,0.2,50
CHEMBL232,3,0.3,4.0,50,weighted_bh,50,43,0.14,45
CHEMBL232,3,0.3,4.0,75,meta_calibration,75,56,0.25333333333333335,75
CHEMBL232,3,0.3,4.0,75,chemdeprc_cap1,71,55,0.22535211267605634,71
CHEMBL232,3,0.3,4.0,75,minp_block_bh_cap1,48,41,0.14583333333333334,48
CHEMBL232,3,0.3,4.0,75,score_cap1,75,57,0.24,75
CHEMBL232,3,0.3,4.0,75,weighted_bh,75,56,0.25333333333333335,63
CHEMBL232,3,0.3,6.0,10,meta_calibration,10,7,0.3,10
CHEMBL232,3,0.3,6.0,10,chemdeprc_cap1,10,8,0.2,10
CHEMBL232,3,0.3,6.0,10,minp_block_bh_cap1,10,8,0.2,10
CHEMBL232,3,0.3,6.0,10,score_cap1,10,7,0.3,10
CHEMBL232,3,0.3,6.0,10,weighted_bh,10,7,0.3,9
CHEMBL232,3,0.3,6.0,50,meta_calibration,50,42,0.16,50
CHEMBL232,3,0.3,6.0,50,chemdeprc_cap1,50,40,0.2,50
CHEMBL232,3,0.3,6.0,50,minp_block_bh_cap1,50,41,0.18,50
CHEMBL232,3,0.3,6.0,50,score_cap1,50,40,0.2,50
CHEMBL232,3,0.3,6.0,50,weighted_bh,50,39,0.22,44
CHEMBL232,3,0.3,6.0,75,meta_calibration,75,57,0.24,75
CHEMBL232,3,0.3,6.0,75,chemdeprc_cap1,71,55,0.22535211267605634,71
CHEMBL232,3,0.3,6.0,75,minp_block_bh_cap1,61,48,0.21311475409836064,61
CHEMBL232,3,0.3,6.0,75,score_cap1,75,57,0.24,75
CHEMBL232,3,0.3,6.0,75,weighted_bh,75,55,0.26666666666666666,64
CHEMBL232,4,0.2,4.0,10,meta_calibration,10,6,0.4,10
CHEMBL232,4,0.2,4.0,10,chemdeprc_cap1,10,9,0.1,10
CHEMBL232,4,0.2,4.0,10,minp_block_bh_cap1,10,9,0.1,10
CHEMBL232,4,0.2,4.0,10,score_cap1,10,8,0.2,10
CHEMBL232,4,0.2,4.0,10,weighted_bh,10,9,0.1,10
CHEMBL232,4,0.2,4.0,50,meta_calibration,50,40,0.2,50
CHEMBL232,4,0.2,4.0,50,chemdeprc_cap1,50,40,0.2,50
CHEMBL232,4,0.2,4.0,50,minp_block_bh_cap1,48,41,0.14583333333333334,48
CHEMBL232,4,0.2,4.0,50,score_cap1,50,40,0.2,50
CHEMBL232,4,0.2,4.0,50,weighted_bh,50,43,0.14,45
CHEMBL232,4,0.2,4.0,75,meta_calibration,75,57,0.24,75
CHEMBL232,4,0.2,4.0,75,chemdeprc_cap1,70,54,0.22857142857142856,70
CHEMBL232,4,0.2,4.0,75,minp_block_bh_cap1,48,41,0.14583333333333334,48
CHEMBL232,4,0.2,4.0,75,score_cap1,75,57,0.24,75
CHEMBL232,4,0.2,4.0,75,weighted_bh,75,58,0.22666666666666666,62
CHEMBL232,4,0.2,6.0,10,meta_calibration,10,8,0.2,10
CHEMBL232,4,0.2,6.0,10,chemdeprc_cap1,10,9,0.1,10
CHEMBL232,4,0.2,6.0,10,minp_block_bh_cap1,10,9,0.1,10
CHEMBL232,4,0.2,6.0,10,score_cap1,10,7,0.3,10
CHEMBL232,4,0.2,6.0,10,weighted_bh,10,9,0.1,10
CHEMBL232,4,0.2,6.0,50,meta_calibration,50,41,0.18,50
CHEMBL232,4,0.2,6.0,50,chemdeprc_cap1,50,40,0.2,50
CHEMBL232,4,0.2,6.0,50,minp_block_bh_cap1,50,41,0.18,50
CHEMBL232,4,0.2,6.0,50,score_cap1,50,40,0.2,50
CHEMBL232,4,0.2,6.0,50,weighted_bh,50,42,0.16,44
CHEMBL232,4,0.2,6.0,75,meta_calibration,75,58,0.22666666666666666,75
CHEMBL232,4,0.2,6.0,75,chemdeprc_cap1,70,54,0.22857142857142856,70
CHEMBL232,4,0.2,6.0,75,minp_block_bh_cap1,54,44,0.18518518518518517,54
CHEMBL232,4,0.2,6.0,75,score_cap1,75,57,0.24,75
CHEMBL232,4,0.2,6.0,75,weighted_bh,75,54,0.28,62
CHEMBL232,4,0.3,4.0,10,meta_calibration,10,6,0.4,10
CHEMBL232,4,0.3,4.0,10,chemdeprc_cap1,10,8,0.2,10
CHEMBL232,4,0.3,4.0,10,minp_block_bh_cap1,10,9,0.1,10
CHEMBL232,4,0.3,4.0,10,score_cap1,10,8,0.2,10
CHEMBL232,4,0.3,4.0,10,weighted_bh,10,9,0.1,10
CHEMBL232,4,0.3,4.0,50,meta_calibration,50,40,0.2,50
CHEMBL232,4,0.3,4.0,50,chemdeprc_cap1,50,40,0.2,50
CHEMBL232,4,0.3,4.0,50,minp_block_bh_cap1,48,41,0.14583333333333334,48
CHEMBL232,4,0.3,4.0,50,score_cap1,50,40,0.2,50
CHEMBL232,4,0.3,4.0,50,weighted_bh,50,43,0.14,45
CHEMBL232,4,0.3,4.0,75,meta_calibration,75,57,0.24,75
CHEMBL232,4,0.3,4.0,75,chemdeprc_cap1,69,54,0.21739130434782608,69
CHEMBL232,4,0.3,4.0,75,minp_block_bh_cap1,48,41,0.14583333333333334,48
CHEMBL232,4,0.3,4.0,75,score_cap1,75,57,0.24,75
CHEMBL232,4,0.3,4.0,75,weighted_bh,75,58,0.22666666666666666,62
CHEMBL232,4,0.3,6.0,10,meta_calibration,10,8,0.2,10
CHEMBL232,4,0.3,6.0,10,chemdeprc_cap1,10,7,0.3,10
CHEMBL232,4,0.3,6.0,10,minp_block_bh_cap1,10,8,0.2,10
CHEMBL232,4,0.3,6.0,10,score_cap1,10,6,0.4,10
CHEMBL232,4,0.3,6.0,10,weighted_bh,10,7,0.3,9
CHEMBL232,4,0.3,6.0,50,meta_calibration,50,41,0.18,50
CHEMBL232,4,0.3,6.0,50,chemdeprc_cap1,50,40,0.2,50
CHEMBL232,4,0.3,6.0,50,minp_block_bh_cap1,50,41,0.18,50
CHEMBL232,4,0.3,6.0,50,score_cap1,50,40,0.2,50
CHEMBL232,4,0.3,6.0,50,weighted_bh,50,39,0.22,43
CHEMBL232,4,0.3,6.0,75,meta_calibration,75,57,0.24,75
CHEMBL232,4,0.3,6.0,75,chemdeprc_cap1,69,54,0.21739130434782608,69
CHEMBL232,4,0.3,6.0,75,minp_block_bh_cap1,61,48,0.21311475409836064,61
CHEMBL232,4,0.3,6.0,75,score_cap1,75,57,0.24,75
CHEMBL232,4,0.3,6.0,75,weighted_bh,75,53,0.29333333333333333,61
CHEMBL232,5,0.2,4.0,10,meta_calibration,10,6,0.4,10
CHEMBL232,5,0.2,4.0,10,chemdeprc_cap1,10,9,0.1,10
CHEMBL232,5,0.2,4.0,10,minp_block_bh_cap1,10,9,0.1,10
CHEMBL232,5,0.2,4.0,10,score_cap1,10,9,0.1,10
CHEMBL232,5,0.2,4.0,10,weighted_bh,10,9,0.1,10
CHEMBL232,5,0.2,4.0,50,meta_calibration,50,40,0.2,50
CHEMBL232,5,0.2,4.0,50,chemdeprc_cap1,50,40,0.2,50
CHEMBL232,5,0.2,4.0,50,minp_block_bh_cap1,47,41,0.1276595744680851,47
CHEMBL232,5,0.2,4.0,50,score_cap1,50,40,0.2,50
CHEMBL232,5,0.2,4.0,50,weighted_bh,50,44,0.12,46
CHEMBL232,5,0.2,4.0,75,meta_calibration,75,57,0.24,75
CHEMBL232,5,0.2,4.0,75,chemdeprc_cap1,70,55,0.21428571428571427,70
CHEMBL232,5,0.2,4.0,75,minp_block_bh_cap1,47,41,0.1276595744680851,47
CHEMBL232,5,0.2,4.0,75,score_cap1,75,58,0.22666666666666666,75
CHEMBL232,5,0.2,4.0,75,weighted_bh,75,58,0.22666666666666666,63
CHEMBL232,5,0.2,6.0,10,meta_calibration,10,7,0.3,10
CHEMBL232,5,0.2,6.0,10,chemdeprc_cap1,10,8,0.2,10
CHEMBL232,5,0.2,6.0,10,minp_block_bh_cap1,10,9,0.1,10
CHEMBL232,5,0.2,6.0,10,score_cap1,10,7,0.3,10
CHEMBL232,5,0.2,6.0,10,weighted_bh,10,9,0.1,10
CHEMBL232,5,0.2,6.0,50,meta_calibration,50,40,0.2,50
CHEMBL232,5,0.2,6.0,50,chemdeprc_cap1,50,40,0.2,50
CHEMBL232,5,0.2,6.0,50,minp_block_bh_cap1,50,41,0.18,50
CHEMBL232,5,0.2,6.0,50,score_cap1,50,40,0.2,50
CHEMBL232,5,0.2,6.0,50,weighted_bh,50,39,0.22,43
CHEMBL232,5,0.2,6.0,75,meta_calibration,75,57,0.24,75
CHEMBL232,5,0.2,6.0,75,chemdeprc_cap1,70,55,0.21428571428571427,70
CHEMBL232,5,0.2,6.0,75,minp_block_bh_cap1,54,44,0.18518518518518517,54
CHEMBL232,5,0.2,6.0,75,score_cap1,75,58,0.22666666666666666,75
CHEMBL232,5,0.2,6.0,75,weighted_bh,75,54,0.28,63
CHEMBL232,5,0.3,4.0,10,meta_calibration,10,7,0.3,10
CHEMBL232,5,0.3,4.0,10,chemdeprc_cap1,10,8,0.2,10
CHEMBL232,5,0.3,4.0,10,minp_block_bh_cap1,10,9,0.1,10
CHEMBL232,5,0.3,4.0,10,score_cap1,10,8,0.2,10
CHEMBL232,5,0.3,4.0,10,weighted_bh,10,9,0.1,10
CHEMBL232,5,0.3,4.0,50,meta_calibration,50,41,0.18,50
CHEMBL232,5,0.3,4.0,50,chemdeprc_cap1,50,40,0.2,50
CHEMBL232,5,0.3,4.0,50,minp_block_bh_cap1,49,41,0.16326530612244897,49
CHEMBL232,5,0.3,4.0,50,score_cap1,50,40,0.2,50
CHEMBL232,5,0.3,4.0,50,weighted_bh,50,42,0.16,44
CHEMBL232,5,0.3,4.0,75,meta_calibration,75,57,0.24,75
CHEMBL232,5,0.3,4.0,75,chemdeprc_cap1,71,55,0.22535211267605634,71
CHEMBL232,5,0.3,4.0,75,minp_block_bh_cap1,49,41,0.16326530612244897,49
CHEMBL232,5,0.3,4.0,75,score_cap1,75,58,0.22666666666666666,75
CHEMBL232,5,0.3,4.0,75,weighted_bh,75,58,0.22666666666666666,63
CHEMBL232,5,0.3,6.0,10,meta_calibration,10,9,0.1,10
CHEMBL232,5,0.3,6.0,10,chemdeprc_cap1,10,8,0.2,10
CHEMBL232,5,0.3,6.0,10,minp_block_bh_cap1,10,9,0.1,10
CHEMBL232,5,0.3,6.0,10,score_cap1,10,7,0.3,10
CHEMBL232,5,0.3,6.0,10,weighted_bh,10,9,0.1,10
CHEMBL232,5,0.3,6.0,50,meta_calibration,50,41,0.18,50
CHEMBL232,5,0.3,6.0,50,chemdeprc_cap1,50,40,0.2,50
CHEMBL232,5,0.3,6.0,50,minp_block_bh_cap1,50,41,0.18,50
CHEMBL232,5,0.3,6.0,50,score_cap1,50,40,0.2,50
CHEMBL232,5,0.3,6.0,50,weighted_bh,50,39,0.22,44
CHEMBL232,5,0.3,6.0,75,meta_calibration,75,57,0.24,75
CHEMBL232,5,0.3,6.0,75,chemdeprc_cap1,71,55,0.22535211267605634,71
CHEMBL232,5,0.3,6.0,75,minp_block_bh_cap1,55,44,0.2,55
CHEMBL232,5,0.3,6.0,75,score_cap1,75,58,0.22666666666666666,75
CHEMBL232,5,0.3,6.0,75,weighted_bh,75,56,0.25333333333333335,64
CHEMBL232,6,0.2,4.0,10,meta_calibration,10,6,0.4,10
CHEMBL232,6,0.2,4.0,10,chemdeprc_cap1,10,9,0.1,10
CHEMBL232,6,0.2,4.0,10,minp_block_bh_cap1,10,9,0.1,10
CHEMBL232,6,0.2,4.0,10,score_cap1,10,9,0.1,10
CHEMBL232,6,0.2,4.0,10,weighted_bh,10,9,0.1,10
CHEMBL232,6,0.2,4.0,50,meta_calibration,50,40,0.2,50
CHEMBL232,6,0.2,4.0,50,chemdeprc_cap1,50,40,0.2,50
CHEMBL232,6,0.2,4.0,50,minp_block_bh_cap1,47,41,0.1276595744680851,47
CHEMBL232,6,0.2,4.0,50,score_cap1,50,40,0.2,50
CHEMBL232,6,0.2,4.0,50,weighted_bh,50,44,0.12,46
CHEMBL232,6,0.2,4.0,75,meta_calibration,75,57,0.24,75
CHEMBL232,6,0.2,4.0,75,chemdeprc_cap1,69,54,0.21739130434782608,69
CHEMBL232,6,0.2,4.0,75,minp_block_bh_cap1,47,41,0.1276595744680851,47
CHEMBL232,6,0.2,4.0,75,score_cap1,75,57,0.24,75
CHEMBL232,6,0.2,4.0,75,weighted_bh,75,59,0.21333333333333335,62
CHEMBL232,6,0.2,6.0,10,meta_calibration,10,8,0.2,10
CHEMBL232,6,0.2,6.0,10,chemdeprc_cap1,10,8,0.2,10
CHEMBL232,6,0.2,6.0,10,minp_block_bh_cap1,10,9,0.1,10
CHEMBL232,6,0.2,6.0,10,score_cap1,10,7,0.3,10
CHEMBL232,6,0.2,6.0,10,weighted_bh,10,9,0.1,10
CHEMBL232,6,0.2,6.0,50,meta_calibration,50,40,0.2,50
CHEMBL232,6,0.2,6.0,50,chemdeprc_cap1,50,40,0.2,50
CHEMBL232,6,0.2,6.0,50,minp_block_bh_cap1,50,41,0.18,50
CHEMBL232,6,0.2,6.0,50,score_cap1,50,40,0.2,50
CHEMBL232,6,0.2,6.0,50,weighted_bh,50,41,0.18,43
CHEMBL232,6,0.2,6.0,75,meta_calibration,75,57,0.24,75
CHEMBL232,6,0.2,6.0,75,chemdeprc_cap1,69,54,0.21739130434782608,69
CHEMBL232,6,0.2,6.0,75,minp_block_bh_cap1,54,44,0.18518518518518517,54
CHEMBL232,6,0.2,6.0,75,score_cap1,75,57,0.24,75
CHEMBL232,6,0.2,6.0,75,weighted_bh,75,54,0.28,61
CHEMBL232,6,0.3,4.0,10,meta_calibration,10,7,0.3,10
CHEMBL232,6,0.3,4.0,10,chemdeprc_cap1,10,9,0.1,10
CHEMBL232,6,0.3,4.0,10,minp_block_bh_cap1,10,9,0.1,10
CHEMBL232,6,0.3,4.0,10,score_cap1,10,9,0.1,10
CHEMBL232,6,0.3,4.0,10,weighted_bh,10,9,0.1,10
CHEMBL232,6,0.3,4.0,50,meta_calibration,50,40,0.2,50
CHEMBL232,6,0.3,4.0,50,chemdeprc_cap1,50,40,0.2,50
CHEMBL232,6,0.3,4.0,50,minp_block_bh_cap1,47,41,0.1276595744680851,47
CHEMBL232,6,0.3,4.0,50,score_cap1,50,39,0.22,50
CHEMBL232,6,0.3,4.0,50,weighted_bh,50,44,0.12,46
CHEMBL232,6,0.3,4.0,75,meta_calibration,75,55,0.26666666666666666,75
CHEMBL232,6,0.3,4.0,75,chemdeprc_cap1,71,55,0.22535211267605634,71
CHEMBL232,6,0.3,4.0,75,minp_block_bh_cap1,47,41,0.1276595744680851,47
CHEMBL232,6,0.3,4.0,75,score_cap1,75,56,0.25333333333333335,75
CHEMBL232,6,0.3,4.0,75,weighted_bh,75,56,0.25333333333333335,64
CHEMBL232,6,0.3,6.0,10,meta_calibration,10,6,0.4,10
CHEMBL232,6,0.3,6.0,10,chemdeprc_cap1,10,9,0.1,10
CHEMBL232,6,0.3,6.0,10,minp_block_bh_cap1,10,9,0.1,10
CHEMBL232,6,0.3,6.0,10,score_cap1,10,8,0.2,10
CHEMBL232,6,0.3,6.0,10,weighted_bh,10,9,0.1,10
CHEMBL232,6,0.3,6.0,50,meta_calibration,50,40,0.2,50
CHEMBL232,6,0.3,6.0,50,chemdeprc_cap1,50,40,0.2,50
CHEMBL232,6,0.3,6.0,50,minp_block_bh_cap1,50,41,0.18,50
CHEMBL232,6,0.3,6.0,50,score_cap1,50,39,0.22,50
CHEMBL232,6,0.3,6.0,50,weighted_bh,50,40,0.2,44
CHEMBL232,6,0.3,6.0,75,meta_calibration,75,56,0.25333333333333335,75
CHEMBL232,6,0.3,6.0,75,chemdeprc_cap1,71,55,0.22535211267605634,71
CHEMBL232,6,0.3,6.0,75,minp_block_bh_cap1,54,44,0.18518518518518517,54
CHEMBL232,6,0.3,6.0,75,score_cap1,75,56,0.25333333333333335,75
CHEMBL232,6,0.3,6.0,75,weighted_bh,75,56,0.25333333333333335,64
CHEMBL232,7,0.2,4.0,10,meta_calibration,10,6,0.4,10
CHEMBL232,7,0.2,4.0,10,chemdeprc_cap1,10,9,0.1,10
CHEMBL232,7,0.2,4.0,10,minp_block_bh_cap1,10,9,0.1,10
CHEMBL232,7,0.2,4.0,10,score_cap1,10,9,0.1,10
CHEMBL232,7,0.2,4.0,10,weighted_bh,10,9,0.1,10
CHEMBL232,7,0.2,4.0,50,meta_calibration,50,40,0.2,50
CHEMBL232,7,0.2,4.0,50,chemdeprc_cap1,50,40,0.2,50
CHEMBL232,7,0.2,4.0,50,minp_block_bh_cap1,48,41,0.14583333333333334,48
CHEMBL232,7,0.2,4.0,50,score_cap1,50,40,0.2,50
CHEMBL232,7,0.2,4.0,50,weighted_bh,50,44,0.12,46
CHEMBL232,7,0.2,4.0,75,meta_calibration,75,57,0.24,75
CHEMBL232,7,0.2,4.0,75,chemdeprc_cap1,70,55,0.21428571428571427,70
CHEMBL232,7,0.2,4.0,75,minp_block_bh_cap1,48,41,0.14583333333333334,48
CHEMBL232,7,0.2,4.0,75,score_cap1,75,58,0.22666666666666666,75
CHEMBL232,7,0.2,4.0,75,weighted_bh,75,58,0.22666666666666666,63
CHEMBL232,7,0.2,6.0,10,meta_calibration,10,8,0.2,10
CHEMBL232,7,0.2,6.0,10,chemdeprc_cap1,10,8,0.2,10
CHEMBL232,7,0.2,6.0,10,minp_block_bh_cap1,10,9,0.1,10
CHEMBL232,7,0.2,6.0,10,score_cap1,10,7,0.3,10
CHEMBL232,7,0.2,6.0,10,weighted_bh,10,9,0.1,10
CHEMBL232,7,0.2,6.0,50,meta_calibration,50,40,0.2,50
CHEMBL232,7,0.2,6.0,50,chemdeprc_cap1,50,40,0.2,50
CHEMBL232,7,0.2,6.0,50,minp_block_bh_cap1,50,41,0.18,50
CHEMBL232,7,0.2,6.0,50,score_cap1,50,40,0.2,50
CHEMBL232,7,0.2,6.0,50,weighted_bh,50,39,0.22,43
CHEMBL232,7,0.2,6.0,75,meta_calibration,75,57,0.24,75
CHEMBL232,7,0.2,6.0,75,chemdeprc_cap1,70,55,0.21428571428571427,70
CHEMBL232,7,0.2,6.0,75,minp_block_bh_cap1,54,44,0.18518518518518517,54
CHEMBL232,7,0.2,6.0,75,score_cap1,75,58,0.22666666666666666,75
CHEMBL232,7,0.2,6.0,75,weighted_bh,75,54,0.28,63
CHEMBL232,7,0.3,4.0,10,meta_calibration,10,9,0.1,10
CHEMBL232,7,0.3,4.0,10,chemdeprc_cap1,10,8,0.2,10
CHEMBL232,7,0.3,4.0,10,minp_block_bh_cap1,10,9,0.1,10
CHEMBL232,7,0.3,4.0,10,score_cap1,10,8,0.2,10
CHEMBL232,7,0.3,4.0,10,weighted_bh,10,9,0.1,10
CHEMBL232,7,0.3,4.0,50,meta_calibration,50,41,0.18,50
CHEMBL232,7,0.3,4.0,50,chemdeprc_cap1,50,41,0.18,50
CHEMBL232,7,0.3,4.0,50,minp_block_bh_cap1,48,41,0.14583333333333334,48
CHEMBL232,7,0.3,4.0,50,score_cap1,50,39,0.22,50
CHEMBL232,7,0.3,4.0,50,weighted_bh,50,42,0.16,44
CHEMBL232,7,0.3,4.0,75,meta_calibration,75,55,0.26666666666666666,75
CHEMBL232,7,0.3,4.0,75,chemdeprc_cap1,70,55,0.21428571428571427,70
CHEMBL232,7,0.3,4.0,75,minp_block_bh_cap1,48,41,0.14583333333333334,48
CHEMBL232,7,0.3,4.0,75,score_cap1,75,56,0.25333333333333335,75
CHEMBL232,7,0.3,4.0,75,weighted_bh,75,58,0.22666666666666666,63
CHEMBL232,7,0.3,6.0,10,meta_calibration,10,9,0.1,10
CHEMBL232,7,0.3,6.0,10,chemdeprc_cap1,10,8,0.2,10
CHEMBL232,7,0.3,6.0,10,minp_block_bh_cap1,10,9,0.1,10
CHEMBL232,7,0.3,6.0,10,score_cap1,10,7,0.3,10
CHEMBL232,7,0.3,6.0,10,weighted_bh,10,9,0.1,10
CHEMBL232,7,0.3,6.0,50,meta_calibration,50,43,0.14,50
CHEMBL232,7,0.3,6.0,50,chemdeprc_cap1,50,41,0.18,50
CHEMBL232,7,0.3,6.0,50,minp_block_bh_cap1,50,41,0.18,50
CHEMBL232,7,0.3,6.0,50,score_cap1,50,39,0.22,50
CHEMBL232,7,0.3,6.0,50,weighted_bh,50,39,0.22,44
CHEMBL232,7,0.3,6.0,75,meta_calibration,75,57,0.24,75
CHEMBL232,7,0.3,6.0,75,chemdeprc_cap1,70,55,0.21428571428571427,70
CHEMBL232,7,0.3,6.0,75,minp_block_bh_cap1,54,44,0.18518518518518517,54
CHEMBL232,7,0.3,6.0,75,score_cap1,75,56,0.25333333333333335,75
CHEMBL232,7,0.3,6.0,75,weighted_bh,75,58,0.22666666666666666,63
CHEMBL232,8,0.2,4.0,10,meta_calibration,10,8,0.2,10
CHEMBL232,8,0.2,4.0,10,chemdeprc_cap1,10,9,0.1,10
CHEMBL232,8,0.2,4.0,10,minp_block_bh_cap1,10,9,0.1,10
CHEMBL232,8,0.2,4.0,10,score_cap1,10,9,0.1,10
CHEMBL232,8,0.2,4.0,10,weighted_bh,10,9,0.1,10
CHEMBL232,8,0.2,4.0,50,meta_calibration,50,41,0.18,50
CHEMBL232,8,0.2,4.0,50,chemdeprc_cap1,50,41,0.18,50
CHEMBL232,8,0.2,4.0,50,minp_block_bh_cap1,47,41,0.1276595744680851,47
CHEMBL232,8,0.2,4.0,50,score_cap1,50,40,0.2,50
CHEMBL232,8,0.2,4.0,50,weighted_bh,50,44,0.12,46
CHEMBL232,8,0.2,4.0,75,meta_calibration,75,56,0.25333333333333335,75
CHEMBL232,8,0.2,4.0,75,chemdeprc_cap1,70,54,0.22857142857142856,70
CHEMBL232,8,0.2,4.0,75,minp_block_bh_cap1,47,41,0.1276595744680851,47
CHEMBL232,8,0.2,4.0,75,score_cap1,75,57,0.24,75
CHEMBL232,8,0.2,4.0,75,weighted_bh,75,58,0.22666666666666666,63
CHEMBL232,8,0.2,6.0,10,meta_calibration,10,7,0.3,10
CHEMBL232,8,0.2,6.0,10,chemdeprc_cap1,10,9,0.1,10
CHEMBL232,8,0.2,6.0,10,minp_block_bh_cap1,10,9,0.1,10
CHEMBL232,8,0.2,6.0,10,score_cap1,10,7,0.3,10
CHEMBL232,8,0.2,6.0,10,weighted_bh,10,9,0.1,10
CHEMBL232,8,0.2,6.0,50,meta_calibration,50,41,0.18,50
CHEMBL232,8,0.2,6.0,50,chemdeprc_cap1,50,40,0.2,50
CHEMBL232,8,0.2,6.0,50,minp_block_bh_cap1,49,41,0.16326530612244897,49
CHEMBL232,8,0.2,6.0,50,score_cap1,50,40,0.2,50
CHEMBL232,8,0.2,6.0,50,weighted_bh,50,42,0.16,45
CHEMBL232,8,0.2,6.0,75,meta_calibration,75,57,0.24,75
CHEMBL232,8,0.2,6.0,75,chemdeprc_cap1,70,54,0.22857142857142856,70
CHEMBL232,8,0.2,6.0,75,minp_block_bh_cap1,49,41,0.16326530612244897,49
CHEMBL232,8,0.2,6.0,75,score_cap1,75,57,0.24,75
CHEMBL232,8,0.2,6.0,75,weighted_bh,75,56,0.25333333333333335,64
CHEMBL232,8,0.3,4.0,10,meta_calibration,10,6,0.4,10
CHEMBL232,8,0.3,4.0,10,chemdeprc_cap1,10,9,0.1,10
CHEMBL232,8,0.3,4.0,10,minp_block_bh_cap1,10,9,0.1,10
CHEMBL232,8,0.3,4.0,10,score_cap1,10,8,0.2,10
CHEMBL232,8,0.3,4.0,10,weighted_bh,10,9,0.1,10
CHEMBL232,8,0.3,4.0,50,meta_calibration,50,40,0.2,50
CHEMBL232,8,0.3,4.0,50,chemdeprc_cap1,50,40,0.2,50
CHEMBL232,8,0.3,4.0,50,minp_block_bh_cap1,48,41,0.14583333333333334,48
CHEMBL232,8,0.3,4.0,50,score_cap1,50,39,0.22,50
CHEMBL232,8,0.3,4.0,50,weighted_bh,50,43,0.14,45
CHEMBL232,8,0.3,4.0,75,meta_calibration,75,57,0.24,75
CHEMBL232,8,0.3,4.0,75,chemdeprc_cap1,71,54,0.23943661971830985,71
CHEMBL232,8,0.3,4.0,75,minp_block_bh_cap1,48,41,0.14583333333333334,48
CHEMBL232,8,0.3,4.0,75,score_cap1,75,57,0.24,75
CHEMBL232,8,0.3,4.0,75,weighted_bh,75,57,0.24,63
CHEMBL232,8,0.3,6.0,10,meta_calibration,10,8,0.2,10
CHEMBL232,8,0.3,6.0,10,chemdeprc_cap1,10,9,0.1,10
CHEMBL232,8,0.3,6.0,10,minp_block_bh_cap1,10,9,0.1,10
CHEMBL232,8,0.3,6.0,10,score_cap1,10,6,0.4,10
CHEMBL232,8,0.3,6.0,10,weighted_bh,10,9,0.1,10
CHEMBL232,8,0.3,6.0,50,meta_calibration,50,40,0.2,50
CHEMBL232,8,0.3,6.0,50,chemdeprc_cap1,50,40,0.2,50
CHEMBL232,8,0.3,6.0,50,minp_block_bh_cap1,50,41,0.18,50
CHEMBL232,8,0.3,6.0,50,score_cap1,50,39,0.22,50
CHEMBL232,8,0.3,6.0,50,weighted_bh,50,41,0.18,44
CHEMBL232,8,0.3,6.0,75,meta_calibration,75,58,0.22666666666666666,75
CHEMBL232,8,0.3,6.0,75,chemdeprc_cap1,71,54,0.23943661971830985,71
CHEMBL232,8,0.3,6.0,75,minp_block_bh_cap1,61,48,0.21311475409836064,61
CHEMBL232,8,0.3,6.0,75,score_cap1,75,57,0.24,75
CHEMBL232,8,0.3,6.0,75,weighted_bh,75,54,0.28,62
CHEMBL232,9,0.2,4.0,10,meta_calibration,10,7,0.3,10
CHEMBL232,9,0.2,4.0,10,chemdeprc_cap1,10,8,0.2,10
CHEMBL232,9,0.2,4.0,10,minp_block_bh_cap1,10,9,0.1,10
CHEMBL232,9,0.2,4.0,10,score_cap1,10,8,0.2,10
CHEMBL232,9,0.2,4.0,10,weighted_bh,10,9,0.1,10
CHEMBL232,9,0.2,4.0,50,meta_calibration,50,41,0.18,50
CHEMBL232,9,0.2,4.0,50,chemdeprc_cap1,50,41,0.18,50
CHEMBL232,9,0.2,4.0,50,minp_block_bh_cap1,49,41,0.16326530612244897,49
CHEMBL232,9,0.2,4.0,50,score_cap1,50,41,0.18,50
CHEMBL232,9,0.2,4.0,50,weighted_bh,50,42,0.16,44
CHEMBL232,9,0.2,4.0,75,meta_calibration,75,57,0.24,75
CHEMBL232,9,0.2,4.0,75,chemdeprc_cap1,69,54,0.21739130434782608,69
CHEMBL232,9,0.2,4.0,75,minp_block_bh_cap1,49,41,0.16326530612244897,49
CHEMBL232,9,0.2,4.0,75,score_cap1,75,57,0.24,75
CHEMBL232,9,0.2,4.0,75,weighted_bh,75,59,0.21333333333333335,62
CHEMBL232,9,0.2,6.0,10,meta_calibration,10,9,0.1,10
CHEMBL232,9,0.2,6.0,10,chemdeprc_cap1,10,8,0.2,10
CHEMBL232,9,0.2,6.0,10,minp_block_bh_cap1,10,9,0.1,10
CHEMBL232,9,0.2,6.0,10,score_cap1,10,7,0.3,10
CHEMBL232,9,0.2,6.0,10,weighted_bh,10,9,0.1,10
CHEMBL232,9,0.2,6.0,50,meta_calibration,50,41,0.18,50
CHEMBL232,9,0.2,6.0,50,chemdeprc_cap1,50,41,0.18,50
CHEMBL232,9,0.2,6.0,50,minp_block_bh_cap1,50,41,0.18,50
CHEMBL232,9,0.2,6.0,50,score_cap1,50,41,0.18,50
CHEMBL232,9,0.2,6.0,50,weighted_bh,50,40,0.2,43
CHEMBL232,9,0.2,6.0,75,meta_calibration,75,57,0.24,75
CHEMBL232,9,0.2,6.0,75,chemdeprc_cap1,69,54,0.21739130434782608,69
CHEMBL232,9,0.2,6.0,75,minp_block_bh_cap1,54,44,0.18518518518518517,54
CHEMBL232,9,0.2,6.0,75,score_cap1,75,57,0.24,75
CHEMBL232,9,0.2,6.0,75,weighted_bh,75,55,0.26666666666666666,63
CHEMBL232,9,0.3,4.0,10,meta_calibration,10,6,0.4,10
CHEMBL232,9,0.3,4.0,10,chemdeprc_cap1,10,8,0.2,10
CHEMBL232,9,0.3,4.0,10,minp_block_bh_cap1,10,9,0.1,10
CHEMBL232,9,0.3,4.0,10,score_cap1,10,8,0.2,10
CHEMBL232,9,0.3,4.0,10,weighted_bh,10,9,0.1,10
CHEMBL232,9,0.3,4.0,50,meta_calibration,50,41,0.18,50
CHEMBL232,9,0.3,4.0,50,chemdeprc_cap1,50,40,0.2,50
CHEMBL232,9,0.3,4.0,50,minp_block_bh_cap1,49,41,0.16326530612244897,49
CHEMBL232,9,0.3,4.0,50,score_cap1,50,40,0.2,50
CHEMBL232,9,0.3,4.0,50,weighted_bh,50,42,0.16,44
CHEMBL232,9,0.3,4.0,75,meta_calibration,75,57,0.24,75
CHEMBL232,9,0.3,4.0,75,chemdeprc_cap1,70,54,0.22857142857142856,70
CHEMBL232,9,0.3,4.0,75,minp_block_bh_cap1,49,41,0.16326530612244897,49
CHEMBL232,9,0.3,4.0,75,score_cap1,75,57,0.24,75
CHEMBL232,9,0.3,4.0,75,weighted_bh,75,59,0.21333333333333335,62
CHEMBL232,9,0.3,6.0,10,meta_calibration,10,9,0.1,10
CHEMBL232,9,0.3,6.0,10,chemdeprc_cap1,10,8,0.2,10
CHEMBL232,9,0.3,6.0,10,minp_block_bh_cap1,10,9,0.1,10
CHEMBL232,9,0.3,6.0,10,score_cap1,10,7,0.3,10
CHEMBL232,9,0.3,6.0,10,weighted_bh,10,9,0.1,10
CHEMBL232,9,0.3,6.0,50,meta_calibration,50,41,0.18,50
CHEMBL232,9,0.3,6.0,50,chemdeprc_cap1,50,40,0.2,50
CHEMBL232,9,0.3,6.0,50,minp_block_bh_cap1,50,41,0.18,50
CHEMBL232,9,0.3,6.0,50,score_cap1,50,40,0.2,50
CHEMBL232,9,0.3,6.0,50,weighted_bh,50,40,0.2,43
CHEMBL232,9,0.3,6.0,75,meta_calibration,75,57,0.24,75
CHEMBL232,9,0.3,6.0,75,chemdeprc_cap1,70,54,0.22857142857142856,70
CHEMBL232,9,0.3,6.0,75,minp_block_bh_cap1,55,44,0.2,55
CHEMBL232,9,0.3,6.0,75,score_cap1,75,57,0.24,75
CHEMBL232,9,0.3,6.0,75,weighted_bh,75,54,0.28,62
CHEMBL234,0,0.2,4.0,10,meta_calibration,10,9,0.1,10
CHEMBL234,0,0.2,4.0,10,chemdeprc_cap1,10,10,0.0,10
CHEMBL234,0,0.2,4.0,10,minp_block_bh_cap1,10,10,0.0,10
CHEMBL234,0,0.2,4.0,10,score_cap1,10,10,0.0,10
CHEMBL234,0,0.2,4.0,10,weighted_bh,10,10,0.0,10
CHEMBL234,0,0.2,4.0,50,meta_calibration,50,48,0.04,50
CHEMBL234,0,0.2,4.0,50,chemdeprc_cap1,50,48,0.04,50
CHEMBL234,0,0.2,4.0,50,minp_block_bh_cap1,50,48,0.04,50
CHEMBL234,0,0.2,4.0,50,score_cap1,50,48,0.04,50
CHEMBL234,0,0.2,4.0,50,weighted_bh,50,48,0.04,50
CHEMBL234,0,0.2,4.0,75,meta_calibration,75,72,0.04,75
CHEMBL234,0,0.2,4.0,75,chemdeprc_cap1,75,72,0.04,75
CHEMBL234,0,0.2,4.0,75,minp_block_bh_cap1,75,72,0.04,75
CHEMBL234,0,0.2,4.0,75,score_cap1,75,72,0.04,75
CHEMBL234,0,0.2,4.0,75,weighted_bh,75,71,0.05333333333333334,65
CHEMBL234,0,0.2,6.0,10,meta_calibration,10,9,0.1,10
CHEMBL234,0,0.2,6.0,10,chemdeprc_cap1,10,9,0.1,10
CHEMBL234,0,0.2,6.0,10,minp_block_bh_cap1,10,10,0.0,10
CHEMBL234,0,0.2,6.0,10,score_cap1,10,9,0.1,10
CHEMBL234,0,0.2,6.0,10,weighted_bh,10,10,0.0,10
CHEMBL234,0,0.2,6.0,50,meta_calibration,50,48,0.04,50
CHEMBL234,0,0.2,6.0,50,chemdeprc_cap1,50,48,0.04,50
CHEMBL234,0,0.2,6.0,50,minp_block_bh_cap1,50,48,0.04,50
CHEMBL234,0,0.2,6.0,50,score_cap1,50,47,0.06,50
CHEMBL234,0,0.2,6.0,50,weighted_bh,50,48,0.04,50
CHEMBL234,0,0.2,6.0,75,meta_calibration,75,72,0.04,75
CHEMBL234,0,0.2,6.0,75,chemdeprc_cap1,75,72,0.04,75
CHEMBL234,0,0.2,6.0,75,minp_block_bh_cap1,75,72,0.04,75
CHEMBL234,0,0.2,6.0,75,score_cap1,75,71,0.05333333333333334,75
CHEMBL234,0,0.2,6.0,75,weighted_bh,75,71,0.05333333333333334,65
CHEMBL234,0,0.3,4.0,10,meta_calibration,10,9,0.1,10
CHEMBL234,0,0.3,4.0,10,chemdeprc_cap1,10,10,0.0,10
CHEMBL234,0,0.3,4.0,10,minp_block_bh_cap1,10,10,0.0,10
CHEMBL234,0,0.3,4.0,10,score_cap1,10,10,0.0,10
CHEMBL234,0,0.3,4.0,10,weighted_bh,10,10,0.0,10
CHEMBL234,0,0.3,4.0,50,meta_calibration,50,48,0.04,50
CHEMBL234,0,0.3,4.0,50,chemdeprc_cap1,50,49,0.02,50
CHEMBL234,0,0.3,4.0,50,minp_block_bh_cap1,50,48,0.04,50
CHEMBL234,0,0.3,4.0,50,score_cap1,50,49,0.02,50
CHEMBL234,0,0.3,4.0,50,weighted_bh,50,48,0.04,50
CHEMBL234,0,0.3,4.0,75,meta_calibration,75,70,0.06666666666666667,75
CHEMBL234,0,0.3,4.0,75,chemdeprc_cap1,75,72,0.04,75
CHEMBL234,0,0.3,4.0,75,minp_block_bh_cap1,75,70,0.06666666666666667,75
CHEMBL234,0,0.3,4.0,75,score_cap1,75,71,0.05333333333333334,75
CHEMBL234,0,0.3,4.0,75,weighted_bh,75,72,0.04,64
CHEMBL234,0,0.3,6.0,10,meta_calibration,10,9,0.1,10
CHEMBL234,0,0.3,6.0,10,chemdeprc_cap1,10,8,0.2,10
CHEMBL234,0,0.3,6.0,10,minp_block_bh_cap1,10,10,0.0,10
CHEMBL234,0,0.3,6.0,10,score_cap1,10,8,0.2,10
CHEMBL234,0,0.3,6.0,10,weighted_bh,10,10,0.0,10
CHEMBL234,0,0.3,6.0,50,meta_calibration,50,48,0.04,50
CHEMBL234,0,0.3,6.0,50,chemdeprc_cap1,50,46,0.08,50
CHEMBL234,0,0.3,6.0,50,minp_block_bh_cap1,50,48,0.04,50
CHEMBL234,0,0.3,6.0,50,score_cap1,50,46,0.08,50
CHEMBL234,0,0.3,6.0,50,weighted_bh,50,48,0.04,50
CHEMBL234,0,0.3,6.0,75,meta_calibration,75,71,0.05333333333333334,75
CHEMBL234,0,0.3,6.0,75,chemdeprc_cap1,75,70,0.06666666666666667,75
CHEMBL234,0,0.3,6.0,75,minp_block_bh_cap1,75,70,0.06666666666666667,75
CHEMBL234,0,0.3,6.0,75,score_cap1,75,70,0.06666666666666667,75
CHEMBL234,0,0.3,6.0,75,weighted_bh,75,72,0.04,64
CHEMBL234,1,0.2,4.0,10,meta_calibration,10,9,0.1,10
CHEMBL234,1,0.2,4.0,10,chemdeprc_cap1,10,10,0.0,10
CHEMBL234,1,0.2,4.0,10,minp_block_bh_cap1,10,10,0.0,10
CHEMBL234,1,0.2,4.0,10,score_cap1,10,10,0.0,10
CHEMBL234,1,0.2,4.0,10,weighted_bh,10,10,0.0,10
CHEMBL234,1,0.2,4.0,50,meta_calibration,50,48,0.04,50
CHEMBL234,1,0.2,4.0,50,chemdeprc_cap1,50,49,0.02,50
CHEMBL234,1,0.2,4.0,50,minp_block_bh_cap1,50,48,0.04,50
CHEMBL234,1,0.2,4.0,50,score_cap1,50,49,0.02,50
CHEMBL234,1,0.2,4.0,50,weighted_bh,50,48,0.04,50
CHEMBL234,1,0.2,4.0,75,meta_calibration,75,71,0.05333333333333334,75
CHEMBL234,1,0.2,4.0,75,chemdeprc_cap1,75,72,0.04,75
CHEMBL234,1,0.2,4.0,75,minp_block_bh_cap1,75,71,0.05333333333333334,75
CHEMBL234,1,0.2,4.0,75,score_cap1,75,71,0.05333333333333334,75
CHEMBL234,1,0.2,4.0,75,weighted_bh,75,72,0.04,64
CHEMBL234,1,0.2,6.0,10,meta_calibration,10,9,0.1,10
CHEMBL234,1,0.2,6.0,10,chemdeprc_cap1,10,8,0.2,10
CHEMBL234,1,0.2,6.0,10,minp_block_bh_cap1,10,10,0.0,10
CHEMBL234,1,0.2,6.0,10,score_cap1,10,8,0.2,10
CHEMBL234,1,0.2,6.0,10,weighted_bh,10,10,0.0,10
CHEMBL234,1,0.2,6.0,50,meta_calibration,50,48,0.04,50
CHEMBL234,1,0.2,6.0,50,chemdeprc_cap1,50,47,0.06,50
CHEMBL234,1,0.2,6.0,50,minp_block_bh_cap1,50,48,0.04,50
CHEMBL234,1,0.2,6.0,50,score_cap1,50,47,0.06,50
CHEMBL234,1,0.2,6.0,50,weighted_bh,50,48,0.04,50
CHEMBL234,1,0.2,6.0,75,meta_calibration,75,71,0.05333333333333334,75
CHEMBL234,1,0.2,6.0,75,chemdeprc_cap1,75,71,0.05333333333333334,75
CHEMBL234,1,0.2,6.0,75,minp_block_bh_cap1,75,71,0.05333333333333334,75
CHEMBL234,1,0.2,6.0,75,score_cap1,75,71,0.05333333333333334,75
CHEMBL234,1,0.2,6.0,75,weighted_bh,75,72,0.04,64
CHEMBL234,1,0.3,4.0,10,meta_calibration,10,9,0.1,10
CHEMBL234,1,0.3,4.0,10,chemdeprc_cap1,10,10,0.0,10
CHEMBL234,1,0.3,4.0,10,minp_block_bh_cap1,10,10,0.0,10
CHEMBL234,1,0.3,4.0,10,score_cap1,10,9,0.1,10
CHEMBL234,1,0.3,4.0,10,weighted_bh,10,10,0.0,10
CHEMBL234,1,0.3,4.0,50,meta_calibration,50,48,0.04,50
CHEMBL234,1,0.3,4.0,50,chemdeprc_cap1,50,49,0.02,50
CHEMBL234,1,0.3,4.0,50,minp_block_bh_cap1,50,48,0.04,50
CHEMBL234,1,0.3,4.0,50,score_cap1,50,48,0.04,50
CHEMBL234,1,0.3,4.0,50,weighted_bh,50,48,0.04,50
CHEMBL234,1,0.3,4.0,75,meta_calibration,75,72,0.04,75
CHEMBL234,1,0.3,4.0,75,chemdeprc_cap1,75,73,0.02666666666666667,75
CHEMBL234,1,0.3,4.0,75,minp_block_bh_cap1,75,72,0.04,75
CHEMBL234,1,0.3,4.0,75,score_cap1,75,72,0.04,75
CHEMBL234,1,0.3,4.0,75,weighted_bh,75,72,0.04,64
CHEMBL234,1,0.3,6.0,10,meta_calibration,10,9,0.1,10
CHEMBL234,1,0.3,6.0,10,chemdeprc_cap1,10,9,0.1,10
CHEMBL234,1,0.3,6.0,10,minp_block_bh_cap1,10,10,0.0,10
CHEMBL234,1,0.3,6.0,10,score_cap1,10,9,0.1,10
CHEMBL234,1,0.3,6.0,10,weighted_bh,10,10,0.0,10
CHEMBL234,1,0.3,6.0,50,meta_calibration,50,48,0.04,50
CHEMBL234,1,0.3,6.0,50,chemdeprc_cap1,50,47,0.06,50
CHEMBL234,1,0.3,6.0,50,minp_block_bh_cap1,50,48,0.04,50
CHEMBL234,1,0.3,6.0,50,score_cap1,50,46,0.08,50
CHEMBL234,1,0.3,6.0,50,weighted_bh,50,48,0.04,50
CHEMBL234,1,0.3,6.0,75,meta_calibration,75,71,0.05333333333333334,75
CHEMBL234,1,0.3,6.0,75,chemdeprc_cap1,75,71,0.05333333333333334,75
CHEMBL234,1,0.3,6.0,75,minp_block_bh_cap1,75,71,0.05333333333333334,75
CHEMBL234,1,0.3,6.0,75,score_cap1,75,70,0.06666666666666667,75
CHEMBL234,1,0.3,6.0,75,weighted_bh,75,71,0.05333333333333334,65
CHEMBL234,2,0.2,4.0,10,meta_calibration,10,9,0.1,10
CHEMBL234,2,0.2,4.0,10,chemdeprc_cap1,10,10,0.0,10
CHEMBL234,2,0.2,4.0,10,minp_block_bh_cap1,10,10,0.0,10
CHEMBL234,2,0.2,4.0,10,score_cap1,10,9,0.1,10
CHEMBL234,2,0.2,4.0,10,weighted_bh,10,10,0.0,10
CHEMBL234,2,0.2,4.0,50,meta_calibration,50,48,0.04,50
CHEMBL234,2,0.2,4.0,50,chemdeprc_cap1,50,49,0.02,50
CHEMBL234,2,0.2,4.0,50,minp_block_bh_cap1,50,48,0.04,50
CHEMBL234,2,0.2,4.0,50,score_cap1,50,48,0.04,50
CHEMBL234,2,0.2,4.0,50,weighted_bh,50,48,0.04,50
CHEMBL234,2,0.2,4.0,75,meta_calibration,75,72,0.04,75
CHEMBL234,2,0.2,4.0,75,chemdeprc_cap1,75,73,0.02666666666666667,75
CHEMBL234,2,0.2,4.0,75,minp_block_bh_cap1,75,72,0.04,75
CHEMBL234,2,0.2,4.0,75,score_cap1,75,72,0.04,75
CHEMBL234,2,0.2,4.0,75,weighted_bh,75,72,0.04,64
CHEMBL234,2,0.2,6.0,10,meta_calibration,10,9,0.1,10
CHEMBL234,2,0.2,6.0,10,chemdeprc_cap1,10,9,0.1,10
CHEMBL234,2,0.2,6.0,10,minp_block_bh_cap1,10,10,0.0,10
CHEMBL234,2,0.2,6.0,10,score_cap1,10,9,0.1,10
CHEMBL234,2,0.2,6.0,10,weighted_bh,10,10,0.0,10
CHEMBL234,2,0.2,6.0,50,meta_calibration,50,48,0.04,50
CHEMBL234,2,0.2,6.0,50,chemdeprc_cap1,50,48,0.04,50
CHEMBL234,2,0.2,6.0,50,minp_block_bh_cap1,50,48,0.04,50
CHEMBL234,2,0.2,6.0,50,score_cap1,50,47,0.06,50
CHEMBL234,2,0.2,6.0,50,weighted_bh,50,48,0.04,50
CHEMBL234,2,0.2,6.0,75,meta_calibration,75,72,0.04,75
CHEMBL234,2,0.2,6.0,75,chemdeprc_cap1,75,72,0.04,75
CHEMBL234,2,0.2,6.0,75,minp_block_bh_cap1,75,72,0.04,75
CHEMBL234,2,0.2,6.0,75,score_cap1,75,71,0.05333333333333334,75
CHEMBL234,2,0.2,6.0,75,weighted_bh,75,72,0.04,64
CHEMBL234,2,0.3,4.0,10,meta_calibration,10,9,0.1,10
CHEMBL234,2,0.3,4.0,10,chemdeprc_cap1,10,10,0.0,10
CHEMBL234,2,0.3,4.0,10,minp_block_bh_cap1,10,10,0.0,10
CHEMBL234,2,0.3,4.0,10,score_cap1,10,9,0.1,10
CHEMBL234,2,0.3,4.0,10,weighted_bh,10,10,0.0,10
CHEMBL234,2,0.3,4.0,50,meta_calibration,50,48,0.04,50
CHEMBL234,2,0.3,4.0,50,chemdeprc_cap1,50,49,0.02,50
CHEMBL234,2,0.3,4.0,50,minp_block_bh_cap1,50,48,0.04,50
CHEMBL234,2,0.3,4.0,50,score_cap1,50,48,0.04,50
CHEMBL234,2,0.3,4.0,50,weighted_bh,50,48,0.04,50
CHEMBL234,2,0.3,4.0,75,meta_calibration,75,71,0.05333333333333334,75
CHEMBL234,2,0.3,4.0,75,chemdeprc_cap1,75,73,0.02666666666666667,75
CHEMBL234,2,0.3,4.0,75,minp_block_bh_cap1,75,70,0.06666666666666667,75
CHEMBL234,2,0.3,4.0,75,score_cap1,75,71,0.05333333333333334,75
CHEMBL234,2,0.3,4.0,75,weighted_bh,75,72,0.04,64
CHEMBL234,2,0.3,6.0,10,meta_calibration,10,9,0.1,10
CHEMBL234,2,0.3,6.0,10,chemdeprc_cap1,10,8,0.2,10
CHEMBL234,2,0.3,6.0,10,minp_block_bh_cap1,10,10,0.0,10
CHEMBL234,2,0.3,6.0,10,score_cap1,10,8,0.2,10
CHEMBL234,2,0.3,6.0,10,weighted_bh,10,10,0.0,10
CHEMBL234,2,0.3,6.0,50,meta_calibration,50,48,0.04,50
CHEMBL234,2,0.3,6.0,50,chemdeprc_cap1,50,46,0.08,50
CHEMBL234,2,0.3,6.0,50,minp_block_bh_cap1,50,48,0.04,50
CHEMBL234,2,0.3,6.0,50,score_cap1,50,46,0.08,50
CHEMBL234,2,0.3,6.0,50,weighted_bh,50,48,0.04,50
CHEMBL234,2,0.3,6.0,75,meta_calibration,75,71,0.05333333333333334,75
CHEMBL234,2,0.3,6.0,75,chemdeprc_cap1,75,70,0.06666666666666667,75
CHEMBL234,2,0.3,6.0,75,minp_block_bh_cap1,75,70,0.06666666666666667,75
CHEMBL234,2,0.3,6.0,75,score_cap1,75,70,0.06666666666666667,75
CHEMBL234,2,0.3,6.0,75,weighted_bh,75,72,0.04,64
CHEMBL234,3,0.2,4.0,10,meta_calibration,10,9,0.1,10
CHEMBL234,3,0.2,4.0,10,chemdeprc_cap1,10,10,0.0,10
CHEMBL234,3,0.2,4.0,10,minp_block_bh_cap1,10,10,0.0,10
CHEMBL234,3,0.2,4.0,10,score_cap1,10,9,0.1,10
CHEMBL234,3,0.2,4.0,10,weighted_bh,10,10,0.0,10
CHEMBL234,3,0.2,4.0,50,meta_calibration,50,48,0.04,50
CHEMBL234,3,0.2,4.0,50,chemdeprc_cap1,50,49,0.02,50
CHEMBL234,3,0.2,4.0,50,minp_block_bh_cap1,50,48,0.04,50
CHEMBL234,3,0.2,4.0,50,score_cap1,50,48,0.04,50
CHEMBL234,3,0.2,4.0,50,weighted_bh,50,48,0.04,50
CHEMBL234,3,0.2,4.0,75,meta_calibration,75,71,0.05333333333333334,75
CHEMBL234,3,0.2,4.0,75,chemdeprc_cap1,75,73,0.02666666666666667,75
CHEMBL234,3,0.2,4.0,75,minp_block_bh_cap1,75,71,0.05333333333333334,75
CHEMBL234,3,0.2,4.0,75,score_cap1,75,71,0.05333333333333334,75
CHEMBL234,3,0.2,4.0,75,weighted_bh,75,72,0.04,64
CHEMBL234,3,0.2,6.0,10,meta_calibration,10,9,0.1,10
CHEMBL234,3,0.2,6.0,10,chemdeprc_cap1,10,8,0.2,10
CHEMBL234,3,0.2,6.0,10,minp_block_bh_cap1,10,10,0.0,10
CHEMBL234,3,0.2,6.0,10,score_cap1,10,8,0.2,10
CHEMBL234,3,0.2,6.0,10,weighted_bh,10,10,0.0,10
CHEMBL234,3,0.2,6.0,50,meta_calibration,50,48,0.04,50
CHEMBL234,3,0.2,6.0,50,chemdeprc_cap1,50,47,0.06,50
CHEMBL234,3,0.2,6.0,50,minp_block_bh_cap1,50,48,0.04,50
CHEMBL234,3,0.2,6.0,50,score_cap1,50,47,0.06,50
CHEMBL234,3,0.2,6.0,50,weighted_bh,50,48,0.04,50
CHEMBL234,3,0.2,6.0,75,meta_calibration,75,72,0.04,75
CHEMBL234,3,0.2,6.0,75,chemdeprc_cap1,75,71,0.05333333333333334,75
CHEMBL234,3,0.2,6.0,75,minp_block_bh_cap1,75,71,0.05333333333333334,75
CHEMBL234,3,0.2,6.0,75,score_cap1,75,71,0.05333333333333334,75
CHEMBL234,3,0.2,6.0,75,weighted_bh,75,72,0.04,64
CHEMBL234,3,0.3,4.0,10,meta_calibration,10,9,0.1,10
CHEMBL234,3,0.3,4.0,10,chemdeprc_cap1,10,10,0.0,10
CHEMBL234,3,0.3,4.0,10,minp_block_bh_cap1,10,10,0.0,10
CHEMBL234,3,0.3,4.0,10,score_cap1,10,10,0.0,10
CHEMBL234,3,0.3,4.0,10,weighted_bh,10,10,0.0,10
CHEMBL234,3,0.3,4.0,50,meta_calibration,50,48,0.04,50
CHEMBL234,3,0.3,4.0,50,chemdeprc_cap1,50,49,0.02,50
CHEMBL234,3,0.3,4.0,50,minp_block_bh_cap1,50,48,0.04,50
CHEMBL234,3,0.3,4.0,50,score_cap1,50,49,0.02,50
CHEMBL234,3,0.3,4.0,50,weighted_bh,50,48,0.04,50
CHEMBL234,3,0.3,4.0,75,meta_calibration,75,72,0.04,75
CHEMBL234,3,0.3,4.0,75,chemdeprc_cap1,75,73,0.02666666666666667,75
CHEMBL234,3,0.3,4.0,75,minp_block_bh_cap1,75,73,0.02666666666666667,75
CHEMBL234,3,0.3,4.0,75,score_cap1,75,72,0.04,75
CHEMBL234,3,0.3,4.0,75,weighted_bh,75,72,0.04,64
CHEMBL234,3,0.3,6.0,10,meta_calibration,10,9,0.1,10
CHEMBL234,3,0.3,6.0,10,chemdeprc_cap1,10,10,0.0,10
CHEMBL234,3,0.3,6.0,10,minp_block_bh_cap1,10,10,0.0,10
CHEMBL234,3,0.3,6.0,10,score_cap1,10,9,0.1,10
CHEMBL234,3,0.3,6.0,10,weighted_bh,10,10,0.0,10
CHEMBL234,3,0.3,6.0,50,meta_calibration,50,48,0.04,50
CHEMBL234,3,0.3,6.0,50,chemdeprc_cap1,50,47,0.06,50
CHEMBL234,3,0.3,6.0,50,minp_block_bh_cap1,50,48,0.04,50
CHEMBL234,3,0.3,6.0,50,score_cap1,50,46,0.08,50
CHEMBL234,3,0.3,6.0,50,weighted_bh,50,48,0.04,50
CHEMBL234,3,0.3,6.0,75,meta_calibration,75,71,0.05333333333333334,75
CHEMBL234,3,0.3,6.0,75,chemdeprc_cap1,75,71,0.05333333333333334,75
CHEMBL234,3,0.3,6.0,75,minp_block_bh_cap1,75,71,0.05333333333333334,75
CHEMBL234,3,0.3,6.0,75,score_cap1,75,70,0.06666666666666667,75
CHEMBL234,3,0.3,6.0,75,weighted_bh,75,69,0.08,64
CHEMBL234,4,0.2,4.0,10,meta_calibration,10,9,0.1,10
CHEMBL234,4,0.2,4.0,10,chemdeprc_cap1,10,10,0.0,10
CHEMBL234,4,0.2,4.0,10,minp_block_bh_cap1,10,10,0.0,10
CHEMBL234,4,0.2,4.0,10,score_cap1,10,10,0.0,10
CHEMBL234,4,0.2,4.0,10,weighted_bh,10,10,0.0,10
CHEMBL234,4,0.2,4.0,50,meta_calibration,50,48,0.04,50
CHEMBL234,4,0.2,4.0,50,chemdeprc_cap1,50,48,0.04,50
CHEMBL234,4,0.2,4.0,50,minp_block_bh_cap1,50,48,0.04,50
CHEMBL234,4,0.2,4.0,50,score_cap1,50,48,0.04,50
CHEMBL234,4,0.2,4.0,50,weighted_bh,50,48,0.04,50
CHEMBL234,4,0.2,4.0,75,meta_calibration,75,72,0.04,75
CHEMBL234,4,0.2,4.0,75,chemdeprc_cap1,75,72,0.04,75
CHEMBL234,4,0.2,4.0,75,minp_block_bh_cap1,75,71,0.05333333333333334,75
CHEMBL234,4,0.2,4.0,75,score_cap1,75,71,0.05333333333333334,75
CHEMBL234,4,0.2,4.0,75,weighted_bh,75,71,0.05333333333333334,65
CHEMBL234,4,0.2,6.0,10,meta_calibration,10,9,0.1,10
CHEMBL234,4,0.2,6.0,10,chemdeprc_cap1,10,8,0.2,10
CHEMBL234,4,0.2,6.0,10,minp_block_bh_cap1,10,10,0.0,10
CHEMBL234,4,0.2,6.0,10,score_cap1,10,8,0.2,10
CHEMBL234,4,0.2,6.0,10,weighted_bh,10,10,0.0,10
CHEMBL234,4,0.2,6.0,50,meta_calibration,50,48,0.04,50
CHEMBL234,4,0.2,6.0,50,chemdeprc_cap1,50,47,0.06,50
CHEMBL234,4,0.2,6.0,50,minp_block_bh_cap1,50,48,0.04,50
CHEMBL234,4,0.2,6.0,50,score_cap1,50,47,0.06,50
CHEMBL234,4,0.2,6.0,50,weighted_bh,50,48,0.04,50
CHEMBL234,4,0.2,6.0,75,meta_calibration,75,71,0.05333333333333334,75
CHEMBL234,4,0.2,6.0,75,chemdeprc_cap1,75,71,0.05333333333333334,75
CHEMBL234,4,0.2,6.0,75,minp_block_bh_cap1,75,71,0.05333333333333334,75
CHEMBL234,4,0.2,6.0,75,score_cap1,75,71,0.05333333333333334,75
CHEMBL234,4,0.2,6.0,75,weighted_bh,75,71,0.05333333333333334,65
CHEMBL234,4,0.3,4.0,10,meta_calibration,10,9,0.1,10
CHEMBL234,4,0.3,4.0,10,chemdeprc_cap1,10,10,0.0,10
CHEMBL234,4,0.3,4.0,10,minp_block_bh_cap1,10,10,0.0,10
CHEMBL234,4,0.3,4.0,10,score_cap1,10,10,0.0,10
CHEMBL234,4,0.3,4.0,10,weighted_bh,10,10,0.0,10
CHEMBL234,4,0.3,4.0,50,meta_calibration,50,48,0.04,50
CHEMBL234,4,0.3,4.0,50,chemdeprc_cap1,50,49,0.02,50
CHEMBL234,4,0.3,4.0,50,minp_block_bh_cap1,50,48,0.04,50
CHEMBL234,4,0.3,4.0,50,score_cap1,50,49,0.02,50
CHEMBL234,4,0.3,4.0,50,weighted_bh,50,48,0.04,50
CHEMBL234,4,0.3,4.0,75,meta_calibration,75,71,0.05333333333333334,75
CHEMBL234,4,0.3,4.0,75,chemdeprc_cap1,75,72,0.04,75
CHEMBL234,4,0.3,4.0,75,minp_block_bh_cap1,75,71,0.05333333333333334,75
CHEMBL234,4,0.3,4.0,75,score_cap1,75,71,0.05333333333333334,75
CHEMBL234,4,0.3,4.0,75,weighted_bh,75,72,0.04,64
CHEMBL234,4,0.3,6.0,10,meta_calibration,10,9,0.1,10
CHEMBL234,4,0.3,6.0,10,chemdeprc_cap1,10,8,0.2,10
CHEMBL234,4,0.3,6.0,10,minp_block_bh_cap1,10,10,0.0,10
CHEMBL234,4,0.3,6.0,10,score_cap1,10,8,0.2,10
CHEMBL234,4,0.3,6.0,10,weighted_bh,10,10,0.0,10
CHEMBL234,4,0.3,6.0,50,meta_calibration,50,48,0.04,50
CHEMBL234,4,0.3,6.0,50,chemdeprc_cap1,50,47,0.06,50
CHEMBL234,4,0.3,6.0,50,minp_block_bh_cap1,50,48,0.04,50
CHEMBL234,4,0.3,6.0,50,score_cap1,50,46,0.08,50
CHEMBL234,4,0.3,6.0,50,weighted_bh,50,48,0.04,50
CHEMBL234,4,0.3,6.0,75,meta_calibration,75,71,0.05333333333333334,75
CHEMBL234,4,0.3,6.0,75,chemdeprc_cap1,75,71,0.05333333333333334,75
CHEMBL234,4,0.3,6.0,75,minp_block_bh_cap1,75,71,0.05333333333333334,75
CHEMBL234,4,0.3,6.0,75,score_cap1,75,70,0.06666666666666667,75
CHEMBL234,4,0.3,6.0,75,weighted_bh,75,72,0.04,64
CHEMBL234,5,0.2,4.0,10,meta_calibration,10,9,0.1,10
CHEMBL234,5,0.2,4.0,10,chemdeprc_cap1,10,10,0.0,10
CHEMBL234,5,0.2,4.0,10,minp_block_bh_cap1,10,10,0.0,10
CHEMBL234,5,0.2,4.0,10,score_cap1,10,9,0.1,10
CHEMBL234,5,0.2,4.0,10,weighted_bh,10,10,0.0,10
CHEMBL234,5,0.2,4.0,50,meta_calibration,50,48,0.04,50
CHEMBL234,5,0.2,4.0,50,chemdeprc_cap1,50,49,0.02,50
CHEMBL234,5,0.2,4.0,50,minp_block_bh_cap1,50,48,0.04,50
CHEMBL234,5,0.2,4.0,50,score_cap1,50,48,0.04,50
CHEMBL234,5,0.2,4.0,50,weighted_bh,50,48,0.04,50
CHEMBL234,5,0.2,4.0,75,meta_calibration,75,71,0.05333333333333334,75
CHEMBL234,5,0.2,4.0,75,chemdeprc_cap1,75,72,0.04,75
CHEMBL234,5,0.2,4.0,75,minp_block_bh_cap1,75,71,0.05333333333333334,75
CHEMBL234,5,0.2,4.0,75,score_cap1,75,71,0.05333333333333334,75
CHEMBL234,5,0.2,4.0,75,weighted_bh,75,72,0.04,64
CHEMBL234,5,0.2,6.0,10,meta_calibration,10,9,0.1,10
CHEMBL234,5,0.2,6.0,10,chemdeprc_cap1,10,8,0.2,10
CHEMBL234,5,0.2,6.0,10,minp_block_bh_cap1,10,10,0.0,10
CHEMBL234,5,0.2,6.0,10,score_cap1,10,8,0.2,10
CHEMBL234,5,0.2,6.0,10,weighted_bh,10,10,0.0,10
CHEMBL234,5,0.2,6.0,50,meta_calibration,50,48,0.04,50
CHEMBL234,5,0.2,6.0,50,chemdeprc_cap1,50,47,0.06,50
CHEMBL234,5,0.2,6.0,50,minp_block_bh_cap1,50,48,0.04,50
CHEMBL234,5,0.2,6.0,50,score_cap1,50,47,0.06,50
CHEMBL234,5,0.2,6.0,50,weighted_bh,50,48,0.04,50
CHEMBL234,5,0.2,6.0,75,meta_calibration,75,72,0.04,75
CHEMBL234,5,0.2,6.0,75,chemdeprc_cap1,75,71,0.05333333333333334,75
CHEMBL234,5,0.2,6.0,75,minp_block_bh_cap1,75,71,0.05333333333333334,75
CHEMBL234,5,0.2,6.0,75,score_cap1,75,71,0.05333333333333334,75
CHEMBL234,5,0.2,6.0,75,weighted_bh,75,72,0.04,64
CHEMBL234,5,0.3,4.0,10,meta_calibration,10,9,0.1,10
CHEMBL234,5,0.3,4.0,10,chemdeprc_cap1,10,10,0.0,10
CHEMBL234,5,0.3,4.0,10,minp_block_bh_cap1,10,10,0.0,10
CHEMBL234,5,0.3,4.0,10,score_cap1,10,10,0.0,10
CHEMBL234,5,0.3,4.0,10,weighted_bh,10,10,0.0,10
CHEMBL234,5,0.3,4.0,50,meta_calibration,50,48,0.04,50
CHEMBL234,5,0.3,4.0,50,chemdeprc_cap1,50,48,0.04,50
CHEMBL234,5,0.3,4.0,50,minp_block_bh_cap1,50,48,0.04,50
CHEMBL234,5,0.3,4.0,50,score_cap1,50,48,0.04,50
CHEMBL234,5,0.3,4.0,50,weighted_bh,50,48,0.04,50
CHEMBL234,5,0.3,4.0,75,meta_calibration,75,71,0.05333333333333334,75
CHEMBL234,5,0.3,4.0,75,chemdeprc_cap1,75,71,0.05333333333333334,75
CHEMBL234,5,0.3,4.0,75,minp_block_bh_cap1,75,71,0.05333333333333334,75
CHEMBL234,5,0.3,4.0,75,score_cap1,75,71,0.05333333333333334,75
CHEMBL234,5,0.3,4.0,75,weighted_bh,75,71,0.05333333333333334,65
CHEMBL234,5,0.3,6.0,10,meta_calibration,10,9,0.1,10
CHEMBL234,5,0.3,6.0,10,chemdeprc_cap1,10,8,0.2,10
CHEMBL234,5,0.3,6.0,10,minp_block_bh_cap1,10,10,0.0,10
CHEMBL234,5,0.3,6.0,10,score_cap1,10,8,0.2,10
CHEMBL234,5,0.3,6.0,10,weighted_bh,10,10,0.0,10
CHEMBL234,5,0.3,6.0,50,meta_calibration,50,48,0.04,50
CHEMBL234,5,0.3,6.0,50,chemdeprc_cap1,50,47,0.06,50
CHEMBL234,5,0.3,6.0,50,minp_block_bh_cap1,50,48,0.04,50
CHEMBL234,5,0.3,6.0,50,score_cap1,50,46,0.08,50
CHEMBL234,5,0.3,6.0,50,weighted_bh,50,48,0.04,50
CHEMBL234,5,0.3,6.0,75,meta_calibration,75,72,0.04,75
CHEMBL234,5,0.3,6.0,75,chemdeprc_cap1,75,71,0.05333333333333334,75
CHEMBL234,5,0.3,6.0,75,minp_block_bh_cap1,75,71,0.05333333333333334,75
CHEMBL234,5,0.3,6.0,75,score_cap1,75,70,0.06666666666666667,75
CHEMBL234,5,0.3,6.0,75,weighted_bh,75,71,0.05333333333333334,65
CHEMBL234,6,0.2,4.0,10,meta_calibration,10,9,0.1,10
CHEMBL234,6,0.2,4.0,10,chemdeprc_cap1,10,10,0.0,10
CHEMBL234,6,0.2,4.0,10,minp_block_bh_cap1,10,10,0.0,10
CHEMBL234,6,0.2,4.0,10,score_cap1,10,10,0.0,10
CHEMBL234,6,0.2,4.0,10,weighted_bh,10,10,0.0,10
CHEMBL234,6,0.2,4.0,50,meta_calibration,50,48,0.04,50
CHEMBL234,6,0.2,4.0,50,chemdeprc_cap1,50,49,0.02,50
CHEMBL234,6,0.2,4.0,50,minp_block_bh_cap1,50,48,0.04,50
CHEMBL234,6,0.2,4.0,50,score_cap1,50,49,0.02,50
CHEMBL234,6,0.2,4.0,50,weighted_bh,50,48,0.04,50
CHEMBL234,6,0.2,4.0,75,meta_calibration,75,72,0.04,75
CHEMBL234,6,0.2,4.0,75,chemdeprc_cap1,75,73,0.02666666666666667,75
CHEMBL234,6,0.2,4.0,75,minp_block_bh_cap1,75,72,0.04,75
CHEMBL234,6,0.2,4.0,75,score_cap1,75,72,0.04,75
CHEMBL234,6,0.2,4.0,75,weighted_bh,75,72,0.04,64
CHEMBL234,6,0.2,6.0,10,meta_calibration,10,9,0.1,10
CHEMBL234,6,0.2,6.0,10,chemdeprc_cap1,10,9,0.1,10
CHEMBL234,6,0.2,6.0,10,minp_block_bh_cap1,10,10,0.0,10
CHEMBL234,6,0.2,6.0,10,score_cap1,10,9,0.1,10
CHEMBL234,6,0.2,6.0,10,weighted_bh,10,10,0.0,10
CHEMBL234,6,0.2,6.0,50,meta_calibration,50,48,0.04,50
CHEMBL234,6,0.2,6.0,50,chemdeprc_cap1,50,48,0.04,50
CHEMBL234,6,0.2,6.0,50,minp_block_bh_cap1,50,48,0.04,50
CHEMBL234,6,0.2,6.0,50,score_cap1,50,47,0.06,50
CHEMBL234,6,0.2,6.0,50,weighted_bh,50,48,0.04,50
CHEMBL234,6,0.2,6.0,75,meta_calibration,75,71,0.05333333333333334,75
CHEMBL234,6,0.2,6.0,75,chemdeprc_cap1,75,72,0.04,75
CHEMBL234,6,0.2,6.0,75,minp_block_bh_cap1,75,72,0.04,75
CHEMBL234,6,0.2,6.0,75,score_cap1,75,71,0.05333333333333334,75
CHEMBL234,6,0.2,6.0,75,weighted_bh,75,72,0.04,64
CHEMBL234,6,0.3,4.0,10,meta_calibration,10,9,0.1,10
CHEMBL234,6,0.3,4.0,10,chemdeprc_cap1,10,10,0.0,10
CHEMBL234,6,0.3,4.0,10,minp_block_bh_cap1,10,10,0.0,10
CHEMBL234,6,0.3,4.0,10,score_cap1,10,9,0.1,10
CHEMBL234,6,0.3,4.0,10,weighted_bh,10,10,0.0,10
CHEMBL234,6,0.3,4.0,50,meta_calibration,50,48,0.04,50
CHEMBL234,6,0.3,4.0,50,chemdeprc_cap1,50,49,0.02,50
CHEMBL234,6,0.3,4.0,50,minp_block_bh_cap1,50,48,0.04,50
CHEMBL234,6,0.3,4.0,50,score_cap1,50,48,0.04,50
CHEMBL234,6,0.3,4.0,50,weighted_bh,50,48,0.04,50
CHEMBL234,6,0.3,4.0,75,meta_calibration,75,72,0.04,75
CHEMBL234,6,0.3,4.0,75,chemdeprc_cap1,75,73,0.02666666666666667,75
CHEMBL234,6,0.3,4.0,75,minp_block_bh_cap1,75,71,0.05333333333333334,75
CHEMBL234,6,0.3,4.0,75,score_cap1,75,71,0.05333333333333334,75
CHEMBL234,6,0.3,4.0,75,weighted_bh,75,72,0.04,64
CHEMBL234,6,0.3,6.0,10,meta_calibration,10,9,0.1,10
CHEMBL234,6,0.3,6.0,10,chemdeprc_cap1,10,8,0.2,10
CHEMBL234,6,0.3,6.0,10,minp_block_bh_cap1,10,10,0.0,10
CHEMBL234,6,0.3,6.0,10,score_cap1,10,8,0.2,10
CHEMBL234,6,0.3,6.0,10,weighted_bh,10,10,0.0,10
CHEMBL234,6,0.3,6.0,50,meta_calibration,50,48,0.04,50
CHEMBL234,6,0.3,6.0,50,chemdeprc_cap1,50,47,0.06,50
CHEMBL234,6,0.3,6.0,50,minp_block_bh_cap1,50,48,0.04,50
CHEMBL234,6,0.3,6.0,50,score_cap1,50,46,0.08,50
CHEMBL234,6,0.3,6.0,50,weighted_bh,50,48,0.04,50
CHEMBL234,6,0.3,6.0,75,meta_calibration,75,71,0.05333333333333334,75
CHEMBL234,6,0.3,6.0,75,chemdeprc_cap1,75,71,0.05333333333333334,75
CHEMBL234,6,0.3,6.0,75,minp_block_bh_cap1,75,71,0.05333333333333334,75
CHEMBL234,6,0.3,6.0,75,score_cap1,75,70,0.06666666666666667,75
CHEMBL234,6,0.3,6.0,75,weighted_bh,75,72,0.04,64
CHEMBL234,7,0.2,4.0,10,meta_calibration,10,9,0.1,10
CHEMBL234,7,0.2,4.0,10,chemdeprc_cap1,10,10,0.0,10
CHEMBL234,7,0.2,4.0,10,minp_block_bh_cap1,10,10,0.0,10
CHEMBL234,7,0.2,4.0,10,score_cap1,10,10,0.0,10
CHEMBL234,7,0.2,4.0,10,weighted_bh,10,10,0.0,10
CHEMBL234,7,0.2,4.0,50,meta_calibration,50,48,0.04,50
CHEMBL234,7,0.2,4.0,50,chemdeprc_cap1,50,49,0.02,50
CHEMBL234,7,0.2,4.0,50,minp_block_bh_cap1,50,48,0.04,50
CHEMBL234,7,0.2,4.0,50,score_cap1,50,49,0.02,50
CHEMBL234,7,0.2,4.0,50,weighted_bh,50,48,0.04,50
CHEMBL234,7,0.2,4.0,75,meta_calibration,75,71,0.05333333333333334,75
CHEMBL234,7,0.2,4.0,75,chemdeprc_cap1,75,72,0.04,75
CHEMBL234,7,0.2,4.0,75,minp_block_bh_cap1,75,71,0.05333333333333334,75
CHEMBL234,7,0.2,4.0,75,score_cap1,75,71,0.05333333333333334,75
CHEMBL234,7,0.2,4.0,75,weighted_bh,75,72,0.04,64
CHEMBL234,7,0.2,6.0,10,meta_calibration,10,9,0.1,10
CHEMBL234,7,0.2,6.0,10,chemdeprc_cap1,10,8,0.2,10
CHEMBL234,7,0.2,6.0,10,minp_block_bh_cap1,10,10,0.0,10
CHEMBL234,7,0.2,6.0,10,score_cap1,10,8,0.2,10
CHEMBL234,7,0.2,6.0,10,weighted_bh,10,10,0.0,10
CHEMBL234,7,0.2,6.0,50,meta_calibration,50,48,0.04,50
CHEMBL234,7,0.2,6.0,50,chemdeprc_cap1,50,47,0.06,50
CHEMBL234,7,0.2,6.0,50,minp_block_bh_cap1,50,48,0.04,50
CHEMBL234,7,0.2,6.0,50,score_cap1,50,47,0.06,50
CHEMBL234,7,0.2,6.0,50,weighted_bh,50,48,0.04,50
CHEMBL234,7,0.2,6.0,75,meta_calibration,75,71,0.05333333333333334,75
CHEMBL234,7,0.2,6.0,75,chemdeprc_cap1,75,71,0.05333333333333334,75
CHEMBL234,7,0.2,6.0,75,minp_block_bh_cap1,75,71,0.05333333333333334,75
CHEMBL234,7,0.2,6.0,75,score_cap1,75,71,0.05333333333333334,75
CHEMBL234,7,0.2,6.0,75,weighted_bh,75,72,0.04,64
CHEMBL234,7,0.3,4.0,10,meta_calibration,10,9,0.1,10
CHEMBL234,7,0.3,4.0,10,chemdeprc_cap1,10,10,0.0,10
CHEMBL234,7,0.3,4.0,10,minp_block_bh_cap1,10,10,0.0,10
CHEMBL234,7,0.3,4.0,10,score_cap1,10,9,0.1,10
CHEMBL234,7,0.3,4.0,10,weighted_bh,10,10,0.0,10
CHEMBL234,7,0.3,4.0,50,meta_calibration,50,48,0.04,50
CHEMBL234,7,0.3,4.0,50,chemdeprc_cap1,50,49,0.02,50
CHEMBL234,7,0.3,4.0,50,minp_block_bh_cap1,50,48,0.04,50
CHEMBL234,7,0.3,4.0,50,score_cap1,50,48,0.04,50
CHEMBL234,7,0.3,4.0,50,weighted_bh,50,48,0.04,50
CHEMBL234,7,0.3,4.0,75,meta_calibration,75,72,0.04,75
CHEMBL234,7,0.3,4.0,75,chemdeprc_cap1,75,73,0.02666666666666667,75
CHEMBL234,7,0.3,4.0,75,minp_block_bh_cap1,75,71,0.05333333333333334,75
CHEMBL234,7,0.3,4.0,75,score_cap1,75,71,0.05333333333333334,75
CHEMBL234,7,0.3,4.0,75,weighted_bh,75,72,0.04,64
CHEMBL234,7,0.3,6.0,10,meta_calibration,10,9,0.1,10
CHEMBL234,7,0.3,6.0,10,chemdeprc_cap1,10,8,0.2,10
CHEMBL234,7,0.3,6.0,10,minp_block_bh_cap1,10,10,0.0,10
CHEMBL234,7,0.3,6.0,10,score_cap1,10,8,0.2,10
CHEMBL234,7,0.3,6.0,10,weighted_bh,10,10,0.0,10
CHEMBL234,7,0.3,6.0,50,meta_calibration,50,48,0.04,50
CHEMBL234,7,0.3,6.0,50,chemdeprc_cap1,50,47,0.06,50
CHEMBL234,7,0.3,6.0,50,minp_block_bh_cap1,50,48,0.04,50
CHEMBL234,7,0.3,6.0,50,score_cap1,50,46,0.08,50
CHEMBL234,7,0.3,6.0,50,weighted_bh,50,48,0.04,50
CHEMBL234,7,0.3,6.0,75,meta_calibration,75,71,0.05333333333333334,75
CHEMBL234,7,0.3,6.0,75,chemdeprc_cap1,75,71,0.05333333333333334,75
CHEMBL234,7,0.3,6.0,75,minp_block_bh_cap1,75,71,0.05333333333333334,75
CHEMBL234,7,0.3,6.0,75,score_cap1,75,70,0.06666666666666667,75
CHEMBL234,7,0.3,6.0,75,weighted_bh,75,72,0.04,64
CHEMBL234,8,0.2,4.0,10,meta_calibration,10,9,0.1,10
CHEMBL234,8,0.2,4.0,10,chemdeprc_cap1,10,10,0.0,10
CHEMBL234,8,0.2,4.0,10,minp_block_bh_cap1,10,10,0.0,10
CHEMBL234,8,0.2,4.0,10,score_cap1,10,10,0.0,10
CHEMBL234,8,0.2,4.0,10,weighted_bh,10,10,0.0,10
CHEMBL234,8,0.2,4.0,50,meta_calibration,50,48,0.04,50
CHEMBL234,8,0.2,4.0,50,chemdeprc_cap1,50,49,0.02,50
CHEMBL234,8,0.2,4.0,50,minp_block_bh_cap1,50,48,0.04,50
CHEMBL234,8,0.2,4.0,50,score_cap1,50,49,0.02,50
CHEMBL234,8,0.2,4.0,50,weighted_bh,50,48,0.04,50
CHEMBL234,8,0.2,4.0,75,meta_calibration,75,71,0.05333333333333334,75
CHEMBL234,8,0.2,4.0,75,chemdeprc_cap1,75,72,0.04,75
CHEMBL234,8,0.2,4.0,75,minp_block_bh_cap1,75,72,0.04,75
CHEMBL234,8,0.2,4.0,75,score_cap1,75,72,0.04,75
CHEMBL234,8,0.2,4.0,75,weighted_bh,75,72,0.04,64
CHEMBL234,8,0.2,6.0,10,meta_calibration,10,9,0.1,10
CHEMBL234,8,0.2,6.0,10,chemdeprc_cap1,10,9,0.1,10
CHEMBL234,8,0.2,6.0,10,minp_block_bh_cap1,10,10,0.0,10
CHEMBL234,8,0.2,6.0,10,score_cap1,10,9,0.1,10
CHEMBL234,8,0.2,6.0,10,weighted_bh,10,10,0.0,10
CHEMBL234,8,0.2,6.0,50,meta_calibration,50,48,0.04,50
CHEMBL234,8,0.2,6.0,50,chemdeprc_cap1,50,47,0.06,50
CHEMBL234,8,0.2,6.0,50,minp_block_bh_cap1,50,48,0.04,50
CHEMBL234,8,0.2,6.0,50,score_cap1,50,47,0.06,50
CHEMBL234,8,0.2,6.0,50,weighted_bh,50,48,0.04,50
CHEMBL234,8,0.2,6.0,75,meta_calibration,75,71,0.05333333333333334,75
CHEMBL234,8,0.2,6.0,75,chemdeprc_cap1,75,71,0.05333333333333334,75
CHEMBL234,8,0.2,6.0,75,minp_block_bh_cap1,75,71,0.05333333333333334,75
CHEMBL234,8,0.2,6.0,75,score_cap1,75,71,0.05333333333333334,75
CHEMBL234,8,0.2,6.0,75,weighted_bh,75,71,0.05333333333333334,65
CHEMBL234,8,0.3,4.0,10,meta_calibration,10,9,0.1,10
CHEMBL234,8,0.3,4.0,10,chemdeprc_cap1,10,10,0.0,10
CHEMBL234,8,0.3,4.0,10,minp_block_bh_cap1,10,10,0.0,10
CHEMBL234,8,0.3,4.0,10,score_cap1,10,10,0.0,10
CHEMBL234,8,0.3,4.0,10,weighted_bh,10,10,0.0,10
CHEMBL234,8,0.3,4.0,50,meta_calibration,50,48,0.04,50
CHEMBL234,8,0.3,4.0,50,chemdeprc_cap1,50,49,0.02,50
CHEMBL234,8,0.3,4.0,50,minp_block_bh_cap1,50,48,0.04,50
CHEMBL234,8,0.3,4.0,50,score_cap1,50,49,0.02,50
CHEMBL234,8,0.3,4.0,50,weighted_bh,50,48,0.04,50
CHEMBL234,8,0.3,4.0,75,meta_calibration,75,71,0.05333333333333334,75
CHEMBL234,8,0.3,4.0,75,chemdeprc_cap1,75,73,0.02666666666666667,75
CHEMBL234,8,0.3,4.0,75,minp_block_bh_cap1,75,72,0.04,75
CHEMBL234,8,0.3,4.0,75,score_cap1,75,72,0.04,75
CHEMBL234,8,0.3,4.0,75,weighted_bh,75,72,0.04,64
CHEMBL234,8,0.3,6.0,10,meta_calibration,10,9,0.1,10
CHEMBL234,8,0.3,6.0,10,chemdeprc_cap1,10,9,0.1,10
CHEMBL234,8,0.3,6.0,10,minp_block_bh_cap1,10,10,0.0,10
CHEMBL234,8,0.3,6.0,10,score_cap1,10,9,0.1,10
CHEMBL234,8,0.3,6.0,10,weighted_bh,10,10,0.0,10
CHEMBL234,8,0.3,6.0,50,meta_calibration,50,48,0.04,50
CHEMBL234,8,0.3,6.0,50,chemdeprc_cap1,50,47,0.06,50
CHEMBL234,8,0.3,6.0,50,minp_block_bh_cap1,50,48,0.04,50
CHEMBL234,8,0.3,6.0,50,score_cap1,50,46,0.08,50
CHEMBL234,8,0.3,6.0,50,weighted_bh,50,48,0.04,50
CHEMBL234,8,0.3,6.0,75,meta_calibration,75,71,0.05333333333333334,75
CHEMBL234,8,0.3,6.0,75,chemdeprc_cap1,75,71,0.05333333333333334,75
CHEMBL234,8,0.3,6.0,75,minp_block_bh_cap1,75,71,0.05333333333333334,75
CHEMBL234,8,0.3,6.0,75,score_cap1,75,70,0.06666666666666667,75
CHEMBL234,8,0.3,6.0,75,weighted_bh,75,71,0.05333333333333334,65
CHEMBL234,9,0.2,4.0,10,meta_calibration,10,9,0.1,10
CHEMBL234,9,0.2,4.0,10,chemdeprc_cap1,10,10,0.0,10
CHEMBL234,9,0.2,4.0,10,minp_block_bh_cap1,10,10,0.0,10
CHEMBL234,9,0.2,4.0,10,score_cap1,10,10,0.0,10
CHEMBL234,9,0.2,4.0,10,weighted_bh,10,10,0.0,10
CHEMBL234,9,0.2,4.0,50,meta_calibration,50,48,0.04,50
CHEMBL234,9,0.2,4.0,50,chemdeprc_cap1,50,49,0.02,50
CHEMBL234,9,0.2,4.0,50,minp_block_bh_cap1,50,48,0.04,50
CHEMBL234,9,0.2,4.0,50,score_cap1,50,49,0.02,50
CHEMBL234,9,0.2,4.0,50,weighted_bh,50,48,0.04,50
CHEMBL234,9,0.2,4.0,75,meta_calibration,75,71,0.05333333333333334,75
CHEMBL234,9,0.2,4.0,75,chemdeprc_cap1,75,73,0.02666666666666667,75
CHEMBL234,9,0.2,4.0,75,minp_block_bh_cap1,75,72,0.04,75
CHEMBL234,9,0.2,4.0,75,score_cap1,75,72,0.04,75
CHEMBL234,9,0.2,4.0,75,weighted_bh,75,72,0.04,64
CHEMBL234,9,0.2,6.0,10,meta_calibration,10,9,0.1,10
CHEMBL234,9,0.2,6.0,10,chemdeprc_cap1,10,9,0.1,10
CHEMBL234,9,0.2,6.0,10,minp_block_bh_cap1,10,10,0.0,10
CHEMBL234,9,0.2,6.0,10,score_cap1,10,9,0.1,10
CHEMBL234,9,0.2,6.0,10,weighted_bh,10,10,0.0,10
CHEMBL234,9,0.2,6.0,50,meta_calibration,50,48,0.04,50
CHEMBL234,9,0.2,6.0,50,chemdeprc_cap1,50,47,0.06,50
CHEMBL234,9,0.2,6.0,50,minp_block_bh_cap1,50,48,0.04,50
CHEMBL234,9,0.2,6.0,50,score_cap1,50,47,0.06,50
CHEMBL234,9,0.2,6.0,50,weighted_bh,50,48,0.04,50
CHEMBL234,9,0.2,6.0,75,meta_calibration,75,71,0.05333333333333334,75
CHEMBL234,9,0.2,6.0,75,chemdeprc_cap1,75,71,0.05333333333333334,75
CHEMBL234,9,0.2,6.0,75,minp_block_bh_cap1,75,71,0.05333333333333334,75
CHEMBL234,9,0.2,6.0,75,score_cap1,75,71,0.05333333333333334,75
CHEMBL234,9,0.2,6.0,75,weighted_bh,75,71,0.05333333333333334,65
CHEMBL234,9,0.3,4.0,10,meta_calibration,10,9,0.1,10
CHEMBL234,9,0.3,4.0,10,chemdeprc_cap1,10,10,0.0,10
CHEMBL234,9,0.3,4.0,10,minp_block_bh_cap1,10,10,0.0,10
CHEMBL234,9,0.3,4.0,10,score_cap1,10,9,0.1,10
CHEMBL234,9,0.3,4.0,10,weighted_bh,10,10,0.0,10
CHEMBL234,9,0.3,4.0,50,meta_calibration,50,48,0.04,50
CHEMBL234,9,0.3,4.0,50,chemdeprc_cap1,50,49,0.02,50
CHEMBL234,9,0.3,4.0,50,minp_block_bh_cap1,50,48,0.04,50
CHEMBL234,9,0.3,4.0,50,score_cap1,50,48,0.04,50
CHEMBL234,9,0.3,4.0,50,weighted_bh,50,48,0.04,50
CHEMBL234,9,0.3,4.0,75,meta_calibration,75,71,0.05333333333333334,75
CHEMBL234,9,0.3,4.0,75,chemdeprc_cap1,75,73,0.02666666666666667,75
CHEMBL234,9,0.3,4.0,75,minp_block_bh_cap1,75,71,0.05333333333333334,75
CHEMBL234,9,0.3,4.0,75,score_cap1,75,71,0.05333333333333334,75
CHEMBL234,9,0.3,4.0,75,weighted_bh,75,72,0.04,64
CHEMBL234,9,0.3,6.0,10,meta_calibration,10,9,0.1,10
CHEMBL234,9,0.3,6.0,10,chemdeprc_cap1,10,8,0.2,10
CHEMBL234,9,0.3,6.0,10,minp_block_bh_cap1,10,10,0.0,10
CHEMBL234,9,0.3,6.0,10,score_cap1,10,8,0.2,10
CHEMBL234,9,0.3,6.0,10,weighted_bh,10,10,0.0,10
CHEMBL234,9,0.3,6.0,50,meta_calibration,50,48,0.04,50
CHEMBL234,9,0.3,6.0,50,chemdeprc_cap1,50,47,0.06,50
CHEMBL234,9,0.3,6.0,50,minp_block_bh_cap1,50,48,0.04,50
CHEMBL234,9,0.3,6.0,50,score_cap1,50,46,0.08,50
CHEMBL234,9,0.3,6.0,50,weighted_bh,50,48,0.04,50
CHEMBL234,9,0.3,6.0,75,meta_calibration,75,72,0.04,75
CHEMBL234,9,0.3,6.0,75,chemdeprc_cap1,75,71,0.05333333333333334,75
CHEMBL234,9,0.3,6.0,75,minp_block_bh_cap1,75,71,0.05333333333333334,75
CHEMBL234,9,0.3,6.0,75,score_cap1,75,70,0.06666666666666667,75
CHEMBL234,9,0.3,6.0,75,weighted_bh,75,72,0.04,64
CHEMBL236,0,0.2,4.0,10,meta_calibration,10,10,0.0,10
CHEMBL236,0,0.2,4.0,10,chemdeprc_cap1,10,10,0.0,10
CHEMBL236,0,0.2,4.0,10,minp_block_bh_cap1,10,10,0.0,10
CHEMBL236,0,0.2,4.0,10,score_cap1,10,8,0.2,10
CHEMBL236,0,0.2,4.0,10,weighted_bh,10,10,0.0,10
CHEMBL236,0,0.2,4.0,50,meta_calibration,50,50,0.0,50
CHEMBL236,0,0.2,4.0,50,chemdeprc_cap1,50,47,0.06,50
CHEMBL236,0,0.2,4.0,50,minp_block_bh_cap1,50,49,0.02,50
CHEMBL236,0,0.2,4.0,50,score_cap1,50,46,0.08,50
CHEMBL236,0,0.2,4.0,50,weighted_bh,50,50,0.0,42
CHEMBL236,0,0.2,4.0,75,meta_calibration,75,74,0.013333333333333334,75
CHEMBL236,0,0.2,4.0,75,chemdeprc_cap1,75,71,0.05333333333333334,75
CHEMBL236,0,0.2,4.0,75,minp_block_bh_cap1,75,72,0.04,75
CHEMBL236,0,0.2,4.0,75,score_cap1,75,71,0.05333333333333334,75
CHEMBL236,0,0.2,4.0,75,weighted_bh,75,74,0.013333333333333334,60
CHEMBL236,0,0.2,6.0,10,meta_calibration,10,10,0.0,10
CHEMBL236,0,0.2,6.0,10,chemdeprc_cap1,10,9,0.1,10
CHEMBL236,0,0.2,6.0,10,minp_block_bh_cap1,10,10,0.0,10
CHEMBL236,0,0.2,6.0,10,score_cap1,10,6,0.4,10
CHEMBL236,0,0.2,6.0,10,weighted_bh,10,10,0.0,10
CHEMBL236,0,0.2,6.0,50,meta_calibration,50,50,0.0,50
CHEMBL236,0,0.2,6.0,50,chemdeprc_cap1,50,47,0.06,50
CHEMBL236,0,0.2,6.0,50,minp_block_bh_cap1,50,49,0.02,50
CHEMBL236,0,0.2,6.0,50,score_cap1,50,46,0.08,50
CHEMBL236,0,0.2,6.0,50,weighted_bh,50,50,0.0,42
CHEMBL236,0,0.2,6.0,75,meta_calibration,75,75,0.0,75
CHEMBL236,0,0.2,6.0,75,chemdeprc_cap1,75,71,0.05333333333333334,75
CHEMBL236,0,0.2,6.0,75,minp_block_bh_cap1,75,72,0.04,75
CHEMBL236,0,0.2,6.0,75,score_cap1,75,71,0.05333333333333334,75
CHEMBL236,0,0.2,6.0,75,weighted_bh,75,72,0.04,60
CHEMBL236,0,0.3,4.0,10,meta_calibration,10,10,0.0,10
CHEMBL236,0,0.3,4.0,10,chemdeprc_cap1,10,10,0.0,10
CHEMBL236,0,0.3,4.0,10,minp_block_bh_cap1,10,10,0.0,10
CHEMBL236,0,0.3,4.0,10,score_cap1,10,8,0.2,10
CHEMBL236,0,0.3,4.0,10,weighted_bh,10,10,0.0,10
CHEMBL236,0,0.3,4.0,50,meta_calibration,50,50,0.0,50
CHEMBL236,0,0.3,4.0,50,chemdeprc_cap1,50,48,0.04,50
CHEMBL236,0,0.3,4.0,50,minp_block_bh_cap1,50,50,0.0,50
CHEMBL236,0,0.3,4.0,50,score_cap1,50,47,0.06,50
CHEMBL236,0,0.3,4.0,50,weighted_bh,50,50,0.0,42
CHEMBL236,0,0.3,4.0,75,meta_calibration,75,74,0.013333333333333334,75
CHEMBL236,0,0.3,4.0,75,chemdeprc_cap1,75,71,0.05333333333333334,75
CHEMBL236,0,0.3,4.0,75,minp_block_bh_cap1,75,73,0.02666666666666667,75
CHEMBL236,0,0.3,4.0,75,score_cap1,75,71,0.05333333333333334,75
CHEMBL236,0,0.3,4.0,75,weighted_bh,75,75,0.0,60
CHEMBL236,0,0.3,6.0,10,meta_calibration,10,10,0.0,10
CHEMBL236,0,0.3,6.0,10,chemdeprc_cap1,10,9,0.1,10
CHEMBL236,0,0.3,6.0,10,minp_block_bh_cap1,10,10,0.0,10
CHEMBL236,0,0.3,6.0,10,score_cap1,10,7,0.3,10
CHEMBL236,0,0.3,6.0,10,weighted_bh,10,10,0.0,10
CHEMBL236,0,0.3,6.0,50,meta_calibration,50,50,0.0,50
CHEMBL236,0,0.3,6.0,50,chemdeprc_cap1,50,46,0.08,50
CHEMBL236,0,0.3,6.0,50,minp_block_bh_cap1,50,50,0.0,50
CHEMBL236,0,0.3,6.0,50,score_cap1,50,45,0.1,50
CHEMBL236,0,0.3,6.0,50,weighted_bh,50,50,0.0,42
CHEMBL236,0,0.3,6.0,75,meta_calibration,75,73,0.02666666666666667,75
CHEMBL236,0,0.3,6.0,75,chemdeprc_cap1,75,69,0.08,75
CHEMBL236,0,0.3,6.0,75,minp_block_bh_cap1,75,72,0.04,75
CHEMBL236,0,0.3,6.0,75,score_cap1,75,69,0.08,75
CHEMBL236,0,0.3,6.0,75,weighted_bh,75,75,0.0,60
CHEMBL236,1,0.2,4.0,10,meta_calibration,10,10,0.0,10
CHEMBL236,1,0.2,4.0,10,chemdeprc_cap1,10,10,0.0,10
CHEMBL236,1,0.2,4.0,10,minp_block_bh_cap1,10,10,0.0,10
CHEMBL236,1,0.2,4.0,10,score_cap1,10,9,0.1,10
CHEMBL236,1,0.2,4.0,10,weighted_bh,10,10,0.0,10
CHEMBL236,1,0.2,4.0,50,meta_calibration,50,50,0.0,50
CHEMBL236,1,0.2,4.0,50,chemdeprc_cap1,50,50,0.0,50
CHEMBL236,1,0.2,4.0,50,minp_block_bh_cap1,50,50,0.0,50
CHEMBL236,1,0.2,4.0,50,score_cap1,50,49,0.02,50
CHEMBL236,1,0.2,4.0,50,weighted_bh,50,50,0.0,42
CHEMBL236,1,0.2,4.0,75,meta_calibration,75,73,0.02666666666666667,75
CHEMBL236,1,0.2,4.0,75,chemdeprc_cap1,75,73,0.02666666666666667,75
CHEMBL236,1,0.2,4.0,75,minp_block_bh_cap1,75,74,0.013333333333333334,75
CHEMBL236,1,0.2,4.0,75,score_cap1,75,73,0.02666666666666667,75
CHEMBL236,1,0.2,4.0,75,weighted_bh,75,75,0.0,60
CHEMBL236,1,0.2,6.0,10,meta_calibration,10,10,0.0,10
CHEMBL236,1,0.2,6.0,10,chemdeprc_cap1,10,9,0.1,10
CHEMBL236,1,0.2,6.0,10,minp_block_bh_cap1,10,10,0.0,10
CHEMBL236,1,0.2,6.0,10,score_cap1,10,8,0.2,10
CHEMBL236,1,0.2,6.0,10,weighted_bh,10,10,0.0,10
CHEMBL236,1,0.2,6.0,50,meta_calibration,50,49,0.02,50
CHEMBL236,1,0.2,6.0,50,chemdeprc_cap1,50,47,0.06,50
CHEMBL236,1,0.2,6.0,50,minp_block_bh_cap1,50,49,0.02,50
CHEMBL236,1,0.2,6.0,50,score_cap1,50,47,0.06,50
CHEMBL236,1,0.2,6.0,50,weighted_bh,50,50,0.0,42
CHEMBL236,1,0.2,6.0,75,meta_calibration,75,74,0.013333333333333334,75
CHEMBL236,1,0.2,6.0,75,chemdeprc_cap1,75,71,0.05333333333333334,75
CHEMBL236,1,0.2,6.0,75,minp_block_bh_cap1,75,72,0.04,75
CHEMBL236,1,0.2,6.0,75,score_cap1,75,71,0.05333333333333334,75
CHEMBL236,1,0.2,6.0,75,weighted_bh,75,73,0.02666666666666667,60
CHEMBL236,1,0.3,4.0,10,meta_calibration,10,10,0.0,10
CHEMBL236,1,0.3,4.0,10,chemdeprc_cap1,10,10,0.0,10
CHEMBL236,1,0.3,4.0,10,minp_block_bh_cap1,10,10,0.0,10
CHEMBL236,1,0.3,4.0,10,score_cap1,10,8,0.2,10
CHEMBL236,1,0.3,4.0,10,weighted_bh,10,10,0.0,10
CHEMBL236,1,0.3,4.0,50,meta_calibration,50,50,0.0,50
CHEMBL236,1,0.3,4.0,50,chemdeprc_cap1,50,48,0.04,50
CHEMBL236,1,0.3,4.0,50,minp_block_bh_cap1,50,49,0.02,50
CHEMBL236,1,0.3,4.0,50,score_cap1,50,46,0.08,50
CHEMBL236,1,0.3,4.0,50,weighted_bh,50,50,0.0,42
CHEMBL236,1,0.3,4.0,75,meta_calibration,75,74,0.013333333333333334,75
CHEMBL236,1,0.3,4.0,75,chemdeprc_cap1,75,71,0.05333333333333334,75
CHEMBL236,1,0.3,4.0,75,minp_block_bh_cap1,75,73,0.02666666666666667,75
CHEMBL236,1,0.3,4.0,75,score_cap1,75,71,0.05333333333333334,75
CHEMBL236,1,0.3,4.0,75,weighted_bh,75,72,0.04,60
CHEMBL236,1,0.3,6.0,10,meta_calibration,10,10,0.0,10
CHEMBL236,1,0.3,6.0,10,chemdeprc_cap1,10,8,0.2,10
CHEMBL236,1,0.3,6.0,10,minp_block_bh_cap1,10,10,0.0,10
CHEMBL236,1,0.3,6.0,10,score_cap1,10,6,0.4,10
CHEMBL236,1,0.3,6.0,10,weighted_bh,10,10,0.0,10
CHEMBL236,1,0.3,6.0,50,meta_calibration,50,50,0.0,50
CHEMBL236,1,0.3,6.0,50,chemdeprc_cap1,50,47,0.06,50
CHEMBL236,1,0.3,6.0,50,minp_block_bh_cap1,50,48,0.04,50
CHEMBL236,1,0.3,6.0,50,score_cap1,50,45,0.1,50
CHEMBL236,1,0.3,6.0,50,weighted_bh,50,48,0.04,42
CHEMBL236,1,0.3,6.0,75,meta_calibration,75,74,0.013333333333333334,75
CHEMBL236,1,0.3,6.0,75,chemdeprc_cap1,75,70,0.06666666666666667,75
CHEMBL236,1,0.3,6.0,75,minp_block_bh_cap1,75,72,0.04,75
CHEMBL236,1,0.3,6.0,75,score_cap1,75,69,0.08,75
CHEMBL236,1,0.3,6.0,75,weighted_bh,75,70,0.06666666666666667,59
CHEMBL236,2,0.2,4.0,10,meta_calibration,10,10,0.0,10
CHEMBL236,2,0.2,4.0,10,chemdeprc_cap1,10,10,0.0,10
CHEMBL236,2,0.2,4.0,10,minp_block_bh_cap1,10,10,0.0,10
CHEMBL236,2,0.2,4.0,10,score_cap1,10,9,0.1,10
CHEMBL236,2,0.2,4.0,10,weighted_bh,10,10,0.0,10
CHEMBL236,2,0.2,4.0,50,meta_calibration,50,50,0.0,50
CHEMBL236,2,0.2,4.0,50,chemdeprc_cap1,50,49,0.02,50
CHEMBL236,2,0.2,4.0,50,minp_block_bh_cap1,50,49,0.02,50
CHEMBL236,2,0.2,4.0,50,score_cap1,50,48,0.04,50
CHEMBL236,2,0.2,4.0,50,weighted_bh,50,50,0.0,42
CHEMBL236,2,0.2,4.0,75,meta_calibration,75,74,0.013333333333333334,75
CHEMBL236,2,0.2,4.0,75,chemdeprc_cap1,75,72,0.04,75
CHEMBL236,2,0.2,4.0,75,minp_block_bh_cap1,75,72,0.04,75
CHEMBL236,2,0.2,4.0,75,score_cap1,75,72,0.04,75
CHEMBL236,2,0.2,4.0,75,weighted_bh,75,74,0.013333333333333334,60
CHEMBL236,2,0.2,6.0,10,meta_calibration,10,10,0.0,10
CHEMBL236,2,0.2,6.0,10,chemdeprc_cap1,10,9,0.1,10
CHEMBL236,2,0.2,6.0,10,minp_block_bh_cap1,10,10,0.0,10
CHEMBL236,2,0.2,6.0,10,score_cap1,10,8,0.2,10
CHEMBL236,2,0.2,6.0,10,weighted_bh,10,10,0.0,10
CHEMBL236,2,0.2,6.0,50,meta_calibration,50,49,0.02,50
CHEMBL236,2,0.2,6.0,50,chemdeprc_cap1,50,47,0.06,50
CHEMBL236,2,0.2,6.0,50,minp_block_bh_cap1,50,47,0.06,50
CHEMBL236,2,0.2,6.0,50,score_cap1,50,47,0.06,50
CHEMBL236,2,0.2,6.0,50,weighted_bh,50,48,0.04,42
CHEMBL236,2,0.2,6.0,75,meta_calibration,75,74,0.013333333333333334,75
CHEMBL236,2,0.2,6.0,75,chemdeprc_cap1,75,71,0.05333333333333334,75
CHEMBL236,2,0.2,6.0,75,minp_block_bh_cap1,75,71,0.05333333333333334,75
CHEMBL236,2,0.2,6.0,75,score_cap1,75,71,0.05333333333333334,75
CHEMBL236,2,0.2,6.0,75,weighted_bh,75,68,0.09333333333333334,58
CHEMBL236,2,0.3,4.0,10,meta_calibration,10,10,0.0,10
CHEMBL236,2,0.3,4.0,10,chemdeprc_cap1,10,10,0.0,10
CHEMBL236,2,0.3,4.0,10,minp_block_bh_cap1,10,10,0.0,10
CHEMBL236,2,0.3,4.0,10,score_cap1,10,9,0.1,10
CHEMBL236,2,0.3,4.0,10,weighted_bh,10,10,0.0,10
CHEMBL236,2,0.3,4.0,50,meta_calibration,50,50,0.0,50
CHEMBL236,2,0.3,4.0,50,chemdeprc_cap1,50,47,0.06,50
CHEMBL236,2,0.3,4.0,50,minp_block_bh_cap1,50,49,0.02,50
CHEMBL236,2,0.3,4.0,50,score_cap1,50,46,0.08,50
CHEMBL236,2,0.3,4.0,50,weighted_bh,50,50,0.0,42
CHEMBL236,2,0.3,4.0,75,meta_calibration,75,73,0.02666666666666667,75
CHEMBL236,2,0.3,4.0,75,chemdeprc_cap1,75,71,0.05333333333333334,75
CHEMBL236,2,0.3,4.0,75,minp_block_bh_cap1,75,71,0.05333333333333334,75
CHEMBL236,2,0.3,4.0,75,score_cap1,75,71,0.05333333333333334,75
CHEMBL236,2,0.3,4.0,75,weighted_bh,75,74,0.013333333333333334,60
CHEMBL236,2,0.3,6.0,10,meta_calibration,10,10,0.0,10
CHEMBL236,2,0.3,6.0,10,chemdeprc_cap1,10,9,0.1,10
CHEMBL236,2,0.3,6.0,10,minp_block_bh_cap1,10,10,0.0,10
CHEMBL236,2,0.3,6.0,10,score_cap1,10,6,0.4,10
CHEMBL236,2,0.3,6.0,10,weighted_bh,10,10,0.0,10
CHEMBL236,2,0.3,6.0,50,meta_calibration,50,49,0.02,50
CHEMBL236,2,0.3,6.0,50,chemdeprc_cap1,50,45,0.1,50
CHEMBL236,2,0.3,6.0,50,minp_block_bh_cap1,50,47,0.06,50
CHEMBL236,2,0.3,6.0,50,score_cap1,50,45,0.1,50
CHEMBL236,2,0.3,6.0,50,weighted_bh,50,49,0.02,42
CHEMBL236,2,0.3,6.0,75,meta_calibration,75,73,0.02666666666666667,75
CHEMBL236,2,0.3,6.0,75,chemdeprc_cap1,75,70,0.06666666666666667,75
CHEMBL236,2,0.3,6.0,75,minp_block_bh_cap1,75,70,0.06666666666666667,75
CHEMBL236,2,0.3,6.0,75,score_cap1,75,69,0.08,75
CHEMBL236,2,0.3,6.0,75,weighted_bh,75,68,0.09333333333333334,58
CHEMBL236,3,0.2,4.0,10,meta_calibration,10,10,0.0,10
CHEMBL236,3,0.2,4.0,10,chemdeprc_cap1,10,10,0.0,10
CHEMBL236,3,0.2,4.0,10,minp_block_bh_cap1,10,10,0.0,10
CHEMBL236,3,0.2,4.0,10,score_cap1,10,9,0.1,10
CHEMBL236,3,0.2,4.0,10,weighted_bh,10,10,0.0,10
CHEMBL236,3,0.2,4.0,50,meta_calibration,50,50,0.0,50
CHEMBL236,3,0.2,4.0,50,chemdeprc_cap1,50,49,0.02,50
CHEMBL236,3,0.2,4.0,50,minp_block_bh_cap1,50,49,0.02,50
CHEMBL236,3,0.2,4.0,50,score_cap1,50,48,0.04,50
CHEMBL236,3,0.2,4.0,50,weighted_bh,50,50,0.0,42
CHEMBL236,3,0.2,4.0,75,meta_calibration,75,73,0.02666666666666667,75
CHEMBL236,3,0.2,4.0,75,chemdeprc_cap1,75,72,0.04,75
CHEMBL236,3,0.2,4.0,75,minp_block_bh_cap1,75,72,0.04,75
CHEMBL236,3,0.2,4.0,75,score_cap1,75,72,0.04,75
CHEMBL236,3,0.2,4.0,75,weighted_bh,75,72,0.04,60
CHEMBL236,3,0.2,6.0,10,meta_calibration,10,10,0.0,10
CHEMBL236,3,0.2,6.0,10,chemdeprc_cap1,10,9,0.1,10
CHEMBL236,3,0.2,6.0,10,minp_block_bh_cap1,10,10,0.0,10
CHEMBL236,3,0.2,6.0,10,score_cap1,10,8,0.2,10
CHEMBL236,3,0.2,6.0,10,weighted_bh,10,10,0.0,10
CHEMBL236,3,0.2,6.0,50,meta_calibration,50,50,0.0,50
CHEMBL236,3,0.2,6.0,50,chemdeprc_cap1,50,47,0.06,50
CHEMBL236,3,0.2,6.0,50,minp_block_bh_cap1,50,47,0.06,50
CHEMBL236,3,0.2,6.0,50,score_cap1,50,46,0.08,50
CHEMBL236,3,0.2,6.0,50,weighted_bh,50,47,0.06,42
CHEMBL236,3,0.2,6.0,75,meta_calibration,75,74,0.013333333333333334,75
CHEMBL236,3,0.2,6.0,75,chemdeprc_cap1,75,71,0.05333333333333334,75
CHEMBL236,3,0.2,6.0,75,minp_block_bh_cap1,75,71,0.05333333333333334,75
CHEMBL236,3,0.2,6.0,75,score_cap1,75,71,0.05333333333333334,75
CHEMBL236,3,0.2,6.0,75,weighted_bh,75,68,0.09333333333333334,58
CHEMBL236,3,0.3,4.0,10,meta_calibration,10,10,0.0,10
CHEMBL236,3,0.3,4.0,10,chemdeprc_cap1,10,10,0.0,10
CHEMBL236,3,0.3,4.0,10,minp_block_bh_cap1,10,10,0.0,10
CHEMBL236,3,0.3,4.0,10,score_cap1,10,8,0.2,10
CHEMBL236,3,0.3,4.0,10,weighted_bh,10,10,0.0,10
CHEMBL236,3,0.3,4.0,50,meta_calibration,50,50,0.0,50
CHEMBL236,3,0.3,4.0,50,chemdeprc_cap1,50,48,0.04,50
CHEMBL236,3,0.3,4.0,50,minp_block_bh_cap1,50,49,0.02,50
CHEMBL236,3,0.3,4.0,50,score_cap1,50,46,0.08,50
CHEMBL236,3,0.3,4.0,50,weighted_bh,50,50,0.0,42
CHEMBL236,3,0.3,4.0,75,meta_calibration,75,72,0.04,75
CHEMBL236,3,0.3,4.0,75,chemdeprc_cap1,75,71,0.05333333333333334,75
CHEMBL236,3,0.3,4.0,75,minp_block_bh_cap1,75,73,0.02666666666666667,75
CHEMBL236,3,0.3,4.0,75,score_cap1,75,70,0.06666666666666667,75
CHEMBL236,3,0.3,4.0,75,weighted_bh,75,74,0.013333333333333334,60
CHEMBL236,3,0.3,6.0,10,meta_calibration,10,10,0.0,10
CHEMBL236,3,0.3,6.0,10,chemdeprc_cap1,10,7,0.3,10
CHEMBL236,3,0.3,6.0,10,minp_block_bh_cap1,10,10,0.0,10
CHEMBL236,3,0.3,6.0,10,score_cap1,10,6,0.4,10
CHEMBL236,3,0.3,6.0,10,weighted_bh,10,10,0.0,10
CHEMBL236,3,0.3,6.0,50,meta_calibration,50,50,0.0,50
CHEMBL236,3,0.3,6.0,50,chemdeprc_cap1,50,46,0.08,50
CHEMBL236,3,0.3,6.0,50,minp_block_bh_cap1,50,49,0.02,50
CHEMBL236,3,0.3,6.0,50,score_cap1,50,44,0.12,50
CHEMBL236,3,0.3,6.0,50,weighted_bh,50,50,0.0,42
CHEMBL236,3,0.3,6.0,75,meta_calibration,75,75,0.0,75
CHEMBL236,3,0.3,6.0,75,chemdeprc_cap1,75,70,0.06666666666666667,75
CHEMBL236,3,0.3,6.0,75,minp_block_bh_cap1,75,72,0.04,75
CHEMBL236,3,0.3,6.0,75,score_cap1,75,69,0.08,75
CHEMBL236,3,0.3,6.0,75,weighted_bh,75,72,0.04,60
CHEMBL236,4,0.2,4.0,10,meta_calibration,10,10,0.0,10
CHEMBL236,4,0.2,4.0,10,chemdeprc_cap1,10,10,0.0,10
CHEMBL236,4,0.2,4.0,10,minp_block_bh_cap1,10,10,0.0,10
CHEMBL236,4,0.2,4.0,10,score_cap1,10,7,0.3,10
CHEMBL236,4,0.2,4.0,10,weighted_bh,10,10,0.0,10
CHEMBL236,4,0.2,4.0,50,meta_calibration,50,49,0.02,50
CHEMBL236,4,0.2,4.0,50,chemdeprc_cap1,50,49,0.02,50
CHEMBL236,4,0.2,4.0,50,minp_block_bh_cap1,50,49,0.02,50
CHEMBL236,4,0.2,4.0,50,score_cap1,50,47,0.06,50
CHEMBL236,4,0.2,4.0,50,weighted_bh,50,50,0.0,42
CHEMBL236,4,0.2,4.0,75,meta_calibration,75,74,0.013333333333333334,75
CHEMBL236,4,0.2,4.0,75,chemdeprc_cap1,75,71,0.05333333333333334,75
CHEMBL236,4,0.2,4.0,75,minp_block_bh_cap1,75,73,0.02666666666666667,75
CHEMBL236,4,0.2,4.0,75,score_cap1,75,71,0.05333333333333334,75
CHEMBL236,4,0.2,4.0,75,weighted_bh,75,74,0.013333333333333334,60
CHEMBL236,4,0.2,6.0,10,meta_calibration,10,10,0.0,10
CHEMBL236,4,0.2,6.0,10,chemdeprc_cap1,10,9,0.1,10
CHEMBL236,4,0.2,6.0,10,minp_block_bh_cap1,10,10,0.0,10
CHEMBL236,4,0.2,6.0,10,score_cap1,10,7,0.3,10
CHEMBL236,4,0.2,6.0,10,weighted_bh,10,10,0.0,10
CHEMBL236,4,0.2,6.0,50,meta_calibration,50,50,0.0,50
CHEMBL236,4,0.2,6.0,50,chemdeprc_cap1,50,48,0.04,50
CHEMBL236,4,0.2,6.0,50,minp_block_bh_cap1,50,49,0.02,50
CHEMBL236,4,0.2,6.0,50,score_cap1,50,46,0.08,50
CHEMBL236,4,0.2,6.0,50,weighted_bh,50,48,0.04,42
CHEMBL236,4,0.2,6.0,75,meta_calibration,75,75,0.0,75
CHEMBL236,4,0.2,6.0,75,chemdeprc_cap1,75,71,0.05333333333333334,75
CHEMBL236,4,0.2,6.0,75,minp_block_bh_cap1,75,73,0.02666666666666667,75
CHEMBL236,4,0.2,6.0,75,score_cap1,75,71,0.05333333333333334,75
CHEMBL236,4,0.2,6.0,75,weighted_bh,75,73,0.02666666666666667,60
CHEMBL236,4,0.3,4.0,10,meta_calibration,10,10,0.0,10
CHEMBL236,4,0.3,4.0,10,chemdeprc_cap1,10,10,0.0,10
CHEMBL236,4,0.3,4.0,10,minp_block_bh_cap1,10,10,0.0,10
CHEMBL236,4,0.3,4.0,10,score_cap1,10,8,0.2,10
CHEMBL236,4,0.3,4.0,10,weighted_bh,10,10,0.0,10
CHEMBL236,4,0.3,4.0,50,meta_calibration,50,50,0.0,50
CHEMBL236,4,0.3,4.0,50,chemdeprc_cap1,50,48,0.04,50
CHEMBL236,4,0.3,4.0,50,minp_block_bh_cap1,50,49,0.02,50
CHEMBL236,4,0.3,4.0,50,score_cap1,50,46,0.08,50
CHEMBL236,4,0.3,4.0,50,weighted_bh,50,50,0.0,42
CHEMBL236,4,0.3,4.0,75,meta_calibration,75,73,0.02666666666666667,75
CHEMBL236,4,0.3,4.0,75,chemdeprc_cap1,75,71,0.05333333333333334,75
CHEMBL236,4,0.3,4.0,75,minp_block_bh_cap1,75,73,0.02666666666666667,75
CHEMBL236,4,0.3,4.0,75,score_cap1,75,70,0.06666666666666667,75
CHEMBL236,4,0.3,4.0,75,weighted_bh,75,74,0.013333333333333334,60
CHEMBL236,4,0.3,6.0,10,meta_calibration,10,10,0.0,10
CHEMBL236,4,0.3,6.0,10,chemdeprc_cap1,10,7,0.3,10
CHEMBL236,4,0.3,6.0,10,minp_block_bh_cap1,10,10,0.0,10
CHEMBL236,4,0.3,6.0,10,score_cap1,10,6,0.4,10
CHEMBL236,4,0.3,6.0,10,weighted_bh,10,10,0.0,10
CHEMBL236,4,0.3,6.0,50,meta_calibration,50,50,0.0,50
CHEMBL236,4,0.3,6.0,50,chemdeprc_cap1,50,46,0.08,50
CHEMBL236,4,0.3,6.0,50,minp_block_bh_cap1,50,49,0.02,50
CHEMBL236,4,0.3,6.0,50,score_cap1,50,44,0.12,50
CHEMBL236,4,0.3,6.0,50,weighted_bh,50,50,0.0,42
CHEMBL236,4,0.3,6.0,75,meta_calibration,75,74,0.013333333333333334,75
CHEMBL236,4,0.3,6.0,75,chemdeprc_cap1,75,70,0.06666666666666667,75
CHEMBL236,4,0.3,6.0,75,minp_block_bh_cap1,75,72,0.04,75
CHEMBL236,4,0.3,6.0,75,score_cap1,75,69,0.08,75
CHEMBL236,4,0.3,6.0,75,weighted_bh,75,72,0.04,60
CHEMBL236,5,0.2,4.0,10,meta_calibration,10,10,0.0,10
CHEMBL236,5,0.2,4.0,10,chemdeprc_cap1,10,10,0.0,10
CHEMBL236,5,0.2,4.0,10,minp_block_bh_cap1,10,10,0.0,10
CHEMBL236,5,0.2,4.0,10,score_cap1,10,9,0.1,10
CHEMBL236,5,0.2,4.0,10,weighted_bh,10,10,0.0,10
CHEMBL236,5,0.2,4.0,50,meta_calibration,50,50,0.0,50
CHEMBL236,5,0.2,4.0,50,chemdeprc_cap1,50,48,0.04,50
CHEMBL236,5,0.2,4.0,50,minp_block_bh_cap1,50,49,0.02,50
CHEMBL236,5,0.2,4.0,50,score_cap1,50,48,0.04,50
CHEMBL236,5,0.2,4.0,50,weighted_bh,50,50,0.0,42
CHEMBL236,5,0.2,4.0,75,meta_calibration,75,73,0.02666666666666667,75
CHEMBL236,5,0.2,4.0,75,chemdeprc_cap1,75,72,0.04,75
CHEMBL236,5,0.2,4.0,75,minp_block_bh_cap1,75,73,0.02666666666666667,75
CHEMBL236,5,0.2,4.0,75,score_cap1,75,72,0.04,75
CHEMBL236,5,0.2,4.0,75,weighted_bh,75,74,0.013333333333333334,60
CHEMBL236,5,0.2,6.0,10,meta_calibration,10,10,0.0,10
CHEMBL236,5,0.2,6.0,10,chemdeprc_cap1,10,8,0.2,10
CHEMBL236,5,0.2,6.0,10,minp_block_bh_cap1,10,10,0.0,10
CHEMBL236,5,0.2,6.0,10,score_cap1,10,7,0.3,10
CHEMBL236,5,0.2,6.0,10,weighted_bh,10,10,0.0,10
CHEMBL236,5,0.2,6.0,50,meta_calibration,50,50,0.0,50
CHEMBL236,5,0.2,6.0,50,chemdeprc_cap1,50,46,0.08,50
CHEMBL236,5,0.2,6.0,50,minp_block_bh_cap1,50,49,0.02,50
CHEMBL236,5,0.2,6.0,50,score_cap1,50,46,0.08,50
CHEMBL236,5,0.2,6.0,50,weighted_bh,50,50,0.0,42
CHEMBL236,5,0.2,6.0,75,meta_calibration,75,74,0.013333333333333334,75
CHEMBL236,5,0.2,6.0,75,chemdeprc_cap1,75,71,0.05333333333333334,75
CHEMBL236,5,0.2,6.0,75,minp_block_bh_cap1,75,72,0.04,75
CHEMBL236,5,0.2,6.0,75,score_cap1,75,71,0.05333333333333334,75
CHEMBL236,5,0.2,6.0,75,weighted_bh,75,72,0.04,60
CHEMBL236,5,0.3,4.0,10,meta_calibration,10,10,0.0,10
CHEMBL236,5,0.3,4.0,10,chemdeprc_cap1,10,10,0.0,10
CHEMBL236,5,0.3,4.0,10,minp_block_bh_cap1,10,10,0.0,10
CHEMBL236,5,0.3,4.0,10,score_cap1,10,8,0.2,10
CHEMBL236,5,0.3,4.0,10,weighted_bh,10,10,0.0,10
CHEMBL236,5,0.3,4.0,50,meta_calibration,50,50,0.0,50
CHEMBL236,5,0.3,4.0,50,chemdeprc_cap1,50,47,0.06,50
CHEMBL236,5,0.3,4.0,50,minp_block_bh_cap1,50,49,0.02,50
CHEMBL236,5,0.3,4.0,50,score_cap1,50,46,0.08,50
CHEMBL236,5,0.3,4.0,50,weighted_bh,50,50,0.0,42
CHEMBL236,5,0.3,4.0,75,meta_calibration,75,73,0.02666666666666667,75
CHEMBL236,5,0.3,4.0,75,chemdeprc_cap1,75,70,0.06666666666666667,75
CHEMBL236,5,0.3,4.0,75,minp_block_bh_cap1,75,72,0.04,75
CHEMBL236,5,0.3,4.0,75,score_cap1,75,70,0.06666666666666667,75
CHEMBL236,5,0.3,4.0,75,weighted_bh,75,74,0.013333333333333334,60
CHEMBL236,5,0.3,6.0,10,meta_calibration,10,10,0.0,10
CHEMBL236,5,0.3,6.0,10,chemdeprc_cap1,10,8,0.2,10
CHEMBL236,5,0.3,6.0,10,minp_block_bh_cap1,10,10,0.0,10
CHEMBL236,5,0.3,6.0,10,score_cap1,10,6,0.4,10
CHEMBL236,5,0.3,6.0,10,weighted_bh,10,10,0.0,10
CHEMBL236,5,0.3,6.0,50,meta_calibration,50,49,0.02,50
CHEMBL236,5,0.3,6.0,50,chemdeprc_cap1,50,45,0.1,50
CHEMBL236,5,0.3,6.0,50,minp_block_bh_cap1,50,48,0.04,50
CHEMBL236,5,0.3,6.0,50,score_cap1,50,45,0.1,50
CHEMBL236,5,0.3,6.0,50,weighted_bh,50,50,0.0,42
CHEMBL236,5,0.3,6.0,75,meta_calibration,75,74,0.013333333333333334,75
CHEMBL236,5,0.3,6.0,75,chemdeprc_cap1,75,69,0.08,75
CHEMBL236,5,0.3,6.0,75,minp_block_bh_cap1,75,71,0.05333333333333334,75
CHEMBL236,5,0.3,6.0,75,score_cap1,75,69,0.08,75
CHEMBL236,5,0.3,6.0,75,weighted_bh,75,70,0.06666666666666667,59
CHEMBL236,6,0.2,4.0,10,meta_calibration,10,10,0.0,10
CHEMBL236,6,0.2,4.0,10,chemdeprc_cap1,10,10,0.0,10
CHEMBL236,6,0.2,4.0,10,minp_block_bh_cap1,10,10,0.0,10
CHEMBL236,6,0.2,4.0,10,score_cap1,10,10,0.0,10
CHEMBL236,6,0.2,4.0,10,weighted_bh,10,10,0.0,10
CHEMBL236,6,0.2,4.0,50,meta_calibration,50,49,0.02,50
CHEMBL236,6,0.2,4.0,50,chemdeprc_cap1,50,49,0.02,50
CHEMBL236,6,0.2,4.0,50,minp_block_bh_cap1,50,49,0.02,50
CHEMBL236,6,0.2,4.0,50,score_cap1,50,49,0.02,50
CHEMBL236,6,0.2,4.0,50,weighted_bh,50,50,0.0,42
CHEMBL236,6,0.2,4.0,75,meta_calibration,75,73,0.02666666666666667,75
CHEMBL236,6,0.2,4.0,75,chemdeprc_cap1,75,71,0.05333333333333334,75
CHEMBL236,6,0.2,4.0,75,minp_block_bh_cap1,75,72,0.04,75
CHEMBL236,6,0.2,4.0,75,score_cap1,75,71,0.05333333333333334,75
CHEMBL236,6,0.2,4.0,75,weighted_bh,75,74,0.013333333333333334,60
CHEMBL236,6,0.2,6.0,10,meta_calibration,10,10,0.0,10
CHEMBL236,6,0.2,6.0,10,chemdeprc_cap1,10,7,0.3,10
CHEMBL236,6,0.2,6.0,10,minp_block_bh_cap1,10,10,0.0,10
CHEMBL236,6,0.2,6.0,10,score_cap1,10,7,0.3,10
CHEMBL236,6,0.2,6.0,10,weighted_bh,10,10,0.0,10
CHEMBL236,6,0.2,6.0,50,meta_calibration,50,50,0.0,50
CHEMBL236,6,0.2,6.0,50,chemdeprc_cap1,50,46,0.08,50
CHEMBL236,6,0.2,6.0,50,minp_block_bh_cap1,50,48,0.04,50
CHEMBL236,6,0.2,6.0,50,score_cap1,50,46,0.08,50
CHEMBL236,6,0.2,6.0,50,weighted_bh,50,46,0.08,41
CHEMBL236,6,0.2,6.0,75,meta_calibration,75,75,0.0,75
CHEMBL236,6,0.2,6.0,75,chemdeprc_cap1,75,71,0.05333333333333334,75
CHEMBL236,6,0.2,6.0,75,minp_block_bh_cap1,75,72,0.04,75
CHEMBL236,6,0.2,6.0,75,score_cap1,75,71,0.05333333333333334,75
CHEMBL236,6,0.2,6.0,75,weighted_bh,75,71,0.05333333333333334,60
CHEMBL236,6,0.3,4.0,10,meta_calibration,10,10,0.0,10
CHEMBL236,6,0.3,4.0,10,chemdeprc_cap1,10,10,0.0,10
CHEMBL236,6,0.3,4.0,10,minp_block_bh_cap1,10,10,0.0,10
CHEMBL236,6,0.3,4.0,10,score_cap1,10,9,0.1,10
CHEMBL236,6,0.3,4.0,10,weighted_bh,10,10,0.0,10
CHEMBL236,6,0.3,4.0,50,meta_calibration,50,49,0.02,50
CHEMBL236,6,0.3,4.0,50,chemdeprc_cap1,50,48,0.04,50
CHEMBL236,6,0.3,4.0,50,minp_block_bh_cap1,50,49,0.02,50
CHEMBL236,6,0.3,4.0,50,score_cap1,50,47,0.06,50
CHEMBL236,6,0.3,4.0,50,weighted_bh,50,50,0.0,42
CHEMBL236,6,0.3,4.0,75,meta_calibration,75,74,0.013333333333333334,75
CHEMBL236,6,0.3,4.0,75,chemdeprc_cap1,75,71,0.05333333333333334,75
CHEMBL236,6,0.3,4.0,75,minp_block_bh_cap1,75,72,0.04,75
CHEMBL236,6,0.3,4.0,75,score_cap1,75,71,0.05333333333333334,75
CHEMBL236,6,0.3,4.0,75,weighted_bh,75,74,0.013333333333333334,60
CHEMBL236,6,0.3,6.0,10,meta_calibration,10,10,0.0,10
CHEMBL236,6,0.3,6.0,10,chemdeprc_cap1,10,8,0.2,10
CHEMBL236,6,0.3,6.0,10,minp_block_bh_cap1,10,10,0.0,10
CHEMBL236,6,0.3,6.0,10,score_cap1,10,7,0.3,10
CHEMBL236,6,0.3,6.0,10,weighted_bh,10,10,0.0,10
CHEMBL236,6,0.3,6.0,50,meta_calibration,50,49,0.02,50
CHEMBL236,6,0.3,6.0,50,chemdeprc_cap1,50,46,0.08,50
CHEMBL236,6,0.3,6.0,50,minp_block_bh_cap1,50,48,0.04,50
CHEMBL236,6,0.3,6.0,50,score_cap1,50,46,0.08,50
CHEMBL236,6,0.3,6.0,50,weighted_bh,50,48,0.04,42
CHEMBL236,6,0.3,6.0,75,meta_calibration,75,73,0.02666666666666667,75
CHEMBL236,6,0.3,6.0,75,chemdeprc_cap1,75,70,0.06666666666666667,75
CHEMBL236,6,0.3,6.0,75,minp_block_bh_cap1,75,71,0.05333333333333334,75
CHEMBL236,6,0.3,6.0,75,score_cap1,75,69,0.08,75
CHEMBL236,6,0.3,6.0,75,weighted_bh,75,71,0.05333333333333334,60
CHEMBL236,7,0.2,4.0,10,meta_calibration,10,10,0.0,10
CHEMBL236,7,0.2,4.0,10,chemdeprc_cap1,10,10,0.0,10
CHEMBL236,7,0.2,4.0,10,minp_block_bh_cap1,10,10,0.0,10
CHEMBL236,7,0.2,4.0,10,score_cap1,10,9,0.1,10
CHEMBL236,7,0.2,4.0,10,weighted_bh,10,10,0.0,10
CHEMBL236,7,0.2,4.0,50,meta_calibration,50,49,0.02,50
CHEMBL236,7,0.2,4.0,50,chemdeprc_cap1,50,50,0.0,50
CHEMBL236,7,0.2,4.0,50,minp_block_bh_cap1,50,49,0.02,50
CHEMBL236,7,0.2,4.0,50,score_cap1,50,49,0.02,50
CHEMBL236,7,0.2,4.0,50,weighted_bh,50,50,0.0,42
CHEMBL236,7,0.2,4.0,75,meta_calibration,75,74,0.013333333333333334,75
CHEMBL236,7,0.2,4.0,75,chemdeprc_cap1,75,72,0.04,75
CHEMBL236,7,0.2,4.0,75,minp_block_bh_cap1,75,72,0.04,75
CHEMBL236,7,0.2,4.0,75,score_cap1,75,72,0.04,75
CHEMBL236,7,0.2,4.0,75,weighted_bh,75,74,0.013333333333333334,60
CHEMBL236,7,0.2,6.0,10,meta_calibration,10,10,0.0,10
CHEMBL236,7,0.2,6.0,10,chemdeprc_cap1,10,9,0.1,10
CHEMBL236,7,0.2,6.0,10,minp_block_bh_cap1,10,10,0.0,10
CHEMBL236,7,0.2,6.0,10,score_cap1,10,8,0.2,10
CHEMBL236,7,0.2,6.0,10,weighted_bh,10,10,0.0,10
CHEMBL236,7,0.2,6.0,50,meta_calibration,50,50,0.0,50
CHEMBL236,7,0.2,6.0,50,chemdeprc_cap1,50,47,0.06,50
CHEMBL236,7,0.2,6.0,50,minp_block_bh_cap1,50,47,0.06,50
CHEMBL236,7,0.2,6.0,50,score_cap1,50,46,0.08,50
CHEMBL236,7,0.2,6.0,50,weighted_bh,50,45,0.1,41
CHEMBL236,7,0.2,6.0,75,meta_calibration,75,75,0.0,75
CHEMBL236,7,0.2,6.0,75,chemdeprc_cap1,75,71,0.05333333333333334,75
CHEMBL236,7,0.2,6.0,75,minp_block_bh_cap1,75,71,0.05333333333333334,75
CHEMBL236,7,0.2,6.0,75,score_cap1,75,71,0.05333333333333334,75
CHEMBL236,7,0.2,6.0,75,weighted_bh,75,69,0.08,59
CHEMBL236,7,0.3,4.0,10,meta_calibration,10,10,0.0,10
CHEMBL236,7,0.3,4.0,10,chemdeprc_cap1,10,10,0.0,10
CHEMBL236,7,0.3,4.0,10,minp_block_bh_cap1,10,10,0.0,10
CHEMBL236,7,0.3,4.0,10,score_cap1,10,8,0.2,10
CHEMBL236,7,0.3,4.0,10,weighted_bh,10,10,0.0,10
CHEMBL236,7,0.3,4.0,50,meta_calibration,50,50,0.0,50
CHEMBL236,7,0.3,4.0,50,chemdeprc_cap1,50,46,0.08,50
CHEMBL236,7,0.3,4.0,50,minp_block_bh_cap1,50,48,0.04,50
CHEMBL236,7,0.3,4.0,50,score_cap1,50,45,0.1,50
CHEMBL236,7,0.3,4.0,50,weighted_bh,50,50,0.0,42
CHEMBL236,7,0.3,4.0,75,meta_calibration,75,72,0.04,75
CHEMBL236,7,0.3,4.0,75,chemdeprc_cap1,75,69,0.08,75
CHEMBL236,7,0.3,4.0,75,minp_block_bh_cap1,75,72,0.04,75
CHEMBL236,7,0.3,4.0,75,score_cap1,75,69,0.08,75
CHEMBL236,7,0.3,4.0,75,weighted_bh,75,71,0.05333333333333334,60
CHEMBL236,7,0.3,6.0,10,meta_calibration,10,10,0.0,10
CHEMBL236,7,0.3,6.0,10,chemdeprc_cap1,10,7,0.3,10
CHEMBL236,7,0.3,6.0,10,minp_block_bh_cap1,10,10,0.0,10
CHEMBL236,7,0.3,6.0,10,score_cap1,10,5,0.5,10
CHEMBL236,7,0.3,6.0,10,weighted_bh,10,10,0.0,10
CHEMBL236,7,0.3,6.0,50,meta_calibration,50,50,0.0,50
CHEMBL236,7,0.3,6.0,50,chemdeprc_cap1,50,45,0.1,50
CHEMBL236,7,0.3,6.0,50,minp_block_bh_cap1,50,48,0.04,50
CHEMBL236,7,0.3,6.0,50,score_cap1,50,44,0.12,50
CHEMBL236,7,0.3,6.0,50,weighted_bh,50,50,0.0,42
CHEMBL236,7,0.3,6.0,75,meta_calibration,75,75,0.0,75
CHEMBL236,7,0.3,6.0,75,chemdeprc_cap1,75,69,0.08,75
CHEMBL236,7,0.3,6.0,75,minp_block_bh_cap1,75,72,0.04,75
CHEMBL236,7,0.3,6.0,75,score_cap1,75,69,0.08,75
CHEMBL236,7,0.3,6.0,75,weighted_bh,75,69,0.08,58
CHEMBL236,8,0.2,4.0,10,meta_calibration,10,10,0.0,10
CHEMBL236,8,0.2,4.0,10,chemdeprc_cap1,10,10,0.0,10
CHEMBL236,8,0.2,4.0,10,minp_block_bh_cap1,10,10,0.0,10
CHEMBL236,8,0.2,4.0,10,score_cap1,10,8,0.2,10
CHEMBL236,8,0.2,4.0,10,weighted_bh,10,10,0.0,10
CHEMBL236,8,0.2,4.0,50,meta_calibration,50,50,0.0,50
CHEMBL236,8,0.2,4.0,50,chemdeprc_cap1,50,49,0.02,50
CHEMBL236,8,0.2,4.0,50,minp_block_bh_cap1,50,50,0.0,50
CHEMBL236,8,0.2,4.0,50,score_cap1,50,48,0.04,50
CHEMBL236,8,0.2,4.0,50,weighted_bh,50,50,0.0,42
CHEMBL236,8,0.2,4.0,75,meta_calibration,75,75,0.0,75
CHEMBL236,8,0.2,4.0,75,chemdeprc_cap1,75,72,0.04,75
CHEMBL236,8,0.2,4.0,75,minp_block_bh_cap1,75,73,0.02666666666666667,75
CHEMBL236,8,0.2,4.0,75,score_cap1,75,72,0.04,75
CHEMBL236,8,0.2,4.0,75,weighted_bh,75,75,0.0,60
CHEMBL236,8,0.2,6.0,10,meta_calibration,10,10,0.0,10
CHEMBL236,8,0.2,6.0,10,chemdeprc_cap1,10,10,0.0,10
CHEMBL236,8,0.2,6.0,10,minp_block_bh_cap1,10,10,0.0,10
CHEMBL236,8,0.2,6.0,10,score_cap1,10,8,0.2,10
CHEMBL236,8,0.2,6.0,10,weighted_bh,10,10,0.0,10
CHEMBL236,8,0.2,6.0,50,meta_calibration,50,50,0.0,50
CHEMBL236,8,0.2,6.0,50,chemdeprc_cap1,50,47,0.06,50
CHEMBL236,8,0.2,6.0,50,minp_block_bh_cap1,50,49,0.02,50
CHEMBL236,8,0.2,6.0,50,score_cap1,50,46,0.08,50
CHEMBL236,8,0.2,6.0,50,weighted_bh,50,48,0.04,42
CHEMBL236,8,0.2,6.0,75,meta_calibration,75,74,0.013333333333333334,75
CHEMBL236,8,0.2,6.0,75,chemdeprc_cap1,75,71,0.05333333333333334,75
CHEMBL236,8,0.2,6.0,75,minp_block_bh_cap1,75,72,0.04,75
CHEMBL236,8,0.2,6.0,75,score_cap1,75,71,0.05333333333333334,75
CHEMBL236,8,0.2,6.0,75,weighted_bh,75,73,0.02666666666666667,60
CHEMBL236,8,0.3,4.0,10,meta_calibration,10,10,0.0,10
CHEMBL236,8,0.3,4.0,10,chemdeprc_cap1,10,10,0.0,10
CHEMBL236,8,0.3,4.0,10,minp_block_bh_cap1,10,10,0.0,10
CHEMBL236,8,0.3,4.0,10,score_cap1,10,7,0.3,10
CHEMBL236,8,0.3,4.0,10,weighted_bh,10,10,0.0,10
CHEMBL236,8,0.3,4.0,50,meta_calibration,50,49,0.02,50
CHEMBL236,8,0.3,4.0,50,chemdeprc_cap1,50,48,0.04,50
CHEMBL236,8,0.3,4.0,50,minp_block_bh_cap1,50,49,0.02,50
CHEMBL236,8,0.3,4.0,50,score_cap1,50,46,0.08,50
CHEMBL236,8,0.3,4.0,50,weighted_bh,50,50,0.0,42
CHEMBL236,8,0.3,4.0,75,meta_calibration,75,73,0.02666666666666667,75
CHEMBL236,8,0.3,4.0,75,chemdeprc_cap1,75,70,0.06666666666666667,75
CHEMBL236,8,0.3,4.0,75,minp_block_bh_cap1,75,73,0.02666666666666667,75
CHEMBL236,8,0.3,4.0,75,score_cap1,75,69,0.08,75
CHEMBL236,8,0.3,4.0,75,weighted_bh,75,74,0.013333333333333334,60
CHEMBL236,8,0.3,6.0,10,meta_calibration,10,10,0.0,10
CHEMBL236,8,0.3,6.0,10,chemdeprc_cap1,10,7,0.3,10
CHEMBL236,8,0.3,6.0,10,minp_block_bh_cap1,10,10,0.0,10
CHEMBL236,8,0.3,6.0,10,score_cap1,10,6,0.4,10
CHEMBL236,8,0.3,6.0,10,weighted_bh,10,10,0.0,10
CHEMBL236,8,0.3,6.0,50,meta_calibration,50,50,0.0,50
CHEMBL236,8,0.3,6.0,50,chemdeprc_cap1,50,46,0.08,50
CHEMBL236,8,0.3,6.0,50,minp_block_bh_cap1,50,49,0.02,50
CHEMBL236,8,0.3,6.0,50,score_cap1,50,44,0.12,50
CHEMBL236,8,0.3,6.0,50,weighted_bh,50,48,0.04,42
CHEMBL236,8,0.3,6.0,75,meta_calibration,75,75,0.0,75
CHEMBL236,8,0.3,6.0,75,chemdeprc_cap1,75,70,0.06666666666666667,75
CHEMBL236,8,0.3,6.0,75,minp_block_bh_cap1,75,73,0.02666666666666667,75
CHEMBL236,8,0.3,6.0,75,score_cap1,75,69,0.08,75
CHEMBL236,8,0.3,6.0,75,weighted_bh,75,73,0.02666666666666667,60
CHEMBL236,9,0.2,4.0,10,meta_calibration,10,10,0.0,10
CHEMBL236,9,0.2,4.0,10,chemdeprc_cap1,10,10,0.0,10
CHEMBL236,9,0.2,4.0,10,minp_block_bh_cap1,10,10,0.0,10
CHEMBL236,9,0.2,4.0,10,score_cap1,10,10,0.0,10
CHEMBL236,9,0.2,4.0,10,weighted_bh,10,10,0.0,10
CHEMBL236,9,0.2,4.0,50,meta_calibration,50,50,0.0,50
CHEMBL236,9,0.2,4.0,50,chemdeprc_cap1,50,50,0.0,50
CHEMBL236,9,0.2,4.0,50,minp_block_bh_cap1,50,50,0.0,50
CHEMBL236,9,0.2,4.0,50,score_cap1,50,50,0.0,50
CHEMBL236,9,0.2,4.0,50,weighted_bh,50,50,0.0,42
CHEMBL236,9,0.2,4.0,75,meta_calibration,75,75,0.0,75
CHEMBL236,9,0.2,4.0,75,chemdeprc_cap1,75,75,0.0,75
CHEMBL236,9,0.2,4.0,75,minp_block_bh_cap1,75,74,0.013333333333333334,75
CHEMBL236,9,0.2,4.0,75,score_cap1,75,75,0.0,75
CHEMBL236,9,0.2,4.0,75,weighted_bh,75,75,0.0,60
CHEMBL236,9,0.2,6.0,10,meta_calibration,10,10,0.0,10
CHEMBL236,9,0.2,6.0,10,chemdeprc_cap1,10,10,0.0,10
CHEMBL236,9,0.2,6.0,10,minp_block_bh_cap1,10,10,0.0,10
CHEMBL236,9,0.2,6.0,10,score_cap1,10,10,0.0,10
CHEMBL236,9,0.2,6.0,10,weighted_bh,10,10,0.0,10
CHEMBL236,9,0.2,6.0,50,meta_calibration,50,48,0.04,50
CHEMBL236,9,0.2,6.0,50,chemdeprc_cap1,50,47,0.06,50
CHEMBL236,9,0.2,6.0,50,minp_block_bh_cap1,50,48,0.04,50
CHEMBL236,9,0.2,6.0,50,score_cap1,50,47,0.06,50
CHEMBL236,9,0.2,6.0,50,weighted_bh,50,49,0.02,42
CHEMBL236,9,0.2,6.0,75,meta_calibration,75,72,0.04,75
CHEMBL236,9,0.2,6.0,75,chemdeprc_cap1,75,71,0.05333333333333334,75
CHEMBL236,9,0.2,6.0,75,minp_block_bh_cap1,75,71,0.05333333333333334,75
CHEMBL236,9,0.2,6.0,75,score_cap1,75,71,0.05333333333333334,75
CHEMBL236,9,0.2,6.0,75,weighted_bh,75,72,0.04,61
CHEMBL236,9,0.3,4.0,10,meta_calibration,10,10,0.0,10
CHEMBL236,9,0.3,4.0,10,chemdeprc_cap1,10,10,0.0,10
CHEMBL236,9,0.3,4.0,10,minp_block_bh_cap1,10,10,0.0,10
CHEMBL236,9,0.3,4.0,10,score_cap1,10,8,0.2,10
CHEMBL236,9,0.3,4.0,10,weighted_bh,10,10,0.0,10
CHEMBL236,9,0.3,4.0,50,meta_calibration,50,50,0.0,50
CHEMBL236,9,0.3,4.0,50,chemdeprc_cap1,50,47,0.06,50
CHEMBL236,9,0.3,4.0,50,minp_block_bh_cap1,50,49,0.02,50
CHEMBL236,9,0.3,4.0,50,score_cap1,50,46,0.08,50
CHEMBL236,9,0.3,4.0,50,weighted_bh,50,50,0.0,42
CHEMBL236,9,0.3,4.0,75,meta_calibration,75,73,0.02666666666666667,75
CHEMBL236,9,0.3,4.0,75,chemdeprc_cap1,75,71,0.05333333333333334,75
CHEMBL236,9,0.3,4.0,75,minp_block_bh_cap1,75,73,0.02666666666666667,75
CHEMBL236,9,0.3,4.0,75,score_cap1,75,71,0.05333333333333334,75
CHEMBL236,9,0.3,4.0,75,weighted_bh,75,72,0.04,60
CHEMBL236,9,0.3,6.0,10,meta_calibration,10,10,0.0,10
CHEMBL236,9,0.3,6.0,10,chemdeprc_cap1,10,8,0.2,10
CHEMBL236,9,0.3,6.0,10,minp_block_bh_cap1,10,10,0.0,10
CHEMBL236,9,0.3,6.0,10,score_cap1,10,6,0.4,10
CHEMBL236,9,0.3,6.0,10,weighted_bh,10,10,0.0,10
CHEMBL236,9,0.3,6.0,50,meta_calibration,50,49,0.02,50
CHEMBL236,9,0.3,6.0,50,chemdeprc_cap1,50,45,0.1,50
CHEMBL236,9,0.3,6.0,50,minp_block_bh_cap1,50,48,0.04,50
CHEMBL236,9,0.3,6.0,50,score_cap1,50,45,0.1,50
CHEMBL236,9,0.3,6.0,50,weighted_bh,50,50,0.0,42
CHEMBL236,9,0.3,6.0,75,meta_calibration,75,74,0.013333333333333334,75
CHEMBL236,9,0.3,6.0,75,chemdeprc_cap1,75,70,0.06666666666666667,75
CHEMBL236,9,0.3,6.0,75,minp_block_bh_cap1,75,71,0.05333333333333334,75
CHEMBL236,9,0.3,6.0,75,score_cap1,75,69,0.08,75
CHEMBL236,9,0.3,6.0,75,weighted_bh,75,70,0.06666666666666667,59
CHEMBL238,0,0.2,4.0,10,meta_calibration,10,10,0.0,10
CHEMBL238,0,0.2,4.0,10,chemdeprc_cap1,10,10,0.0,10
CHEMBL238,0,0.2,4.0,10,minp_block_bh_cap1,10,10,0.0,10
CHEMBL238,0,0.2,4.0,10,score_cap1,10,9,0.1,10
CHEMBL238,0,0.2,4.0,10,weighted_bh,10,10,0.0,10
CHEMBL238,0,0.2,4.0,50,meta_calibration,50,45,0.1,50
CHEMBL238,0,0.2,4.0,50,chemdeprc_cap1,50,46,0.08,50
CHEMBL238,0,0.2,4.0,50,minp_block_bh_cap1,50,44,0.12,50
CHEMBL238,0,0.2,4.0,50,score_cap1,50,43,0.14,50
CHEMBL238,0,0.2,4.0,50,weighted_bh,50,47,0.06,44
CHEMBL238,0,0.2,4.0,75,meta_calibration,75,62,0.17333333333333334,75
CHEMBL238,0,0.2,4.0,75,chemdeprc_cap1,75,59,0.21333333333333335,75
CHEMBL238,0,0.2,4.0,75,minp_block_bh_cap1,75,58,0.22666666666666666,75
CHEMBL238,0,0.2,4.0,75,score_cap1,75,60,0.2,75
CHEMBL238,0,0.2,4.0,75,weighted_bh,75,62,0.17333333333333334,54
CHEMBL238,0,0.2,6.0,10,meta_calibration,10,10,0.0,10
CHEMBL238,0,0.2,6.0,10,chemdeprc_cap1,10,9,0.1,10
CHEMBL238,0,0.2,6.0,10,minp_block_bh_cap1,10,10,0.0,10
CHEMBL238,0,0.2,6.0,10,score_cap1,10,5,0.5,10
CHEMBL238,0,0.2,6.0,10,weighted_bh,10,10,0.0,10
CHEMBL238,0,0.2,6.0,50,meta_calibration,50,47,0.06,50
CHEMBL238,0,0.2,6.0,50,chemdeprc_cap1,50,42,0.16,50
CHEMBL238,0,0.2,6.0,50,minp_block_bh_cap1,50,43,0.14,50
CHEMBL238,0,0.2,6.0,50,score_cap1,50,42,0.16,50
CHEMBL238,0,0.2,6.0,50,weighted_bh,50,44,0.12,43
CHEMBL238,0,0.2,6.0,75,meta_calibration,75,62,0.17333333333333334,75
CHEMBL238,0,0.2,6.0,75,chemdeprc_cap1,75,59,0.21333333333333335,75
CHEMBL238,0,0.2,6.0,75,minp_block_bh_cap1,75,58,0.22666666666666666,75
CHEMBL238,0,0.2,6.0,75,score_cap1,75,60,0.2,75
CHEMBL238,0,0.2,6.0,75,weighted_bh,75,60,0.2,53
CHEMBL238,0,0.3,4.0,10,meta_calibration,10,10,0.0,10
CHEMBL238,0,0.3,4.0,10,chemdeprc_cap1,10,9,0.1,10
CHEMBL238,0,0.3,4.0,10,minp_block_bh_cap1,10,10,0.0,10
CHEMBL238,0,0.3,4.0,10,score_cap1,10,6,0.4,10
CHEMBL238,0,0.3,4.0,10,weighted_bh,10,10,0.0,10
CHEMBL238,0,0.3,4.0,50,meta_calibration,50,46,0.08,50
CHEMBL238,0,0.3,4.0,50,chemdeprc_cap1,50,42,0.16,50
CHEMBL238,0,0.3,4.0,50,minp_block_bh_cap1,50,43,0.14,50
CHEMBL238,0,0.3,4.0,50,score_cap1,50,42,0.16,50
CHEMBL238,0,0.3,4.0,50,weighted_bh,50,44,0.12,42
CHEMBL238,0,0.3,4.0,75,meta_calibration,75,62,0.17333333333333334,75
CHEMBL238,0,0.3,4.0,75,chemdeprc_cap1,75,57,0.24,75
CHEMBL238,0,0.3,4.0,75,minp_block_bh_cap1,75,57,0.24,75
CHEMBL238,0,0.3,4.0,75,score_cap1,75,59,0.21333333333333335,75
CHEMBL238,0,0.3,4.0,75,weighted_bh,75,57,0.24,53
CHEMBL238,0,0.3,6.0,10,meta_calibration,10,10,0.0,10
CHEMBL238,0,0.3,6.0,10,chemdeprc_cap1,10,8,0.2,10
CHEMBL238,0,0.3,6.0,10,minp_block_bh_cap1,10,10,0.0,10
CHEMBL238,0,0.3,6.0,10,score_cap1,10,5,0.5,10
CHEMBL238,0,0.3,6.0,10,weighted_bh,10,10,0.0,10
CHEMBL238,0,0.3,6.0,50,meta_calibration,50,45,0.1,50
CHEMBL238,0,0.3,6.0,50,chemdeprc_cap1,50,40,0.2,50
CHEMBL238,0,0.3,6.0,50,minp_block_bh_cap1,50,43,0.14,50
CHEMBL238,0,0.3,6.0,50,score_cap1,50,39,0.22,50
CHEMBL238,0,0.3,6.0,50,weighted_bh,50,41,0.18,42
CHEMBL238,0,0.3,6.0,75,meta_calibration,75,64,0.14666666666666667,75
CHEMBL238,0,0.3,6.0,75,chemdeprc_cap1,75,57,0.24,75
CHEMBL238,0,0.3,6.0,75,minp_block_bh_cap1,75,57,0.24,75
CHEMBL238,0,0.3,6.0,75,score_cap1,75,59,0.21333333333333335,75
CHEMBL238,0,0.3,6.0,75,weighted_bh,75,54,0.28,51
CHEMBL238,1,0.2,4.0,10,meta_calibration,10,10,0.0,10
CHEMBL238,1,0.2,4.0,10,chemdeprc_cap1,10,9,0.1,10
CHEMBL238,1,0.2,4.0,10,minp_block_bh_cap1,10,9,0.1,10
CHEMBL238,1,0.2,4.0,10,score_cap1,10,9,0.1,10
CHEMBL238,1,0.2,4.0,10,weighted_bh,10,9,0.1,10
CHEMBL238,1,0.2,4.0,50,meta_calibration,50,45,0.1,50
CHEMBL238,1,0.2,4.0,50,chemdeprc_cap1,50,45,0.1,50
CHEMBL238,1,0.2,4.0,50,minp_block_bh_cap1,50,45,0.1,50
CHEMBL238,1,0.2,4.0,50,score_cap1,50,45,0.1,50
CHEMBL238,1,0.2,4.0,50,weighted_bh,50,44,0.12,42
CHEMBL238,1,0.2,4.0,75,meta_calibration,75,61,0.18666666666666668,75
CHEMBL238,1,0.2,4.0,75,chemdeprc_cap1,75,61,0.18666666666666668,75
CHEMBL238,1,0.2,4.0,75,minp_block_bh_cap1,75,60,0.2,75
CHEMBL238,1,0.2,4.0,75,score_cap1,75,62,0.17333333333333334,75
CHEMBL238,1,0.2,4.0,75,weighted_bh,75,62,0.17333333333333334,53
CHEMBL238,1,0.2,6.0,10,meta_calibration,10,10,0.0,10
CHEMBL238,1,0.2,6.0,10,chemdeprc_cap1,10,8,0.2,10
CHEMBL238,1,0.2,6.0,10,minp_block_bh_cap1,10,9,0.1,10
CHEMBL238,1,0.2,6.0,10,score_cap1,10,7,0.3,10
CHEMBL238,1,0.2,6.0,10,weighted_bh,10,9,0.1,10
CHEMBL238,1,0.2,6.0,50,meta_calibration,50,47,0.06,50
CHEMBL238,1,0.2,6.0,50,chemdeprc_cap1,50,43,0.14,50
CHEMBL238,1,0.2,6.0,50,minp_block_bh_cap1,50,44,0.12,50
CHEMBL238,1,0.2,6.0,50,score_cap1,50,43,0.14,50
CHEMBL238,1,0.2,6.0,50,weighted_bh,50,44,0.12,42
CHEMBL238,1,0.2,6.0,75,meta_calibration,75,62,0.17333333333333334,75
CHEMBL238,1,0.2,6.0,75,chemdeprc_cap1,75,60,0.2,75
CHEMBL238,1,0.2,6.0,75,minp_block_bh_cap1,75,59,0.21333333333333335,75
CHEMBL238,1,0.2,6.0,75,score_cap1,75,61,0.18666666666666668,75
CHEMBL238,1,0.2,6.0,75,weighted_bh,75,62,0.17333333333333334,53
CHEMBL238,1,0.3,4.0,10,meta_calibration,10,10,0.0,10
CHEMBL238,1,0.3,4.0,10,chemdeprc_cap1,10,9,0.1,10
CHEMBL238,1,0.3,4.0,10,minp_block_bh_cap1,10,10,0.0,10
CHEMBL238,1,0.3,4.0,10,score_cap1,10,6,0.4,10
CHEMBL238,1,0.3,4.0,10,weighted_bh,10,10,0.0,10
CHEMBL238,1,0.3,4.0,50,meta_calibration,50,46,0.08,50
CHEMBL238,1,0.3,4.0,50,chemdeprc_cap1,50,43,0.14,50
CHEMBL238,1,0.3,4.0,50,minp_block_bh_cap1,50,45,0.1,50
CHEMBL238,1,0.3,4.0,50,score_cap1,50,42,0.16,50
CHEMBL238,1,0.3,4.0,50,weighted_bh,50,47,0.06,44
CHEMBL238,1,0.3,4.0,75,meta_calibration,75,62,0.17333333333333334,75
CHEMBL238,1,0.3,4.0,75,chemdeprc_cap1,75,57,0.24,75
CHEMBL238,1,0.3,4.0,75,minp_block_bh_cap1,75,58,0.22666666666666666,75
CHEMBL238,1,0.3,4.0,75,score_cap1,75,59,0.21333333333333335,75
CHEMBL238,1,0.3,4.0,75,weighted_bh,75,62,0.17333333333333334,52
CHEMBL238,1,0.3,6.0,10,meta_calibration,10,10,0.0,10
CHEMBL238,1,0.3,6.0,10,chemdeprc_cap1,10,9,0.1,10
CHEMBL238,1,0.3,6.0,10,minp_block_bh_cap1,10,10,0.0,10
CHEMBL238,1,0.3,6.0,10,score_cap1,10,5,0.5,10
CHEMBL238,1,0.3,6.0,10,weighted_bh,10,10,0.0,10
CHEMBL238,1,0.3,6.0,50,meta_calibration,50,46,0.08,50
CHEMBL238,1,0.3,6.0,50,chemdeprc_cap1,50,40,0.2,50
CHEMBL238,1,0.3,6.0,50,minp_block_bh_cap1,50,43,0.14,50
CHEMBL238,1,0.3,6.0,50,score_cap1,50,40,0.2,50
CHEMBL238,1,0.3,6.0,50,weighted_bh,50,47,0.06,44
CHEMBL238,1,0.3,6.0,75,meta_calibration,75,63,0.16,75
CHEMBL238,1,0.3,6.0,75,chemdeprc_cap1,75,57,0.24,75
CHEMBL238,1,0.3,6.0,75,minp_block_bh_cap1,75,57,0.24,75
CHEMBL238,1,0.3,6.0,75,score_cap1,75,58,0.22666666666666666,75
CHEMBL238,1,0.3,6.0,75,weighted_bh,75,56,0.25333333333333335,53
CHEMBL238,2,0.2,4.0,10,meta_calibration,10,10,0.0,10
CHEMBL238,2,0.2,4.0,10,chemdeprc_cap1,10,9,0.1,10
CHEMBL238,2,0.2,4.0,10,minp_block_bh_cap1,10,9,0.1,10
CHEMBL238,2,0.2,4.0,10,score_cap1,10,9,0.1,10
CHEMBL238,2,0.2,4.0,10,weighted_bh,10,9,0.1,10
CHEMBL238,2,0.2,4.0,50,meta_calibration,50,44,0.12,50
CHEMBL238,2,0.2,4.0,50,chemdeprc_cap1,50,45,0.1,50
CHEMBL238,2,0.2,4.0,50,minp_block_bh_cap1,50,45,0.1,50
CHEMBL238,2,0.2,4.0,50,score_cap1,50,44,0.12,50
CHEMBL238,2,0.2,4.0,50,weighted_bh,50,44,0.12,42
CHEMBL238,2,0.2,4.0,75,meta_calibration,75,61,0.18666666666666668,75
CHEMBL238,2,0.2,4.0,75,chemdeprc_cap1,75,60,0.2,75
CHEMBL238,2,0.2,4.0,75,minp_block_bh_cap1,75,60,0.2,75
CHEMBL238,2,0.2,4.0,75,score_cap1,75,61,0.18666666666666668,75
CHEMBL238,2,0.2,4.0,75,weighted_bh,75,62,0.17333333333333334,53
CHEMBL238,2,0.2,6.0,10,meta_calibration,10,10,0.0,10
CHEMBL238,2,0.2,6.0,10,chemdeprc_cap1,10,9,0.1,10
CHEMBL238,2,0.2,6.0,10,minp_block_bh_cap1,10,9,0.1,10
CHEMBL238,2,0.2,6.0,10,score_cap1,10,7,0.3,10
CHEMBL238,2,0.2,6.0,10,weighted_bh,10,9,0.1,10
CHEMBL238,2,0.2,6.0,50,meta_calibration,50,44,0.12,50
CHEMBL238,2,0.2,6.0,50,chemdeprc_cap1,50,42,0.16,50
CHEMBL238,2,0.2,6.0,50,minp_block_bh_cap1,50,42,0.16,50
CHEMBL238,2,0.2,6.0,50,score_cap1,50,42,0.16,50
CHEMBL238,2,0.2,6.0,50,weighted_bh,50,42,0.16,43
CHEMBL238,2,0.2,6.0,75,meta_calibration,75,62,0.17333333333333334,75
CHEMBL238,2,0.2,6.0,75,chemdeprc_cap1,75,60,0.2,75
CHEMBL238,2,0.2,6.0,75,minp_block_bh_cap1,75,60,0.2,75
CHEMBL238,2,0.2,6.0,75,score_cap1,75,61,0.18666666666666668,75
CHEMBL238,2,0.2,6.0,75,weighted_bh,75,57,0.24,54
CHEMBL238,2,0.3,4.0,10,meta_calibration,10,10,0.0,10
CHEMBL238,2,0.3,4.0,10,chemdeprc_cap1,10,10,0.0,10
CHEMBL238,2,0.3,4.0,10,minp_block_bh_cap1,10,10,0.0,10
CHEMBL238,2,0.3,4.0,10,score_cap1,10,7,0.3,10
CHEMBL238,2,0.3,4.0,10,weighted_bh,10,10,0.0,10
CHEMBL238,2,0.3,4.0,50,meta_calibration,50,44,0.12,50
CHEMBL238,2,0.3,4.0,50,chemdeprc_cap1,50,42,0.16,50
CHEMBL238,2,0.3,4.0,50,minp_block_bh_cap1,50,44,0.12,50
CHEMBL238,2,0.3,4.0,50,score_cap1,50,42,0.16,50
CHEMBL238,2,0.3,4.0,50,weighted_bh,50,44,0.12,42
CHEMBL238,2,0.3,4.0,75,meta_calibration,75,61,0.18666666666666668,75
CHEMBL238,2,0.3,4.0,75,chemdeprc_cap1,75,57,0.24,75
CHEMBL238,2,0.3,4.0,75,minp_block_bh_cap1,75,58,0.22666666666666666,75
CHEMBL238,2,0.3,4.0,75,score_cap1,75,57,0.24,75
CHEMBL238,2,0.3,4.0,75,weighted_bh,75,62,0.17333333333333334,54
CHEMBL238,2,0.3,6.0,10,meta_calibration,10,10,0.0,10
CHEMBL238,2,0.3,6.0,10,chemdeprc_cap1,10,9,0.1,10
CHEMBL238,2,0.3,6.0,10,minp_block_bh_cap1,10,9,0.1,10
CHEMBL238,2,0.3,6.0,10,score_cap1,10,6,0.4,10
CHEMBL238,2,0.3,6.0,10,weighted_bh,10,9,0.1,10
CHEMBL238,2,0.3,6.0,50,meta_calibration,50,44,0.12,50
CHEMBL238,2,0.3,6.0,50,chemdeprc_cap1,50,40,0.2,50
CHEMBL238,2,0.3,6.0,50,minp_block_bh_cap1,50,43,0.14,50
CHEMBL238,2,0.3,6.0,50,score_cap1,50,39,0.22,50
CHEMBL238,2,0.3,6.0,50,weighted_bh,50,42,0.16,43
CHEMBL238,2,0.3,6.0,75,meta_calibration,75,63,0.16,75
CHEMBL238,2,0.3,6.0,75,chemdeprc_cap1,75,57,0.24,75
CHEMBL238,2,0.3,6.0,75,minp_block_bh_cap1,75,56,0.25333333333333335,75
CHEMBL238,2,0.3,6.0,75,score_cap1,75,57,0.24,75
CHEMBL238,2,0.3,6.0,75,weighted_bh,75,61,0.18666666666666668,53
CHEMBL238,3,0.2,4.0,10,meta_calibration,10,10,0.0,10
CHEMBL238,3,0.2,4.0,10,chemdeprc_cap1,10,9,0.1,10
CHEMBL238,3,0.2,4.0,10,minp_block_bh_cap1,10,10,0.0,10
CHEMBL238,3,0.2,4.0,10,score_cap1,10,7,0.3,10
CHEMBL238,3,0.2,4.0,10,weighted_bh,10,10,0.0,10
CHEMBL238,3,0.2,4.0,50,meta_calibration,50,47,0.06,50
CHEMBL238,3,0.2,4.0,50,chemdeprc_cap1,50,45,0.1,50
CHEMBL238,3,0.2,4.0,50,minp_block_bh_cap1,50,44,0.12,50
CHEMBL238,3,0.2,4.0,50,score_cap1,50,45,0.1,50
CHEMBL238,3,0.2,4.0,50,weighted_bh,50,45,0.1,42
CHEMBL238,3,0.2,4.0,75,meta_calibration,75,61,0.18666666666666668,75
CHEMBL238,3,0.2,4.0,75,chemdeprc_cap1,75,60,0.2,75
CHEMBL238,3,0.2,4.0,75,minp_block_bh_cap1,75,61,0.18666666666666668,75
CHEMBL238,3,0.2,4.0,75,score_cap1,75,62,0.17333333333333334,75
CHEMBL238,3,0.2,4.0,75,weighted_bh,75,62,0.17333333333333334,52
CHEMBL238,3,0.2,6.0,10,meta_calibration,10,10,0.0,10
CHEMBL238,3,0.2,6.0,10,chemdeprc_cap1,10,8,0.2,10
CHEMBL238,3,0.2,6.0,10,minp_block_bh_cap1,10,10,0.0,10
CHEMBL238,3,0.2,6.0,10,score_cap1,10,7,0.3,10
CHEMBL238,3,0.2,6.0,10,weighted_bh,10,10,0.0,10
CHEMBL238,3,0.2,6.0,50,meta_calibration,50,46,0.08,50
CHEMBL238,3,0.2,6.0,50,chemdeprc_cap1,50,42,0.16,50
CHEMBL238,3,0.2,6.0,50,minp_block_bh_cap1,50,43,0.14,50
CHEMBL238,3,0.2,6.0,50,score_cap1,50,42,0.16,50
CHEMBL238,3,0.2,6.0,50,weighted_bh,50,43,0.14,42
CHEMBL238,3,0.2,6.0,75,meta_calibration,75,64,0.14666666666666667,75
CHEMBL238,3,0.2,6.0,75,chemdeprc_cap1,75,60,0.2,75
CHEMBL238,3,0.2,6.0,75,minp_block_bh_cap1,75,60,0.2,75
CHEMBL238,3,0.2,6.0,75,score_cap1,75,62,0.17333333333333334,75
CHEMBL238,3,0.2,6.0,75,weighted_bh,75,55,0.26666666666666666,52
CHEMBL238,3,0.3,4.0,10,meta_calibration,10,10,0.0,10
CHEMBL238,3,0.3,4.0,10,chemdeprc_cap1,10,10,0.0,10
CHEMBL238,3,0.3,4.0,10,minp_block_bh_cap1,10,10,0.0,10
CHEMBL238,3,0.3,4.0,10,score_cap1,10,9,0.1,10
CHEMBL238,3,0.3,4.0,10,weighted_bh,10,10,0.0,10
CHEMBL238,3,0.3,4.0,50,meta_calibration,50,44,0.12,50
CHEMBL238,3,0.3,4.0,50,chemdeprc_cap1,50,43,0.14,50
CHEMBL238,3,0.3,4.0,50,minp_block_bh_cap1,50,44,0.12,50
CHEMBL238,3,0.3,4.0,50,score_cap1,50,42,0.16,50
CHEMBL238,3,0.3,4.0,50,weighted_bh,50,42,0.16,43
CHEMBL238,3,0.3,4.0,75,meta_calibration,75,59,0.21333333333333335,75
CHEMBL238,3,0.3,4.0,75,chemdeprc_cap1,75,58,0.22666666666666666,75
CHEMBL238,3,0.3,4.0,75,minp_block_bh_cap1,75,58,0.22666666666666666,75
CHEMBL238,3,0.3,4.0,75,score_cap1,75,58,0.22666666666666666,75
CHEMBL238,3,0.3,4.0,75,weighted_bh,75,62,0.17333333333333334,53
CHEMBL238,3,0.3,6.0,10,meta_calibration,10,10,0.0,10
CHEMBL238,3,0.3,6.0,10,chemdeprc_cap1,10,7,0.3,10
CHEMBL238,3,0.3,6.0,10,minp_block_bh_cap1,10,9,0.1,10
CHEMBL238,3,0.3,6.0,10,score_cap1,10,5,0.5,10
CHEMBL238,3,0.3,6.0,10,weighted_bh,10,9,0.1,10
CHEMBL238,3,0.3,6.0,50,meta_calibration,50,44,0.12,50
CHEMBL238,3,0.3,6.0,50,chemdeprc_cap1,50,41,0.18,50
CHEMBL238,3,0.3,6.0,50,minp_block_bh_cap1,50,42,0.16,50
CHEMBL238,3,0.3,6.0,50,score_cap1,50,39,0.22,50
CHEMBL238,3,0.3,6.0,50,weighted_bh,50,40,0.2,43
CHEMBL238,3,0.3,6.0,75,meta_calibration,75,62,0.17333333333333334,75
CHEMBL238,3,0.3,6.0,75,chemdeprc_cap1,75,58,0.22666666666666666,75
CHEMBL238,3,0.3,6.0,75,minp_block_bh_cap1,75,56,0.25333333333333335,75
CHEMBL238,3,0.3,6.0,75,score_cap1,75,58,0.22666666666666666,75
CHEMBL238,3,0.3,6.0,75,weighted_bh,75,55,0.26666666666666666,54
CHEMBL238,4,0.2,4.0,10,meta_calibration,10,10,0.0,10
CHEMBL238,4,0.2,4.0,10,chemdeprc_cap1,10,9,0.1,10
CHEMBL238,4,0.2,4.0,10,minp_block_bh_cap1,10,10,0.0,10
CHEMBL238,4,0.2,4.0,10,score_cap1,10,7,0.3,10
CHEMBL238,4,0.2,4.0,10,weighted_bh,10,10,0.0,10
CHEMBL238,4,0.2,4.0,50,meta_calibration,50,47,0.06,50
CHEMBL238,4,0.2,4.0,50,chemdeprc_cap1,50,44,0.12,50
CHEMBL238,4,0.2,4.0,50,minp_block_bh_cap1,50,44,0.12,50
CHEMBL238,4,0.2,4.0,50,score_cap1,50,44,0.12,50
CHEMBL238,4,0.2,4.0,50,weighted_bh,50,43,0.14,42
CHEMBL238,4,0.2,4.0,75,meta_calibration,75,64,0.14666666666666667,75
CHEMBL238,4,0.2,4.0,75,chemdeprc_cap1,75,61,0.18666666666666668,75
CHEMBL238,4,0.2,4.0,75,minp_block_bh_cap1,75,58,0.22666666666666666,75
CHEMBL238,4,0.2,4.0,75,score_cap1,75,60,0.2,75
CHEMBL238,4,0.2,4.0,75,weighted_bh,75,62,0.17333333333333334,54
CHEMBL238,4,0.2,6.0,10,meta_calibration,10,10,0.0,10
CHEMBL238,4,0.2,6.0,10,chemdeprc_cap1,10,8,0.2,10
CHEMBL238,4,0.2,6.0,10,minp_block_bh_cap1,10,9,0.1,10
CHEMBL238,4,0.2,6.0,10,score_cap1,10,5,0.5,10
CHEMBL238,4,0.2,6.0,10,weighted_bh,10,9,0.1,10
CHEMBL238,4,0.2,6.0,50,meta_calibration,50,47,0.06,50
CHEMBL238,4,0.2,6.0,50,chemdeprc_cap1,50,43,0.14,50
CHEMBL238,4,0.2,6.0,50,minp_block_bh_cap1,50,44,0.12,50
CHEMBL238,4,0.2,6.0,50,score_cap1,50,43,0.14,50
CHEMBL238,4,0.2,6.0,50,weighted_bh,50,43,0.14,42
CHEMBL238,4,0.2,6.0,75,meta_calibration,75,64,0.14666666666666667,75
CHEMBL238,4,0.2,6.0,75,chemdeprc_cap1,75,60,0.2,75
CHEMBL238,4,0.2,6.0,75,minp_block_bh_cap1,75,58,0.22666666666666666,75
CHEMBL238,4,0.2,6.0,75,score_cap1,75,60,0.2,75
CHEMBL238,4,0.2,6.0,75,weighted_bh,75,62,0.17333333333333334,54
CHEMBL238,4,0.3,4.0,10,meta_calibration,10,10,0.0,10
CHEMBL238,4,0.3,4.0,10,chemdeprc_cap1,10,9,0.1,10
CHEMBL238,4,0.3,4.0,10,minp_block_bh_cap1,10,10,0.0,10
CHEMBL238,4,0.3,4.0,10,score_cap1,10,7,0.3,10
CHEMBL238,4,0.3,4.0,10,weighted_bh,10,10,0.0,10
CHEMBL238,4,0.3,4.0,50,meta_calibration,50,45,0.1,50
CHEMBL238,4,0.3,4.0,50,chemdeprc_cap1,50,43,0.14,50
CHEMBL238,4,0.3,4.0,50,minp_block_bh_cap1,50,44,0.12,50
CHEMBL238,4,0.3,4.0,50,score_cap1,50,41,0.18,50
CHEMBL238,4,0.3,4.0,50,weighted_bh,50,46,0.08,43
CHEMBL238,4,0.3,4.0,75,meta_calibration,75,60,0.2,75
CHEMBL238,4,0.3,4.0,75,chemdeprc_cap1,75,58,0.22666666666666666,75
CHEMBL238,4,0.3,4.0,75,minp_block_bh_cap1,75,59,0.21333333333333335,75
CHEMBL238,4,0.3,4.0,75,score_cap1,75,59,0.21333333333333335,75
CHEMBL238,4,0.3,4.0,75,weighted_bh,75,62,0.17333333333333334,53
CHEMBL238,4,0.3,6.0,10,meta_calibration,10,10,0.0,10
CHEMBL238,4,0.3,6.0,10,chemdeprc_cap1,10,8,0.2,10
CHEMBL238,4,0.3,6.0,10,minp_block_bh_cap1,10,9,0.1,10
CHEMBL238,4,0.3,6.0,10,score_cap1,10,4,0.6,10
CHEMBL238,4,0.3,6.0,10,weighted_bh,10,9,0.1,10
CHEMBL238,4,0.3,6.0,50,meta_calibration,50,46,0.08,50
CHEMBL238,4,0.3,6.0,50,chemdeprc_cap1,50,41,0.18,50
CHEMBL238,4,0.3,6.0,50,minp_block_bh_cap1,50,43,0.14,50
CHEMBL238,4,0.3,6.0,50,score_cap1,50,40,0.2,50
CHEMBL238,4,0.3,6.0,50,weighted_bh,50,45,0.1,43
CHEMBL238,4,0.3,6.0,75,meta_calibration,75,63,0.16,75
CHEMBL238,4,0.3,6.0,75,chemdeprc_cap1,75,58,0.22666666666666666,75
CHEMBL238,4,0.3,6.0,75,minp_block_bh_cap1,75,56,0.25333333333333335,75
CHEMBL238,4,0.3,6.0,75,score_cap1,75,58,0.22666666666666666,75
CHEMBL238,4,0.3,6.0,75,weighted_bh,75,54,0.28,52
CHEMBL238,5,0.2,4.0,10,meta_calibration,10,10,0.0,10
CHEMBL238,5,0.2,4.0,10,chemdeprc_cap1,10,9,0.1,10
CHEMBL238,5,0.2,4.0,10,minp_block_bh_cap1,10,10,0.0,10
CHEMBL238,5,0.2,4.0,10,score_cap1,10,9,0.1,10
CHEMBL238,5,0.2,4.0,10,weighted_bh,10,10,0.0,10
CHEMBL238,5,0.2,4.0,50,meta_calibration,50,44,0.12,50
CHEMBL238,5,0.2,4.0,50,chemdeprc_cap1,50,45,0.1,50
CHEMBL238,5,0.2,4.0,50,minp_block_bh_cap1,50,45,0.1,50
CHEMBL238,5,0.2,4.0,50,score_cap1,50,44,0.12,50
CHEMBL238,5,0.2,4.0,50,weighted_bh,50,46,0.08,43
CHEMBL238,5,0.2,4.0,75,meta_calibration,75,61,0.18666666666666668,75
CHEMBL238,5,0.2,4.0,75,chemdeprc_cap1,75,60,0.2,75
CHEMBL238,5,0.2,4.0,75,minp_block_bh_cap1,75,60,0.2,75
CHEMBL238,5,0.2,4.0,75,score_cap1,75,62,0.17333333333333334,75
CHEMBL238,5,0.2,4.0,75,weighted_bh,75,62,0.17333333333333334,52
CHEMBL238,5,0.2,6.0,10,meta_calibration,10,10,0.0,10
CHEMBL238,5,0.2,6.0,10,chemdeprc_cap1,10,8,0.2,10
CHEMBL238,5,0.2,6.0,10,minp_block_bh_cap1,10,9,0.1,10
CHEMBL238,5,0.2,6.0,10,score_cap1,10,7,0.3,10
CHEMBL238,5,0.2,6.0,10,weighted_bh,10,9,0.1,10
CHEMBL238,5,0.2,6.0,50,meta_calibration,50,46,0.08,50
CHEMBL238,5,0.2,6.0,50,chemdeprc_cap1,50,43,0.14,50
CHEMBL238,5,0.2,6.0,50,minp_block_bh_cap1,50,43,0.14,50
CHEMBL238,5,0.2,6.0,50,score_cap1,50,43,0.14,50
CHEMBL238,5,0.2,6.0,50,weighted_bh,50,46,0.08,43
CHEMBL238,5,0.2,6.0,75,meta_calibration,75,62,0.17333333333333334,75
CHEMBL238,5,0.2,6.0,75,chemdeprc_cap1,75,59,0.21333333333333335,75
CHEMBL238,5,0.2,6.0,75,minp_block_bh_cap1,75,59,0.21333333333333335,75
CHEMBL238,5,0.2,6.0,75,score_cap1,75,61,0.18666666666666668,75
CHEMBL238,5,0.2,6.0,75,weighted_bh,75,59,0.21333333333333335,53
CHEMBL238,5,0.3,4.0,10,meta_calibration,10,10,0.0,10
CHEMBL238,5,0.3,4.0,10,chemdeprc_cap1,10,10,0.0,10
CHEMBL238,5,0.3,4.0,10,minp_block_bh_cap1,10,10,0.0,10
CHEMBL238,5,0.3,4.0,10,score_cap1,10,6,0.4,10
CHEMBL238,5,0.3,4.0,10,weighted_bh,10,10,0.0,10
CHEMBL238,5,0.3,4.0,50,meta_calibration,50,46,0.08,50
CHEMBL238,5,0.3,4.0,50,chemdeprc_cap1,50,42,0.16,50
CHEMBL238,5,0.3,4.0,50,minp_block_bh_cap1,50,44,0.12,50
CHEMBL238,5,0.3,4.0,50,score_cap1,50,40,0.2,50
CHEMBL238,5,0.3,4.0,50,weighted_bh,50,46,0.08,43
CHEMBL238,5,0.3,4.0,75,meta_calibration,75,63,0.16,75
CHEMBL238,5,0.3,4.0,75,chemdeprc_cap1,75,56,0.25333333333333335,75
CHEMBL238,5,0.3,4.0,75,minp_block_bh_cap1,75,56,0.25333333333333335,75
CHEMBL238,5,0.3,4.0,75,score_cap1,75,57,0.24,75
CHEMBL238,5,0.3,4.0,75,weighted_bh,75,62,0.17333333333333334,54
CHEMBL238,5,0.3,6.0,10,meta_calibration,10,10,0.0,10
CHEMBL238,5,0.3,6.0,10,chemdeprc_cap1,10,9,0.1,10
CHEMBL238,5,0.3,6.0,10,minp_block_bh_cap1,10,9,0.1,10
CHEMBL238,5,0.3,6.0,10,score_cap1,10,3,0.7,10
CHEMBL238,5,0.3,6.0,10,weighted_bh,10,9,0.1,10
CHEMBL238,5,0.3,6.0,50,meta_calibration,50,48,0.04,50
CHEMBL238,5,0.3,6.0,50,chemdeprc_cap1,50,40,0.2,50
CHEMBL238,5,0.3,6.0,50,minp_block_bh_cap1,50,43,0.14,50
CHEMBL238,5,0.3,6.0,50,score_cap1,50,39,0.22,50
CHEMBL238,5,0.3,6.0,50,weighted_bh,50,45,0.1,43
CHEMBL238,5,0.3,6.0,75,meta_calibration,75,65,0.13333333333333333,75
CHEMBL238,5,0.3,6.0,75,chemdeprc_cap1,75,56,0.25333333333333335,75
CHEMBL238,5,0.3,6.0,75,minp_block_bh_cap1,75,56,0.25333333333333335,75
CHEMBL238,5,0.3,6.0,75,score_cap1,75,57,0.24,75
CHEMBL238,5,0.3,6.0,75,weighted_bh,75,58,0.22666666666666666,53
CHEMBL238,6,0.2,4.0,10,meta_calibration,10,10,0.0,10
CHEMBL238,6,0.2,4.0,10,chemdeprc_cap1,10,9,0.1,10
CHEMBL238,6,0.2,4.0,10,minp_block_bh_cap1,10,10,0.0,10
CHEMBL238,6,0.2,4.0,10,score_cap1,10,8,0.2,10
CHEMBL238,6,0.2,4.0,10,weighted_bh,10,10,0.0,10
CHEMBL238,6,0.2,4.0,50,meta_calibration,50,45,0.1,50
CHEMBL238,6,0.2,4.0,50,chemdeprc_cap1,50,45,0.1,50
CHEMBL238,6,0.2,4.0,50,minp_block_bh_cap1,50,45,0.1,50
CHEMBL238,6,0.2,4.0,50,score_cap1,50,45,0.1,50
CHEMBL238,6,0.2,4.0,50,weighted_bh,50,46,0.08,43
CHEMBL238,6,0.2,4.0,75,meta_calibration,75,61,0.18666666666666668,75
CHEMBL238,6,0.2,4.0,75,chemdeprc_cap1,75,60,0.2,75
CHEMBL238,6,0.2,4.0,75,minp_block_bh_cap1,75,60,0.2,75
CHEMBL238,6,0.2,4.0,75,score_cap1,75,62,0.17333333333333334,75
CHEMBL238,6,0.2,4.0,75,weighted_bh,75,62,0.17333333333333334,53
CHEMBL238,6,0.2,6.0,10,meta_calibration,10,10,0.0,10
CHEMBL238,6,0.2,6.0,10,chemdeprc_cap1,10,8,0.2,10
CHEMBL238,6,0.2,6.0,10,minp_block_bh_cap1,10,9,0.1,10
CHEMBL238,6,0.2,6.0,10,score_cap1,10,7,0.3,10
CHEMBL238,6,0.2,6.0,10,weighted_bh,10,9,0.1,10
CHEMBL238,6,0.2,6.0,50,meta_calibration,50,45,0.1,50
CHEMBL238,6,0.2,6.0,50,chemdeprc_cap1,50,42,0.16,50
CHEMBL238,6,0.2,6.0,50,minp_block_bh_cap1,50,43,0.14,50
CHEMBL238,6,0.2,6.0,50,score_cap1,50,43,0.14,50
CHEMBL238,6,0.2,6.0,50,weighted_bh,50,46,0.08,43
CHEMBL238,6,0.2,6.0,75,meta_calibration,75,63,0.16,75
CHEMBL238,6,0.2,6.0,75,chemdeprc_cap1,75,59,0.21333333333333335,75
CHEMBL238,6,0.2,6.0,75,minp_block_bh_cap1,75,59,0.21333333333333335,75
CHEMBL238,6,0.2,6.0,75,score_cap1,75,61,0.18666666666666668,75
CHEMBL238,6,0.2,6.0,75,weighted_bh,75,60,0.2,52
CHEMBL238,6,0.3,4.0,10,meta_calibration,10,10,0.0,10
CHEMBL238,6,0.3,4.0,10,chemdeprc_cap1,10,10,0.0,10
CHEMBL238,6,0.3,4.0,10,minp_block_bh_cap1,10,10,0.0,10
CHEMBL238,6,0.3,4.0,10,score_cap1,10,7,0.3,10
CHEMBL238,6,0.3,4.0,10,weighted_bh,10,10,0.0,10
CHEMBL238,6,0.3,4.0,50,meta_calibration,50,45,0.1,50
CHEMBL238,6,0.3,4.0,50,chemdeprc_cap1,50,44,0.12,50
CHEMBL238,6,0.3,4.0,50,minp_block_bh_cap1,50,46,0.08,50
CHEMBL238,6,0.3,4.0,50,score_cap1,50,43,0.14,50
CHEMBL238,6,0.3,4.0,50,weighted_bh,50,47,0.06,44
CHEMBL238,6,0.3,4.0,75,meta_calibration,75,61,0.18666666666666668,75
CHEMBL238,6,0.3,4.0,75,chemdeprc_cap1,75,57,0.24,75
CHEMBL238,6,0.3,4.0,75,minp_block_bh_cap1,75,57,0.24,75
CHEMBL238,6,0.3,4.0,75,score_cap1,75,57,0.24,75
CHEMBL238,6,0.3,4.0,75,weighted_bh,75,62,0.17333333333333334,52
CHEMBL238,6,0.3,6.0,10,meta_calibration,10,10,0.0,10
CHEMBL238,6,0.3,6.0,10,chemdeprc_cap1,10,9,0.1,10
CHEMBL238,6,0.3,6.0,10,minp_block_bh_cap1,10,10,0.0,10
CHEMBL238,6,0.3,6.0,10,score_cap1,10,6,0.4,10
CHEMBL238,6,0.3,6.0,10,weighted_bh,10,10,0.0,10
CHEMBL238,6,0.3,6.0,50,meta_calibration,50,44,0.12,50
CHEMBL238,6,0.3,6.0,50,chemdeprc_cap1,50,40,0.2,50
CHEMBL238,6,0.3,6.0,50,minp_block_bh_cap1,50,43,0.14,50
CHEMBL238,6,0.3,6.0,50,score_cap1,50,39,0.22,50
CHEMBL238,6,0.3,6.0,50,weighted_bh,50,46,0.08,43
CHEMBL238,6,0.3,6.0,75,meta_calibration,75,62,0.17333333333333334,75
CHEMBL238,6,0.3,6.0,75,chemdeprc_cap1,75,57,0.24,75
CHEMBL238,6,0.3,6.0,75,minp_block_bh_cap1,75,56,0.25333333333333335,75
CHEMBL238,6,0.3,6.0,75,score_cap1,75,57,0.24,75
CHEMBL238,6,0.3,6.0,75,weighted_bh,75,60,0.2,53
CHEMBL238,7,0.2,4.0,10,meta_calibration,10,10,0.0,10
CHEMBL238,7,0.2,4.0,10,chemdeprc_cap1,10,9,0.1,10
CHEMBL238,7,0.2,4.0,10,minp_block_bh_cap1,10,9,0.1,10
CHEMBL238,7,0.2,4.0,10,score_cap1,10,8,0.2,10
CHEMBL238,7,0.2,4.0,10,weighted_bh,10,9,0.1,10
CHEMBL238,7,0.2,4.0,50,meta_calibration,50,44,0.12,50
CHEMBL238,7,0.2,4.0,50,chemdeprc_cap1,50,45,0.1,50
CHEMBL238,7,0.2,4.0,50,minp_block_bh_cap1,50,43,0.14,50
CHEMBL238,7,0.2,4.0,50,score_cap1,50,43,0.14,50
CHEMBL238,7,0.2,4.0,50,weighted_bh,50,44,0.12,42
CHEMBL238,7,0.2,4.0,75,meta_calibration,75,61,0.18666666666666668,75
CHEMBL238,7,0.2,4.0,75,chemdeprc_cap1,75,60,0.2,75
CHEMBL238,7,0.2,4.0,75,minp_block_bh_cap1,75,60,0.2,75
CHEMBL238,7,0.2,4.0,75,score_cap1,75,61,0.18666666666666668,75
CHEMBL238,7,0.2,4.0,75,weighted_bh,75,62,0.17333333333333334,54
CHEMBL238,7,0.2,6.0,10,meta_calibration,10,10,0.0,10
CHEMBL238,7,0.2,6.0,10,chemdeprc_cap1,10,8,0.2,10
CHEMBL238,7,0.2,6.0,10,minp_block_bh_cap1,10,9,0.1,10
CHEMBL238,7,0.2,6.0,10,score_cap1,10,5,0.5,10
CHEMBL238,7,0.2,6.0,10,weighted_bh,10,9,0.1,10
CHEMBL238,7,0.2,6.0,50,meta_calibration,50,46,0.08,50
CHEMBL238,7,0.2,6.0,50,chemdeprc_cap1,50,42,0.16,50
CHEMBL238,7,0.2,6.0,50,minp_block_bh_cap1,50,43,0.14,50
CHEMBL238,7,0.2,6.0,50,score_cap1,50,42,0.16,50
CHEMBL238,7,0.2,6.0,50,weighted_bh,50,40,0.2,44
CHEMBL238,7,0.2,6.0,75,meta_calibration,75,62,0.17333333333333334,75
CHEMBL238,7,0.2,6.0,75,chemdeprc_cap1,75,60,0.2,75
CHEMBL238,7,0.2,6.0,75,minp_block_bh_cap1,75,59,0.21333333333333335,75
CHEMBL238,7,0.2,6.0,75,score_cap1,75,61,0.18666666666666668,75
CHEMBL238,7,0.2,6.0,75,weighted_bh,75,60,0.2,52
CHEMBL238,7,0.3,4.0,10,meta_calibration,10,10,0.0,10
CHEMBL238,7,0.3,4.0,10,chemdeprc_cap1,10,9,0.1,10
CHEMBL238,7,0.3,4.0,10,minp_block_bh_cap1,10,10,0.0,10
CHEMBL238,7,0.3,4.0,10,score_cap1,10,7,0.3,10
CHEMBL238,7,0.3,4.0,10,weighted_bh,10,10,0.0,10
CHEMBL238,7,0.3,4.0,50,meta_calibration,50,45,0.1,50
CHEMBL238,7,0.3,4.0,50,chemdeprc_cap1,50,43,0.14,50
CHEMBL238,7,0.3,4.0,50,minp_block_bh_cap1,50,43,0.14,50
CHEMBL238,7,0.3,4.0,50,score_cap1,50,42,0.16,50
CHEMBL238,7,0.3,4.0,50,weighted_bh,50,44,0.12,43
CHEMBL238,7,0.3,4.0,75,meta_calibration,75,61,0.18666666666666668,75
CHEMBL238,7,0.3,4.0,75,chemdeprc_cap1,75,58,0.22666666666666666,75
CHEMBL238,7,0.3,4.0,75,minp_block_bh_cap1,75,58,0.22666666666666666,75
CHEMBL238,7,0.3,4.0,75,score_cap1,75,59,0.21333333333333335,75
CHEMBL238,7,0.3,4.0,75,weighted_bh,75,57,0.24,53
CHEMBL238,7,0.3,6.0,10,meta_calibration,10,10,0.0,10
CHEMBL238,7,0.3,6.0,10,chemdeprc_cap1,10,8,0.2,10
CHEMBL238,7,0.3,6.0,10,minp_block_bh_cap1,10,9,0.1,10
CHEMBL238,7,0.3,6.0,10,score_cap1,10,5,0.5,10
CHEMBL238,7,0.3,6.0,10,weighted_bh,10,9,0.1,10
CHEMBL238,7,0.3,6.0,50,meta_calibration,50,46,0.08,50
CHEMBL238,7,0.3,6.0,50,chemdeprc_cap1,50,40,0.2,50
CHEMBL238,7,0.3,6.0,50,minp_block_bh_cap1,50,43,0.14,50
CHEMBL238,7,0.3,6.0,50,score_cap1,50,40,0.2,50
CHEMBL238,7,0.3,6.0,50,weighted_bh,50,42,0.16,43
CHEMBL238,7,0.3,6.0,75,meta_calibration,75,63,0.16,75
CHEMBL238,7,0.3,6.0,75,chemdeprc_cap1,75,58,0.22666666666666666,75
CHEMBL238,7,0.3,6.0,75,minp_block_bh_cap1,75,56,0.25333333333333335,75
CHEMBL238,7,0.3,6.0,75,score_cap1,75,58,0.22666666666666666,75
CHEMBL238,7,0.3,6.0,75,weighted_bh,75,54,0.28,52
CHEMBL238,8,0.2,4.0,10,meta_calibration,10,10,0.0,10
CHEMBL238,8,0.2,4.0,10,chemdeprc_cap1,10,10,0.0,10
CHEMBL238,8,0.2,4.0,10,minp_block_bh_cap1,10,10,0.0,10
CHEMBL238,8,0.2,4.0,10,score_cap1,10,10,0.0,10
CHEMBL238,8,0.2,4.0,10,weighted_bh,10,10,0.0,10
CHEMBL238,8,0.2,4.0,50,meta_calibration,50,45,0.1,50
CHEMBL238,8,0.2,4.0,50,chemdeprc_cap1,50,46,0.08,50
CHEMBL238,8,0.2,4.0,50,minp_block_bh_cap1,50,46,0.08,50
CHEMBL238,8,0.2,4.0,50,score_cap1,50,45,0.1,50
CHEMBL238,8,0.2,4.0,50,weighted_bh,50,48,0.04,44
CHEMBL238,8,0.2,4.0,75,meta_calibration,75,61,0.18666666666666668,75
CHEMBL238,8,0.2,4.0,75,chemdeprc_cap1,75,61,0.18666666666666668,75
CHEMBL238,8,0.2,4.0,75,minp_block_bh_cap1,75,61,0.18666666666666668,75
CHEMBL238,8,0.2,4.0,75,score_cap1,75,62,0.17333333333333334,75
CHEMBL238,8,0.2,4.0,75,weighted_bh,75,62,0.17333333333333334,53
CHEMBL238,8,0.2,6.0,10,meta_calibration,10,10,0.0,10
CHEMBL238,8,0.2,6.0,10,chemdeprc_cap1,10,9,0.1,10
CHEMBL238,8,0.2,6.0,10,minp_block_bh_cap1,10,10,0.0,10
CHEMBL238,8,0.2,6.0,10,score_cap1,10,7,0.3,10
CHEMBL238,8,0.2,6.0,10,weighted_bh,10,10,0.0,10
CHEMBL238,8,0.2,6.0,50,meta_calibration,50,46,0.08,50
CHEMBL238,8,0.2,6.0,50,chemdeprc_cap1,50,43,0.14,50
CHEMBL238,8,0.2,6.0,50,minp_block_bh_cap1,50,43,0.14,50
CHEMBL238,8,0.2,6.0,50,score_cap1,50,44,0.12,50
CHEMBL238,8,0.2,6.0,50,weighted_bh,50,47,0.06,44
CHEMBL238,8,0.2,6.0,75,meta_calibration,75,62,0.17333333333333334,75
CHEMBL238,8,0.2,6.0,75,chemdeprc_cap1,75,60,0.2,75
CHEMBL238,8,0.2,6.0,75,minp_block_bh_cap1,75,59,0.21333333333333335,75
CHEMBL238,8,0.2,6.0,75,score_cap1,75,60,0.2,75
CHEMBL238,8,0.2,6.0,75,weighted_bh,75,62,0.17333333333333334,53
CHEMBL238,8,0.3,4.0,10,meta_calibration,10,10,0.0,10
CHEMBL238,8,0.3,4.0,10,chemdeprc_cap1,10,10,0.0,10
CHEMBL238,8,0.3,4.0,10,minp_block_bh_cap1,10,10,0.0,10
CHEMBL238,8,0.3,4.0,10,score_cap1,10,8,0.2,10
CHEMBL238,8,0.3,4.0,10,weighted_bh,10,10,0.0,10
CHEMBL238,8,0.3,4.0,50,meta_calibration,50,44,0.12,50
CHEMBL238,8,0.3,4.0,50,chemdeprc_cap1,50,44,0.12,50
CHEMBL238,8,0.3,4.0,50,minp_block_bh_cap1,50,46,0.08,50
CHEMBL238,8,0.3,4.0,50,score_cap1,50,42,0.16,50
CHEMBL238,8,0.3,4.0,50,weighted_bh,50,46,0.08,43
CHEMBL238,8,0.3,4.0,75,meta_calibration,75,60,0.2,75
CHEMBL238,8,0.3,4.0,75,chemdeprc_cap1,75,58,0.22666666666666666,75
CHEMBL238,8,0.3,4.0,75,minp_block_bh_cap1,75,58,0.22666666666666666,75
CHEMBL238,8,0.3,4.0,75,score_cap1,75,58,0.22666666666666666,75
CHEMBL238,8,0.3,4.0,75,weighted_bh,75,62,0.17333333333333334,52
CHEMBL238,8,0.3,6.0,10,meta_calibration,10,10,0.0,10
CHEMBL238,8,0.3,6.0,10,chemdeprc_cap1,10,9,0.1,10
CHEMBL238,8,0.3,6.0,10,minp_block_bh_cap1,10,9,0.1,10
CHEMBL238,8,0.3,6.0,10,score_cap1,10,5,0.5,10
CHEMBL238,8,0.3,6.0,10,weighted_bh,10,9,0.1,10
CHEMBL238,8,0.3,6.0,50,meta_calibration,50,45,0.1,50
CHEMBL238,8,0.3,6.0,50,chemdeprc_cap1,50,40,0.2,50
CHEMBL238,8,0.3,6.0,50,minp_block_bh_cap1,50,43,0.14,50
CHEMBL238,8,0.3,6.0,50,score_cap1,50,40,0.2,50
CHEMBL238,8,0.3,6.0,50,weighted_bh,50,46,0.08,43
CHEMBL238,8,0.3,6.0,75,meta_calibration,75,62,0.17333333333333334,75
CHEMBL238,8,0.3,6.0,75,chemdeprc_cap1,75,58,0.22666666666666666,75
CHEMBL238,8,0.3,6.0,75,minp_block_bh_cap1,75,57,0.24,75
CHEMBL238,8,0.3,6.0,75,score_cap1,75,58,0.22666666666666666,75
CHEMBL238,8,0.3,6.0,75,weighted_bh,75,56,0.25333333333333335,54
CHEMBL238,9,0.2,4.0,10,meta_calibration,10,10,0.0,10
CHEMBL238,9,0.2,4.0,10,chemdeprc_cap1,10,10,0.0,10
CHEMBL238,9,0.2,4.0,10,minp_block_bh_cap1,10,10,0.0,10
CHEMBL238,9,0.2,4.0,10,score_cap1,10,7,0.3,10
CHEMBL238,9,0.2,4.0,10,weighted_bh,10,10,0.0,10
CHEMBL238,9,0.2,4.0,50,meta_calibration,50,46,0.08,50
CHEMBL238,9,0.2,4.0,50,chemdeprc_cap1,50,45,0.1,50
CHEMBL238,9,0.2,4.0,50,minp_block_bh_cap1,50,46,0.08,50
CHEMBL238,9,0.2,4.0,50,score_cap1,50,44,0.12,50
CHEMBL238,9,0.2,4.0,50,weighted_bh,50,48,0.04,44
CHEMBL238,9,0.2,4.0,75,meta_calibration,75,62,0.17333333333333334,75
CHEMBL238,9,0.2,4.0,75,chemdeprc_cap1,75,59,0.21333333333333335,75
CHEMBL238,9,0.2,4.0,75,minp_block_bh_cap1,75,59,0.21333333333333335,75
CHEMBL238,9,0.2,4.0,75,score_cap1,75,60,0.2,75
CHEMBL238,9,0.2,4.0,75,weighted_bh,75,63,0.16,54
CHEMBL238,9,0.2,6.0,10,meta_calibration,10,10,0.0,10
CHEMBL238,9,0.2,6.0,10,chemdeprc_cap1,10,9,0.1,10
CHEMBL238,9,0.2,6.0,10,minp_block_bh_cap1,10,10,0.0,10
CHEMBL238,9,0.2,6.0,10,score_cap1,10,6,0.4,10
CHEMBL238,9,0.2,6.0,10,weighted_bh,10,10,0.0,10
CHEMBL238,9,0.2,6.0,50,meta_calibration,50,45,0.1,50
CHEMBL238,9,0.2,6.0,50,chemdeprc_cap1,50,42,0.16,50
CHEMBL238,9,0.2,6.0,50,minp_block_bh_cap1,50,45,0.1,50
CHEMBL238,9,0.2,6.0,50,score_cap1,50,42,0.16,50
CHEMBL238,9,0.2,6.0,50,weighted_bh,50,48,0.04,44
CHEMBL238,9,0.2,6.0,75,meta_calibration,75,63,0.16,75
CHEMBL238,9,0.2,6.0,75,chemdeprc_cap1,75,59,0.21333333333333335,75
CHEMBL238,9,0.2,6.0,75,minp_block_bh_cap1,75,58,0.22666666666666666,75
CHEMBL238,9,0.2,6.0,75,score_cap1,75,60,0.2,75
CHEMBL238,9,0.2,6.0,75,weighted_bh,75,62,0.17333333333333334,51
CHEMBL238,9,0.3,4.0,10,meta_calibration,10,10,0.0,10
CHEMBL238,9,0.3,4.0,10,chemdeprc_cap1,10,9,0.1,10
CHEMBL238,9,0.3,4.0,10,minp_block_bh_cap1,10,9,0.1,10
CHEMBL238,9,0.3,4.0,10,score_cap1,10,7,0.3,10
CHEMBL238,9,0.3,4.0,10,weighted_bh,10,9,0.1,10
CHEMBL238,9,0.3,4.0,50,meta_calibration,50,45,0.1,50
CHEMBL238,9,0.3,4.0,50,chemdeprc_cap1,50,43,0.14,50
CHEMBL238,9,0.3,4.0,50,minp_block_bh_cap1,50,43,0.14,50
CHEMBL238,9,0.3,4.0,50,score_cap1,50,41,0.18,50
CHEMBL238,9,0.3,4.0,50,weighted_bh,50,43,0.14,43
CHEMBL238,9,0.3,4.0,75,meta_calibration,75,61,0.18666666666666668,75
CHEMBL238,9,0.3,4.0,75,chemdeprc_cap1,75,58,0.22666666666666666,75
CHEMBL238,9,0.3,4.0,75,minp_block_bh_cap1,75,58,0.22666666666666666,75
CHEMBL238,9,0.3,4.0,75,score_cap1,75,58,0.22666666666666666,75
CHEMBL238,9,0.3,4.0,75,weighted_bh,75,62,0.17333333333333334,54
CHEMBL238,9,0.3,6.0,10,meta_calibration,10,10,0.0,10
CHEMBL238,9,0.3,6.0,10,chemdeprc_cap1,10,8,0.2,10
CHEMBL238,9,0.3,6.0,10,minp_block_bh_cap1,10,9,0.1,10
CHEMBL238,9,0.3,6.0,10,score_cap1,10,4,0.6,10
CHEMBL238,9,0.3,6.0,10,weighted_bh,10,9,0.1,10
CHEMBL238,9,0.3,6.0,50,meta_calibration,50,44,0.12,50
CHEMBL238,9,0.3,6.0,50,chemdeprc_cap1,50,41,0.18,50
CHEMBL238,9,0.3,6.0,50,minp_block_bh_cap1,50,42,0.16,50
CHEMBL238,9,0.3,6.0,50,score_cap1,50,39,0.22,50
CHEMBL238,9,0.3,6.0,50,weighted_bh,50,39,0.22,44
CHEMBL238,9,0.3,6.0,75,meta_calibration,75,62,0.17333333333333334,75
CHEMBL238,9,0.3,6.0,75,chemdeprc_cap1,75,58,0.22666666666666666,75
CHEMBL238,9,0.3,6.0,75,minp_block_bh_cap1,75,57,0.24,75
CHEMBL238,9,0.3,6.0,75,score_cap1,75,58,0.22666666666666666,75
CHEMBL238,9,0.3,6.0,75,weighted_bh,75,56,0.25333333333333335,54
CHEMBL239,0,0.2,4.0,10,meta_calibration,10,10,0.0,10
CHEMBL239,0,0.2,4.0,10,chemdeprc_cap1,10,7,0.3,10
CHEMBL239,0,0.2,4.0,10,minp_block_bh_cap1,10,9,0.1,10
CHEMBL239,0,0.2,4.0,10,score_cap1,10,5,0.5,10
CHEMBL239,0,0.2,4.0,10,weighted_bh,10,8,0.2,8
CHEMBL239,0,0.2,4.0,50,meta_calibration,50,32,0.36,50
CHEMBL239,0,0.2,4.0,50,chemdeprc_cap1,50,30,0.4,50
CHEMBL239,0,0.2,4.0,50,minp_block_bh_cap1,50,29,0.42,50
CHEMBL239,0,0.2,4.0,50,score_cap1,50,30,0.4,50
CHEMBL239,0,0.2,4.0,50,weighted_bh,50,25,0.5,27
CHEMBL239,0,0.2,4.0,75,meta_calibration,75,42,0.44,75
CHEMBL239,0,0.2,4.0,75,chemdeprc_cap1,75,43,0.4266666666666667,75
CHEMBL239,0,0.2,4.0,75,minp_block_bh_cap1,67,39,0.417910447761194,67
CHEMBL239,0,0.2,4.0,75,score_cap1,75,42,0.44,75
CHEMBL239,0,0.2,4.0,75,weighted_bh,75,33,0.56,41
CHEMBL239,0,0.2,6.0,10,meta_calibration,10,10,0.0,10
CHEMBL239,0,0.2,6.0,10,chemdeprc_cap1,10,5,0.5,10
CHEMBL239,0,0.2,6.0,10,minp_block_bh_cap1,10,9,0.1,10
CHEMBL239,0,0.2,6.0,10,score_cap1,10,3,0.7,10
CHEMBL239,0,0.2,6.0,10,weighted_bh,10,8,0.2,8
CHEMBL239,0,0.2,6.0,50,meta_calibration,50,35,0.3,50
CHEMBL239,0,0.2,6.0,50,chemdeprc_cap1,50,30,0.4,50
CHEMBL239,0,0.2,6.0,50,minp_block_bh_cap1,50,29,0.42,50
CHEMBL239,0,0.2,6.0,50,score_cap1,50,30,0.4,50
CHEMBL239,0,0.2,6.0,50,weighted_bh,50,20,0.6,27
CHEMBL239,0,0.2,6.0,75,meta_calibration,75,43,0.4266666666666667,75
CHEMBL239,0,0.2,6.0,75,chemdeprc_cap1,75,43,0.4266666666666667,75
CHEMBL239,0,0.2,6.0,75,minp_block_bh_cap1,67,39,0.417910447761194,67
CHEMBL239,0,0.2,6.0,75,score_cap1,75,42,0.44,75
CHEMBL239,0,0.2,6.0,75,weighted_bh,75,26,0.6533333333333333,30
CHEMBL239,0,0.3,4.0,10,meta_calibration,10,9,0.1,10
CHEMBL239,0,0.3,4.0,10,chemdeprc_cap1,10,5,0.5,10
CHEMBL239,0,0.3,4.0,10,minp_block_bh_cap1,10,10,0.0,10
CHEMBL239,0,0.3,4.0,10,score_cap1,10,2,0.8,10
CHEMBL239,0,0.3,4.0,10,weighted_bh,10,10,0.0,9
CHEMBL239,0,0.3,4.0,50,meta_calibration,50,34,0.32,50
CHEMBL239,0,0.3,4.0,50,chemdeprc_cap1,50,29,0.42,50
CHEMBL239,0,0.3,4.0,50,minp_block_bh_cap1,50,28,0.44,50
CHEMBL239,0,0.3,4.0,50,score_cap1,50,29,0.42,50
CHEMBL239,0,0.3,4.0,50,weighted_bh,50,24,0.52,27
CHEMBL239,0,0.3,4.0,75,meta_calibration,75,43,0.4266666666666667,75
CHEMBL239,0,0.3,4.0,75,chemdeprc_cap1,75,42,0.44,75
CHEMBL239,0,0.3,4.0,75,minp_block_bh_cap1,67,38,0.43283582089552236,67
CHEMBL239,0,0.3,4.0,75,score_cap1,75,41,0.4533333333333333,75
CHEMBL239,0,0.3,4.0,75,weighted_bh,75,26,0.6533333333333333,31
CHEMBL239,0,0.3,6.0,10,meta_calibration,10,10,0.0,10
CHEMBL239,0,0.3,6.0,10,chemdeprc_cap1,10,4,0.6,10
CHEMBL239,0,0.3,6.0,10,minp_block_bh_cap1,10,10,0.0,10
CHEMBL239,0,0.3,6.0,10,score_cap1,10,1,0.9,10
CHEMBL239,0,0.3,6.0,10,weighted_bh,10,10,0.0,9
CHEMBL239,0,0.3,6.0,50,meta_calibration,50,36,0.28,50
CHEMBL239,0,0.3,6.0,50,chemdeprc_cap1,50,29,0.42,50
CHEMBL239,0,0.3,6.0,50,minp_block_bh_cap1,50,28,0.44,50
CHEMBL239,0,0.3,6.0,50,score_cap1,50,29,0.42,50
CHEMBL239,0,0.3,6.0,50,weighted_bh,50,20,0.6,26
CHEMBL239,0,0.3,6.0,75,meta_calibration,75,44,0.41333333333333333,75
CHEMBL239,0,0.3,6.0,75,chemdeprc_cap1,75,42,0.44,75
CHEMBL239,0,0.3,6.0,75,minp_block_bh_cap1,67,38,0.43283582089552236,67
CHEMBL239,0,0.3,6.0,75,score_cap1,75,41,0.4533333333333333,75
CHEMBL239,0,0.3,6.0,75,weighted_bh,75,26,0.6533333333333333,30
CHEMBL239,1,0.2,4.0,10,meta_calibration,10,9,0.1,10
CHEMBL239,1,0.2,4.0,10,chemdeprc_cap1,10,5,0.5,10
CHEMBL239,1,0.2,4.0,10,minp_block_bh_cap1,10,9,0.1,10
CHEMBL239,1,0.2,4.0,10,score_cap1,10,4,0.6,10
CHEMBL239,1,0.2,4.0,10,weighted_bh,10,8,0.2,8
CHEMBL239,1,0.2,4.0,50,meta_calibration,50,31,0.38,50
CHEMBL239,1,0.2,4.0,50,chemdeprc_cap1,50,30,0.4,50
CHEMBL239,1,0.2,4.0,50,minp_block_bh_cap1,50,29,0.42,50
CHEMBL239,1,0.2,4.0,50,score_cap1,50,30,0.4,50
CHEMBL239,1,0.2,4.0,50,weighted_bh,50,22,0.56,27
CHEMBL239,1,0.2,4.0,75,meta_calibration,75,42,0.44,75
CHEMBL239,1,0.2,4.0,75,chemdeprc_cap1,75,43,0.4266666666666667,75
CHEMBL239,1,0.2,4.0,75,minp_block_bh_cap1,67,39,0.417910447761194,67
CHEMBL239,1,0.2,4.0,75,score_cap1,75,43,0.4266666666666667,75
CHEMBL239,1,0.2,4.0,75,weighted_bh,75,26,0.6533333333333333,31
CHEMBL239,1,0.2,6.0,10,meta_calibration,10,10,0.0,10
CHEMBL239,1,0.2,6.0,10,chemdeprc_cap1,10,3,0.7,10
CHEMBL239,1,0.2,6.0,10,minp_block_bh_cap1,10,9,0.1,10
CHEMBL239,1,0.2,6.0,10,score_cap1,10,3,0.7,10
CHEMBL239,1,0.2,6.0,10,weighted_bh,10,8,0.2,8
CHEMBL239,1,0.2,6.0,50,meta_calibration,50,35,0.3,50
CHEMBL239,1,0.2,6.0,50,chemdeprc_cap1,50,30,0.4,50
CHEMBL239,1,0.2,6.0,50,minp_block_bh_cap1,50,29,0.42,50
CHEMBL239,1,0.2,6.0,50,score_cap1,50,30,0.4,50
CHEMBL239,1,0.2,6.0,50,weighted_bh,50,20,0.6,27
CHEMBL239,1,0.2,6.0,75,meta_calibration,75,44,0.41333333333333333,75
CHEMBL239,1,0.2,6.0,75,chemdeprc_cap1,75,43,0.4266666666666667,75
CHEMBL239,1,0.2,6.0,75,minp_block_bh_cap1,67,39,0.417910447761194,67
CHEMBL239,1,0.2,6.0,75,score_cap1,75,43,0.4266666666666667,75
CHEMBL239,1,0.2,6.0,75,weighted_bh,75,26,0.6533333333333333,31
CHEMBL239,1,0.3,4.0,10,meta_calibration,10,10,0.0,10
CHEMBL239,1,0.3,4.0,10,chemdeprc_cap1,10,7,0.3,10
CHEMBL239,1,0.3,4.0,10,minp_block_bh_cap1,10,10,0.0,10
CHEMBL239,1,0.3,4.0,10,score_cap1,10,6,0.4,10
CHEMBL239,1,0.3,4.0,10,weighted_bh,10,10,0.0,9
CHEMBL239,1,0.3,4.0,50,meta_calibration,50,30,0.4,50
CHEMBL239,1,0.3,4.0,50,chemdeprc_cap1,50,29,0.42,50
CHEMBL239,1,0.3,4.0,50,minp_block_bh_cap1,50,29,0.42,50
CHEMBL239,1,0.3,4.0,50,score_cap1,50,28,0.44,50
CHEMBL239,1,0.3,4.0,50,weighted_bh,50,23,0.54,26
CHEMBL239,1,0.3,4.0,75,meta_calibration,75,42,0.44,75
CHEMBL239,1,0.3,4.0,75,chemdeprc_cap1,75,42,0.44,75
CHEMBL239,1,0.3,4.0,75,minp_block_bh_cap1,72,40,0.4444444444444444,72
CHEMBL239,1,0.3,4.0,75,score_cap1,75,40,0.4666666666666667,75
CHEMBL239,1,0.3,4.0,75,weighted_bh,75,26,0.6533333333333333,32
CHEMBL239,1,0.3,6.0,10,meta_calibration,10,10,0.0,10
CHEMBL239,1,0.3,6.0,10,chemdeprc_cap1,10,4,0.6,10
CHEMBL239,1,0.3,6.0,10,minp_block_bh_cap1,10,9,0.1,10
CHEMBL239,1,0.3,6.0,10,score_cap1,10,1,0.9,10
CHEMBL239,1,0.3,6.0,10,weighted_bh,10,9,0.1,9
CHEMBL239,1,0.3,6.0,50,meta_calibration,50,33,0.34,50
CHEMBL239,1,0.3,6.0,50,chemdeprc_cap1,50,29,0.42,50
CHEMBL239,1,0.3,6.0,50,minp_block_bh_cap1,50,29,0.42,50
CHEMBL239,1,0.3,6.0,50,score_cap1,50,28,0.44,50
CHEMBL239,1,0.3,6.0,50,weighted_bh,50,20,0.6,27
CHEMBL239,1,0.3,6.0,75,meta_calibration,75,43,0.4266666666666667,75
CHEMBL239,1,0.3,6.0,75,chemdeprc_cap1,75,42,0.44,75
CHEMBL239,1,0.3,6.0,75,minp_block_bh_cap1,72,40,0.4444444444444444,72
CHEMBL239,1,0.3,6.0,75,score_cap1,75,40,0.4666666666666667,75
CHEMBL239,1,0.3,6.0,75,weighted_bh,75,24,0.68,30
CHEMBL239,2,0.2,4.0,10,meta_calibration,10,9,0.1,10
CHEMBL239,2,0.2,4.0,10,chemdeprc_cap1,10,5,0.5,10
CHEMBL239,2,0.2,4.0,10,minp_block_bh_cap1,10,9,0.1,10
CHEMBL239,2,0.2,4.0,10,score_cap1,10,3,0.7,10
CHEMBL239,2,0.2,4.0,10,weighted_bh,10,9,0.1,9
CHEMBL239,2,0.2,4.0,50,meta_calibration,50,34,0.32,50
CHEMBL239,2,0.2,4.0,50,chemdeprc_cap1,50,30,0.4,50
CHEMBL239,2,0.2,4.0,50,minp_block_bh_cap1,50,29,0.42,50
CHEMBL239,2,0.2,4.0,50,score_cap1,50,30,0.4,50
CHEMBL239,2,0.2,4.0,50,weighted_bh,50,26,0.48,30
CHEMBL239,2,0.2,4.0,75,meta_calibration,75,44,0.41333333333333333,75
CHEMBL239,2,0.2,4.0,75,chemdeprc_cap1,75,42,0.44,75
CHEMBL239,2,0.2,4.0,75,minp_block_bh_cap1,67,39,0.417910447761194,67
CHEMBL239,2,0.2,4.0,75,score_cap1,75,41,0.4533333333333333,75
CHEMBL239,2,0.2,4.0,75,weighted_bh,75,29,0.6133333333333333,37
CHEMBL239,2,0.2,6.0,10,meta_calibration,10,10,0.0,10
CHEMBL239,2,0.2,6.0,10,chemdeprc_cap1,10,5,0.5,10
CHEMBL239,2,0.2,6.0,10,minp_block_bh_cap1,10,9,0.1,10
CHEMBL239,2,0.2,6.0,10,score_cap1,10,3,0.7,10
CHEMBL239,2,0.2,6.0,10,weighted_bh,10,8,0.2,8
CHEMBL239,2,0.2,6.0,50,meta_calibration,50,36,0.28,50
CHEMBL239,2,0.2,6.0,50,chemdeprc_cap1,50,30,0.4,50
CHEMBL239,2,0.2,6.0,50,minp_block_bh_cap1,50,29,0.42,50
CHEMBL239,2,0.2,6.0,50,score_cap1,50,30,0.4,50
CHEMBL239,2,0.2,6.0,50,weighted_bh,50,26,0.48,30
CHEMBL239,2,0.2,6.0,75,meta_calibration,75,46,0.38666666666666666,75
CHEMBL239,2,0.2,6.0,75,chemdeprc_cap1,75,42,0.44,75
CHEMBL239,2,0.2,6.0,75,minp_block_bh_cap1,67,39,0.417910447761194,67
CHEMBL239,2,0.2,6.0,75,score_cap1,75,41,0.4533333333333333,75
CHEMBL239,2,0.2,6.0,75,weighted_bh,75,29,0.6133333333333333,37
CHEMBL239,2,0.3,4.0,10,meta_calibration,10,9,0.1,10
CHEMBL239,2,0.3,4.0,10,chemdeprc_cap1,10,5,0.5,10
CHEMBL239,2,0.3,4.0,10,minp_block_bh_cap1,10,10,0.0,10
CHEMBL239,2,0.3,4.0,10,score_cap1,10,4,0.6,10
CHEMBL239,2,0.3,4.0,10,weighted_bh,10,10,0.0,9
CHEMBL239,2,0.3,4.0,50,meta_calibration,50,33,0.34,50
CHEMBL239,2,0.3,4.0,50,chemdeprc_cap1,50,29,0.42,50
CHEMBL239,2,0.3,4.0,50,minp_block_bh_cap1,50,29,0.42,50
CHEMBL239,2,0.3,4.0,50,score_cap1,50,28,0.44,50
CHEMBL239,2,0.3,4.0,50,weighted_bh,50,26,0.48,29
CHEMBL239,2,0.3,4.0,75,meta_calibration,75,44,0.41333333333333333,75
CHEMBL239,2,0.3,4.0,75,chemdeprc_cap1,75,41,0.4533333333333333,75
CHEMBL239,2,0.3,4.0,75,minp_block_bh_cap1,72,40,0.4444444444444444,72
CHEMBL239,2,0.3,4.0,75,score_cap1,75,40,0.4666666666666667,75
CHEMBL239,2,0.3,4.0,75,weighted_bh,75,26,0.6533333333333333,31
CHEMBL239,2,0.3,6.0,10,meta_calibration,10,10,0.0,10
CHEMBL239,2,0.3,6.0,10,chemdeprc_cap1,10,4,0.6,10
CHEMBL239,2,0.3,6.0,10,minp_block_bh_cap1,10,10,0.0,10
CHEMBL239,2,0.3,6.0,10,score_cap1,10,0,1.0,10
CHEMBL239,2,0.3,6.0,10,weighted_bh,10,10,0.0,9
CHEMBL239,2,0.3,6.0,50,meta_calibration,50,37,0.26,50
CHEMBL239,2,0.3,6.0,50,chemdeprc_cap1,50,29,0.42,50
CHEMBL239,2,0.3,6.0,50,minp_block_bh_cap1,50,29,0.42,50
CHEMBL239,2,0.3,6.0,50,score_cap1,50,28,0.44,50
CHEMBL239,2,0.3,6.0,50,weighted_bh,50,20,0.6,27
CHEMBL239,2,0.3,6.0,75,meta_calibration,75,45,0.4,75
CHEMBL239,2,0.3,6.0,75,chemdeprc_cap1,75,41,0.4533333333333333,75
CHEMBL239,2,0.3,6.0,75,minp_block_bh_cap1,72,40,0.4444444444444444,72
CHEMBL239,2,0.3,6.0,75,score_cap1,75,40,0.4666666666666667,75
CHEMBL239,2,0.3,6.0,75,weighted_bh,75,26,0.6533333333333333,30
CHEMBL239,3,0.2,4.0,10,meta_calibration,10,9,0.1,10
CHEMBL239,3,0.2,4.0,10,chemdeprc_cap1,10,5,0.5,10
CHEMBL239,3,0.2,4.0,10,minp_block_bh_cap1,10,10,0.0,10
CHEMBL239,3,0.2,4.0,10,score_cap1,10,4,0.6,10
CHEMBL239,3,0.2,4.0,10,weighted_bh,10,10,0.0,9
CHEMBL239,3,0.2,4.0,50,meta_calibration,50,34,0.32,50
CHEMBL239,3,0.2,4.0,50,chemdeprc_cap1,50,30,0.4,50
CHEMBL239,3,0.2,4.0,50,minp_block_bh_cap1,50,30,0.4,50
CHEMBL239,3,0.2,4.0,50,score_cap1,50,31,0.38,50
CHEMBL239,3,0.2,4.0,50,weighted_bh,50,22,0.56,26
CHEMBL239,3,0.2,4.0,75,meta_calibration,75,43,0.4266666666666667,75
CHEMBL239,3,0.2,4.0,75,chemdeprc_cap1,75,43,0.4266666666666667,75
CHEMBL239,3,0.2,4.0,75,minp_block_bh_cap1,66,39,0.4090909090909091,66
CHEMBL239,3,0.2,4.0,75,score_cap1,75,42,0.44,75
CHEMBL239,3,0.2,4.0,75,weighted_bh,75,26,0.6533333333333333,29
CHEMBL239,3,0.2,6.0,10,meta_calibration,10,10,0.0,10
CHEMBL239,3,0.2,6.0,10,chemdeprc_cap1,10,5,0.5,10
CHEMBL239,3,0.2,6.0,10,minp_block_bh_cap1,10,10,0.0,10
CHEMBL239,3,0.2,6.0,10,score_cap1,10,3,0.7,10
CHEMBL239,3,0.2,6.0,10,weighted_bh,10,10,0.0,9
CHEMBL239,3,0.2,6.0,50,meta_calibration,50,35,0.3,50
CHEMBL239,3,0.2,6.0,50,chemdeprc_cap1,50,30,0.4,50
CHEMBL239,3,0.2,6.0,50,minp_block_bh_cap1,50,30,0.4,50
CHEMBL239,3,0.2,6.0,50,score_cap1,50,31,0.38,50
CHEMBL239,3,0.2,6.0,50,weighted_bh,50,20,0.6,25
CHEMBL239,3,0.2,6.0,75,meta_calibration,75,44,0.41333333333333333,75
CHEMBL239,3,0.2,6.0,75,chemdeprc_cap1,75,43,0.4266666666666667,75
CHEMBL239,3,0.2,6.0,75,minp_block_bh_cap1,66,39,0.4090909090909091,66
CHEMBL239,3,0.2,6.0,75,score_cap1,75,42,0.44,75
CHEMBL239,3,0.2,6.0,75,weighted_bh,75,26,0.6533333333333333,30
CHEMBL239,3,0.3,4.0,10,meta_calibration,10,9,0.1,10
CHEMBL239,3,0.3,4.0,10,chemdeprc_cap1,10,7,0.3,10
CHEMBL239,3,0.3,4.0,10,minp_block_bh_cap1,10,10,0.0,10
CHEMBL239,3,0.3,4.0,10,score_cap1,10,4,0.6,10
CHEMBL239,3,0.3,4.0,10,weighted_bh,10,10,0.0,9
CHEMBL239,3,0.3,4.0,50,meta_calibration,50,31,0.38,50
CHEMBL239,3,0.3,4.0,50,chemdeprc_cap1,50,28,0.44,50
CHEMBL239,3,0.3,4.0,50,minp_block_bh_cap1,50,28,0.44,50
CHEMBL239,3,0.3,4.0,50,score_cap1,50,27,0.46,50
CHEMBL239,3,0.3,4.0,50,weighted_bh,50,26,0.48,30
CHEMBL239,3,0.3,4.0,75,meta_calibration,75,43,0.4266666666666667,75
CHEMBL239,3,0.3,4.0,75,chemdeprc_cap1,75,40,0.4666666666666667,75
CHEMBL239,3,0.3,4.0,75,minp_block_bh_cap1,72,39,0.4583333333333333,72
CHEMBL239,3,0.3,4.0,75,score_cap1,75,38,0.49333333333333335,75
CHEMBL239,3,0.3,4.0,75,weighted_bh,75,31,0.5866666666666667,41
CHEMBL239,3,0.3,6.0,10,meta_calibration,10,10,0.0,10
CHEMBL239,3,0.3,6.0,10,chemdeprc_cap1,10,5,0.5,10
CHEMBL239,3,0.3,6.0,10,minp_block_bh_cap1,10,10,0.0,10
CHEMBL239,3,0.3,6.0,10,score_cap1,10,1,0.9,10
CHEMBL239,3,0.3,6.0,10,weighted_bh,10,10,0.0,9
CHEMBL239,3,0.3,6.0,50,meta_calibration,50,34,0.32,50
CHEMBL239,3,0.3,6.0,50,chemdeprc_cap1,50,28,0.44,50
CHEMBL239,3,0.3,6.0,50,minp_block_bh_cap1,50,28,0.44,50
CHEMBL239,3,0.3,6.0,50,score_cap1,50,27,0.46,50
CHEMBL239,3,0.3,6.0,50,weighted_bh,50,20,0.6,28
CHEMBL239,3,0.3,6.0,75,meta_calibration,75,44,0.41333333333333333,75
CHEMBL239,3,0.3,6.0,75,chemdeprc_cap1,75,40,0.4666666666666667,75
CHEMBL239,3,0.3,6.0,75,minp_block_bh_cap1,72,39,0.4583333333333333,72
CHEMBL239,3,0.3,6.0,75,score_cap1,75,38,0.49333333333333335,75
CHEMBL239,3,0.3,6.0,75,weighted_bh,75,26,0.6533333333333333,32
CHEMBL239,4,0.2,4.0,10,meta_calibration,10,9,0.1,10
CHEMBL239,4,0.2,4.0,10,chemdeprc_cap1,10,6,0.4,10
CHEMBL239,4,0.2,4.0,10,minp_block_bh_cap1,10,10,0.0,10
CHEMBL239,4,0.2,4.0,10,score_cap1,10,6,0.4,10
CHEMBL239,4,0.2,4.0,10,weighted_bh,10,10,0.0,9
CHEMBL239,4,0.2,4.0,50,meta_calibration,50,31,0.38,50
CHEMBL239,4,0.2,4.0,50,chemdeprc_cap1,50,30,0.4,50
CHEMBL239,4,0.2,4.0,50,minp_block_bh_cap1,50,30,0.4,50
CHEMBL239,4,0.2,4.0,50,score_cap1,50,31,0.38,50
CHEMBL239,4,0.2,4.0,50,weighted_bh,50,26,0.48,26
CHEMBL239,4,0.2,4.0,75,meta_calibration,75,41,0.4533333333333333,75
CHEMBL239,4,0.2,4.0,75,chemdeprc_cap1,75,43,0.4266666666666667,75
CHEMBL239,4,0.2,4.0,75,minp_block_bh_cap1,66,39,0.4090909090909091,66
CHEMBL239,4,0.2,4.0,75,score_cap1,75,43,0.4266666666666667,75
CHEMBL239,4,0.2,4.0,75,weighted_bh,75,28,0.6266666666666667,33
CHEMBL239,4,0.2,6.0,10,meta_calibration,10,10,0.0,10
CHEMBL239,4,0.2,6.0,10,chemdeprc_cap1,10,5,0.5,10
CHEMBL239,4,0.2,6.0,10,minp_block_bh_cap1,10,9,0.1,10
CHEMBL239,4,0.2,6.0,10,score_cap1,10,4,0.6,10
CHEMBL239,4,0.2,6.0,10,weighted_bh,10,9,0.1,9
CHEMBL239,4,0.2,6.0,50,meta_calibration,50,33,0.34,50
CHEMBL239,4,0.2,6.0,50,chemdeprc_cap1,50,30,0.4,50
CHEMBL239,4,0.2,6.0,50,minp_block_bh_cap1,50,30,0.4,50
CHEMBL239,4,0.2,6.0,50,score_cap1,50,31,0.38,50
CHEMBL239,4,0.2,6.0,50,weighted_bh,50,23,0.54,27
CHEMBL239,4,0.2,6.0,75,meta_calibration,75,42,0.44,75
CHEMBL239,4,0.2,6.0,75,chemdeprc_cap1,75,43,0.4266666666666667,75
CHEMBL239,4,0.2,6.0,75,minp_block_bh_cap1,66,39,0.4090909090909091,66
CHEMBL239,4,0.2,6.0,75,score_cap1,75,43,0.4266666666666667,75
CHEMBL239,4,0.2,6.0,75,weighted_bh,75,26,0.6533333333333333,31
CHEMBL239,4,0.3,4.0,10,meta_calibration,10,9,0.1,10
CHEMBL239,4,0.3,4.0,10,chemdeprc_cap1,10,5,0.5,10
CHEMBL239,4,0.3,4.0,10,minp_block_bh_cap1,10,10,0.0,10
CHEMBL239,4,0.3,4.0,10,score_cap1,10,4,0.6,10
CHEMBL239,4,0.3,4.0,10,weighted_bh,10,10,0.0,9
CHEMBL239,4,0.3,4.0,50,meta_calibration,50,30,0.4,50
CHEMBL239,4,0.3,4.0,50,chemdeprc_cap1,50,28,0.44,50
CHEMBL239,4,0.3,4.0,50,minp_block_bh_cap1,50,29,0.42,50
CHEMBL239,4,0.3,4.0,50,score_cap1,50,27,0.46,50
CHEMBL239,4,0.3,4.0,50,weighted_bh,50,22,0.56,28
CHEMBL239,4,0.3,4.0,75,meta_calibration,75,42,0.44,75
CHEMBL239,4,0.3,4.0,75,chemdeprc_cap1,75,42,0.44,75
CHEMBL239,4,0.3,4.0,75,minp_block_bh_cap1,75,41,0.4533333333333333,75
CHEMBL239,4,0.3,4.0,75,score_cap1,75,41,0.4533333333333333,75
CHEMBL239,4,0.3,4.0,75,weighted_bh,75,26,0.6533333333333333,32
CHEMBL239,4,0.3,6.0,10,meta_calibration,10,10,0.0,10
CHEMBL239,4,0.3,6.0,10,chemdeprc_cap1,10,2,0.8,10
CHEMBL239,4,0.3,6.0,10,minp_block_bh_cap1,10,9,0.1,10
CHEMBL239,4,0.3,6.0,10,score_cap1,10,0,1.0,10
CHEMBL239,4,0.3,6.0,10,weighted_bh,10,8,0.2,8
CHEMBL239,4,0.3,6.0,50,meta_calibration,50,35,0.3,50
CHEMBL239,4,0.3,6.0,50,chemdeprc_cap1,50,28,0.44,50
CHEMBL239,4,0.3,6.0,50,minp_block_bh_cap1,50,29,0.42,50
CHEMBL239,4,0.3,6.0,50,score_cap1,50,27,0.46,50
CHEMBL239,4,0.3,6.0,50,weighted_bh,50,20,0.6,28
CHEMBL239,4,0.3,6.0,75,meta_calibration,75,44,0.41333333333333333,75
CHEMBL239,4,0.3,6.0,75,chemdeprc_cap1,75,42,0.44,75
CHEMBL239,4,0.3,6.0,75,minp_block_bh_cap1,75,41,0.4533333333333333,75
CHEMBL239,4,0.3,6.0,75,score_cap1,75,41,0.4533333333333333,75
CHEMBL239,4,0.3,6.0,75,weighted_bh,75,26,0.6533333333333333,31
CHEMBL239,5,0.2,4.0,10,meta_calibration,10,9,0.1,10
CHEMBL239,5,0.2,4.0,10,chemdeprc_cap1,10,5,0.5,10
CHEMBL239,5,0.2,4.0,10,minp_block_bh_cap1,10,10,0.0,10
CHEMBL239,5,0.2,4.0,10,score_cap1,10,4,0.6,10
CHEMBL239,5,0.2,4.0,10,weighted_bh,10,10,0.0,9
CHEMBL239,5,0.2,4.0,50,meta_calibration,50,33,0.34,50
CHEMBL239,5,0.2,4.0,50,chemdeprc_cap1,50,30,0.4,50
CHEMBL239,5,0.2,4.0,50,minp_block_bh_cap1,50,30,0.4,50
CHEMBL239,5,0.2,4.0,50,score_cap1,50,31,0.38,50
CHEMBL239,5,0.2,4.0,50,weighted_bh,50,20,0.6,26
CHEMBL239,5,0.2,4.0,75,meta_calibration,75,42,0.44,75
CHEMBL239,5,0.2,4.0,75,chemdeprc_cap1,75,43,0.4266666666666667,75
CHEMBL239,5,0.2,4.0,75,minp_block_bh_cap1,66,39,0.4090909090909091,66
CHEMBL239,5,0.2,4.0,75,score_cap1,75,43,0.4266666666666667,75
CHEMBL239,5,0.2,4.0,75,weighted_bh,75,26,0.6533333333333333,31
CHEMBL239,5,0.2,6.0,10,meta_calibration,10,10,0.0,10
CHEMBL239,5,0.2,6.0,10,chemdeprc_cap1,10,3,0.7,10
CHEMBL239,5,0.2,6.0,10,minp_block_bh_cap1,10,10,0.0,10
CHEMBL239,5,0.2,6.0,10,score_cap1,10,3,0.7,10
CHEMBL239,5,0.2,6.0,10,weighted_bh,10,10,0.0,9
CHEMBL239,5,0.2,6.0,50,meta_calibration,50,35,0.3,50
CHEMBL239,5,0.2,6.0,50,chemdeprc_cap1,50,30,0.4,50
CHEMBL239,5,0.2,6.0,50,minp_block_bh_cap1,50,30,0.4,50
CHEMBL239,5,0.2,6.0,50,score_cap1,50,31,0.38,50
CHEMBL239,5,0.2,6.0,50,weighted_bh,50,20,0.6,26
CHEMBL239,5,0.2,6.0,75,meta_calibration,75,44,0.41333333333333333,75
CHEMBL239,5,0.2,6.0,75,chemdeprc_cap1,75,43,0.4266666666666667,75
CHEMBL239,5,0.2,6.0,75,minp_block_bh_cap1,66,39,0.4090909090909091,66
CHEMBL239,5,0.2,6.0,75,score_cap1,75,43,0.4266666666666667,75
CHEMBL239,5,0.2,6.0,75,weighted_bh,75,26,0.6533333333333333,31
CHEMBL239,5,0.3,4.0,10,meta_calibration,10,9,0.1,10
CHEMBL239,5,0.3,4.0,10,chemdeprc_cap1,10,6,0.4,10
CHEMBL239,5,0.3,4.0,10,minp_block_bh_cap1,10,9,0.1,10
CHEMBL239,5,0.3,4.0,10,score_cap1,10,5,0.5,10
CHEMBL239,5,0.3,4.0,10,weighted_bh,10,8,0.2,8
CHEMBL239,5,0.3,4.0,50,meta_calibration,50,29,0.42,50
CHEMBL239,5,0.3,4.0,50,chemdeprc_cap1,50,28,0.44,50
CHEMBL239,5,0.3,4.0,50,minp_block_bh_cap1,50,29,0.42,50
CHEMBL239,5,0.3,4.0,50,score_cap1,50,28,0.44,50
CHEMBL239,5,0.3,4.0,50,weighted_bh,50,26,0.48,31
CHEMBL239,5,0.3,4.0,75,meta_calibration,75,41,0.4533333333333333,75
CHEMBL239,5,0.3,4.0,75,chemdeprc_cap1,75,42,0.44,75
CHEMBL239,5,0.3,4.0,75,minp_block_bh_cap1,75,41,0.4533333333333333,75
CHEMBL239,5,0.3,4.0,75,score_cap1,75,41,0.4533333333333333,75
CHEMBL239,5,0.3,4.0,75,weighted_bh,75,28,0.6266666666666667,38
CHEMBL239,5,0.3,6.0,10,meta_calibration,10,10,0.0,10
CHEMBL239,5,0.3,6.0,10,chemdeprc_cap1,10,2,0.8,10
CHEMBL239,5,0.3,6.0,10,minp_block_bh_cap1,10,8,0.2,10
CHEMBL239,5,0.3,6.0,10,score_cap1,10,1,0.9,10
CHEMBL239,5,0.3,6.0,10,weighted_bh,10,7,0.3,8
CHEMBL239,5,0.3,6.0,50,meta_calibration,50,34,0.32,50
CHEMBL239,5,0.3,6.0,50,chemdeprc_cap1,50,28,0.44,50
CHEMBL239,5,0.3,6.0,50,minp_block_bh_cap1,50,29,0.42,50
CHEMBL239,5,0.3,6.0,50,score_cap1,50,28,0.44,50
CHEMBL239,5,0.3,6.0,50,weighted_bh,50,21,0.58,29
CHEMBL239,5,0.3,6.0,75,meta_calibration,75,42,0.44,75
CHEMBL239,5,0.3,6.0,75,chemdeprc_cap1,75,42,0.44,75
CHEMBL239,5,0.3,6.0,75,minp_block_bh_cap1,75,41,0.4533333333333333,75
CHEMBL239,5,0.3,6.0,75,score_cap1,75,41,0.4533333333333333,75
CHEMBL239,5,0.3,6.0,75,weighted_bh,75,26,0.6533333333333333,34
CHEMBL239,6,0.2,4.0,10,meta_calibration,10,9,0.1,10
CHEMBL239,6,0.2,4.0,10,chemdeprc_cap1,10,6,0.4,10
CHEMBL239,6,0.2,4.0,10,minp_block_bh_cap1,10,9,0.1,10
CHEMBL239,6,0.2,4.0,10,score_cap1,10,6,0.4,10
CHEMBL239,6,0.2,4.0,10,weighted_bh,10,8,0.2,8
CHEMBL239,6,0.2,4.0,50,meta_calibration,50,32,0.36,50
CHEMBL239,6,0.2,4.0,50,chemdeprc_cap1,50,30,0.4,50
CHEMBL239,6,0.2,4.0,50,minp_block_bh_cap1,50,30,0.4,50
CHEMBL239,6,0.2,4.0,50,score_cap1,50,31,0.38,50
CHEMBL239,6,0.2,4.0,50,weighted_bh,50,20,0.6,27
CHEMBL239,6,0.2,4.0,75,meta_calibration,75,41,0.4533333333333333,75
CHEMBL239,6,0.2,4.0,75,chemdeprc_cap1,73,43,0.410958904109589,73
CHEMBL239,6,0.2,4.0,75,minp_block_bh_cap1,66,39,0.4090909090909091,66
CHEMBL239,6,0.2,4.0,75,score_cap1,75,43,0.4266666666666667,75
CHEMBL239,6,0.2,4.0,75,weighted_bh,75,31,0.5866666666666667,40
CHEMBL239,6,0.2,6.0,10,meta_calibration,10,10,0.0,10
CHEMBL239,6,0.2,6.0,10,chemdeprc_cap1,10,5,0.5,10
CHEMBL239,6,0.2,6.0,10,minp_block_bh_cap1,10,8,0.2,10
CHEMBL239,6,0.2,6.0,10,score_cap1,10,3,0.7,10
CHEMBL239,6,0.2,6.0,10,weighted_bh,10,6,0.4,7
CHEMBL239,6,0.2,6.0,50,meta_calibration,50,35,0.3,50
CHEMBL239,6,0.2,6.0,50,chemdeprc_cap1,50,30,0.4,50
CHEMBL239,6,0.2,6.0,50,minp_block_bh_cap1,50,30,0.4,50
CHEMBL239,6,0.2,6.0,50,score_cap1,50,31,0.38,50
CHEMBL239,6,0.2,6.0,50,weighted_bh,50,20,0.6,27
CHEMBL239,6,0.2,6.0,75,meta_calibration,75,43,0.4266666666666667,75
CHEMBL239,6,0.2,6.0,75,chemdeprc_cap1,73,43,0.410958904109589,73
CHEMBL239,6,0.2,6.0,75,minp_block_bh_cap1,66,39,0.4090909090909091,66
CHEMBL239,6,0.2,6.0,75,score_cap1,75,43,0.4266666666666667,75
CHEMBL239,6,0.2,6.0,75,weighted_bh,75,26,0.6533333333333333,32
CHEMBL239,6,0.3,4.0,10,meta_calibration,10,9,0.1,10
CHEMBL239,6,0.3,4.0,10,chemdeprc_cap1,10,5,0.5,10
CHEMBL239,6,0.3,4.0,10,minp_block_bh_cap1,10,10,0.0,10
CHEMBL239,6,0.3,4.0,10,score_cap1,10,3,0.7,10
CHEMBL239,6,0.3,4.0,10,weighted_bh,10,10,0.0,9
CHEMBL239,6,0.3,4.0,50,meta_calibration,50,30,0.4,50
CHEMBL239,6,0.3,4.0,50,chemdeprc_cap1,50,29,0.42,50
CHEMBL239,6,0.3,4.0,50,minp_block_bh_cap1,50,29,0.42,50
CHEMBL239,6,0.3,4.0,50,score_cap1,50,28,0.44,50
CHEMBL239,6,0.3,4.0,50,weighted_bh,50,20,0.6,27
CHEMBL239,6,0.3,4.0,75,meta_calibration,75,42,0.44,75
CHEMBL239,6,0.3,4.0,75,chemdeprc_cap1,75,42,0.44,75
CHEMBL239,6,0.3,4.0,75,minp_block_bh_cap1,72,40,0.4444444444444444,72
CHEMBL239,6,0.3,4.0,75,score_cap1,75,42,0.44,75
CHEMBL239,6,0.3,4.0,75,weighted_bh,75,26,0.6533333333333333,32
CHEMBL239,6,0.3,6.0,10,meta_calibration,10,10,0.0,10
CHEMBL239,6,0.3,6.0,10,chemdeprc_cap1,10,2,0.8,10
CHEMBL239,6,0.3,6.0,10,minp_block_bh_cap1,10,9,0.1,10
CHEMBL239,6,0.3,6.0,10,score_cap1,10,0,1.0,10
CHEMBL239,6,0.3,6.0,10,weighted_bh,10,8,0.2,8
CHEMBL239,6,0.3,6.0,50,meta_calibration,50,35,0.3,50
CHEMBL239,6,0.3,6.0,50,chemdeprc_cap1,50,29,0.42,50
CHEMBL239,6,0.3,6.0,50,minp_block_bh_cap1,50,29,0.42,50
CHEMBL239,6,0.3,6.0,50,score_cap1,50,28,0.44,50
CHEMBL239,6,0.3,6.0,50,weighted_bh,50,18,0.64,25
CHEMBL239,6,0.3,6.0,75,meta_calibration,75,45,0.4,75
CHEMBL239,6,0.3,6.0,75,chemdeprc_cap1,75,42,0.44,75
CHEMBL239,6,0.3,6.0,75,minp_block_bh_cap1,72,40,0.4444444444444444,72
CHEMBL239,6,0.3,6.0,75,score_cap1,75,42,0.44,75
CHEMBL239,6,0.3,6.0,75,weighted_bh,75,26,0.6533333333333333,31
CHEMBL239,7,0.2,4.0,10,meta_calibration,10,9,0.1,10
CHEMBL239,7,0.2,4.0,10,chemdeprc_cap1,10,5,0.5,10
CHEMBL239,7,0.2,4.0,10,minp_block_bh_cap1,10,9,0.1,10
CHEMBL239,7,0.2,4.0,10,score_cap1,10,4,0.6,10
CHEMBL239,7,0.2,4.0,10,weighted_bh,10,8,0.2,8
CHEMBL239,7,0.2,4.0,50,meta_calibration,50,31,0.38,50
CHEMBL239,7,0.2,4.0,50,chemdeprc_cap1,50,30,0.4,50
CHEMBL239,7,0.2,4.0,50,minp_block_bh_cap1,50,29,0.42,50
CHEMBL239,7,0.2,4.0,50,score_cap1,50,30,0.4,50
CHEMBL239,7,0.2,4.0,50,weighted_bh,50,22,0.56,28
CHEMBL239,7,0.2,4.0,75,meta_calibration,75,42,0.44,75
CHEMBL239,7,0.2,4.0,75,chemdeprc_cap1,75,43,0.4266666666666667,75
CHEMBL239,7,0.2,4.0,75,minp_block_bh_cap1,67,39,0.417910447761194,67
CHEMBL239,7,0.2,4.0,75,score_cap1,75,42,0.44,75
CHEMBL239,7,0.2,4.0,75,weighted_bh,75,31,0.5866666666666667,40
CHEMBL239,7,0.2,6.0,10,meta_calibration,10,10,0.0,10
CHEMBL239,7,0.2,6.0,10,chemdeprc_cap1,10,4,0.6,10
CHEMBL239,7,0.2,6.0,10,minp_block_bh_cap1,10,8,0.2,10
CHEMBL239,7,0.2,6.0,10,score_cap1,10,3,0.7,10
CHEMBL239,7,0.2,6.0,10,weighted_bh,10,6,0.4,7
CHEMBL239,7,0.2,6.0,50,meta_calibration,50,35,0.3,50
CHEMBL239,7,0.2,6.0,50,chemdeprc_cap1,50,30,0.4,50
CHEMBL239,7,0.2,6.0,50,minp_block_bh_cap1,50,29,0.42,50
CHEMBL239,7,0.2,6.0,50,score_cap1,50,30,0.4,50
CHEMBL239,7,0.2,6.0,50,weighted_bh,50,21,0.58,27
CHEMBL239,7,0.2,6.0,75,meta_calibration,75,45,0.4,75
CHEMBL239,7,0.2,6.0,75,chemdeprc_cap1,75,43,0.4266666666666667,75
CHEMBL239,7,0.2,6.0,75,minp_block_bh_cap1,67,39,0.417910447761194,67
CHEMBL239,7,0.2,6.0,75,score_cap1,75,42,0.44,75
CHEMBL239,7,0.2,6.0,75,weighted_bh,75,31,0.5866666666666667,40
CHEMBL239,7,0.3,4.0,10,meta_calibration,10,9,0.1,10
CHEMBL239,7,0.3,4.0,10,chemdeprc_cap1,10,5,0.5,10
CHEMBL239,7,0.3,4.0,10,minp_block_bh_cap1,10,10,0.0,10
CHEMBL239,7,0.3,4.0,10,score_cap1,10,3,0.7,10
CHEMBL239,7,0.3,4.0,10,weighted_bh,10,10,0.0,9
CHEMBL239,7,0.3,4.0,50,meta_calibration,50,33,0.34,50
CHEMBL239,7,0.3,4.0,50,chemdeprc_cap1,50,29,0.42,50
CHEMBL239,7,0.3,4.0,50,minp_block_bh_cap1,50,29,0.42,50
CHEMBL239,7,0.3,4.0,50,score_cap1,50,28,0.44,50
CHEMBL239,7,0.3,4.0,50,weighted_bh,50,20,0.6,26
CHEMBL239,7,0.3,4.0,75,meta_calibration,75,43,0.4266666666666667,75
CHEMBL239,7,0.3,4.0,75,chemdeprc_cap1,75,41,0.4533333333333333,75
CHEMBL239,7,0.3,4.0,75,minp_block_bh_cap1,72,40,0.4444444444444444,72
CHEMBL239,7,0.3,4.0,75,score_cap1,75,41,0.4533333333333333,75
CHEMBL239,7,0.3,4.0,75,weighted_bh,75,26,0.6533333333333333,32
CHEMBL239,7,0.3,6.0,10,meta_calibration,10,10,0.0,10
CHEMBL239,7,0.3,6.0,10,chemdeprc_cap1,10,3,0.7,10
CHEMBL239,7,0.3,6.0,10,minp_block_bh_cap1,10,10,0.0,10
CHEMBL239,7,0.3,6.0,10,score_cap1,10,0,1.0,10
CHEMBL239,7,0.3,6.0,10,weighted_bh,10,10,0.0,9
CHEMBL239,7,0.3,6.0,50,meta_calibration,50,36,0.28,50
CHEMBL239,7,0.3,6.0,50,chemdeprc_cap1,50,29,0.42,50
CHEMBL239,7,0.3,6.0,50,minp_block_bh_cap1,50,29,0.42,50
CHEMBL239,7,0.3,6.0,50,score_cap1,50,28,0.44,50
CHEMBL239,7,0.3,6.0,50,weighted_bh,50,20,0.6,27
CHEMBL239,7,0.3,6.0,75,meta_calibration,75,45,0.4,75
CHEMBL239,7,0.3,6.0,75,chemdeprc_cap1,75,41,0.4533333333333333,75
CHEMBL239,7,0.3,6.0,75,minp_block_bh_cap1,72,40,0.4444444444444444,72
CHEMBL239,7,0.3,6.0,75,score_cap1,75,41,0.4533333333333333,75
CHEMBL239,7,0.3,6.0,75,weighted_bh,75,26,0.6533333333333333,30
CHEMBL239,8,0.2,4.0,10,meta_calibration,10,9,0.1,10
CHEMBL239,8,0.2,4.0,10,chemdeprc_cap1,10,7,0.3,10
CHEMBL239,8,0.2,4.0,10,minp_block_bh_cap1,10,10,0.0,10
CHEMBL239,8,0.2,4.0,10,score_cap1,10,6,0.4,10
CHEMBL239,8,0.2,4.0,10,weighted_bh,10,10,0.0,9
CHEMBL239,8,0.2,4.0,50,meta_calibration,50,30,0.4,50
CHEMBL239,8,0.2,4.0,50,chemdeprc_cap1,50,30,0.4,50
CHEMBL239,8,0.2,4.0,50,minp_block_bh_cap1,50,29,0.42,50
CHEMBL239,8,0.2,4.0,50,score_cap1,50,30,0.4,50
CHEMBL239,8,0.2,4.0,50,weighted_bh,50,24,0.52,27
CHEMBL239,8,0.2,4.0,75,meta_calibration,75,41,0.4533333333333333,75
CHEMBL239,8,0.2,4.0,75,chemdeprc_cap1,75,43,0.4266666666666667,75
CHEMBL239,8,0.2,4.0,75,minp_block_bh_cap1,67,39,0.417910447761194,67
CHEMBL239,8,0.2,4.0,75,score_cap1,75,42,0.44,75
CHEMBL239,8,0.2,4.0,75,weighted_bh,75,31,0.5866666666666667,40
CHEMBL239,8,0.2,6.0,10,meta_calibration,10,10,0.0,10
CHEMBL239,8,0.2,6.0,10,chemdeprc_cap1,10,4,0.6,10
CHEMBL239,8,0.2,6.0,10,minp_block_bh_cap1,10,10,0.0,10
CHEMBL239,8,0.2,6.0,10,score_cap1,10,3,0.7,10
CHEMBL239,8,0.2,6.0,10,weighted_bh,10,10,0.0,9
CHEMBL239,8,0.2,6.0,50,meta_calibration,50,34,0.32,50
CHEMBL239,8,0.2,6.0,50,chemdeprc_cap1,50,30,0.4,50
CHEMBL239,8,0.2,6.0,50,minp_block_bh_cap1,50,29,0.42,50
CHEMBL239,8,0.2,6.0,50,score_cap1,50,30,0.4,50
CHEMBL239,8,0.2,6.0,50,weighted_bh,50,20,0.6,26
CHEMBL239,8,0.2,6.0,75,meta_calibration,75,42,0.44,75
CHEMBL239,8,0.2,6.0,75,chemdeprc_cap1,75,43,0.4266666666666667,75
CHEMBL239,8,0.2,6.0,75,minp_block_bh_cap1,67,39,0.417910447761194,67
CHEMBL239,8,0.2,6.0,75,score_cap1,75,42,0.44,75
CHEMBL239,8,0.2,6.0,75,weighted_bh,75,26,0.6533333333333333,30
CHEMBL239,8,0.3,4.0,10,meta_calibration,10,9,0.1,10
CHEMBL239,8,0.3,4.0,10,chemdeprc_cap1,10,6,0.4,10
CHEMBL239,8,0.3,4.0,10,minp_block_bh_cap1,10,10,0.0,10
CHEMBL239,8,0.3,4.0,10,score_cap1,10,5,0.5,10
CHEMBL239,8,0.3,4.0,10,weighted_bh,10,10,0.0,9
CHEMBL239,8,0.3,4.0,50,meta_calibration,50,31,0.38,50
CHEMBL239,8,0.3,4.0,50,chemdeprc_cap1,50,28,0.44,50
CHEMBL239,8,0.3,4.0,50,minp_block_bh_cap1,50,29,0.42,50
CHEMBL239,8,0.3,4.0,50,score_cap1,50,27,0.46,50
CHEMBL239,8,0.3,4.0,50,weighted_bh,50,26,0.48,29
CHEMBL239,8,0.3,4.0,75,meta_calibration,75,43,0.4266666666666667,75
CHEMBL239,8,0.3,4.0,75,chemdeprc_cap1,75,41,0.4533333333333333,75
CHEMBL239,8,0.3,4.0,75,minp_block_bh_cap1,73,40,0.4520547945205479,73
CHEMBL239,8,0.3,4.0,75,score_cap1,75,39,0.48,75
CHEMBL239,8,0.3,4.0,75,weighted_bh,75,27,0.64,33
CHEMBL239,8,0.3,6.0,10,meta_calibration,10,10,0.0,10
CHEMBL239,8,0.3,6.0,10,chemdeprc_cap1,10,4,0.6,10
CHEMBL239,8,0.3,6.0,10,minp_block_bh_cap1,10,10,0.0,10
CHEMBL239,8,0.3,6.0,10,score_cap1,10,1,0.9,10
CHEMBL239,8,0.3,6.0,10,weighted_bh,10,10,0.0,9
CHEMBL239,8,0.3,6.0,50,meta_calibration,50,34,0.32,50
CHEMBL239,8,0.3,6.0,50,chemdeprc_cap1,50,28,0.44,50
CHEMBL239,8,0.3,6.0,50,minp_block_bh_cap1,50,29,0.42,50
CHEMBL239,8,0.3,6.0,50,score_cap1,50,27,0.46,50
CHEMBL239,8,0.3,6.0,50,weighted_bh,50,20,0.6,28
CHEMBL239,8,0.3,6.0,75,meta_calibration,75,44,0.41333333333333333,75
CHEMBL239,8,0.3,6.0,75,chemdeprc_cap1,75,41,0.4533333333333333,75
CHEMBL239,8,0.3,6.0,75,minp_block_bh_cap1,73,40,0.4520547945205479,73
CHEMBL239,8,0.3,6.0,75,score_cap1,75,39,0.48,75
CHEMBL239,8,0.3,6.0,75,weighted_bh,75,26,0.6533333333333333,31
CHEMBL239,9,0.2,4.0,10,meta_calibration,10,10,0.0,10
CHEMBL239,9,0.2,4.0,10,chemdeprc_cap1,10,6,0.4,10
CHEMBL239,9,0.2,4.0,10,minp_block_bh_cap1,10,10,0.0,10
CHEMBL239,9,0.2,4.0,10,score_cap1,10,5,0.5,10
CHEMBL239,9,0.2,4.0,10,weighted_bh,10,10,0.0,9
CHEMBL239,9,0.2,4.0,50,meta_calibration,50,31,0.38,50
CHEMBL239,9,0.2,4.0,50,chemdeprc_cap1,50,30,0.4,50
CHEMBL239,9,0.2,4.0,50,minp_block_bh_cap1,50,30,0.4,50
CHEMBL239,9,0.2,4.0,50,score_cap1,50,30,0.4,50
CHEMBL239,9,0.2,4.0,50,weighted_bh,50,20,0.6,26
CHEMBL239,9,0.2,4.0,75,meta_calibration,75,42,0.44,75
CHEMBL239,9,0.2,4.0,75,chemdeprc_cap1,75,43,0.4266666666666667,75
CHEMBL239,9,0.2,4.0,75,minp_block_bh_cap1,66,39,0.4090909090909091,66
CHEMBL239,9,0.2,4.0,75,score_cap1,75,42,0.44,75
CHEMBL239,9,0.2,4.0,75,weighted_bh,75,26,0.6533333333333333,30
CHEMBL239,9,0.2,6.0,10,meta_calibration,10,10,0.0,10
CHEMBL239,9,0.2,6.0,10,chemdeprc_cap1,10,5,0.5,10
CHEMBL239,9,0.2,6.0,10,minp_block_bh_cap1,10,9,0.1,10
CHEMBL239,9,0.2,6.0,10,score_cap1,10,3,0.7,10
CHEMBL239,9,0.2,6.0,10,weighted_bh,10,8,0.2,8
CHEMBL239,9,0.2,6.0,50,meta_calibration,50,34,0.32,50
CHEMBL239,9,0.2,6.0,50,chemdeprc_cap1,50,30,0.4,50
CHEMBL239,9,0.2,6.0,50,minp_block_bh_cap1,50,30,0.4,50
CHEMBL239,9,0.2,6.0,50,score_cap1,50,30,0.4,50
CHEMBL239,9,0.2,6.0,50,weighted_bh,50,20,0.6,26
CHEMBL239,9,0.2,6.0,75,meta_calibration,75,43,0.4266666666666667,75
CHEMBL239,9,0.2,6.0,75,chemdeprc_cap1,75,43,0.4266666666666667,75
CHEMBL239,9,0.2,6.0,75,minp_block_bh_cap1,66,39,0.4090909090909091,66
CHEMBL239,9,0.2,6.0,75,score_cap1,75,42,0.44,75
CHEMBL239,9,0.2,6.0,75,weighted_bh,75,26,0.6533333333333333,29
CHEMBL239,9,0.3,4.0,10,meta_calibration,10,9,0.1,10
CHEMBL239,9,0.3,4.0,10,chemdeprc_cap1,10,5,0.5,10
CHEMBL239,9,0.3,4.0,10,minp_block_bh_cap1,10,10,0.0,10
CHEMBL239,9,0.3,4.0,10,score_cap1,10,3,0.7,10
CHEMBL239,9,0.3,4.0,10,weighted_bh,10,10,0.0,9
CHEMBL239,9,0.3,4.0,50,meta_calibration,50,30,0.4,50
CHEMBL239,9,0.3,4.0,50,chemdeprc_cap1,50,29,0.42,50
CHEMBL239,9,0.3,4.0,50,minp_block_bh_cap1,50,29,0.42,50
CHEMBL239,9,0.3,4.0,50,score_cap1,50,28,0.44,50
CHEMBL239,9,0.3,4.0,50,weighted_bh,50,24,0.52,29
CHEMBL239,9,0.3,4.0,75,meta_calibration,75,42,0.44,75
CHEMBL239,9,0.3,4.0,75,chemdeprc_cap1,75,42,0.44,75
CHEMBL239,9,0.3,4.0,75,minp_block_bh_cap1,72,40,0.4444444444444444,72
CHEMBL239,9,0.3,4.0,75,score_cap1,75,42,0.44,75
CHEMBL239,9,0.3,4.0,75,weighted_bh,75,26,0.6533333333333333,33
CHEMBL239,9,0.3,6.0,10,meta_calibration,10,10,0.0,10
CHEMBL239,9,0.3,6.0,10,chemdeprc_cap1,10,1,0.9,10
CHEMBL239,9,0.3,6.0,10,minp_block_bh_cap1,10,10,0.0,10
CHEMBL239,9,0.3,6.0,10,score_cap1,10,1,0.9,10
CHEMBL239,9,0.3,6.0,10,weighted_bh,10,10,0.0,9
CHEMBL239,9,0.3,6.0,50,meta_calibration,50,36,0.28,50
CHEMBL239,9,0.3,6.0,50,chemdeprc_cap1,50,29,0.42,50
CHEMBL239,9,0.3,6.0,50,minp_block_bh_cap1,50,29,0.42,50
CHEMBL239,9,0.3,6.0,50,score_cap1,50,28,0.44,50
CHEMBL239,9,0.3,6.0,50,weighted_bh,50,18,0.64,27
CHEMBL239,9,0.3,6.0,75,meta_calibration,75,45,0.4,75
CHEMBL239,9,0.3,6.0,75,chemdeprc_cap1,75,42,0.44,75
CHEMBL239,9,0.3,6.0,75,minp_block_bh_cap1,72,40,0.4444444444444444,72
CHEMBL239,9,0.3,6.0,75,score_cap1,75,42,0.44,75
CHEMBL239,9,0.3,6.0,75,weighted_bh,75,26,0.6533333333333333,33
