target,rep,fraction,boost,budget,method,selected,hits,fdp,blocks
CHEMBL222,0,0.2,4.0,10,meta_calibration,10,10,0.0,10
CHEMBL222,0,0.2,4.0,10,chemdeprc_cap1,10,9,0.1,10
CHEMBL222,0,0.2,4.0,10,minp_block_bh_cap1,10,10,0.0,10
CHEMBL222,0,0.2,4.0,10,score_cap1,10,6,0.4,10
CHEMBL222,0,0.2,4.0,10,weighted_bh,10,10,0.0,10
CHEMBL222,0,0.2,4.0,50,meta_calibration,50,45,0.1,50
CHEMBL222,0,0.2,4.0,50,chemdeprc_cap1,50,45,0.1,50
CHEMBL222,0,0.2,4.0,50,minp_block_bh_cap1,50,46,0.08,50
CHEMBL222,0,0.2,4.0,50,score_cap1,50,44,0.12,50
CHEMBL222,0,0.2,4.0,50,weighted_bh,50,40,0.2,38
CHEMBL222,0,0.2,4.0,75,meta_calibration,75,64,0.14666666666666667,75
CHEMBL222,0,0.2,4.0,75,chemdeprc_cap1,75,63,0.16,75
CHEMBL222,0,0.2,4.0,75,minp_block_bh_cap1,75,61,0.18666666666666668,75
CHEMBL222,0,0.2,4.0,75,score_cap1,75,63,0.16,75
CHEMBL222,0,0.2,4.0,75,weighted_bh,75,65,0.13333333333333333,44
CHEMBL222,0,0.2,6.0,10,meta_calibration,10,10,0.0,10
CHEMBL222,0,0.2,6.0,10,chemdeprc_cap1,10,8,0.2,10
CHEMBL222,0,0.2,6.0,10,minp_block_bh_cap1,10,10,0.0,10
CHEMBL222,0,0.2,6.0,10,score_cap1,10,6,0.4,10
CHEMBL222,0,0.2,6.0,10,weighted_bh,10,10,0.0,10
CHEMBL222,0,0.2,6.0,50,meta_calibration,50,46,0.08,50
CHEMBL222,0,0.2,6.0,50,chemdeprc_cap1,50,45,0.1,50
CHEMBL222,0,0.2,6.0,50,minp_block_bh_cap1,50,46,0.08,50
CHEMBL222,0,0.2,6.0,50,score_cap1,50,44,0.12,50
CHEMBL222,0,0.2,6.0,50,weighted_bh,50,39,0.22,37
CHEMBL222,0,0.2,6.0,75,meta_calibration,75,64,0.14666666666666667,75
CHEMBL222,0,0.2,6.0,75,chemdeprc_cap1,75,63,0.16,75
CHEMBL222,0,0.2,6.0,75,minp_block_bh_cap1,75,61,0.18666666666666668,75
CHEMBL222,0,0.2,6.0,75,score_cap1,75,63,0.16,75
CHEMBL222,0,0.2,6.0,75,weighted_bh,75,64,0.14666666666666667,44
CHEMBL222,0,0.3,4.0,10,meta_calibration,10,10,0.0,10
CHEMBL222,0,0.3,4.0,10,chemdeprc_cap1,10,10,0.0,10
CHEMBL222,0,0.3,4.0,10,minp_block_bh_cap1,10,10,0.0,10
CHEMBL222,0,0.3,4.0,10,score_cap1,10,9,0.1,10
CHEMBL222,0,0.3,4.0,10,weighted_bh,10,10,0.0,10
CHEMBL222,0,0.3,4.0,50,meta_calibration,50,44,0.12,50
CHEMBL222,0,0.3,4.0,50,chemdeprc_cap1,50,45,0.1,50
CHEMBL222,0,0.3,4.0,50,minp_block_bh_cap1,50,45,0.1,50
CHEMBL222,0,0.3,4.0,50,score_cap1,50,43,0.14,50
CHEMBL222,0,0.3,4.0,50,weighted_bh,50,41,0.18,40
CHEMBL222,0,0.3,4.0,75,meta_calibration,75,61,0.18666666666666668,75
CHEMBL222,0,0.3,4.0,75,chemdeprc_cap1,75,63,0.16,75
CHEMBL222,0,0.3,4.0,75,minp_block_bh_cap1,75,60,0.2,75
CHEMBL222,0,0.3,4.0,75,score_cap1,75,62,0.17333333333333334,75
CHEMBL222,0,0.3,4.0,75,weighted_bh,75,65,0.13333333333333333,45
CHEMBL222,0,0.3,6.0,10,meta_calibration,10,10,0.0,10
CHEMBL222,0,0.3,6.0,10,chemdeprc_cap1,10,7,0.3,10
CHEMBL222,0,0.3,6.0,10,minp_block_bh_cap1,10,10,0.0,10
CHEMBL222,0,0.3,6.0,10,score_cap1,10,5,0.5,10
CHEMBL222,0,0.3,6.0,10,weighted_bh,10,10,0.0,10
CHEMBL222,0,0.3,6.0,50,meta_calibration,50,44,0.12,50
CHEMBL222,0,0.3,6.0,50,chemdeprc_cap1,50,43,0.14,50
CHEMBL222,0,0.3,6.0,50,minp_block_bh_cap1,50,44,0.12,50
CHEMBL222,0,0.3,6.0,50,score_cap1,50,42,0.16,50
CHEMBL222,0,0.3,6.0,50,weighted_bh,50,40,0.2,40
CHEMBL222,0,0.3,6.0,75,meta_calibration,75,62,0.17333333333333334,75
CHEMBL222,0,0.3,6.0,75,chemdeprc_cap1,75,63,0.16,75
CHEMBL222,0,0.3,6.0,75,minp_block_bh_cap1,75,60,0.2,75
CHEMBL222,0,0.3,6.0,75,score_cap1,75,62,0.17333333333333334,75
CHEMBL222,0,0.3,6.0,75,weighted_bh,75,60,0.2,46
CHEMBL222,1,0.2,4.0,10,meta_calibration,10,10,0.0,10
CHEMBL222,1,0.2,4.0,10,chemdeprc_cap1,10,10,0.0,10
CHEMBL222,1,0.2,4.0,10,minp_block_bh_cap1,10,10,0.0,10
CHEMBL222,1,0.2,4.0,10,score_cap1,10,9,0.1,10
CHEMBL222,1,0.2,4.0,10,weighted_bh,10,10,0.0,10
CHEMBL222,1,0.2,4.0,50,meta_calibration,50,45,0.1,50
CHEMBL222,1,0.2,4.0,50,chemdeprc_cap1,50,45,0.1,50
CHEMBL222,1,0.2,4.0,50,minp_block_bh_cap1,50,47,0.06,50
CHEMBL222,1,0.2,4.0,50,score_cap1,50,44,0.12,50
CHEMBL222,1,0.2,4.0,50,weighted_bh,50,44,0.12,39
CHEMBL222,1,0.2,4.0,75,meta_calibration,75,62,0.17333333333333334,75
CHEMBL222,1,0.2,4.0,75,chemdeprc_cap1,75,63,0.16,75
CHEMBL222,1,0.2,4.0,75,minp_block_bh_cap1,75,61,0.18666666666666668,75
CHEMBL222,1,0.2,4.0,75,score_cap1,75,63,0.16,75
CHEMBL222,1,0.2,4.0,75,weighted_bh,75,67,0.10666666666666667,44
CHEMBL222,1,0.2,6.0,10,meta_calibration,10,10,0.0,10
CHEMBL222,1,0.2,6.0,10,chemdeprc_cap1,10,8,0.2,10
CHEMBL222,1,0.2,6.0,10,minp_block_bh_cap1,10,10,0.0,10
CHEMBL222,1,0.2,6.0,10,score_cap1,10,6,0.4,10
CHEMBL222,1,0.2,6.0,10,weighted_bh,10,10,0.0,10
CHEMBL222,1,0.2,6.0,50,meta_calibration,50,45,0.1,50
CHEMBL222,1,0.2,6.0,50,chemdeprc_cap1,50,45,0.1,50
CHEMBL222,1,0.2,6.0,50,minp_block_bh_cap1,50,46,0.08,50
CHEMBL222,1,0.2,6.0,50,score_cap1,50,44,0.12,50
CHEMBL222,1,0.2,6.0,50,weighted_bh,50,40,0.2,37
CHEMBL222,1,0.2,6.0,75,meta_calibration,75,63,0.16,75
CHEMBL222,1,0.2,6.0,75,chemdeprc_cap1,75,63,0.16,75
CHEMBL222,1,0.2,6.0,75,minp_block_bh_cap1,75,61,0.18666666666666668,75
CHEMBL222,1,0.2,6.0,75,score_cap1,75,63,0.16,75
CHEMBL222,1,0.2,6.0,75,weighted_bh,75,63,0.16,43
CHEMBL222,1,0.3,4.0,10,meta_calibration,10,10,0.0,10
CHEMBL222,1,0.3,4.0,10,chemdeprc_cap1,10,10,0.0,10
CHEMBL222,1,0.3,4.0,10,minp_block_bh_cap1,10,10,0.0,10
CHEMBL222,1,0.3,4.0,10,score_cap1,10,9,0.1,10
CHEMBL222,1,0.3,4.0,10,weighted_bh,10,10,0.0,10
CHEMBL222,1,0.3,4.0,50,meta_calibration,50,45,0.1,50
CHEMBL222,1,0.3,4.0,50,chemdeprc_cap1,50,45,0.1,50
CHEMBL222,1,0.3,4.0,50,minp_block_bh_cap1,50,47,0.06,50
CHEMBL222,1,0.3,4.0,50,score_cap1,50,44,0.12,50
CHEMBL222,1,0.3,4.0,50,weighted_bh,50,47,0.06,38
CHEMBL222,1,0.3,4.0,75,meta_calibration,75,61,0.18666666666666668,75
CHEMBL222,1,0.3,4.0,75,chemdeprc_cap1,75,63,0.16,75
CHEMBL222,1,0.3,4.0,75,minp_block_bh_cap1,75,60,0.2,75
CHEMBL222,1,0.3,4.0,75,score_cap1,75,62,0.17333333333333334,75
CHEMBL222,1,0.3,4.0,75,weighted_bh,75,70,0.06666666666666667,46
CHEMBL222,1,0.3,6.0,10,meta_calibration,10,10,0.0,10
CHEMBL222,1,0.3,6.0,10,chemdeprc_cap1,10,9,0.1,10
CHEMBL222,1,0.3,6.0,10,minp_block_bh_cap1,10,10,0.0,10
CHEMBL222,1,0.3,6.0,10,score_cap1,10,6,0.4,10
CHEMBL222,1,0.3,6.0,10,weighted_bh,10,10,0.0,10
CHEMBL222,1,0.3,6.0,50,meta_calibration,50,44,0.12,50
CHEMBL222,1,0.3,6.0,50,chemdeprc_cap1,50,43,0.14,50
CHEMBL222,1,0.3,6.0,50,minp_block_bh_cap1,50,44,0.12,50
CHEMBL222,1,0.3,6.0,50,score_cap1,50,42,0.16,50
CHEMBL222,1,0.3,6.0,50,weighted_bh,50,43,0.14,39
CHEMBL222,1,0.3,6.0,75,meta_calibration,75,63,0.16,75
CHEMBL222,1,0.3,6.0,75,chemdeprc_cap1,75,63,0.16,75
CHEMBL222,1,0.3,6.0,75,minp_block_bh_cap1,75,60,0.2,75
CHEMBL222,1,0.3,6.0,75,score_cap1,75,62,0.17333333333333334,75
CHEMBL222,1,0.3,6.0,75,weighted_bh,75,66,0.12,46
CHEMBL222,2,0.2,4.0,10,meta_calibration,10,10,0.0,10
CHEMBL222,2,0.2,4.0,10,chemdeprc_cap1,10,10,0.0,10
CHEMBL222,2,0.2,4.0,10,minp_block_bh_cap1,10,10,0.0,10
CHEMBL222,2,0.2,4.0,10,score_cap1,10,9,0.1,10
CHEMBL222,2,0.2,4.0,10,weighted_bh,10,10,0.0,10
CHEMBL222,2,0.2,4.0,50,meta_calibration,50,44,0.12,50
CHEMBL222,2,0.2,4.0,50,chemdeprc_cap1,50,45,0.1,50
CHEMBL222,2,0.2,4.0,50,minp_block_bh_cap1,50,46,0.08,50
CHEMBL222,2,0.2,4.0,50,score_cap1,50,44,0.12,50
CHEMBL222,2,0.2,4.0,50,weighted_bh,50,42,0.16,39
CHEMBL222,2,0.2,4.0,75,meta_calibration,75,62,0.17333333333333334,75
CHEMBL222,2,0.2,4.0,75,chemdeprc_cap1,75,63,0.16,75
CHEMBL222,2,0.2,4.0,75,minp_block_bh_cap1,75,61,0.18666666666666668,75
CHEMBL222,2,0.2,4.0,75,score_cap1,75,63,0.16,75
CHEMBL222,2,0.2,4.0,75,weighted_bh,75,67,0.10666666666666667,45
CHEMBL222,2,0.2,6.0,10,meta_calibration,10,10,0.0,10
CHEMBL222,2,0.2,6.0,10,chemdeprc_cap1,10,7,0.3,10
CHEMBL222,2,0.2,6.0,10,minp_block_bh_cap1,10,10,0.0,10
CHEMBL222,2,0.2,6.0,10,score_cap1,10,6,0.4,10
CHEMBL222,2,0.2,6.0,10,weighted_bh,10,10,0.0,10
CHEMBL222,2,0.2,6.0,50,meta_calibration,50,44,0.12,50
CHEMBL222,2,0.2,6.0,50,chemdeprc_cap1,50,45,0.1,50
CHEMBL222,2,0.2,6.0,50,minp_block_bh_cap1,50,46,0.08,50
CHEMBL222,2,0.2,6.0,50,score_cap1,50,44,0.12,50
CHEMBL222,2,0.2,6.0,50,weighted_bh,50,40,0.2,38
CHEMBL222,2,0.2,6.0,75,meta_calibration,75,62,0.17333333333333334,75
CHEMBL222,2,0.2,6.0,75,chemdeprc_cap1,75,63,0.16,75
CHEMBL222,2,0.2,6.0,75,minp_block_bh_cap1,75,61,0.18666666666666668,75
CHEMBL222,2,0.2,6.0,75,score_cap1,75,63,0.16,75
CHEMBL222,2,0.2,6.0,75,weighted_bh,75,64,0.14666666666666667,44
CHEMBL222,2,0.3,4.0,10,meta_calibration,10,10,0.0,10
CHEMBL222,2,0.3,4.0,10,chemdeprc_cap1,10,10,0.0,10
CHEMBL222,2,0.3,4.0,10,minp_block_bh_cap1,10,10,0.0,10
CHEMBL222,2,0.3,4.0,10,score_cap1,10,8,0.2,10
CHEMBL222,2,0.3,4.0,10,weighted_bh,10,10,0.0,10
CHEMBL222,2,0.3,4.0,50,meta_calibration,50,45,0.1,50
CHEMBL222,2,0.3,4.0,50,chemdeprc_cap1,50,44,0.12,50
CHEMBL222,2,0.3,4.0,50,minp_block_bh_cap1,50,46,0.08,50
CHEMBL222,2,0.3,4.0,50,score_cap1,50,43,0.14,50
CHEMBL222,2,0.3,4.0,50,weighted_bh,50,44,0.12,39
CHEMBL222,2,0.3,4.0,75,meta_calibration,75,62,0.17333333333333334,75
CHEMBL222,2,0.3,4.0,75,chemdeprc_cap1,75,62,0.17333333333333334,75
CHEMBL222,2,0.3,4.0,75,minp_block_bh_cap1,75,59,0.21333333333333335,75
CHEMBL222,2,0.3,4.0,75,score_cap1,75,61,0.18666666666666668,75
CHEMBL222,2,0.3,4.0,75,weighted_bh,75,68,0.09333333333333334,46
CHEMBL222,2,0.3,6.0,10,meta_calibration,10,10,0.0,10
CHEMBL222,2,0.3,6.0,10,chemdeprc_cap1,10,8,0.2,10
CHEMBL222,2,0.3,6.0,10,minp_block_bh_cap1,10,10,0.0,10
CHEMBL222,2,0.3,6.0,10,score_cap1,10,5,0.5,10
CHEMBL222,2,0.3,6.0,10,weighted_bh,10,10,0.0,10
CHEMBL222,2,0.3,6.0,50,meta_calibration,50,46,0.08,50
CHEMBL222,2,0.3,6.0,50,chemdeprc_cap1,50,43,0.14,50
CHEMBL222,2,0.3,6.0,50,minp_block_bh_cap1,50,45,0.1,50
CHEMBL222,2,0.3,6.0,50,score_cap1,50,42,0.16,50
CHEMBL222,2,0.3,6.0,50,weighted_bh,50,40,0.2,38
CHEMBL222,2,0.3,6.0,75,meta_calibration,75,63,0.16,75
CHEMBL222,2,0.3,6.0,75,chemdeprc_cap1,75,62,0.17333333333333334,75
CHEMBL222,2,0.3,6.0,75,minp_block_bh_cap1,75,59,0.21333333333333335,75
CHEMBL222,2,0.3,6.0,75,score_cap1,75,61,0.18666666666666668,75
CHEMBL222,2,0.3,6.0,75,weighted_bh,75,64,0.14666666666666667,44
CHEMBL222,3,0.2,4.0,10,meta_calibration,10,10,0.0,10
CHEMBL222,3,0.2,4.0,10,chemdeprc_cap1,10,10,0.0,10
CHEMBL222,3,0.2,4.0,10,minp_block_bh_cap1,10,10,0.0,10
CHEMBL222,3,0.2,4.0,10,score_cap1,10,9,0.1,10
CHEMBL222,3,0.2,4.0,10,weighted_bh,10,10,0.0,10
CHEMBL222,3,0.2,4.0,50,meta_calibration,50,46,0.08,50
CHEMBL222,3,0.2,4.0,50,chemdeprc_cap1,50,46,0.08,50
CHEMBL222,3,0.2,4.0,50,minp_block_bh_cap1,50,47,0.06,50
CHEMBL222,3,0.2,4.0,50,score_cap1,50,45,0.1,50
CHEMBL222,3,0.2,4.0,50,weighted_bh,50,49,0.02,37
CHEMBL222,3,0.2,4.0,75,meta_calibration,75,63,0.16,75
CHEMBL222,3,0.2,4.0,75,chemdeprc_cap1,75,63,0.16,75
CHEMBL222,3,0.2,4.0,75,minp_block_bh_cap1,75,60,0.2,75
CHEMBL222,3,0.2,4.0,75,score_cap1,75,63,0.16,75
CHEMBL222,3,0.2,4.0,75,weighted_bh,75,72,0.04,45
CHEMBL222,3,0.2,6.0,10,meta_calibration,10,10,0.0,10
CHEMBL222,3,0.2,6.0,10,chemdeprc_cap1,10,10,0.0,10
CHEMBL222,3,0.2,6.0,10,minp_block_bh_cap1,10,10,0.0,10
CHEMBL222,3,0.2,6.0,10,score_cap1,10,7,0.3,10
CHEMBL222,3,0.2,6.0,10,weighted_bh,10,10,0.0,10
CHEMBL222,3,0.2,6.0,50,meta_calibration,50,47,0.06,50
CHEMBL222,3,0.2,6.0,50,chemdeprc_cap1,50,45,0.1,50
CHEMBL222,3,0.2,6.0,50,minp_block_bh_cap1,50,46,0.08,50
CHEMBL222,3,0.2,6.0,50,score_cap1,50,44,0.12,50
CHEMBL222,3,0.2,6.0,50,weighted_bh,50,47,0.06,38
CHEMBL222,3,0.2,6.0,75,meta_calibration,75,65,0.13333333333333333,75
CHEMBL222,3,0.2,6.0,75,chemdeprc_cap1,75,63,0.16,75
CHEMBL222,3,0.2,6.0,75,minp_block_bh_cap1,75,60,0.2,75
CHEMBL222,3,0.2,6.0,75,score_cap1,75,63,0.16,75
CHEMBL222,3,0.2,6.0,75,weighted_bh,75,66,0.12,44
CHEMBL222,3,0.3,4.0,10,meta_calibration,10,10,0.0,10
CHEMBL222,3,0.3,4.0,10,chemdeprc_cap1,10,10,0.0,10
CHEMBL222,3,0.3,4.0,10,minp_block_bh_cap1,10,10,0.0,10
CHEMBL222,3,0.3,4.0,10,score_cap1,10,7,0.3,10
CHEMBL222,3,0.3,4.0,10,weighted_bh,10,10,0.0,10
CHEMBL222,3,0.3,4.0,50,meta_calibration,50,45,0.1,50
CHEMBL222,3,0.3,4.0,50,chemdeprc_cap1,50,45,0.1,50
CHEMBL222,3,0.3,4.0,50,minp_block_bh_cap1,50,46,0.08,50
CHEMBL222,3,0.3,4.0,50,score_cap1,50,44,0.12,50
CHEMBL222,3,0.3,4.0,50,weighted_bh,50,43,0.14,39
CHEMBL222,3,0.3,4.0,75,meta_calibration,75,62,0.17333333333333334,75
CHEMBL222,3,0.3,4.0,75,chemdeprc_cap1,75,63,0.16,75
CHEMBL222,3,0.3,4.0,75,minp_block_bh_cap1,75,60,0.2,75
CHEMBL222,3,0.3,4.0,75,score_cap1,75,63,0.16,75
CHEMBL222,3,0.3,4.0,75,weighted_bh,75,68,0.09333333333333334,46
CHEMBL222,3,0.3,6.0,10,meta_calibration,10,10,0.0,10
CHEMBL222,3,0.3,6.0,10,chemdeprc_cap1,10,8,0.2,10
CHEMBL222,3,0.3,6.0,10,minp_block_bh_cap1,10,10,0.0,10
CHEMBL222,3,0.3,6.0,10,score_cap1,10,6,0.4,10
CHEMBL222,3,0.3,6.0,10,weighted_bh,10,10,0.0,10
CHEMBL222,3,0.3,6.0,50,meta_calibration,50,43,0.14,50
CHEMBL222,3,0.3,6.0,50,chemdeprc_cap1,50,43,0.14,50
CHEMBL222,3,0.3,6.0,50,minp_block_bh_cap1,50,44,0.12,50
CHEMBL222,3,0.3,6.0,50,score_cap1,50,42,0.16,50
CHEMBL222,3,0.3,6.0,50,weighted_bh,50,38,0.24,38
CHEMBL222,3,0.3,6.0,75,meta_calibration,75,62,0.17333333333333334,75
CHEMBL222,3,0.3,6.0,75,chemdeprc_cap1,75,63,0.16,75
CHEMBL222,3,0.3,6.0,75,minp_block_bh_cap1,75,60,0.2,75
CHEMBL222,3,0.3,6.0,75,score_cap1,75,63,0.16,75
CHEMBL222,3,0.3,6.0,75,weighted_bh,75,63,0.16,46
CHEMBL222,4,0.2,4.0,10,meta_calibration,10,10,0.0,10
CHEMBL222,4,0.2,4.0,10,chemdeprc_cap1,10,10,0.0,10
CHEMBL222,4,0.2,4.0,10,minp_block_bh_cap1,10,10,0.0,10
CHEMBL222,4,0.2,4.0,10,score_cap1,10,10,0.0,10
CHEMBL222,4,0.2,4.0,10,weighted_bh,10,10,0.0,10
CHEMBL222,4,0.2,4.0,50,meta_calibration,50,44,0.12,50
CHEMBL222,4,0.2,4.0,50,chemdeprc_cap1,50,45,0.1,50
CHEMBL222,4,0.2,4.0,50,minp_block_bh_cap1,50,46,0.08,50
CHEMBL222,4,0.2,4.0,50,score_cap1,50,44,0.12,50
CHEMBL222,4,0.2,4.0,50,weighted_bh,50,44,0.12,39
CHEMBL222,4,0.2,4.0,75,meta_calibration,75,61,0.18666666666666668,75
CHEMBL222,4,0.2,4.0,75,chemdeprc_cap1,75,64,0.14666666666666667,75
CHEMBL222,4,0.2,4.0,75,minp_block_bh_cap1,75,61,0.18666666666666668,75
CHEMBL222,4,0.2,4.0,75,score_cap1,75,63,0.16,75
CHEMBL222,4,0.2,4.0,75,weighted_bh,75,67,0.10666666666666667,44
CHEMBL222,4,0.2,6.0,10,meta_calibration,10,10,0.0,10
CHEMBL222,4,0.2,6.0,10,chemdeprc_cap1,10,8,0.2,10
CHEMBL222,4,0.2,6.0,10,minp_block_bh_cap1,10,10,0.0,10
CHEMBL222,4,0.2,6.0,10,score_cap1,10,6,0.4,10
CHEMBL222,4,0.2,6.0,10,weighted_bh,10,10,0.0,10
CHEMBL222,4,0.2,6.0,50,meta_calibration,50,45,0.1,50
CHEMBL222,4,0.2,6.0,50,chemdeprc_cap1,50,45,0.1,50
CHEMBL222,4,0.2,6.0,50,minp_block_bh_cap1,50,45,0.1,50
CHEMBL222,4,0.2,6.0,50,score_cap1,50,44,0.12,50
CHEMBL222,4,0.2,6.0,50,weighted_bh,50,40,0.2,37
CHEMBL222,4,0.2,6.0,75,meta_calibration,75,63,0.16,75
CHEMBL222,4,0.2,6.0,75,chemdeprc_cap1,75,64,0.14666666666666667,75
CHEMBL222,4,0.2,6.0,75,minp_block_bh_cap1,75,61,0.18666666666666668,75
CHEMBL222,4,0.2,6.0,75,score_cap1,75,63,0.16,75
CHEMBL222,4,0.2,6.0,75,weighted_bh,75,63,0.16,43
CHEMBL222,4,0.3,4.0,10,meta_calibration,10,10,0.0,10
CHEMBL222,4,0.3,4.0,10,chemdeprc_cap1,10,10,0.0,10
CHEMBL222,4,0.3,4.0,10,minp_block_bh_cap1,10,10,0.0,10
CHEMBL222,4,0.3,4.0,10,score_cap1,10,6,0.4,10
CHEMBL222,4,0.3,4.0,10,weighted_bh,10,10,0.0,10
CHEMBL222,4,0.3,4.0,50,meta_calibration,50,46,0.08,50
CHEMBL222,4,0.3,4.0,50,chemdeprc_cap1,50,45,0.1,50
CHEMBL222,4,0.3,4.0,50,minp_block_bh_cap1,50,46,0.08,50
CHEMBL222,4,0.3,4.0,50,score_cap1,50,45,0.1,50
CHEMBL222,4,0.3,4.0,50,weighted_bh,50,43,0.14,39
CHEMBL222,4,0.3,4.0,75,meta_calibration,75,64,0.14666666666666667,75
CHEMBL222,4,0.3,4.0,75,chemdeprc_cap1,75,63,0.16,75
CHEMBL222,4,0.3,4.0,75,minp_block_bh_cap1,75,61,0.18666666666666668,75
CHEMBL222,4,0.3,4.0,75,score_cap1,75,63,0.16,75
CHEMBL222,4,0.3,4.0,75,weighted_bh,75,68,0.09333333333333334,46
CHEMBL222,4,0.3,6.0,10,meta_calibration,10,10,0.0,10
CHEMBL222,4,0.3,6.0,10,chemdeprc_cap1,10,9,0.1,10
CHEMBL222,4,0.3,6.0,10,minp_block_bh_cap1,10,10,0.0,10
CHEMBL222,4,0.3,6.0,10,score_cap1,10,6,0.4,10
CHEMBL222,4,0.3,6.0,10,weighted_bh,10,10,0.0,10
CHEMBL222,4,0.3,6.0,50,meta_calibration,50,44,0.12,50
CHEMBL222,4,0.3,6.0,50,chemdeprc_cap1,50,43,0.14,50
CHEMBL222,4,0.3,6.0,50,minp_block_bh_cap1,50,44,0.12,50
CHEMBL222,4,0.3,6.0,50,score_cap1,50,43,0.14,50
CHEMBL222,4,0.3,6.0,50,weighted_bh,50,40,0.2,39
CHEMBL222,4,0.3,6.0,75,meta_calibration,75,64,0.14666666666666667,75
CHEMBL222,4,0.3,6.0,75,chemdeprc_cap1,75,63,0.16,75
CHEMBL222,4,0.3,6.0,75,minp_block_bh_cap1,75,61,0.18666666666666668,75
CHEMBL222,4,0.3,6.0,75,score_cap1,75,63,0.16,75
CHEMBL222,4,0.3,6.0,75,weighted_bh,75,62,0.17333333333333334,46
CHEMBL222,5,0.2,4.0,10,meta_calibration,10,10,0.0,10
CHEMBL222,5,0.2,4.0,10,chemdeprc_cap1,10,10,0.0,10
CHEMBL222,5,0.2,4.0,10,minp_block_bh_cap1,10,10,0.0,10
CHEMBL222,5,0.2,4.0,10,score_cap1,10,9,0.1,10
CHEMBL222,5,0.2,4.0,10,weighted_bh,10,10,0.0,10
CHEMBL222,5,0.2,4.0,50,meta_calibration,50,44,0.12,50
CHEMBL222,5,0.2,4.0,50,chemdeprc_cap1,50,45,0.1,50
CHEMBL222,5,0.2,4.0,50,minp_block_bh_cap1,50,45,0.1,50
CHEMBL222,5,0.2,4.0,50,score_cap1,50,44,0.12,50
CHEMBL222,5,0.2,4.0,50,weighted_bh,50,42,0.16,39
CHEMBL222,5,0.2,4.0,75,meta_calibration,75,63,0.16,75
CHEMBL222,5,0.2,4.0,75,chemdeprc_cap1,75,64,0.14666666666666667,75
CHEMBL222,5,0.2,4.0,75,minp_block_bh_cap1,75,61,0.18666666666666668,75
CHEMBL222,5,0.2,4.0,75,score_cap1,75,64,0.14666666666666667,75
CHEMBL222,5,0.2,4.0,75,weighted_bh,75,67,0.10666666666666667,45
CHEMBL222,5,0.2,6.0,10,meta_calibration,10,10,0.0,10
CHEMBL222,5,0.2,6.0,10,chemdeprc_cap1,10,8,0.2,10
CHEMBL222,5,0.2,6.0,10,minp_block_bh_cap1,10,10,0.0,10
CHEMBL222,5,0.2,6.0,10,score_cap1,10,6,0.4,10
CHEMBL222,5,0.2,6.0,10,weighted_bh,10,10,0.0,10
CHEMBL222,5,0.2,6.0,50,meta_calibration,50,45,0.1,50
CHEMBL222,5,0.2,6.0,50,chemdeprc_cap1,50,45,0.1,50
CHEMBL222,5,0.2,6.0,50,minp_block_bh_cap1,50,45,0.1,50
CHEMBL222,5,0.2,6.0,50,score_cap1,50,44,0.12,50
CHEMBL222,5,0.2,6.0,50,weighted_bh,50,42,0.16,39
CHEMBL222,5,0.2,6.0,75,meta_calibration,75,64,0.14666666666666667,75
CHEMBL222,5,0.2,6.0,75,chemdeprc_cap1,75,64,0.14666666666666667,75
CHEMBL222,5,0.2,6.0,75,minp_block_bh_cap1,75,61,0.18666666666666668,75
CHEMBL222,5,0.2,6.0,75,score_cap1,75,64,0.14666666666666667,75
CHEMBL222,5,0.2,6.0,75,weighted_bh,75,67,0.10666666666666667,45
CHEMBL222,5,0.3,4.0,10,meta_calibration,10,10,0.0,10
CHEMBL222,5,0.3,4.0,10,chemdeprc_cap1,10,9,0.1,10
CHEMBL222,5,0.3,4.0,10,minp_block_bh_cap1,10,10,0.0,10
CHEMBL222,5,0.3,4.0,10,score_cap1,10,7,0.3,10
CHEMBL222,5,0.3,4.0,10,weighted_bh,10,10,0.0,10
CHEMBL222,5,0.3,4.0,50,meta_calibration,50,45,0.1,50
CHEMBL222,5,0.3,4.0,50,chemdeprc_cap1,50,45,0.1,50
CHEMBL222,5,0.3,4.0,50,minp_block_bh_cap1,50,46,0.08,50
CHEMBL222,5,0.3,4.0,50,score_cap1,50,43,0.14,50
CHEMBL222,5,0.3,4.0,50,weighted_bh,50,43,0.14,38
CHEMBL222,5,0.3,4.0,75,meta_calibration,75,62,0.17333333333333334,75
CHEMBL222,5,0.3,4.0,75,chemdeprc_cap1,75,62,0.17333333333333334,75
CHEMBL222,5,0.3,4.0,75,minp_block_bh_cap1,75,60,0.2,75
CHEMBL222,5,0.3,4.0,75,score_cap1,75,62,0.17333333333333334,75
CHEMBL222,5,0.3,4.0,75,weighted_bh,75,67,0.10666666666666667,44
CHEMBL222,5,0.3,6.0,10,meta_calibration,10,10,0.0,10
CHEMBL222,5,0.3,6.0,10,chemdeprc_cap1,10,9,0.1,10
CHEMBL222,5,0.3,6.0,10,minp_block_bh_cap1,10,10,0.0,10
CHEMBL222,5,0.3,6.0,10,score_cap1,10,5,0.5,10
CHEMBL222,5,0.3,6.0,10,weighted_bh,10,10,0.0,10
CHEMBL222,5,0.3,6.0,50,meta_calibration,50,46,0.08,50
CHEMBL222,5,0.3,6.0,50,chemdeprc_cap1,50,43,0.14,50
CHEMBL222,5,0.3,6.0,50,minp_block_bh_cap1,50,44,0.12,50
CHEMBL222,5,0.3,6.0,50,score_cap1,50,42,0.16,50
CHEMBL222,5,0.3,6.0,50,weighted_bh,50,40,0.2,38
CHEMBL222,5,0.3,6.0,75,meta_calibration,75,65,0.13333333333333333,75
CHEMBL222,5,0.3,6.0,75,chemdeprc_cap1,75,62,0.17333333333333334,75
CHEMBL222,5,0.3,6.0,75,minp_block_bh_cap1,75,60,0.2,75
CHEMBL222,5,0.3,6.0,75,score_cap1,75,62,0.17333333333333334,75
CHEMBL222,5,0.3,6.0,75,weighted_bh,75,65,0.13333333333333333,44
CHEMBL222,6,0.2,4.0,10,meta_calibration,10,10,0.0,10
CHEMBL222,6,0.2,4.0,10,chemdeprc_cap1,10,10,0.0,10
CHEMBL222,6,0.2,4.0,10,minp_block_bh_cap1,10,10,0.0,10
CHEMBL222,6,0.2,4.0,10,score_cap1,10,10,0.0,10
CHEMBL222,6,0.2,4.0,10,weighted_bh,10,10,0.0,10
CHEMBL222,6,0.2,4.0,50,meta_calibration,50,44,0.12,50
CHEMBL222,6,0.2,4.0,50,chemdeprc_cap1,50,47,0.06,50
CHEMBL222,6,0.2,4.0,50,minp_block_bh_cap1,50,47,0.06,50
CHEMBL222,6,0.2,4.0,50,score_cap1,50,46,0.08,50
CHEMBL222,6,0.2,4.0,50,weighted_bh,50,46,0.08,38
CHEMBL222,6,0.2,4.0,75,meta_calibration,75,61,0.18666666666666668,75
CHEMBL222,6,0.2,4.0,75,chemdeprc_cap1,75,64,0.14666666666666667,75
CHEMBL222,6,0.2,4.0,75,minp_block_bh_cap1,75,61,0.18666666666666668,75
CHEMBL222,6,0.2,4.0,75,score_cap1,75,63,0.16,75
CHEMBL222,6,0.2,4.0,75,weighted_bh,75,68,0.09333333333333334,45
CHEMBL222,6,0.2,6.0,10,meta_calibration,10,10,0.0,10
CHEMBL222,6,0.2,6.0,10,chemdeprc_cap1,10,9,0.1,10
CHEMBL222,6,0.2,6.0,10,minp_block_bh_cap1,10,10,0.0,10
CHEMBL222,6,0.2,6.0,10,score_cap1,10,8,0.2,10
CHEMBL222,6,0.2,6.0,10,weighted_bh,10,10,0.0,10
CHEMBL222,6,0.2,6.0,50,meta_calibration,50,44,0.12,50
CHEMBL222,6,0.2,6.0,50,chemdeprc_cap1,50,45,0.1,50
CHEMBL222,6,0.2,6.0,50,minp_block_bh_cap1,50,45,0.1,50
CHEMBL222,6,0.2,6.0,50,score_cap1,50,44,0.12,50
CHEMBL222,6,0.2,6.0,50,weighted_bh,50,40,0.2,38
CHEMBL222,6,0.2,6.0,75,meta_calibration,75,62,0.17333333333333334,75
CHEMBL222,6,0.2,6.0,75,chemdeprc_cap1,75,64,0.14666666666666667,75
CHEMBL222,6,0.2,6.0,75,minp_block_bh_cap1,75,61,0.18666666666666668,75
CHEMBL222,6,0.2,6.0,75,score_cap1,75,63,0.16,75
CHEMBL222,6,0.2,6.0,75,weighted_bh,75,64,0.14666666666666667,44
CHEMBL222,6,0.3,4.0,10,meta_calibration,10,10,0.0,10
CHEMBL222,6,0.3,4.0,10,chemdeprc_cap1,10,9,0.1,10
CHEMBL222,6,0.3,4.0,10,minp_block_bh_cap1,10,10,0.0,10
CHEMBL222,6,0.3,4.0,10,score_cap1,10,7,0.3,10
CHEMBL222,6,0.3,4.0,10,weighted_bh,10,10,0.0,10
CHEMBL222,6,0.3,4.0,50,meta_calibration,50,44,0.12,50
CHEMBL222,6,0.3,4.0,50,chemdeprc_cap1,50,44,0.12,50
CHEMBL222,6,0.3,4.0,50,minp_block_bh_cap1,50,44,0.12,50
CHEMBL222,6,0.3,4.0,50,score_cap1,50,43,0.14,50
CHEMBL222,6,0.3,4.0,50,weighted_bh,50,40,0.2,38
CHEMBL222,6,0.3,4.0,75,meta_calibration,75,63,0.16,75
CHEMBL222,6,0.3,4.0,75,chemdeprc_cap1,75,63,0.16,75
CHEMBL222,6,0.3,4.0,75,minp_block_bh_cap1,75,60,0.2,75
CHEMBL222,6,0.3,4.0,75,score_cap1,75,63,0.16,75
CHEMBL222,6,0.3,4.0,75,weighted_bh,75,63,0.16,45
CHEMBL222,6,0.3,6.0,10,meta_calibration,10,10,0.0,10
CHEMBL222,6,0.3,6.0,10,chemdeprc_cap1,10,7,0.3,10
CHEMBL222,6,0.3,6.0,10,minp_block_bh_cap1,10,10,0.0,10
CHEMBL222,6,0.3,6.0,10,score_cap1,10,4,0.6,10
CHEMBL222,6,0.3,6.0,10,weighted_bh,10,10,0.0,10
CHEMBL222,6,0.3,6.0,50,meta_calibration,50,46,0.08,50
CHEMBL222,6,0.3,6.0,50,chemdeprc_cap1,50,43,0.14,50
CHEMBL222,6,0.3,6.0,50,minp_block_bh_cap1,50,44,0.12,50
CHEMBL222,6,0.3,6.0,50,score_cap1,50,43,0.14,50
CHEMBL222,6,0.3,6.0,50,weighted_bh,50,38,0.24,36
CHEMBL222,6,0.3,6.0,75,meta_calibration,75,65,0.13333333333333333,75
CHEMBL222,6,0.3,6.0,75,chemdeprc_cap1,75,63,0.16,75
CHEMBL222,6,0.3,6.0,75,minp_block_bh_cap1,75,60,0.2,75
CHEMBL222,6,0.3,6.0,75,score_cap1,75,63,0.16,75
CHEMBL222,6,0.3,6.0,75,weighted_bh,75,59,0.21333333333333335,45
CHEMBL222,7,0.2,4.0,10,meta_calibration,10,10,0.0,10
CHEMBL222,7,0.2,4.0,10,chemdeprc_cap1,10,9,0.1,10
CHEMBL222,7,0.2,4.0,10,minp_block_bh_cap1,10,10,0.0,10
CHEMBL222,7,0.2,4.0,10,score_cap1,10,8,0.2,10
CHEMBL222,7,0.2,4.0,10,weighted_bh,10,10,0.0,10
CHEMBL222,7,0.2,4.0,50,meta_calibration,50,44,0.12,50
CHEMBL222,7,0.2,4.0,50,chemdeprc_cap1,50,45,0.1,50
CHEMBL222,7,0.2,4.0,50,minp_block_bh_cap1,50,46,0.08,50
CHEMBL222,7,0.2,4.0,50,score_cap1,50,44,0.12,50
CHEMBL222,7,0.2,4.0,50,weighted_bh,50,41,0.18,38
CHEMBL222,7,0.2,4.0,75,meta_calibration,75,63,0.16,75
CHEMBL222,7,0.2,4.0,75,chemdeprc_cap1,75,63,0.16,75
CHEMBL222,7,0.2,4.0,75,minp_block_bh_cap1,75,61,0.18666666666666668,75
CHEMBL222,7,0.2,4.0,75,score_cap1,75,63,0.16,75
CHEMBL222,7,0.2,4.0,75,weighted_bh,75,66,0.12,44
CHEMBL222,7,0.2,6.0,10,meta_calibration,10,10,0.0,10
CHEMBL222,7,0.2,6.0,10,chemdeprc_cap1,10,8,0.2,10
CHEMBL222,7,0.2,6.0,10,minp_block_bh_cap1,10,10,0.0,10
CHEMBL222,7,0.2,6.0,10,score_cap1,10,6,0.4,10
CHEMBL222,7,0.2,6.0,10,weighted_bh,10,10,0.0,10
CHEMBL222,7,0.2,6.0,50,meta_calibration,50,46,0.08,50
CHEMBL222,7,0.2,6.0,50,chemdeprc_cap1,50,45,0.1,50
CHEMBL222,7,0.2,6.0,50,minp_block_bh_cap1,50,46,0.08,50
CHEMBL222,7,0.2,6.0,50,score_cap1,50,44,0.12,50
CHEMBL222,7,0.2,6.0,50,weighted_bh,50,40,0.2,37
CHEMBL222,7,0.2,6.0,75,meta_calibration,75,64,0.14666666666666667,75
CHEMBL222,7,0.2,6.0,75,chemdeprc_cap1,75,63,0.16,75
CHEMBL222,7,0.2,6.0,75,minp_block_bh_cap1,75,61,0.18666666666666668,75
CHEMBL222,7,0.2,6.0,75,score_cap1,75,63,0.16,75
CHEMBL222,7,0.2,6.0,75,weighted_bh,75,63,0.16,43
CHEMBL222,7,0.3,4.0,10,meta_calibration,10,10,0.0,10
CHEMBL222,7,0.3,4.0,10,chemdeprc_cap1,10,10,0.0,10
CHEMBL222,7,0.3,4.0,10,minp_block_bh_cap1,10,10,0.0,10
CHEMBL222,7,0.3,4.0,10,score_cap1,10,9,0.1,10
CHEMBL222,7,0.3,4.0,10,weighted_bh,10,10,0.0,10
CHEMBL222,7,0.3,4.0,50,meta_calibration,50,44,0.12,50
CHEMBL222,7,0.3,4.0,50,chemdeprc_cap1,50,45,0.1,50
CHEMBL222,7,0.3,4.0,50,minp_block_bh_cap1,50,45,0.1,50
CHEMBL222,7,0.3,4.0,50,score_cap1,50,44,0.12,50
CHEMBL222,7,0.3,4.0,50,weighted_bh,50,42,0.16,39
CHEMBL222,7,0.3,4.0,75,meta_calibration,75,62,0.17333333333333334,75
CHEMBL222,7,0.3,4.0,75,chemdeprc_cap1,75,63,0.16,75
CHEMBL222,7,0.3,4.0,75,minp_block_bh_cap1,75,60,0.2,75
CHEMBL222,7,0.3,4.0,75,score_cap1,75,63,0.16,75
CHEMBL222,7,0.3,4.0,75,weighted_bh,75,67,0.10666666666666667,45
CHEMBL222,7,0.3,6.0,10,meta_calibration,10,10,0.0,10
CHEMBL222,7,0.3,6.0,10,chemdeprc_cap1,10,8,0.2,10
CHEMBL222,7,0.3,6.0,10,minp_block_bh_cap1,10,10,0.0,10
CHEMBL222,7,0.3,6.0,10,score_cap1,10,5,0.5,10
CHEMBL222,7,0.3,6.0,10,weighted_bh,10,10,0.0,10
CHEMBL222,7,0.3,6.0,50,meta_calibration,50,45,0.1,50
CHEMBL222,7,0.3,6.0,50,chemdeprc_cap1,50,43,0.14,50
CHEMBL222,7,0.3,6.0,50,minp_block_bh_cap1,50,43,0.14,50
CHEMBL222,7,0.3,6.0,50,score_cap1,50,43,0.14,50
CHEMBL222,7,0.3,6.0,50,weighted_bh,50,40,0.2,39
CHEMBL222,7,0.3,6.0,75,meta_calibration,75,64,0.14666666666666667,75
CHEMBL222,7,0.3,6.0,75,chemdeprc_cap1,75,63,0.16,75
CHEMBL222,7,0.3,6.0,75,minp_block_bh_cap1,75,60,0.2,75
CHEMBL222,7,0.3,6.0,75,score_cap1,75,63,0.16,75
CHEMBL222,7,0.3,6.0,75,weighted_bh,75,61,0.18666666666666668,45
CHEMBL222,8,0.2,4.0,10,meta_calibration,10,10,0.0,10
CHEMBL222,8,0.2,4.0,10,chemdeprc_cap1,10,10,0.0,10
CHEMBL222,8,0.2,4.0,10,minp_block_bh_cap1,10,10,0.0,10
CHEMBL222,8,0.2,4.0,10,score_cap1,10,8,0.2,10
CHEMBL222,8,0.2,4.0,10,weighted_bh,10,10,0.0,10
CHEMBL222,8,0.2,4.0,50,meta_calibration,50,45,0.1,50
CHEMBL222,8,0.2,4.0,50,chemdeprc_cap1,50,46,0.08,50
CHEMBL222,8,0.2,4.0,50,minp_block_bh_cap1,50,47,0.06,50
CHEMBL222,8,0.2,4.0,50,score_cap1,50,46,0.08,50
CHEMBL222,8,0.2,4.0,50,weighted_bh,50,47,0.06,38
CHEMBL222,8,0.2,4.0,75,meta_calibration,75,64,0.14666666666666667,75
CHEMBL222,8,0.2,4.0,75,chemdeprc_cap1,75,63,0.16,75
CHEMBL222,8,0.2,4.0,75,minp_block_bh_cap1,75,61,0.18666666666666668,75
CHEMBL222,8,0.2,4.0,75,score_cap1,75,63,0.16,75
CHEMBL222,8,0.2,4.0,75,weighted_bh,75,69,0.08,46
CHEMBL222,8,0.2,6.0,10,meta_calibration,10,10,0.0,10
CHEMBL222,8,0.2,6.0,10,chemdeprc_cap1,10,10,0.0,10
CHEMBL222,8,0.2,6.0,10,minp_block_bh_cap1,10,10,0.0,10
CHEMBL222,8,0.2,6.0,10,score_cap1,10,7,0.3,10
CHEMBL222,8,0.2,6.0,10,weighted_bh,10,10,0.0,10
CHEMBL222,8,0.2,6.0,50,meta_calibration,50,46,0.08,50
CHEMBL222,8,0.2,6.0,50,chemdeprc_cap1,50,45,0.1,50
CHEMBL222,8,0.2,6.0,50,minp_block_bh_cap1,50,46,0.08,50
CHEMBL222,8,0.2,6.0,50,score_cap1,50,45,0.1,50
CHEMBL222,8,0.2,6.0,50,weighted_bh,50,44,0.12,39
CHEMBL222,8,0.2,6.0,75,meta_calibration,75,65,0.13333333333333333,75
CHEMBL222,8,0.2,6.0,75,chemdeprc_cap1,75,63,0.16,75
CHEMBL222,8,0.2,6.0,75,minp_block_bh_cap1,75,61,0.18666666666666668,75
CHEMBL222,8,0.2,6.0,75,score_cap1,75,63,0.16,75
CHEMBL222,8,0.2,6.0,75,weighted_bh,75,68,0.09333333333333334,46
CHEMBL222,8,0.3,4.0,10,meta_calibration,10,10,0.0,10
CHEMBL222,8,0.3,4.0,10,chemdeprc_cap1,10,9,0.1,10
CHEMBL222,8,0.3,4.0,10,minp_block_bh_cap1,10,10,0.0,10
CHEMBL222,8,0.3,4.0,10,score_cap1,10,7,0.3,10
CHEMBL222,8,0.3,4.0,10,weighted_bh,10,10,0.0,10
CHEMBL222,8,0.3,4.0,50,meta_calibration,50,45,0.1,50
CHEMBL222,8,0.3,4.0,50,chemdeprc_cap1,50,44,0.12,50
CHEMBL222,8,0.3,4.0,50,minp_block_bh_cap1,50,47,0.06,50
CHEMBL222,8,0.3,4.0,50,score_cap1,50,43,0.14,50
CHEMBL222,8,0.3,4.0,50,weighted_bh,50,41,0.18,38
CHEMBL222,8,0.3,4.0,75,meta_calibration,75,63,0.16,75
CHEMBL222,8,0.3,4.0,75,chemdeprc_cap1,75,62,0.17333333333333334,75
CHEMBL222,8,0.3,4.0,75,minp_block_bh_cap1,75,59,0.21333333333333335,75
CHEMBL222,8,0.3,4.0,75,score_cap1,75,62,0.17333333333333334,75
CHEMBL222,8,0.3,4.0,75,weighted_bh,75,66,0.12,44
CHEMBL222,8,0.3,6.0,10,meta_calibration,10,10,0.0,10
CHEMBL222,8,0.3,6.0,10,chemdeprc_cap1,10,8,0.2,10
CHEMBL222,8,0.3,6.0,10,minp_block_bh_cap1,10,10,0.0,10
CHEMBL222,8,0.3,6.0,10,score_cap1,10,5,0.5,10
CHEMBL222,8,0.3,6.0,10,weighted_bh,10,10,0.0,10
CHEMBL222,8,0.3,6.0,50,meta_calibration,50,46,0.08,50
CHEMBL222,8,0.3,6.0,50,chemdeprc_cap1,50,43,0.14,50
CHEMBL222,8,0.3,6.0,50,minp_block_bh_cap1,50,45,0.1,50
CHEMBL222,8,0.3,6.0,50,score_cap1,50,42,0.16,50
CHEMBL222,8,0.3,6.0,50,weighted_bh,50,40,0.2,38
CHEMBL222,8,0.3,6.0,75,meta_calibration,75,65,0.13333333333333333,75
CHEMBL222,8,0.3,6.0,75,chemdeprc_cap1,75,62,0.17333333333333334,75
CHEMBL222,8,0.3,6.0,75,minp_block_bh_cap1,75,59,0.21333333333333335,75
CHEMBL222,8,0.3,6.0,75,score_cap1,75,62,0.17333333333333334,75
CHEMBL222,8,0.3,6.0,75,weighted_bh,75,61,0.18666666666666668,44
CHEMBL222,9,0.2,4.0,10,meta_calibration,10,10,0.0,10
CHEMBL222,9,0.2,4.0,10,chemdeprc_cap1,10,10,0.0,10
CHEMBL222,9,0.2,4.0,10,minp_block_bh_cap1,10,10,0.0,10
CHEMBL222,9,0.2,4.0,10,score_cap1,10,9,0.1,10
CHEMBL222,9,0.2,4.0,10,weighted_bh,10,10,0.0,10
CHEMBL222,9,0.2,4.0,50,meta_calibration,50,44,0.12,50
CHEMBL222,9,0.2,4.0,50,chemdeprc_cap1,50,46,0.08,50
CHEMBL222,9,0.2,4.0,50,minp_block_bh_cap1,50,47,0.06,50
CHEMBL222,9,0.2,4.0,50,score_cap1,50,45,0.1,50
CHEMBL222,9,0.2,4.0,50,weighted_bh,50,46,0.08,38
CHEMBL222,9,0.2,4.0,75,meta_calibration,75,62,0.17333333333333334,75
CHEMBL222,9,0.2,4.0,75,chemdeprc_cap1,75,63,0.16,75
CHEMBL222,9,0.2,4.0,75,minp_block_bh_cap1,75,61,0.18666666666666668,75
CHEMBL222,9,0.2,4.0,75,score_cap1,75,63,0.16,75
CHEMBL222,9,0.2,4.0,75,weighted_bh,75,68,0.09333333333333334,45
CHEMBL222,9,0.2,6.0,10,meta_calibration,10,10,0.0,10
CHEMBL222,9,0.2,6.0,10,chemdeprc_cap1,10,9,0.1,10
CHEMBL222,9,0.2,6.0,10,minp_block_bh_cap1,10,10,0.0,10
CHEMBL222,9,0.2,6.0,10,score_cap1,10,7,0.3,10
CHEMBL222,9,0.2,6.0,10,weighted_bh,10,10,0.0,10
CHEMBL222,9,0.2,6.0,50,meta_calibration,50,45,0.1,50
CHEMBL222,9,0.2,6.0,50,chemdeprc_cap1,50,45,0.1,50
CHEMBL222,9,0.2,6.0,50,minp_block_bh_cap1,50,46,0.08,50
CHEMBL222,9,0.2,6.0,50,score_cap1,50,44,0.12,50
CHEMBL222,9,0.2,6.0,50,weighted_bh,50,41,0.18,38
CHEMBL222,9,0.2,6.0,75,meta_calibration,75,63,0.16,75
CHEMBL222,9,0.2,6.0,75,chemdeprc_cap1,75,63,0.16,75
CHEMBL222,9,0.2,6.0,75,minp_block_bh_cap1,75,61,0.18666666666666668,75
CHEMBL222,9,0.2,6.0,75,score_cap1,75,63,0.16,75
CHEMBL222,9,0.2,6.0,75,weighted_bh,75,66,0.12,44
CHEMBL222,9,0.3,4.0,10,meta_calibration,10,10,0.0,10
CHEMBL222,9,0.3,4.0,10,chemdeprc_cap1,10,10,0.0,10
CHEMBL222,9,0.3,4.0,10,minp_block_bh_cap1,10,10,0.0,10
CHEMBL222,9,0.3,4.0,10,score_cap1,10,8,0.2,10
CHEMBL222,9,0.3,4.0,10,weighted_bh,10,10,0.0,10
CHEMBL222,9,0.3,4.0,50,meta_calibration,50,44,0.12,50
CHEMBL222,9,0.3,4.0,50,chemdeprc_cap1,50,45,0.1,50
CHEMBL222,9,0.3,4.0,50,minp_block_bh_cap1,50,45,0.1,50
CHEMBL222,9,0.3,4.0,50,score_cap1,50,43,0.14,50
CHEMBL222,9,0.3,4.0,50,weighted_bh,50,44,0.12,39
CHEMBL222,9,0.3,4.0,75,meta_calibration,75,61,0.18666666666666668,75
CHEMBL222,9,0.3,4.0,75,chemdeprc_cap1,75,62,0.17333333333333334,75
CHEMBL222,9,0.3,4.0,75,minp_block_bh_cap1,75,60,0.2,75
CHEMBL222,9,0.3,4.0,75,score_cap1,75,61,0.18666666666666668,75
CHEMBL222,9,0.3,4.0,75,weighted_bh,75,67,0.10666666666666667,44
CHEMBL222,9,0.3,6.0,10,meta_calibration,10,10,0.0,10
CHEMBL222,9,0.3,6.0,10,chemdeprc_cap1,10,8,0.2,10
CHEMBL222,9,0.3,6.0,10,minp_block_bh_cap1,10,10,0.0,10
CHEMBL222,9,0.3,6.0,10,score_cap1,10,5,0.5,10
CHEMBL222,9,0.3,6.0,10,weighted_bh,10,10,0.0,10
CHEMBL222,9,0.3,6.0,50,meta_calibration,50,46,0.08,50
CHEMBL222,9,0.3,6.0,50,chemdeprc_cap1,50,43,0.14,50
CHEMBL222,9,0.3,6.0,50,minp_block_bh_cap1,50,44,0.12,50
CHEMBL222,9,0.3,6.0,50,score_cap1,50,42,0.16,50
CHEMBL222,9,0.3,6.0,50,weighted_bh,50,40,0.2,38
CHEMBL222,9,0.3,6.0,75,meta_calibration,75,62,0.17333333333333334,75
CHEMBL222,9,0.3,6.0,75,chemdeprc_cap1,75,62,0.17333333333333334,75
CHEMBL222,9,0.3,6.0,75,minp_block_bh_cap1,75,60,0.2,75
CHEMBL222,9,0.3,6.0,75,score_cap1,75,61,0.18666666666666668,75
CHEMBL222,9,0.3,6.0,75,weighted_bh,75,61,0.18666666666666668,44
CHEMBL225,0,0.2,4.0,10,meta_calibration,10,9,0.1,10
CHEMBL225,0,0.2,4.0,10,chemdeprc_cap1,10,5,0.5,10
CHEMBL225,0,0.2,4.0,10,minp_block_bh_cap1,10,10,0.0,10
CHEMBL225,0,0.2,4.0,10,score_cap1,10,6,0.4,10
CHEMBL225,0,0.2,4.0,10,weighted_bh,10,10,0.0,10
CHEMBL225,0,0.2,4.0,50,meta_calibration,50,41,0.18,50
CHEMBL225,0,0.2,4.0,50,chemdeprc_cap1,50,40,0.2,50
CHEMBL225,0,0.2,4.0,50,minp_block_bh_cap1,50,36,0.28,50
CHEMBL225,0,0.2,4.0,50,score_cap1,50,41,0.18,50
CHEMBL225,0,0.2,4.0,50,weighted_bh,50,36,0.28,40
CHEMBL225,0,0.2,4.0,75,meta_calibration,75,58,0.22666666666666666,75
CHEMBL225,0,0.2,4.0,75,chemdeprc_cap1,75,54,0.28,75
CHEMBL225,0,0.2,4.0,75,minp_block_bh_cap1,75,52,0.30666666666666664,75
CHEMBL225,0,0.2,4.0,75,score_cap1,75,57,0.24,75
CHEMBL225,0,0.2,4.0,75,weighted_bh,75,52,0.30666666666666664,48
CHEMBL225,0,0.2,6.0,10,meta_calibration,10,9,0.1,10
CHEMBL225,0,0.2,6.0,10,chemdeprc_cap1,10,5,0.5,10
CHEMBL225,0,0.2,6.0,10,minp_block_bh_cap1,10,10,0.0,10
CHEMBL225,0,0.2,6.0,10,score_cap1,10,6,0.4,10
CHEMBL225,0,0.2,6.0,10,weighted_bh,10,10,0.0,10
CHEMBL225,0,0.2,6.0,50,meta_calibration,50,42,0.16,50
CHEMBL225,0,0.2,6.0,50,chemdeprc_cap1,50,40,0.2,50
CHEMBL225,0,0.2,6.0,50,minp_block_bh_cap1,50,36,0.28,50
CHEMBL225,0,0.2,6.0,50,score_cap1,50,41,0.18,50
CHEMBL225,0,0.2,6.0,50,weighted_bh,50,36,0.28,40
CHEMBL225,0,0.2,6.0,75,meta_calibration,75,58,0.22666666666666666,75
CHEMBL225,0,0.2,6.0,75,chemdeprc_cap1,75,54,0.28,75
CHEMBL225,0,0.2,6.0,75,minp_block_bh_cap1,75,52,0.30666666666666664,75
CHEMBL225,0,0.2,6.0,75,score_cap1,75,57,0.24,75
CHEMBL225,0,0.2,6.0,75,weighted_bh,75,52,0.30666666666666664,48
CHEMBL225,0,0.3,4.0,10,meta_calibration,10,9,0.1,10
CHEMBL225,0,0.3,4.0,10,chemdeprc_cap1,10,5,0.5,10
CHEMBL225,0,0.3,4.0,10,minp_block_bh_cap1,10,10,0.0,10
CHEMBL225,0,0.3,4.0,10,score_cap1,10,6,0.4,10
CHEMBL225,0,0.3,4.0,10,weighted_bh,10,10,0.0,10
CHEMBL225,0,0.3,4.0,50,meta_calibration,50,42,0.16,50
CHEMBL225,0,0.3,4.0,50,chemdeprc_cap1,50,39,0.22,50
CHEMBL225,0,0.3,4.0,50,minp_block_bh_cap1,50,36,0.28,50
CHEMBL225,0,0.3,4.0,50,score_cap1,50,40,0.2,50
CHEMBL225,0,0.3,4.0,50,weighted_bh,50,37,0.26,40
CHEMBL225,0,0.3,4.0,75,meta_calibration,75,60,0.2,75
CHEMBL225,0,0.3,4.0,75,chemdeprc_cap1,75,53,0.29333333333333333,75
CHEMBL225,0,0.3,4.0,75,minp_block_bh_cap1,75,51,0.32,75
CHEMBL225,0,0.3,4.0,75,score_cap1,75,57,0.24,75
CHEMBL225,0,0.3,4.0,75,weighted_bh,75,53,0.29333333333333333,47
CHEMBL225,0,0.3,6.0,10,meta_calibration,10,9,0.1,10
CHEMBL225,0,0.3,6.0,10,chemdeprc_cap1,10,5,0.5,10
CHEMBL225,0,0.3,6.0,10,minp_block_bh_cap1,10,10,0.0,10
CHEMBL225,0,0.3,6.0,10,score_cap1,10,5,0.5,10
CHEMBL225,0,0.3,6.0,10,weighted_bh,10,10,0.0,10
CHEMBL225,0,0.3,6.0,50,meta_calibration,50,43,0.14,50
CHEMBL225,0,0.3,6.0,50,chemdeprc_cap1,50,39,0.22,50
CHEMBL225,0,0.3,6.0,50,minp_block_bh_cap1,50,36,0.28,50
CHEMBL225,0,0.3,6.0,50,score_cap1,50,40,0.2,50
CHEMBL225,0,0.3,6.0,50,weighted_bh,50,37,0.26,40
CHEMBL225,0,0.3,6.0,75,meta_calibration,75,60,0.2,75
CHEMBL225,0,0.3,6.0,75,chemdeprc_cap1,75,53,0.29333333333333333,75
CHEMBL225,0,0.3,6.0,75,minp_block_bh_cap1,75,51,0.32,75
CHEMBL225,0,0.3,6.0,75,score_cap1,75,57,0.24,75
CHEMBL225,0,0.3,6.0,75,weighted_bh,75,53,0.29333333333333333,47
CHEMBL225,1,0.2,4.0,10,meta_calibration,10,9,0.1,10
CHEMBL225,1,0.2,4.0,10,chemdeprc_cap1,10,6,0.4,10
CHEMBL225,1,0.2,4.0,10,minp_block_bh_cap1,10,10,0.0,10
CHEMBL225,1,0.2,4.0,10,score_cap1,10,7,0.3,10
CHEMBL225,1,0.2,4.0,10,weighted_bh,10,10,0.0,10
CHEMBL225,1,0.2,4.0,50,meta_calibration,50,43,0.14,50
CHEMBL225,1,0.2,4.0,50,chemdeprc_cap1,50,40,0.2,50
CHEMBL225,1,0.2,4.0,50,minp_block_bh_cap1,50,36,0.28,50
CHEMBL225,1,0.2,4.0,50,score_cap1,50,41,0.18,50
CHEMBL225,1,0.2,4.0,50,weighted_bh,50,37,0.26,40
CHEMBL225,1,0.2,4.0,75,meta_calibration,75,60,0.2,75
CHEMBL225,1,0.2,4.0,75,chemdeprc_cap1,75,55,0.26666666666666666,75
CHEMBL225,1,0.2,4.0,75,minp_block_bh_cap1,75,53,0.29333333333333333,75
CHEMBL225,1,0.2,4.0,75,score_cap1,75,58,0.22666666666666666,75
CHEMBL225,1,0.2,4.0,75,weighted_bh,75,53,0.29333333333333333,47
CHEMBL225,1,0.2,6.0,10,meta_calibration,10,9,0.1,10
CHEMBL225,1,0.2,6.0,10,chemdeprc_cap1,10,6,0.4,10
CHEMBL225,1,0.2,6.0,10,minp_block_bh_cap1,10,10,0.0,10
CHEMBL225,1,0.2,6.0,10,score_cap1,10,7,0.3,10
CHEMBL225,1,0.2,6.0,10,weighted_bh,10,10,0.0,10
CHEMBL225,1,0.2,6.0,50,meta_calibration,50,43,0.14,50
CHEMBL225,1,0.2,6.0,50,chemdeprc_cap1,50,40,0.2,50
CHEMBL225,1,0.2,6.0,50,minp_block_bh_cap1,50,36,0.28,50
CHEMBL225,1,0.2,6.0,50,score_cap1,50,41,0.18,50
CHEMBL225,1,0.2,6.0,50,weighted_bh,50,37,0.26,40
CHEMBL225,1,0.2,6.0,75,meta_calibration,75,60,0.2,75
CHEMBL225,1,0.2,6.0,75,chemdeprc_cap1,75,55,0.26666666666666666,75
CHEMBL225,1,0.2,6.0,75,minp_block_bh_cap1,75,53,0.29333333333333333,75
CHEMBL225,1,0.2,6.0,75,score_cap1,75,58,0.22666666666666666,75
CHEMBL225,1,0.2,6.0,75,weighted_bh,75,53,0.29333333333333333,47
CHEMBL225,1,0.3,4.0,10,meta_calibration,10,9,0.1,10
CHEMBL225,1,0.3,4.0,10,chemdeprc_cap1,10,6,0.4,10
CHEMBL225,1,0.3,4.0,10,minp_block_bh_cap1,10,10,0.0,10
CHEMBL225,1,0.3,4.0,10,score_cap1,10,7,0.3,10
CHEMBL225,1,0.3,4.0,10,weighted_bh,10,10,0.0,10
CHEMBL225,1,0.3,4.0,50,meta_calibration,50,42,0.16,50
CHEMBL225,1,0.3,4.0,50,chemdeprc_cap1,50,39,0.22,50
CHEMBL225,1,0.3,4.0,50,minp_block_bh_cap1,50,36,0.28,50
CHEMBL225,1,0.3,4.0,50,score_cap1,50,40,0.2,50
CHEMBL225,1,0.3,4.0,50,weighted_bh,50,40,0.2,42
CHEMBL225,1,0.3,4.0,75,meta_calibration,75,59,0.21333333333333335,75
CHEMBL225,1,0.3,4.0,75,chemdeprc_cap1,75,53,0.29333333333333333,75
CHEMBL225,1,0.3,4.0,75,minp_block_bh_cap1,75,51,0.32,75
CHEMBL225,1,0.3,4.0,75,score_cap1,75,56,0.25333333333333335,75
CHEMBL225,1,0.3,4.0,75,weighted_bh,75,54,0.28,50
CHEMBL225,1,0.3,6.0,10,meta_calibration,10,9,0.1,10
CHEMBL225,1,0.3,6.0,10,chemdeprc_cap1,10,5,0.5,10
CHEMBL225,1,0.3,6.0,10,minp_block_bh_cap1,10,10,0.0,10
CHEMBL225,1,0.3,6.0,10,score_cap1,10,5,0.5,10
CHEMBL225,1,0.3,6.0,10,weighted_bh,10,10,0.0,10
CHEMBL225,1,0.3,6.0,50,meta_calibration,50,43,0.14,50
CHEMBL225,1,0.3,6.0,50,chemdeprc_cap1,50,39,0.22,50
CHEMBL225,1,0.3,6.0,50,minp_block_bh_cap1,50,36,0.28,50
CHEMBL225,1,0.3,6.0,50,score_cap1,50,40,0.2,50
CHEMBL225,1,0.3,6.0,50,weighted_bh,50,40,0.2,42
CHEMBL225,1,0.3,6.0,75,meta_calibration,75,59,0.21333333333333335,75
CHEMBL225,1,0.3,6.0,75,chemdeprc_cap1,75,53,0.29333333333333333,75
CHEMBL225,1,0.3,6.0,75,minp_block_bh_cap1,75,51,0.32,75
CHEMBL225,1,0.3,6.0,75,score_cap1,75,56,0.25333333333333335,75
CHEMBL225,1,0.3,6.0,75,weighted_bh,75,54,0.28,50
CHEMBL225,2,0.2,4.0,10,meta_calibration,10,9,0.1,10
CHEMBL225,2,0.2,4.0,10,chemdeprc_cap1,10,7,0.3,10
CHEMBL225,2,0.2,4.0,10,minp_block_bh_cap1,10,10,0.0,10
CHEMBL225,2,0.2,4.0,10,score_cap1,10,7,0.3,10
CHEMBL225,2,0.2,4.0,10,weighted_bh,10,10,0.0,10
CHEMBL225,2,0.2,4.0,50,meta_calibration,50,44,0.12,50
CHEMBL225,2,0.2,4.0,50,chemdeprc_cap1,50,40,0.2,50
CHEMBL225,2,0.2,4.0,50,minp_block_bh_cap1,50,37,0.26,50
CHEMBL225,2,0.2,4.0,50,score_cap1,50,41,0.18,50
CHEMBL225,2,0.2,4.0,50,weighted_bh,50,42,0.16,41
CHEMBL225,2,0.2,4.0,75,meta_calibration,75,61,0.18666666666666668,75
CHEMBL225,2,0.2,4.0,75,chemdeprc_cap1,75,55,0.26666666666666666,75
CHEMBL225,2,0.2,4.0,75,minp_block_bh_cap1,75,53,0.29333333333333333,75
CHEMBL225,2,0.2,4.0,75,score_cap1,75,57,0.24,75
CHEMBL225,2,0.2,4.0,75,weighted_bh,75,55,0.26666666666666666,50
CHEMBL225,2,0.2,6.0,10,meta_calibration,10,9,0.1,10
CHEMBL225,2,0.2,6.0,10,chemdeprc_cap1,10,7,0.3,10
CHEMBL225,2,0.2,6.0,10,minp_block_bh_cap1,10,10,0.0,10
CHEMBL225,2,0.2,6.0,10,score_cap1,10,7,0.3,10
CHEMBL225,2,0.2,6.0,10,weighted_bh,10,10,0.0,10
CHEMBL225,2,0.2,6.0,50,meta_calibration,50,44,0.12,50
CHEMBL225,2,0.2,6.0,50,chemdeprc_cap1,50,40,0.2,50
CHEMBL225,2,0.2,6.0,50,minp_block_bh_cap1,50,37,0.26,50
CHEMBL225,2,0.2,6.0,50,score_cap1,50,41,0.18,50
CHEMBL225,2,0.2,6.0,50,weighted_bh,50,42,0.16,41
CHEMBL225,2,0.2,6.0,75,meta_calibration,75,61,0.18666666666666668,75
CHEMBL225,2,0.2,6.0,75,chemdeprc_cap1,75,55,0.26666666666666666,75
CHEMBL225,2,0.2,6.0,75,minp_block_bh_cap1,75,53,0.29333333333333333,75
CHEMBL225,2,0.2,6.0,75,score_cap1,75,57,0.24,75
CHEMBL225,2,0.2,6.0,75,weighted_bh,75,55,0.26666666666666666,50
CHEMBL225,2,0.3,4.0,10,meta_calibration,10,9,0.1,10
CHEMBL225,2,0.3,4.0,10,chemdeprc_cap1,10,5,0.5,10
CHEMBL225,2,0.3,4.0,10,minp_block_bh_cap1,10,10,0.0,10
CHEMBL225,2,0.3,4.0,10,score_cap1,10,6,0.4,10
CHEMBL225,2,0.3,4.0,10,weighted_bh,10,10,0.0,10
CHEMBL225,2,0.3,4.0,50,meta_calibration,50,41,0.18,50
CHEMBL225,2,0.3,4.0,50,chemdeprc_cap1,50,39,0.22,50
CHEMBL225,2,0.3,4.0,50,minp_block_bh_cap1,50,36,0.28,50
CHEMBL225,2,0.3,4.0,50,score_cap1,50,40,0.2,50
CHEMBL225,2,0.3,4.0,50,weighted_bh,50,37,0.26,41
CHEMBL225,2,0.3,4.0,75,meta_calibration,75,59,0.21333333333333335,75
CHEMBL225,2,0.3,4.0,75,chemdeprc_cap1,75,54,0.28,75
CHEMBL225,2,0.3,4.0,75,minp_block_bh_cap1,75,51,0.32,75
CHEMBL225,2,0.3,4.0,75,score_cap1,75,57,0.24,75
CHEMBL225,2,0.3,4.0,75,weighted_bh,75,53,0.29333333333333333,48
CHEMBL225,2,0.3,6.0,10,meta_calibration,10,9,0.1,10
CHEMBL225,2,0.3,6.0,10,chemdeprc_cap1,10,5,0.5,10
CHEMBL225,2,0.3,6.0,10,minp_block_bh_cap1,10,10,0.0,10
CHEMBL225,2,0.3,6.0,10,score_cap1,10,5,0.5,10
CHEMBL225,2,0.3,6.0,10,weighted_bh,10,10,0.0,10
CHEMBL225,2,0.3,6.0,50,meta_calibration,50,43,0.14,50
CHEMBL225,2,0.3,6.0,50,chemdeprc_cap1,50,39,0.22,50
CHEMBL225,2,0.3,6.0,50,minp_block_bh_cap1,50,36,0.28,50
CHEMBL225,2,0.3,6.0,50,score_cap1,50,40,0.2,50
CHEMBL225,2,0.3,6.0,50,weighted_bh,50,37,0.26,41
CHEMBL225,2,0.3,6.0,75,meta_calibration,75,60,0.2,75
CHEMBL225,2,0.3,6.0,75,chemdeprc_cap1,75,54,0.28,75
CHEMBL225,2,0.3,6.0,75,minp_block_bh_cap1,75,51,0.32,75
CHEMBL225,2,0.3,6.0,75,score_cap1,75,57,0.24,75
CHEMBL225,2,0.3,6.0,75,weighted_bh,75,53,0.29333333333333333,48
CHEMBL225,3,0.2,4.0,10,meta_calibration,10,9,0.1,10
CHEMBL225,3,0.2,4.0,10,chemdeprc_cap1,10,6,0.4,10
CHEMBL225,3,0.2,4.0,10,minp_block_bh_cap1,10,10,0.0,10
CHEMBL225,3,0.2,4.0,10,score_cap1,10,7,0.3,10
CHEMBL225,3,0.2,4.0,10,weighted_bh,10,10,0.0,10
CHEMBL225,3,0.2,4.0,50,meta_calibration,50,42,0.16,50
CHEMBL225,3,0.2,4.0,50,chemdeprc_cap1,50,39,0.22,50
CHEMBL225,3,0.2,4.0,50,minp_block_bh_cap1,50,36,0.28,50
CHEMBL225,3,0.2,4.0,50,score_cap1,50,40,0.2,50
CHEMBL225,3,0.2,4.0,50,weighted_bh,50,40,0.2,41
CHEMBL225,3,0.2,4.0,75,meta_calibration,75,59,0.21333333333333335,75
CHEMBL225,3,0.2,4.0,75,chemdeprc_cap1,75,54,0.28,75
CHEMBL225,3,0.2,4.0,75,minp_block_bh_cap1,75,53,0.29333333333333333,75
CHEMBL225,3,0.2,4.0,75,score_cap1,75,57,0.24,75
CHEMBL225,3,0.2,4.0,75,weighted_bh,75,54,0.28,49
CHEMBL225,3,0.2,6.0,10,meta_calibration,10,9,0.1,10
CHEMBL225,3,0.2,6.0,10,chemdeprc_cap1,10,6,0.4,10
CHEMBL225,3,0.2,6.0,10,minp_block_bh_cap1,10,10,0.0,10
CHEMBL225,3,0.2,6.0,10,score_cap1,10,6,0.4,10
CHEMBL225,3,0.2,6.0,10,weighted_bh,10,10,0.0,10
CHEMBL225,3,0.2,6.0,50,meta_calibration,50,42,0.16,50
CHEMBL225,3,0.2,6.0,50,chemdeprc_cap1,50,39,0.22,50
CHEMBL225,3,0.2,6.0,50,minp_block_bh_cap1,50,36,0.28,50
CHEMBL225,3,0.2,6.0,50,score_cap1,50,40,0.2,50
CHEMBL225,3,0.2,6.0,50,weighted_bh,50,40,0.2,41
CHEMBL225,3,0.2,6.0,75,meta_calibration,75,59,0.21333333333333335,75
CHEMBL225,3,0.2,6.0,75,chemdeprc_cap1,75,54,0.28,75
CHEMBL225,3,0.2,6.0,75,minp_block_bh_cap1,75,53,0.29333333333333333,75
CHEMBL225,3,0.2,6.0,75,score_cap1,75,57,0.24,75
CHEMBL225,3,0.2,6.0,75,weighted_bh,75,54,0.28,49
CHEMBL225,3,0.3,4.0,10,meta_calibration,10,9,0.1,10
CHEMBL225,3,0.3,4.0,10,chemdeprc_cap1,10,5,0.5,10
CHEMBL225,3,0.3,4.0,10,minp_block_bh_cap1,10,10,0.0,10
CHEMBL225,3,0.3,4.0,10,score_cap1,10,5,0.5,10
CHEMBL225,3,0.3,4.0,10,weighted_bh,10,10,0.0,10
CHEMBL225,3,0.3,4.0,50,meta_calibration,50,41,0.18,50
CHEMBL225,3,0.3,4.0,50,chemdeprc_cap1,50,38,0.24,50
CHEMBL225,3,0.3,4.0,50,minp_block_bh_cap1,50,36,0.28,50
CHEMBL225,3,0.3,4.0,50,score_cap1,50,39,0.22,50
CHEMBL225,3,0.3,4.0,50,weighted_bh,50,34,0.32,38
CHEMBL225,3,0.3,4.0,75,meta_calibration,75,57,0.24,75
CHEMBL225,3,0.3,4.0,75,chemdeprc_cap1,75,53,0.29333333333333333,75
CHEMBL225,3,0.3,4.0,75,minp_block_bh_cap1,75,50,0.3333333333333333,75
CHEMBL225,3,0.3,4.0,75,score_cap1,75,55,0.26666666666666666,75
CHEMBL225,3,0.3,4.0,75,weighted_bh,75,51,0.32,49
CHEMBL225,3,0.3,6.0,10,meta_calibration,10,9,0.1,10
CHEMBL225,3,0.3,6.0,10,chemdeprc_cap1,10,5,0.5,10
CHEMBL225,3,0.3,6.0,10,minp_block_bh_cap1,10,10,0.0,10
CHEMBL225,3,0.3,6.0,10,score_cap1,10,5,0.5,10
CHEMBL225,3,0.3,6.0,10,weighted_bh,10,10,0.0,10
CHEMBL225,3,0.3,6.0,50,meta_calibration,50,43,0.14,50
CHEMBL225,3,0.3,6.0,50,chemdeprc_cap1,50,38,0.24,50
CHEMBL225,3,0.3,6.0,50,minp_block_bh_cap1,50,36,0.28,50
CHEMBL225,3,0.3,6.0,50,score_cap1,50,39,0.22,50
CHEMBL225,3,0.3,6.0,50,weighted_bh,50,34,0.32,38
CHEMBL225,3,0.3,6.0,75,meta_calibration,75,58,0.22666666666666666,75
CHEMBL225,3,0.3,6.0,75,chemdeprc_cap1,75,53,0.29333333333333333,75
CHEMBL225,3,0.3,6.0,75,minp_block_bh_cap1,75,50,0.3333333333333333,75
CHEMBL225,3,0.3,6.0,75,score_cap1,75,55,0.26666666666666666,75
CHEMBL225,3,0.3,6.0,75,weighted_bh,75,51,0.32,49
CHEMBL225,4,0.2,4.0,10,meta_calibration,10,9,0.1,10
CHEMBL225,4,0.2,4.0,10,chemdeprc_cap1,10,6,0.4,10
CHEMBL225,4,0.2,4.0,10,minp_block_bh_cap1,10,10,0.0,10
CHEMBL225,4,0.2,4.0,10,score_cap1,10,7,0.3,10
CHEMBL225,4,0.2,4.0,10,weighted_bh,10,10,0.0,10
CHEMBL225,4,0.2,4.0,50,meta_calibration,50,44,0.12,50
CHEMBL225,4,0.2,4.0,50,chemdeprc_cap1,50,40,0.2,50
CHEMBL225,4,0.2,4.0,50,minp_block_bh_cap1,50,37,0.26,50
CHEMBL225,4,0.2,4.0,50,score_cap1,50,41,0.18,50
CHEMBL225,4,0.2,4.0,50,weighted_bh,50,42,0.16,40
CHEMBL225,4,0.2,4.0,75,meta_calibration,75,60,0.2,75
CHEMBL225,4,0.2,4.0,75,chemdeprc_cap1,75,55,0.26666666666666666,75
CHEMBL225,4,0.2,4.0,75,minp_block_bh_cap1,75,53,0.29333333333333333,75
CHEMBL225,4,0.2,4.0,75,score_cap1,75,57,0.24,75
CHEMBL225,4,0.2,4.0,75,weighted_bh,75,54,0.28,48
CHEMBL225,4,0.2,6.0,10,meta_calibration,10,9,0.1,10
CHEMBL225,4,0.2,6.0,10,chemdeprc_cap1,10,6,0.4,10
CHEMBL225,4,0.2,6.0,10,minp_block_bh_cap1,10,10,0.0,10
CHEMBL225,4,0.2,6.0,10,score_cap1,10,6,0.4,10
CHEMBL225,4,0.2,6.0,10,weighted_bh,10,10,0.0,10
CHEMBL225,4,0.2,6.0,50,meta_calibration,50,44,0.12,50
CHEMBL225,4,0.2,6.0,50,chemdeprc_cap1,50,40,0.2,50
CHEMBL225,4,0.2,6.0,50,minp_block_bh_cap1,50,37,0.26,50
CHEMBL225,4,0.2,6.0,50,score_cap1,50,41,0.18,50
CHEMBL225,4,0.2,6.0,50,weighted_bh,50,42,0.16,40
CHEMBL225,4,0.2,6.0,75,meta_calibration,75,60,0.2,75
CHEMBL225,4,0.2,6.0,75,chemdeprc_cap1,75,55,0.26666666666666666,75
CHEMBL225,4,0.2,6.0,75,minp_block_bh_cap1,75,53,0.29333333333333333,75
CHEMBL225,4,0.2,6.0,75,score_cap1,75,57,0.24,75
CHEMBL225,4,0.2,6.0,75,weighted_bh,75,54,0.28,48
CHEMBL225,4,0.3,4.0,10,meta_calibration,10,9,0.1,10
CHEMBL225,4,0.3,4.0,10,chemdeprc_cap1,10,6,0.4,10
CHEMBL225,4,0.3,4.0,10,minp_block_bh_cap1,10,10,0.0,10
CHEMBL225,4,0.3,4.0,10,score_cap1,10,6,0.4,10
CHEMBL225,4,0.3,4.0,10,weighted_bh,10,10,0.0,10
CHEMBL225,4,0.3,4.0,50,meta_calibration,50,43,0.14,50
CHEMBL225,4,0.3,4.0,50,chemdeprc_cap1,50,39,0.22,50
CHEMBL225,4,0.3,4.0,50,minp_block_bh_cap1,50,36,0.28,50
CHEMBL225,4,0.3,4.0,50,score_cap1,50,39,0.22,50
CHEMBL225,4,0.3,4.0,50,weighted_bh,50,42,0.16,41
CHEMBL225,4,0.3,4.0,75,meta_calibration,75,60,0.2,75
CHEMBL225,4,0.3,4.0,75,chemdeprc_cap1,75,53,0.29333333333333333,75
CHEMBL225,4,0.3,4.0,75,minp_block_bh_cap1,75,52,0.30666666666666664,75
CHEMBL225,4,0.3,4.0,75,score_cap1,75,56,0.25333333333333335,75
CHEMBL225,4,0.3,4.0,75,weighted_bh,75,54,0.28,49
CHEMBL225,4,0.3,6.0,10,meta_calibration,10,9,0.1,10
CHEMBL225,4,0.3,6.0,10,chemdeprc_cap1,10,6,0.4,10
CHEMBL225,4,0.3,6.0,10,minp_block_bh_cap1,10,10,0.0,10
CHEMBL225,4,0.3,6.0,10,score_cap1,10,5,0.5,10
CHEMBL225,4,0.3,6.0,10,weighted_bh,10,10,0.0,10
CHEMBL225,4,0.3,6.0,50,meta_calibration,50,44,0.12,50
CHEMBL225,4,0.3,6.0,50,chemdeprc_cap1,50,39,0.22,50
CHEMBL225,4,0.3,6.0,50,minp_block_bh_cap1,50,36,0.28,50
CHEMBL225,4,0.3,6.0,50,score_cap1,50,39,0.22,50
CHEMBL225,4,0.3,6.0,50,weighted_bh,50,42,0.16,41
CHEMBL225,4,0.3,6.0,75,meta_calibration,75,61,0.18666666666666668,75
CHEMBL225,4,0.3,6.0,75,chemdeprc_cap1,75,53,0.29333333333333333,75
CHEMBL225,4,0.3,6.0,75,minp_block_bh_cap1,75,52,0.30666666666666664,75
CHEMBL225,4,0.3,6.0,75,score_cap1,75,56,0.25333333333333335,75
CHEMBL225,4,0.3,6.0,75,weighted_bh,75,54,0.28,49
CHEMBL225,5,0.2,4.0,10,meta_calibration,10,9,0.1,10
CHEMBL225,5,0.2,4.0,10,chemdeprc_cap1,10,5,0.5,10
CHEMBL225,5,0.2,4.0,10,minp_block_bh_cap1,10,10,0.0,10
CHEMBL225,5,0.2,4.0,10,score_cap1,10,7,0.3,10
CHEMBL225,5,0.2,4.0,10,weighted_bh,10,10,0.0,10
CHEMBL225,5,0.2,4.0,50,meta_calibration,50,41,0.18,50
CHEMBL225,5,0.2,4.0,50,chemdeprc_cap1,50,40,0.2,50
CHEMBL225,5,0.2,4.0,50,minp_block_bh_cap1,50,36,0.28,50
CHEMBL225,5,0.2,4.0,50,score_cap1,50,41,0.18,50
CHEMBL225,5,0.2,4.0,50,weighted_bh,50,38,0.24,41
CHEMBL225,5,0.2,4.0,75,meta_calibration,75,58,0.22666666666666666,75
CHEMBL225,5,0.2,4.0,75,chemdeprc_cap1,75,54,0.28,75
CHEMBL225,5,0.2,4.0,75,minp_block_bh_cap1,75,52,0.30666666666666664,75
CHEMBL225,5,0.2,4.0,75,score_cap1,75,57,0.24,75
CHEMBL225,5,0.2,4.0,75,weighted_bh,75,54,0.28,48
CHEMBL225,5,0.2,6.0,10,meta_calibration,10,9,0.1,10
CHEMBL225,5,0.2,6.0,10,chemdeprc_cap1,10,5,0.5,10
CHEMBL225,5,0.2,6.0,10,minp_block_bh_cap1,10,10,0.0,10
CHEMBL225,5,0.2,6.0,10,score_cap1,10,6,0.4,10
CHEMBL225,5,0.2,6.0,10,weighted_bh,10,10,0.0,10
CHEMBL225,5,0.2,6.0,50,meta_calibration,50,42,0.16,50
CHEMBL225,5,0.2,6.0,50,chemdeprc_cap1,50,40,0.2,50
CHEMBL225,5,0.2,6.0,50,minp_block_bh_cap1,50,36,0.28,50
CHEMBL225,5,0.2,6.0,50,score_cap1,50,41,0.18,50
CHEMBL225,5,0.2,6.0,50,weighted_bh,50,38,0.24,41
CHEMBL225,5,0.2,6.0,75,meta_calibration,75,58,0.22666666666666666,75
CHEMBL225,5,0.2,6.0,75,chemdeprc_cap1,75,54,0.28,75
CHEMBL225,5,0.2,6.0,75,minp_block_bh_cap1,75,52,0.30666666666666664,75
CHEMBL225,5,0.2,6.0,75,score_cap1,75,57,0.24,75
CHEMBL225,5,0.2,6.0,75,weighted_bh,75,54,0.28,48
CHEMBL225,5,0.3,4.0,10,meta_calibration,10,9,0.1,10
CHEMBL225,5,0.3,4.0,10,chemdeprc_cap1,10,5,0.5,10
CHEMBL225,5,0.3,4.0,10,minp_block_bh_cap1,10,10,0.0,10
CHEMBL225,5,0.3,4.0,10,score_cap1,10,6,0.4,10
CHEMBL225,5,0.3,4.0,10,weighted_bh,10,10,0.0,10
CHEMBL225,5,0.3,4.0,50,meta_calibration,50,41,0.18,50
CHEMBL225,5,0.3,4.0,50,chemdeprc_cap1,50,38,0.24,50
CHEMBL225,5,0.3,4.0,50,minp_block_bh_cap1,50,36,0.28,50
CHEMBL225,5,0.3,4.0,50,score_cap1,50,39,0.22,50
CHEMBL225,5,0.3,4.0,50,weighted_bh,50,38,0.24,42
CHEMBL225,5,0.3,4.0,75,meta_calibration,75,57,0.24,75
CHEMBL225,5,0.3,4.0,75,chemdeprc_cap1,75,53,0.29333333333333333,75
CHEMBL225,5,0.3,4.0,75,minp_block_bh_cap1,75,50,0.3333333333333333,75
CHEMBL225,5,0.3,4.0,75,score_cap1,75,55,0.26666666666666666,75
CHEMBL225,5,0.3,4.0,75,weighted_bh,75,54,0.28,49
CHEMBL225,5,0.3,6.0,10,meta_calibration,10,9,0.1,10
CHEMBL225,5,0.3,6.0,10,chemdeprc_cap1,10,5,0.5,10
CHEMBL225,5,0.3,6.0,10,minp_block_bh_cap1,10,10,0.0,10
CHEMBL225,5,0.3,6.0,10,score_cap1,10,5,0.5,10
CHEMBL225,5,0.3,6.0,10,weighted_bh,10,10,0.0,10
CHEMBL225,5,0.3,6.0,50,meta_calibration,50,41,0.18,50
CHEMBL225,5,0.3,6.0,50,chemdeprc_cap1,50,38,0.24,50
CHEMBL225,5,0.3,6.0,50,minp_block_bh_cap1,50,36,0.28,50
CHEMBL225,5,0.3,6.0,50,score_cap1,50,39,0.22,50
CHEMBL225,5,0.3,6.0,50,weighted_bh,50,38,0.24,42
CHEMBL225,5,0.3,6.0,75,meta_calibration,75,58,0.22666666666666666,75
CHEMBL225,5,0.3,6.0,75,chemdeprc_cap1,75,53,0.29333333333333333,75
CHEMBL225,5,0.3,6.0,75,minp_block_bh_cap1,75,50,0.3333333333333333,75
CHEMBL225,5,0.3,6.0,75,score_cap1,75,55,0.26666666666666666,75
CHEMBL225,5,0.3,6.0,75,weighted_bh,75,54,0.28,49
CHEMBL225,6,0.2,4.0,10,meta_calibration,10,9,0.1,10
CHEMBL225,6,0.2,4.0,10,chemdeprc_cap1,10,6,0.4,10
CHEMBL225,6,0.2,4.0,10,minp_block_bh_cap1,10,10,0.0,10
CHEMBL225,6,0.2,4.0,10,score_cap1,10,6,0.4,10
CHEMBL225,6,0.2,4.0,10,weighted_bh,10,10,0.0,10
CHEMBL225,6,0.2,4.0,50,meta_calibration,50,42,0.16,50
CHEMBL225,6,0.2,4.0,50,chemdeprc_cap1,50,39,0.22,50
CHEMBL225,6,0.2,4.0,50,minp_block_bh_cap1,50,36,0.28,50
CHEMBL225,6,0.2,4.0,50,score_cap1,50,40,0.2,50
CHEMBL225,6,0.2,4.0,50,weighted_bh,50,39,0.22,42
CHEMBL225,6,0.2,4.0,75,meta_calibration,75,60,0.2,75
CHEMBL225,6,0.2,4.0,75,chemdeprc_cap1,75,54,0.28,75
CHEMBL225,6,0.2,4.0,75,minp_block_bh_cap1,75,53,0.29333333333333333,75
CHEMBL225,6,0.2,4.0,75,score_cap1,75,57,0.24,75
CHEMBL225,6,0.2,4.0,75,weighted_bh,75,54,0.28,49
CHEMBL225,6,0.2,6.0,10,meta_calibration,10,9,0.1,10
CHEMBL225,6,0.2,6.0,10,chemdeprc_cap1,10,6,0.4,10
CHEMBL225,6,0.2,6.0,10,minp_block_bh_cap1,10,10,0.0,10
CHEMBL225,6,0.2,6.0,10,score_cap1,10,6,0.4,10
CHEMBL225,6,0.2,6.0,10,weighted_bh,10,10,0.0,10
CHEMBL225,6,0.2,6.0,50,meta_calibration,50,44,0.12,50
CHEMBL225,6,0.2,6.0,50,chemdeprc_cap1,50,39,0.22,50
CHEMBL225,6,0.2,6.0,50,minp_block_bh_cap1,50,36,0.28,50
CHEMBL225,6,0.2,6.0,50,score_cap1,50,40,0.2,50
CHEMBL225,6,0.2,6.0,50,weighted_bh,50,39,0.22,42
CHEMBL225,6,0.2,6.0,75,meta_calibration,75,60,0.2,75
CHEMBL225,6,0.2,6.0,75,chemdeprc_cap1,75,54,0.28,75
CHEMBL225,6,0.2,6.0,75,minp_block_bh_cap1,75,53,0.29333333333333333,75
CHEMBL225,6,0.2,6.0,75,score_cap1,75,57,0.24,75
CHEMBL225,6,0.2,6.0,75,weighted_bh,75,54,0.28,49
CHEMBL225,6,0.3,4.0,10,meta_calibration,10,9,0.1,10
CHEMBL225,6,0.3,4.0,10,chemdeprc_cap1,10,5,0.5,10
CHEMBL225,6,0.3,4.0,10,minp_block_bh_cap1,10,10,0.0,10
CHEMBL225,6,0.3,4.0,10,score_cap1,10,6,0.4,10
CHEMBL225,6,0.3,4.0,10,weighted_bh,10,10,0.0,10
CHEMBL225,6,0.3,4.0,50,meta_calibration,50,41,0.18,50
CHEMBL225,6,0.3,4.0,50,chemdeprc_cap1,50,39,0.22,50
CHEMBL225,6,0.3,4.0,50,minp_block_bh_cap1,50,36,0.28,50
CHEMBL225,6,0.3,4.0,50,score_cap1,50,40,0.2,50
CHEMBL225,6,0.3,4.0,50,weighted_bh,50,34,0.32,36
CHEMBL225,6,0.3,4.0,75,meta_calibration,75,59,0.21333333333333335,75
CHEMBL225,6,0.3,4.0,75,chemdeprc_cap1,75,54,0.28,75
CHEMBL225,6,0.3,4.0,75,minp_block_bh_cap1,75,51,0.32,75
CHEMBL225,6,0.3,4.0,75,score_cap1,75,57,0.24,75
CHEMBL225,6,0.3,4.0,75,weighted_bh,75,48,0.36,48
CHEMBL225,6,0.3,6.0,10,meta_calibration,10,9,0.1,10
CHEMBL225,6,0.3,6.0,10,chemdeprc_cap1,10,5,0.5,10
CHEMBL225,6,0.3,6.0,10,minp_block_bh_cap1,10,10,0.0,10
CHEMBL225,6,0.3,6.0,10,score_cap1,10,5,0.5,10
CHEMBL225,6,0.3,6.0,10,weighted_bh,10,10,0.0,10
CHEMBL225,6,0.3,6.0,50,meta_calibration,50,42,0.16,50
CHEMBL225,6,0.3,6.0,50,chemdeprc_cap1,50,39,0.22,50
CHEMBL225,6,0.3,6.0,50,minp_block_bh_cap1,50,36,0.28,50
CHEMBL225,6,0.3,6.0,50,score_cap1,50,40,0.2,50
CHEMBL225,6,0.3,6.0,50,weighted_bh,50,34,0.32,36
CHEMBL225,6,0.3,6.0,75,meta_calibration,75,59,0.21333333333333335,75
CHEMBL225,6,0.3,6.0,75,chemdeprc_cap1,75,54,0.28,75
CHEMBL225,6,0.3,6.0,75,minp_block_bh_cap1,75,51,0.32,75
CHEMBL225,6,0.3,6.0,75,score_cap1,75,57,0.24,75
CHEMBL225,6,0.3,6.0,75,weighted_bh,75,48,0.36,48
CHEMBL225,7,0.2,4.0,10,meta_calibration,10,9,0.1,10
CHEMBL225,7,0.2,4.0,10,chemdeprc_cap1,10,6,0.4,10
CHEMBL225,7,0.2,4.0,10,minp_block_bh_cap1,10,10,0.0,10
CHEMBL225,7,0.2,4.0,10,score_cap1,10,7,0.3,10
CHEMBL225,7,0.2,4.0,10,weighted_bh,10,10,0.0,10
CHEMBL225,7,0.2,4.0,50,meta_calibration,50,41,0.18,50
CHEMBL225,7,0.2,4.0,50,chemdeprc_cap1,50,40,0.2,50
CHEMBL225,7,0.2,4.0,50,minp_block_bh_cap1,50,36,0.28,50
CHEMBL225,7,0.2,4.0,50,score_cap1,50,41,0.18,50
CHEMBL225,7,0.2,4.0,50,weighted_bh,50,35,0.3,38
CHEMBL225,7,0.2,4.0,75,meta_calibration,75,59,0.21333333333333335,75
CHEMBL225,7,0.2,4.0,75,chemdeprc_cap1,75,54,0.28,75
CHEMBL225,7,0.2,4.0,75,minp_block_bh_cap1,75,52,0.30666666666666664,75
CHEMBL225,7,0.2,4.0,75,score_cap1,75,58,0.22666666666666666,75
CHEMBL225,7,0.2,4.0,75,weighted_bh,75,52,0.30666666666666664,48
CHEMBL225,7,0.2,6.0,10,meta_calibration,10,9,0.1,10
CHEMBL225,7,0.2,6.0,10,chemdeprc_cap1,10,5,0.5,10
CHEMBL225,7,0.2,6.0,10,minp_block_bh_cap1,10,10,0.0,10
CHEMBL225,7,0.2,6.0,10,score_cap1,10,6,0.4,10
CHEMBL225,7,0.2,6.0,10,weighted_bh,10,10,0.0,10
CHEMBL225,7,0.2,6.0,50,meta_calibration,50,42,0.16,50
CHEMBL225,7,0.2,6.0,50,chemdeprc_cap1,50,40,0.2,50
CHEMBL225,7,0.2,6.0,50,minp_block_bh_cap1,50,36,0.28,50
CHEMBL225,7,0.2,6.0,50,score_cap1,50,41,0.18,50
CHEMBL225,7,0.2,6.0,50,weighted_bh,50,35,0.3,38
CHEMBL225,7,0.2,6.0,75,meta_calibration,75,59,0.21333333333333335,75
CHEMBL225,7,0.2,6.0,75,chemdeprc_cap1,75,54,0.28,75
CHEMBL225,7,0.2,6.0,75,minp_block_bh_cap1,75,52,0.30666666666666664,75
CHEMBL225,7,0.2,6.0,75,score_cap1,75,58,0.22666666666666666,75
CHEMBL225,7,0.2,6.0,75,weighted_bh,75,52,0.30666666666666664,48
CHEMBL225,7,0.3,4.0,10,meta_calibration,10,9,0.1,10
CHEMBL225,7,0.3,4.0,10,chemdeprc_cap1,10,5,0.5,10
CHEMBL225,7,0.3,4.0,10,minp_block_bh_cap1,10,10,0.0,10
CHEMBL225,7,0.3,4.0,10,score_cap1,10,6,0.4,10
CHEMBL225,7,0.3,4.0,10,weighted_bh,10,10,0.0,10
CHEMBL225,7,0.3,4.0,50,meta_calibration,50,40,0.2,50
CHEMBL225,7,0.3,4.0,50,chemdeprc_cap1,50,38,0.24,50
CHEMBL225,7,0.3,4.0,50,minp_block_bh_cap1,50,36,0.28,50
CHEMBL225,7,0.3,4.0,50,score_cap1,50,39,0.22,50
CHEMBL225,7,0.3,4.0,50,weighted_bh,50,36,0.28,40
CHEMBL225,7,0.3,4.0,75,meta_calibration,75,57,0.24,75
CHEMBL225,7,0.3,4.0,75,chemdeprc_cap1,75,54,0.28,75
CHEMBL225,7,0.3,4.0,75,minp_block_bh_cap1,75,50,0.3333333333333333,75
CHEMBL225,7,0.3,4.0,75,score_cap1,75,56,0.25333333333333335,75
CHEMBL225,7,0.3,4.0,75,weighted_bh,75,52,0.30666666666666664,49
CHEMBL225,7,0.3,6.0,10,meta_calibration,10,9,0.1,10
CHEMBL225,7,0.3,6.0,10,chemdeprc_cap1,10,4,0.6,10
CHEMBL225,7,0.3,6.0,10,minp_block_bh_cap1,10,10,0.0,10
CHEMBL225,7,0.3,6.0,10,score_cap1,10,5,0.5,10
CHEMBL225,7,0.3,6.0,10,weighted_bh,10,10,0.0,10
CHEMBL225,7,0.3,6.0,50,meta_calibration,50,41,0.18,50
CHEMBL225,7,0.3,6.0,50,chemdeprc_cap1,50,38,0.24,50
CHEMBL225,7,0.3,6.0,50,minp_block_bh_cap1,50,36,0.28,50
CHEMBL225,7,0.3,6.0,50,score_cap1,50,39,0.22,50
CHEMBL225,7,0.3,6.0,50,weighted_bh,50,36,0.28,40
CHEMBL225,7,0.3,6.0,75,meta_calibration,75,57,0.24,75
CHEMBL225,7,0.3,6.0,75,chemdeprc_cap1,75,54,0.28,75
CHEMBL225,7,0.3,6.0,75,minp_block_bh_cap1,75,50,0.3333333333333333,75
CHEMBL225,7,0.3,6.0,75,score_cap1,75,56,0.25333333333333335,75
CHEMBL225,7,0.3,6.0,75,weighted_bh,75,52,0.30666666666666664,49
CHEMBL225,8,0.2,4.0,10,meta_calibration,10,9,0.1,10
CHEMBL225,8,0.2,4.0,10,chemdeprc_cap1,10,5,0.5,10
CHEMBL225,8,0.2,4.0,10,minp_block_bh_cap1,10,10,0.0,10
CHEMBL225,8,0.2,4.0,10,score_cap1,10,6,0.4,10
CHEMBL225,8,0.2,4.0,10,weighted_bh,10,10,0.0,10
CHEMBL225,8,0.2,4.0,50,meta_calibration,50,43,0.14,50
CHEMBL225,8,0.2,4.0,50,chemdeprc_cap1,50,40,0.2,50
CHEMBL225,8,0.2,4.0,50,minp_block_bh_cap1,50,36,0.28,50
CHEMBL225,8,0.2,4.0,50,score_cap1,50,41,0.18,50
CHEMBL225,8,0.2,4.0,50,weighted_bh,50,36,0.28,39
CHEMBL225,8,0.2,4.0,75,meta_calibration,75,60,0.2,75
CHEMBL225,8,0.2,4.0,75,chemdeprc_cap1,75,55,0.26666666666666666,75
CHEMBL225,8,0.2,4.0,75,minp_block_bh_cap1,75,53,0.29333333333333333,75
CHEMBL225,8,0.2,4.0,75,score_cap1,75,58,0.22666666666666666,75
CHEMBL225,8,0.2,4.0,75,weighted_bh,75,52,0.30666666666666664,47
CHEMBL225,8,0.2,6.0,10,meta_calibration,10,9,0.1,10
CHEMBL225,8,0.2,6.0,10,chemdeprc_cap1,10,5,0.5,10
CHEMBL225,8,0.2,6.0,10,minp_block_bh_cap1,10,10,0.0,10
CHEMBL225,8,0.2,6.0,10,score_cap1,10,6,0.4,10
CHEMBL225,8,0.2,6.0,10,weighted_bh,10,10,0.0,10
CHEMBL225,8,0.2,6.0,50,meta_calibration,50,44,0.12,50
CHEMBL225,8,0.2,6.0,50,chemdeprc_cap1,50,40,0.2,50
CHEMBL225,8,0.2,6.0,50,minp_block_bh_cap1,50,36,0.28,50
CHEMBL225,8,0.2,6.0,50,score_cap1,50,41,0.18,50
CHEMBL225,8,0.2,6.0,50,weighted_bh,50,36,0.28,39
CHEMBL225,8,0.2,6.0,75,meta_calibration,75,60,0.2,75
CHEMBL225,8,0.2,6.0,75,chemdeprc_cap1,75,55,0.26666666666666666,75
CHEMBL225,8,0.2,6.0,75,minp_block_bh_cap1,75,53,0.29333333333333333,75
CHEMBL225,8,0.2,6.0,75,score_cap1,75,58,0.22666666666666666,75
CHEMBL225,8,0.2,6.0,75,weighted_bh,75,52,0.30666666666666664,47
CHEMBL225,8,0.3,4.0,10,meta_calibration,10,9,0.1,10
CHEMBL225,8,0.3,4.0,10,chemdeprc_cap1,10,5,0.5,10
CHEMBL225,8,0.3,4.0,10,minp_block_bh_cap1,10,10,0.0,10
CHEMBL225,8,0.3,4.0,10,score_cap1,10,6,0.4,10
CHEMBL225,8,0.3,4.0,10,weighted_bh,10,10,0.0,10
CHEMBL225,8,0.3,4.0,50,meta_calibration,50,40,0.2,50
CHEMBL225,8,0.3,4.0,50,chemdeprc_cap1,50,38,0.24,50
CHEMBL225,8,0.3,4.0,50,minp_block_bh_cap1,50,36,0.28,50
CHEMBL225,8,0.3,4.0,50,score_cap1,50,39,0.22,50
CHEMBL225,8,0.3,4.0,50,weighted_bh,50,34,0.32,37
CHEMBL225,8,0.3,4.0,75,meta_calibration,75,57,0.24,75
CHEMBL225,8,0.3,4.0,75,chemdeprc_cap1,75,54,0.28,75
CHEMBL225,8,0.3,4.0,75,minp_block_bh_cap1,75,50,0.3333333333333333,75
CHEMBL225,8,0.3,4.0,75,score_cap1,75,56,0.25333333333333335,75
CHEMBL225,8,0.3,4.0,75,weighted_bh,75,50,0.3333333333333333,49
CHEMBL225,8,0.3,6.0,10,meta_calibration,10,9,0.1,10
CHEMBL225,8,0.3,6.0,10,chemdeprc_cap1,10,4,0.6,10
CHEMBL225,8,0.3,6.0,10,minp_block_bh_cap1,10,10,0.0,10
CHEMBL225,8,0.3,6.0,10,score_cap1,10,5,0.5,10
CHEMBL225,8,0.3,6.0,10,weighted_bh,10,10,0.0,10
CHEMBL225,8,0.3,6.0,50,meta_calibration,50,41,0.18,50
CHEMBL225,8,0.3,6.0,50,chemdeprc_cap1,50,38,0.24,50
CHEMBL225,8,0.3,6.0,50,minp_block_bh_cap1,50,36,0.28,50
CHEMBL225,8,0.3,6.0,50,score_cap1,50,39,0.22,50
CHEMBL225,8,0.3,6.0,50,weighted_bh,50,34,0.32,37
CHEMBL225,8,0.3,6.0,75,meta_calibration,75,57,0.24,75
CHEMBL225,8,0.3,6.0,75,chemdeprc_cap1,75,54,0.28,75
CHEMBL225,8,0.3,6.0,75,minp_block_bh_cap1,75,50,0.3333333333333333,75
CHEMBL225,8,0.3,6.0,75,score_cap1,75,56,0.25333333333333335,75
CHEMBL225,8,0.3,6.0,75,weighted_bh,75,50,0.3333333333333333,49
CHEMBL225,9,0.2,4.0,10,meta_calibration,10,9,0.1,10
CHEMBL225,9,0.2,4.0,10,chemdeprc_cap1,10,5,0.5,10
CHEMBL225,9,0.2,4.0,10,minp_block_bh_cap1,10,10,0.0,10
CHEMBL225,9,0.2,4.0,10,score_cap1,10,7,0.3,10
CHEMBL225,9,0.2,4.0,10,weighted_bh,10,10,0.0,10
CHEMBL225,9,0.2,4.0,50,meta_calibration,50,43,0.14,50
CHEMBL225,9,0.2,4.0,50,chemdeprc_cap1,50,40,0.2,50
CHEMBL225,9,0.2,4.0,50,minp_block_bh_cap1,50,36,0.28,50
CHEMBL225,9,0.2,4.0,50,score_cap1,50,41,0.18,50
CHEMBL225,9,0.2,4.0,50,weighted_bh,50,37,0.26,39
CHEMBL225,9,0.2,4.0,75,meta_calibration,75,60,0.2,75
CHEMBL225,9,0.2,4.0,75,chemdeprc_cap1,75,55,0.26666666666666666,75
CHEMBL225,9,0.2,4.0,75,minp_block_bh_cap1,75,53,0.29333333333333333,75
CHEMBL225,9,0.2,4.0,75,score_cap1,75,58,0.22666666666666666,75
CHEMBL225,9,0.2,4.0,75,weighted_bh,75,53,0.29333333333333333,46
CHEMBL225,9,0.2,6.0,10,meta_calibration,10,9,0.1,10
CHEMBL225,9,0.2,6.0,10,chemdeprc_cap1,10,5,0.5,10
CHEMBL225,9,0.2,6.0,10,minp_block_bh_cap1,10,10,0.0,10
CHEMBL225,9,0.2,6.0,10,score_cap1,10,6,0.4,10
CHEMBL225,9,0.2,6.0,10,weighted_bh,10,10,0.0,10
CHEMBL225,9,0.2,6.0,50,meta_calibration,50,43,0.14,50
CHEMBL225,9,0.2,6.0,50,chemdeprc_cap1,50,40,0.2,50
CHEMBL225,9,0.2,6.0,50,minp_block_bh_cap1,50,36,0.28,50
CHEMBL225,9,0.2,6.0,50,score_cap1,50,41,0.18,50
CHEMBL225,9,0.2,6.0,50,weighted_bh,50,37,0.26,39
CHEMBL225,9,0.2,6.0,75,meta_calibration,75,60,0.2,75
CHEMBL225,9,0.2,6.0,75,chemdeprc_cap1,75,55,0.26666666666666666,75
CHEMBL225,9,0.2,6.0,75,minp_block_bh_cap1,75,53,0.29333333333333333,75
CHEMBL225,9,0.2,6.0,75,score_cap1,75,58,0.22666666666666666,75
CHEMBL225,9,0.2,6.0,75,weighted_bh,75,53,0.29333333333333333,46
CHEMBL225,9,0.3,4.0,10,meta_calibration,10,9,0.1,10
CHEMBL225,9,0.3,4.0,10,chemdeprc_cap1,10,5,0.5,10
CHEMBL225,9,0.3,4.0,10,minp_block_bh_cap1,10,10,0.0,10
CHEMBL225,9,0.3,4.0,10,score_cap1,10,6,0.4,10
CHEMBL225,9,0.3,4.0,10,weighted_bh,10,10,0.0,10
CHEMBL225,9,0.3,4.0,50,meta_calibration,50,41,0.18,50
CHEMBL225,9,0.3,4.0,50,chemdeprc_cap1,50,39,0.22,50
CHEMBL225,9,0.3,4.0,50,minp_block_bh_cap1,50,36,0.28,50
CHEMBL225,9,0.3,4.0,50,score_cap1,50,40,0.2,50
CHEMBL225,9,0.3,4.0,50,weighted_bh,50,36,0.28,39
CHEMBL225,9,0.3,4.0,75,meta_calibration,75,58,0.22666666666666666,75
CHEMBL225,9,0.3,4.0,75,chemdeprc_cap1,75,54,0.28,75
CHEMBL225,9,0.3,4.0,75,minp_block_bh_cap1,75,51,0.32,75
CHEMBL225,9,0.3,4.0,75,score_cap1,75,56,0.25333333333333335,75
CHEMBL225,9,0.3,4.0,75,weighted_bh,75,51,0.32,48
CHEMBL225,9,0.3,6.0,10,meta_calibration,10,9,0.1,10
CHEMBL225,9,0.3,6.0,10,chemdeprc_cap1,10,5,0.5,10
CHEMBL225,9,0.3,6.0,10,minp_block_bh_cap1,10,10,0.0,10
CHEMBL225,9,0.3,6.0,10,score_cap1,10,5,0.5,10
CHEMBL225,9,0.3,6.0,10,weighted_bh,10,10,0.0,10
CHEMBL225,9,0.3,6.0,50,meta_calibration,50,43,0.14,50
CHEMBL225,9,0.3,6.0,50,chemdeprc_cap1,50,39,0.22,50
CHEMBL225,9,0.3,6.0,50,minp_block_bh_cap1,50,36,0.28,50
CHEMBL225,9,0.3,6.0,50,score_cap1,50,40,0.2,50
CHEMBL225,9,0.3,6.0,50,weighted_bh,50,36,0.28,39
CHEMBL225,9,0.3,6.0,75,meta_calibration,75,58,0.22666666666666666,75
CHEMBL225,9,0.3,6.0,75,chemdeprc_cap1,75,54,0.28,75
CHEMBL225,9,0.3,6.0,75,minp_block_bh_cap1,75,51,0.32,75
CHEMBL225,9,0.3,6.0,75,score_cap1,75,56,0.25333333333333335,75
CHEMBL225,9,0.3,6.0,75,weighted_bh,75,51,0.32,48
CHEMBL226,0,0.2,4.0,10,meta_calibration,10,10,0.0,10
CHEMBL226,0,0.2,4.0,10,chemdeprc_cap1,10,6,0.4,10
CHEMBL226,0,0.2,4.0,10,minp_block_bh_cap1,10,10,0.0,10
CHEMBL226,0,0.2,4.0,10,score_cap1,10,4,0.6,10
CHEMBL226,0,0.2,4.0,10,weighted_bh,10,10,0.0,10
CHEMBL226,0,0.2,4.0,50,meta_calibration,50,45,0.1,50
CHEMBL226,0,0.2,4.0,50,chemdeprc_cap1,50,37,0.26,50
CHEMBL226,0,0.2,4.0,50,minp_block_bh_cap1,50,39,0.22,50
CHEMBL226,0,0.2,4.0,50,score_cap1,50,39,0.22,50
CHEMBL226,0,0.2,4.0,50,weighted_bh,50,39,0.22,36
CHEMBL226,0,0.2,4.0,75,meta_calibration,75,61,0.18666666666666668,75
CHEMBL226,0,0.2,4.0,75,chemdeprc_cap1,75,57,0.24,75
CHEMBL226,0,0.2,4.0,75,minp_block_bh_cap1,75,57,0.24,75
CHEMBL226,0,0.2,4.0,75,score_cap1,75,57,0.24,75
CHEMBL226,0,0.2,4.0,75,weighted_bh,75,48,0.36,48
CHEMBL226,0,0.2,6.0,10,meta_calibration,10,10,0.0,10
CHEMBL226,0,0.2,6.0,10,chemdeprc_cap1,10,4,0.6,10
CHEMBL226,0,0.2,6.0,10,minp_block_bh_cap1,10,10,0.0,10
CHEMBL226,0,0.2,6.0,10,score_cap1,10,2,0.8,10
CHEMBL226,0,0.2,6.0,10,weighted_bh,10,10,0.0,10
CHEMBL226,0,0.2,6.0,50,meta_calibration,50,46,0.08,50
CHEMBL226,0,0.2,6.0,50,chemdeprc_cap1,50,37,0.26,50
CHEMBL226,0,0.2,6.0,50,minp_block_bh_cap1,50,37,0.26,50
CHEMBL226,0,0.2,6.0,50,score_cap1,50,38,0.24,50
CHEMBL226,0,0.2,6.0,50,weighted_bh,50,33,0.34,36
CHEMBL226,0,0.2,6.0,75,meta_calibration,75,62,0.17333333333333334,75
CHEMBL226,0,0.2,6.0,75,chemdeprc_cap1,75,57,0.24,75
CHEMBL226,0,0.2,6.0,75,minp_block_bh_cap1,75,57,0.24,75
CHEMBL226,0,0.2,6.0,75,score_cap1,75,57,0.24,75
CHEMBL226,0,0.2,6.0,75,weighted_bh,75,46,0.38666666666666666,47
CHEMBL226,0,0.3,4.0,10,meta_calibration,10,10,0.0,10
CHEMBL226,0,0.3,4.0,10,chemdeprc_cap1,10,4,0.6,10
CHEMBL226,0,0.3,4.0,10,minp_block_bh_cap1,10,10,0.0,10
CHEMBL226,0,0.3,4.0,10,score_cap1,10,2,0.8,10
CHEMBL226,0,0.3,4.0,10,weighted_bh,10,10,0.0,10
CHEMBL226,0,0.3,4.0,50,meta_calibration,50,47,0.06,50
CHEMBL226,0,0.3,4.0,50,chemdeprc_cap1,50,36,0.28,50
CHEMBL226,0,0.3,4.0,50,minp_block_bh_cap1,50,36,0.28,50
CHEMBL226,0,0.3,4.0,50,score_cap1,50,38,0.24,50
CHEMBL226,0,0.3,4.0,50,weighted_bh,50,35,0.3,38
CHEMBL226,0,0.3,4.0,75,meta_calibration,75,64,0.14666666666666667,75
CHEMBL226,0,0.3,4.0,75,chemdeprc_cap1,75,57,0.24,75
CHEMBL226,0,0.3,4.0,75,minp_block_bh_cap1,75,56,0.25333333333333335,75
CHEMBL226,0,0.3,4.0,75,score_cap1,75,56,0.25333333333333335,75
CHEMBL226,0,0.3,4.0,75,weighted_bh,75,46,0.38666666666666666,49
CHEMBL226,0,0.3,6.0,10,meta_calibration,10,10,0.0,10
CHEMBL226,0,0.3,6.0,10,chemdeprc_cap1,10,3,0.7,10
CHEMBL226,0,0.3,6.0,10,minp_block_bh_cap1,10,10,0.0,10
CHEMBL226,0,0.3,6.0,10,score_cap1,10,0,1.0,10
CHEMBL226,0,0.3,6.0,10,weighted_bh,10,10,0.0,10
CHEMBL226,0,0.3,6.0,50,meta_calibration,50,47,0.06,50
CHEMBL226,0,0.3,6.0,50,chemdeprc_cap1,50,36,0.28,50
CHEMBL226,0,0.3,6.0,50,minp_block_bh_cap1,50,36,0.28,50
CHEMBL226,0,0.3,6.0,50,score_cap1,50,38,0.24,50
CHEMBL226,0,0.3,6.0,50,weighted_bh,50,34,0.32,38
CHEMBL226,0,0.3,6.0,75,meta_calibration,75,65,0.13333333333333333,75
CHEMBL226,0,0.3,6.0,75,chemdeprc_cap1,75,57,0.24,75
CHEMBL226,0,0.3,6.0,75,minp_block_bh_cap1,75,56,0.25333333333333335,75
CHEMBL226,0,0.3,6.0,75,score_cap1,75,56,0.25333333333333335,75
CHEMBL226,0,0.3,6.0,75,weighted_bh,75,46,0.38666666666666666,49
CHEMBL226,1,0.2,4.0,10,meta_calibration,10,10,0.0,10
CHEMBL226,1,0.2,4.0,10,chemdeprc_cap1,10,6,0.4,10
CHEMBL226,1,0.2,4.0,10,minp_block_bh_cap1,10,10,0.0,10
CHEMBL226,1,0.2,4.0,10,score_cap1,10,3,0.7,10
CHEMBL226,1,0.2,4.0,10,weighted_bh,10,10,0.0,10
CHEMBL226,1,0.2,4.0,50,meta_calibration,50,45,0.1,50
CHEMBL226,1,0.2,4.0,50,chemdeprc_cap1,50,37,0.26,50
CHEMBL226,1,0.2,4.0,50,minp_block_bh_cap1,50,39,0.22,50
CHEMBL226,1,0.2,4.0,50,score_cap1,50,38,0.24,50
CHEMBL226,1,0.2,4.0,50,weighted_bh,50,37,0.26,37
CHEMBL226,1,0.2,4.0,75,meta_calibration,75,63,0.16,75
CHEMBL226,1,0.2,4.0,75,chemdeprc_cap1,75,58,0.22666666666666666,75
CHEMBL226,1,0.2,4.0,75,minp_block_bh_cap1,75,57,0.24,75
CHEMBL226,1,0.2,4.0,75,score_cap1,75,58,0.22666666666666666,75
CHEMBL226,1,0.2,4.0,75,weighted_bh,75,55,0.26666666666666666,56
CHEMBL226,1,0.2,6.0,10,meta_calibration,10,10,0.0,10
CHEMBL226,1,0.2,6.0,10,chemdeprc_cap1,10,5,0.5,10
CHEMBL226,1,0.2,6.0,10,minp_block_bh_cap1,10,10,0.0,10
CHEMBL226,1,0.2,6.0,10,score_cap1,10,2,0.8,10
CHEMBL226,1,0.2,6.0,10,weighted_bh,10,10,0.0,10
CHEMBL226,1,0.2,6.0,50,meta_calibration,50,46,0.08,50
CHEMBL226,1,0.2,6.0,50,chemdeprc_cap1,50,37,0.26,50
CHEMBL226,1,0.2,6.0,50,minp_block_bh_cap1,50,39,0.22,50
CHEMBL226,1,0.2,6.0,50,score_cap1,50,38,0.24,50
CHEMBL226,1,0.2,6.0,50,weighted_bh,50,37,0.26,37
CHEMBL226,1,0.2,6.0,75,meta_calibration,75,64,0.14666666666666667,75
CHEMBL226,1,0.2,6.0,75,chemdeprc_cap1,75,58,0.22666666666666666,75
CHEMBL226,1,0.2,6.0,75,minp_block_bh_cap1,75,57,0.24,75
CHEMBL226,1,0.2,6.0,75,score_cap1,75,58,0.22666666666666666,75
CHEMBL226,1,0.2,6.0,75,weighted_bh,75,55,0.26666666666666666,56
CHEMBL226,1,0.3,4.0,10,meta_calibration,10,10,0.0,10
CHEMBL226,1,0.3,4.0,10,chemdeprc_cap1,10,6,0.4,10
CHEMBL226,1,0.3,4.0,10,minp_block_bh_cap1,10,10,0.0,10
CHEMBL226,1,0.3,4.0,10,score_cap1,10,3,0.7,10
CHEMBL226,1,0.3,4.0,10,weighted_bh,10,10,0.0,10
CHEMBL226,1,0.3,4.0,50,meta_calibration,50,45,0.1,50
CHEMBL226,1,0.3,4.0,50,chemdeprc_cap1,50,36,0.28,50
CHEMBL226,1,0.3,4.0,50,minp_block_bh_cap1,50,37,0.26,50
CHEMBL226,1,0.3,4.0,50,score_cap1,50,37,0.26,50
CHEMBL226,1,0.3,4.0,50,weighted_bh,50,40,0.2,37
CHEMBL226,1,0.3,4.0,75,meta_calibration,75,62,0.17333333333333334,75
CHEMBL226,1,0.3,4.0,75,chemdeprc_cap1,75,56,0.25333333333333335,75
CHEMBL226,1,0.3,4.0,75,minp_block_bh_cap1,75,56,0.25333333333333335,75
CHEMBL226,1,0.3,4.0,75,score_cap1,75,55,0.26666666666666666,75
CHEMBL226,1,0.3,4.0,75,weighted_bh,75,46,0.38666666666666666,47
CHEMBL226,1,0.3,6.0,10,meta_calibration,10,10,0.0,10
CHEMBL226,1,0.3,6.0,10,chemdeprc_cap1,10,2,0.8,10
CHEMBL226,1,0.3,6.0,10,minp_block_bh_cap1,10,10,0.0,10
CHEMBL226,1,0.3,6.0,10,score_cap1,10,0,1.0,10
CHEMBL226,1,0.3,6.0,10,weighted_bh,10,10,0.0,10
CHEMBL226,1,0.3,6.0,50,meta_calibration,50,46,0.08,50
CHEMBL226,1,0.3,6.0,50,chemdeprc_cap1,50,36,0.28,50
CHEMBL226,1,0.3,6.0,50,minp_block_bh_cap1,50,37,0.26,50
CHEMBL226,1,0.3,6.0,50,score_cap1,50,37,0.26,50
CHEMBL226,1,0.3,6.0,50,weighted_bh,50,37,0.26,36
CHEMBL226,1,0.3,6.0,75,meta_calibration,75,63,0.16,75
CHEMBL226,1,0.3,6.0,75,chemdeprc_cap1,75,56,0.25333333333333335,75
CHEMBL226,1,0.3,6.0,75,minp_block_bh_cap1,75,56,0.25333333333333335,75
CHEMBL226,1,0.3,6.0,75,score_cap1,75,55,0.26666666666666666,75
CHEMBL226,1,0.3,6.0,75,weighted_bh,75,46,0.38666666666666666,47
CHEMBL226,2,0.2,4.0,10,meta_calibration,10,10,0.0,10
CHEMBL226,2,0.2,4.0,10,chemdeprc_cap1,10,7,0.3,10
CHEMBL226,2,0.2,4.0,10,minp_block_bh_cap1,10,10,0.0,10
CHEMBL226,2,0.2,4.0,10,score_cap1,10,5,0.5,10
CHEMBL226,2,0.2,4.0,10,weighted_bh,10,10,0.0,10
CHEMBL226,2,0.2,4.0,50,meta_calibration,50,45,0.1,50
CHEMBL226,2,0.2,4.0,50,chemdeprc_cap1,50,37,0.26,50
CHEMBL226,2,0.2,4.0,50,minp_block_bh_cap1,50,39,0.22,50
CHEMBL226,2,0.2,4.0,50,score_cap1,50,38,0.24,50
CHEMBL226,2,0.2,4.0,50,weighted_bh,50,44,0.12,38
CHEMBL226,2,0.2,4.0,75,meta_calibration,75,62,0.17333333333333334,75
CHEMBL226,2,0.2,4.0,75,chemdeprc_cap1,75,57,0.24,75
CHEMBL226,2,0.2,4.0,75,minp_block_bh_cap1,75,57,0.24,75
CHEMBL226,2,0.2,4.0,75,score_cap1,75,56,0.25333333333333335,75
CHEMBL226,2,0.2,4.0,75,weighted_bh,75,51,0.32,50
CHEMBL226,2,0.2,6.0,10,meta_calibration,10,10,0.0,10
CHEMBL226,2,0.2,6.0,10,chemdeprc_cap1,10,5,0.5,10
CHEMBL226,2,0.2,6.0,10,minp_block_bh_cap1,10,10,0.0,10
CHEMBL226,2,0.2,6.0,10,score_cap1,10,2,0.8,10
CHEMBL226,2,0.2,6.0,10,weighted_bh,10,10,0.0,10
CHEMBL226,2,0.2,6.0,50,meta_calibration,50,45,0.1,50
CHEMBL226,2,0.2,6.0,50,chemdeprc_cap1,50,37,0.26,50
CHEMBL226,2,0.2,6.0,50,minp_block_bh_cap1,50,39,0.22,50
CHEMBL226,2,0.2,6.0,50,score_cap1,50,38,0.24,50
CHEMBL226,2,0.2,6.0,50,weighted_bh,50,42,0.16,35
CHEMBL226,2,0.2,6.0,75,meta_calibration,75,63,0.16,75
CHEMBL226,2,0.2,6.0,75,chemdeprc_cap1,75,57,0.24,75
CHEMBL226,2,0.2,6.0,75,minp_block_bh_cap1,75,57,0.24,75
CHEMBL226,2,0.2,6.0,75,score_cap1,75,56,0.25333333333333335,75
CHEMBL226,2,0.2,6.0,75,weighted_bh,75,48,0.36,48
CHEMBL226,2,0.3,4.0,10,meta_calibration,10,10,0.0,10
CHEMBL226,2,0.3,4.0,10,chemdeprc_cap1,10,6,0.4,10
CHEMBL226,2,0.3,4.0,10,minp_block_bh_cap1,10,10,0.0,10
CHEMBL226,2,0.3,4.0,10,score_cap1,10,4,0.6,10
CHEMBL226,2,0.3,4.0,10,weighted_bh,10,10,0.0,10
CHEMBL226,2,0.3,4.0,50,meta_calibration,50,42,0.16,50
CHEMBL226,2,0.3,4.0,50,chemdeprc_cap1,50,36,0.28,50
CHEMBL226,2,0.3,4.0,50,minp_block_bh_cap1,50,38,0.24,50
CHEMBL226,2,0.3,4.0,50,score_cap1,50,37,0.26,50
CHEMBL226,2,0.3,4.0,50,weighted_bh,50,34,0.32,37
CHEMBL226,2,0.3,4.0,75,meta_calibration,75,60,0.2,75
CHEMBL226,2,0.3,4.0,75,chemdeprc_cap1,75,55,0.26666666666666666,75
CHEMBL226,2,0.3,4.0,75,minp_block_bh_cap1,75,55,0.26666666666666666,75
CHEMBL226,2,0.3,4.0,75,score_cap1,75,55,0.26666666666666666,75
CHEMBL226,2,0.3,4.0,75,weighted_bh,75,52,0.30666666666666664,53
CHEMBL226,2,0.3,6.0,10,meta_calibration,10,10,0.0,10
CHEMBL226,2,0.3,6.0,10,chemdeprc_cap1,10,2,0.8,10
CHEMBL226,2,0.3,6.0,10,minp_block_bh_cap1,10,10,0.0,10
CHEMBL226,2,0.3,6.0,10,score_cap1,10,0,1.0,10
CHEMBL226,2,0.3,6.0,10,weighted_bh,10,10,0.0,10
CHEMBL226,2,0.3,6.0,50,meta_calibration,50,46,0.08,50
CHEMBL226,2,0.3,6.0,50,chemdeprc_cap1,50,36,0.28,50
CHEMBL226,2,0.3,6.0,50,minp_block_bh_cap1,50,36,0.28,50
CHEMBL226,2,0.3,6.0,50,score_cap1,50,36,0.28,50
CHEMBL226,2,0.3,6.0,50,weighted_bh,50,33,0.34,37
CHEMBL226,2,0.3,6.0,75,meta_calibration,75,63,0.16,75
CHEMBL226,2,0.3,6.0,75,chemdeprc_cap1,75,55,0.26666666666666666,75
CHEMBL226,2,0.3,6.0,75,minp_block_bh_cap1,75,55,0.26666666666666666,75
CHEMBL226,2,0.3,6.0,75,score_cap1,75,55,0.26666666666666666,75
CHEMBL226,2,0.3,6.0,75,weighted_bh,75,45,0.4,47
CHEMBL226,3,0.2,4.0,10,meta_calibration,10,10,0.0,10
CHEMBL226,3,0.2,4.0,10,chemdeprc_cap1,10,6,0.4,10
CHEMBL226,3,0.2,4.0,10,minp_block_bh_cap1,10,10,0.0,10
CHEMBL226,3,0.2,4.0,10,score_cap1,10,4,0.6,10
CHEMBL226,3,0.2,4.0,10,weighted_bh,10,10,0.0,10
CHEMBL226,3,0.2,4.0,50,meta_calibration,50,45,0.1,50
CHEMBL226,3,0.2,4.0,50,chemdeprc_cap1,50,37,0.26,50
CHEMBL226,3,0.2,4.0,50,minp_block_bh_cap1,50,40,0.2,50
CHEMBL226,3,0.2,4.0,50,score_cap1,50,38,0.24,50
CHEMBL226,3,0.2,4.0,50,weighted_bh,50,38,0.24,36
CHEMBL226,3,0.2,4.0,75,meta_calibration,75,62,0.17333333333333334,75
CHEMBL226,3,0.2,4.0,75,chemdeprc_cap1,75,57,0.24,75
CHEMBL226,3,0.2,4.0,75,minp_block_bh_cap1,75,57,0.24,75
CHEMBL226,3,0.2,4.0,75,score_cap1,75,57,0.24,75
CHEMBL226,3,0.2,4.0,75,weighted_bh,75,52,0.30666666666666664,51
CHEMBL226,3,0.2,6.0,10,meta_calibration,10,10,0.0,10
CHEMBL226,3,0.2,6.0,10,chemdeprc_cap1,10,5,0.5,10
CHEMBL226,3,0.2,6.0,10,minp_block_bh_cap1,10,10,0.0,10
CHEMBL226,3,0.2,6.0,10,score_cap1,10,2,0.8,10
CHEMBL226,3,0.2,6.0,10,weighted_bh,10,10,0.0,10
CHEMBL226,3,0.2,6.0,50,meta_calibration,50,45,0.1,50
CHEMBL226,3,0.2,6.0,50,chemdeprc_cap1,50,37,0.26,50
CHEMBL226,3,0.2,6.0,50,minp_block_bh_cap1,50,39,0.22,50
CHEMBL226,3,0.2,6.0,50,score_cap1,50,38,0.24,50
CHEMBL226,3,0.2,6.0,50,weighted_bh,50,35,0.3,36
CHEMBL226,3,0.2,6.0,75,meta_calibration,75,63,0.16,75
CHEMBL226,3,0.2,6.0,75,chemdeprc_cap1,75,57,0.24,75
CHEMBL226,3,0.2,6.0,75,minp_block_bh_cap1,75,57,0.24,75
CHEMBL226,3,0.2,6.0,75,score_cap1,75,57,0.24,75
CHEMBL226,3,0.2,6.0,75,weighted_bh,75,50,0.3333333333333333,49
CHEMBL226,3,0.3,4.0,10,meta_calibration,10,10,0.0,10
CHEMBL226,3,0.3,4.0,10,chemdeprc_cap1,10,5,0.5,10
CHEMBL226,3,0.3,4.0,10,minp_block_bh_cap1,10,10,0.0,10
CHEMBL226,3,0.3,4.0,10,score_cap1,10,2,0.8,10
CHEMBL226,3,0.3,4.0,10,weighted_bh,10,10,0.0,10
CHEMBL226,3,0.3,4.0,50,meta_calibration,50,44,0.12,50
CHEMBL226,3,0.3,4.0,50,chemdeprc_cap1,50,36,0.28,50
CHEMBL226,3,0.3,4.0,50,minp_block_bh_cap1,50,38,0.24,50
CHEMBL226,3,0.3,4.0,50,score_cap1,50,36,0.28,50
CHEMBL226,3,0.3,4.0,50,weighted_bh,50,36,0.28,37
CHEMBL226,3,0.3,4.0,75,meta_calibration,75,62,0.17333333333333334,75
CHEMBL226,3,0.3,4.0,75,chemdeprc_cap1,75,55,0.26666666666666666,75
CHEMBL226,3,0.3,4.0,75,minp_block_bh_cap1,75,55,0.26666666666666666,75
CHEMBL226,3,0.3,4.0,75,score_cap1,75,55,0.26666666666666666,75
CHEMBL226,3,0.3,4.0,75,weighted_bh,75,52,0.30666666666666664,52
CHEMBL226,3,0.3,6.0,10,meta_calibration,10,10,0.0,10
CHEMBL226,3,0.3,6.0,10,chemdeprc_cap1,10,2,0.8,10
CHEMBL226,3,0.3,6.0,10,minp_block_bh_cap1,10,10,0.0,10
CHEMBL226,3,0.3,6.0,10,score_cap1,10,0,1.0,10
CHEMBL226,3,0.3,6.0,10,weighted_bh,10,10,0.0,10
CHEMBL226,3,0.3,6.0,50,meta_calibration,50,46,0.08,50
CHEMBL226,3,0.3,6.0,50,chemdeprc_cap1,50,36,0.28,50
CHEMBL226,3,0.3,6.0,50,minp_block_bh_cap1,50,37,0.26,50
CHEMBL226,3,0.3,6.0,50,score_cap1,50,36,0.28,50
CHEMBL226,3,0.3,6.0,50,weighted_bh,50,33,0.34,37
CHEMBL226,3,0.3,6.0,75,meta_calibration,75,63,0.16,75
CHEMBL226,3,0.3,6.0,75,chemdeprc_cap1,75,55,0.26666666666666666,75
CHEMBL226,3,0.3,6.0,75,minp_block_bh_cap1,75,55,0.26666666666666666,75
CHEMBL226,3,0.3,6.0,75,score_cap1,75,55,0.26666666666666666,75
CHEMBL226,3,0.3,6.0,75,weighted_bh,75,47,0.37333333333333335,48
CHEMBL226,4,0.2,4.0,10,meta_calibration,10,10,0.0,10
CHEMBL226,4,0.2,4.0,10,chemdeprc_cap1,10,6,0.4,10
CHEMBL226,4,0.2,4.0,10,minp_block_bh_cap1,10,10,0.0,10
CHEMBL226,4,0.2,4.0,10,score_cap1,10,3,0.7,10
CHEMBL226,4,0.2,4.0,10,weighted_bh,10,10,0.0,10
CHEMBL226,4,0.2,4.0,50,meta_calibration,50,45,0.1,50
CHEMBL226,4,0.2,4.0,50,chemdeprc_cap1,50,37,0.26,50
CHEMBL226,4,0.2,4.0,50,minp_block_bh_cap1,50,38,0.24,50
CHEMBL226,4,0.2,4.0,50,score_cap1,50,38,0.24,50
CHEMBL226,4,0.2,4.0,50,weighted_bh,50,37,0.26,36
CHEMBL226,4,0.2,4.0,75,meta_calibration,75,62,0.17333333333333334,75
CHEMBL226,4,0.2,4.0,75,chemdeprc_cap1,75,57,0.24,75
CHEMBL226,4,0.2,4.0,75,minp_block_bh_cap1,75,57,0.24,75
CHEMBL226,4,0.2,4.0,75,score_cap1,75,56,0.25333333333333335,75
CHEMBL226,4,0.2,4.0,75,weighted_bh,75,47,0.37333333333333335,48
CHEMBL226,4,0.2,6.0,10,meta_calibration,10,10,0.0,10
CHEMBL226,4,0.2,6.0,10,chemdeprc_cap1,10,5,0.5,10
CHEMBL226,4,0.2,6.0,10,minp_block_bh_cap1,10,10,0.0,10
CHEMBL226,4,0.2,6.0,10,score_cap1,10,2,0.8,10
CHEMBL226,4,0.2,6.0,10,weighted_bh,10,10,0.0,10
CHEMBL226,4,0.2,6.0,50,meta_calibration,50,46,0.08,50
CHEMBL226,4,0.2,6.0,50,chemdeprc_cap1,50,37,0.26,50
CHEMBL226,4,0.2,6.0,50,minp_block_bh_cap1,50,38,0.24,50
CHEMBL226,4,0.2,6.0,50,score_cap1,50,38,0.24,50
CHEMBL226,4,0.2,6.0,50,weighted_bh,50,37,0.26,36
CHEMBL226,4,0.2,6.0,75,meta_calibration,75,63,0.16,75
CHEMBL226,4,0.2,6.0,75,chemdeprc_cap1,75,57,0.24,75
CHEMBL226,4,0.2,6.0,75,minp_block_bh_cap1,75,57,0.24,75
CHEMBL226,4,0.2,6.0,75,score_cap1,75,56,0.25333333333333335,75
CHEMBL226,4,0.2,6.0,75,weighted_bh,75,47,0.37333333333333335,47
CHEMBL226,4,0.3,4.0,10,meta_calibration,10,10,0.0,10
CHEMBL226,4,0.3,4.0,10,chemdeprc_cap1,10,6,0.4,10
CHEMBL226,4,0.3,4.0,10,minp_block_bh_cap1,10,10,0.0,10
CHEMBL226,4,0.3,4.0,10,score_cap1,10,3,0.7,10
CHEMBL226,4,0.3,4.0,10,weighted_bh,10,10,0.0,10
CHEMBL226,4,0.3,4.0,50,meta_calibration,50,44,0.12,50
CHEMBL226,4,0.3,4.0,50,chemdeprc_cap1,50,36,0.28,50
CHEMBL226,4,0.3,4.0,50,minp_block_bh_cap1,50,38,0.24,50
CHEMBL226,4,0.3,4.0,50,score_cap1,50,37,0.26,50
CHEMBL226,4,0.3,4.0,50,weighted_bh,50,40,0.2,37
CHEMBL226,4,0.3,4.0,75,meta_calibration,75,63,0.16,75
CHEMBL226,4,0.3,4.0,75,chemdeprc_cap1,75,56,0.25333333333333335,75
CHEMBL226,4,0.3,4.0,75,minp_block_bh_cap1,75,56,0.25333333333333335,75
CHEMBL226,4,0.3,4.0,75,score_cap1,75,56,0.25333333333333335,75
CHEMBL226,4,0.3,4.0,75,weighted_bh,75,49,0.3466666666666667,50
CHEMBL226,4,0.3,6.0,10,meta_calibration,10,10,0.0,10
CHEMBL226,4,0.3,6.0,10,chemdeprc_cap1,10,2,0.8,10
CHEMBL226,4,0.3,6.0,10,minp_block_bh_cap1,10,10,0.0,10
CHEMBL226,4,0.3,6.0,10,score_cap1,10,0,1.0,10
CHEMBL226,4,0.3,6.0,10,weighted_bh,10,10,0.0,10
CHEMBL226,4,0.3,6.0,50,meta_calibration,50,47,0.06,50
CHEMBL226,4,0.3,6.0,50,chemdeprc_cap1,50,36,0.28,50
CHEMBL226,4,0.3,6.0,50,minp_block_bh_cap1,50,37,0.26,50
CHEMBL226,4,0.3,6.0,50,score_cap1,50,37,0.26,50
CHEMBL226,4,0.3,6.0,50,weighted_bh,50,35,0.3,37
CHEMBL226,4,0.3,6.0,75,meta_calibration,75,64,0.14666666666666667,75
CHEMBL226,4,0.3,6.0,75,chemdeprc_cap1,75,56,0.25333333333333335,75
CHEMBL226,4,0.3,6.0,75,minp_block_bh_cap1,75,56,0.25333333333333335,75
CHEMBL226,4,0.3,6.0,75,score_cap1,75,56,0.25333333333333335,75
CHEMBL226,4,0.3,6.0,75,weighted_bh,75,46,0.38666666666666666,47
CHEMBL226,5,0.2,4.0,10,meta_calibration,10,10,0.0,10
CHEMBL226,5,0.2,4.0,10,chemdeprc_cap1,10,6,0.4,10
CHEMBL226,5,0.2,4.0,10,minp_block_bh_cap1,10,10,0.0,10
CHEMBL226,5,0.2,4.0,10,score_cap1,10,5,0.5,10
CHEMBL226,5,0.2,4.0,10,weighted_bh,10,10,0.0,10
CHEMBL226,5,0.2,4.0,50,meta_calibration,50,44,0.12,50
CHEMBL226,5,0.2,4.0,50,chemdeprc_cap1,50,37,0.26,50
CHEMBL226,5,0.2,4.0,50,minp_block_bh_cap1,50,38,0.24,50
CHEMBL226,5,0.2,4.0,50,score_cap1,50,39,0.22,50
CHEMBL226,5,0.2,4.0,50,weighted_bh,50,38,0.24,37
CHEMBL226,5,0.2,4.0,75,meta_calibration,75,61,0.18666666666666668,75
CHEMBL226,5,0.2,4.0,75,chemdeprc_cap1,75,57,0.24,75
CHEMBL226,5,0.2,4.0,75,minp_block_bh_cap1,75,57,0.24,75
CHEMBL226,5,0.2,4.0,75,score_cap1,75,57,0.24,75
CHEMBL226,5,0.2,4.0,75,weighted_bh,75,47,0.37333333333333335,48
CHEMBL226,5,0.2,6.0,10,meta_calibration,10,10,0.0,10
CHEMBL226,5,0.2,6.0,10,chemdeprc_cap1,10,4,0.6,10
CHEMBL226,5,0.2,6.0,10,minp_block_bh_cap1,10,10,0.0,10
CHEMBL226,5,0.2,6.0,10,score_cap1,10,2,0.8,10
CHEMBL226,5,0.2,6.0,10,weighted_bh,10,10,0.0,10
CHEMBL226,5,0.2,6.0,50,meta_calibration,50,46,0.08,50
CHEMBL226,5,0.2,6.0,50,chemdeprc_cap1,50,37,0.26,50
CHEMBL226,5,0.2,6.0,50,minp_block_bh_cap1,50,37,0.26,50
CHEMBL226,5,0.2,6.0,50,score_cap1,50,38,0.24,50
CHEMBL226,5,0.2,6.0,50,weighted_bh,50,36,0.28,36
CHEMBL226,5,0.2,6.0,75,meta_calibration,75,62,0.17333333333333334,75
CHEMBL226,5,0.2,6.0,75,chemdeprc_cap1,75,57,0.24,75
CHEMBL226,5,0.2,6.0,75,minp_block_bh_cap1,75,57,0.24,75
CHEMBL226,5,0.2,6.0,75,score_cap1,75,57,0.24,75
CHEMBL226,5,0.2,6.0,75,weighted_bh,75,46,0.38666666666666666,47
CHEMBL226,5,0.3,4.0,10,meta_calibration,10,10,0.0,10
CHEMBL226,5,0.3,4.0,10,chemdeprc_cap1,10,6,0.4,10
CHEMBL226,5,0.3,4.0,10,minp_block_bh_cap1,10,10,0.0,10
CHEMBL226,5,0.3,4.0,10,score_cap1,10,3,0.7,10
CHEMBL226,5,0.3,4.0,10,weighted_bh,10,10,0.0,10
CHEMBL226,5,0.3,4.0,50,meta_calibration,50,45,0.1,50
CHEMBL226,5,0.3,4.0,50,chemdeprc_cap1,50,36,0.28,50
CHEMBL226,5,0.3,4.0,50,minp_block_bh_cap1,50,37,0.26,50
CHEMBL226,5,0.3,4.0,50,score_cap1,50,36,0.28,50
CHEMBL226,5,0.3,4.0,50,weighted_bh,50,36,0.28,37
CHEMBL226,5,0.3,4.0,75,meta_calibration,75,63,0.16,75
CHEMBL226,5,0.3,4.0,75,chemdeprc_cap1,75,55,0.26666666666666666,75
CHEMBL226,5,0.3,4.0,75,minp_block_bh_cap1,75,55,0.26666666666666666,75
CHEMBL226,5,0.3,4.0,75,score_cap1,75,55,0.26666666666666666,75
CHEMBL226,5,0.3,4.0,75,weighted_bh,75,48,0.36,50
CHEMBL226,5,0.3,6.0,10,meta_calibration,10,10,0.0,10
CHEMBL226,5,0.3,6.0,10,chemdeprc_cap1,10,4,0.6,10
CHEMBL226,5,0.3,6.0,10,minp_block_bh_cap1,10,10,0.0,10
CHEMBL226,5,0.3,6.0,10,score_cap1,10,0,1.0,10
CHEMBL226,5,0.3,6.0,10,weighted_bh,10,10,0.0,10
CHEMBL226,5,0.3,6.0,50,meta_calibration,50,46,0.08,50
CHEMBL226,5,0.3,6.0,50,chemdeprc_cap1,50,36,0.28,50
CHEMBL226,5,0.3,6.0,50,minp_block_bh_cap1,50,37,0.26,50
CHEMBL226,5,0.3,6.0,50,score_cap1,50,36,0.28,50
CHEMBL226,5,0.3,6.0,50,weighted_bh,50,35,0.3,37
CHEMBL226,5,0.3,6.0,75,meta_calibration,75,64,0.14666666666666667,75
CHEMBL226,5,0.3,6.0,75,chemdeprc_cap1,75,55,0.26666666666666666,75
CHEMBL226,5,0.3,6.0,75,minp_block_bh_cap1,75,55,0.26666666666666666,75
CHEMBL226,5,0.3,6.0,75,score_cap1,75,55,0.26666666666666666,75
CHEMBL226,5,0.3,6.0,75,weighted_bh,75,47,0.37333333333333335,48
CHEMBL226,6,0.2,4.0,10,meta_calibration,10,10,0.0,10
CHEMBL226,6,0.2,4.0,10,chemdeprc_cap1,10,8,0.2,10
CHEMBL226,6,0.2,4.0,10,minp_block_bh_cap1,10,10,0.0,10
CHEMBL226,6,0.2,4.0,10,score_cap1,10,5,0.5,10
CHEMBL226,6,0.2,4.0,10,weighted_bh,10,10,0.0,10
CHEMBL226,6,0.2,4.0,50,meta_calibration,50,45,0.1,50
CHEMBL226,6,0.2,4.0,50,chemdeprc_cap1,50,37,0.26,50
CHEMBL226,6,0.2,4.0,50,minp_block_bh_cap1,50,38,0.24,50
CHEMBL226,6,0.2,4.0,50,score_cap1,50,38,0.24,50
CHEMBL226,6,0.2,4.0,50,weighted_bh,50,40,0.2,37
CHEMBL226,6,0.2,4.0,75,meta_calibration,75,63,0.16,75
CHEMBL226,6,0.2,4.0,75,chemdeprc_cap1,75,57,0.24,75
CHEMBL226,6,0.2,4.0,75,minp_block_bh_cap1,75,57,0.24,75
CHEMBL226,6,0.2,4.0,75,score_cap1,75,57,0.24,75
CHEMBL226,6,0.2,4.0,75,weighted_bh,75,53,0.29333333333333333,53
CHEMBL226,6,0.2,6.0,10,meta_calibration,10,10,0.0,10
CHEMBL226,6,0.2,6.0,10,chemdeprc_cap1,10,7,0.3,10
CHEMBL226,6,0.2,6.0,10,minp_block_bh_cap1,10,10,0.0,10
CHEMBL226,6,0.2,6.0,10,score_cap1,10,2,0.8,10
CHEMBL226,6,0.2,6.0,10,weighted_bh,10,10,0.0,10
CHEMBL226,6,0.2,6.0,50,meta_calibration,50,46,0.08,50
CHEMBL226,6,0.2,6.0,50,chemdeprc_cap1,50,37,0.26,50
CHEMBL226,6,0.2,6.0,50,minp_block_bh_cap1,50,38,0.24,50
CHEMBL226,6,0.2,6.0,50,score_cap1,50,38,0.24,50
CHEMBL226,6,0.2,6.0,50,weighted_bh,50,38,0.24,37
CHEMBL226,6,0.2,6.0,75,meta_calibration,75,64,0.14666666666666667,75
CHEMBL226,6,0.2,6.0,75,chemdeprc_cap1,75,57,0.24,75
CHEMBL226,6,0.2,6.0,75,minp_block_bh_cap1,75,57,0.24,75
CHEMBL226,6,0.2,6.0,75,score_cap1,75,57,0.24,75
CHEMBL226,6,0.2,6.0,75,weighted_bh,75,51,0.32,51
CHEMBL226,6,0.3,4.0,10,meta_calibration,10,10,0.0,10
CHEMBL226,6,0.3,4.0,10,chemdeprc_cap1,10,5,0.5,10
CHEMBL226,6,0.3,4.0,10,minp_block_bh_cap1,10,10,0.0,10
CHEMBL226,6,0.3,4.0,10,score_cap1,10,3,0.7,10
CHEMBL226,6,0.3,4.0,10,weighted_bh,10,10,0.0,10
CHEMBL226,6,0.3,4.0,50,meta_calibration,50,45,0.1,50
CHEMBL226,6,0.3,4.0,50,chemdeprc_cap1,50,36,0.28,50
CHEMBL226,6,0.3,4.0,50,minp_block_bh_cap1,50,36,0.28,50
CHEMBL226,6,0.3,4.0,50,score_cap1,50,37,0.26,50
CHEMBL226,6,0.3,4.0,50,weighted_bh,50,36,0.28,37
CHEMBL226,6,0.3,4.0,75,meta_calibration,75,63,0.16,75
CHEMBL226,6,0.3,4.0,75,chemdeprc_cap1,75,56,0.25333333333333335,75
CHEMBL226,6,0.3,4.0,75,minp_block_bh_cap1,75,56,0.25333333333333335,75
CHEMBL226,6,0.3,4.0,75,score_cap1,75,56,0.25333333333333335,75
CHEMBL226,6,0.3,4.0,75,weighted_bh,75,46,0.38666666666666666,48
CHEMBL226,6,0.3,6.0,10,meta_calibration,10,10,0.0,10
CHEMBL226,6,0.3,6.0,10,chemdeprc_cap1,10,2,0.8,10
CHEMBL226,6,0.3,6.0,10,minp_block_bh_cap1,10,10,0.0,10
CHEMBL226,6,0.3,6.0,10,score_cap1,10,0,1.0,10
CHEMBL226,6,0.3,6.0,10,weighted_bh,10,10,0.0,10
CHEMBL226,6,0.3,6.0,50,meta_calibration,50,47,0.06,50
CHEMBL226,6,0.3,6.0,50,chemdeprc_cap1,50,36,0.28,50
CHEMBL226,6,0.3,6.0,50,minp_block_bh_cap1,50,36,0.28,50
CHEMBL226,6,0.3,6.0,50,score_cap1,50,37,0.26,50
CHEMBL226,6,0.3,6.0,50,weighted_bh,50,33,0.34,37
CHEMBL226,6,0.3,6.0,75,meta_calibration,75,64,0.14666666666666667,75
CHEMBL226,6,0.3,6.0,75,chemdeprc_cap1,75,56,0.25333333333333335,75
CHEMBL226,6,0.3,6.0,75,minp_block_bh_cap1,75,56,0.25333333333333335,75
CHEMBL226,6,0.3,6.0,75,score_cap1,75,56,0.25333333333333335,75
CHEMBL226,6,0.3,6.0,75,weighted_bh,75,46,0.38666666666666666,48
CHEMBL226,7,0.2,4.0,10,meta_calibration,10,10,0.0,10
CHEMBL226,7,0.2,4.0,10,chemdeprc_cap1,10,6,0.4,10
CHEMBL226,7,0.2,4.0,10,minp_block_bh_cap1,10,10,0.0,10
CHEMBL226,7,0.2,4.0,10,score_cap1,10,5,0.5,10
CHEMBL226,7,0.2,4.0,10,weighted_bh,10,10,0.0,10
CHEMBL226,7,0.2,4.0,50,meta_calibration,50,45,0.1,50
CHEMBL226,7,0.2,4.0,50,chemdeprc_cap1,50,37,0.26,50
CHEMBL226,7,0.2,4.0,50,minp_block_bh_cap1,50,38,0.24,50
CHEMBL226,7,0.2,4.0,50,score_cap1,50,38,0.24,50
CHEMBL226,7,0.2,4.0,50,weighted_bh,50,37,0.26,36
CHEMBL226,7,0.2,4.0,75,meta_calibration,75,62,0.17333333333333334,75
CHEMBL226,7,0.2,4.0,75,chemdeprc_cap1,75,57,0.24,75
CHEMBL226,7,0.2,4.0,75,minp_block_bh_cap1,75,57,0.24,75
CHEMBL226,7,0.2,4.0,75,score_cap1,75,57,0.24,75
CHEMBL226,7,0.2,4.0,75,weighted_bh,75,52,0.30666666666666664,53
CHEMBL226,7,0.2,6.0,10,meta_calibration,10,10,0.0,10
CHEMBL226,7,0.2,6.0,10,chemdeprc_cap1,10,5,0.5,10
CHEMBL226,7,0.2,6.0,10,minp_block_bh_cap1,10,10,0.0,10
CHEMBL226,7,0.2,6.0,10,score_cap1,10,2,0.8,10
CHEMBL226,7,0.2,6.0,10,weighted_bh,10,10,0.0,10
CHEMBL226,7,0.2,6.0,50,meta_calibration,50,46,0.08,50
CHEMBL226,7,0.2,6.0,50,chemdeprc_cap1,50,37,0.26,50
CHEMBL226,7,0.2,6.0,50,minp_block_bh_cap1,50,38,0.24,50
CHEMBL226,7,0.2,6.0,50,score_cap1,50,38,0.24,50
CHEMBL226,7,0.2,6.0,50,weighted_bh,50,37,0.26,36
CHEMBL226,7,0.2,6.0,75,meta_calibration,75,63,0.16,75
CHEMBL226,7,0.2,6.0,75,chemdeprc_cap1,75,57,0.24,75
CHEMBL226,7,0.2,6.0,75,minp_block_bh_cap1,75,57,0.24,75
CHEMBL226,7,0.2,6.0,75,score_cap1,75,57,0.24,75
CHEMBL226,7,0.2,6.0,75,weighted_bh,75,51,0.32,51
CHEMBL226,7,0.3,4.0,10,meta_calibration,10,10,0.0,10
CHEMBL226,7,0.3,4.0,10,chemdeprc_cap1,10,5,0.5,10
CHEMBL226,7,0.3,4.0,10,minp_block_bh_cap1,10,10,0.0,10
CHEMBL226,7,0.3,4.0,10,score_cap1,10,4,0.6,10
CHEMBL226,7,0.3,4.0,10,weighted_bh,10,10,0.0,10
CHEMBL226,7,0.3,4.0,50,meta_calibration,50,45,0.1,50
CHEMBL226,7,0.3,4.0,50,chemdeprc_cap1,50,36,0.28,50
CHEMBL226,7,0.3,4.0,50,minp_block_bh_cap1,50,37,0.26,50
CHEMBL226,7,0.3,4.0,50,score_cap1,50,36,0.28,50
CHEMBL226,7,0.3,4.0,50,weighted_bh,50,33,0.34,38
CHEMBL226,7,0.3,4.0,75,meta_calibration,75,61,0.18666666666666668,75
CHEMBL226,7,0.3,4.0,75,chemdeprc_cap1,75,55,0.26666666666666666,75
CHEMBL226,7,0.3,4.0,75,minp_block_bh_cap1,75,55,0.26666666666666666,75
CHEMBL226,7,0.3,4.0,75,score_cap1,75,55,0.26666666666666666,75
CHEMBL226,7,0.3,4.0,75,weighted_bh,75,51,0.32,52
CHEMBL226,7,0.3,6.0,10,meta_calibration,10,10,0.0,10
CHEMBL226,7,0.3,6.0,10,chemdeprc_cap1,10,2,0.8,10
CHEMBL226,7,0.3,6.0,10,minp_block_bh_cap1,10,10,0.0,10
CHEMBL226,7,0.3,6.0,10,score_cap1,10,0,1.0,10
CHEMBL226,7,0.3,6.0,10,weighted_bh,10,10,0.0,10
CHEMBL226,7,0.3,6.0,50,meta_calibration,50,46,0.08,50
CHEMBL226,7,0.3,6.0,50,chemdeprc_cap1,50,36,0.28,50
CHEMBL226,7,0.3,6.0,50,minp_block_bh_cap1,50,37,0.26,50
CHEMBL226,7,0.3,6.0,50,score_cap1,50,36,0.28,50
CHEMBL226,7,0.3,6.0,50,weighted_bh,50,33,0.34,37
CHEMBL226,7,0.3,6.0,75,meta_calibration,75,63,0.16,75
CHEMBL226,7,0.3,6.0,75,chemdeprc_cap1,75,55,0.26666666666666666,75
CHEMBL226,7,0.3,6.0,75,minp_block_bh_cap1,75,55,0.26666666666666666,75
CHEMBL226,7,0.3,6.0,75,score_cap1,75,55,0.26666666666666666,75
CHEMBL226,7,0.3,6.0,75,weighted_bh,75,49,0.3466666666666667,51
CHEMBL226,8,0.2,4.0,10,meta_calibration,10,10,0.0,10
CHEMBL226,8,0.2,4.0,10,chemdeprc_cap1,10,6,0.4,10
CHEMBL226,8,0.2,4.0,10,minp_block_bh_cap1,10,10,0.0,10
CHEMBL226,8,0.2,4.0,10,score_cap1,10,5,0.5,10
CHEMBL226,8,0.2,4.0,10,weighted_bh,10,10,0.0,10
CHEMBL226,8,0.2,4.0,50,meta_calibration,50,45,0.1,50
CHEMBL226,8,0.2,4.0,50,chemdeprc_cap1,50,37,0.26,50
CHEMBL226,8,0.2,4.0,50,minp_block_bh_cap1,50,40,0.2,50
CHEMBL226,8,0.2,4.0,50,score_cap1,50,39,0.22,50
CHEMBL226,8,0.2,4.0,50,weighted_bh,50,42,0.16,35
CHEMBL226,8,0.2,4.0,75,meta_calibration,75,62,0.17333333333333334,75
CHEMBL226,8,0.2,4.0,75,chemdeprc_cap1,75,58,0.22666666666666666,75
CHEMBL226,8,0.2,4.0,75,minp_block_bh_cap1,75,57,0.24,75
CHEMBL226,8,0.2,4.0,75,score_cap1,75,58,0.22666666666666666,75
CHEMBL226,8,0.2,4.0,75,weighted_bh,75,52,0.30666666666666664,50
CHEMBL226,8,0.2,6.0,10,meta_calibration,10,10,0.0,10
CHEMBL226,8,0.2,6.0,10,chemdeprc_cap1,10,4,0.6,10
CHEMBL226,8,0.2,6.0,10,minp_block_bh_cap1,10,10,0.0,10
CHEMBL226,8,0.2,6.0,10,score_cap1,10,2,0.8,10
CHEMBL226,8,0.2,6.0,10,weighted_bh,10,10,0.0,10
CHEMBL226,8,0.2,6.0,50,meta_calibration,50,46,0.08,50
CHEMBL226,8,0.2,6.0,50,chemdeprc_cap1,50,37,0.26,50
CHEMBL226,8,0.2,6.0,50,minp_block_bh_cap1,50,38,0.24,50
CHEMBL226,8,0.2,6.0,50,score_cap1,50,39,0.22,50
CHEMBL226,8,0.2,6.0,50,weighted_bh,50,35,0.3,36
CHEMBL226,8,0.2,6.0,75,meta_calibration,75,63,0.16,75
CHEMBL226,8,0.2,6.0,75,chemdeprc_cap1,75,58,0.22666666666666666,75
CHEMBL226,8,0.2,6.0,75,minp_block_bh_cap1,75,57,0.24,75
CHEMBL226,8,0.2,6.0,75,score_cap1,75,58,0.22666666666666666,75
CHEMBL226,8,0.2,6.0,75,weighted_bh,75,46,0.38666666666666666,46
CHEMBL226,8,0.3,4.0,10,meta_calibration,10,10,0.0,10
CHEMBL226,8,0.3,4.0,10,chemdeprc_cap1,10,4,0.6,10
CHEMBL226,8,0.3,4.0,10,minp_block_bh_cap1,10,10,0.0,10
CHEMBL226,8,0.3,4.0,10,score_cap1,10,3,0.7,10
CHEMBL226,8,0.3,4.0,10,weighted_bh,10,10,0.0,10
CHEMBL226,8,0.3,4.0,50,meta_calibration,50,44,0.12,50
CHEMBL226,8,0.3,4.0,50,chemdeprc_cap1,50,36,0.28,50
CHEMBL226,8,0.3,4.0,50,minp_block_bh_cap1,50,38,0.24,50
CHEMBL226,8,0.3,4.0,50,score_cap1,50,37,0.26,50
CHEMBL226,8,0.3,4.0,50,weighted_bh,50,34,0.32,37
CHEMBL226,8,0.3,4.0,75,meta_calibration,75,62,0.17333333333333334,75
CHEMBL226,8,0.3,4.0,75,chemdeprc_cap1,75,55,0.26666666666666666,75
CHEMBL226,8,0.3,4.0,75,minp_block_bh_cap1,75,55,0.26666666666666666,75
CHEMBL226,8,0.3,4.0,75,score_cap1,75,55,0.26666666666666666,75
CHEMBL226,8,0.3,4.0,75,weighted_bh,75,48,0.36,49
CHEMBL226,8,0.3,6.0,10,meta_calibration,10,10,0.0,10
CHEMBL226,8,0.3,6.0,10,chemdeprc_cap1,10,1,0.9,10
CHEMBL226,8,0.3,6.0,10,minp_block_bh_cap1,10,10,0.0,10
CHEMBL226,8,0.3,6.0,10,score_cap1,10,0,1.0,10
CHEMBL226,8,0.3,6.0,10,weighted_bh,10,10,0.0,10
CHEMBL226,8,0.3,6.0,50,meta_calibration,50,45,0.1,50
CHEMBL226,8,0.3,6.0,50,chemdeprc_cap1,50,36,0.28,50
CHEMBL226,8,0.3,6.0,50,minp_block_bh_cap1,50,36,0.28,50
CHEMBL226,8,0.3,6.0,50,score_cap1,50,36,0.28,50
CHEMBL226,8,0.3,6.0,50,weighted_bh,50,33,0.34,37
CHEMBL226,8,0.3,6.0,75,meta_calibration,75,64,0.14666666666666667,75
CHEMBL226,8,0.3,6.0,75,chemdeprc_cap1,75,55,0.26666666666666666,75
CHEMBL226,8,0.3,6.0,75,minp_block_bh_cap1,75,55,0.26666666666666666,75
CHEMBL226,8,0.3,6.0,75,score_cap1,75,55,0.26666666666666666,75
CHEMBL226,8,0.3,6.0,75,weighted_bh,75,46,0.38666666666666666,48
CHEMBL226,9,0.2,4.0,10,meta_calibration,10,10,0.0,10
CHEMBL226,9,0.2,4.0,10,chemdeprc_cap1,10,6,0.4,10
CHEMBL226,9,0.2,4.0,10,minp_block_bh_cap1,10,10,0.0,10
CHEMBL226,9,0.2,4.0,10,score_cap1,10,6,0.4,10
CHEMBL226,9,0.2,4.0,10,weighted_bh,10,10,0.0,10
CHEMBL226,9,0.2,4.0,50,meta_calibration,50,44,0.12,50
CHEMBL226,9,0.2,4.0,50,chemdeprc_cap1,50,37,0.26,50
CHEMBL226,9,0.2,4.0,50,minp_block_bh_cap1,50,41,0.18,50
CHEMBL226,9,0.2,4.0,50,score_cap1,50,39,0.22,50
CHEMBL226,9,0.2,4.0,50,weighted_bh,50,40,0.2,36
CHEMBL226,9,0.2,4.0,75,meta_calibration,75,61,0.18666666666666668,75
CHEMBL226,9,0.2,4.0,75,chemdeprc_cap1,75,57,0.24,75
CHEMBL226,9,0.2,4.0,75,minp_block_bh_cap1,75,57,0.24,75
CHEMBL226,9,0.2,4.0,75,score_cap1,75,57,0.24,75
CHEMBL226,9,0.2,4.0,75,weighted_bh,75,55,0.26666666666666666,54
CHEMBL226,9,0.2,6.0,10,meta_calibration,10,10,0.0,10
CHEMBL226,9,0.2,6.0,10,chemdeprc_cap1,10,4,0.6,10
CHEMBL226,9,0.2,6.0,10,minp_block_bh_cap1,10,10,0.0,10
CHEMBL226,9,0.2,6.0,10,score_cap1,10,2,0.8,10
CHEMBL226,9,0.2,6.0,10,weighted_bh,10,10,0.0,10
CHEMBL226,9,0.2,6.0,50,meta_calibration,50,45,0.1,50
CHEMBL226,9,0.2,6.0,50,chemdeprc_cap1,50,37,0.26,50
CHEMBL226,9,0.2,6.0,50,minp_block_bh_cap1,50,39,0.22,50
CHEMBL226,9,0.2,6.0,50,score_cap1,50,38,0.24,50
CHEMBL226,9,0.2,6.0,50,weighted_bh,50,33,0.34,36
CHEMBL226,9,0.2,6.0,75,meta_calibration,75,62,0.17333333333333334,75
CHEMBL226,9,0.2,6.0,75,chemdeprc_cap1,75,57,0.24,75
CHEMBL226,9,0.2,6.0,75,minp_block_bh_cap1,75,57,0.24,75
CHEMBL226,9,0.2,6.0,75,score_cap1,75,57,0.24,75
CHEMBL226,9,0.2,6.0,75,weighted_bh,75,53,0.29333333333333333,52
CHEMBL226,9,0.3,4.0,10,meta_calibration,10,10,0.0,10
CHEMBL226,9,0.3,4.0,10,chemdeprc_cap1,10,6,0.4,10
CHEMBL226,9,0.3,4.0,10,minp_block_bh_cap1,10,10,0.0,10
CHEMBL226,9,0.3,4.0,10,score_cap1,10,3,0.7,10
CHEMBL226,9,0.3,4.0,10,weighted_bh,10,10,0.0,10
CHEMBL226,9,0.3,4.0,50,meta_calibration,50,44,0.12,50
CHEMBL226,9,0.3,4.0,50,chemdeprc_cap1,50,36,0.28,50
CHEMBL226,9,0.3,4.0,50,minp_block_bh_cap1,50,37,0.26,50
CHEMBL226,9,0.3,4.0,50,score_cap1,50,37,0.26,50
CHEMBL226,9,0.3,4.0,50,weighted_bh,50,37,0.26,37
CHEMBL226,9,0.3,4.0,75,meta_calibration,75,62,0.17333333333333334,75
CHEMBL226,9,0.3,4.0,75,chemdeprc_cap1,75,56,0.25333333333333335,75
CHEMBL226,9,0.3,4.0,75,minp_block_bh_cap1,75,56,0.25333333333333335,75
CHEMBL226,9,0.3,4.0,75,score_cap1,75,55,0.26666666666666666,75
CHEMBL226,9,0.3,4.0,75,weighted_bh,75,47,0.37333333333333335,48
CHEMBL226,9,0.3,6.0,10,meta_calibration,10,10,0.0,10
CHEMBL226,9,0.3,6.0,10,chemdeprc_cap1,10,2,0.8,10
CHEMBL226,9,0.3,6.0,10,minp_block_bh_cap1,10,10,0.0,10
CHEMBL226,9,0.3,6.0,10,score_cap1,10,0,1.0,10
CHEMBL226,9,0.3,6.0,10,weighted_bh,10,10,0.0,10
CHEMBL226,9,0.3,6.0,50,meta_calibration,50,46,0.08,50
CHEMBL226,9,0.3,6.0,50,chemdeprc_cap1,50,36,0.28,50
CHEMBL226,9,0.3,6.0,50,minp_block_bh_cap1,50,36,0.28,50
CHEMBL226,9,0.3,6.0,50,score_cap1,50,37,0.26,50
CHEMBL226,9,0.3,6.0,50,weighted_bh,50,33,0.34,37
CHEMBL226,9,0.3,6.0,75,meta_calibration,75,64,0.14666666666666667,75
CHEMBL226,9,0.3,6.0,75,chemdeprc_cap1,75,56,0.25333333333333335,75
CHEMBL226,9,0.3,6.0,75,minp_block_bh_cap1,75,56,0.25333333333333335,75
CHEMBL226,9,0.3,6.0,75,score_cap1,75,55,0.26666666666666666,75
CHEMBL226,9,0.3,6.0,75,weighted_bh,75,46,0.38666666666666666,48
CHEMBL227,0,0.2,4.0,10,meta_calibration,10,10,0.0,10
CHEMBL227,0,0.2,4.0,10,chemdeprc_cap1,10,10,0.0,10
CHEMBL227,0,0.2,4.0,10,minp_block_bh_cap1,10,10,0.0,10
CHEMBL227,0,0.2,4.0,10,score_cap1,10,10,0.0,10
CHEMBL227,0,0.2,4.0,10,weighted_bh,10,10,0.0,10
CHEMBL227,0,0.2,4.0,50,meta_calibration,50,49,0.02,50
CHEMBL227,0,0.2,4.0,50,chemdeprc_cap1,50,49,0.02,50
CHEMBL227,0,0.2,4.0,50,minp_block_bh_cap1,50,49,0.02,50
CHEMBL227,0,0.2,4.0,50,score_cap1,50,49,0.02,50
CHEMBL227,0,0.2,4.0,50,weighted_bh,50,49,0.02,44
CHEMBL227,0,0.2,4.0,75,meta_calibration,75,60,0.2,75
CHEMBL227,0,0.2,4.0,75,chemdeprc_cap1,75,59,0.21333333333333335,75
CHEMBL227,0,0.2,4.0,75,minp_block_bh_cap1,75,58,0.22666666666666666,75
CHEMBL227,0,0.2,4.0,75,score_cap1,75,59,0.21333333333333335,75
CHEMBL227,0,0.2,4.0,75,weighted_bh,75,73,0.02666666666666667,56
CHEMBL227,0,0.2,6.0,10,meta_calibration,10,10,0.0,10
CHEMBL227,0,0.2,6.0,10,chemdeprc_cap1,10,10,0.0,10
CHEMBL227,0,0.2,6.0,10,minp_block_bh_cap1,10,10,0.0,10
CHEMBL227,0,0.2,6.0,10,score_cap1,10,9,0.1,10
CHEMBL227,0,0.2,6.0,10,weighted_bh,10,10,0.0,10
CHEMBL227,0,0.2,6.0,50,meta_calibration,50,49,0.02,50
CHEMBL227,0,0.2,6.0,50,chemdeprc_cap1,50,49,0.02,50
CHEMBL227,0,0.2,6.0,50,minp_block_bh_cap1,50,49,0.02,50
CHEMBL227,0,0.2,6.0,50,score_cap1,50,49,0.02,50
CHEMBL227,0,0.2,6.0,50,weighted_bh,50,49,0.02,44
CHEMBL227,0,0.2,6.0,75,meta_calibration,75,60,0.2,75
CHEMBL227,0,0.2,6.0,75,chemdeprc_cap1,75,59,0.21333333333333335,75
CHEMBL227,0,0.2,6.0,75,minp_block_bh_cap1,75,58,0.22666666666666666,75
CHEMBL227,0,0.2,6.0,75,score_cap1,75,59,0.21333333333333335,75
CHEMBL227,0,0.2,6.0,75,weighted_bh,75,73,0.02666666666666667,56
CHEMBL227,0,0.3,4.0,10,meta_calibration,10,10,0.0,10
CHEMBL227,0,0.3,4.0,10,chemdeprc_cap1,10,10,0.0,10
CHEMBL227,0,0.3,4.0,10,minp_block_bh_cap1,10,10,0.0,10
CHEMBL227,0,0.3,4.0,10,score_cap1,10,10,0.0,10
CHEMBL227,0,0.3,4.0,10,weighted_bh,10,10,0.0,10
CHEMBL227,0,0.3,4.0,50,meta_calibration,50,49,0.02,50
CHEMBL227,0,0.3,4.0,50,chemdeprc_cap1,50,49,0.02,50
CHEMBL227,0,0.3,4.0,50,minp_block_bh_cap1,50,49,0.02,50
CHEMBL227,0,0.3,4.0,50,score_cap1,50,50,0.0,50
CHEMBL227,0,0.3,4.0,50,weighted_bh,50,49,0.02,44
CHEMBL227,0,0.3,4.0,75,meta_calibration,75,60,0.2,75
CHEMBL227,0,0.3,4.0,75,chemdeprc_cap1,75,60,0.2,75
CHEMBL227,0,0.3,4.0,75,minp_block_bh_cap1,75,59,0.21333333333333335,75
CHEMBL227,0,0.3,4.0,75,score_cap1,75,60,0.2,75
CHEMBL227,0,0.3,4.0,75,weighted_bh,75,73,0.02666666666666667,56
CHEMBL227,0,0.3,6.0,10,meta_calibration,10,10,0.0,10
CHEMBL227,0,0.3,6.0,10,chemdeprc_cap1,10,10,0.0,10
CHEMBL227,0,0.3,6.0,10,minp_block_bh_cap1,10,10,0.0,10
CHEMBL227,0,0.3,6.0,10,score_cap1,10,10,0.0,10
CHEMBL227,0,0.3,6.0,10,weighted_bh,10,10,0.0,10
CHEMBL227,0,0.3,6.0,50,meta_calibration,50,49,0.02,50
CHEMBL227,0,0.3,6.0,50,chemdeprc_cap1,50,49,0.02,50
CHEMBL227,0,0.3,6.0,50,minp_block_bh_cap1,50,49,0.02,50
CHEMBL227,0,0.3,6.0,50,score_cap1,50,50,0.0,50
CHEMBL227,0,0.3,6.0,50,weighted_bh,50,49,0.02,44
CHEMBL227,0,0.3,6.0,75,meta_calibration,75,60,0.2,75
CHEMBL227,0,0.3,6.0,75,chemdeprc_cap1,75,60,0.2,75
CHEMBL227,0,0.3,6.0,75,minp_block_bh_cap1,75,59,0.21333333333333335,75
CHEMBL227,0,0.3,6.0,75,score_cap1,75,60,0.2,75
CHEMBL227,0,0.3,6.0,75,weighted_bh,75,73,0.02666666666666667,56
CHEMBL227,1,0.2,4.0,10,meta_calibration,10,10,0.0,10
CHEMBL227,1,0.2,4.0,10,chemdeprc_cap1,10,10,0.0,10
CHEMBL227,1,0.2,4.0,10,minp_block_bh_cap1,10,10,0.0,10
CHEMBL227,1,0.2,4.0,10,score_cap1,10,10,0.0,10
CHEMBL227,1,0.2,4.0,10,weighted_bh,10,10,0.0,10
CHEMBL227,1,0.2,4.0,50,meta_calibration,50,49,0.02,50
CHEMBL227,1,0.2,4.0,50,chemdeprc_cap1,50,49,0.02,50
CHEMBL227,1,0.2,4.0,50,minp_block_bh_cap1,50,49,0.02,50
CHEMBL227,1,0.2,4.0,50,score_cap1,50,50,0.0,50
CHEMBL227,1,0.2,4.0,50,weighted_bh,50,49,0.02,44
CHEMBL227,1,0.2,4.0,75,meta_calibration,75,60,0.2,75
CHEMBL227,1,0.2,4.0,75,chemdeprc_cap1,75,60,0.2,75
CHEMBL227,1,0.2,4.0,75,minp_block_bh_cap1,75,59,0.21333333333333335,75
CHEMBL227,1,0.2,4.0,75,score_cap1,75,60,0.2,75
CHEMBL227,1,0.2,4.0,75,weighted_bh,75,73,0.02666666666666667,56
CHEMBL227,1,0.2,6.0,10,meta_calibration,10,10,0.0,10
CHEMBL227,1,0.2,6.0,10,chemdeprc_cap1,10,10,0.0,10
CHEMBL227,1,0.2,6.0,10,minp_block_bh_cap1,10,10,0.0,10
CHEMBL227,1,0.2,6.0,10,score_cap1,10,10,0.0,10
CHEMBL227,1,0.2,6.0,10,weighted_bh,10,10,0.0,10
CHEMBL227,1,0.2,6.0,50,meta_calibration,50,49,0.02,50
CHEMBL227,1,0.2,6.0,50,chemdeprc_cap1,50,49,0.02,50
CHEMBL227,1,0.2,6.0,50,minp_block_bh_cap1,50,49,0.02,50
CHEMBL227,1,0.2,6.0,50,score_cap1,50,50,0.0,50
CHEMBL227,1,0.2,6.0,50,weighted_bh,50,49,0.02,44
CHEMBL227,1,0.2,6.0,75,meta_calibration,75,60,0.2,75
CHEMBL227,1,0.2,6.0,75,chemdeprc_cap1,75,60,0.2,75
CHEMBL227,1,0.2,6.0,75,minp_block_bh_cap1,75,59,0.21333333333333335,75
CHEMBL227,1,0.2,6.0,75,score_cap1,75,60,0.2,75
CHEMBL227,1,0.2,6.0,75,weighted_bh,75,73,0.02666666666666667,56
CHEMBL227,1,0.3,4.0,10,meta_calibration,10,10,0.0,10
CHEMBL227,1,0.3,4.0,10,chemdeprc_cap1,10,10,0.0,10
CHEMBL227,1,0.3,4.0,10,minp_block_bh_cap1,10,10,0.0,10
CHEMBL227,1,0.3,4.0,10,score_cap1,10,10,0.0,10
CHEMBL227,1,0.3,4.0,10,weighted_bh,10,10,0.0,10
CHEMBL227,1,0.3,4.0,50,meta_calibration,50,49,0.02,50
CHEMBL227,1,0.3,4.0,50,chemdeprc_cap1,50,49,0.02,50
CHEMBL227,1,0.3,4.0,50,minp_block_bh_cap1,50,49,0.02,50
CHEMBL227,1,0.3,4.0,50,score_cap1,50,49,0.02,50
CHEMBL227,1,0.3,4.0,50,weighted_bh,50,49,0.02,44
CHEMBL227,1,0.3,4.0,75,meta_calibration,75,60,0.2,75
CHEMBL227,1,0.3,4.0,75,chemdeprc_cap1,75,59,0.21333333333333335,75
CHEMBL227,1,0.3,4.0,75,minp_block_bh_cap1,75,58,0.22666666666666666,75
CHEMBL227,1,0.3,4.0,75,score_cap1,75,59,0.21333333333333335,75
CHEMBL227,1,0.3,4.0,75,weighted_bh,75,73,0.02666666666666667,56
CHEMBL227,1,0.3,6.0,10,meta_calibration,10,10,0.0,10
CHEMBL227,1,0.3,6.0,10,chemdeprc_cap1,10,10,0.0,10
CHEMBL227,1,0.3,6.0,10,minp_block_bh_cap1,10,10,0.0,10
CHEMBL227,1,0.3,6.0,10,score_cap1,10,9,0.1,10
CHEMBL227,1,0.3,6.0,10,weighted_bh,10,10,0.0,10
CHEMBL227,1,0.3,6.0,50,meta_calibration,50,49,0.02,50
CHEMBL227,1,0.3,6.0,50,chemdeprc_cap1,50,49,0.02,50
CHEMBL227,1,0.3,6.0,50,minp_block_bh_cap1,50,49,0.02,50
CHEMBL227,1,0.3,6.0,50,score_cap1,50,49,0.02,50
CHEMBL227,1,0.3,6.0,50,weighted_bh,50,49,0.02,44
CHEMBL227,1,0.3,6.0,75,meta_calibration,75,60,0.2,75
CHEMBL227,1,0.3,6.0,75,chemdeprc_cap1,75,59,0.21333333333333335,75
CHEMBL227,1,0.3,6.0,75,minp_block_bh_cap1,75,58,0.22666666666666666,75
CHEMBL227,1,0.3,6.0,75,score_cap1,75,59,0.21333333333333335,75
CHEMBL227,1,0.3,6.0,75,weighted_bh,75,73,0.02666666666666667,56
CHEMBL227,2,0.2,4.0,10,meta_calibration,10,10,0.0,10
CHEMBL227,2,0.2,4.0,10,chemdeprc_cap1,10,10,0.0,10
CHEMBL227,2,0.2,4.0,10,minp_block_bh_cap1,10,10,0.0,10
CHEMBL227,2,0.2,4.0,10,score_cap1,10,10,0.0,10
CHEMBL227,2,0.2,4.0,10,weighted_bh,10,10,0.0,10
CHEMBL227,2,0.2,4.0,50,meta_calibration,50,49,0.02,50
CHEMBL227,2,0.2,4.0,50,chemdeprc_cap1,50,49,0.02,50
CHEMBL227,2,0.2,4.0,50,minp_block_bh_cap1,50,49,0.02,50
CHEMBL227,2,0.2,4.0,50,score_cap1,50,50,0.0,50
CHEMBL227,2,0.2,4.0,50,weighted_bh,50,49,0.02,44
CHEMBL227,2,0.2,4.0,75,meta_calibration,75,60,0.2,75
CHEMBL227,2,0.2,4.0,75,chemdeprc_cap1,75,60,0.2,75
CHEMBL227,2,0.2,4.0,75,minp_block_bh_cap1,75,59,0.21333333333333335,75
CHEMBL227,2,0.2,4.0,75,score_cap1,75,60,0.2,75
CHEMBL227,2,0.2,4.0,75,weighted_bh,75,73,0.02666666666666667,56
CHEMBL227,2,0.2,6.0,10,meta_calibration,10,10,0.0,10
CHEMBL227,2,0.2,6.0,10,chemdeprc_cap1,10,10,0.0,10
CHEMBL227,2,0.2,6.0,10,minp_block_bh_cap1,10,10,0.0,10
CHEMBL227,2,0.2,6.0,10,score_cap1,10,10,0.0,10
CHEMBL227,2,0.2,6.0,10,weighted_bh,10,10,0.0,10
CHEMBL227,2,0.2,6.0,50,meta_calibration,50,49,0.02,50
CHEMBL227,2,0.2,6.0,50,chemdeprc_cap1,50,49,0.02,50
CHEMBL227,2,0.2,6.0,50,minp_block_bh_cap1,50,49,0.02,50
CHEMBL227,2,0.2,6.0,50,score_cap1,50,50,0.0,50
CHEMBL227,2,0.2,6.0,50,weighted_bh,50,49,0.02,44
CHEMBL227,2,0.2,6.0,75,meta_calibration,75,60,0.2,75
CHEMBL227,2,0.2,6.0,75,chemdeprc_cap1,75,60,0.2,75
CHEMBL227,2,0.2,6.0,75,minp_block_bh_cap1,75,59,0.21333333333333335,75
CHEMBL227,2,0.2,6.0,75,score_cap1,75,60,0.2,75
CHEMBL227,2,0.2,6.0,75,weighted_bh,75,73,0.02666666666666667,56
CHEMBL227,2,0.3,4.0,10,meta_calibration,10,10,0.0,10
CHEMBL227,2,0.3,4.0,10,chemdeprc_cap1,10,10,0.0,10
CHEMBL227,2,0.3,4.0,10,minp_block_bh_cap1,10,10,0.0,10
CHEMBL227,2,0.3,4.0,10,score_cap1,10,10,0.0,10
CHEMBL227,2,0.3,4.0,10,weighted_bh,10,10,0.0,10
CHEMBL227,2,0.3,4.0,50,meta_calibration,50,49,0.02,50
CHEMBL227,2,0.3,4.0,50,chemdeprc_cap1,50,49,0.02,50
CHEMBL227,2,0.3,4.0,50,minp_block_bh_cap1,50,49,0.02,50
CHEMBL227,2,0.3,4.0,50,score_cap1,50,49,0.02,50
CHEMBL227,2,0.3,4.0,50,weighted_bh,50,49,0.02,44
CHEMBL227,2,0.3,4.0,75,meta_calibration,75,60,0.2,75
CHEMBL227,2,0.3,4.0,75,chemdeprc_cap1,75,59,0.21333333333333335,75
CHEMBL227,2,0.3,4.0,75,minp_block_bh_cap1,75,58,0.22666666666666666,75
CHEMBL227,2,0.3,4.0,75,score_cap1,75,59,0.21333333333333335,75
CHEMBL227,2,0.3,4.0,75,weighted_bh,75,73,0.02666666666666667,56
CHEMBL227,2,0.3,6.0,10,meta_calibration,10,10,0.0,10
CHEMBL227,2,0.3,6.0,10,chemdeprc_cap1,10,10,0.0,10
CHEMBL227,2,0.3,6.0,10,minp_block_bh_cap1,10,10,0.0,10
CHEMBL227,2,0.3,6.0,10,score_cap1,10,9,0.1,10
CHEMBL227,2,0.3,6.0,10,weighted_bh,10,10,0.0,10
CHEMBL227,2,0.3,6.0,50,meta_calibration,50,49,0.02,50
CHEMBL227,2,0.3,6.0,50,chemdeprc_cap1,50,49,0.02,50
CHEMBL227,2,0.3,6.0,50,minp_block_bh_cap1,50,49,0.02,50
CHEMBL227,2,0.3,6.0,50,score_cap1,50,49,0.02,50
CHEMBL227,2,0.3,6.0,50,weighted_bh,50,49,0.02,44
CHEMBL227,2,0.3,6.0,75,meta_calibration,75,60,0.2,75
CHEMBL227,2,0.3,6.0,75,chemdeprc_cap1,75,59,0.21333333333333335,75
CHEMBL227,2,0.3,6.0,75,minp_block_bh_cap1,75,58,0.22666666666666666,75
CHEMBL227,2,0.3,6.0,75,score_cap1,75,59,0.21333333333333335,75
CHEMBL227,2,0.3,6.0,75,weighted_bh,75,73,0.02666666666666667,56
CHEMBL227,3,0.2,4.0,10,meta_calibration,10,10,0.0,10
CHEMBL227,3,0.2,4.0,10,chemdeprc_cap1,10,10,0.0,10
CHEMBL227,3,0.2,4.0,10,minp_block_bh_cap1,10,10,0.0,10
CHEMBL227,3,0.2,4.0,10,score_cap1,10,10,0.0,10
CHEMBL227,3,0.2,4.0,10,weighted_bh,10,10,0.0,10
CHEMBL227,3,0.2,4.0,50,meta_calibration,50,49,0.02,50
CHEMBL227,3,0.2,4.0,50,chemdeprc_cap1,50,49,0.02,50
CHEMBL227,3,0.2,4.0,50,minp_block_bh_cap1,50,49,0.02,50
CHEMBL227,3,0.2,4.0,50,score_cap1,50,49,0.02,50
CHEMBL227,3,0.2,4.0,50,weighted_bh,50,49,0.02,44
CHEMBL227,3,0.2,4.0,75,meta_calibration,75,60,0.2,75
CHEMBL227,3,0.2,4.0,75,chemdeprc_cap1,75,59,0.21333333333333335,75
CHEMBL227,3,0.2,4.0,75,minp_block_bh_cap1,75,58,0.22666666666666666,75
CHEMBL227,3,0.2,4.0,75,score_cap1,75,59,0.21333333333333335,75
CHEMBL227,3,0.2,4.0,75,weighted_bh,75,73,0.02666666666666667,56
CHEMBL227,3,0.2,6.0,10,meta_calibration,10,10,0.0,10
CHEMBL227,3,0.2,6.0,10,chemdeprc_cap1,10,10,0.0,10
CHEMBL227,3,0.2,6.0,10,minp_block_bh_cap1,10,10,0.0,10
CHEMBL227,3,0.2,6.0,10,score_cap1,10,9,0.1,10
CHEMBL227,3,0.2,6.0,10,weighted_bh,10,10,0.0,10
CHEMBL227,3,0.2,6.0,50,meta_calibration,50,49,0.02,50
CHEMBL227,3,0.2,6.0,50,chemdeprc_cap1,50,49,0.02,50
CHEMBL227,3,0.2,6.0,50,minp_block_bh_cap1,50,49,0.02,50
CHEMBL227,3,0.2,6.0,50,score_cap1,50,49,0.02,50
CHEMBL227,3,0.2,6.0,50,weighted_bh,50,49,0.02,44
CHEMBL227,3,0.2,6.0,75,meta_calibration,75,60,0.2,75
CHEMBL227,3,0.2,6.0,75,chemdeprc_cap1,75,59,0.21333333333333335,75
CHEMBL227,3,0.2,6.0,75,minp_block_bh_cap1,75,58,0.22666666666666666,75
CHEMBL227,3,0.2,6.0,75,score_cap1,75,59,0.21333333333333335,75
CHEMBL227,3,0.2,6.0,75,weighted_bh,75,73,0.02666666666666667,56
CHEMBL227,3,0.3,4.0,10,meta_calibration,10,10,0.0,10
CHEMBL227,3,0.3,4.0,10,chemdeprc_cap1,10,10,0.0,10
CHEMBL227,3,0.3,4.0,10,minp_block_bh_cap1,10,10,0.0,10
CHEMBL227,3,0.3,4.0,10,score_cap1,10,10,0.0,10
CHEMBL227,3,0.3,4.0,10,weighted_bh,10,10,0.0,10
CHEMBL227,3,0.3,4.0,50,meta_calibration,50,49,0.02,50
CHEMBL227,3,0.3,4.0,50,chemdeprc_cap1,50,49,0.02,50
CHEMBL227,3,0.3,4.0,50,minp_block_bh_cap1,50,49,0.02,50
CHEMBL227,3,0.3,4.0,50,score_cap1,50,49,0.02,50
CHEMBL227,3,0.3,4.0,50,weighted_bh,50,49,0.02,44
CHEMBL227,3,0.3,4.0,75,meta_calibration,75,60,0.2,75
CHEMBL227,3,0.3,4.0,75,chemdeprc_cap1,75,59,0.21333333333333335,75
CHEMBL227,3,0.3,4.0,75,minp_block_bh_cap1,75,58,0.22666666666666666,75
CHEMBL227,3,0.3,4.0,75,score_cap1,75,59,0.21333333333333335,75
CHEMBL227,3,0.3,4.0,75,weighted_bh,75,73,0.02666666666666667,56
CHEMBL227,3,0.3,6.0,10,meta_calibration,10,10,0.0,10
CHEMBL227,3,0.3,6.0,10,chemdeprc_cap1,10,10,0.0,10
CHEMBL227,3,0.3,6.0,10,minp_block_bh_cap1,10,10,0.0,10
CHEMBL227,3,0.3,6.0,10,score_cap1,10,9,0.1,10
CHEMBL227,3,0.3,6.0,10,weighted_bh,10,10,0.0,10
CHEMBL227,3,0.3,6.0,50,meta_calibration,50,49,0.02,50
CHEMBL227,3,0.3,6.0,50,chemdeprc_cap1,50,49,0.02,50
CHEMBL227,3,0.3,6.0,50,minp_block_bh_cap1,50,49,0.02,50
CHEMBL227,3,0.3,6.0,50,score_cap1,50,49,0.02,50
CHEMBL227,3,0.3,6.0,50,weighted_bh,50,49,0.02,44
CHEMBL227,3,0.3,6.0,75,meta_calibration,75,60,0.2,75
CHEMBL227,3,0.3,6.0,75,chemdeprc_cap1,75,59,0.21333333333333335,75
CHEMBL227,3,0.3,6.0,75,minp_block_bh_cap1,75,58,0.22666666666666666,75
CHEMBL227,3,0.3,6.0,75,score_cap1,75,59,0.21333333333333335,75
CHEMBL227,3,0.3,6.0,75,weighted_bh,75,73,0.02666666666666667,56
CHEMBL227,4,0.2,4.0,10,meta_calibration,10,10,0.0,10
CHEMBL227,4,0.2,4.0,10,chemdeprc_cap1,10,10,0.0,10
CHEMBL227,4,0.2,4.0,10,minp_block_bh_cap1,10,10,0.0,10
CHEMBL227,4,0.2,4.0,10,score_cap1,10,10,0.0,10
CHEMBL227,4,0.2,4.0,10,weighted_bh,10,10,0.0,10
CHEMBL227,4,0.2,4.0,50,meta_calibration,50,49,0.02,50
CHEMBL227,4,0.2,4.0,50,chemdeprc_cap1,50,49,0.02,50
CHEMBL227,4,0.2,4.0,50,minp_block_bh_cap1,50,49,0.02,50
CHEMBL227,4,0.2,4.0,50,score_cap1,50,50,0.0,50
CHEMBL227,4,0.2,4.0,50,weighted_bh,50,49,0.02,44
CHEMBL227,4,0.2,4.0,75,meta_calibration,75,60,0.2,75
CHEMBL227,4,0.2,4.0,75,chemdeprc_cap1,75,60,0.2,75
CHEMBL227,4,0.2,4.0,75,minp_block_bh_cap1,75,59,0.21333333333333335,75
CHEMBL227,4,0.2,4.0,75,score_cap1,75,60,0.2,75
CHEMBL227,4,0.2,4.0,75,weighted_bh,75,73,0.02666666666666667,56
CHEMBL227,4,0.2,6.0,10,meta_calibration,10,10,0.0,10
CHEMBL227,4,0.2,6.0,10,chemdeprc_cap1,10,10,0.0,10
CHEMBL227,4,0.2,6.0,10,minp_block_bh_cap1,10,10,0.0,10
CHEMBL227,4,0.2,6.0,10,score_cap1,10,10,0.0,10
CHEMBL227,4,0.2,6.0,10,weighted_bh,10,10,0.0,10
CHEMBL227,4,0.2,6.0,50,meta_calibration,50,49,0.02,50
CHEMBL227,4,0.2,6.0,50,chemdeprc_cap1,50,49,0.02,50
CHEMBL227,4,0.2,6.0,50,minp_block_bh_cap1,50,49,0.02,50
CHEMBL227,4,0.2,6.0,50,score_cap1,50,50,0.0,50
CHEMBL227,4,0.2,6.0,50,weighted_bh,50,49,0.02,44
CHEMBL227,4,0.2,6.0,75,meta_calibration,75,60,0.2,75
CHEMBL227,4,0.2,6.0,75,chemdeprc_cap1,75,60,0.2,75
CHEMBL227,4,0.2,6.0,75,minp_block_bh_cap1,75,59,0.21333333333333335,75
CHEMBL227,4,0.2,6.0,75,score_cap1,75,60,0.2,75
CHEMBL227,4,0.2,6.0,75,weighted_bh,75,73,0.02666666666666667,56
CHEMBL227,4,0.3,4.0,10,meta_calibration,10,10,0.0,10
CHEMBL227,4,0.3,4.0,10,chemdeprc_cap1,10,10,0.0,10
CHEMBL227,4,0.3,4.0,10,minp_block_bh_cap1,10,10,0.0,10
CHEMBL227,4,0.3,4.0,10,score_cap1,10,10,0.0,10
CHEMBL227,4,0.3,4.0,10,weighted_bh,10,10,0.0,10
CHEMBL227,4,0.3,4.0,50,meta_calibration,50,49,0.02,50
CHEMBL227,4,0.3,4.0,50,chemdeprc_cap1,50,49,0.02,50
CHEMBL227,4,0.3,4.0,50,minp_block_bh_cap1,50,49,0.02,50
CHEMBL227,4,0.3,4.0,50,score_cap1,50,49,0.02,50
CHEMBL227,4,0.3,4.0,50,weighted_bh,50,49,0.02,44
CHEMBL227,4,0.3,4.0,75,meta_calibration,75,60,0.2,75
CHEMBL227,4,0.3,4.0,75,chemdeprc_cap1,75,59,0.21333333333333335,75
CHEMBL227,4,0.3,4.0,75,minp_block_bh_cap1,75,58,0.22666666666666666,75
CHEMBL227,4,0.3,4.0,75,score_cap1,75,59,0.21333333333333335,75
CHEMBL227,4,0.3,4.0,75,weighted_bh,75,73,0.02666666666666667,56
CHEMBL227,4,0.3,6.0,10,meta_calibration,10,10,0.0,10
CHEMBL227,4,0.3,6.0,10,chemdeprc_cap1,10,10,0.0,10
CHEMBL227,4,0.3,6.0,10,minp_block_bh_cap1,10,10,0.0,10
CHEMBL227,4,0.3,6.0,10,score_cap1,10,9,0.1,10
CHEMBL227,4,0.3,6.0,10,weighted_bh,10,10,0.0,10
CHEMBL227,4,0.3,6.0,50,meta_calibration,50,49,0.02,50
CHEMBL227,4,0.3,6.0,50,chemdeprc_cap1,50,49,0.02,50
CHEMBL227,4,0.3,6.0,50,minp_block_bh_cap1,50,49,0.02,50
CHEMBL227,4,0.3,6.0,50,score_cap1,50,49,0.02,50
CHEMBL227,4,0.3,6.0,50,weighted_bh,50,49,0.02,44
CHEMBL227,4,0.3,6.0,75,meta_calibration,75,60,0.2,75
CHEMBL227,4,0.3,6.0,75,chemdeprc_cap1,75,59,0.21333333333333335,75
CHEMBL227,4,0.3,6.0,75,minp_block_bh_cap1,75,58,0.22666666666666666,75
CHEMBL227,4,0.3,6.0,75,score_cap1,75,59,0.21333333333333335,75
CHEMBL227,4,0.3,6.0,75,weighted_bh,75,73,0.02666666666666667,56
CHEMBL227,5,0.2,4.0,10,meta_calibration,10,10,0.0,10
CHEMBL227,5,0.2,4.0,10,chemdeprc_cap1,10,10,0.0,10
CHEMBL227,5,0.2,4.0,10,minp_block_bh_cap1,10,10,0.0,10
CHEMBL227,5,0.2,4.0,10,score_cap1,10,10,0.0,10
CHEMBL227,5,0.2,4.0,10,weighted_bh,10,10,0.0,10
CHEMBL227,5,0.2,4.0,50,meta_calibration,50,49,0.02,50
CHEMBL227,5,0.2,4.0,50,chemdeprc_cap1,50,49,0.02,50
CHEMBL227,5,0.2,4.0,50,minp_block_bh_cap1,50,49,0.02,50
CHEMBL227,5,0.2,4.0,50,score_cap1,50,50,0.0,50
CHEMBL227,5,0.2,4.0,50,weighted_bh,50,49,0.02,44
CHEMBL227,5,0.2,4.0,75,meta_calibration,75,60,0.2,75
CHEMBL227,5,0.2,4.0,75,chemdeprc_cap1,75,60,0.2,75
CHEMBL227,5,0.2,4.0,75,minp_block_bh_cap1,75,59,0.21333333333333335,75
CHEMBL227,5,0.2,4.0,75,score_cap1,75,60,0.2,75
CHEMBL227,5,0.2,4.0,75,weighted_bh,75,73,0.02666666666666667,56
CHEMBL227,5,0.2,6.0,10,meta_calibration,10,10,0.0,10
CHEMBL227,5,0.2,6.0,10,chemdeprc_cap1,10,10,0.0,10
CHEMBL227,5,0.2,6.0,10,minp_block_bh_cap1,10,10,0.0,10
CHEMBL227,5,0.2,6.0,10,score_cap1,10,10,0.0,10
CHEMBL227,5,0.2,6.0,10,weighted_bh,10,10,0.0,10
CHEMBL227,5,0.2,6.0,50,meta_calibration,50,49,0.02,50
CHEMBL227,5,0.2,6.0,50,chemdeprc_cap1,50,49,0.02,50
CHEMBL227,5,0.2,6.0,50,minp_block_bh_cap1,50,49,0.02,50
CHEMBL227,5,0.2,6.0,50,score_cap1,50,50,0.0,50
CHEMBL227,5,0.2,6.0,50,weighted_bh,50,49,0.02,44
CHEMBL227,5,0.2,6.0,75,meta_calibration,75,60,0.2,75
CHEMBL227,5,0.2,6.0,75,chemdeprc_cap1,75,60,0.2,75
CHEMBL227,5,0.2,6.0,75,minp_block_bh_cap1,75,59,0.21333333333333335,75
CHEMBL227,5,0.2,6.0,75,score_cap1,75,60,0.2,75
CHEMBL227,5,0.2,6.0,75,weighted_bh,75,73,0.02666666666666667,56
CHEMBL227,5,0.3,4.0,10,meta_calibration,10,10,0.0,10
CHEMBL227,5,0.3,4.0,10,chemdeprc_cap1,10,10,0.0,10
CHEMBL227,5,0.3,4.0,10,minp_block_bh_cap1,10,10,0.0,10
CHEMBL227,5,0.3,4.0,10,score_cap1,10,10,0.0,10
CHEMBL227,5,0.3,4.0,10,weighted_bh,10,10,0.0,10
CHEMBL227,5,0.3,4.0,50,meta_calibration,50,49,0.02,50
CHEMBL227,5,0.3,4.0,50,chemdeprc_cap1,50,49,0.02,50
CHEMBL227,5,0.3,4.0,50,minp_block_bh_cap1,50,49,0.02,50
CHEMBL227,5,0.3,4.0,50,score_cap1,50,49,0.02,50
CHEMBL227,5,0.3,4.0,50,weighted_bh,50,49,0.02,44
CHEMBL227,5,0.3,4.0,75,meta_calibration,75,60,0.2,75
CHEMBL227,5,0.3,4.0,75,chemdeprc_cap1,75,59,0.21333333333333335,75
CHEMBL227,5,0.3,4.0,75,minp_block_bh_cap1,75,58,0.22666666666666666,75
CHEMBL227,5,0.3,4.0,75,score_cap1,75,59,0.21333333333333335,75
CHEMBL227,5,0.3,4.0,75,weighted_bh,75,73,0.02666666666666667,56
CHEMBL227,5,0.3,6.0,10,meta_calibration,10,10,0.0,10
CHEMBL227,5,0.3,6.0,10,chemdeprc_cap1,10,10,0.0,10
CHEMBL227,5,0.3,6.0,10,minp_block_bh_cap1,10,10,0.0,10
CHEMBL227,5,0.3,6.0,10,score_cap1,10,9,0.1,10
CHEMBL227,5,0.3,6.0,10,weighted_bh,10,10,0.0,10
CHEMBL227,5,0.3,6.0,50,meta_calibration,50,49,0.02,50
CHEMBL227,5,0.3,6.0,50,chemdeprc_cap1,50,49,0.02,50
CHEMBL227,5,0.3,6.0,50,minp_block_bh_cap1,50,49,0.02,50
CHEMBL227,5,0.3,6.0,50,score_cap1,50,49,0.02,50
CHEMBL227,5,0.3,6.0,50,weighted_bh,50,49,0.02,44
CHEMBL227,5,0.3,6.0,75,meta_calibration,75,60,0.2,75
CHEMBL227,5,0.3,6.0,75,chemdeprc_cap1,75,59,0.21333333333333335,75
CHEMBL227,5,0.3,6.0,75,minp_block_bh_cap1,75,58,0.22666666666666666,75
CHEMBL227,5,0.3,6.0,75,score_cap1,75,59,0.21333333333333335,75
CHEMBL227,5,0.3,6.0,75,weighted_bh,75,73,0.02666666666666667,56
CHEMBL227,6,0.2,4.0,10,meta_calibration,10,10,0.0,10
CHEMBL227,6,0.2,4.0,10,chemdeprc_cap1,10,10,0.0,10
CHEMBL227,6,0.2,4.0,10,minp_block_bh_cap1,10,10,0.0,10
CHEMBL227,6,0.2,4.0,10,score_cap1,10,10,0.0,10
CHEMBL227,6,0.2,4.0,10,weighted_bh,10,10,0.0,10
CHEMBL227,6,0.2,4.0,50,meta_calibration,50,49,0.02,50
CHEMBL227,6,0.2,4.0,50,chemdeprc_cap1,50,49,0.02,50
CHEMBL227,6,0.2,4.0,50,minp_block_bh_cap1,50,49,0.02,50
CHEMBL227,6,0.2,4.0,50,score_cap1,50,49,0.02,50
CHEMBL227,6,0.2,4.0,50,weighted_bh,50,49,0.02,44
CHEMBL227,6,0.2,4.0,75,meta_calibration,75,60,0.2,75
CHEMBL227,6,0.2,4.0,75,chemdeprc_cap1,75,59,0.21333333333333335,75
CHEMBL227,6,0.2,4.0,75,minp_block_bh_cap1,75,58,0.22666666666666666,75
CHEMBL227,6,0.2,4.0,75,score_cap1,75,59,0.21333333333333335,75
CHEMBL227,6,0.2,4.0,75,weighted_bh,75,73,0.02666666666666667,56
CHEMBL227,6,0.2,6.0,10,meta_calibration,10,10,0.0,10
CHEMBL227,6,0.2,6.0,10,chemdeprc_cap1,10,10,0.0,10
CHEMBL227,6,0.2,6.0,10,minp_block_bh_cap1,10,10,0.0,10
CHEMBL227,6,0.2,6.0,10,score_cap1,10,9,0.1,10
CHEMBL227,6,0.2,6.0,10,weighted_bh,10,10,0.0,10
CHEMBL227,6,0.2,6.0,50,meta_calibration,50,49,0.02,50
CHEMBL227,6,0.2,6.0,50,chemdeprc_cap1,50,49,0.02,50
CHEMBL227,6,0.2,6.0,50,minp_block_bh_cap1,50,49,0.02,50
CHEMBL227,6,0.2,6.0,50,score_cap1,50,49,0.02,50
CHEMBL227,6,0.2,6.0,50,weighted_bh,50,49,0.02,44
CHEMBL227,6,0.2,6.0,75,meta_calibration,75,60,0.2,75
CHEMBL227,6,0.2,6.0,75,chemdeprc_cap1,75,59,0.21333333333333335,75
CHEMBL227,6,0.2,6.0,75,minp_block_bh_cap1,75,58,0.22666666666666666,75
CHEMBL227,6,0.2,6.0,75,score_cap1,75,59,0.21333333333333335,75
CHEMBL227,6,0.2,6.0,75,weighted_bh,75,73,0.02666666666666667,56
CHEMBL227,6,0.3,4.0,10,meta_calibration,10,10,0.0,10
CHEMBL227,6,0.3,4.0,10,chemdeprc_cap1,10,10,0.0,10
CHEMBL227,6,0.3,4.0,10,minp_block_bh_cap1,10,10,0.0,10
CHEMBL227,6,0.3,4.0,10,score_cap1,10,10,0.0,10
CHEMBL227,6,0.3,4.0,10,weighted_bh,10,10,0.0,10
CHEMBL227,6,0.3,4.0,50,meta_calibration,50,49,0.02,50
CHEMBL227,6,0.3,4.0,50,chemdeprc_cap1,50,49,0.02,50
CHEMBL227,6,0.3,4.0,50,minp_block_bh_cap1,50,49,0.02,50
CHEMBL227,6,0.3,4.0,50,score_cap1,50,49,0.02,50
CHEMBL227,6,0.3,4.0,50,weighted_bh,50,49,0.02,44
CHEMBL227,6,0.3,4.0,75,meta_calibration,75,60,0.2,75
CHEMBL227,6,0.3,4.0,75,chemdeprc_cap1,75,59,0.21333333333333335,75
CHEMBL227,6,0.3,4.0,75,minp_block_bh_cap1,75,58,0.22666666666666666,75
CHEMBL227,6,0.3,4.0,75,score_cap1,75,59,0.21333333333333335,75
CHEMBL227,6,0.3,4.0,75,weighted_bh,75,73,0.02666666666666667,56
CHEMBL227,6,0.3,6.0,10,meta_calibration,10,10,0.0,10
CHEMBL227,6,0.3,6.0,10,chemdeprc_cap1,10,10,0.0,10
CHEMBL227,6,0.3,6.0,10,minp_block_bh_cap1,10,10,0.0,10
CHEMBL227,6,0.3,6.0,10,score_cap1,10,9,0.1,10
CHEMBL227,6,0.3,6.0,10,weighted_bh,10,10,0.0,10
CHEMBL227,6,0.3,6.0,50,meta_calibration,50,49,0.02,50
CHEMBL227,6,0.3,6.0,50,chemdeprc_cap1,50,49,0.02,50
CHEMBL227,6,0.3,6.0,50,minp_block_bh_cap1,50,49,0.02,50
CHEMBL227,6,0.3,6.0,50,score_cap1,50,49,0.02,50
CHEMBL227,6,0.3,6.0,50,weighted_bh,50,49,0.02,44
CHEMBL227,6,0.3,6.0,75,meta_calibration,75,60,0.2,75
CHEMBL227,6,0.3,6.0,75,chemdeprc_cap1,75,59,0.21333333333333335,75
CHEMBL227,6,0.3,6.0,75,minp_block_bh_cap1,75,58,0.22666666666666666,75
CHEMBL227,6,0.3,6.0,75,score_cap1,75,59,0.21333333333333335,75
CHEMBL227,6,0.3,6.0,75,weighted_bh,75,73,0.02666666666666667,56
CHEMBL227,7,0.2,4.0,10,meta_calibration,10,10,0.0,10
CHEMBL227,7,0.2,4.0,10,chemdeprc_cap1,10,10,0.0,10
CHEMBL227,7,0.2,4.0,10,minp_block_bh_cap1,10,10,0.0,10
CHEMBL227,7,0.2,4.0,10,score_cap1,10,10,0.0,10
CHEMBL227,7,0.2,4.0,10,weighted_bh,10,10,0.0,10
CHEMBL227,7,0.2,4.0,50,meta_calibration,50,49,0.02,50
CHEMBL227,7,0.2,4.0,50,chemdeprc_cap1,50,49,0.02,50
CHEMBL227,7,0.2,4.0,50,minp_block_bh_cap1,50,49,0.02,50
CHEMBL227,7,0.2,4.0,50,score_cap1,50,50,0.0,50
CHEMBL227,7,0.2,4.0,50,weighted_bh,50,49,0.02,44
CHEMBL227,7,0.2,4.0,75,meta_calibration,75,60,0.2,75
CHEMBL227,7,0.2,4.0,75,chemdeprc_cap1,75,60,0.2,75
CHEMBL227,7,0.2,4.0,75,minp_block_bh_cap1,75,59,0.21333333333333335,75
CHEMBL227,7,0.2,4.0,75,score_cap1,75,60,0.2,75
CHEMBL227,7,0.2,4.0,75,weighted_bh,75,73,0.02666666666666667,56
CHEMBL227,7,0.2,6.0,10,meta_calibration,10,10,0.0,10
CHEMBL227,7,0.2,6.0,10,chemdeprc_cap1,10,10,0.0,10
CHEMBL227,7,0.2,6.0,10,minp_block_bh_cap1,10,10,0.0,10
CHEMBL227,7,0.2,6.0,10,score_cap1,10,10,0.0,10
CHEMBL227,7,0.2,6.0,10,weighted_bh,10,10,0.0,10
CHEMBL227,7,0.2,6.0,50,meta_calibration,50,49,0.02,50
CHEMBL227,7,0.2,6.0,50,chemdeprc_cap1,50,49,0.02,50
CHEMBL227,7,0.2,6.0,50,minp_block_bh_cap1,50,49,0.02,50
CHEMBL227,7,0.2,6.0,50,score_cap1,50,50,0.0,50
CHEMBL227,7,0.2,6.0,50,weighted_bh,50,49,0.02,44
CHEMBL227,7,0.2,6.0,75,meta_calibration,75,60,0.2,75
CHEMBL227,7,0.2,6.0,75,chemdeprc_cap1,75,60,0.2,75
CHEMBL227,7,0.2,6.0,75,minp_block_bh_cap1,75,59,0.21333333333333335,75
CHEMBL227,7,0.2,6.0,75,score_cap1,75,60,0.2,75
CHEMBL227,7,0.2,6.0,75,weighted_bh,75,73,0.02666666666666667,56
CHEMBL227,7,0.3,4.0,10,meta_calibration,10,10,0.0,10
CHEMBL227,7,0.3,4.0,10,chemdeprc_cap1,10,10,0.0,10
CHEMBL227,7,0.3,4.0,10,minp_block_bh_cap1,10,10,0.0,10
CHEMBL227,7,0.3,4.0,10,score_cap1,10,10,0.0,10
CHEMBL227,7,0.3,4.0,10,weighted_bh,10,10,0.0,10
CHEMBL227,7,0.3,4.0,50,meta_calibration,50,49,0.02,50
CHEMBL227,7,0.3,4.0,50,chemdeprc_cap1,50,49,0.02,50
CHEMBL227,7,0.3,4.0,50,minp_block_bh_cap1,50,49,0.02,50
CHEMBL227,7,0.3,4.0,50,score_cap1,50,49,0.02,50
CHEMBL227,7,0.3,4.0,50,weighted_bh,50,49,0.02,44
CHEMBL227,7,0.3,4.0,75,meta_calibration,75,60,0.2,75
CHEMBL227,7,0.3,4.0,75,chemdeprc_cap1,75,59,0.21333333333333335,75
CHEMBL227,7,0.3,4.0,75,minp_block_bh_cap1,75,58,0.22666666666666666,75
CHEMBL227,7,0.3,4.0,75,score_cap1,75,59,0.21333333333333335,75
CHEMBL227,7,0.3,4.0,75,weighted_bh,75,73,0.02666666666666667,56
CHEMBL227,7,0.3,6.0,10,meta_calibration,10,10,0.0,10
CHEMBL227,7,0.3,6.0,10,chemdeprc_cap1,10,10,0.0,10
CHEMBL227,7,0.3,6.0,10,minp_block_bh_cap1,10,10,0.0,10
CHEMBL227,7,0.3,6.0,10,score_cap1,10,9,0.1,10
CHEMBL227,7,0.3,6.0,10,weighted_bh,10,10,0.0,10
CHEMBL227,7,0.3,6.0,50,meta_calibration,50,49,0.02,50
CHEMBL227,7,0.3,6.0,50,chemdeprc_cap1,50,49,0.02,50
CHEMBL227,7,0.3,6.0,50,minp_block_bh_cap1,50,49,0.02,50
CHEMBL227,7,0.3,6.0,50,score_cap1,50,49,0.02,50
CHEMBL227,7,0.3,6.0,50,weighted_bh,50,49,0.02,44
CHEMBL227,7,0.3,6.0,75,meta_calibration,75,60,0.2,75
CHEMBL227,7,0.3,6.0,75,chemdeprc_cap1,75,59,0.21333333333333335,75
CHEMBL227,7,0.3,6.0,75,minp_block_bh_cap1,75,58,0.22666666666666666,75
CHEMBL227,7,0.3,6.0,75,score_cap1,75,59,0.21333333333333335,75
CHEMBL227,7,0.3,6.0,75,weighted_bh,75,73,0.02666666666666667,56
CHEMBL227,8,0.2,4.0,10,meta_calibration,10,10,0.0,10
CHEMBL227,8,0.2,4.0,10,chemdeprc_cap1,10,10,0.0,10
CHEMBL227,8,0.2,4.0,10,minp_block_bh_cap1,10,10,0.0,10
CHEMBL227,8,0.2,4.0,10,score_cap1,10,10,0.0,10
CHEMBL227,8,0.2,4.0,10,weighted_bh,10,10,0.0,10
CHEMBL227,8,0.2,4.0,50,meta_calibration,50,49,0.02,50
CHEMBL227,8,0.2,4.0,50,chemdeprc_cap1,50,49,0.02,50
CHEMBL227,8,0.2,4.0,50,minp_block_bh_cap1,50,49,0.02,50
CHEMBL227,8,0.2,4.0,50,score_cap1,50,49,0.02,50
CHEMBL227,8,0.2,4.0,50,weighted_bh,50,49,0.02,44
CHEMBL227,8,0.2,4.0,75,meta_calibration,75,60,0.2,75
CHEMBL227,8,0.2,4.0,75,chemdeprc_cap1,75,59,0.21333333333333335,75
CHEMBL227,8,0.2,4.0,75,minp_block_bh_cap1,75,58,0.22666666666666666,75
CHEMBL227,8,0.2,4.0,75,score_cap1,75,59,0.21333333333333335,75
CHEMBL227,8,0.2,4.0,75,weighted_bh,75,73,0.02666666666666667,56
CHEMBL227,8,0.2,6.0,10,meta_calibration,10,10,0.0,10
CHEMBL227,8,0.2,6.0,10,chemdeprc_cap1,10,10,0.0,10
CHEMBL227,8,0.2,6.0,10,minp_block_bh_cap1,10,10,0.0,10
CHEMBL227,8,0.2,6.0,10,score_cap1,10,9,0.1,10
CHEMBL227,8,0.2,6.0,10,weighted_bh,10,10,0.0,10
CHEMBL227,8,0.2,6.0,50,meta_calibration,50,49,0.02,50
CHEMBL227,8,0.2,6.0,50,chemdeprc_cap1,50,49,0.02,50
CHEMBL227,8,0.2,6.0,50,minp_block_bh_cap1,50,49,0.02,50
CHEMBL227,8,0.2,6.0,50,score_cap1,50,49,0.02,50
CHEMBL227,8,0.2,6.0,50,weighted_bh,50,49,0.02,44
CHEMBL227,8,0.2,6.0,75,meta_calibration,75,60,0.2,75
CHEMBL227,8,0.2,6.0,75,chemdeprc_cap1,75,59,0.21333333333333335,75
CHEMBL227,8,0.2,6.0,75,minp_block_bh_cap1,75,58,0.22666666666666666,75
CHEMBL227,8,0.2,6.0,75,score_cap1,75,59,0.21333333333333335,75
CHEMBL227,8,0.2,6.0,75,weighted_bh,75,73,0.02666666666666667,56
CHEMBL227,8,0.3,4.0,10,meta_calibration,10,10,0.0,10
CHEMBL227,8,0.3,4.0,10,chemdeprc_cap1,10,10,0.0,10
CHEMBL227,8,0.3,4.0,10,minp_block_bh_cap1,10,10,0.0,10
CHEMBL227,8,0.3,4.0,10,score_cap1,10,10,0.0,10
CHEMBL227,8,0.3,4.0,10,weighted_bh,10,10,0.0,10
CHEMBL227,8,0.3,4.0,50,meta_calibration,50,49,0.02,50
CHEMBL227,8,0.3,4.0,50,chemdeprc_cap1,50,49,0.02,50
CHEMBL227,8,0.3,4.0,50,minp_block_bh_cap1,50,49,0.02,50
CHEMBL227,8,0.3,4.0,50,score_cap1,50,49,0.02,50
CHEMBL227,8,0.3,4.0,50,weighted_bh,50,49,0.02,44
CHEMBL227,8,0.3,4.0,75,meta_calibration,75,60,0.2,75
CHEMBL227,8,0.3,4.0,75,chemdeprc_cap1,75,59,0.21333333333333335,75
CHEMBL227,8,0.3,4.0,75,minp_block_bh_cap1,75,58,0.22666666666666666,75
CHEMBL227,8,0.3,4.0,75,score_cap1,75,59,0.21333333333333335,75
CHEMBL227,8,0.3,4.0,75,weighted_bh,75,73,0.02666666666666667,56
CHEMBL227,8,0.3,6.0,10,meta_calibration,10,10,0.0,10
CHEMBL227,8,0.3,6.0,10,chemdeprc_cap1,10,10,0.0,10
CHEMBL227,8,0.3,6.0,10,minp_block_bh_cap1,10,10,0.0,10
CHEMBL227,8,0.3,6.0,10,score_cap1,10,9,0.1,10
CHEMBL227,8,0.3,6.0,10,weighted_bh,10,10,0.0,10
CHEMBL227,8,0.3,6.0,50,meta_calibration,50,49,0.02,50
CHEMBL227,8,0.3,6.0,50,chemdeprc_cap1,50,49,0.02,50
CHEMBL227,8,0.3,6.0,50,minp_block_bh_cap1,50,49,0.02,50
CHEMBL227,8,0.3,6.0,50,score_cap1,50,49,0.02,50
CHEMBL227,8,0.3,6.0,50,weighted_bh,50,49,0.02,44
CHEMBL227,8,0.3,6.0,75,meta_calibration,75,60,0.2,75
CHEMBL227,8,0.3,6.0,75,chemdeprc_cap1,75,59,0.21333333333333335,75
CHEMBL227,8,0.3,6.0,75,minp_block_bh_cap1,75,58,0.22666666666666666,75
CHEMBL227,8,0.3,6.0,75,score_cap1,75,59,0.21333333333333335,75
CHEMBL227,8,0.3,6.0,75,weighted_bh,75,73,0.02666666666666667,56
CHEMBL227,9,0.2,4.0,10,meta_calibration,10,10,0.0,10
CHEMBL227,9,0.2,4.0,10,chemdeprc_cap1,10,10,0.0,10
CHEMBL227,9,0.2,4.0,10,minp_block_bh_cap1,10,10,0.0,10
CHEMBL227,9,0.2,4.0,10,score_cap1,10,10,0.0,10
CHEMBL227,9,0.2,4.0,10,weighted_bh,10,10,0.0,10
CHEMBL227,9,0.2,4.0,50,meta_calibration,50,49,0.02,50
CHEMBL227,9,0.2,4.0,50,chemdeprc_cap1,50,49,0.02,50
CHEMBL227,9,0.2,4.0,50,minp_block_bh_cap1,50,49,0.02,50
CHEMBL227,9,0.2,4.0,50,score_cap1,50,49,0.02,50
CHEMBL227,9,0.2,4.0,50,weighted_bh,50,49,0.02,44
CHEMBL227,9,0.2,4.0,75,meta_calibration,75,60,0.2,75
CHEMBL227,9,0.2,4.0,75,chemdeprc_cap1,75,59,0.21333333333333335,75
CHEMBL227,9,0.2,4.0,75,minp_block_bh_cap1,75,58,0.22666666666666666,75
CHEMBL227,9,0.2,4.0,75,score_cap1,75,59,0.21333333333333335,75
CHEMBL227,9,0.2,4.0,75,weighted_bh,75,73,0.02666666666666667,56
CHEMBL227,9,0.2,6.0,10,meta_calibration,10,10,0.0,10
CHEMBL227,9,0.2,6.0,10,chemdeprc_cap1,10,10,0.0,10
CHEMBL227,9,0.2,6.0,10,minp_block_bh_cap1,10,10,0.0,10
CHEMBL227,9,0.2,6.0,10,score_cap1,10,9,0.1,10
CHEMBL227,9,0.2,6.0,10,weighted_bh,10,10,0.0,10
CHEMBL227,9,0.2,6.0,50,meta_calibration,50,49,0.02,50
CHEMBL227,9,0.2,6.0,50,chemdeprc_cap1,50,49,0.02,50
CHEMBL227,9,0.2,6.0,50,minp_block_bh_cap1,50,49,0.02,50
CHEMBL227,9,0.2,6.0,50,score_cap1,50,49,0.02,50
CHEMBL227,9,0.2,6.0,50,weighted_bh,50,49,0.02,44
CHEMBL227,9,0.2,6.0,75,meta_calibration,75,60,0.2,75
CHEMBL227,9,0.2,6.0,75,chemdeprc_cap1,75,59,0.21333333333333335,75
CHEMBL227,9,0.2,6.0,75,minp_block_bh_cap1,75,58,0.22666666666666666,75
CHEMBL227,9,0.2,6.0,75,score_cap1,75,59,0.21333333333333335,75
CHEMBL227,9,0.2,6.0,75,weighted_bh,75,73,0.02666666666666667,56
CHEMBL227,9,0.3,4.0,10,meta_calibration,10,10,0.0,10
CHEMBL227,9,0.3,4.0,10,chemdeprc_cap1,10,10,0.0,10
CHEMBL227,9,0.3,4.0,10,minp_block_bh_cap1,10,10,0.0,10
CHEMBL227,9,0.3,4.0,10,score_cap1,10,10,0.0,10
CHEMBL227,9,0.3,4.0,10,weighted_bh,10,10,0.0,10
CHEMBL227,9,0.3,4.0,50,meta_calibration,50,49,0.02,50
CHEMBL227,9,0.3,4.0,50,chemdeprc_cap1,50,49,0.02,50
CHEMBL227,9,0.3,4.0,50,minp_block_bh_cap1,50,49,0.02,50
CHEMBL227,9,0.3,4.0,50,score_cap1,50,49,0.02,50
CHEMBL227,9,0.3,4.0,50,weighted_bh,50,49,0.02,44
CHEMBL227,9,0.3,4.0,75,meta_calibration,75,60,0.2,75
CHEMBL227,9,0.3,4.0,75,chemdeprc_cap1,75,59,0.21333333333333335,75
CHEMBL227,9,0.3,4.0,75,minp_block_bh_cap1,75,58,0.22666666666666666,75
CHEMBL227,9,0.3,4.0,75,score_cap1,75,59,0.21333333333333335,75
CHEMBL227,9,0.3,4.0,75,weighted_bh,75,73,0.02666666666666667,56
CHEMBL227,9,0.3,6.0,10,meta_calibration,10,10,0.0,10
CHEMBL227,9,0.3,6.0,10,chemdeprc_cap1,10,10,0.0,10
CHEMBL227,9,0.3,6.0,10,minp_block_bh_cap1,10,10,0.0,10
CHEMBL227,9,0.3,6.0,10,score_cap1,10,9,0.1,10
CHEMBL227,9,0.3,6.0,10,weighted_bh,10,10,0.0,10
CHEMBL227,9,0.3,6.0,50,meta_calibration,50,49,0.02,50
CHEMBL227,9,0.3,6.0,50,chemdeprc_cap1,50,49,0.02,50
CHEMBL227,9,0.3,6.0,50,minp_block_bh_cap1,50,49,0.02,50
CHEMBL227,9,0.3,6.0,50,score_cap1,50,49,0.02,50
CHEMBL227,9,0.3,6.0,50,weighted_bh,50,49,0.02,44
CHEMBL227,9,0.3,6.0,75,meta_calibration,75,60,0.2,75
CHEMBL227,9,0.3,6.0,75,chemdeprc_cap1,75,59,0.21333333333333335,75
CHEMBL227,9,0.3,6.0,75,minp_block_bh_cap1,75,58,0.22666666666666666,75
CHEMBL227,9,0.3,6.0,75,score_cap1,75,59,0.21333333333333335,75
CHEMBL227,9,0.3,6.0,75,weighted_bh,75,73,0.02666666666666667,56
CHEMBL231,0,0.2,4.0,10,meta_calibration,10,10,0.0,10
CHEMBL231,0,0.2,4.0,10,chemdeprc_cap1,10,9,0.1,10
CHEMBL231,0,0.2,4.0,10,minp_block_bh_cap1,10,10,0.0,10
CHEMBL231,0,0.2,4.0,10,score_cap1,10,9,0.1,10
CHEMBL231,0,0.2,4.0,10,weighted_bh,10,10,0.0,10
CHEMBL231,0,0.2,4.0,50,meta_calibration,50,48,0.04,50
CHEMBL231,0,0.2,4.0,50,chemdeprc_cap1,50,47,0.06,50
CHEMBL231,0,0.2,4.0,50,minp_block_bh_cap1,50,46,0.08,50
CHEMBL231,0,0.2,4.0,50,score_cap1,50,48,0.04,50
CHEMBL231,0,0.2,4.0,50,weighted_bh,50,47,0.06,40
CHEMBL231,0,0.2,4.0,75,meta_calibration,75,65,0.13333333333333333,75
CHEMBL231,0,0.2,4.0,75,chemdeprc_cap1,75,64,0.14666666666666667,75
CHEMBL231,0,0.2,4.0,75,minp_block_bh_cap1,75,62,0.17333333333333334,75
CHEMBL231,0,0.2,4.0,75,score_cap1,75,65,0.13333333333333333,75
CHEMBL231,0,0.2,4.0,75,weighted_bh,75,69,0.08,52
CHEMBL231,0,0.2,6.0,10,meta_calibration,10,10,0.0,10
CHEMBL231,0,0.2,6.0,10,chemdeprc_cap1,10,9,0.1,10
CHEMBL231,0,0.2,6.0,10,minp_block_bh_cap1,10,10,0.0,10
CHEMBL231,0,0.2,6.0,10,score_cap1,10,9,0.1,10
CHEMBL231,0,0.2,6.0,10,weighted_bh,10,10,0.0,10
CHEMBL231,0,0.2,6.0,50,meta_calibration,50,48,0.04,50
CHEMBL231,0,0.2,6.0,50,chemdeprc_cap1,50,46,0.08,50
CHEMBL231,0,0.2,6.0,50,minp_block_bh_cap1,50,46,0.08,50
CHEMBL231,0,0.2,6.0,50,score_cap1,50,47,0.06,50
CHEMBL231,0,0.2,6.0,50,weighted_bh,50,47,0.06,40
CHEMBL231,0,0.2,6.0,75,meta_calibration,75,65,0.13333333333333333,75
CHEMBL231,0,0.2,6.0,75,chemdeprc_cap1,75,64,0.14666666666666667,75
CHEMBL231,0,0.2,6.0,75,minp_block_bh_cap1,75,62,0.17333333333333334,75
CHEMBL231,0,0.2,6.0,75,score_cap1,75,65,0.13333333333333333,75
CHEMBL231,0,0.2,6.0,75,weighted_bh,75,69,0.08,52
CHEMBL231,0,0.3,4.0,10,meta_calibration,10,10,0.0,10
CHEMBL231,0,0.3,4.0,10,chemdeprc_cap1,10,10,0.0,10
CHEMBL231,0,0.3,4.0,10,minp_block_bh_cap1,10,10,0.0,10
CHEMBL231,0,0.3,4.0,10,score_cap1,10,10,0.0,10
CHEMBL231,0,0.3,4.0,10,weighted_bh,10,10,0.0,10
CHEMBL231,0,0.3,4.0,50,meta_calibration,50,46,0.08,50
CHEMBL231,0,0.3,4.0,50,chemdeprc_cap1,50,46,0.08,50
CHEMBL231,0,0.3,4.0,50,minp_block_bh_cap1,50,46,0.08,50
CHEMBL231,0,0.3,4.0,50,score_cap1,50,47,0.06,50
CHEMBL231,0,0.3,4.0,50,weighted_bh,50,49,0.02,39
CHEMBL231,0,0.3,4.0,75,meta_calibration,75,63,0.16,75
CHEMBL231,0,0.3,4.0,75,chemdeprc_cap1,75,63,0.16,75
CHEMBL231,0,0.3,4.0,75,minp_block_bh_cap1,75,61,0.18666666666666668,75
CHEMBL231,0,0.3,4.0,75,score_cap1,75,64,0.14666666666666667,75
CHEMBL231,0,0.3,4.0,75,weighted_bh,75,69,0.08,52
CHEMBL231,0,0.3,6.0,10,meta_calibration,10,10,0.0,10
CHEMBL231,0,0.3,6.0,10,chemdeprc_cap1,10,10,0.0,10
CHEMBL231,0,0.3,6.0,10,minp_block_bh_cap1,10,10,0.0,10
CHEMBL231,0,0.3,6.0,10,score_cap1,10,9,0.1,10
CHEMBL231,0,0.3,6.0,10,weighted_bh,10,10,0.0,10
CHEMBL231,0,0.3,6.0,50,meta_calibration,50,45,0.1,50
CHEMBL231,0,0.3,6.0,50,chemdeprc_cap1,50,45,0.1,50
CHEMBL231,0,0.3,6.0,50,minp_block_bh_cap1,50,45,0.1,50
CHEMBL231,0,0.3,6.0,50,score_cap1,50,45,0.1,50
CHEMBL231,0,0.3,6.0,50,weighted_bh,50,47,0.06,40
CHEMBL231,0,0.3,6.0,75,meta_calibration,75,63,0.16,75
CHEMBL231,0,0.3,6.0,75,chemdeprc_cap1,75,63,0.16,75
CHEMBL231,0,0.3,6.0,75,minp_block_bh_cap1,75,61,0.18666666666666668,75
CHEMBL231,0,0.3,6.0,75,score_cap1,75,64,0.14666666666666667,75
CHEMBL231,0,0.3,6.0,75,weighted_bh,75,66,0.12,51
CHEMBL231,1,0.2,4.0,10,meta_calibration,10,10,0.0,10
CHEMBL231,1,0.2,4.0,10,chemdeprc_cap1,10,10,0.0,10
CHEMBL231,1,0.2,4.0,10,minp_block_bh_cap1,10,10,0.0,10
CHEMBL231,1,0.2,4.0,10,score_cap1,10,10,0.0,10
CHEMBL231,1,0.2,4.0,10,weighted_bh,10,10,0.0,10
CHEMBL231,1,0.2,4.0,50,meta_calibration,50,47,0.06,50
CHEMBL231,1,0.2,4.0,50,chemdeprc_cap1,50,46,0.08,50
CHEMBL231,1,0.2,4.0,50,minp_block_bh_cap1,50,45,0.1,50
CHEMBL231,1,0.2,4.0,50,score_cap1,50,47,0.06,50
CHEMBL231,1,0.2,4.0,50,weighted_bh,50,47,0.06,40
CHEMBL231,1,0.2,4.0,75,meta_calibration,75,65,0.13333333333333333,75
CHEMBL231,1,0.2,4.0,75,chemdeprc_cap1,75,64,0.14666666666666667,75
CHEMBL231,1,0.2,4.0,75,minp_block_bh_cap1,75,62,0.17333333333333334,75
CHEMBL231,1,0.2,4.0,75,score_cap1,75,65,0.13333333333333333,75
CHEMBL231,1,0.2,4.0,75,weighted_bh,75,67,0.10666666666666667,52
CHEMBL231,1,0.2,6.0,10,meta_calibration,10,10,0.0,10
CHEMBL231,1,0.2,6.0,10,chemdeprc_cap1,10,9,0.1,10
CHEMBL231,1,0.2,6.0,10,minp_block_bh_cap1,10,10,0.0,10
CHEMBL231,1,0.2,6.0,10,score_cap1,10,9,0.1,10
CHEMBL231,1,0.2,6.0,10,weighted_bh,10,10,0.0,10
CHEMBL231,1,0.2,6.0,50,meta_calibration,50,47,0.06,50
CHEMBL231,1,0.2,6.0,50,chemdeprc_cap1,50,46,0.08,50
CHEMBL231,1,0.2,6.0,50,minp_block_bh_cap1,50,45,0.1,50
CHEMBL231,1,0.2,6.0,50,score_cap1,50,46,0.08,50
CHEMBL231,1,0.2,6.0,50,weighted_bh,50,47,0.06,40
CHEMBL231,1,0.2,6.0,75,meta_calibration,75,65,0.13333333333333333,75
CHEMBL231,1,0.2,6.0,75,chemdeprc_cap1,75,64,0.14666666666666667,75
CHEMBL231,1,0.2,6.0,75,minp_block_bh_cap1,75,61,0.18666666666666668,75
CHEMBL231,1,0.2,6.0,75,score_cap1,75,65,0.13333333333333333,75
CHEMBL231,1,0.2,6.0,75,weighted_bh,75,67,0.10666666666666667,52
CHEMBL231,1,0.3,4.0,10,meta_calibration,10,10,0.0,10
CHEMBL231,1,0.3,4.0,10,chemdeprc_cap1,10,10,0.0,10
CHEMBL231,1,0.3,4.0,10,minp_block_bh_cap1,10,10,0.0,10
CHEMBL231,1,0.3,4.0,10,score_cap1,10,10,0.0,10
CHEMBL231,1,0.3,4.0,10,weighted_bh,10,10,0.0,10
CHEMBL231,1,0.3,4.0,50,meta_calibration,50,46,0.08,50
CHEMBL231,1,0.3,4.0,50,chemdeprc_cap1,50,46,0.08,50
CHEMBL231,1,0.3,4.0,50,minp_block_bh_cap1,50,45,0.1,50
CHEMBL231,1,0.3,4.0,50,score_cap1,50,46,0.08,50
CHEMBL231,1,0.3,4.0,50,weighted_bh,50,49,0.02,39
CHEMBL231,1,0.3,4.0,75,meta_calibration,75,63,0.16,75
CHEMBL231,1,0.3,4.0,75,chemdeprc_cap1,75,63,0.16,75
CHEMBL231,1,0.3,4.0,75,minp_block_bh_cap1,75,61,0.18666666666666668,75
CHEMBL231,1,0.3,4.0,75,score_cap1,75,64,0.14666666666666667,75
CHEMBL231,1,0.3,4.0,75,weighted_bh,75,67,0.10666666666666667,52
CHEMBL231,1,0.3,6.0,10,meta_calibration,10,10,0.0,10
CHEMBL231,1,0.3,6.0,10,chemdeprc_cap1,10,10,0.0,10
CHEMBL231,1,0.3,6.0,10,minp_block_bh_cap1,10,10,0.0,10
CHEMBL231,1,0.3,6.0,10,score_cap1,10,8,0.2,10
CHEMBL231,1,0.3,6.0,10,weighted_bh,10,10,0.0,10
CHEMBL231,1,0.3,6.0,50,meta_calibration,50,45,0.1,50
CHEMBL231,1,0.3,6.0,50,chemdeprc_cap1,50,45,0.1,50
CHEMBL231,1,0.3,6.0,50,minp_block_bh_cap1,50,45,0.1,50
CHEMBL231,1,0.3,6.0,50,score_cap1,50,45,0.1,50
CHEMBL231,1,0.3,6.0,50,weighted_bh,50,45,0.1,41
CHEMBL231,1,0.3,6.0,75,meta_calibration,75,63,0.16,75
CHEMBL231,1,0.3,6.0,75,chemdeprc_cap1,75,63,0.16,75
CHEMBL231,1,0.3,6.0,75,minp_block_bh_cap1,75,61,0.18666666666666668,75
CHEMBL231,1,0.3,6.0,75,score_cap1,75,64,0.14666666666666667,75
CHEMBL231,1,0.3,6.0,75,weighted_bh,75,66,0.12,50
CHEMBL231,2,0.2,4.0,10,meta_calibration,10,10,0.0,10
CHEMBL231,2,0.2,4.0,10,chemdeprc_cap1,10,10,0.0,10
CHEMBL231,2,0.2,4.0,10,minp_block_bh_cap1,10,10,0.0,10
CHEMBL231,2,0.2,4.0,10,score_cap1,10,10,0.0,10
CHEMBL231,2,0.2,4.0,10,weighted_bh,10,10,0.0,10
CHEMBL231,2,0.2,4.0,50,meta_calibration,50,47,0.06,50
CHEMBL231,2,0.2,4.0,50,chemdeprc_cap1,50,47,0.06,50
CHEMBL231,2,0.2,4.0,50,minp_block_bh_cap1,50,46,0.08,50
CHEMBL231,2,0.2,4.0,50,score_cap1,50,48,0.04,50
CHEMBL231,2,0.2,4.0,50,weighted_bh,50,49,0.02,39
CHEMBL231,2,0.2,4.0,75,meta_calibration,75,64,0.14666666666666667,75
CHEMBL231,2,0.2,4.0,75,chemdeprc_cap1,75,64,0.14666666666666667,75
CHEMBL231,2,0.2,4.0,75,minp_block_bh_cap1,75,62,0.17333333333333334,75
CHEMBL231,2,0.2,4.0,75,score_cap1,75,65,0.13333333333333333,75
CHEMBL231,2,0.2,4.0,75,weighted_bh,75,69,0.08,52
CHEMBL231,2,0.2,6.0,10,meta_calibration,10,10,0.0,10
CHEMBL231,2,0.2,6.0,10,chemdeprc_cap1,10,10,0.0,10
CHEMBL231,2,0.2,6.0,10,minp_block_bh_cap1,10,10,0.0,10
CHEMBL231,2,0.2,6.0,10,score_cap1,10,10,0.0,10
CHEMBL231,2,0.2,6.0,10,weighted_bh,10,10,0.0,10
CHEMBL231,2,0.2,6.0,50,meta_calibration,50,46,0.08,50
CHEMBL231,2,0.2,6.0,50,chemdeprc_cap1,50,46,0.08,50
CHEMBL231,2,0.2,6.0,50,minp_block_bh_cap1,50,45,0.1,50
CHEMBL231,2,0.2,6.0,50,score_cap1,50,46,0.08,50
CHEMBL231,2,0.2,6.0,50,weighted_bh,50,49,0.02,39
CHEMBL231,2,0.2,6.0,75,meta_calibration,75,64,0.14666666666666667,75
CHEMBL231,2,0.2,6.0,75,chemdeprc_cap1,75,64,0.14666666666666667,75
CHEMBL231,2,0.2,6.0,75,minp_block_bh_cap1,75,61,0.18666666666666668,75
CHEMBL231,2,0.2,6.0,75,score_cap1,75,65,0.13333333333333333,75
CHEMBL231,2,0.2,6.0,75,weighted_bh,75,67,0.10666666666666667,52
CHEMBL231,2,0.3,4.0,10,meta_calibration,10,10,0.0,10
CHEMBL231,2,0.3,4.0,10,chemdeprc_cap1,10,9,0.1,10
CHEMBL231,2,0.3,4.0,10,minp_block_bh_cap1,10,10,0.0,10
CHEMBL231,2,0.3,4.0,10,score_cap1,10,9,0.1,10
CHEMBL231,2,0.3,4.0,10,weighted_bh,10,10,0.0,10
CHEMBL231,2,0.3,4.0,50,meta_calibration,50,48,0.04,50
CHEMBL231,2,0.3,4.0,50,chemdeprc_cap1,50,46,0.08,50
CHEMBL231,2,0.3,4.0,50,minp_block_bh_cap1,50,45,0.1,50
CHEMBL231,2,0.3,4.0,50,score_cap1,50,47,0.06,50
CHEMBL231,2,0.3,4.0,50,weighted_bh,50,45,0.1,41
CHEMBL231,2,0.3,4.0,75,meta_calibration,75,65,0.13333333333333333,75
CHEMBL231,2,0.3,4.0,75,chemdeprc_cap1,75,64,0.14666666666666667,75
CHEMBL231,2,0.3,4.0,75,minp_block_bh_cap1,75,62,0.17333333333333334,75
CHEMBL231,2,0.3,4.0,75,score_cap1,75,65,0.13333333333333333,75
CHEMBL231,2,0.3,4.0,75,weighted_bh,75,67,0.10666666666666667,52
CHEMBL231,2,0.3,6.0,10,meta_calibration,10,10,0.0,10
CHEMBL231,2,0.3,6.0,10,chemdeprc_cap1,10,8,0.2,10
CHEMBL231,2,0.3,6.0,10,minp_block_bh_cap1,10,10,0.0,10
CHEMBL231,2,0.3,6.0,10,score_cap1,10,8,0.2,10
CHEMBL231,2,0.3,6.0,10,weighted_bh,10,10,0.0,10
CHEMBL231,2,0.3,6.0,50,meta_calibration,50,48,0.04,50
CHEMBL231,2,0.3,6.0,50,chemdeprc_cap1,50,46,0.08,50
CHEMBL231,2,0.3,6.0,50,minp_block_bh_cap1,50,45,0.1,50
CHEMBL231,2,0.3,6.0,50,score_cap1,50,46,0.08,50
CHEMBL231,2,0.3,6.0,50,weighted_bh,50,45,0.1,41
CHEMBL231,2,0.3,6.0,75,meta_calibration,75,65,0.13333333333333333,75
CHEMBL231,2,0.3,6.0,75,chemdeprc_cap1,75,64,0.14666666666666667,75
CHEMBL231,2,0.3,6.0,75,minp_block_bh_cap1,75,61,0.18666666666666668,75
CHEMBL231,2,0.3,6.0,75,score_cap1,75,65,0.13333333333333333,75
CHEMBL231,2,0.3,6.0,75,weighted_bh,75,67,0.10666666666666667,52
CHEMBL231,3,0.2,4.0,10,meta_calibration,10,10,0.0,10
CHEMBL231,3,0.2,4.0,10,chemdeprc_cap1,10,9,0.1,10
CHEMBL231,3,0.2,4.0,10,minp_block_bh_cap1,10,10,0.0,10
CHEMBL231,3,0.2,4.0,10,score_cap1,10,9,0.1,10
CHEMBL231,3,0.2,4.0,10,weighted_bh,10,10,0.0,10
CHEMBL231,3,0.2,4.0,50,meta_calibration,50,47,0.06,50
CHEMBL231,3,0.2,4.0,50,chemdeprc_cap1,50,46,0.08,50
CHEMBL231,3,0.2,4.0,50,minp_block_bh_cap1,50,45,0.1,50
CHEMBL231,3,0.2,4.0,50,score_cap1,50,47,0.06,50
CHEMBL231,3,0.2,4.0,50,weighted_bh,50,47,0.06,40
CHEMBL231,3,0.2,4.0,75,meta_calibration,75,65,0.13333333333333333,75
CHEMBL231,3,0.2,4.0,75,chemdeprc_cap1,75,64,0.14666666666666667,75
CHEMBL231,3,0.2,4.0,75,minp_block_bh_cap1,75,62,0.17333333333333334,75
CHEMBL231,3,0.2,4.0,75,score_cap1,75,65,0.13333333333333333,75
CHEMBL231,3,0.2,4.0,75,weighted_bh,75,67,0.10666666666666667,52
CHEMBL231,3,0.2,6.0,10,meta_calibration,10,10,0.0,10
CHEMBL231,3,0.2,6.0,10,chemdeprc_cap1,10,9,0.1,10
CHEMBL231,3,0.2,6.0,10,minp_block_bh_cap1,10,10,0.0,10
CHEMBL231,3,0.2,6.0,10,score_cap1,10,9,0.1,10
CHEMBL231,3,0.2,6.0,10,weighted_bh,10,10,0.0,10
CHEMBL231,3,0.2,6.0,50,meta_calibration,50,47,0.06,50
CHEMBL231,3,0.2,6.0,50,chemdeprc_cap1,50,46,0.08,50
CHEMBL231,3,0.2,6.0,50,minp_block_bh_cap1,50,45,0.1,50
CHEMBL231,3,0.2,6.0,50,score_cap1,50,46,0.08,50
CHEMBL231,3,0.2,6.0,50,weighted_bh,50,47,0.06,40
CHEMBL231,3,0.2,6.0,75,meta_calibration,75,65,0.13333333333333333,75
CHEMBL231,3,0.2,6.0,75,chemdeprc_cap1,75,64,0.14666666666666667,75
CHEMBL231,3,0.2,6.0,75,minp_block_bh_cap1,75,62,0.17333333333333334,75
CHEMBL231,3,0.2,6.0,75,score_cap1,75,65,0.13333333333333333,75
CHEMBL231,3,0.2,6.0,75,weighted_bh,75,67,0.10666666666666667,52
CHEMBL231,3,0.3,4.0,10,meta_calibration,10,10,0.0,10
CHEMBL231,3,0.3,4.0,10,chemdeprc_cap1,10,9,0.1,10
CHEMBL231,3,0.3,4.0,10,minp_block_bh_cap1,10,10,0.0,10
CHEMBL231,3,0.3,4.0,10,score_cap1,10,9,0.1,10
CHEMBL231,3,0.3,4.0,10,weighted_bh,10,10,0.0,10
CHEMBL231,3,0.3,4.0,50,meta_calibration,50,47,0.06,50
CHEMBL231,3,0.3,4.0,50,chemdeprc_cap1,50,46,0.08,50
CHEMBL231,3,0.3,4.0,50,minp_block_bh_cap1,50,45,0.1,50
CHEMBL231,3,0.3,4.0,50,score_cap1,50,47,0.06,50
CHEMBL231,3,0.3,4.0,50,weighted_bh,50,45,0.1,41
CHEMBL231,3,0.3,4.0,75,meta_calibration,75,65,0.13333333333333333,75
CHEMBL231,3,0.3,4.0,75,chemdeprc_cap1,75,64,0.14666666666666667,75
CHEMBL231,3,0.3,4.0,75,minp_block_bh_cap1,75,61,0.18666666666666668,75
CHEMBL231,3,0.3,4.0,75,score_cap1,75,65,0.13333333333333333,75
CHEMBL231,3,0.3,4.0,75,weighted_bh,75,67,0.10666666666666667,52
CHEMBL231,3,0.3,6.0,10,meta_calibration,10,10,0.0,10
CHEMBL231,3,0.3,6.0,10,chemdeprc_cap1,10,8,0.2,10
CHEMBL231,3,0.3,6.0,10,minp_block_bh_cap1,10,10,0.0,10
CHEMBL231,3,0.3,6.0,10,score_cap1,10,8,0.2,10
CHEMBL231,3,0.3,6.0,10,weighted_bh,10,10,0.0,10
CHEMBL231,3,0.3,6.0,50,meta_calibration,50,48,0.04,50
CHEMBL231,3,0.3,6.0,50,chemdeprc_cap1,50,46,0.08,50
CHEMBL231,3,0.3,6.0,50,minp_block_bh_cap1,50,45,0.1,50
CHEMBL231,3,0.3,6.0,50,score_cap1,50,46,0.08,50
CHEMBL231,3,0.3,6.0,50,weighted_bh,50,45,0.1,41
CHEMBL231,3,0.3,6.0,75,meta_calibration,75,65,0.13333333333333333,75
CHEMBL231,3,0.3,6.0,75,chemdeprc_cap1,75,64,0.14666666666666667,75
CHEMBL231,3,0.3,6.0,75,minp_block_bh_cap1,75,61,0.18666666666666668,75
CHEMBL231,3,0.3,6.0,75,score_cap1,75,65,0.13333333333333333,75
CHEMBL231,3,0.3,6.0,75,weighted_bh,75,66,0.12,51
CHEMBL231,4,0.2,4.0,10,meta_calibration,10,10,0.0,10
CHEMBL231,4,0.2,4.0,10,chemdeprc_cap1,10,10,0.0,10
CHEMBL231,4,0.2,4.0,10,minp_block_bh_cap1,10,10,0.0,10
CHEMBL231,4,0.2,4.0,10,score_cap1,10,10,0.0,10
CHEMBL231,4,0.2,4.0,10,weighted_bh,10,10,0.0,10
CHEMBL231,4,0.2,4.0,50,meta_calibration,50,47,0.06,50
CHEMBL231,4,0.2,4.0,50,chemdeprc_cap1,50,46,0.08,50
CHEMBL231,4,0.2,4.0,50,minp_block_bh_cap1,50,46,0.08,50
CHEMBL231,4,0.2,4.0,50,score_cap1,50,47,0.06,50
CHEMBL231,4,0.2,4.0,50,weighted_bh,50,49,0.02,39
CHEMBL231,4,0.2,4.0,75,meta_calibration,75,64,0.14666666666666667,75
CHEMBL231,4,0.2,4.0,75,chemdeprc_cap1,75,64,0.14666666666666667,75
CHEMBL231,4,0.2,4.0,75,minp_block_bh_cap1,75,62,0.17333333333333334,75
CHEMBL231,4,0.2,4.0,75,score_cap1,75,65,0.13333333333333333,75
CHEMBL231,4,0.2,4.0,75,weighted_bh,75,69,0.08,52
CHEMBL231,4,0.2,6.0,10,meta_calibration,10,10,0.0,10
CHEMBL231,4,0.2,6.0,10,chemdeprc_cap1,10,10,0.0,10
CHEMBL231,4,0.2,6.0,10,minp_block_bh_cap1,10,10,0.0,10
CHEMBL231,4,0.2,6.0,10,score_cap1,10,9,0.1,10
CHEMBL231,4,0.2,6.0,10,weighted_bh,10,10,0.0,10
CHEMBL231,4,0.2,6.0,50,meta_calibration,50,46,0.08,50
CHEMBL231,4,0.2,6.0,50,chemdeprc_cap1,50,46,0.08,50
CHEMBL231,4,0.2,6.0,50,minp_block_bh_cap1,50,45,0.1,50
CHEMBL231,4,0.2,6.0,50,score_cap1,50,46,0.08,50
CHEMBL231,4,0.2,6.0,50,weighted_bh,50,47,0.06,40
CHEMBL231,4,0.2,6.0,75,meta_calibration,75,64,0.14666666666666667,75
CHEMBL231,4,0.2,6.0,75,chemdeprc_cap1,75,64,0.14666666666666667,75
CHEMBL231,4,0.2,6.0,75,minp_block_bh_cap1,75,61,0.18666666666666668,75
CHEMBL231,4,0.2,6.0,75,score_cap1,75,65,0.13333333333333333,75
CHEMBL231,4,0.2,6.0,75,weighted_bh,75,67,0.10666666666666667,52
CHEMBL231,4,0.3,4.0,10,meta_calibration,10,10,0.0,10
CHEMBL231,4,0.3,4.0,10,chemdeprc_cap1,10,10,0.0,10
CHEMBL231,4,0.3,4.0,10,minp_block_bh_cap1,10,10,0.0,10
CHEMBL231,4,0.3,4.0,10,score_cap1,10,10,0.0,10
CHEMBL231,4,0.3,4.0,10,weighted_bh,10,10,0.0,10
CHEMBL231,4,0.3,4.0,50,meta_calibration,50,46,0.08,50
CHEMBL231,4,0.3,4.0,50,chemdeprc_cap1,50,46,0.08,50
CHEMBL231,4,0.3,4.0,50,minp_block_bh_cap1,50,45,0.1,50
CHEMBL231,4,0.3,4.0,50,score_cap1,50,47,0.06,50
CHEMBL231,4,0.3,4.0,50,weighted_bh,50,49,0.02,39
CHEMBL231,4,0.3,4.0,75,meta_calibration,75,63,0.16,75
CHEMBL231,4,0.3,4.0,75,chemdeprc_cap1,75,63,0.16,75
CHEMBL231,4,0.3,4.0,75,minp_block_bh_cap1,75,61,0.18666666666666668,75
CHEMBL231,4,0.3,4.0,75,score_cap1,75,64,0.14666666666666667,75
CHEMBL231,4,0.3,4.0,75,weighted_bh,75,67,0.10666666666666667,52
CHEMBL231,4,0.3,6.0,10,meta_calibration,10,10,0.0,10
CHEMBL231,4,0.3,6.0,10,chemdeprc_cap1,10,10,0.0,10
CHEMBL231,4,0.3,6.0,10,minp_block_bh_cap1,10,10,0.0,10
CHEMBL231,4,0.3,6.0,10,score_cap1,10,9,0.1,10
CHEMBL231,4,0.3,6.0,10,weighted_bh,10,10,0.0,10
CHEMBL231,4,0.3,6.0,50,meta_calibration,50,45,0.1,50
CHEMBL231,4,0.3,6.0,50,chemdeprc_cap1,50,45,0.1,50
CHEMBL231,4,0.3,6.0,50,minp_block_bh_cap1,50,45,0.1,50
CHEMBL231,4,0.3,6.0,50,score_cap1,50,45,0.1,50
CHEMBL231,4,0.3,6.0,50,weighted_bh,50,47,0.06,40
CHEMBL231,4,0.3,6.0,75,meta_calibration,75,63,0.16,75
CHEMBL231,4,0.3,6.0,75,chemdeprc_cap1,75,63,0.16,75
CHEMBL231,4,0.3,6.0,75,minp_block_bh_cap1,75,61,0.18666666666666668,75
CHEMBL231,4,0.3,6.0,75,score_cap1,75,64,0.14666666666666667,75
CHEMBL231,4,0.3,6.0,75,weighted_bh,75,66,0.12,50
CHEMBL231,5,0.2,4.0,10,meta_calibration,10,10,0.0,10
CHEMBL231,5,0.2,4.0,10,chemdeprc_cap1,10,10,0.0,10
CHEMBL231,5,0.2,4.0,10,minp_block_bh_cap1,10,10,0.0,10
CHEMBL231,5,0.2,4.0,10,score_cap1,10,10,0.0,10
CHEMBL231,5,0.2,4.0,10,weighted_bh,10,10,0.0,10
CHEMBL231,5,0.2,4.0,50,meta_calibration,50,47,0.06,50
CHEMBL231,5,0.2,4.0,50,chemdeprc_cap1,50,46,0.08,50
CHEMBL231,5,0.2,4.0,50,minp_block_bh_cap1,50,45,0.1,50
CHEMBL231,5,0.2,4.0,50,score_cap1,50,47,0.06,50
CHEMBL231,5,0.2,4.0,50,weighted_bh,50,49,0.02,39
CHEMBL231,5,0.2,4.0,75,meta_calibration,75,64,0.14666666666666667,75
CHEMBL231,5,0.2,4.0,75,chemdeprc_cap1,75,64,0.14666666666666667,75
CHEMBL231,5,0.2,4.0,75,minp_block_bh_cap1,75,62,0.17333333333333334,75
CHEMBL231,5,0.2,4.0,75,score_cap1,75,65,0.13333333333333333,75
CHEMBL231,5,0.2,4.0,75,weighted_bh,75,67,0.10666666666666667,52
CHEMBL231,5,0.2,6.0,10,meta_calibration,10,10,0.0,10
CHEMBL231,5,0.2,6.0,10,chemdeprc_cap1,10,10,0.0,10
CHEMBL231,5,0.2,6.0,10,minp_block_bh_cap1,10,10,0.0,10
CHEMBL231,5,0.2,6.0,10,score_cap1,10,9,0.1,10
CHEMBL231,5,0.2,6.0,10,weighted_bh,10,10,0.0,10
CHEMBL231,5,0.2,6.0,50,meta_calibration,50,46,0.08,50
CHEMBL231,5,0.2,6.0,50,chemdeprc_cap1,50,46,0.08,50
CHEMBL231,5,0.2,6.0,50,minp_block_bh_cap1,50,45,0.1,50
CHEMBL231,5,0.2,6.0,50,score_cap1,50,46,0.08,50
CHEMBL231,5,0.2,6.0,50,weighted_bh,50,47,0.06,40
CHEMBL231,5,0.2,6.0,75,meta_calibration,75,64,0.14666666666666667,75
CHEMBL231,5,0.2,6.0,75,chemdeprc_cap1,75,64,0.14666666666666667,75
CHEMBL231,5,0.2,6.0,75,minp_block_bh_cap1,75,61,0.18666666666666668,75
CHEMBL231,5,0.2,6.0,75,score_cap1,75,65,0.13333333333333333,75
CHEMBL231,5,0.2,6.0,75,weighted_bh,75,67,0.10666666666666667,51
CHEMBL231,5,0.3,4.0,10,meta_calibration,10,10,0.0,10
CHEMBL231,5,0.3,4.0,10,chemdeprc_cap1,10,10,0.0,10
CHEMBL231,5,0.3,4.0,10,minp_block_bh_cap1,10,10,0.0,10
CHEMBL231,5,0.3,4.0,10,score_cap1,10,10,0.0,10
CHEMBL231,5,0.3,4.0,10,weighted_bh,10,10,0.0,10
CHEMBL231,5,0.3,4.0,50,meta_calibration,50,46,0.08,50
CHEMBL231,5,0.3,4.0,50,chemdeprc_cap1,50,46,0.08,50
CHEMBL231,5,0.3,4.0,50,minp_block_bh_cap1,50,45,0.1,50
CHEMBL231,5,0.3,4.0,50,score_cap1,50,47,0.06,50
CHEMBL231,5,0.3,4.0,50,weighted_bh,50,49,0.02,39
CHEMBL231,5,0.3,4.0,75,meta_calibration,75,63,0.16,75
CHEMBL231,5,0.3,4.0,75,chemdeprc_cap1,75,63,0.16,75
CHEMBL231,5,0.3,4.0,75,minp_block_bh_cap1,75,61,0.18666666666666668,75
CHEMBL231,5,0.3,4.0,75,score_cap1,75,64,0.14666666666666667,75
CHEMBL231,5,0.3,4.0,75,weighted_bh,75,67,0.10666666666666667,52
CHEMBL231,5,0.3,6.0,10,meta_calibration,10,10,0.0,10
CHEMBL231,5,0.3,6.0,10,chemdeprc_cap1,10,10,0.0,10
CHEMBL231,5,0.3,6.0,10,minp_block_bh_cap1,10,10,0.0,10
CHEMBL231,5,0.3,6.0,10,score_cap1,10,9,0.1,10
CHEMBL231,5,0.3,6.0,10,weighted_bh,10,10,0.0,10
CHEMBL231,5,0.3,6.0,50,meta_calibration,50,45,0.1,50
CHEMBL231,5,0.3,6.0,50,chemdeprc_cap1,50,45,0.1,50
CHEMBL231,5,0.3,6.0,50,minp_block_bh_cap1,50,45,0.1,50
CHEMBL231,5,0.3,6.0,50,score_cap1,50,45,0.1,50
CHEMBL231,5,0.3,6.0,50,weighted_bh,50,47,0.06,40
CHEMBL231,5,0.3,6.0,75,meta_calibration,75,63,0.16,75
CHEMBL231,5,0.3,6.0,75,chemdeprc_cap1,75,63,0.16,75
CHEMBL231,5,0.3,6.0,75,minp_block_bh_cap1,75,61,0.18666666666666668,75
CHEMBL231,5,0.3,6.0,75,score_cap1,75,64,0.14666666666666667,75
CHEMBL231,5,0.3,6.0,75,weighted_bh,75,66,0.12,50
CHEMBL231,6,0.2,4.0,10,meta_calibration,10,10,0.0,10
CHEMBL231,6,0.2,4.0,10,chemdeprc_cap1,10,10,0.0,10
CHEMBL231,6,0.2,4.0,10,minp_block_bh_cap1,10,10,0.0,10
CHEMBL231,6,0.2,4.0,10,score_cap1,10,10,0.0,10
CHEMBL231,6,0.2,4.0,10,weighted_bh,10,10,0.0,10
CHEMBL231,6,0.2,4.0,50,meta_calibration,50,47,0.06,50
CHEMBL231,6,0.2,4.0,50,chemdeprc_cap1,50,46,0.08,50
CHEMBL231,6,0.2,4.0,50,minp_block_bh_cap1,50,46,0.08,50
CHEMBL231,6,0.2,4.0,50,score_cap1,50,47,0.06,50
CHEMBL231,6,0.2,4.0,50,weighted_bh,50,49,0.02,39
CHEMBL231,6,0.2,4.0,75,meta_calibration,75,64,0.14666666666666667,75
CHEMBL231,6,0.2,4.0,75,chemdeprc_cap1,75,64,0.14666666666666667,75
CHEMBL231,6,0.2,4.0,75,minp_block_bh_cap1,75,62,0.17333333333333334,75
CHEMBL231,6,0.2,4.0,75,score_cap1,75,65,0.13333333333333333,75
CHEMBL231,6,0.2,4.0,75,weighted_bh,75,69,0.08,52
CHEMBL231,6,0.2,6.0,10,meta_calibration,10,10,0.0,10
CHEMBL231,6,0.2,6.0,10,chemdeprc_cap1,10,10,0.0,10
CHEMBL231,6,0.2,6.0,10,minp_block_bh_cap1,10,10,0.0,10
CHEMBL231,6,0.2,6.0,10,score_cap1,10,9,0.1,10
CHEMBL231,6,0.2,6.0,10,weighted_bh,10,10,0.0,10
CHEMBL231,6,0.2,6.0,50,meta_calibration,50,46,0.08,50
CHEMBL231,6,0.2,6.0,50,chemdeprc_cap1,50,46,0.08,50
CHEMBL231,6,0.2,6.0,50,minp_block_bh_cap1,50,45,0.1,50
CHEMBL231,6,0.2,6.0,50,score_cap1,50,46,0.08,50
CHEMBL231,6,0.2,6.0,50,weighted_bh,50,47,0.06,40
CHEMBL231,6,0.2,6.0,75,meta_calibration,75,64,0.14666666666666667,75
CHEMBL231,6,0.2,6.0,75,chemdeprc_cap1,75,64,0.14666666666666667,75
CHEMBL231,6,0.2,6.0,75,minp_block_bh_cap1,75,61,0.18666666666666668,75
CHEMBL231,6,0.2,6.0,75,score_cap1,75,65,0.13333333333333333,75
CHEMBL231,6,0.2,6.0,75,weighted_bh,75,67,0.10666666666666667,52
CHEMBL231,6,0.3,4.0,10,meta_calibration,10,10,0.0,10
CHEMBL231,6,0.3,4.0,10,chemdeprc_cap1,10,9,0.1,10
CHEMBL231,6,0.3,4.0,10,minp_block_bh_cap1,10,10,0.0,10
CHEMBL231,6,0.3,4.0,10,score_cap1,10,9,0.1,10
CHEMBL231,6,0.3,4.0,10,weighted_bh,10,10,0.0,10
CHEMBL231,6,0.3,4.0,50,meta_calibration,50,48,0.04,50
CHEMBL231,6,0.3,4.0,50,chemdeprc_cap1,50,46,0.08,50
CHEMBL231,6,0.3,4.0,50,minp_block_bh_cap1,50,45,0.1,50
CHEMBL231,6,0.3,4.0,50,score_cap1,50,47,0.06,50
CHEMBL231,6,0.3,4.0,50,weighted_bh,50,45,0.1,41
CHEMBL231,6,0.3,4.0,75,meta_calibration,75,65,0.13333333333333333,75
CHEMBL231,6,0.3,4.0,75,chemdeprc_cap1,75,64,0.14666666666666667,75
CHEMBL231,6,0.3,4.0,75,minp_block_bh_cap1,75,62,0.17333333333333334,75
CHEMBL231,6,0.3,4.0,75,score_cap1,75,65,0.13333333333333333,75
CHEMBL231,6,0.3,4.0,75,weighted_bh,75,67,0.10666666666666667,52
CHEMBL231,6,0.3,6.0,10,meta_calibration,10,10,0.0,10
CHEMBL231,6,0.3,6.0,10,chemdeprc_cap1,10,8,0.2,10
CHEMBL231,6,0.3,6.0,10,minp_block_bh_cap1,10,10,0.0,10
CHEMBL231,6,0.3,6.0,10,score_cap1,10,8,0.2,10
CHEMBL231,6,0.3,6.0,10,weighted_bh,10,10,0.0,10
CHEMBL231,6,0.3,6.0,50,meta_calibration,50,48,0.04,50
CHEMBL231,6,0.3,6.0,50,chemdeprc_cap1,50,46,0.08,50
CHEMBL231,6,0.3,6.0,50,minp_block_bh_cap1,50,45,0.1,50
CHEMBL231,6,0.3,6.0,50,score_cap1,50,46,0.08,50
CHEMBL231,6,0.3,6.0,50,weighted_bh,50,45,0.1,41
CHEMBL231,6,0.3,6.0,75,meta_calibration,75,65,0.13333333333333333,75
CHEMBL231,6,0.3,6.0,75,chemdeprc_cap1,75,64,0.14666666666666667,75
CHEMBL231,6,0.3,6.0,75,minp_block_bh_cap1,75,61,0.18666666666666668,75
CHEMBL231,6,0.3,6.0,75,score_cap1,75,65,0.13333333333333333,75
CHEMBL231,6,0.3,6.0,75,weighted_bh,75,67,0.10666666666666667,52
CHEMBL231,7,0.2,4.0,10,meta_calibration,10,10,0.0,10
CHEMBL231,7,0.2,4.0,10,chemdeprc_cap1,10,10,0.0,10
CHEMBL231,7,0.2,4.0,10,minp_block_bh_cap1,10,10,0.0,10
CHEMBL231,7,0.2,4.0,10,score_cap1,10,10,0.0,10
CHEMBL231,7,0.2,4.0,10,weighted_bh,10,10,0.0,10
CHEMBL231,7,0.2,4.0,50,meta_calibration,50,47,0.06,50
CHEMBL231,7,0.2,4.0,50,chemdeprc_cap1,50,47,0.06,50
CHEMBL231,7,0.2,4.0,50,minp_block_bh_cap1,50,46,0.08,50
CHEMBL231,7,0.2,4.0,50,score_cap1,50,48,0.04,50
CHEMBL231,7,0.2,4.0,50,weighted_bh,50,49,0.02,39
CHEMBL231,7,0.2,4.0,75,meta_calibration,75,64,0.14666666666666667,75
CHEMBL231,7,0.2,4.0,75,chemdeprc_cap1,75,64,0.14666666666666667,75
CHEMBL231,7,0.2,4.0,75,minp_block_bh_cap1,75,62,0.17333333333333334,75
CHEMBL231,7,0.2,4.0,75,score_cap1,75,65,0.13333333333333333,75
CHEMBL231,7,0.2,4.0,75,weighted_bh,75,69,0.08,52
CHEMBL231,7,0.2,6.0,10,meta_calibration,10,10,0.0,10
CHEMBL231,7,0.2,6.0,10,chemdeprc_cap1,10,10,0.0,10
CHEMBL231,7,0.2,6.0,10,minp_block_bh_cap1,10,10,0.0,10
CHEMBL231,7,0.2,6.0,10,score_cap1,10,10,0.0,10
CHEMBL231,7,0.2,6.0,10,weighted_bh,10,10,0.0,10
CHEMBL231,7,0.2,6.0,50,meta_calibration,50,46,0.08,50
CHEMBL231,7,0.2,6.0,50,chemdeprc_cap1,50,46,0.08,50
CHEMBL231,7,0.2,6.0,50,minp_block_bh_cap1,50,45,0.1,50
CHEMBL231,7,0.2,6.0,50,score_cap1,50,46,0.08,50
CHEMBL231,7,0.2,6.0,50,weighted_bh,50,49,0.02,39
CHEMBL231,7,0.2,6.0,75,meta_calibration,75,64,0.14666666666666667,75
CHEMBL231,7,0.2,6.0,75,chemdeprc_cap1,75,64,0.14666666666666667,75
CHEMBL231,7,0.2,6.0,75,minp_block_bh_cap1,75,61,0.18666666666666668,75
CHEMBL231,7,0.2,6.0,75,score_cap1,75,65,0.13333333333333333,75
CHEMBL231,7,0.2,6.0,75,weighted_bh,75,67,0.10666666666666667,52
CHEMBL231,7,0.3,4.0,10,meta_calibration,10,10,0.0,10
CHEMBL231,7,0.3,4.0,10,chemdeprc_cap1,10,9,0.1,10
CHEMBL231,7,0.3,4.0,10,minp_block_bh_cap1,10,10,0.0,10
CHEMBL231,7,0.3,4.0,10,score_cap1,10,9,0.1,10
CHEMBL231,7,0.3,4.0,10,weighted_bh,10,10,0.0,10
CHEMBL231,7,0.3,4.0,50,meta_calibration,50,47,0.06,50
CHEMBL231,7,0.3,4.0,50,chemdeprc_cap1,50,46,0.08,50
CHEMBL231,7,0.3,4.0,50,minp_block_bh_cap1,50,45,0.1,50
CHEMBL231,7,0.3,4.0,50,score_cap1,50,46,0.08,50
CHEMBL231,7,0.3,4.0,50,weighted_bh,50,47,0.06,40
CHEMBL231,7,0.3,4.0,75,meta_calibration,75,64,0.14666666666666667,75
CHEMBL231,7,0.3,4.0,75,chemdeprc_cap1,75,64,0.14666666666666667,75
CHEMBL231,7,0.3,4.0,75,minp_block_bh_cap1,75,62,0.17333333333333334,75
CHEMBL231,7,0.3,4.0,75,score_cap1,75,65,0.13333333333333333,75
CHEMBL231,7,0.3,4.0,75,weighted_bh,75,67,0.10666666666666667,52
CHEMBL231,7,0.3,6.0,10,meta_calibration,10,10,0.0,10
CHEMBL231,7,0.3,6.0,10,chemdeprc_cap1,10,9,0.1,10
CHEMBL231,7,0.3,6.0,10,minp_block_bh_cap1,10,10,0.0,10
CHEMBL231,7,0.3,6.0,10,score_cap1,10,8,0.2,10
CHEMBL231,7,0.3,6.0,10,weighted_bh,10,10,0.0,10
CHEMBL231,7,0.3,6.0,50,meta_calibration,50,46,0.08,50
CHEMBL231,7,0.3,6.0,50,chemdeprc_cap1,50,45,0.1,50
CHEMBL231,7,0.3,6.0,50,minp_block_bh_cap1,50,45,0.1,50
CHEMBL231,7,0.3,6.0,50,score_cap1,50,45,0.1,50
CHEMBL231,7,0.3,6.0,50,weighted_bh,50,45,0.1,41
CHEMBL231,7,0.3,6.0,75,meta_calibration,75,64,0.14666666666666667,75
CHEMBL231,7,0.3,6.0,75,chemdeprc_cap1,75,64,0.14666666666666667,75
CHEMBL231,7,0.3,6.0,75,minp_block_bh_cap1,75,61,0.18666666666666668,75
CHEMBL231,7,0.3,6.0,75,score_cap1,75,65,0.13333333333333333,75
CHEMBL231,7,0.3,6.0,75,weighted_bh,75,66,0.12,51
CHEMBL231,8,0.2,4.0,10,meta_calibration,10,10,0.0,10
CHEMBL231,8,0.2,4.0,10,chemdeprc_cap1,10,10,0.0,10
CHEMBL231,8,0.2,4.0,10,minp_block_bh_cap1,10,10,0.0,10
CHEMBL231,8,0.2,4.0,10,score_cap1,10,10,0.0,10
CHEMBL231,8,0.2,4.0,10,weighted_bh,10,10,0.0,10
CHEMBL231,8,0.2,4.0,50,meta_calibration,50,47,0.06,50
CHEMBL231,8,0.2,4.0,50,chemdeprc_cap1,50,46,0.08,50
CHEMBL231,8,0.2,4.0,50,minp_block_bh_cap1,50,45,0.1,50
CHEMBL231,8,0.2,4.0,50,score_cap1,50,47,0.06,50
CHEMBL231,8,0.2,4.0,50,weighted_bh,50,47,0.06,40
CHEMBL231,8,0.2,4.0,75,meta_calibration,75,65,0.13333333333333333,75
CHEMBL231,8,0.2,4.0,75,chemdeprc_cap1,75,64,0.14666666666666667,75
CHEMBL231,8,0.2,4.0,75,minp_block_bh_cap1,75,62,0.17333333333333334,75
CHEMBL231,8,0.2,4.0,75,score_cap1,75,65,0.13333333333333333,75
CHEMBL231,8,0.2,4.0,75,weighted_bh,75,67,0.10666666666666667,52
CHEMBL231,8,0.2,6.0,10,meta_calibration,10,10,0.0,10
CHEMBL231,8,0.2,6.0,10,chemdeprc_cap1,10,9,0.1,10
CHEMBL231,8,0.2,6.0,10,minp_block_bh_cap1,10,10,0.0,10
CHEMBL231,8,0.2,6.0,10,score_cap1,10,9,0.1,10
CHEMBL231,8,0.2,6.0,10,weighted_bh,10,10,0.0,10
CHEMBL231,8,0.2,6.0,50,meta_calibration,50,47,0.06,50
CHEMBL231,8,0.2,6.0,50,chemdeprc_cap1,50,46,0.08,50
CHEMBL231,8,0.2,6.0,50,minp_block_bh_cap1,50,45,0.1,50
CHEMBL231,8,0.2,6.0,50,score_cap1,50,46,0.08,50
CHEMBL231,8,0.2,6.0,50,weighted_bh,50,47,0.06,40
CHEMBL231,8,0.2,6.0,75,meta_calibration,75,65,0.13333333333333333,75
CHEMBL231,8,0.2,6.0,75,chemdeprc_cap1,75,64,0.14666666666666667,75
CHEMBL231,8,0.2,6.0,75,minp_block_bh_cap1,75,61,0.18666666666666668,75
CHEMBL231,8,0.2,6.0,75,score_cap1,75,65,0.13333333333333333,75
CHEMBL231,8,0.2,6.0,75,weighted_bh,75,67,0.10666666666666667,52
CHEMBL231,8,0.3,4.0,10,meta_calibration,10,10,0.0,10
CHEMBL231,8,0.3,4.0,10,chemdeprc_cap1,10,10,0.0,10
CHEMBL231,8,0.3,4.0,10,minp_block_bh_cap1,10,10,0.0,10
CHEMBL231,8,0.3,4.0,10,score_cap1,10,10,0.0,10
CHEMBL231,8,0.3,4.0,10,weighted_bh,10,10,0.0,10
CHEMBL231,8,0.3,4.0,50,meta_calibration,50,46,0.08,50
CHEMBL231,8,0.3,4.0,50,chemdeprc_cap1,50,46,0.08,50
CHEMBL231,8,0.3,4.0,50,minp_block_bh_cap1,50,46,0.08,50
CHEMBL231,8,0.3,4.0,50,score_cap1,50,47,0.06,50
CHEMBL231,8,0.3,4.0,50,weighted_bh,50,49,0.02,39
CHEMBL231,8,0.3,4.0,75,meta_calibration,75,63,0.16,75
CHEMBL231,8,0.3,4.0,75,chemdeprc_cap1,75,63,0.16,75
CHEMBL231,8,0.3,4.0,75,minp_block_bh_cap1,75,61,0.18666666666666668,75
CHEMBL231,8,0.3,4.0,75,score_cap1,75,64,0.14666666666666667,75
CHEMBL231,8,0.3,4.0,75,weighted_bh,75,69,0.08,52
CHEMBL231,8,0.3,6.0,10,meta_calibration,10,10,0.0,10
CHEMBL231,8,0.3,6.0,10,chemdeprc_cap1,10,10,0.0,10
CHEMBL231,8,0.3,6.0,10,minp_block_bh_cap1,10,10,0.0,10
CHEMBL231,8,0.3,6.0,10,score_cap1,10,9,0.1,10
CHEMBL231,8,0.3,6.0,10,weighted_bh,10,10,0.0,10
CHEMBL231,8,0.3,6.0,50,meta_calibration,50,45,0.1,50
CHEMBL231,8,0.3,6.0,50,chemdeprc_cap1,50,45,0.1,50
CHEMBL231,8,0.3,6.0,50,minp_block_bh_cap1,50,45,0.1,50
CHEMBL231,8,0.3,6.0,50,score_cap1,50,45,0.1,50
CHEMBL231,8,0.3,6.0,50,weighted_bh,50,47,0.06,40
CHEMBL231,8,0.3,6.0,75,meta_calibration,75,63,0.16,75
CHEMBL231,8,0.3,6.0,75,chemdeprc_cap1,75,63,0.16,75
CHEMBL231,8,0.3,6.0,75,minp_block_bh_cap1,75,61,0.18666666666666668,75
CHEMBL231,8,0.3,6.0,75,score_cap1,75,64,0.14666666666666667,75
CHEMBL231,8,0.3,6.0,75,weighted_bh,75,66,0.12,51
CHEMBL231,9,0.2,4.0,10,meta_calibration,10,10,0.0,10
CHEMBL231,9,0.2,4.0,10,chemdeprc_cap1,10,10,0.0,10
CHEMBL231,9,0.2,4.0,10,minp_block_bh_cap1,10,10,0.0,10
CHEMBL231,9,0.2,4.0,10,score_cap1,10,10,0.0,10
CHEMBL231,9,0.2,4.0,10,weighted_bh,10,10,0.0,10
CHEMBL231,9,0.2,4.0,50,meta_calibration,50,46,0.08,50
CHEMBL231,9,0.2,4.0,50,chemdeprc_cap1,50,46,0.08,50
CHEMBL231,9,0.2,4.0,50,minp_block_bh_cap1,50,45,0.1,50
CHEMBL231,9,0.2,4.0,50,score_cap1,50,47,0.06,50
CHEMBL231,9,0.2,4.0,50,weighted_bh,50,49,0.02,39
CHEMBL231,9,0.2,4.0,75,meta_calibration,75,64,0.14666666666666667,75
CHEMBL231,9,0.2,4.0,75,chemdeprc_cap1,75,64,0.14666666666666667,75
CHEMBL231,9,0.2,4.0,75,minp_block_bh_cap1,75,61,0.18666666666666668,75
CHEMBL231,9,0.2,4.0,75,score_cap1,75,65,0.13333333333333333,75
CHEMBL231,9,0.2,4.0,75,weighted_bh,75,67,0.10666666666666667,52
CHEMBL231,9,0.2,6.0,10,meta_calibration,10,10,0.0,10
CHEMBL231,9,0.2,6.0,10,chemdeprc_cap1,10,10,0.0,10
CHEMBL231,9,0.2,6.0,10,minp_block_bh_cap1,10,10,0.0,10
CHEMBL231,9,0.2,6.0,10,score_cap1,10,9,0.1,10
CHEMBL231,9,0.2,6.0,10,weighted_bh,10,10,0.0,10
CHEMBL231,9,0.2,6.0,50,meta_calibration,50,46,0.08,50
CHEMBL231,9,0.2,6.0,50,chemdeprc_cap1,50,46,0.08,50
CHEMBL231,9,0.2,6.0,50,minp_block_bh_cap1,50,45,0.1,50
CHEMBL231,9,0.2,6.0,50,score_cap1,50,46,0.08,50
CHEMBL231,9,0.2,6.0,50,weighted_bh,50,47,0.06,40
CHEMBL231,9,0.2,6.0,75,meta_calibration,75,64,0.14666666666666667,75
CHEMBL231,9,0.2,6.0,75,chemdeprc_cap1,75,64,0.14666666666666667,75
CHEMBL231,9,0.2,6.0,75,minp_block_bh_cap1,75,61,0.18666666666666668,75
CHEMBL231,9,0.2,6.0,75,score_cap1,75,65,0.13333333333333333,75
CHEMBL231,9,0.2,6.0,75,weighted_bh,75,66,0.12,50
CHEMBL231,9,0.3,4.0,10,meta_calibration,10,10,0.0,10
CHEMBL231,9,0.3,4.0,10,chemdeprc_cap1,10,10,0.0,10
CHEMBL231,9,0.3,4.0,10,minp_block_bh_cap1,10,10,0.0,10
CHEMBL231,9,0.3,4.0,10,score_cap1,10,10,0.0,10
CHEMBL231,9,0.3,4.0,10,weighted_bh,10,10,0.0,10
CHEMBL231,9,0.3,4.0,50,meta_calibration,50,46,0.08,50
CHEMBL231,9,0.3,4.0,50,chemdeprc_cap1,50,46,0.08,50
CHEMBL231,9,0.3,4.0,50,minp_block_bh_cap1,50,45,0.1,50
CHEMBL231,9,0.3,4.0,50,score_cap1,50,46,0.08,50
CHEMBL231,9,0.3,4.0,50,weighted_bh,50,47,0.06,40
CHEMBL231,9,0.3,4.0,75,meta_calibration,75,64,0.14666666666666667,75
CHEMBL231,9,0.3,4.0,75,chemdeprc_cap1,75,64,0.14666666666666667,75
CHEMBL231,9,0.3,4.0,75,minp_block_bh_cap1,75,61,0.18666666666666668,75
CHEMBL231,9,0.3,4.0,75,score_cap1,75,64,0.14666666666666667,75
CHEMBL231,9,0.3,4.0,75,weighted_bh,75,67,0.10666666666666667,52
CHEMBL231,9,0.3,6.0,10,meta_calibration,10,10,0.0,10
CHEMBL231,9,0.3,6.0,10,chemdeprc_cap1,10,9,0.1,10
CHEMBL231,9,0.3,6.0,10,minp_block_bh_cap1,10,10,0.0,10
CHEMBL231,9,0.3,6.0,10,score_cap1,10,8,0.2,10
CHEMBL231,9,0.3,6.0,10,weighted_bh,10,10,0.0,10
CHEMBL231,9,0.3,6.0,50,meta_calibration,50,46,0.08,50
CHEMBL231,9,0.3,6.0,50,chemdeprc_cap1,50,45,0.1,50
CHEMBL231,9,0.3,6.0,50,minp_block_bh_cap1,50,45,0.1,50
CHEMBL231,9,0.3,6.0,50,score_cap1,50,45,0.1,50
CHEMBL231,9,0.3,6.0,50,weighted_bh,50,45,0.1,41
CHEMBL231,9,0.3,6.0,75,meta_calibration,75,64,0.14666666666666667,75
CHEMBL231,9,0.3,6.0,75,chemdeprc_cap1,75,64,0.14666666666666667,75
CHEMBL231,9,0.3,6.0,75,minp_block_bh_cap1,75,61,0.18666666666666668,75
CHEMBL231,9,0.3,6.0,75,score_cap1,75,64,0.14666666666666667,75
CHEMBL231,9,0.3,6.0,75,weighted_bh,75,66,0.12,51
CHEMBL232,0,0.2,4.0,10,meta_calibration,10,9,0.1,10
CHEMBL232,0,0.2,4.0,10,chemdeprc_cap1,10,9,0.1,10
CHEMBL232,0,0.2,4.0,10,minp_block_bh_cap1,10,9,0.1,10
CHEMBL232,0,0.2,4.0,10,score_cap1,10,9,0.1,10
CHEMBL232,0,0.2,4.0,10,weighted_bh,10,9,0.1,10
CHEMBL232,0,0.2,4.0,50,meta_calibration,50,40,0.2,50
CHEMBL232,0,0.2,4.0,50,chemdeprc_cap1,50,42,0.16,50
CHEMBL232,0,0.2,4.0,50,minp_block_bh_cap1,48,41,0.14583333333333334,48
CHEMBL232,0,0.2,4.0,50,score_cap1,50,40,0.2,50
CHEMBL232,0,0.2,4.0,50,weighted_bh,50,44,0.12,47
CHEMBL232,0,0.2,4.0,75,meta_calibration,75,57,0.24,75
CHEMBL232,0,0.2,4.0,75,chemdeprc_cap1,72,54,0.25,72
CHEMBL232,0,0.2,4.0,75,minp_block_bh_cap1,48,41,0.14583333333333334,48
CHEMBL232,0,0.2,4.0,75,score_cap1,75,56,0.25333333333333335,75
CHEMBL232,0,0.2,4.0,75,weighted_bh,75,59,0.21333333333333335,63
CHEMBL232,0,0.2,6.0,10,meta_calibration,10,9,0.1,10
CHEMBL232,0,0.2,6.0,10,chemdeprc_cap1,10,8,0.2,10
CHEMBL232,0,0.2,6.0,10,minp_block_bh_cap1,10,9,0.1,10
CHEMBL232,0,0.2,6.0,10,score_cap1,10,6,0.4,10
CHEMBL232,0,0.2,6.0,10,weighted_bh,10,9,0.1,10
CHEMBL232,0,0.2,6.0,50,meta_calibration,50,40,0.2,50
CHEMBL232,0,0.2,6.0,50,chemdeprc_cap1,50,41,0.18,50
CHEMBL232,0,0.2,6.0,50,minp_block_bh_cap1,50,41,0.18,50
CHEMBL232,0,0.2,6.0,50,score_cap1,50,40,0.2,50
CHEMBL232,0,0.2,6.0,50,weighted_bh,50,40,0.2,45
CHEMBL232,0,0.2,6.0,75,meta_calibration,75,57,0.24,75
CHEMBL232,0,0.2,6.0,75,chemdeprc_cap1,72,54,0.25,72
CHEMBL232,0,0.2,6.0,75,minp_block_bh_cap1,50,41,0.18,50
CHEMBL232,0,0.2,6.0,75,score_cap1,75,56,0.25333333333333335,75
CHEMBL232,0,0.2,6.0,75,weighted_bh,75,57,0.24,64
CHEMBL232,0,0.3,4.0,10,meta_calibration,10,8,0.2,10
CHEMBL232,0,0.3,4.0,10,chemdeprc_cap1,10,8,0.2,10
CHEMBL232,0,0.3,4.0,10,minp_block_bh_cap1,10,8,0.2,10
CHEMBL232,0,0.3,4.0,10,score_cap1,10,6,0.4,10
CHEMBL232,0,0.3,4.0,10,weighted_bh,10,9,0.1,10
CHEMBL232,0,0.3,4.0,50,meta_calibration,50,42,0.16,50
CHEMBL232,0,0.3,4.0,50,chemdeprc_cap1,50,41,0.18,50
CHEMBL232,0,0.3,4.0,50,minp_block_bh_cap1,50,41,0.18,50
CHEMBL232,0,0.3,4.0,50,score_cap1,50,41,0.18,50
CHEMBL232,0,0.3,4.0,50,weighted_bh,50,39,0.22,44
CHEMBL232,0,0.3,4.0,75,meta_calibration,75,58,0.22666666666666666,75
CHEMBL232,0,0.3,4.0,75,chemdeprc_cap1,73,55,0.2465753424657534,73
CHEMBL232,0,0.3,4.0,75,minp_block_bh_cap1,50,41,0.18,50
CHEMBL232,0,0.3,4.0,75,score_cap1,75,56,0.25333333333333335,75
CHEMBL232,0,0.3,4.0,75,weighted_bh,75,56,0.25333333333333335,62
CHEMBL232,0,0.3,6.0,10,meta_calibration,10,9,0.1,10
CHEMBL232,0,0.3,6.0,10,chemdeprc_cap1,10,6,0.4,10
CHEMBL232,0,0.3,6.0,10,minp_block_bh_cap1,10,7,0.3,10
CHEMBL232,0,0.3,6.0,10,score_cap1,10,5,0.5,10
CHEMBL232,0,0.3,6.0,10,weighted_bh,10,8,0.2,10
CHEMBL232,0,0.3,6.0,50,meta_calibration,50,43,0.14,50
CHEMBL232,0,0.3,6.0,50,chemdeprc_cap1,50,41,0.18,50
CHEMBL232,0,0.3,6.0,50,minp_block_bh_cap1,50,41,0.18,50
CHEMBL232,0,0.3,6.0,50,score_cap1,50,41,0.18,50
CHEMBL232,0,0.3,6.0,50,weighted_bh,50,37,0.26,44
CHEMBL232,0,0.3,6.0,75,meta_calibration,75,58,0.22666666666666666,75
CHEMBL232,0,0.3,6.0,75,chemdeprc_cap1,73,55,0.2465753424657534,73
CHEMBL232,0,0.3,6.0,75,minp_block_bh_cap1,51,41,0.19607843137254902,51
CHEMBL232,0,0.3,6.0,75,score_cap1,75,56,0.25333333333333335,75
CHEMBL232,0,0.3,6.0,75,weighted_bh,75,55,0.26666666666666666,62
CHEMBL232,1,0.2,4.0,10,meta_calibration,10,8,0.2,10
CHEMBL232,1,0.2,4.0,10,chemdeprc_cap1,10,9,0.1,10
CHEMBL232,1,0.2,4.0,10,minp_block_bh_cap1,10,9,0.1,10
CHEMBL232,1,0.2,4.0,10,score_cap1,10,9,0.1,10
CHEMBL232,1,0.2,4.0,10,weighted_bh,10,9,0.1,10
CHEMBL232,1,0.2,4.0,50,meta_calibration,50,40,0.2,50
CHEMBL232,1,0.2,4.0,50,chemdeprc_cap1,50,42,0.16,50
CHEMBL232,1,0.2,4.0,50,minp_block_bh_cap1,47,41,0.1276595744680851,47
CHEMBL232,1,0.2,4.0,50,score_cap1,50,41,0.18,50
CHEMBL232,1,0.2,4.0,50,weighted_bh,50,44,0.12,47
CHEMBL232,1,0.2,4.0,75,meta_calibration,75,56,0.25333333333333335,75
CHEMBL232,1,0.2,4.0,75,chemdeprc_cap1,71,54,0.23943661971830985,71
CHEMBL232,1,0.2,4.0,75,minp_block_bh_cap1,47,41,0.1276595744680851,47
CHEMBL232,1,0.2,4.0,75,score_cap1,75,56,0.25333333333333335,75
CHEMBL232,1,0.2,4.0,75,weighted_bh,61,53,0.13114754098360656,54
CHEMBL232,1,0.2,6.0,10,meta_calibration,10,9,0.1,10
CHEMBL232,1,0.2,6.0,10,chemdeprc_cap1,10,7,0.3,10
CHEMBL232,1,0.2,6.0,10,minp_block_bh_cap1,10,9,0.1,10
CHEMBL232,1,0.2,6.0,10,score_cap1,10,7,0.3,10
CHEMBL232,1,0.2,6.0,10,weighted_bh,10,9,0.1,10
CHEMBL232,1,0.2,6.0,50,meta_calibration,50,42,0.16,50
CHEMBL232,1,0.2,6.0,50,chemdeprc_cap1,50,42,0.16,50
CHEMBL232,1,0.2,6.0,50,minp_block_bh_cap1,48,41,0.14583333333333334,48
CHEMBL232,1,0.2,6.0,50,score_cap1,50,40,0.2,50
CHEMBL232,1,0.2,6.0,50,weighted_bh,50,44,0.12,47
CHEMBL232,1,0.2,6.0,75,meta_calibration,75,58,0.22666666666666666,75
CHEMBL232,1,0.2,6.0,75,chemdeprc_cap1,71,54,0.23943661971830985,71
CHEMBL232,1,0.2,6.0,75,minp_block_bh_cap1,48,41,0.14583333333333334,48
CHEMBL232,1,0.2,6.0,75,score_cap1,75,55,0.26666666666666666,75
CHEMBL232,1,0.2,6.0,75,weighted_bh,75,56,0.25333333333333335,62
CHEMBL232,1,0.3,4.0,10,meta_calibration,10,8,0.2,10
CHEMBL232,1,0.3,4.0,10,chemdeprc_cap1,10,9,0.1,10
CHEMBL232,1,0.3,4.0,10,minp_block_bh_cap1,10,9,0.1,10
CHEMBL232,1,0.3,4.0,10,score_cap1,10,8,0.2,10
CHEMBL232,1,0.3,4.0,10,weighted_bh,10,9,0.1,10
CHEMBL232,1,0.3,4.0,50,meta_calibration,50,40,0.2,50
CHEMBL232,1,0.3,4.0,50,chemdeprc_cap1,50,40,0.2,50
CHEMBL232,1,0.3,4.0,50,minp_block_bh_cap1,48,41,0.14583333333333334,48
CHEMBL232,1,0.3,4.0,50,score_cap1,50,40,0.2,50
CHEMBL232,1,0.3,4.0,50,weighted_bh,50,44,0.12,47
CHEMBL232,1,0.3,4.0,75,meta_calibration,75,57,0.24,75
CHEMBL232,1,0.3,4.0,75,chemdeprc_cap1,74,55,0.25675675675675674,74
CHEMBL232,1,0.3,4.0,75,minp_block_bh_cap1,48,41,0.14583333333333334,48
CHEMBL232,1,0.3,4.0,75,score_cap1,75,56,0.25333333333333335,75
CHEMBL232,1,0.3,4.0,75,weighted_bh,75,55,0.26666666666666666,64
CHEMBL232,1,0.3,6.0,10,meta_calibration,10,9,0.1,10
CHEMBL232,1,0.3,6.0,10,chemdeprc_cap1,10,7,0.3,10
CHEMBL232,1,0.3,6.0,10,minp_block_bh_cap1,10,9,0.1,10
CHEMBL232,1,0.3,6.0,10,score_cap1,10,6,0.4,10
CHEMBL232,1,0.3,6.0,10,weighted_bh,10,9,0.1,10
CHEMBL232,1,0.3,6.0,50,meta_calibration,50,40,0.2,50
CHEMBL232,1,0.3,6.0,50,chemdeprc_cap1,50,40,0.2,50
CHEMBL232,1,0.3,6.0,50,minp_block_bh_cap1,50,41,0.18,50
CHEMBL232,1,0.3,6.0,50,score_cap1,50,40,0.2,50
CHEMBL232,1,0.3,6.0,50,weighted_bh,50,36,0.28,44
CHEMBL232,1,0.3,6.0,75,meta_calibration,75,57,0.24,75
CHEMBL232,1,0.3,6.0,75,chemdeprc_cap1,74,55,0.25675675675675674,74
CHEMBL232,1,0.3,6.0,75,minp_block_bh_cap1,51,41,0.19607843137254902,51
CHEMBL232,1,0.3,6.0,75,score_cap1,75,56,0.25333333333333335,75
CHEMBL232,1,0.3,6.0,75,weighted_bh,75,53,0.29333333333333333,62
CHEMBL232,2,0.2,4.0,10,meta_calibration,10,9,0.1,10
CHEMBL232,2,0.2,4.0,10,chemdeprc_cap1,10,9,0.1,10
CHEMBL232,2,0.2,4.0,10,minp_block_bh_cap1,10,9,0.1,10
CHEMBL232,2,0.2,4.0,10,score_cap1,10,8,0.2,10
CHEMBL232,2,0.2,4.0,10,weighted_bh,10,9,0.1,10
CHEMBL232,2,0.2,4.0,50,meta_calibration,50,41,0.18,50
CHEMBL232,2,0.2,4.0,50,chemdeprc_cap1,50,43,0.14,50
CHEMBL232,2,0.2,4.0,50,minp_block_bh_cap1,48,41,0.14583333333333334,48
CHEMBL232,2,0.2,4.0,50,score_cap1,50,41,0.18,50
CHEMBL232,2,0.2,4.0,50,weighted_bh,50,44,0.12,47
CHEMBL232,2,0.2,4.0,75,meta_calibration,75,58,0.22666666666666666,75
CHEMBL232,2,0.2,4.0,75,chemdeprc_cap1,72,54,0.25,72
CHEMBL232,2,0.2,4.0,75,minp_block_bh_cap1,48,41,0.14583333333333334,48
CHEMBL232,2,0.2,4.0,75,score_cap1,75,56,0.25333333333333335,75
CHEMBL232,2,0.2,4.0,75,weighted_bh,75,59,0.21333333333333335,62
CHEMBL232,2,0.2,6.0,10,meta_calibration,10,9,0.1,10
CHEMBL232,2,0.2,6.0,10,chemdeprc_cap1,10,8,0.2,10
CHEMBL232,2,0.2,6.0,10,minp_block_bh_cap1,10,9,0.1,10
CHEMBL232,2,0.2,6.0,10,score_cap1,10,7,0.3,10
CHEMBL232,2,0.2,6.0,10,weighted_bh,10,9,0.1,10
CHEMBL232,2,0.2,6.0,50,meta_calibration,50,41,0.18,50
CHEMBL232,2,0.2,6.0,50,chemdeprc_cap1,50,42,0.16,50
CHEMBL232,2,0.2,6.0,50,minp_block_bh_cap1,49,41,0.16326530612244897,49
CHEMBL232,2,0.2,6.0,50,score_cap1,50,40,0.2,50
CHEMBL232,2,0.2,6.0,50,weighted_bh,50,40,0.2,44
CHEMBL232,2,0.2,6.0,75,meta_calibration,75,58,0.22666666666666666,75
CHEMBL232,2,0.2,6.0,75,chemdeprc_cap1,72,54,0.25,72
CHEMBL232,2,0.2,6.0,75,minp_block_bh_cap1,49,41,0.16326530612244897,49
CHEMBL232,2,0.2,6.0,75,score_cap1,75,55,0.26666666666666666,75
CHEMBL232,2,0.2,6.0,75,weighted_bh,75,57,0.24,63
CHEMBL232,2,0.3,4.0,10,meta_calibration,10,7,0.3,10
CHEMBL232,2,0.3,4.0,10,chemdeprc_cap1,10,9,0.1,10
CHEMBL232,2,0.3,4.0,10,minp_block_bh_cap1,10,9,0.1,10
CHEMBL232,2,0.3,4.0,10,score_cap1,10,9,0.1,10
CHEMBL232,2,0.3,4.0,10,weighted_bh,10,9,0.1,10
CHEMBL232,2,0.3,4.0,50,meta_calibration,50,40,0.2,50
CHEMBL232,2,0.3,4.0,50,chemdeprc_cap1,50,41,0.18,50
CHEMBL232,2,0.3,4.0,50,minp_block_bh_cap1,47,41,0.1276595744680851,47
CHEMBL232,2,0.3,4.0,50,score_cap1,50,40,0.2,50
CHEMBL232,2,0.3,4.0,50,weighted_bh,50,44,0.12,47
CHEMBL232,2,0.3,4.0,75,meta_calibration,75,55,0.26666666666666666,75
CHEMBL232,2,0.3,4.0,75,chemdeprc_cap1,72,54,0.25,72
CHEMBL232,2,0.3,4.0,75,minp_block_bh_cap1,47,41,0.1276595744680851,47
CHEMBL232,2,0.3,4.0,75,score_cap1,75,55,0.26666666666666666,75
CHEMBL232,2,0.3,4.0,75,weighted_bh,75,60,0.2,63
CHEMBL232,2,0.3,6.0,10,meta_calibration,10,9,0.1,10
CHEMBL232,2,0.3,6.0,10,chemdeprc_cap1,10,7,0.3,10
CHEMBL232,2,0.3,6.0,10,minp_block_bh_cap1,10,9,0.1,10
CHEMBL232,2,0.3,6.0,10,score_cap1,10,6,0.4,10
CHEMBL232,2,0.3,6.0,10,weighted_bh,10,9,0.1,10
CHEMBL232,2,0.3,6.0,50,meta_calibration,50,41,0.18,50
CHEMBL232,2,0.3,6.0,50,chemdeprc_cap1,50,41,0.18,50
CHEMBL232,2,0.3,6.0,50,minp_block_bh_cap1,50,41,0.18,50
CHEMBL232,2,0.3,6.0,50,score_cap1,50,39,0.22,50
CHEMBL232,2,0.3,6.0,50,weighted_bh,50,40,0.2,44
CHEMBL232,2,0.3,6.0,75,meta_calibration,75,56,0.25333333333333335,75
CHEMBL232,2,0.3,6.0,75,chemdeprc_cap1,72,54,0.25,72
CHEMBL232,2,0.3,6.0,75,minp_block_bh_cap1,50,41,0.18,50
CHEMBL232,2,0.3,6.0,75,score_cap1,75,54,0.28,75
CHEMBL232,2,0.3,6.0,75,weighted_bh,75,53,0.29333333333333333,61
CHEMBL232,3,0.2,4.0,10,meta_calibration,10,8,0.2,10
CHEMBL232,3,0.2,4.0,10,chemdeprc_cap1,10,9,0.1,10
CHEMBL232,3,0.2,4.0,10,minp_block_bh_cap1,10,9,0.1,10
CHEMBL232,3,0.2,4.0,10,score_cap1,10,9,0.1,10
CHEMBL232,3,0.2,4.0,10,weighted_bh,10,9,0.1,10
CHEMBL232,3,0.2,4.0,50,meta_calibration,50,40,0.2,50
CHEMBL232,3,0.2,4.0,50,chemdeprc_cap1,50,42,0.16,50
CHEMBL232,3,0.2,4.0,50,minp_block_bh_cap1,48,41,0.14583333333333334,48
CHEMBL232,3,0.2,4.0,50,score_cap1,50,41,0.18,50
CHEMBL232,3,0.2,4.0,50,weighted_bh,50,44,0.12,47
CHEMBL232,3,0.2,4.0,75,meta_calibration,75,57,0.24,75
CHEMBL232,3,0.2,4.0,75,chemdeprc_cap1,71,55,0.22535211267605634,71
CHEMBL232,3,0.2,4.0,75,minp_block_bh_cap1,48,41,0.14583333333333334,48
CHEMBL232,3,0.2,4.0,75,score_cap1,75,57,0.24,75
CHEMBL232,3,0.2,4.0,75,weighted_bh,75,60,0.2,62
CHEMBL232,3,0.2,6.0,10,meta_calibration,10,9,0.1,10
CHEMBL232,3,0.2,6.0,10,chemdeprc_cap1,10,7,0.3,10
CHEMBL232,3,0.2,6.0,10,minp_block_bh_cap1,10,9,0.1,10
CHEMBL232,3,0.2,6.0,10,score_cap1,10,7,0.3,10
CHEMBL232,3,0.2,6.0,10,weighted_bh,10,9,0.1,10
CHEMBL232,3,0.2,6.0,50,meta_calibration,50,41,0.18,50
CHEMBL232,3,0.2,6.0,50,chemdeprc_cap1,50,42,0.16,50
CHEMBL232,3,0.2,6.0,50,minp_block_bh_cap1,48,41,0.14583333333333334,48
CHEMBL232,3,0.2,6.0,50,score_cap1,50,40,0.2,50
CHEMBL232,3,0.2,6.0,50,weighted_bh,50,43,0.14,46
CHEMBL232,3,0.2,6.0,75,meta_calibration,75,58,0.22666666666666666,75
CHEMBL232,3,0.2,6.0,75,chemdeprc_cap1,71,55,0.22535211267605634,71
CHEMBL232,3,0.2,6.0,75,minp_block_bh_cap1,48,41,0.14583333333333334,48
CHEMBL232,3,0.2,6.0,75,score_cap1,75,56,0.25333333333333335,75
CHEMBL232,3,0.2,6.0,75,weighted_bh,75,58,0.22666666666666666,63
CHEMBL232,3,0.3,4.0,10,meta_calibration,10,7,0.3,10
CHEMBL232,3,0.3,4.0,10,chemdeprc_cap1,10,9,0.1,10
CHEMBL232,3,0.3,4.0,10,minp_block_bh_cap1,10,9,0.1,10
CHEMBL232,3,0.3,4.0,10,score_cap1,10,8,0.2,10
CHEMBL232,3,0.3,4.0,10,weighted_bh,10,9,0.1,10
CHEMBL232,3,0.3,4.0,50,meta_calibration,50,40,0.2,50
CHEMBL232,3,0.3,4.0,50,chemdeprc_cap1,50,40,0.2,50
CHEMBL232,3,0.3,4.0,50,minp_block_bh_cap1,48,41,0.14583333333333334,48
CHEMBL232,3,0.3,4.0,50,score_cap1,50,40,0.2,50
CHEMBL232,3,0.3,4.0,50,weighted_bh,50,43,0.14,46
CHEMBL232,3,0.3,4.0,75,meta_calibration,75,56,0.25333333333333335,75
CHEMBL232,3,0.3,4.0,75,chemdeprc_cap1,73,55,0.2465753424657534,73
CHEMBL232,3,0.3,4.0,75,minp_block_bh_cap1,48,41,0.14583333333333334,48
CHEMBL232,3,0.3,4.0,75,score_cap1,75,55,0.26666666666666666,75
CHEMBL232,3,0.3,4.0,75,weighted_bh,75,58,0.22666666666666666,63
CHEMBL232,3,0.3,6.0,10,meta_calibration,10,9,0.1,10
CHEMBL232,3,0.3,6.0,10,chemdeprc_cap1,10,7,0.3,10
CHEMBL232,3,0.3,6.0,10,minp_block_bh_cap1,10,8,0.2,10
CHEMBL232,3,0.3,6.0,10,score_cap1,10,6,0.4,10
CHEMBL232,3,0.3,6.0,10,weighted_bh,10,8,0.2,10
CHEMBL232,3,0.3,6.0,50,meta_calibration,50,41,0.18,50
CHEMBL232,3,0.3,6.0,50,chemdeprc_cap1,50,40,0.2,50
CHEMBL232,3,0.3,6.0,50,minp_block_bh_cap1,50,41,0.18,50
CHEMBL232,3,0.3,6.0,50,score_cap1,50,40,0.2,50
CHEMBL232,3,0.3,6.0,50,weighted_bh,50,40,0.2,45
CHEMBL232,3,0.3,6.0,75,meta_calibration,75,57,0.24,75
CHEMBL232,3,0.3,6.0,75,chemdeprc_cap1,73,55,0.2465753424657534,73
CHEMBL232,3,0.3,6.0,75,minp_block_bh_cap1,50,41,0.18,50
CHEMBL232,3,0.3,6.0,75,score_cap1,75,55,0.26666666666666666,75
CHEMBL232,3,0.3,6.0,75,weighted_bh,75,55,0.26666666666666666,63
CHEMBL232,4,0.2,4.0,10,meta_calibration,10,8,0.2,10
CHEMBL232,4,0.2,4.0,10,chemdeprc_cap1,10,9,0.1,10
CHEMBL232,4,0.2,4.0,10,minp_block_bh_cap1,10,9,0.1,10
CHEMBL232,4,0.2,4.0,10,score_cap1,10,8,0.2,10
CHEMBL232,4,0.2,4.0,10,weighted_bh,10,9,0.1,10
CHEMBL232,4,0.2,4.0,50,meta_calibration,50,40,0.2,50
CHEMBL232,4,0.2,4.0,50,chemdeprc_cap1,50,41,0.18,50
CHEMBL232,4,0.2,4.0,50,minp_block_bh_cap1,48,41,0.14583333333333334,48
CHEMBL232,4,0.2,4.0,50,score_cap1,50,40,0.2,50
CHEMBL232,4,0.2,4.0,50,weighted_bh,50,44,0.12,47
CHEMBL232,4,0.2,4.0,75,meta_calibration,75,58,0.22666666666666666,75
CHEMBL232,4,0.2,4.0,75,chemdeprc_cap1,72,54,0.25,72
CHEMBL232,4,0.2,4.0,75,minp_block_bh_cap1,48,41,0.14583333333333334,48
CHEMBL232,4,0.2,4.0,75,score_cap1,75,56,0.25333333333333335,75
CHEMBL232,4,0.2,4.0,75,weighted_bh,75,59,0.21333333333333335,62
CHEMBL232,4,0.2,6.0,10,meta_calibration,10,9,0.1,10
CHEMBL232,4,0.2,6.0,10,chemdeprc_cap1,10,6,0.4,10
CHEMBL232,4,0.2,6.0,10,minp_block_bh_cap1,10,9,0.1,10
CHEMBL232,4,0.2,6.0,10,score_cap1,10,6,0.4,10
CHEMBL232,4,0.2,6.0,10,weighted_bh,10,9,0.1,10
CHEMBL232,4,0.2,6.0,50,meta_calibration,50,42,0.16,50
CHEMBL232,4,0.2,6.0,50,chemdeprc_cap1,50,41,0.18,50
CHEMBL232,4,0.2,6.0,50,minp_block_bh_cap1,49,41,0.16326530612244897,49
CHEMBL232,4,0.2,6.0,50,score_cap1,50,40,0.2,50
CHEMBL232,4,0.2,6.0,50,weighted_bh,50,42,0.16,45
CHEMBL232,4,0.2,6.0,75,meta_calibration,75,60,0.2,75
CHEMBL232,4,0.2,6.0,75,chemdeprc_cap1,72,54,0.25,72
CHEMBL232,4,0.2,6.0,75,minp_block_bh_cap1,49,41,0.16326530612244897,49
CHEMBL232,4,0.2,6.0,75,score_cap1,75,56,0.25333333333333335,75
CHEMBL232,4,0.2,6.0,75,weighted_bh,75,54,0.28,62
CHEMBL232,4,0.3,4.0,10,meta_calibration,10,7,0.3,10
CHEMBL232,4,0.3,4.0,10,chemdeprc_cap1,10,9,0.1,10
CHEMBL232,4,0.3,4.0,10,minp_block_bh_cap1,10,9,0.1,10
CHEMBL232,4,0.3,4.0,10,score_cap1,10,8,0.2,10
CHEMBL232,4,0.3,4.0,10,weighted_bh,10,9,0.1,10
CHEMBL232,4,0.3,4.0,50,meta_calibration,50,40,0.2,50
CHEMBL232,4,0.3,4.0,50,chemdeprc_cap1,50,40,0.2,50
CHEMBL232,4,0.3,4.0,50,minp_block_bh_cap1,48,41,0.14583333333333334,48
CHEMBL232,4,0.3,4.0,50,score_cap1,50,40,0.2,50
CHEMBL232,4,0.3,4.0,50,weighted_bh,50,43,0.14,46
CHEMBL232,4,0.3,4.0,75,meta_calibration,75,57,0.24,75
CHEMBL232,4,0.3,4.0,75,chemdeprc_cap1,71,54,0.23943661971830985,71
CHEMBL232,4,0.3,4.0,75,minp_block_bh_cap1,48,41,0.14583333333333334,48
CHEMBL232,4,0.3,4.0,75,score_cap1,75,56,0.25333333333333335,75
CHEMBL232,4,0.3,4.0,75,weighted_bh,75,60,0.2,62
CHEMBL232,4,0.3,6.0,10,meta_calibration,10,9,0.1,10
CHEMBL232,4,0.3,6.0,10,chemdeprc_cap1,10,6,0.4,10
CHEMBL232,4,0.3,6.0,10,minp_block_bh_cap1,10,8,0.2,10
CHEMBL232,4,0.3,6.0,10,score_cap1,10,5,0.5,10
CHEMBL232,4,0.3,6.0,10,weighted_bh,10,8,0.2,10
CHEMBL232,4,0.3,6.0,50,meta_calibration,50,42,0.16,50
CHEMBL232,4,0.3,6.0,50,chemdeprc_cap1,50,40,0.2,50
CHEMBL232,4,0.3,6.0,50,minp_block_bh_cap1,50,41,0.18,50
CHEMBL232,4,0.3,6.0,50,score_cap1,50,40,0.2,50
CHEMBL232,4,0.3,6.0,50,weighted_bh,50,39,0.22,43
CHEMBL232,4,0.3,6.0,75,meta_calibration,75,59,0.21333333333333335,75
CHEMBL232,4,0.3,6.0,75,chemdeprc_cap1,71,54,0.23943661971830985,71
CHEMBL232,4,0.3,6.0,75,minp_block_bh_cap1,50,41,0.18,50
CHEMBL232,4,0.3,6.0,75,score_cap1,75,56,0.25333333333333335,75
CHEMBL232,4,0.3,6.0,75,weighted_bh,75,53,0.29333333333333333,60
CHEMBL232,5,0.2,4.0,10,meta_calibration,10,7,0.3,10
CHEMBL232,5,0.2,4.0,10,chemdeprc_cap1,10,9,0.1,10
CHEMBL232,5,0.2,4.0,10,minp_block_bh_cap1,10,9,0.1,10
CHEMBL232,5,0.2,4.0,10,score_cap1,10,9,0.1,10
CHEMBL232,5,0.2,4.0,10,weighted_bh,10,9,0.1,10
CHEMBL232,5,0.2,4.0,50,meta_calibration,50,40,0.2,50
CHEMBL232,5,0.2,4.0,50,chemdeprc_cap1,50,41,0.18,50
CHEMBL232,5,0.2,4.0,50,minp_block_bh_cap1,47,41,0.1276595744680851,47
CHEMBL232,5,0.2,4.0,50,score_cap1,50,40,0.2,50
CHEMBL232,5,0.2,4.0,50,weighted_bh,50,44,0.12,47
CHEMBL232,5,0.2,4.0,75,meta_calibration,75,57,0.24,75
CHEMBL232,5,0.2,4.0,75,chemdeprc_cap1,72,55,0.2361111111111111,72
CHEMBL232,5,0.2,4.0,75,minp_block_bh_cap1,47,41,0.1276595744680851,47
CHEMBL232,5,0.2,4.0,75,score_cap1,75,56,0.25333333333333335,75
CHEMBL232,5,0.2,4.0,75,weighted_bh,75,59,0.21333333333333335,63
CHEMBL232,5,0.2,6.0,10,meta_calibration,10,9,0.1,10
CHEMBL232,5,0.2,6.0,10,chemdeprc_cap1,10,7,0.3,10
CHEMBL232,5,0.2,6.0,10,minp_block_bh_cap1,10,9,0.1,10
CHEMBL232,5,0.2,6.0,10,score_cap1,10,7,0.3,10
CHEMBL232,5,0.2,6.0,10,weighted_bh,10,9,0.1,10
CHEMBL232,5,0.2,6.0,50,meta_calibration,50,41,0.18,50
CHEMBL232,5,0.2,6.0,50,chemdeprc_cap1,50,41,0.18,50
CHEMBL232,5,0.2,6.0,50,minp_block_bh_cap1,49,41,0.16326530612244897,49
CHEMBL232,5,0.2,6.0,50,score_cap1,50,40,0.2,50
CHEMBL232,5,0.2,6.0,50,weighted_bh,50,39,0.22,43
CHEMBL232,5,0.2,6.0,75,meta_calibration,75,58,0.22666666666666666,75
CHEMBL232,5,0.2,6.0,75,chemdeprc_cap1,72,55,0.2361111111111111,72
CHEMBL232,5,0.2,6.0,75,minp_block_bh_cap1,49,41,0.16326530612244897,49
CHEMBL232,5,0.2,6.0,75,score_cap1,75,56,0.25333333333333335,75
CHEMBL232,5,0.2,6.0,75,weighted_bh,75,55,0.26666666666666666,63
CHEMBL232,5,0.3,4.0,10,meta_calibration,10,8,0.2,10
CHEMBL232,5,0.3,4.0,10,chemdeprc_cap1,10,8,0.2,10
CHEMBL232,5,0.3,4.0,10,minp_block_bh_cap1,10,8,0.2,10
CHEMBL232,5,0.3,4.0,10,score_cap1,10,8,0.2,10
CHEMBL232,5,0.3,4.0,10,weighted_bh,10,9,0.1,10
CHEMBL232,5,0.3,4.0,50,meta_calibration,50,40,0.2,50
CHEMBL232,5,0.3,4.0,50,chemdeprc_cap1,50,41,0.18,50
CHEMBL232,5,0.3,4.0,50,minp_block_bh_cap1,49,41,0.16326530612244897,49
CHEMBL232,5,0.3,4.0,50,score_cap1,50,40,0.2,50
CHEMBL232,5,0.3,4.0,50,weighted_bh,50,41,0.18,45
CHEMBL232,5,0.3,4.0,75,meta_calibration,75,57,0.24,75
CHEMBL232,5,0.3,4.0,75,chemdeprc_cap1,72,55,0.2361111111111111,72
CHEMBL232,5,0.3,4.0,75,minp_block_bh_cap1,49,41,0.16326530612244897,49
CHEMBL232,5,0.3,4.0,75,score_cap1,75,57,0.24,75
CHEMBL232,5,0.3,4.0,75,weighted_bh,75,58,0.22666666666666666,63
CHEMBL232,5,0.3,6.0,10,meta_calibration,10,9,0.1,10
CHEMBL232,5,0.3,6.0,10,chemdeprc_cap1,10,6,0.4,10
CHEMBL232,5,0.3,6.0,10,minp_block_bh_cap1,10,8,0.2,10
CHEMBL232,5,0.3,6.0,10,score_cap1,10,5,0.5,10
CHEMBL232,5,0.3,6.0,10,weighted_bh,10,9,0.1,10
CHEMBL232,5,0.3,6.0,50,meta_calibration,50,41,0.18,50
CHEMBL232,5,0.3,6.0,50,chemdeprc_cap1,50,41,0.18,50
CHEMBL232,5,0.3,6.0,50,minp_block_bh_cap1,50,41,0.18,50
CHEMBL232,5,0.3,6.0,50,score_cap1,50,40,0.2,50
CHEMBL232,5,0.3,6.0,50,weighted_bh,50,39,0.22,44
CHEMBL232,5,0.3,6.0,75,meta_calibration,75,58,0.22666666666666666,75
CHEMBL232,5,0.3,6.0,75,chemdeprc_cap1,72,55,0.2361111111111111,72
CHEMBL232,5,0.3,6.0,75,minp_block_bh_cap1,50,41,0.18,50
CHEMBL232,5,0.3,6.0,75,score_cap1,75,57,0.24,75
CHEMBL232,5,0.3,6.0,75,weighted_bh,75,56,0.25333333333333335,63
CHEMBL232,6,0.2,4.0,10,meta_calibration,10,7,0.3,10
CHEMBL232,6,0.2,4.0,10,chemdeprc_cap1,10,9,0.1,10
CHEMBL232,6,0.2,4.0,10,minp_block_bh_cap1,10,9,0.1,10
CHEMBL232,6,0.2,4.0,10,score_cap1,10,9,0.1,10
CHEMBL232,6,0.2,4.0,10,weighted_bh,10,9,0.1,10
CHEMBL232,6,0.2,4.0,50,meta_calibration,50,40,0.2,50
CHEMBL232,6,0.2,4.0,50,chemdeprc_cap1,50,41,0.18,50
CHEMBL232,6,0.2,4.0,50,minp_block_bh_cap1,47,41,0.1276595744680851,47
CHEMBL232,6,0.2,4.0,50,score_cap1,50,40,0.2,50
CHEMBL232,6,0.2,4.0,50,weighted_bh,50,44,0.12,47
CHEMBL232,6,0.2,4.0,75,meta_calibration,75,57,0.24,75
CHEMBL232,6,0.2,4.0,75,chemdeprc_cap1,71,54,0.23943661971830985,71
CHEMBL232,6,0.2,4.0,75,minp_block_bh_cap1,47,41,0.1276595744680851,47
CHEMBL232,6,0.2,4.0,75,score_cap1,75,56,0.25333333333333335,75
CHEMBL232,6,0.2,4.0,75,weighted_bh,75,61,0.18666666666666668,62
CHEMBL232,6,0.2,6.0,10,meta_calibration,10,9,0.1,10
CHEMBL232,6,0.2,6.0,10,chemdeprc_cap1,10,6,0.4,10
CHEMBL232,6,0.2,6.0,10,minp_block_bh_cap1,10,9,0.1,10
CHEMBL232,6,0.2,6.0,10,score_cap1,10,6,0.4,10
CHEMBL232,6,0.2,6.0,10,weighted_bh,10,9,0.1,10
CHEMBL232,6,0.2,6.0,50,meta_calibration,50,42,0.16,50
CHEMBL232,6,0.2,6.0,50,chemdeprc_cap1,50,41,0.18,50
CHEMBL232,6,0.2,6.0,50,minp_block_bh_cap1,49,41,0.16326530612244897,49
CHEMBL232,6,0.2,6.0,50,score_cap1,50,40,0.2,50
CHEMBL232,6,0.2,6.0,50,weighted_bh,50,41,0.18,44
CHEMBL232,6,0.2,6.0,75,meta_calibration,75,59,0.21333333333333335,75
CHEMBL232,6,0.2,6.0,75,chemdeprc_cap1,71,54,0.23943661971830985,71
CHEMBL232,6,0.2,6.0,75,minp_block_bh_cap1,49,41,0.16326530612244897,49
CHEMBL232,6,0.2,6.0,75,score_cap1,75,56,0.25333333333333335,75
CHEMBL232,6,0.2,6.0,75,weighted_bh,75,53,0.29333333333333333,61
CHEMBL232,6,0.3,4.0,10,meta_calibration,10,9,0.1,10
CHEMBL232,6,0.3,4.0,10,chemdeprc_cap1,10,9,0.1,10
CHEMBL232,6,0.3,4.0,10,minp_block_bh_cap1,10,9,0.1,10
CHEMBL232,6,0.3,4.0,10,score_cap1,10,9,0.1,10
CHEMBL232,6,0.3,4.0,10,weighted_bh,10,9,0.1,10
CHEMBL232,6,0.3,4.0,50,meta_calibration,50,40,0.2,50
CHEMBL232,6,0.3,4.0,50,chemdeprc_cap1,50,41,0.18,50
CHEMBL232,6,0.3,4.0,50,minp_block_bh_cap1,47,41,0.1276595744680851,47
CHEMBL232,6,0.3,4.0,50,score_cap1,50,40,0.2,50
CHEMBL232,6,0.3,4.0,50,weighted_bh,50,44,0.12,47
CHEMBL232,6,0.3,4.0,75,meta_calibration,75,55,0.26666666666666666,75
CHEMBL232,6,0.3,4.0,75,chemdeprc_cap1,74,55,0.25675675675675674,74
CHEMBL232,6,0.3,4.0,75,minp_block_bh_cap1,47,41,0.1276595744680851,47
CHEMBL232,6,0.3,4.0,75,score_cap1,75,56,0.25333333333333335,75
CHEMBL232,6,0.3,4.0,75,weighted_bh,75,57,0.24,64
CHEMBL232,6,0.3,6.0,10,meta_calibration,10,9,0.1,10
CHEMBL232,6,0.3,6.0,10,chemdeprc_cap1,10,9,0.1,10
CHEMBL232,6,0.3,6.0,10,minp_block_bh_cap1,10,9,0.1,10
CHEMBL232,6,0.3,6.0,10,score_cap1,10,8,0.2,10
CHEMBL232,6,0.3,6.0,10,weighted_bh,10,9,0.1,10
CHEMBL232,6,0.3,6.0,50,meta_calibration,50,40,0.2,50
CHEMBL232,6,0.3,6.0,50,chemdeprc_cap1,50,41,0.18,50
CHEMBL232,6,0.3,6.0,50,minp_block_bh_cap1,50,41,0.18,50
CHEMBL232,6,0.3,6.0,50,score_cap1,50,39,0.22,50
CHEMBL232,6,0.3,6.0,50,weighted_bh,50,40,0.2,45
CHEMBL232,6,0.3,6.0,75,meta_calibration,75,55,0.26666666666666666,75
CHEMBL232,6,0.3,6.0,75,chemdeprc_cap1,74,55,0.25675675675675674,74
CHEMBL232,6,0.3,6.0,75,minp_block_bh_cap1,50,41,0.18,50
CHEMBL232,6,0.3,6.0,75,score_cap1,75,55,0.26666666666666666,75
CHEMBL232,6,0.3,6.0,75,weighted_bh,75,57,0.24,64
CHEMBL232,7,0.2,4.0,10,meta_calibration,10,7,0.3,10
CHEMBL232,7,0.2,4.0,10,chemdeprc_cap1,10,9,0.1,10
CHEMBL232,7,0.2,4.0,10,minp_block_bh_cap1,10,9,0.1,10
CHEMBL232,7,0.2,4.0,10,score_cap1,10,9,0.1,10
CHEMBL232,7,0.2,4.0,10,weighted_bh,10,9,0.1,10
CHEMBL232,7,0.2,4.0,50,meta_calibration,50,40,0.2,50
CHEMBL232,7,0.2,4.0,50,chemdeprc_cap1,50,41,0.18,50
CHEMBL232,7,0.2,4.0,50,minp_block_bh_cap1,48,41,0.14583333333333334,48
CHEMBL232,7,0.2,4.0,50,score_cap1,50,40,0.2,50
CHEMBL232,7,0.2,4.0,50,weighted_bh,50,44,0.12,47
CHEMBL232,7,0.2,4.0,75,meta_calibration,75,58,0.22666666666666666,75
CHEMBL232,7,0.2,4.0,75,chemdeprc_cap1,71,55,0.22535211267605634,71
CHEMBL232,7,0.2,4.0,75,minp_block_bh_cap1,48,41,0.14583333333333334,48
CHEMBL232,7,0.2,4.0,75,score_cap1,75,57,0.24,75
CHEMBL232,7,0.2,4.0,75,weighted_bh,75,59,0.21333333333333335,63
CHEMBL232,7,0.2,6.0,10,meta_calibration,10,9,0.1,10
CHEMBL232,7,0.2,6.0,10,chemdeprc_cap1,10,6,0.4,10
CHEMBL232,7,0.2,6.0,10,minp_block_bh_cap1,10,9,0.1,10
CHEMBL232,7,0.2,6.0,10,score_cap1,10,6,0.4,10
CHEMBL232,7,0.2,6.0,10,weighted_bh,10,9,0.1,10
CHEMBL232,7,0.2,6.0,50,meta_calibration,50,41,0.18,50
CHEMBL232,7,0.2,6.0,50,chemdeprc_cap1,50,41,0.18,50
CHEMBL232,7,0.2,6.0,50,minp_block_bh_cap1,49,41,0.16326530612244897,49
CHEMBL232,7,0.2,6.0,50,score_cap1,50,40,0.2,50
CHEMBL232,7,0.2,6.0,50,weighted_bh,50,39,0.22,43
CHEMBL232,7,0.2,6.0,75,meta_calibration,75,59,0.21333333333333335,75
CHEMBL232,7,0.2,6.0,75,chemdeprc_cap1,71,55,0.22535211267605634,71
CHEMBL232,7,0.2,6.0,75,minp_block_bh_cap1,49,41,0.16326530612244897,49
CHEMBL232,7,0.2,6.0,75,score_cap1,75,57,0.24,75
CHEMBL232,7,0.2,6.0,75,weighted_bh,75,55,0.26666666666666666,63
CHEMBL232,7,0.3,4.0,10,meta_calibration,10,8,0.2,10
CHEMBL232,7,0.3,4.0,10,chemdeprc_cap1,10,8,0.2,10
CHEMBL232,7,0.3,4.0,10,minp_block_bh_cap1,10,8,0.2,10
CHEMBL232,7,0.3,4.0,10,score_cap1,10,8,0.2,10
CHEMBL232,7,0.3,4.0,10,weighted_bh,10,9,0.1,10
CHEMBL232,7,0.3,4.0,50,meta_calibration,50,40,0.2,50
CHEMBL232,7,0.3,4.0,50,chemdeprc_cap1,50,42,0.16,50
CHEMBL232,7,0.3,4.0,50,minp_block_bh_cap1,48,41,0.14583333333333334,48
CHEMBL232,7,0.3,4.0,50,score_cap1,50,41,0.18,50
CHEMBL232,7,0.3,4.0,50,weighted_bh,50,42,0.16,45
CHEMBL232,7,0.3,4.0,75,meta_calibration,75,55,0.26666666666666666,75
CHEMBL232,7,0.3,4.0,75,chemdeprc_cap1,73,55,0.2465753424657534,73
CHEMBL232,7,0.3,4.0,75,minp_block_bh_cap1,48,41,0.14583333333333334,48
CHEMBL232,7,0.3,4.0,75,score_cap1,75,56,0.25333333333333335,75
CHEMBL232,7,0.3,4.0,75,weighted_bh,75,59,0.21333333333333335,63
CHEMBL232,7,0.3,6.0,10,meta_calibration,10,9,0.1,10
CHEMBL232,7,0.3,6.0,10,chemdeprc_cap1,10,8,0.2,10
CHEMBL232,7,0.3,6.0,10,minp_block_bh_cap1,10,8,0.2,10
CHEMBL232,7,0.3,6.0,10,score_cap1,10,6,0.4,10
CHEMBL232,7,0.3,6.0,10,weighted_bh,10,9,0.1,10
CHEMBL232,7,0.3,6.0,50,meta_calibration,50,40,0.2,50
CHEMBL232,7,0.3,6.0,50,chemdeprc_cap1,50,42,0.16,50
CHEMBL232,7,0.3,6.0,50,minp_block_bh_cap1,50,41,0.18,50
CHEMBL232,7,0.3,6.0,50,score_cap1,50,40,0.2,50
CHEMBL232,7,0.3,6.0,50,weighted_bh,50,40,0.2,45
CHEMBL232,7,0.3,6.0,75,meta_calibration,75,55,0.26666666666666666,75
CHEMBL232,7,0.3,6.0,75,chemdeprc_cap1,73,55,0.2465753424657534,73
CHEMBL232,7,0.3,6.0,75,minp_block_bh_cap1,50,41,0.18,50
CHEMBL232,7,0.3,6.0,75,score_cap1,75,55,0.26666666666666666,75
CHEMBL232,7,0.3,6.0,75,weighted_bh,75,58,0.22666666666666666,63
CHEMBL232,8,0.2,4.0,10,meta_calibration,10,9,0.1,10
CHEMBL232,8,0.2,4.0,10,chemdeprc_cap1,10,9,0.1,10
CHEMBL232,8,0.2,4.0,10,minp_block_bh_cap1,10,9,0.1,10
CHEMBL232,8,0.2,4.0,10,score_cap1,10,9,0.1,10
CHEMBL232,8,0.2,4.0,10,weighted_bh,10,9,0.1,10
CHEMBL232,8,0.2,4.0,50,meta_calibration,50,40,0.2,50
CHEMBL232,8,0.2,4.0,50,chemdeprc_cap1,50,42,0.16,50
CHEMBL232,8,0.2,4.0,50,minp_block_bh_cap1,47,41,0.1276595744680851,47
CHEMBL232,8,0.2,4.0,50,score_cap1,50,40,0.2,50
CHEMBL232,8,0.2,4.0,50,weighted_bh,50,44,0.12,47
CHEMBL232,8,0.2,4.0,75,meta_calibration,75,56,0.25333333333333335,75
CHEMBL232,8,0.2,4.0,75,chemdeprc_cap1,73,54,0.2602739726027397,73
CHEMBL232,8,0.2,4.0,75,minp_block_bh_cap1,47,41,0.1276595744680851,47
CHEMBL232,8,0.2,4.0,75,score_cap1,75,55,0.26666666666666666,75
CHEMBL232,8,0.2,4.0,75,weighted_bh,75,59,0.21333333333333335,63
CHEMBL232,8,0.2,6.0,10,meta_calibration,10,9,0.1,10
CHEMBL232,8,0.2,6.0,10,chemdeprc_cap1,10,9,0.1,10
CHEMBL232,8,0.2,6.0,10,minp_block_bh_cap1,10,9,0.1,10
CHEMBL232,8,0.2,6.0,10,score_cap1,10,7,0.3,10
CHEMBL232,8,0.2,6.0,10,weighted_bh,10,9,0.1,10
CHEMBL232,8,0.2,6.0,50,meta_calibration,50,40,0.2,50
CHEMBL232,8,0.2,6.0,50,chemdeprc_cap1,50,41,0.18,50
CHEMBL232,8,0.2,6.0,50,minp_block_bh_cap1,50,41,0.18,50
CHEMBL232,8,0.2,6.0,50,score_cap1,50,40,0.2,50
CHEMBL232,8,0.2,6.0,50,weighted_bh,50,40,0.2,45
CHEMBL232,8,0.2,6.0,75,meta_calibration,75,56,0.25333333333333335,75
CHEMBL232,8,0.2,6.0,75,chemdeprc_cap1,73,54,0.2602739726027397,73
CHEMBL232,8,0.2,6.0,75,minp_block_bh_cap1,50,41,0.18,50
CHEMBL232,8,0.2,6.0,75,score_cap1,75,55,0.26666666666666666,75
CHEMBL232,8,0.2,6.0,75,weighted_bh,75,57,0.24,64
CHEMBL232,8,0.3,4.0,10,meta_calibration,10,8,0.2,10
CHEMBL232,8,0.3,4.0,10,chemdeprc_cap1,10,9,0.1,10
CHEMBL232,8,0.3,4.0,10,minp_block_bh_cap1,10,9,0.1,10
CHEMBL232,8,0.3,4.0,10,score_cap1,10,8,0.2,10
CHEMBL232,8,0.3,4.0,10,weighted_bh,10,9,0.1,10
CHEMBL232,8,0.3,4.0,50,meta_calibration,50,40,0.2,50
CHEMBL232,8,0.3,4.0,50,chemdeprc_cap1,50,40,0.2,50
CHEMBL232,8,0.3,4.0,50,minp_block_bh_cap1,48,41,0.14583333333333334,48
CHEMBL232,8,0.3,4.0,50,score_cap1,50,40,0.2,50
CHEMBL232,8,0.3,4.0,50,weighted_bh,50,44,0.12,47
CHEMBL232,8,0.3,4.0,75,meta_calibration,75,57,0.24,75
CHEMBL232,8,0.3,4.0,75,chemdeprc_cap1,73,54,0.2602739726027397,73
CHEMBL232,8,0.3,4.0,75,minp_block_bh_cap1,48,41,0.14583333333333334,48
CHEMBL232,8,0.3,4.0,75,score_cap1,75,56,0.25333333333333335,75
CHEMBL232,8,0.3,4.0,75,weighted_bh,75,58,0.22666666666666666,63
CHEMBL232,8,0.3,6.0,10,meta_calibration,10,9,0.1,10
CHEMBL232,8,0.3,6.0,10,chemdeprc_cap1,10,6,0.4,10
CHEMBL232,8,0.3,6.0,10,minp_block_bh_cap1,10,9,0.1,10
CHEMBL232,8,0.3,6.0,10,score_cap1,10,5,0.5,10
CHEMBL232,8,0.3,6.0,10,weighted_bh,10,9,0.1,10
CHEMBL232,8,0.3,6.0,50,meta_calibration,50,42,0.16,50
CHEMBL232,8,0.3,6.0,50,chemdeprc_cap1,50,40,0.2,50
CHEMBL232,8,0.3,6.0,50,minp_block_bh_cap1,50,41,0.18,50
CHEMBL232,8,0.3,6.0,50,score_cap1,50,40,0.2,50
CHEMBL232,8,0.3,6.0,50,weighted_bh,50,41,0.18,45
CHEMBL232,8,0.3,6.0,75,meta_calibration,75,59,0.21333333333333335,75
CHEMBL232,8,0.3,6.0,75,chemdeprc_cap1,73,54,0.2602739726027397,73
CHEMBL232,8,0.3,6.0,75,minp_block_bh_cap1,50,41,0.18,50
CHEMBL232,8,0.3,6.0,75,score_cap1,75,56,0.25333333333333335,75
CHEMBL232,8,0.3,6.0,75,weighted_bh,75,53,0.29333333333333333,62
CHEMBL232,9,0.2,4.0,10,meta_calibration,10,9,0.1,10
CHEMBL232,9,0.2,4.0,10,chemdeprc_cap1,10,8,0.2,10
CHEMBL232,9,0.2,4.0,10,minp_block_bh_cap1,10,8,0.2,10
CHEMBL232,9,0.2,4.0,10,score_cap1,10,8,0.2,10
CHEMBL232,9,0.2,4.0,10,weighted_bh,10,9,0.1,10
CHEMBL232,9,0.2,4.0,50,meta_calibration,50,41,0.18,50
CHEMBL232,9,0.2,4.0,50,chemdeprc_cap1,50,42,0.16,50
CHEMBL232,9,0.2,4.0,50,minp_block_bh_cap1,49,41,0.16326530612244897,49
CHEMBL232,9,0.2,4.0,50,score_cap1,50,41,0.18,50
CHEMBL232,9,0.2,4.0,50,weighted_bh,50,41,0.18,45
CHEMBL232,9,0.2,4.0,75,meta_calibration,75,57,0.24,75
CHEMBL232,9,0.2,4.0,75,chemdeprc_cap1,71,54,0.23943661971830985,71
CHEMBL232,9,0.2,4.0,75,minp_block_bh_cap1,49,41,0.16326530612244897,49
CHEMBL232,9,0.2,4.0,75,score_cap1,75,56,0.25333333333333335,75
CHEMBL232,9,0.2,4.0,75,weighted_bh,75,59,0.21333333333333335,62
CHEMBL232,9,0.2,6.0,10,meta_calibration,10,9,0.1,10
CHEMBL232,9,0.2,6.0,10,chemdeprc_cap1,10,6,0.4,10
CHEMBL232,9,0.2,6.0,10,minp_block_bh_cap1,10,8,0.2,10
CHEMBL232,9,0.2,6.0,10,score_cap1,10,6,0.4,10
CHEMBL232,9,0.2,6.0,10,weighted_bh,10,9,0.1,10
CHEMBL232,9,0.2,6.0,50,meta_calibration,50,42,0.16,50
CHEMBL232,9,0.2,6.0,50,chemdeprc_cap1,50,42,0.16,50
CHEMBL232,9,0.2,6.0,50,minp_block_bh_cap1,50,41,0.18,50
CHEMBL232,9,0.2,6.0,50,score_cap1,50,41,0.18,50
CHEMBL232,9,0.2,6.0,50,weighted_bh,50,40,0.2,44
CHEMBL232,9,0.2,6.0,75,meta_calibration,75,58,0.22666666666666666,75
CHEMBL232,9,0.2,6.0,75,chemdeprc_cap1,71,54,0.23943661971830985,71
CHEMBL232,9,0.2,6.0,75,minp_block_bh_cap1,50,41,0.18,50
CHEMBL232,9,0.2,6.0,75,score_cap1,75,56,0.25333333333333335,75
CHEMBL232,9,0.2,6.0,75,weighted_bh,75,55,0.26666666666666666,62
CHEMBL232,9,0.3,4.0,10,meta_calibration,10,8,0.2,10
CHEMBL232,9,0.3,4.0,10,chemdeprc_cap1,10,8,0.2,10
CHEMBL232,9,0.3,4.0,10,minp_block_bh_cap1,10,8,0.2,10
CHEMBL232,9,0.3,4.0,10,score_cap1,10,8,0.2,10
CHEMBL232,9,0.3,4.0,10,weighted_bh,10,9,0.1,10
CHEMBL232,9,0.3,4.0,50,meta_calibration,50,40,0.2,50
CHEMBL232,9,0.3,4.0,50,chemdeprc_cap1,50,41,0.18,50
CHEMBL232,9,0.3,4.0,50,minp_block_bh_cap1,49,41,0.16326530612244897,49
CHEMBL232,9,0.3,4.0,50,score_cap1,50,40,0.2,50
CHEMBL232,9,0.3,4.0,50,weighted_bh,50,41,0.18,45
CHEMBL232,9,0.3,4.0,75,meta_calibration,75,57,0.24,75
CHEMBL232,9,0.3,4.0,75,chemdeprc_cap1,71,54,0.23943661971830985,71
CHEMBL232,9,0.3,4.0,75,minp_block_bh_cap1,49,41,0.16326530612244897,49
CHEMBL232,9,0.3,4.0,75,score_cap1,75,56,0.25333333333333335,75
CHEMBL232,9,0.3,4.0,75,weighted_bh,75,59,0.21333333333333335,62
CHEMBL232,9,0.3,6.0,10,meta_calibration,10,9,0.1,10
CHEMBL232,9,0.3,6.0,10,chemdeprc_cap1,10,6,0.4,10
CHEMBL232,9,0.3,6.0,10,minp_block_bh_cap1,10,8,0.2,10
CHEMBL232,9,0.3,6.0,10,score_cap1,10,5,0.5,10
CHEMBL232,9,0.3,6.0,10,weighted_bh,10,9,0.1,10
CHEMBL232,9,0.3,6.0,50,meta_calibration,50,42,0.16,50
CHEMBL232,9,0.3,6.0,50,chemdeprc_cap1,50,41,0.18,50
CHEMBL232,9,0.3,6.0,50,minp_block_bh_cap1,50,41,0.18,50
CHEMBL232,9,0.3,6.0,50,score_cap1,50,40,0.2,50
CHEMBL232,9,0.3,6.0,50,weighted_bh,50,40,0.2,44
CHEMBL232,9,0.3,6.0,75,meta_calibration,75,59,0.21333333333333335,75
CHEMBL232,9,0.3,6.0,75,chemdeprc_cap1,71,54,0.23943661971830985,71
CHEMBL232,9,0.3,6.0,75,minp_block_bh_cap1,50,41,0.18,50
CHEMBL232,9,0.3,6.0,75,score_cap1,75,56,0.25333333333333335,75
CHEMBL232,9,0.3,6.0,75,weighted_bh,75,53,0.29333333333333333,61
CHEMBL234,0,0.2,4.0,10,meta_calibration,10,9,0.1,10
CHEMBL234,0,0.2,4.0,10,chemdeprc_cap1,10,10,0.0,10
CHEMBL234,0,0.2,4.0,10,minp_block_bh_cap1,10,10,0.0,10
CHEMBL234,0,0.2,4.0,10,score_cap1,10,10,0.0,10
CHEMBL234,0,0.2,4.0,10,weighted_bh,10,10,0.0,10
CHEMBL234,0,0.2,4.0,50,meta_calibration,50,47,0.06,50
CHEMBL234,0,0.2,4.0,50,chemdeprc_cap1,50,48,0.04,50
CHEMBL234,0,0.2,4.0,50,minp_block_bh_cap1,50,47,0.06,50
CHEMBL234,0,0.2,4.0,50,score_cap1,50,48,0.04,50
CHEMBL234,0,0.2,4.0,50,weighted_bh,50,47,0.06,49
CHEMBL234,0,0.2,4.0,75,meta_calibration,75,71,0.05333333333333334,75
CHEMBL234,0,0.2,4.0,75,chemdeprc_cap1,75,71,0.05333333333333334,75
CHEMBL234,0,0.2,4.0,75,minp_block_bh_cap1,75,71,0.05333333333333334,75
CHEMBL234,0,0.2,4.0,75,score_cap1,75,70,0.06666666666666667,75
CHEMBL234,0,0.2,4.0,75,weighted_bh,75,70,0.06666666666666667,63
CHEMBL234,0,0.2,6.0,10,meta_calibration,10,9,0.1,10
CHEMBL234,0,0.2,6.0,10,chemdeprc_cap1,10,9,0.1,10
CHEMBL234,0,0.2,6.0,10,minp_block_bh_cap1,10,10,0.0,10
CHEMBL234,0,0.2,6.0,10,score_cap1,10,8,0.2,10
CHEMBL234,0,0.2,6.0,10,weighted_bh,10,10,0.0,10
CHEMBL234,0,0.2,6.0,50,meta_calibration,50,47,0.06,50
CHEMBL234,0,0.2,6.0,50,chemdeprc_cap1,50,48,0.04,50
CHEMBL234,0,0.2,6.0,50,minp_block_bh_cap1,50,47,0.06,50
CHEMBL234,0,0.2,6.0,50,score_cap1,50,47,0.06,50
CHEMBL234,0,0.2,6.0,50,weighted_bh,50,46,0.08,48
CHEMBL234,0,0.2,6.0,75,meta_calibration,75,72,0.04,75
CHEMBL234,0,0.2,6.0,75,chemdeprc_cap1,75,70,0.06666666666666667,75
CHEMBL234,0,0.2,6.0,75,minp_block_bh_cap1,75,71,0.05333333333333334,75
CHEMBL234,0,0.2,6.0,75,score_cap1,75,70,0.06666666666666667,75
CHEMBL234,0,0.2,6.0,75,weighted_bh,75,70,0.06666666666666667,63
CHEMBL234,0,0.3,4.0,10,meta_calibration,10,9,0.1,10
CHEMBL234,0,0.3,4.0,10,chemdeprc_cap1,10,10,0.0,10
CHEMBL234,0,0.3,4.0,10,minp_block_bh_cap1,10,10,0.0,10
CHEMBL234,0,0.3,4.0,10,score_cap1,10,10,0.0,10
CHEMBL234,0,0.3,4.0,10,weighted_bh,10,10,0.0,10
CHEMBL234,0,0.3,4.0,50,meta_calibration,50,47,0.06,50
CHEMBL234,0,0.3,4.0,50,chemdeprc_cap1,50,49,0.02,50
CHEMBL234,0,0.3,4.0,50,minp_block_bh_cap1,50,48,0.04,50
CHEMBL234,0,0.3,4.0,50,score_cap1,50,49,0.02,50
CHEMBL234,0,0.3,4.0,50,weighted_bh,50,48,0.04,48
CHEMBL234,0,0.3,4.0,75,meta_calibration,75,70,0.06666666666666667,75
CHEMBL234,0,0.3,4.0,75,chemdeprc_cap1,75,71,0.05333333333333334,75
CHEMBL234,0,0.3,4.0,75,minp_block_bh_cap1,75,71,0.05333333333333334,75
CHEMBL234,0,0.3,4.0,75,score_cap1,75,70,0.06666666666666667,75
CHEMBL234,0,0.3,4.0,75,weighted_bh,75,72,0.04,64
CHEMBL234,0,0.3,6.0,10,meta_calibration,10,9,0.1,10
CHEMBL234,0,0.3,6.0,10,chemdeprc_cap1,10,7,0.3,10
CHEMBL234,0,0.3,6.0,10,minp_block_bh_cap1,10,10,0.0,10
CHEMBL234,0,0.3,6.0,10,score_cap1,10,7,0.3,10
CHEMBL234,0,0.3,6.0,10,weighted_bh,10,10,0.0,10
CHEMBL234,0,0.3,6.0,50,meta_calibration,50,47,0.06,50
CHEMBL234,0,0.3,6.0,50,chemdeprc_cap1,50,46,0.08,50
CHEMBL234,0,0.3,6.0,50,minp_block_bh_cap1,50,48,0.04,50
CHEMBL234,0,0.3,6.0,50,score_cap1,50,46,0.08,50
CHEMBL234,0,0.3,6.0,50,weighted_bh,50,48,0.04,48
CHEMBL234,0,0.3,6.0,75,meta_calibration,75,69,0.08,75
CHEMBL234,0,0.3,6.0,75,chemdeprc_cap1,75,69,0.08,75
CHEMBL234,0,0.3,6.0,75,minp_block_bh_cap1,75,69,0.08,75
CHEMBL234,0,0.3,6.0,75,score_cap1,75,69,0.08,75
CHEMBL234,0,0.3,6.0,75,weighted_bh,75,72,0.04,64
CHEMBL234,1,0.2,4.0,10,meta_calibration,10,9,0.1,10
CHEMBL234,1,0.2,4.0,10,chemdeprc_cap1,10,10,0.0,10
CHEMBL234,1,0.2,4.0,10,minp_block_bh_cap1,10,10,0.0,10
CHEMBL234,1,0.2,4.0,10,score_cap1,10,10,0.0,10
CHEMBL234,1,0.2,4.0,10,weighted_bh,10,10,0.0,10
CHEMBL234,1,0.2,4.0,50,meta_calibration,50,47,0.06,50
CHEMBL234,1,0.2,4.0,50,chemdeprc_cap1,50,49,0.02,50
CHEMBL234,1,0.2,4.0,50,minp_block_bh_cap1,50,48,0.04,50
CHEMBL234,1,0.2,4.0,50,score_cap1,50,49,0.02,50
CHEMBL234,1,0.2,4.0,50,weighted_bh,50,48,0.04,48
CHEMBL234,1,0.2,4.0,75,meta_calibration,75,71,0.05333333333333334,75
CHEMBL234,1,0.2,4.0,75,chemdeprc_cap1,75,71,0.05333333333333334,75
CHEMBL234,1,0.2,4.0,75,minp_block_bh_cap1,75,71,0.05333333333333334,75
CHEMBL234,1,0.2,4.0,75,score_cap1,75,70,0.06666666666666667,75
CHEMBL234,1,0.2,4.0,75,weighted_bh,75,72,0.04,64
CHEMBL234,1,0.2,6.0,10,meta_calibration,10,9,0.1,10
CHEMBL234,1,0.2,6.0,10,chemdeprc_cap1,10,8,0.2,10
CHEMBL234,1,0.2,6.0,10,minp_block_bh_cap1,10,10,0.0,10
CHEMBL234,1,0.2,6.0,10,score_cap1,10,8,0.2,10
CHEMBL234,1,0.2,6.0,10,weighted_bh,10,10,0.0,10
CHEMBL234,1,0.2,6.0,50,meta_calibration,50,47,0.06,50
CHEMBL234,1,0.2,6.0,50,chemdeprc_cap1,50,47,0.06,50
CHEMBL234,1,0.2,6.0,50,minp_block_bh_cap1,50,48,0.04,50
CHEMBL234,1,0.2,6.0,50,score_cap1,50,47,0.06,50
CHEMBL234,1,0.2,6.0,50,weighted_bh,50,48,0.04,48
CHEMBL234,1,0.2,6.0,75,meta_calibration,75,70,0.06666666666666667,75
CHEMBL234,1,0.2,6.0,75,chemdeprc_cap1,75,70,0.06666666666666667,75
CHEMBL234,1,0.2,6.0,75,minp_block_bh_cap1,75,70,0.06666666666666667,75
CHEMBL234,1,0.2,6.0,75,score_cap1,75,70,0.06666666666666667,75
CHEMBL234,1,0.2,6.0,75,weighted_bh,75,72,0.04,64
CHEMBL234,1,0.3,4.0,10,meta_calibration,10,9,0.1,10
CHEMBL234,1,0.3,4.0,10,chemdeprc_cap1,10,10,0.0,10
CHEMBL234,1,0.3,4.0,10,minp_block_bh_cap1,10,10,0.0,10
CHEMBL234,1,0.3,4.0,10,score_cap1,10,9,0.1,10
CHEMBL234,1,0.3,4.0,10,weighted_bh,10,10,0.0,10
CHEMBL234,1,0.3,4.0,50,meta_calibration,50,47,0.06,50
CHEMBL234,1,0.3,4.0,50,chemdeprc_cap1,50,49,0.02,50
CHEMBL234,1,0.3,4.0,50,minp_block_bh_cap1,50,48,0.04,50
CHEMBL234,1,0.3,4.0,50,score_cap1,50,48,0.04,50
CHEMBL234,1,0.3,4.0,50,weighted_bh,50,48,0.04,48
CHEMBL234,1,0.3,4.0,75,meta_calibration,75,72,0.04,75
CHEMBL234,1,0.3,4.0,75,chemdeprc_cap1,75,71,0.05333333333333334,75
CHEMBL234,1,0.3,4.0,75,minp_block_bh_cap1,75,71,0.05333333333333334,75
CHEMBL234,1,0.3,4.0,75,score_cap1,75,70,0.06666666666666667,75
CHEMBL234,1,0.3,4.0,75,weighted_bh,75,72,0.04,64
CHEMBL234,1,0.3,6.0,10,meta_calibration,10,9,0.1,10
CHEMBL234,1,0.3,6.0,10,chemdeprc_cap1,10,9,0.1,10
CHEMBL234,1,0.3,6.0,10,minp_block_bh_cap1,10,10,0.0,10
CHEMBL234,1,0.3,6.0,10,score_cap1,10,8,0.2,10
CHEMBL234,1,0.3,6.0,10,weighted_bh,10,10,0.0,10
CHEMBL234,1,0.3,6.0,50,meta_calibration,50,47,0.06,50
CHEMBL234,1,0.3,6.0,50,chemdeprc_cap1,50,47,0.06,50
CHEMBL234,1,0.3,6.0,50,minp_block_bh_cap1,50,48,0.04,50
CHEMBL234,1,0.3,6.0,50,score_cap1,50,46,0.08,50
CHEMBL234,1,0.3,6.0,50,weighted_bh,50,48,0.04,48
CHEMBL234,1,0.3,6.0,75,meta_calibration,75,71,0.05333333333333334,75
CHEMBL234,1,0.3,6.0,75,chemdeprc_cap1,75,69,0.08,75
CHEMBL234,1,0.3,6.0,75,minp_block_bh_cap1,75,70,0.06666666666666667,75
CHEMBL234,1,0.3,6.0,75,score_cap1,75,69,0.08,75
CHEMBL234,1,0.3,6.0,75,weighted_bh,75,70,0.06666666666666667,63
CHEMBL234,2,0.2,4.0,10,meta_calibration,10,9,0.1,10
CHEMBL234,2,0.2,4.0,10,chemdeprc_cap1,10,10,0.0,10
CHEMBL234,2,0.2,4.0,10,minp_block_bh_cap1,10,10,0.0,10
CHEMBL234,2,0.2,4.0,10,score_cap1,10,9,0.1,10
CHEMBL234,2,0.2,4.0,10,weighted_bh,10,10,0.0,10
CHEMBL234,2,0.2,4.0,50,meta_calibration,50,47,0.06,50
CHEMBL234,2,0.2,4.0,50,chemdeprc_cap1,50,49,0.02,50
CHEMBL234,2,0.2,4.0,50,minp_block_bh_cap1,50,48,0.04,50
CHEMBL234,2,0.2,4.0,50,score_cap1,50,48,0.04,50
CHEMBL234,2,0.2,4.0,50,weighted_bh,50,48,0.04,48
CHEMBL234,2,0.2,4.0,75,meta_calibration,75,72,0.04,75
CHEMBL234,2,0.2,4.0,75,chemdeprc_cap1,75,71,0.05333333333333334,75
CHEMBL234,2,0.2,4.0,75,minp_block_bh_cap1,75,71,0.05333333333333334,75
CHEMBL234,2,0.2,4.0,75,score_cap1,75,70,0.06666666666666667,75
CHEMBL234,2,0.2,4.0,75,weighted_bh,75,72,0.04,64
CHEMBL234,2,0.2,6.0,10,meta_calibration,10,9,0.1,10
CHEMBL234,2,0.2,6.0,10,chemdeprc_cap1,10,9,0.1,10
CHEMBL234,2,0.2,6.0,10,minp_block_bh_cap1,10,10,0.0,10
CHEMBL234,2,0.2,6.0,10,score_cap1,10,8,0.2,10
CHEMBL234,2,0.2,6.0,10,weighted_bh,10,10,0.0,10
CHEMBL234,2,0.2,6.0,50,meta_calibration,50,47,0.06,50
CHEMBL234,2,0.2,6.0,50,chemdeprc_cap1,50,48,0.04,50
CHEMBL234,2,0.2,6.0,50,minp_block_bh_cap1,50,48,0.04,50
CHEMBL234,2,0.2,6.0,50,score_cap1,50,47,0.06,50
CHEMBL234,2,0.2,6.0,50,weighted_bh,50,48,0.04,48
CHEMBL234,2,0.2,6.0,75,meta_calibration,75,72,0.04,75
CHEMBL234,2,0.2,6.0,75,chemdeprc_cap1,75,70,0.06666666666666667,75
CHEMBL234,2,0.2,6.0,75,minp_block_bh_cap1,75,71,0.05333333333333334,75
CHEMBL234,2,0.2,6.0,75,score_cap1,75,70,0.06666666666666667,75
CHEMBL234,2,0.2,6.0,75,weighted_bh,75,72,0.04,64
CHEMBL234,2,0.3,4.0,10,meta_calibration,10,9,0.1,10
CHEMBL234,2,0.3,4.0,10,chemdeprc_cap1,10,10,0.0,10
CHEMBL234,2,0.3,4.0,10,minp_block_bh_cap1,10,10,0.0,10
CHEMBL234,2,0.3,4.0,10,score_cap1,10,9,0.1,10
CHEMBL234,2,0.3,4.0,10,weighted_bh,10,10,0.0,10
CHEMBL234,2,0.3,4.0,50,meta_calibration,50,47,0.06,50
CHEMBL234,2,0.3,4.0,50,chemdeprc_cap1,50,49,0.02,50
CHEMBL234,2,0.3,4.0,50,minp_block_bh_cap1,50,48,0.04,50
CHEMBL234,2,0.3,4.0,50,score_cap1,50,48,0.04,50
CHEMBL234,2,0.3,4.0,50,weighted_bh,50,48,0.04,48
CHEMBL234,2,0.3,4.0,75,meta_calibration,75,71,0.05333333333333334,75
CHEMBL234,2,0.3,4.0,75,chemdeprc_cap1,75,71,0.05333333333333334,75
CHEMBL234,2,0.3,4.0,75,minp_block_bh_cap1,75,71,0.05333333333333334,75
CHEMBL234,2,0.3,4.0,75,score_cap1,75,70,0.06666666666666667,75
CHEMBL234,2,0.3,4.0,75,weighted_bh,75,72,0.04,64
CHEMBL234,2,0.3,6.0,10,meta_calibration,10,9,0.1,10
CHEMBL234,2,0.3,6.0,10,chemdeprc_cap1,10,7,0.3,10
CHEMBL234,2,0.3,6.0,10,minp_block_bh_cap1,10,10,0.0,10
CHEMBL234,2,0.3,6.0,10,score_cap1,10,7,0.3,10
CHEMBL234,2,0.3,6.0,10,weighted_bh,10,10,0.0,10
CHEMBL234,2,0.3,6.0,50,meta_calibration,50,47,0.06,50
CHEMBL234,2,0.3,6.0,50,chemdeprc_cap1,50,46,0.08,50
CHEMBL234,2,0.3,6.0,50,minp_block_bh_cap1,50,48,0.04,50
CHEMBL234,2,0.3,6.0,50,score_cap1,50,46,0.08,50
CHEMBL234,2,0.3,6.0,50,weighted_bh,50,48,0.04,48
CHEMBL234,2,0.3,6.0,75,meta_calibration,75,70,0.06666666666666667,75
CHEMBL234,2,0.3,6.0,75,chemdeprc_cap1,75,69,0.08,75
CHEMBL234,2,0.3,6.0,75,minp_block_bh_cap1,75,69,0.08,75
CHEMBL234,2,0.3,6.0,75,score_cap1,75,69,0.08,75
CHEMBL234,2,0.3,6.0,75,weighted_bh,75,72,0.04,64
CHEMBL234,3,0.2,4.0,10,meta_calibration,10,9,0.1,10
CHEMBL234,3,0.2,4.0,10,chemdeprc_cap1,10,10,0.0,10
CHEMBL234,3,0.2,4.0,10,minp_block_bh_cap1,10,10,0.0,10
CHEMBL234,3,0.2,4.0,10,score_cap1,10,9,0.1,10
CHEMBL234,3,0.2,4.0,10,weighted_bh,10,10,0.0,10
CHEMBL234,3,0.2,4.0,50,meta_calibration,50,47,0.06,50
CHEMBL234,3,0.2,4.0,50,chemdeprc_cap1,50,49,0.02,50
CHEMBL234,3,0.2,4.0,50,minp_block_bh_cap1,50,48,0.04,50
CHEMBL234,3,0.2,4.0,50,score_cap1,50,48,0.04,50
CHEMBL234,3,0.2,4.0,50,weighted_bh,50,48,0.04,48
CHEMBL234,3,0.2,4.0,75,meta_calibration,75,71,0.05333333333333334,75
CHEMBL234,3,0.2,4.0,75,chemdeprc_cap1,75,71,0.05333333333333334,75
CHEMBL234,3,0.2,4.0,75,minp_block_bh_cap1,75,71,0.05333333333333334,75
CHEMBL234,3,0.2,4.0,75,score_cap1,75,71,0.05333333333333334,75
CHEMBL234,3,0.2,4.0,75,weighted_bh,75,72,0.04,64
CHEMBL234,3,0.2,6.0,10,meta_calibration,10,9,0.1,10
CHEMBL234,3,0.2,6.0,10,chemdeprc_cap1,10,8,0.2,10
CHEMBL234,3,0.2,6.0,10,minp_block_bh_cap1,10,10,0.0,10
CHEMBL234,3,0.2,6.0,10,score_cap1,10,8,0.2,10
CHEMBL234,3,0.2,6.0,10,weighted_bh,10,10,0.0,10
CHEMBL234,3,0.2,6.0,50,meta_calibration,50,47,0.06,50
CHEMBL234,3,0.2,6.0,50,chemdeprc_cap1,50,47,0.06,50
CHEMBL234,3,0.2,6.0,50,minp_block_bh_cap1,50,48,0.04,50
CHEMBL234,3,0.2,6.0,50,score_cap1,50,47,0.06,50
CHEMBL234,3,0.2,6.0,50,weighted_bh,50,48,0.04,48
CHEMBL234,3,0.2,6.0,75,meta_calibration,75,71,0.05333333333333334,75
CHEMBL234,3,0.2,6.0,75,chemdeprc_cap1,75,70,0.06666666666666667,75
CHEMBL234,3,0.2,6.0,75,minp_block_bh_cap1,75,70,0.06666666666666667,75
CHEMBL234,3,0.2,6.0,75,score_cap1,75,70,0.06666666666666667,75
CHEMBL234,3,0.2,6.0,75,weighted_bh,75,72,0.04,64
CHEMBL234,3,0.3,4.0,10,meta_calibration,10,9,0.1,10
CHEMBL234,3,0.3,4.0,10,chemdeprc_cap1,10,10,0.0,10
CHEMBL234,3,0.3,4.0,10,minp_block_bh_cap1,10,10,0.0,10
CHEMBL234,3,0.3,4.0,10,score_cap1,10,10,0.0,10
CHEMBL234,3,0.3,4.0,10,weighted_bh,10,10,0.0,10
CHEMBL234,3,0.3,4.0,50,meta_calibration,50,47,0.06,50
CHEMBL234,3,0.3,4.0,50,chemdeprc_cap1,50,49,0.02,50
CHEMBL234,3,0.3,4.0,50,minp_block_bh_cap1,50,48,0.04,50
CHEMBL234,3,0.3,4.0,50,score_cap1,50,49,0.02,50
CHEMBL234,3,0.3,4.0,50,weighted_bh,50,48,0.04,48
CHEMBL234,3,0.3,4.0,75,meta_calibration,75,72,0.04,75
CHEMBL234,3,0.3,4.0,75,chemdeprc_cap1,75,72,0.04,75
CHEMBL234,3,0.3,4.0,75,minp_block_bh_cap1,75,72,0.04,75
CHEMBL234,3,0.3,4.0,75,score_cap1,75,71,0.05333333333333334,75
CHEMBL234,3,0.3,4.0,75,weighted_bh,75,72,0.04,64
CHEMBL234,3,0.3,6.0,10,meta_calibration,10,9,0.1,10
CHEMBL234,3,0.3,6.0,10,chemdeprc_cap1,10,10,0.0,10
CHEMBL234,3,0.3,6.0,10,minp_block_bh_cap1,10,10,0.0,10
CHEMBL234,3,0.3,6.0,10,score_cap1,10,9,0.1,10
CHEMBL234,3,0.3,6.0,10,weighted_bh,10,10,0.0,10
CHEMBL234,3,0.3,6.0,50,meta_calibration,50,47,0.06,50
CHEMBL234,3,0.3,6.0,50,chemdeprc_cap1,50,47,0.06,50
CHEMBL234,3,0.3,6.0,50,minp_block_bh_cap1,50,47,0.06,50
CHEMBL234,3,0.3,6.0,50,score_cap1,50,46,0.08,50
CHEMBL234,3,0.3,6.0,50,weighted_bh,50,47,0.06,49
CHEMBL234,3,0.3,6.0,75,meta_calibration,75,70,0.06666666666666667,75
CHEMBL234,3,0.3,6.0,75,chemdeprc_cap1,75,69,0.08,75
CHEMBL234,3,0.3,6.0,75,minp_block_bh_cap1,75,70,0.06666666666666667,75
CHEMBL234,3,0.3,6.0,75,score_cap1,75,69,0.08,75
CHEMBL234,3,0.3,6.0,75,weighted_bh,75,68,0.09333333333333334,62
CHEMBL234,4,0.2,4.0,10,meta_calibration,10,9,0.1,10
CHEMBL234,4,0.2,4.0,10,chemdeprc_cap1,10,10,0.0,10
CHEMBL234,4,0.2,4.0,10,minp_block_bh_cap1,10,10,0.0,10
CHEMBL234,4,0.2,4.0,10,score_cap1,10,10,0.0,10
CHEMBL234,4,0.2,4.0,10,weighted_bh,10,10,0.0,10
CHEMBL234,4,0.2,4.0,50,meta_calibration,50,47,0.06,50
CHEMBL234,4,0.2,4.0,50,chemdeprc_cap1,50,48,0.04,50
CHEMBL234,4,0.2,4.0,50,minp_block_bh_cap1,50,47,0.06,50
CHEMBL234,4,0.2,4.0,50,score_cap1,50,48,0.04,50
CHEMBL234,4,0.2,4.0,50,weighted_bh,50,47,0.06,49
CHEMBL234,4,0.2,4.0,75,meta_calibration,75,71,0.05333333333333334,75
CHEMBL234,4,0.2,4.0,75,chemdeprc_cap1,75,71,0.05333333333333334,75
CHEMBL234,4,0.2,4.0,75,minp_block_bh_cap1,75,71,0.05333333333333334,75
CHEMBL234,4,0.2,4.0,75,score_cap1,75,70,0.06666666666666667,75
CHEMBL234,4,0.2,4.0,75,weighted_bh,75,70,0.06666666666666667,63
CHEMBL234,4,0.2,6.0,10,meta_calibration,10,9,0.1,10
CHEMBL234,4,0.2,6.0,10,chemdeprc_cap1,10,8,0.2,10
CHEMBL234,4,0.2,6.0,10,minp_block_bh_cap1,10,10,0.0,10
CHEMBL234,4,0.2,6.0,10,score_cap1,10,8,0.2,10
CHEMBL234,4,0.2,6.0,10,weighted_bh,10,10,0.0,10
CHEMBL234,4,0.2,6.0,50,meta_calibration,50,47,0.06,50
CHEMBL234,4,0.2,6.0,50,chemdeprc_cap1,50,47,0.06,50
CHEMBL234,4,0.2,6.0,50,minp_block_bh_cap1,50,47,0.06,50
CHEMBL234,4,0.2,6.0,50,score_cap1,50,47,0.06,50
CHEMBL234,4,0.2,6.0,50,weighted_bh,50,46,0.08,48
CHEMBL234,4,0.2,6.0,75,meta_calibration,75,71,0.05333333333333334,75
CHEMBL234,4,0.2,6.0,75,chemdeprc_cap1,75,70,0.06666666666666667,75
CHEMBL234,4,0.2,6.0,75,minp_block_bh_cap1,75,70,0.06666666666666667,75
CHEMBL234,4,0.2,6.0,75,score_cap1,75,70,0.06666666666666667,75
CHEMBL234,4,0.2,6.0,75,weighted_bh,75,70,0.06666666666666667,63
CHEMBL234,4,0.3,4.0,10,meta_calibration,10,9,0.1,10
CHEMBL234,4,0.3,4.0,10,chemdeprc_cap1,10,10,0.0,10
CHEMBL234,4,0.3,4.0,10,minp_block_bh_cap1,10,10,0.0,10
CHEMBL234,4,0.3,4.0,10,score_cap1,10,10,0.0,10
CHEMBL234,4,0.3,4.0,10,weighted_bh,10,10,0.0,10
CHEMBL234,4,0.3,4.0,50,meta_calibration,50,47,0.06,50
CHEMBL234,4,0.3,4.0,50,chemdeprc_cap1,50,49,0.02,50
CHEMBL234,4,0.3,4.0,50,minp_block_bh_cap1,50,48,0.04,50
CHEMBL234,4,0.3,4.0,50,score_cap1,50,49,0.02,50
CHEMBL234,4,0.3,4.0,50,weighted_bh,50,48,0.04,48
CHEMBL234,4,0.3,4.0,75,meta_calibration,75,71,0.05333333333333334,75
CHEMBL234,4,0.3,4.0,75,chemdeprc_cap1,75,71,0.05333333333333334,75
CHEMBL234,4,0.3,4.0,75,minp_block_bh_cap1,75,71,0.05333333333333334,75
CHEMBL234,4,0.3,4.0,75,score_cap1,75,70,0.06666666666666667,75
CHEMBL234,4,0.3,4.0,75,weighted_bh,75,72,0.04,64
CHEMBL234,4,0.3,6.0,10,meta_calibration,10,9,0.1,10
CHEMBL234,4,0.3,6.0,10,chemdeprc_cap1,10,8,0.2,10
CHEMBL234,4,0.3,6.0,10,minp_block_bh_cap1,10,10,0.0,10
CHEMBL234,4,0.3,6.0,10,score_cap1,10,7,0.3,10
CHEMBL234,4,0.3,6.0,10,weighted_bh,10,10,0.0,10
CHEMBL234,4,0.3,6.0,50,meta_calibration,50,47,0.06,50
CHEMBL234,4,0.3,6.0,50,chemdeprc_cap1,50,47,0.06,50
CHEMBL234,4,0.3,6.0,50,minp_block_bh_cap1,50,48,0.04,50
CHEMBL234,4,0.3,6.0,50,score_cap1,50,46,0.08,50
CHEMBL234,4,0.3,6.0,50,weighted_bh,50,48,0.04,48
CHEMBL234,4,0.3,6.0,75,meta_calibration,75,70,0.06666666666666667,75
CHEMBL234,4,0.3,6.0,75,chemdeprc_cap1,75,69,0.08,75
CHEMBL234,4,0.3,6.0,75,minp_block_bh_cap1,75,70,0.06666666666666667,75
CHEMBL234,4,0.3,6.0,75,score_cap1,75,69,0.08,75
CHEMBL234,4,0.3,6.0,75,weighted_bh,75,72,0.04,64
CHEMBL234,5,0.2,4.0,10,meta_calibration,10,9,0.1,10
CHEMBL234,5,0.2,4.0,10,chemdeprc_cap1,10,10,0.0,10
CHEMBL234,5,0.2,4.0,10,minp_block_bh_cap1,10,10,0.0,10
CHEMBL234,5,0.2,4.0,10,score_cap1,10,9,0.1,10
CHEMBL234,5,0.2,4.0,10,weighted_bh,10,10,0.0,10
CHEMBL234,5,0.2,4.0,50,meta_calibration,50,47,0.06,50
CHEMBL234,5,0.2,4.0,50,chemdeprc_cap1,50,49,0.02,50
CHEMBL234,5,0.2,4.0,50,minp_block_bh_cap1,50,48,0.04,50
CHEMBL234,5,0.2,4.0,50,score_cap1,50,48,0.04,50
CHEMBL234,5,0.2,4.0,50,weighted_bh,50,48,0.04,48
CHEMBL234,5,0.2,4.0,75,meta_calibration,75,71,0.05333333333333334,75
CHEMBL234,5,0.2,4.0,75,chemdeprc_cap1,75,70,0.06666666666666667,75
CHEMBL234,5,0.2,4.0,75,minp_block_bh_cap1,75,70,0.06666666666666667,75
CHEMBL234,5,0.2,4.0,75,score_cap1,75,70,0.06666666666666667,75
CHEMBL234,5,0.2,4.0,75,weighted_bh,75,72,0.04,64
CHEMBL234,5,0.2,6.0,10,meta_calibration,10,9,0.1,10
CHEMBL234,5,0.2,6.0,10,chemdeprc_cap1,10,8,0.2,10
CHEMBL234,5,0.2,6.0,10,minp_block_bh_cap1,10,10,0.0,10
CHEMBL234,5,0.2,6.0,10,score_cap1,10,8,0.2,10
CHEMBL234,5,0.2,6.0,10,weighted_bh,10,10,0.0,10
CHEMBL234,5,0.2,6.0,50,meta_calibration,50,47,0.06,50
CHEMBL234,5,0.2,6.0,50,chemdeprc_cap1,50,47,0.06,50
CHEMBL234,5,0.2,6.0,50,minp_block_bh_cap1,50,48,0.04,50
CHEMBL234,5,0.2,6.0,50,score_cap1,50,47,0.06,50
CHEMBL234,5,0.2,6.0,50,weighted_bh,50,48,0.04,48
CHEMBL234,5,0.2,6.0,75,meta_calibration,75,71,0.05333333333333334,75
CHEMBL234,5,0.2,6.0,75,chemdeprc_cap1,75,70,0.06666666666666667,75
CHEMBL234,5,0.2,6.0,75,minp_block_bh_cap1,75,70,0.06666666666666667,75
CHEMBL234,5,0.2,6.0,75,score_cap1,75,70,0.06666666666666667,75
CHEMBL234,5,0.2,6.0,75,weighted_bh,75,72,0.04,64
CHEMBL234,5,0.3,4.0,10,meta_calibration,10,9,0.1,10
CHEMBL234,5,0.3,4.0,10,chemdeprc_cap1,10,10,0.0,10
CHEMBL234,5,0.3,4.0,10,minp_block_bh_cap1,10,10,0.0,10
CHEMBL234,5,0.3,4.0,10,score_cap1,10,10,0.0,10
CHEMBL234,5,0.3,4.0,10,weighted_bh,10,10,0.0,10
CHEMBL234,5,0.3,4.0,50,meta_calibration,50,47,0.06,50
CHEMBL234,5,0.3,4.0,50,chemdeprc_cap1,50,48,0.04,50
CHEMBL234,5,0.3,4.0,50,minp_block_bh_cap1,50,47,0.06,50
CHEMBL234,5,0.3,4.0,50,score_cap1,50,48,0.04,50
CHEMBL234,5,0.3,4.0,50,weighted_bh,50,47,0.06,49
CHEMBL234,5,0.3,4.0,75,meta_calibration,75,70,0.06666666666666667,75
CHEMBL234,5,0.3,4.0,75,chemdeprc_cap1,75,70,0.06666666666666667,75
CHEMBL234,5,0.3,4.0,75,minp_block_bh_cap1,75,70,0.06666666666666667,75
CHEMBL234,5,0.3,4.0,75,score_cap1,75,69,0.08,75
CHEMBL234,5,0.3,4.0,75,weighted_bh,75,70,0.06666666666666667,63
CHEMBL234,5,0.3,6.0,10,meta_calibration,10,9,0.1,10
CHEMBL234,5,0.3,6.0,10,chemdeprc_cap1,10,8,0.2,10
CHEMBL234,5,0.3,6.0,10,minp_block_bh_cap1,10,10,0.0,10
CHEMBL234,5,0.3,6.0,10,score_cap1,10,7,0.3,10
CHEMBL234,5,0.3,6.0,10,weighted_bh,10,10,0.0,10
CHEMBL234,5,0.3,6.0,50,meta_calibration,50,47,0.06,50
CHEMBL234,5,0.3,6.0,50,chemdeprc_cap1,50,47,0.06,50
CHEMBL234,5,0.3,6.0,50,minp_block_bh_cap1,50,47,0.06,50
CHEMBL234,5,0.3,6.0,50,score_cap1,50,46,0.08,50
CHEMBL234,5,0.3,6.0,50,weighted_bh,50,46,0.08,48
CHEMBL234,5,0.3,6.0,75,meta_calibration,75,71,0.05333333333333334,75
CHEMBL234,5,0.3,6.0,75,chemdeprc_cap1,75,69,0.08,75
CHEMBL234,5,0.3,6.0,75,minp_block_bh_cap1,75,70,0.06666666666666667,75
CHEMBL234,5,0.3,6.0,75,score_cap1,75,69,0.08,75
CHEMBL234,5,0.3,6.0,75,weighted_bh,75,70,0.06666666666666667,63
CHEMBL234,6,0.2,4.0,10,meta_calibration,10,9,0.1,10
CHEMBL234,6,0.2,4.0,10,chemdeprc_cap1,10,10,0.0,10
CHEMBL234,6,0.2,4.0,10,minp_block_bh_cap1,10,10,0.0,10
CHEMBL234,6,0.2,4.0,10,score_cap1,10,10,0.0,10
CHEMBL234,6,0.2,4.0,10,weighted_bh,10,10,0.0,10
CHEMBL234,6,0.2,4.0,50,meta_calibration,50,47,0.06,50
CHEMBL234,6,0.2,4.0,50,chemdeprc_cap1,50,49,0.02,50
CHEMBL234,6,0.2,4.0,50,minp_block_bh_cap1,50,48,0.04,50
CHEMBL234,6,0.2,4.0,50,score_cap1,50,49,0.02,50
CHEMBL234,6,0.2,4.0,50,weighted_bh,50,48,0.04,48
CHEMBL234,6,0.2,4.0,75,meta_calibration,75,72,0.04,75
CHEMBL234,6,0.2,4.0,75,chemdeprc_cap1,75,72,0.04,75
CHEMBL234,6,0.2,4.0,75,minp_block_bh_cap1,75,71,0.05333333333333334,75
CHEMBL234,6,0.2,4.0,75,score_cap1,75,70,0.06666666666666667,75
CHEMBL234,6,0.2,4.0,75,weighted_bh,75,72,0.04,64
CHEMBL234,6,0.2,6.0,10,meta_calibration,10,9,0.1,10
CHEMBL234,6,0.2,6.0,10,chemdeprc_cap1,10,9,0.1,10
CHEMBL234,6,0.2,6.0,10,minp_block_bh_cap1,10,10,0.0,10
CHEMBL234,6,0.2,6.0,10,score_cap1,10,8,0.2,10
CHEMBL234,6,0.2,6.0,10,weighted_bh,10,10,0.0,10
CHEMBL234,6,0.2,6.0,50,meta_calibration,50,47,0.06,50
CHEMBL234,6,0.2,6.0,50,chemdeprc_cap1,50,48,0.04,50
CHEMBL234,6,0.2,6.0,50,minp_block_bh_cap1,50,48,0.04,50
CHEMBL234,6,0.2,6.0,50,score_cap1,50,47,0.06,50
CHEMBL234,6,0.2,6.0,50,weighted_bh,50,48,0.04,48
CHEMBL234,6,0.2,6.0,75,meta_calibration,75,71,0.05333333333333334,75
CHEMBL234,6,0.2,6.0,75,chemdeprc_cap1,75,70,0.06666666666666667,75
CHEMBL234,6,0.2,6.0,75,minp_block_bh_cap1,75,71,0.05333333333333334,75
CHEMBL234,6,0.2,6.0,75,score_cap1,75,70,0.06666666666666667,75
CHEMBL234,6,0.2,6.0,75,weighted_bh,75,72,0.04,64
CHEMBL234,6,0.3,4.0,10,meta_calibration,10,9,0.1,10
CHEMBL234,6,0.3,4.0,10,chemdeprc_cap1,10,10,0.0,10
CHEMBL234,6,0.3,4.0,10,minp_block_bh_cap1,10,10,0.0,10
CHEMBL234,6,0.3,4.0,10,score_cap1,10,9,0.1,10
CHEMBL234,6,0.3,4.0,10,weighted_bh,10,10,0.0,10
CHEMBL234,6,0.3,4.0,50,meta_calibration,50,47,0.06,50
CHEMBL234,6,0.3,4.0,50,chemdeprc_cap1,50,49,0.02,50
CHEMBL234,6,0.3,4.0,50,minp_block_bh_cap1,50,48,0.04,50
CHEMBL234,6,0.3,4.0,50,score_cap1,50,48,0.04,50
CHEMBL234,6,0.3,4.0,50,weighted_bh,50,48,0.04,48
CHEMBL234,6,0.3,4.0,75,meta_calibration,75,72,0.04,75
CHEMBL234,6,0.3,4.0,75,chemdeprc_cap1,75,71,0.05333333333333334,75
CHEMBL234,6,0.3,4.0,75,minp_block_bh_cap1,75,71,0.05333333333333334,75
CHEMBL234,6,0.3,4.0,75,score_cap1,75,70,0.06666666666666667,75
CHEMBL234,6,0.3,4.0,75,weighted_bh,75,72,0.04,64
CHEMBL234,6,0.3,6.0,10,meta_calibration,10,9,0.1,10
CHEMBL234,6,0.3,6.0,10,chemdeprc_cap1,10,8,0.2,10
CHEMBL234,6,0.3,6.0,10,minp_block_bh_cap1,10,10,0.0,10
CHEMBL234,6,0.3,6.0,10,score_cap1,10,7,0.3,10
CHEMBL234,6,0.3,6.0,10,weighted_bh,10,10,0.0,10
CHEMBL234,6,0.3,6.0,50,meta_calibration,50,47,0.06,50
CHEMBL234,6,0.3,6.0,50,chemdeprc_cap1,50,47,0.06,50
CHEMBL234,6,0.3,6.0,50,minp_block_bh_cap1,50,48,0.04,50
CHEMBL234,6,0.3,6.0,50,score_cap1,50,46,0.08,50
CHEMBL234,6,0.3,6.0,50,weighted_bh,50,48,0.04,48
CHEMBL234,6,0.3,6.0,75,meta_calibration,75,71,0.05333333333333334,75
CHEMBL234,6,0.3,6.0,75,chemdeprc_cap1,75,69,0.08,75
CHEMBL234,6,0.3,6.0,75,minp_block_bh_cap1,75,70,0.06666666666666667,75
CHEMBL234,6,0.3,6.0,75,score_cap1,75,69,0.08,75
CHEMBL234,6,0.3,6.0,75,weighted_bh,75,72,0.04,64
CHEMBL234,7,0.2,4.0,10,meta_calibration,10,9,0.1,10
CHEMBL234,7,0.2,4.0,10,chemdeprc_cap1,10,10,0.0,10
CHEMBL234,7,0.2,4.0,10,minp_block_bh_cap1,10,10,0.0,10
CHEMBL234,7,0.2,4.0,10,score_cap1,10,10,0.0,10
CHEMBL234,7,0.2,4.0,10,weighted_bh,10,10,0.0,10
CHEMBL234,7,0.2,4.0,50,meta_calibration,50,47,0.06,50
CHEMBL234,7,0.2,4.0,50,chemdeprc_cap1,50,49,0.02,50
CHEMBL234,7,0.2,4.0,50,minp_block_bh_cap1,50,48,0.04,50
CHEMBL234,7,0.2,4.0,50,score_cap1,50,49,0.02,50
CHEMBL234,7,0.2,4.0,50,weighted_bh,50,48,0.04,48
CHEMBL234,7,0.2,4.0,75,meta_calibration,75,71,0.05333333333333334,75
CHEMBL234,7,0.2,4.0,75,chemdeprc_cap1,75,71,0.05333333333333334,75
CHEMBL234,7,0.2,4.0,75,minp_block_bh_cap1,75,71,0.05333333333333334,75
CHEMBL234,7,0.2,4.0,75,score_cap1,75,70,0.06666666666666667,75
CHEMBL234,7,0.2,4.0,75,weighted_bh,75,72,0.04,64
CHEMBL234,7,0.2,6.0,10,meta_calibration,10,9,0.1,10
CHEMBL234,7,0.2,6.0,10,chemdeprc_cap1,10,8,0.2,10
CHEMBL234,7,0.2,6.0,10,minp_block_bh_cap1,10,10,0.0,10
CHEMBL234,7,0.2,6.0,10,score_cap1,10,8,0.2,10
CHEMBL234,7,0.2,6.0,10,weighted_bh,10,10,0.0,10
CHEMBL234,7,0.2,6.0,50,meta_calibration,50,47,0.06,50
CHEMBL234,7,0.2,6.0,50,chemdeprc_cap1,50,47,0.06,50
CHEMBL234,7,0.2,6.0,50,minp_block_bh_cap1,50,48,0.04,50
CHEMBL234,7,0.2,6.0,50,score_cap1,50,47,0.06,50
CHEMBL234,7,0.2,6.0,50,weighted_bh,50,48,0.04,48
CHEMBL234,7,0.2,6.0,75,meta_calibration,75,70,0.06666666666666667,75
CHEMBL234,7,0.2,6.0,75,chemdeprc_cap1,75,70,0.06666666666666667,75
CHEMBL234,7,0.2,6.0,75,minp_block_bh_cap1,75,70,0.06666666666666667,75
CHEMBL234,7,0.2,6.0,75,score_cap1,75,70,0.06666666666666667,75
CHEMBL234,7,0.2,6.0,75,weighted_bh,75,72,0.04,64
CHEMBL234,7,0.3,4.0,10,meta_calibration,10,9,0.1,10
CHEMBL234,7,0.3,4.0,10,chemdeprc_cap1,10,10,0.0,10
CHEMBL234,7,0.3,4.0,10,minp_block_bh_cap1,10,10,0.0,10
CHEMBL234,7,0.3,4.0,10,score_cap1,10,9,0.1,10
CHEMBL234,7,0.3,4.0,10,weighted_bh,10,10,0.0,10
CHEMBL234,7,0.3,4.0,50,meta_calibration,50,47,0.06,50
CHEMBL234,7,0.3,4.0,50,chemdeprc_cap1,50,49,0.02,50
CHEMBL234,7,0.3,4.0,50,minp_block_bh_cap1,50,48,0.04,50
CHEMBL234,7,0.3,4.0,50,score_cap1,50,48,0.04,50
CHEMBL234,7,0.3,4.0,50,weighted_bh,50,48,0.04,48
CHEMBL234,7,0.3,4.0,75,meta_calibration,75,72,0.04,75
CHEMBL234,7,0.3,4.0,75,chemdeprc_cap1,75,71,0.05333333333333334,75
CHEMBL234,7,0.3,4.0,75,minp_block_bh_cap1,75,71,0.05333333333333334,75
CHEMBL234,7,0.3,4.0,75,score_cap1,75,70,0.06666666666666667,75
CHEMBL234,7,0.3,4.0,75,weighted_bh,75,72,0.04,64
CHEMBL234,7,0.3,6.0,10,meta_calibration,10,9,0.1,10
CHEMBL234,7,0.3,6.0,10,chemdeprc_cap1,10,8,0.2,10
CHEMBL234,7,0.3,6.0,10,minp_block_bh_cap1,10,10,0.0,10
CHEMBL234,7,0.3,6.0,10,score_cap1,10,7,0.3,10
CHEMBL234,7,0.3,6.0,10,weighted_bh,10,10,0.0,10
CHEMBL234,7,0.3,6.0,50,meta_calibration,50,47,0.06,50
CHEMBL234,7,0.3,6.0,50,chemdeprc_cap1,50,47,0.06,50
CHEMBL234,7,0.3,6.0,50,minp_block_bh_cap1,50,48,0.04,50
CHEMBL234,7,0.3,6.0,50,score_cap1,50,46,0.08,50
CHEMBL234,7,0.3,6.0,50,weighted_bh,50,48,0.04,48
CHEMBL234,7,0.3,6.0,75,meta_calibration,75,71,0.05333333333333334,75
CHEMBL234,7,0.3,6.0,75,chemdeprc_cap1,75,69,0.08,75
CHEMBL234,7,0.3,6.0,75,minp_block_bh_cap1,75,70,0.06666666666666667,75
CHEMBL234,7,0.3,6.0,75,score_cap1,75,69,0.08,75
CHEMBL234,7,0.3,6.0,75,weighted_bh,75,72,0.04,64
CHEMBL234,8,0.2,4.0,10,meta_calibration,10,9,0.1,10
CHEMBL234,8,0.2,4.0,10,chemdeprc_cap1,10,10,0.0,10
CHEMBL234,8,0.2,4.0,10,minp_block_bh_cap1,10,10,0.0,10
CHEMBL234,8,0.2,4.0,10,score_cap1,10,10,0.0,10
CHEMBL234,8,0.2,4.0,10,weighted_bh,10,10,0.0,10
CHEMBL234,8,0.2,4.0,50,meta_calibration,50,47,0.06,50
CHEMBL234,8,0.2,4.0,50,chemdeprc_cap1,50,49,0.02,50
CHEMBL234,8,0.2,4.0,50,minp_block_bh_cap1,50,48,0.04,50
CHEMBL234,8,0.2,4.0,50,score_cap1,50,49,0.02,50
CHEMBL234,8,0.2,4.0,50,weighted_bh,50,48,0.04,48
CHEMBL234,8,0.2,4.0,75,meta_calibration,75,71,0.05333333333333334,75
CHEMBL234,8,0.2,4.0,75,chemdeprc_cap1,75,71,0.05333333333333334,75
CHEMBL234,8,0.2,4.0,75,minp_block_bh_cap1,75,71,0.05333333333333334,75
CHEMBL234,8,0.2,4.0,75,score_cap1,75,71,0.05333333333333334,75
CHEMBL234,8,0.2,4.0,75,weighted_bh,75,72,0.04,64
CHEMBL234,8,0.2,6.0,10,meta_calibration,10,9,0.1,10
CHEMBL234,8,0.2,6.0,10,chemdeprc_cap1,10,9,0.1,10
CHEMBL234,8,0.2,6.0,10,minp_block_bh_cap1,10,10,0.0,10
CHEMBL234,8,0.2,6.0,10,score_cap1,10,9,0.1,10
CHEMBL234,8,0.2,6.0,10,weighted_bh,10,10,0.0,10
CHEMBL234,8,0.2,6.0,50,meta_calibration,50,47,0.06,50
CHEMBL234,8,0.2,6.0,50,chemdeprc_cap1,50,47,0.06,50
CHEMBL234,8,0.2,6.0,50,minp_block_bh_cap1,50,47,0.06,50
CHEMBL234,8,0.2,6.0,50,score_cap1,50,47,0.06,50
CHEMBL234,8,0.2,6.0,50,weighted_bh,50,47,0.06,49
CHEMBL234,8,0.2,6.0,75,meta_calibration,75,70,0.06666666666666667,75
CHEMBL234,8,0.2,6.0,75,chemdeprc_cap1,75,70,0.06666666666666667,75
CHEMBL234,8,0.2,6.0,75,minp_block_bh_cap1,75,70,0.06666666666666667,75
CHEMBL234,8,0.2,6.0,75,score_cap1,75,70,0.06666666666666667,75
CHEMBL234,8,0.2,6.0,75,weighted_bh,75,70,0.06666666666666667,63
CHEMBL234,8,0.3,4.0,10,meta_calibration,10,9,0.1,10
CHEMBL234,8,0.3,4.0,10,chemdeprc_cap1,10,10,0.0,10
CHEMBL234,8,0.3,4.0,10,minp_block_bh_cap1,10,10,0.0,10
CHEMBL234,8,0.3,4.0,10,score_cap1,10,10,0.0,10
CHEMBL234,8,0.3,4.0,10,weighted_bh,10,10,0.0,10
CHEMBL234,8,0.3,4.0,50,meta_calibration,50,47,0.06,50
CHEMBL234,8,0.3,4.0,50,chemdeprc_cap1,50,49,0.02,50
CHEMBL234,8,0.3,4.0,50,minp_block_bh_cap1,50,48,0.04,50
CHEMBL234,8,0.3,4.0,50,score_cap1,50,49,0.02,50
CHEMBL234,8,0.3,4.0,50,weighted_bh,50,48,0.04,48
CHEMBL234,8,0.3,4.0,75,meta_calibration,75,71,0.05333333333333334,75
CHEMBL234,8,0.3,4.0,75,chemdeprc_cap1,75,72,0.04,75
CHEMBL234,8,0.3,4.0,75,minp_block_bh_cap1,75,71,0.05333333333333334,75
CHEMBL234,8,0.3,4.0,75,score_cap1,75,71,0.05333333333333334,75
CHEMBL234,8,0.3,4.0,75,weighted_bh,75,72,0.04,64
CHEMBL234,8,0.3,6.0,10,meta_calibration,10,9,0.1,10
CHEMBL234,8,0.3,6.0,10,chemdeprc_cap1,10,9,0.1,10
CHEMBL234,8,0.3,6.0,10,minp_block_bh_cap1,10,10,0.0,10
CHEMBL234,8,0.3,6.0,10,score_cap1,10,8,0.2,10
CHEMBL234,8,0.3,6.0,10,weighted_bh,10,10,0.0,10
CHEMBL234,8,0.3,6.0,50,meta_calibration,50,47,0.06,50
CHEMBL234,8,0.3,6.0,50,chemdeprc_cap1,50,47,0.06,50
CHEMBL234,8,0.3,6.0,50,minp_block_bh_cap1,50,48,0.04,50
CHEMBL234,8,0.3,6.0,50,score_cap1,50,46,0.08,50
CHEMBL234,8,0.3,6.0,50,weighted_bh,50,48,0.04,48
CHEMBL234,8,0.3,6.0,75,meta_calibration,75,70,0.06666666666666667,75
CHEMBL234,8,0.3,6.0,75,chemdeprc_cap1,75,69,0.08,75
CHEMBL234,8,0.3,6.0,75,minp_block_bh_cap1,75,70,0.06666666666666667,75
CHEMBL234,8,0.3,6.0,75,score_cap1,75,69,0.08,75
CHEMBL234,8,0.3,6.0,75,weighted_bh,75,70,0.06666666666666667,63
CHEMBL234,9,0.2,4.0,10,meta_calibration,10,9,0.1,10
CHEMBL234,9,0.2,4.0,10,chemdeprc_cap1,10,10,0.0,10
CHEMBL234,9,0.2,4.0,10,minp_block_bh_cap1,10,10,0.0,10
CHEMBL234,9,0.2,4.0,10,score_cap1,10,10,0.0,10
CHEMBL234,9,0.2,4.0,10,weighted_bh,10,10,0.0,10
CHEMBL234,9,0.2,4.0,50,meta_calibration,50,47,0.06,50
CHEMBL234,9,0.2,4.0,50,chemdeprc_cap1,50,49,0.02,50
CHEMBL234,9,0.2,4.0,50,minp_block_bh_cap1,50,48,0.04,50
CHEMBL234,9,0.2,4.0,50,score_cap1,50,49,0.02,50
CHEMBL234,9,0.2,4.0,50,weighted_bh,50,48,0.04,48
CHEMBL234,9,0.2,4.0,75,meta_calibration,75,71,0.05333333333333334,75
CHEMBL234,9,0.2,4.0,75,chemdeprc_cap1,75,72,0.04,75
CHEMBL234,9,0.2,4.0,75,minp_block_bh_cap1,75,71,0.05333333333333334,75
CHEMBL234,9,0.2,4.0,75,score_cap1,75,71,0.05333333333333334,75
CHEMBL234,9,0.2,4.0,75,weighted_bh,75,72,0.04,64
CHEMBL234,9,0.2,6.0,10,meta_calibration,10,9,0.1,10
CHEMBL234,9,0.2,6.0,10,chemdeprc_cap1,10,9,0.1,10
CHEMBL234,9,0.2,6.0,10,minp_block_bh_cap1,10,10,0.0,10
CHEMBL234,9,0.2,6.0,10,score_cap1,10,9,0.1,10
CHEMBL234,9,0.2,6.0,10,weighted_bh,10,10,0.0,10
CHEMBL234,9,0.2,6.0,50,meta_calibration,50,47,0.06,50
CHEMBL234,9,0.2,6.0,50,chemdeprc_cap1,50,47,0.06,50
CHEMBL234,9,0.2,6.0,50,minp_block_bh_cap1,50,47,0.06,50
CHEMBL234,9,0.2,6.0,50,score_cap1,50,47,0.06,50
CHEMBL234,9,0.2,6.0,50,weighted_bh,50,47,0.06,49
CHEMBL234,9,0.2,6.0,75,meta_calibration,75,70,0.06666666666666667,75
CHEMBL234,9,0.2,6.0,75,chemdeprc_cap1,75,70,0.06666666666666667,75
CHEMBL234,9,0.2,6.0,75,minp_block_bh_cap1,75,70,0.06666666666666667,75
CHEMBL234,9,0.2,6.0,75,score_cap1,75,70,0.06666666666666667,75
CHEMBL234,9,0.2,6.0,75,weighted_bh,75,70,0.06666666666666667,63
CHEMBL234,9,0.3,4.0,10,meta_calibration,10,9,0.1,10
CHEMBL234,9,0.3,4.0,10,chemdeprc_cap1,10,10,0.0,10
CHEMBL234,9,0.3,4.0,10,minp_block_bh_cap1,10,10,0.0,10
CHEMBL234,9,0.3,4.0,10,score_cap1,10,9,0.1,10
CHEMBL234,9,0.3,4.0,10,weighted_bh,10,10,0.0,10
CHEMBL234,9,0.3,4.0,50,meta_calibration,50,47,0.06,50
CHEMBL234,9,0.3,4.0,50,chemdeprc_cap1,50,49,0.02,50
CHEMBL234,9,0.3,4.0,50,minp_block_bh_cap1,50,48,0.04,50
CHEMBL234,9,0.3,4.0,50,score_cap1,50,48,0.04,50
CHEMBL234,9,0.3,4.0,50,weighted_bh,50,48,0.04,48
CHEMBL234,9,0.3,4.0,75,meta_calibration,75,71,0.05333333333333334,75
CHEMBL234,9,0.3,4.0,75,chemdeprc_cap1,75,71,0.05333333333333334,75
CHEMBL234,9,0.3,4.0,75,minp_block_bh_cap1,75,71,0.05333333333333334,75
CHEMBL234,9,0.3,4.0,75,score_cap1,75,70,0.06666666666666667,75
CHEMBL234,9,0.3,4.0,75,weighted_bh,75,72,0.04,64
CHEMBL234,9,0.3,6.0,10,meta_calibration,10,9,0.1,10
CHEMBL234,9,0.3,6.0,10,chemdeprc_cap1,10,8,0.2,10
CHEMBL234,9,0.3,6.0,10,minp_block_bh_cap1,10,10,0.0,10
CHEMBL234,9,0.3,6.0,10,score_cap1,10,7,0.3,10
CHEMBL234,9,0.3,6.0,10,weighted_bh,10,10,0.0,10
CHEMBL234,9,0.3,6.0,50,meta_calibration,50,47,0.06,50
CHEMBL234,9,0.3,6.0,50,chemdeprc_cap1,50,47,0.06,50
CHEMBL234,9,0.3,6.0,50,minp_block_bh_cap1,50,48,0.04,50
CHEMBL234,9,0.3,6.0,50,score_cap1,50,46,0.08,50
CHEMBL234,9,0.3,6.0,50,weighted_bh,50,48,0.04,48
CHEMBL234,9,0.3,6.0,75,meta_calibration,75,71,0.05333333333333334,75
CHEMBL234,9,0.3,6.0,75,chemdeprc_cap1,75,69,0.08,75
CHEMBL234,9,0.3,6.0,75,minp_block_bh_cap1,75,70,0.06666666666666667,75
CHEMBL234,9,0.3,6.0,75,score_cap1,75,69,0.08,75
CHEMBL234,9,0.3,6.0,75,weighted_bh,75,72,0.04,64
CHEMBL236,0,0.2,4.0,10,meta_calibration,10,10,0.0,10
CHEMBL236,0,0.2,4.0,10,chemdeprc_cap1,10,10,0.0,10
CHEMBL236,0,0.2,4.0,10,minp_block_bh_cap1,10,10,0.0,10
CHEMBL236,0,0.2,4.0,10,score_cap1,10,8,0.2,10
CHEMBL236,0,0.2,4.0,10,weighted_bh,10,10,0.0,10
CHEMBL236,0,0.2,4.0,50,meta_calibration,50,50,0.0,50
CHEMBL236,0,0.2,4.0,50,chemdeprc_cap1,50,46,0.08,50
CHEMBL236,0,0.2,4.0,50,minp_block_bh_cap1,50,49,0.02,50
CHEMBL236,0,0.2,4.0,50,score_cap1,50,46,0.08,50
CHEMBL236,0,0.2,4.0,50,weighted_bh,50,50,0.0,39
CHEMBL236,0,0.2,4.0,75,meta_calibration,75,75,0.0,75
CHEMBL236,0,0.2,4.0,75,chemdeprc_cap1,75,71,0.05333333333333334,75
CHEMBL236,0,0.2,4.0,75,minp_block_bh_cap1,75,73,0.02666666666666667,75
CHEMBL236,0,0.2,4.0,75,score_cap1,75,71,0.05333333333333334,75
CHEMBL236,0,0.2,4.0,75,weighted_bh,75,72,0.04,56
CHEMBL236,0,0.2,6.0,10,meta_calibration,10,10,0.0,10
CHEMBL236,0,0.2,6.0,10,chemdeprc_cap1,10,9,0.1,10
CHEMBL236,0,0.2,6.0,10,minp_block_bh_cap1,10,10,0.0,10
CHEMBL236,0,0.2,6.0,10,score_cap1,10,6,0.4,10
CHEMBL236,0,0.2,6.0,10,weighted_bh,10,10,0.0,10
CHEMBL236,0,0.2,6.0,50,meta_calibration,50,50,0.0,50
CHEMBL236,0,0.2,6.0,50,chemdeprc_cap1,50,46,0.08,50
CHEMBL236,0,0.2,6.0,50,minp_block_bh_cap1,50,49,0.02,50
CHEMBL236,0,0.2,6.0,50,score_cap1,50,46,0.08,50
CHEMBL236,0,0.2,6.0,50,weighted_bh,50,50,0.0,39
CHEMBL236,0,0.2,6.0,75,meta_calibration,75,75,0.0,75
CHEMBL236,0,0.2,6.0,75,chemdeprc_cap1,75,71,0.05333333333333334,75
CHEMBL236,0,0.2,6.0,75,minp_block_bh_cap1,75,73,0.02666666666666667,75
CHEMBL236,0,0.2,6.0,75,score_cap1,75,71,0.05333333333333334,75
CHEMBL236,0,0.2,6.0,75,weighted_bh,75,69,0.08,56
CHEMBL236,0,0.3,4.0,10,meta_calibration,10,10,0.0,10
CHEMBL236,0,0.3,4.0,10,chemdeprc_cap1,10,10,0.0,10
CHEMBL236,0,0.3,4.0,10,minp_block_bh_cap1,10,10,0.0,10
CHEMBL236,0,0.3,4.0,10,score_cap1,10,8,0.2,10
CHEMBL236,0,0.3,4.0,10,weighted_bh,10,10,0.0,10
CHEMBL236,0,0.3,4.0,50,meta_calibration,50,49,0.02,50
CHEMBL236,0,0.3,4.0,50,chemdeprc_cap1,50,47,0.06,50
CHEMBL236,0,0.3,4.0,50,minp_block_bh_cap1,50,50,0.0,50
CHEMBL236,0,0.3,4.0,50,score_cap1,50,47,0.06,50
CHEMBL236,0,0.3,4.0,50,weighted_bh,50,50,0.0,39
CHEMBL236,0,0.3,4.0,75,meta_calibration,75,73,0.02666666666666667,75
CHEMBL236,0,0.3,4.0,75,chemdeprc_cap1,75,72,0.04,75
CHEMBL236,0,0.3,4.0,75,minp_block_bh_cap1,75,74,0.013333333333333334,75
CHEMBL236,0,0.3,4.0,75,score_cap1,75,71,0.05333333333333334,75
CHEMBL236,0,0.3,4.0,75,weighted_bh,75,75,0.0,55
CHEMBL236,0,0.3,6.0,10,meta_calibration,10,10,0.0,10
CHEMBL236,0,0.3,6.0,10,chemdeprc_cap1,10,9,0.1,10
CHEMBL236,0,0.3,6.0,10,minp_block_bh_cap1,10,10,0.0,10
CHEMBL236,0,0.3,6.0,10,score_cap1,10,7,0.3,10
CHEMBL236,0,0.3,6.0,10,weighted_bh,10,10,0.0,10
CHEMBL236,0,0.3,6.0,50,meta_calibration,50,49,0.02,50
CHEMBL236,0,0.3,6.0,50,chemdeprc_cap1,50,45,0.1,50
CHEMBL236,0,0.3,6.0,50,minp_block_bh_cap1,50,50,0.0,50
CHEMBL236,0,0.3,6.0,50,score_cap1,50,45,0.1,50
CHEMBL236,0,0.3,6.0,50,weighted_bh,50,50,0.0,39
CHEMBL236,0,0.3,6.0,75,meta_calibration,75,74,0.013333333333333334,75
CHEMBL236,0,0.3,6.0,75,chemdeprc_cap1,75,69,0.08,75
CHEMBL236,0,0.3,6.0,75,minp_block_bh_cap1,75,73,0.02666666666666667,75
CHEMBL236,0,0.3,6.0,75,score_cap1,75,69,0.08,75
CHEMBL236,0,0.3,6.0,75,weighted_bh,75,72,0.04,56
CHEMBL236,1,0.2,4.0,10,meta_calibration,10,10,0.0,10
CHEMBL236,1,0.2,4.0,10,chemdeprc_cap1,10,10,0.0,10
CHEMBL236,1,0.2,4.0,10,minp_block_bh_cap1,10,10,0.0,10
CHEMBL236,1,0.2,4.0,10,score_cap1,10,9,0.1,10
CHEMBL236,1,0.2,4.0,10,weighted_bh,10,10,0.0,10
CHEMBL236,1,0.2,4.0,50,meta_calibration,50,48,0.04,50
CHEMBL236,1,0.2,4.0,50,chemdeprc_cap1,50,50,0.0,50
CHEMBL236,1,0.2,4.0,50,minp_block_bh_cap1,50,50,0.0,50
CHEMBL236,1,0.2,4.0,50,score_cap1,50,49,0.02,50
CHEMBL236,1,0.2,4.0,50,weighted_bh,50,50,0.0,39
CHEMBL236,1,0.2,4.0,75,meta_calibration,75,72,0.04,75
CHEMBL236,1,0.2,4.0,75,chemdeprc_cap1,75,74,0.013333333333333334,75
CHEMBL236,1,0.2,4.0,75,minp_block_bh_cap1,75,75,0.0,75
CHEMBL236,1,0.2,4.0,75,score_cap1,75,73,0.02666666666666667,75
CHEMBL236,1,0.2,4.0,75,weighted_bh,75,75,0.0,55
CHEMBL236,1,0.2,6.0,10,meta_calibration,10,10,0.0,10
CHEMBL236,1,0.2,6.0,10,chemdeprc_cap1,10,9,0.1,10
CHEMBL236,1,0.2,6.0,10,minp_block_bh_cap1,10,10,0.0,10
CHEMBL236,1,0.2,6.0,10,score_cap1,10,8,0.2,10
CHEMBL236,1,0.2,6.0,10,weighted_bh,10,10,0.0,10
CHEMBL236,1,0.2,6.0,50,meta_calibration,50,49,0.02,50
CHEMBL236,1,0.2,6.0,50,chemdeprc_cap1,50,47,0.06,50
CHEMBL236,1,0.2,6.0,50,minp_block_bh_cap1,50,49,0.02,50
CHEMBL236,1,0.2,6.0,50,score_cap1,50,46,0.08,50
CHEMBL236,1,0.2,6.0,50,weighted_bh,50,48,0.04,39
CHEMBL236,1,0.2,6.0,75,meta_calibration,75,73,0.02666666666666667,75
CHEMBL236,1,0.2,6.0,75,chemdeprc_cap1,75,72,0.04,75
CHEMBL236,1,0.2,6.0,75,minp_block_bh_cap1,75,73,0.02666666666666667,75
CHEMBL236,1,0.2,6.0,75,score_cap1,75,71,0.05333333333333334,75
CHEMBL236,1,0.2,6.0,75,weighted_bh,75,73,0.02666666666666667,56
CHEMBL236,1,0.3,4.0,10,meta_calibration,10,10,0.0,10
CHEMBL236,1,0.3,4.0,10,chemdeprc_cap1,10,10,0.0,10
CHEMBL236,1,0.3,4.0,10,minp_block_bh_cap1,10,10,0.0,10
CHEMBL236,1,0.3,4.0,10,score_cap1,10,8,0.2,10
CHEMBL236,1,0.3,4.0,10,weighted_bh,10,10,0.0,10
CHEMBL236,1,0.3,4.0,50,meta_calibration,50,50,0.0,50
CHEMBL236,1,0.3,4.0,50,chemdeprc_cap1,50,47,0.06,50
CHEMBL236,1,0.3,4.0,50,minp_block_bh_cap1,50,49,0.02,50
CHEMBL236,1,0.3,4.0,50,score_cap1,50,46,0.08,50
CHEMBL236,1,0.3,4.0,50,weighted_bh,50,50,0.0,39
CHEMBL236,1,0.3,4.0,75,meta_calibration,75,74,0.013333333333333334,75
CHEMBL236,1,0.3,4.0,75,chemdeprc_cap1,75,72,0.04,75
CHEMBL236,1,0.3,4.0,75,minp_block_bh_cap1,75,74,0.013333333333333334,75
CHEMBL236,1,0.3,4.0,75,score_cap1,75,71,0.05333333333333334,75
CHEMBL236,1,0.3,4.0,75,weighted_bh,75,72,0.04,56
CHEMBL236,1,0.3,6.0,10,meta_calibration,10,10,0.0,10
CHEMBL236,1,0.3,6.0,10,chemdeprc_cap1,10,8,0.2,10
CHEMBL236,1,0.3,6.0,10,minp_block_bh_cap1,10,10,0.0,10
CHEMBL236,1,0.3,6.0,10,score_cap1,10,6,0.4,10
CHEMBL236,1,0.3,6.0,10,weighted_bh,10,10,0.0,10
CHEMBL236,1,0.3,6.0,50,meta_calibration,50,49,0.02,50
CHEMBL236,1,0.3,6.0,50,chemdeprc_cap1,50,46,0.08,50
CHEMBL236,1,0.3,6.0,50,minp_block_bh_cap1,50,48,0.04,50
CHEMBL236,1,0.3,6.0,50,score_cap1,50,45,0.1,50
CHEMBL236,1,0.3,6.0,50,weighted_bh,50,48,0.04,39
CHEMBL236,1,0.3,6.0,75,meta_calibration,75,73,0.02666666666666667,75
CHEMBL236,1,0.3,6.0,75,chemdeprc_cap1,75,70,0.06666666666666667,75
CHEMBL236,1,0.3,6.0,75,minp_block_bh_cap1,75,73,0.02666666666666667,75
CHEMBL236,1,0.3,6.0,75,score_cap1,75,69,0.08,75
CHEMBL236,1,0.3,6.0,75,weighted_bh,75,70,0.06666666666666667,56
CHEMBL236,2,0.2,4.0,10,meta_calibration,10,10,0.0,10
CHEMBL236,2,0.2,4.0,10,chemdeprc_cap1,10,10,0.0,10
CHEMBL236,2,0.2,4.0,10,minp_block_bh_cap1,10,10,0.0,10
CHEMBL236,2,0.2,4.0,10,score_cap1,10,9,0.1,10
CHEMBL236,2,0.2,4.0,10,weighted_bh,10,10,0.0,10
CHEMBL236,2,0.2,4.0,50,meta_calibration,50,49,0.02,50
CHEMBL236,2,0.2,4.0,50,chemdeprc_cap1,50,48,0.04,50
CHEMBL236,2,0.2,4.0,50,minp_block_bh_cap1,50,48,0.04,50
CHEMBL236,2,0.2,4.0,50,score_cap1,50,47,0.06,50
CHEMBL236,2,0.2,4.0,50,weighted_bh,50,49,0.02,39
CHEMBL236,2,0.2,4.0,75,meta_calibration,75,73,0.02666666666666667,75
CHEMBL236,2,0.2,4.0,75,chemdeprc_cap1,75,72,0.04,75
CHEMBL236,2,0.2,4.0,75,minp_block_bh_cap1,75,73,0.02666666666666667,75
CHEMBL236,2,0.2,4.0,75,score_cap1,75,72,0.04,75
CHEMBL236,2,0.2,4.0,75,weighted_bh,75,71,0.05333333333333334,57
CHEMBL236,2,0.2,6.0,10,meta_calibration,10,10,0.0,10
CHEMBL236,2,0.2,6.0,10,chemdeprc_cap1,10,8,0.2,10
CHEMBL236,2,0.2,6.0,10,minp_block_bh_cap1,10,10,0.0,10
CHEMBL236,2,0.2,6.0,10,score_cap1,10,7,0.3,10
CHEMBL236,2,0.2,6.0,10,weighted_bh,10,10,0.0,10
CHEMBL236,2,0.2,6.0,50,meta_calibration,50,49,0.02,50
CHEMBL236,2,0.2,6.0,50,chemdeprc_cap1,50,47,0.06,50
CHEMBL236,2,0.2,6.0,50,minp_block_bh_cap1,50,47,0.06,50
CHEMBL236,2,0.2,6.0,50,score_cap1,50,47,0.06,50
CHEMBL236,2,0.2,6.0,50,weighted_bh,50,48,0.04,39
CHEMBL236,2,0.2,6.0,75,meta_calibration,75,72,0.04,75
CHEMBL236,2,0.2,6.0,75,chemdeprc_cap1,75,72,0.04,75
CHEMBL236,2,0.2,6.0,75,minp_block_bh_cap1,75,72,0.04,75
CHEMBL236,2,0.2,6.0,75,score_cap1,75,71,0.05333333333333334,75
CHEMBL236,2,0.2,6.0,75,weighted_bh,75,69,0.08,57
CHEMBL236,2,0.3,4.0,10,meta_calibration,10,10,0.0,10
CHEMBL236,2,0.3,4.0,10,chemdeprc_cap1,10,10,0.0,10
CHEMBL236,2,0.3,4.0,10,minp_block_bh_cap1,10,10,0.0,10
CHEMBL236,2,0.3,4.0,10,score_cap1,10,9,0.1,10
CHEMBL236,2,0.3,4.0,10,weighted_bh,10,10,0.0,10
CHEMBL236,2,0.3,4.0,50,meta_calibration,50,49,0.02,50
CHEMBL236,2,0.3,4.0,50,chemdeprc_cap1,50,47,0.06,50
CHEMBL236,2,0.3,4.0,50,minp_block_bh_cap1,50,49,0.02,50
CHEMBL236,2,0.3,4.0,50,score_cap1,50,46,0.08,50
CHEMBL236,2,0.3,4.0,50,weighted_bh,50,50,0.0,39
CHEMBL236,2,0.3,4.0,75,meta_calibration,75,72,0.04,75
CHEMBL236,2,0.3,4.0,75,chemdeprc_cap1,75,72,0.04,75
CHEMBL236,2,0.3,4.0,75,minp_block_bh_cap1,75,72,0.04,75
CHEMBL236,2,0.3,4.0,75,score_cap1,75,71,0.05333333333333334,75
CHEMBL236,2,0.3,4.0,75,weighted_bh,75,72,0.04,56
CHEMBL236,2,0.3,6.0,10,meta_calibration,10,10,0.0,10
CHEMBL236,2,0.3,6.0,10,chemdeprc_cap1,10,9,0.1,10
CHEMBL236,2,0.3,6.0,10,minp_block_bh_cap1,10,10,0.0,10
CHEMBL236,2,0.3,6.0,10,score_cap1,10,6,0.4,10
CHEMBL236,2,0.3,6.0,10,weighted_bh,10,10,0.0,10
CHEMBL236,2,0.3,6.0,50,meta_calibration,50,48,0.04,50
CHEMBL236,2,0.3,6.0,50,chemdeprc_cap1,50,45,0.1,50
CHEMBL236,2,0.3,6.0,50,minp_block_bh_cap1,50,47,0.06,50
CHEMBL236,2,0.3,6.0,50,score_cap1,50,45,0.1,50
CHEMBL236,2,0.3,6.0,50,weighted_bh,50,46,0.08,39
CHEMBL236,2,0.3,6.0,75,meta_calibration,75,72,0.04,75
CHEMBL236,2,0.3,6.0,75,chemdeprc_cap1,75,70,0.06666666666666667,75
CHEMBL236,2,0.3,6.0,75,minp_block_bh_cap1,75,70,0.06666666666666667,75
CHEMBL236,2,0.3,6.0,75,score_cap1,75,69,0.08,75
CHEMBL236,2,0.3,6.0,75,weighted_bh,75,67,0.10666666666666667,57
CHEMBL236,3,0.2,4.0,10,meta_calibration,10,10,0.0,10
CHEMBL236,3,0.2,4.0,10,chemdeprc_cap1,10,10,0.0,10
CHEMBL236,3,0.2,4.0,10,minp_block_bh_cap1,10,10,0.0,10
CHEMBL236,3,0.2,4.0,10,score_cap1,10,9,0.1,10
CHEMBL236,3,0.2,4.0,10,weighted_bh,10,10,0.0,10
CHEMBL236,3,0.2,4.0,50,meta_calibration,50,49,0.02,50
CHEMBL236,3,0.2,4.0,50,chemdeprc_cap1,50,47,0.06,50
CHEMBL236,3,0.2,4.0,50,minp_block_bh_cap1,50,48,0.04,50
CHEMBL236,3,0.2,4.0,50,score_cap1,50,48,0.04,50
CHEMBL236,3,0.2,4.0,50,weighted_bh,50,49,0.02,39
CHEMBL236,3,0.2,4.0,75,meta_calibration,75,72,0.04,75
CHEMBL236,3,0.2,4.0,75,chemdeprc_cap1,75,72,0.04,75
CHEMBL236,3,0.2,4.0,75,minp_block_bh_cap1,75,73,0.02666666666666667,75
CHEMBL236,3,0.2,4.0,75,score_cap1,75,72,0.04,75
CHEMBL236,3,0.2,4.0,75,weighted_bh,75,71,0.05333333333333334,57
CHEMBL236,3,0.2,6.0,10,meta_calibration,10,10,0.0,10
CHEMBL236,3,0.2,6.0,10,chemdeprc_cap1,10,8,0.2,10
CHEMBL236,3,0.2,6.0,10,minp_block_bh_cap1,10,10,0.0,10
CHEMBL236,3,0.2,6.0,10,score_cap1,10,7,0.3,10
CHEMBL236,3,0.2,6.0,10,weighted_bh,10,10,0.0,10
CHEMBL236,3,0.2,6.0,50,meta_calibration,50,49,0.02,50
CHEMBL236,3,0.2,6.0,50,chemdeprc_cap1,50,46,0.08,50
CHEMBL236,3,0.2,6.0,50,minp_block_bh_cap1,50,47,0.06,50
CHEMBL236,3,0.2,6.0,50,score_cap1,50,46,0.08,50
CHEMBL236,3,0.2,6.0,50,weighted_bh,50,46,0.08,39
CHEMBL236,3,0.2,6.0,75,meta_calibration,75,72,0.04,75
CHEMBL236,3,0.2,6.0,75,chemdeprc_cap1,75,71,0.05333333333333334,75
CHEMBL236,3,0.2,6.0,75,minp_block_bh_cap1,75,72,0.04,75
CHEMBL236,3,0.2,6.0,75,score_cap1,75,71,0.05333333333333334,75
CHEMBL236,3,0.2,6.0,75,weighted_bh,75,68,0.09333333333333334,57
CHEMBL236,3,0.3,4.0,10,meta_calibration,10,10,0.0,10
CHEMBL236,3,0.3,4.0,10,chemdeprc_cap1,10,10,0.0,10
CHEMBL236,3,0.3,4.0,10,minp_block_bh_cap1,10,10,0.0,10
CHEMBL236,3,0.3,4.0,10,score_cap1,10,8,0.2,10
CHEMBL236,3,0.3,4.0,10,weighted_bh,10,10,0.0,10
CHEMBL236,3,0.3,4.0,50,meta_calibration,50,48,0.04,50
CHEMBL236,3,0.3,4.0,50,chemdeprc_cap1,50,47,0.06,50
CHEMBL236,3,0.3,4.0,50,minp_block_bh_cap1,50,49,0.02,50
CHEMBL236,3,0.3,4.0,50,score_cap1,50,46,0.08,50
CHEMBL236,3,0.3,4.0,50,weighted_bh,50,50,0.0,39
CHEMBL236,3,0.3,4.0,75,meta_calibration,75,72,0.04,75
CHEMBL236,3,0.3,4.0,75,chemdeprc_cap1,75,72,0.04,75
CHEMBL236,3,0.3,4.0,75,minp_block_bh_cap1,75,74,0.013333333333333334,75
CHEMBL236,3,0.3,4.0,75,score_cap1,75,70,0.06666666666666667,75
CHEMBL236,3,0.3,4.0,75,weighted_bh,75,72,0.04,56
CHEMBL236,3,0.3,6.0,10,meta_calibration,10,10,0.0,10
CHEMBL236,3,0.3,6.0,10,chemdeprc_cap1,10,8,0.2,10
CHEMBL236,3,0.3,6.0,10,minp_block_bh_cap1,10,10,0.0,10
CHEMBL236,3,0.3,6.0,10,score_cap1,10,6,0.4,10
CHEMBL236,3,0.3,6.0,10,weighted_bh,10,10,0.0,10
CHEMBL236,3,0.3,6.0,50,meta_calibration,50,50,0.0,50
CHEMBL236,3,0.3,6.0,50,chemdeprc_cap1,50,45,0.1,50
CHEMBL236,3,0.3,6.0,50,minp_block_bh_cap1,50,49,0.02,50
CHEMBL236,3,0.3,6.0,50,score_cap1,50,44,0.12,50
CHEMBL236,3,0.3,6.0,50,weighted_bh,50,50,0.0,39
CHEMBL236,3,0.3,6.0,75,meta_calibration,75,74,0.013333333333333334,75
CHEMBL236,3,0.3,6.0,75,chemdeprc_cap1,75,70,0.06666666666666667,75
CHEMBL236,3,0.3,6.0,75,minp_block_bh_cap1,75,73,0.02666666666666667,75
CHEMBL236,3,0.3,6.0,75,score_cap1,75,69,0.08,75
CHEMBL236,3,0.3,6.0,75,weighted_bh,75,72,0.04,56
CHEMBL236,4,0.2,4.0,10,meta_calibration,10,10,0.0,10
CHEMBL236,4,0.2,4.0,10,chemdeprc_cap1,10,10,0.0,10
CHEMBL236,4,0.2,4.0,10,minp_block_bh_cap1,10,10,0.0,10
CHEMBL236,4,0.2,4.0,10,score_cap1,10,7,0.3,10
CHEMBL236,4,0.2,4.0,10,weighted_bh,10,10,0.0,10
CHEMBL236,4,0.2,4.0,50,meta_calibration,50,49,0.02,50
CHEMBL236,4,0.2,4.0,50,chemdeprc_cap1,50,48,0.04,50
CHEMBL236,4,0.2,4.0,50,minp_block_bh_cap1,50,50,0.0,50
CHEMBL236,4,0.2,4.0,50,score_cap1,50,47,0.06,50
CHEMBL236,4,0.2,4.0,50,weighted_bh,50,50,0.0,39
CHEMBL236,4,0.2,4.0,75,meta_calibration,75,74,0.013333333333333334,75
CHEMBL236,4,0.2,4.0,75,chemdeprc_cap1,75,72,0.04,75
CHEMBL236,4,0.2,4.0,75,minp_block_bh_cap1,75,74,0.013333333333333334,75
CHEMBL236,4,0.2,4.0,75,score_cap1,75,71,0.05333333333333334,75
CHEMBL236,4,0.2,4.0,75,weighted_bh,75,75,0.0,55
CHEMBL236,4,0.2,6.0,10,meta_calibration,10,10,0.0,10
CHEMBL236,4,0.2,6.0,10,chemdeprc_cap1,10,10,0.0,10
CHEMBL236,4,0.2,6.0,10,minp_block_bh_cap1,10,10,0.0,10
CHEMBL236,4,0.2,6.0,10,score_cap1,10,7,0.3,10
CHEMBL236,4,0.2,6.0,10,weighted_bh,10,10,0.0,10
CHEMBL236,4,0.2,6.0,50,meta_calibration,50,50,0.0,50
CHEMBL236,4,0.2,6.0,50,chemdeprc_cap1,50,47,0.06,50
CHEMBL236,4,0.2,6.0,50,minp_block_bh_cap1,50,49,0.02,50
CHEMBL236,4,0.2,6.0,50,score_cap1,50,46,0.08,50
CHEMBL236,4,0.2,6.0,50,weighted_bh,50,48,0.04,39
CHEMBL236,4,0.2,6.0,75,meta_calibration,75,74,0.013333333333333334,75
CHEMBL236,4,0.2,6.0,75,chemdeprc_cap1,75,72,0.04,75
CHEMBL236,4,0.2,6.0,75,minp_block_bh_cap1,75,74,0.013333333333333334,75
CHEMBL236,4,0.2,6.0,75,score_cap1,75,71,0.05333333333333334,75
CHEMBL236,4,0.2,6.0,75,weighted_bh,75,73,0.02666666666666667,56
CHEMBL236,4,0.3,4.0,10,meta_calibration,10,10,0.0,10
CHEMBL236,4,0.3,4.0,10,chemdeprc_cap1,10,10,0.0,10
CHEMBL236,4,0.3,4.0,10,minp_block_bh_cap1,10,10,0.0,10
CHEMBL236,4,0.3,4.0,10,score_cap1,10,8,0.2,10
CHEMBL236,4,0.3,4.0,10,weighted_bh,10,10,0.0,10
CHEMBL236,4,0.3,4.0,50,meta_calibration,50,49,0.02,50
CHEMBL236,4,0.3,4.0,50,chemdeprc_cap1,50,47,0.06,50
CHEMBL236,4,0.3,4.0,50,minp_block_bh_cap1,50,49,0.02,50
CHEMBL236,4,0.3,4.0,50,score_cap1,50,46,0.08,50
CHEMBL236,4,0.3,4.0,50,weighted_bh,50,50,0.0,39
CHEMBL236,4,0.3,4.0,75,meta_calibration,75,72,0.04,75
CHEMBL236,4,0.3,4.0,75,chemdeprc_cap1,75,72,0.04,75
CHEMBL236,4,0.3,4.0,75,minp_block_bh_cap1,75,74,0.013333333333333334,75
CHEMBL236,4,0.3,4.0,75,score_cap1,75,70,0.06666666666666667,75
CHEMBL236,4,0.3,4.0,75,weighted_bh,75,72,0.04,56
CHEMBL236,4,0.3,6.0,10,meta_calibration,10,10,0.0,10
CHEMBL236,4,0.3,6.0,10,chemdeprc_cap1,10,8,0.2,10
CHEMBL236,4,0.3,6.0,10,minp_block_bh_cap1,10,10,0.0,10
CHEMBL236,4,0.3,6.0,10,score_cap1,10,6,0.4,10
CHEMBL236,4,0.3,6.0,10,weighted_bh,10,10,0.0,10
CHEMBL236,4,0.3,6.0,50,meta_calibration,50,49,0.02,50
CHEMBL236,4,0.3,6.0,50,chemdeprc_cap1,50,45,0.1,50
CHEMBL236,4,0.3,6.0,50,minp_block_bh_cap1,50,49,0.02,50
CHEMBL236,4,0.3,6.0,50,score_cap1,50,44,0.12,50
CHEMBL236,4,0.3,6.0,50,weighted_bh,50,50,0.0,39
CHEMBL236,4,0.3,6.0,75,meta_calibration,75,73,0.02666666666666667,75
CHEMBL236,4,0.3,6.0,75,chemdeprc_cap1,75,70,0.06666666666666667,75
CHEMBL236,4,0.3,6.0,75,minp_block_bh_cap1,75,73,0.02666666666666667,75
CHEMBL236,4,0.3,6.0,75,score_cap1,75,69,0.08,75
CHEMBL236,4,0.3,6.0,75,weighted_bh,75,72,0.04,56
CHEMBL236,5,0.2,4.0,10,meta_calibration,10,10,0.0,10
CHEMBL236,5,0.2,4.0,10,chemdeprc_cap1,10,10,0.0,10
CHEMBL236,5,0.2,4.0,10,minp_block_bh_cap1,10,10,0.0,10
CHEMBL236,5,0.2,4.0,10,score_cap1,10,9,0.1,10
CHEMBL236,5,0.2,4.0,10,weighted_bh,10,10,0.0,10
CHEMBL236,5,0.2,4.0,50,meta_calibration,50,49,0.02,50
CHEMBL236,5,0.2,4.0,50,chemdeprc_cap1,50,48,0.04,50
CHEMBL236,5,0.2,4.0,50,minp_block_bh_cap1,50,49,0.02,50
CHEMBL236,5,0.2,4.0,50,score_cap1,50,48,0.04,50
CHEMBL236,5,0.2,4.0,50,weighted_bh,50,50,0.0,39
CHEMBL236,5,0.2,4.0,75,meta_calibration,75,73,0.02666666666666667,75
CHEMBL236,5,0.2,4.0,75,chemdeprc_cap1,75,73,0.02666666666666667,75
CHEMBL236,5,0.2,4.0,75,minp_block_bh_cap1,75,74,0.013333333333333334,75
CHEMBL236,5,0.2,4.0,75,score_cap1,75,72,0.04,75
CHEMBL236,5,0.2,4.0,75,weighted_bh,75,72,0.04,56
CHEMBL236,5,0.2,6.0,10,meta_calibration,10,10,0.0,10
CHEMBL236,5,0.2,6.0,10,chemdeprc_cap1,10,8,0.2,10
CHEMBL236,5,0.2,6.0,10,minp_block_bh_cap1,10,10,0.0,10
CHEMBL236,5,0.2,6.0,10,score_cap1,10,8,0.2,10
CHEMBL236,5,0.2,6.0,10,weighted_bh,10,10,0.0,10
CHEMBL236,5,0.2,6.0,50,meta_calibration,50,49,0.02,50
CHEMBL236,5,0.2,6.0,50,chemdeprc_cap1,50,46,0.08,50
CHEMBL236,5,0.2,6.0,50,minp_block_bh_cap1,50,49,0.02,50
CHEMBL236,5,0.2,6.0,50,score_cap1,50,46,0.08,50
CHEMBL236,5,0.2,6.0,50,weighted_bh,50,50,0.0,39
CHEMBL236,5,0.2,6.0,75,meta_calibration,75,74,0.013333333333333334,75
CHEMBL236,5,0.2,6.0,75,chemdeprc_cap1,75,71,0.05333333333333334,75
CHEMBL236,5,0.2,6.0,75,minp_block_bh_cap1,75,73,0.02666666666666667,75
CHEMBL236,5,0.2,6.0,75,score_cap1,75,71,0.05333333333333334,75
CHEMBL236,5,0.2,6.0,75,weighted_bh,75,72,0.04,56
CHEMBL236,5,0.3,4.0,10,meta_calibration,10,10,0.0,10
CHEMBL236,5,0.3,4.0,10,chemdeprc_cap1,10,10,0.0,10
CHEMBL236,5,0.3,4.0,10,minp_block_bh_cap1,10,10,0.0,10
CHEMBL236,5,0.3,4.0,10,score_cap1,10,8,0.2,10
CHEMBL236,5,0.3,4.0,10,weighted_bh,10,10,0.0,10
CHEMBL236,5,0.3,4.0,50,meta_calibration,50,48,0.04,50
CHEMBL236,5,0.3,4.0,50,chemdeprc_cap1,50,46,0.08,50
CHEMBL236,5,0.3,4.0,50,minp_block_bh_cap1,50,49,0.02,50
CHEMBL236,5,0.3,4.0,50,score_cap1,50,46,0.08,50
CHEMBL236,5,0.3,4.0,50,weighted_bh,50,50,0.0,39
CHEMBL236,5,0.3,4.0,75,meta_calibration,75,73,0.02666666666666667,75
CHEMBL236,5,0.3,4.0,75,chemdeprc_cap1,75,71,0.05333333333333334,75
CHEMBL236,5,0.3,4.0,75,minp_block_bh_cap1,75,73,0.02666666666666667,75
CHEMBL236,5,0.3,4.0,75,score_cap1,75,70,0.06666666666666667,75
CHEMBL236,5,0.3,4.0,75,weighted_bh,75,72,0.04,56
CHEMBL236,5,0.3,6.0,10,meta_calibration,10,10,0.0,10
CHEMBL236,5,0.3,6.0,10,chemdeprc_cap1,10,8,0.2,10
CHEMBL236,5,0.3,6.0,10,minp_block_bh_cap1,10,10,0.0,10
CHEMBL236,5,0.3,6.0,10,score_cap1,10,6,0.4,10
CHEMBL236,5,0.3,6.0,10,weighted_bh,10,10,0.0,10
CHEMBL236,5,0.3,6.0,50,meta_calibration,50,49,0.02,50
CHEMBL236,5,0.3,6.0,50,chemdeprc_cap1,50,45,0.1,50
CHEMBL236,5,0.3,6.0,50,minp_block_bh_cap1,50,48,0.04,50
CHEMBL236,5,0.3,6.0,50,score_cap1,50,45,0.1,50
CHEMBL236,5,0.3,6.0,50,weighted_bh,50,50,0.0,39
CHEMBL236,5,0.3,6.0,75,meta_calibration,75,74,0.013333333333333334,75
CHEMBL236,5,0.3,6.0,75,chemdeprc_cap1,75,69,0.08,75
CHEMBL236,5,0.3,6.0,75,minp_block_bh_cap1,75,72,0.04,75
CHEMBL236,5,0.3,6.0,75,score_cap1,75,69,0.08,75
CHEMBL236,5,0.3,6.0,75,weighted_bh,75,71,0.05333333333333334,57
CHEMBL236,6,0.2,4.0,10,meta_calibration,10,10,0.0,10
CHEMBL236,6,0.2,4.0,10,chemdeprc_cap1,10,10,0.0,10
CHEMBL236,6,0.2,4.0,10,minp_block_bh_cap1,10,10,0.0,10
CHEMBL236,6,0.2,4.0,10,score_cap1,10,10,0.0,10
CHEMBL236,6,0.2,4.0,10,weighted_bh,10,10,0.0,10
CHEMBL236,6,0.2,4.0,50,meta_calibration,50,47,0.06,50
CHEMBL236,6,0.2,4.0,50,chemdeprc_cap1,50,48,0.04,50
CHEMBL236,6,0.2,4.0,50,minp_block_bh_cap1,50,49,0.02,50
CHEMBL236,6,0.2,4.0,50,score_cap1,50,48,0.04,50
CHEMBL236,6,0.2,4.0,50,weighted_bh,50,49,0.02,39
CHEMBL236,6,0.2,4.0,75,meta_calibration,75,71,0.05333333333333334,75
CHEMBL236,6,0.2,4.0,75,chemdeprc_cap1,75,72,0.04,75
CHEMBL236,6,0.2,4.0,75,minp_block_bh_cap1,75,73,0.02666666666666667,75
CHEMBL236,6,0.2,4.0,75,score_cap1,75,71,0.05333333333333334,75
CHEMBL236,6,0.2,4.0,75,weighted_bh,75,74,0.013333333333333334,56
CHEMBL236,6,0.2,6.0,10,meta_calibration,10,10,0.0,10
CHEMBL236,6,0.2,6.0,10,chemdeprc_cap1,10,8,0.2,10
CHEMBL236,6,0.2,6.0,10,minp_block_bh_cap1,10,10,0.0,10
CHEMBL236,6,0.2,6.0,10,score_cap1,10,8,0.2,10
CHEMBL236,6,0.2,6.0,10,weighted_bh,10,10,0.0,10
CHEMBL236,6,0.2,6.0,50,meta_calibration,50,50,0.0,50
CHEMBL236,6,0.2,6.0,50,chemdeprc_cap1,50,46,0.08,50
CHEMBL236,6,0.2,6.0,50,minp_block_bh_cap1,50,48,0.04,50
CHEMBL236,6,0.2,6.0,50,score_cap1,50,46,0.08,50
CHEMBL236,6,0.2,6.0,50,weighted_bh,50,46,0.08,39
CHEMBL236,6,0.2,6.0,75,meta_calibration,75,72,0.04,75
CHEMBL236,6,0.2,6.0,75,chemdeprc_cap1,75,71,0.05333333333333334,75
CHEMBL236,6,0.2,6.0,75,minp_block_bh_cap1,75,73,0.02666666666666667,75
CHEMBL236,6,0.2,6.0,75,score_cap1,75,71,0.05333333333333334,75
CHEMBL236,6,0.2,6.0,75,weighted_bh,75,71,0.05333333333333334,57
CHEMBL236,6,0.3,4.0,10,meta_calibration,10,10,0.0,10
CHEMBL236,6,0.3,4.0,10,chemdeprc_cap1,10,10,0.0,10
CHEMBL236,6,0.3,4.0,10,minp_block_bh_cap1,10,10,0.0,10
CHEMBL236,6,0.3,4.0,10,score_cap1,10,9,0.1,10
CHEMBL236,6,0.3,4.0,10,weighted_bh,10,10,0.0,10
CHEMBL236,6,0.3,4.0,50,meta_calibration,50,48,0.04,50
CHEMBL236,6,0.3,4.0,50,chemdeprc_cap1,50,48,0.04,50
CHEMBL236,6,0.3,4.0,50,minp_block_bh_cap1,50,50,0.0,50
CHEMBL236,6,0.3,4.0,50,score_cap1,50,47,0.06,50
CHEMBL236,6,0.3,4.0,50,weighted_bh,50,50,0.0,39
CHEMBL236,6,0.3,4.0,75,meta_calibration,75,72,0.04,75
CHEMBL236,6,0.3,4.0,75,chemdeprc_cap1,75,72,0.04,75
CHEMBL236,6,0.3,4.0,75,minp_block_bh_cap1,75,73,0.02666666666666667,75
CHEMBL236,6,0.3,4.0,75,score_cap1,75,71,0.05333333333333334,75
CHEMBL236,6,0.3,4.0,75,weighted_bh,75,75,0.0,55
CHEMBL236,6,0.3,6.0,10,meta_calibration,10,10,0.0,10
CHEMBL236,6,0.3,6.0,10,chemdeprc_cap1,10,9,0.1,10
CHEMBL236,6,0.3,6.0,10,minp_block_bh_cap1,10,10,0.0,10
CHEMBL236,6,0.3,6.0,10,score_cap1,10,7,0.3,10
CHEMBL236,6,0.3,6.0,10,weighted_bh,10,10,0.0,10
CHEMBL236,6,0.3,6.0,50,meta_calibration,50,49,0.02,50
CHEMBL236,6,0.3,6.0,50,chemdeprc_cap1,50,47,0.06,50
CHEMBL236,6,0.3,6.0,50,minp_block_bh_cap1,50,48,0.04,50
CHEMBL236,6,0.3,6.0,50,score_cap1,50,46,0.08,50
CHEMBL236,6,0.3,6.0,50,weighted_bh,50,48,0.04,39
CHEMBL236,6,0.3,6.0,75,meta_calibration,75,72,0.04,75
CHEMBL236,6,0.3,6.0,75,chemdeprc_cap1,75,70,0.06666666666666667,75
CHEMBL236,6,0.3,6.0,75,minp_block_bh_cap1,75,72,0.04,75
CHEMBL236,6,0.3,6.0,75,score_cap1,75,69,0.08,75
CHEMBL236,6,0.3,6.0,75,weighted_bh,75,72,0.04,57
CHEMBL236,7,0.2,4.0,10,meta_calibration,10,10,0.0,10
CHEMBL236,7,0.2,4.0,10,chemdeprc_cap1,10,10,0.0,10
CHEMBL236,7,0.2,4.0,10,minp_block_bh_cap1,10,10,0.0,10
CHEMBL236,7,0.2,4.0,10,score_cap1,10,9,0.1,10
CHEMBL236,7,0.2,4.0,10,weighted_bh,10,10,0.0,10
CHEMBL236,7,0.2,4.0,50,meta_calibration,50,48,0.04,50
CHEMBL236,7,0.2,4.0,50,chemdeprc_cap1,50,49,0.02,50
CHEMBL236,7,0.2,4.0,50,minp_block_bh_cap1,50,49,0.02,50
CHEMBL236,7,0.2,4.0,50,score_cap1,50,48,0.04,50
CHEMBL236,7,0.2,4.0,50,weighted_bh,50,49,0.02,39
CHEMBL236,7,0.2,4.0,75,meta_calibration,75,72,0.04,75
CHEMBL236,7,0.2,4.0,75,chemdeprc_cap1,75,72,0.04,75
CHEMBL236,7,0.2,4.0,75,minp_block_bh_cap1,75,73,0.02666666666666667,75
CHEMBL236,7,0.2,4.0,75,score_cap1,75,72,0.04,75
CHEMBL236,7,0.2,4.0,75,weighted_bh,75,74,0.013333333333333334,56
CHEMBL236,7,0.2,6.0,10,meta_calibration,10,10,0.0,10
CHEMBL236,7,0.2,6.0,10,chemdeprc_cap1,10,9,0.1,10
CHEMBL236,7,0.2,6.0,10,minp_block_bh_cap1,10,10,0.0,10
CHEMBL236,7,0.2,6.0,10,score_cap1,10,8,0.2,10
CHEMBL236,7,0.2,6.0,10,weighted_bh,10,10,0.0,10
CHEMBL236,7,0.2,6.0,50,meta_calibration,50,49,0.02,50
CHEMBL236,7,0.2,6.0,50,chemdeprc_cap1,50,47,0.06,50
CHEMBL236,7,0.2,6.0,50,minp_block_bh_cap1,50,47,0.06,50
CHEMBL236,7,0.2,6.0,50,score_cap1,50,46,0.08,50
CHEMBL236,7,0.2,6.0,50,weighted_bh,50,45,0.1,40
CHEMBL236,7,0.2,6.0,75,meta_calibration,75,71,0.05333333333333334,75
CHEMBL236,7,0.2,6.0,75,chemdeprc_cap1,75,72,0.04,75
CHEMBL236,7,0.2,6.0,75,minp_block_bh_cap1,75,72,0.04,75
CHEMBL236,7,0.2,6.0,75,score_cap1,75,71,0.05333333333333334,75
CHEMBL236,7,0.2,6.0,75,weighted_bh,75,69,0.08,57
CHEMBL236,7,0.3,4.0,10,meta_calibration,10,10,0.0,10
CHEMBL236,7,0.3,4.0,10,chemdeprc_cap1,10,10,0.0,10
CHEMBL236,7,0.3,4.0,10,minp_block_bh_cap1,10,10,0.0,10
CHEMBL236,7,0.3,4.0,10,score_cap1,10,8,0.2,10
CHEMBL236,7,0.3,4.0,10,weighted_bh,10,10,0.0,10
CHEMBL236,7,0.3,4.0,50,meta_calibration,50,49,0.02,50
CHEMBL236,7,0.3,4.0,50,chemdeprc_cap1,50,45,0.1,50
CHEMBL236,7,0.3,4.0,50,minp_block_bh_cap1,50,48,0.04,50
CHEMBL236,7,0.3,4.0,50,score_cap1,50,45,0.1,50
CHEMBL236,7,0.3,4.0,50,weighted_bh,50,50,0.0,39
CHEMBL236,7,0.3,4.0,75,meta_calibration,75,74,0.013333333333333334,75
CHEMBL236,7,0.3,4.0,75,chemdeprc_cap1,75,70,0.06666666666666667,75
CHEMBL236,7,0.3,4.0,75,minp_block_bh_cap1,75,73,0.02666666666666667,75
CHEMBL236,7,0.3,4.0,75,score_cap1,75,69,0.08,75
CHEMBL236,7,0.3,4.0,75,weighted_bh,75,69,0.08,56
CHEMBL236,7,0.3,6.0,10,meta_calibration,10,10,0.0,10
CHEMBL236,7,0.3,6.0,10,chemdeprc_cap1,10,7,0.3,10
CHEMBL236,7,0.3,6.0,10,minp_block_bh_cap1,10,10,0.0,10
CHEMBL236,7,0.3,6.0,10,score_cap1,10,5,0.5,10
CHEMBL236,7,0.3,6.0,10,weighted_bh,10,10,0.0,10
CHEMBL236,7,0.3,6.0,50,meta_calibration,50,50,0.0,50
CHEMBL236,7,0.3,6.0,50,chemdeprc_cap1,50,44,0.12,50
CHEMBL236,7,0.3,6.0,50,minp_block_bh_cap1,50,48,0.04,50
CHEMBL236,7,0.3,6.0,50,score_cap1,50,44,0.12,50
CHEMBL236,7,0.3,6.0,50,weighted_bh,50,50,0.0,39
CHEMBL236,7,0.3,6.0,75,meta_calibration,75,75,0.0,75
CHEMBL236,7,0.3,6.0,75,chemdeprc_cap1,75,69,0.08,75
CHEMBL236,7,0.3,6.0,75,minp_block_bh_cap1,75,73,0.02666666666666667,75
CHEMBL236,7,0.3,6.0,75,score_cap1,75,69,0.08,75
CHEMBL236,7,0.3,6.0,75,weighted_bh,75,69,0.08,56
CHEMBL236,8,0.2,4.0,10,meta_calibration,10,10,0.0,10
CHEMBL236,8,0.2,4.0,10,chemdeprc_cap1,10,10,0.0,10
CHEMBL236,8,0.2,4.0,10,minp_block_bh_cap1,10,10,0.0,10
CHEMBL236,8,0.2,4.0,10,score_cap1,10,8,0.2,10
CHEMBL236,8,0.2,4.0,10,weighted_bh,10,10,0.0,10
CHEMBL236,8,0.2,4.0,50,meta_calibration,50,49,0.02,50
CHEMBL236,8,0.2,4.0,50,chemdeprc_cap1,50,48,0.04,50
CHEMBL236,8,0.2,4.0,50,minp_block_bh_cap1,50,49,0.02,50
CHEMBL236,8,0.2,4.0,50,score_cap1,50,47,0.06,50
CHEMBL236,8,0.2,4.0,50,weighted_bh,50,49,0.02,39
CHEMBL236,8,0.2,4.0,75,meta_calibration,75,73,0.02666666666666667,75
CHEMBL236,8,0.2,4.0,75,chemdeprc_cap1,75,72,0.04,75
CHEMBL236,8,0.2,4.0,75,minp_block_bh_cap1,75,74,0.013333333333333334,75
CHEMBL236,8,0.2,4.0,75,score_cap1,75,72,0.04,75
CHEMBL236,8,0.2,4.0,75,weighted_bh,75,74,0.013333333333333334,56
CHEMBL236,8,0.2,6.0,10,meta_calibration,10,10,0.0,10
CHEMBL236,8,0.2,6.0,10,chemdeprc_cap1,10,9,0.1,10
CHEMBL236,8,0.2,6.0,10,minp_block_bh_cap1,10,10,0.0,10
CHEMBL236,8,0.2,6.0,10,score_cap1,10,7,0.3,10
CHEMBL236,8,0.2,6.0,10,weighted_bh,10,10,0.0,10
CHEMBL236,8,0.2,6.0,50,meta_calibration,50,49,0.02,50
CHEMBL236,8,0.2,6.0,50,chemdeprc_cap1,50,47,0.06,50
CHEMBL236,8,0.2,6.0,50,minp_block_bh_cap1,50,49,0.02,50
CHEMBL236,8,0.2,6.0,50,score_cap1,50,46,0.08,50
CHEMBL236,8,0.2,6.0,50,weighted_bh,50,48,0.04,39
CHEMBL236,8,0.2,6.0,75,meta_calibration,75,73,0.02666666666666667,75
CHEMBL236,8,0.2,6.0,75,chemdeprc_cap1,75,72,0.04,75
CHEMBL236,8,0.2,6.0,75,minp_block_bh_cap1,75,73,0.02666666666666667,75
CHEMBL236,8,0.2,6.0,75,score_cap1,75,71,0.05333333333333334,75
CHEMBL236,8,0.2,6.0,75,weighted_bh,75,73,0.02666666666666667,56
CHEMBL236,8,0.3,4.0,10,meta_calibration,10,10,0.0,10
CHEMBL236,8,0.3,4.0,10,chemdeprc_cap1,10,10,0.0,10
CHEMBL236,8,0.3,4.0,10,minp_block_bh_cap1,10,10,0.0,10
CHEMBL236,8,0.3,4.0,10,score_cap1,10,7,0.3,10
CHEMBL236,8,0.3,4.0,10,weighted_bh,10,10,0.0,10
CHEMBL236,8,0.3,4.0,50,meta_calibration,50,48,0.04,50
CHEMBL236,8,0.3,4.0,50,chemdeprc_cap1,50,47,0.06,50
CHEMBL236,8,0.3,4.0,50,minp_block_bh_cap1,50,50,0.0,50
CHEMBL236,8,0.3,4.0,50,score_cap1,50,46,0.08,50
CHEMBL236,8,0.3,4.0,50,weighted_bh,50,50,0.0,39
CHEMBL236,8,0.3,4.0,75,meta_calibration,75,73,0.02666666666666667,75
CHEMBL236,8,0.3,4.0,75,chemdeprc_cap1,75,71,0.05333333333333334,75
CHEMBL236,8,0.3,4.0,75,minp_block_bh_cap1,75,74,0.013333333333333334,75
CHEMBL236,8,0.3,4.0,75,score_cap1,75,69,0.08,75
CHEMBL236,8,0.3,4.0,75,weighted_bh,75,75,0.0,55
CHEMBL236,8,0.3,6.0,10,meta_calibration,10,10,0.0,10
CHEMBL236,8,0.3,6.0,10,chemdeprc_cap1,10,8,0.2,10
CHEMBL236,8,0.3,6.0,10,minp_block_bh_cap1,10,10,0.0,10
CHEMBL236,8,0.3,6.0,10,score_cap1,10,6,0.4,10
CHEMBL236,8,0.3,6.0,10,weighted_bh,10,10,0.0,10
CHEMBL236,8,0.3,6.0,50,meta_calibration,50,50,0.0,50
CHEMBL236,8,0.3,6.0,50,chemdeprc_cap1,50,45,0.1,50
CHEMBL236,8,0.3,6.0,50,minp_block_bh_cap1,50,49,0.02,50
CHEMBL236,8,0.3,6.0,50,score_cap1,50,44,0.12,50
CHEMBL236,8,0.3,6.0,50,weighted_bh,50,48,0.04,39
CHEMBL236,8,0.3,6.0,75,meta_calibration,75,74,0.013333333333333334,75
CHEMBL236,8,0.3,6.0,75,chemdeprc_cap1,75,70,0.06666666666666667,75
CHEMBL236,8,0.3,6.0,75,minp_block_bh_cap1,75,74,0.013333333333333334,75
CHEMBL236,8,0.3,6.0,75,score_cap1,75,69,0.08,75
CHEMBL236,8,0.3,6.0,75,weighted_bh,75,73,0.02666666666666667,56
CHEMBL236,9,0.2,4.0,10,meta_calibration,10,10,0.0,10
CHEMBL236,9,0.2,4.0,10,chemdeprc_cap1,10,10,0.0,10
CHEMBL236,9,0.2,4.0,10,minp_block_bh_cap1,10,10,0.0,10
CHEMBL236,9,0.2,4.0,10,score_cap1,10,10,0.0,10
CHEMBL236,9,0.2,4.0,10,weighted_bh,10,10,0.0,10
CHEMBL236,9,0.2,4.0,50,meta_calibration,50,50,0.0,50
CHEMBL236,9,0.2,4.0,50,chemdeprc_cap1,50,50,0.0,50
CHEMBL236,9,0.2,4.0,50,minp_block_bh_cap1,50,50,0.0,50
CHEMBL236,9,0.2,4.0,50,score_cap1,50,50,0.0,50
CHEMBL236,9,0.2,4.0,50,weighted_bh,50,50,0.0,39
CHEMBL236,9,0.2,4.0,75,meta_calibration,75,73,0.02666666666666667,75
CHEMBL236,9,0.2,4.0,75,chemdeprc_cap1,75,75,0.0,75
CHEMBL236,9,0.2,4.0,75,minp_block_bh_cap1,75,75,0.0,75
CHEMBL236,9,0.2,4.0,75,score_cap1,75,75,0.0,75
CHEMBL236,9,0.2,4.0,75,weighted_bh,75,75,0.0,55
CHEMBL236,9,0.2,6.0,10,meta_calibration,10,10,0.0,10
CHEMBL236,9,0.2,6.0,10,chemdeprc_cap1,10,10,0.0,10
CHEMBL236,9,0.2,6.0,10,minp_block_bh_cap1,10,10,0.0,10
CHEMBL236,9,0.2,6.0,10,score_cap1,10,10,0.0,10
CHEMBL236,9,0.2,6.0,10,weighted_bh,10,10,0.0,10
CHEMBL236,9,0.2,6.0,50,meta_calibration,50,47,0.06,50
CHEMBL236,9,0.2,6.0,50,chemdeprc_cap1,50,47,0.06,50
CHEMBL236,9,0.2,6.0,50,minp_block_bh_cap1,50,48,0.04,50
CHEMBL236,9,0.2,6.0,50,score_cap1,50,47,0.06,50
CHEMBL236,9,0.2,6.0,50,weighted_bh,50,49,0.02,39
CHEMBL236,9,0.2,6.0,75,meta_calibration,75,71,0.05333333333333334,75
CHEMBL236,9,0.2,6.0,75,chemdeprc_cap1,75,71,0.05333333333333334,75
CHEMBL236,9,0.2,6.0,75,minp_block_bh_cap1,75,71,0.05333333333333334,75
CHEMBL236,9,0.2,6.0,75,score_cap1,75,71,0.05333333333333334,75
CHEMBL236,9,0.2,6.0,75,weighted_bh,75,73,0.02666666666666667,57
CHEMBL236,9,0.3,4.0,10,meta_calibration,10,10,0.0,10
CHEMBL236,9,0.3,4.0,10,chemdeprc_cap1,10,10,0.0,10
CHEMBL236,9,0.3,4.0,10,minp_block_bh_cap1,10,10,0.0,10
CHEMBL236,9,0.3,4.0,10,score_cap1,10,8,0.2,10
CHEMBL236,9,0.3,4.0,10,weighted_bh,10,10,0.0,10
CHEMBL236,9,0.3,4.0,50,meta_calibration,50,49,0.02,50
CHEMBL236,9,0.3,4.0,50,chemdeprc_cap1,50,47,0.06,50
CHEMBL236,9,0.3,4.0,50,minp_block_bh_cap1,50,49,0.02,50
CHEMBL236,9,0.3,4.0,50,score_cap1,50,46,0.08,50
CHEMBL236,9,0.3,4.0,50,weighted_bh,50,50,0.0,39
CHEMBL236,9,0.3,4.0,75,meta_calibration,75,74,0.013333333333333334,75
CHEMBL236,9,0.3,4.0,75,chemdeprc_cap1,75,72,0.04,75
CHEMBL236,9,0.3,4.0,75,minp_block_bh_cap1,75,74,0.013333333333333334,75
CHEMBL236,9,0.3,4.0,75,score_cap1,75,71,0.05333333333333334,75
CHEMBL236,9,0.3,4.0,75,weighted_bh,75,72,0.04,56
CHEMBL236,9,0.3,6.0,10,meta_calibration,10,10,0.0,10
CHEMBL236,9,0.3,6.0,10,chemdeprc_cap1,10,8,0.2,10
CHEMBL236,9,0.3,6.0,10,minp_block_bh_cap1,10,10,0.0,10
CHEMBL236,9,0.3,6.0,10,score_cap1,10,6,0.4,10
CHEMBL236,9,0.3,6.0,10,weighted_bh,10,10,0.0,10
CHEMBL236,9,0.3,6.0,50,meta_calibration,50,49,0.02,50
CHEMBL236,9,0.3,6.0,50,chemdeprc_cap1,50,45,0.1,50
CHEMBL236,9,0.3,6.0,50,minp_block_bh_cap1,50,48,0.04,50
CHEMBL236,9,0.3,6.0,50,score_cap1,50,45,0.1,50
CHEMBL236,9,0.3,6.0,50,weighted_bh,50,48,0.04,39
CHEMBL236,9,0.3,6.0,75,meta_calibration,75,74,0.013333333333333334,75
CHEMBL236,9,0.3,6.0,75,chemdeprc_cap1,75,70,0.06666666666666667,75
CHEMBL236,9,0.3,6.0,75,minp_block_bh_cap1,75,72,0.04,75
CHEMBL236,9,0.3,6.0,75,score_cap1,75,69,0.08,75
CHEMBL236,9,0.3,6.0,75,weighted_bh,75,70,0.06666666666666667,56
CHEMBL238,0,0.2,4.0,10,meta_calibration,10,10,0.0,10
CHEMBL238,0,0.2,4.0,10,chemdeprc_cap1,10,10,0.0,10
CHEMBL238,0,0.2,4.0,10,minp_block_bh_cap1,10,10,0.0,10
CHEMBL238,0,0.2,4.0,10,score_cap1,10,9,0.1,10
CHEMBL238,0,0.2,4.0,10,weighted_bh,10,10,0.0,10
CHEMBL238,0,0.2,4.0,50,meta_calibration,50,44,0.12,50
CHEMBL238,0,0.2,4.0,50,chemdeprc_cap1,50,46,0.08,50
CHEMBL238,0,0.2,4.0,50,minp_block_bh_cap1,50,45,0.1,50
CHEMBL238,0,0.2,4.0,50,score_cap1,50,41,0.18,50
CHEMBL238,0,0.2,4.0,50,weighted_bh,50,47,0.06,43
CHEMBL238,0,0.2,4.0,75,meta_calibration,75,63,0.16,75
CHEMBL238,0,0.2,4.0,75,chemdeprc_cap1,75,58,0.22666666666666666,75
CHEMBL238,0,0.2,4.0,75,minp_block_bh_cap1,75,59,0.21333333333333335,75
CHEMBL238,0,0.2,4.0,75,score_cap1,75,58,0.22666666666666666,75
CHEMBL238,0,0.2,4.0,75,weighted_bh,75,61,0.18666666666666668,52
CHEMBL238,0,0.2,6.0,10,meta_calibration,10,10,0.0,10
CHEMBL238,0,0.2,6.0,10,chemdeprc_cap1,10,10,0.0,10
CHEMBL238,0,0.2,6.0,10,minp_block_bh_cap1,10,10,0.0,10
CHEMBL238,0,0.2,6.0,10,score_cap1,10,6,0.4,10
CHEMBL238,0,0.2,6.0,10,weighted_bh,10,10,0.0,10
CHEMBL238,0,0.2,6.0,50,meta_calibration,50,45,0.1,50
CHEMBL238,0,0.2,6.0,50,chemdeprc_cap1,50,43,0.14,50
CHEMBL238,0,0.2,6.0,50,minp_block_bh_cap1,50,43,0.14,50
CHEMBL238,0,0.2,6.0,50,score_cap1,50,41,0.18,50
CHEMBL238,0,0.2,6.0,50,weighted_bh,50,45,0.1,43
CHEMBL238,0,0.2,6.0,75,meta_calibration,75,63,0.16,75
CHEMBL238,0,0.2,6.0,75,chemdeprc_cap1,75,58,0.22666666666666666,75
CHEMBL238,0,0.2,6.0,75,minp_block_bh_cap1,75,59,0.21333333333333335,75
CHEMBL238,0,0.2,6.0,75,score_cap1,75,58,0.22666666666666666,75
CHEMBL238,0,0.2,6.0,75,weighted_bh,75,58,0.22666666666666666,52
CHEMBL238,0,0.3,4.0,10,meta_calibration,10,10,0.0,10
CHEMBL238,0,0.3,4.0,10,chemdeprc_cap1,10,9,0.1,10
CHEMBL238,0,0.3,4.0,10,minp_block_bh_cap1,10,10,0.0,10
CHEMBL238,0,0.3,4.0,10,score_cap1,10,5,0.5,10
CHEMBL238,0,0.3,4.0,10,weighted_bh,10,10,0.0,10
CHEMBL238,0,0.3,4.0,50,meta_calibration,50,45,0.1,50
CHEMBL238,0,0.3,4.0,50,chemdeprc_cap1,50,42,0.16,50
CHEMBL238,0,0.3,4.0,50,minp_block_bh_cap1,50,43,0.14,50
CHEMBL238,0,0.3,4.0,50,score_cap1,50,40,0.2,50
CHEMBL238,0,0.3,4.0,50,weighted_bh,50,44,0.12,43
CHEMBL238,0,0.3,4.0,75,meta_calibration,75,63,0.16,75
CHEMBL238,0,0.3,4.0,75,chemdeprc_cap1,75,56,0.25333333333333335,75
CHEMBL238,0,0.3,4.0,75,minp_block_bh_cap1,75,58,0.22666666666666666,75
CHEMBL238,0,0.3,4.0,75,score_cap1,75,57,0.24,75
CHEMBL238,0,0.3,4.0,75,weighted_bh,75,57,0.24,52
CHEMBL238,0,0.3,6.0,10,meta_calibration,10,10,0.0,10
CHEMBL238,0,0.3,6.0,10,chemdeprc_cap1,10,8,0.2,10
CHEMBL238,0,0.3,6.0,10,minp_block_bh_cap1,10,10,0.0,10
CHEMBL238,0,0.3,6.0,10,score_cap1,10,5,0.5,10
CHEMBL238,0,0.3,6.0,10,weighted_bh,10,10,0.0,10
CHEMBL238,0,0.3,6.0,50,meta_calibration,50,45,0.1,50
CHEMBL238,0,0.3,6.0,50,chemdeprc_cap1,50,40,0.2,50
CHEMBL238,0,0.3,6.0,50,minp_block_bh_cap1,50,43,0.14,50
CHEMBL238,0,0.3,6.0,50,score_cap1,50,38,0.24,50
CHEMBL238,0,0.3,6.0,50,weighted_bh,50,42,0.16,42
CHEMBL238,0,0.3,6.0,75,meta_calibration,75,64,0.14666666666666667,75
CHEMBL238,0,0.3,6.0,75,chemdeprc_cap1,75,56,0.25333333333333335,75
CHEMBL238,0,0.3,6.0,75,minp_block_bh_cap1,75,57,0.24,75
CHEMBL238,0,0.3,6.0,75,score_cap1,75,57,0.24,75
CHEMBL238,0,0.3,6.0,75,weighted_bh,75,54,0.28,51
CHEMBL238,1,0.2,4.0,10,meta_calibration,10,10,0.0,10
CHEMBL238,1,0.2,4.0,10,chemdeprc_cap1,10,9,0.1,10
CHEMBL238,1,0.2,4.0,10,minp_block_bh_cap1,10,10,0.0,10
CHEMBL238,1,0.2,4.0,10,score_cap1,10,9,0.1,10
CHEMBL238,1,0.2,4.0,10,weighted_bh,10,10,0.0,10
CHEMBL238,1,0.2,4.0,50,meta_calibration,50,47,0.06,50
CHEMBL238,1,0.2,4.0,50,chemdeprc_cap1,50,46,0.08,50
CHEMBL238,1,0.2,4.0,50,minp_block_bh_cap1,50,45,0.1,50
CHEMBL238,1,0.2,4.0,50,score_cap1,50,44,0.12,50
CHEMBL238,1,0.2,4.0,50,weighted_bh,50,45,0.1,42
CHEMBL238,1,0.2,4.0,75,meta_calibration,75,62,0.17333333333333334,75
CHEMBL238,1,0.2,4.0,75,chemdeprc_cap1,75,60,0.2,75
CHEMBL238,1,0.2,4.0,75,minp_block_bh_cap1,75,60,0.2,75
CHEMBL238,1,0.2,4.0,75,score_cap1,75,60,0.2,75
CHEMBL238,1,0.2,4.0,75,weighted_bh,75,61,0.18666666666666668,51
CHEMBL238,1,0.2,6.0,10,meta_calibration,10,10,0.0,10
CHEMBL238,1,0.2,6.0,10,chemdeprc_cap1,10,8,0.2,10
CHEMBL238,1,0.2,6.0,10,minp_block_bh_cap1,10,10,0.0,10
CHEMBL238,1,0.2,6.0,10,score_cap1,10,6,0.4,10
CHEMBL238,1,0.2,6.0,10,weighted_bh,10,10,0.0,10
CHEMBL238,1,0.2,6.0,50,meta_calibration,50,48,0.04,50
CHEMBL238,1,0.2,6.0,50,chemdeprc_cap1,50,44,0.12,50
CHEMBL238,1,0.2,6.0,50,minp_block_bh_cap1,50,44,0.12,50
CHEMBL238,1,0.2,6.0,50,score_cap1,50,42,0.16,50
CHEMBL238,1,0.2,6.0,50,weighted_bh,50,45,0.1,42
CHEMBL238,1,0.2,6.0,75,meta_calibration,75,62,0.17333333333333334,75
CHEMBL238,1,0.2,6.0,75,chemdeprc_cap1,75,59,0.21333333333333335,75
CHEMBL238,1,0.2,6.0,75,minp_block_bh_cap1,75,60,0.2,75
CHEMBL238,1,0.2,6.0,75,score_cap1,75,59,0.21333333333333335,75
CHEMBL238,1,0.2,6.0,75,weighted_bh,75,59,0.21333333333333335,52
CHEMBL238,1,0.3,4.0,10,meta_calibration,10,10,0.0,10
CHEMBL238,1,0.3,4.0,10,chemdeprc_cap1,10,10,0.0,10
CHEMBL238,1,0.3,4.0,10,minp_block_bh_cap1,10,10,0.0,10
CHEMBL238,1,0.3,4.0,10,score_cap1,10,6,0.4,10
CHEMBL238,1,0.3,4.0,10,weighted_bh,10,10,0.0,10
CHEMBL238,1,0.3,4.0,50,meta_calibration,50,45,0.1,50
CHEMBL238,1,0.3,4.0,50,chemdeprc_cap1,50,44,0.12,50
CHEMBL238,1,0.3,4.0,50,minp_block_bh_cap1,50,45,0.1,50
CHEMBL238,1,0.3,4.0,50,score_cap1,50,42,0.16,50
CHEMBL238,1,0.3,4.0,50,weighted_bh,50,47,0.06,44
CHEMBL238,1,0.3,4.0,75,meta_calibration,75,62,0.17333333333333334,75
CHEMBL238,1,0.3,4.0,75,chemdeprc_cap1,75,57,0.24,75
CHEMBL238,1,0.3,4.0,75,minp_block_bh_cap1,75,58,0.22666666666666666,75
CHEMBL238,1,0.3,4.0,75,score_cap1,75,58,0.22666666666666666,75
CHEMBL238,1,0.3,4.0,75,weighted_bh,75,61,0.18666666666666668,51
CHEMBL238,1,0.3,6.0,10,meta_calibration,10,10,0.0,10
CHEMBL238,1,0.3,6.0,10,chemdeprc_cap1,10,9,0.1,10
CHEMBL238,1,0.3,6.0,10,minp_block_bh_cap1,10,10,0.0,10
CHEMBL238,1,0.3,6.0,10,score_cap1,10,5,0.5,10
CHEMBL238,1,0.3,6.0,10,weighted_bh,10,10,0.0,10
CHEMBL238,1,0.3,6.0,50,meta_calibration,50,46,0.08,50
CHEMBL238,1,0.3,6.0,50,chemdeprc_cap1,50,40,0.2,50
CHEMBL238,1,0.3,6.0,50,minp_block_bh_cap1,50,43,0.14,50
CHEMBL238,1,0.3,6.0,50,score_cap1,50,40,0.2,50
CHEMBL238,1,0.3,6.0,50,weighted_bh,50,47,0.06,44
CHEMBL238,1,0.3,6.0,75,meta_calibration,75,63,0.16,75
CHEMBL238,1,0.3,6.0,75,chemdeprc_cap1,75,57,0.24,75
CHEMBL238,1,0.3,6.0,75,minp_block_bh_cap1,75,57,0.24,75
CHEMBL238,1,0.3,6.0,75,score_cap1,75,58,0.22666666666666666,75
CHEMBL238,1,0.3,6.0,75,weighted_bh,75,54,0.28,50
CHEMBL238,2,0.2,4.0,10,meta_calibration,10,10,0.0,10
CHEMBL238,2,0.2,4.0,10,chemdeprc_cap1,10,9,0.1,10
CHEMBL238,2,0.2,4.0,10,minp_block_bh_cap1,10,10,0.0,10
CHEMBL238,2,0.2,4.0,10,score_cap1,10,9,0.1,10
CHEMBL238,2,0.2,4.0,10,weighted_bh,10,10,0.0,10
CHEMBL238,2,0.2,4.0,50,meta_calibration,50,46,0.08,50
CHEMBL238,2,0.2,4.0,50,chemdeprc_cap1,50,46,0.08,50
CHEMBL238,2,0.2,4.0,50,minp_block_bh_cap1,50,45,0.1,50
CHEMBL238,2,0.2,4.0,50,score_cap1,50,43,0.14,50
CHEMBL238,2,0.2,4.0,50,weighted_bh,50,45,0.1,42
CHEMBL238,2,0.2,4.0,75,meta_calibration,75,62,0.17333333333333334,75
CHEMBL238,2,0.2,4.0,75,chemdeprc_cap1,75,59,0.21333333333333335,75
CHEMBL238,2,0.2,4.0,75,minp_block_bh_cap1,75,60,0.2,75
CHEMBL238,2,0.2,4.0,75,score_cap1,75,60,0.2,75
CHEMBL238,2,0.2,4.0,75,weighted_bh,75,61,0.18666666666666668,52
CHEMBL238,2,0.2,6.0,10,meta_calibration,10,10,0.0,10
CHEMBL238,2,0.2,6.0,10,chemdeprc_cap1,10,9,0.1,10
CHEMBL238,2,0.2,6.0,10,minp_block_bh_cap1,10,10,0.0,10
CHEMBL238,2,0.2,6.0,10,score_cap1,10,6,0.4,10
CHEMBL238,2,0.2,6.0,10,weighted_bh,10,10,0.0,10
CHEMBL238,2,0.2,6.0,50,meta_calibration,50,44,0.12,50
CHEMBL238,2,0.2,6.0,50,chemdeprc_cap1,50,42,0.16,50
CHEMBL238,2,0.2,6.0,50,minp_block_bh_cap1,50,42,0.16,50
CHEMBL238,2,0.2,6.0,50,score_cap1,50,41,0.18,50
CHEMBL238,2,0.2,6.0,50,weighted_bh,50,43,0.14,42
CHEMBL238,2,0.2,6.0,75,meta_calibration,75,62,0.17333333333333334,75
CHEMBL238,2,0.2,6.0,75,chemdeprc_cap1,75,59,0.21333333333333335,75
CHEMBL238,2,0.2,6.0,75,minp_block_bh_cap1,75,60,0.2,75
CHEMBL238,2,0.2,6.0,75,score_cap1,75,60,0.2,75
CHEMBL238,2,0.2,6.0,75,weighted_bh,75,54,0.28,52
CHEMBL238,2,0.3,4.0,10,meta_calibration,10,10,0.0,10
CHEMBL238,2,0.3,4.0,10,chemdeprc_cap1,10,10,0.0,10
CHEMBL238,2,0.3,4.0,10,minp_block_bh_cap1,10,10,0.0,10
CHEMBL238,2,0.3,4.0,10,score_cap1,10,7,0.3,10
CHEMBL238,2,0.3,4.0,10,weighted_bh,10,10,0.0,10
CHEMBL238,2,0.3,4.0,50,meta_calibration,50,46,0.08,50
CHEMBL238,2,0.3,4.0,50,chemdeprc_cap1,50,43,0.14,50
CHEMBL238,2,0.3,4.0,50,minp_block_bh_cap1,50,45,0.1,50
CHEMBL238,2,0.3,4.0,50,score_cap1,50,42,0.16,50
CHEMBL238,2,0.3,4.0,50,weighted_bh,50,45,0.1,42
CHEMBL238,2,0.3,4.0,75,meta_calibration,75,62,0.17333333333333334,75
CHEMBL238,2,0.3,4.0,75,chemdeprc_cap1,75,57,0.24,75
CHEMBL238,2,0.3,4.0,75,minp_block_bh_cap1,75,57,0.24,75
CHEMBL238,2,0.3,4.0,75,score_cap1,75,57,0.24,75
CHEMBL238,2,0.3,4.0,75,weighted_bh,75,61,0.18666666666666668,51
CHEMBL238,2,0.3,6.0,10,meta_calibration,10,10,0.0,10
CHEMBL238,2,0.3,6.0,10,chemdeprc_cap1,10,9,0.1,10
CHEMBL238,2,0.3,6.0,10,minp_block_bh_cap1,10,10,0.0,10
CHEMBL238,2,0.3,6.0,10,score_cap1,10,5,0.5,10
CHEMBL238,2,0.3,6.0,10,weighted_bh,10,10,0.0,10
CHEMBL238,2,0.3,6.0,50,meta_calibration,50,46,0.08,50
CHEMBL238,2,0.3,6.0,50,chemdeprc_cap1,50,40,0.2,50
CHEMBL238,2,0.3,6.0,50,minp_block_bh_cap1,50,44,0.12,50
CHEMBL238,2,0.3,6.0,50,score_cap1,50,39,0.22,50
CHEMBL238,2,0.3,6.0,50,weighted_bh,50,43,0.14,42
CHEMBL238,2,0.3,6.0,75,meta_calibration,75,64,0.14666666666666667,75
CHEMBL238,2,0.3,6.0,75,chemdeprc_cap1,75,57,0.24,75
CHEMBL238,2,0.3,6.0,75,minp_block_bh_cap1,75,56,0.25333333333333335,75
CHEMBL238,2,0.3,6.0,75,score_cap1,75,57,0.24,75
CHEMBL238,2,0.3,6.0,75,weighted_bh,75,59,0.21333333333333335,52
CHEMBL238,3,0.2,4.0,10,meta_calibration,10,10,0.0,10
CHEMBL238,3,0.2,4.0,10,chemdeprc_cap1,10,9,0.1,10
CHEMBL238,3,0.2,4.0,10,minp_block_bh_cap1,10,10,0.0,10
CHEMBL238,3,0.2,4.0,10,score_cap1,10,7,0.3,10
CHEMBL238,3,0.2,4.0,10,weighted_bh,10,10,0.0,10
CHEMBL238,3,0.2,4.0,50,meta_calibration,50,48,0.04,50
CHEMBL238,3,0.2,4.0,50,chemdeprc_cap1,50,46,0.08,50
CHEMBL238,3,0.2,4.0,50,minp_block_bh_cap1,50,45,0.1,50
CHEMBL238,3,0.2,4.0,50,score_cap1,50,45,0.1,50
CHEMBL238,3,0.2,4.0,50,weighted_bh,50,46,0.08,42
CHEMBL238,3,0.2,4.0,75,meta_calibration,75,62,0.17333333333333334,75
CHEMBL238,3,0.2,4.0,75,chemdeprc_cap1,75,60,0.2,75
CHEMBL238,3,0.2,4.0,75,minp_block_bh_cap1,75,61,0.18666666666666668,75
CHEMBL238,3,0.2,4.0,75,score_cap1,75,61,0.18666666666666668,75
CHEMBL238,3,0.2,4.0,75,weighted_bh,75,62,0.17333333333333334,52
CHEMBL238,3,0.2,6.0,10,meta_calibration,10,10,0.0,10
CHEMBL238,3,0.2,6.0,10,chemdeprc_cap1,10,8,0.2,10
CHEMBL238,3,0.2,6.0,10,minp_block_bh_cap1,10,10,0.0,10
CHEMBL238,3,0.2,6.0,10,score_cap1,10,6,0.4,10
CHEMBL238,3,0.2,6.0,10,weighted_bh,10,10,0.0,10
CHEMBL238,3,0.2,6.0,50,meta_calibration,50,48,0.04,50
CHEMBL238,3,0.2,6.0,50,chemdeprc_cap1,50,42,0.16,50
CHEMBL238,3,0.2,6.0,50,minp_block_bh_cap1,50,44,0.12,50
CHEMBL238,3,0.2,6.0,50,score_cap1,50,42,0.16,50
CHEMBL238,3,0.2,6.0,50,weighted_bh,50,44,0.12,42
CHEMBL238,3,0.2,6.0,75,meta_calibration,75,63,0.16,75
CHEMBL238,3,0.2,6.0,75,chemdeprc_cap1,75,60,0.2,75
CHEMBL238,3,0.2,6.0,75,minp_block_bh_cap1,75,60,0.2,75
CHEMBL238,3,0.2,6.0,75,score_cap1,75,61,0.18666666666666668,75
CHEMBL238,3,0.2,6.0,75,weighted_bh,75,56,0.25333333333333335,52
CHEMBL238,3,0.3,4.0,10,meta_calibration,10,10,0.0,10
CHEMBL238,3,0.3,4.0,10,chemdeprc_cap1,10,10,0.0,10
CHEMBL238,3,0.3,4.0,10,minp_block_bh_cap1,10,10,0.0,10
CHEMBL238,3,0.3,4.0,10,score_cap1,10,9,0.1,10
CHEMBL238,3,0.3,4.0,10,weighted_bh,10,10,0.0,10
CHEMBL238,3,0.3,4.0,50,meta_calibration,50,45,0.1,50
CHEMBL238,3,0.3,4.0,50,chemdeprc_cap1,50,44,0.12,50
CHEMBL238,3,0.3,4.0,50,minp_block_bh_cap1,50,45,0.1,50
CHEMBL238,3,0.3,4.0,50,score_cap1,50,42,0.16,50
CHEMBL238,3,0.3,4.0,50,weighted_bh,50,43,0.14,42
CHEMBL238,3,0.3,4.0,75,meta_calibration,75,61,0.18666666666666668,75
CHEMBL238,3,0.3,4.0,75,chemdeprc_cap1,75,57,0.24,75
CHEMBL238,3,0.3,4.0,75,minp_block_bh_cap1,75,57,0.24,75
CHEMBL238,3,0.3,4.0,75,score_cap1,75,58,0.22666666666666666,75
CHEMBL238,3,0.3,4.0,75,weighted_bh,75,61,0.18666666666666668,51
CHEMBL238,3,0.3,6.0,10,meta_calibration,10,10,0.0,10
CHEMBL238,3,0.3,6.0,10,chemdeprc_cap1,10,7,0.3,10
CHEMBL238,3,0.3,6.0,10,minp_block_bh_cap1,10,10,0.0,10
CHEMBL238,3,0.3,6.0,10,score_cap1,10,5,0.5,10
CHEMBL238,3,0.3,6.0,10,weighted_bh,10,10,0.0,10
CHEMBL238,3,0.3,6.0,50,meta_calibration,50,46,0.08,50
CHEMBL238,3,0.3,6.0,50,chemdeprc_cap1,50,41,0.18,50
CHEMBL238,3,0.3,6.0,50,minp_block_bh_cap1,50,42,0.16,50
CHEMBL238,3,0.3,6.0,50,score_cap1,50,39,0.22,50
CHEMBL238,3,0.3,6.0,50,weighted_bh,50,41,0.18,43
CHEMBL238,3,0.3,6.0,75,meta_calibration,75,63,0.16,75
CHEMBL238,3,0.3,6.0,75,chemdeprc_cap1,75,57,0.24,75
CHEMBL238,3,0.3,6.0,75,minp_block_bh_cap1,75,56,0.25333333333333335,75
CHEMBL238,3,0.3,6.0,75,score_cap1,75,58,0.22666666666666666,75
CHEMBL238,3,0.3,6.0,75,weighted_bh,75,54,0.28,52
CHEMBL238,4,0.2,4.0,10,meta_calibration,10,10,0.0,10
CHEMBL238,4,0.2,4.0,10,chemdeprc_cap1,10,9,0.1,10
CHEMBL238,4,0.2,4.0,10,minp_block_bh_cap1,10,10,0.0,10
CHEMBL238,4,0.2,4.0,10,score_cap1,10,7,0.3,10
CHEMBL238,4,0.2,4.0,10,weighted_bh,10,10,0.0,10
CHEMBL238,4,0.2,4.0,50,meta_calibration,50,47,0.06,50
CHEMBL238,4,0.2,4.0,50,chemdeprc_cap1,50,45,0.1,50
CHEMBL238,4,0.2,4.0,50,minp_block_bh_cap1,50,45,0.1,50
CHEMBL238,4,0.2,4.0,50,score_cap1,50,43,0.14,50
CHEMBL238,4,0.2,4.0,50,weighted_bh,50,44,0.12,42
CHEMBL238,4,0.2,4.0,75,meta_calibration,75,64,0.14666666666666667,75
CHEMBL238,4,0.2,4.0,75,chemdeprc_cap1,75,60,0.2,75
CHEMBL238,4,0.2,4.0,75,minp_block_bh_cap1,75,58,0.22666666666666666,75
CHEMBL238,4,0.2,4.0,75,score_cap1,75,59,0.21333333333333335,75
CHEMBL238,4,0.2,4.0,75,weighted_bh,75,62,0.17333333333333334,53
CHEMBL238,4,0.2,6.0,10,meta_calibration,10,10,0.0,10
CHEMBL238,4,0.2,6.0,10,chemdeprc_cap1,10,8,0.2,10
CHEMBL238,4,0.2,6.0,10,minp_block_bh_cap1,10,10,0.0,10
CHEMBL238,4,0.2,6.0,10,score_cap1,10,5,0.5,10
CHEMBL238,4,0.2,6.0,10,weighted_bh,10,10,0.0,10
CHEMBL238,4,0.2,6.0,50,meta_calibration,50,49,0.02,50
CHEMBL238,4,0.2,6.0,50,chemdeprc_cap1,50,44,0.12,50
CHEMBL238,4,0.2,6.0,50,minp_block_bh_cap1,50,45,0.1,50
CHEMBL238,4,0.2,6.0,50,score_cap1,50,42,0.16,50
CHEMBL238,4,0.2,6.0,50,weighted_bh,50,44,0.12,42
CHEMBL238,4,0.2,6.0,75,meta_calibration,75,64,0.14666666666666667,75
CHEMBL238,4,0.2,6.0,75,chemdeprc_cap1,75,59,0.21333333333333335,75
CHEMBL238,4,0.2,6.0,75,minp_block_bh_cap1,75,58,0.22666666666666666,75
CHEMBL238,4,0.2,6.0,75,score_cap1,75,59,0.21333333333333335,75
CHEMBL238,4,0.2,6.0,75,weighted_bh,75,62,0.17333333333333334,53
CHEMBL238,4,0.3,4.0,10,meta_calibration,10,10,0.0,10
CHEMBL238,4,0.3,4.0,10,chemdeprc_cap1,10,10,0.0,10
CHEMBL238,4,0.3,4.0,10,minp_block_bh_cap1,10,10,0.0,10
CHEMBL238,4,0.3,4.0,10,score_cap1,10,7,0.3,10
CHEMBL238,4,0.3,4.0,10,weighted_bh,10,10,0.0,10
CHEMBL238,4,0.3,4.0,50,meta_calibration,50,46,0.08,50
CHEMBL238,4,0.3,4.0,50,chemdeprc_cap1,50,44,0.12,50
CHEMBL238,4,0.3,4.0,50,minp_block_bh_cap1,50,45,0.1,50
CHEMBL238,4,0.3,4.0,50,score_cap1,50,41,0.18,50
CHEMBL238,4,0.3,4.0,50,weighted_bh,50,47,0.06,43
CHEMBL238,4,0.3,4.0,75,meta_calibration,75,63,0.16,75
CHEMBL238,4,0.3,4.0,75,chemdeprc_cap1,75,58,0.22666666666666666,75
CHEMBL238,4,0.3,4.0,75,minp_block_bh_cap1,75,58,0.22666666666666666,75
CHEMBL238,4,0.3,4.0,75,score_cap1,75,59,0.21333333333333335,75
CHEMBL238,4,0.3,4.0,75,weighted_bh,75,61,0.18666666666666668,51
CHEMBL238,4,0.3,6.0,10,meta_calibration,10,10,0.0,10
CHEMBL238,4,0.3,6.0,10,chemdeprc_cap1,10,8,0.2,10
CHEMBL238,4,0.3,6.0,10,minp_block_bh_cap1,10,10,0.0,10
CHEMBL238,4,0.3,6.0,10,score_cap1,10,4,0.6,10
CHEMBL238,4,0.3,6.0,10,weighted_bh,10,10,0.0,10
CHEMBL238,4,0.3,6.0,50,meta_calibration,50,48,0.04,50
CHEMBL238,4,0.3,6.0,50,chemdeprc_cap1,50,41,0.18,50
CHEMBL238,4,0.3,6.0,50,minp_block_bh_cap1,50,43,0.14,50
CHEMBL238,4,0.3,6.0,50,score_cap1,50,40,0.2,50
CHEMBL238,4,0.3,6.0,50,weighted_bh,50,46,0.08,43
CHEMBL238,4,0.3,6.0,75,meta_calibration,75,64,0.14666666666666667,75
CHEMBL238,4,0.3,6.0,75,chemdeprc_cap1,75,57,0.24,75
CHEMBL238,4,0.3,6.0,75,minp_block_bh_cap1,75,56,0.25333333333333335,75
CHEMBL238,4,0.3,6.0,75,score_cap1,75,58,0.22666666666666666,75
CHEMBL238,4,0.3,6.0,75,weighted_bh,75,53,0.29333333333333333,50
CHEMBL238,5,0.2,4.0,10,meta_calibration,10,10,0.0,10
CHEMBL238,5,0.2,4.0,10,chemdeprc_cap1,10,10,0.0,10
CHEMBL238,5,0.2,4.0,10,minp_block_bh_cap1,10,10,0.0,10
CHEMBL238,5,0.2,4.0,10,score_cap1,10,9,0.1,10
CHEMBL238,5,0.2,4.0,10,weighted_bh,10,10,0.0,10
CHEMBL238,5,0.2,4.0,50,meta_calibration,50,46,0.08,50
CHEMBL238,5,0.2,4.0,50,chemdeprc_cap1,50,46,0.08,50
CHEMBL238,5,0.2,4.0,50,minp_block_bh_cap1,50,45,0.1,50
CHEMBL238,5,0.2,4.0,50,score_cap1,50,43,0.14,50
CHEMBL238,5,0.2,4.0,50,weighted_bh,50,47,0.06,43
CHEMBL238,5,0.2,4.0,75,meta_calibration,75,62,0.17333333333333334,75
CHEMBL238,5,0.2,4.0,75,chemdeprc_cap1,75,59,0.21333333333333335,75
CHEMBL238,5,0.2,4.0,75,minp_block_bh_cap1,75,60,0.2,75
CHEMBL238,5,0.2,4.0,75,score_cap1,75,60,0.2,75
CHEMBL238,5,0.2,4.0,75,weighted_bh,75,61,0.18666666666666668,50
CHEMBL238,5,0.2,6.0,10,meta_calibration,10,10,0.0,10
CHEMBL238,5,0.2,6.0,10,chemdeprc_cap1,10,8,0.2,10
CHEMBL238,5,0.2,6.0,10,minp_block_bh_cap1,10,10,0.0,10
CHEMBL238,5,0.2,6.0,10,score_cap1,10,6,0.4,10
CHEMBL238,5,0.2,6.0,10,weighted_bh,10,10,0.0,10
CHEMBL238,5,0.2,6.0,50,meta_calibration,50,47,0.06,50
CHEMBL238,5,0.2,6.0,50,chemdeprc_cap1,50,44,0.12,50
CHEMBL238,5,0.2,6.0,50,minp_block_bh_cap1,50,44,0.12,50
CHEMBL238,5,0.2,6.0,50,score_cap1,50,42,0.16,50
CHEMBL238,5,0.2,6.0,50,weighted_bh,50,47,0.06,43
CHEMBL238,5,0.2,6.0,75,meta_calibration,75,63,0.16,75
CHEMBL238,5,0.2,6.0,75,chemdeprc_cap1,75,58,0.22666666666666666,75
CHEMBL238,5,0.2,6.0,75,minp_block_bh_cap1,75,59,0.21333333333333335,75
CHEMBL238,5,0.2,6.0,75,score_cap1,75,59,0.21333333333333335,75
CHEMBL238,5,0.2,6.0,75,weighted_bh,75,58,0.22666666666666666,51
CHEMBL238,5,0.3,4.0,10,meta_calibration,10,10,0.0,10
CHEMBL238,5,0.3,4.0,10,chemdeprc_cap1,10,10,0.0,10
CHEMBL238,5,0.3,4.0,10,minp_block_bh_cap1,10,10,0.0,10
CHEMBL238,5,0.3,4.0,10,score_cap1,10,5,0.5,10
CHEMBL238,5,0.3,4.0,10,weighted_bh,10,10,0.0,10
CHEMBL238,5,0.3,4.0,50,meta_calibration,50,47,0.06,50
CHEMBL238,5,0.3,4.0,50,chemdeprc_cap1,50,43,0.14,50
CHEMBL238,5,0.3,4.0,50,minp_block_bh_cap1,50,45,0.1,50
CHEMBL238,5,0.3,4.0,50,score_cap1,50,40,0.2,50
CHEMBL238,5,0.3,4.0,50,weighted_bh,50,47,0.06,43
CHEMBL238,5,0.3,4.0,75,meta_calibration,75,63,0.16,75
CHEMBL238,5,0.3,4.0,75,chemdeprc_cap1,75,56,0.25333333333333335,75
CHEMBL238,5,0.3,4.0,75,minp_block_bh_cap1,75,57,0.24,75
CHEMBL238,5,0.3,4.0,75,score_cap1,75,56,0.25333333333333335,75
CHEMBL238,5,0.3,4.0,75,weighted_bh,75,62,0.17333333333333334,53
CHEMBL238,5,0.3,6.0,10,meta_calibration,10,10,0.0,10
CHEMBL238,5,0.3,6.0,10,chemdeprc_cap1,10,9,0.1,10
CHEMBL238,5,0.3,6.0,10,minp_block_bh_cap1,10,10,0.0,10
CHEMBL238,5,0.3,6.0,10,score_cap1,10,3,0.7,10
CHEMBL238,5,0.3,6.0,10,weighted_bh,10,10,0.0,10
CHEMBL238,5,0.3,6.0,50,meta_calibration,50,47,0.06,50
CHEMBL238,5,0.3,6.0,50,chemdeprc_cap1,50,40,0.2,50
CHEMBL238,5,0.3,6.0,50,minp_block_bh_cap1,50,44,0.12,50
CHEMBL238,5,0.3,6.0,50,score_cap1,50,39,0.22,50
CHEMBL238,5,0.3,6.0,50,weighted_bh,50,46,0.08,43
CHEMBL238,5,0.3,6.0,75,meta_calibration,75,64,0.14666666666666667,75
CHEMBL238,5,0.3,6.0,75,chemdeprc_cap1,75,56,0.25333333333333335,75
CHEMBL238,5,0.3,6.0,75,minp_block_bh_cap1,75,56,0.25333333333333335,75
CHEMBL238,5,0.3,6.0,75,score_cap1,75,56,0.25333333333333335,75
CHEMBL238,5,0.3,6.0,75,weighted_bh,75,59,0.21333333333333335,52
CHEMBL238,6,0.2,4.0,10,meta_calibration,10,10,0.0,10
CHEMBL238,6,0.2,4.0,10,chemdeprc_cap1,10,10,0.0,10
CHEMBL238,6,0.2,4.0,10,minp_block_bh_cap1,10,10,0.0,10
CHEMBL238,6,0.2,4.0,10,score_cap1,10,8,0.2,10
CHEMBL238,6,0.2,4.0,10,weighted_bh,10,10,0.0,10
CHEMBL238,6,0.2,4.0,50,meta_calibration,50,46,0.08,50
CHEMBL238,6,0.2,4.0,50,chemdeprc_cap1,50,46,0.08,50
CHEMBL238,6,0.2,4.0,50,minp_block_bh_cap1,50,45,0.1,50
CHEMBL238,6,0.2,4.0,50,score_cap1,50,44,0.12,50
CHEMBL238,6,0.2,4.0,50,weighted_bh,50,47,0.06,43
CHEMBL238,6,0.2,4.0,75,meta_calibration,75,63,0.16,75
CHEMBL238,6,0.2,4.0,75,chemdeprc_cap1,75,59,0.21333333333333335,75
CHEMBL238,6,0.2,4.0,75,minp_block_bh_cap1,75,60,0.2,75
CHEMBL238,6,0.2,4.0,75,score_cap1,75,60,0.2,75
CHEMBL238,6,0.2,4.0,75,weighted_bh,75,62,0.17333333333333334,53
CHEMBL238,6,0.2,6.0,10,meta_calibration,10,10,0.0,10
CHEMBL238,6,0.2,6.0,10,chemdeprc_cap1,10,8,0.2,10
CHEMBL238,6,0.2,6.0,10,minp_block_bh_cap1,10,10,0.0,10
CHEMBL238,6,0.2,6.0,10,score_cap1,10,6,0.4,10
CHEMBL238,6,0.2,6.0,10,weighted_bh,10,10,0.0,10
CHEMBL238,6,0.2,6.0,50,meta_calibration,50,48,0.04,50
CHEMBL238,6,0.2,6.0,50,chemdeprc_cap1,50,43,0.14,50
CHEMBL238,6,0.2,6.0,50,minp_block_bh_cap1,50,45,0.1,50
CHEMBL238,6,0.2,6.0,50,score_cap1,50,42,0.16,50
CHEMBL238,6,0.2,6.0,50,weighted_bh,50,47,0.06,43
CHEMBL238,6,0.2,6.0,75,meta_calibration,75,64,0.14666666666666667,75
CHEMBL238,6,0.2,6.0,75,chemdeprc_cap1,75,58,0.22666666666666666,75
CHEMBL238,6,0.2,6.0,75,minp_block_bh_cap1,75,59,0.21333333333333335,75
CHEMBL238,6,0.2,6.0,75,score_cap1,75,59,0.21333333333333335,75
CHEMBL238,6,0.2,6.0,75,weighted_bh,75,62,0.17333333333333334,51
CHEMBL238,6,0.3,4.0,10,meta_calibration,10,10,0.0,10
CHEMBL238,6,0.3,4.0,10,chemdeprc_cap1,10,10,0.0,10
CHEMBL238,6,0.3,4.0,10,minp_block_bh_cap1,10,10,0.0,10
CHEMBL238,6,0.3,4.0,10,score_cap1,10,7,0.3,10
CHEMBL238,6,0.3,4.0,10,weighted_bh,10,10,0.0,10
CHEMBL238,6,0.3,4.0,50,meta_calibration,50,45,0.1,50
CHEMBL238,6,0.3,4.0,50,chemdeprc_cap1,50,44,0.12,50
CHEMBL238,6,0.3,4.0,50,minp_block_bh_cap1,50,45,0.1,50
CHEMBL238,6,0.3,4.0,50,score_cap1,50,41,0.18,50
CHEMBL238,6,0.3,4.0,50,weighted_bh,50,47,0.06,43
CHEMBL238,6,0.3,4.0,75,meta_calibration,75,62,0.17333333333333334,75
CHEMBL238,6,0.3,4.0,75,chemdeprc_cap1,75,56,0.25333333333333335,75
CHEMBL238,6,0.3,4.0,75,minp_block_bh_cap1,75,57,0.24,75
CHEMBL238,6,0.3,4.0,75,score_cap1,75,56,0.25333333333333335,75
CHEMBL238,6,0.3,4.0,75,weighted_bh,75,61,0.18666666666666668,50
CHEMBL238,6,0.3,6.0,10,meta_calibration,10,10,0.0,10
CHEMBL238,6,0.3,6.0,10,chemdeprc_cap1,10,10,0.0,10
CHEMBL238,6,0.3,6.0,10,minp_block_bh_cap1,10,10,0.0,10
CHEMBL238,6,0.3,6.0,10,score_cap1,10,5,0.5,10
CHEMBL238,6,0.3,6.0,10,weighted_bh,10,10,0.0,10
CHEMBL238,6,0.3,6.0,50,meta_calibration,50,44,0.12,50
CHEMBL238,6,0.3,6.0,50,chemdeprc_cap1,50,40,0.2,50
CHEMBL238,6,0.3,6.0,50,minp_block_bh_cap1,50,43,0.14,50
CHEMBL238,6,0.3,6.0,50,score_cap1,50,38,0.24,50
CHEMBL238,6,0.3,6.0,50,weighted_bh,50,47,0.06,43
CHEMBL238,6,0.3,6.0,75,meta_calibration,75,63,0.16,75
CHEMBL238,6,0.3,6.0,75,chemdeprc_cap1,75,56,0.25333333333333335,75
CHEMBL238,6,0.3,6.0,75,minp_block_bh_cap1,75,56,0.25333333333333335,75
CHEMBL238,6,0.3,6.0,75,score_cap1,75,56,0.25333333333333335,75
CHEMBL238,6,0.3,6.0,75,weighted_bh,75,58,0.22666666666666666,52
CHEMBL238,7,0.2,4.0,10,meta_calibration,10,10,0.0,10
CHEMBL238,7,0.2,4.0,10,chemdeprc_cap1,10,9,0.1,10
CHEMBL238,7,0.2,4.0,10,minp_block_bh_cap1,10,10,0.0,10
CHEMBL238,7,0.2,4.0,10,score_cap1,10,8,0.2,10
CHEMBL238,7,0.2,4.0,10,weighted_bh,10,10,0.0,10
CHEMBL238,7,0.2,4.0,50,meta_calibration,50,46,0.08,50
CHEMBL238,7,0.2,4.0,50,chemdeprc_cap1,50,46,0.08,50
CHEMBL238,7,0.2,4.0,50,minp_block_bh_cap1,50,43,0.14,50
CHEMBL238,7,0.2,4.0,50,score_cap1,50,42,0.16,50
CHEMBL238,7,0.2,4.0,50,weighted_bh,50,45,0.1,42
CHEMBL238,7,0.2,4.0,75,meta_calibration,75,62,0.17333333333333334,75
CHEMBL238,7,0.2,4.0,75,chemdeprc_cap1,75,59,0.21333333333333335,75
CHEMBL238,7,0.2,4.0,75,minp_block_bh_cap1,75,60,0.2,75
CHEMBL238,7,0.2,4.0,75,score_cap1,75,59,0.21333333333333335,75
CHEMBL238,7,0.2,4.0,75,weighted_bh,75,62,0.17333333333333334,53
CHEMBL238,7,0.2,6.0,10,meta_calibration,10,10,0.0,10
CHEMBL238,7,0.2,6.0,10,chemdeprc_cap1,10,8,0.2,10
CHEMBL238,7,0.2,6.0,10,minp_block_bh_cap1,10,10,0.0,10
CHEMBL238,7,0.2,6.0,10,score_cap1,10,6,0.4,10
CHEMBL238,7,0.2,6.0,10,weighted_bh,10,10,0.0,10
CHEMBL238,7,0.2,6.0,50,meta_calibration,50,46,0.08,50
CHEMBL238,7,0.2,6.0,50,chemdeprc_cap1,50,43,0.14,50
CHEMBL238,7,0.2,6.0,50,minp_block_bh_cap1,50,43,0.14,50
CHEMBL238,7,0.2,6.0,50,score_cap1,50,41,0.18,50
CHEMBL238,7,0.2,6.0,50,weighted_bh,50,41,0.18,44
CHEMBL238,7,0.2,6.0,75,meta_calibration,75,63,0.16,75
CHEMBL238,7,0.2,6.0,75,chemdeprc_cap1,75,59,0.21333333333333335,75
CHEMBL238,7,0.2,6.0,75,minp_block_bh_cap1,75,60,0.2,75
CHEMBL238,7,0.2,6.0,75,score_cap1,75,59,0.21333333333333335,75
CHEMBL238,7,0.2,6.0,75,weighted_bh,75,60,0.2,52
CHEMBL238,7,0.3,4.0,10,meta_calibration,10,10,0.0,10
CHEMBL238,7,0.3,4.0,10,chemdeprc_cap1,10,10,0.0,10
CHEMBL238,7,0.3,4.0,10,minp_block_bh_cap1,10,10,0.0,10
CHEMBL238,7,0.3,4.0,10,score_cap1,10,7,0.3,10
CHEMBL238,7,0.3,4.0,10,weighted_bh,10,10,0.0,10
CHEMBL238,7,0.3,4.0,50,meta_calibration,50,44,0.12,50
CHEMBL238,7,0.3,4.0,50,chemdeprc_cap1,50,43,0.14,50
CHEMBL238,7,0.3,4.0,50,minp_block_bh_cap1,50,43,0.14,50
CHEMBL238,7,0.3,4.0,50,score_cap1,50,40,0.2,50
CHEMBL238,7,0.3,4.0,50,weighted_bh,50,45,0.1,43
CHEMBL238,7,0.3,4.0,75,meta_calibration,75,62,0.17333333333333334,75
CHEMBL238,7,0.3,4.0,75,chemdeprc_cap1,75,57,0.24,75
CHEMBL238,7,0.3,4.0,75,minp_block_bh_cap1,75,58,0.22666666666666666,75
CHEMBL238,7,0.3,4.0,75,score_cap1,75,58,0.22666666666666666,75
CHEMBL238,7,0.3,4.0,75,weighted_bh,75,58,0.22666666666666666,52
CHEMBL238,7,0.3,6.0,10,meta_calibration,10,10,0.0,10
CHEMBL238,7,0.3,6.0,10,chemdeprc_cap1,10,8,0.2,10
CHEMBL238,7,0.3,6.0,10,minp_block_bh_cap1,10,10,0.0,10
CHEMBL238,7,0.3,6.0,10,score_cap1,10,5,0.5,10
CHEMBL238,7,0.3,6.0,10,weighted_bh,10,10,0.0,10
CHEMBL238,7,0.3,6.0,50,meta_calibration,50,45,0.1,50
CHEMBL238,7,0.3,6.0,50,chemdeprc_cap1,50,40,0.2,50
CHEMBL238,7,0.3,6.0,50,minp_block_bh_cap1,50,43,0.14,50
CHEMBL238,7,0.3,6.0,50,score_cap1,50,39,0.22,50
CHEMBL238,7,0.3,6.0,50,weighted_bh,50,43,0.14,42
CHEMBL238,7,0.3,6.0,75,meta_calibration,75,63,0.16,75
CHEMBL238,7,0.3,6.0,75,chemdeprc_cap1,75,56,0.25333333333333335,75
CHEMBL238,7,0.3,6.0,75,minp_block_bh_cap1,75,56,0.25333333333333335,75
CHEMBL238,7,0.3,6.0,75,score_cap1,75,57,0.24,75
CHEMBL238,7,0.3,6.0,75,weighted_bh,75,54,0.28,52
CHEMBL238,8,0.2,4.0,10,meta_calibration,10,10,0.0,10
CHEMBL238,8,0.2,4.0,10,chemdeprc_cap1,10,10,0.0,10
CHEMBL238,8,0.2,4.0,10,minp_block_bh_cap1,10,10,0.0,10
CHEMBL238,8,0.2,4.0,10,score_cap1,10,10,0.0,10
CHEMBL238,8,0.2,4.0,10,weighted_bh,10,10,0.0,10
CHEMBL238,8,0.2,4.0,50,meta_calibration,50,46,0.08,50
CHEMBL238,8,0.2,4.0,50,chemdeprc_cap1,50,47,0.06,50
CHEMBL238,8,0.2,4.0,50,minp_block_bh_cap1,50,45,0.1,50
CHEMBL238,8,0.2,4.0,50,score_cap1,50,44,0.12,50
CHEMBL238,8,0.2,4.0,50,weighted_bh,50,48,0.04,44
CHEMBL238,8,0.2,4.0,75,meta_calibration,75,62,0.17333333333333334,75
CHEMBL238,8,0.2,4.0,75,chemdeprc_cap1,75,60,0.2,75
CHEMBL238,8,0.2,4.0,75,minp_block_bh_cap1,75,61,0.18666666666666668,75
CHEMBL238,8,0.2,4.0,75,score_cap1,75,60,0.2,75
CHEMBL238,8,0.2,4.0,75,weighted_bh,75,62,0.17333333333333334,52
CHEMBL238,8,0.2,6.0,10,meta_calibration,10,10,0.0,10
CHEMBL238,8,0.2,6.0,10,chemdeprc_cap1,10,10,0.0,10
CHEMBL238,8,0.2,6.0,10,minp_block_bh_cap1,10,10,0.0,10
CHEMBL238,8,0.2,6.0,10,score_cap1,10,7,0.3,10
CHEMBL238,8,0.2,6.0,10,weighted_bh,10,10,0.0,10
CHEMBL238,8,0.2,6.0,50,meta_calibration,50,47,0.06,50
CHEMBL238,8,0.2,6.0,50,chemdeprc_cap1,50,44,0.12,50
CHEMBL238,8,0.2,6.0,50,minp_block_bh_cap1,50,45,0.1,50
CHEMBL238,8,0.2,6.0,50,score_cap1,50,43,0.14,50
CHEMBL238,8,0.2,6.0,50,weighted_bh,50,47,0.06,44
CHEMBL238,8,0.2,6.0,75,meta_calibration,75,63,0.16,75
CHEMBL238,8,0.2,6.0,75,chemdeprc_cap1,75,59,0.21333333333333335,75
CHEMBL238,8,0.2,6.0,75,minp_block_bh_cap1,75,60,0.2,75
CHEMBL238,8,0.2,6.0,75,score_cap1,75,59,0.21333333333333335,75
CHEMBL238,8,0.2,6.0,75,weighted_bh,75,61,0.18666666666666668,50
CHEMBL238,8,0.3,4.0,10,meta_calibration,10,10,0.0,10
CHEMBL238,8,0.3,4.0,10,chemdeprc_cap1,10,10,0.0,10
CHEMBL238,8,0.3,4.0,10,minp_block_bh_cap1,10,10,0.0,10
CHEMBL238,8,0.3,4.0,10,score_cap1,10,8,0.2,10
CHEMBL238,8,0.3,4.0,10,weighted_bh,10,10,0.0,10
CHEMBL238,8,0.3,4.0,50,meta_calibration,50,45,0.1,50
CHEMBL238,8,0.3,4.0,50,chemdeprc_cap1,50,45,0.1,50
CHEMBL238,8,0.3,4.0,50,minp_block_bh_cap1,50,45,0.1,50
CHEMBL238,8,0.3,4.0,50,score_cap1,50,41,0.18,50
CHEMBL238,8,0.3,4.0,50,weighted_bh,50,47,0.06,43
CHEMBL238,8,0.3,4.0,75,meta_calibration,75,62,0.17333333333333334,75
CHEMBL238,8,0.3,4.0,75,chemdeprc_cap1,75,57,0.24,75
CHEMBL238,8,0.3,4.0,75,minp_block_bh_cap1,75,58,0.22666666666666666,75
CHEMBL238,8,0.3,4.0,75,score_cap1,75,57,0.24,75
CHEMBL238,8,0.3,4.0,75,weighted_bh,75,61,0.18666666666666668,50
CHEMBL238,8,0.3,6.0,10,meta_calibration,10,10,0.0,10
CHEMBL238,8,0.3,6.0,10,chemdeprc_cap1,10,9,0.1,10
CHEMBL238,8,0.3,6.0,10,minp_block_bh_cap1,10,10,0.0,10
CHEMBL238,8,0.3,6.0,10,score_cap1,10,5,0.5,10
CHEMBL238,8,0.3,6.0,10,weighted_bh,10,10,0.0,10
CHEMBL238,8,0.3,6.0,50,meta_calibration,50,45,0.1,50
CHEMBL238,8,0.3,6.0,50,chemdeprc_cap1,50,41,0.18,50
CHEMBL238,8,0.3,6.0,50,minp_block_bh_cap1,50,43,0.14,50
CHEMBL238,8,0.3,6.0,50,score_cap1,50,39,0.22,50
CHEMBL238,8,0.3,6.0,50,weighted_bh,50,47,0.06,43
CHEMBL238,8,0.3,6.0,75,meta_calibration,75,63,0.16,75
CHEMBL238,8,0.3,6.0,75,chemdeprc_cap1,75,56,0.25333333333333335,75
CHEMBL238,8,0.3,6.0,75,minp_block_bh_cap1,75,57,0.24,75
CHEMBL238,8,0.3,6.0,75,score_cap1,75,57,0.24,75
CHEMBL238,8,0.3,6.0,75,weighted_bh,75,54,0.28,51
CHEMBL238,9,0.2,4.0,10,meta_calibration,10,10,0.0,10
CHEMBL238,9,0.2,4.0,10,chemdeprc_cap1,10,10,0.0,10
CHEMBL238,9,0.2,4.0,10,minp_block_bh_cap1,10,10,0.0,10
CHEMBL238,9,0.2,4.0,10,score_cap1,10,7,0.3,10
CHEMBL238,9,0.2,4.0,10,weighted_bh,10,10,0.0,10
CHEMBL238,9,0.2,4.0,50,meta_calibration,50,47,0.06,50
CHEMBL238,9,0.2,4.0,50,chemdeprc_cap1,50,46,0.08,50
CHEMBL238,9,0.2,4.0,50,minp_block_bh_cap1,50,46,0.08,50
CHEMBL238,9,0.2,4.0,50,score_cap1,50,44,0.12,50
CHEMBL238,9,0.2,4.0,50,weighted_bh,50,48,0.04,44
CHEMBL238,9,0.2,4.0,75,meta_calibration,75,63,0.16,75
CHEMBL238,9,0.2,4.0,75,chemdeprc_cap1,75,59,0.21333333333333335,75
CHEMBL238,9,0.2,4.0,75,minp_block_bh_cap1,75,59,0.21333333333333335,75
CHEMBL238,9,0.2,4.0,75,score_cap1,75,59,0.21333333333333335,75
CHEMBL238,9,0.2,4.0,75,weighted_bh,75,63,0.16,54
CHEMBL238,9,0.2,6.0,10,meta_calibration,10,10,0.0,10
CHEMBL238,9,0.2,6.0,10,chemdeprc_cap1,10,10,0.0,10
CHEMBL238,9,0.2,6.0,10,minp_block_bh_cap1,10,10,0.0,10
CHEMBL238,9,0.2,6.0,10,score_cap1,10,6,0.4,10
CHEMBL238,9,0.2,6.0,10,weighted_bh,10,10,0.0,10
CHEMBL238,9,0.2,6.0,50,meta_calibration,50,47,0.06,50
CHEMBL238,9,0.2,6.0,50,chemdeprc_cap1,50,43,0.14,50
CHEMBL238,9,0.2,6.0,50,minp_block_bh_cap1,50,45,0.1,50
CHEMBL238,9,0.2,6.0,50,score_cap1,50,42,0.16,50
CHEMBL238,9,0.2,6.0,50,weighted_bh,50,48,0.04,44
CHEMBL238,9,0.2,6.0,75,meta_calibration,75,64,0.14666666666666667,75
CHEMBL238,9,0.2,6.0,75,chemdeprc_cap1,75,59,0.21333333333333335,75
CHEMBL238,9,0.2,6.0,75,minp_block_bh_cap1,75,59,0.21333333333333335,75
CHEMBL238,9,0.2,6.0,75,score_cap1,75,59,0.21333333333333335,75
CHEMBL238,9,0.2,6.0,75,weighted_bh,75,62,0.17333333333333334,51
CHEMBL238,9,0.3,4.0,10,meta_calibration,10,10,0.0,10
CHEMBL238,9,0.3,4.0,10,chemdeprc_cap1,10,9,0.1,10
CHEMBL238,9,0.3,4.0,10,minp_block_bh_cap1,10,10,0.0,10
CHEMBL238,9,0.3,4.0,10,score_cap1,10,7,0.3,10
CHEMBL238,9,0.3,4.0,10,weighted_bh,10,10,0.0,10
CHEMBL238,9,0.3,4.0,50,meta_calibration,50,45,0.1,50
CHEMBL238,9,0.3,4.0,50,chemdeprc_cap1,50,45,0.1,50
CHEMBL238,9,0.3,4.0,50,minp_block_bh_cap1,50,43,0.14,50
CHEMBL238,9,0.3,4.0,50,score_cap1,50,40,0.2,50
CHEMBL238,9,0.3,4.0,50,weighted_bh,50,44,0.12,43
CHEMBL238,9,0.3,4.0,75,meta_calibration,75,63,0.16,75
CHEMBL238,9,0.3,4.0,75,chemdeprc_cap1,75,57,0.24,75
CHEMBL238,9,0.3,4.0,75,minp_block_bh_cap1,75,58,0.22666666666666666,75
CHEMBL238,9,0.3,4.0,75,score_cap1,75,57,0.24,75
CHEMBL238,9,0.3,4.0,75,weighted_bh,75,61,0.18666666666666668,53
CHEMBL238,9,0.3,6.0,10,meta_calibration,10,10,0.0,10
CHEMBL238,9,0.3,6.0,10,chemdeprc_cap1,10,8,0.2,10
CHEMBL238,9,0.3,6.0,10,minp_block_bh_cap1,10,10,0.0,10
CHEMBL238,9,0.3,6.0,10,score_cap1,10,4,0.6,10
CHEMBL238,9,0.3,6.0,10,weighted_bh,10,10,0.0,10
CHEMBL238,9,0.3,6.0,50,meta_calibration,50,45,0.1,50
CHEMBL238,9,0.3,6.0,50,chemdeprc_cap1,50,41,0.18,50
CHEMBL238,9,0.3,6.0,50,minp_block_bh_cap1,50,42,0.16,50
CHEMBL238,9,0.3,6.0,50,score_cap1,50,38,0.24,50
CHEMBL238,9,0.3,6.0,50,weighted_bh,50,40,0.2,43
CHEMBL238,9,0.3,6.0,75,meta_calibration,75,64,0.14666666666666667,75
CHEMBL238,9,0.3,6.0,75,chemdeprc_cap1,75,57,0.24,75
CHEMBL238,9,0.3,6.0,75,minp_block_bh_cap1,75,57,0.24,75
CHEMBL238,9,0.3,6.0,75,score_cap1,75,57,0.24,75
CHEMBL238,9,0.3,6.0,75,weighted_bh,75,56,0.25333333333333335,54
CHEMBL239,0,0.2,4.0,10,meta_calibration,10,10,0.0,10
CHEMBL239,0,0.2,4.0,10,chemdeprc_cap1,10,6,0.4,10
CHEMBL239,0,0.2,4.0,10,minp_block_bh_cap1,10,9,0.1,10
CHEMBL239,0,0.2,4.0,10,score_cap1,10,4,0.6,10
CHEMBL239,0,0.2,4.0,10,weighted_bh,10,8,0.2,8
CHEMBL239,0,0.2,4.0,50,meta_calibration,50,34,0.32,50
CHEMBL239,0,0.2,4.0,50,chemdeprc_cap1,50,31,0.38,50
CHEMBL239,0,0.2,4.0,50,minp_block_bh_cap1,50,31,0.38,50
CHEMBL239,0,0.2,4.0,50,score_cap1,50,30,0.4,50
CHEMBL239,0,0.2,4.0,50,weighted_bh,50,21,0.58,28
CHEMBL239,0,0.2,4.0,75,meta_calibration,75,45,0.4,75
CHEMBL239,0,0.2,4.0,75,chemdeprc_cap1,75,44,0.41333333333333333,75
CHEMBL239,0,0.2,4.0,75,minp_block_bh_cap1,75,43,0.4266666666666667,75
CHEMBL239,0,0.2,4.0,75,score_cap1,75,42,0.44,75
CHEMBL239,0,0.2,4.0,75,weighted_bh,75,32,0.5733333333333334,41
CHEMBL239,0,0.2,6.0,10,meta_calibration,10,10,0.0,10
CHEMBL239,0,0.2,6.0,10,chemdeprc_cap1,10,5,0.5,10
CHEMBL239,0,0.2,6.0,10,minp_block_bh_cap1,10,9,0.1,10
CHEMBL239,0,0.2,6.0,10,score_cap1,10,3,0.7,10
CHEMBL239,0,0.2,6.0,10,weighted_bh,10,8,0.2,8
CHEMBL239,0,0.2,6.0,50,meta_calibration,50,35,0.3,50
CHEMBL239,0,0.2,6.0,50,chemdeprc_cap1,50,31,0.38,50
CHEMBL239,0,0.2,6.0,50,minp_block_bh_cap1,50,31,0.38,50
CHEMBL239,0,0.2,6.0,50,score_cap1,50,30,0.4,50
CHEMBL239,0,0.2,6.0,50,weighted_bh,50,20,0.6,26
CHEMBL239,0,0.2,6.0,75,meta_calibration,75,46,0.38666666666666666,75
CHEMBL239,0,0.2,6.0,75,chemdeprc_cap1,75,44,0.41333333333333333,75
CHEMBL239,0,0.2,6.0,75,minp_block_bh_cap1,75,43,0.4266666666666667,75
CHEMBL239,0,0.2,6.0,75,score_cap1,75,42,0.44,75
CHEMBL239,0,0.2,6.0,75,weighted_bh,75,22,0.7066666666666667,32
CHEMBL239,0,0.3,4.0,10,meta_calibration,10,10,0.0,10
CHEMBL239,0,0.3,4.0,10,chemdeprc_cap1,10,6,0.4,10
CHEMBL239,0,0.3,4.0,10,minp_block_bh_cap1,10,10,0.0,10
CHEMBL239,0,0.3,4.0,10,score_cap1,10,2,0.8,10
CHEMBL239,0,0.3,4.0,10,weighted_bh,10,10,0.0,9
CHEMBL239,0,0.3,4.0,50,meta_calibration,50,34,0.32,50
CHEMBL239,0,0.3,4.0,50,chemdeprc_cap1,50,30,0.4,50
CHEMBL239,0,0.3,4.0,50,minp_block_bh_cap1,50,30,0.4,50
CHEMBL239,0,0.3,4.0,50,score_cap1,50,30,0.4,50
CHEMBL239,0,0.3,4.0,50,weighted_bh,50,21,0.58,28
CHEMBL239,0,0.3,4.0,75,meta_calibration,75,45,0.4,75
CHEMBL239,0,0.3,4.0,75,chemdeprc_cap1,75,43,0.4266666666666667,75
CHEMBL239,0,0.3,4.0,75,minp_block_bh_cap1,75,42,0.44,75
CHEMBL239,0,0.3,4.0,75,score_cap1,75,41,0.4533333333333333,75
CHEMBL239,0,0.3,4.0,75,weighted_bh,75,27,0.64,36
CHEMBL239,0,0.3,6.0,10,meta_calibration,10,10,0.0,10
CHEMBL239,0,0.3,6.0,10,chemdeprc_cap1,10,4,0.6,10
CHEMBL239,0,0.3,6.0,10,minp_block_bh_cap1,10,10,0.0,10
CHEMBL239,0,0.3,6.0,10,score_cap1,10,1,0.9,10
CHEMBL239,0,0.3,6.0,10,weighted_bh,10,10,0.0,9
CHEMBL239,0,0.3,6.0,50,meta_calibration,50,37,0.26,50
CHEMBL239,0,0.3,6.0,50,chemdeprc_cap1,50,30,0.4,50
CHEMBL239,0,0.3,6.0,50,minp_block_bh_cap1,50,30,0.4,50
CHEMBL239,0,0.3,6.0,50,score_cap1,50,30,0.4,50
CHEMBL239,0,0.3,6.0,50,weighted_bh,50,20,0.6,25
CHEMBL239,0,0.3,6.0,75,meta_calibration,75,47,0.37333333333333335,75
CHEMBL239,0,0.3,6.0,75,chemdeprc_cap1,75,43,0.4266666666666667,75
CHEMBL239,0,0.3,6.0,75,minp_block_bh_cap1,75,42,0.44,75
CHEMBL239,0,0.3,6.0,75,score_cap1,75,41,0.4533333333333333,75
CHEMBL239,0,0.3,6.0,75,weighted_bh,75,26,0.6533333333333333,35
CHEMBL239,1,0.2,4.0,10,meta_calibration,10,9,0.1,10
CHEMBL239,1,0.2,4.0,10,chemdeprc_cap1,10,6,0.4,10
CHEMBL239,1,0.2,4.0,10,minp_block_bh_cap1,10,10,0.0,10
CHEMBL239,1,0.2,4.0,10,score_cap1,10,4,0.6,10
CHEMBL239,1,0.2,4.0,10,weighted_bh,10,10,0.0,9
CHEMBL239,1,0.2,4.0,50,meta_calibration,50,31,0.38,50
CHEMBL239,1,0.2,4.0,50,chemdeprc_cap1,50,31,0.38,50
CHEMBL239,1,0.2,4.0,50,minp_block_bh_cap1,50,31,0.38,50
CHEMBL239,1,0.2,4.0,50,score_cap1,50,31,0.38,50
CHEMBL239,1,0.2,4.0,50,weighted_bh,50,21,0.58,28
CHEMBL239,1,0.2,4.0,75,meta_calibration,75,43,0.4266666666666667,75
CHEMBL239,1,0.2,4.0,75,chemdeprc_cap1,75,44,0.41333333333333333,75
CHEMBL239,1,0.2,4.0,75,minp_block_bh_cap1,75,43,0.4266666666666667,75
CHEMBL239,1,0.2,4.0,75,score_cap1,75,43,0.4266666666666667,75
CHEMBL239,1,0.2,4.0,75,weighted_bh,75,27,0.64,36
CHEMBL239,1,0.2,6.0,10,meta_calibration,10,10,0.0,10
CHEMBL239,1,0.2,6.0,10,chemdeprc_cap1,10,3,0.7,10
CHEMBL239,1,0.2,6.0,10,minp_block_bh_cap1,10,9,0.1,10
CHEMBL239,1,0.2,6.0,10,score_cap1,10,3,0.7,10
CHEMBL239,1,0.2,6.0,10,weighted_bh,10,8,0.2,8
CHEMBL239,1,0.2,6.0,50,meta_calibration,50,36,0.28,50
CHEMBL239,1,0.2,6.0,50,chemdeprc_cap1,50,31,0.38,50
CHEMBL239,1,0.2,6.0,50,minp_block_bh_cap1,50,31,0.38,50
CHEMBL239,1,0.2,6.0,50,score_cap1,50,31,0.38,50
CHEMBL239,1,0.2,6.0,50,weighted_bh,50,20,0.6,26
CHEMBL239,1,0.2,6.0,75,meta_calibration,75,45,0.4,75
CHEMBL239,1,0.2,6.0,75,chemdeprc_cap1,75,44,0.41333333333333333,75
CHEMBL239,1,0.2,6.0,75,minp_block_bh_cap1,75,43,0.4266666666666667,75
CHEMBL239,1,0.2,6.0,75,score_cap1,75,43,0.4266666666666667,75
CHEMBL239,1,0.2,6.0,75,weighted_bh,75,27,0.64,36
CHEMBL239,1,0.3,4.0,10,meta_calibration,10,9,0.1,10
CHEMBL239,1,0.3,4.0,10,chemdeprc_cap1,10,6,0.4,10
CHEMBL239,1,0.3,4.0,10,minp_block_bh_cap1,10,10,0.0,10
CHEMBL239,1,0.3,4.0,10,score_cap1,10,4,0.6,10
CHEMBL239,1,0.3,4.0,10,weighted_bh,10,10,0.0,9
CHEMBL239,1,0.3,4.0,50,meta_calibration,50,31,0.38,50
CHEMBL239,1,0.3,4.0,50,chemdeprc_cap1,50,30,0.4,50
CHEMBL239,1,0.3,4.0,50,minp_block_bh_cap1,50,30,0.4,50
CHEMBL239,1,0.3,4.0,50,score_cap1,50,29,0.42,50
CHEMBL239,1,0.3,4.0,50,weighted_bh,50,20,0.6,26
CHEMBL239,1,0.3,4.0,75,meta_calibration,75,43,0.4266666666666667,75
CHEMBL239,1,0.3,4.0,75,chemdeprc_cap1,75,43,0.4266666666666667,75
CHEMBL239,1,0.3,4.0,75,minp_block_bh_cap1,75,43,0.4266666666666667,75
CHEMBL239,1,0.3,4.0,75,score_cap1,75,41,0.4533333333333333,75
CHEMBL239,1,0.3,4.0,75,weighted_bh,75,27,0.64,36
CHEMBL239,1,0.3,6.0,10,meta_calibration,10,10,0.0,10
CHEMBL239,1,0.3,6.0,10,chemdeprc_cap1,10,3,0.7,10
CHEMBL239,1,0.3,6.0,10,minp_block_bh_cap1,10,9,0.1,10
CHEMBL239,1,0.3,6.0,10,score_cap1,10,1,0.9,10
CHEMBL239,1,0.3,6.0,10,weighted_bh,10,8,0.2,8
CHEMBL239,1,0.3,6.0,50,meta_calibration,50,35,0.3,50
CHEMBL239,1,0.3,6.0,50,chemdeprc_cap1,50,30,0.4,50
CHEMBL239,1,0.3,6.0,50,minp_block_bh_cap1,50,30,0.4,50
CHEMBL239,1,0.3,6.0,50,score_cap1,50,29,0.42,50
CHEMBL239,1,0.3,6.0,50,weighted_bh,50,20,0.6,27
CHEMBL239,1,0.3,6.0,75,meta_calibration,75,46,0.38666666666666666,75
CHEMBL239,1,0.3,6.0,75,chemdeprc_cap1,75,43,0.4266666666666667,75
CHEMBL239,1,0.3,6.0,75,minp_block_bh_cap1,75,43,0.4266666666666667,75
CHEMBL239,1,0.3,6.0,75,score_cap1,75,41,0.4533333333333333,75
CHEMBL239,1,0.3,6.0,75,weighted_bh,75,21,0.72,32
CHEMBL239,2,0.2,4.0,10,meta_calibration,10,9,0.1,10
CHEMBL239,2,0.2,4.0,10,chemdeprc_cap1,10,6,0.4,10
CHEMBL239,2,0.2,4.0,10,minp_block_bh_cap1,10,9,0.1,10
CHEMBL239,2,0.2,4.0,10,score_cap1,10,3,0.7,10
CHEMBL239,2,0.2,4.0,10,weighted_bh,10,9,0.1,9
CHEMBL239,2,0.2,4.0,50,meta_calibration,50,34,0.32,50
CHEMBL239,2,0.2,4.0,50,chemdeprc_cap1,50,31,0.38,50
CHEMBL239,2,0.2,4.0,50,minp_block_bh_cap1,50,31,0.38,50
CHEMBL239,2,0.2,4.0,50,score_cap1,50,30,0.4,50
CHEMBL239,2,0.2,4.0,50,weighted_bh,50,26,0.48,33
CHEMBL239,2,0.2,4.0,75,meta_calibration,75,45,0.4,75
CHEMBL239,2,0.2,4.0,75,chemdeprc_cap1,75,43,0.4266666666666667,75
CHEMBL239,2,0.2,4.0,75,minp_block_bh_cap1,75,42,0.44,75
CHEMBL239,2,0.2,4.0,75,score_cap1,75,42,0.44,75
CHEMBL239,2,0.2,4.0,75,weighted_bh,75,30,0.6,39
CHEMBL239,2,0.2,6.0,10,meta_calibration,10,10,0.0,10
CHEMBL239,2,0.2,6.0,10,chemdeprc_cap1,10,5,0.5,10
CHEMBL239,2,0.2,6.0,10,minp_block_bh_cap1,10,9,0.1,10
CHEMBL239,2,0.2,6.0,10,score_cap1,10,3,0.7,10
CHEMBL239,2,0.2,6.0,10,weighted_bh,10,8,0.2,8
CHEMBL239,2,0.2,6.0,50,meta_calibration,50,37,0.26,50
CHEMBL239,2,0.2,6.0,50,chemdeprc_cap1,50,31,0.38,50
CHEMBL239,2,0.2,6.0,50,minp_block_bh_cap1,50,31,0.38,50
CHEMBL239,2,0.2,6.0,50,score_cap1,50,30,0.4,50
CHEMBL239,2,0.2,6.0,50,weighted_bh,50,26,0.48,33
CHEMBL239,2,0.2,6.0,75,meta_calibration,75,46,0.38666666666666666,75
CHEMBL239,2,0.2,6.0,75,chemdeprc_cap1,75,43,0.4266666666666667,75
CHEMBL239,2,0.2,6.0,75,minp_block_bh_cap1,75,42,0.44,75
CHEMBL239,2,0.2,6.0,75,score_cap1,75,42,0.44,75
CHEMBL239,2,0.2,6.0,75,weighted_bh,75,30,0.6,38
CHEMBL239,2,0.3,4.0,10,meta_calibration,10,10,0.0,10
CHEMBL239,2,0.3,4.0,10,chemdeprc_cap1,10,6,0.4,10
CHEMBL239,2,0.3,4.0,10,minp_block_bh_cap1,10,10,0.0,10
CHEMBL239,2,0.3,4.0,10,score_cap1,10,3,0.7,10
CHEMBL239,2,0.3,4.0,10,weighted_bh,10,10,0.0,9
CHEMBL239,2,0.3,4.0,50,meta_calibration,50,34,0.32,50
CHEMBL239,2,0.3,4.0,50,chemdeprc_cap1,50,30,0.4,50
CHEMBL239,2,0.3,4.0,50,minp_block_bh_cap1,50,31,0.38,50
CHEMBL239,2,0.3,4.0,50,score_cap1,50,29,0.42,50
CHEMBL239,2,0.3,4.0,50,weighted_bh,50,21,0.58,27
CHEMBL239,2,0.3,4.0,75,meta_calibration,75,45,0.4,75
CHEMBL239,2,0.3,4.0,75,chemdeprc_cap1,75,42,0.44,75
CHEMBL239,2,0.3,4.0,75,minp_block_bh_cap1,75,42,0.44,75
CHEMBL239,2,0.3,4.0,75,score_cap1,75,41,0.4533333333333333,75
CHEMBL239,2,0.3,4.0,75,weighted_bh,75,27,0.64,36
CHEMBL239,2,0.3,6.0,10,meta_calibration,10,10,0.0,10
CHEMBL239,2,0.3,6.0,10,chemdeprc_cap1,10,4,0.6,10
CHEMBL239,2,0.3,6.0,10,minp_block_bh_cap1,10,10,0.0,10
CHEMBL239,2,0.3,6.0,10,score_cap1,10,0,1.0,10
CHEMBL239,2,0.3,6.0,10,weighted_bh,10,10,0.0,9
CHEMBL239,2,0.3,6.0,50,meta_calibration,50,37,0.26,50
CHEMBL239,2,0.3,6.0,50,chemdeprc_cap1,50,30,0.4,50
CHEMBL239,2,0.3,6.0,50,minp_block_bh_cap1,50,31,0.38,50
CHEMBL239,2,0.3,6.0,50,score_cap1,50,29,0.42,50
CHEMBL239,2,0.3,6.0,50,weighted_bh,50,19,0.62,24
CHEMBL239,2,0.3,6.0,75,meta_calibration,75,47,0.37333333333333335,75
CHEMBL239,2,0.3,6.0,75,chemdeprc_cap1,75,42,0.44,75
CHEMBL239,2,0.3,6.0,75,minp_block_bh_cap1,75,42,0.44,75
CHEMBL239,2,0.3,6.0,75,score_cap1,75,41,0.4533333333333333,75
CHEMBL239,2,0.3,6.0,75,weighted_bh,75,24,0.68,33
CHEMBL239,3,0.2,4.0,10,meta_calibration,10,10,0.0,10
CHEMBL239,3,0.2,4.0,10,chemdeprc_cap1,10,6,0.4,10
CHEMBL239,3,0.2,4.0,10,minp_block_bh_cap1,10,10,0.0,10
CHEMBL239,3,0.2,4.0,10,score_cap1,10,4,0.6,10
CHEMBL239,3,0.2,4.0,10,weighted_bh,10,10,0.0,9
CHEMBL239,3,0.2,4.0,50,meta_calibration,50,34,0.32,50
CHEMBL239,3,0.2,4.0,50,chemdeprc_cap1,50,32,0.36,50
CHEMBL239,3,0.2,4.0,50,minp_block_bh_cap1,50,31,0.38,50
CHEMBL239,3,0.2,4.0,50,score_cap1,50,31,0.38,50
CHEMBL239,3,0.2,4.0,50,weighted_bh,50,21,0.58,25
CHEMBL239,3,0.2,4.0,75,meta_calibration,75,45,0.4,75
CHEMBL239,3,0.2,4.0,75,chemdeprc_cap1,75,44,0.41333333333333333,75
CHEMBL239,3,0.2,4.0,75,minp_block_bh_cap1,75,43,0.4266666666666667,75
CHEMBL239,3,0.2,4.0,75,score_cap1,75,43,0.4266666666666667,75
CHEMBL239,3,0.2,4.0,75,weighted_bh,75,27,0.64,34
CHEMBL239,3,0.2,6.0,10,meta_calibration,10,10,0.0,10
CHEMBL239,3,0.2,6.0,10,chemdeprc_cap1,10,5,0.5,10
CHEMBL239,3,0.2,6.0,10,minp_block_bh_cap1,10,10,0.0,10
CHEMBL239,3,0.2,6.0,10,score_cap1,10,3,0.7,10
CHEMBL239,3,0.2,6.0,10,weighted_bh,10,10,0.0,9
CHEMBL239,3,0.2,6.0,50,meta_calibration,50,36,0.28,50
CHEMBL239,3,0.2,6.0,50,chemdeprc_cap1,50,32,0.36,50
CHEMBL239,3,0.2,6.0,50,minp_block_bh_cap1,50,31,0.38,50
CHEMBL239,3,0.2,6.0,50,score_cap1,50,31,0.38,50
CHEMBL239,3,0.2,6.0,50,weighted_bh,50,21,0.58,24
CHEMBL239,3,0.2,6.0,75,meta_calibration,75,46,0.38666666666666666,75
CHEMBL239,3,0.2,6.0,75,chemdeprc_cap1,75,44,0.41333333333333333,75
CHEMBL239,3,0.2,6.0,75,minp_block_bh_cap1,75,43,0.4266666666666667,75
CHEMBL239,3,0.2,6.0,75,score_cap1,75,43,0.4266666666666667,75
CHEMBL239,3,0.2,6.0,75,weighted_bh,75,27,0.64,35
CHEMBL239,3,0.3,4.0,10,meta_calibration,10,10,0.0,10
CHEMBL239,3,0.3,4.0,10,chemdeprc_cap1,10,6,0.4,10
CHEMBL239,3,0.3,4.0,10,minp_block_bh_cap1,10,10,0.0,10
CHEMBL239,3,0.3,4.0,10,score_cap1,10,3,0.7,10
CHEMBL239,3,0.3,4.0,10,weighted_bh,10,10,0.0,9
CHEMBL239,3,0.3,4.0,50,meta_calibration,50,31,0.38,50
CHEMBL239,3,0.3,4.0,50,chemdeprc_cap1,50,29,0.42,50
CHEMBL239,3,0.3,4.0,50,minp_block_bh_cap1,50,30,0.4,50
CHEMBL239,3,0.3,4.0,50,score_cap1,50,28,0.44,50
CHEMBL239,3,0.3,4.0,50,weighted_bh,50,21,0.58,29
CHEMBL239,3,0.3,4.0,75,meta_calibration,75,43,0.4266666666666667,75
CHEMBL239,3,0.3,4.0,75,chemdeprc_cap1,75,41,0.4533333333333333,75
CHEMBL239,3,0.3,4.0,75,minp_block_bh_cap1,75,41,0.4533333333333333,75
CHEMBL239,3,0.3,4.0,75,score_cap1,75,40,0.4666666666666667,75
CHEMBL239,3,0.3,4.0,75,weighted_bh,75,30,0.6,40
CHEMBL239,3,0.3,6.0,10,meta_calibration,10,10,0.0,10
CHEMBL239,3,0.3,6.0,10,chemdeprc_cap1,10,6,0.4,10
CHEMBL239,3,0.3,6.0,10,minp_block_bh_cap1,10,10,0.0,10
CHEMBL239,3,0.3,6.0,10,score_cap1,10,1,0.9,10
CHEMBL239,3,0.3,6.0,10,weighted_bh,10,10,0.0,9
CHEMBL239,3,0.3,6.0,50,meta_calibration,50,34,0.32,50
CHEMBL239,3,0.3,6.0,50,chemdeprc_cap1,50,29,0.42,50
CHEMBL239,3,0.3,6.0,50,minp_block_bh_cap1,50,30,0.4,50
CHEMBL239,3,0.3,6.0,50,score_cap1,50,28,0.44,50
CHEMBL239,3,0.3,6.0,50,weighted_bh,50,19,0.62,25
CHEMBL239,3,0.3,6.0,75,meta_calibration,75,45,0.4,75
CHEMBL239,3,0.3,6.0,75,chemdeprc_cap1,75,41,0.4533333333333333,75
CHEMBL239,3,0.3,6.0,75,minp_block_bh_cap1,75,41,0.4533333333333333,75
CHEMBL239,3,0.3,6.0,75,score_cap1,75,40,0.4666666666666667,75
CHEMBL239,3,0.3,6.0,75,weighted_bh,75,25,0.6666666666666666,36
CHEMBL239,4,0.2,4.0,10,meta_calibration,10,10,0.0,10
CHEMBL239,4,0.2,4.0,10,chemdeprc_cap1,10,6,0.4,10
CHEMBL239,4,0.2,4.0,10,minp_block_bh_cap1,10,10,0.0,10
CHEMBL239,4,0.2,4.0,10,score_cap1,10,6,0.4,10
CHEMBL239,4,0.2,4.0,10,weighted_bh,10,10,0.0,9
CHEMBL239,4,0.2,4.0,50,meta_calibration,50,31,0.38,50
CHEMBL239,4,0.2,4.0,50,chemdeprc_cap1,50,32,0.36,50
CHEMBL239,4,0.2,4.0,50,minp_block_bh_cap1,50,31,0.38,50
CHEMBL239,4,0.2,4.0,50,score_cap1,50,32,0.36,50
CHEMBL239,4,0.2,4.0,50,weighted_bh,50,23,0.54,30
CHEMBL239,4,0.2,4.0,75,meta_calibration,75,43,0.4266666666666667,75
CHEMBL239,4,0.2,4.0,75,chemdeprc_cap1,75,44,0.41333333333333333,75
CHEMBL239,4,0.2,4.0,75,minp_block_bh_cap1,75,43,0.4266666666666667,75
CHEMBL239,4,0.2,4.0,75,score_cap1,75,43,0.4266666666666667,75
CHEMBL239,4,0.2,4.0,75,weighted_bh,75,30,0.6,37
CHEMBL239,4,0.2,6.0,10,meta_calibration,10,10,0.0,10
CHEMBL239,4,0.2,6.0,10,chemdeprc_cap1,10,5,0.5,10
CHEMBL239,4,0.2,6.0,10,minp_block_bh_cap1,10,9,0.1,10
CHEMBL239,4,0.2,6.0,10,score_cap1,10,3,0.7,10
CHEMBL239,4,0.2,6.0,10,weighted_bh,10,8,0.2,8
CHEMBL239,4,0.2,6.0,50,meta_calibration,50,33,0.34,50
CHEMBL239,4,0.2,6.0,50,chemdeprc_cap1,50,32,0.36,50
CHEMBL239,4,0.2,6.0,50,minp_block_bh_cap1,50,31,0.38,50
CHEMBL239,4,0.2,6.0,50,score_cap1,50,32,0.36,50
CHEMBL239,4,0.2,6.0,50,weighted_bh,50,21,0.58,28
CHEMBL239,4,0.2,6.0,75,meta_calibration,75,44,0.41333333333333333,75
CHEMBL239,4,0.2,6.0,75,chemdeprc_cap1,75,44,0.41333333333333333,75
CHEMBL239,4,0.2,6.0,75,minp_block_bh_cap1,75,43,0.4266666666666667,75
CHEMBL239,4,0.2,6.0,75,score_cap1,75,43,0.4266666666666667,75
CHEMBL239,4,0.2,6.0,75,weighted_bh,75,27,0.64,36
CHEMBL239,4,0.3,4.0,10,meta_calibration,10,10,0.0,10
CHEMBL239,4,0.3,4.0,10,chemdeprc_cap1,10,6,0.4,10
CHEMBL239,4,0.3,4.0,10,minp_block_bh_cap1,10,10,0.0,10
CHEMBL239,4,0.3,4.0,10,score_cap1,10,4,0.6,10
CHEMBL239,4,0.3,4.0,10,weighted_bh,10,10,0.0,9
CHEMBL239,4,0.3,4.0,50,meta_calibration,50,31,0.38,50
CHEMBL239,4,0.3,4.0,50,chemdeprc_cap1,50,29,0.42,50
CHEMBL239,4,0.3,4.0,50,minp_block_bh_cap1,50,30,0.4,50
CHEMBL239,4,0.3,4.0,50,score_cap1,50,29,0.42,50
CHEMBL239,4,0.3,4.0,50,weighted_bh,50,21,0.58,29
CHEMBL239,4,0.3,4.0,75,meta_calibration,75,43,0.4266666666666667,75
CHEMBL239,4,0.3,4.0,75,chemdeprc_cap1,75,42,0.44,75
CHEMBL239,4,0.3,4.0,75,minp_block_bh_cap1,75,42,0.44,75
CHEMBL239,4,0.3,4.0,75,score_cap1,75,42,0.44,75
CHEMBL239,4,0.3,4.0,75,weighted_bh,75,27,0.64,37
CHEMBL239,4,0.3,6.0,10,meta_calibration,10,10,0.0,10
CHEMBL239,4,0.3,6.0,10,chemdeprc_cap1,10,2,0.8,10
CHEMBL239,4,0.3,6.0,10,minp_block_bh_cap1,10,9,0.1,10
CHEMBL239,4,0.3,6.0,10,score_cap1,10,0,1.0,10
CHEMBL239,4,0.3,6.0,10,weighted_bh,10,8,0.2,8
CHEMBL239,4,0.3,6.0,50,meta_calibration,50,36,0.28,50
CHEMBL239,4,0.3,6.0,50,chemdeprc_cap1,50,29,0.42,50
CHEMBL239,4,0.3,6.0,50,minp_block_bh_cap1,50,30,0.4,50
CHEMBL239,4,0.3,6.0,50,score_cap1,50,29,0.42,50
CHEMBL239,4,0.3,6.0,50,weighted_bh,50,20,0.6,27
CHEMBL239,4,0.3,6.0,75,meta_calibration,75,46,0.38666666666666666,75
CHEMBL239,4,0.3,6.0,75,chemdeprc_cap1,75,42,0.44,75
CHEMBL239,4,0.3,6.0,75,minp_block_bh_cap1,75,42,0.44,75
CHEMBL239,4,0.3,6.0,75,score_cap1,75,42,0.44,75
CHEMBL239,4,0.3,6.0,75,weighted_bh,75,24,0.68,34
CHEMBL239,5,0.2,4.0,10,meta_calibration,10,10,0.0,10
CHEMBL239,5,0.2,4.0,10,chemdeprc_cap1,10,6,0.4,10
CHEMBL239,5,0.2,4.0,10,minp_block_bh_cap1,10,10,0.0,10
CHEMBL239,5,0.2,4.0,10,score_cap1,10,3,0.7,10
CHEMBL239,5,0.2,4.0,10,weighted_bh,10,10,0.0,9
CHEMBL239,5,0.2,4.0,50,meta_calibration,50,36,0.28,50
CHEMBL239,5,0.2,4.0,50,chemdeprc_cap1,50,32,0.36,50
CHEMBL239,5,0.2,4.0,50,minp_block_bh_cap1,50,31,0.38,50
CHEMBL239,5,0.2,4.0,50,score_cap1,50,32,0.36,50
CHEMBL239,5,0.2,4.0,50,weighted_bh,50,20,0.6,26
CHEMBL239,5,0.2,4.0,75,meta_calibration,75,45,0.4,75
CHEMBL239,5,0.2,4.0,75,chemdeprc_cap1,75,44,0.41333333333333333,75
CHEMBL239,5,0.2,4.0,75,minp_block_bh_cap1,75,43,0.4266666666666667,75
CHEMBL239,5,0.2,4.0,75,score_cap1,75,44,0.41333333333333333,75
CHEMBL239,5,0.2,4.0,75,weighted_bh,75,27,0.64,36
CHEMBL239,5,0.2,6.0,10,meta_calibration,10,10,0.0,10
CHEMBL239,5,0.2,6.0,10,chemdeprc_cap1,10,3,0.7,10
CHEMBL239,5,0.2,6.0,10,minp_block_bh_cap1,10,10,0.0,10
CHEMBL239,5,0.2,6.0,10,score_cap1,10,3,0.7,10
CHEMBL239,5,0.2,6.0,10,weighted_bh,10,10,0.0,9
CHEMBL239,5,0.2,6.0,50,meta_calibration,50,36,0.28,50
CHEMBL239,5,0.2,6.0,50,chemdeprc_cap1,50,32,0.36,50
CHEMBL239,5,0.2,6.0,50,minp_block_bh_cap1,50,31,0.38,50
CHEMBL239,5,0.2,6.0,50,score_cap1,50,32,0.36,50
CHEMBL239,5,0.2,6.0,50,weighted_bh,50,20,0.6,25
CHEMBL239,5,0.2,6.0,75,meta_calibration,75,45,0.4,75
CHEMBL239,5,0.2,6.0,75,chemdeprc_cap1,75,44,0.41333333333333333,75
CHEMBL239,5,0.2,6.0,75,minp_block_bh_cap1,75,43,0.4266666666666667,75
CHEMBL239,5,0.2,6.0,75,score_cap1,75,44,0.41333333333333333,75
CHEMBL239,5,0.2,6.0,75,weighted_bh,75,26,0.6533333333333333,34
CHEMBL239,5,0.3,4.0,10,meta_calibration,10,9,0.1,10
CHEMBL239,5,0.3,4.0,10,chemdeprc_cap1,10,6,0.4,10
CHEMBL239,5,0.3,4.0,10,minp_block_bh_cap1,10,9,0.1,10
CHEMBL239,5,0.3,4.0,10,score_cap1,10,4,0.6,10
CHEMBL239,5,0.3,4.0,10,weighted_bh,10,8,0.2,8
CHEMBL239,5,0.3,4.0,50,meta_calibration,50,30,0.4,50
CHEMBL239,5,0.3,4.0,50,chemdeprc_cap1,50,29,0.42,50
CHEMBL239,5,0.3,4.0,50,minp_block_bh_cap1,50,30,0.4,50
CHEMBL239,5,0.3,4.0,50,score_cap1,50,29,0.42,50
CHEMBL239,5,0.3,4.0,50,weighted_bh,50,23,0.54,34
CHEMBL239,5,0.3,4.0,75,meta_calibration,75,42,0.44,75
CHEMBL239,5,0.3,4.0,75,chemdeprc_cap1,75,43,0.4266666666666667,75
CHEMBL239,5,0.3,4.0,75,minp_block_bh_cap1,75,42,0.44,75
CHEMBL239,5,0.3,4.0,75,score_cap1,75,42,0.44,75
CHEMBL239,5,0.3,4.0,75,weighted_bh,75,30,0.6,41
CHEMBL239,5,0.3,6.0,10,meta_calibration,10,10,0.0,10
CHEMBL239,5,0.3,6.0,10,chemdeprc_cap1,10,2,0.8,10
CHEMBL239,5,0.3,6.0,10,minp_block_bh_cap1,10,8,0.2,10
CHEMBL239,5,0.3,6.0,10,score_cap1,10,2,0.8,10
CHEMBL239,5,0.3,6.0,10,weighted_bh,10,6,0.4,8
CHEMBL239,5,0.3,6.0,50,meta_calibration,50,34,0.32,50
CHEMBL239,5,0.3,6.0,50,chemdeprc_cap1,50,29,0.42,50
CHEMBL239,5,0.3,6.0,50,minp_block_bh_cap1,50,30,0.4,50
CHEMBL239,5,0.3,6.0,50,score_cap1,50,29,0.42,50
CHEMBL239,5,0.3,6.0,50,weighted_bh,50,21,0.58,29
CHEMBL239,5,0.3,6.0,75,meta_calibration,75,44,0.41333333333333333,75
CHEMBL239,5,0.3,6.0,75,chemdeprc_cap1,75,43,0.4266666666666667,75
CHEMBL239,5,0.3,6.0,75,minp_block_bh_cap1,75,42,0.44,75
CHEMBL239,5,0.3,6.0,75,score_cap1,75,42,0.44,75
CHEMBL239,5,0.3,6.0,75,weighted_bh,75,27,0.64,39
CHEMBL239,6,0.2,4.0,10,meta_calibration,10,10,0.0,10
CHEMBL239,6,0.2,4.0,10,chemdeprc_cap1,10,6,0.4,10
CHEMBL239,6,0.2,4.0,10,minp_block_bh_cap1,10,9,0.1,10
CHEMBL239,6,0.2,4.0,10,score_cap1,10,6,0.4,10
CHEMBL239,6,0.2,4.0,10,weighted_bh,10,8,0.2,8
CHEMBL239,6,0.2,4.0,50,meta_calibration,50,32,0.36,50
CHEMBL239,6,0.2,4.0,50,chemdeprc_cap1,50,32,0.36,50
CHEMBL239,6,0.2,4.0,50,minp_block_bh_cap1,50,31,0.38,50
CHEMBL239,6,0.2,4.0,50,score_cap1,50,32,0.36,50
CHEMBL239,6,0.2,4.0,50,weighted_bh,50,21,0.58,30
CHEMBL239,6,0.2,4.0,75,meta_calibration,75,43,0.4266666666666667,75
CHEMBL239,6,0.2,4.0,75,chemdeprc_cap1,75,44,0.41333333333333333,75
CHEMBL239,6,0.2,4.0,75,minp_block_bh_cap1,75,43,0.4266666666666667,75
CHEMBL239,6,0.2,4.0,75,score_cap1,75,43,0.4266666666666667,75
CHEMBL239,6,0.2,4.0,75,weighted_bh,75,30,0.6,39
CHEMBL239,6,0.2,6.0,10,meta_calibration,10,10,0.0,10
CHEMBL239,6,0.2,6.0,10,chemdeprc_cap1,10,5,0.5,10
CHEMBL239,6,0.2,6.0,10,minp_block_bh_cap1,10,8,0.2,10
CHEMBL239,6,0.2,6.0,10,score_cap1,10,3,0.7,10
CHEMBL239,6,0.2,6.0,10,weighted_bh,10,6,0.4,8
CHEMBL239,6,0.2,6.0,50,meta_calibration,50,35,0.3,50
CHEMBL239,6,0.2,6.0,50,chemdeprc_cap1,50,32,0.36,50
CHEMBL239,6,0.2,6.0,50,minp_block_bh_cap1,50,31,0.38,50
CHEMBL239,6,0.2,6.0,50,score_cap1,50,32,0.36,50
CHEMBL239,6,0.2,6.0,50,weighted_bh,50,20,0.6,26
CHEMBL239,6,0.2,6.0,75,meta_calibration,75,46,0.38666666666666666,75
CHEMBL239,6,0.2,6.0,75,chemdeprc_cap1,75,44,0.41333333333333333,75
CHEMBL239,6,0.2,6.0,75,minp_block_bh_cap1,75,43,0.4266666666666667,75
CHEMBL239,6,0.2,6.0,75,score_cap1,75,43,0.4266666666666667,75
CHEMBL239,6,0.2,6.0,75,weighted_bh,75,27,0.64,36
CHEMBL239,6,0.3,4.0,10,meta_calibration,10,9,0.1,10
CHEMBL239,6,0.3,4.0,10,chemdeprc_cap1,10,6,0.4,10
CHEMBL239,6,0.3,4.0,10,minp_block_bh_cap1,10,10,0.0,10
CHEMBL239,6,0.3,4.0,10,score_cap1,10,3,0.7,10
CHEMBL239,6,0.3,4.0,10,weighted_bh,10,10,0.0,9
CHEMBL239,6,0.3,4.0,50,meta_calibration,50,31,0.38,50
CHEMBL239,6,0.3,4.0,50,chemdeprc_cap1,50,30,0.4,50
CHEMBL239,6,0.3,4.0,50,minp_block_bh_cap1,50,30,0.4,50
CHEMBL239,6,0.3,4.0,50,score_cap1,50,30,0.4,50
CHEMBL239,6,0.3,4.0,50,weighted_bh,50,21,0.58,29
CHEMBL239,6,0.3,4.0,75,meta_calibration,75,44,0.41333333333333333,75
CHEMBL239,6,0.3,4.0,75,chemdeprc_cap1,75,43,0.4266666666666667,75
CHEMBL239,6,0.3,4.0,75,minp_block_bh_cap1,75,43,0.4266666666666667,75
CHEMBL239,6,0.3,4.0,75,score_cap1,75,42,0.44,75
CHEMBL239,6,0.3,4.0,75,weighted_bh,75,27,0.64,37
CHEMBL239,6,0.3,6.0,10,meta_calibration,10,10,0.0,10
CHEMBL239,6,0.3,6.0,10,chemdeprc_cap1,10,2,0.8,10
CHEMBL239,6,0.3,6.0,10,minp_block_bh_cap1,10,9,0.1,10
CHEMBL239,6,0.3,6.0,10,score_cap1,10,0,1.0,10
CHEMBL239,6,0.3,6.0,10,weighted_bh,10,8,0.2,8
CHEMBL239,6,0.3,6.0,50,meta_calibration,50,36,0.28,50
CHEMBL239,6,0.3,6.0,50,chemdeprc_cap1,50,30,0.4,50
CHEMBL239,6,0.3,6.0,50,minp_block_bh_cap1,50,30,0.4,50
CHEMBL239,6,0.3,6.0,50,score_cap1,50,30,0.4,50
CHEMBL239,6,0.3,6.0,50,weighted_bh,50,18,0.64,23
CHEMBL239,6,0.3,6.0,75,meta_calibration,75,46,0.38666666666666666,75
CHEMBL239,6,0.3,6.0,75,chemdeprc_cap1,75,43,0.4266666666666667,75
CHEMBL239,6,0.3,6.0,75,minp_block_bh_cap1,75,43,0.4266666666666667,75
CHEMBL239,6,0.3,6.0,75,score_cap1,75,42,0.44,75
CHEMBL239,6,0.3,6.0,75,weighted_bh,75,22,0.7066666666666667,33
CHEMBL239,7,0.2,4.0,10,meta_calibration,10,10,0.0,10
CHEMBL239,7,0.2,4.0,10,chemdeprc_cap1,10,6,0.4,10
CHEMBL239,7,0.2,4.0,10,minp_block_bh_cap1,10,10,0.0,10
CHEMBL239,7,0.2,4.0,10,score_cap1,10,5,0.5,10
CHEMBL239,7,0.2,4.0,10,weighted_bh,10,10,0.0,9
CHEMBL239,7,0.2,4.0,50,meta_calibration,50,33,0.34,50
CHEMBL239,7,0.2,4.0,50,chemdeprc_cap1,50,31,0.38,50
CHEMBL239,7,0.2,4.0,50,minp_block_bh_cap1,50,31,0.38,50
CHEMBL239,7,0.2,4.0,50,score_cap1,50,31,0.38,50
CHEMBL239,7,0.2,4.0,50,weighted_bh,50,23,0.54,32
CHEMBL239,7,0.2,4.0,75,meta_calibration,75,44,0.41333333333333333,75
CHEMBL239,7,0.2,4.0,75,chemdeprc_cap1,75,44,0.41333333333333333,75
CHEMBL239,7,0.2,4.0,75,minp_block_bh_cap1,75,43,0.4266666666666667,75
CHEMBL239,7,0.2,4.0,75,score_cap1,75,42,0.44,75
CHEMBL239,7,0.2,4.0,75,weighted_bh,75,30,0.6,39
CHEMBL239,7,0.2,6.0,10,meta_calibration,10,10,0.0,10
CHEMBL239,7,0.2,6.0,10,chemdeprc_cap1,10,4,0.6,10
CHEMBL239,7,0.2,6.0,10,minp_block_bh_cap1,10,8,0.2,10
CHEMBL239,7,0.2,6.0,10,score_cap1,10,3,0.7,10
CHEMBL239,7,0.2,6.0,10,weighted_bh,10,6,0.4,8
CHEMBL239,7,0.2,6.0,50,meta_calibration,50,36,0.28,50
CHEMBL239,7,0.2,6.0,50,chemdeprc_cap1,50,31,0.38,50
CHEMBL239,7,0.2,6.0,50,minp_block_bh_cap1,50,31,0.38,50
CHEMBL239,7,0.2,6.0,50,score_cap1,50,31,0.38,50
CHEMBL239,7,0.2,6.0,50,weighted_bh,50,21,0.58,27
CHEMBL239,7,0.2,6.0,75,meta_calibration,75,46,0.38666666666666666,75
CHEMBL239,7,0.2,6.0,75,chemdeprc_cap1,75,44,0.41333333333333333,75
CHEMBL239,7,0.2,6.0,75,minp_block_bh_cap1,75,43,0.4266666666666667,75
CHEMBL239,7,0.2,6.0,75,score_cap1,75,42,0.44,75
CHEMBL239,7,0.2,6.0,75,weighted_bh,75,30,0.6,39
CHEMBL239,7,0.3,4.0,10,meta_calibration,10,10,0.0,10
CHEMBL239,7,0.3,4.0,10,chemdeprc_cap1,10,6,0.4,10
CHEMBL239,7,0.3,4.0,10,minp_block_bh_cap1,10,10,0.0,10
CHEMBL239,7,0.3,4.0,10,score_cap1,10,2,0.8,10
CHEMBL239,7,0.3,4.0,10,weighted_bh,10,10,0.0,9
CHEMBL239,7,0.3,4.0,50,meta_calibration,50,34,0.32,50
CHEMBL239,7,0.3,4.0,50,chemdeprc_cap1,50,30,0.4,50
CHEMBL239,7,0.3,4.0,50,minp_block_bh_cap1,50,30,0.4,50
CHEMBL239,7,0.3,4.0,50,score_cap1,50,29,0.42,50
CHEMBL239,7,0.3,4.0,50,weighted_bh,50,20,0.6,26
CHEMBL239,7,0.3,4.0,75,meta_calibration,75,45,0.4,75
CHEMBL239,7,0.3,4.0,75,chemdeprc_cap1,75,42,0.44,75
CHEMBL239,7,0.3,4.0,75,minp_block_bh_cap1,75,42,0.44,75
CHEMBL239,7,0.3,4.0,75,score_cap1,75,42,0.44,75
CHEMBL239,7,0.3,4.0,75,weighted_bh,75,23,0.6933333333333334,33
CHEMBL239,7,0.3,6.0,10,meta_calibration,10,10,0.0,10
CHEMBL239,7,0.3,6.0,10,chemdeprc_cap1,10,3,0.7,10
CHEMBL239,7,0.3,6.0,10,minp_block_bh_cap1,10,10,0.0,10
CHEMBL239,7,0.3,6.0,10,score_cap1,10,0,1.0,10
CHEMBL239,7,0.3,6.0,10,weighted_bh,10,10,0.0,9
CHEMBL239,7,0.3,6.0,50,meta_calibration,50,37,0.26,50
CHEMBL239,7,0.3,6.0,50,chemdeprc_cap1,50,30,0.4,50
CHEMBL239,7,0.3,6.0,50,minp_block_bh_cap1,50,30,0.4,50
CHEMBL239,7,0.3,6.0,50,score_cap1,50,29,0.42,50
CHEMBL239,7,0.3,6.0,50,weighted_bh,50,19,0.62,24
CHEMBL239,7,0.3,6.0,75,meta_calibration,75,46,0.38666666666666666,75
CHEMBL239,7,0.3,6.0,75,chemdeprc_cap1,75,42,0.44,75
CHEMBL239,7,0.3,6.0,75,minp_block_bh_cap1,75,42,0.44,75
CHEMBL239,7,0.3,6.0,75,score_cap1,75,42,0.44,75
CHEMBL239,7,0.3,6.0,75,weighted_bh,75,22,0.7066666666666667,33
CHEMBL239,8,0.2,4.0,10,meta_calibration,10,10,0.0,10
CHEMBL239,8,0.2,4.0,10,chemdeprc_cap1,10,6,0.4,10
CHEMBL239,8,0.2,4.0,10,minp_block_bh_cap1,10,10,0.0,10
CHEMBL239,8,0.2,4.0,10,score_cap1,10,5,0.5,10
CHEMBL239,8,0.2,4.0,10,weighted_bh,10,10,0.0,9
CHEMBL239,8,0.2,4.0,50,meta_calibration,50,32,0.36,50
CHEMBL239,8,0.2,4.0,50,chemdeprc_cap1,50,31,0.38,50
CHEMBL239,8,0.2,4.0,50,minp_block_bh_cap1,50,31,0.38,50
CHEMBL239,8,0.2,4.0,50,score_cap1,50,31,0.38,50
CHEMBL239,8,0.2,4.0,50,weighted_bh,50,21,0.58,28
CHEMBL239,8,0.2,4.0,75,meta_calibration,75,43,0.4266666666666667,75
CHEMBL239,8,0.2,4.0,75,chemdeprc_cap1,75,44,0.41333333333333333,75
CHEMBL239,8,0.2,4.0,75,minp_block_bh_cap1,75,43,0.4266666666666667,75
CHEMBL239,8,0.2,4.0,75,score_cap1,75,43,0.4266666666666667,75
CHEMBL239,8,0.2,4.0,75,weighted_bh,75,29,0.6133333333333333,37
CHEMBL239,8,0.2,6.0,10,meta_calibration,10,10,0.0,10
CHEMBL239,8,0.2,6.0,10,chemdeprc_cap1,10,4,0.6,10
CHEMBL239,8,0.2,6.0,10,minp_block_bh_cap1,10,10,0.0,10
CHEMBL239,8,0.2,6.0,10,score_cap1,10,3,0.7,10
CHEMBL239,8,0.2,6.0,10,weighted_bh,10,10,0.0,9
CHEMBL239,8,0.2,6.0,50,meta_calibration,50,35,0.3,50
CHEMBL239,8,0.2,6.0,50,chemdeprc_cap1,50,31,0.38,50
CHEMBL239,8,0.2,6.0,50,minp_block_bh_cap1,50,31,0.38,50
CHEMBL239,8,0.2,6.0,50,score_cap1,50,31,0.38,50
CHEMBL239,8,0.2,6.0,50,weighted_bh,50,19,0.62,23
CHEMBL239,8,0.2,6.0,75,meta_calibration,75,45,0.4,75
CHEMBL239,8,0.2,6.0,75,chemdeprc_cap1,75,44,0.41333333333333333,75
CHEMBL239,8,0.2,6.0,75,minp_block_bh_cap1,75,43,0.4266666666666667,75
CHEMBL239,8,0.2,6.0,75,score_cap1,75,43,0.4266666666666667,75
CHEMBL239,8,0.2,6.0,75,weighted_bh,75,22,0.7066666666666667,32
CHEMBL239,8,0.3,4.0,10,meta_calibration,10,10,0.0,10
CHEMBL239,8,0.3,4.0,10,chemdeprc_cap1,10,6,0.4,10
CHEMBL239,8,0.3,4.0,10,minp_block_bh_cap1,10,10,0.0,10
CHEMBL239,8,0.3,4.0,10,score_cap1,10,4,0.6,10
CHEMBL239,8,0.3,4.0,10,weighted_bh,10,10,0.0,9
CHEMBL239,8,0.3,4.0,50,meta_calibration,50,31,0.38,50
CHEMBL239,8,0.3,4.0,50,chemdeprc_cap1,50,29,0.42,50
CHEMBL239,8,0.3,4.0,50,minp_block_bh_cap1,50,30,0.4,50
CHEMBL239,8,0.3,4.0,50,score_cap1,50,29,0.42,50
CHEMBL239,8,0.3,4.0,50,weighted_bh,50,21,0.58,28
CHEMBL239,8,0.3,4.0,75,meta_calibration,75,43,0.4266666666666667,75
CHEMBL239,8,0.3,4.0,75,chemdeprc_cap1,75,42,0.44,75
CHEMBL239,8,0.3,4.0,75,minp_block_bh_cap1,75,42,0.44,75
CHEMBL239,8,0.3,4.0,75,score_cap1,75,41,0.4533333333333333,75
CHEMBL239,8,0.3,4.0,75,weighted_bh,75,27,0.64,36
CHEMBL239,8,0.3,6.0,10,meta_calibration,10,10,0.0,10
CHEMBL239,8,0.3,6.0,10,chemdeprc_cap1,10,4,0.6,10
CHEMBL239,8,0.3,6.0,10,minp_block_bh_cap1,10,10,0.0,10
CHEMBL239,8,0.3,6.0,10,score_cap1,10,1,0.9,10
CHEMBL239,8,0.3,6.0,10,weighted_bh,10,10,0.0,9
CHEMBL239,8,0.3,6.0,50,meta_calibration,50,34,0.32,50
CHEMBL239,8,0.3,6.0,50,chemdeprc_cap1,50,29,0.42,50
CHEMBL239,8,0.3,6.0,50,minp_block_bh_cap1,50,30,0.4,50
CHEMBL239,8,0.3,6.0,50,score_cap1,50,29,0.42,50
CHEMBL239,8,0.3,6.0,50,weighted_bh,50,19,0.62,25
CHEMBL239,8,0.3,6.0,75,meta_calibration,75,45,0.4,75
CHEMBL239,8,0.3,6.0,75,chemdeprc_cap1,75,42,0.44,75
CHEMBL239,8,0.3,6.0,75,minp_block_bh_cap1,75,42,0.44,75
CHEMBL239,8,0.3,6.0,75,score_cap1,75,41,0.4533333333333333,75
CHEMBL239,8,0.3,6.0,75,weighted_bh,75,24,0.68,34
CHEMBL239,9,0.2,4.0,10,meta_calibration,10,10,0.0,10
CHEMBL239,9,0.2,4.0,10,chemdeprc_cap1,10,6,0.4,10
CHEMBL239,9,0.2,4.0,10,minp_block_bh_cap1,10,10,0.0,10
CHEMBL239,9,0.2,4.0,10,score_cap1,10,5,0.5,10
CHEMBL239,9,0.2,4.0,10,weighted_bh,10,10,0.0,9
CHEMBL239,9,0.2,4.0,50,meta_calibration,50,31,0.38,50
CHEMBL239,9,0.2,4.0,50,chemdeprc_cap1,50,32,0.36,50
CHEMBL239,9,0.2,4.0,50,minp_block_bh_cap1,50,31,0.38,50
CHEMBL239,9,0.2,4.0,50,score_cap1,50,31,0.38,50
CHEMBL239,9,0.2,4.0,50,weighted_bh,50,21,0.58,28
CHEMBL239,9,0.2,4.0,75,meta_calibration,75,44,0.41333333333333333,75
CHEMBL239,9,0.2,4.0,75,chemdeprc_cap1,75,44,0.41333333333333333,75
CHEMBL239,9,0.2,4.0,75,minp_block_bh_cap1,75,43,0.4266666666666667,75
CHEMBL239,9,0.2,4.0,75,score_cap1,75,42,0.44,75
CHEMBL239,9,0.2,4.0,75,weighted_bh,75,27,0.64,35
CHEMBL239,9,0.2,6.0,10,meta_calibration,10,10,0.0,10
CHEMBL239,9,0.2,6.0,10,chemdeprc_cap1,10,5,0.5,10
CHEMBL239,9,0.2,6.0,10,minp_block_bh_cap1,10,9,0.1,10
CHEMBL239,9,0.2,6.0,10,score_cap1,10,3,0.7,10
CHEMBL239,9,0.2,6.0,10,weighted_bh,10,8,0.2,8
CHEMBL239,9,0.2,6.0,50,meta_calibration,50,34,0.32,50
CHEMBL239,9,0.2,6.0,50,chemdeprc_cap1,50,32,0.36,50
CHEMBL239,9,0.2,6.0,50,minp_block_bh_cap1,50,31,0.38,50
CHEMBL239,9,0.2,6.0,50,score_cap1,50,31,0.38,50
CHEMBL239,9,0.2,6.0,50,weighted_bh,50,20,0.6,25
CHEMBL239,9,0.2,6.0,75,meta_calibration,75,46,0.38666666666666666,75
CHEMBL239,9,0.2,6.0,75,chemdeprc_cap1,75,44,0.41333333333333333,75
CHEMBL239,9,0.2,6.0,75,minp_block_bh_cap1,75,43,0.4266666666666667,75
CHEMBL239,9,0.2,6.0,75,score_cap1,75,42,0.44,75
CHEMBL239,9,0.2,6.0,75,weighted_bh,75,26,0.6533333333333333,34
CHEMBL239,9,0.3,4.0,10,meta_calibration,10,9,0.1,10
CHEMBL239,9,0.3,4.0,10,chemdeprc_cap1,10,6,0.4,10
CHEMBL239,9,0.3,4.0,10,minp_block_bh_cap1,10,10,0.0,10
CHEMBL239,9,0.3,4.0,10,score_cap1,10,3,0.7,10
CHEMBL239,9,0.3,4.0,10,weighted_bh,10,10,0.0,9
CHEMBL239,9,0.3,4.0,50,meta_calibration,50,32,0.36,50
CHEMBL239,9,0.3,4.0,50,chemdeprc_cap1,50,30,0.4,50
CHEMBL239,9,0.3,4.0,50,minp_block_bh_cap1,50,30,0.4,50
CHEMBL239,9,0.3,4.0,50,score_cap1,50,30,0.4,50
CHEMBL239,9,0.3,4.0,50,weighted_bh,50,21,0.58,29
CHEMBL239,9,0.3,4.0,75,meta_calibration,75,43,0.4266666666666667,75
CHEMBL239,9,0.3,4.0,75,chemdeprc_cap1,75,43,0.4266666666666667,75
CHEMBL239,9,0.3,4.0,75,minp_block_bh_cap1,75,43,0.4266666666666667,75
CHEMBL239,9,0.3,4.0,75,score_cap1,75,43,0.4266666666666667,75
CHEMBL239,9,0.3,4.0,75,weighted_bh,75,27,0.64,38
CHEMBL239,9,0.3,6.0,10,meta_calibration,10,10,0.0,10
CHEMBL239,9,0.3,6.0,10,chemdeprc_cap1,10,2,0.8,10
CHEMBL239,9,0.3,6.0,10,minp_block_bh_cap1,10,10,0.0,10
CHEMBL239,9,0.3,6.0,10,score_cap1,10,1,0.9,10
CHEMBL239,9,0.3,6.0,10,weighted_bh,10,10,0.0,9
CHEMBL239,9,0.3,6.0,50,meta_calibration,50,37,0.26,50
CHEMBL239,9,0.3,6.0,50,chemdeprc_cap1,50,30,0.4,50
CHEMBL239,9,0.3,6.0,50,minp_block_bh_cap1,50,30,0.4,50
CHEMBL239,9,0.3,6.0,50,score_cap1,50,30,0.4,50
CHEMBL239,9,0.3,6.0,50,weighted_bh,50,17,0.66,24
CHEMBL239,9,0.3,6.0,75,meta_calibration,75,46,0.38666666666666666,75
CHEMBL239,9,0.3,6.0,75,chemdeprc_cap1,75,43,0.4266666666666667,75
CHEMBL239,9,0.3,6.0,75,minp_block_bh_cap1,75,43,0.4266666666666667,75
CHEMBL239,9,0.3,6.0,75,score_cap1,75,43,0.4266666666666667,75
CHEMBL239,9,0.3,6.0,75,weighted_bh,75,27,0.64,38
