source,target,scorer_seed,rep,fraction,boost,scorecap_hits,chemdep_hits,delta_hits,changed_compounds,changed_scaffolds,within_scaffold_replacements,added_true_hits,removed_true_hits,added_original_score,removed_original_score
eighth_synthetic,CHEMBL1824,35801,0,0.2,4.0,48,49,1,15,15,0,14,13,0.9129529620000001,0.9718048687160082
eighth_synthetic,CHEMBL1824,35801,0,0.2,6.0,46,49,3,16,16,0,15,12,0.91427560375,0.975462761547036
eighth_synthetic,CHEMBL1824,35801,0,0.3,4.0,49,49,0,14,14,0,13,13,0.9115178700000001,0.9720191127011981
eighth_synthetic,CHEMBL1824,35801,0,0.3,6.0,46,49,3,16,16,0,15,12,0.91427560375,0.9745165573595458
eighth_synthetic,CHEMBL1824,35801,1,0.2,4.0,49,49,0,14,14,0,13,13,0.9115178700000001,0.9717030884682617
eighth_synthetic,CHEMBL1824,35801,1,0.2,6.0,46,48,2,16,15,1,14,12,0.9208260680801088,0.9746406292998093
eighth_synthetic,CHEMBL1824,35801,1,0.3,4.0,48,49,1,15,15,0,14,13,0.9129529620000001,0.9695920833156211
eighth_synthetic,CHEMBL1824,35801,1,0.3,6.0,45,49,4,17,17,0,16,12,0.9155144888235295,0.975472791725374
eighth_synthetic,CHEMBL1824,35801,2,0.2,4.0,50,49,-1,13,13,0,12,13,0.9099431523076925,0.9703374046153848
eighth_synthetic,CHEMBL1824,35801,2,0.2,6.0,46,48,2,16,15,1,14,12,0.9208260680801088,0.9735369605507815
eighth_synthetic,CHEMBL1824,35801,2,0.3,4.0,47,49,2,15,15,0,14,12,0.9129529620000001,0.9762302027272451
eighth_synthetic,CHEMBL1824,35801,2,0.3,6.0,44,49,5,18,18,0,17,12,0.9166224422222222,0.9771078725107019
eighth_synthetic,CHEMBL1824,35801,3,0.2,4.0,48,49,1,15,15,0,14,13,0.9129529620000001,0.9679203589893929
eighth_synthetic,CHEMBL1824,35801,3,0.2,6.0,47,49,2,15,15,0,14,12,0.9129529620000001,0.9765255367164699
eighth_synthetic,CHEMBL1824,35801,3,0.3,4.0,48,49,1,15,15,0,14,13,0.9129529620000001,0.97300048196185
eighth_synthetic,CHEMBL1824,35801,3,0.3,6.0,46,49,3,16,16,0,15,12,0.91427560375,0.9756204704976037
eighth_synthetic,CHEMBL1824,35801,4,0.2,4.0,48,49,1,15,15,0,14,13,0.9129529620000001,0.9718048687160082
eighth_synthetic,CHEMBL1824,35801,4,0.2,6.0,47,49,2,15,15,0,14,12,0.9129529620000001,0.9770852020844922
eighth_synthetic,CHEMBL1824,35801,4,0.3,4.0,47,49,2,15,15,0,14,12,0.9129529620000001,0.9750345894814034
eighth_synthetic,CHEMBL1824,35801,4,0.3,6.0,44,48,4,18,17,1,16,12,0.9224450771823189,0.9771117224967862
eighth_synthetic,CHEMBL1824,35801,5,0.2,4.0,48,49,1,15,15,0,14,13,0.9129529620000001,0.9726686326198468
eighth_synthetic,CHEMBL1824,35801,5,0.2,6.0,47,49,2,15,15,0,14,12,0.9129529620000001,0.9772072651983488
eighth_synthetic,CHEMBL1824,35801,5,0.3,4.0,49,49,0,14,14,0,13,13,0.9115178700000001,0.9717030884682617
eighth_synthetic,CHEMBL1824,35801,5,0.3,6.0,46,49,3,16,16,0,15,12,0.91427560375,0.9744785891148967
eighth_synthetic,CHEMBL1824,35801,6,0.2,4.0,49,49,0,14,14,0,13,13,0.9115178700000001,0.9678571379941102
eighth_synthetic,CHEMBL1824,35801,6,0.2,6.0,47,49,2,15,15,0,14,12,0.9129529620000001,0.9735565303647175
eighth_synthetic,CHEMBL1824,35801,6,0.3,4.0,49,49,0,14,14,0,13,13,0.9115178700000001,0.9720191127011981
eighth_synthetic,CHEMBL1824,35801,6,0.3,6.0,46,48,2,16,15,1,14,12,0.9208260680801088,0.9747112369065328
eighth_synthetic,CHEMBL1824,35801,7,0.2,4.0,49,49,0,14,14,0,13,13,0.9115178700000001,0.9720191127011981
eighth_synthetic,CHEMBL1824,35801,7,0.2,6.0,48,48,0,15,14,1,13,13,0.9199401239521161,0.9731365170171793
eighth_synthetic,CHEMBL1824,35801,7,0.3,4.0,49,49,0,14,14,0,13,13,0.9115178700000001,0.9720191127011981
eighth_synthetic,CHEMBL1824,35801,7,0.3,6.0,46,49,3,16,16,0,15,12,0.91427560375,0.9763828350346964
eighth_synthetic,CHEMBL1824,35801,8,0.2,4.0,49,49,0,14,14,0,13,13,0.9115178700000001,0.9699610162176243
eighth_synthetic,CHEMBL1824,35801,8,0.2,6.0,47,49,2,15,15,0,14,12,0.9129529620000001,0.9738562345664246
eighth_synthetic,CHEMBL1824,35801,8,0.3,4.0,48,49,1,15,15,0,14,13,0.9129529620000001,0.9718048687160082
eighth_synthetic,CHEMBL1824,35801,8,0.3,6.0,45,48,3,17,16,1,15,12,0.9216796317224555,0.97768666674272
eighth_synthetic,CHEMBL1824,35801,9,0.2,4.0,48,49,1,15,15,0,14,13,0.9129529620000001,0.9691159722352346
eighth_synthetic,CHEMBL1824,35801,9,0.2,6.0,46,49,3,16,16,0,15,12,0.91427560375,0.9769567327597664
eighth_synthetic,CHEMBL1824,35801,9,0.3,4.0,46,49,3,16,16,0,15,12,0.91427560375,0.9740108689789978
eighth_synthetic,CHEMBL1824,35801,9,0.3,6.0,45,49,4,17,17,0,16,12,0.9155144888235295,0.9792808665035634
eighth_synthetic,CHEMBL1825,35801,0,0.2,4.0,48,46,-2,18,12,6,16,18,0.9737078938888888,0.9926145283333333
eighth_synthetic,CHEMBL1825,35801,0,0.2,6.0,48,46,-2,18,12,6,16,18,0.9737078938888888,0.9926145283333333
eighth_synthetic,CHEMBL1825,35801,0,0.3,4.0,47,46,-1,18,12,6,16,17,0.9737078938888888,0.9932944286542281
eighth_synthetic,CHEMBL1825,35801,0,0.3,6.0,47,46,-1,18,12,6,16,17,0.9713232633333333,0.9933350557582842
eighth_synthetic,CHEMBL1825,35801,1,0.2,4.0,48,46,-2,18,12,6,16,18,0.9737078938888888,0.9926145283333333
eighth_synthetic,CHEMBL1825,35801,1,0.2,6.0,48,46,-2,18,12,6,16,18,0.9737078938888888,0.9926145283333333
eighth_synthetic,CHEMBL1825,35801,1,0.3,4.0,47,46,-1,18,12,6,16,17,0.9737078938888888,0.9932944286542281
eighth_synthetic,CHEMBL1825,35801,1,0.3,6.0,47,46,-1,18,12,6,16,17,0.9713232633333333,0.9933350557582842
eighth_synthetic,CHEMBL1825,35801,2,0.2,4.0,48,46,-2,18,12,6,16,18,0.9737078938888888,0.9926145283333333
eighth_synthetic,CHEMBL1825,35801,2,0.2,6.0,48,46,-2,18,12,6,16,18,0.9737078938888888,0.9926145283333333
eighth_synthetic,CHEMBL1825,35801,2,0.3,4.0,47,46,-1,18,12,6,16,17,0.9737078938888888,0.9932944286542281
eighth_synthetic,CHEMBL1825,35801,2,0.3,6.0,47,46,-1,18,12,6,16,17,0.9713232633333333,0.9933350557582842
eighth_synthetic,CHEMBL1825,35801,3,0.2,4.0,48,46,-2,18,12,6,16,18,0.9737078938888888,0.9926145283333333
eighth_synthetic,CHEMBL1825,35801,3,0.2,6.0,48,46,-2,18,12,6,16,18,0.9737078938888888,0.9926145283333333
eighth_synthetic,CHEMBL1825,35801,3,0.3,4.0,47,46,-1,18,12,6,16,17,0.9737078938888888,0.9932944286542281
eighth_synthetic,CHEMBL1825,35801,3,0.3,6.0,47,46,-1,18,12,6,16,17,0.9713232633333333,0.9933350557582842
eighth_synthetic,CHEMBL1825,35801,4,0.2,4.0,48,46,-2,18,12,6,16,18,0.9737078938888888,0.9926145283333333
eighth_synthetic,CHEMBL1825,35801,4,0.2,6.0,48,46,-2,18,12,6,16,18,0.9737078938888888,0.9926145283333333
eighth_synthetic,CHEMBL1825,35801,4,0.3,4.0,48,46,-2,18,12,6,16,18,0.9737078938888888,0.9926145283333333
eighth_synthetic,CHEMBL1825,35801,4,0.3,6.0,48,46,-2,18,12,6,16,18,0.9737078938888888,0.9926145283333333
eighth_synthetic,CHEMBL1825,35801,5,0.2,4.0,48,46,-2,18,12,6,16,18,0.9737078938888888,0.9926145283333333
eighth_synthetic,CHEMBL1825,35801,5,0.2,6.0,48,46,-2,18,12,6,16,18,0.9737078938888888,0.9926145283333333
eighth_synthetic,CHEMBL1825,35801,5,0.3,4.0,48,46,-2,18,12,6,16,18,0.9737078938888888,0.9926145283333333
eighth_synthetic,CHEMBL1825,35801,5,0.3,6.0,48,46,-2,18,12,6,16,18,0.9737078938888888,0.9926145283333333
eighth_synthetic,CHEMBL1825,35801,6,0.2,4.0,47,46,-1,18,12,6,16,17,0.9737078938888888,0.9932944286542281
eighth_synthetic,CHEMBL1825,35801,6,0.2,6.0,47,46,-1,18,12,6,16,17,0.9713232633333333,0.9933350557582842
eighth_synthetic,CHEMBL1825,35801,6,0.3,4.0,47,46,-1,18,12,6,16,17,0.9737078938888888,0.9932944286542281
eighth_synthetic,CHEMBL1825,35801,6,0.3,6.0,47,46,-1,18,12,6,16,17,0.9713232633333333,0.9933350557582842
eighth_synthetic,CHEMBL1825,35801,7,0.2,4.0,48,46,-2,18,12,6,16,18,0.9737078938888888,0.9926145283333333
eighth_synthetic,CHEMBL1825,35801,7,0.2,6.0,48,46,-2,18,12,6,16,18,0.9737078938888888,0.9926145283333333
eighth_synthetic,CHEMBL1825,35801,7,0.3,4.0,47,46,-1,18,12,6,16,17,0.9737078938888888,0.9932944286542281
eighth_synthetic,CHEMBL1825,35801,7,0.3,6.0,47,46,-1,18,12,6,16,17,0.9713232633333333,0.9933350557582842
eighth_synthetic,CHEMBL1825,35801,8,0.2,4.0,47,46,-1,18,12,6,16,17,0.9737078938888888,0.9932944286542281
eighth_synthetic,CHEMBL1825,35801,8,0.2,6.0,47,46,-1,18,12,6,16,17,0.9713232633333333,0.9933350557582842
eighth_synthetic,CHEMBL1825,35801,8,0.3,4.0,47,46,-1,18,12,6,16,17,0.9737078938888888,0.9932944286542281
eighth_synthetic,CHEMBL1825,35801,8,0.3,6.0,47,46,-1,18,12,6,16,17,0.9713232633333333,0.9933350557582842
eighth_synthetic,CHEMBL1825,35801,9,0.2,4.0,47,46,-1,18,12,6,16,17,0.9737078938888888,0.9932944286542281
eighth_synthetic,CHEMBL1825,35801,9,0.2,6.0,47,46,-1,18,12,6,16,17,0.9713232633333333,0.9933350557582842
eighth_synthetic,CHEMBL1825,35801,9,0.3,4.0,47,46,-1,18,12,6,16,17,0.9737078938888888,0.9932944286542281
eighth_synthetic,CHEMBL1825,35801,9,0.3,6.0,47,46,-1,18,12,6,16,17,0.9713232633333333,0.9933350557582842
eighth_synthetic,CHEMBL1827,35801,0,0.2,4.0,50,50,0,15,15,0,15,15,0.9457265093333334,0.9861373346666666
eighth_synthetic,CHEMBL1827,35801,0,0.2,6.0,48,50,2,17,17,0,17,15,0.9483841376470589,0.9858075583418002
eighth_synthetic,CHEMBL1827,35801,0,0.3,4.0,49,50,1,16,16,0,16,15,0.9471292275000001,0.9865701455410043
eighth_synthetic,CHEMBL1827,35801,0,0.3,6.0,47,50,3,18,18,0,18,15,0.9495046411111111,0.9864294550451189
eighth_synthetic,CHEMBL1827,35801,1,0.2,4.0,49,50,1,16,16,0,16,15,0.9471292275000001,0.9865701455410043
eighth_synthetic,CHEMBL1827,35801,1,0.2,6.0,47,50,3,18,18,0,18,15,0.9495046411111111,0.9872950122743559
eighth_synthetic,CHEMBL1827,35801,1,0.3,4.0,48,50,2,17,17,0,17,15,0.9483841376470589,0.9856646497440229
eighth_synthetic,CHEMBL1827,35801,1,0.3,6.0,46,50,4,19,19,0,19,15,0.9505149652631579,0.9876450521533823
eighth_synthetic,CHEMBL1827,35801,2,0.2,4.0,50,50,0,15,15,0,15,15,0.9457265093333334,0.9861373346666666
eighth_synthetic,CHEMBL1827,35801,2,0.2,6.0,48,50,2,17,17,0,17,15,0.9483841376470589,0.9858075583418002
eighth_synthetic,CHEMBL1827,35801,2,0.3,4.0,48,50,2,17,17,0,17,15,0.9483841376470589,0.9857834198696045
eighth_synthetic,CHEMBL1827,35801,2,0.3,6.0,46,50,4,19,19,0,19,15,0.9505149652631579,0.9863721712170592
eighth_synthetic,CHEMBL1827,35801,3,0.2,4.0,50,50,0,15,15,0,15,15,0.9457265093333334,0.9861373346666666
eighth_synthetic,CHEMBL1827,35801,3,0.2,6.0,47,50,3,18,18,0,18,15,0.9495046411111111,0.986009182141935
eighth_synthetic,CHEMBL1827,35801,3,0.3,4.0,49,50,1,16,16,0,16,15,0.9471292275000001,0.9865701455410043
eighth_synthetic,CHEMBL1827,35801,3,0.3,6.0,47,50,3,18,18,0,18,15,0.9495046411111111,0.987432271823187
eighth_synthetic,CHEMBL1827,35801,4,0.2,4.0,50,50,0,15,15,0,15,15,0.9457265093333334,0.9861373346666666
eighth_synthetic,CHEMBL1827,35801,4,0.2,6.0,47,50,3,18,18,0,18,15,0.9495046411111111,0.9858719225931039
eighth_synthetic,CHEMBL1827,35801,4,0.3,4.0,48,50,2,17,17,0,17,15,0.9483841376470589,0.9857834198696045
eighth_synthetic,CHEMBL1827,35801,4,0.3,6.0,46,50,4,19,19,0,19,15,0.9505149652631579,0.9870563310010848
eighth_synthetic,CHEMBL1827,35801,5,0.2,4.0,49,50,1,16,16,0,16,15,0.9471292275000001,0.9865701455410043
eighth_synthetic,CHEMBL1827,35801,5,0.2,6.0,47,50,3,18,18,0,18,15,0.9495046411111111,0.9864439790176797
eighth_synthetic,CHEMBL1827,35801,5,0.3,4.0,47,50,3,18,18,0,18,15,0.9495046411111111,0.9849719363764221
eighth_synthetic,CHEMBL1827,35801,5,0.3,6.0,47,50,3,18,18,0,18,15,0.9495046411111111,0.9879667393017818
eighth_synthetic,CHEMBL1827,35801,6,0.2,4.0,49,50,1,16,16,0,16,15,0.9471292275000001,0.9865701455410043
eighth_synthetic,CHEMBL1827,35801,6,0.2,6.0,48,50,2,17,17,0,17,15,0.9483841376470589,0.987314359180773
eighth_synthetic,CHEMBL1827,35801,6,0.3,4.0,49,50,1,16,16,0,16,15,0.9471292275000001,0.9865701455410043
eighth_synthetic,CHEMBL1827,35801,6,0.3,6.0,48,50,2,17,17,0,17,15,0.9483841376470589,0.987314359180773
eighth_synthetic,CHEMBL1827,35801,7,0.2,4.0,49,50,1,16,16,0,16,15,0.9471292275000001,0.9853284893204505
eighth_synthetic,CHEMBL1827,35801,7,0.2,6.0,47,50,3,18,18,0,18,15,0.9495046411111111,0.9863897149873814
eighth_synthetic,CHEMBL1827,35801,7,0.3,4.0,49,50,1,16,16,0,16,15,0.9471292275000001,0.9865701455410043
eighth_synthetic,CHEMBL1827,35801,7,0.3,6.0,46,50,4,19,19,0,19,15,0.9505149652631579,0.9872856549978389
eighth_synthetic,CHEMBL1827,35801,8,0.2,4.0,48,50,2,17,17,0,17,15,0.9483841376470589,0.9857834198696045
eighth_synthetic,CHEMBL1827,35801,8,0.2,6.0,47,50,3,18,18,0,18,15,0.9495046411111111,0.9873360205195321
eighth_synthetic,CHEMBL1827,35801,8,0.3,4.0,49,50,1,16,16,0,16,15,0.9471292275000001,0.9865701455410043
eighth_synthetic,CHEMBL1827,35801,8,0.3,6.0,45,50,5,20,20,0,20,15,0.951626102,0.9863725164365744
eighth_synthetic,CHEMBL1827,35801,9,0.2,4.0,48,50,2,17,17,0,17,15,0.9483841376470589,0.9856646497440229
eighth_synthetic,CHEMBL1827,35801,9,0.2,6.0,48,50,2,17,17,0,17,15,0.9483841376470589,0.9874773487923418
eighth_synthetic,CHEMBL1827,35801,9,0.3,4.0,48,50,2,17,17,0,17,15,0.9483841376470589,0.9856646497440229
eighth_synthetic,CHEMBL1827,35801,9,0.3,6.0,46,50,4,19,19,0,19,15,0.9505149652631579,0.9879746601512842
eighth_synthetic,CHEMBL1829,35801,0,0.2,4.0,42,46,4,14,12,2,13,9,0.820100672142857,0.9484882964511503
eighth_synthetic,CHEMBL1829,35801,0,0.2,6.0,40,45,5,15,10,5,13,8,0.8243437738269382,0.9581794223636032
eighth_synthetic,CHEMBL1829,35801,0,0.3,4.0,41,44,3,14,12,2,11,8,0.8234876282913065,0.9527327888176228
eighth_synthetic,CHEMBL1829,35801,0,0.3,6.0,39,44,5,15,12,3,13,8,0.8187786258436084,0.9625443549724237
eighth_synthetic,CHEMBL1829,35801,1,0.2,4.0,41,45,4,14,12,2,12,8,0.8157355314285714,0.9503606447091917
eighth_synthetic,CHEMBL1829,35801,1,0.2,6.0,41,43,2,14,11,3,10,8,0.8329307307769559,0.9612653887880509
eighth_synthetic,CHEMBL1829,35801,1,0.3,4.0,39,45,6,15,13,2,14,8,0.8262414539999999,0.9542279845836698
eighth_synthetic,CHEMBL1829,35801,1,0.3,6.0,39,44,5,16,12,4,13,8,0.822563681945643,0.9671385138766673
eighth_synthetic,CHEMBL1829,35801,2,0.2,4.0,41,45,4,14,11,3,12,8,0.8271138673813743,0.9506699448656145
eighth_synthetic,CHEMBL1829,35801,2,0.2,6.0,41,45,4,14,10,4,12,8,0.8131236288204742,0.9612633823319802
eighth_synthetic,CHEMBL1829,35801,2,0.3,4.0,39,44,5,14,12,2,13,8,0.8317437264285713,0.9569648949005017
eighth_synthetic,CHEMBL1829,35801,2,0.3,6.0,39,44,5,16,12,4,13,8,0.8238070042472974,0.9682243371160594
eighth_synthetic,CHEMBL1829,35801,3,0.2,4.0,42,45,3,14,12,2,12,9,0.8193148140422982,0.9464256738315376
eighth_synthetic,CHEMBL1829,35801,3,0.2,6.0,40,44,4,14,10,4,12,8,0.8229977733285251,0.954007190640265
eighth_synthetic,CHEMBL1829,35801,3,0.3,4.0,40,45,5,15,13,2,13,8,0.8237066464394783,0.9460207947485391
eighth_synthetic,CHEMBL1829,35801,3,0.3,6.0,39,44,5,16,12,4,13,8,0.8299802448377548,0.9600657042835097
eighth_synthetic,CHEMBL1829,35801,4,0.2,4.0,42,45,3,14,12,2,12,9,0.8157355314285714,0.9345308492265467
eighth_synthetic,CHEMBL1829,35801,4,0.2,6.0,42,43,1,14,11,3,10,9,0.8339802892909045,0.9536945564406636
eighth_synthetic,CHEMBL1829,35801,4,0.3,4.0,41,45,4,14,12,2,12,8,0.8166091301200485,0.9516255444338075
eighth_synthetic,CHEMBL1829,35801,4,0.3,6.0,39,43,4,15,10,5,12,8,0.8423339396002286,0.9600196648799089
eighth_synthetic,CHEMBL1829,35801,5,0.2,4.0,42,44,2,13,11,2,11,9,0.8245128087998163,0.9376137450676347
eighth_synthetic,CHEMBL1829,35801,5,0.2,6.0,41,45,4,14,10,4,12,8,0.8120774791183555,0.9587684567752024
eighth_synthetic,CHEMBL1829,35801,5,0.3,4.0,39,46,7,16,14,2,15,8,0.8282914800000001,0.9499964922452794
eighth_synthetic,CHEMBL1829,35801,5,0.3,6.0,39,44,5,17,12,5,13,8,0.8390376608237312,0.9654304149133518
eighth_synthetic,CHEMBL1829,35801,6,0.2,4.0,41,45,4,14,12,2,12,8,0.8157355314285714,0.9424831865899186
eighth_synthetic,CHEMBL1829,35801,6,0.2,6.0,41,44,3,14,11,3,11,8,0.8325031511856681,0.9600609973887392
eighth_synthetic,CHEMBL1829,35801,6,0.3,4.0,40,44,4,14,12,2,12,8,0.8254485785714285,0.9530425133358001
eighth_synthetic,CHEMBL1829,35801,6,0.3,6.0,39,43,4,16,13,3,12,8,0.8413162123722974,0.9652797219165621
eighth_synthetic,CHEMBL1829,35801,7,0.2,4.0,45,44,-1,12,10,2,9,10,0.8128936670331343,0.9394287437073238
eighth_synthetic,CHEMBL1829,35801,7,0.2,6.0,43,44,1,14,12,2,11,10,0.8164205709623792,0.9391232766164491
eighth_synthetic,CHEMBL1829,35801,7,0.3,4.0,41,45,4,14,12,2,12,8,0.8166091301200485,0.9520249455508055
eighth_synthetic,CHEMBL1829,35801,7,0.3,6.0,39,42,3,15,11,4,11,8,0.8360614465151194,0.9587506389304035
eighth_synthetic,CHEMBL1829,35801,8,0.2,4.0,41,44,3,13,11,2,11,8,0.8208529076923076,0.9443053351555951
eighth_synthetic,CHEMBL1829,35801,8,0.2,6.0,41,44,3,14,11,3,11,8,0.8325031511856681,0.9625079132078332
eighth_synthetic,CHEMBL1829,35801,8,0.3,4.0,41,44,3,13,11,2,11,8,0.8245128087998163,0.9458891593215351
eighth_synthetic,CHEMBL1829,35801,8,0.3,6.0,39,44,5,16,12,4,13,8,0.822563681945643,0.9604731992861233
eighth_synthetic,CHEMBL1829,35801,9,0.2,4.0,41,43,2,13,11,2,10,8,0.8263944478215908,0.9494519949858279
eighth_synthetic,CHEMBL1829,35801,9,0.2,6.0,40,43,3,14,11,3,11,8,0.8425931484040697,0.9609211552536205
eighth_synthetic,CHEMBL1829,35801,9,0.3,4.0,39,45,6,16,14,2,14,8,0.829998046875,0.9489610799829691
eighth_synthetic,CHEMBL1829,35801,9,0.3,6.0,38,44,6,17,11,6,13,7,0.8475301488872237,0.9718416440026056
eighth_synthetic,CHEMBL1833,35801,0,0.2,4.0,39,40,1,11,3,8,7,6,0.747693488354864,0.8957827652866966
eighth_synthetic,CHEMBL1833,35801,0,0.2,6.0,39,40,1,11,3,8,7,6,0.7520261894357226,0.8973385342164207
eighth_synthetic,CHEMBL1833,35801,0,0.3,4.0,37,40,3,12,4,8,9,6,0.7230220342165218,0.8772085019813146
eighth_synthetic,CHEMBL1833,35801,0,0.3,6.0,37,40,3,13,4,9,9,6,0.7597287772002517,0.8889167936913229
eighth_synthetic,CHEMBL1833,35801,1,0.2,4.0,37,40,3,11,4,7,9,6,0.6987252138878305,0.8665499315479938
eighth_synthetic,CHEMBL1833,35801,1,0.2,6.0,37,40,3,11,4,7,9,6,0.7169153064674684,0.869252289922755
eighth_synthetic,CHEMBL1833,35801,1,0.3,4.0,36,40,4,12,4,8,10,6,0.7201914678310728,0.8766698378110506
eighth_synthetic,CHEMBL1833,35801,1,0.3,6.0,36,40,4,12,4,8,10,6,0.7235121392701817,0.8800085760155114
eighth_synthetic,CHEMBL1833,35801,2,0.2,4.0,37,40,3,11,4,7,9,6,0.6975388572727274,0.8685304274582234
eighth_synthetic,CHEMBL1833,35801,2,0.2,6.0,37,40,3,12,4,8,9,6,0.7220548999601372,0.8799759965180322
eighth_synthetic,CHEMBL1833,35801,2,0.3,4.0,37,40,3,13,4,9,9,6,0.7379904069854147,0.8803508950171022
eighth_synthetic,CHEMBL1833,35801,2,0.3,6.0,37,40,3,13,4,9,9,6,0.7594682133259855,0.8854092564472799
eighth_synthetic,CHEMBL1833,35801,3,0.2,4.0,37,40,3,12,4,8,9,6,0.7207749886181927,0.8748509224123467
eighth_synthetic,CHEMBL1833,35801,3,0.2,6.0,37,40,3,12,4,8,9,6,0.7400785031307687,0.8797548050915251
eighth_synthetic,CHEMBL1833,35801,3,0.3,4.0,38,40,2,11,3,8,8,6,0.7491038029003186,0.8957827652866966
eighth_synthetic,CHEMBL1833,35801,3,0.3,6.0,38,40,2,11,3,8,8,6,0.7534365039811771,0.8973385342164207
eighth_synthetic,CHEMBL1833,35801,4,0.2,4.0,38,40,2,12,4,8,9,7,0.7392707701504166,0.8600472232033326
eighth_synthetic,CHEMBL1833,35801,4,0.2,6.0,38,40,2,13,4,9,9,7,0.7624012287464075,0.8730263165323188
eighth_synthetic,CHEMBL1833,35801,4,0.3,4.0,36,40,4,11,4,7,10,6,0.6989714536363637,0.8685304274582234
eighth_synthetic,CHEMBL1833,35801,4,0.3,6.0,36,40,4,12,4,8,10,6,0.7233681132934705,0.8799759965180322
eighth_synthetic,CHEMBL1833,35801,5,0.2,4.0,38,40,2,11,4,7,8,6,0.7183526416211022,0.8686161492410377
eighth_synthetic,CHEMBL1833,35801,5,0.2,6.0,38,40,2,11,4,7,8,6,0.7191151239035883,0.8695403116181409
eighth_synthetic,CHEMBL1833,35801,5,0.3,4.0,37,40,3,11,4,7,9,6,0.6987252138878305,0.8665499315479938
eighth_synthetic,CHEMBL1833,35801,5,0.3,6.0,37,40,3,11,4,7,9,6,0.7169153064674684,0.869252289922755
eighth_synthetic,CHEMBL1833,35801,6,0.2,4.0,37,40,3,12,4,8,9,6,0.7196874950543478,0.8766663769967239
eighth_synthetic,CHEMBL1833,35801,6,0.2,6.0,37,40,3,12,4,8,9,6,0.7223167580355893,0.8800080790042398
eighth_synthetic,CHEMBL1833,35801,6,0.3,4.0,37,40,3,12,4,8,9,6,0.7199657480615841,0.8748543832266734
eighth_synthetic,CHEMBL1833,35801,6,0.3,6.0,37,40,3,12,4,8,9,6,0.7399606710320277,0.8797553021027967
eighth_synthetic,CHEMBL1833,35801,7,0.2,4.0,37,40,3,11,4,7,9,6,0.6975388572727274,0.8685304274582234
eighth_synthetic,CHEMBL1833,35801,7,0.2,6.0,37,40,3,11,4,7,9,6,0.6975388572727274,0.8695285887366258
eighth_synthetic,CHEMBL1833,35801,7,0.3,4.0,37,40,3,11,4,7,9,6,0.6987252138878305,0.8665499315479938
eighth_synthetic,CHEMBL1833,35801,7,0.3,6.0,37,40,3,11,4,7,9,6,0.7169153064674684,0.869252289922755
eighth_synthetic,CHEMBL1833,35801,8,0.2,4.0,37,40,3,10,4,6,9,6,0.692735056,0.856032486490357
eighth_synthetic,CHEMBL1833,35801,8,0.2,6.0,37,40,3,11,4,7,9,6,0.7199165390474224,0.8691450239263335
eighth_synthetic,CHEMBL1833,35801,8,0.3,4.0,37,40,3,12,4,8,10,7,0.7210007083876814,0.859965184088093
eighth_synthetic,CHEMBL1833,35801,8,0.3,6.0,37,40,3,12,4,8,10,7,0.7236299713689226,0.8628591430812261
eighth_synthetic,CHEMBL1833,35801,9,0.2,4.0,38,40,2,13,4,9,9,7,0.7247570215844816,0.87073827276993
eighth_synthetic,CHEMBL1833,35801,9,0.2,6.0,38,40,2,13,4,9,9,7,0.7407938156985866,0.8734115615249418
eighth_synthetic,CHEMBL1833,35801,9,0.3,4.0,38,40,2,13,4,9,9,7,0.7407596949670103,0.8686377738895655
eighth_synthetic,CHEMBL1833,35801,9,0.3,6.0,38,40,2,14,4,10,9,7,0.776423841774675,0.8818156802138777
eighth_synthetic,CHEMBL1836,35801,0,0.2,4.0,47,46,-1,14,1,13,13,14,0.8872142057142857,0.9360996185714286
eighth_synthetic,CHEMBL1836,35801,0,0.2,6.0,46,46,0,13,0,13,13,13,0.909410633076923,0.954952373846154
eighth_synthetic,CHEMBL1836,35801,0,0.3,4.0,47,46,-1,14,1,13,13,14,0.8872142057142857,0.9360996185714286
eighth_synthetic,CHEMBL1836,35801,0,0.3,6.0,46,46,0,15,1,14,13,13,0.9012815307374024,0.9431081808130277
eighth_synthetic,CHEMBL1836,35801,1,0.2,4.0,46,46,0,13,0,13,13,13,0.909410633076923,0.954952373846154
eighth_synthetic,CHEMBL1836,35801,1,0.2,6.0,46,46,0,15,0,15,13,13,0.9178254705678885,0.9577454376898296
eighth_synthetic,CHEMBL1836,35801,1,0.3,4.0,46,46,0,14,0,14,13,13,0.9051888712695754,0.9504529128153074
eighth_synthetic,CHEMBL1836,35801,1,0.3,6.0,46,46,0,16,1,15,13,13,0.8995599892795632,0.9428000652695201
eighth_synthetic,CHEMBL1836,35801,2,0.2,4.0,47,46,-1,14,1,13,13,14,0.8872142057142857,0.9360996185714286
eighth_synthetic,CHEMBL1836,35801,2,0.2,6.0,46,46,0,13,0,13,13,13,0.909410633076923,0.954952373846154
eighth_synthetic,CHEMBL1836,35801,2,0.3,4.0,46,46,0,14,0,14,13,13,0.9051888712695754,0.9504529128153074
eighth_synthetic,CHEMBL1836,35801,2,0.3,6.0,46,46,0,16,1,15,13,13,0.9027819913797972,0.9456558996850619
eighth_synthetic,CHEMBL1836,35801,3,0.2,4.0,47,46,-1,14,1,13,13,14,0.8872142057142857,0.9360996185714286
eighth_synthetic,CHEMBL1836,35801,3,0.2,6.0,46,46,0,14,0,14,13,13,0.915759725790074,0.9580805634284326
eighth_synthetic,CHEMBL1836,35801,3,0.3,4.0,46,46,0,14,0,14,13,13,0.9051888712695754,0.9504529128153074
eighth_synthetic,CHEMBL1836,35801,3,0.3,6.0,46,46,0,15,0,15,13,13,0.9087048462031561,0.9579237389910111
eighth_synthetic,CHEMBL1836,35801,4,0.2,4.0,47,46,-1,15,1,14,13,14,0.8847536565182703,0.9331569719609536
eighth_synthetic,CHEMBL1836,35801,4,0.2,6.0,46,46,0,14,0,14,13,13,0.9105447950725514,0.9570180387689697
eighth_synthetic,CHEMBL1836,35801,4,0.3,4.0,46,46,0,14,1,13,13,13,0.8943517878571428,0.9391093853242101
eighth_synthetic,CHEMBL1836,35801,4,0.3,6.0,46,46,0,16,0,16,13,13,0.9156454762843719,0.9585490692154396
eighth_synthetic,CHEMBL1836,35801,5,0.2,4.0,46,46,0,14,0,14,13,13,0.9051888712695754,0.9504529128153074
eighth_synthetic,CHEMBL1836,35801,5,0.2,6.0,46,46,0,14,0,14,13,13,0.9105447950725514,0.9570180387689697
eighth_synthetic,CHEMBL1836,35801,5,0.3,4.0,46,46,0,15,1,14,13,13,0.8914153998516036,0.9359660875968829
eighth_synthetic,CHEMBL1836,35801,5,0.3,6.0,46,46,0,16,0,16,13,13,0.918291934970878,0.9593783280070636
eighth_synthetic,CHEMBL1836,35801,6,0.2,4.0,46,46,0,14,0,14,13,13,0.9051888712695754,0.9504529128153074
eighth_synthetic,CHEMBL1836,35801,6,0.2,6.0,46,46,0,14,0,14,13,13,0.9105447950725514,0.9570180387689697
eighth_synthetic,CHEMBL1836,35801,6,0.3,4.0,46,46,0,15,1,14,13,13,0.8914153998516036,0.9359660875968829
eighth_synthetic,CHEMBL1836,35801,6,0.3,6.0,46,46,0,16,0,16,13,13,0.918291934970878,0.9593783280070636
eighth_synthetic,CHEMBL1836,35801,7,0.2,4.0,47,46,-1,14,1,13,13,14,0.8872142057142857,0.9360996185714286
eighth_synthetic,CHEMBL1836,35801,7,0.2,6.0,46,46,0,14,0,14,13,13,0.915759725790074,0.9580805634284326
eighth_synthetic,CHEMBL1836,35801,7,0.3,4.0,46,46,0,14,0,14,13,13,0.9051888712695754,0.9504529128153074
eighth_synthetic,CHEMBL1836,35801,7,0.3,6.0,46,46,0,16,1,15,13,13,0.8995599892795632,0.9428000652695201
eighth_synthetic,CHEMBL1836,35801,8,0.2,4.0,47,46,-1,14,1,13,13,14,0.8872142057142857,0.9360996185714286
eighth_synthetic,CHEMBL1836,35801,8,0.2,6.0,46,46,0,14,0,14,13,13,0.9120774376755207,0.9548167526678134
eighth_synthetic,CHEMBL1836,35801,8,0.3,4.0,46,46,0,14,0,14,13,13,0.9051888712695754,0.9504529128153074
eighth_synthetic,CHEMBL1836,35801,8,0.3,6.0,46,46,0,16,1,15,13,13,0.8995599892795632,0.9428000652695201
eighth_synthetic,CHEMBL1836,35801,9,0.2,4.0,47,46,-1,14,1,13,13,14,0.8872142057142857,0.9360996185714286
eighth_synthetic,CHEMBL1836,35801,9,0.2,6.0,46,46,0,14,0,14,13,13,0.9075202708594016,0.9560703144356851
eighth_synthetic,CHEMBL1836,35801,9,0.3,4.0,46,46,0,15,1,14,13,13,0.8914153998516036,0.9359660875968829
eighth_synthetic,CHEMBL1836,35801,9,0.3,6.0,46,46,0,16,0,16,13,13,0.9110824119065396,0.9576193601384095
eighth_synthetic,CHEMBL1841,35801,0,0.2,4.0,14,17,3,6,2,4,3,0,0.45244649497804756,0.5014499716371087
eighth_synthetic,CHEMBL1841,35801,0,0.2,6.0,14,17,3,7,2,5,3,0,0.4291449242078354,0.5471412466152585
eighth_synthetic,CHEMBL1841,35801,0,0.3,4.0,15,18,3,7,2,5,3,0,0.4904423609239275,0.6005391303578966
eighth_synthetic,CHEMBL1841,35801,0,0.3,6.0,15,18,3,9,2,7,3,0,0.549347137847787,0.6989060926362947
eighth_synthetic,CHEMBL1841,35801,1,0.2,4.0,14,18,4,8,3,5,4,0,0.41885907346011614,0.5090546693831752
eighth_synthetic,CHEMBL1841,35801,1,0.2,6.0,14,18,4,8,3,5,4,0,0.4485060305081467,0.5521361044221405
eighth_synthetic,CHEMBL1841,35801,1,0.3,4.0,14,17,3,7,2,5,3,0,0.4106369129233714,0.5335778748353769
eighth_synthetic,CHEMBL1841,35801,1,0.3,6.0,14,17,3,9,2,7,3,0,0.4759582780244438,0.6639632680069381
eighth_synthetic,CHEMBL1841,35801,2,0.2,4.0,14,17,3,6,2,4,3,0,0.36226489471019296,0.45700945589851544
eighth_synthetic,CHEMBL1841,35801,2,0.2,6.0,14,17,3,8,2,6,3,0,0.51154799944725,0.6240190820489966
eighth_synthetic,CHEMBL1841,35801,2,0.3,4.0,14,17,3,8,2,6,3,0,0.43382402634840656,0.5598656849975099
eighth_synthetic,CHEMBL1841,35801,2,0.3,6.0,14,17,3,9,2,7,3,0,0.5156399941858916,0.6595124707131632
eighth_synthetic,CHEMBL1841,35801,3,0.2,4.0,14,17,3,6,2,4,3,0,0.4832126356264103,0.5119309182950316
eighth_synthetic,CHEMBL1841,35801,3,0.2,6.0,14,17,3,7,2,5,3,0,0.48694804287235854,0.5470098856678527
eighth_synthetic,CHEMBL1841,35801,3,0.3,4.0,14,18,4,9,3,6,4,0,0.4728736943281602,0.5620758673522704
eighth_synthetic,CHEMBL1841,35801,3,0.3,6.0,14,18,4,9,3,6,4,0,0.4521863200728955,0.5998851835059515
eighth_synthetic,CHEMBL1841,35801,4,0.2,4.0,14,17,3,6,2,4,3,0,0.36226489471019296,0.45700945589851544
eighth_synthetic,CHEMBL1841,35801,4,0.2,6.0,14,17,3,7,2,5,3,0,0.47427049672344307,0.5949864284349912
eighth_synthetic,CHEMBL1841,35801,4,0.3,4.0,14,17,3,7,2,5,3,0,0.46535657395441843,0.5669084521522002
eighth_synthetic,CHEMBL1841,35801,4,0.3,6.0,14,17,3,8,2,6,3,0,0.45598851945346686,0.6252851805922186
eighth_synthetic,CHEMBL1841,35801,5,0.2,4.0,14,17,3,5,2,3,3,0,0.3946416126764673,0.4515738252314989
eighth_synthetic,CHEMBL1841,35801,5,0.2,6.0,14,17,3,7,2,5,3,0,0.36938737081221573,0.5847662568360878
eighth_synthetic,CHEMBL1841,35801,5,0.3,4.0,14,17,3,5,2,3,3,0,0.41288072261625264,0.5413031725380287
eighth_synthetic,CHEMBL1841,35801,5,0.3,6.0,14,17,3,8,2,6,3,0,0.5746462052555633,0.7136069786385866
eighth_synthetic,CHEMBL1841,35801,6,0.2,4.0,14,18,4,8,3,5,4,0,0.4170462790765692,0.512019057206957
eighth_synthetic,CHEMBL1841,35801,6,0.2,6.0,14,18,4,9,3,6,4,0,0.5046153682116866,0.5972825674915851
eighth_synthetic,CHEMBL1841,35801,6,0.3,4.0,14,18,4,7,3,4,4,0,0.3747792173135686,0.4745152359143206
eighth_synthetic,CHEMBL1841,35801,6,0.3,6.0,14,18,4,10,3,7,4,0,0.4551661175061296,0.6187051527928955
eighth_synthetic,CHEMBL1841,35801,7,0.2,4.0,14,18,4,8,3,5,4,0,0.41885907346011614,0.5090546693831752
eighth_synthetic,CHEMBL1841,35801,7,0.2,6.0,14,18,4,8,3,5,4,0,0.3854607313026899,0.5501063165571753
eighth_synthetic,CHEMBL1841,35801,7,0.3,4.0,14,17,3,7,2,5,3,0,0.46736412252584697,0.5669084521522002
eighth_synthetic,CHEMBL1841,35801,7,0.3,6.0,14,17,3,8,2,6,3,0,0.4618383352453898,0.6017734998478556
eighth_synthetic,CHEMBL1841,35801,8,0.2,4.0,14,18,4,7,3,4,4,0,0.3747792173135686,0.4745152359143206
eighth_synthetic,CHEMBL1841,35801,8,0.2,6.0,14,18,4,9,3,6,4,0,0.45402528363676964,0.5786692731861762
eighth_synthetic,CHEMBL1841,35801,8,0.3,4.0,14,17,3,7,2,5,3,0,0.41624604613922983,0.502752306391047
eighth_synthetic,CHEMBL1841,35801,8,0.3,6.0,14,17,3,8,2,6,3,0,0.5268464235128986,0.6427444203120495
eighth_synthetic,CHEMBL1841,35801,9,0.2,4.0,14,17,3,8,3,5,3,0,0.4201512272101161,0.5090546693831752
eighth_synthetic,CHEMBL1841,35801,9,0.2,6.0,14,17,3,8,3,5,3,0,0.3908460958446128,0.5265946358128124
eighth_synthetic,CHEMBL1841,35801,9,0.3,4.0,14,18,4,7,3,4,4,0,0.3737109164614596,0.45325609807116596
eighth_synthetic,CHEMBL1841,35801,9,0.3,6.0,14,18,4,10,3,7,4,0,0.5607483533520187,0.6360945798549937
eighth_synthetic,CHEMBL1844,35801,0,0.2,4.0,49,48,-1,23,19,4,22,23,0.9618293665217389,0.9843857204347827
eighth_synthetic,CHEMBL1844,35801,0,0.2,6.0,48,48,0,23,19,4,22,22,0.9618293665217389,0.9850289475377929
eighth_synthetic,CHEMBL1844,35801,0,0.3,4.0,49,48,-1,23,19,4,22,23,0.9618293665217389,0.9843857204347827
eighth_synthetic,CHEMBL1844,35801,0,0.3,6.0,47,48,1,24,20,4,23,22,0.9621318279166666,0.9849144916146438
eighth_synthetic,CHEMBL1844,35801,1,0.2,4.0,49,48,-1,23,19,4,22,23,0.9618293665217389,0.9843857204347827
eighth_synthetic,CHEMBL1844,35801,1,0.2,6.0,48,48,0,23,19,4,22,22,0.9618293665217389,0.9850289475377929
eighth_synthetic,CHEMBL1844,35801,1,0.3,4.0,49,48,-1,23,19,4,22,23,0.9618293665217389,0.9843857204347827
eighth_synthetic,CHEMBL1844,35801,1,0.3,6.0,47,48,1,24,20,4,23,22,0.9621318279166666,0.9848850323480743
eighth_synthetic,CHEMBL1844,35801,2,0.2,4.0,49,48,-1,23,19,4,22,23,0.9618293665217389,0.9843857204347827
eighth_synthetic,CHEMBL1844,35801,2,0.2,6.0,48,48,0,23,19,4,22,22,0.9618293665217389,0.9852490007795436
eighth_synthetic,CHEMBL1844,35801,2,0.3,4.0,49,48,-1,23,19,4,22,23,0.9618293665217389,0.9843857204347827
eighth_synthetic,CHEMBL1844,35801,2,0.3,6.0,47,48,1,24,20,4,23,22,0.9621318279166666,0.9842974545519182
eighth_synthetic,CHEMBL1844,35801,3,0.2,4.0,49,48,-1,23,19,4,22,23,0.9618293665217389,0.9843857204347827
eighth_synthetic,CHEMBL1844,35801,3,0.2,6.0,48,48,0,23,19,4,22,22,0.9618293665217389,0.9846051360184387
eighth_synthetic,CHEMBL1844,35801,3,0.3,4.0,49,48,-1,23,19,4,22,23,0.9618293665217389,0.9843857204347827
eighth_synthetic,CHEMBL1844,35801,3,0.3,6.0,47,48,1,24,20,4,23,22,0.9621318279166666,0.9842974545519182
eighth_synthetic,CHEMBL1844,35801,4,0.2,4.0,49,48,-1,23,19,4,22,23,0.9618293665217389,0.9843857204347827
eighth_synthetic,CHEMBL1844,35801,4,0.2,6.0,48,48,0,23,19,4,22,22,0.9618293665217389,0.9847404196009542
eighth_synthetic,CHEMBL1844,35801,4,0.3,4.0,49,48,-1,23,19,4,22,23,0.9618293665217389,0.9843857204347827
eighth_synthetic,CHEMBL1844,35801,4,0.3,6.0,47,48,1,24,20,4,23,22,0.9621318279166666,0.9842974545519182
eighth_synthetic,CHEMBL1844,35801,5,0.2,4.0,49,48,-1,23,19,4,22,23,0.9618293665217389,0.9843857204347827
eighth_synthetic,CHEMBL1844,35801,5,0.2,6.0,48,48,0,23,19,4,22,22,0.9618293665217389,0.9847404196009542
eighth_synthetic,CHEMBL1844,35801,5,0.3,4.0,49,48,-1,23,19,4,22,23,0.9618293665217389,0.9843857204347827
eighth_synthetic,CHEMBL1844,35801,5,0.3,6.0,47,48,1,24,20,4,23,22,0.9621318279166666,0.9845739604913887
eighth_synthetic,CHEMBL1844,35801,6,0.2,4.0,49,48,-1,23,19,4,22,23,0.9618293665217389,0.9843857204347827
eighth_synthetic,CHEMBL1844,35801,6,0.2,6.0,48,48,0,23,19,4,22,22,0.9618293665217389,0.9852490007795436
eighth_synthetic,CHEMBL1844,35801,6,0.3,4.0,49,48,-1,23,19,4,22,23,0.9618293665217389,0.9843857204347827
eighth_synthetic,CHEMBL1844,35801,6,0.3,6.0,47,48,1,24,20,4,23,22,0.9621318279166666,0.9851909975541142
eighth_synthetic,CHEMBL1844,35801,7,0.2,4.0,49,48,-1,23,19,4,22,23,0.9618293665217389,0.9843857204347827
eighth_synthetic,CHEMBL1844,35801,7,0.2,6.0,48,48,0,23,19,4,22,22,0.9618293665217389,0.9847404196009542
eighth_synthetic,CHEMBL1844,35801,7,0.3,4.0,49,48,-1,23,19,4,22,23,0.9618293665217389,0.9843857204347827
eighth_synthetic,CHEMBL1844,35801,7,0.3,6.0,47,48,1,24,20,4,23,22,0.9621318279166666,0.9847848448480662
eighth_synthetic,CHEMBL1844,35801,8,0.2,4.0,49,48,-1,23,19,4,22,23,0.9618293665217389,0.9843857204347827
eighth_synthetic,CHEMBL1844,35801,8,0.2,6.0,48,48,0,23,19,4,22,22,0.9618293665217389,0.9850289475377929
eighth_synthetic,CHEMBL1844,35801,8,0.3,4.0,49,48,-1,23,19,4,22,23,0.9618293665217389,0.9843857204347827
eighth_synthetic,CHEMBL1844,35801,8,0.3,6.0,47,48,1,24,20,4,23,22,0.9621318279166666,0.9853724226442226
eighth_synthetic,CHEMBL1844,35801,9,0.2,4.0,49,48,-1,23,19,4,22,23,0.9618293665217389,0.9843857204347827
eighth_synthetic,CHEMBL1844,35801,9,0.2,6.0,48,48,0,23,19,4,22,22,0.9618293665217389,0.9852182606752974
eighth_synthetic,CHEMBL1844,35801,9,0.3,4.0,49,48,-1,23,19,4,22,23,0.9618293665217389,0.9843857204347827
eighth_synthetic,CHEMBL1844,35801,9,0.3,6.0,47,48,1,24,20,4,23,22,0.9621318279166666,0.9851909975541142
eighth_synthetic,CHEMBL1862,35801,0,0.2,4.0,49,49,0,11,2,9,10,10,0.9835291209090911,0.9943863327620726
eighth_synthetic,CHEMBL1862,35801,0,0.2,6.0,49,49,0,11,2,9,10,10,0.9835291209090911,0.994722647258999
eighth_synthetic,CHEMBL1862,35801,0,0.3,4.0,49,49,0,10,1,9,10,10,0.9851229700000002,0.9942530640000001
eighth_synthetic,CHEMBL1862,35801,0,0.3,6.0,49,49,0,11,2,9,10,10,0.9835291209090911,0.9928953695244762
eighth_synthetic,CHEMBL1862,35801,1,0.2,4.0,49,49,0,10,1,9,10,10,0.9851229700000002,0.9942530640000001
eighth_synthetic,CHEMBL1862,35801,1,0.2,6.0,48,48,0,11,3,8,10,10,0.983782461818182,0.99205275950146
eighth_synthetic,CHEMBL1862,35801,1,0.3,4.0,49,49,0,10,1,9,10,10,0.9851229700000002,0.9942530640000001
eighth_synthetic,CHEMBL1862,35801,1,0.3,6.0,48,47,-1,12,3,9,10,11,0.9839934389016696,0.9935770370519222
eighth_synthetic,CHEMBL1862,35801,2,0.2,4.0,49,49,0,10,1,9,10,10,0.9851229700000002,0.9942530640000001
eighth_synthetic,CHEMBL1862,35801,2,0.2,6.0,48,48,0,11,3,8,10,10,0.983782461818182,0.99205275950146
eighth_synthetic,CHEMBL1862,35801,2,0.3,4.0,49,49,0,11,2,9,10,10,0.9835291209090911,0.9943863327620726
eighth_synthetic,CHEMBL1862,35801,2,0.3,6.0,48,49,1,12,3,9,11,10,0.9823435816666667,0.9926665695304205
eighth_synthetic,CHEMBL1862,35801,3,0.2,4.0,49,49,0,10,1,9,10,10,0.9851229700000002,0.9942530640000001
eighth_synthetic,CHEMBL1862,35801,3,0.2,6.0,49,48,-1,10,2,8,9,10,0.9852304430000001,0.9942530640000001
eighth_synthetic,CHEMBL1862,35801,3,0.3,4.0,49,49,0,11,2,9,10,10,0.9835291209090911,0.9943863327620726
eighth_synthetic,CHEMBL1862,35801,3,0.3,6.0,49,49,0,11,2,9,10,10,0.9835291209090911,0.994722647258999
eighth_synthetic,CHEMBL1862,35801,4,0.2,4.0,49,49,0,11,2,9,10,10,0.9835291209090911,0.9943863327620726
eighth_synthetic,CHEMBL1862,35801,4,0.2,6.0,49,49,0,11,2,9,10,10,0.9835291209090911,0.994722647258999
eighth_synthetic,CHEMBL1862,35801,4,0.3,4.0,49,49,0,11,2,9,10,10,0.9835291209090911,0.9943863327620726
eighth_synthetic,CHEMBL1862,35801,4,0.3,6.0,48,48,0,12,3,9,10,10,0.9839934389016696,0.9944785853726715
eighth_synthetic,CHEMBL1862,35801,5,0.2,4.0,49,49,0,10,1,9,10,10,0.9851229700000002,0.9942530640000001
eighth_synthetic,CHEMBL1862,35801,5,0.2,6.0,48,48,0,12,3,9,10,10,0.9839934389016696,0.992803580782692
eighth_synthetic,CHEMBL1862,35801,5,0.3,4.0,49,49,0,10,1,9,10,10,0.9851229700000002,0.9942530640000001
eighth_synthetic,CHEMBL1862,35801,5,0.3,6.0,48,48,0,12,3,9,10,10,0.9839934389016696,0.9920311882615941
eighth_synthetic,CHEMBL1862,35801,6,0.2,4.0,49,49,0,11,2,9,10,10,0.9835291209090911,0.9943863327620726
eighth_synthetic,CHEMBL1862,35801,6,0.2,6.0,48,49,1,12,3,9,11,10,0.9823435816666667,0.9934389620515188
eighth_synthetic,CHEMBL1862,35801,6,0.3,4.0,49,49,0,11,2,9,10,10,0.9835291209090911,0.9943863327620726
eighth_synthetic,CHEMBL1862,35801,6,0.3,6.0,48,48,0,11,3,8,10,10,0.983782461818182,0.994722647258999
eighth_synthetic,CHEMBL1862,35801,7,0.2,4.0,49,49,0,11,2,9,10,10,0.9835291209090911,0.9943863327620726
eighth_synthetic,CHEMBL1862,35801,7,0.2,6.0,49,49,0,11,2,9,10,10,0.9835291209090911,0.994722647258999
eighth_synthetic,CHEMBL1862,35801,7,0.3,4.0,49,49,0,11,2,9,10,10,0.9835291209090911,0.9943863327620726
eighth_synthetic,CHEMBL1862,35801,7,0.3,6.0,48,48,0,11,3,8,10,10,0.983782461818182,0.994722647258999
eighth_synthetic,CHEMBL1862,35801,8,0.2,4.0,49,49,0,11,2,9,10,10,0.9835291209090911,0.9943863327620726
eighth_synthetic,CHEMBL1862,35801,8,0.2,6.0,49,49,0,11,2,9,10,10,0.9835291209090911,0.994722647258999
eighth_synthetic,CHEMBL1862,35801,8,0.3,4.0,49,49,0,10,1,9,10,10,0.9851229700000002,0.9942530640000001
eighth_synthetic,CHEMBL1862,35801,8,0.3,6.0,48,47,-1,12,3,9,10,11,0.9839934389016696,0.9935770370519222
eighth_synthetic,CHEMBL1862,35801,9,0.2,4.0,49,49,0,10,1,9,10,10,0.9851229700000002,0.9942530640000001
eighth_synthetic,CHEMBL1862,35801,9,0.2,6.0,49,49,0,11,2,9,10,10,0.9835291209090911,0.99205275950146
eighth_synthetic,CHEMBL1862,35801,9,0.3,4.0,49,49,0,11,2,9,10,10,0.9835291209090911,0.9943863327620726
eighth_synthetic,CHEMBL1862,35801,9,0.3,6.0,48,49,1,12,3,9,11,10,0.9823435816666667,0.9926665695304205
eighth_synthetic,CHEMBL1865,35801,0,0.2,4.0,47,49,2,23,21,2,23,21,0.9308370830434783,0.9769428723447343
eighth_synthetic,CHEMBL1865,35801,0,0.2,6.0,46,49,3,23,21,2,23,20,0.9308370830434783,0.9802049191269387
eighth_synthetic,CHEMBL1865,35801,0,0.3,4.0,46,49,3,24,22,2,23,20,0.9319955295833333,0.9797693765139658
eighth_synthetic,CHEMBL1865,35801,0,0.3,6.0,44,49,5,24,23,1,23,18,0.9319955295833333,0.98381089025336
eighth_synthetic,CHEMBL1865,35801,1,0.2,4.0,47,49,2,23,21,2,23,21,0.9308370830434783,0.9786035463661353
eighth_synthetic,CHEMBL1865,35801,1,0.2,6.0,47,49,2,23,21,2,23,21,0.9308370830434783,0.9789762138644693
eighth_synthetic,CHEMBL1865,35801,1,0.3,4.0,47,49,2,23,21,2,23,21,0.9308370830434783,0.9769428723447343
eighth_synthetic,CHEMBL1865,35801,1,0.3,6.0,46,49,3,24,22,2,23,20,0.9319955295833333,0.9801970584380634
eighth_synthetic,CHEMBL1865,35801,2,0.2,4.0,47,49,2,23,21,2,23,21,0.9308370830434783,0.9769428723447343
eighth_synthetic,CHEMBL1865,35801,2,0.2,6.0,46,49,3,24,22,2,23,20,0.9319955295833333,0.980275200204677
eighth_synthetic,CHEMBL1865,35801,2,0.3,4.0,47,49,2,23,21,2,23,21,0.9308370830434783,0.9786461544086312
eighth_synthetic,CHEMBL1865,35801,2,0.3,6.0,46,49,3,24,22,2,23,20,0.9319955295833333,0.9804271391855542
eighth_synthetic,CHEMBL1865,35801,3,0.2,4.0,47,49,2,23,21,2,23,21,0.9308370830434783,0.9775407148123475
eighth_synthetic,CHEMBL1865,35801,3,0.2,6.0,46,49,3,24,22,2,23,20,0.9319955295833333,0.9805177515847596
eighth_synthetic,CHEMBL1865,35801,3,0.3,4.0,47,49,2,23,21,2,23,21,0.9308370830434783,0.977432457101052
eighth_synthetic,CHEMBL1865,35801,3,0.3,6.0,45,49,4,24,23,1,23,19,0.9319955295833333,0.9817622624192239
eighth_synthetic,CHEMBL1865,35801,4,0.2,4.0,47,49,2,23,21,2,23,21,0.9308370830434783,0.977432457101052
eighth_synthetic,CHEMBL1865,35801,4,0.2,6.0,47,49,2,23,21,2,23,21,0.9308370830434783,0.9788126573635513
eighth_synthetic,CHEMBL1865,35801,4,0.3,4.0,46,49,3,23,21,2,23,20,0.9308370830434783,0.9779803263740809
eighth_synthetic,CHEMBL1865,35801,4,0.3,6.0,45,49,4,24,23,1,23,19,0.9319955295833333,0.9821887476230738
eighth_synthetic,CHEMBL1865,35801,5,0.2,4.0,47,49,2,23,21,2,23,21,0.9308370830434783,0.977432457101052
eighth_synthetic,CHEMBL1865,35801,5,0.2,6.0,46,49,3,23,21,2,23,20,0.9308370830434783,0.9803584353294524
eighth_synthetic,CHEMBL1865,35801,5,0.3,4.0,48,49,1,22,20,2,22,21,0.9296847972727273,0.9778358703365604
eighth_synthetic,CHEMBL1865,35801,5,0.3,6.0,46,48,2,23,21,2,22,20,0.9338278808695655,0.9789949506656634
eighth_synthetic,CHEMBL1865,35801,6,0.2,4.0,46,49,3,23,21,2,23,20,0.9308370830434783,0.9790857659703648
eighth_synthetic,CHEMBL1865,35801,6,0.2,6.0,46,49,3,23,21,2,23,20,0.9308370830434783,0.9805985195877035
eighth_synthetic,CHEMBL1865,35801,6,0.3,4.0,46,49,3,23,21,2,23,20,0.9308370830434783,0.9790431579278688
eighth_synthetic,CHEMBL1865,35801,6,0.3,6.0,45,48,3,23,22,1,22,19,0.9338278808695655,0.9819048984676038
eighth_synthetic,CHEMBL1865,35801,7,0.2,4.0,47,49,2,23,21,2,23,21,0.9308370830434783,0.9786461544086312
eighth_synthetic,CHEMBL1865,35801,7,0.2,6.0,46,49,3,23,21,2,23,20,0.9308370830434783,0.9805277984758675
eighth_synthetic,CHEMBL1865,35801,7,0.3,4.0,47,49,2,23,21,2,23,21,0.9308370830434783,0.9769821985017976
eighth_synthetic,CHEMBL1865,35801,7,0.3,6.0,46,49,3,24,22,2,23,20,0.9319955295833333,0.9803738546538995
eighth_synthetic,CHEMBL1865,35801,8,0.2,4.0,48,49,1,22,20,2,22,21,0.9296847972727273,0.9778358703365604
eighth_synthetic,CHEMBL1865,35801,8,0.2,6.0,46,48,2,22,20,2,22,20,0.9327000663636364,0.9796523794613918
eighth_synthetic,CHEMBL1865,35801,8,0.3,4.0,47,49,2,23,21,2,23,21,0.9308370830434783,0.9769428723447343
eighth_synthetic,CHEMBL1865,35801,8,0.3,6.0,44,49,5,24,23,1,23,18,0.9319955295833333,0.9821985154495122
eighth_synthetic,CHEMBL1865,35801,9,0.2,4.0,47,49,2,23,21,2,23,21,0.9308370830434783,0.9769428723447343
eighth_synthetic,CHEMBL1865,35801,9,0.2,6.0,47,49,2,23,21,2,23,21,0.9308370830434783,0.9787419362517152
eighth_synthetic,CHEMBL1865,35801,9,0.3,4.0,47,49,2,23,21,2,23,21,0.9308370830434783,0.9786035463661353
eighth_synthetic,CHEMBL1865,35801,9,0.3,6.0,46,49,3,24,22,2,23,20,0.9319955295833333,0.9806614929374312
eighth_synthetic,CHEMBL1867,35801,0,0.2,4.0,36,34,-2,9,1,8,5,7,0.5295106642501266,0.6815806121665795
eighth_synthetic,CHEMBL1867,35801,0,0.2,6.0,36,34,-2,9,1,8,5,7,0.5883909656861142,0.7263201842517731
eighth_synthetic,CHEMBL1867,35801,0,0.3,4.0,36,34,-2,8,1,7,5,7,0.5366029341917764,0.6818944039785698
eighth_synthetic,CHEMBL1867,35801,0,0.3,6.0,36,34,-2,8,1,7,5,7,0.5533314017754896,0.6996245517345782
eighth_synthetic,CHEMBL1867,35801,1,0.2,4.0,36,34,-2,8,1,7,5,7,0.5366029341917764,0.6818944039785698
eighth_synthetic,CHEMBL1867,35801,1,0.2,6.0,36,34,-2,9,1,8,5,7,0.5968995068745262,0.7306609790736794
eighth_synthetic,CHEMBL1867,35801,1,0.3,4.0,36,34,-2,8,1,7,5,7,0.5366029341917764,0.6818944039785698
eighth_synthetic,CHEMBL1867,35801,1,0.3,6.0,36,34,-2,8,1,7,5,7,0.5533314017754896,0.6996245517345782
eighth_synthetic,CHEMBL1867,35801,2,0.2,4.0,36,34,-2,8,1,7,5,7,0.5366029341917764,0.6818944039785698
eighth_synthetic,CHEMBL1867,35801,2,0.2,6.0,36,34,-2,9,1,8,5,7,0.5968995068745262,0.7306609790736794
eighth_synthetic,CHEMBL1867,35801,2,0.3,4.0,36,34,-2,9,1,8,5,7,0.5867895014321695,0.7165755917882516
eighth_synthetic,CHEMBL1867,35801,2,0.3,6.0,36,34,-2,10,1,9,5,7,0.6370493475840656,0.7575135996866154
eighth_synthetic,CHEMBL1867,35801,3,0.2,4.0,36,34,-2,8,1,7,5,7,0.5366029341917764,0.6818944039785698
eighth_synthetic,CHEMBL1867,35801,3,0.2,6.0,36,35,-1,9,1,8,6,7,0.4990899615782129,0.731672392244337
eighth_synthetic,CHEMBL1867,35801,3,0.3,4.0,35,35,0,8,1,7,6,6,0.5351304504417764,0.7550911300533465
eighth_synthetic,CHEMBL1867,35801,3,0.3,6.0,35,36,1,9,1,8,7,6,0.4918065004671017,0.8000003892460669
eighth_synthetic,CHEMBL1867,35801,4,0.2,4.0,36,34,-2,7,1,6,5,7,0.4962496585714286,0.6605281828571429
eighth_synthetic,CHEMBL1867,35801,4,0.2,6.0,36,34,-2,9,1,8,5,7,0.5968773965870203,0.728981152527353
eighth_synthetic,CHEMBL1867,35801,4,0.3,4.0,35,35,0,8,1,7,6,6,0.49184253058961613,0.7360426707836089
eighth_synthetic,CHEMBL1867,35801,4,0.3,6.0,35,35,0,8,1,7,6,6,0.5346329921213888,0.7723168121756125
eighth_synthetic,CHEMBL1867,35801,5,0.2,4.0,36,34,-2,9,1,8,5,7,0.5295106642501266,0.6815806121665795
eighth_synthetic,CHEMBL1867,35801,5,0.2,6.0,36,34,-2,9,1,8,5,7,0.5883909656861142,0.7263201842517731
eighth_synthetic,CHEMBL1867,35801,5,0.3,4.0,35,34,-1,9,2,7,5,6,0.5295106642501266,0.683287115499913
eighth_synthetic,CHEMBL1867,35801,5,0.3,6.0,35,35,0,10,2,8,6,6,0.5360677131175026,0.7540295304588367
eighth_synthetic,CHEMBL1867,35801,6,0.2,4.0,36,35,-1,9,1,8,6,7,0.5135900003926901,0.7134462600474191
eighth_synthetic,CHEMBL1867,35801,6,0.2,6.0,36,35,-1,9,1,8,6,7,0.522485162689324,0.7324706318769105
eighth_synthetic,CHEMBL1867,35801,6,0.3,4.0,35,35,0,8,1,7,6,6,0.5351304504417764,0.7550911300533465
eighth_synthetic,CHEMBL1867,35801,6,0.3,6.0,35,36,1,9,1,8,7,6,0.4918065004671017,0.8000003892460669
eighth_synthetic,CHEMBL1867,35801,7,0.2,4.0,36,34,-2,9,1,8,5,7,0.5148988748371345,0.644052807980951
eighth_synthetic,CHEMBL1867,35801,7,0.2,6.0,36,34,-2,9,1,8,5,7,0.5297686238004351,0.659812939319625
eighth_synthetic,CHEMBL1867,35801,7,0.3,4.0,35,35,0,8,1,7,6,6,0.5351304504417764,0.7550911300533465
eighth_synthetic,CHEMBL1867,35801,7,0.3,6.0,35,35,0,9,1,8,6,6,0.590422741757809,0.7966810090946536
eighth_synthetic,CHEMBL1867,35801,8,0.2,4.0,36,34,-2,9,1,8,5,7,0.5148988748371345,0.644052807980951
eighth_synthetic,CHEMBL1867,35801,8,0.2,6.0,36,34,-2,9,1,8,5,7,0.5297686238004351,0.659812939319625
eighth_synthetic,CHEMBL1867,35801,8,0.3,4.0,35,34,-1,9,2,7,5,6,0.5295106642501266,0.683287115499913
eighth_synthetic,CHEMBL1867,35801,8,0.3,6.0,35,34,-1,10,2,8,5,6,0.6248223302791391,0.7510420883225646
eighth_synthetic,CHEMBL1867,35801,9,0.2,4.0,36,34,-2,10,1,9,5,7,0.5622371912889524,0.6790500366094265
eighth_synthetic,CHEMBL1867,35801,9,0.2,6.0,36,34,-2,10,1,9,5,7,0.5766315528173837,0.6937503639079663
eighth_synthetic,CHEMBL1867,35801,9,0.3,4.0,36,34,-2,9,1,8,5,7,0.5867895014321695,0.7165755917882516
eighth_synthetic,CHEMBL1867,35801,9,0.3,6.0,36,34,-2,10,1,9,5,7,0.6370493475840656,0.7575135996866154
eighth_synthetic,CHEMBL1868,35801,0,0.2,4.0,41,42,1,10,0,10,7,6,0.9051542107292716,0.9451430042728959
eighth_synthetic,CHEMBL1868,35801,0,0.2,6.0,41,42,1,10,0,10,7,6,0.9284076939802051,0.9539404215878026
eighth_synthetic,CHEMBL1868,35801,0,0.3,4.0,40,41,1,11,0,11,7,6,0.9180697700016988,0.9524726761522221
eighth_synthetic,CHEMBL1868,35801,0,0.3,6.0,40,41,1,11,0,11,7,6,0.9357738251621567,0.9585016478802205
eighth_synthetic,CHEMBL1868,35801,1,0.2,4.0,41,42,1,10,0,10,7,6,0.9140850837991812,0.951069300771945
eighth_synthetic,CHEMBL1868,35801,1,0.2,6.0,41,42,1,10,0,10,7,6,0.929942251017868,0.9548186178559614
eighth_synthetic,CHEMBL1868,35801,1,0.3,4.0,40,41,1,11,0,11,7,6,0.9070376238362193,0.9492131017788268
eighth_synthetic,CHEMBL1868,35801,1,0.3,6.0,40,41,1,11,0,11,7,6,0.9339416102104302,0.9580024750873778
eighth_synthetic,CHEMBL1868,35801,2,0.2,4.0,42,43,1,10,1,9,8,7,0.905049912026079,0.9391174391343317
eighth_synthetic,CHEMBL1868,35801,2,0.2,6.0,42,43,1,10,1,9,8,7,0.9201027711728775,0.9464209485365835
eighth_synthetic,CHEMBL1868,35801,2,0.3,4.0,40,41,1,11,0,11,7,6,0.8997658599788597,0.9433894312832575
eighth_synthetic,CHEMBL1868,35801,2,0.3,6.0,40,42,2,11,0,11,8,6,0.8470345528191371,0.9571516738647816
eighth_synthetic,CHEMBL1868,35801,3,0.2,4.0,41,42,1,10,0,10,7,6,0.9068501780636096,0.9452409177889998
eighth_synthetic,CHEMBL1868,35801,3,0.2,6.0,41,42,1,10,0,10,7,6,0.9286791223010509,0.953954185482824
eighth_synthetic,CHEMBL1868,35801,3,0.3,4.0,40,41,1,11,0,11,7,6,0.9063430470111975,0.9486879612677531
eighth_synthetic,CHEMBL1868,35801,3,0.3,6.0,40,42,2,11,0,11,8,6,0.8481828516526072,0.9579375214767247
eighth_synthetic,CHEMBL1868,35801,4,0.2,4.0,42,43,1,10,1,9,8,7,0.8926400505667595,0.9368407184099375
eighth_synthetic,CHEMBL1868,35801,4,0.2,6.0,42,43,1,10,1,9,8,7,0.8998563646693567,0.9389038167880986
eighth_synthetic,CHEMBL1868,35801,4,0.3,4.0,41,42,1,10,0,10,7,6,0.9264949452585007,0.9658191107622521
eighth_synthetic,CHEMBL1868,35801,4,0.3,6.0,41,42,1,10,0,10,7,6,0.9501886575213886,0.9750393535170531
eighth_synthetic,CHEMBL1868,35801,5,0.2,4.0,41,42,1,10,0,10,7,6,0.9110918866995373,0.9440172056404748
eighth_synthetic,CHEMBL1868,35801,5,0.2,6.0,41,42,1,10,0,10,7,6,0.9293218102921985,0.9537804414196138
eighth_synthetic,CHEMBL1868,35801,5,0.3,4.0,41,42,1,10,0,10,7,6,0.9264949452585007,0.9658191107622521
eighth_synthetic,CHEMBL1868,35801,5,0.3,6.0,41,42,1,10,0,10,7,6,0.9501886575213886,0.9750393535170531
eighth_synthetic,CHEMBL1868,35801,6,0.2,4.0,41,42,1,10,0,10,7,6,0.9151223047229913,0.9521863533117341
eighth_synthetic,CHEMBL1868,35801,6,0.2,6.0,41,42,1,10,0,10,7,6,0.9301040595997792,0.9549739799887831
eighth_synthetic,CHEMBL1868,35801,6,0.3,4.0,40,41,1,11,0,11,7,6,0.9202819280581458,0.9500482473083293
eighth_synthetic,CHEMBL1868,35801,6,0.3,6.0,40,41,1,11,0,11,7,6,0.9361145316295829,0.9581529435960531
eighth_synthetic,CHEMBL1868,35801,7,0.2,4.0,41,42,1,10,0,10,7,6,0.9054273971455575,0.9456824022505039
eighth_synthetic,CHEMBL1868,35801,7,0.2,6.0,41,43,2,10,0,10,8,6,0.834234868148511,0.954024334748906
eighth_synthetic,CHEMBL1868,35801,7,0.3,4.0,40,41,1,11,0,11,7,6,0.8997658599788597,0.9433894312832575
eighth_synthetic,CHEMBL1868,35801,7,0.3,6.0,40,42,2,11,0,11,8,6,0.8470345528191371,0.9571516738647816
eighth_synthetic,CHEMBL1868,35801,8,0.2,4.0,41,42,1,10,0,10,7,6,0.9078873989874197,0.9463579703287891
eighth_synthetic,CHEMBL1868,35801,8,0.2,6.0,41,42,1,10,0,10,7,6,0.9288409308829622,0.9541095476156457
eighth_synthetic,CHEMBL1868,35801,8,0.3,4.0,40,41,1,11,0,11,7,6,0.9098486422658738,0.9458621829134017
eighth_synthetic,CHEMBL1868,35801,8,0.3,6.0,40,41,1,11,0,11,7,6,0.9343819709859786,0.9575250451324829
eighth_synthetic,CHEMBL1868,35801,9,0.2,4.0,41,42,1,10,0,10,7,6,0.9071233644798955,0.9457803157666078
eighth_synthetic,CHEMBL1868,35801,9,0.2,6.0,41,43,2,10,0,10,8,6,0.8345062964693568,0.9540380986439274
eighth_synthetic,CHEMBL1868,35801,9,0.3,4.0,40,41,1,11,0,11,7,6,0.9098486422658738,0.9458621829134017
eighth_synthetic,CHEMBL1868,35801,9,0.3,6.0,40,41,1,11,0,11,7,6,0.9343819709859786,0.9575250451324829
eighth_synthetic,CHEMBL1871,35801,0,0.2,4.0,37,39,2,18,2,16,15,13,0.8119892741524543,0.9245453475461284
eighth_synthetic,CHEMBL1871,35801,0,0.2,6.0,36,39,3,20,2,18,16,13,0.7930963605409208,0.9275619005843646
eighth_synthetic,CHEMBL1871,35801,0,0.3,4.0,35,39,4,22,3,19,17,13,0.819318398177304,0.9179780719173234
eighth_synthetic,CHEMBL1871,35801,0,0.3,6.0,35,40,5,23,3,20,18,13,0.811008145405739,0.927569128512551
eighth_synthetic,CHEMBL1871,35801,1,0.2,4.0,37,38,1,20,2,18,15,14,0.8295790670753167,0.919309528542537
eighth_synthetic,CHEMBL1871,35801,1,0.2,6.0,37,40,3,21,2,19,17,14,0.7702531233405648,0.9368441772934434
eighth_synthetic,CHEMBL1871,35801,1,0.3,4.0,35,38,3,22,3,19,16,13,0.8190393680009592,0.9133756897244809
eighth_synthetic,CHEMBL1871,35801,1,0.3,6.0,34,38,4,24,4,20,17,13,0.8203522009573413,0.9203087125438328
eighth_synthetic,CHEMBL1871,35801,2,0.2,4.0,36,39,3,19,2,17,15,12,0.8091530269093128,0.9230165173048048
eighth_synthetic,CHEMBL1871,35801,2,0.2,6.0,36,39,3,19,2,17,15,12,0.8204764457536657,0.9271294168100116
eighth_synthetic,CHEMBL1871,35801,2,0.3,4.0,35,39,4,21,2,19,16,12,0.8218390657468087,0.9256975202363416
eighth_synthetic,CHEMBL1871,35801,2,0.3,6.0,35,39,4,20,2,18,16,12,0.8335870547799822,0.928605792535178
eighth_synthetic,CHEMBL1871,35801,3,0.2,4.0,37,39,2,19,2,17,15,13,0.8187477426198538,0.9139290698062027
eighth_synthetic,CHEMBL1871,35801,3,0.2,6.0,37,40,3,20,1,19,16,13,0.7670507896438716,0.9300086522690296
eighth_synthetic,CHEMBL1871,35801,3,0.3,4.0,34,40,6,22,3,19,18,12,0.7980481030533962,0.9164176997911191
eighth_synthetic,CHEMBL1871,35801,3,0.3,6.0,34,40,6,21,3,18,18,12,0.8058553067998708,0.9220063469514967
eighth_synthetic,CHEMBL1871,35801,4,0.2,4.0,36,39,3,20,2,18,16,13,0.8163099433587359,0.9197909875337984
eighth_synthetic,CHEMBL1871,35801,4,0.2,6.0,35,39,4,21,3,18,17,13,0.817451567327517,0.9139640559556526
eighth_synthetic,CHEMBL1871,35801,4,0.3,4.0,35,38,3,21,3,18,16,13,0.8108336491835063,0.9107179769196656
eighth_synthetic,CHEMBL1871,35801,4,0.3,6.0,35,38,3,22,4,18,16,13,0.798155014109101,0.9157556761541886
eighth_synthetic,CHEMBL1871,35801,5,0.2,4.0,36,39,3,19,2,17,15,12,0.8053377466104227,0.9199030388242804
eighth_synthetic,CHEMBL1871,35801,5,0.2,6.0,36,39,3,19,2,17,15,12,0.8198840127788046,0.9294191980939962
eighth_synthetic,CHEMBL1871,35801,5,0.3,4.0,35,39,4,19,2,17,16,12,0.7932227998175141,0.921668379123985
eighth_synthetic,CHEMBL1871,35801,5,0.3,6.0,34,40,6,22,3,19,18,12,0.7744213263937443,0.9166984746409561
eighth_synthetic,CHEMBL1871,35801,6,0.2,4.0,36,38,2,19,2,17,15,13,0.8110085483215501,0.9152075711667609
eighth_synthetic,CHEMBL1871,35801,6,0.2,6.0,35,38,3,20,3,17,16,13,0.8076923310331188,0.9190075292656056
eighth_synthetic,CHEMBL1871,35801,6,0.3,4.0,34,40,6,22,3,19,18,12,0.7840317440119037,0.9222800981984413
eighth_synthetic,CHEMBL1871,35801,6,0.3,6.0,34,40,6,22,3,19,18,12,0.7941783917244002,0.9266383946963326
eighth_synthetic,CHEMBL1871,35801,7,0.2,4.0,36,40,4,20,3,17,16,12,0.7853391827328895,0.9102257260114863
eighth_synthetic,CHEMBL1871,35801,7,0.2,6.0,36,40,4,20,2,18,16,12,0.8014118116438717,0.9259108474343185
eighth_synthetic,CHEMBL1871,35801,7,0.3,4.0,34,38,4,20,2,18,16,12,0.8165257084306539,0.9237537625000923
eighth_synthetic,CHEMBL1871,35801,7,0.3,6.0,34,39,5,23,3,20,17,12,0.8058865490477755,0.9219898364686662
eighth_synthetic,CHEMBL1871,35801,8,0.2,4.0,36,39,3,19,2,17,16,13,0.7932227998175141,0.9208286243998887
eighth_synthetic,CHEMBL1871,35801,8,0.2,6.0,36,40,4,20,2,18,17,13,0.7781444154790902,0.927053351033529
eighth_synthetic,CHEMBL1871,35801,8,0.3,4.0,35,36,1,21,3,18,15,14,0.8107144926579415,0.9174694263836539
eighth_synthetic,CHEMBL1871,35801,8,0.3,6.0,35,39,4,23,4,19,18,14,0.7606270205564039,0.9291619739237852
eighth_synthetic,CHEMBL1871,35801,9,0.2,4.0,36,39,3,19,2,17,16,13,0.7930144861333035,0.9181868157062307
eighth_synthetic,CHEMBL1871,35801,9,0.2,6.0,35,39,4,21,3,18,17,13,0.7963064438410654,0.9228013786107319
eighth_synthetic,CHEMBL1871,35801,9,0.3,4.0,35,40,5,22,3,19,18,13,0.7840317440119037,0.9212039803138032
eighth_synthetic,CHEMBL1871,35801,9,0.3,6.0,35,40,5,22,3,19,18,13,0.7941783917244002,0.9255352690192507
eighth_synthetic,CHEMBL1873,35801,0,0.2,4.0,27,26,-1,12,3,9,5,6,0.4277292202986634,0.45135130274488305
eighth_synthetic,CHEMBL1873,35801,0,0.2,6.0,27,26,-1,11,3,8,5,6,0.46106562241545457,0.4846301856181818
eighth_synthetic,CHEMBL1873,35801,0,0.3,4.0,26,26,0,11,3,8,5,5,0.47106137842372414,0.5616354909883335
eighth_synthetic,CHEMBL1873,35801,0,0.3,6.0,26,26,0,10,3,7,5,5,0.5369559599687544,0.6154777046031156
eighth_synthetic,CHEMBL1873,35801,1,0.2,4.0,27,26,-1,11,3,8,5,6,0.46616880057798615,0.49488449417509434
eighth_synthetic,CHEMBL1873,35801,1,0.2,6.0,27,26,-1,10,3,7,5,6,0.507038050017,0.5328553601299999
eighth_synthetic,CHEMBL1873,35801,1,0.3,4.0,26,26,0,11,3,8,5,5,0.47106137842372414,0.5616354909883335
eighth_synthetic,CHEMBL1873,35801,1,0.3,6.0,26,26,0,10,3,7,5,5,0.5369559599687544,0.6154777046031156
eighth_synthetic,CHEMBL1873,35801,2,0.2,4.0,27,26,-1,11,3,8,5,6,0.4610451059336364,0.4846301856181818
eighth_synthetic,CHEMBL1873,35801,2,0.2,6.0,27,26,-1,11,3,8,5,6,0.4610451059336364,0.4846301856181818
eighth_synthetic,CHEMBL1873,35801,2,0.3,4.0,27,26,-1,12,3,9,5,6,0.43242594038931736,0.4607510855887195
eighth_synthetic,CHEMBL1873,35801,2,0.3,6.0,27,26,-1,10,3,7,5,6,0.507060618147,0.5328553601299999
eighth_synthetic,CHEMBL1873,35801,3,0.2,4.0,26,26,0,11,3,8,5,5,0.4659376837793744,0.5513811824314211
eighth_synthetic,CHEMBL1873,35801,3,0.2,6.0,26,26,0,11,3,8,5,5,0.4882432058897768,0.5597414078664688
eighth_synthetic,CHEMBL1873,35801,3,0.3,4.0,27,26,-1,11,3,8,5,6,0.46616880057798615,0.49488449417509434
eighth_synthetic,CHEMBL1873,35801,3,0.3,6.0,27,26,-1,10,3,7,5,6,0.507038050017,0.5328553601299999
eighth_synthetic,CHEMBL1873,35801,4,0.2,4.0,26,26,0,11,3,8,5,5,0.4659376837793744,0.5513811824314211
eighth_synthetic,CHEMBL1873,35801,4,0.2,6.0,26,26,0,11,3,8,5,5,0.4882432058897768,0.5597414078664688
eighth_synthetic,CHEMBL1873,35801,4,0.3,4.0,27,26,-1,14,4,10,5,6,0.37361632228483926,0.40008923588415785
eighth_synthetic,CHEMBL1873,35801,4,0.3,6.0,27,26,-1,11,4,7,5,6,0.46118723481545454,0.4847321598727273
eighth_synthetic,CHEMBL1873,35801,5,0.2,4.0,27,26,-1,11,3,8,5,6,0.4589186385076328,0.4772094275398725
eighth_synthetic,CHEMBL1873,35801,5,0.2,6.0,27,26,-1,10,3,7,5,6,0.498707622657,0.51640201118
eighth_synthetic,CHEMBL1873,35801,5,0.3,4.0,26,26,0,10,3,7,5,5,0.5097029542660966,0.601107847087167
eighth_synthetic,CHEMBL1873,35801,5,0.3,6.0,26,26,0,9,3,6,5,5,0.5872126644097272,0.665318346225684
eighth_synthetic,CHEMBL1873,35801,6,0.2,4.0,26,26,0,13,4,9,5,5,0.39740836740685065,0.4721099447737853
eighth_synthetic,CHEMBL1873,35801,6,0.2,6.0,26,26,0,12,4,8,5,5,0.4477171411406287,0.5133879703192631
eighth_synthetic,CHEMBL1873,35801,6,0.3,4.0,26,26,0,10,3,7,5,5,0.5040668901573119,0.5898281076745632
eighth_synthetic,CHEMBL1873,35801,6,0.3,6.0,26,26,0,10,3,7,5,5,0.5286029644787545,0.5990243556531156
eighth_synthetic,CHEMBL1873,35801,7,0.2,4.0,27,26,-1,11,3,8,5,6,0.46616880057798615,0.49488449417509434
eighth_synthetic,CHEMBL1873,35801,7,0.2,6.0,27,26,-1,10,3,7,5,6,0.507038050017,0.5328553601299999
eighth_synthetic,CHEMBL1873,35801,7,0.3,4.0,26,26,0,12,3,9,5,5,0.43221408332392325,0.5125397164903525
eighth_synthetic,CHEMBL1873,35801,7,0.3,6.0,26,26,0,11,3,8,5,5,0.488263722371595,0.5597414078664688
eighth_synthetic,CHEMBL1873,35801,8,0.2,4.0,27,26,-1,11,3,8,5,6,0.46616880057798615,0.49488449417509434
eighth_synthetic,CHEMBL1873,35801,8,0.2,6.0,27,26,-1,10,3,7,5,6,0.507038050017,0.5328553601299999
eighth_synthetic,CHEMBL1873,35801,8,0.3,4.0,27,26,-1,12,3,9,5,6,0.4277292202986634,0.45135130274488305
eighth_synthetic,CHEMBL1873,35801,8,0.3,6.0,27,26,-1,11,3,8,5,6,0.46106562241545457,0.4846301856181818
eighth_synthetic,CHEMBL1873,35801,9,0.2,4.0,26,26,0,10,3,7,5,5,0.5040668901573119,0.5898281076745632
eighth_synthetic,CHEMBL1873,35801,9,0.2,6.0,26,26,0,10,3,7,5,5,0.5286029644787545,0.5990243556531156
eighth_synthetic,CHEMBL1873,35801,9,0.3,4.0,26,26,0,12,3,9,5,5,0.4369108034145772,0.5219394993341889
eighth_synthetic,CHEMBL1873,35801,9,0.3,6.0,26,26,0,10,3,7,5,5,0.5369785280987545,0.6154777046031156
eighth_synthetic,CHEMBL1889,35801,0,0.2,4.0,47,47,0,16,6,10,15,15,0.948773420625,0.9765063005859483
eighth_synthetic,CHEMBL1889,35801,0,0.2,6.0,46,46,0,16,6,10,15,15,0.95079675375,0.9782483313982762
eighth_synthetic,CHEMBL1889,35801,0,0.3,4.0,46,45,-1,16,5,11,14,15,0.9533083841284911,0.9751922875243082
eighth_synthetic,CHEMBL1889,35801,0,0.3,6.0,46,45,-1,17,5,12,14,15,0.9582197802953739,0.9790489817833721
eighth_synthetic,CHEMBL1889,35801,1,0.2,4.0,47,47,0,16,6,10,15,15,0.948773420625,0.9765063005859483
eighth_synthetic,CHEMBL1889,35801,1,0.2,6.0,47,47,0,16,6,10,15,15,0.948773420625,0.9782483313982762
eighth_synthetic,CHEMBL1889,35801,1,0.3,4.0,46,46,0,16,6,10,15,15,0.95079675375,0.9765063005859483
eighth_synthetic,CHEMBL1889,35801,1,0.3,6.0,46,46,0,16,6,10,15,15,0.95079675375,0.9782483313982762
eighth_synthetic,CHEMBL1889,35801,2,0.2,4.0,47,46,-1,15,5,10,14,15,0.9526216973333334,0.9770987886666668
eighth_synthetic,CHEMBL1889,35801,2,0.2,6.0,47,46,-1,16,5,11,14,15,0.9547898832756113,0.978213138387126
eighth_synthetic,CHEMBL1889,35801,2,0.3,4.0,47,47,0,16,6,10,15,15,0.948773420625,0.9765063005859483
eighth_synthetic,CHEMBL1889,35801,2,0.3,6.0,47,47,0,16,6,10,15,15,0.948773420625,0.9782483313982762
eighth_synthetic,CHEMBL1889,35801,3,0.2,4.0,47,47,0,16,6,10,15,15,0.948773420625,0.9765063005859483
eighth_synthetic,CHEMBL1889,35801,3,0.2,6.0,46,46,0,16,6,10,15,15,0.95079675375,0.9782483313982762
eighth_synthetic,CHEMBL1889,35801,3,0.3,4.0,46,46,0,16,6,10,15,15,0.95079675375,0.9765063005859483
eighth_synthetic,CHEMBL1889,35801,3,0.3,6.0,46,46,0,17,6,11,15,15,0.9529447489652813,0.9792295109744961
eighth_synthetic,CHEMBL1889,35801,4,0.2,4.0,46,45,-1,16,5,11,14,15,0.9533083841284911,0.9751922875243082
eighth_synthetic,CHEMBL1889,35801,4,0.2,6.0,46,45,-1,17,5,12,14,15,0.9582197802953739,0.9790489817833721
eighth_synthetic,CHEMBL1889,35801,4,0.3,4.0,46,46,0,16,6,10,15,15,0.95079675375,0.9765063005859483
eighth_synthetic,CHEMBL1889,35801,4,0.3,6.0,46,46,0,17,6,11,15,15,0.9529447489652813,0.9792295109744961
eighth_synthetic,CHEMBL1889,35801,5,0.2,4.0,46,46,0,16,6,10,15,15,0.95079675375,0.9765063005859483
eighth_synthetic,CHEMBL1889,35801,5,0.2,6.0,46,46,0,16,6,10,15,15,0.95079675375,0.9782483313982762
eighth_synthetic,CHEMBL1889,35801,5,0.3,4.0,46,46,0,16,6,10,15,15,0.95079675375,0.9765063005859483
eighth_synthetic,CHEMBL1889,35801,5,0.3,6.0,46,46,0,17,6,11,15,15,0.9529447489652813,0.9792295109744961
eighth_synthetic,CHEMBL1889,35801,6,0.2,4.0,47,47,0,16,6,10,15,15,0.948773420625,0.9765063005859483
eighth_synthetic,CHEMBL1889,35801,6,0.2,6.0,46,46,0,16,6,10,15,15,0.95079675375,0.9782483313982762
eighth_synthetic,CHEMBL1889,35801,6,0.3,4.0,47,47,0,16,6,10,15,15,0.948773420625,0.9765063005859483
eighth_synthetic,CHEMBL1889,35801,6,0.3,6.0,46,46,0,16,6,10,15,15,0.95079675375,0.9782483313982762
eighth_synthetic,CHEMBL1889,35801,7,0.2,4.0,47,46,-1,15,5,10,14,15,0.9526216973333334,0.9770987886666668
eighth_synthetic,CHEMBL1889,35801,7,0.2,6.0,47,46,-1,15,5,10,14,15,0.9526216973333334,0.9770987886666668
eighth_synthetic,CHEMBL1889,35801,7,0.3,4.0,46,46,0,16,6,10,15,15,0.95079675375,0.9765063005859483
eighth_synthetic,CHEMBL1889,35801,7,0.3,6.0,46,46,0,16,6,10,15,15,0.95079675375,0.9782483313982762
eighth_synthetic,CHEMBL1889,35801,8,0.2,4.0,46,45,-1,15,5,10,14,15,0.9540429306666667,0.9770987886666668
eighth_synthetic,CHEMBL1889,35801,8,0.2,6.0,46,45,-1,16,5,11,14,15,0.9561222895256112,0.978213138387126
eighth_synthetic,CHEMBL1889,35801,8,0.3,4.0,48,47,-1,15,5,10,14,15,0.9504742020000001,0.9770987886666668
eighth_synthetic,CHEMBL1889,35801,8,0.3,6.0,47,46,-1,15,5,10,14,15,0.9526216973333334,0.9770987886666668
eighth_synthetic,CHEMBL1889,35801,9,0.2,4.0,46,46,0,16,6,10,15,15,0.95079675375,0.9765063005859483
eighth_synthetic,CHEMBL1889,35801,9,0.2,6.0,46,46,0,16,6,10,15,15,0.95079675375,0.9782483313982762
eighth_synthetic,CHEMBL1889,35801,9,0.3,4.0,47,46,-1,16,5,11,14,15,0.951975977878491,0.9751922875243082
eighth_synthetic,CHEMBL1889,35801,9,0.3,6.0,46,45,-1,16,5,11,14,15,0.9564014745382234,0.978056519132707
eighth_synthetic,CHEMBL1898,35801,0,0.2,4.0,47,48,1,9,0,9,9,8,0.9268148344444445,0.973984005742057
eighth_synthetic,CHEMBL1898,35801,0,0.2,6.0,47,48,1,9,0,9,9,8,0.9268148344444445,0.9740298481028851
eighth_synthetic,CHEMBL1898,35801,0,0.3,4.0,47,46,-1,8,2,6,7,8,0.9509328693070823,0.9811196125
eighth_synthetic,CHEMBL1898,35801,0,0.3,6.0,47,46,-1,9,2,7,7,8,0.9593364236767657,0.9820293584579708
eighth_synthetic,CHEMBL1898,35801,1,0.2,4.0,47,47,0,9,1,8,8,8,0.9356716915353852,0.9768754495567236
eighth_synthetic,CHEMBL1898,35801,1,0.2,6.0,47,47,0,9,1,8,8,8,0.9426092134557597,0.982314580479344
eighth_synthetic,CHEMBL1898,35801,1,0.3,4.0,46,47,1,8,1,7,8,7,0.9367531087500001,0.982317801459814
eighth_synthetic,CHEMBL1898,35801,1,0.3,6.0,46,47,1,9,1,8,8,7,0.9415013514545435,0.9831402576719669
eighth_synthetic,CHEMBL1898,35801,2,0.2,4.0,47,48,1,9,0,9,9,8,0.9268148344444445,0.973984005742057
eighth_synthetic,CHEMBL1898,35801,2,0.2,6.0,47,48,1,9,0,9,9,8,0.9268148344444445,0.9740298481028851
eighth_synthetic,CHEMBL1898,35801,2,0.3,4.0,46,47,1,8,1,7,8,7,0.9367531087500001,0.982317801459814
eighth_synthetic,CHEMBL1898,35801,2,0.3,6.0,46,47,1,9,1,8,8,7,0.9415013514545435,0.9831402576719669
eighth_synthetic,CHEMBL1898,35801,3,0.2,4.0,47,48,1,9,0,9,9,8,0.9268148344444445,0.973984005742057
eighth_synthetic,CHEMBL1898,35801,3,0.2,6.0,47,48,1,9,0,9,9,8,0.9268148344444445,0.9740298481028851
eighth_synthetic,CHEMBL1898,35801,3,0.3,4.0,47,46,-1,9,2,7,7,8,0.9535067637576073,0.9768754495567236
eighth_synthetic,CHEMBL1898,35801,3,0.3,6.0,47,46,-1,10,2,8,7,8,0.962348586419273,0.9830138550435834
eighth_synthetic,CHEMBL1898,35801,4,0.2,4.0,47,47,0,9,1,8,8,8,0.9356716915353852,0.9768754495567236
eighth_synthetic,CHEMBL1898,35801,4,0.2,6.0,47,47,0,9,1,8,8,8,0.9426092134557597,0.982314580479344
eighth_synthetic,CHEMBL1898,35801,4,0.3,4.0,47,47,0,9,1,8,8,8,0.9301067949396287,0.973984005742057
eighth_synthetic,CHEMBL1898,35801,4,0.3,6.0,46,47,1,8,1,7,8,7,0.9367531087500001,0.9823693741157457
eighth_synthetic,CHEMBL1898,35801,5,0.2,4.0,47,48,1,9,0,9,9,8,0.9268148344444445,0.973984005742057
eighth_synthetic,CHEMBL1898,35801,5,0.2,6.0,47,48,1,9,0,9,9,8,0.9268148344444445,0.9740298481028851
eighth_synthetic,CHEMBL1898,35801,5,0.3,4.0,47,46,-1,9,2,7,7,8,0.9568915803781987,0.9800690610835482
eighth_synthetic,CHEMBL1898,35801,5,0.3,6.0,47,46,-1,10,2,8,7,8,0.9628054256106726,0.9834333139579439
eighth_synthetic,CHEMBL1898,35801,6,0.2,4.0,47,47,0,9,1,8,8,8,0.9356716915353852,0.9768754495567236
eighth_synthetic,CHEMBL1898,35801,6,0.2,6.0,47,47,0,9,1,8,8,8,0.9426092134557597,0.982314580479344
eighth_synthetic,CHEMBL1898,35801,6,0.3,4.0,47,46,-1,9,2,7,7,8,0.9482759231416805,0.9768754495567236
eighth_synthetic,CHEMBL1898,35801,6,0.3,6.0,47,46,-1,9,2,7,7,8,0.960444285677982,0.982314580479344
eighth_synthetic,CHEMBL1898,35801,7,0.2,4.0,47,48,1,9,0,9,9,8,0.9268148344444445,0.973984005742057
eighth_synthetic,CHEMBL1898,35801,7,0.2,6.0,47,48,1,9,0,9,9,8,0.9268148344444445,0.9740298481028851
eighth_synthetic,CHEMBL1898,35801,7,0.3,4.0,47,46,-1,9,2,7,7,8,0.9535067637576073,0.9768754495567236
eighth_synthetic,CHEMBL1898,35801,7,0.3,6.0,47,46,-1,10,2,8,7,8,0.962348586419273,0.9830138550435834
eighth_synthetic,CHEMBL1898,35801,8,0.2,4.0,48,47,-1,9,1,8,8,9,0.9301067949396287,0.972918948888889
eighth_synthetic,CHEMBL1898,35801,8,0.2,6.0,47,47,0,8,1,7,8,8,0.9367531087500001,0.9811196125
eighth_synthetic,CHEMBL1898,35801,8,0.3,4.0,47,46,-1,9,2,7,7,8,0.9516607397622718,0.9800690610835482
eighth_synthetic,CHEMBL1898,35801,8,0.3,6.0,47,46,-1,9,2,7,7,8,0.9609518847795372,0.9827806459397446
eighth_synthetic,CHEMBL1898,35801,9,0.2,4.0,47,47,0,9,1,8,8,8,0.9390565081559763,0.9800690610835482
eighth_synthetic,CHEMBL1898,35801,9,0.2,6.0,47,47,0,9,1,8,8,8,0.9431168125573149,0.9827806459397446
eighth_synthetic,CHEMBL1898,35801,9,0.3,4.0,47,46,-1,9,2,7,7,8,0.9568915803781987,0.9800690610835482
eighth_synthetic,CHEMBL1898,35801,9,0.3,6.0,47,46,-1,10,2,8,7,8,0.9628054256106726,0.9834333139579439
eighth_synthetic,CHEMBL1899,35801,0,0.2,4.0,38,38,0,12,1,11,10,10,0.8965451282117005,0.9217068558694826
eighth_synthetic,CHEMBL1899,35801,0,0.2,6.0,38,39,1,12,1,11,11,10,0.8437231499999999,0.9282061164780998
eighth_synthetic,CHEMBL1899,35801,0,0.3,4.0,38,38,0,13,1,12,10,10,0.8870594348310311,0.9271570349975609
eighth_synthetic,CHEMBL1899,35801,0,0.3,6.0,38,39,1,14,1,13,11,10,0.8534774512441511,0.9358416387240549
eighth_synthetic,CHEMBL1899,35801,1,0.2,4.0,39,40,1,12,1,11,11,10,0.8502366824999998,0.928395828830605
eighth_synthetic,CHEMBL1899,35801,1,0.2,6.0,39,40,1,13,1,12,11,10,0.8549061890886027,0.9318952196450584
eighth_synthetic,CHEMBL1899,35801,1,0.3,4.0,38,40,2,13,1,12,12,10,0.8438462470089736,0.9271168048235723
eighth_synthetic,CHEMBL1899,35801,1,0.3,6.0,38,41,3,13,1,12,13,10,0.7995151123076922,0.9336505226345572
eighth_synthetic,CHEMBL1899,35801,2,0.2,4.0,38,39,1,11,1,10,11,10,0.8989679818181817,0.9229007936363636
eighth_synthetic,CHEMBL1899,35801,2,0.2,6.0,38,39,1,12,1,11,11,10,0.8970824615333409,0.9262224252443313
eighth_synthetic,CHEMBL1899,35801,2,0.3,4.0,38,39,1,13,1,12,11,10,0.8427883062397428,0.9271168048235723
eighth_synthetic,CHEMBL1899,35801,2,0.3,6.0,38,40,2,14,1,13,12,10,0.8064916784394168,0.935836486421377
eighth_synthetic,CHEMBL1899,35801,3,0.2,4.0,39,40,1,13,1,12,11,10,0.8427883062397428,0.9271168048235723
eighth_synthetic,CHEMBL1899,35801,3,0.2,6.0,39,41,2,13,1,12,12,10,0.7984571715384614,0.9336505226345572
eighth_synthetic,CHEMBL1899,35801,3,0.3,4.0,39,40,1,14,1,13,11,10,0.8471227337716717,0.9315630479239679
eighth_synthetic,CHEMBL1899,35801,3,0.3,6.0,39,41,2,14,1,13,12,10,0.8118349763761626,0.9382860025873185
eighth_synthetic,CHEMBL1899,35801,4,0.2,4.0,38,39,1,11,1,10,11,10,0.8989679818181817,0.9229007936363636
eighth_synthetic,CHEMBL1899,35801,4,0.2,6.0,38,39,1,12,1,11,11,10,0.8970824615333409,0.9262224252443313
eighth_synthetic,CHEMBL1899,35801,4,0.3,4.0,38,39,1,13,1,12,11,10,0.8881173756002619,0.9271570349975609
eighth_synthetic,CHEMBL1899,35801,4,0.3,6.0,38,40,2,13,1,12,12,10,0.8501151753281753,0.9336560712682103
eighth_synthetic,CHEMBL1899,35801,5,0.2,4.0,38,39,1,12,1,11,11,10,0.8868379659263881,0.9219731038949316
eighth_synthetic,CHEMBL1899,35801,5,0.2,6.0,38,40,2,13,1,12,12,10,0.8416994291076993,0.9309032351881149
eighth_synthetic,CHEMBL1899,35801,5,0.3,4.0,38,38,0,12,0,12,10,10,0.9396599441380887,0.9750364522644143
eighth_synthetic,CHEMBL1899,35801,5,0.3,6.0,38,40,2,12,0,12,12,10,0.83881257,0.9878110826875597
eighth_synthetic,CHEMBL1899,35801,6,0.2,4.0,38,39,1,11,1,10,11,10,0.8989679818181817,0.9229007936363636
eighth_synthetic,CHEMBL1899,35801,6,0.2,6.0,38,39,1,12,1,11,11,10,0.8970824615333409,0.9262224252443313
eighth_synthetic,CHEMBL1899,35801,6,0.3,4.0,39,40,1,13,1,12,11,10,0.8543315755143651,0.9330857041689516
eighth_synthetic,CHEMBL1899,35801,6,0.3,6.0,39,40,1,14,1,13,11,10,0.8617805976904549,0.9365493896172083
eighth_synthetic,CHEMBL1899,35801,7,0.2,4.0,39,39,0,13,1,12,10,10,0.8870594348310311,0.9271570349975609
eighth_synthetic,CHEMBL1899,35801,7,0.2,6.0,39,40,1,13,1,12,11,10,0.8490572345589444,0.9336560712682103
eighth_synthetic,CHEMBL1899,35801,7,0.3,4.0,38,38,0,13,1,12,10,10,0.8870594348310311,0.9271570349975609
eighth_synthetic,CHEMBL1899,35801,7,0.3,6.0,38,39,1,14,1,13,11,10,0.8534774512441511,0.9358416387240549
eighth_synthetic,CHEMBL1899,35801,8,0.2,4.0,39,40,1,13,1,12,11,10,0.8427883062397428,0.9271168048235723
eighth_synthetic,CHEMBL1899,35801,8,0.2,6.0,39,41,2,13,1,12,12,10,0.7984571715384614,0.9336505226345572
eighth_synthetic,CHEMBL1899,35801,8,0.3,4.0,39,40,1,13,1,12,11,10,0.8543315755143651,0.9330857041689516
eighth_synthetic,CHEMBL1899,35801,8,0.3,6.0,39,40,1,13,1,12,11,10,0.8606605099435598,0.934533160131457
eighth_synthetic,CHEMBL1899,35801,9,0.2,4.0,39,40,1,13,1,12,11,10,0.8528067045031081,0.9268710374154655
eighth_synthetic,CHEMBL1899,35801,9,0.2,6.0,39,41,2,13,1,12,12,10,0.8040479553846153,0.9336114236517633
eighth_synthetic,CHEMBL1899,35801,9,0.3,4.0,38,39,1,13,1,12,11,10,0.8427883062397428,0.9271168048235723
eighth_synthetic,CHEMBL1899,35801,9,0.3,6.0,38,40,2,14,1,13,12,10,0.8064916784394168,0.935836486421377
eighth_synthetic,CHEMBL1902,35801,0,0.2,4.0,31,31,0,6,1,5,2,2,0.2265276706,0.3451173336666667
eighth_synthetic,CHEMBL1902,35801,0,0.2,6.0,31,31,0,7,1,6,2,2,0.26510028187844964,0.3972407867044553
eighth_synthetic,CHEMBL1902,35801,0,0.3,4.0,31,31,0,6,1,5,2,2,0.2265276706,0.3451173336666667
eighth_synthetic,CHEMBL1902,35801,0,0.3,6.0,31,31,0,7,1,6,2,2,0.26510028187844964,0.3972407867044553
eighth_synthetic,CHEMBL1902,35801,1,0.2,4.0,31,31,0,7,1,6,2,2,0.23963325161023535,0.40075174419534826
eighth_synthetic,CHEMBL1902,35801,1,0.2,6.0,31,31,0,7,1,6,2,2,0.321609513044939,0.4252487058230471
eighth_synthetic,CHEMBL1902,35801,1,0.3,4.0,31,31,0,6,1,5,2,2,0.2265276706,0.3451173336666667
eighth_synthetic,CHEMBL1902,35801,1,0.3,6.0,31,31,0,7,1,6,2,2,0.26510028187844964,0.3972407867044553
eighth_synthetic,CHEMBL1902,35801,2,0.2,4.0,31,31,0,6,1,5,2,2,0.2265276706,0.3451173336666667
eighth_synthetic,CHEMBL1902,35801,2,0.2,6.0,31,31,0,7,1,6,2,2,0.26510028187844964,0.3972407867044553
eighth_synthetic,CHEMBL1902,35801,2,0.3,4.0,31,31,0,6,1,5,2,2,0.2794531106854198,0.4005233678902275
eighth_synthetic,CHEMBL1902,35801,2,0.3,6.0,31,31,0,7,1,6,2,2,0.37550670946052406,0.5092242754078313
eighth_synthetic,CHEMBL1902,35801,3,0.2,4.0,31,31,0,7,1,6,2,2,0.28499791454059514,0.4482426306726861
eighth_synthetic,CHEMBL1902,35801,3,0.2,6.0,31,31,0,7,1,6,2,2,0.43201594062701343,0.5372321945264231
eighth_synthetic,CHEMBL1902,35801,3,0.3,4.0,31,31,0,6,1,5,2,2,0.26656956058998516,0.38870543450390066
eighth_synthetic,CHEMBL1902,35801,3,0.3,6.0,31,31,0,6,1,5,2,2,0.30829258525819125,0.4623363043885311
eighth_synthetic,CHEMBL1902,35801,4,0.2,4.0,31,31,0,6,1,5,2,2,0.2794531106854198,0.4005233678902275
eighth_synthetic,CHEMBL1902,35801,4,0.2,6.0,31,31,0,7,1,6,2,2,0.37550670946052406,0.5092242754078313
eighth_synthetic,CHEMBL1902,35801,4,0.3,4.0,31,31,0,7,1,6,2,2,0.23963325161023535,0.40075174419534826
eighth_synthetic,CHEMBL1902,35801,4,0.3,6.0,31,31,0,7,1,6,2,2,0.321609513044939,0.4252487058230471
eighth_synthetic,CHEMBL1902,35801,5,0.2,4.0,31,31,0,6,1,5,2,2,0.2788841770452746,0.4665384475612397
eighth_synthetic,CHEMBL1902,35801,5,0.2,6.0,31,31,0,7,1,6,2,2,0.39195354883767436,0.5258129888132166
eighth_synthetic,CHEMBL1902,35801,5,0.3,4.0,31,31,0,6,1,5,2,2,0.2265276706,0.3451173336666667
eighth_synthetic,CHEMBL1902,35801,5,0.3,6.0,31,31,0,7,1,6,2,2,0.26510028187844964,0.3972407867044553
eighth_synthetic,CHEMBL1902,35801,6,0.2,4.0,31,31,0,6,1,5,2,2,0.2788841770452746,0.4665384475612397
eighth_synthetic,CHEMBL1902,35801,6,0.2,6.0,31,31,0,7,1,6,2,2,0.39195354883767436,0.5258129888132166
eighth_synthetic,CHEMBL1902,35801,6,0.3,4.0,31,31,0,6,1,5,2,2,0.2788841770452746,0.4665384475612397
eighth_synthetic,CHEMBL1902,35801,6,0.3,6.0,31,31,0,7,1,6,2,2,0.39195354883767436,0.5258129888132166
eighth_synthetic,CHEMBL1902,35801,7,0.2,4.0,31,31,0,7,1,6,2,2,0.19475624608571426,0.2966765037142857
eighth_synthetic,CHEMBL1902,35801,7,0.2,6.0,31,31,0,7,1,6,2,2,0.19475624608571426,0.2966765037142857
eighth_synthetic,CHEMBL1902,35801,7,0.3,4.0,31,31,0,6,1,5,2,2,0.2794531106854198,0.4005233678902275
eighth_synthetic,CHEMBL1902,35801,7,0.3,6.0,31,31,0,7,1,6,2,2,0.37550670946052406,0.5092242754078313
eighth_synthetic,CHEMBL1902,35801,8,0.2,4.0,31,31,0,6,1,5,2,2,0.2265276706,0.3451173336666667
eighth_synthetic,CHEMBL1902,35801,8,0.2,6.0,31,31,0,7,1,6,2,2,0.26510028187844964,0.3972407867044553
eighth_synthetic,CHEMBL1902,35801,8,0.3,4.0,31,31,0,7,1,6,2,2,0.23963325161023535,0.40075174419534826
eighth_synthetic,CHEMBL1902,35801,8,0.3,6.0,31,31,0,7,1,6,2,2,0.321609513044939,0.4252487058230471
eighth_synthetic,CHEMBL1902,35801,9,0.2,4.0,31,31,0,6,1,5,2,2,0.2788841770452746,0.4665384475612397
eighth_synthetic,CHEMBL1902,35801,9,0.2,6.0,31,31,0,7,1,6,2,2,0.39195354883767436,0.5258129888132166
eighth_synthetic,CHEMBL1902,35801,9,0.3,4.0,31,31,0,7,1,6,2,2,0.2739548716016512,0.4381129734844059
eighth_synthetic,CHEMBL1902,35801,9,0.3,6.0,31,31,0,6,1,5,2,2,0.37422002161909546,0.4950122100268883
eighth_synthetic,CHEMBL1904,35801,0,0.2,4.0,31,32,1,12,0,12,8,7,0.5072620380809567,0.6884512142060105
eighth_synthetic,CHEMBL1904,35801,0,0.2,6.0,31,32,1,13,0,13,8,7,0.5733576863395362,0.7317210559965655
eighth_synthetic,CHEMBL1904,35801,0,0.3,4.0,30,32,2,14,0,14,9,7,0.51265645240074,0.7289561561003646
eighth_synthetic,CHEMBL1904,35801,0,0.3,6.0,30,32,2,15,0,15,9,7,0.582419178808461,0.7664952655723003
eighth_synthetic,CHEMBL1904,35801,1,0.2,4.0,30,32,2,12,0,12,8,6,0.5072620380809567,0.6971788271551355
eighth_synthetic,CHEMBL1904,35801,1,0.2,6.0,30,32,2,13,0,13,8,6,0.5658562132626132,0.7407204266303472
eighth_synthetic,CHEMBL1904,35801,1,0.3,4.0,29,32,3,12,0,12,8,5,0.5595921523092398,0.7578464073083989
eighth_synthetic,CHEMBL1904,35801,1,0.3,6.0,29,33,4,13,0,13,9,5,0.5667048586472285,0.8015640408757859
eighth_synthetic,CHEMBL1904,35801,2,0.2,4.0,30,32,2,11,0,11,8,6,0.581164428249036,0.7552595174399237
eighth_synthetic,CHEMBL1904,35801,2,0.2,6.0,30,33,3,13,0,13,9,6,0.5847729082908318,0.7962311637077211
eighth_synthetic,CHEMBL1904,35801,2,0.3,4.0,29,32,3,11,0,11,8,5,0.581164428249036,0.7662716409747637
eighth_synthetic,CHEMBL1904,35801,2,0.3,6.0,29,33,4,12,0,12,9,5,0.5428269129354574,0.7908558112477341
eighth_synthetic,CHEMBL1904,35801,3,0.2,4.0,30,32,2,12,0,12,8,6,0.5433810597199067,0.7222440320010722
eighth_synthetic,CHEMBL1904,35801,3,0.2,6.0,30,32,2,13,0,13,8,6,0.5731698326875716,0.7451838661395886
eighth_synthetic,CHEMBL1904,35801,3,0.3,4.0,29,32,3,13,0,13,9,6,0.5880225836292573,0.7859767108727568
eighth_synthetic,CHEMBL1904,35801,3,0.3,6.0,29,33,4,14,0,14,10,6,0.5666919367985445,0.8102694263139372
eighth_synthetic,CHEMBL1904,35801,4,0.2,4.0,30,32,2,12,0,12,9,7,0.5082639866666666,0.7131553374836125
eighth_synthetic,CHEMBL1904,35801,4,0.2,6.0,30,32,2,13,0,13,9,7,0.533440785786576,0.7355853728236822
eighth_synthetic,CHEMBL1904,35801,4,0.3,4.0,31,32,1,13,0,13,8,7,0.5756727271443782,0.7538758699699201
eighth_synthetic,CHEMBL1904,35801,4,0.3,6.0,31,32,1,14,0,14,8,7,0.6481989511616054,0.7926065051110058
eighth_synthetic,CHEMBL1904,35801,5,0.2,4.0,30,32,2,12,0,12,8,6,0.5957111739481897,0.7735005823929716
eighth_synthetic,CHEMBL1904,35801,5,0.2,6.0,30,33,3,13,0,13,9,6,0.5815199511491101,0.7963870008884887
eighth_synthetic,CHEMBL1904,35801,5,0.3,4.0,31,32,1,13,1,12,8,7,0.5241294025854124,0.7097973742770581
eighth_synthetic,CHEMBL1904,35801,5,0.3,6.0,31,32,1,14,1,13,8,7,0.5980556844376367,0.7500329455705642
eighth_synthetic,CHEMBL1904,35801,6,0.2,4.0,30,32,2,11,0,11,8,6,0.524077030909091,0.6993432806487607
eighth_synthetic,CHEMBL1904,35801,6,0.2,6.0,30,32,2,12,0,12,8,6,0.5419075471021241,0.7242473612138555
eighth_synthetic,CHEMBL1904,35801,6,0.3,4.0,30,32,2,13,0,13,8,6,0.5746793234115197,0.765798217495455
eighth_synthetic,CHEMBL1904,35801,6,0.3,6.0,30,33,3,14,0,14,9,6,0.6009285408662081,0.8065305873699001
eighth_synthetic,CHEMBL1904,35801,7,0.2,4.0,30,32,2,12,0,12,8,6,0.5433810597199067,0.7222440320010722
eighth_synthetic,CHEMBL1904,35801,7,0.2,6.0,30,32,2,13,0,13,8,6,0.5731698326875716,0.7451838661395886
eighth_synthetic,CHEMBL1904,35801,7,0.3,4.0,30,32,2,12,0,12,8,6,0.5568343097034123,0.7193999432155472
eighth_synthetic,CHEMBL1904,35801,7,0.3,6.0,30,32,2,13,0,13,8,6,0.5762165442445863,0.7453459912522044
eighth_synthetic,CHEMBL1904,35801,8,0.2,4.0,31,32,1,12,0,12,8,7,0.5568343097034123,0.7093054966419441
eighth_synthetic,CHEMBL1904,35801,8,0.2,6.0,31,32,1,14,0,14,8,7,0.612781423409639,0.7535880913933015
eighth_synthetic,CHEMBL1904,35801,8,0.3,4.0,30,32,2,12,0,12,8,6,0.6092995147998709,0.7647237075620783
eighth_synthetic,CHEMBL1904,35801,8,0.3,6.0,30,32,2,13,0,13,8,6,0.6261429363982246,0.7887849791020712
eighth_synthetic,CHEMBL1904,35801,9,0.2,4.0,30,32,2,11,0,11,8,6,0.524077030909091,0.6993432806487607
eighth_synthetic,CHEMBL1904,35801,9,0.2,6.0,30,32,2,13,0,13,8,6,0.5764227898292934,0.7450280289588209
eighth_synthetic,CHEMBL1904,35801,9,0.3,4.0,31,32,1,12,0,12,8,7,0.6102406113089587,0.7570572003092112
eighth_synthetic,CHEMBL1904,35801,9,0.3,6.0,31,32,1,13,0,13,8,7,0.6354732584088604,0.780912851628769
eighth_synthetic,CHEMBL1906,35801,0,0.2,4.0,48,48,0,20,20,0,19,19,0.9608213354999998,0.9912402568547932
eighth_synthetic,CHEMBL1906,35801,0,0.2,6.0,46,48,2,22,22,0,21,19,0.9623072654545454,0.9914790726829635
eighth_synthetic,CHEMBL1906,35801,0,0.3,4.0,47,48,1,21,21,0,20,19,0.9615889466666667,0.9911339378209151
eighth_synthetic,CHEMBL1906,35801,0,0.3,6.0,46,48,2,22,22,0,21,19,0.9623072654545454,0.9921669639382755
eighth_synthetic,CHEMBL1906,35801,1,0.2,4.0,47,48,1,21,21,0,20,19,0.9615889466666667,0.9910861189164861
eighth_synthetic,CHEMBL1906,35801,1,0.2,6.0,46,48,2,22,22,0,21,19,0.9623072654545454,0.9915865639563504
eighth_synthetic,CHEMBL1906,35801,1,0.3,4.0,47,48,1,21,21,0,20,19,0.9615889466666667,0.9911339378209151
eighth_synthetic,CHEMBL1906,35801,1,0.3,6.0,45,48,3,23,23,0,22,19,0.9629726234782607,0.9917842460018648
eighth_synthetic,CHEMBL1906,35801,2,0.2,4.0,47,48,1,21,21,0,20,19,0.9615889466666667,0.9911339378209151
eighth_synthetic,CHEMBL1906,35801,2,0.2,6.0,47,48,1,21,21,0,20,19,0.9615889466666667,0.9919846952966597
eighth_synthetic,CHEMBL1906,35801,2,0.3,4.0,46,48,2,22,22,0,21,19,0.9623072654545454,0.9907345804205033
eighth_synthetic,CHEMBL1906,35801,2,0.3,6.0,45,48,3,23,23,0,22,19,0.9629726234782607,0.992325951304012
eighth_synthetic,CHEMBL1906,35801,3,0.2,4.0,48,48,0,20,20,0,19,19,0.9608213354999998,0.9912402568547932
eighth_synthetic,CHEMBL1906,35801,3,0.2,6.0,46,48,2,22,22,0,21,19,0.9623072654545454,0.9919734650279498
eighth_synthetic,CHEMBL1906,35801,3,0.3,4.0,47,48,1,21,21,0,20,19,0.9615889466666667,0.9911339378209151
eighth_synthetic,CHEMBL1906,35801,3,0.3,6.0,45,48,3,23,23,0,22,19,0.9629726234782607,0.9922571430275038
eighth_synthetic,CHEMBL1906,35801,4,0.2,4.0,47,48,1,21,21,0,20,19,0.9615889466666667,0.9908646385286062
eighth_synthetic,CHEMBL1906,35801,4,0.2,6.0,47,48,1,21,21,0,20,19,0.9615889466666667,0.9919474468369055
eighth_synthetic,CHEMBL1906,35801,4,0.3,4.0,48,48,0,20,20,0,19,19,0.9608213354999998,0.9909574925978692
eighth_synthetic,CHEMBL1906,35801,4,0.3,6.0,47,48,1,21,21,0,20,19,0.9615889466666667,0.9917447336927548
eighth_synthetic,CHEMBL1906,35801,5,0.2,4.0,49,48,-1,19,19,0,18,19,0.9599867768421053,0.9912896989473686
eighth_synthetic,CHEMBL1906,35801,5,0.2,6.0,46,48,2,22,22,0,21,19,0.9623072654545454,0.9913714152275517
eighth_synthetic,CHEMBL1906,35801,5,0.3,4.0,47,48,1,21,21,0,20,19,0.9615889466666667,0.9911339378209151
eighth_synthetic,CHEMBL1906,35801,5,0.3,6.0,45,48,3,23,23,0,22,19,0.9629726234782607,0.9923148450013735
eighth_synthetic,CHEMBL1906,35801,6,0.2,4.0,47,48,1,21,21,0,20,19,0.9615889466666667,0.9910245332044616
eighth_synthetic,CHEMBL1906,35801,6,0.2,6.0,46,48,2,22,22,0,21,19,0.9623072654545454,0.9921525617207562
eighth_synthetic,CHEMBL1906,35801,6,0.3,4.0,47,48,1,21,21,0,20,19,0.9615889466666667,0.9911339378209151
eighth_synthetic,CHEMBL1906,35801,6,0.3,6.0,46,48,2,22,22,0,21,19,0.9623072654545454,0.9920872583736536
eighth_synthetic,CHEMBL1906,35801,7,0.2,4.0,48,48,0,20,20,0,19,19,0.9608213354999998,0.9912402568547932
eighth_synthetic,CHEMBL1906,35801,7,0.2,6.0,47,48,1,21,21,0,20,19,0.9615889466666667,0.9918654832202081
eighth_synthetic,CHEMBL1906,35801,7,0.3,4.0,48,48,0,20,20,0,19,19,0.9608213354999998,0.9911253820075171
eighth_synthetic,CHEMBL1906,35801,7,0.3,6.0,45,48,3,23,23,0,22,19,0.9629726234782607,0.9915853840534913
eighth_synthetic,CHEMBL1906,35801,8,0.2,4.0,48,48,0,20,20,0,19,19,0.9608213354999998,0.9912402568547932
eighth_synthetic,CHEMBL1906,35801,8,0.2,6.0,46,48,2,22,22,0,21,19,0.9623072654545454,0.9914596919092051
eighth_synthetic,CHEMBL1906,35801,8,0.3,4.0,46,48,2,22,22,0,21,19,0.9623072654545454,0.9908390120998454
eighth_synthetic,CHEMBL1906,35801,8,0.3,6.0,45,48,3,23,23,0,22,19,0.9629726234782607,0.9923974293120302
eighth_synthetic,CHEMBL1906,35801,9,0.2,4.0,49,48,-1,19,19,0,18,19,0.9599867768421053,0.9912896989473686
eighth_synthetic,CHEMBL1906,35801,9,0.2,6.0,46,48,2,22,22,0,21,19,0.9623072654545454,0.9914317400184154
eighth_synthetic,CHEMBL1906,35801,9,0.3,4.0,48,48,0,20,20,0,19,19,0.9608213354999998,0.9911755918571675
eighth_synthetic,CHEMBL1906,35801,9,0.3,6.0,45,48,3,23,23,0,22,19,0.9629726234782607,0.9921220111221725
eighth_synthetic,CHEMBL1908,35801,0,0.2,4.0,43,44,1,15,6,9,11,10,0.657180742320061,0.9016914414578358
eighth_synthetic,CHEMBL1908,35801,0,0.2,6.0,43,43,0,15,6,9,11,11,0.6624238145306591,0.9037716564323832
eighth_synthetic,CHEMBL1908,35801,0,0.3,4.0,41,43,2,17,7,10,11,9,0.6797918294842423,0.9100410683635567
eighth_synthetic,CHEMBL1908,35801,0,0.3,6.0,41,43,2,16,6,10,11,9,0.7164684456021285,0.9306200784450702
eighth_synthetic,CHEMBL1908,35801,1,0.2,4.0,44,42,-2,15,5,10,9,11,0.7074520149795378,0.8923169013290746
eighth_synthetic,CHEMBL1908,35801,1,0.2,6.0,43,44,1,15,5,10,11,10,0.6723367058639925,0.9073594260717605
eighth_synthetic,CHEMBL1908,35801,1,0.3,4.0,42,43,1,15,7,8,11,10,0.6884338143200609,0.9076790814214859
eighth_synthetic,CHEMBL1908,35801,1,0.3,6.0,42,43,1,16,6,10,11,10,0.6842969937400627,0.9177752634283621
eighth_synthetic,CHEMBL1908,35801,2,0.2,4.0,44,44,0,13,5,8,10,10,0.6371397084615384,0.9214507958616358
eighth_synthetic,CHEMBL1908,35801,2,0.2,6.0,44,44,0,13,5,8,10,10,0.6371397084615384,0.9222171835284068
eighth_synthetic,CHEMBL1908,35801,2,0.3,4.0,42,43,1,16,6,10,11,10,0.6694312081103957,0.900445494555777
eighth_synthetic,CHEMBL1908,35801,2,0.3,6.0,41,44,3,17,6,11,12,9,0.6774269480888327,0.9280626723611689
eighth_synthetic,CHEMBL1908,35801,3,0.2,4.0,44,45,1,14,5,9,11,10,0.6538401914285714,0.9071146905000266
eighth_synthetic,CHEMBL1908,35801,3,0.2,6.0,44,44,0,13,5,8,10,10,0.6371397084615384,0.9222171835284068
eighth_synthetic,CHEMBL1908,35801,3,0.3,4.0,43,43,0,16,6,10,11,11,0.6647174937329781,0.9102200745924685
eighth_synthetic,CHEMBL1908,35801,3,0.3,6.0,42,45,3,17,6,11,13,10,0.6505303898799935,0.9078250576485111
eighth_synthetic,CHEMBL1908,35801,4,0.2,4.0,43,43,0,16,6,10,11,11,0.6681773902131668,0.9045781784908047
eighth_synthetic,CHEMBL1908,35801,4,0.2,6.0,43,43,0,16,6,10,11,11,0.681872835764757,0.9097009619450589
eighth_synthetic,CHEMBL1908,35801,4,0.3,4.0,42,43,1,16,6,10,11,10,0.6694312081103957,0.9235612034564685
eighth_synthetic,CHEMBL1908,35801,4,0.3,6.0,42,45,3,17,6,11,13,10,0.6056662687035228,0.9217466557321219
eighth_synthetic,CHEMBL1908,35801,5,0.2,4.0,44,44,0,14,4,10,10,10,0.6864712039746532,0.9194071743152007
eighth_synthetic,CHEMBL1908,35801,5,0.2,6.0,43,45,2,14,4,10,11,9,0.6962662990490168,0.9254586784577811
eighth_synthetic,CHEMBL1908,35801,5,0.3,4.0,41,43,2,17,6,11,11,9,0.6989859662007786,0.9177680659604988
eighth_synthetic,CHEMBL1908,35801,5,0.3,6.0,41,44,3,17,7,10,12,9,0.6494947624844771,0.9333809261990765
eighth_synthetic,CHEMBL1908,35801,6,0.2,4.0,43,43,0,16,6,10,11,11,0.6694312081103957,0.8984531664307771
eighth_synthetic,CHEMBL1908,35801,6,0.2,6.0,43,44,1,16,6,10,12,11,0.629237675497493,0.9087787446315192
eighth_synthetic,CHEMBL1908,35801,6,0.3,4.0,41,43,2,15,6,9,11,9,0.6843296542273779,0.921179669723525
eighth_synthetic,CHEMBL1908,35801,6,0.3,6.0,41,43,2,16,6,10,11,9,0.7173581208823268,0.9310599368357682
eighth_synthetic,CHEMBL1908,35801,7,0.2,4.0,43,44,1,15,6,9,11,10,0.6522029412406505,0.9235429017937911
eighth_synthetic,CHEMBL1908,35801,7,0.2,6.0,43,44,1,16,6,10,12,11,0.6345030577672641,0.9102387049098635
eighth_synthetic,CHEMBL1908,35801,7,0.3,4.0,42,43,1,17,5,12,11,10,0.6997589278413425,0.9057158422162866
eighth_synthetic,CHEMBL1908,35801,7,0.3,6.0,41,45,4,17,5,12,13,9,0.6770384224844771,0.9199772034668631
eighth_synthetic,CHEMBL1908,35801,8,0.2,4.0,44,43,-1,14,5,9,9,10,0.6961036915598616,0.914606071786334
eighth_synthetic,CHEMBL1908,35801,8,0.2,6.0,44,44,0,14,5,9,10,10,0.7093154155685634,0.9259293866106927
eighth_synthetic,CHEMBL1908,35801,8,0.3,4.0,41,43,2,16,6,10,11,9,0.7025531327580674,0.9261784402567799
eighth_synthetic,CHEMBL1908,35801,8,0.3,6.0,41,43,2,16,6,10,11,9,0.7175463561826467,0.9311509272567271
eighth_synthetic,CHEMBL1908,35801,9,0.2,4.0,43,43,0,15,6,9,10,10,0.7000741506510888,0.9125631419401486
eighth_synthetic,CHEMBL1908,35801,9,0.2,6.0,43,44,1,16,6,10,12,11,0.6304087186224929,0.908707545723549
eighth_synthetic,CHEMBL1908,35801,9,0.3,4.0,41,43,2,16,7,9,11,9,0.6694312081103957,0.9188732257536589
eighth_synthetic,CHEMBL1908,35801,9,0.3,6.0,41,45,4,16,6,10,13,9,0.616902071122493,0.9301542621751159
eighth_synthetic,CHEMBL1913,35801,0,0.2,4.0,47,47,0,17,11,6,14,14,0.8610291076470588,0.9759083877270259
eighth_synthetic,CHEMBL1913,35801,0,0.2,6.0,47,47,0,17,11,6,14,14,0.8610291076470588,0.9779806940999198
eighth_synthetic,CHEMBL1913,35801,0,0.3,4.0,46,47,1,18,12,6,15,14,0.8627436183333334,0.9754015659863237
eighth_synthetic,CHEMBL1913,35801,0,0.3,6.0,46,47,1,18,12,6,15,14,0.8627436183333334,0.9789468781187636
eighth_synthetic,CHEMBL1913,35801,1,0.2,4.0,46,47,1,18,12,6,15,14,0.8627436183333334,0.9696484619297363
eighth_synthetic,CHEMBL1913,35801,1,0.2,6.0,46,47,1,18,12,6,15,14,0.8627436183333334,0.9730900217851242
eighth_synthetic,CHEMBL1913,35801,1,0.3,4.0,47,47,0,18,12,6,15,15,0.8595804735789999,0.9619349053661208
eighth_synthetic,CHEMBL1913,35801,1,0.3,6.0,47,47,0,17,11,6,15,15,0.8649481099999999,0.9718680650207672
eighth_synthetic,CHEMBL1913,35801,2,0.2,4.0,47,47,0,16,10,6,14,14,0.8556106702763749,0.976670438520885
eighth_synthetic,CHEMBL1913,35801,2,0.2,6.0,47,47,0,16,10,6,14,14,0.8632642231250001,0.9769213385046536
eighth_synthetic,CHEMBL1913,35801,2,0.3,4.0,47,47,0,18,12,6,15,15,0.8595804735789999,0.9655223320828696
eighth_synthetic,CHEMBL1913,35801,2,0.3,6.0,46,46,0,18,12,6,15,15,0.8713952559617227,0.9730928254077893
eighth_synthetic,CHEMBL1913,35801,3,0.2,4.0,47,47,0,18,12,6,15,15,0.8627436183333334,0.9637971139370813
eighth_synthetic,CHEMBL1913,35801,3,0.2,6.0,47,47,0,18,11,7,15,15,0.8716610837395005,0.9728519888763224
eighth_synthetic,CHEMBL1913,35801,3,0.3,4.0,47,46,-1,17,12,5,14,15,0.8570371014365882,0.9706096534143441
eighth_synthetic,CHEMBL1913,35801,3,0.3,6.0,46,46,0,17,12,5,15,15,0.8646666452941176,0.9725556739782171
eighth_synthetic,CHEMBL1913,35801,4,0.2,4.0,47,47,0,18,12,6,15,15,0.8627436183333334,0.9626489811484267
eighth_synthetic,CHEMBL1913,35801,4,0.2,6.0,47,46,-1,17,11,6,14,15,0.8698283357241771,0.9719858653446982
eighth_synthetic,CHEMBL1913,35801,4,0.3,4.0,47,47,0,18,12,6,15,15,0.8595804735789999,0.9676880094227082
eighth_synthetic,CHEMBL1913,35801,4,0.3,6.0,46,47,1,18,12,6,16,15,0.8667861538888889,0.9734146760754753
eighth_synthetic,CHEMBL1913,35801,5,0.2,4.0,47,47,0,17,11,6,14,14,0.8610291076470588,0.9760889772193262
eighth_synthetic,CHEMBL1913,35801,5,0.2,6.0,47,47,0,17,11,6,14,14,0.8610291076470588,0.9780066719125626
eighth_synthetic,CHEMBL1913,35801,5,0.3,4.0,46,47,1,17,11,6,15,14,0.8649481099999999,0.9710325357962738
eighth_synthetic,CHEMBL1913,35801,5,0.3,6.0,46,47,1,17,11,6,15,14,0.8649481099999999,0.9772671073298269
eighth_synthetic,CHEMBL1913,35801,6,0.2,4.0,47,47,0,18,12,6,15,15,0.8627436183333334,0.9665063103164976
eighth_synthetic,CHEMBL1913,35801,6,0.2,6.0,47,47,0,18,11,7,15,15,0.8716610837395005,0.9732605608046695
eighth_synthetic,CHEMBL1913,35801,6,0.3,4.0,46,47,1,18,12,6,15,14,0.8627436183333334,0.9754015659863237
eighth_synthetic,CHEMBL1913,35801,6,0.3,6.0,46,47,1,18,12,6,15,14,0.8627436183333334,0.9789468781187636
eighth_synthetic,CHEMBL1913,35801,7,0.2,4.0,47,47,0,17,11,6,15,15,0.8649481099999999,0.9706096534143441
eighth_synthetic,CHEMBL1913,35801,7,0.2,6.0,47,47,0,17,11,6,15,15,0.8649481099999999,0.9725556739782171
eighth_synthetic,CHEMBL1913,35801,7,0.3,4.0,47,47,0,17,11,6,14,14,0.8610291076470588,0.9760889772193262
eighth_synthetic,CHEMBL1913,35801,7,0.3,6.0,46,47,1,17,11,6,15,14,0.8649481099999999,0.9780066719125626
eighth_synthetic,CHEMBL1913,35801,8,0.2,4.0,46,47,1,17,11,6,15,14,0.8649481099999999,0.969816865784757
eighth_synthetic,CHEMBL1913,35801,8,0.2,6.0,46,47,1,17,11,6,15,14,0.8649481099999999,0.971779316805478
eighth_synthetic,CHEMBL1913,35801,8,0.3,4.0,47,47,0,18,12,6,15,15,0.8658889500325377,0.9676880094227082
eighth_synthetic,CHEMBL1913,35801,8,0.3,6.0,46,47,1,18,12,6,16,15,0.8667861538888889,0.9734146760754753
eighth_synthetic,CHEMBL1913,35801,9,0.2,4.0,47,47,0,18,12,6,15,15,0.8627436183333334,0.9682315284622859
eighth_synthetic,CHEMBL1913,35801,9,0.2,6.0,47,47,0,18,11,7,15,15,0.8716610837395005,0.9735013973361364
eighth_synthetic,CHEMBL1913,35801,9,0.3,4.0,47,47,0,16,10,6,14,14,0.862707706286605,0.976670438520885
eighth_synthetic,CHEMBL1913,35801,9,0.3,6.0,46,47,1,17,11,6,15,14,0.8649481099999999,0.9772577502601862
eighth_synthetic,CHEMBL1914,35801,0,0.2,4.0,42,45,3,17,14,3,15,12,0.9237622205882353,0.9837876080911847
eighth_synthetic,CHEMBL1914,35801,0,0.2,6.0,39,45,6,19,16,3,17,11,0.9269569494736842,0.9895406193233591
eighth_synthetic,CHEMBL1914,35801,0,0.3,4.0,44,46,2,16,13,3,14,12,0.9165560312500001,0.9822349851688872
eighth_synthetic,CHEMBL1914,35801,0,0.3,6.0,39,44,5,21,18,3,16,11,0.9287857351295817,0.9865005565968965
eighth_synthetic,CHEMBL1914,35801,1,0.2,4.0,45,45,0,15,12,3,12,12,0.9188325113992619,0.9825211120726806
eighth_synthetic,CHEMBL1914,35801,1,0.2,6.0,40,45,5,19,16,3,16,11,0.924834753787594,0.9867008185774179
eighth_synthetic,CHEMBL1914,35801,1,0.3,4.0,43,46,3,17,14,3,15,12,0.9182017705882354,0.9826957892667358
eighth_synthetic,CHEMBL1914,35801,1,0.3,6.0,36,44,8,25,21,4,19,11,0.9366358577500421,0.9866907110152338
eighth_synthetic,CHEMBL1914,35801,2,0.2,4.0,43,46,3,17,14,3,15,12,0.9182017705882354,0.986535196439067
eighth_synthetic,CHEMBL1914,35801,2,0.2,6.0,39,45,6,20,17,3,17,11,0.9258342384376851,0.9874034786440449
eighth_synthetic,CHEMBL1914,35801,2,0.3,4.0,45,45,0,15,12,3,12,12,0.9188325113992619,0.980135472340054
eighth_synthetic,CHEMBL1914,35801,2,0.3,6.0,39,44,5,21,17,4,16,11,0.935857664930345,0.9850520569387167
eighth_synthetic,CHEMBL1914,35801,3,0.2,4.0,45,46,1,15,12,3,13,12,0.9148237159999998,0.9807351630879401
eighth_synthetic,CHEMBL1914,35801,3,0.2,6.0,39,45,6,19,16,3,17,11,0.9269569494736842,0.9849611693865384
eighth_synthetic,CHEMBL1914,35801,3,0.3,4.0,39,45,6,19,16,3,17,11,0.9269569494736842,0.9862205786531664
eighth_synthetic,CHEMBL1914,35801,3,0.3,6.0,36,46,10,25,21,4,21,11,0.9131835488,0.9895415476638287
eighth_synthetic,CHEMBL1914,35801,4,0.2,4.0,43,45,2,17,14,3,14,12,0.9217389429993487,0.9804846111679656
eighth_synthetic,CHEMBL1914,35801,4,0.2,6.0,39,44,5,19,15,4,16,11,0.9328746528706007,0.9880242141597555
eighth_synthetic,CHEMBL1914,35801,4,0.3,4.0,41,45,4,17,14,3,15,11,0.9237622205882353,0.9863164714535398
eighth_synthetic,CHEMBL1914,35801,4,0.3,6.0,37,46,9,24,20,4,20,11,0.9110594216666668,0.9883399392945736
eighth_synthetic,CHEMBL1914,35801,5,0.2,4.0,42,46,4,18,15,3,16,12,0.9199172,0.9834455385345701
eighth_synthetic,CHEMBL1914,35801,5,0.2,6.0,39,45,6,20,17,3,17,11,0.9284338269999999,0.9880636912870207
eighth_synthetic,CHEMBL1914,35801,5,0.3,4.0,43,46,3,17,14,3,15,12,0.9182017705882354,0.9827645107351872
eighth_synthetic,CHEMBL1914,35801,5,0.3,6.0,36,45,9,25,22,3,20,11,0.9331817160785714,0.9861566677504768
eighth_synthetic,CHEMBL1914,35801,6,0.2,4.0,43,46,3,17,14,3,15,12,0.9182017705882354,0.9838563295596361
eighth_synthetic,CHEMBL1914,35801,6,0.2,6.0,39,44,5,20,16,4,16,11,0.9321496841252376,0.9880665074581607
eighth_synthetic,CHEMBL1914,35801,6,0.3,4.0,42,46,4,18,15,3,16,12,0.9199172,0.9827610732353129
eighth_synthetic,CHEMBL1914,35801,6,0.3,6.0,38,43,5,23,18,5,16,11,0.9397582724802682,0.9877836876196453
eighth_synthetic,CHEMBL1914,35801,7,0.2,4.0,44,45,1,15,12,3,13,12,0.9206896433333334,0.985173823824001
eighth_synthetic,CHEMBL1914,35801,7,0.2,6.0,39,44,5,19,16,3,16,11,0.9286704220396688,0.9859111130043104
eighth_synthetic,CHEMBL1914,35801,7,0.3,4.0,42,44,2,17,14,3,14,12,0.926276163587584,0.9820046411997713
eighth_synthetic,CHEMBL1914,35801,7,0.3,6.0,37,45,8,24,21,3,19,11,0.931467649948071,0.9875249475331529
eighth_synthetic,CHEMBL1914,35801,8,0.2,4.0,43,46,3,17,14,3,15,12,0.9182017705882354,0.9815270002559258
eighth_synthetic,CHEMBL1914,35801,8,0.2,6.0,39,46,7,21,17,4,18,11,0.9039705614285714,0.9873823129226442
eighth_synthetic,CHEMBL1914,35801,8,0.3,4.0,41,45,4,18,15,3,15,11,0.9232578628327182,0.9884423005207393
eighth_synthetic,CHEMBL1914,35801,8,0.3,6.0,37,44,7,24,20,4,18,11,0.9359635565311594,0.9890687126256351
eighth_synthetic,CHEMBL1914,35801,9,0.2,4.0,42,46,4,18,15,3,16,12,0.9199172,0.9843178818883853
eighth_synthetic,CHEMBL1914,35801,9,0.2,6.0,39,46,7,21,17,4,18,11,0.9039705614285714,0.9893725781072442
eighth_synthetic,CHEMBL1914,35801,9,0.3,4.0,42,46,4,18,15,3,16,12,0.9199172,0.9829142919135704
eighth_synthetic,CHEMBL1914,35801,9,0.3,6.0,38,43,5,22,17,5,16,11,0.941360797195112,0.9872438774603118
eighth_synthetic,CHEMBL1936,35801,0,0.2,4.0,47,46,-1,8,2,6,6,7,0.892622044317637,0.9461130715782375
eighth_synthetic,CHEMBL1936,35801,0,0.2,6.0,47,46,-1,9,2,7,6,7,0.9041137121051146,0.9518534964185091
eighth_synthetic,CHEMBL1936,35801,0,0.3,4.0,46,45,-1,8,2,6,5,6,0.9123386860752172,0.9572393663066392
eighth_synthetic,CHEMBL1936,35801,0,0.3,6.0,46,45,-1,9,2,7,5,6,0.9290189847976461,0.9653137967018784
eighth_synthetic,CHEMBL1936,35801,1,0.2,4.0,47,47,0,9,2,7,7,7,0.88106448017056,0.9430438479432115
eighth_synthetic,CHEMBL1936,35801,1,0.2,6.0,47,47,0,9,2,7,7,7,0.8942407685482515,0.9515678116372676
eighth_synthetic,CHEMBL1936,35801,1,0.3,4.0,46,45,-1,8,2,6,5,6,0.9204009876232286,0.9589606087500672
eighth_synthetic,CHEMBL1936,35801,1,0.3,6.0,46,45,-1,7,2,5,5,6,0.9147450791875608,0.957457628858983
eighth_synthetic,CHEMBL1936,35801,2,0.2,4.0,47,47,0,9,2,7,7,7,0.8895550912500644,0.9516617947017669
eighth_synthetic,CHEMBL1936,35801,2,0.2,6.0,47,47,0,10,2,8,7,7,0.9033167564625881,0.9566145276596911
eighth_synthetic,CHEMBL1936,35801,2,0.3,4.0,46,46,0,9,1,8,6,6,0.9108071201196289,0.9546153603507259
eighth_synthetic,CHEMBL1936,35801,2,0.3,6.0,46,46,0,9,1,8,6,6,0.929895936618774,0.965267877691959
eighth_synthetic,CHEMBL1936,35801,3,0.2,4.0,47,46,-1,10,2,8,6,7,0.9039680446472473,0.9513752817196369
eighth_synthetic,CHEMBL1936,35801,3,0.2,6.0,47,46,-1,10,2,8,6,7,0.9136181083084685,0.9568396544725977
eighth_synthetic,CHEMBL1936,35801,3,0.3,4.0,46,46,0,10,1,9,6,6,0.9210346913226646,0.9630065412658155
eighth_synthetic,CHEMBL1936,35801,3,0.3,6.0,46,46,0,10,1,9,6,6,0.9369784416860263,0.9693376207885758
eighth_synthetic,CHEMBL1936,35801,4,0.2,4.0,47,47,0,9,2,7,7,7,0.8673534064523252,0.9502485748349403
eighth_synthetic,CHEMBL1936,35801,4,0.2,6.0,47,47,0,9,2,7,7,7,0.869131895417105,0.9519330993867621
eighth_synthetic,CHEMBL1936,35801,4,0.3,4.0,46,45,-1,9,2,7,5,6,0.9101080085507918,0.9509382351281492
eighth_synthetic,CHEMBL1936,35801,4,0.3,6.0,46,45,-1,8,2,6,5,6,0.9220212769358997,0.9607236498069254
eighth_synthetic,CHEMBL1936,35801,5,0.2,4.0,47,46,-1,9,2,7,6,7,0.895711095400193,0.9479497533836793
eighth_synthetic,CHEMBL1936,35801,5,0.2,6.0,47,46,-1,9,2,7,6,7,0.9043529716027634,0.952315829523822
eighth_synthetic,CHEMBL1936,35801,5,0.3,4.0,46,46,0,9,1,8,6,6,0.9178643787378734,0.9604960326956079
eighth_synthetic,CHEMBL1936,35801,5,0.3,6.0,46,46,0,10,1,9,6,6,0.9361726657326394,0.9685972464994741
eighth_synthetic,CHEMBL1936,35801,6,0.2,4.0,47,47,0,9,2,7,7,7,0.88106448017056,0.9430438479432115
eighth_synthetic,CHEMBL1936,35801,6,0.2,6.0,47,47,0,9,2,7,7,7,0.8942407685482515,0.9515678116372676
eighth_synthetic,CHEMBL1936,35801,6,0.3,4.0,46,46,0,9,1,8,6,6,0.9178643787378734,0.9604960326956079
eighth_synthetic,CHEMBL1936,35801,6,0.3,6.0,46,46,0,10,1,9,6,6,0.9361726657326394,0.9685972464994741
eighth_synthetic,CHEMBL1936,35801,7,0.2,4.0,47,46,-1,9,2,7,6,7,0.9021396602679813,0.950123289929906
eighth_synthetic,CHEMBL1936,35801,7,0.2,6.0,47,46,-1,10,2,8,6,7,0.9134027747605845,0.956423554677816
eighth_synthetic,CHEMBL1936,35801,7,0.3,4.0,46,46,0,10,1,9,6,6,0.9234476553181958,0.9636171546886372
eighth_synthetic,CHEMBL1936,35801,7,0.3,6.0,46,46,0,10,1,9,6,6,0.9362101878764536,0.9694227503556307
eighth_synthetic,CHEMBL1936,35801,8,0.2,4.0,47,47,0,10,2,8,7,7,0.900052023749512,0.9545483629906565
eighth_synthetic,CHEMBL1936,35801,8,0.2,6.0,47,47,0,10,2,8,7,7,0.9059054418652591,0.9572854139854791
eighth_synthetic,CHEMBL1936,35801,8,0.3,4.0,46,46,0,10,1,9,6,6,0.8963264946756935,0.9559507593356603
eighth_synthetic,CHEMBL1936,35801,8,0.3,6.0,46,46,0,10,1,9,6,6,0.9135864924147012,0.9682929297345332
eighth_synthetic,CHEMBL1936,35801,9,0.2,4.0,47,46,-1,8,2,6,6,7,0.8859628392575802,0.9424800659784018
eighth_synthetic,CHEMBL1936,35801,9,0.2,6.0,47,46,-1,9,2,7,6,7,0.9043112803318587,0.9513986030169814
eighth_synthetic,CHEMBL1936,35801,9,0.3,4.0,46,46,0,10,1,9,6,6,0.9229457496711788,0.96225550007877
eighth_synthetic,CHEMBL1936,35801,9,0.3,6.0,46,46,0,9,1,8,6,6,0.9307824631747165,0.9661508789324702
eighth_synthetic,CHEMBL1937,35801,0,0.2,4.0,39,42,3,15,12,3,10,7,0.8075505913333333,0.9520833131698875
eighth_synthetic,CHEMBL1937,35801,0,0.2,6.0,38,42,4,16,13,3,11,7,0.809130566875,0.9641192583064276
eighth_synthetic,CHEMBL1937,35801,0,0.3,4.0,36,41,5,19,15,4,13,8,0.8162567476364463,0.955518135705355
eighth_synthetic,CHEMBL1937,35801,0,0.3,6.0,36,43,7,19,15,4,15,8,0.7875109563157894,0.9748255247253146
eighth_synthetic,CHEMBL1937,35801,1,0.2,4.0,38,40,2,17,12,5,10,8,0.8140818162996155,0.9388110817468376
eighth_synthetic,CHEMBL1937,35801,1,0.2,6.0,38,41,3,17,13,4,11,8,0.819942947900698,0.958536266480124
eighth_synthetic,CHEMBL1937,35801,1,0.3,4.0,37,39,2,16,11,5,9,7,0.8186940424992852,0.9388834652563293
eighth_synthetic,CHEMBL1937,35801,1,0.3,6.0,36,39,3,15,13,2,10,7,0.819804578,0.968633069827902
eighth_synthetic,CHEMBL1937,35801,2,0.2,4.0,39,41,2,16,12,4,10,8,0.8064257817455394,0.9358210905516695
eighth_synthetic,CHEMBL1937,35801,2,0.2,6.0,38,41,3,16,13,3,11,8,0.809130566875,0.953918314438148
eighth_synthetic,CHEMBL1937,35801,2,0.3,4.0,36,39,3,16,14,2,11,8,0.821656920625,0.956497408661494
eighth_synthetic,CHEMBL1937,35801,2,0.3,6.0,35,40,5,18,16,2,13,8,0.8192281405555555,0.9686341586882621
eighth_synthetic,CHEMBL1937,35801,3,0.2,4.0,41,40,-1,14,9,5,7,8,0.8103431510780342,0.9353707560784594
eighth_synthetic,CHEMBL1937,35801,3,0.2,6.0,38,41,3,16,13,3,11,8,0.809130566875,0.9495546358775477
eighth_synthetic,CHEMBL1937,35801,3,0.3,4.0,36,39,3,18,13,5,10,7,0.8215655971751887,0.9494405913548972
eighth_synthetic,CHEMBL1937,35801,3,0.3,6.0,36,41,5,17,15,2,12,7,0.8110921923529412,0.974238215552906
eighth_synthetic,CHEMBL1937,35801,4,0.2,4.0,40,42,2,13,10,3,8,6,0.8048289361538461,0.9548587786536314
eighth_synthetic,CHEMBL1937,35801,4,0.2,6.0,38,41,3,15,12,3,10,7,0.8075505913333333,0.955614586246524
eighth_synthetic,CHEMBL1937,35801,4,0.3,4.0,35,41,6,19,15,4,13,7,0.8168501087943929,0.9594345968135284
eighth_synthetic,CHEMBL1937,35801,4,0.3,6.0,35,43,8,18,15,3,14,6,0.8178791088888888,0.9809345653042336
eighth_synthetic,CHEMBL1937,35801,5,0.2,4.0,38,39,1,15,10,5,8,7,0.8215480913842761,0.9439600465215559
eighth_synthetic,CHEMBL1937,35801,5,0.2,6.0,38,40,2,15,11,4,9,7,0.8233280938852593,0.9574970842617522
eighth_synthetic,CHEMBL1937,35801,5,0.3,4.0,35,42,7,17,15,2,13,6,0.8167059152941176,0.9646740116057678
eighth_synthetic,CHEMBL1937,35801,5,0.3,6.0,35,42,7,19,15,4,14,7,0.8273639764712033,0.9741964575474686
eighth_synthetic,CHEMBL1937,35801,6,0.2,4.0,38,41,3,15,12,3,10,7,0.8075505913333333,0.9397701790995218
eighth_synthetic,CHEMBL1937,35801,6,0.2,6.0,38,40,2,14,11,3,9,7,0.8121720835714284,0.954523908073331
eighth_synthetic,CHEMBL1937,35801,6,0.3,4.0,36,39,3,16,12,4,10,7,0.8227003602250181,0.945279341736253
eighth_synthetic,CHEMBL1937,35801,6,0.3,6.0,36,39,3,16,13,3,10,7,0.8297863067674307,0.9735609806647179
eighth_synthetic,CHEMBL1937,35801,7,0.2,4.0,40,43,3,13,11,2,9,6,0.8055721615384616,0.9651427955843507
eighth_synthetic,CHEMBL1937,35801,7,0.2,6.0,39,42,3,14,11,3,10,7,0.8119429214285713,0.9665709935714224
eighth_synthetic,CHEMBL1937,35801,7,0.3,4.0,35,39,4,19,14,5,11,7,0.8224394182711797,0.9504826215857018
eighth_synthetic,CHEMBL1937,35801,7,0.3,6.0,35,41,6,18,16,2,13,7,0.8132227405555554,0.9718873501954973
eighth_synthetic,CHEMBL1937,35801,8,0.2,4.0,39,40,1,16,11,5,9,8,0.8141312438455576,0.9294692515044485
eighth_synthetic,CHEMBL1937,35801,8,0.2,6.0,38,40,2,16,12,4,10,8,0.8239219755174306,0.9550581135862991
eighth_synthetic,CHEMBL1937,35801,8,0.3,4.0,37,43,6,16,14,2,12,6,0.8097344375,0.9680622179938771
eighth_synthetic,CHEMBL1937,35801,8,0.3,6.0,36,41,5,16,13,3,12,7,0.8205957625,0.9748342772507488
eighth_synthetic,CHEMBL1937,35801,9,0.2,4.0,38,39,1,15,10,5,8,7,0.817965340334543,0.9488037916371586
eighth_synthetic,CHEMBL1937,35801,9,0.2,6.0,38,41,3,15,12,3,10,7,0.8075505913333333,0.9582895983377104
eighth_synthetic,CHEMBL1937,35801,9,0.3,4.0,36,39,3,16,12,4,10,7,0.8250012500955576,0.9400074408053125
eighth_synthetic,CHEMBL1937,35801,9,0.3,6.0,35,39,4,16,13,3,11,7,0.8358302230174307,0.9644670497598047
eighth_synthetic,CHEMBL1941,35801,0,0.2,4.0,23,21,-2,12,6,6,3,5,0.18598867826002155,0.2644275766348308
eighth_synthetic,CHEMBL1941,35801,0,0.2,6.0,23,21,-2,11,6,5,3,5,0.1974940850545455,0.2814673527272727
eighth_synthetic,CHEMBL1941,35801,0,0.3,4.0,23,21,-2,12,6,6,3,5,0.18501581832396827,0.2694816819554993
eighth_synthetic,CHEMBL1941,35801,0,0.3,6.0,23,21,-2,12,6,6,3,5,0.21080967432540113,0.30323577476423913
eighth_synthetic,CHEMBL1941,35801,1,0.2,4.0,23,21,-2,12,6,6,3,5,0.18598867826002155,0.2644275766348308
eighth_synthetic,CHEMBL1941,35801,1,0.2,6.0,23,21,-2,11,6,5,3,5,0.1974940850545455,0.2814673527272727
eighth_synthetic,CHEMBL1941,35801,1,0.3,4.0,23,21,-2,12,5,7,3,5,0.18988270966732312,0.27577040089866345
eighth_synthetic,CHEMBL1941,35801,1,0.3,6.0,23,21,-2,11,5,6,3,5,0.2298808713186194,0.3306639895337154
eighth_synthetic,CHEMBL1941,35801,2,0.2,4.0,23,21,-2,12,6,6,3,5,0.18598867826002155,0.2644275766348308
eighth_synthetic,CHEMBL1941,35801,2,0.2,6.0,23,21,-2,11,6,5,3,5,0.1974940850545455,0.2814673527272727
eighth_synthetic,CHEMBL1941,35801,2,0.3,4.0,23,21,-2,12,5,7,3,5,0.18988270966732312,0.27577040089866345
eighth_synthetic,CHEMBL1941,35801,2,0.3,6.0,23,21,-2,11,5,6,3,5,0.2298808713186194,0.3306639895337154
eighth_synthetic,CHEMBL1941,35801,3,0.2,4.0,23,21,-2,12,6,6,3,5,0.18598867826002155,0.2644275766348308
eighth_synthetic,CHEMBL1941,35801,3,0.2,6.0,23,21,-2,11,6,5,3,5,0.1974940850545455,0.2814673527272727
eighth_synthetic,CHEMBL1941,35801,3,0.3,4.0,23,21,-2,12,5,7,3,5,0.18988270966732312,0.27577040089866345
eighth_synthetic,CHEMBL1941,35801,3,0.3,6.0,23,21,-2,11,5,6,3,5,0.2298808713186194,0.3306639895337154
eighth_synthetic,CHEMBL1941,35801,4,0.2,4.0,23,21,-2,12,6,6,3,5,0.18501581832396827,0.2694816819554993
eighth_synthetic,CHEMBL1941,35801,4,0.2,6.0,23,21,-2,12,6,6,3,5,0.21080967432540113,0.30323577476423913
eighth_synthetic,CHEMBL1941,35801,4,0.3,4.0,23,21,-2,12,6,6,3,5,0.18598867826002155,0.2644275766348308
eighth_synthetic,CHEMBL1941,35801,4,0.3,6.0,23,21,-2,11,6,5,3,5,0.1974940850545455,0.2814673527272727
eighth_synthetic,CHEMBL1941,35801,5,0.2,4.0,23,21,-2,12,6,6,3,5,0.18598867826002155,0.2644275766348308
eighth_synthetic,CHEMBL1941,35801,5,0.2,6.0,23,21,-2,11,6,5,3,5,0.1974940850545455,0.2814673527272727
eighth_synthetic,CHEMBL1941,35801,5,0.3,4.0,23,21,-2,12,5,7,3,5,0.18988270966732312,0.27577040089866345
eighth_synthetic,CHEMBL1941,35801,5,0.3,6.0,23,21,-2,11,5,6,3,5,0.2298808713186194,0.3306639895337154
eighth_synthetic,CHEMBL1941,35801,6,0.2,4.0,23,21,-2,12,6,6,3,5,0.18598867826002155,0.2644275766348308
eighth_synthetic,CHEMBL1941,35801,6,0.2,6.0,23,21,-2,11,6,5,3,5,0.1974940850545455,0.2814673527272727
eighth_synthetic,CHEMBL1941,35801,6,0.3,4.0,23,21,-2,12,5,7,3,5,0.18988270966732312,0.27577040089866345
eighth_synthetic,CHEMBL1941,35801,6,0.3,6.0,23,21,-2,11,5,6,3,5,0.2298808713186194,0.3306639895337154
eighth_synthetic,CHEMBL1941,35801,7,0.2,4.0,23,21,-2,11,6,5,3,5,0.1974940850545455,0.28146211920909087
eighth_synthetic,CHEMBL1941,35801,7,0.2,6.0,23,21,-2,11,6,5,3,5,0.1974940850545455,0.28146211920909087
eighth_synthetic,CHEMBL1941,35801,7,0.3,4.0,23,21,-2,12,6,6,3,5,0.18598867826002155,0.2644275766348308
eighth_synthetic,CHEMBL1941,35801,7,0.3,6.0,23,21,-2,11,6,5,3,5,0.1974940850545455,0.2814673527272727
eighth_synthetic,CHEMBL1941,35801,8,0.2,4.0,23,21,-2,12,6,6,3,5,0.18598867826002155,0.2644275766348308
eighth_synthetic,CHEMBL1941,35801,8,0.2,6.0,23,21,-2,11,6,5,3,5,0.1974940850545455,0.2814673527272727
eighth_synthetic,CHEMBL1941,35801,8,0.3,4.0,23,21,-2,12,6,6,3,5,0.18598867826002155,0.2644275766348308
eighth_synthetic,CHEMBL1941,35801,8,0.3,6.0,23,21,-2,11,6,5,3,5,0.1974940850545455,0.2814673527272727
eighth_synthetic,CHEMBL1941,35801,9,0.2,4.0,23,21,-2,12,6,6,3,5,0.18598867826002155,0.2644275766348308
eighth_synthetic,CHEMBL1941,35801,9,0.2,6.0,23,21,-2,11,6,5,3,5,0.1974940850545455,0.2814673527272727
eighth_synthetic,CHEMBL1941,35801,9,0.3,4.0,23,21,-2,12,5,7,3,5,0.18988270966732312,0.27577040089866345
eighth_synthetic,CHEMBL1941,35801,9,0.3,6.0,23,21,-2,11,5,6,3,5,0.2298808713186194,0.3306639895337154
eighth_synthetic,CHEMBL1942,35801,0,0.2,4.0,22,22,0,4,0,4,3,3,0.9146606529044614,0.9438024588251481
eighth_synthetic,CHEMBL1942,35801,0,0.2,6.0,22,22,0,5,0,5,3,3,0.926572383530306,0.9547700948704518
eighth_synthetic,CHEMBL1942,35801,0,0.3,4.0,22,22,0,6,0,6,3,3,0.9299377070719309,0.9535685864807024
eighth_synthetic,CHEMBL1942,35801,0,0.3,6.0,22,22,0,6,0,6,3,3,0.9474214130445949,0.9673930802950373
eighth_synthetic,CHEMBL1942,35801,1,0.2,4.0,22,22,0,7,1,6,3,3,0.6248287583092614,0.6546817375274555
eighth_synthetic,CHEMBL1942,35801,1,0.2,6.0,22,22,0,6,1,5,3,3,0.6705343290310308,0.6904806347934945
eighth_synthetic,CHEMBL1942,35801,1,0.3,4.0,22,22,0,5,0,5,3,3,0.9278775669777269,0.9527794487958123
eighth_synthetic,CHEMBL1942,35801,1,0.3,6.0,22,22,0,5,0,5,3,3,0.938611406522553,0.9620655159272495
eighth_synthetic,CHEMBL1942,35801,2,0.2,4.0,22,22,0,6,0,6,3,3,0.8186175084689568,0.8425623589306036
eighth_synthetic,CHEMBL1942,35801,2,0.2,6.0,22,22,0,6,0,6,3,3,0.8299238159734982,0.8502762093158238
eighth_synthetic,CHEMBL1942,35801,2,0.3,4.0,22,22,0,5,0,5,3,3,0.7942933286541578,0.8195719757356941
eighth_synthetic,CHEMBL1942,35801,2,0.3,6.0,22,22,0,6,0,6,3,3,0.8208710609018555,0.8449338553729907
eighth_synthetic,CHEMBL1942,35801,3,0.2,4.0,22,22,0,5,0,5,3,3,0.7942933286541578,0.8195719757356941
eighth_synthetic,CHEMBL1942,35801,3,0.2,6.0,22,22,0,5,0,5,3,3,0.7976142900372369,0.8215252707521934
eighth_synthetic,CHEMBL1942,35801,3,0.3,4.0,22,22,0,5,0,5,3,3,0.7858422703635111,0.8123909070373262
eighth_synthetic,CHEMBL1942,35801,3,0.3,6.0,22,22,0,6,0,6,3,3,0.8198473733318643,0.8440811652299066
eighth_synthetic,CHEMBL1942,35801,4,0.2,4.0,22,22,0,7,1,6,3,3,0.6248287583092614,0.6546817375274555
eighth_synthetic,CHEMBL1942,35801,4,0.2,6.0,22,22,0,6,1,5,3,3,0.6705343290310308,0.6904806347934945
eighth_synthetic,CHEMBL1942,35801,4,0.3,4.0,22,22,0,7,1,6,3,3,0.6190420703481416,0.6502284327026959
eighth_synthetic,CHEMBL1942,35801,4,0.3,6.0,22,22,0,7,1,6,3,3,0.7077831864113932,0.7286339436587077
eighth_synthetic,CHEMBL1942,35801,5,0.2,4.0,22,22,0,5,0,5,3,3,0.6715843121788082,0.7117654598027439
eighth_synthetic,CHEMBL1942,35801,5,0.2,6.0,22,22,0,4,0,4,3,3,0.7476803550000001,0.7772931175000001
eighth_synthetic,CHEMBL1942,35801,5,0.3,4.0,22,22,0,5,0,5,3,3,0.9194265086870802,0.9455983800974446
eighth_synthetic,CHEMBL1942,35801,5,0.3,6.0,22,22,0,5,0,5,3,3,0.9373829814385635,0.9610422877555486
eighth_synthetic,CHEMBL1942,35801,6,0.2,4.0,22,22,0,6,1,5,3,3,0.5655093474823402,0.5990141256689532
eighth_synthetic,CHEMBL1942,35801,6,0.2,6.0,22,22,0,6,1,5,3,3,0.6605018098708249,0.6844011172461629
eighth_synthetic,CHEMBL1942,35801,6,0.3,4.0,22,22,0,5,0,5,3,3,0.9194265086870802,0.9455983800974446
eighth_synthetic,CHEMBL1942,35801,6,0.3,6.0,22,22,0,5,0,5,3,3,0.9373829814385635,0.9610422877555486
eighth_synthetic,CHEMBL1942,35801,7,0.2,4.0,22,22,0,7,1,6,3,3,0.6248287583092614,0.6546817375274555
eighth_synthetic,CHEMBL1942,35801,7,0.2,6.0,22,22,0,6,1,5,3,3,0.6705343290310308,0.6904806347934945
eighth_synthetic,CHEMBL1942,35801,7,0.3,4.0,22,22,0,5,0,5,3,3,0.9278775669777269,0.9527794487958123
eighth_synthetic,CHEMBL1942,35801,7,0.3,6.0,22,22,0,6,0,6,3,3,0.9383686579729525,0.9620507263522042
eighth_synthetic,CHEMBL1942,35801,8,0.2,4.0,22,22,0,6,0,6,3,3,0.8115749598934175,0.8365781350152971
eighth_synthetic,CHEMBL1942,35801,8,0.2,6.0,22,22,0,6,0,6,3,3,0.8289001284035068,0.8494235191727397
eighth_synthetic,CHEMBL1942,35801,8,0.3,4.0,22,22,0,6,0,6,3,3,0.9228951584963919,0.9475843625653959
eighth_synthetic,CHEMBL1942,35801,8,0.3,6.0,22,22,0,6,0,6,3,3,0.9463977254746035,0.9665403901519531
eighth_synthetic,CHEMBL1942,35801,9,0.2,4.0,22,22,0,5,0,5,3,3,0.7861919655085902,0.8133373489810305
eighth_synthetic,CHEMBL1942,35801,9,0.2,6.0,22,22,0,5,0,5,3,3,0.7964385731309608,0.8206406744267953
eighth_synthetic,CHEMBL1942,35801,9,0.3,4.0,22,22,0,5,0,5,3,3,0.9278775669777269,0.9527794487958123
eighth_synthetic,CHEMBL1942,35801,9,0.3,6.0,22,22,0,6,0,6,3,3,0.9383686579729525,0.9620507263522042
eighth_synthetic,CHEMBL1951,35801,0,0.2,4.0,11,16,5,29,13,16,8,3,0.444864302281122,0.7365311872144231
eighth_synthetic,CHEMBL1951,35801,0,0.2,6.0,11,17,6,26,16,10,8,2,0.37633259742041986,0.7846015972769629
eighth_synthetic,CHEMBL1951,35801,0,0.3,4.0,10,14,4,29,13,16,7,3,0.46251487775829025,0.8134761532479886
eighth_synthetic,CHEMBL1951,35801,0,0.3,6.0,10,17,7,30,19,11,9,2,0.3782258806666666,0.8503057436751115
eighth_synthetic,CHEMBL1951,35801,1,0.2,4.0,13,17,4,25,14,11,8,4,0.41086255633165636,0.7622431462440439
eighth_synthetic,CHEMBL1951,35801,1,0.2,6.0,13,17,4,26,17,9,8,4,0.3703236942307692,0.8183543154059556
eighth_synthetic,CHEMBL1951,35801,1,0.3,4.0,12,15,3,26,15,11,7,4,0.41133579588539065,0.8246798288400169
eighth_synthetic,CHEMBL1951,35801,1,0.3,6.0,12,17,5,28,20,8,8,3,0.3729552453571428,0.8620995045964684
eighth_synthetic,CHEMBL1951,35801,2,0.2,4.0,13,16,3,27,16,11,7,4,0.4111122902385673,0.7809373188907572
eighth_synthetic,CHEMBL1951,35801,2,0.2,6.0,13,17,4,26,16,10,8,4,0.3820244588461538,0.8210228699948308
eighth_synthetic,CHEMBL1951,35801,2,0.3,4.0,10,17,7,28,14,14,9,2,0.410704652272487,0.8228804385401839
eighth_synthetic,CHEMBL1951,35801,2,0.3,6.0,10,17,7,27,17,10,8,1,0.38225949973818213,0.856188489590742
eighth_synthetic,CHEMBL1951,35801,3,0.2,4.0,13,15,2,26,12,14,7,5,0.42294314527852034,0.7593332314161272
eighth_synthetic,CHEMBL1951,35801,3,0.2,6.0,13,17,4,26,16,10,8,4,0.37969813076923076,0.7994840982978327
eighth_synthetic,CHEMBL1951,35801,3,0.3,4.0,11,16,5,31,17,14,9,4,0.44982312376824796,0.7900920436283395
eighth_synthetic,CHEMBL1951,35801,3,0.3,6.0,11,17,6,31,21,10,9,3,0.3961195259009973,0.8476953837028379
eighth_synthetic,CHEMBL1951,35801,4,0.2,4.0,12,17,5,26,13,13,7,2,0.421121375979355,0.7780073038312659
eighth_synthetic,CHEMBL1951,35801,4,0.2,6.0,12,17,5,24,13,11,7,2,0.3772654008333334,0.8348298899134049
eighth_synthetic,CHEMBL1951,35801,4,0.3,4.0,11,16,5,28,16,12,7,2,0.4230136599701885,0.823707046145775
eighth_synthetic,CHEMBL1951,35801,4,0.3,6.0,11,17,6,28,17,11,8,2,0.3901278872475328,0.8800995160169905
eighth_synthetic,CHEMBL1951,35801,5,0.2,4.0,11,16,5,25,14,11,7,2,0.41726904345765264,0.7300010586441075
eighth_synthetic,CHEMBL1951,35801,5,0.2,6.0,11,16,5,25,16,9,7,2,0.3780248168,0.8003418360237338
eighth_synthetic,CHEMBL1951,35801,5,0.3,4.0,11,18,7,27,15,12,9,2,0.4095852138390941,0.8605117614591153
eighth_synthetic,CHEMBL1951,35801,5,0.3,6.0,11,18,7,26,16,10,9,2,0.3807341078050352,0.911361883247831
eighth_synthetic,CHEMBL1951,35801,6,0.2,4.0,14,16,2,21,12,9,6,4,0.4292927776128151,0.837074334546557
eighth_synthetic,CHEMBL1951,35801,6,0.2,6.0,14,17,3,22,14,8,7,4,0.37315132772727266,0.8688238311713021
eighth_synthetic,CHEMBL1951,35801,6,0.3,4.0,10,17,7,27,15,12,9,2,0.4078659310127768,0.8068141905140132
eighth_synthetic,CHEMBL1951,35801,6,0.3,6.0,10,18,8,29,18,11,9,1,0.3892203821700316,0.8478534174124224
eighth_synthetic,CHEMBL1951,35801,7,0.2,4.0,12,17,5,26,14,12,9,4,0.38641145835163176,0.770264333059795
eighth_synthetic,CHEMBL1951,35801,7,0.2,6.0,12,18,6,25,14,11,9,3,0.3920585477172366,0.8249290166214558
eighth_synthetic,CHEMBL1951,35801,7,0.3,4.0,10,16,6,31,14,17,9,3,0.4256247118779339,0.7791020484960638
eighth_synthetic,CHEMBL1951,35801,7,0.3,6.0,10,19,9,30,19,11,11,2,0.3868688184310305,0.8374166795124502
eighth_synthetic,CHEMBL1951,35801,8,0.2,4.0,13,16,3,26,15,11,7,4,0.4424668155947397,0.7811440195731858
eighth_synthetic,CHEMBL1951,35801,8,0.2,6.0,13,17,4,25,16,9,8,4,0.40194856920000005,0.8468589121084099
eighth_synthetic,CHEMBL1951,35801,8,0.3,4.0,11,16,5,28,16,12,9,4,0.4041291923598665,0.7885864770074432
eighth_synthetic,CHEMBL1951,35801,8,0.3,6.0,11,17,6,30,19,11,9,3,0.3931015317643639,0.8567076126284352
eighth_synthetic,CHEMBL1951,35801,9,0.2,4.0,13,16,3,28,13,15,8,5,0.42840544809766085,0.7466017204630324
eighth_synthetic,CHEMBL1951,35801,9,0.2,6.0,13,17,4,28,17,11,8,4,0.38243965367610416,0.7908733502847747
eighth_synthetic,CHEMBL1951,35801,9,0.3,4.0,12,16,4,28,16,12,7,3,0.4275234100593838,0.8182551161856498
eighth_synthetic,CHEMBL1951,35801,9,0.3,6.0,12,17,5,29,19,10,8,3,0.3822008762068965,0.8786832340021653
eighth_synthetic,CHEMBL1955,35801,0,0.2,4.0,35,36,1,12,0,12,8,7,0.7311260208333333,0.8776846451933712
eighth_synthetic,CHEMBL1955,35801,0,0.2,6.0,35,36,1,13,1,12,8,7,0.7178764423076923,0.8880035872411871
eighth_synthetic,CHEMBL1955,35801,0,0.3,4.0,35,36,1,12,0,12,8,7,0.7748182118457266,0.8903246235112863
eighth_synthetic,CHEMBL1955,35801,0,0.3,6.0,35,36,1,13,1,12,8,7,0.7596360770047947,0.8998939198604927
eighth_synthetic,CHEMBL1955,35801,1,0.2,4.0,35,36,1,12,0,12,8,7,0.7857599754647918,0.8982686738521711
eighth_synthetic,CHEMBL1955,35801,1,0.2,6.0,35,36,1,12,0,12,8,7,0.7886411834921526,0.8997115889144451
eighth_synthetic,CHEMBL1955,35801,1,0.3,4.0,34,35,1,12,1,11,8,7,0.7748182118457266,0.8910061735112863
eighth_synthetic,CHEMBL1955,35801,1,0.3,6.0,34,35,1,12,1,11,8,7,0.7763656250885277,0.892246033794239
eighth_synthetic,CHEMBL1955,35801,2,0.2,4.0,35,35,0,12,1,11,7,7,0.7732163030160409,0.8570143859652292
eighth_synthetic,CHEMBL1955,35801,2,0.2,6.0,35,36,1,13,3,10,8,7,0.720041633076923,0.8682617033550584
eighth_synthetic,CHEMBL1955,35801,2,0.3,4.0,35,36,1,12,0,12,8,7,0.7907602998617677,0.9047180411431821
eighth_synthetic,CHEMBL1955,35801,2,0.3,6.0,35,36,1,12,1,11,8,7,0.7559176667551943,0.9062397647075907
eighth_synthetic,CHEMBL1955,35801,3,0.2,4.0,35,36,1,12,0,12,8,7,0.7748182118457266,0.8903246235112863
eighth_synthetic,CHEMBL1955,35801,3,0.2,6.0,35,36,1,12,0,12,8,7,0.7763656250885277,0.891564483794239
eighth_synthetic,CHEMBL1955,35801,3,0.3,4.0,35,36,1,12,0,12,8,7,0.8294521664771852,0.9109086521700861
eighth_synthetic,CHEMBL1955,35801,3,0.3,6.0,35,36,1,12,0,12,8,7,0.833880787747347,0.9125927825853594
eighth_synthetic,CHEMBL1955,35801,4,0.2,4.0,35,36,1,12,0,12,8,7,0.7857599754647918,0.8982686738521711
eighth_synthetic,CHEMBL1955,35801,4,0.2,6.0,35,36,1,12,0,12,8,7,0.7886411834921526,0.8997115889144451
eighth_synthetic,CHEMBL1955,35801,4,0.3,4.0,35,36,1,12,0,12,8,7,0.7857599754647918,0.8982686738521711
eighth_synthetic,CHEMBL1955,35801,4,0.3,6.0,35,36,1,13,1,12,8,7,0.770967361685064,0.9074143245868368
eighth_synthetic,CHEMBL1955,35801,5,0.2,4.0,35,36,1,12,0,12,8,7,0.7857599754647918,0.8982686738521711
eighth_synthetic,CHEMBL1955,35801,5,0.2,6.0,35,36,1,12,0,12,8,7,0.7886411834921526,0.8997115889144451
eighth_synthetic,CHEMBL1955,35801,5,0.3,4.0,35,36,1,12,0,12,8,7,0.8017020634808328,0.9126620914840667
eighth_synthetic,CHEMBL1955,35801,5,0.3,6.0,35,36,1,12,1,11,8,7,0.7681932251588193,0.9143868698277969
eighth_synthetic,CHEMBL1955,35801,6,0.2,4.0,35,35,0,11,0,11,7,7,0.7927012851084083,0.883529324689341
eighth_synthetic,CHEMBL1955,35801,6,0.2,6.0,35,35,0,12,1,11,7,7,0.769319517744724,0.8899876477816395
eighth_synthetic,CHEMBL1955,35801,6,0.3,4.0,35,36,1,12,0,12,8,7,0.7748182118457266,0.8903246235112863
eighth_synthetic,CHEMBL1955,35801,6,0.3,6.0,35,36,1,13,1,12,8,7,0.7596360770047947,0.8998939198604927
eighth_synthetic,CHEMBL1955,35801,7,0.2,4.0,35,36,1,12,0,12,8,7,0.7311260208333333,0.8776846451933712
eighth_synthetic,CHEMBL1955,35801,7,0.2,6.0,35,36,1,13,1,12,8,7,0.7178764423076923,0.8880035872411871
eighth_synthetic,CHEMBL1955,35801,7,0.3,4.0,34,35,1,12,1,11,8,7,0.7470681088493744,0.892759612825267
eighth_synthetic,CHEMBL1955,35801,7,0.3,6.0,34,36,2,11,1,10,8,6,0.72447775,0.9211579047672832
eighth_synthetic,CHEMBL1955,35801,8,0.2,4.0,34,35,1,12,1,11,8,7,0.7311260208333333,0.8783661951933711
eighth_synthetic,CHEMBL1955,35801,8,0.2,6.0,34,35,1,12,1,11,8,7,0.7311260208333333,0.8793648401233245
eighth_synthetic,CHEMBL1955,35801,8,0.3,4.0,35,35,0,11,0,11,7,7,0.8523019628881813,0.9059846286807588
eighth_synthetic,CHEMBL1955,35801,8,0.3,6.0,35,35,0,11,1,10,7,7,0.8157468665368938,0.9067767742230608
eighth_synthetic,CHEMBL1955,35801,9,0.2,4.0,35,35,0,12,1,11,7,7,0.7732163030160409,0.8570143859652292
eighth_synthetic,CHEMBL1955,35801,9,0.2,6.0,35,36,1,13,3,10,8,7,0.720041633076923,0.8682617033550584
eighth_synthetic,CHEMBL1955,35801,9,0.3,4.0,34,35,1,12,1,11,8,7,0.7748182118457266,0.8910061735112863
eighth_synthetic,CHEMBL1955,35801,9,0.3,6.0,34,35,1,12,1,11,8,7,0.7763656250885277,0.892246033794239
eighth_synthetic,CHEMBL1957,35801,0,0.2,4.0,48,50,2,18,11,7,18,16,0.9666229872222222,0.9949014827777779
eighth_synthetic,CHEMBL1957,35801,0,0.2,6.0,47,50,3,19,12,7,19,16,0.9673542247368421,0.9944271913602075
eighth_synthetic,CHEMBL1957,35801,0,0.3,4.0,48,49,1,19,11,8,18,17,0.968367496948783,0.9951092524010803
eighth_synthetic,CHEMBL1957,35801,0,0.3,6.0,47,49,2,20,12,8,19,17,0.9689849478449977,0.9946547068367178
eighth_synthetic,CHEMBL1957,35801,1,0.2,4.0,48,50,2,18,11,7,18,16,0.9666229872222222,0.9949014827777779
eighth_synthetic,CHEMBL1957,35801,1,0.2,6.0,48,50,2,18,11,7,18,16,0.9666229872222222,0.9949014827777779
eighth_synthetic,CHEMBL1957,35801,1,0.3,4.0,48,50,2,18,11,7,18,16,0.9666229872222222,0.9949014827777779
eighth_synthetic,CHEMBL1957,35801,1,0.3,6.0,47,50,3,19,12,7,19,16,0.9673542247368421,0.9944271913602075
eighth_synthetic,CHEMBL1957,35801,2,0.2,4.0,48,50,2,18,11,7,18,16,0.9666229872222222,0.9949014827777779
eighth_synthetic,CHEMBL1957,35801,2,0.2,6.0,47,50,3,19,12,7,19,16,0.9673542247368421,0.9944271913602075
eighth_synthetic,CHEMBL1957,35801,2,0.3,4.0,48,49,1,19,11,8,18,17,0.968367496948783,0.9951092524010803
eighth_synthetic,CHEMBL1957,35801,2,0.3,6.0,48,49,1,19,11,8,18,17,0.968378024047366,0.9951160100468639
eighth_synthetic,CHEMBL1957,35801,3,0.2,4.0,48,50,2,18,11,7,18,16,0.9666229872222222,0.9949014827777779
eighth_synthetic,CHEMBL1957,35801,3,0.2,6.0,47,50,3,19,12,7,19,16,0.9673542247368421,0.9944271913602075
eighth_synthetic,CHEMBL1957,35801,3,0.3,4.0,48,49,1,19,11,8,18,17,0.968367496948783,0.9951092524010803
eighth_synthetic,CHEMBL1957,35801,3,0.3,6.0,47,49,2,20,12,8,19,17,0.9689849478449977,0.9946547068367178
eighth_synthetic,CHEMBL1957,35801,4,0.2,4.0,48,50,2,18,11,7,18,16,0.9666229872222222,0.9949014827777779
eighth_synthetic,CHEMBL1957,35801,4,0.2,6.0,47,50,3,19,12,7,19,16,0.9673542247368421,0.9944271913602075
eighth_synthetic,CHEMBL1957,35801,4,0.3,4.0,48,50,2,18,11,7,18,16,0.9666229872222222,0.9949014827777779
eighth_synthetic,CHEMBL1957,35801,4,0.3,6.0,47,50,3,19,12,7,19,16,0.9673542247368421,0.9944271913602075
eighth_synthetic,CHEMBL1957,35801,5,0.2,4.0,47,49,2,19,12,7,19,17,0.9673542247368421,0.9946937257894738
eighth_synthetic,CHEMBL1957,35801,5,0.2,6.0,47,49,2,20,12,8,19,17,0.9689334240615901,0.9949161616388646
eighth_synthetic,CHEMBL1957,35801,5,0.3,4.0,48,49,1,19,11,8,18,17,0.968367496948783,0.9951092524010803
eighth_synthetic,CHEMBL1957,35801,5,0.3,6.0,47,49,2,20,12,8,19,17,0.9689849478449977,0.9946547068367178
eighth_synthetic,CHEMBL1957,35801,6,0.2,4.0,48,50,2,18,11,7,18,16,0.9666229872222222,0.9949014827777779
eighth_synthetic,CHEMBL1957,35801,6,0.2,6.0,48,50,2,18,11,7,18,16,0.9666229872222222,0.9949014827777779
eighth_synthetic,CHEMBL1957,35801,6,0.3,4.0,48,50,2,18,11,7,18,16,0.9666229872222222,0.9949014827777779
eighth_synthetic,CHEMBL1957,35801,6,0.3,6.0,47,50,3,19,12,7,19,16,0.9673542247368421,0.9944271913602075
eighth_synthetic,CHEMBL1957,35801,7,0.2,4.0,47,49,2,19,12,7,19,17,0.9673542247368421,0.9946937257894738
eighth_synthetic,CHEMBL1957,35801,7,0.2,6.0,46,49,3,21,13,8,20,17,0.969651946725324,0.9944863418391063
eighth_synthetic,CHEMBL1957,35801,7,0.3,4.0,47,48,1,19,12,7,18,17,0.9676395864224672,0.9951092524010803
eighth_synthetic,CHEMBL1957,35801,7,0.3,6.0,47,48,1,20,12,8,18,17,0.9692145184065881,0.9953173316833853
eighth_synthetic,CHEMBL1957,35801,8,0.2,4.0,48,49,1,19,11,8,18,17,0.968367496948783,0.9951092524010803
eighth_synthetic,CHEMBL1957,35801,8,0.2,6.0,48,49,1,19,11,8,18,17,0.968378024047366,0.9951160100468639
eighth_synthetic,CHEMBL1957,35801,8,0.3,4.0,47,48,1,19,12,7,18,17,0.9676395864224672,0.9951092524010803
eighth_synthetic,CHEMBL1957,35801,8,0.3,6.0,46,48,2,21,13,8,19,17,0.9699196556253218,0.9948684085481736
eighth_synthetic,CHEMBL1957,35801,9,0.2,4.0,48,50,2,18,11,7,18,16,0.9666229872222222,0.9949014827777779
eighth_synthetic,CHEMBL1957,35801,9,0.2,6.0,48,50,2,18,11,7,18,16,0.9666229872222222,0.9949014827777779
eighth_synthetic,CHEMBL1957,35801,9,0.3,4.0,48,49,1,19,11,8,18,17,0.968367496948783,0.9951092524010803
eighth_synthetic,CHEMBL1957,35801,9,0.3,6.0,47,49,2,20,12,8,19,17,0.9689849478449977,0.9946547068367178
eighth_synthetic,CHEMBL1824,35802,0,0.2,4.0,48,49,1,16,15,1,15,14,0.917239599375,0.9714782992331785
eighth_synthetic,CHEMBL1824,35802,0,0.2,6.0,46,49,3,18,17,1,17,14,0.919002536111111,0.9736053630532778
eighth_synthetic,CHEMBL1824,35802,0,0.3,4.0,49,49,0,15,14,1,14,14,0.9163334493333334,0.972127860024803
eighth_synthetic,CHEMBL1824,35802,0,0.3,6.0,46,49,3,18,17,1,17,14,0.919002536111111,0.972138666002053
eighth_synthetic,CHEMBL1824,35802,1,0.2,4.0,49,48,-1,14,14,0,13,14,0.9113090814285715,0.9704508128571427
eighth_synthetic,CHEMBL1824,35802,1,0.2,6.0,46,49,3,18,17,1,17,14,0.919002536111111,0.9721862365321344
eighth_synthetic,CHEMBL1824,35802,1,0.3,4.0,49,49,0,15,14,1,14,14,0.9163334493333334,0.972127860024803
eighth_synthetic,CHEMBL1824,35802,1,0.3,6.0,45,48,3,19,18,1,17,14,0.9195023162243118,0.9728864975516713
eighth_synthetic,CHEMBL1824,35802,2,0.2,4.0,50,49,-1,15,14,1,14,15,0.9163334493333334,0.9676705426666666
eighth_synthetic,CHEMBL1824,35802,2,0.2,6.0,46,49,3,18,17,1,17,14,0.919002536111111,0.9711020961779481
eighth_synthetic,CHEMBL1824,35802,2,0.3,4.0,47,48,1,16,16,0,15,14,0.913873993125,0.9727577234207194
eighth_synthetic,CHEMBL1824,35802,2,0.3,6.0,44,49,5,19,18,1,18,13,0.9197997868421053,0.9768050915935096
eighth_synthetic,CHEMBL1824,35802,3,0.2,4.0,49,49,0,15,14,1,14,14,0.9163334493333334,0.9698697511572539
eighth_synthetic,CHEMBL1824,35802,3,0.2,6.0,47,48,1,17,16,1,15,14,0.9178239146036428,0.9734861186722026
eighth_synthetic,CHEMBL1824,35802,3,0.3,4.0,48,48,0,15,15,0,14,14,0.9126105993333334,0.972127860024803
eighth_synthetic,CHEMBL1824,35802,3,0.3,6.0,46,49,3,18,17,1,17,14,0.919002536111111,0.9738017358061553
eighth_synthetic,CHEMBL1824,35802,4,0.2,4.0,48,49,1,16,15,1,15,14,0.917239599375,0.9714782992331785
eighth_synthetic,CHEMBL1824,35802,4,0.2,6.0,47,49,2,17,16,1,16,14,0.9181563817647059,0.9742540995157886
eighth_synthetic,CHEMBL1824,35802,4,0.3,4.0,47,49,2,17,16,1,16,14,0.9181563817647059,0.9721093212994307
eighth_synthetic,CHEMBL1824,35802,4,0.3,6.0,44,49,5,19,18,1,18,13,0.9197997868421053,0.9767015848346471
eighth_synthetic,CHEMBL1824,35802,5,0.2,4.0,48,49,1,16,15,1,15,14,0.917239599375,0.9727577234207194
eighth_synthetic,CHEMBL1824,35802,5,0.2,6.0,47,49,2,17,16,1,16,14,0.9181563817647059,0.9744252755955057
eighth_synthetic,CHEMBL1824,35802,5,0.3,4.0,49,48,-1,14,14,0,13,14,0.9113090814285715,0.9704508128571427
eighth_synthetic,CHEMBL1824,35802,5,0.3,6.0,46,49,3,18,17,1,17,14,0.919002536111111,0.9720991209136118
eighth_synthetic,CHEMBL1824,35802,6,0.2,4.0,50,49,-1,15,14,1,14,15,0.9163334493333334,0.9676705426666666
eighth_synthetic,CHEMBL1824,35802,6,0.2,6.0,47,48,1,17,16,1,15,14,0.9178239146036428,0.9715998050559806
eighth_synthetic,CHEMBL1824,35802,6,0.3,4.0,49,49,0,15,14,1,14,14,0.9163334493333334,0.972127860024803
eighth_synthetic,CHEMBL1824,35802,6,0.3,6.0,46,49,3,18,17,1,17,14,0.919002536111111,0.9720711040929193
eighth_synthetic,CHEMBL1824,35802,7,0.2,4.0,49,49,0,15,14,1,14,14,0.9163334493333334,0.972127860024803
eighth_synthetic,CHEMBL1824,35802,7,0.2,6.0,48,49,1,16,15,1,15,14,0.917239599375,0.9729037126711013
eighth_synthetic,CHEMBL1824,35802,7,0.3,4.0,49,49,0,15,14,1,14,14,0.9163334493333334,0.972127860024803
eighth_synthetic,CHEMBL1824,35802,7,0.3,6.0,46,49,3,18,17,1,17,14,0.919002536111111,0.9735196686054236
eighth_synthetic,CHEMBL1824,35802,8,0.2,4.0,49,48,-1,14,14,0,13,14,0.9113090814285715,0.9704508128571427
eighth_synthetic,CHEMBL1824,35802,8,0.2,6.0,47,49,2,17,16,1,16,14,0.9181563817647059,0.971169325746374
eighth_synthetic,CHEMBL1824,35802,8,0.3,4.0,48,49,1,16,15,1,15,14,0.917239599375,0.9714782992331785
eighth_synthetic,CHEMBL1824,35802,8,0.3,6.0,45,49,4,19,18,1,18,14,0.9197997868421053,0.9748548092915119
eighth_synthetic,CHEMBL1824,35802,9,0.2,4.0,49,48,-1,14,14,0,13,14,0.9113090814285715,0.9704508128571427
eighth_synthetic,CHEMBL1824,35802,9,0.2,6.0,46,48,2,18,17,1,16,14,0.9186885393478847,0.9739986404887611
eighth_synthetic,CHEMBL1824,35802,9,0.3,4.0,47,48,1,16,16,0,15,14,0.913873993125,0.9732705144938811
eighth_synthetic,CHEMBL1824,35802,9,0.3,6.0,45,48,3,19,18,1,17,14,0.9195023162243118,0.9763205974786232
eighth_synthetic,CHEMBL1825,35802,0,0.2,4.0,48,47,-1,16,10,6,15,16,0.9786111875000001,0.993290935
eighth_synthetic,CHEMBL1825,35802,0,0.2,6.0,48,47,-1,16,10,6,15,16,0.9786111875000001,0.993290935
eighth_synthetic,CHEMBL1825,35802,0,0.3,4.0,47,47,0,16,10,6,15,15,0.9786111875000001,0.9940514802233142
eighth_synthetic,CHEMBL1825,35802,0,0.3,6.0,46,47,1,18,11,7,17,16,0.9763701222222223,0.9936206271863036
eighth_synthetic,CHEMBL1825,35802,1,0.2,4.0,48,47,-1,16,10,6,15,16,0.9786111875000001,0.993290935
eighth_synthetic,CHEMBL1825,35802,1,0.2,6.0,48,47,-1,16,10,6,15,16,0.9786111875000001,0.993290935
eighth_synthetic,CHEMBL1825,35802,1,0.3,4.0,47,47,0,16,10,6,15,15,0.9786111875000001,0.9940514802233142
eighth_synthetic,CHEMBL1825,35802,1,0.3,6.0,47,47,0,17,10,7,16,16,0.9761629176470588,0.9941079116060031
eighth_synthetic,CHEMBL1825,35802,2,0.2,4.0,48,47,-1,16,10,6,15,16,0.9786111875000001,0.993290935
eighth_synthetic,CHEMBL1825,35802,2,0.2,6.0,48,47,-1,16,10,6,15,16,0.9786111875000001,0.993290935
eighth_synthetic,CHEMBL1825,35802,2,0.3,4.0,47,47,0,16,10,6,15,15,0.9786111875000001,0.9940514802233142
eighth_synthetic,CHEMBL1825,35802,2,0.3,6.0,47,47,0,17,10,7,16,16,0.9761629176470588,0.9941079116060031
eighth_synthetic,CHEMBL1825,35802,3,0.2,4.0,48,47,-1,16,10,6,15,16,0.9786111875000001,0.993290935
eighth_synthetic,CHEMBL1825,35802,3,0.2,6.0,47,47,0,17,11,6,16,16,0.9786865647058824,0.9928230442383184
eighth_synthetic,CHEMBL1825,35802,3,0.3,4.0,47,47,0,16,10,6,15,15,0.9786111875000001,0.9940514802233142
eighth_synthetic,CHEMBL1825,35802,3,0.3,6.0,47,47,0,17,10,7,16,16,0.9761629176470588,0.9941079116060031
eighth_synthetic,CHEMBL1825,35802,4,0.2,4.0,48,47,-1,16,10,6,15,16,0.9786111875000001,0.993290935
eighth_synthetic,CHEMBL1825,35802,4,0.2,6.0,48,47,-1,16,10,6,15,16,0.9786111875000001,0.993290935
eighth_synthetic,CHEMBL1825,35802,4,0.3,4.0,48,47,-1,16,10,6,15,16,0.9786111875000001,0.993290935
eighth_synthetic,CHEMBL1825,35802,4,0.3,6.0,48,47,-1,16,10,6,15,16,0.9786111875000001,0.993290935
eighth_synthetic,CHEMBL1825,35802,5,0.2,4.0,48,47,-1,16,10,6,15,16,0.9786111875000001,0.993290935
eighth_synthetic,CHEMBL1825,35802,5,0.2,6.0,48,47,-1,16,10,6,15,16,0.9786111875000001,0.993290935
eighth_synthetic,CHEMBL1825,35802,5,0.3,4.0,48,47,-1,16,10,6,15,16,0.9786111875000001,0.993290935
eighth_synthetic,CHEMBL1825,35802,5,0.3,6.0,48,47,-1,16,10,6,15,16,0.9786111875000001,0.993290935
eighth_synthetic,CHEMBL1825,35802,6,0.2,4.0,47,47,0,16,10,6,15,15,0.9786111875000001,0.9940514802233142
eighth_synthetic,CHEMBL1825,35802,6,0.2,6.0,47,47,0,17,10,7,16,16,0.9761629176470588,0.9941079116060031
eighth_synthetic,CHEMBL1825,35802,6,0.3,4.0,47,47,0,16,10,6,15,15,0.9786111875000001,0.9940514802233142
eighth_synthetic,CHEMBL1825,35802,6,0.3,6.0,47,47,0,17,10,7,16,16,0.9761629176470588,0.9941079116060031
eighth_synthetic,CHEMBL1825,35802,7,0.2,4.0,48,47,-1,16,10,6,15,16,0.9786111875000001,0.993290935
eighth_synthetic,CHEMBL1825,35802,7,0.2,6.0,48,47,-1,16,10,6,15,16,0.9786111875000001,0.993290935
eighth_synthetic,CHEMBL1825,35802,7,0.3,4.0,47,47,0,16,10,6,15,15,0.9786111875000001,0.9940514802233142
eighth_synthetic,CHEMBL1825,35802,7,0.3,6.0,47,47,0,17,10,7,16,16,0.9761629176470588,0.9941079116060031
eighth_synthetic,CHEMBL1825,35802,8,0.2,4.0,47,47,0,16,10,6,15,15,0.9786111875000001,0.9940514802233142
eighth_synthetic,CHEMBL1825,35802,8,0.2,6.0,47,47,0,17,10,7,16,16,0.9761629176470588,0.9941079116060031
eighth_synthetic,CHEMBL1825,35802,8,0.3,4.0,47,47,0,16,10,6,15,15,0.9786111875000001,0.9940514802233142
eighth_synthetic,CHEMBL1825,35802,8,0.3,6.0,47,47,0,17,10,7,16,16,0.9761629176470588,0.9941079116060031
eighth_synthetic,CHEMBL1825,35802,9,0.2,4.0,47,47,0,16,10,6,15,15,0.9786111875000001,0.9940514802233142
eighth_synthetic,CHEMBL1825,35802,9,0.2,6.0,46,47,1,18,11,7,17,16,0.9763701222222223,0.9936206271863036
eighth_synthetic,CHEMBL1825,35802,9,0.3,4.0,47,47,0,16,10,6,15,15,0.9786111875000001,0.9940514802233142
eighth_synthetic,CHEMBL1825,35802,9,0.3,6.0,47,47,0,17,10,7,16,16,0.9761629176470588,0.9941079116060031
eighth_synthetic,CHEMBL1827,35802,0,0.2,4.0,50,50,0,15,14,1,15,15,0.9527050606666665,0.9845015920000002
eighth_synthetic,CHEMBL1827,35802,0,0.2,6.0,48,50,2,16,15,1,16,14,0.9399513056250001,0.9857057315499784
eighth_synthetic,CHEMBL1827,35802,0,0.3,4.0,49,50,1,15,15,0,15,14,0.9527050606666665,0.9863006533345611
eighth_synthetic,CHEMBL1827,35802,0,0.3,6.0,47,50,3,17,17,0,17,14,0.9548610323529412,0.9863763234713488
eighth_synthetic,CHEMBL1827,35802,1,0.2,4.0,49,50,1,15,15,0,15,14,0.9527050606666665,0.9863006533345611
eighth_synthetic,CHEMBL1827,35802,1,0.2,6.0,47,50,3,17,16,1,17,14,0.9417954311764706,0.9867703875655711
eighth_synthetic,CHEMBL1827,35802,1,0.3,4.0,48,50,2,16,16,0,16,14,0.9538335068749999,0.985837979428376
eighth_synthetic,CHEMBL1827,35802,1,0.3,6.0,46,50,4,18,18,0,18,14,0.9558199061111112,0.9872243838323238
eighth_synthetic,CHEMBL1827,35802,2,0.2,4.0,50,50,0,15,14,1,15,15,0.9527050606666665,0.9845015920000002
eighth_synthetic,CHEMBL1827,35802,2,0.2,6.0,48,50,2,16,15,1,16,14,0.9399513056250001,0.9857057315499784
eighth_synthetic,CHEMBL1827,35802,2,0.3,4.0,49,50,1,15,15,0,15,14,0.9527050606666665,0.9863006533345611
eighth_synthetic,CHEMBL1827,35802,2,0.3,6.0,46,50,4,18,18,0,18,14,0.9558199061111112,0.9861731261228405
eighth_synthetic,CHEMBL1827,35802,3,0.2,4.0,50,50,0,15,14,1,15,15,0.9527050606666665,0.9845015920000002
eighth_synthetic,CHEMBL1827,35802,3,0.2,6.0,47,50,3,17,16,1,17,14,0.9417954311764706,0.9858633687532378
eighth_synthetic,CHEMBL1827,35802,3,0.3,4.0,49,50,1,15,15,0,15,14,0.9527050606666665,0.9863006533345611
eighth_synthetic,CHEMBL1827,35802,3,0.3,6.0,47,50,3,17,16,1,17,14,0.9417954311764706,0.9870931000121402
eighth_synthetic,CHEMBL1827,35802,4,0.2,4.0,50,50,0,15,14,1,15,15,0.9527050606666665,0.9845015920000002
eighth_synthetic,CHEMBL1827,35802,4,0.2,6.0,47,50,3,17,16,1,17,14,0.9417954311764706,0.9855406563066686
eighth_synthetic,CHEMBL1827,35802,4,0.3,4.0,49,50,1,15,15,0,15,14,0.9527050606666665,0.9863006533345611
eighth_synthetic,CHEMBL1827,35802,4,0.3,6.0,46,50,4,18,17,1,18,14,0.9434801716666666,0.987023712838051
eighth_synthetic,CHEMBL1827,35802,5,0.2,4.0,49,50,1,15,15,0,15,14,0.9527050606666665,0.9863006533345611
eighth_synthetic,CHEMBL1827,35802,5,0.2,6.0,47,50,3,17,17,0,17,14,0.9548610323529412,0.9861308243663318
eighth_synthetic,CHEMBL1827,35802,5,0.3,4.0,48,50,2,16,16,0,16,14,0.9538335068749999,0.985837979428376
eighth_synthetic,CHEMBL1827,35802,5,0.3,6.0,47,50,3,17,17,0,17,14,0.9548610323529412,0.9877775391979282
eighth_synthetic,CHEMBL1827,35802,6,0.2,4.0,49,50,1,15,15,0,15,14,0.9527050606666665,0.9863006533345611
eighth_synthetic,CHEMBL1827,35802,6,0.2,6.0,48,50,2,16,15,1,16,14,0.9399513056250001,0.9870123210125622
eighth_synthetic,CHEMBL1827,35802,6,0.3,4.0,49,50,1,15,15,0,15,14,0.9527050606666665,0.9863006533345611
eighth_synthetic,CHEMBL1827,35802,6,0.3,6.0,48,50,2,16,15,1,16,14,0.9399513056250001,0.9870123210125622
eighth_synthetic,CHEMBL1827,35802,7,0.2,4.0,49,50,1,15,15,0,15,14,0.9527050606666665,0.9846889345011528
eighth_synthetic,CHEMBL1827,35802,7,0.2,6.0,47,50,3,17,16,1,17,14,0.9417954311764706,0.9863042527740736
eighth_synthetic,CHEMBL1827,35802,7,0.3,4.0,49,50,1,15,15,0,15,14,0.9527050606666665,0.9863006533345611
eighth_synthetic,CHEMBL1827,35802,7,0.3,6.0,46,50,4,18,17,1,18,14,0.9434801716666666,0.9871066743948231
eighth_synthetic,CHEMBL1827,35802,8,0.2,4.0,49,50,1,15,15,0,15,14,0.9527050606666665,0.9863006533345611
eighth_synthetic,CHEMBL1827,35802,8,0.2,6.0,47,50,3,17,17,0,17,14,0.9548610323529412,0.9872037967756294
eighth_synthetic,CHEMBL1827,35802,8,0.3,4.0,49,50,1,15,15,0,15,14,0.9527050606666665,0.9863006533345611
eighth_synthetic,CHEMBL1827,35802,8,0.3,6.0,45,50,5,19,18,1,19,14,0.9449933415789474,0.9861353612701181
eighth_synthetic,CHEMBL1827,35802,9,0.2,4.0,48,50,2,16,16,0,16,14,0.9538335068749999,0.985837979428376
eighth_synthetic,CHEMBL1827,35802,9,0.2,6.0,48,50,2,16,16,0,16,14,0.9538335068749999,0.9872710983753237
eighth_synthetic,CHEMBL1827,35802,9,0.3,4.0,48,50,2,16,16,0,16,14,0.9538335068749999,0.985837979428376
eighth_synthetic,CHEMBL1827,35802,9,0.3,6.0,46,50,4,18,17,1,18,14,0.9434801716666666,0.9877827821579691
eighth_synthetic,CHEMBL1829,35802,0,0.2,4.0,42,43,1,15,11,4,11,10,0.849096544839733,0.9550427128155422
eighth_synthetic,CHEMBL1829,35802,0,0.2,6.0,40,44,4,16,11,5,14,10,0.81225970625,0.956017308775889
eighth_synthetic,CHEMBL1829,35802,0,0.3,4.0,41,43,2,16,12,4,12,10,0.8559895562352158,0.9547479408886963
eighth_synthetic,CHEMBL1829,35802,0,0.3,6.0,39,44,5,17,13,4,15,10,0.8249727322376367,0.9621890693502434
eighth_synthetic,CHEMBL1829,35802,1,0.2,4.0,41,44,3,16,12,4,13,10,0.8542264889122495,0.9544120746407548
eighth_synthetic,CHEMBL1829,35802,1,0.2,6.0,41,44,3,15,11,4,13,10,0.8128640706666667,0.9594661381880544
eighth_synthetic,CHEMBL1829,35802,1,0.3,4.0,39,44,5,17,12,5,15,10,0.8607277101527054,0.958234652401742
eighth_synthetic,CHEMBL1829,35802,1,0.3,6.0,39,44,5,18,13,5,15,10,0.8620860407506299,0.9675935551116175
eighth_synthetic,CHEMBL1829,35802,2,0.2,4.0,41,44,3,16,12,4,13,10,0.8542264889122495,0.9523322555772362
eighth_synthetic,CHEMBL1829,35802,2,0.2,6.0,41,45,4,15,12,3,13,9,0.8519045120000001,0.9632003161240235
eighth_synthetic,CHEMBL1829,35802,2,0.3,4.0,39,43,4,16,11,5,14,10,0.8639344839122495,0.9590126429707299
eighth_synthetic,CHEMBL1829,35802,2,0.3,6.0,39,44,5,17,13,4,15,10,0.8551342252941178,0.9664641979152461
eighth_synthetic,CHEMBL1829,35802,3,0.2,4.0,42,43,1,15,11,4,11,10,0.8577852036433561,0.953058553897839
eighth_synthetic,CHEMBL1829,35802,3,0.2,6.0,40,43,3,15,12,3,13,10,0.8592137753333333,0.9593466262615682
eighth_synthetic,CHEMBL1829,35802,3,0.3,4.0,40,44,4,17,14,3,14,10,0.8532975707090793,0.9503728957171951
eighth_synthetic,CHEMBL1829,35802,3,0.3,6.0,39,44,5,17,13,4,15,10,0.8262162252941176,0.9584173982990284
eighth_synthetic,CHEMBL1829,35802,4,0.2,4.0,42,45,3,15,11,4,13,10,0.8446188226666667,0.943868288141401
eighth_synthetic,CHEMBL1829,35802,4,0.2,6.0,42,45,3,15,11,4,13,10,0.8446188226666667,0.9603195618462878
eighth_synthetic,CHEMBL1829,35802,4,0.3,4.0,41,43,2,16,11,5,12,10,0.8485170006102157,0.9545860561047441
eighth_synthetic,CHEMBL1829,35802,4,0.3,6.0,39,43,4,16,11,5,14,10,0.813959201875,0.9595060760096255
eighth_synthetic,CHEMBL1829,35802,5,0.2,4.0,42,43,1,14,11,3,11,10,0.8462422878571428,0.9477820494131611
eighth_synthetic,CHEMBL1829,35802,5,0.2,6.0,41,43,2,16,12,4,12,10,0.8565177420944587,0.9592346510507548
eighth_synthetic,CHEMBL1829,35802,5,0.3,4.0,39,44,5,18,14,4,15,10,0.8572241568108884,0.9539762832178726
eighth_synthetic,CHEMBL1829,35802,5,0.3,6.0,39,44,5,17,13,4,15,10,0.8262162252941176,0.9633820116368194
eighth_synthetic,CHEMBL1829,35802,6,0.2,4.0,41,44,3,16,12,4,13,10,0.8542264889122495,0.9482067994190986
eighth_synthetic,CHEMBL1829,35802,6,0.2,6.0,41,45,4,15,12,3,13,9,0.8519045120000001,0.9625798754507496
eighth_synthetic,CHEMBL1829,35802,6,0.3,4.0,39,43,4,17,13,4,14,10,0.8622940219174113,0.9520458800707542
eighth_synthetic,CHEMBL1829,35802,6,0.3,6.0,39,44,5,17,13,4,15,10,0.8209042388235294,0.963182981663834
eighth_synthetic,CHEMBL1829,35802,7,0.2,4.0,45,45,0,12,8,4,10,10,0.8386772700000001,0.9532866841700339
eighth_synthetic,CHEMBL1829,35802,7,0.2,6.0,43,44,1,13,9,4,11,10,0.8479978407692308,0.955065035021363
eighth_synthetic,CHEMBL1829,35802,7,0.3,4.0,41,43,2,16,12,4,12,10,0.8559895562352158,0.9537515887126536
eighth_synthetic,CHEMBL1829,35802,7,0.3,6.0,39,44,5,17,13,4,15,10,0.8249727322376367,0.9590227960108691
eighth_synthetic,CHEMBL1829,35802,8,0.2,4.0,41,44,3,15,11,4,13,10,0.8516580553333333,0.9489473935723306
eighth_synthetic,CHEMBL1829,35802,8,0.2,6.0,41,45,4,16,11,5,14,10,0.8100187912499999,0.9633607851163194
eighth_synthetic,CHEMBL1829,35802,8,0.3,4.0,41,44,3,15,11,4,13,10,0.8464926446666666,0.9495669841469765
eighth_synthetic,CHEMBL1829,35802,8,0.3,6.0,39,44,5,18,13,5,15,10,0.8577815318617411,0.960935621419333
eighth_synthetic,CHEMBL1829,35802,9,0.2,4.0,41,43,2,15,11,4,12,10,0.8601243999842301,0.9521552082964004
eighth_synthetic,CHEMBL1829,35802,9,0.2,6.0,40,44,4,16,11,5,14,10,0.8287460289694588,0.9612660757695473
eighth_synthetic,CHEMBL1829,35802,9,0.3,4.0,39,43,4,18,14,4,14,10,0.8635149468108885,0.953163046287769
eighth_synthetic,CHEMBL1829,35802,9,0.3,6.0,38,44,6,19,15,4,16,10,0.8586760642105264,0.965714034669828
eighth_synthetic,CHEMBL1833,35802,0,0.2,4.0,39,40,1,15,1,14,12,11,0.7660253581975013,0.8585135246502013
eighth_synthetic,CHEMBL1833,35802,0,0.2,6.0,39,40,1,15,1,14,12,11,0.7690230252924309,0.8597403369895846
eighth_synthetic,CHEMBL1833,35802,0,0.3,4.0,38,39,1,16,3,13,12,11,0.7569322307963187,0.8455666262682382
eighth_synthetic,CHEMBL1833,35802,0,0.3,6.0,38,39,1,16,3,13,12,11,0.7688084007681443,0.8480930522869115
eighth_synthetic,CHEMBL1833,35802,1,0.2,4.0,38,39,1,16,3,13,12,11,0.7545754978257895,0.8480323181668261
eighth_synthetic,CHEMBL1833,35802,1,0.2,6.0,38,39,1,16,3,13,12,11,0.76847250898287,0.8527425840387544
eighth_synthetic,CHEMBL1833,35802,1,0.3,4.0,37,40,3,15,3,12,13,10,0.738488853115303,0.8561213205348788
eighth_synthetic,CHEMBL1833,35802,1,0.3,6.0,37,40,3,16,3,13,13,10,0.7573179554361651,0.8676740674052602
eighth_synthetic,CHEMBL1833,35802,2,0.2,4.0,37,41,4,14,2,12,14,10,0.711285685,0.8488190836280316
eighth_synthetic,CHEMBL1833,35802,2,0.2,6.0,37,41,4,14,2,12,14,10,0.711285685,0.8496049176728951
eighth_synthetic,CHEMBL1833,35802,2,0.3,4.0,38,39,1,16,3,13,12,11,0.7549825380340642,0.8504003384570138
eighth_synthetic,CHEMBL1833,35802,2,0.3,6.0,38,39,1,17,3,14,12,11,0.7816095860222586,0.8613780875839878
eighth_synthetic,CHEMBL1833,35802,3,0.2,4.0,38,39,1,15,3,12,12,11,0.7414299586107869,0.8410045880537441
eighth_synthetic,CHEMBL1833,35802,3,0.2,6.0,38,39,1,15,3,12,12,11,0.7534915396936873,0.8433630440453823
eighth_synthetic,CHEMBL1833,35802,3,0.3,4.0,38,39,1,16,2,14,12,11,0.7878707918133343,0.8644469462260048
eighth_synthetic,CHEMBL1833,35802,3,0.3,6.0,38,39,1,16,2,14,12,11,0.7932703836066921,0.8680962961739441
eighth_synthetic,CHEMBL1833,35802,4,0.2,4.0,38,39,1,15,3,12,12,11,0.7552006302386196,0.8198705792990434
eighth_synthetic,CHEMBL1833,35802,4,0.2,6.0,38,39,1,16,3,13,12,11,0.7704970682097886,0.8310792379839796
eighth_synthetic,CHEMBL1833,35802,4,0.3,4.0,37,40,3,14,3,11,13,10,0.7238825835714285,0.8488190836280316
eighth_synthetic,CHEMBL1833,35802,4,0.3,6.0,37,40,3,14,3,11,13,10,0.7238825835714285,0.8496049176728951
eighth_synthetic,CHEMBL1833,35802,5,0.2,4.0,38,39,1,15,2,13,12,11,0.7765107626420082,0.855987636340668
eighth_synthetic,CHEMBL1833,35802,5,0.2,6.0,38,39,1,15,2,13,12,11,0.7798789936803738,0.8593814701579914
eighth_synthetic,CHEMBL1833,35802,5,0.3,4.0,37,39,2,17,4,13,13,11,0.7474068185419195,0.8379706582746599
eighth_synthetic,CHEMBL1833,35802,5,0.3,6.0,37,39,2,17,4,13,13,11,0.7604863584544658,0.8424038496835334
eighth_synthetic,CHEMBL1833,35802,6,0.2,4.0,37,41,4,14,2,12,14,10,0.711285685,0.8488190836280316
eighth_synthetic,CHEMBL1833,35802,6,0.2,6.0,37,41,4,14,2,12,14,10,0.711285685,0.8496049176728951
eighth_synthetic,CHEMBL1833,35802,6,0.3,4.0,37,39,2,16,4,12,13,11,0.7346348330726127,0.8307533075503851
eighth_synthetic,CHEMBL1833,35802,6,0.3,6.0,37,39,2,17,4,13,13,11,0.760348804698643,0.8424466413243857
eighth_synthetic,CHEMBL1833,35802,7,0.2,4.0,37,41,4,14,2,12,14,10,0.711285685,0.8488190836280316
eighth_synthetic,CHEMBL1833,35802,7,0.2,6.0,37,41,4,14,2,12,14,10,0.711285685,0.8496049176728951
eighth_synthetic,CHEMBL1833,35802,7,0.3,4.0,37,39,2,17,4,13,13,11,0.7474068185419195,0.8379706582746599
eighth_synthetic,CHEMBL1833,35802,7,0.3,6.0,37,39,2,17,4,13,13,11,0.7604863584544658,0.8424038496835334
eighth_synthetic,CHEMBL1833,35802,8,0.2,4.0,38,39,1,15,3,12,12,11,0.7521013177819696,0.8405137208661365
eighth_synthetic,CHEMBL1833,35802,8,0.2,6.0,38,39,1,15,3,12,12,11,0.7553617081671348,0.8432920254500329
eighth_synthetic,CHEMBL1833,35802,8,0.3,4.0,36,40,4,17,4,13,14,10,0.7448117254576689,0.8357035583602896
eighth_synthetic,CHEMBL1833,35802,8,0.3,6.0,36,40,4,17,4,13,14,10,0.7501255088722135,0.8404632892981757
eighth_synthetic,CHEMBL1833,35802,9,0.2,4.0,37,40,3,15,2,13,13,10,0.7516414748494066,0.854726948637442
eighth_synthetic,CHEMBL1833,35802,9,0.2,6.0,37,40,3,15,2,13,13,10,0.7643093894860206,0.8573720325979829
eighth_synthetic,CHEMBL1833,35802,9,0.3,4.0,37,38,1,16,4,12,12,11,0.7444446401713187,0.8289858959081562
eighth_synthetic,CHEMBL1833,35802,9,0.3,6.0,37,38,1,17,4,13,12,11,0.7701165645154074,0.8407344809355131
eighth_synthetic,CHEMBL1836,35802,0,0.2,4.0,47,46,-1,15,2,13,13,14,0.8062869706666665,0.9014987633333333
eighth_synthetic,CHEMBL1836,35802,0,0.2,6.0,46,45,-1,15,2,13,12,13,0.8127860295037868,0.9071441808487057
eighth_synthetic,CHEMBL1836,35802,0,0.3,4.0,47,46,-1,14,2,12,13,14,0.8200743042857143,0.9163283371428571
eighth_synthetic,CHEMBL1836,35802,0,0.3,6.0,46,45,-1,14,1,13,12,13,0.8260840416112002,0.9223769987664704
eighth_synthetic,CHEMBL1836,35802,1,0.2,4.0,46,45,-1,14,1,13,12,13,0.8319616087666731,0.9252582289281394
eighth_synthetic,CHEMBL1836,35802,1,0.2,6.0,46,45,-1,14,1,13,12,13,0.8473164341583946,0.9386206377130827
eighth_synthetic,CHEMBL1836,35802,1,0.3,4.0,46,45,-1,16,2,14,12,13,0.8079635330478014,0.9092576640943004
eighth_synthetic,CHEMBL1836,35802,1,0.3,6.0,46,45,-1,16,1,15,12,13,0.8416774332299461,0.9287994235284717
eighth_synthetic,CHEMBL1836,35802,2,0.2,4.0,46,45,-1,14,1,13,12,13,0.8229421971428571,0.9194533785714286
eighth_synthetic,CHEMBL1836,35802,2,0.2,6.0,46,45,-1,15,2,13,12,13,0.8127860295037868,0.9071441808487057
eighth_synthetic,CHEMBL1836,35802,2,0.3,4.0,46,45,-1,14,1,13,12,13,0.8228043668593857,0.9342203757510611
eighth_synthetic,CHEMBL1836,35802,2,0.3,6.0,46,45,-1,15,1,14,12,13,0.8341556875641077,0.9265709612314926
eighth_synthetic,CHEMBL1836,35802,3,0.2,4.0,47,46,-1,14,2,12,13,14,0.8200743042857143,0.9163283371428571
eighth_synthetic,CHEMBL1836,35802,3,0.2,6.0,46,45,-1,14,1,13,12,13,0.8230836508969145,0.9223769987664704
eighth_synthetic,CHEMBL1836,35802,3,0.3,4.0,46,45,-1,16,2,14,12,13,0.8000715478769626,0.911481139603052
eighth_synthetic,CHEMBL1836,35802,3,0.3,6.0,46,45,-1,15,1,14,12,13,0.8498885384223284,0.9422080972223458
eighth_synthetic,CHEMBL1836,35802,4,0.2,4.0,46,45,-1,15,1,14,12,13,0.80883502906876,0.918197999367657
eighth_synthetic,CHEMBL1836,35802,4,0.2,6.0,46,45,-1,16,2,14,12,13,0.8211843233413509,0.9120280717795244
eighth_synthetic,CHEMBL1836,35802,4,0.3,4.0,46,45,-1,15,2,13,12,13,0.8210721235155615,0.9176228965418619
eighth_synthetic,CHEMBL1836,35802,4,0.3,6.0,46,45,-1,15,1,14,12,13,0.850378197576509,0.9406707587051026
eighth_synthetic,CHEMBL1836,35802,5,0.2,4.0,46,45,-1,15,2,13,12,13,0.8125253644020934,0.918197999367657
eighth_synthetic,CHEMBL1836,35802,5,0.2,6.0,46,45,-1,15,2,13,12,13,0.8349136347269877,0.9238422490494537
eighth_synthetic,CHEMBL1836,35802,5,0.3,4.0,46,45,-1,15,1,14,12,13,0.8200535112509881,0.9236158597005871
eighth_synthetic,CHEMBL1836,35802,5,0.3,6.0,46,45,-1,15,1,14,12,13,0.8567729519414892,0.9417316909149974
eighth_synthetic,CHEMBL1836,35802,6,0.2,4.0,46,45,-1,15,2,13,12,13,0.8125253644020934,0.918197999367657
eighth_synthetic,CHEMBL1836,35802,6,0.2,6.0,46,45,-1,15,2,13,12,13,0.8349136347269877,0.9238422490494537
eighth_synthetic,CHEMBL1836,35802,6,0.3,4.0,46,45,-1,15,1,14,12,13,0.8200535112509881,0.9236158597005871
eighth_synthetic,CHEMBL1836,35802,6,0.3,6.0,46,45,-1,15,1,14,12,13,0.8567729519414892,0.9417316909149974
eighth_synthetic,CHEMBL1836,35802,7,0.2,4.0,47,46,-1,14,2,12,13,14,0.8200743042857143,0.9163283371428571
eighth_synthetic,CHEMBL1836,35802,7,0.2,6.0,46,45,-1,14,1,13,12,13,0.8230836508969145,0.9223769987664704
eighth_synthetic,CHEMBL1836,35802,7,0.3,4.0,46,45,-1,16,2,14,12,13,0.8079635330478014,0.9092576640943004
eighth_synthetic,CHEMBL1836,35802,7,0.3,6.0,46,45,-1,16,1,15,12,13,0.8416774332299461,0.9287994235284717
eighth_synthetic,CHEMBL1836,35802,8,0.2,4.0,46,45,-1,15,1,14,12,13,0.8173817881822281,0.9098333289995968
eighth_synthetic,CHEMBL1836,35802,8,0.2,6.0,46,45,-1,15,2,13,12,13,0.8354032938811682,0.9223049105322105
eighth_synthetic,CHEMBL1836,35802,8,0.3,4.0,46,45,-1,16,2,14,12,13,0.8079635330478014,0.9092576640943004
eighth_synthetic,CHEMBL1836,35802,8,0.3,6.0,46,45,-1,16,1,15,12,13,0.8416774332299461,0.9287994235284717
eighth_synthetic,CHEMBL1836,35802,9,0.2,4.0,46,45,-1,15,1,14,12,13,0.7971747662663781,0.9122050362089318
eighth_synthetic,CHEMBL1836,35802,9,0.2,6.0,46,45,-1,16,2,14,12,13,0.815189241124182,0.911033447832748
eighth_synthetic,CHEMBL1836,35802,9,0.3,4.0,46,45,-1,16,2,14,12,13,0.8079635330478014,0.9165603836651739
eighth_synthetic,CHEMBL1836,35802,9,0.3,6.0,46,45,-1,16,1,15,12,13,0.856426980909528,0.9434592385198963
eighth_synthetic,CHEMBL1841,35802,0,0.2,4.0,14,15,1,6,2,4,2,1,0.5132349990502835,0.6508421457418488
eighth_synthetic,CHEMBL1841,35802,0,0.2,6.0,14,15,1,7,2,5,2,1,0.5336674853897279,0.6817293201719631
eighth_synthetic,CHEMBL1841,35802,0,0.3,4.0,15,16,1,6,1,5,2,1,0.5965980646898208,0.8272820517775249
eighth_synthetic,CHEMBL1841,35802,0,0.3,6.0,15,16,1,7,1,6,2,1,0.6531862793934647,0.8681785640507311
eighth_synthetic,CHEMBL1841,35802,1,0.2,4.0,14,16,2,8,2,6,3,1,0.5408849006989396,0.720021045018972
eighth_synthetic,CHEMBL1841,35802,1,0.2,6.0,14,16,2,6,2,4,3,1,0.5440902501525906,0.7015255954613254
eighth_synthetic,CHEMBL1841,35802,1,0.3,4.0,14,15,1,7,2,5,2,1,0.4722439919606551,0.6955184496186018
eighth_synthetic,CHEMBL1841,35802,1,0.3,6.0,14,15,1,9,2,7,2,1,0.5673866868143993,0.7829667379623186
eighth_synthetic,CHEMBL1841,35802,2,0.2,4.0,14,15,1,5,2,3,2,1,0.500215761302192,0.6478345534280171
eighth_synthetic,CHEMBL1841,35802,2,0.2,6.0,14,15,1,8,2,6,2,1,0.5917689185128179,0.7405162513171967
eighth_synthetic,CHEMBL1841,35802,2,0.3,4.0,14,15,1,7,2,5,2,1,0.4931837550786108,0.7190847615495185
eighth_synthetic,CHEMBL1841,35802,2,0.3,6.0,14,15,1,8,2,6,2,1,0.561286480303268,0.7473528701528307
eighth_synthetic,CHEMBL1841,35802,3,0.2,4.0,14,15,1,5,2,3,2,1,0.5444080514905184,0.5948155278973253
eighth_synthetic,CHEMBL1841,35802,3,0.2,6.0,14,15,1,7,2,5,2,1,0.5946149540488282,0.6742080630309907
eighth_synthetic,CHEMBL1841,35802,3,0.3,4.0,14,15,1,6,1,5,2,1,0.5671027284687767,0.7788684356844376
eighth_synthetic,CHEMBL1841,35802,3,0.3,6.0,14,15,1,7,1,6,2,1,0.6558110879648933,0.8681785640507311
eighth_synthetic,CHEMBL1841,35802,4,0.2,4.0,14,15,1,5,2,3,2,1,0.500215761302192,0.6478345534280171
eighth_synthetic,CHEMBL1841,35802,4,0.2,6.0,14,15,1,8,2,6,2,1,0.5637899327441875,0.7130681280137281
eighth_synthetic,CHEMBL1841,35802,4,0.3,4.0,14,15,1,7,2,5,2,1,0.5006606958303801,0.6937642402273111
eighth_synthetic,CHEMBL1841,35802,4,0.3,6.0,14,15,1,8,2,6,2,1,0.5319207289785285,0.740724258709413
eighth_synthetic,CHEMBL1841,35802,5,0.2,4.0,14,15,1,5,2,3,2,1,0.4866467333698218,0.651730577495983
eighth_synthetic,CHEMBL1841,35802,5,0.2,6.0,14,15,1,8,2,6,2,1,0.48907852512190964,0.7144113378582714
eighth_synthetic,CHEMBL1841,35802,5,0.3,4.0,14,15,1,7,3,4,2,1,0.4371404024107824,0.5886847114071853
eighth_synthetic,CHEMBL1841,35802,5,0.3,6.0,14,15,1,10,3,7,2,1,0.5587775202725399,0.704457691692727
eighth_synthetic,CHEMBL1841,35802,6,0.2,4.0,14,16,2,8,2,6,3,1,0.5583875027031938,0.7297649234788568
eighth_synthetic,CHEMBL1841,35802,6,0.2,6.0,14,16,2,8,2,6,3,1,0.6504719210222885,0.7710035294466079
eighth_synthetic,CHEMBL1841,35802,6,0.3,4.0,14,15,1,6,1,5,2,1,0.5996603413564875,0.8272820517775249
eighth_synthetic,CHEMBL1841,35802,6,0.3,6.0,14,15,1,7,1,6,2,1,0.5925370146989938,0.8413276204539345
eighth_synthetic,CHEMBL1841,35802,7,0.2,4.0,14,15,1,6,1,5,2,1,0.5671027284687767,0.7788684356844376
eighth_synthetic,CHEMBL1841,35802,7,0.2,6.0,14,15,1,6,1,5,2,1,0.6002974056740912,0.8465453399995017
eighth_synthetic,CHEMBL1841,35802,7,0.3,4.0,14,15,1,7,2,5,2,1,0.5006606958303801,0.6937642402273111
eighth_synthetic,CHEMBL1841,35802,7,0.3,6.0,14,15,1,8,2,6,2,1,0.5476445921934543,0.7194278169533475
eighth_synthetic,CHEMBL1841,35802,8,0.2,4.0,14,16,2,7,2,5,3,1,0.5258432683055607,0.7248523829521643
eighth_synthetic,CHEMBL1841,35802,8,0.2,6.0,14,16,2,7,2,5,3,1,0.5443594528234219,0.717024982278355
eighth_synthetic,CHEMBL1841,35802,8,0.3,4.0,14,14,0,7,2,5,2,2,0.5547835259465357,0.7051450784467761
eighth_synthetic,CHEMBL1841,35802,8,0.3,6.0,14,14,0,8,2,6,2,2,0.5731238516545113,0.7096274788010779
eighth_synthetic,CHEMBL1841,35802,9,0.2,4.0,14,15,1,7,2,5,2,1,0.5006606958303801,0.6833549977295181
eighth_synthetic,CHEMBL1841,35802,9,0.2,6.0,14,15,1,7,2,5,2,1,0.5470834056805648,0.717024982278355
eighth_synthetic,CHEMBL1841,35802,9,0.3,4.0,14,16,2,8,2,6,3,1,0.6189065361944123,0.7445865282995112
eighth_synthetic,CHEMBL1841,35802,9,0.3,6.0,14,16,2,8,2,6,3,1,0.6576956843039701,0.7775328032491194
eighth_synthetic,CHEMBL1844,35802,0,0.2,4.0,49,48,-1,23,20,3,22,23,0.9604151926086956,0.98543551
eighth_synthetic,CHEMBL1844,35802,0,0.2,6.0,48,48,0,24,21,3,23,23,0.9607529804166667,0.9856012437099703
eighth_synthetic,CHEMBL1844,35802,0,0.3,4.0,49,48,-1,23,20,3,22,23,0.9604151926086956,0.98543551
eighth_synthetic,CHEMBL1844,35802,0,0.3,6.0,47,48,1,24,21,3,23,22,0.9607529804166667,0.9856561150868156
eighth_synthetic,CHEMBL1844,35802,1,0.2,4.0,49,48,-1,23,20,3,22,23,0.9604151926086956,0.98543551
eighth_synthetic,CHEMBL1844,35802,1,0.2,6.0,48,48,0,24,21,3,23,23,0.9607529804166667,0.9856012437099703
eighth_synthetic,CHEMBL1844,35802,1,0.3,4.0,49,48,-1,23,20,3,22,23,0.9604151926086956,0.98543551
eighth_synthetic,CHEMBL1844,35802,1,0.3,6.0,47,48,1,24,21,3,23,22,0.9607529804166667,0.9857856685008356
eighth_synthetic,CHEMBL1844,35802,2,0.2,4.0,49,48,-1,23,20,3,22,23,0.9604151926086956,0.98543551
eighth_synthetic,CHEMBL1844,35802,2,0.2,6.0,48,48,0,24,21,3,23,23,0.9607529804166667,0.9854671150527382
eighth_synthetic,CHEMBL1844,35802,2,0.3,4.0,49,48,-1,23,20,3,22,23,0.9604151926086956,0.98543551
eighth_synthetic,CHEMBL1844,35802,2,0.3,6.0,47,48,1,24,21,3,23,22,0.9607529804166667,0.9850349972971308
eighth_synthetic,CHEMBL1844,35802,3,0.2,4.0,49,48,-1,23,20,3,22,23,0.9604151926086956,0.98543551
eighth_synthetic,CHEMBL1844,35802,3,0.2,6.0,48,48,0,24,21,3,23,23,0.9607529804166667,0.9848459972630536
eighth_synthetic,CHEMBL1844,35802,3,0.3,4.0,49,48,-1,23,20,3,22,23,0.9604151926086956,0.98543551
eighth_synthetic,CHEMBL1844,35802,3,0.3,6.0,47,48,1,24,21,3,23,22,0.9607529804166667,0.9850349972971308
eighth_synthetic,CHEMBL1844,35802,4,0.2,4.0,49,48,-1,23,20,3,22,23,0.9604151926086956,0.98543551
eighth_synthetic,CHEMBL1844,35802,4,0.2,6.0,48,48,0,24,21,3,23,23,0.9607529804166667,0.9849297346174106
eighth_synthetic,CHEMBL1844,35802,4,0.3,4.0,49,48,-1,23,20,3,22,23,0.9604151926086956,0.98543551
eighth_synthetic,CHEMBL1844,35802,4,0.3,6.0,47,48,1,24,21,3,23,22,0.9607529804166667,0.9850349972971308
eighth_synthetic,CHEMBL1844,35802,5,0.2,4.0,49,48,-1,23,20,3,22,23,0.9604151926086956,0.98543551
eighth_synthetic,CHEMBL1844,35802,5,0.2,6.0,48,48,0,24,21,3,23,23,0.9607529804166667,0.9849297346174106
eighth_synthetic,CHEMBL1844,35802,5,0.3,4.0,49,48,-1,23,20,3,22,23,0.9604151926086956,0.98543551
eighth_synthetic,CHEMBL1844,35802,5,0.3,6.0,47,48,1,24,21,3,23,22,0.9607529804166667,0.9857065063896906
eighth_synthetic,CHEMBL1844,35802,6,0.2,4.0,49,48,-1,23,20,3,22,23,0.9604151926086956,0.98543551
eighth_synthetic,CHEMBL1844,35802,6,0.2,6.0,48,48,0,24,21,3,23,23,0.9607529804166667,0.9854671150527382
eighth_synthetic,CHEMBL1844,35802,6,0.3,4.0,49,48,-1,23,20,3,22,23,0.9604151926086956,0.98543551
eighth_synthetic,CHEMBL1844,35802,6,0.3,6.0,47,48,1,24,21,3,23,22,0.9607529804166667,0.9863276241793751
eighth_synthetic,CHEMBL1844,35802,7,0.2,4.0,49,48,-1,23,20,3,22,23,0.9604151926086956,0.98543551
eighth_synthetic,CHEMBL1844,35802,7,0.2,6.0,48,48,0,24,21,3,23,23,0.9607529804166667,0.9849297346174106
eighth_synthetic,CHEMBL1844,35802,7,0.3,4.0,49,48,-1,23,20,3,22,23,0.9604151926086956,0.98543551
eighth_synthetic,CHEMBL1844,35802,7,0.3,6.0,47,48,1,24,21,3,23,22,0.9607529804166667,0.9855723777324585
eighth_synthetic,CHEMBL1844,35802,8,0.2,4.0,49,48,-1,23,20,3,22,23,0.9604151926086956,0.98543551
eighth_synthetic,CHEMBL1844,35802,8,0.2,6.0,48,48,0,24,21,3,23,23,0.9607529804166667,0.9856012437099703
eighth_synthetic,CHEMBL1844,35802,8,0.3,4.0,49,48,-1,23,20,3,22,23,0.9604151926086956,0.98543551
eighth_synthetic,CHEMBL1844,35802,8,0.3,6.0,47,48,1,24,21,3,23,22,0.9607529804166667,0.9863230489361633
eighth_synthetic,CHEMBL1844,35802,9,0.2,4.0,49,48,-1,23,20,3,22,23,0.9604151926086956,0.98543551
eighth_synthetic,CHEMBL1844,35802,9,0.2,6.0,48,48,0,24,21,3,23,23,0.9607529804166667,0.9855966684667584
eighth_synthetic,CHEMBL1844,35802,9,0.3,4.0,49,48,-1,23,20,3,22,23,0.9604151926086956,0.98543551
eighth_synthetic,CHEMBL1844,35802,9,0.3,6.0,47,48,1,24,21,3,23,22,0.9607529804166667,0.9863276241793751
eighth_synthetic,CHEMBL1862,35802,0,0.2,4.0,49,49,0,12,5,7,11,11,0.9799816333333333,0.9957615834906238
eighth_synthetic,CHEMBL1862,35802,0,0.2,6.0,49,49,0,12,5,7,11,11,0.9799816333333333,0.9960335487768167
eighth_synthetic,CHEMBL1862,35802,0,0.3,4.0,50,49,-1,11,4,7,10,11,0.9813865272727272,0.9957195754545455
eighth_synthetic,CHEMBL1862,35802,0,0.3,6.0,49,48,-1,12,4,8,10,11,0.9809801596782245,0.9941982693883191
eighth_synthetic,CHEMBL1862,35802,1,0.2,4.0,50,49,-1,11,4,7,10,11,0.9813865272727272,0.9957195754545455
eighth_synthetic,CHEMBL1862,35802,1,0.2,6.0,48,47,-1,12,5,7,10,11,0.9792220900554947,0.9943018776633875
eighth_synthetic,CHEMBL1862,35802,1,0.3,4.0,50,49,-1,11,4,7,10,11,0.9813865272727272,0.9957195754545455
eighth_synthetic,CHEMBL1862,35802,1,0.3,6.0,47,46,-1,13,6,7,11,12,0.9791288523589181,0.9941953439969732
eighth_synthetic,CHEMBL1862,35802,2,0.2,4.0,50,49,-1,11,4,7,10,11,0.9813865272727272,0.9957195754545455
eighth_synthetic,CHEMBL1862,35802,2,0.2,6.0,49,47,-2,12,5,7,9,11,0.978578508653813,0.9943018776633875
eighth_synthetic,CHEMBL1862,35802,2,0.3,4.0,49,49,0,12,5,7,11,11,0.9799816333333333,0.9957615834906238
eighth_synthetic,CHEMBL1862,35802,2,0.3,6.0,48,48,0,13,5,8,11,11,0.9804482792819951,0.994700752867881
eighth_synthetic,CHEMBL1862,35802,3,0.2,4.0,50,49,-1,11,4,7,10,11,0.9813865272727272,0.9957195754545455
eighth_synthetic,CHEMBL1862,35802,3,0.2,6.0,49,48,-1,12,4,8,10,11,0.9803790269316517,0.9937045836451036
eighth_synthetic,CHEMBL1862,35802,3,0.3,4.0,49,49,0,12,5,7,11,11,0.9799816333333333,0.9957615834906238
eighth_synthetic,CHEMBL1862,35802,3,0.3,6.0,49,49,0,12,5,7,11,11,0.9799816333333333,0.9960335487768167
eighth_synthetic,CHEMBL1862,35802,4,0.2,4.0,49,49,0,12,5,7,11,11,0.9799816333333333,0.9957615834906238
eighth_synthetic,CHEMBL1862,35802,4,0.2,6.0,49,49,0,12,5,7,11,11,0.9799816333333333,0.9960335487768167
eighth_synthetic,CHEMBL1862,35802,4,0.3,4.0,49,49,0,12,5,7,11,11,0.9799816333333333,0.9957615834906238
eighth_synthetic,CHEMBL1862,35802,4,0.3,6.0,47,47,0,13,6,7,11,11,0.9791288523589181,0.994700752867881
eighth_synthetic,CHEMBL1862,35802,5,0.2,4.0,50,49,-1,11,4,7,10,11,0.9813865272727272,0.9957195754545455
eighth_synthetic,CHEMBL1862,35802,5,0.2,6.0,48,47,-1,12,5,7,10,11,0.9794682388448912,0.9941982693883191
eighth_synthetic,CHEMBL1862,35802,5,0.3,4.0,50,49,-1,11,4,7,10,11,0.9813865272727272,0.9957195754545455
eighth_synthetic,CHEMBL1862,35802,5,0.3,6.0,48,47,-1,12,5,7,10,11,0.9792220900554947,0.9943018776633875
eighth_synthetic,CHEMBL1862,35802,6,0.2,4.0,49,49,0,12,5,7,11,11,0.9799816333333333,0.9957615834906238
eighth_synthetic,CHEMBL1862,35802,6,0.2,6.0,48,47,-1,13,6,7,10,11,0.9790134766772792,0.994700752867881
eighth_synthetic,CHEMBL1862,35802,6,0.3,4.0,49,49,0,12,5,7,11,11,0.9799816333333333,0.9957615834906238
eighth_synthetic,CHEMBL1862,35802,6,0.3,6.0,49,48,-1,12,5,7,10,11,0.9803790269316517,0.9960335487768167
eighth_synthetic,CHEMBL1862,35802,7,0.2,4.0,49,49,0,12,5,7,11,11,0.9799816333333333,0.9957615834906238
eighth_synthetic,CHEMBL1862,35802,7,0.2,6.0,49,49,0,12,5,7,11,11,0.9799816333333333,0.9960335487768167
eighth_synthetic,CHEMBL1862,35802,7,0.3,4.0,49,49,0,12,5,7,11,11,0.9799816333333333,0.9957615834906238
eighth_synthetic,CHEMBL1862,35802,7,0.3,6.0,48,48,0,12,5,7,11,11,0.9810226083333333,0.9960335487768167
eighth_synthetic,CHEMBL1862,35802,8,0.2,4.0,49,49,0,12,5,7,11,11,0.9799816333333333,0.9957615834906238
eighth_synthetic,CHEMBL1862,35802,8,0.2,6.0,49,49,0,12,5,7,11,11,0.9799816333333333,0.9960335487768167
eighth_synthetic,CHEMBL1862,35802,8,0.3,4.0,50,49,-1,11,4,7,10,11,0.9813865272727272,0.9957195754545455
eighth_synthetic,CHEMBL1862,35802,8,0.3,6.0,49,47,-2,11,5,6,9,11,0.9790350702890745,0.9957195754545455
eighth_synthetic,CHEMBL1862,35802,9,0.2,4.0,50,49,-1,11,4,7,10,11,0.9813865272727272,0.9957195754545455
eighth_synthetic,CHEMBL1862,35802,9,0.2,6.0,49,48,-1,12,4,8,10,11,0.9807340108888281,0.9943018776633875
eighth_synthetic,CHEMBL1862,35802,9,0.3,4.0,49,49,0,12,5,7,11,11,0.9799816333333333,0.9957615834906238
eighth_synthetic,CHEMBL1862,35802,9,0.3,6.0,48,48,0,13,5,8,11,11,0.9804482792819951,0.994700752867881
eighth_synthetic,CHEMBL1865,35802,0,0.2,4.0,47,49,2,24,21,3,23,21,0.9422305745833333,0.9758073098562048
eighth_synthetic,CHEMBL1865,35802,0,0.2,6.0,47,49,2,24,21,3,23,21,0.9422305745833333,0.9784077035986668
eighth_synthetic,CHEMBL1865,35802,0,0.3,4.0,45,49,4,26,23,3,25,21,0.943421515,0.9774270000027716
eighth_synthetic,CHEMBL1865,35802,0,0.3,6.0,44,49,5,26,23,3,25,20,0.943421515,0.9808856454895414
eighth_synthetic,CHEMBL1865,35802,1,0.2,4.0,48,49,1,23,20,3,22,21,0.9415654082608694,0.9775584064280788
eighth_synthetic,CHEMBL1865,35802,1,0.2,6.0,47,49,2,24,21,3,23,21,0.9422305745833333,0.9778832963363531
eighth_synthetic,CHEMBL1865,35802,1,0.3,4.0,48,49,1,23,20,3,22,21,0.9415654082608694,0.9763408927366872
eighth_synthetic,CHEMBL1865,35802,1,0.3,6.0,46,49,3,25,22,3,24,21,0.9428468656000001,0.9783089314466205
eighth_synthetic,CHEMBL1865,35802,2,0.2,4.0,48,49,1,23,20,3,22,21,0.9415654082608694,0.9763408927366872
eighth_synthetic,CHEMBL1865,35802,2,0.2,6.0,46,49,3,25,22,3,24,21,0.9428468656000001,0.9783705631440089
eighth_synthetic,CHEMBL1865,35802,2,0.3,4.0,48,49,1,23,20,3,22,21,0.9415654082608694,0.9775684082978503
eighth_synthetic,CHEMBL1865,35802,2,0.3,6.0,45,49,4,26,23,3,25,21,0.943421515,0.9784643526070778
eighth_synthetic,CHEMBL1865,35802,3,0.2,4.0,48,49,1,23,20,3,22,21,0.9415654082608694,0.9765513752578613
eighth_synthetic,CHEMBL1865,35802,3,0.2,6.0,46,49,3,25,22,3,24,21,0.9428468656000001,0.9787597234728014
eighth_synthetic,CHEMBL1865,35802,3,0.3,4.0,48,49,1,23,20,3,22,21,0.9415654082608694,0.9761979351166359
eighth_synthetic,CHEMBL1865,35802,3,0.3,6.0,45,49,4,26,23,3,25,21,0.943421515,0.9788991392674551
eighth_synthetic,CHEMBL1865,35802,4,0.2,4.0,48,49,1,23,20,3,22,21,0.9415654082608694,0.9761979351166359
eighth_synthetic,CHEMBL1865,35802,4,0.2,6.0,47,49,2,24,21,3,23,21,0.9422305745833333,0.9777006973313235
eighth_synthetic,CHEMBL1865,35802,4,0.3,4.0,46,49,3,25,22,3,24,21,0.9428468656000001,0.9757441127489365
eighth_synthetic,CHEMBL1865,35802,4,0.3,6.0,45,49,4,26,23,3,25,21,0.943421515,0.9795446701505841
eighth_synthetic,CHEMBL1865,35802,5,0.2,4.0,47,49,2,24,21,3,23,21,0.9422305745833333,0.9758607130920632
eighth_synthetic,CHEMBL1865,35802,5,0.2,6.0,47,49,2,24,21,3,23,21,0.9422305745833333,0.9784154003890463
eighth_synthetic,CHEMBL1865,35802,5,0.3,4.0,49,49,0,22,19,3,21,21,0.9409275199999999,0.9767152693825871
eighth_synthetic,CHEMBL1865,35802,5,0.3,6.0,46,49,3,25,22,3,24,21,0.9428468656000001,0.9768676465129326
eighth_synthetic,CHEMBL1865,35802,6,0.2,4.0,47,49,2,24,21,3,23,21,0.9422305745833333,0.9770370821715114
eighth_synthetic,CHEMBL1865,35802,6,0.2,6.0,47,49,2,24,21,3,23,21,0.9422305745833333,0.978579639945107
eighth_synthetic,CHEMBL1865,35802,6,0.3,4.0,47,49,2,24,21,3,23,21,0.9422305745833333,0.9770274970463136
eighth_synthetic,CHEMBL1865,35802,6,0.3,6.0,44,48,4,25,22,3,24,20,0.9448553076,0.9798780425507511
eighth_synthetic,CHEMBL1865,35802,7,0.2,4.0,47,49,2,24,21,3,23,21,0.9422305745833333,0.9771740832240606
eighth_synthetic,CHEMBL1865,35802,7,0.2,6.0,47,49,2,24,21,3,23,21,0.9422305745833333,0.9785993051156012
eighth_synthetic,CHEMBL1865,35802,7,0.3,4.0,47,49,2,24,21,3,23,21,0.9422305745833333,0.9758179054817039
eighth_synthetic,CHEMBL1865,35802,7,0.3,6.0,46,49,3,25,22,3,24,21,0.9428468656000001,0.9785088537057173
eighth_synthetic,CHEMBL1865,35802,8,0.2,4.0,49,49,0,22,19,3,21,21,0.9409275199999999,0.9767152693825871
eighth_synthetic,CHEMBL1865,35802,8,0.2,6.0,46,48,2,24,21,3,23,21,0.9443164558333335,0.9775963833679459
eighth_synthetic,CHEMBL1865,35802,8,0.3,4.0,48,49,1,23,20,3,22,21,0.9415654082608694,0.9763408927366872
eighth_synthetic,CHEMBL1865,35802,8,0.3,6.0,44,49,5,26,23,3,25,20,0.943421515,0.9794323058235234
eighth_synthetic,CHEMBL1865,35802,9,0.2,4.0,48,49,1,23,20,3,22,21,0.9415654082608694,0.9763408927366872
eighth_synthetic,CHEMBL1865,35802,9,0.2,6.0,47,49,2,24,21,3,23,21,0.9422305745833333,0.9777203625018177
eighth_synthetic,CHEMBL1865,35802,9,0.3,4.0,48,49,1,23,20,3,22,21,0.9415654082608694,0.9775584064280788
eighth_synthetic,CHEMBL1865,35802,9,0.3,6.0,46,49,3,25,22,3,24,21,0.9428468656000001,0.9785711314777907
eighth_synthetic,CHEMBL1867,35802,0,0.2,4.0,36,36,0,10,1,9,8,8,0.6936740097356306,0.772334316345603
eighth_synthetic,CHEMBL1867,35802,0,0.2,6.0,36,36,0,11,1,10,8,8,0.7306608217141708,0.8022939810394561
eighth_synthetic,CHEMBL1867,35802,0,0.3,4.0,36,36,0,10,1,9,8,8,0.6936740097356306,0.772334316345603
eighth_synthetic,CHEMBL1867,35802,0,0.3,6.0,36,36,0,10,1,9,8,8,0.7181651471396396,0.7888350643681762
eighth_synthetic,CHEMBL1867,35802,1,0.2,4.0,36,36,0,10,1,9,8,8,0.6936740097356306,0.772334316345603
eighth_synthetic,CHEMBL1867,35802,1,0.2,6.0,36,36,0,11,1,10,8,8,0.7382439629018083,0.8060518642539148
eighth_synthetic,CHEMBL1867,35802,1,0.3,4.0,36,36,0,10,1,9,8,8,0.6936740097356306,0.772334316345603
eighth_synthetic,CHEMBL1867,35802,1,0.3,6.0,36,36,0,10,1,9,8,8,0.7181651471396396,0.7888350643681762
eighth_synthetic,CHEMBL1867,35802,2,0.2,4.0,36,36,0,10,1,9,8,8,0.6936740097356306,0.772334316345603
eighth_synthetic,CHEMBL1867,35802,2,0.2,6.0,36,36,0,11,1,10,8,8,0.7382439629018083,0.8060518642539148
eighth_synthetic,CHEMBL1867,35802,2,0.3,4.0,36,36,0,11,1,10,8,8,0.719836997753089,0.792283887157566
eighth_synthetic,CHEMBL1867,35802,2,0.3,6.0,36,36,0,12,1,11,8,8,0.7598445465412985,0.822120835981167
eighth_synthetic,CHEMBL1867,35802,3,0.2,4.0,36,36,0,11,1,10,8,8,0.7127989667503771,0.7849945315273111
eighth_synthetic,CHEMBL1867,35802,3,0.2,6.0,36,37,1,11,1,10,9,8,0.6615890392178542,0.806854212609212
eighth_synthetic,CHEMBL1867,35802,3,0.3,4.0,36,36,0,12,1,11,9,9,0.6796103070211791,0.8203758755984509
eighth_synthetic,CHEMBL1867,35802,3,0.3,6.0,36,37,1,12,1,11,10,9,0.6296949501163663,0.8423946764771184
eighth_synthetic,CHEMBL1867,35802,4,0.2,4.0,36,36,0,10,1,9,8,8,0.6948235710573505,0.7658780450183988
eighth_synthetic,CHEMBL1867,35802,4,0.2,6.0,36,36,0,11,1,10,8,8,0.7384981975716837,0.8048141604478921
eighth_synthetic,CHEMBL1867,35802,4,0.3,4.0,36,36,0,10,1,9,9,9,0.655092012,0.8130091020380992
eighth_synthetic,CHEMBL1867,35802,4,0.3,6.0,36,36,0,11,1,10,9,9,0.6700784188599532,0.8264312078887585
eighth_synthetic,CHEMBL1867,35802,5,0.2,4.0,36,36,0,10,1,9,8,8,0.6936740097356306,0.772334316345603
eighth_synthetic,CHEMBL1867,35802,5,0.2,6.0,36,36,0,11,1,10,8,8,0.7306608217141708,0.8022939810394561
eighth_synthetic,CHEMBL1867,35802,5,0.3,4.0,35,35,0,12,2,10,9,9,0.6847767278545124,0.772029678900035
eighth_synthetic,CHEMBL1867,35802,5,0.3,6.0,35,36,1,13,2,11,10,9,0.6545868537581446,0.8032073681887374
eighth_synthetic,CHEMBL1867,35802,6,0.2,4.0,36,37,1,10,0,10,9,8,0.6875982907356306,0.8303497523837022
eighth_synthetic,CHEMBL1867,35802,6,0.2,6.0,36,37,1,10,0,10,9,8,0.7085219201396395,0.8492274122705853
eighth_synthetic,CHEMBL1867,35802,6,0.3,4.0,36,36,0,12,1,11,9,9,0.6796103070211791,0.8203758755984509
eighth_synthetic,CHEMBL1867,35802,6,0.3,6.0,36,37,1,12,1,11,10,9,0.6296949501163663,0.8423946764771184
eighth_synthetic,CHEMBL1867,35802,7,0.2,4.0,36,36,0,9,0,9,8,8,0.7290497619284785,0.8145658337173367
eighth_synthetic,CHEMBL1867,35802,7,0.2,6.0,36,36,0,9,0,9,8,8,0.7562621368218218,0.8328999981868623
eighth_synthetic,CHEMBL1867,35802,7,0.3,4.0,36,36,0,12,1,11,9,9,0.6635938156608175,0.8059311595017506
eighth_synthetic,CHEMBL1867,35802,7,0.3,6.0,36,36,0,12,1,11,9,9,0.7007145353467851,0.8396588303767801
eighth_synthetic,CHEMBL1867,35802,8,0.2,4.0,36,36,0,9,0,9,8,8,0.7290497619284785,0.8145658337173367
eighth_synthetic,CHEMBL1867,35802,8,0.2,6.0,36,36,0,9,0,9,8,8,0.7562621368218218,0.8328999981868623
eighth_synthetic,CHEMBL1867,35802,8,0.3,4.0,35,35,0,12,2,10,9,9,0.6687602364941508,0.7575849628033348
eighth_synthetic,CHEMBL1867,35802,8,0.3,6.0,35,35,0,13,2,11,9,9,0.7201433939708389,0.800681971788425
eighth_synthetic,CHEMBL1867,35802,9,0.2,4.0,36,36,0,10,0,10,8,8,0.7542914735283979,0.8322872098733228
eighth_synthetic,CHEMBL1867,35802,9,0.2,6.0,36,36,0,10,0,10,8,8,0.7803810197972088,0.8494979508662706
eighth_synthetic,CHEMBL1867,35802,9,0.3,4.0,36,36,0,11,1,10,8,8,0.719836997753089,0.792283887157566
eighth_synthetic,CHEMBL1867,35802,9,0.3,6.0,36,36,0,12,1,11,8,8,0.7598445465412985,0.822120835981167
eighth_synthetic,CHEMBL1868,35802,0,0.2,4.0,41,43,2,13,2,11,10,8,0.8547470403411814,0.8948437913372742
eighth_synthetic,CHEMBL1868,35802,0,0.2,6.0,41,43,2,13,2,11,10,8,0.8769967940011347,0.901904154589852
eighth_synthetic,CHEMBL1868,35802,0,0.3,4.0,40,42,2,14,2,12,10,8,0.8705658032524338,0.906709871571097
eighth_synthetic,CHEMBL1868,35802,0,0.3,6.0,40,42,2,14,2,12,10,8,0.8870996164340731,0.9110897118886884
eighth_synthetic,CHEMBL1868,35802,1,0.2,4.0,41,43,2,13,2,11,10,8,0.8639422262412879,0.8992153476114721
eighth_synthetic,CHEMBL1868,35802,1,0.2,6.0,41,43,2,13,2,11,10,8,0.8788835866265783,0.9025587603461306
eighth_synthetic,CHEMBL1868,35802,1,0.3,4.0,40,42,2,14,2,12,10,8,0.8595720922424687,0.9029838331895793
eighth_synthetic,CHEMBL1868,35802,1,0.3,6.0,40,42,2,13,2,11,10,8,0.8769967940011347,0.9038153499744674
eighth_synthetic,CHEMBL1868,35802,2,0.2,4.0,42,43,1,12,2,10,10,9,0.8720702398317254,0.9031786572498383
eighth_synthetic,CHEMBL1868,35802,2,0.2,6.0,42,43,1,12,2,10,10,9,0.885919870826712,0.9096033991901931
eighth_synthetic,CHEMBL1868,35802,2,0.3,4.0,40,42,2,14,2,12,10,8,0.8555447355185637,0.8980337540270912
eighth_synthetic,CHEMBL1868,35802,2,0.3,6.0,40,43,3,14,2,12,11,8,0.8158229896007934,0.9098016597735948
eighth_synthetic,CHEMBL1868,35802,3,0.2,4.0,41,43,2,13,2,11,10,8,0.8591956517549348,0.8943767127026341
eighth_synthetic,CHEMBL1868,35802,3,0.2,6.0,41,43,2,13,2,11,10,8,0.8767434605700852,0.9018380917507495
eighth_synthetic,CHEMBL1868,35802,3,0.3,4.0,40,42,2,14,2,12,10,8,0.8599522689701773,0.9025267721567266
eighth_synthetic,CHEMBL1868,35802,3,0.3,6.0,40,43,3,14,2,12,11,8,0.817810249510394,0.9104708520407344
eighth_synthetic,CHEMBL1868,35802,4,0.2,4.0,42,43,1,12,2,10,10,9,0.8635366978964808,0.9014932706654039
eighth_synthetic,CHEMBL1868,35802,4,0.2,6.0,42,43,1,12,2,10,10,9,0.8690830479809115,0.9037368297122154
eighth_synthetic,CHEMBL1868,35802,4,0.3,4.0,41,43,2,13,2,11,10,8,0.8718193418738214,0.9113628501998302
eighth_synthetic,CHEMBL1868,35802,4,0.3,6.0,41,43,2,13,2,11,10,8,0.8944252692534711,0.9187645796912562
eighth_synthetic,CHEMBL1868,35802,5,0.2,4.0,41,43,2,13,2,11,10,8,0.8615057894195165,0.894957648063927
eighth_synthetic,CHEMBL1868,35802,5,0.2,6.0,41,43,2,13,2,11,10,8,0.8767981750439754,0.9019201512235385
eighth_synthetic,CHEMBL1868,35802,5,0.3,4.0,41,43,2,13,2,11,10,8,0.8718193418738214,0.9113628501998302
eighth_synthetic,CHEMBL1868,35802,5,0.3,6.0,41,43,2,13,2,11,10,8,0.8944252692534711,0.9187645796912562
eighth_synthetic,CHEMBL1868,35802,6,0.2,4.0,41,43,2,13,2,11,10,8,0.8636081687183214,0.9001551825284058
eighth_synthetic,CHEMBL1868,35802,6,0.2,6.0,41,43,2,12,2,10,10,8,0.869357492531215,0.8947653429753345
eighth_synthetic,CHEMBL1868,35802,6,0.3,4.0,40,42,2,14,2,12,10,8,0.8718464844153593,0.9049994535748903
eighth_synthetic,CHEMBL1868,35802,6,0.3,6.0,40,42,2,14,2,12,10,8,0.8870227604557351,0.9108412172291073
eighth_synthetic,CHEMBL1868,35802,7,0.2,4.0,41,43,2,13,2,11,10,8,0.8548224039095934,0.8952914066803663
eighth_synthetic,CHEMBL1868,35802,7,0.2,6.0,41,44,3,13,2,11,11,8,0.8043189828749676,0.9019743553672768
eighth_synthetic,CHEMBL1868,35802,7,0.3,4.0,40,42,2,14,2,12,10,8,0.8555447355185637,0.8980337540270912
eighth_synthetic,CHEMBL1868,35802,7,0.3,6.0,40,43,3,14,2,12,11,8,0.8158229896007934,0.9098016597735948
eighth_synthetic,CHEMBL1868,35802,8,0.2,4.0,41,43,2,13,2,11,10,8,0.8588615942319682,0.8953165476195676
eighth_synthetic,CHEMBL1868,35802,8,0.2,6.0,41,43,2,12,2,10,10,8,0.867039022636681,0.8939846186636718
eighth_synthetic,CHEMBL1868,35802,8,0.3,4.0,40,42,2,14,2,12,10,8,0.8652938231323484,0.8999669954669114
eighth_synthetic,CHEMBL1868,35802,8,0.3,6.0,40,42,2,14,2,12,10,8,0.8849846942489511,0.9100958268800922
eighth_synthetic,CHEMBL1868,35802,9,0.2,4.0,41,43,2,13,2,11,10,8,0.8592710153233468,0.8948243280457262
eighth_synthetic,CHEMBL1868,35802,9,0.2,6.0,41,44,3,13,2,11,11,8,0.8040656494439185,0.9019082925281743
eighth_synthetic,CHEMBL1868,35802,9,0.3,4.0,40,42,2,14,2,12,10,8,0.8652938231323484,0.8999669954669114
eighth_synthetic,CHEMBL1868,35802,9,0.3,6.0,40,42,2,14,2,12,10,8,0.8849846942489511,0.9100958268800922
eighth_synthetic,CHEMBL1871,35802,0,0.2,4.0,37,37,0,20,2,18,13,13,0.7335716912639082,0.9221424452041773
eighth_synthetic,CHEMBL1871,35802,0,0.2,6.0,36,38,2,21,2,19,15,13,0.7321370818773492,0.9260663471548126
eighth_synthetic,CHEMBL1871,35802,0,0.3,4.0,35,37,2,22,2,20,15,13,0.775319214664895,0.9251459215018542
eighth_synthetic,CHEMBL1871,35802,0,0.3,6.0,35,38,3,22,2,20,16,13,0.7713776695420038,0.9355028102418932
eighth_synthetic,CHEMBL1871,35802,1,0.2,4.0,37,36,-1,20,2,18,13,14,0.7393761204983738,0.9189067576397207
eighth_synthetic,CHEMBL1871,35802,1,0.2,6.0,37,38,1,21,2,19,15,14,0.7019387453743585,0.925482701614939
eighth_synthetic,CHEMBL1871,35802,1,0.3,4.0,35,34,-1,23,3,20,13,14,0.7594038217236563,0.910114126517059
eighth_synthetic,CHEMBL1871,35802,1,0.3,6.0,35,36,1,23,2,21,15,14,0.7765638618672456,0.9249442853607724
eighth_synthetic,CHEMBL1871,35802,2,0.2,4.0,36,36,0,21,3,18,13,13,0.7697619598803533,0.9110344858787656
eighth_synthetic,CHEMBL1871,35802,2,0.2,6.0,36,37,1,21,3,18,14,13,0.7809643247884969,0.9143725156223984
eighth_synthetic,CHEMBL1871,35802,2,0.3,4.0,35,37,2,22,3,19,15,13,0.7946518704387434,0.9146021644807003
eighth_synthetic,CHEMBL1871,35802,2,0.3,6.0,35,38,3,22,3,19,16,13,0.8154765929251283,0.920298048649366
eighth_synthetic,CHEMBL1871,35802,3,0.2,4.0,37,36,-1,21,3,18,12,13,0.7519574265547283,0.9050429135177157
eighth_synthetic,CHEMBL1871,35802,3,0.2,6.0,37,39,2,21,2,19,15,13,0.7277424192302666,0.9227015052604473
eighth_synthetic,CHEMBL1871,35802,3,0.3,4.0,35,38,3,23,3,20,16,13,0.7935895775097142,0.9134701064259988
eighth_synthetic,CHEMBL1871,35802,3,0.3,6.0,35,39,4,23,3,20,17,13,0.8120294972319565,0.9230073136439997
eighth_synthetic,CHEMBL1871,35802,4,0.2,4.0,36,36,0,22,3,19,14,14,0.7511716973202671,0.9075825601637681
eighth_synthetic,CHEMBL1871,35802,4,0.2,6.0,36,36,0,23,3,20,14,14,0.7839708383432019,0.9168534801573137
eighth_synthetic,CHEMBL1871,35802,4,0.3,4.0,35,36,1,23,3,20,14,13,0.7733871037964283,0.9092730570722608
eighth_synthetic,CHEMBL1871,35802,4,0.3,6.0,35,38,3,23,2,21,16,13,0.7875621545508971,0.9266441491501716
eighth_synthetic,CHEMBL1871,35802,5,0.2,4.0,36,37,1,22,3,19,15,14,0.7780845475560988,0.9047737777952599
eighth_synthetic,CHEMBL1871,35802,5,0.2,6.0,36,38,2,22,3,19,16,14,0.7936144111718838,0.9145580221194219
eighth_synthetic,CHEMBL1871,35802,5,0.3,4.0,35,37,2,21,2,19,14,12,0.7501299232805527,0.918913670791712
eighth_synthetic,CHEMBL1871,35802,5,0.3,6.0,34,39,5,22,2,20,17,12,0.7580572594659721,0.924656321546112
eighth_synthetic,CHEMBL1871,35802,6,0.2,4.0,36,35,-1,21,3,18,13,14,0.7683304902400866,0.9036989733047585
eighth_synthetic,CHEMBL1871,35802,6,0.2,6.0,36,36,0,23,3,20,14,14,0.8042397371908487,0.9126723039906742
eighth_synthetic,CHEMBL1871,35802,6,0.3,4.0,35,38,3,21,2,19,16,13,0.7662178612166871,0.9278574708592588
eighth_synthetic,CHEMBL1871,35802,6,0.3,6.0,35,39,4,21,2,19,17,13,0.776317900223464,0.9312141311580217
eighth_synthetic,CHEMBL1871,35802,7,0.2,4.0,37,37,0,21,3,18,14,14,0.7547777007847137,0.9092335559533861
eighth_synthetic,CHEMBL1871,35802,7,0.2,6.0,36,38,2,22,3,19,16,14,0.7730490739016179,0.9136897453446664
eighth_synthetic,CHEMBL1871,35802,7,0.3,4.0,34,35,1,23,3,20,13,12,0.7538977647126454,0.9116596821882369
eighth_synthetic,CHEMBL1871,35802,7,0.3,6.0,34,37,3,23,2,21,15,12,0.775684210789985,0.929874851230498
eighth_synthetic,CHEMBL1871,35802,8,0.2,4.0,36,38,2,21,2,19,15,13,0.7528940212328321,0.9181361961780894
eighth_synthetic,CHEMBL1871,35802,8,0.2,6.0,36,40,4,21,2,19,17,13,0.7434028439377497,0.9242040721123314
eighth_synthetic,CHEMBL1871,35802,8,0.3,4.0,36,35,-1,24,2,22,14,15,0.7430597984934298,0.9202500633654482
eighth_synthetic,CHEMBL1871,35802,8,0.3,6.0,36,37,1,24,2,22,16,15,0.7124806399319175,0.9299151948412573
eighth_synthetic,CHEMBL1871,35802,9,0.2,4.0,37,36,-1,20,2,18,13,14,0.7508588369276283,0.9163859047052755
eighth_synthetic,CHEMBL1871,35802,9,0.2,6.0,36,37,1,22,2,20,15,14,0.785778690674362,0.9219867230145321
eighth_synthetic,CHEMBL1871,35802,9,0.3,4.0,36,38,2,21,2,19,16,14,0.7662178612166871,0.9259944277240897
eighth_synthetic,CHEMBL1871,35802,9,0.3,6.0,36,39,3,21,2,19,17,14,0.776317900223464,0.9293060331157877
eighth_synthetic,CHEMBL1873,35802,0,0.2,4.0,27,26,-1,12,4,8,6,7,0.5044901038435335,0.518375271473451
eighth_synthetic,CHEMBL1873,35802,0,0.2,6.0,27,26,-1,11,4,7,6,7,0.5447675969936364,0.5580840945181818
eighth_synthetic,CHEMBL1873,35802,0,0.3,4.0,26,26,0,13,5,8,6,6,0.5313771482513543,0.5378420809113412
eighth_synthetic,CHEMBL1873,35802,0,0.3,6.0,26,26,0,12,5,7,6,6,0.5277916069439273,0.5827467906580824
eighth_synthetic,CHEMBL1873,35802,1,0.2,4.0,27,26,-1,13,5,8,6,7,0.4649376995170043,0.48078436319836215
eighth_synthetic,CHEMBL1873,35802,1,0.2,6.0,27,26,-1,12,5,7,6,7,0.4995056499358334,0.5117318382499999
eighth_synthetic,CHEMBL1873,35802,1,0.3,4.0,26,26,0,13,5,8,6,6,0.5313771482513543,0.5378420809113412
eighth_synthetic,CHEMBL1873,35802,1,0.3,6.0,26,26,0,12,5,7,6,6,0.5277916069439273,0.5827467906580824
eighth_synthetic,CHEMBL1873,35802,2,0.2,4.0,27,26,-1,12,5,7,6,7,0.4995056499358334,0.5117318382499999
eighth_synthetic,CHEMBL1873,35802,2,0.2,6.0,27,26,-1,12,5,7,6,7,0.4995056499358334,0.5117318382499999
eighth_synthetic,CHEMBL1873,35802,2,0.3,4.0,27,26,-1,13,4,9,6,7,0.46953873389334305,0.4869167630969323
eighth_synthetic,CHEMBL1873,35802,2,0.3,6.0,27,26,-1,11,4,7,6,7,0.5447675969936364,0.5580840945181818
eighth_synthetic,CHEMBL1873,35802,3,0.2,4.0,26,26,0,12,5,7,6,6,0.5714817193980458,0.573544365772394
eighth_synthetic,CHEMBL1873,35802,3,0.2,6.0,26,26,0,12,5,7,6,6,0.5277916069439273,0.5827467906580824
eighth_synthetic,CHEMBL1873,35802,3,0.3,4.0,27,26,-1,13,5,8,6,7,0.4649376995170043,0.48078436319836215
eighth_synthetic,CHEMBL1873,35802,3,0.3,6.0,27,26,-1,12,5,7,6,7,0.4995056499358334,0.5117318382499999
eighth_synthetic,CHEMBL1873,35802,4,0.2,4.0,26,26,0,12,5,7,6,6,0.5714817193980458,0.573544365772394
eighth_synthetic,CHEMBL1873,35802,4,0.2,6.0,26,26,0,12,5,7,6,6,0.5277916069439273,0.5827467906580824
eighth_synthetic,CHEMBL1873,35802,4,0.3,4.0,27,26,-1,15,5,10,6,7,0.4096201851394103,0.4268384977442929
eighth_synthetic,CHEMBL1873,35802,4,0.3,6.0,27,26,-1,12,5,7,6,7,0.49958355349416667,0.5120925343916666
eighth_synthetic,CHEMBL1873,35802,5,0.2,4.0,27,26,-1,12,4,8,6,7,0.5044901038435335,0.518375271473451
eighth_synthetic,CHEMBL1873,35802,5,0.2,6.0,27,26,-1,11,4,7,6,7,0.5447675969936364,0.5580840945181818
eighth_synthetic,CHEMBL1873,35802,5,0.3,4.0,26,26,0,13,5,8,6,6,0.5313771482513543,0.5378420809113412
eighth_synthetic,CHEMBL1873,35802,5,0.3,6.0,26,26,0,12,5,7,6,6,0.5277916069439273,0.5827467906580824
eighth_synthetic,CHEMBL1873,35802,6,0.2,4.0,26,26,0,13,5,8,6,6,0.5304246764810958,0.5348719166056155
eighth_synthetic,CHEMBL1873,35802,6,0.2,6.0,26,26,0,12,5,7,6,6,0.5277916069439273,0.5831074867997491
eighth_synthetic,CHEMBL1873,35802,6,0.3,4.0,26,26,0,12,5,7,6,6,0.5714817193980458,0.573544365772394
eighth_synthetic,CHEMBL1873,35802,6,0.3,6.0,26,26,0,12,5,7,6,6,0.5277916069439273,0.5827467906580824
eighth_synthetic,CHEMBL1873,35802,7,0.2,4.0,27,26,-1,13,5,8,6,7,0.4649376995170043,0.48078436319836215
eighth_synthetic,CHEMBL1873,35802,7,0.2,6.0,27,26,-1,12,5,7,6,7,0.4995056499358334,0.5117318382499999
eighth_synthetic,CHEMBL1873,35802,7,0.3,4.0,26,26,0,12,4,8,6,6,0.576466173305746,0.580187798995845
eighth_synthetic,CHEMBL1873,35802,7,0.3,6.0,26,26,0,11,4,7,6,6,0.5756250046388298,0.6355549516906354
eighth_synthetic,CHEMBL1873,35802,8,0.2,4.0,27,26,-1,13,5,8,6,7,0.4649376995170043,0.48078436319836215
eighth_synthetic,CHEMBL1873,35802,8,0.2,6.0,27,26,-1,12,5,7,6,7,0.4995056499358334,0.5117318382499999
eighth_synthetic,CHEMBL1873,35802,8,0.3,4.0,27,26,-1,12,4,8,6,7,0.5044901038435335,0.518375271473451
eighth_synthetic,CHEMBL1873,35802,8,0.3,6.0,27,26,-1,11,4,7,6,7,0.5447675969936364,0.5580840945181818
eighth_synthetic,CHEMBL1873,35802,9,0.2,4.0,26,26,0,12,5,7,6,6,0.5714817193980458,0.573544365772394
eighth_synthetic,CHEMBL1873,35802,9,0.2,6.0,26,26,0,12,5,7,6,6,0.5277916069439273,0.5827467906580824
eighth_synthetic,CHEMBL1873,35802,9,0.3,4.0,26,26,0,13,4,9,6,6,0.535978182627693,0.5439744808099113
eighth_synthetic,CHEMBL1873,35802,9,0.3,6.0,26,26,0,11,4,7,6,6,0.5756250046388298,0.6355549516906354
eighth_synthetic,CHEMBL1889,35802,0,0.2,4.0,47,47,0,15,4,11,14,14,0.9484648853333333,0.9774568902663145
eighth_synthetic,CHEMBL1889,35802,0,0.2,6.0,46,46,0,16,5,11,14,14,0.9520214915874368,0.9809872905249555
eighth_synthetic,CHEMBL1889,35802,0,0.3,4.0,46,46,0,16,5,11,14,14,0.9506491250292174,0.9779659086757485
eighth_synthetic,CHEMBL1889,35802,0,0.3,6.0,46,45,-1,16,4,12,13,14,0.9589941052044415,0.9819034302821594
eighth_synthetic,CHEMBL1889,35802,1,0.2,4.0,47,47,0,15,4,11,14,14,0.9484648853333333,0.9774568902663145
eighth_synthetic,CHEMBL1889,35802,1,0.2,6.0,47,47,0,15,4,11,14,14,0.9484648853333333,0.9808200607036468
eighth_synthetic,CHEMBL1889,35802,1,0.3,4.0,46,46,0,15,5,10,14,14,0.950137688,0.9774568902663145
eighth_synthetic,CHEMBL1889,35802,1,0.3,6.0,46,46,0,15,5,10,14,14,0.950137688,0.9808200607036468
eighth_synthetic,CHEMBL1889,35802,2,0.2,4.0,47,46,-1,14,4,10,13,14,0.9521036942857143,0.9800493185714287
eighth_synthetic,CHEMBL1889,35802,2,0.2,6.0,47,46,-1,15,4,11,13,14,0.9544230632139954,0.9810439531969283
eighth_synthetic,CHEMBL1889,35802,2,0.3,4.0,47,47,0,15,4,11,14,14,0.9484648853333333,0.9774568902663145
eighth_synthetic,CHEMBL1889,35802,2,0.3,6.0,47,47,0,15,4,11,14,14,0.9484648853333333,0.9808200607036468
eighth_synthetic,CHEMBL1889,35802,3,0.2,4.0,47,47,0,15,4,11,14,14,0.9484648853333333,0.9774568902663145
eighth_synthetic,CHEMBL1889,35802,3,0.2,6.0,46,46,0,16,5,11,14,14,0.9520214915874368,0.9809872905249555
eighth_synthetic,CHEMBL1889,35802,3,0.3,4.0,46,46,0,15,5,10,14,14,0.950137688,0.9774568902663145
eighth_synthetic,CHEMBL1889,35802,3,0.3,6.0,46,46,0,16,5,11,14,14,0.9524349717631206,0.981704359281789
eighth_synthetic,CHEMBL1889,35802,4,0.2,4.0,46,46,0,16,5,11,14,14,0.9506491250292174,0.9779659086757485
eighth_synthetic,CHEMBL1889,35802,4,0.2,6.0,46,45,-1,16,4,12,13,14,0.9589941052044415,0.9819034302821594
eighth_synthetic,CHEMBL1889,35802,4,0.3,4.0,46,46,0,15,5,10,14,14,0.950137688,0.9774568902663145
eighth_synthetic,CHEMBL1889,35802,4,0.3,6.0,46,46,0,16,5,11,14,14,0.9524349717631206,0.981704359281789
eighth_synthetic,CHEMBL1889,35802,5,0.2,4.0,46,46,0,15,5,10,14,14,0.950137688,0.9774568902663145
eighth_synthetic,CHEMBL1889,35802,5,0.2,6.0,46,46,0,15,5,10,14,14,0.950137688,0.9808200607036468
eighth_synthetic,CHEMBL1889,35802,5,0.3,4.0,46,46,0,15,5,10,14,14,0.950137688,0.9774568902663145
eighth_synthetic,CHEMBL1889,35802,5,0.3,6.0,46,46,0,16,5,11,14,14,0.9524349717631206,0.981704359281789
eighth_synthetic,CHEMBL1889,35802,6,0.2,4.0,47,47,0,15,4,11,14,14,0.9484648853333333,0.9774568902663145
eighth_synthetic,CHEMBL1889,35802,6,0.2,6.0,46,46,0,16,5,11,14,14,0.9520214915874368,0.9809872905249555
eighth_synthetic,CHEMBL1889,35802,6,0.3,4.0,47,47,0,15,4,11,14,14,0.9484648853333333,0.9774568902663145
eighth_synthetic,CHEMBL1889,35802,6,0.3,6.0,46,46,0,16,5,11,14,14,0.9520214915874368,0.9809872905249555
eighth_synthetic,CHEMBL1889,35802,7,0.2,4.0,47,46,-1,14,4,10,13,14,0.9521036942857143,0.9800493185714287
eighth_synthetic,CHEMBL1889,35802,7,0.2,6.0,47,46,-1,14,4,10,13,14,0.9521036942857143,0.9800493185714287
eighth_synthetic,CHEMBL1889,35802,7,0.3,4.0,46,46,0,15,5,10,14,14,0.950137688,0.9774568902663145
eighth_synthetic,CHEMBL1889,35802,7,0.3,6.0,46,46,0,15,5,10,14,14,0.950137688,0.9808200607036468
eighth_synthetic,CHEMBL1889,35802,8,0.2,4.0,46,46,0,15,5,10,14,14,0.950137688,0.9789781793436861
eighth_synthetic,CHEMBL1889,35802,8,0.2,6.0,46,45,-1,15,4,11,13,14,0.9566504832139954,0.9810439531969283
eighth_synthetic,CHEMBL1889,35802,8,0.3,4.0,48,47,-1,14,3,11,13,14,0.9504873128571428,0.9800493185714287
eighth_synthetic,CHEMBL1889,35802,8,0.3,6.0,47,46,-1,15,4,11,13,14,0.9539820176932658,0.9802790798563057
eighth_synthetic,CHEMBL1889,35802,9,0.2,4.0,46,46,0,15,5,10,14,14,0.950137688,0.9774568902663145
eighth_synthetic,CHEMBL1889,35802,9,0.2,6.0,46,46,0,15,5,10,14,14,0.950137688,0.9808200607036468
eighth_synthetic,CHEMBL1889,35802,9,0.3,4.0,47,46,-1,15,4,11,13,14,0.9525181600311652,0.9788981539104457
eighth_synthetic,CHEMBL1889,35802,9,0.3,6.0,46,45,-1,16,4,12,13,14,0.9585806250287576,0.9811863615253259
eighth_synthetic,CHEMBL1898,35802,0,0.2,4.0,47,48,1,9,3,6,9,8,0.94280517,0.9745873315086508
eighth_synthetic,CHEMBL1898,35802,0,0.2,6.0,47,48,1,9,3,6,9,8,0.94280517,0.9746201542408559
eighth_synthetic,CHEMBL1898,35802,0,0.3,4.0,47,48,1,10,4,6,10,9,0.9430049479999999,0.9699024480693273
eighth_synthetic,CHEMBL1898,35802,0,0.3,6.0,46,46,0,9,2,7,8,8,0.9577720373417898,0.9802922752530677
eighth_synthetic,CHEMBL1898,35802,1,0.2,4.0,47,47,0,10,3,7,9,9,0.9470789292289498,0.9703164691047966
eighth_synthetic,CHEMBL1898,35802,1,0.2,6.0,47,47,0,10,3,7,9,9,0.9524616104452784,0.9754657630703228
eighth_synthetic,CHEMBL1898,35802,1,0.3,4.0,46,48,2,10,4,6,10,8,0.939193528,0.9707078224271131
eighth_synthetic,CHEMBL1898,35802,1,0.3,6.0,46,47,1,10,3,7,9,8,0.9478663086076109,0.9762381025445315
eighth_synthetic,CHEMBL1898,35802,2,0.2,4.0,47,48,1,9,3,6,9,8,0.94280517,0.9745873315086508
eighth_synthetic,CHEMBL1898,35802,2,0.2,6.0,47,48,1,9,3,6,9,8,0.94280517,0.9746201542408559
eighth_synthetic,CHEMBL1898,35802,2,0.3,4.0,46,48,2,10,4,6,10,8,0.939193528,0.9707078224271131
eighth_synthetic,CHEMBL1898,35802,2,0.3,6.0,46,47,1,10,3,7,9,8,0.9478663086076109,0.9762381025445315
eighth_synthetic,CHEMBL1898,35802,3,0.2,4.0,47,48,1,9,3,6,9,8,0.94280517,0.9745873315086508
eighth_synthetic,CHEMBL1898,35802,3,0.2,6.0,47,48,1,9,3,6,9,8,0.94280517,0.9746201542408559
eighth_synthetic,CHEMBL1898,35802,3,0.3,4.0,46,47,1,10,3,7,9,8,0.9470789292289498,0.9707555531741239
eighth_synthetic,CHEMBL1898,35802,3,0.3,6.0,46,46,0,10,2,8,8,8,0.9610958800528893,0.9814055867980839
eighth_synthetic,CHEMBL1898,35802,4,0.2,4.0,47,47,0,10,3,7,9,9,0.9470789292289498,0.9703164691047966
eighth_synthetic,CHEMBL1898,35802,4,0.2,6.0,47,47,0,10,3,7,9,9,0.9524616104452784,0.9754657630703228
eighth_synthetic,CHEMBL1898,35802,4,0.3,4.0,46,48,2,10,4,6,10,8,0.939193528,0.9679448824004652
eighth_synthetic,CHEMBL1898,35802,4,0.3,6.0,46,47,1,9,3,6,9,8,0.9439434933333334,0.9746201542408559
eighth_synthetic,CHEMBL1898,35802,5,0.2,4.0,47,48,1,9,3,6,9,8,0.94280517,0.9745873315086508
eighth_synthetic,CHEMBL1898,35802,5,0.2,6.0,47,48,1,9,3,6,9,8,0.94280517,0.9746201542408559
eighth_synthetic,CHEMBL1898,35802,5,0.3,4.0,46,47,1,10,3,7,9,8,0.9487449954352357,0.9733793267750631
eighth_synthetic,CHEMBL1898,35802,5,0.3,6.0,46,46,0,10,2,8,8,8,0.9613442188174647,0.9817914150587443
eighth_synthetic,CHEMBL1898,35802,6,0.2,4.0,47,47,0,10,3,7,9,9,0.9470789292289498,0.9703164691047966
eighth_synthetic,CHEMBL1898,35802,6,0.2,6.0,47,47,0,10,3,7,9,9,0.9524616104452784,0.9754657630703228
eighth_synthetic,CHEMBL1898,35802,6,0.3,4.0,47,47,0,10,3,7,9,9,0.9470789292289498,0.9703164691047966
eighth_synthetic,CHEMBL1898,35802,6,0.3,6.0,46,46,0,9,2,7,8,8,0.9586430171614205,0.98036180341147
eighth_synthetic,CHEMBL1898,35802,7,0.2,4.0,47,48,1,9,3,6,9,8,0.94280517,0.9745873315086508
eighth_synthetic,CHEMBL1898,35802,7,0.2,6.0,47,48,1,9,3,6,9,8,0.94280517,0.9746201542408559
eighth_synthetic,CHEMBL1898,35802,7,0.3,4.0,46,47,1,10,3,7,9,8,0.9470789292289498,0.9707555531741239
eighth_synthetic,CHEMBL1898,35802,7,0.3,6.0,46,46,0,10,2,8,8,8,0.9610958800528893,0.9814055867980839
eighth_synthetic,CHEMBL1898,35802,8,0.2,4.0,47,48,1,10,4,6,10,9,0.9430049479999999,0.9671395080426795
eighth_synthetic,CHEMBL1898,35802,8,0.2,6.0,47,47,0,9,3,6,9,9,0.9481784044444443,0.973692471111111
eighth_synthetic,CHEMBL1898,35802,8,0.3,4.0,47,47,0,10,3,7,9,9,0.9487449954352357,0.9729402427057359
eighth_synthetic,CHEMBL1898,35802,8,0.3,6.0,46,46,0,9,2,7,8,8,0.9589189491220598,0.9807905014788703
eighth_synthetic,CHEMBL1898,35802,9,0.2,4.0,47,47,0,10,3,7,9,9,0.9487449954352357,0.9729402427057359
eighth_synthetic,CHEMBL1898,35802,9,0.2,6.0,47,47,0,10,3,7,9,9,0.9527099492098537,0.9758515913309832
eighth_synthetic,CHEMBL1898,35802,9,0.3,4.0,46,47,1,10,3,7,9,8,0.9487449954352357,0.9733793267750631
eighth_synthetic,CHEMBL1898,35802,9,0.3,6.0,46,46,0,10,2,8,8,8,0.9613442188174647,0.9817914150587443
eighth_synthetic,CHEMBL1899,35802,0,0.2,4.0,38,38,0,8,1,7,8,8,0.8920436999999999,0.92754634125
eighth_synthetic,CHEMBL1899,35802,0,0.2,6.0,38,39,1,9,1,8,9,8,0.8165414411111109,0.9340419158213596
eighth_synthetic,CHEMBL1899,35802,0,0.3,4.0,38,38,0,8,0,8,7,7,0.9387320473799625,0.9793373462224424
eighth_synthetic,CHEMBL1899,35802,0,0.3,6.0,38,40,2,10,0,10,9,7,0.8477279170273629,0.9901767425025405
eighth_synthetic,CHEMBL1899,35802,1,0.2,4.0,39,40,1,8,0,8,8,7,0.8907749699999999,0.9928432408202111
eighth_synthetic,CHEMBL1899,35802,1,0.2,6.0,39,41,2,9,0,9,9,7,0.8439411844444443,0.991071004572101
eighth_synthetic,CHEMBL1899,35802,1,0.3,4.0,38,39,1,10,1,9,9,8,0.80789711790397,0.9295615766341229
eighth_synthetic,CHEMBL1899,35802,1,0.3,6.0,38,40,2,10,1,9,10,8,0.7597803719999999,0.9401715793964762
eighth_synthetic,CHEMBL1899,35802,2,0.2,4.0,38,38,0,8,1,7,8,8,0.8920436999999999,0.92754634125
eighth_synthetic,CHEMBL1899,35802,2,0.2,6.0,38,38,0,9,1,8,8,8,0.890566342592845,0.9305913434542435
eighth_synthetic,CHEMBL1899,35802,2,0.3,4.0,38,39,1,9,0,9,8,7,0.8654820954488556,0.9807049851490254
eighth_synthetic,CHEMBL1899,35802,2,0.3,6.0,38,41,3,10,0,10,10,7,0.7777442299999999,0.9902122908952491
eighth_synthetic,CHEMBL1899,35802,3,0.2,4.0,39,40,1,10,1,9,9,8,0.8045820259039701,0.9295615766341229
eighth_synthetic,CHEMBL1899,35802,3,0.2,6.0,39,41,2,10,1,9,10,8,0.7564652799999999,0.9401715793964762
eighth_synthetic,CHEMBL1899,35802,3,0.3,4.0,39,40,1,10,1,9,9,8,0.8045820259039701,0.9295615766341229
eighth_synthetic,CHEMBL1899,35802,3,0.3,6.0,39,41,2,11,1,10,10,8,0.7767247409339664,0.9454746823817142
eighth_synthetic,CHEMBL1899,35802,4,0.2,4.0,38,38,0,8,1,7,8,8,0.8920436999999999,0.92754634125
eighth_synthetic,CHEMBL1899,35802,4,0.2,6.0,38,38,0,9,1,8,8,8,0.890566342592845,0.9305913434542435
eighth_synthetic,CHEMBL1899,35802,4,0.3,4.0,38,38,0,9,1,8,8,8,0.8666098554488556,0.9226632966421712
eighth_synthetic,CHEMBL1899,35802,4,0.3,6.0,38,39,1,10,1,9,9,8,0.829764059027363,0.9401360310037676
eighth_synthetic,CHEMBL1899,35802,5,0.2,4.0,38,38,0,9,1,8,8,8,0.8666098554488556,0.9226632966421712
eighth_synthetic,CHEMBL1899,35802,5,0.2,6.0,38,39,1,10,1,9,9,8,0.8197068723335604,0.9357805958891774
eighth_synthetic,CHEMBL1899,35802,5,0.3,4.0,38,37,-1,10,2,8,8,9,0.80911947590397,0.866965328977954
eighth_synthetic,CHEMBL1899,35802,5,0.3,6.0,38,39,1,11,2,9,10,9,0.71114097,0.8867767936541653
eighth_synthetic,CHEMBL1899,35802,6,0.2,4.0,38,39,1,9,2,7,9,8,0.8214256666666666,0.8694494402547588
eighth_synthetic,CHEMBL1899,35802,6,0.2,6.0,38,38,0,10,1,9,8,8,0.8659056028415056,0.920928443093389
eighth_synthetic,CHEMBL1899,35802,6,0.3,4.0,39,40,1,9,1,8,9,8,0.8202979066666667,0.9346685362846322
eighth_synthetic,CHEMBL1899,35802,6,0.3,6.0,39,40,1,11,1,10,9,8,0.8400679994190212,0.9429717272257695
eighth_synthetic,CHEMBL1899,35802,7,0.2,4.0,39,39,0,9,1,8,8,8,0.8629264198933001,0.9226632966421712
eighth_synthetic,CHEMBL1899,35802,7,0.2,6.0,39,40,1,10,1,9,9,8,0.8264489670273629,0.9401360310037676
eighth_synthetic,CHEMBL1899,35802,7,0.3,4.0,38,38,0,8,0,8,7,7,0.9387320473799625,0.9793373462224424
eighth_synthetic,CHEMBL1899,35802,7,0.3,6.0,38,40,2,10,0,10,9,7,0.8477279170273629,0.9901767425025405
eighth_synthetic,CHEMBL1899,35802,8,0.2,4.0,39,40,1,10,1,9,9,8,0.8045820259039701,0.9295615766341229
eighth_synthetic,CHEMBL1899,35802,8,0.2,6.0,39,41,2,10,1,9,10,8,0.7564652799999999,0.9401715793964762
eighth_synthetic,CHEMBL1899,35802,8,0.3,4.0,39,40,1,9,1,8,9,8,0.8202979066666667,0.9346685362846322
eighth_synthetic,CHEMBL1899,35802,8,0.3,6.0,39,40,1,10,1,9,9,8,0.836200051027363,0.9417737638395274
eighth_synthetic,CHEMBL1899,35802,9,0.2,4.0,39,39,0,9,1,8,8,8,0.8164518455555555,0.9346685362846322
eighth_synthetic,CHEMBL1899,35802,9,0.2,6.0,39,40,1,10,1,9,9,8,0.756058998,0.9405238438553416
eighth_synthetic,CHEMBL1899,35802,9,0.3,4.0,38,39,1,9,0,9,8,7,0.8654820954488556,0.9807049851490254
eighth_synthetic,CHEMBL1899,35802,9,0.3,6.0,38,41,3,10,0,10,10,7,0.7777442299999999,0.9902122908952491
eighth_synthetic,CHEMBL1902,35802,0,0.2,4.0,31,31,0,6,1,5,2,2,0.1945106842166667,0.3426231421666666
eighth_synthetic,CHEMBL1902,35802,0,0.2,6.0,31,31,0,8,1,7,2,2,0.2872334212176025,0.44100297614969186
eighth_synthetic,CHEMBL1902,35802,0,0.3,4.0,31,31,0,6,1,5,2,2,0.1945106842166667,0.3426231421666666
eighth_synthetic,CHEMBL1902,35802,0,0.3,6.0,31,31,0,8,1,7,2,2,0.2872334212176025,0.44100297614969186
eighth_synthetic,CHEMBL1902,35802,1,0.2,4.0,31,31,0,7,1,6,2,2,0.3234929276968304,0.5103323800897978
eighth_synthetic,CHEMBL1902,35802,1,0.2,6.0,31,31,0,6,1,5,2,2,0.3033836703474271,0.49347984044595167
eighth_synthetic,CHEMBL1902,35802,1,0.3,4.0,31,31,0,7,1,6,2,2,0.2771868290316238,0.4129762142858387
eighth_synthetic,CHEMBL1902,35802,1,0.3,6.0,31,31,0,7,1,6,2,2,0.2300251155304318,0.38711264291612413
eighth_synthetic,CHEMBL1902,35802,2,0.2,4.0,31,31,0,7,1,6,2,2,0.2771868290316238,0.4129762142858387
eighth_synthetic,CHEMBL1902,35802,2,0.2,6.0,31,31,0,7,1,6,2,2,0.2300251155304318,0.38711264291612413
eighth_synthetic,CHEMBL1902,35802,2,0.3,4.0,31,31,0,5,1,4,2,2,0.23148516966,0.40904858099999986
eighth_synthetic,CHEMBL1902,35802,2,0.3,6.0,31,31,0,7,1,6,2,2,0.3425058570662768,0.5014104117645296
eighth_synthetic,CHEMBL1902,35802,3,0.2,4.0,31,31,0,5,1,4,2,2,0.29631370779128935,0.5453472131255428
eighth_synthetic,CHEMBL1902,35802,3,0.2,6.0,31,31,0,6,1,5,2,2,0.43461120213924626,0.6268272374357579
eighth_synthetic,CHEMBL1902,35802,3,0.3,4.0,31,31,0,5,1,4,2,2,0.23234943079999998,0.40984509368
eighth_synthetic,CHEMBL1902,35802,3,0.3,6.0,31,31,0,7,1,6,2,2,0.3268642818044243,0.4898457482625998
eighth_synthetic,CHEMBL1902,35802,4,0.2,4.0,31,31,0,5,1,4,2,2,0.23148516966,0.40904858099999986
eighth_synthetic,CHEMBL1902,35802,4,0.2,6.0,31,31,0,7,1,6,2,2,0.3425058570662768,0.5014104117645296
eighth_synthetic,CHEMBL1902,35802,4,0.3,4.0,31,31,0,6,1,5,2,2,0.2485344659927411,0.45620533560461896
eighth_synthetic,CHEMBL1902,35802,4,0.3,6.0,31,31,0,7,1,6,2,2,0.35828479758747994,0.5398734787800537
eighth_synthetic,CHEMBL1902,35802,5,0.2,4.0,31,31,0,6,1,5,2,2,0.2487242762260744,0.45620533560461896
eighth_synthetic,CHEMBL1902,35802,5,0.2,6.0,31,31,0,7,1,6,2,2,0.32350751241394077,0.5164183842983684
eighth_synthetic,CHEMBL1902,35802,5,0.3,4.0,31,31,0,6,1,5,2,2,0.1945106842166667,0.3426231421666666
eighth_synthetic,CHEMBL1902,35802,5,0.3,6.0,31,31,0,8,1,7,2,2,0.2872334212176025,0.44100297614969186
eighth_synthetic,CHEMBL1902,35802,6,0.2,4.0,31,31,0,6,1,5,2,2,0.2487242762260744,0.45620533560461896
eighth_synthetic,CHEMBL1902,35802,6,0.2,6.0,31,31,0,7,1,6,2,2,0.32350751241394077,0.5164183842983684
eighth_synthetic,CHEMBL1902,35802,6,0.3,4.0,31,31,0,6,1,5,2,2,0.2487242762260744,0.45620533560461896
eighth_synthetic,CHEMBL1902,35802,6,0.3,6.0,31,31,0,7,1,6,2,2,0.32350751241394077,0.5164183842983684
eighth_synthetic,CHEMBL1902,35802,7,0.2,4.0,31,31,0,7,1,6,2,2,0.27702413454590946,0.4129762142858387
eighth_synthetic,CHEMBL1902,35802,7,0.2,6.0,31,31,0,7,1,6,2,2,0.264802400703971,0.41056773739780933
eighth_synthetic,CHEMBL1902,35802,7,0.3,4.0,31,31,0,5,1,4,2,2,0.23148516966,0.40904858099999986
eighth_synthetic,CHEMBL1902,35802,7,0.3,6.0,31,31,0,7,1,6,2,2,0.3425058570662768,0.5014104117645296
eighth_synthetic,CHEMBL1902,35802,8,0.2,4.0,31,31,0,7,1,6,2,2,0.2771868290316238,0.4129762142858387
eighth_synthetic,CHEMBL1902,35802,8,0.2,6.0,31,31,0,7,1,6,2,2,0.2300251155304318,0.38711264291612413
eighth_synthetic,CHEMBL1902,35802,8,0.3,4.0,31,31,0,7,1,6,2,2,0.3234929276968304,0.5103323800897978
eighth_synthetic,CHEMBL1902,35802,8,0.3,6.0,31,31,0,6,1,5,2,2,0.3033836703474271,0.49347984044595167
eighth_synthetic,CHEMBL1902,35802,9,0.2,4.0,31,31,0,6,1,5,2,2,0.2487242762260744,0.45620533560461896
eighth_synthetic,CHEMBL1902,35802,9,0.2,6.0,31,31,0,7,1,6,2,2,0.32350751241394077,0.5164183842983684
eighth_synthetic,CHEMBL1902,35802,9,0.3,4.0,31,31,0,5,1,4,2,2,0.29717796893128934,0.5461437258055428
eighth_synthetic,CHEMBL1902,35802,9,0.3,6.0,31,31,0,6,1,5,2,2,0.41636269766708495,0.6133351300168398
eighth_synthetic,CHEMBL1904,35802,0,0.2,4.0,30,32,2,12,0,12,9,7,0.5706545155555145,0.7842971103705653
eighth_synthetic,CHEMBL1904,35802,0,0.2,6.0,30,32,2,12,0,12,9,7,0.6353329396659676,0.8129072838092187
eighth_synthetic,CHEMBL1904,35802,0,0.3,4.0,29,32,3,13,0,13,9,6,0.6174952710564146,0.8083139670139514
eighth_synthetic,CHEMBL1904,35802,0,0.3,6.0,29,32,3,13,0,13,9,6,0.6503476721059412,0.8384790653907529
eighth_synthetic,CHEMBL1904,35802,1,0.2,4.0,29,32,3,12,0,12,9,6,0.5485073955555145,0.793436290986344
eighth_synthetic,CHEMBL1904,35802,1,0.2,6.0,29,32,3,12,0,12,9,6,0.6131858196659675,0.8230128839412227
eighth_synthetic,CHEMBL1904,35802,1,0.3,4.0,29,32,3,13,0,13,9,6,0.5765625914886042,0.8045744892785589
eighth_synthetic,CHEMBL1904,35802,1,0.3,6.0,29,33,4,13,0,13,10,6,0.5757327704608931,0.8359479765366876
eighth_synthetic,CHEMBL1904,35802,2,0.2,4.0,30,32,2,12,0,12,9,7,0.6118269489023854,0.8072209029246795
eighth_synthetic,CHEMBL1904,35802,2,0.2,6.0,30,33,3,13,0,13,10,7,0.6072409576285859,0.8304872101640519
eighth_synthetic,CHEMBL1904,35802,2,0.3,4.0,29,32,3,12,0,12,9,6,0.5896798289023855,0.8176383467049334
eighth_synthetic,CHEMBL1904,35802,2,0.3,6.0,29,33,4,12,0,12,10,6,0.5535374622898223,0.8284605813918975
eighth_synthetic,CHEMBL1904,35802,3,0.2,4.0,29,32,3,12,0,12,9,6,0.5745667934341799,0.8199451374487908
eighth_synthetic,CHEMBL1904,35802,3,0.2,6.0,29,32,3,12,0,12,9,6,0.6224094524052909,0.8282420848509934
eighth_synthetic,CHEMBL1904,35802,3,0.3,4.0,29,32,3,13,0,13,9,6,0.6700436871994343,0.8273300916414159
eighth_synthetic,CHEMBL1904,35802,3,0.3,6.0,29,33,4,13,0,13,10,6,0.5980379171648491,0.8425080193890889
eighth_synthetic,CHEMBL1904,35802,4,0.2,4.0,29,32,3,11,0,11,9,6,0.6251285694675404,0.8071836232121977
eighth_synthetic,CHEMBL1904,35802,4,0.2,6.0,29,32,3,12,0,12,9,6,0.6354965440226782,0.8292222196623434
eighth_synthetic,CHEMBL1904,35802,4,0.3,4.0,30,32,2,14,0,14,9,7,0.6092219424028993,0.8095929671992195
eighth_synthetic,CHEMBL1904,35802,4,0.3,6.0,30,32,2,14,0,14,9,7,0.6835422682596366,0.8383831701492633
eighth_synthetic,CHEMBL1904,35802,5,0.2,4.0,30,32,2,13,0,13,9,7,0.6210609156842953,0.8200180593688025
eighth_synthetic,CHEMBL1904,35802,5,0.2,6.0,30,33,3,13,0,13,10,7,0.6046903883741147,0.830847124995083
eighth_synthetic,CHEMBL1904,35802,5,0.3,4.0,30,32,2,14,1,13,9,7,0.5538821188380992,0.7567954730113006
eighth_synthetic,CHEMBL1904,35802,5,0.3,6.0,30,32,2,15,1,14,9,7,0.6478438412114336,0.7960975111322718
eighth_synthetic,CHEMBL1904,35802,6,0.2,4.0,29,32,3,11,0,11,9,6,0.5602666367402677,0.8059779738806557
eighth_synthetic,CHEMBL1904,35802,6,0.2,6.0,29,32,3,12,0,12,9,6,0.6235357240226781,0.8269112334773734
eighth_synthetic,CHEMBL1904,35802,6,0.3,4.0,30,32,2,14,0,14,9,7,0.6066391176013621,0.808265182210239
eighth_synthetic,CHEMBL1904,35802,6,0.3,6.0,30,33,3,14,0,14,10,7,0.6216465369555167,0.838185973041736
eighth_synthetic,CHEMBL1904,35802,7,0.2,4.0,29,32,3,12,0,12,9,6,0.5745667934341799,0.8199451374487908
eighth_synthetic,CHEMBL1904,35802,7,0.2,6.0,29,32,3,12,0,12,9,6,0.6224094524052909,0.8282420848509934
eighth_synthetic,CHEMBL1904,35802,7,0.3,4.0,29,32,3,12,0,12,9,6,0.5903218109089137,0.8176221465744297
eighth_synthetic,CHEMBL1904,35802,7,0.3,6.0,29,32,3,12,0,12,9,6,0.6253889085952532,0.8284581341275258
eighth_synthetic,CHEMBL1904,35802,8,0.2,4.0,30,32,2,12,0,12,9,7,0.6124689309089136,0.8072047027941758
eighth_synthetic,CHEMBL1904,35802,8,0.2,6.0,30,32,2,13,0,13,9,7,0.6735653696028299,0.8304849511507857
eighth_synthetic,CHEMBL1904,35802,8,0.3,4.0,29,32,3,12,0,12,9,6,0.6461823101488248,0.8694452008373501
eighth_synthetic,CHEMBL1904,35802,8,0.3,6.0,29,32,3,12,0,12,9,6,0.683913779341026,0.8827815540482805
eighth_synthetic,CHEMBL1904,35802,9,0.2,4.0,29,32,3,11,0,11,9,6,0.5602666367402677,0.8059779738806557
eighth_synthetic,CHEMBL1904,35802,9,0.2,6.0,29,32,3,12,0,12,9,6,0.6251725690976347,0.8278521771173764
eighth_synthetic,CHEMBL1904,35802,9,0.3,4.0,30,32,2,13,0,13,9,7,0.6383855123703204,0.8187137147816135
eighth_synthetic,CHEMBL1904,35802,9,0.3,6.0,30,32,2,14,0,14,9,7,0.6949674344424989,0.8413530634619876
eighth_synthetic,CHEMBL1906,35802,0,0.2,4.0,48,48,0,21,21,0,20,20,0.9604800742857142,0.9896727969281042
eighth_synthetic,CHEMBL1906,35802,0,0.2,6.0,46,48,2,23,23,0,22,20,0.9619871521739131,0.9898995904250548
eighth_synthetic,CHEMBL1906,35802,0,0.3,4.0,47,48,1,22,22,0,21,20,0.9612134318181819,0.9897388028132975
eighth_synthetic,CHEMBL1906,35802,0,0.3,6.0,46,48,2,23,23,0,22,20,0.9619871521739131,0.9906724804926712
eighth_synthetic,CHEMBL1906,35802,1,0.2,4.0,47,48,1,22,22,0,21,20,0.9612134318181819,0.9896892111646515
eighth_synthetic,CHEMBL1906,35802,1,0.2,6.0,46,48,2,23,23,0,22,20,0.9619871521739131,0.9900655894551605
eighth_synthetic,CHEMBL1906,35802,1,0.3,4.0,47,48,1,22,22,0,21,20,0.9612134318181819,0.9897388028132975
eighth_synthetic,CHEMBL1906,35802,1,0.3,6.0,45,48,3,23,23,0,22,19,0.9619871521739131,0.9907070861138622
eighth_synthetic,CHEMBL1906,35802,2,0.2,4.0,47,48,1,22,22,0,21,20,0.9612134318181819,0.9897388028132975
eighth_synthetic,CHEMBL1906,35802,2,0.2,6.0,47,48,1,22,22,0,21,20,0.9612134318181819,0.9904838871082888
eighth_synthetic,CHEMBL1906,35802,2,0.3,4.0,46,48,2,23,23,0,22,20,0.9619871521739131,0.9895549398104705
eighth_synthetic,CHEMBL1906,35802,2,0.3,6.0,45,48,3,23,23,0,22,19,0.9619871521739131,0.9914427628114896
eighth_synthetic,CHEMBL1906,35802,3,0.2,4.0,48,48,0,21,21,0,20,20,0.9604800742857142,0.9896727969281042
eighth_synthetic,CHEMBL1906,35802,3,0.2,6.0,46,48,2,23,23,0,22,20,0.9619871521739131,0.9904964664689697
eighth_synthetic,CHEMBL1906,35802,3,0.3,4.0,47,48,1,22,22,0,21,20,0.9612134318181819,0.9897388028132975
eighth_synthetic,CHEMBL1906,35802,3,0.3,6.0,45,48,3,23,23,0,22,19,0.9619871521739131,0.991303962157777
eighth_synthetic,CHEMBL1906,35802,4,0.2,4.0,47,48,1,22,22,0,21,20,0.9612134318181819,0.9895331684322126
eighth_synthetic,CHEMBL1906,35802,4,0.2,6.0,47,48,1,22,22,0,21,20,0.9612134318181819,0.9904554524420597
eighth_synthetic,CHEMBL1906,35802,4,0.3,4.0,48,48,0,21,21,0,20,20,0.9604800742857142,0.9894573704336344
eighth_synthetic,CHEMBL1906,35802,4,0.3,6.0,47,48,1,22,22,0,21,20,0.9612134318181819,0.9902714377809172
eighth_synthetic,CHEMBL1906,35802,5,0.2,4.0,49,48,-1,20,20,0,19,20,0.959700113,0.9896617909999998
eighth_synthetic,CHEMBL1906,35802,5,0.2,6.0,46,48,2,23,23,0,22,20,0.9619871521739131,0.9899076876397319
eighth_synthetic,CHEMBL1906,35802,5,0.3,4.0,47,48,1,22,22,0,21,20,0.9612134318181819,0.9897388028132975
eighth_synthetic,CHEMBL1906,35802,5,0.3,6.0,45,48,3,23,23,0,22,19,0.9619871521739131,0.9912247195355712
eighth_synthetic,CHEMBL1906,35802,6,0.2,4.0,47,48,1,22,22,0,21,20,0.9612134318181819,0.989745211660659
eighth_synthetic,CHEMBL1906,35802,6,0.2,6.0,46,48,2,23,23,0,22,20,0.9619871521739131,0.9906733247144853
eighth_synthetic,CHEMBL1906,35802,6,0.3,4.0,47,48,1,22,22,0,21,20,0.9612134318181819,0.9897388028132975
eighth_synthetic,CHEMBL1906,35802,6,0.3,6.0,46,48,2,23,23,0,22,20,0.9619871521739131,0.9906689910730343
eighth_synthetic,CHEMBL1906,35802,7,0.2,4.0,48,48,0,21,21,0,20,20,0.9604800742857142,0.9896727969281042
eighth_synthetic,CHEMBL1906,35802,7,0.2,6.0,47,48,1,22,22,0,21,20,0.9612134318181819,0.9903035204767668
eighth_synthetic,CHEMBL1906,35802,7,0.3,4.0,48,48,0,21,21,0,20,20,0.9604800742857142,0.9896795109586733
eighth_synthetic,CHEMBL1906,35802,7,0.3,6.0,45,48,3,23,23,0,22,19,0.9619871521739131,0.9905319163119747
eighth_synthetic,CHEMBL1906,35802,8,0.2,4.0,48,48,0,21,21,0,20,20,0.9604800742857142,0.9896727969281042
eighth_synthetic,CHEMBL1906,35802,8,0.2,6.0,46,48,2,23,23,0,22,20,0.9619871521739131,0.9898168583832121
eighth_synthetic,CHEMBL1906,35802,8,0.3,4.0,46,48,2,23,23,0,22,20,0.9619871521739131,0.9895488096086464
eighth_synthetic,CHEMBL1906,35802,8,0.3,6.0,45,48,3,23,23,0,22,19,0.9619871521739131,0.9913626759674696
eighth_synthetic,CHEMBL1906,35802,9,0.2,4.0,49,48,-1,20,20,0,19,20,0.959700113,0.9896617909999998
eighth_synthetic,CHEMBL1906,35802,9,0.2,6.0,46,48,2,23,23,0,22,20,0.9619871521739131,0.9898284450175261
eighth_synthetic,CHEMBL1906,35802,9,0.3,4.0,48,48,0,21,21,0,20,20,0.9604800742857142,0.9897314641143977
eighth_synthetic,CHEMBL1906,35802,9,0.3,6.0,45,48,3,23,23,0,22,19,0.9619871521739131,0.9910560753076425
eighth_synthetic,CHEMBL1908,35802,0,0.2,4.0,43,44,1,12,6,6,8,7,0.6422578382019002,0.8986976163351095
eighth_synthetic,CHEMBL1908,35802,0,0.2,6.0,43,43,0,12,5,7,7,7,0.7058757306081865,0.926346049696221
eighth_synthetic,CHEMBL1908,35802,0,0.3,4.0,42,43,1,12,5,7,8,7,0.6859796831953834,0.9232281453220743
eighth_synthetic,CHEMBL1908,35802,0,0.3,6.0,41,42,1,13,5,8,7,6,0.7514355781709072,0.9509525581715843
eighth_synthetic,CHEMBL1908,35802,1,0.2,4.0,43,44,1,13,6,7,9,8,0.676148386801754,0.890216780580493
eighth_synthetic,CHEMBL1908,35802,1,0.2,6.0,42,43,1,13,6,7,8,7,0.6782501145795062,0.909031274831087
eighth_synthetic,CHEMBL1908,35802,1,0.3,4.0,43,44,1,11,4,7,8,7,0.6511790980384365,0.9241363964114329
eighth_synthetic,CHEMBL1908,35802,1,0.3,6.0,42,43,1,12,5,7,8,7,0.6938731472748532,0.9330791837510345
eighth_synthetic,CHEMBL1908,35802,2,0.2,4.0,43,44,1,12,5,7,8,7,0.6363128023143371,0.9010832252122412
eighth_synthetic,CHEMBL1908,35802,2,0.2,6.0,43,44,1,11,5,6,8,7,0.6384240609090909,0.9059942336112762
eighth_synthetic,CHEMBL1908,35802,2,0.3,4.0,42,43,1,12,6,6,8,7,0.668314169868567,0.9154874753396124
eighth_synthetic,CHEMBL1908,35802,2,0.3,6.0,41,43,2,12,5,7,8,6,0.6591567447580523,0.9449755936970411
eighth_synthetic,CHEMBL1908,35802,3,0.2,4.0,43,45,2,12,6,6,9,7,0.6204486516666666,0.8857695695359652
eighth_synthetic,CHEMBL1908,35802,3,0.2,6.0,43,44,1,12,5,7,8,7,0.6631422466004908,0.9086926782384465
eighth_synthetic,CHEMBL1908,35802,3,0.3,4.0,43,44,1,13,5,8,9,8,0.6172147929556003,0.9261142936195925
eighth_synthetic,CHEMBL1908,35802,3,0.3,6.0,42,44,2,13,4,9,9,7,0.66050387842566,0.939852158444103
eighth_synthetic,CHEMBL1908,35802,4,0.2,4.0,43,43,0,12,5,7,7,7,0.6777673606953832,0.9232281453220743
eighth_synthetic,CHEMBL1908,35802,4,0.2,6.0,43,43,0,12,5,7,7,7,0.7093276812372976,0.9313386305727346
eighth_synthetic,CHEMBL1908,35802,4,0.3,4.0,42,45,3,13,5,8,10,7,0.6247953983402156,0.9269347711622106
eighth_synthetic,CHEMBL1908,35802,4,0.3,6.0,42,45,3,13,5,8,10,7,0.5961490367763345,0.9416555077410862
eighth_synthetic,CHEMBL1908,35802,5,0.2,4.0,44,44,0,12,5,7,8,8,0.6656062966496684,0.9215416025285589
eighth_synthetic,CHEMBL1908,35802,5,0.2,6.0,43,43,0,12,5,7,7,7,0.6887838824110086,0.9292471086242898
eighth_synthetic,CHEMBL1908,35802,5,0.3,4.0,41,43,2,13,6,7,8,6,0.6822002660265076,0.9343267720429272
eighth_synthetic,CHEMBL1908,35802,5,0.3,6.0,41,44,3,13,5,8,9,6,0.6726928519113516,0.9541843223496312
eighth_synthetic,CHEMBL1908,35802,6,0.2,4.0,43,44,1,12,6,6,8,7,0.6422578382019002,0.9154874753396124
eighth_synthetic,CHEMBL1908,35802,6,0.2,6.0,43,44,1,12,5,7,8,7,0.6391661256743623,0.9301733675794056
eighth_synthetic,CHEMBL1908,35802,6,0.3,4.0,41,42,1,12,5,7,7,6,0.6739019880097206,0.9326632096021407
eighth_synthetic,CHEMBL1908,35802,6,0.3,6.0,41,42,1,11,5,6,7,6,0.7138598858952337,0.9483848151702557
eighth_synthetic,CHEMBL1908,35802,7,0.2,4.0,43,44,1,12,5,7,8,7,0.6389261741601497,0.929515370895729
eighth_synthetic,CHEMBL1908,35802,7,0.2,6.0,43,44,1,12,5,7,8,7,0.649562197229602,0.9322753851383063
eighth_synthetic,CHEMBL1908,35802,7,0.3,4.0,42,43,1,14,7,7,9,8,0.6636659005960428,0.9183748537084948
eighth_synthetic,CHEMBL1908,35802,7,0.3,6.0,41,43,2,14,5,9,9,7,0.692394348306343,0.937230485248793
eighth_synthetic,CHEMBL1908,35802,8,0.2,4.0,43,44,1,12,6,6,8,7,0.6629183157019002,0.8992730332323883
eighth_synthetic,CHEMBL1908,35802,8,0.2,6.0,43,44,1,12,6,6,8,7,0.6838426131743622,0.911810672902604
eighth_synthetic,CHEMBL1908,35802,8,0.3,4.0,42,43,1,13,5,8,8,7,0.7083112613954323,0.928514870590666
eighth_synthetic,CHEMBL1908,35802,8,0.3,6.0,41,42,1,13,5,8,7,6,0.7526327001187947,0.9515009396617974
eighth_synthetic,CHEMBL1908,35802,9,0.2,4.0,43,44,1,12,5,7,8,7,0.6682277732019002,0.9149893994935533
eighth_synthetic,CHEMBL1908,35802,9,0.2,6.0,43,44,1,12,5,7,8,7,0.6427946031743623,0.9301044275758402
eighth_synthetic,CHEMBL1908,35802,9,0.3,4.0,41,44,3,13,5,8,9,6,0.6471192274474303,0.9252033331726426
eighth_synthetic,CHEMBL1908,35802,9,0.3,6.0,41,44,3,13,5,8,9,6,0.6336542076577548,0.9525879456078866
eighth_synthetic,CHEMBL1913,35802,0,0.2,4.0,46,47,1,16,12,4,14,13,0.8617044406250001,0.9747868548481029
eighth_synthetic,CHEMBL1913,35802,0,0.2,6.0,46,47,1,17,12,5,15,14,0.8612487294117648,0.9719486842503526
eighth_synthetic,CHEMBL1913,35802,0,0.3,4.0,45,47,2,17,13,4,15,13,0.8630028417647059,0.9739335629294404
eighth_synthetic,CHEMBL1913,35802,0,0.3,6.0,45,47,2,17,12,5,15,13,0.8612487294117648,0.9784578705155598
eighth_synthetic,CHEMBL1913,35802,1,0.2,4.0,46,46,0,17,13,4,14,14,0.8386021976470588,0.967841248259217
eighth_synthetic,CHEMBL1913,35802,1,0.2,6.0,46,46,0,17,12,5,14,14,0.842210805882353,0.9722348234279972
eighth_synthetic,CHEMBL1913,35802,1,0.3,4.0,47,45,-2,17,13,4,13,15,0.8348725738730329,0.9629387085087383
eighth_synthetic,CHEMBL1913,35802,1,0.3,6.0,46,45,-1,18,14,4,14,15,0.84037353766585,0.9689695812453452
eighth_synthetic,CHEMBL1913,35802,2,0.2,4.0,47,46,-1,15,12,3,12,13,0.8493617837227707,0.9761484412899537
eighth_synthetic,CHEMBL1913,35802,2,0.2,6.0,46,47,1,17,12,5,15,14,0.8612487294117648,0.9707182064484321
eighth_synthetic,CHEMBL1913,35802,2,0.3,4.0,46,46,0,17,14,3,14,14,0.8533174274024449,0.9671090968978904
eighth_synthetic,CHEMBL1913,35802,2,0.3,6.0,45,46,1,18,13,5,15,14,0.8642520247376719,0.9745755257731071
eighth_synthetic,CHEMBL1913,35802,3,0.2,4.0,46,46,0,18,14,4,15,15,0.8414138200000001,0.9609758994500653
eighth_synthetic,CHEMBL1913,35802,3,0.2,6.0,46,46,0,18,14,4,15,15,0.8414138200000001,0.969908290769507
eighth_synthetic,CHEMBL1913,35802,3,0.3,4.0,46,45,-1,16,13,3,13,14,0.8514136878650975,0.9714533311008836
eighth_synthetic,CHEMBL1913,35802,3,0.3,6.0,45,46,1,17,13,4,15,14,0.8579597764705883,0.9739608544288665
eighth_synthetic,CHEMBL1913,35802,4,0.2,4.0,47,45,-2,17,13,4,13,15,0.8289449930536213,0.9631299957460859
eighth_synthetic,CHEMBL1913,35802,4,0.2,6.0,46,45,-1,17,13,4,14,15,0.8389218529411765,0.9687825261193053
eighth_synthetic,CHEMBL1913,35802,4,0.3,4.0,46,46,0,17,14,3,14,14,0.8533174274024449,0.969031023178962
eighth_synthetic,CHEMBL1913,35802,4,0.3,6.0,45,46,1,18,13,5,15,14,0.8642520247376719,0.9748469034947098
eighth_synthetic,CHEMBL1913,35802,5,0.2,4.0,46,47,1,16,12,4,14,13,0.8617044406250001,0.9751567194737591
eighth_synthetic,CHEMBL1913,35802,5,0.2,6.0,46,47,1,17,12,5,15,14,0.8612487294117648,0.9719994752968885
eighth_synthetic,CHEMBL1913,35802,5,0.3,4.0,45,45,0,17,13,4,14,14,0.8389218529411765,0.965728034740798
eighth_synthetic,CHEMBL1913,35802,5,0.3,6.0,45,45,0,17,12,5,14,14,0.8576742882352941,0.9719179330347276
eighth_synthetic,CHEMBL1913,35802,6,0.2,4.0,46,46,0,18,14,4,15,15,0.8414138200000001,0.9626429436613222
eighth_synthetic,CHEMBL1913,35802,6,0.2,6.0,46,46,0,18,14,4,15,15,0.8414138200000001,0.9701596068192
eighth_synthetic,CHEMBL1913,35802,6,0.3,4.0,45,47,2,17,13,4,15,13,0.8630028417647059,0.9739335629294404
eighth_synthetic,CHEMBL1913,35802,6,0.3,6.0,45,47,2,17,12,5,15,13,0.8612487294117648,0.9784578705155598
eighth_synthetic,CHEMBL1913,35802,7,0.2,4.0,46,46,0,16,13,3,14,14,0.855376413125,0.9714533311008836
eighth_synthetic,CHEMBL1913,35802,7,0.2,6.0,46,46,0,16,12,4,14,14,0.85600655,0.9740426668253734
eighth_synthetic,CHEMBL1913,35802,7,0.3,4.0,46,46,0,16,13,3,13,13,0.8451156332444727,0.9751567194737591
eighth_synthetic,CHEMBL1913,35802,7,0.3,6.0,45,46,1,16,12,4,14,13,0.8592105593749999,0.9775133637529441
eighth_synthetic,CHEMBL1913,35802,8,0.2,4.0,46,45,-1,16,12,4,13,14,0.83577875625,0.9683137705109907
eighth_synthetic,CHEMBL1913,35802,8,0.2,6.0,46,45,-1,17,11,6,13,14,0.8634440332504849,0.9719617851907207
eighth_synthetic,CHEMBL1913,35802,8,0.3,4.0,46,46,0,17,14,3,14,14,0.8571633771623965,0.969031023178962
eighth_synthetic,CHEMBL1913,35802,8,0.3,6.0,45,47,2,18,14,4,16,14,0.8593940811111112,0.9754131250204323
eighth_synthetic,CHEMBL1913,35802,9,0.2,4.0,46,47,1,17,13,4,15,14,0.8630028417647059,0.9688742025333388
eighth_synthetic,CHEMBL1913,35802,9,0.2,6.0,46,47,1,17,13,4,15,14,0.8576401211764706,0.9749547821603322
eighth_synthetic,CHEMBL1913,35802,9,0.3,4.0,46,45,-1,16,13,3,13,14,0.8477455973460387,0.9703752424593317
eighth_synthetic,CHEMBL1913,35802,9,0.3,6.0,45,47,2,17,12,5,15,13,0.8612487294117648,0.976864179088543
eighth_synthetic,CHEMBL1914,35802,0,0.2,4.0,42,47,5,15,14,1,13,8,0.9147535406666665,0.9801596271295473
eighth_synthetic,CHEMBL1914,35802,0,0.2,6.0,40,45,5,17,15,2,14,9,0.9156623309937449,0.9892271997470035
eighth_synthetic,CHEMBL1914,35802,0,0.3,4.0,43,47,4,14,13,1,12,8,0.9125180078571427,0.9758375521207635
eighth_synthetic,CHEMBL1914,35802,0,0.3,6.0,39,46,7,17,16,1,15,8,0.9157899182352942,0.9885288052279226
eighth_synthetic,CHEMBL1914,35802,1,0.2,4.0,45,46,1,11,11,0,10,9,0.906321369090909,0.9783338475735978
eighth_synthetic,CHEMBL1914,35802,1,0.2,6.0,40,47,7,16,15,1,14,7,0.913390550625,0.9845524411064429
eighth_synthetic,CHEMBL1914,35802,1,0.3,4.0,42,46,4,15,15,0,12,8,0.9133857381397102,0.9769984906163952
eighth_synthetic,CHEMBL1914,35802,1,0.3,6.0,36,45,9,21,20,1,18,9,0.9236205190476192,0.9877601289891684
eighth_synthetic,CHEMBL1914,35802,2,0.2,4.0,43,47,4,13,12,1,12,8,0.91002947,0.98647223862049
eighth_synthetic,CHEMBL1914,35802,2,0.2,6.0,40,45,5,17,15,2,14,9,0.9164327097281839,0.9886976535636913
eighth_synthetic,CHEMBL1914,35802,2,0.3,4.0,44,47,3,13,12,1,12,9,0.91002947,0.9723646585068291
eighth_synthetic,CHEMBL1914,35802,2,0.3,6.0,38,45,7,19,18,1,15,8,0.9252697607265574,0.9848836829946861
eighth_synthetic,CHEMBL1914,35802,3,0.2,4.0,44,47,3,13,12,1,12,9,0.91002947,0.972775333187341
eighth_synthetic,CHEMBL1914,35802,3,0.2,6.0,40,46,6,16,15,1,13,7,0.9189372735558541,0.9830118670755551
eighth_synthetic,CHEMBL1914,35802,3,0.3,4.0,40,46,6,15,15,0,13,7,0.9167323706666665,0.9868240669901446
eighth_synthetic,CHEMBL1914,35802,3,0.3,6.0,35,46,11,23,21,2,19,8,0.9272157589295275,0.9895997818719471
eighth_synthetic,CHEMBL1914,35802,4,0.2,4.0,43,46,3,12,12,0,11,8,0.909204055,0.9806593278628547
eighth_synthetic,CHEMBL1914,35802,4,0.2,6.0,40,46,6,17,15,2,14,8,0.9164291061061526,0.9874719939948808
eighth_synthetic,CHEMBL1914,35802,4,0.3,4.0,41,46,5,14,14,0,12,7,0.9143834757142856,0.9849799769676177
eighth_synthetic,CHEMBL1914,35802,4,0.3,6.0,37,47,10,20,19,1,17,7,0.9217407880000001,0.98955318345695
eighth_synthetic,CHEMBL1914,35802,5,0.2,4.0,43,47,4,14,13,1,12,8,0.9125180078571427,0.981794629669521
eighth_synthetic,CHEMBL1914,35802,5,0.2,6.0,40,46,6,16,16,0,13,7,0.9189372735558541,0.9899148909605568
eighth_synthetic,CHEMBL1914,35802,5,0.3,4.0,43,47,4,14,13,1,12,8,0.9125180078571427,0.9793373922490872
eighth_synthetic,CHEMBL1914,35802,5,0.3,6.0,36,47,11,21,20,1,18,7,0.9236205190476192,0.987419334979021
eighth_synthetic,CHEMBL1914,35802,6,0.2,4.0,43,47,4,14,13,1,12,8,0.9125180078571427,0.9804846045295922
eighth_synthetic,CHEMBL1914,35802,6,0.2,6.0,40,47,7,16,15,1,14,7,0.913390550625,0.9892132864016431
eighth_synthetic,CHEMBL1914,35802,6,0.3,4.0,42,46,4,14,14,0,12,8,0.9143834757142856,0.9810290592359399
eighth_synthetic,CHEMBL1914,35802,6,0.3,6.0,37,46,9,19,19,0,16,7,0.9248185531578947,0.9885632389998585
eighth_synthetic,CHEMBL1914,35802,7,0.2,4.0,44,46,2,12,12,0,11,9,0.909204055,0.9808062959131191
eighth_synthetic,CHEMBL1914,35802,7,0.2,6.0,40,45,5,17,15,2,14,9,0.9164327097281839,0.987076719879811
eighth_synthetic,CHEMBL1914,35802,7,0.3,4.0,42,46,4,14,14,0,12,8,0.9143834757142856,0.9777961584831611
eighth_synthetic,CHEMBL1914,35802,7,0.3,6.0,37,47,10,20,19,1,17,7,0.9217407880000001,0.988547781104247
eighth_synthetic,CHEMBL1914,35802,8,0.2,4.0,43,47,4,14,13,1,12,8,0.9125180078571427,0.9774352268666954
eighth_synthetic,CHEMBL1914,35802,8,0.2,6.0,39,46,7,17,16,1,15,8,0.9157899182352942,0.9894887276922245
eighth_synthetic,CHEMBL1914,35802,8,0.3,4.0,41,47,6,15,14,1,13,7,0.9147535406666665,0.986924291226529
eighth_synthetic,CHEMBL1914,35802,8,0.3,6.0,37,46,9,20,19,1,17,8,0.9217407880000001,0.990409090886265
eighth_synthetic,CHEMBL1914,35802,9,0.2,4.0,42,46,4,14,14,0,12,8,0.9143834757142856,0.9819680365093841
eighth_synthetic,CHEMBL1914,35802,9,0.2,6.0,39,47,8,17,16,1,15,7,0.9157899182352942,0.9905647443386838
eighth_synthetic,CHEMBL1914,35802,9,0.3,4.0,42,46,4,14,14,0,12,8,0.9143834757142856,0.9813728244171801
eighth_synthetic,CHEMBL1914,35802,9,0.3,6.0,38,46,8,19,18,1,16,8,0.9199127742105261,0.9882781152748379
eighth_synthetic,CHEMBL1936,35802,0,0.2,4.0,47,48,1,9,2,7,7,6,0.8931859921481471,0.9548988855818893
eighth_synthetic,CHEMBL1936,35802,0,0.2,6.0,47,47,0,9,1,8,6,6,0.9235219144913039,0.9683811839546461
eighth_synthetic,CHEMBL1936,35802,0,0.3,4.0,46,47,1,10,2,8,7,6,0.8897581985148559,0.9548996761249186
eighth_synthetic,CHEMBL1936,35802,0,0.3,6.0,46,46,0,11,2,9,7,7,0.9256899911552526,0.9631331901653738
eighth_synthetic,CHEMBL1936,35802,1,0.2,4.0,47,47,0,9,1,8,6,6,0.9135706380499631,0.9591646948025604
eighth_synthetic,CHEMBL1936,35802,1,0.2,6.0,47,48,1,9,1,8,7,6,0.888291464409224,0.9689884562110473
eighth_synthetic,CHEMBL1936,35802,1,0.3,4.0,46,46,0,9,2,7,7,7,0.903551893952383,0.9466930619161583
eighth_synthetic,CHEMBL1936,35802,1,0.3,6.0,46,46,0,9,2,7,7,7,0.9134941067152028,0.9562824015053051
eighth_synthetic,CHEMBL1936,35802,2,0.2,4.0,47,48,1,9,2,7,7,6,0.9023491304687151,0.9644269074536326
eighth_synthetic,CHEMBL1936,35802,2,0.2,6.0,47,48,1,9,1,8,7,6,0.8873328335043236,0.9697866322597021
eighth_synthetic,CHEMBL1936,35802,2,0.3,4.0,46,46,0,11,2,9,7,7,0.9068251509679057,0.947285189842609
eighth_synthetic,CHEMBL1936,35802,2,0.3,6.0,46,47,1,10,2,8,8,7,0.8867495147011837,0.9594346521637371
eighth_synthetic,CHEMBL1936,35802,3,0.2,4.0,47,47,0,9,1,8,6,6,0.8966263129652741,0.9627045242209653
eighth_synthetic,CHEMBL1936,35802,3,0.2,6.0,47,47,0,9,1,8,6,6,0.9243238218146926,0.9695459832435266
eighth_synthetic,CHEMBL1936,35802,3,0.3,4.0,46,46,0,10,2,8,7,7,0.9031521161895236,0.9553955542932829
eighth_synthetic,CHEMBL1936,35802,3,0.3,6.0,46,47,1,9,2,7,8,7,0.8758914613651159,0.9571377422906274
eighth_synthetic,CHEMBL1936,35802,4,0.2,4.0,47,49,2,8,2,6,8,6,0.8820268899999999,0.9614250823562982
eighth_synthetic,CHEMBL1936,35802,4,0.2,6.0,47,48,1,8,1,7,7,6,0.8954019668113353,0.966207016962626
eighth_synthetic,CHEMBL1936,35802,4,0.3,4.0,46,46,0,10,2,8,7,7,0.897408911080594,0.9477810490173416
eighth_synthetic,CHEMBL1936,35802,4,0.3,6.0,46,46,0,10,2,8,7,7,0.9205007521969059,0.9600615167738373
eighth_synthetic,CHEMBL1936,35802,5,0.2,4.0,47,47,0,9,1,8,6,6,0.8902715172387288,0.9545306570581314
eighth_synthetic,CHEMBL1936,35802,5,0.2,6.0,47,47,0,9,1,8,6,6,0.9231757286907885,0.9683273842302912
eighth_synthetic,CHEMBL1936,35802,5,0.3,4.0,46,47,1,10,2,8,7,6,0.904477269738695,0.9626756704481613
eighth_synthetic,CHEMBL1936,35802,5,0.3,6.0,46,47,1,11,2,9,8,7,0.8971305512522444,0.9641824822840093
eighth_synthetic,CHEMBL1936,35802,6,0.2,4.0,47,47,0,9,1,8,6,6,0.9044045402251023,0.9502157222677616
eighth_synthetic,CHEMBL1936,35802,6,0.2,6.0,47,48,1,9,1,8,7,6,0.8869285352235373,0.9676624201819303
eighth_synthetic,CHEMBL1936,35802,6,0.3,4.0,46,47,1,10,2,8,7,6,0.904477269738695,0.9626756704481613
eighth_synthetic,CHEMBL1936,35802,6,0.3,6.0,46,47,1,11,2,9,8,7,0.8971305512522444,0.9641824822840093
eighth_synthetic,CHEMBL1936,35802,7,0.2,4.0,47,48,1,9,2,7,7,6,0.8995407878746927,0.9630727527447234
eighth_synthetic,CHEMBL1936,35802,7,0.2,6.0,47,47,0,9,1,8,6,6,0.9246700076152082,0.9695997829678815
eighth_synthetic,CHEMBL1936,35802,7,0.3,4.0,46,46,0,11,2,9,7,7,0.9039635667405843,0.9586080683682267
eighth_synthetic,CHEMBL1936,35802,7,0.3,6.0,46,47,1,11,2,9,8,7,0.896778277848385,0.9646012694163716
eighth_synthetic,CHEMBL1936,35802,8,0.2,4.0,47,47,0,8,1,7,6,6,0.9129994051964647,0.9642036332179289
eighth_synthetic,CHEMBL1936,35802,8,0.2,6.0,47,48,1,8,1,7,7,6,0.8760841721247452,0.9666048718937891
eighth_synthetic,CHEMBL1936,35802,8,0.3,4.0,46,47,1,11,2,9,8,7,0.8883191783564637,0.9516476802681928
eighth_synthetic,CHEMBL1936,35802,8,0.3,6.0,46,47,1,11,2,9,8,7,0.9114361424920926,0.9635709642318141
eighth_synthetic,CHEMBL1936,35802,9,0.2,4.0,47,48,1,9,2,7,7,6,0.897553488756981,0.9598632620852765
eighth_synthetic,CHEMBL1936,35802,9,0.2,6.0,47,47,0,9,1,8,6,6,0.9249692142589699,0.9691415693198544
eighth_synthetic,CHEMBL1936,35802,9,0.3,4.0,46,46,0,10,2,8,7,7,0.904477269738695,0.9553920596755612
eighth_synthetic,CHEMBL1936,35802,9,0.3,6.0,46,47,1,10,2,8,8,7,0.8879566049284005,0.961187341137761
eighth_synthetic,CHEMBL1937,35802,0,0.2,4.0,39,41,2,13,9,4,9,7,0.8479009005934544,0.9519125636475804
eighth_synthetic,CHEMBL1937,35802,0,0.2,6.0,38,41,3,13,10,3,10,7,0.8377896623076923,0.9651609347220396
eighth_synthetic,CHEMBL1937,35802,0,0.3,4.0,36,44,8,17,14,3,14,6,0.8297642564705882,0.9632639975867472
eighth_synthetic,CHEMBL1937,35802,0,0.3,6.0,36,42,6,17,12,5,13,7,0.8408165853624808,0.9798204645381925
eighth_synthetic,CHEMBL1937,35802,1,0.2,4.0,38,41,3,13,10,3,10,7,0.8377896623076923,0.9434925524927702
eighth_synthetic,CHEMBL1937,35802,1,0.2,6.0,38,42,4,16,10,6,11,7,0.8147401183403282,0.9621836809634934
eighth_synthetic,CHEMBL1937,35802,1,0.3,4.0,38,41,3,12,9,3,9,6,0.8367667974999998,0.9464778329400061
eighth_synthetic,CHEMBL1937,35802,1,0.3,6.0,35,40,5,15,12,3,11,6,0.8378186819279559,0.9682019283325023
eighth_synthetic,CHEMBL1937,35802,2,0.2,4.0,39,41,2,13,9,4,9,7,0.8288236338461537,0.9434925524927702
eighth_synthetic,CHEMBL1937,35802,2,0.2,6.0,38,42,4,14,10,4,11,7,0.7911421492857142,0.9575567402648556
eighth_synthetic,CHEMBL1937,35802,2,0.3,4.0,36,39,3,14,11,3,10,7,0.8442094676939219,0.9546686978501004
eighth_synthetic,CHEMBL1937,35802,2,0.3,6.0,35,41,6,16,12,4,13,7,0.78758034,0.971544343186888
eighth_synthetic,CHEMBL1937,35802,3,0.2,4.0,41,42,1,13,8,5,9,8,0.8188373761538461,0.9345590492434788
eighth_synthetic,CHEMBL1937,35802,3,0.2,6.0,38,40,2,12,10,2,9,7,0.8252839841666666,0.9517975079268717
eighth_synthetic,CHEMBL1937,35802,3,0.3,4.0,35,41,6,16,12,4,12,6,0.8485512904821816,0.9482020585931876
eighth_synthetic,CHEMBL1937,35802,3,0.3,6.0,35,41,6,17,12,5,12,6,0.856186018437956,0.9738021392656983
eighth_synthetic,CHEMBL1937,35802,4,0.2,4.0,40,42,2,13,8,5,9,7,0.8188373761538461,0.9481970747755365
eighth_synthetic,CHEMBL1937,35802,4,0.2,6.0,38,42,4,14,9,5,10,6,0.8371694527799527,0.9610428057631512
eighth_synthetic,CHEMBL1937,35802,4,0.3,4.0,35,42,7,16,13,3,13,6,0.83078299125,0.9679906346925691
eighth_synthetic,CHEMBL1937,35802,4,0.3,6.0,35,42,7,17,12,5,13,6,0.8094505060166517,0.983265747209245
eighth_synthetic,CHEMBL1937,35802,5,0.2,4.0,38,41,3,13,9,4,9,6,0.8288236338461537,0.9520564021913848
eighth_synthetic,CHEMBL1937,35802,5,0.2,6.0,38,43,5,14,9,5,11,6,0.7818049499999998,0.9619786887694047
eighth_synthetic,CHEMBL1937,35802,5,0.3,4.0,35,41,6,16,12,4,12,6,0.8485512904821816,0.9653359916847134
eighth_synthetic,CHEMBL1937,35802,5,0.3,6.0,35,42,7,17,12,5,13,6,0.8470679824213043,0.983260528400326
eighth_synthetic,CHEMBL1937,35802,6,0.2,4.0,38,41,3,12,9,3,9,6,0.8367667974999998,0.9477566198323671
eighth_synthetic,CHEMBL1937,35802,6,0.2,6.0,38,42,4,13,9,4,10,6,0.7866096961538461,0.9589977314605586
eighth_synthetic,CHEMBL1937,35802,6,0.3,4.0,36,41,5,15,11,4,11,6,0.8316667453333333,0.9523999713929834
eighth_synthetic,CHEMBL1937,35802,6,0.3,6.0,35,42,7,16,12,4,13,6,0.7987521868749999,0.9733281417958562
eighth_synthetic,CHEMBL1937,35802,7,0.2,4.0,40,42,2,12,8,4,9,7,0.8259483516666667,0.9557781253425647
eighth_synthetic,CHEMBL1937,35802,7,0.2,6.0,39,42,3,15,9,6,10,7,0.8466400353387676,0.9616691925318185
eighth_synthetic,CHEMBL1937,35802,7,0.3,4.0,34,41,7,17,13,4,13,6,0.8346242047058823,0.9485840193012689
eighth_synthetic,CHEMBL1937,35802,7,0.3,6.0,34,43,9,18,13,5,15,6,0.7977318633333332,0.9687954295275212
eighth_synthetic,CHEMBL1937,35802,8,0.2,4.0,40,41,1,14,10,4,9,8,0.8284737466571007,0.9329144389665867
eighth_synthetic,CHEMBL1937,35802,8,0.2,6.0,38,41,3,14,10,4,10,7,0.8458752362814747,0.954606703473148
eighth_synthetic,CHEMBL1937,35802,8,0.3,4.0,37,42,5,15,12,3,11,6,0.8208460388602243,0.9691706398064179
eighth_synthetic,CHEMBL1937,35802,8,0.3,6.0,36,42,6,16,11,5,12,6,0.7880433211212903,0.9810540873887394
eighth_synthetic,CHEMBL1937,35802,9,0.2,4.0,38,41,3,12,9,3,9,6,0.8367667974999998,0.9560260697572783
eighth_synthetic,CHEMBL1937,35802,9,0.2,6.0,38,41,3,12,9,3,9,6,0.8367667974999998,0.9675152485038646
eighth_synthetic,CHEMBL1937,35802,9,0.3,4.0,35,41,6,15,12,3,12,6,0.8396873673333334,0.9385403955501936
eighth_synthetic,CHEMBL1937,35802,9,0.3,6.0,34,41,7,15,11,4,13,6,0.7892431526666666,0.9627290140277059
eighth_synthetic,CHEMBL1941,35802,0,0.2,4.0,23,21,-2,10,5,5,3,5,0.19257379028055213,0.2920866156590666
eighth_synthetic,CHEMBL1941,35802,0,0.2,6.0,23,21,-2,9,5,4,3,5,0.2098927109111111,0.3167312506444444
eighth_synthetic,CHEMBL1941,35802,0,0.3,4.0,23,21,-2,11,6,5,3,5,0.17752112139251564,0.2713563825864212
eighth_synthetic,CHEMBL1941,35802,0,0.3,6.0,23,21,-2,11,6,5,3,5,0.2110058401966592,0.3075493741338537
eighth_synthetic,CHEMBL1941,35802,1,0.2,4.0,23,21,-2,10,5,5,3,5,0.19257379028055213,0.2920866156590666
eighth_synthetic,CHEMBL1941,35802,1,0.2,6.0,23,21,-2,9,5,4,3,5,0.2098927109111111,0.3167312506444444
eighth_synthetic,CHEMBL1941,35802,1,0.3,4.0,23,21,-2,11,5,6,3,5,0.1807452054293812,0.27761137357648163
eighth_synthetic,CHEMBL1941,35802,1,0.3,6.0,23,21,-2,10,5,5,3,5,0.23198256619632515,0.3381563115572391
eighth_synthetic,CHEMBL1941,35802,2,0.2,4.0,23,21,-2,10,5,5,3,5,0.19257379028055213,0.2920866156590666
eighth_synthetic,CHEMBL1941,35802,2,0.2,6.0,23,21,-2,9,5,4,3,5,0.2098927109111111,0.3167312506444444
eighth_synthetic,CHEMBL1941,35802,2,0.3,4.0,23,21,-2,11,5,6,3,5,0.1807452054293812,0.27761137357648163
eighth_synthetic,CHEMBL1941,35802,2,0.3,6.0,23,21,-2,10,5,5,3,5,0.23198256619632515,0.3381563115572391
eighth_synthetic,CHEMBL1941,35802,3,0.2,4.0,23,21,-2,10,5,5,3,5,0.19257379028055213,0.2920866156590666
eighth_synthetic,CHEMBL1941,35802,3,0.2,6.0,23,21,-2,9,5,4,3,5,0.2098927109111111,0.3167312506444444
eighth_synthetic,CHEMBL1941,35802,3,0.3,4.0,23,21,-2,11,5,6,3,5,0.1807452054293812,0.27761137357648163
eighth_synthetic,CHEMBL1941,35802,3,0.3,6.0,23,21,-2,10,5,5,3,5,0.23198256619632515,0.3381563115572391
eighth_synthetic,CHEMBL1941,35802,4,0.2,4.0,23,21,-2,11,6,5,3,5,0.17752112139251564,0.2713563825864212
eighth_synthetic,CHEMBL1941,35802,4,0.2,6.0,23,21,-2,11,6,5,3,5,0.2110058401966592,0.3075493741338537
eighth_synthetic,CHEMBL1941,35802,4,0.3,4.0,23,21,-2,10,5,5,3,5,0.19257379028055213,0.2920866156590666
eighth_synthetic,CHEMBL1941,35802,4,0.3,6.0,23,21,-2,9,5,4,3,5,0.2098927109111111,0.3167312506444444
eighth_synthetic,CHEMBL1941,35802,5,0.2,4.0,23,21,-2,10,5,5,3,5,0.19257379028055213,0.2920866156590666
eighth_synthetic,CHEMBL1941,35802,5,0.2,6.0,23,21,-2,9,5,4,3,5,0.2098927109111111,0.3167312506444444
eighth_synthetic,CHEMBL1941,35802,5,0.3,4.0,23,21,-2,11,5,6,3,5,0.1807452054293812,0.27761137357648163
eighth_synthetic,CHEMBL1941,35802,5,0.3,6.0,23,21,-2,10,5,5,3,5,0.23198256619632515,0.3381563115572391
eighth_synthetic,CHEMBL1941,35802,6,0.2,4.0,23,21,-2,10,5,5,3,5,0.19257379028055213,0.2920866156590666
eighth_synthetic,CHEMBL1941,35802,6,0.2,6.0,23,21,-2,9,5,4,3,5,0.2098927109111111,0.3167312506444444
eighth_synthetic,CHEMBL1941,35802,6,0.3,4.0,23,21,-2,11,5,6,3,5,0.1807452054293812,0.27761137357648163
eighth_synthetic,CHEMBL1941,35802,6,0.3,6.0,23,21,-2,10,5,5,3,5,0.23198256619632515,0.3381563115572391
eighth_synthetic,CHEMBL1941,35802,7,0.2,4.0,23,21,-2,10,6,4,3,5,0.18902729784,0.28520612556999997
eighth_synthetic,CHEMBL1941,35802,7,0.2,6.0,23,21,-2,10,6,4,3,5,0.18902729784,0.28520612556999997
eighth_synthetic,CHEMBL1941,35802,7,0.3,4.0,23,21,-2,10,5,5,3,5,0.19257379028055213,0.2920866156590666
eighth_synthetic,CHEMBL1941,35802,7,0.3,6.0,23,21,-2,9,5,4,3,5,0.2098927109111111,0.3167312506444444
eighth_synthetic,CHEMBL1941,35802,8,0.2,4.0,23,21,-2,10,5,5,3,5,0.19257379028055213,0.2920866156590666
eighth_synthetic,CHEMBL1941,35802,8,0.2,6.0,23,21,-2,9,5,4,3,5,0.2098927109111111,0.3167312506444444
eighth_synthetic,CHEMBL1941,35802,8,0.3,4.0,23,21,-2,10,5,5,3,5,0.19257379028055213,0.2920866156590666
eighth_synthetic,CHEMBL1941,35802,8,0.3,6.0,23,21,-2,9,5,4,3,5,0.2098927109111111,0.3167312506444444
eighth_synthetic,CHEMBL1941,35802,9,0.2,4.0,23,21,-2,10,5,5,3,5,0.19257379028055213,0.2920866156590666
eighth_synthetic,CHEMBL1941,35802,9,0.2,6.0,23,21,-2,9,5,4,3,5,0.2098927109111111,0.3167312506444444
eighth_synthetic,CHEMBL1941,35802,9,0.3,4.0,23,21,-2,11,5,6,3,5,0.1807452054293812,0.27761137357648163
eighth_synthetic,CHEMBL1941,35802,9,0.3,6.0,23,21,-2,10,5,5,3,5,0.23198256619632515,0.3381563115572391
eighth_synthetic,CHEMBL1942,35802,0,0.2,4.0,22,22,0,8,1,7,3,3,0.5411375130184536,0.6472634364073975
eighth_synthetic,CHEMBL1942,35802,0,0.2,6.0,22,22,0,8,1,7,3,3,0.5783737104835378,0.6822504727534552
eighth_synthetic,CHEMBL1942,35802,0,0.3,4.0,22,22,0,9,1,8,3,3,0.5754409266340672,0.6428256882629094
eighth_synthetic,CHEMBL1942,35802,0,0.3,6.0,22,22,0,9,1,8,3,3,0.587007902829788,0.6522772084244041
eighth_synthetic,CHEMBL1942,35802,1,0.2,4.0,22,22,0,8,1,7,3,3,0.4426312990573822,0.5180466077777885
eighth_synthetic,CHEMBL1942,35802,1,0.2,6.0,22,22,0,8,1,7,3,3,0.4451788051667988,0.5189871362751151
eighth_synthetic,CHEMBL1942,35802,1,0.3,4.0,22,22,0,7,1,6,3,3,0.6015098696337983,0.6840110841599435
eighth_synthetic,CHEMBL1942,35802,1,0.3,6.0,22,22,0,8,1,7,3,3,0.6437630978240583,0.7225174061021682
eighth_synthetic,CHEMBL1942,35802,2,0.2,4.0,22,22,0,9,1,8,3,3,0.49911050874767493,0.5666644464965431
eighth_synthetic,CHEMBL1942,35802,2,0.2,6.0,22,22,0,9,1,8,3,3,0.506055264490386,0.5715381178083991
eighth_synthetic,CHEMBL1942,35802,2,0.3,4.0,22,22,0,7,1,6,3,3,0.595775390518451,0.6812243332263129
eighth_synthetic,CHEMBL1942,35802,2,0.3,6.0,22,22,0,8,1,7,3,3,0.6655816300439414,0.7447658754696123
eighth_synthetic,CHEMBL1942,35802,3,0.2,4.0,22,22,0,7,1,6,3,3,0.5033707609227226,0.5860894876031867
eighth_synthetic,CHEMBL1942,35802,3,0.2,6.0,22,22,0,8,1,7,3,3,0.5526913796922309,0.6316859291591627
eighth_synthetic,CHEMBL1942,35802,3,0.3,4.0,22,22,0,8,1,7,3,3,0.5702043945222581,0.6770910721691983
eighth_synthetic,CHEMBL1942,35802,3,0.3,6.0,22,22,0,9,1,8,3,3,0.6388326372250169,0.7366651365728097
eighth_synthetic,CHEMBL1942,35802,4,0.2,4.0,22,22,0,8,1,7,3,3,0.4426312990573822,0.5180466077777885
eighth_synthetic,CHEMBL1942,35802,4,0.2,6.0,22,22,0,8,1,7,3,3,0.4451788051667988,0.5189871362751151
eighth_synthetic,CHEMBL1942,35802,4,0.3,4.0,22,22,0,9,1,8,3,3,0.5103411699377907,0.6058326721787183
eighth_synthetic,CHEMBL1942,35802,4,0.3,6.0,22,22,0,9,1,8,3,3,0.5434980975436409,0.6363920571731411
eighth_synthetic,CHEMBL1942,35802,5,0.2,4.0,22,22,0,7,1,6,3,3,0.4254055528571429,0.5413137892857144
eighth_synthetic,CHEMBL1942,35802,5,0.2,6.0,22,22,0,8,1,7,3,3,0.4819243165254321,0.5915666646340476
eighth_synthetic,CHEMBL1942,35802,5,0.3,4.0,22,22,0,8,1,7,3,3,0.5752220637481871,0.679529479236125
eighth_synthetic,CHEMBL1942,35802,5,0.3,6.0,22,22,0,9,1,8,3,3,0.6194383863628984,0.7168887193573039
eighth_synthetic,CHEMBL1942,35802,6,0.2,4.0,22,22,0,8,1,7,3,3,0.45526579289626234,0.5618464505452354
eighth_synthetic,CHEMBL1942,35802,6,0.2,6.0,22,22,0,8,1,7,3,3,0.48730199235171057,0.5916834069354497
eighth_synthetic,CHEMBL1942,35802,6,0.3,4.0,22,22,0,8,1,7,3,3,0.5752220637481871,0.679529479236125
eighth_synthetic,CHEMBL1942,35802,6,0.3,6.0,22,22,0,9,1,8,3,3,0.6194383863628984,0.7168887193573039
eighth_synthetic,CHEMBL1942,35802,7,0.2,4.0,22,22,0,8,1,7,3,3,0.4426312990573822,0.5180466077777885
eighth_synthetic,CHEMBL1942,35802,7,0.2,6.0,22,22,0,8,1,7,3,3,0.4451788051667988,0.5189871362751151
eighth_synthetic,CHEMBL1942,35802,7,0.3,4.0,22,22,0,8,1,7,3,3,0.6093570700758358,0.686706583560186
eighth_synthetic,CHEMBL1942,35802,7,0.3,6.0,22,22,0,8,1,7,3,3,0.6491407736503367,0.7226341484035702
eighth_synthetic,CHEMBL1942,35802,8,0.2,4.0,22,22,0,10,1,9,3,3,0.48832020012779837,0.5748138263238284
eighth_synthetic,CHEMBL1942,35802,8,0.2,6.0,22,22,0,10,1,9,3,3,0.4979338075087093,0.581570228567398
eighth_synthetic,CHEMBL1942,35802,8,0.3,4.0,22,22,0,10,1,9,3,3,0.5570175762255514,0.643358943913558
eighth_synthetic,CHEMBL1942,35802,8,0.3,6.0,22,22,0,10,1,9,3,3,0.5707911820141711,0.6542354101218024
eighth_synthetic,CHEMBL1942,35802,9,0.2,4.0,22,22,0,8,1,7,3,3,0.4910978820337521,0.5931004601558225
eighth_synthetic,CHEMBL1942,35802,9,0.2,6.0,22,22,0,9,1,8,3,3,0.5387179412536156,0.6360532541274502
eighth_synthetic,CHEMBL1942,35802,9,0.3,4.0,22,22,0,8,1,7,3,3,0.6093570700758358,0.686706583560186
eighth_synthetic,CHEMBL1942,35802,9,0.3,6.0,22,22,0,8,1,7,3,3,0.6491407736503367,0.7226341484035702
eighth_synthetic,CHEMBL1951,35802,0,0.2,4.0,14,18,4,21,7,14,7,3,0.4884821105920449,0.7819541788008951
eighth_synthetic,CHEMBL1951,35802,0,0.2,6.0,14,18,4,21,10,11,7,3,0.4611660518958382,0.8437120214775016
eighth_synthetic,CHEMBL1951,35802,0,0.3,4.0,12,17,5,26,9,17,8,3,0.51228604325063,0.8224263093179961
eighth_synthetic,CHEMBL1951,35802,0,0.3,6.0,12,17,5,25,15,10,8,3,0.4302282524182904,0.8938578291856514
eighth_synthetic,CHEMBL1951,35802,1,0.2,4.0,15,18,3,20,8,12,8,5,0.46264440588657507,0.8037955841771686
eighth_synthetic,CHEMBL1951,35802,1,0.2,6.0,15,18,3,20,12,8,8,5,0.407323639,0.8634347281185011
eighth_synthetic,CHEMBL1951,35802,1,0.3,4.0,14,17,3,22,10,12,7,4,0.4596854416136402,0.8056701307761677
eighth_synthetic,CHEMBL1951,35802,1,0.3,6.0,14,18,4,25,16,9,8,4,0.4098690556,0.8541040643113944
eighth_synthetic,CHEMBL1951,35802,2,0.2,4.0,15,17,2,22,9,13,7,5,0.49787302252208837,0.8026860428121151
eighth_synthetic,CHEMBL1951,35802,2,0.2,6.0,15,17,2,21,13,8,7,5,0.40361668142857143,0.8750696205640313
eighth_synthetic,CHEMBL1951,35802,2,0.3,4.0,12,18,6,23,8,15,8,2,0.4693753163557698,0.8216010547328905
eighth_synthetic,CHEMBL1951,35802,2,0.3,6.0,12,18,6,23,12,11,8,2,0.43490392775786224,0.8969699479943505
eighth_synthetic,CHEMBL1951,35802,3,0.2,4.0,15,18,3,24,8,16,8,5,0.4916870040546586,0.7469114949868016
eighth_synthetic,CHEMBL1951,35802,3,0.2,6.0,15,18,3,21,11,10,8,5,0.42398458000000006,0.8220775439779916
eighth_synthetic,CHEMBL1951,35802,3,0.3,4.0,13,17,4,27,10,17,8,4,0.5330586501085007,0.7966428023146462
eighth_synthetic,CHEMBL1951,35802,3,0.3,6.0,13,17,4,25,16,9,8,4,0.42642324433723316,0.8922656853971509
eighth_synthetic,CHEMBL1951,35802,4,0.2,4.0,14,17,3,21,9,12,6,3,0.45467462970370914,0.8136856695874344
eighth_synthetic,CHEMBL1951,35802,4,0.2,6.0,14,17,3,20,12,8,6,3,0.399820952,0.864683637773284
eighth_synthetic,CHEMBL1951,35802,4,0.3,4.0,13,17,4,23,9,14,7,3,0.4951946618730939,0.8342705400752081
eighth_synthetic,CHEMBL1951,35802,4,0.3,6.0,13,17,4,23,14,9,7,3,0.41535484558394914,0.9149670863640403
eighth_synthetic,CHEMBL1951,35802,5,0.2,4.0,14,17,3,20,5,15,6,3,0.5431973498469792,0.7798655777116683
eighth_synthetic,CHEMBL1951,35802,5,0.2,6.0,14,17,3,18,9,9,6,3,0.4341969888888889,0.8414948634725548
eighth_synthetic,CHEMBL1951,35802,5,0.3,4.0,13,19,6,23,9,14,8,2,0.48212708947610716,0.9014613689680907
eighth_synthetic,CHEMBL1951,35802,5,0.3,6.0,13,19,6,22,13,9,8,2,0.4174990622014014,0.9642741261418615
eighth_synthetic,CHEMBL1951,35802,6,0.2,4.0,15,18,3,19,10,9,7,4,0.4259330344225873,0.7863399716624406
eighth_synthetic,CHEMBL1951,35802,6,0.2,6.0,15,18,3,21,14,7,7,4,0.39703182000000004,0.8490441747793847
eighth_synthetic,CHEMBL1951,35802,6,0.3,4.0,12,18,6,21,8,13,8,2,0.47745480528854406,0.8295464241628943
eighth_synthetic,CHEMBL1951,35802,6,0.3,6.0,12,18,6,24,14,10,8,2,0.4131783199346179,0.8990733648698256
eighth_synthetic,CHEMBL1951,35802,7,0.2,4.0,15,18,3,19,9,10,7,4,0.42693566022130536,0.8213793021300615
eighth_synthetic,CHEMBL1951,35802,7,0.2,6.0,15,18,3,20,11,9,7,4,0.43047199342154147,0.8572111126182935
eighth_synthetic,CHEMBL1951,35802,7,0.3,4.0,13,18,5,24,9,15,8,3,0.47935284960318797,0.790097517931098
eighth_synthetic,CHEMBL1951,35802,7,0.3,6.0,13,18,5,25,13,12,8,3,0.4729517429080577,0.8770153630247353
eighth_synthetic,CHEMBL1951,35802,8,0.2,4.0,15,16,1,24,11,13,6,5,0.4832451230958701,0.7880474661135458
eighth_synthetic,CHEMBL1951,35802,8,0.2,6.0,15,16,1,22,14,8,6,5,0.39031401545454547,0.8534238587732367
eighth_synthetic,CHEMBL1951,35802,8,0.3,4.0,12,19,7,24,9,15,10,3,0.48763397357042976,0.7782126017993815
eighth_synthetic,CHEMBL1951,35802,8,0.3,6.0,12,19,7,26,14,12,10,3,0.46075254312767966,0.8713890161583162
eighth_synthetic,CHEMBL1951,35802,9,0.2,4.0,15,18,3,23,8,15,8,5,0.4862866059606805,0.7552262540213684
eighth_synthetic,CHEMBL1951,35802,9,0.2,6.0,15,18,3,22,11,11,8,5,0.44816819005998504,0.8237372661827276
eighth_synthetic,CHEMBL1951,35802,9,0.3,4.0,14,17,3,25,11,14,7,4,0.5091073473399487,0.8256208013537569
eighth_synthetic,CHEMBL1951,35802,9,0.3,6.0,14,17,3,25,17,8,7,4,0.39768375079999996,0.898818128623079
eighth_synthetic,CHEMBL1955,35802,0,0.2,4.0,34,35,1,11,2,9,8,7,0.8675503652349434,0.9156057847939553
eighth_synthetic,CHEMBL1955,35802,0,0.2,6.0,34,37,3,11,2,9,9,6,0.8086231509090909,0.9421582090246052
eighth_synthetic,CHEMBL1955,35802,0,0.3,4.0,34,35,1,12,2,10,8,7,0.8765491494029125,0.9222100930096877
eighth_synthetic,CHEMBL1955,35802,0,0.3,6.0,34,37,3,12,2,10,9,6,0.8242893531369817,0.9469201022387866
eighth_synthetic,CHEMBL1955,35802,1,0.2,4.0,34,35,1,12,2,10,8,7,0.8755162103932178,0.9077014496294273
eighth_synthetic,CHEMBL1955,35802,1,0.2,6.0,34,36,2,12,2,10,9,7,0.8241418375627704,0.9089499396026476
eighth_synthetic,CHEMBL1955,35802,1,0.3,4.0,34,35,1,12,2,10,8,7,0.8765491494029125,0.9222100930096877
eighth_synthetic,CHEMBL1955,35802,1,0.3,6.0,34,36,2,12,2,10,9,7,0.8242893531369817,0.9235219860535427
eighth_synthetic,CHEMBL1955,35802,2,0.2,4.0,35,36,1,9,1,8,7,6,0.9117054162009269,0.9528937214418165
eighth_synthetic,CHEMBL1955,35802,2,0.2,6.0,35,36,1,9,1,8,7,6,0.9122686992294238,0.974403086480514
eighth_synthetic,CHEMBL1955,35802,2,0.3,4.0,34,35,1,12,2,10,8,7,0.8963699407202745,0.9397406507577167
eighth_synthetic,CHEMBL1955,35802,2,0.3,6.0,34,37,3,11,2,9,9,6,0.8304717670585255,0.9616249742494738
eighth_synthetic,CHEMBL1955,35802,3,0.2,4.0,34,35,1,12,2,10,8,7,0.8765491494029125,0.9222100930096877
eighth_synthetic,CHEMBL1955,35802,3,0.2,6.0,34,36,2,12,2,10,9,7,0.8242893531369817,0.9235219860535427
eighth_synthetic,CHEMBL1955,35802,3,0.3,4.0,34,35,1,13,2,11,8,7,0.8832100230745528,0.9144057599181441
eighth_synthetic,CHEMBL1955,35802,3,0.3,6.0,34,36,2,13,2,11,9,7,0.8374092021843867,0.9159000156020425
eighth_synthetic,CHEMBL1955,35802,4,0.2,4.0,34,35,1,12,2,10,8,7,0.8755162103932178,0.9077014496294273
eighth_synthetic,CHEMBL1955,35802,4,0.2,6.0,34,36,2,12,2,10,9,7,0.8241418375627704,0.9089499396026476
eighth_synthetic,CHEMBL1955,35802,4,0.3,4.0,34,35,1,12,2,10,8,7,0.8755162103932178,0.9077014496294273
eighth_synthetic,CHEMBL1955,35802,4,0.3,6.0,34,36,2,12,2,10,9,7,0.8241418375627704,0.9393038366212249
eighth_synthetic,CHEMBL1955,35802,5,0.2,4.0,34,35,1,12,2,10,8,7,0.8755162103932178,0.9077014496294273
eighth_synthetic,CHEMBL1955,35802,5,0.2,6.0,34,36,2,12,2,10,9,7,0.8241418375627704,0.9089499396026476
eighth_synthetic,CHEMBL1955,35802,5,0.3,4.0,34,35,1,12,2,10,8,7,0.8953370017105796,0.9252320073774564
eighth_synthetic,CHEMBL1955,35802,5,0.3,6.0,34,36,2,11,2,9,9,7,0.8303108409775676,0.9533163208484973
eighth_synthetic,CHEMBL1955,35802,6,0.2,4.0,34,35,1,11,2,9,8,7,0.8711831457685324,0.915026194180086
eighth_synthetic,CHEMBL1955,35802,6,0.2,6.0,34,36,2,10,2,8,8,6,0.8787309296003236,0.9541546743627143
eighth_synthetic,CHEMBL1955,35802,6,0.3,4.0,34,35,1,12,2,10,8,7,0.8765491494029125,0.9222100930096877
eighth_synthetic,CHEMBL1955,35802,6,0.3,6.0,34,37,3,12,2,10,9,6,0.8242893531369817,0.9469201022387866
eighth_synthetic,CHEMBL1955,35802,7,0.2,4.0,34,35,1,11,2,9,8,7,0.8675503652349434,0.9156057847939553
eighth_synthetic,CHEMBL1955,35802,7,0.2,6.0,34,37,3,11,2,9,9,6,0.8086231509090909,0.9421582090246052
eighth_synthetic,CHEMBL1955,35802,7,0.3,4.0,34,35,1,11,2,9,8,7,0.8891730466720655,0.934730029609987
eighth_synthetic,CHEMBL1955,35802,7,0.3,6.0,34,36,2,11,3,8,9,7,0.797652780909091,0.9361501717408572
eighth_synthetic,CHEMBL1955,35802,8,0.2,4.0,34,35,1,11,2,9,8,7,0.8675503652349434,0.9156057847939553
eighth_synthetic,CHEMBL1955,35802,8,0.2,6.0,34,36,2,11,2,9,9,7,0.8086231509090909,0.9166329913679756
eighth_synthetic,CHEMBL1955,35802,8,0.3,4.0,34,35,1,11,2,9,8,7,0.8895824366311433,0.9196250323450882
eighth_synthetic,CHEMBL1955,35802,8,0.3,6.0,34,35,1,10,2,8,8,7,0.8822981390753244,0.948827152428574
eighth_synthetic,CHEMBL1955,35802,9,0.2,4.0,35,36,1,9,1,8,7,6,0.9117054162009269,0.9528937214418165
eighth_synthetic,CHEMBL1955,35802,9,0.2,6.0,35,36,1,9,1,8,7,6,0.9122686992294238,0.974403086480514
eighth_synthetic,CHEMBL1955,35802,9,0.3,4.0,34,35,1,12,2,10,8,7,0.8765491494029125,0.9222100930096877
eighth_synthetic,CHEMBL1955,35802,9,0.3,6.0,34,36,2,12,2,10,9,7,0.8242893531369817,0.9235219860535427
eighth_synthetic,CHEMBL1957,35802,0,0.2,4.0,49,50,1,21,10,11,21,20,0.9747709476190477,0.9933888495238092
eighth_synthetic,CHEMBL1957,35802,0,0.2,6.0,48,50,2,22,11,11,22,20,0.9750267604545454,0.9928158356821043
eighth_synthetic,CHEMBL1957,35802,0,0.3,4.0,49,49,0,21,9,12,20,20,0.9786112769548184,0.9939206233654319
eighth_synthetic,CHEMBL1957,35802,0,0.3,6.0,48,49,1,22,10,12,21,20,0.9790680412373258,0.9933317208176441
eighth_synthetic,CHEMBL1957,35802,1,0.2,4.0,49,50,1,21,10,11,21,20,0.9747709476190477,0.9933888495238092
eighth_synthetic,CHEMBL1957,35802,1,0.2,6.0,48,50,2,22,11,11,22,20,0.9750267604545454,0.9929166609980971
eighth_synthetic,CHEMBL1957,35802,1,0.3,4.0,49,50,1,21,10,11,21,20,0.9747709476190477,0.9933888495238092
eighth_synthetic,CHEMBL1957,35802,1,0.3,6.0,48,50,2,22,11,11,22,20,0.9750267604545454,0.9929166609980971
eighth_synthetic,CHEMBL1957,35802,2,0.2,4.0,49,50,1,21,10,11,21,20,0.9747709476190477,0.9933888495238092
eighth_synthetic,CHEMBL1957,35802,2,0.2,6.0,48,50,2,22,11,11,22,20,0.9750267604545454,0.9928158356821043
eighth_synthetic,CHEMBL1957,35802,2,0.3,4.0,49,49,0,21,9,12,20,20,0.9786112769548184,0.9939206233654319
eighth_synthetic,CHEMBL1957,35802,2,0.3,6.0,48,49,1,22,10,12,21,20,0.9790680412373258,0.9934325461336369
eighth_synthetic,CHEMBL1957,35802,3,0.2,4.0,49,50,1,21,10,11,21,20,0.9747709476190477,0.9933888495238092
eighth_synthetic,CHEMBL1957,35802,3,0.2,6.0,48,50,2,22,11,11,22,20,0.9750267604545454,0.9928158356821043
eighth_synthetic,CHEMBL1957,35802,3,0.3,4.0,49,49,0,21,9,12,20,20,0.9786112769548184,0.9939206233654319
eighth_synthetic,CHEMBL1957,35802,3,0.3,6.0,48,49,1,22,10,12,21,20,0.9790680412373258,0.9933317208176441
eighth_synthetic,CHEMBL1957,35802,4,0.2,4.0,49,50,1,21,10,11,21,20,0.9747709476190477,0.9933888495238092
eighth_synthetic,CHEMBL1957,35802,4,0.2,6.0,48,50,2,22,11,11,22,20,0.9750267604545454,0.9928158356821043
eighth_synthetic,CHEMBL1957,35802,4,0.3,4.0,49,50,1,21,10,11,21,20,0.9747709476190477,0.9933888495238092
eighth_synthetic,CHEMBL1957,35802,4,0.3,6.0,48,50,2,22,11,11,22,20,0.9750267604545454,0.9929166609980971
eighth_synthetic,CHEMBL1957,35802,5,0.2,4.0,48,49,1,21,10,11,21,20,0.978133449047619,0.9933888495238092
eighth_synthetic,CHEMBL1957,35802,5,0.2,6.0,48,49,1,22,10,12,21,20,0.9790706796641699,0.9936456305821472
eighth_synthetic,CHEMBL1957,35802,5,0.3,4.0,49,49,0,21,9,12,20,20,0.9786112769548184,0.9939206233654319
eighth_synthetic,CHEMBL1957,35802,5,0.3,6.0,48,49,1,22,10,12,21,20,0.9790680412373258,0.9933317208176441
eighth_synthetic,CHEMBL1957,35802,6,0.2,4.0,49,50,1,21,10,11,21,20,0.9747709476190477,0.9933888495238092
eighth_synthetic,CHEMBL1957,35802,6,0.2,6.0,48,50,2,22,11,11,22,20,0.9750267604545454,0.9929166609980971
eighth_synthetic,CHEMBL1957,35802,6,0.3,4.0,49,50,1,21,10,11,21,20,0.9747709476190477,0.9933888495238092
eighth_synthetic,CHEMBL1957,35802,6,0.3,6.0,48,50,2,22,11,11,22,20,0.9750267604545454,0.9928158356821043
eighth_synthetic,CHEMBL1957,35802,7,0.2,4.0,48,49,1,21,10,11,21,20,0.978133449047619,0.9933888495238092
eighth_synthetic,CHEMBL1957,35802,7,0.2,6.0,48,49,1,22,10,12,21,20,0.9790706796641699,0.9936456305821472
eighth_synthetic,CHEMBL1957,35802,7,0.3,4.0,48,48,0,21,10,11,20,20,0.9778247307643423,0.9939206233654319
eighth_synthetic,CHEMBL1957,35802,7,0.3,6.0,47,48,1,22,10,12,20,19,0.9791515059014958,0.9942391998976023
eighth_synthetic,CHEMBL1957,35802,8,0.2,4.0,49,49,0,21,9,12,20,20,0.9786112769548184,0.9939206233654319
eighth_synthetic,CHEMBL1957,35802,8,0.2,6.0,49,49,0,21,9,12,20,20,0.9790046703438652,0.9939293006181844
eighth_synthetic,CHEMBL1957,35802,8,0.3,4.0,48,48,0,21,10,11,20,20,0.9778247307643423,0.9939206233654319
eighth_synthetic,CHEMBL1957,35802,8,0.3,6.0,48,48,0,22,10,12,20,20,0.9791515059014958,0.994161515717687
eighth_synthetic,CHEMBL1957,35802,9,0.2,4.0,49,50,1,21,10,11,21,20,0.9747709476190477,0.9933888495238092
eighth_synthetic,CHEMBL1957,35802,9,0.2,6.0,48,50,2,22,11,11,22,20,0.9750267604545454,0.9929166609980971
eighth_synthetic,CHEMBL1957,35802,9,0.3,4.0,49,49,0,21,9,12,20,20,0.9786112769548184,0.9939206233654319
eighth_synthetic,CHEMBL1957,35802,9,0.3,6.0,48,49,1,22,10,12,21,20,0.9790680412373258,0.9933317208176441
eighth_synthetic,CHEMBL1824,35803,0,0.2,4.0,48,49,1,16,16,0,15,14,0.911738998125,0.9720578485802944
eighth_synthetic,CHEMBL1824,35803,0,0.2,6.0,46,49,3,17,17,0,16,13,0.9131072747058823,0.9754384113113876
eighth_synthetic,CHEMBL1824,35803,0,0.3,4.0,48,49,1,15,15,0,15,14,0.9103677246666668,0.9724539609854443
eighth_synthetic,CHEMBL1824,35803,0,0.3,6.0,46,49,3,17,17,0,16,13,0.9131072747058823,0.9748650446691748
eighth_synthetic,CHEMBL1824,35803,1,0.2,4.0,48,49,1,15,15,0,15,14,0.9103677246666668,0.9720949639207526
eighth_synthetic,CHEMBL1824,35803,1,0.2,6.0,46,49,3,17,17,0,16,13,0.9131072747058823,0.9748803446941574
eighth_synthetic,CHEMBL1824,35803,1,0.3,4.0,48,49,1,16,16,0,15,14,0.911738998125,0.9710477807584631
eighth_synthetic,CHEMBL1824,35803,1,0.3,6.0,45,49,4,18,18,0,17,13,0.9144379516666667,0.975868143611296
eighth_synthetic,CHEMBL1824,35803,2,0.2,4.0,49,49,0,14,14,0,14,14,0.9091212807142858,0.9708762564285713
eighth_synthetic,CHEMBL1824,35803,2,0.2,6.0,46,49,3,17,17,0,16,13,0.9131072747058823,0.9738875200791923
eighth_synthetic,CHEMBL1824,35803,2,0.3,4.0,47,49,2,17,17,0,16,14,0.9131072747058823,0.9739225215910243
eighth_synthetic,CHEMBL1824,35803,2,0.3,6.0,44,49,5,19,19,0,18,13,0.9158632463157896,0.9772931999749962
eighth_synthetic,CHEMBL1824,35803,3,0.2,4.0,48,49,1,16,16,0,15,14,0.911738998125,0.9692711768660492
eighth_synthetic,CHEMBL1824,35803,3,0.2,6.0,47,49,2,17,17,0,16,14,0.9131072747058823,0.9741786862759241
eighth_synthetic,CHEMBL1824,35803,3,0.3,4.0,48,49,1,16,16,0,15,14,0.911738998125,0.973486537743149
eighth_synthetic,CHEMBL1824,35803,3,0.3,6.0,46,49,3,17,17,0,16,13,0.9131072747058823,0.9756276865842821
eighth_synthetic,CHEMBL1824,35803,4,0.2,4.0,48,49,1,16,16,0,15,14,0.911738998125,0.9720578485802944
eighth_synthetic,CHEMBL1824,35803,4,0.2,6.0,47,49,2,17,17,0,16,14,0.9131072747058823,0.9745514502724495
eighth_synthetic,CHEMBL1824,35803,4,0.3,4.0,47,49,2,17,17,0,16,14,0.9131072747058823,0.972577872967161
eighth_synthetic,CHEMBL1824,35803,4,0.3,6.0,44,49,5,19,19,0,18,13,0.9158632463157896,0.9771764410912079
eighth_synthetic,CHEMBL1824,35803,5,0.2,4.0,48,49,1,16,16,0,15,14,0.911738998125,0.9729817298711684
eighth_synthetic,CHEMBL1824,35803,5,0.2,6.0,47,49,2,17,17,0,16,14,0.9131072747058823,0.9746747168623557
eighth_synthetic,CHEMBL1824,35803,5,0.3,4.0,48,49,1,15,15,0,15,14,0.9103677246666668,0.9720949639207526
eighth_synthetic,CHEMBL1824,35803,5,0.3,6.0,46,49,3,17,17,0,16,13,0.9131072747058823,0.9748215646443199
eighth_synthetic,CHEMBL1824,35803,6,0.2,4.0,48,49,1,15,15,0,15,14,0.9103677246666668,0.969481511156916
eighth_synthetic,CHEMBL1824,35803,6,0.2,6.0,47,49,2,17,17,0,16,14,0.9131072747058823,0.9715287994183521
eighth_synthetic,CHEMBL1824,35803,6,0.3,4.0,48,49,1,15,15,0,15,14,0.9103677246666668,0.9724539609854443
eighth_synthetic,CHEMBL1824,35803,6,0.3,6.0,46,49,3,17,17,0,16,13,0.9131072747058823,0.9749866069465812
eighth_synthetic,CHEMBL1824,35803,7,0.2,4.0,48,49,1,15,15,0,15,14,0.9103677246666668,0.9724539609854443
eighth_synthetic,CHEMBL1824,35803,7,0.2,6.0,48,49,1,16,16,0,15,14,0.911738998125,0.9733853311941804
eighth_synthetic,CHEMBL1824,35803,7,0.3,4.0,48,49,1,15,15,0,15,14,0.9103677246666668,0.9724539609854443
eighth_synthetic,CHEMBL1824,35803,7,0.3,6.0,46,49,3,17,17,0,16,13,0.9131072747058823,0.9763384299627313
eighth_synthetic,CHEMBL1824,35803,8,0.2,4.0,48,49,1,15,15,0,15,14,0.9103677246666668,0.9713885568823443
eighth_synthetic,CHEMBL1824,35803,8,0.2,6.0,47,49,2,17,17,0,16,14,0.9131072747058823,0.9720628129923746
eighth_synthetic,CHEMBL1824,35803,8,0.3,4.0,48,49,1,16,16,0,15,14,0.911738998125,0.9720578485802944
eighth_synthetic,CHEMBL1824,35803,8,0.3,6.0,45,49,4,18,18,0,17,13,0.9144379516666667,0.9775836491589772
eighth_synthetic,CHEMBL1824,35803,9,0.2,4.0,48,49,1,16,16,0,15,14,0.911738998125,0.9706998660289038
eighth_synthetic,CHEMBL1824,35803,9,0.2,6.0,46,49,3,17,17,0,16,13,0.9131072747058823,0.977102734177722
eighth_synthetic,CHEMBL1824,35803,9,0.3,4.0,46,49,3,17,17,0,16,13,0.9131072747058823,0.9751145982514364
eighth_synthetic,CHEMBL1824,35803,9,0.3,6.0,45,49,4,18,18,0,17,13,0.9144379516666667,0.9792497363193972
eighth_synthetic,CHEMBL1825,35803,0,0.2,4.0,48,47,-1,21,12,9,20,21,0.9770715604761906,0.9919356190476188
eighth_synthetic,CHEMBL1825,35803,0,0.2,6.0,48,47,-1,21,12,9,20,21,0.9770715604761906,0.9919356190476188
eighth_synthetic,CHEMBL1825,35803,0,0.3,4.0,47,47,0,21,12,9,20,20,0.9770715604761906,0.992659519955116
eighth_synthetic,CHEMBL1825,35803,0,0.3,6.0,47,47,0,21,12,9,20,20,0.9770715604761906,0.9926937869109282
eighth_synthetic,CHEMBL1825,35803,1,0.2,4.0,48,47,-1,21,12,9,20,21,0.9770715604761906,0.9919356190476188
eighth_synthetic,CHEMBL1825,35803,1,0.2,6.0,48,47,-1,21,12,9,20,21,0.9770715604761906,0.9919356190476188
eighth_synthetic,CHEMBL1825,35803,1,0.3,4.0,47,47,0,21,12,9,20,20,0.9770715604761906,0.992659519955116
eighth_synthetic,CHEMBL1825,35803,1,0.3,6.0,46,47,1,22,13,9,21,20,0.9772421713636364,0.9922058628123532
eighth_synthetic,CHEMBL1825,35803,2,0.2,4.0,48,47,-1,21,12,9,20,21,0.9770715604761906,0.9919356190476188
eighth_synthetic,CHEMBL1825,35803,2,0.2,6.0,48,47,-1,21,12,9,20,21,0.9770715604761906,0.9919356190476188
eighth_synthetic,CHEMBL1825,35803,2,0.3,4.0,47,47,0,21,12,9,20,20,0.9770715604761906,0.992659519955116
eighth_synthetic,CHEMBL1825,35803,2,0.3,6.0,46,47,1,22,13,9,21,20,0.9772421713636364,0.9922058628123532
eighth_synthetic,CHEMBL1825,35803,3,0.2,4.0,48,47,-1,21,12,9,20,21,0.9770715604761906,0.9919356190476188
eighth_synthetic,CHEMBL1825,35803,3,0.2,6.0,48,47,-1,21,12,9,20,21,0.9770715604761906,0.9919356190476188
eighth_synthetic,CHEMBL1825,35803,3,0.3,4.0,47,47,0,21,12,9,20,20,0.9770715604761906,0.992659519955116
eighth_synthetic,CHEMBL1825,35803,3,0.3,6.0,46,47,1,22,13,9,21,20,0.9772421713636364,0.9922058628123532
eighth_synthetic,CHEMBL1825,35803,4,0.2,4.0,48,47,-1,21,12,9,20,21,0.9770715604761906,0.9919356190476188
eighth_synthetic,CHEMBL1825,35803,4,0.2,6.0,48,47,-1,21,12,9,20,21,0.9770715604761906,0.9919356190476188
eighth_synthetic,CHEMBL1825,35803,4,0.3,4.0,48,47,-1,21,12,9,20,21,0.9770715604761906,0.9919356190476188
eighth_synthetic,CHEMBL1825,35803,4,0.3,6.0,48,47,-1,21,12,9,20,21,0.9770715604761906,0.9919356190476188
eighth_synthetic,CHEMBL1825,35803,5,0.2,4.0,48,47,-1,21,12,9,20,21,0.9770715604761906,0.9919356190476188
eighth_synthetic,CHEMBL1825,35803,5,0.2,6.0,48,47,-1,21,12,9,20,21,0.9770715604761906,0.9919356190476188
eighth_synthetic,CHEMBL1825,35803,5,0.3,4.0,48,47,-1,21,12,9,20,21,0.9770715604761906,0.9919356190476188
eighth_synthetic,CHEMBL1825,35803,5,0.3,6.0,47,47,0,22,13,9,21,21,0.9772421713636364,0.9914821571246488
eighth_synthetic,CHEMBL1825,35803,6,0.2,4.0,47,47,0,21,12,9,20,20,0.9770715604761906,0.992659519955116
eighth_synthetic,CHEMBL1825,35803,6,0.2,6.0,47,47,0,21,12,9,20,20,0.9770715604761906,0.9926937869109282
eighth_synthetic,CHEMBL1825,35803,6,0.3,4.0,47,47,0,21,12,9,20,20,0.9770715604761906,0.992659519955116
eighth_synthetic,CHEMBL1825,35803,6,0.3,6.0,46,47,1,22,13,9,21,20,0.9772421713636364,0.9922058628123532
eighth_synthetic,CHEMBL1825,35803,7,0.2,4.0,48,47,-1,21,12,9,20,21,0.9770715604761906,0.9919356190476188
eighth_synthetic,CHEMBL1825,35803,7,0.2,6.0,47,47,0,22,13,9,21,21,0.9772421713636364,0.9914821571246488
eighth_synthetic,CHEMBL1825,35803,7,0.3,4.0,47,47,0,21,12,9,20,20,0.9770715604761906,0.992659519955116
eighth_synthetic,CHEMBL1825,35803,7,0.3,6.0,46,47,1,22,13,9,21,20,0.9772421713636364,0.9922058628123532
eighth_synthetic,CHEMBL1825,35803,8,0.2,4.0,47,47,0,21,12,9,20,20,0.9770715604761906,0.992659519955116
eighth_synthetic,CHEMBL1825,35803,8,0.2,6.0,46,47,1,22,13,9,21,20,0.9772421713636364,0.9922058628123532
eighth_synthetic,CHEMBL1825,35803,8,0.3,4.0,47,47,0,21,12,9,20,20,0.9770715604761906,0.992659519955116
eighth_synthetic,CHEMBL1825,35803,8,0.3,6.0,46,47,1,22,13,9,21,20,0.9772421713636364,0.9922058628123532
eighth_synthetic,CHEMBL1825,35803,9,0.2,4.0,47,47,0,21,12,9,20,20,0.9770715604761906,0.992659519955116
eighth_synthetic,CHEMBL1825,35803,9,0.2,6.0,47,47,0,21,12,9,20,20,0.9770715604761906,0.9926937869109282
eighth_synthetic,CHEMBL1825,35803,9,0.3,4.0,47,47,0,21,12,9,20,20,0.9770715604761906,0.992659519955116
eighth_synthetic,CHEMBL1825,35803,9,0.3,6.0,47,47,0,21,12,9,20,20,0.9770715604761906,0.9926937869109282
eighth_synthetic,CHEMBL1827,35803,0,0.2,4.0,50,50,0,14,14,0,14,14,0.9500932114285714,0.9863154664285715
eighth_synthetic,CHEMBL1827,35803,0,0.2,6.0,49,49,0,15,15,0,14,14,0.9545092500802823,0.9867219447447538
eighth_synthetic,CHEMBL1827,35803,0,0.3,4.0,49,50,1,15,15,0,15,14,0.951310004,0.986867168181203
eighth_synthetic,CHEMBL1827,35803,0,0.3,6.0,48,50,2,16,16,0,16,14,0.9525415349999999,0.9874097311566968
eighth_synthetic,CHEMBL1827,35803,1,0.2,4.0,49,50,1,15,15,0,15,14,0.951310004,0.986867168181203
eighth_synthetic,CHEMBL1827,35803,1,0.2,6.0,47,50,3,17,17,0,17,14,0.9536451623529412,0.9874320402991474
eighth_synthetic,CHEMBL1827,35803,1,0.3,4.0,49,50,1,15,15,0,15,14,0.951310004,0.986867168181203
eighth_synthetic,CHEMBL1827,35803,1,0.3,6.0,46,50,4,18,18,0,18,14,0.9546899922222223,0.987613343041366
eighth_synthetic,CHEMBL1827,35803,2,0.2,4.0,50,50,0,14,14,0,14,14,0.9500932114285714,0.9863154664285715
eighth_synthetic,CHEMBL1827,35803,2,0.2,6.0,49,50,1,15,15,0,15,14,0.951310004,0.9867219447447538
eighth_synthetic,CHEMBL1827,35803,2,0.3,4.0,49,50,1,15,15,0,15,14,0.951310004,0.986867168181203
eighth_synthetic,CHEMBL1827,35803,2,0.3,6.0,47,49,2,17,17,0,16,14,0.9564680265414256,0.9869692115851169
eighth_synthetic,CHEMBL1827,35803,3,0.2,4.0,50,50,0,14,14,0,14,14,0.9500932114285714,0.9863154664285715
eighth_synthetic,CHEMBL1827,35803,3,0.2,6.0,48,50,2,16,16,0,16,14,0.9525415349999999,0.9867606295309213
eighth_synthetic,CHEMBL1827,35803,3,0.3,4.0,49,50,1,15,15,0,15,14,0.951310004,0.986867168181203
eighth_synthetic,CHEMBL1827,35803,3,0.3,6.0,47,50,3,17,17,0,17,14,0.9536451623529412,0.9874961531287428
eighth_synthetic,CHEMBL1827,35803,4,0.2,4.0,50,50,0,14,14,0,14,14,0.9500932114285714,0.9863154664285715
eighth_synthetic,CHEMBL1827,35803,4,0.2,6.0,48,50,2,16,16,0,16,14,0.9525415349999999,0.9866925096494761
eighth_synthetic,CHEMBL1827,35803,4,0.3,4.0,49,50,1,15,15,0,15,14,0.951310004,0.986867168181203
eighth_synthetic,CHEMBL1827,35803,4,0.3,6.0,47,49,2,17,17,0,16,14,0.9564680265414256,0.9879460039962519
eighth_synthetic,CHEMBL1827,35803,5,0.2,4.0,49,50,1,15,15,0,15,14,0.951310004,0.986867168181203
eighth_synthetic,CHEMBL1827,35803,5,0.2,6.0,47,50,3,17,17,0,17,14,0.9536451623529412,0.9864303724958416
eighth_synthetic,CHEMBL1827,35803,5,0.3,4.0,49,50,1,15,15,0,15,14,0.951310004,0.986867168181203
eighth_synthetic,CHEMBL1827,35803,5,0.3,6.0,47,50,3,17,17,0,17,14,0.9536451623529412,0.9879354658695357
eighth_synthetic,CHEMBL1827,35803,6,0.2,4.0,49,50,1,15,15,0,15,14,0.951310004,0.986867168181203
eighth_synthetic,CHEMBL1827,35803,6,0.2,6.0,48,50,2,16,16,0,16,14,0.9525415349999999,0.9875058563665746
eighth_synthetic,CHEMBL1827,35803,6,0.3,4.0,49,50,1,15,15,0,15,14,0.951310004,0.986867168181203
eighth_synthetic,CHEMBL1827,35803,6,0.3,6.0,48,50,2,16,16,0,16,14,0.9525415349999999,0.9875058563665746
eighth_synthetic,CHEMBL1827,35803,7,0.2,4.0,50,50,0,14,14,0,14,14,0.9500932114285714,0.9863154664285715
eighth_synthetic,CHEMBL1827,35803,7,0.2,6.0,48,50,2,16,16,0,16,14,0.9525415349999999,0.9872385960776497
eighth_synthetic,CHEMBL1827,35803,7,0.3,4.0,49,50,1,15,15,0,15,14,0.951310004,0.986867168181203
eighth_synthetic,CHEMBL1827,35803,7,0.3,6.0,46,50,4,18,18,0,18,14,0.9546899922222223,0.9874034835967801
eighth_synthetic,CHEMBL1827,35803,8,0.2,4.0,49,50,1,15,15,0,15,14,0.951310004,0.986867168181203
eighth_synthetic,CHEMBL1827,35803,8,0.2,6.0,47,50,3,17,17,0,17,14,0.9536451623529412,0.9875586781363758
eighth_synthetic,CHEMBL1827,35803,8,0.3,4.0,49,50,1,15,15,0,15,14,0.951310004,0.986867168181203
eighth_synthetic,CHEMBL1827,35803,8,0.3,6.0,46,50,4,18,18,0,18,14,0.9546899922222223,0.9868467651872577
eighth_synthetic,CHEMBL1827,35803,9,0.2,4.0,49,50,1,15,15,0,15,14,0.951310004,0.986867168181203
eighth_synthetic,CHEMBL1827,35803,9,0.2,6.0,48,50,2,16,16,0,16,14,0.9525415349999999,0.9874946596069385
eighth_synthetic,CHEMBL1827,35803,9,0.3,4.0,49,50,1,15,15,0,15,14,0.951310004,0.986867168181203
eighth_synthetic,CHEMBL1827,35803,9,0.3,6.0,46,50,4,18,18,0,18,14,0.9546899922222223,0.987955657371977
eighth_synthetic,CHEMBL1829,35803,0,0.2,4.0,41,44,3,16,15,1,13,10,0.783667985625,0.9406803828103488
eighth_synthetic,CHEMBL1829,35803,0,0.2,6.0,40,45,5,17,15,2,15,10,0.8038132511764706,0.9490200758379108
eighth_synthetic,CHEMBL1829,35803,0,0.3,4.0,41,44,3,16,15,1,13,10,0.7919105429716451,0.944397707141683
eighth_synthetic,CHEMBL1829,35803,0,0.3,6.0,39,43,4,18,16,2,15,11,0.8313119170174377,0.9553501280054554
eighth_synthetic,CHEMBL1829,35803,1,0.2,4.0,41,45,4,16,15,1,14,10,0.7968369981250001,0.9439255478732904
eighth_synthetic,CHEMBL1829,35803,1,0.2,6.0,41,44,3,16,16,0,13,10,0.792684217132777,0.9518349652270973
eighth_synthetic,CHEMBL1829,35803,1,0.3,4.0,39,45,6,18,17,1,16,10,0.7915760022222222,0.9479202450877848
eighth_synthetic,CHEMBL1829,35803,1,0.3,6.0,39,43,4,18,16,2,15,11,0.8175090661412296,0.9595059406672009
eighth_synthetic,CHEMBL1829,35803,2,0.2,4.0,41,45,4,16,15,1,14,10,0.779900141875,0.9435878536208921
eighth_synthetic,CHEMBL1829,35803,2,0.2,6.0,41,45,4,16,15,1,14,10,0.779900141875,0.9517428103616479
eighth_synthetic,CHEMBL1829,35803,2,0.3,4.0,39,44,5,17,15,2,15,10,0.821116917992545,0.9509509061310868
eighth_synthetic,CHEMBL1829,35803,2,0.3,6.0,39,43,4,18,16,2,15,11,0.8175090661412296,0.9598390931858903
eighth_synthetic,CHEMBL1829,35803,3,0.2,4.0,42,44,2,15,13,2,12,10,0.8115722188568255,0.942831414952852
eighth_synthetic,CHEMBL1829,35803,3,0.2,6.0,40,44,4,15,14,1,14,10,0.8144990673333333,0.9489653164182437
eighth_synthetic,CHEMBL1829,35803,3,0.3,4.0,40,44,4,17,16,1,14,10,0.8040582836933382,0.9409509251557965
eighth_synthetic,CHEMBL1829,35803,3,0.3,6.0,38,44,6,18,17,1,16,10,0.8109964522222222,0.9514326488943724
eighth_synthetic,CHEMBL1829,35803,4,0.2,4.0,42,44,2,15,14,1,12,10,0.8028568780043754,0.934042996277926
eighth_synthetic,CHEMBL1829,35803,4,0.2,6.0,42,43,1,15,14,1,11,10,0.8163958040361423,0.9504694754113792
eighth_synthetic,CHEMBL1829,35803,4,0.3,4.0,41,44,3,16,14,2,13,10,0.8001499393791021,0.9453041914960074
eighth_synthetic,CHEMBL1829,35803,4,0.3,6.0,39,44,5,17,16,1,15,10,0.8061949788235294,0.9524259359147507
eighth_synthetic,CHEMBL1829,35803,5,0.2,4.0,42,44,2,15,14,1,12,10,0.7859711685030881,0.9357896132988998
eighth_synthetic,CHEMBL1829,35803,5,0.2,6.0,41,43,2,16,14,2,13,11,0.8071896635261064,0.9496574266480201
eighth_synthetic,CHEMBL1829,35803,5,0.3,4.0,39,44,5,18,16,2,15,10,0.8097802222258684,0.9448268267986626
eighth_synthetic,CHEMBL1829,35803,5,0.3,6.0,38,44,6,18,17,1,16,10,0.8109964522222222,0.9564071048281753
eighth_synthetic,CHEMBL1829,35803,6,0.2,4.0,41,44,3,16,15,1,13,10,0.8075109456291021,0.9376202381697933
eighth_synthetic,CHEMBL1829,35803,6,0.2,6.0,41,44,3,16,15,1,13,10,0.8145506697761065,0.9508813242693541
eighth_synthetic,CHEMBL1829,35803,6,0.3,4.0,39,44,5,17,17,0,15,10,0.8131229847058823,0.9424273820252319
eighth_synthetic,CHEMBL1829,35803,6,0.3,6.0,39,43,4,17,17,0,14,10,0.8184434731837902,0.9539426749741233
eighth_synthetic,CHEMBL1829,35803,7,0.2,4.0,45,44,-1,12,12,0,9,10,0.77554477312886,0.9408985743659476
eighth_synthetic,CHEMBL1829,35803,7,0.2,6.0,43,43,0,13,13,0,10,10,0.7996073472403409,0.9436852943295077
eighth_synthetic,CHEMBL1829,35803,7,0.3,4.0,41,44,3,16,14,2,13,10,0.800379889379102,0.9439712772334304
eighth_synthetic,CHEMBL1829,35803,7,0.3,6.0,39,43,4,18,17,1,15,11,0.811875070223367,0.952107062487094
eighth_synthetic,CHEMBL1829,35803,8,0.2,4.0,41,43,2,16,14,2,12,10,0.827133349746181,0.9410360936195887
eighth_synthetic,CHEMBL1829,35803,8,0.2,6.0,41,44,3,16,14,2,13,10,0.8313236260261064,0.9540284662236205
eighth_synthetic,CHEMBL1829,35803,8,0.3,4.0,41,44,3,16,15,1,13,10,0.7916805929716451,0.9394129589150595
eighth_synthetic,CHEMBL1829,35803,8,0.3,6.0,39,43,4,18,16,2,15,11,0.8158333548009834,0.9526506815915402
eighth_synthetic,CHEMBL1829,35803,9,0.2,4.0,41,44,3,15,15,0,13,10,0.8035416646666665,0.9410345801359559
eighth_synthetic,CHEMBL1829,35803,9,0.2,6.0,40,43,3,15,14,1,13,10,0.8514596304278468,0.9487205853216377
eighth_synthetic,CHEMBL1829,35803,9,0.3,4.0,38,44,6,18,16,2,16,10,0.825647077781424,0.9436523676224302
eighth_synthetic,CHEMBL1829,35803,9,0.3,6.0,37,44,7,19,16,3,17,10,0.8327348708640896,0.963003623837399
eighth_synthetic,CHEMBL1833,35803,0,0.2,4.0,38,41,3,17,3,14,15,12,0.7242669284909321,0.8476504215072177
eighth_synthetic,CHEMBL1833,35803,0,0.2,6.0,38,41,3,17,3,14,15,12,0.7272327882860508,0.8489201903862041
eighth_synthetic,CHEMBL1833,35803,0,0.3,4.0,38,40,2,18,4,14,15,13,0.7113260343920167,0.8438710479701037
eighth_synthetic,CHEMBL1833,35803,0,0.3,6.0,38,40,2,19,4,15,15,13,0.7357457887079119,0.8539564456616398
eighth_synthetic,CHEMBL1833,35803,1,0.2,4.0,38,40,2,18,4,14,15,13,0.6896054234483507,0.8289947264616024
eighth_synthetic,CHEMBL1833,35803,1,0.2,6.0,38,40,2,18,4,14,15,13,0.699332337214561,0.8309689057100001
eighth_synthetic,CHEMBL1833,35803,1,0.3,4.0,37,40,3,18,4,14,15,12,0.6982383699682445,0.8417056433790409
eighth_synthetic,CHEMBL1833,35803,1,0.3,6.0,37,40,3,18,4,14,15,12,0.7008299407152123,0.8443183967194474
eighth_synthetic,CHEMBL1833,35803,2,0.2,4.0,37,41,4,16,3,13,15,11,0.685203275,0.8368515943851267
eighth_synthetic,CHEMBL1833,35803,2,0.2,6.0,37,41,4,17,3,14,15,11,0.7031128584636884,0.8467534243541928
eighth_synthetic,CHEMBL1833,35803,2,0.3,4.0,37,39,2,21,5,16,16,14,0.7131998761361225,0.8407055920391623
eighth_synthetic,CHEMBL1833,35803,2,0.3,6.0,37,39,2,21,5,16,16,14,0.7256570958044408,0.8445934208320262
eighth_synthetic,CHEMBL1833,35803,3,0.2,4.0,38,40,2,18,4,14,15,13,0.6896054234483507,0.8289947264616024
eighth_synthetic,CHEMBL1833,35803,3,0.2,6.0,38,40,2,18,4,14,15,13,0.699332337214561,0.8309689057100001
eighth_synthetic,CHEMBL1833,35803,3,0.3,4.0,38,40,2,18,4,14,15,13,0.7206636324636583,0.8451580392012612
eighth_synthetic,CHEMBL1833,35803,3,0.3,6.0,38,40,2,18,4,14,15,13,0.7234647222701591,0.8463572653647483
eighth_synthetic,CHEMBL1833,35803,4,0.2,4.0,39,40,1,18,4,14,15,14,0.7199589809119104,0.8309199215452073
eighth_synthetic,CHEMBL1833,35803,4,0.2,6.0,39,40,1,19,4,15,15,14,0.7371645709716868,0.8417037993315575
eighth_synthetic,CHEMBL1833,35803,4,0.3,4.0,37,40,3,17,4,13,15,12,0.6836858823529411,0.8348478264801192
eighth_synthetic,CHEMBL1833,35803,4,0.3,6.0,37,40,3,18,4,14,15,12,0.7006847885490392,0.8443108752234043
eighth_synthetic,CHEMBL1833,35803,5,0.2,4.0,38,41,3,16,3,13,15,12,0.7096389623116242,0.8388709587356153
eighth_synthetic,CHEMBL1833,35803,5,0.2,6.0,38,41,3,16,3,13,15,12,0.7102983826065953,0.8395792158988353
eighth_synthetic,CHEMBL1833,35803,5,0.3,4.0,37,39,2,19,5,14,16,14,0.6880659132668585,0.8267582671741497
eighth_synthetic,CHEMBL1833,35803,5,0.3,6.0,37,39,2,19,5,14,16,14,0.6972808842032683,0.8286285422515791
eighth_synthetic,CHEMBL1833,35803,6,0.2,4.0,37,41,4,16,3,13,15,11,0.685203275,0.8368515943851267
eighth_synthetic,CHEMBL1833,35803,6,0.2,6.0,37,41,4,16,3,13,15,11,0.685203275,0.837549990527601
eighth_synthetic,CHEMBL1833,35803,6,0.3,4.0,37,39,2,20,5,15,16,14,0.7009441505749356,0.8333347803484775
eighth_synthetic,CHEMBL1833,35803,6,0.3,6.0,37,39,2,20,5,15,16,14,0.7120307866367959,0.8369043027644221
eighth_synthetic,CHEMBL1833,35803,7,0.2,4.0,37,41,4,16,3,13,15,11,0.685203275,0.8368515943851267
eighth_synthetic,CHEMBL1833,35803,7,0.2,6.0,37,41,4,16,3,13,15,11,0.685203275,0.837549990527601
eighth_synthetic,CHEMBL1833,35803,7,0.3,4.0,37,39,2,19,5,14,16,14,0.6880659132668585,0.8267582671741497
eighth_synthetic,CHEMBL1833,35803,7,0.3,6.0,37,39,2,19,5,14,16,14,0.6972808842032683,0.8286285422515791
eighth_synthetic,CHEMBL1833,35803,8,0.2,4.0,38,40,2,17,4,13,15,13,0.6836858823529411,0.8209970054480484
eighth_synthetic,CHEMBL1833,35803,8,0.2,6.0,38,40,2,18,4,14,15,13,0.7006847885490392,0.8309077533749742
eighth_synthetic,CHEMBL1833,35803,8,0.3,4.0,37,39,2,18,5,13,16,14,0.6823897072222223,0.8195812348636227
eighth_synthetic,CHEMBL1833,35803,8,0.3,6.0,37,39,2,18,5,13,16,14,0.6823897072222223,0.819903025737319
eighth_synthetic,CHEMBL1833,35803,9,0.2,4.0,38,41,3,17,3,14,15,12,0.7143800599444882,0.8468177916700148
eighth_synthetic,CHEMBL1833,35803,9,0.2,6.0,38,41,3,17,3,14,15,12,0.725299775974566,0.8492822252996095
eighth_synthetic,CHEMBL1833,35803,9,0.3,4.0,38,39,1,20,5,15,16,15,0.720492700424235,0.8354008285752876
eighth_synthetic,CHEMBL1833,35803,9,0.3,6.0,38,39,1,21,5,16,16,15,0.7443716023011498,0.846380156900463
eighth_synthetic,CHEMBL1836,35803,0,0.2,4.0,47,46,-1,12,2,10,11,12,0.8309429258333334,0.9192807158333333
eighth_synthetic,CHEMBL1836,35803,0,0.2,6.0,47,44,-3,13,3,10,9,12,0.8546367219927546,0.919710321584618
eighth_synthetic,CHEMBL1836,35803,0,0.3,4.0,47,46,-1,12,2,10,11,12,0.8309429258333334,0.9192807158333333
eighth_synthetic,CHEMBL1836,35803,0,0.3,6.0,47,44,-3,14,3,11,9,12,0.8653824216777082,0.9253668939813199
eighth_synthetic,CHEMBL1836,35803,1,0.2,4.0,47,45,-2,13,3,10,10,12,0.8436098676086143,0.906870272568468
eighth_synthetic,CHEMBL1836,35803,1,0.2,6.0,47,45,-2,14,3,11,10,12,0.8725302659440796,0.927774375232243
eighth_synthetic,CHEMBL1836,35803,1,0.3,4.0,47,44,-3,14,3,11,9,12,0.8454223013309285,0.9068536318587516
eighth_synthetic,CHEMBL1836,35803,1,0.3,6.0,47,44,-3,14,3,11,9,12,0.8774602563570565,0.9268710045923249
eighth_synthetic,CHEMBL1836,35803,2,0.2,4.0,47,45,-2,12,3,9,10,12,0.8555620158333334,0.9192807158333333
eighth_synthetic,CHEMBL1836,35803,2,0.2,6.0,47,44,-3,12,3,9,9,12,0.8648259333324586,0.9192807158333333
eighth_synthetic,CHEMBL1836,35803,2,0.3,4.0,47,45,-2,13,3,10,10,12,0.8477940130554626,0.9183081455871106
eighth_synthetic,CHEMBL1836,35803,2,0.3,6.0,47,44,-3,14,3,11,9,12,0.8813852679247057,0.9297518622370028
eighth_synthetic,CHEMBL1836,35803,3,0.2,4.0,47,46,-1,12,2,10,11,12,0.8309429258333334,0.9192807158333333
eighth_synthetic,CHEMBL1836,35803,3,0.2,6.0,47,45,-2,13,3,10,10,12,0.8658103905824313,0.9254054557798804
eighth_synthetic,CHEMBL1836,35803,3,0.3,4.0,47,45,-2,14,4,10,10,12,0.8367265021229295,0.9086261254468443
eighth_synthetic,CHEMBL1836,35803,3,0.3,6.0,46,44,-2,13,2,11,9,11,0.8761630914838908,0.9392034251368943
eighth_synthetic,CHEMBL1836,35803,4,0.2,4.0,47,45,-2,13,3,10,10,12,0.8472922176708472,0.9183081455871106
eighth_synthetic,CHEMBL1836,35803,4,0.2,6.0,47,44,-3,13,3,10,9,12,0.8718705564125984,0.9244325950907378
eighth_synthetic,CHEMBL1836,35803,4,0.3,4.0,46,45,-1,13,3,10,10,11,0.8436098676086143,0.9107098928471896
eighth_synthetic,CHEMBL1836,35803,4,0.3,6.0,46,44,-2,13,2,11,9,11,0.8956541664013167,0.9427689579424156
eighth_synthetic,CHEMBL1836,35803,5,0.2,4.0,47,44,-3,13,3,10,9,12,0.8570962669016163,0.9183081455871106
eighth_synthetic,CHEMBL1836,35803,5,0.2,6.0,47,44,-3,13,3,10,9,12,0.8731232971826366,0.9244325950907378
eighth_synthetic,CHEMBL1836,35803,5,0.3,4.0,46,44,-2,13,2,11,9,11,0.8571587198948462,0.9202389266171169
eighth_synthetic,CHEMBL1836,35803,5,0.3,6.0,46,44,-2,14,2,12,9,11,0.8999935854708137,0.945875114245071
eighth_synthetic,CHEMBL1836,35803,6,0.2,4.0,47,44,-3,13,3,10,9,12,0.8570962669016163,0.9183081455871106
eighth_synthetic,CHEMBL1836,35803,6,0.2,6.0,47,44,-3,13,3,10,9,12,0.8731232971826366,0.9244325950907378
eighth_synthetic,CHEMBL1836,35803,6,0.3,4.0,46,44,-2,13,2,11,9,11,0.8571587198948462,0.9202389266171169
eighth_synthetic,CHEMBL1836,35803,6,0.3,6.0,46,44,-2,14,2,12,9,11,0.8999935854708137,0.945875114245071
eighth_synthetic,CHEMBL1836,35803,7,0.2,4.0,47,46,-1,12,2,10,11,12,0.8309429258333334,0.9192807158333333
eighth_synthetic,CHEMBL1836,35803,7,0.2,6.0,47,45,-2,13,3,10,10,12,0.8658103905824313,0.9254054557798804
eighth_synthetic,CHEMBL1836,35803,7,0.3,4.0,47,44,-3,14,3,11,9,12,0.8454223013309285,0.9068536318587516
eighth_synthetic,CHEMBL1836,35803,7,0.3,6.0,47,44,-3,14,3,11,9,12,0.8774602563570565,0.9268710045923249
eighth_synthetic,CHEMBL1836,35803,8,0.2,4.0,47,45,-2,13,3,10,10,12,0.843108072223999,0.906870272568468
eighth_synthetic,CHEMBL1836,35803,8,0.2,6.0,47,44,-3,14,3,11,9,12,0.8621547165393799,0.9224860363366422
eighth_synthetic,CHEMBL1836,35803,8,0.3,4.0,47,44,-3,14,3,11,9,12,0.8454223013309285,0.9068536318587516
eighth_synthetic,CHEMBL1836,35803,8,0.3,6.0,47,44,-3,14,3,11,9,12,0.8774602563570565,0.9268710045923249
eighth_synthetic,CHEMBL1836,35803,9,0.2,4.0,47,46,-1,13,3,10,11,12,0.8203203053846154,0.9087791118171833
eighth_synthetic,CHEMBL1836,35803,9,0.2,6.0,47,44,-3,12,3,9,9,12,0.8648259333324586,0.9192807158333333
eighth_synthetic,CHEMBL1836,35803,9,0.3,4.0,46,44,-2,14,3,11,9,11,0.8454223013309285,0.910418993546136
eighth_synthetic,CHEMBL1836,35803,9,0.3,6.0,46,44,-2,13,2,11,9,11,0.8924120783853299,0.9417960972532728
eighth_synthetic,CHEMBL1841,35803,0,0.2,4.0,15,16,1,6,3,3,2,1,0.4097340886234164,0.5235202838703732
eighth_synthetic,CHEMBL1841,35803,0,0.2,6.0,15,16,1,6,3,3,2,1,0.3672798654711189,0.5504785499544469
eighth_synthetic,CHEMBL1841,35803,0,0.3,4.0,15,16,1,7,1,6,2,1,0.5107442682033166,0.694208125570695
eighth_synthetic,CHEMBL1841,35803,0,0.3,6.0,15,16,1,8,1,7,2,1,0.600934841103826,0.7660228102746055
eighth_synthetic,CHEMBL1841,35803,1,0.2,4.0,15,16,1,8,2,6,2,1,0.5034330761883588,0.6106289564273315
eighth_synthetic,CHEMBL1841,35803,1,0.2,6.0,15,16,1,7,2,5,2,1,0.4875963367350637,0.6136992754481436
eighth_synthetic,CHEMBL1841,35803,1,0.3,4.0,15,16,1,7,2,5,2,1,0.43577735969022785,0.6531637256166647
eighth_synthetic,CHEMBL1841,35803,1,0.3,6.0,15,16,1,8,2,6,2,1,0.5397317163738975,0.7405692093364964
eighth_synthetic,CHEMBL1841,35803,2,0.2,4.0,15,16,1,6,2,4,2,1,0.38465515005101364,0.5824905245503395
eighth_synthetic,CHEMBL1841,35803,2,0.2,6.0,15,16,1,7,2,5,2,1,0.5517741394645702,0.7015921944341096
eighth_synthetic,CHEMBL1841,35803,2,0.3,4.0,15,16,1,8,3,5,2,1,0.43900816045073104,0.5642779635004698
eighth_synthetic,CHEMBL1841,35803,2,0.3,6.0,15,16,1,8,3,5,2,1,0.4714804823813902,0.6344716437681486
eighth_synthetic,CHEMBL1841,35803,3,0.2,4.0,15,16,1,5,3,2,2,1,0.3452783204317368,0.4490431353941906
eighth_synthetic,CHEMBL1841,35803,3,0.2,6.0,15,16,1,6,3,3,2,1,0.4612479223518289,0.5489861250196992
eighth_synthetic,CHEMBL1841,35803,3,0.3,4.0,15,16,1,7,1,6,2,1,0.4733225423911601,0.6667457072352508
eighth_synthetic,CHEMBL1841,35803,3,0.3,6.0,15,16,1,7,1,6,2,1,0.5464848327639612,0.7394868888955676
eighth_synthetic,CHEMBL1841,35803,4,0.2,4.0,15,16,1,6,2,4,2,1,0.38465515005101364,0.5824905245503395
eighth_synthetic,CHEMBL1841,35803,4,0.2,6.0,15,16,1,6,2,4,2,1,0.5233409024508396,0.6808369486690143
eighth_synthetic,CHEMBL1841,35803,4,0.3,4.0,15,16,1,7,2,5,2,1,0.4733225423911601,0.6723478629495366
eighth_synthetic,CHEMBL1841,35803,4,0.3,6.0,15,16,1,6,2,4,2,1,0.47327031986960866,0.7028598894183449
eighth_synthetic,CHEMBL1841,35803,5,0.2,4.0,15,16,1,5,2,3,2,1,0.401229959931369,0.6239688721596903
eighth_synthetic,CHEMBL1841,35803,5,0.2,6.0,15,16,1,6,2,4,2,1,0.42599784990937617,0.6849773791221621
eighth_synthetic,CHEMBL1841,35803,5,0.3,4.0,15,16,1,7,3,4,2,1,0.34579846403568293,0.5451505747236238
eighth_synthetic,CHEMBL1841,35803,5,0.3,6.0,15,16,1,9,3,6,2,1,0.5307387709575401,0.6571334246271008
eighth_synthetic,CHEMBL1841,35803,6,0.2,4.0,15,16,1,8,2,6,2,1,0.4948023483274,0.6044472755921766
eighth_synthetic,CHEMBL1841,35803,6,0.2,6.0,15,16,1,7,2,5,2,1,0.48120986946860145,0.6074237515356646
eighth_synthetic,CHEMBL1841,35803,6,0.3,4.0,15,16,1,7,1,6,2,1,0.5107442682033166,0.7006169627135522
eighth_synthetic,CHEMBL1841,35803,6,0.3,6.0,15,16,1,8,1,7,2,1,0.5620373388351786,0.745423217599654
eighth_synthetic,CHEMBL1841,35803,7,0.2,4.0,15,16,1,7,1,6,2,1,0.4733225423911601,0.6667457072352508
eighth_synthetic,CHEMBL1841,35803,7,0.2,6.0,15,16,1,6,1,5,2,1,0.47327031986960866,0.6963240410850116
eighth_synthetic,CHEMBL1841,35803,7,0.3,4.0,15,16,1,7,3,4,2,1,0.4494635226661558,0.5789886722999416
eighth_synthetic,CHEMBL1841,35803,7,0.3,6.0,15,16,1,7,3,4,2,1,0.4436687642347804,0.6045171860812036
eighth_synthetic,CHEMBL1841,35803,8,0.2,4.0,15,16,1,7,2,5,2,1,0.4868852484783123,0.5923519106353856
eighth_synthetic,CHEMBL1841,35803,8,0.2,6.0,15,16,1,8,2,6,2,1,0.5109707811407928,0.635587537812037
eighth_synthetic,CHEMBL1841,35803,8,0.3,4.0,15,16,1,8,3,5,2,1,0.44826886972875607,0.5669459249783042
eighth_synthetic,CHEMBL1841,35803,8,0.3,6.0,15,16,1,6,3,3,2,1,0.35650420922132214,0.554515123274918
eighth_synthetic,CHEMBL1841,35803,9,0.2,4.0,15,16,1,7,2,5,2,1,0.4494635226661558,0.5642755737285129
eighth_synthetic,CHEMBL1841,35803,9,0.2,6.0,15,16,1,7,2,5,2,1,0.4436687642347804,0.5898040875097752
eighth_synthetic,CHEMBL1841,35803,9,0.3,4.0,15,16,1,8,1,7,2,1,0.5343298682445246,0.7086121472940443
eighth_synthetic,CHEMBL1841,35803,9,0.3,6.0,15,16,1,7,1,6,2,1,0.6276210619139863,0.7352428424151018
eighth_synthetic,CHEMBL1844,35803,0,0.2,4.0,49,48,-1,23,19,4,22,23,0.9594910839130434,0.9853171821739128
eighth_synthetic,CHEMBL1844,35803,0,0.2,6.0,48,48,0,24,20,4,23,23,0.9598466804166667,0.9854517439797817
eighth_synthetic,CHEMBL1844,35803,0,0.3,4.0,49,48,-1,23,19,4,22,23,0.9594910839130434,0.9853171821739128
eighth_synthetic,CHEMBL1844,35803,0,0.3,6.0,47,48,1,24,20,4,23,22,0.9598466804166667,0.9856678894893256
eighth_synthetic,CHEMBL1844,35803,1,0.2,4.0,49,48,-1,23,19,4,22,23,0.9594910839130434,0.9853171821739128
eighth_synthetic,CHEMBL1844,35803,1,0.2,6.0,48,48,0,24,20,4,23,23,0.9598466804166667,0.9854517439797817
eighth_synthetic,CHEMBL1844,35803,1,0.3,4.0,49,48,-1,23,19,4,22,23,0.9594910839130434,0.9853171821739128
eighth_synthetic,CHEMBL1844,35803,1,0.3,6.0,47,48,1,24,20,4,23,22,0.9598466804166667,0.9857077152982336
eighth_synthetic,CHEMBL1844,35803,2,0.2,4.0,49,48,-1,23,19,4,22,23,0.9594910839130434,0.9853171821739128
eighth_synthetic,CHEMBL1844,35803,2,0.2,6.0,48,48,0,24,20,4,23,23,0.9598466804166667,0.9854509018554509
eighth_synthetic,CHEMBL1844,35803,2,0.3,4.0,49,48,-1,23,19,4,22,23,0.9594910839130434,0.9853171821739128
eighth_synthetic,CHEMBL1844,35803,2,0.3,6.0,48,48,0,24,20,4,23,23,0.9598466804166667,0.9848803538838746
eighth_synthetic,CHEMBL1844,35803,3,0.2,4.0,49,48,-1,23,19,4,22,23,0.9594910839130434,0.9853171821739128
eighth_synthetic,CHEMBL1844,35803,3,0.2,6.0,49,48,-1,23,19,4,22,23,0.9594910839130434,0.9853171821739128
eighth_synthetic,CHEMBL1844,35803,3,0.3,4.0,49,48,-1,23,19,4,22,23,0.9594910839130434,0.9853171821739128
eighth_synthetic,CHEMBL1844,35803,3,0.3,6.0,48,48,0,24,20,4,23,23,0.9598466804166667,0.9848803538838746
eighth_synthetic,CHEMBL1844,35803,4,0.2,4.0,49,48,-1,23,19,4,22,23,0.9594910839130434,0.9853171821739128
eighth_synthetic,CHEMBL1844,35803,4,0.2,6.0,48,48,0,24,20,4,23,23,0.9598466804166667,0.9848803538838746
eighth_synthetic,CHEMBL1844,35803,4,0.3,4.0,49,48,-1,23,19,4,22,23,0.9594910839130434,0.9853171821739128
eighth_synthetic,CHEMBL1844,35803,4,0.3,6.0,48,48,0,24,20,4,23,23,0.9598466804166667,0.9848803538838746
eighth_synthetic,CHEMBL1844,35803,5,0.2,4.0,49,48,-1,23,19,4,22,23,0.9594910839130434,0.9853171821739128
eighth_synthetic,CHEMBL1844,35803,5,0.2,6.0,48,48,0,24,20,4,23,23,0.9598466804166667,0.9848803538838746
eighth_synthetic,CHEMBL1844,35803,5,0.3,4.0,49,48,-1,23,19,4,22,23,0.9594910839130434,0.9853171821739128
eighth_synthetic,CHEMBL1844,35803,5,0.3,6.0,48,48,0,24,20,4,23,23,0.9598466804166667,0.9854517439797817
eighth_synthetic,CHEMBL1844,35803,6,0.2,4.0,49,48,-1,23,19,4,22,23,0.9594910839130434,0.9853171821739128
eighth_synthetic,CHEMBL1844,35803,6,0.2,6.0,48,48,0,24,20,4,23,23,0.9598466804166667,0.9854509018554509
eighth_synthetic,CHEMBL1844,35803,6,0.3,4.0,49,48,-1,23,19,4,22,23,0.9594910839130434,0.9853171821739128
eighth_synthetic,CHEMBL1844,35803,6,0.3,6.0,47,48,1,24,20,4,23,22,0.9598466804166667,0.9862392795852327
eighth_synthetic,CHEMBL1844,35803,7,0.2,4.0,49,48,-1,23,19,4,22,23,0.9594910839130434,0.9853171821739128
eighth_synthetic,CHEMBL1844,35803,7,0.2,6.0,48,48,0,24,20,4,23,23,0.9598466804166667,0.9848803538838746
eighth_synthetic,CHEMBL1844,35803,7,0.3,4.0,49,48,-1,23,19,4,22,23,0.9594910839130434,0.9853171821739128
eighth_synthetic,CHEMBL1844,35803,7,0.3,6.0,48,48,0,24,20,4,23,23,0.9598466804166667,0.9854509018554509
eighth_synthetic,CHEMBL1844,35803,8,0.2,4.0,49,48,-1,23,19,4,22,23,0.9594910839130434,0.9853171821739128
eighth_synthetic,CHEMBL1844,35803,8,0.2,6.0,48,48,0,24,20,4,23,23,0.9598466804166667,0.9854517439797817
eighth_synthetic,CHEMBL1844,35803,8,0.3,4.0,49,48,-1,23,19,4,22,23,0.9594910839130434,0.9853171821739128
eighth_synthetic,CHEMBL1844,35803,8,0.3,6.0,47,48,1,24,20,4,23,22,0.9598466804166667,0.98627826326981
eighth_synthetic,CHEMBL1844,35803,9,0.2,4.0,49,48,-1,23,19,4,22,23,0.9594910839130434,0.9853171821739128
eighth_synthetic,CHEMBL1844,35803,9,0.2,6.0,48,48,0,24,20,4,23,23,0.9598466804166667,0.9854907276643591
eighth_synthetic,CHEMBL1844,35803,9,0.3,4.0,49,48,-1,23,19,4,22,23,0.9594910839130434,0.9853171821739128
eighth_synthetic,CHEMBL1844,35803,9,0.3,6.0,47,48,1,24,20,4,23,22,0.9598466804166667,0.9862392795852327
eighth_synthetic,CHEMBL1862,35803,0,0.2,4.0,49,49,0,14,4,10,13,13,0.9593410800000001,0.9955148636799018
eighth_synthetic,CHEMBL1862,35803,0,0.2,6.0,48,49,1,15,5,10,14,13,0.9598370246666668,0.9940217504627076
eighth_synthetic,CHEMBL1862,35803,0,0.3,4.0,50,49,-1,14,4,10,13,14,0.9593410800000001,0.9929361214285715
eighth_synthetic,CHEMBL1862,35803,0,0.3,6.0,48,48,0,15,4,11,13,13,0.9621403042565275,0.9924891219814043
eighth_synthetic,CHEMBL1862,35803,1,0.2,4.0,50,49,-1,14,4,10,13,14,0.9593410800000001,0.9929361214285715
eighth_synthetic,CHEMBL1862,35803,1,0.2,6.0,48,47,-1,14,4,10,12,13,0.9629937045792305,0.9936349856764553
eighth_synthetic,CHEMBL1862,35803,1,0.3,4.0,50,49,-1,14,4,10,13,14,0.9593410800000001,0.9929361214285715
eighth_synthetic,CHEMBL1862,35803,1,0.3,6.0,48,47,-1,14,3,11,12,13,0.9668938990603416,0.9950771828975481
eighth_synthetic,CHEMBL1862,35803,2,0.2,4.0,50,49,-1,14,4,10,13,14,0.9593410800000001,0.9929361214285715
eighth_synthetic,CHEMBL1862,35803,2,0.2,6.0,48,47,-1,14,4,10,12,13,0.9629937045792305,0.9936349856764553
eighth_synthetic,CHEMBL1862,35803,2,0.3,4.0,49,49,0,14,4,10,13,13,0.9593410800000001,0.9955148636799018
eighth_synthetic,CHEMBL1862,35803,2,0.3,6.0,48,48,0,15,5,10,13,13,0.9612143729406152,0.9940217504627076
eighth_synthetic,CHEMBL1862,35803,3,0.2,4.0,50,49,-1,14,4,10,13,14,0.9593410800000001,0.9929361214285715
eighth_synthetic,CHEMBL1862,35803,3,0.2,6.0,48,48,0,14,4,10,13,13,0.9611534264285716,0.9936349856764553
eighth_synthetic,CHEMBL1862,35803,3,0.3,4.0,49,49,0,14,4,10,13,13,0.9593410800000001,0.9955148636799018
eighth_synthetic,CHEMBL1862,35803,3,0.3,6.0,48,49,1,15,5,10,14,13,0.9598370246666668,0.9940217504627076
eighth_synthetic,CHEMBL1862,35803,4,0.2,4.0,49,49,0,14,4,10,13,13,0.9593410800000001,0.9955148636799018
eighth_synthetic,CHEMBL1862,35803,4,0.2,6.0,48,49,1,15,5,10,14,13,0.9598370246666668,0.9940217504627076
eighth_synthetic,CHEMBL1862,35803,4,0.3,4.0,49,49,0,14,4,10,13,13,0.9593410800000001,0.9955148636799018
eighth_synthetic,CHEMBL1862,35803,4,0.3,6.0,48,47,-1,15,4,11,12,13,0.9644679857896522,0.9953678012023943
eighth_synthetic,CHEMBL1862,35803,5,0.2,4.0,50,49,-1,14,4,10,13,14,0.9593410800000001,0.9929361214285715
eighth_synthetic,CHEMBL1862,35803,5,0.2,6.0,48,47,-1,15,3,12,12,13,0.9653939171055648,0.993835172721091
eighth_synthetic,CHEMBL1862,35803,5,0.3,4.0,50,49,-1,14,4,10,13,14,0.9593410800000001,0.9929361214285715
eighth_synthetic,CHEMBL1862,35803,5,0.3,6.0,48,47,-1,15,4,11,12,13,0.9644679857896522,0.9933742106690698
eighth_synthetic,CHEMBL1862,35803,6,0.2,4.0,49,49,0,14,4,10,13,13,0.9593410800000001,0.9955148636799018
eighth_synthetic,CHEMBL1862,35803,6,0.2,6.0,48,47,-1,15,4,11,12,13,0.9638578971971425,0.9944827125147288
eighth_synthetic,CHEMBL1862,35803,6,0.3,4.0,49,49,0,14,4,10,13,13,0.9593410800000001,0.9955148636799018
eighth_synthetic,CHEMBL1862,35803,6,0.3,6.0,48,48,0,14,4,10,13,13,0.9611534264285716,0.9957709755335885
eighth_synthetic,CHEMBL1862,35803,7,0.2,4.0,49,49,0,14,4,10,13,13,0.9593410800000001,0.9955148636799018
eighth_synthetic,CHEMBL1862,35803,7,0.2,6.0,48,49,1,15,5,10,14,13,0.9598370246666668,0.9940217504627076
eighth_synthetic,CHEMBL1862,35803,7,0.3,4.0,49,49,0,14,4,10,13,13,0.9593410800000001,0.9955148636799018
eighth_synthetic,CHEMBL1862,35803,7,0.3,6.0,48,48,0,14,4,10,13,13,0.9611534264285716,0.9957709755335885
eighth_synthetic,CHEMBL1862,35803,8,0.2,4.0,49,49,0,14,4,10,13,13,0.9593410800000001,0.9955148636799018
eighth_synthetic,CHEMBL1862,35803,8,0.2,6.0,48,49,1,15,5,10,14,13,0.9598370246666668,0.9940217504627076
eighth_synthetic,CHEMBL1862,35803,8,0.3,4.0,50,49,-1,14,4,10,13,14,0.9593410800000001,0.9929361214285715
eighth_synthetic,CHEMBL1862,35803,8,0.3,6.0,48,47,-1,14,3,11,12,13,0.9646394401953972,0.9950771828975481
eighth_synthetic,CHEMBL1862,35803,9,0.2,4.0,50,49,-1,14,4,10,13,14,0.9593410800000001,0.9929361214285715
eighth_synthetic,CHEMBL1862,35803,9,0.2,6.0,49,48,-1,14,3,11,12,13,0.9608168102935162,0.9934677266845313
eighth_synthetic,CHEMBL1862,35803,9,0.3,4.0,49,49,0,14,4,10,13,13,0.9593410800000001,0.9955148636799018
eighth_synthetic,CHEMBL1862,35803,9,0.3,6.0,48,48,0,15,5,10,13,13,0.9612143729406152,0.9940217504627076
eighth_synthetic,CHEMBL1865,35803,0,0.2,4.0,47,49,2,21,17,4,20,18,0.9341748795238093,0.978394148014035
eighth_synthetic,CHEMBL1865,35803,0,0.2,6.0,47,49,2,21,17,4,20,18,0.9341748795238093,0.9817163551117635
eighth_synthetic,CHEMBL1865,35803,0,0.3,4.0,45,49,4,23,19,4,22,18,0.9362068834782609,0.9805185724425286
eighth_synthetic,CHEMBL1865,35803,0,0.3,6.0,44,49,5,24,20,4,23,18,0.9371935091666667,0.9833037927690329
eighth_synthetic,CHEMBL1865,35803,1,0.2,4.0,48,49,1,21,17,4,20,19,0.9341748795238093,0.9797712145965569
eighth_synthetic,CHEMBL1865,35803,1,0.2,6.0,47,48,1,21,16,5,19,18,0.9356774678474009,0.9804486534315847
eighth_synthetic,CHEMBL1865,35803,1,0.3,4.0,48,49,1,21,17,4,20,19,0.9341748795238093,0.9780454812915194
eighth_synthetic,CHEMBL1865,35803,1,0.3,6.0,46,49,3,22,18,4,21,18,0.9351970781818182,0.9816206401603566
eighth_synthetic,CHEMBL1865,35803,2,0.2,4.0,48,49,1,21,17,4,20,19,0.9341748795238093,0.9780454812915194
eighth_synthetic,CHEMBL1865,35803,2,0.2,6.0,46,49,3,22,18,4,21,18,0.9351970781818182,0.9816220475963774
eighth_synthetic,CHEMBL1865,35803,2,0.3,4.0,48,49,1,21,17,4,20,19,0.9341748795238093,0.979765014912979
eighth_synthetic,CHEMBL1865,35803,2,0.3,6.0,45,48,3,23,18,5,21,18,0.9375788119476272,0.9810408286305277
eighth_synthetic,CHEMBL1865,35803,3,0.2,4.0,48,49,1,21,17,4,20,19,0.9341748795238093,0.9788948886569921
eighth_synthetic,CHEMBL1865,35803,3,0.2,6.0,46,49,3,22,18,4,21,18,0.9351970781818182,0.9821803299723786
eighth_synthetic,CHEMBL1865,35803,3,0.3,4.0,48,49,1,21,17,4,20,19,0.9341748795238093,0.9787266715068161
eighth_synthetic,CHEMBL1865,35803,3,0.3,6.0,45,49,4,23,19,4,22,18,0.9362068834782609,0.9822002022910911
eighth_synthetic,CHEMBL1865,35803,4,0.2,4.0,48,49,1,21,17,4,20,19,0.9341748795238093,0.9787266715068161
eighth_synthetic,CHEMBL1865,35803,4,0.2,6.0,47,48,1,21,16,5,19,18,0.9356774678474009,0.9803038320272435
eighth_synthetic,CHEMBL1865,35803,4,0.3,4.0,46,49,3,22,18,4,21,18,0.9351970781818182,0.9789329341986569
eighth_synthetic,CHEMBL1865,35803,4,0.3,6.0,45,49,4,23,19,4,22,18,0.9362068834782609,0.982908323135171
eighth_synthetic,CHEMBL1865,35803,5,0.2,4.0,47,49,2,21,17,4,20,18,0.9341748795238093,0.9789427349842539
eighth_synthetic,CHEMBL1865,35803,5,0.2,6.0,47,49,2,21,17,4,20,18,0.9341748795238093,0.9817946859246403
eighth_synthetic,CHEMBL1865,35803,5,0.3,4.0,49,49,0,21,17,4,20,20,0.9341748795238093,0.9776220068617008
eighth_synthetic,CHEMBL1865,35803,5,0.3,6.0,46,49,3,22,18,4,21,18,0.9351970781818182,0.9801783528152908
eighth_synthetic,CHEMBL1865,35803,6,0.2,4.0,47,49,2,21,17,4,20,18,0.9341748795238093,0.9806622686057135
eighth_synthetic,CHEMBL1865,35803,6,0.2,6.0,47,49,2,21,17,4,20,18,0.9341748795238093,0.9820361711755639
eighth_synthetic,CHEMBL1865,35803,6,0.3,4.0,47,49,2,21,17,4,20,18,0.9341748795238093,0.9806684682892914
eighth_synthetic,CHEMBL1865,35803,6,0.3,6.0,44,47,3,23,18,5,21,18,0.9399721745563229,0.9816590434615465
eighth_synthetic,CHEMBL1865,35803,7,0.2,4.0,47,49,2,21,17,4,20,18,0.9341748795238093,0.9799810783904167
eighth_synthetic,CHEMBL1865,35803,7,0.2,6.0,47,49,2,21,17,4,20,18,0.9341748795238093,0.9819386640179877
eighth_synthetic,CHEMBL1865,35803,7,0.3,4.0,47,49,2,21,17,4,20,18,0.9341748795238093,0.9785266598395714
eighth_synthetic,CHEMBL1865,35803,7,0.3,6.0,46,49,3,22,18,4,21,18,0.9351970781818182,0.9817646341617666
eighth_synthetic,CHEMBL1865,35803,8,0.2,4.0,49,49,0,21,17,4,20,20,0.9341748795238093,0.9776220068617008
eighth_synthetic,CHEMBL1865,35803,8,0.2,6.0,46,47,1,21,16,5,19,18,0.9381453102283535,0.9801277648084992
eighth_synthetic,CHEMBL1865,35803,8,0.3,4.0,48,49,1,21,17,4,20,19,0.9341748795238093,0.9780454812915194
eighth_synthetic,CHEMBL1865,35803,8,0.3,6.0,44,49,5,24,20,4,23,18,0.9371935091666667,0.982131075884503
eighth_synthetic,CHEMBL1865,35803,9,0.2,4.0,48,49,1,21,17,4,20,19,0.9341748795238093,0.9780454812915194
eighth_synthetic,CHEMBL1865,35803,9,0.2,6.0,47,48,1,21,16,5,19,18,0.9356774678474009,0.9802063248696675
eighth_synthetic,CHEMBL1865,35803,9,0.3,4.0,48,49,1,21,17,4,20,19,0.9341748795238093,0.9797712145965569
eighth_synthetic,CHEMBL1865,35803,9,0.3,6.0,46,49,3,22,18,4,21,18,0.9351970781818182,0.9818854087042408
eighth_synthetic,CHEMBL1867,35803,0,0.2,4.0,34,34,0,10,1,9,6,6,0.7008793454887499,0.7798753082970868
eighth_synthetic,CHEMBL1867,35803,0,0.2,6.0,34,34,0,10,1,9,6,6,0.7381293070730404,0.8125364539478866
eighth_synthetic,CHEMBL1867,35803,0,0.3,4.0,34,34,0,9,1,8,6,6,0.7167909071728251,0.7842671635562133
eighth_synthetic,CHEMBL1867,35803,0,0.3,6.0,34,34,0,9,1,8,6,6,0.7198033257176141,0.7967419888213244
eighth_synthetic,CHEMBL1867,35803,1,0.2,4.0,34,34,0,9,1,8,6,6,0.7167909071728251,0.7842671635562133
eighth_synthetic,CHEMBL1867,35803,1,0.2,6.0,34,34,0,10,1,9,6,6,0.7434972288582743,0.8149270692611639
eighth_synthetic,CHEMBL1867,35803,1,0.3,4.0,34,34,0,9,1,8,6,6,0.7167909071728251,0.7842671635562133
eighth_synthetic,CHEMBL1867,35803,1,0.3,6.0,34,34,0,9,1,8,6,6,0.7198033257176141,0.7967419888213244
eighth_synthetic,CHEMBL1867,35803,2,0.2,4.0,34,34,0,9,1,8,6,6,0.7167909071728251,0.7842671635562133
eighth_synthetic,CHEMBL1867,35803,2,0.2,6.0,34,34,0,10,1,9,6,6,0.7434972288582743,0.8149270692611639
eighth_synthetic,CHEMBL1867,35803,2,0.3,4.0,34,34,0,9,1,8,6,6,0.7481842722178226,0.8038585925617041
eighth_synthetic,CHEMBL1867,35803,2,0.3,6.0,34,34,0,10,1,9,6,6,0.7723925538723324,0.8329061993057361
eighth_synthetic,CHEMBL1867,35803,3,0.2,4.0,34,34,0,10,1,9,6,6,0.7368517621291054,0.7977826319435117
eighth_synthetic,CHEMBL1867,35803,3,0.2,6.0,34,35,1,10,1,9,7,6,0.6571540697458527,0.8158956141233003
eighth_synthetic,CHEMBL1867,35803,3,0.3,4.0,34,34,0,10,0,10,6,6,0.7271566311291053,0.8567408942162948
eighth_synthetic,CHEMBL1867,35803,3,0.3,6.0,34,35,1,10,0,10,7,6,0.6474589387458527,0.8773364602685876
eighth_synthetic,CHEMBL1867,35803,4,0.2,4.0,34,34,0,9,1,8,6,6,0.7014621406686072,0.7702965807050262
eighth_synthetic,CHEMBL1867,35803,4,0.2,6.0,34,34,0,10,1,9,6,6,0.7503793797214034,0.8124526097304956
eighth_synthetic,CHEMBL1867,35803,4,0.3,4.0,34,34,0,9,0,9,6,6,0.6732203233702302,0.8356518504103092
eighth_synthetic,CHEMBL1867,35803,4,0.3,6.0,34,34,0,9,0,9,6,6,0.7115967510302085,0.8622256135044243
eighth_synthetic,CHEMBL1867,35803,5,0.2,4.0,34,34,0,10,1,9,6,6,0.7008793454887499,0.7798753082970868
eighth_synthetic,CHEMBL1867,35803,5,0.2,6.0,34,34,0,10,1,9,6,6,0.7381293070730404,0.8125364539478866
eighth_synthetic,CHEMBL1867,35803,5,0.3,4.0,34,33,-1,10,0,10,5,6,0.7562008381623125,0.8336584410400066
eighth_synthetic,CHEMBL1867,35803,5,0.3,6.0,34,34,0,10,0,10,6,6,0.7110419306730403,0.8732052261319948
eighth_synthetic,CHEMBL1867,35803,6,0.2,4.0,35,35,0,10,1,9,7,7,0.6718351384555425,0.8019844694733752
eighth_synthetic,CHEMBL1867,35803,6,0.2,6.0,35,35,0,10,1,9,7,7,0.6745463151458526,0.8156943960844792
eighth_synthetic,CHEMBL1867,35803,6,0.3,4.0,34,34,0,10,0,10,6,6,0.7271566311291053,0.8567408942162948
eighth_synthetic,CHEMBL1867,35803,6,0.3,6.0,34,35,1,10,0,10,7,6,0.6474589387458527,0.8773364602685876
eighth_synthetic,CHEMBL1867,35803,7,0.2,4.0,35,34,-1,10,2,8,6,7,0.6802888024555427,0.743026207200592
eighth_synthetic,CHEMBL1867,35803,7,0.2,6.0,35,34,-1,10,2,8,6,7,0.6829999791458528,0.754253549939192
eighth_synthetic,CHEMBL1867,35803,7,0.3,4.0,34,34,0,10,0,10,6,6,0.7069067190572891,0.8389720901078987
eighth_synthetic,CHEMBL1867,35803,7,0.3,6.0,34,34,0,10,0,10,6,6,0.7330071131548346,0.874008424493003
eighth_synthetic,CHEMBL1867,35803,8,0.2,4.0,35,34,-1,10,2,8,6,7,0.6802888024555427,0.743026207200592
eighth_synthetic,CHEMBL1867,35803,8,0.2,6.0,35,34,-1,10,2,8,6,7,0.6829999791458528,0.754253549939192
eighth_synthetic,CHEMBL1867,35803,8,0.3,4.0,34,33,-1,10,0,10,5,6,0.7359509260904964,0.8158896369316103
eighth_synthetic,CHEMBL1867,35803,8,0.3,6.0,34,33,-1,10,0,10,5,6,0.7965901050820223,0.8698771903564102
eighth_synthetic,CHEMBL1867,35803,9,0.2,4.0,35,34,-1,10,2,8,6,7,0.7085428309960403,0.7606584933055338
eighth_synthetic,CHEMBL1867,35803,9,0.2,6.0,35,34,-1,10,2,8,6,7,0.7118953041599109,0.772232679983764
eighth_synthetic,CHEMBL1867,35803,9,0.3,4.0,34,34,0,9,1,8,6,6,0.7481842722178226,0.8038585925617041
eighth_synthetic,CHEMBL1867,35803,9,0.3,6.0,34,34,0,10,1,9,6,6,0.7723925538723324,0.8329061993057361
eighth_synthetic,CHEMBL1868,35803,0,0.2,4.0,42,42,0,10,2,8,7,7,0.8989310414014667,0.9390384796347535
eighth_synthetic,CHEMBL1868,35803,0,0.2,6.0,42,42,0,10,2,8,7,7,0.9206257699378761,0.9455577570670552
eighth_synthetic,CHEMBL1868,35803,0,0.3,4.0,41,41,0,11,2,9,7,7,0.9119138077470381,0.947486516895549
eighth_synthetic,CHEMBL1868,35803,0,0.3,6.0,41,41,0,11,2,9,7,7,0.9285528566252658,0.9534713005068784
eighth_synthetic,CHEMBL1868,35803,1,0.2,4.0,42,42,0,10,2,8,7,7,0.9078420823412549,0.941217506974993
eighth_synthetic,CHEMBL1868,35803,1,0.2,6.0,42,42,0,10,2,8,7,7,0.9220765895857435,0.9458762812970116
eighth_synthetic,CHEMBL1868,35803,1,0.3,4.0,41,41,0,11,2,9,7,7,0.8995693238202388,0.9463975195720061
eighth_synthetic,CHEMBL1868,35803,1,0.3,6.0,41,41,0,11,2,9,7,7,0.9265820953113978,0.9533061661011032
eighth_synthetic,CHEMBL1868,35803,2,0.2,4.0,43,42,-1,9,1,8,6,7,0.9288274837521434,0.9574685543631516
eighth_synthetic,CHEMBL1868,35803,2,0.2,6.0,43,42,-1,9,1,8,6,7,0.9429979322383483,0.9631356816812742
eighth_synthetic,CHEMBL1868,35803,2,0.3,4.0,41,42,1,10,2,8,7,6,0.904301602274089,0.9556168972002033
eighth_synthetic,CHEMBL1868,35803,2,0.3,6.0,41,42,1,11,2,9,8,7,0.8396830665991787,0.9525312843312431
eighth_synthetic,CHEMBL1868,35803,3,0.2,4.0,42,42,0,10,2,8,7,7,0.904301602274089,0.9378942168250971
eighth_synthetic,CHEMBL1868,35803,3,0.2,6.0,42,42,0,10,2,8,7,7,0.9214705687590966,0.9453953885801868
eighth_synthetic,CHEMBL1868,35803,3,0.3,4.0,41,42,1,10,2,8,7,6,0.9078420823412549,0.9589401873500991
eighth_synthetic,CHEMBL1868,35803,3,0.3,6.0,41,42,1,11,2,9,8,7,0.8402339946234032,0.9529684595283568
eighth_synthetic,CHEMBL1868,35803,4,0.2,4.0,42,43,1,10,2,8,8,7,0.9003555181069386,0.9430058687876828
eighth_synthetic,CHEMBL1868,35803,4,0.2,6.0,42,43,1,10,2,8,8,7,0.9052098907034821,0.9461235920681584
eighth_synthetic,CHEMBL1868,35803,4,0.3,4.0,42,41,-1,11,2,9,7,8,0.9076574541920412,0.944622809835601
eighth_synthetic,CHEMBL1868,35803,4,0.3,6.0,42,41,-1,11,2,9,7,8,0.9277788526334318,0.95093085945917
eighth_synthetic,CHEMBL1868,35803,5,0.2,4.0,42,42,0,10,2,8,7,7,0.9052244583476374,0.9389383553525397
eighth_synthetic,CHEMBL1868,35803,5,0.2,6.0,42,42,0,10,2,8,7,7,0.9216074987576635,0.9455436804356697
eighth_synthetic,CHEMBL1868,35803,5,0.3,4.0,42,41,-1,11,2,9,7,8,0.9076574541920412,0.944622809835601
eighth_synthetic,CHEMBL1868,35803,5,0.3,6.0,42,41,-1,11,2,9,7,8,0.9277788526334318,0.95093085945917
eighth_synthetic,CHEMBL1868,35803,6,0.2,4.0,42,42,0,10,2,8,7,7,0.9040970470351123,0.943242775786778
eighth_synthetic,CHEMBL1868,35803,6,0.2,6.0,42,42,0,10,2,8,7,7,0.9214965017869229,0.9461614495360984
eighth_synthetic,CHEMBL1868,35803,6,0.3,4.0,41,41,0,11,2,9,7,7,0.9110324440954117,0.9463580056602846
eighth_synthetic,CHEMBL1868,35803,6,0.3,6.0,41,41,0,11,2,9,7,7,0.9284198132215683,0.9533077296697332
eighth_synthetic,CHEMBL1868,35803,7,0.2,4.0,42,43,1,10,3,7,8,7,0.8843143022343163,0.9384625142674308
eighth_synthetic,CHEMBL1868,35803,7,0.2,6.0,42,43,1,10,2,8,8,7,0.8250627713822615,0.9454714480761209
eighth_synthetic,CHEMBL1868,35803,7,0.3,4.0,41,42,1,10,2,8,7,6,0.904301602274089,0.9556168972002033
eighth_synthetic,CHEMBL1868,35803,7,0.3,6.0,41,42,1,11,2,9,8,7,0.8396830665991787,0.9525312843312431
eighth_synthetic,CHEMBL1868,35803,8,0.2,4.0,42,42,0,10,2,8,7,7,0.9005565669679465,0.9399194856368821
eighth_synthetic,CHEMBL1868,35803,8,0.2,6.0,42,42,0,10,2,8,7,7,0.920890480960276,0.9456805568192733
eighth_synthetic,CHEMBL1868,35803,8,0.3,4.0,41,41,0,11,2,9,7,7,0.9069748657856714,0.9423876159536132
eighth_synthetic,CHEMBL1868,35803,8,0.3,6.0,41,41,0,11,2,9,7,7,0.9277444033804652,0.9527357436949078
eighth_synthetic,CHEMBL1868,35803,9,0.2,4.0,42,43,1,10,3,7,8,7,0.8896848631069385,0.9373182514577744
eighth_synthetic,CHEMBL1868,35803,9,0.2,6.0,42,43,1,10,2,8,8,7,0.825907570203482,0.9453090795892523
eighth_synthetic,CHEMBL1868,35803,9,0.3,4.0,41,41,0,11,2,9,7,7,0.9069748657856714,0.9423876159536132
eighth_synthetic,CHEMBL1868,35803,9,0.3,6.0,41,41,0,11,2,9,7,7,0.9277444033804652,0.9527357436949078
eighth_synthetic,CHEMBL1871,35803,0,0.2,4.0,35,38,3,19,3,16,16,13,0.692049733039252,0.8933652368552729
eighth_synthetic,CHEMBL1871,35803,0,0.2,6.0,35,39,4,21,3,18,17,13,0.6698134388439743,0.9055215483903941
eighth_synthetic,CHEMBL1871,35803,0,0.3,4.0,35,38,3,23,3,20,17,14,0.761376343086921,0.9088278402059299
eighth_synthetic,CHEMBL1871,35803,0,0.3,6.0,35,39,4,24,3,21,18,14,0.7330289881840115,0.9175189236156953
eighth_synthetic,CHEMBL1871,35803,1,0.2,4.0,36,37,1,20,3,17,15,14,0.7201663691947012,0.9053634170409299
eighth_synthetic,CHEMBL1871,35803,1,0.2,6.0,36,38,2,22,2,20,16,14,0.6944487246783793,0.9175975604130322
eighth_synthetic,CHEMBL1871,35803,1,0.3,4.0,33,36,3,20,4,16,15,12,0.777597780382494,0.9113220634400288
eighth_synthetic,CHEMBL1871,35803,1,0.3,6.0,32,37,5,24,5,19,17,12,0.7596433707641147,0.9129412038324993
eighth_synthetic,CHEMBL1871,35803,2,0.2,4.0,35,38,3,20,3,17,16,13,0.7574585344533027,0.899897173405067
eighth_synthetic,CHEMBL1871,35803,2,0.2,6.0,35,38,3,20,3,17,16,13,0.7571365672664877,0.9038322010892419
eighth_synthetic,CHEMBL1871,35803,2,0.3,4.0,34,39,5,23,4,19,18,13,0.775070198757156,0.89805982834321
eighth_synthetic,CHEMBL1871,35803,2,0.3,6.0,34,39,5,23,4,19,18,13,0.7819532603491568,0.9035851671816587
eighth_synthetic,CHEMBL1871,35803,3,0.2,4.0,36,38,2,19,2,17,15,13,0.7645101483628435,0.8983752635240737
eighth_synthetic,CHEMBL1871,35803,3,0.2,6.0,35,40,5,22,3,19,18,13,0.7049710201869621,0.8967753083496736
eighth_synthetic,CHEMBL1871,35803,3,0.3,4.0,34,40,6,23,4,19,19,13,0.7697875691797921,0.9075091266657
eighth_synthetic,CHEMBL1871,35803,3,0.3,6.0,34,40,6,23,4,19,19,13,0.774843624098035,0.9154432690611486
eighth_synthetic,CHEMBL1871,35803,4,0.2,4.0,36,38,2,23,4,19,17,15,0.730415642005879,0.8925070744349884
eighth_synthetic,CHEMBL1871,35803,4,0.2,6.0,35,37,2,23,4,19,16,14,0.7495311003522873,0.9075646160057026
eighth_synthetic,CHEMBL1871,35803,4,0.3,4.0,34,38,4,21,3,18,17,13,0.780112945536296,0.9004469144606511
eighth_synthetic,CHEMBL1871,35803,4,0.3,6.0,33,38,5,22,4,18,17,12,0.7611563392798684,0.9186469506117344
eighth_synthetic,CHEMBL1871,35803,5,0.2,4.0,35,39,4,21,3,18,18,14,0.7707528463780504,0.8941941311228312
eighth_synthetic,CHEMBL1871,35803,5,0.2,6.0,35,39,4,21,3,18,18,14,0.7722756960131074,0.9028343248563677
eighth_synthetic,CHEMBL1871,35803,5,0.3,4.0,34,40,6,20,3,17,18,12,0.7440305173160133,0.9003025096436585
eighth_synthetic,CHEMBL1871,35803,5,0.3,6.0,33,40,7,22,3,19,19,12,0.7220963802864501,0.9063176748430014
eighth_synthetic,CHEMBL1871,35803,6,0.2,4.0,35,38,3,21,4,17,17,14,0.7505502749293538,0.8857956250967627
eighth_synthetic,CHEMBL1871,35803,6,0.2,6.0,34,37,3,22,4,18,16,13,0.776813521550492,0.9035586562928404
eighth_synthetic,CHEMBL1871,35803,6,0.3,4.0,34,40,6,21,3,18,19,13,0.7190420150628699,0.9050342082573903
eighth_synthetic,CHEMBL1871,35803,6,0.3,6.0,34,40,6,22,3,19,19,13,0.7302799211947136,0.9125130522990617
eighth_synthetic,CHEMBL1871,35803,7,0.2,4.0,35,40,5,21,3,18,18,13,0.7450039609197304,0.8897018727637551
eighth_synthetic,CHEMBL1871,35803,7,0.2,6.0,35,39,4,22,3,19,18,14,0.7511208832778713,0.9001261954316452
eighth_synthetic,CHEMBL1871,35803,7,0.3,4.0,33,37,4,21,3,18,16,12,0.7423564982153755,0.9040608986488595
eighth_synthetic,CHEMBL1871,35803,7,0.3,6.0,32,37,5,22,4,18,16,11,0.7273754222024842,0.9213112475099898
eighth_synthetic,CHEMBL1871,35803,8,0.2,4.0,35,40,5,20,3,17,18,13,0.7440305173160133,0.8993136698180602
eighth_synthetic,CHEMBL1871,35803,8,0.2,6.0,35,41,6,21,3,18,19,13,0.7083653494025761,0.9067715059780542
eighth_synthetic,CHEMBL1871,35803,8,0.3,4.0,33,35,2,22,5,17,15,13,0.7485582712963015,0.9208518942370418
eighth_synthetic,CHEMBL1871,35803,8,0.3,6.0,33,37,4,23,4,19,17,13,0.6955800610915058,0.9226429991430518
eighth_synthetic,CHEMBL1871,35803,9,0.2,4.0,36,39,3,20,3,17,17,14,0.7392270543160133,0.893752078381372
eighth_synthetic,CHEMBL1871,35803,9,0.2,6.0,35,38,3,22,3,19,17,14,0.7598025052786942,0.8996443531408329
eighth_synthetic,CHEMBL1871,35803,9,0.3,4.0,35,40,5,21,3,18,19,14,0.744206863158108,0.9060425112513733
eighth_synthetic,CHEMBL1871,35803,9,0.3,6.0,35,40,5,22,3,19,19,14,0.75430091255835,0.9134921682609716
eighth_synthetic,CHEMBL1873,35803,0,0.2,4.0,27,26,-1,14,6,8,6,7,0.44293948328571425,0.44717750705000003
eighth_synthetic,CHEMBL1873,35803,0,0.2,6.0,27,26,-1,15,6,9,6,7,0.44605229849837147,0.47087828010214017
eighth_synthetic,CHEMBL1873,35803,0,0.3,4.0,26,26,0,14,5,9,6,6,0.5010687178810614,0.5094154195723337
eighth_synthetic,CHEMBL1873,35803,0,0.3,6.0,26,27,1,13,5,8,7,6,0.4781232360307693,0.5464209513229248
eighth_synthetic,CHEMBL1873,35803,1,0.2,4.0,27,26,-1,14,5,9,6,7,0.4466715761915543,0.45579904250827924
eighth_synthetic,CHEMBL1873,35803,1,0.2,6.0,27,26,-1,13,5,8,6,7,0.4768671975692308,0.48137819195384624
eighth_synthetic,CHEMBL1873,35803,1,0.3,4.0,26,26,0,14,5,9,6,6,0.5010687178810614,0.5094154195723337
eighth_synthetic,CHEMBL1873,35803,1,0.3,6.0,26,27,1,14,5,9,7,6,0.47894526999111225,0.564725819287866
eighth_synthetic,CHEMBL1873,35803,2,0.2,4.0,27,26,-1,14,6,8,6,7,0.4429173464142857,0.44717750705000003
eighth_synthetic,CHEMBL1873,35803,2,0.2,6.0,27,26,-1,15,6,9,6,7,0.44603163741837143,0.47087828010214017
eighth_synthetic,CHEMBL1873,35803,2,0.3,4.0,27,26,-1,14,5,9,6,7,0.44669371306298294,0.45579904250827924
eighth_synthetic,CHEMBL1873,35803,2,0.3,6.0,27,26,-1,14,5,9,6,7,0.47780108543396943,0.504328971302293
eighth_synthetic,CHEMBL1873,35803,3,0.2,4.0,26,26,0,14,6,8,6,6,0.49731448810379286,0.5007938841140546
eighth_synthetic,CHEMBL1873,35803,3,0.2,6.0,26,27,1,15,6,9,7,6,0.4471202040850381,0.5272486715553416
eighth_synthetic,CHEMBL1873,35803,3,0.3,4.0,27,26,-1,14,5,9,6,7,0.4466715761915543,0.45579904250827924
eighth_synthetic,CHEMBL1873,35803,3,0.3,6.0,27,26,-1,14,5,9,6,7,0.47777894856254083,0.504328971302293
eighth_synthetic,CHEMBL1873,35803,4,0.2,4.0,26,26,0,14,6,8,6,6,0.49731448810379286,0.5007938841140546
eighth_synthetic,CHEMBL1873,35803,4,0.2,6.0,26,27,1,15,6,9,7,6,0.4471202040850381,0.5272486715553416
eighth_synthetic,CHEMBL1873,35803,4,0.3,4.0,27,26,-1,14,5,9,6,7,0.44670710966298294,0.45579904250827924
eighth_synthetic,CHEMBL1873,35803,4,0.3,6.0,27,26,-1,13,5,8,6,7,0.47690546438461545,0.48137819195384624
eighth_synthetic,CHEMBL1873,35803,5,0.2,4.0,27,26,-1,14,6,8,6,7,0.49709138303321865,0.5015189839576545
eighth_synthetic,CHEMBL1873,35803,5,0.2,6.0,27,26,-1,14,6,8,6,7,0.5057205925264364,0.5094011332175647
eighth_synthetic,CHEMBL1873,35803,5,0.3,4.0,26,26,0,14,5,9,6,6,0.5552206176285658,0.5637568964799882
eighth_synthetic,CHEMBL1873,35803,5,0.3,6.0,26,27,1,13,5,8,7,6,0.5457336613669316,0.6134310102726098
eighth_synthetic,CHEMBL1873,35803,6,0.2,4.0,26,26,0,14,6,8,6,6,0.49731448810379286,0.5007938841140546
eighth_synthetic,CHEMBL1873,35803,6,0.2,6.0,26,27,1,14,6,8,7,6,0.4440836678428572,0.507574355035573
eighth_synthetic,CHEMBL1873,35803,6,0.3,4.0,26,26,0,14,6,8,6,6,0.5514663878512972,0.555135361021709
eighth_synthetic,CHEMBL1873,35803,6,0.3,6.0,26,27,1,14,6,8,7,6,0.5068647770835792,0.5697979812031376
eighth_synthetic,CHEMBL1873,35803,7,0.2,4.0,27,26,-1,14,5,9,6,7,0.4466715761915543,0.45579904250827924
eighth_synthetic,CHEMBL1873,35803,7,0.2,6.0,27,26,-1,14,5,9,6,7,0.47777894856254083,0.504328971302293
eighth_synthetic,CHEMBL1873,35803,7,0.3,4.0,26,26,0,14,6,8,6,6,0.49733662497522146,0.5007938841140546
eighth_synthetic,CHEMBL1873,35803,7,0.3,6.0,26,27,1,15,6,9,7,6,0.44714086516503815,0.5272486715553416
eighth_synthetic,CHEMBL1873,35803,8,0.2,4.0,27,26,-1,14,5,9,6,7,0.4466715761915543,0.45579904250827924
eighth_synthetic,CHEMBL1873,35803,8,0.2,6.0,27,26,-1,13,5,8,6,7,0.4768671975692308,0.48137819195384624
eighth_synthetic,CHEMBL1873,35803,8,0.3,4.0,27,26,-1,14,6,8,6,7,0.44293948328571425,0.44717750705000003
eighth_synthetic,CHEMBL1873,35803,8,0.3,6.0,27,26,-1,15,6,9,6,7,0.44605229849837147,0.47087828010214017
eighth_synthetic,CHEMBL1873,35803,9,0.2,4.0,26,26,0,14,6,8,6,6,0.5514663878512972,0.555135361021709
eighth_synthetic,CHEMBL1873,35803,9,0.2,6.0,26,27,1,14,6,8,7,6,0.5068647770835792,0.5697979812031376
eighth_synthetic,CHEMBL1873,35803,9,0.3,4.0,26,26,0,14,5,9,6,6,0.50109085475249,0.5094154195723337
eighth_synthetic,CHEMBL1873,35803,9,0.3,6.0,26,27,1,13,5,8,7,6,0.4781470757384616,0.5464209513229248
eighth_synthetic,CHEMBL1889,35803,0,0.2,4.0,47,47,0,17,6,11,16,16,0.9498276323529412,0.9777291586740771
eighth_synthetic,CHEMBL1889,35803,0,0.2,6.0,46,46,0,18,7,11,16,16,0.9521564598101769,0.980390768008978
eighth_synthetic,CHEMBL1889,35803,0,0.3,4.0,46,46,0,18,7,11,16,16,0.9504914596385513,0.9769603838137828
eighth_synthetic,CHEMBL1889,35803,0,0.3,6.0,46,45,-1,18,6,12,15,16,0.9572189902703769,0.9808724956102084
eighth_synthetic,CHEMBL1889,35803,1,0.2,4.0,47,47,0,17,6,11,16,16,0.9498276323529412,0.9777291586740771
eighth_synthetic,CHEMBL1889,35803,1,0.2,6.0,47,47,0,17,6,11,16,16,0.9498276323529412,0.9800452509598246
eighth_synthetic,CHEMBL1889,35803,1,0.3,4.0,46,47,1,18,7,11,17,16,0.9481137494444444,0.9748522533719401
eighth_synthetic,CHEMBL1889,35803,1,0.3,6.0,46,46,0,18,7,11,16,16,0.9522384819058103,0.9805589629902453
eighth_synthetic,CHEMBL1889,35803,2,0.2,4.0,47,47,0,17,6,11,16,16,0.9498276323529412,0.9774252961399705
eighth_synthetic,CHEMBL1889,35803,2,0.2,6.0,47,46,-1,17,6,11,15,16,0.9538289769534025,0.9800004553810145
eighth_synthetic,CHEMBL1889,35803,2,0.3,4.0,47,47,0,17,6,11,16,16,0.9498276323529412,0.9777291586740771
eighth_synthetic,CHEMBL1889,35803,2,0.3,6.0,47,47,0,17,6,11,16,16,0.9498276323529412,0.9800452509598246
eighth_synthetic,CHEMBL1889,35803,3,0.2,4.0,47,47,0,17,6,11,16,16,0.9498276323529412,0.9777291586740771
eighth_synthetic,CHEMBL1889,35803,3,0.2,6.0,46,46,0,18,7,11,16,16,0.9521564598101769,0.980390768008978
eighth_synthetic,CHEMBL1889,35803,3,0.3,4.0,46,47,1,18,7,11,17,16,0.9481137494444444,0.9761332106577115
eighth_synthetic,CHEMBL1889,35803,3,0.3,6.0,46,46,0,18,7,11,16,16,0.951892797122658,0.9807527259885706
eighth_synthetic,CHEMBL1889,35803,4,0.2,4.0,46,46,0,18,7,11,16,16,0.9504914596385513,0.9769603838137828
eighth_synthetic,CHEMBL1889,35803,4,0.2,6.0,46,45,-1,18,6,12,15,16,0.9572189902703769,0.9808724956102084
eighth_synthetic,CHEMBL1889,35803,4,0.3,4.0,46,47,1,18,7,11,17,16,0.9481137494444444,0.9761332106577115
eighth_synthetic,CHEMBL1889,35803,4,0.3,6.0,46,46,0,18,7,11,16,16,0.951892797122658,0.9807527259885706
eighth_synthetic,CHEMBL1889,35803,5,0.2,4.0,46,47,1,18,7,11,17,16,0.9481137494444444,0.9748522533719401
eighth_synthetic,CHEMBL1889,35803,5,0.2,6.0,46,46,0,18,7,11,16,16,0.9522384819058103,0.9805589629902453
eighth_synthetic,CHEMBL1889,35803,5,0.3,4.0,46,47,1,18,7,11,17,16,0.9481137494444444,0.9761332106577115
eighth_synthetic,CHEMBL1889,35803,5,0.3,6.0,46,46,0,18,7,11,16,16,0.951892797122658,0.9807527259885706
eighth_synthetic,CHEMBL1889,35803,6,0.2,4.0,47,47,0,17,6,11,16,16,0.9498276323529412,0.9777291586740771
eighth_synthetic,CHEMBL1889,35803,6,0.2,6.0,46,46,0,18,7,11,16,16,0.9521564598101769,0.980390768008978
eighth_synthetic,CHEMBL1889,35803,6,0.3,4.0,47,47,0,17,6,11,16,16,0.9498276323529412,0.9777291586740771
eighth_synthetic,CHEMBL1889,35803,6,0.3,6.0,46,46,0,18,7,11,16,16,0.9521564598101769,0.980390768008978
eighth_synthetic,CHEMBL1889,35803,7,0.2,4.0,47,47,0,17,6,11,16,16,0.9498276323529412,0.9760689884256244
eighth_synthetic,CHEMBL1889,35803,7,0.2,6.0,47,46,-1,17,6,11,15,16,0.9541949961355639,0.9797952945592586
eighth_synthetic,CHEMBL1889,35803,7,0.3,4.0,46,47,1,18,7,11,17,16,0.9481137494444444,0.9748522533719401
eighth_synthetic,CHEMBL1889,35803,7,0.3,6.0,46,46,0,18,7,11,16,16,0.9522384819058103,0.9805589629902453
eighth_synthetic,CHEMBL1889,35803,8,0.2,4.0,46,47,1,18,7,11,17,16,0.9481137494444444,0.9745652720897284
eighth_synthetic,CHEMBL1889,35803,8,0.2,6.0,46,45,-1,18,6,12,15,16,0.9568287379173572,0.9805166560547024
eighth_synthetic,CHEMBL1889,35803,8,0.3,4.0,48,47,-1,16,5,11,15,16,0.951869953125,0.97920174625
eighth_synthetic,CHEMBL1889,35803,8,0.3,6.0,47,46,-1,17,6,11,15,16,0.9541081492107757,0.9796172057555637
eighth_synthetic,CHEMBL1889,35803,9,0.2,4.0,46,47,1,18,7,11,17,16,0.9481137494444444,0.9748522533719401
eighth_synthetic,CHEMBL1889,35803,9,0.2,6.0,46,46,0,18,7,11,16,16,0.9522384819058103,0.9805589629902453
eighth_synthetic,CHEMBL1889,35803,9,0.3,4.0,47,46,-1,17,6,11,15,16,0.9523452078525838,0.978604989074623
eighth_synthetic,CHEMBL1889,35803,9,0.3,6.0,46,45,-1,18,6,12,15,16,0.9574826529578958,0.9805105376306158
eighth_synthetic,CHEMBL1898,35803,0,0.2,4.0,46,48,2,9,3,6,9,7,0.94657622,0.9711687172137446
eighth_synthetic,CHEMBL1898,35803,0,0.2,6.0,46,48,2,9,3,6,9,7,0.94657622,0.9712016598978521
eighth_synthetic,CHEMBL1898,35803,0,0.3,4.0,46,47,1,8,2,6,8,7,0.95430079375,0.9765834200000001
eighth_synthetic,CHEMBL1898,35803,0,0.3,6.0,45,46,1,10,3,7,9,8,0.9543256503708921,0.9780034508687704
eighth_synthetic,CHEMBL1898,35803,1,0.2,4.0,46,47,1,9,2,7,8,7,0.9528755764845565,0.9735534845212857
eighth_synthetic,CHEMBL1898,35803,1,0.2,6.0,46,47,1,9,2,7,8,7,0.9584515001385624,0.9783881494108202
eighth_synthetic,CHEMBL1898,35803,1,0.3,4.0,45,47,2,8,2,6,8,6,0.95430079375,0.9777151193654627
eighth_synthetic,CHEMBL1898,35803,1,0.3,6.0,45,47,2,9,2,7,8,6,0.957618855967658,0.979386884196486
eighth_synthetic,CHEMBL1898,35803,2,0.2,4.0,46,48,2,9,3,6,9,7,0.94657622,0.9711687172137446
eighth_synthetic,CHEMBL1898,35803,2,0.2,6.0,46,48,2,9,3,6,9,7,0.94657622,0.9712016598978521
eighth_synthetic,CHEMBL1898,35803,2,0.3,4.0,45,47,2,8,2,6,8,6,0.95430079375,0.9777151193654627
eighth_synthetic,CHEMBL1898,35803,2,0.3,6.0,45,47,2,9,2,7,8,6,0.957618855967658,0.979386884196486
eighth_synthetic,CHEMBL1898,35803,3,0.2,4.0,46,48,2,9,3,6,9,7,0.94657622,0.9711687172137446
eighth_synthetic,CHEMBL1898,35803,3,0.2,6.0,46,48,2,9,3,6,9,7,0.94657622,0.9712016598978521
eighth_synthetic,CHEMBL1898,35803,3,0.3,4.0,45,46,1,10,3,7,9,8,0.9500566988361008,0.9736883990691572
eighth_synthetic,CHEMBL1898,35803,3,0.3,6.0,45,46,1,11,3,8,9,8,0.9577194231778166,0.9793509539440989
eighth_synthetic,CHEMBL1898,35803,4,0.2,4.0,46,47,1,9,2,7,8,7,0.9528755764845565,0.9735534845212857
eighth_synthetic,CHEMBL1898,35803,4,0.2,6.0,46,47,1,9,2,7,8,7,0.9584515001385624,0.9783881494108202
eighth_synthetic,CHEMBL1898,35803,4,0.3,4.0,46,48,2,9,3,6,9,7,0.94657622,0.9711687172137446
eighth_synthetic,CHEMBL1898,35803,4,0.3,6.0,45,47,2,8,2,6,8,6,0.95430079375,0.9777521798850837
eighth_synthetic,CHEMBL1898,35803,5,0.2,4.0,46,48,2,9,3,6,9,7,0.94657622,0.9711687172137446
eighth_synthetic,CHEMBL1898,35803,5,0.2,6.0,46,48,2,9,3,6,9,7,0.94657622,0.9712016598978521
eighth_synthetic,CHEMBL1898,35803,5,0.3,4.0,45,46,1,10,3,7,9,8,0.9524277064010473,0.9762508005918671
eighth_synthetic,CHEMBL1898,35803,5,0.3,6.0,45,46,1,11,3,8,9,8,0.9578663607618535,0.9796879645026451
eighth_synthetic,CHEMBL1898,35803,6,0.2,4.0,46,47,1,9,2,7,8,7,0.9528755764845565,0.9735534845212857
eighth_synthetic,CHEMBL1898,35803,6,0.2,6.0,46,47,1,9,2,7,8,7,0.9584515001385624,0.9783881494108202
eighth_synthetic,CHEMBL1898,35803,6,0.3,4.0,46,47,1,9,2,7,8,7,0.9528755764845565,0.9735534845212857
eighth_synthetic,CHEMBL1898,35803,6,0.3,6.0,45,46,1,10,3,7,9,8,0.955075030124706,0.9780395974697382
eighth_synthetic,CHEMBL1898,35803,7,0.2,4.0,46,48,2,9,3,6,9,7,0.94657622,0.9711687172137446
eighth_synthetic,CHEMBL1898,35803,7,0.2,6.0,46,48,2,9,3,6,9,7,0.94657622,0.9712016598978521
eighth_synthetic,CHEMBL1898,35803,7,0.3,4.0,45,46,1,10,3,7,9,8,0.9500566988361008,0.9736883990691572
eighth_synthetic,CHEMBL1898,35803,7,0.3,6.0,45,46,1,11,3,8,9,8,0.9577194231778166,0.9793509539440989
eighth_synthetic,CHEMBL1898,35803,8,0.2,4.0,47,48,1,9,3,6,9,8,0.94657622,0.9701627622222221
eighth_synthetic,CHEMBL1898,35803,8,0.2,6.0,46,47,1,8,2,6,8,7,0.95430079375,0.9765834200000001
eighth_synthetic,CHEMBL1898,35803,8,0.3,4.0,46,47,1,9,2,7,8,7,0.955510029334497,0.9764005973242966
eighth_synthetic,CHEMBL1898,35803,8,0.3,6.0,45,46,1,10,3,7,9,8,0.9552366614671467,0.9784103090841392
eighth_synthetic,CHEMBL1898,35803,9,0.2,4.0,46,47,1,9,2,7,8,7,0.955510029334497,0.9764005973242966
eighth_synthetic,CHEMBL1898,35803,9,0.2,6.0,46,47,1,9,2,7,8,7,0.9586310905190518,0.9788000512045991
eighth_synthetic,CHEMBL1898,35803,9,0.3,4.0,45,46,1,10,3,7,9,8,0.9524277064010473,0.9762508005918671
eighth_synthetic,CHEMBL1898,35803,9,0.3,6.0,45,46,1,11,3,8,9,8,0.9578663607618535,0.9796879645026451
eighth_synthetic,CHEMBL1899,35803,0,0.2,4.0,38,39,1,11,1,10,10,9,0.8169436745454544,0.9181181084629095
eighth_synthetic,CHEMBL1899,35803,0,0.2,6.0,38,39,1,12,1,11,10,9,0.8076936550565103,0.9196254693097002
eighth_synthetic,CHEMBL1899,35803,0,0.3,4.0,38,39,1,14,2,12,11,10,0.7898556165393751,0.8656777456317121
eighth_synthetic,CHEMBL1899,35803,0,0.3,6.0,38,39,1,14,2,12,11,10,0.7880478466358314,0.8871292733305312
eighth_synthetic,CHEMBL1899,35803,1,0.2,4.0,39,40,1,12,1,11,11,10,0.7987641774999998,0.9113771130453915
eighth_synthetic,CHEMBL1899,35803,1,0.2,6.0,39,39,0,12,1,11,10,10,0.8324249738515644,0.928561642970558
eighth_synthetic,CHEMBL1899,35803,1,0.3,4.0,38,39,1,13,2,11,11,10,0.773772315682344,0.8895335404643249
eighth_synthetic,CHEMBL1899,35803,1,0.3,6.0,38,40,2,14,2,12,12,10,0.7312409800484373,0.8948850058850869
eighth_synthetic,CHEMBL1899,35803,2,0.2,4.0,38,38,0,12,2,10,10,10,0.7871867012171734,0.8715294303634468
eighth_synthetic,CHEMBL1899,35803,2,0.2,6.0,38,38,0,13,2,11,10,10,0.811935795948673,0.8852491169623301
eighth_synthetic,CHEMBL1899,35803,2,0.3,4.0,38,40,2,14,2,12,12,10,0.7540751845621765,0.865739715740486
eighth_synthetic,CHEMBL1899,35803,2,0.3,6.0,38,40,2,14,2,12,12,10,0.7452408797299123,0.8871378241878712
eighth_synthetic,CHEMBL1899,35803,3,0.2,4.0,39,40,1,13,2,11,11,10,0.773772315682344,0.8736722973874019
eighth_synthetic,CHEMBL1899,35803,3,0.2,6.0,39,41,2,13,2,11,12,10,0.7331869446153844,0.8815656313202778
eighth_synthetic,CHEMBL1899,35803,3,0.3,4.0,39,40,1,14,2,12,11,10,0.7816611129679465,0.8818681404805362
eighth_synthetic,CHEMBL1899,35803,3,0.3,6.0,39,41,2,14,2,12,12,10,0.7510012319059188,0.8899120970957826
eighth_synthetic,CHEMBL1899,35803,4,0.2,4.0,38,38,0,12,2,10,10,10,0.7871867012171734,0.8715294303634468
eighth_synthetic,CHEMBL1899,35803,4,0.2,6.0,38,38,0,13,2,11,10,10,0.811935795948673,0.8852491169623301
eighth_synthetic,CHEMBL1899,35803,4,0.3,4.0,38,38,0,13,2,11,10,10,0.8123050885808655,0.8894668034241069
eighth_synthetic,CHEMBL1899,35803,4,0.3,6.0,38,39,1,13,2,11,11,10,0.7792867551294511,0.8974176657816036
eighth_synthetic,CHEMBL1899,35803,5,0.2,4.0,38,38,0,13,2,11,10,10,0.7796623591135811,0.8729676775525744
eighth_synthetic,CHEMBL1899,35803,5,0.2,6.0,38,39,1,13,2,11,11,10,0.770075564358048,0.8946141237127835
eighth_synthetic,CHEMBL1899,35803,5,0.3,4.0,38,38,0,12,1,11,10,10,0.8063125561558726,0.932827858076176
eighth_synthetic,CHEMBL1899,35803,5,0.3,6.0,38,39,1,12,1,11,11,10,0.7623450708333331,0.9468049316226913
eighth_synthetic,CHEMBL1899,35803,6,0.2,4.0,38,38,0,12,2,10,10,10,0.7871867012171734,0.8715294303634468
eighth_synthetic,CHEMBL1899,35803,6,0.2,6.0,38,38,0,13,2,11,10,10,0.8045935538945597,0.8836503210735924
eighth_synthetic,CHEMBL1899,35803,6,0.3,4.0,39,40,1,14,2,12,11,10,0.76526752302049,0.8735609133761971
eighth_synthetic,CHEMBL1899,35803,6,0.3,6.0,39,40,1,14,2,12,11,10,0.8010784502383922,0.8883681186885812
eighth_synthetic,CHEMBL1899,35803,7,0.2,4.0,39,39,0,13,2,11,10,10,0.8123050885808655,0.8736055603471838
eighth_synthetic,CHEMBL1899,35803,7,0.2,6.0,39,40,1,13,2,11,11,10,0.7792867551294511,0.8815564227046806
eighth_synthetic,CHEMBL1899,35803,7,0.3,4.0,38,39,1,14,2,12,11,10,0.7898556165393751,0.8656777456317121
eighth_synthetic,CHEMBL1899,35803,7,0.3,6.0,38,39,1,14,2,12,11,10,0.7880478466358314,0.8871292733305312
eighth_synthetic,CHEMBL1899,35803,8,0.2,4.0,39,40,1,13,2,11,11,10,0.773772315682344,0.8736722973874019
eighth_synthetic,CHEMBL1899,35803,8,0.2,6.0,39,41,2,13,2,11,12,10,0.7331869446153844,0.8815656313202778
eighth_synthetic,CHEMBL1899,35803,8,0.3,4.0,39,40,1,13,2,11,11,10,0.7887604098215982,0.8812251786850307
eighth_synthetic,CHEMBL1899,35803,8,0.3,6.0,39,40,1,14,2,12,11,10,0.7898714469543563,0.881216019398933
eighth_synthetic,CHEMBL1899,35803,9,0.2,4.0,39,40,1,12,1,11,11,10,0.7808058208333332,0.9238994312755101
eighth_synthetic,CHEMBL1899,35803,9,0.2,6.0,39,40,1,12,1,11,11,10,0.7808058208333332,0.9308677567224085
eighth_synthetic,CHEMBL1899,35803,9,0.3,4.0,38,40,2,14,2,12,12,10,0.7540751845621765,0.865739715740486
eighth_synthetic,CHEMBL1899,35803,9,0.3,6.0,38,40,2,14,2,12,12,10,0.7452408797299123,0.8871378241878712
eighth_synthetic,CHEMBL1902,35803,0,0.2,4.0,31,31,0,7,1,6,4,4,0.4430479164428571,0.5797458368571429
eighth_synthetic,CHEMBL1902,35803,0,0.2,6.0,31,31,0,9,1,8,4,4,0.4892040242230506,0.6272405516117824
eighth_synthetic,CHEMBL1902,35803,0,0.3,4.0,31,31,0,7,1,6,4,4,0.4430479164428571,0.5797458368571429
eighth_synthetic,CHEMBL1902,35803,0,0.3,6.0,31,31,0,9,1,8,4,4,0.4892040242230506,0.6272405516117824
eighth_synthetic,CHEMBL1902,35803,1,0.2,4.0,31,31,0,9,1,8,4,4,0.4742783243645767,0.63077175512039
eighth_synthetic,CHEMBL1902,35803,1,0.2,6.0,31,31,0,8,1,7,4,4,0.479949684070711,0.6205405647951401
eighth_synthetic,CHEMBL1902,35803,1,0.3,4.0,31,31,0,8,1,7,4,4,0.4888647989111524,0.6174846456413128
eighth_synthetic,CHEMBL1902,35803,1,0.3,6.0,31,31,0,8,1,7,4,4,0.45770455739022997,0.5985481786048948
eighth_synthetic,CHEMBL1902,35803,2,0.2,4.0,31,31,0,8,1,7,4,4,0.4888647989111524,0.6174846456413128
eighth_synthetic,CHEMBL1902,35803,2,0.2,6.0,31,31,0,8,1,7,4,4,0.45770455739022997,0.5985481786048948
eighth_synthetic,CHEMBL1902,35803,2,0.3,4.0,31,31,0,7,1,6,4,4,0.4430479164428571,0.5797458368571429
eighth_synthetic,CHEMBL1902,35803,2,0.3,6.0,31,31,0,9,1,8,4,4,0.49321152415102276,0.6217759500317649
eighth_synthetic,CHEMBL1902,35803,3,0.2,4.0,31,31,0,8,1,7,4,4,0.4323652428864963,0.5994111861191259
eighth_synthetic,CHEMBL1902,35803,3,0.2,6.0,31,31,0,9,1,8,4,4,0.5129849700892282,0.6413247377564273
eighth_synthetic,CHEMBL1902,35803,3,0.3,4.0,31,31,0,7,1,6,4,4,0.47252205642332173,0.6133035287479368
eighth_synthetic,CHEMBL1902,35803,3,0.3,6.0,31,31,0,8,1,7,4,4,0.5401256655431741,0.6854243666161508
eighth_synthetic,CHEMBL1902,35803,4,0.2,4.0,31,31,0,7,1,6,4,4,0.4430479164428571,0.5797458368571429
eighth_synthetic,CHEMBL1902,35803,4,0.2,6.0,31,31,0,9,1,8,4,4,0.49321152415102276,0.6217759500317649
eighth_synthetic,CHEMBL1902,35803,4,0.3,4.0,31,31,0,8,1,7,4,4,0.4323652428864963,0.5994111861191259
eighth_synthetic,CHEMBL1902,35803,4,0.3,6.0,31,31,0,9,1,8,4,4,0.5089774701612559,0.6467893393364448
eighth_synthetic,CHEMBL1902,35803,5,0.2,4.0,31,31,0,7,1,6,4,4,0.49368189372742427,0.684089538279001
eighth_synthetic,CHEMBL1902,35803,5,0.2,6.0,31,31,0,8,1,7,4,4,0.5495937286984409,0.710978296025035
eighth_synthetic,CHEMBL1902,35803,5,0.3,4.0,31,31,0,7,1,6,4,4,0.4430479164428571,0.5797458368571429
eighth_synthetic,CHEMBL1902,35803,5,0.3,6.0,31,31,0,9,1,8,4,4,0.4892040242230506,0.6272405516117824
eighth_synthetic,CHEMBL1902,35803,6,0.2,4.0,31,31,0,7,1,6,4,4,0.49368189372742427,0.684089538279001
eighth_synthetic,CHEMBL1902,35803,6,0.2,6.0,31,31,0,8,1,7,4,4,0.5495937286984409,0.710978296025035
eighth_synthetic,CHEMBL1902,35803,6,0.3,4.0,31,31,0,7,1,6,4,4,0.49368189372742427,0.684089538279001
eighth_synthetic,CHEMBL1902,35803,6,0.3,6.0,31,31,0,8,1,7,4,4,0.5495937286984409,0.710978296025035
eighth_synthetic,CHEMBL1902,35803,7,0.2,4.0,31,31,0,9,1,8,4,4,0.4348963420321355,0.5496155429033891
eighth_synthetic,CHEMBL1902,35803,7,0.2,6.0,31,31,0,9,1,8,4,4,0.42729820677617947,0.5468514571852092
eighth_synthetic,CHEMBL1902,35803,7,0.3,4.0,31,31,0,7,1,6,4,4,0.4430479164428571,0.5797458368571429
eighth_synthetic,CHEMBL1902,35803,7,0.3,6.0,31,31,0,9,1,8,4,4,0.49321152415102276,0.6217759500317649
eighth_synthetic,CHEMBL1902,35803,8,0.2,4.0,31,31,0,8,1,7,4,4,0.4888647989111524,0.6174846456413128
eighth_synthetic,CHEMBL1902,35803,8,0.2,6.0,31,31,0,8,1,7,4,4,0.45770455739022997,0.5985481786048948
eighth_synthetic,CHEMBL1902,35803,8,0.3,4.0,31,31,0,9,1,8,4,4,0.4742783243645767,0.63077175512039
eighth_synthetic,CHEMBL1902,35803,8,0.3,6.0,31,31,0,8,1,7,4,4,0.479949684070711,0.6205405647951401
eighth_synthetic,CHEMBL1902,35803,9,0.2,4.0,31,31,0,7,1,6,4,4,0.49368189372742427,0.684089538279001
eighth_synthetic,CHEMBL1902,35803,9,0.2,6.0,31,31,0,8,1,7,4,4,0.5495937286984409,0.710978296025035
eighth_synthetic,CHEMBL1902,35803,9,0.3,4.0,31,31,0,8,1,7,4,4,0.45815511536940284,0.6287741665235705
eighth_synthetic,CHEMBL1902,35803,9,0.3,6.0,31,31,0,8,1,7,4,4,0.5623707922236552,0.7074167528063962
eighth_synthetic,CHEMBL1904,35803,0,0.2,4.0,30,32,2,8,0,8,7,5,0.5942600284128479,0.7853772519280287
eighth_synthetic,CHEMBL1904,35803,0,0.2,6.0,30,32,2,9,0,9,7,5,0.677797426382627,0.8341157041026208
eighth_synthetic,CHEMBL1904,35803,0,0.3,4.0,29,32,3,10,0,10,8,5,0.5804050627124514,0.8222170657861356
eighth_synthetic,CHEMBL1904,35803,0,0.3,6.0,29,32,3,11,0,11,8,5,0.6680416361118335,0.8629319923582283
eighth_synthetic,CHEMBL1904,35803,1,0.2,4.0,29,32,3,9,0,9,8,5,0.5560872141447536,0.8063541226795748
eighth_synthetic,CHEMBL1904,35803,1,0.2,6.0,29,32,3,10,0,10,8,5,0.6350881537443642,0.8497122210865438
eighth_synthetic,CHEMBL1904,35803,1,0.3,4.0,29,32,3,10,0,10,8,5,0.5885497671700517,0.8169747295875187
eighth_synthetic,CHEMBL1904,35803,1,0.3,6.0,29,33,4,11,0,11,9,5,0.587347587949422,0.8622109675270476
eighth_synthetic,CHEMBL1904,35803,2,0.2,4.0,30,32,2,8,0,8,7,5,0.6522008230497167,0.8093969202198766
eighth_synthetic,CHEMBL1904,35803,2,0.2,6.0,30,33,3,9,0,9,8,5,0.5903053793535376,0.8376111935338996
eighth_synthetic,CHEMBL1904,35803,2,0.3,4.0,29,32,3,9,0,9,8,5,0.6075901427108592,0.8293149307108367
eighth_synthetic,CHEMBL1904,35803,2,0.3,6.0,29,33,4,10,0,10,9,5,0.5563453114181838,0.8543307032293408
eighth_synthetic,CHEMBL1904,35803,3,0.2,4.0,29,32,3,9,0,9,8,5,0.5891022710913034,0.835122554352301
eighth_synthetic,CHEMBL1904,35803,3,0.2,6.0,29,32,3,10,0,10,8,5,0.6366143843968364,0.8544872968688886
eighth_synthetic,CHEMBL1904,35803,3,0.3,4.0,29,32,3,10,0,10,8,5,0.6468601185665739,0.8386869546061158
eighth_synthetic,CHEMBL1904,35803,3,0.3,6.0,29,33,4,11,0,11,9,5,0.6032759480153842,0.865998696735852
eighth_synthetic,CHEMBL1904,35803,4,0.2,4.0,29,32,3,8,0,8,8,5,0.5840677925,0.8171173759881168
eighth_synthetic,CHEMBL1904,35803,4,0.2,6.0,29,32,3,9,0,9,8,5,0.6153838871313153,0.8386387245069302
eighth_synthetic,CHEMBL1904,35803,4,0.3,4.0,30,32,2,10,0,10,7,5,0.6425031831368537,0.8208987263585513
eighth_synthetic,CHEMBL1904,35803,4,0.3,6.0,30,32,2,11,0,11,7,5,0.7278828434627423,0.8627603440919382
eighth_synthetic,CHEMBL1904,35803,5,0.2,4.0,30,32,2,9,0,9,7,5,0.6591031649132738,0.8274721254738324
eighth_synthetic,CHEMBL1904,35803,5,0.2,6.0,30,33,3,10,0,10,8,5,0.6225381073968363,0.8534627818405889
eighth_synthetic,CHEMBL1904,35803,5,0.3,4.0,30,32,2,10,1,9,7,5,0.5628877327124514,0.7408596939956422
eighth_synthetic,CHEMBL1904,35803,5,0.3,6.0,30,32,2,11,1,10,7,5,0.652116790657288,0.7869596204773773
eighth_synthetic,CHEMBL1904,35803,6,0.2,4.0,29,32,3,8,0,8,8,5,0.5734498175,0.8180036527081538
eighth_synthetic,CHEMBL1904,35803,6,0.2,6.0,29,32,3,9,0,9,8,5,0.6059456871313154,0.8387495435653436
eighth_synthetic,CHEMBL1904,35803,6,0.3,4.0,30,32,2,10,0,10,7,5,0.6349114871522248,0.8160407011715435
eighth_synthetic,CHEMBL1904,35803,6,0.3,6.0,30,33,3,11,0,11,8,5,0.6475228570209244,0.8620912851984759
eighth_synthetic,CHEMBL1904,35803,7,0.2,4.0,29,32,3,9,0,9,8,5,0.5891022710913034,0.835122554352301
eighth_synthetic,CHEMBL1904,35803,7,0.2,6.0,29,32,3,10,0,10,8,5,0.6366143843968364,0.8544872968688886
eighth_synthetic,CHEMBL1904,35803,7,0.3,4.0,29,32,3,9,0,9,8,5,0.6114382934742226,0.8320716145595254
eighth_synthetic,CHEMBL1904,35803,7,0.3,6.0,29,32,3,10,0,10,8,5,0.6441149698169226,0.8547147311961234
eighth_synthetic,CHEMBL1904,35803,8,0.2,4.0,30,32,2,8,0,8,7,5,0.6565299926585004,0.8124981895496513
eighth_synthetic,CHEMBL1904,35803,8,0.2,6.0,30,32,2,9,0,9,7,5,0.6878272220188029,0.8380378912747694
eighth_synthetic,CHEMBL1904,35803,8,0.3,4.0,29,32,3,10,0,10,8,5,0.646290777744245,0.8446633236858194
eighth_synthetic,CHEMBL1904,35803,8,0.3,6.0,29,32,3,11,0,11,8,5,0.6754785053554145,0.8668121515766437
eighth_synthetic,CHEMBL1904,35803,9,0.2,4.0,29,32,3,8,0,8,8,5,0.5734498175,0.8180036527081538
eighth_synthetic,CHEMBL1904,35803,9,0.2,6.0,29,32,3,9,0,9,8,5,0.6059456871313154,0.8387495435653436
eighth_synthetic,CHEMBL1904,35803,9,0.3,4.0,30,32,2,9,0,9,7,5,0.6898744050568919,0.8290139955584779
eighth_synthetic,CHEMBL1904,35803,9,0.3,6.0,30,32,2,10,0,10,7,5,0.7184346779029223,0.8536899101233095
eighth_synthetic,CHEMBL1906,35803,0,0.2,4.0,48,48,0,21,21,0,20,20,0.9576124490476191,0.9895265996686171
eighth_synthetic,CHEMBL1906,35803,0,0.2,6.0,46,48,2,22,22,0,21,19,0.9585164604545454,0.9904793170926657
eighth_synthetic,CHEMBL1906,35803,0,0.3,4.0,47,48,1,21,21,0,20,19,0.9576124490476191,0.9899348303830793
eighth_synthetic,CHEMBL1906,35803,0,0.3,6.0,46,48,2,22,22,0,21,19,0.9585164604545454,0.9910541336272435
eighth_synthetic,CHEMBL1906,35803,1,0.2,4.0,47,48,1,21,21,0,20,19,0.9576124490476191,0.9899898474968951
eighth_synthetic,CHEMBL1906,35803,1,0.2,6.0,46,48,2,22,22,0,21,19,0.9585164604545454,0.9906719791625275
eighth_synthetic,CHEMBL1906,35803,1,0.3,4.0,47,48,1,21,21,0,20,19,0.9576124490476191,0.9899348303830793
eighth_synthetic,CHEMBL1906,35803,1,0.3,6.0,45,48,3,23,23,0,22,19,0.9593681317391305,0.9908079596673608
eighth_synthetic,CHEMBL1906,35803,2,0.2,4.0,47,48,1,21,21,0,20,19,0.9576124490476191,0.9899348303830793
eighth_synthetic,CHEMBL1906,35803,2,0.2,6.0,47,48,1,21,21,0,20,19,0.9576124490476191,0.990915774556129
eighth_synthetic,CHEMBL1906,35803,2,0.3,4.0,46,48,2,22,22,0,21,19,0.9585164604545454,0.9895818658269185
eighth_synthetic,CHEMBL1906,35803,2,0.3,6.0,45,48,3,23,23,0,22,19,0.9593681317391305,0.9913458278500693
eighth_synthetic,CHEMBL1906,35803,3,0.2,4.0,48,48,0,21,21,0,20,20,0.9576124490476191,0.9895265996686171
eighth_synthetic,CHEMBL1906,35803,3,0.2,6.0,46,48,2,22,22,0,21,19,0.9585164604545454,0.9908782905520812
eighth_synthetic,CHEMBL1906,35803,3,0.3,4.0,47,48,1,21,21,0,20,19,0.9576124490476191,0.9899348303830793
eighth_synthetic,CHEMBL1906,35803,3,0.3,6.0,45,48,3,23,23,0,22,19,0.9593681317391305,0.9911895864546275
eighth_synthetic,CHEMBL1906,35803,4,0.2,4.0,47,48,1,21,21,0,20,19,0.9576124490476191,0.9897125163713509
eighth_synthetic,CHEMBL1906,35803,4,0.2,6.0,47,48,1,21,21,0,20,19,0.9576124490476191,0.990885059630329
eighth_synthetic,CHEMBL1906,35803,4,0.3,4.0,48,48,0,21,21,0,20,20,0.9576124490476191,0.9893042856568887
eighth_synthetic,CHEMBL1906,35803,4,0.3,6.0,47,48,1,21,21,0,20,19,0.9576124490476191,0.9907008430753971
eighth_synthetic,CHEMBL1906,35803,5,0.2,4.0,49,48,-1,20,20,0,19,20,0.9566616415,0.9894803014999999
eighth_synthetic,CHEMBL1906,35803,5,0.2,6.0,46,48,2,22,22,0,21,19,0.9585164604545454,0.990475997534944
eighth_synthetic,CHEMBL1906,35803,5,0.3,4.0,47,48,1,21,21,0,20,19,0.9576124490476191,0.9899348303830793
eighth_synthetic,CHEMBL1906,35803,5,0.3,6.0,45,48,3,23,23,0,22,19,0.9593681317391305,0.9911639352339808
eighth_synthetic,CHEMBL1906,35803,6,0.2,4.0,47,48,1,21,21,0,20,19,0.9576124490476191,0.9897627180665496
eighth_synthetic,CHEMBL1906,35803,6,0.2,6.0,46,48,2,22,22,0,21,19,0.9585164604545454,0.9910314563676771
eighth_synthetic,CHEMBL1906,35803,6,0.3,4.0,47,48,1,21,21,0,20,19,0.9576124490476191,0.9899348303830793
eighth_synthetic,CHEMBL1906,35803,6,0.3,6.0,46,48,2,22,22,0,21,19,0.9585164604545454,0.9910636733788994
eighth_synthetic,CHEMBL1906,35803,7,0.2,4.0,48,48,0,21,21,0,20,20,0.9576124490476191,0.9895265996686171
eighth_synthetic,CHEMBL1906,35803,7,0.2,6.0,47,48,1,21,21,0,20,19,0.9576124490476191,0.9907215639756527
eighth_synthetic,CHEMBL1906,35803,7,0.3,4.0,48,48,0,21,21,0,20,20,0.9576124490476191,0.9893544873520874
eighth_synthetic,CHEMBL1906,35803,7,0.3,6.0,45,48,3,23,23,0,22,19,0.9593681317391305,0.9906180706515333
eighth_synthetic,CHEMBL1906,35803,8,0.2,4.0,48,48,0,21,21,0,20,20,0.9576124490476191,0.9895265996686171
eighth_synthetic,CHEMBL1906,35803,8,0.2,6.0,46,48,2,22,22,0,21,19,0.9585164604545454,0.9904620396591001
eighth_synthetic,CHEMBL1906,35803,8,0.3,4.0,46,48,2,22,22,0,21,19,0.9585164604545454,0.9897461548563332
eighth_synthetic,CHEMBL1906,35803,8,0.3,6.0,45,48,3,23,23,0,22,19,0.9593681317391305,0.9913418679211815
eighth_synthetic,CHEMBL1906,35803,9,0.2,4.0,49,48,-1,20,20,0,19,20,0.9566616415,0.9894803014999999
eighth_synthetic,CHEMBL1906,35803,9,0.2,6.0,46,48,2,22,22,0,21,19,0.9585164604545454,0.9904491803497223
eighth_synthetic,CHEMBL1906,35803,9,0.3,4.0,48,48,0,21,21,0,20,20,0.9576124490476191,0.9892994702382716
eighth_synthetic,CHEMBL1906,35803,9,0.3,6.0,45,48,3,23,23,0,22,19,0.9593681317391305,0.990967083463938
eighth_synthetic,CHEMBL1908,35803,0,0.2,4.0,44,43,-1,11,5,6,7,8,0.6953342412821484,0.8908492024826338
eighth_synthetic,CHEMBL1908,35803,0,0.2,6.0,44,43,-1,11,5,6,7,8,0.7248087323417682,0.9189704509656017
eighth_synthetic,CHEMBL1908,35803,0,0.3,4.0,44,42,-2,11,6,5,6,8,0.693967540565524,0.9158708923492669
eighth_synthetic,CHEMBL1908,35803,0,0.3,6.0,43,41,-2,13,6,7,6,8,0.7686057085996395,0.930684577057509
eighth_synthetic,CHEMBL1908,35803,1,0.2,4.0,45,43,-2,10,5,5,6,8,0.7417323746389943,0.899895956379479
eighth_synthetic,CHEMBL1908,35803,1,0.2,6.0,44,43,-1,10,4,6,6,7,0.7151439722040699,0.9216991797499074
eighth_synthetic,CHEMBL1908,35803,1,0.3,4.0,44,43,-1,12,6,6,7,8,0.7068610528419694,0.8988671452379356
eighth_synthetic,CHEMBL1908,35803,1,0.3,6.0,44,43,-1,12,6,6,7,8,0.7338793363132875,0.925573730447621
eighth_synthetic,CHEMBL1908,35803,2,0.2,4.0,45,45,0,10,5,5,8,8,0.630111461,0.9162592432098418
eighth_synthetic,CHEMBL1908,35803,2,0.2,6.0,45,45,0,10,5,5,8,8,0.630111461,0.917160801987648
eighth_synthetic,CHEMBL1908,35803,2,0.3,4.0,44,43,-1,11,7,4,7,8,0.6625014188018558,0.9081927643355368
eighth_synthetic,CHEMBL1908,35803,2,0.3,6.0,43,42,-1,12,6,6,7,8,0.6770464334703706,0.9209600607650588
eighth_synthetic,CHEMBL1908,35803,3,0.2,4.0,45,45,0,11,5,6,8,8,0.6361701888799515,0.8975752714757751
eighth_synthetic,CHEMBL1908,35803,3,0.2,6.0,45,45,0,11,5,6,8,8,0.6586809398707164,0.9199457253002771
eighth_synthetic,CHEMBL1908,35803,3,0.3,4.0,44,45,1,12,6,6,9,8,0.6588190988686805,0.9222359193846862
eighth_synthetic,CHEMBL1908,35803,3,0.3,6.0,43,44,1,12,5,7,8,7,0.6979653051700584,0.9356133227391691
eighth_synthetic,CHEMBL1908,35803,4,0.2,4.0,44,43,-1,11,5,6,7,8,0.7091129968150419,0.9158708923492669
eighth_synthetic,CHEMBL1908,35803,4,0.2,6.0,44,43,-1,11,5,6,7,8,0.7279911890717059,0.9235416823231681
eighth_synthetic,CHEMBL1908,35803,4,0.3,4.0,44,45,1,13,7,6,9,8,0.6626603189557051,0.9206419820871751
eighth_synthetic,CHEMBL1908,35803,4,0.3,6.0,44,45,1,13,6,7,9,8,0.636917765937044,0.9341011651936854
eighth_synthetic,CHEMBL1908,35803,5,0.2,4.0,45,44,-1,9,5,4,7,8,0.6557826233333333,0.9071323293217906
eighth_synthetic,CHEMBL1908,35803,5,0.2,6.0,44,43,-1,10,4,6,6,7,0.7290861400711537,0.9239867939693409
eighth_synthetic,CHEMBL1908,35803,5,0.3,4.0,43,43,0,13,7,6,8,8,0.7103275173050356,0.9138575597988153
eighth_synthetic,CHEMBL1908,35803,5,0.3,6.0,43,43,0,13,6,7,8,8,0.6864320776760588,0.9330945916914086
eighth_synthetic,CHEMBL1908,35803,6,0.2,4.0,44,44,0,11,6,5,8,8,0.6824325624021969,0.9081927643355368
eighth_synthetic,CHEMBL1908,35803,6,0.2,6.0,44,44,0,11,5,6,8,8,0.6520095451983245,0.9223918914275783
eighth_synthetic,CHEMBL1908,35803,6,0.3,4.0,43,42,-1,11,6,5,7,8,0.6965586616855725,0.9158708923492669
eighth_synthetic,CHEMBL1908,35803,6,0.3,6.0,43,41,-2,11,6,5,6,8,0.7331656763444332,0.9235416823231681
eighth_synthetic,CHEMBL1908,35803,7,0.2,4.0,44,44,0,11,6,5,8,8,0.6768050016855724,0.920908090709478
eighth_synthetic,CHEMBL1908,35803,7,0.2,6.0,44,44,0,11,6,5,8,8,0.6887194538733813,0.924284012675209
eighth_synthetic,CHEMBL1908,35803,7,0.3,4.0,44,43,-1,12,6,6,7,8,0.7090831604137886,0.914674545863248
eighth_synthetic,CHEMBL1908,35803,7,0.3,6.0,43,42,-1,12,5,7,6,7,0.7025949703873245,0.9344887364936324
eighth_synthetic,CHEMBL1908,35803,8,0.2,4.0,45,45,0,11,5,6,8,8,0.6615502478567423,0.9090818204096066
eighth_synthetic,CHEMBL1908,35803,8,0.2,6.0,45,45,0,10,5,5,7,7,0.701377271718157,0.9260597960867252
eighth_synthetic,CHEMBL1908,35803,8,0.3,4.0,44,42,-2,11,6,5,6,8,0.693967540565524,0.9158708923492669
eighth_synthetic,CHEMBL1908,35803,8,0.3,6.0,43,41,-2,13,6,7,6,8,0.7696048172476194,0.9311785552115143
eighth_synthetic,CHEMBL1908,35803,9,0.2,4.0,44,44,0,10,6,4,7,7,0.7232588206424165,0.909167220503486
eighth_synthetic,CHEMBL1908,35803,9,0.2,6.0,44,44,0,11,6,5,8,8,0.67752491065287,0.9222488406946756
eighth_synthetic,CHEMBL1908,35803,9,0.3,4.0,43,43,0,12,7,5,8,8,0.6988278288686806,0.9141620249109145
eighth_synthetic,CHEMBL1908,35803,9,0.3,6.0,43,43,0,12,6,6,8,8,0.6620195214317975,0.9286276487255122
eighth_synthetic,CHEMBL1913,35803,0,0.2,4.0,47,47,0,17,13,4,14,14,0.7974616852941177,0.9690642594370166
eighth_synthetic,CHEMBL1913,35803,0,0.2,6.0,47,47,0,17,13,4,14,14,0.7974616852941177,0.9720745921262358
eighth_synthetic,CHEMBL1913,35803,0,0.3,4.0,46,47,1,18,14,4,15,14,0.8022326333333333,0.9688701909494297
eighth_synthetic,CHEMBL1913,35803,0,0.3,6.0,46,47,1,18,14,4,15,14,0.8022326333333333,0.9733592025299183
eighth_synthetic,CHEMBL1913,35803,1,0.2,4.0,47,47,0,18,13,5,15,15,0.7994850499999999,0.9628303071831247
eighth_synthetic,CHEMBL1913,35803,1,0.2,6.0,47,47,0,18,13,5,15,15,0.7994850499999999,0.9671481633234864
eighth_synthetic,CHEMBL1913,35803,1,0.3,4.0,48,47,-1,18,13,5,15,16,0.7994850499999999,0.9584669718446511
eighth_synthetic,CHEMBL1913,35803,1,0.3,6.0,47,46,-1,18,13,5,14,15,0.8204079910349442,0.9684698195960119
eighth_synthetic,CHEMBL1913,35803,2,0.2,4.0,48,47,-1,16,12,4,13,14,0.792283818125,0.9705373209286953
eighth_synthetic,CHEMBL1913,35803,2,0.2,6.0,47,46,-1,17,12,5,13,14,0.8154379562013032,0.9705437164927754
eighth_synthetic,CHEMBL1913,35803,2,0.3,4.0,47,47,0,18,14,4,15,15,0.8022326333333333,0.9626387227724607
eighth_synthetic,CHEMBL1913,35803,2,0.3,6.0,46,46,0,19,14,5,15,15,0.8229705581801133,0.9698415310410119
eighth_synthetic,CHEMBL1913,35803,3,0.2,4.0,47,47,0,18,14,4,15,15,0.7994850499999999,0.9609240421539584
eighth_synthetic,CHEMBL1913,35803,3,0.2,6.0,47,47,0,18,14,4,15,15,0.7994850499999999,0.9698020401839251
eighth_synthetic,CHEMBL1913,35803,3,0.3,4.0,47,46,-1,17,13,4,14,15,0.8106156235294117,0.966190913139038
eighth_synthetic,CHEMBL1913,35803,3,0.3,6.0,46,46,0,18,13,5,15,15,0.8282286003012308,0.9689624262097354
eighth_synthetic,CHEMBL1913,35803,4,0.2,4.0,48,47,-1,18,13,5,15,16,0.7994850499999999,0.9593637779015549
eighth_synthetic,CHEMBL1913,35803,4,0.2,6.0,47,47,0,17,13,4,15,15,0.8036708882352942,0.9687486111835457
eighth_synthetic,CHEMBL1913,35803,4,0.3,4.0,47,47,0,18,14,4,15,15,0.8022326333333333,0.9645068556109562
eighth_synthetic,CHEMBL1913,35803,4,0.3,6.0,46,46,0,19,14,5,15,15,0.8229705581801133,0.9701038330759992
eighth_synthetic,CHEMBL1913,35803,5,0.2,4.0,47,47,0,17,13,4,14,14,0.7974616852941177,0.9702451859717399
eighth_synthetic,CHEMBL1913,35803,5,0.2,6.0,47,47,0,17,13,4,14,14,0.7974616852941177,0.9722474640955518
eighth_synthetic,CHEMBL1913,35803,5,0.3,4.0,46,47,1,17,13,4,15,14,0.8036708882352942,0.9643211328928857
eighth_synthetic,CHEMBL1913,35803,5,0.3,6.0,46,47,1,17,13,4,15,14,0.8036708882352942,0.9713801366835654
eighth_synthetic,CHEMBL1913,35803,6,0.2,4.0,47,47,0,18,14,4,15,15,0.7994850499999999,0.9625736615443413
eighth_synthetic,CHEMBL1913,35803,6,0.2,6.0,47,47,0,18,14,4,15,15,0.7994850499999999,0.9700547303352456
eighth_synthetic,CHEMBL1913,35803,6,0.3,4.0,46,47,1,18,14,4,15,14,0.8022326333333333,0.9688701909494297
eighth_synthetic,CHEMBL1913,35803,6,0.3,6.0,46,47,1,18,14,4,15,14,0.8022326333333333,0.9733592025299183
eighth_synthetic,CHEMBL1913,35803,7,0.2,4.0,47,46,-1,17,13,4,14,15,0.8106156235294117,0.966190913139038
eighth_synthetic,CHEMBL1913,35803,7,0.2,6.0,47,46,-1,17,13,4,14,15,0.8106156235294117,0.9691229295076423
eighth_synthetic,CHEMBL1913,35803,7,0.3,4.0,47,47,0,17,13,4,14,14,0.7974616852941177,0.9702451859717399
eighth_synthetic,CHEMBL1913,35803,7,0.3,6.0,46,46,0,17,13,4,14,14,0.8106156235294117,0.9722474640955518
eighth_synthetic,CHEMBL1913,35803,8,0.2,4.0,47,47,0,17,12,5,15,15,0.8036708882352942,0.9626690883903405
eighth_synthetic,CHEMBL1913,35803,8,0.2,6.0,47,47,0,18,12,6,15,15,0.8138340044650718,0.9666991802363187
eighth_synthetic,CHEMBL1913,35803,8,0.3,4.0,47,46,-1,18,14,4,14,15,0.8007293764901107,0.9645068556109562
eighth_synthetic,CHEMBL1913,35803,8,0.3,6.0,46,47,1,19,15,4,16,15,0.8068865263157893,0.9710199926804163
eighth_synthetic,CHEMBL1913,35803,9,0.2,4.0,47,47,0,18,14,4,15,15,0.8022326333333333,0.9642883421628434
eighth_synthetic,CHEMBL1913,35803,9,0.2,6.0,47,47,0,18,14,4,15,15,0.8022326333333333,0.9702946467976488
eighth_synthetic,CHEMBL1913,35803,9,0.3,4.0,47,46,-1,17,12,5,13,14,0.7958700015777642,0.9658327881921986
eighth_synthetic,CHEMBL1913,35803,9,0.3,6.0,46,47,1,18,14,4,15,14,0.8022326333333333,0.9720319609794272
eighth_synthetic,CHEMBL1914,35803,0,0.2,4.0,42,45,3,19,14,5,16,13,0.8917532032047187,0.9850173183727842
eighth_synthetic,CHEMBL1914,35803,0,0.2,6.0,40,43,3,20,16,4,16,13,0.9326544110654151,0.9891369838453864
eighth_synthetic,CHEMBL1914,35803,0,0.3,4.0,43,45,2,18,14,4,15,13,0.8808759544444444,0.9815316783775258
eighth_synthetic,CHEMBL1914,35803,0,0.3,6.0,39,43,4,21,18,3,16,12,0.9260151966929092,0.9879190043676951
eighth_synthetic,CHEMBL1914,35803,1,0.2,4.0,45,44,-1,16,12,4,13,14,0.8833888261451263,0.9812534885293271
eighth_synthetic,CHEMBL1914,35803,1,0.2,6.0,41,45,4,21,16,5,17,13,0.89753875274854,0.9852834269463544
eighth_synthetic,CHEMBL1914,35803,1,0.3,4.0,43,45,2,18,14,4,15,13,0.8808759544444444,0.9836737025855506
eighth_synthetic,CHEMBL1914,35803,1,0.3,6.0,37,42,5,23,20,3,17,12,0.9314762822120947,0.9879343458072364
eighth_synthetic,CHEMBL1914,35803,2,0.2,4.0,43,45,2,18,14,4,15,13,0.8808759544444444,0.9871420504538908
eighth_synthetic,CHEMBL1914,35803,2,0.2,6.0,40,43,3,20,17,3,16,13,0.9277783825579397,0.9875518923440578
eighth_synthetic,CHEMBL1914,35803,2,0.3,4.0,44,45,1,17,13,4,14,13,0.8814252657836484,0.9785292179010701
eighth_synthetic,CHEMBL1914,35803,2,0.3,6.0,38,43,5,22,18,4,17,12,0.9310610755747579,0.9848735234043304
eighth_synthetic,CHEMBL1914,35803,3,0.2,4.0,44,45,1,17,13,4,14,13,0.87741544,0.9800463863676728
eighth_synthetic,CHEMBL1914,35803,3,0.2,6.0,40,45,5,21,17,4,18,13,0.8966448395238096,0.9846793356940493
eighth_synthetic,CHEMBL1914,35803,3,0.3,4.0,39,44,5,21,16,5,17,12,0.9026928719471266,0.9849765431781696
eighth_synthetic,CHEMBL1914,35803,3,0.3,6.0,36,43,7,25,21,4,19,12,0.9368628459599141,0.9906648425280767
eighth_synthetic,CHEMBL1914,35803,4,0.2,4.0,43,44,1,18,13,5,14,13,0.8890139524585771,0.9816317824912056
eighth_synthetic,CHEMBL1914,35803,4,0.2,6.0,40,44,4,20,16,4,17,13,0.8989766665,0.9872665545371342
eighth_synthetic,CHEMBL1914,35803,4,0.3,4.0,41,44,3,20,15,5,16,13,0.8999723590444828,0.984145216357651
eighth_synthetic,CHEMBL1914,35803,4,0.3,6.0,37,45,8,25,19,6,20,12,0.911242572852332,0.9878777163438847
eighth_synthetic,CHEMBL1914,35803,5,0.2,4.0,42,45,3,18,14,4,16,13,0.8870163266666666,0.981821647989848
eighth_synthetic,CHEMBL1914,35803,5,0.2,6.0,39,45,6,21,17,4,18,12,0.8966448395238096,0.988329751472975
eighth_synthetic,CHEMBL1914,35803,5,0.3,4.0,43,45,2,18,14,4,15,13,0.8808759544444444,0.9837585022540772
eighth_synthetic,CHEMBL1914,35803,5,0.3,6.0,36,45,9,26,21,5,21,12,0.9101316360661286,0.986360956628799
eighth_synthetic,CHEMBL1914,35803,6,0.2,4.0,43,45,2,18,14,4,15,13,0.8808759544444444,0.9854060209480799
eighth_synthetic,CHEMBL1914,35803,6,0.2,6.0,40,43,3,22,18,4,16,13,0.9277916519107716,0.9866856566373685
eighth_synthetic,CHEMBL1914,35803,6,0.3,4.0,42,44,2,18,14,4,15,13,0.8913672669962427,0.9827745616435261
eighth_synthetic,CHEMBL1914,35803,6,0.3,6.0,38,43,5,24,20,4,17,12,0.9307597600848737,0.9879359502551117
eighth_synthetic,CHEMBL1914,35803,7,0.2,4.0,44,45,1,17,13,4,14,13,0.87741544,0.9858508953240154
eighth_synthetic,CHEMBL1914,35803,7,0.2,6.0,41,43,2,19,16,3,15,13,0.9262349747978312,0.9872003266026187
eighth_synthetic,CHEMBL1914,35803,7,0.3,4.0,42,45,3,19,15,4,16,13,0.8881300535958959,0.9831734810137265
eighth_synthetic,CHEMBL1914,35803,7,0.3,6.0,38,44,6,24,20,4,18,12,0.9048389378686811,0.9880781778671203
eighth_synthetic,CHEMBL1914,35803,8,0.2,4.0,43,45,2,18,14,4,15,13,0.8808759544444444,0.9822147522957942
eighth_synthetic,CHEMBL1914,35803,8,0.2,6.0,39,45,6,21,16,5,18,12,0.8996287761904762,0.9877349954753579
eighth_synthetic,CHEMBL1914,35803,8,0.3,4.0,41,44,3,20,16,4,16,13,0.896530366916101,0.9849405223262654
eighth_synthetic,CHEMBL1914,35803,8,0.3,6.0,37,43,6,24,20,4,18,12,0.9344418770502174,0.9901265447268909
eighth_synthetic,CHEMBL1914,35803,9,0.2,4.0,41,45,4,19,15,4,17,13,0.890371859473684,0.9842420990154007
eighth_synthetic,CHEMBL1914,35803,9,0.2,6.0,39,45,6,22,17,5,18,12,0.8962199157136547,0.9900068738913034
eighth_synthetic,CHEMBL1914,35803,9,0.3,4.0,43,44,1,17,13,4,14,13,0.8878867062313158,0.9836970803172422
eighth_synthetic,CHEMBL1914,35803,9,0.3,6.0,38,43,5,23,19,4,17,12,0.9321273169947034,0.9869374872945076
eighth_synthetic,CHEMBL1936,35803,0,0.2,4.0,47,47,0,8,2,6,5,5,0.9069930592804869,0.9428768318045313
eighth_synthetic,CHEMBL1936,35803,0,0.2,6.0,47,46,-1,7,1,6,4,5,0.9348850526167963,0.960062076634902
eighth_synthetic,CHEMBL1936,35803,0,0.3,4.0,46,46,0,9,2,7,5,5,0.9175015436100549,0.9414844754244867
eighth_synthetic,CHEMBL1936,35803,0,0.3,6.0,46,45,-1,9,2,7,5,6,0.9345088913431098,0.9544154564747507
eighth_synthetic,CHEMBL1936,35803,1,0.2,4.0,48,48,0,7,1,6,5,5,0.9281404010194938,0.9527515573008135
eighth_synthetic,CHEMBL1936,35803,1,0.2,6.0,47,47,0,8,1,7,5,5,0.9366998847010513,0.9636559130669146
eighth_synthetic,CHEMBL1936,35803,1,0.3,4.0,46,46,0,7,2,5,5,5,0.9198612987395595,0.9429516975392366
eighth_synthetic,CHEMBL1936,35803,1,0.3,6.0,46,45,-1,7,2,5,5,6,0.9212502179067307,0.9439942785472263
eighth_synthetic,CHEMBL1936,35803,2,0.2,4.0,47,47,0,8,1,7,5,5,0.9252701662754295,0.9574592503459111
eighth_synthetic,CHEMBL1936,35803,2,0.2,6.0,47,47,0,8,1,7,5,5,0.9362146982600477,0.9649959143257327
eighth_synthetic,CHEMBL1936,35803,2,0.3,4.0,47,48,1,6,1,5,5,4,0.9180407176599233,0.9471120874519539
eighth_synthetic,CHEMBL1936,35803,2,0.3,6.0,46,46,0,8,1,7,5,5,0.9469799452345797,0.9634269179202111
eighth_synthetic,CHEMBL1936,35803,3,0.2,4.0,47,46,-1,8,1,7,4,5,0.9286635594710191,0.9546794257317079
eighth_synthetic,CHEMBL1936,35803,3,0.2,6.0,47,46,-1,8,1,7,4,5,0.9423789635787656,0.9645902830708403
eighth_synthetic,CHEMBL1936,35803,3,0.3,4.0,46,46,0,7,1,6,5,5,0.9299733891723054,0.9509671215579297
eighth_synthetic,CHEMBL1936,35803,3,0.3,6.0,46,46,0,8,1,7,5,5,0.9480953251435704,0.9645368173308686
eighth_synthetic,CHEMBL1936,35803,4,0.2,4.0,47,47,0,7,1,6,5,5,0.8981252005718822,0.9528787278367865
eighth_synthetic,CHEMBL1936,35803,4,0.2,6.0,47,47,0,7,1,6,5,5,0.9073071490025748,0.9601998331518912
eighth_synthetic,CHEMBL1936,35803,4,0.3,4.0,47,46,-1,7,1,6,4,5,0.9247524613462164,0.9501584155669202
eighth_synthetic,CHEMBL1936,35803,4,0.3,6.0,46,45,-1,9,2,7,5,6,0.9349401681795574,0.9532243442446899
eighth_synthetic,CHEMBL1936,35803,5,0.2,4.0,47,47,0,8,2,6,5,5,0.9055502248109146,0.9411568850675539
eighth_synthetic,CHEMBL1936,35803,5,0.2,6.0,47,46,-1,7,1,6,4,5,0.934627041295709,0.9597646299908683
eighth_synthetic,CHEMBL1936,35803,5,0.3,4.0,46,46,0,9,1,8,5,5,0.9344860394989056,0.95432821918767
eighth_synthetic,CHEMBL1936,35803,5,0.3,6.0,46,46,0,9,1,8,5,5,0.9531210371234895,0.967754375884146
eighth_synthetic,CHEMBL1936,35803,6,0.2,4.0,48,48,0,6,1,5,5,5,0.9180407176599233,0.9463939827535635
eighth_synthetic,CHEMBL1936,35803,6,0.2,6.0,47,47,0,7,1,6,5,5,0.9278768774658993,0.9586412906721046
eighth_synthetic,CHEMBL1936,35803,6,0.3,4.0,46,46,0,9,1,8,5,5,0.9344860394989056,0.95432821918767
eighth_synthetic,CHEMBL1936,35803,6,0.3,6.0,46,46,0,9,1,8,5,5,0.9531210371234895,0.967754375884146
eighth_synthetic,CHEMBL1936,35803,7,0.2,4.0,47,46,-1,8,1,7,4,5,0.9301063939405914,0.9563993724686852
eighth_synthetic,CHEMBL1936,35803,7,0.2,6.0,47,46,-1,8,1,7,4,5,0.9426047234847168,0.9648505488843696
eighth_synthetic,CHEMBL1936,35803,7,0.3,4.0,46,46,0,9,1,8,5,5,0.9393992746364105,0.9593325947083381
eighth_synthetic,CHEMBL1936,35803,7,0.3,6.0,46,46,0,9,1,8,5,5,0.9525352295992146,0.9684727825253634
eighth_synthetic,CHEMBL1936,35803,8,0.2,4.0,47,47,0,7,1,6,5,5,0.9262794261771966,0.9592147357178507
eighth_synthetic,CHEMBL1936,35803,8,0.2,6.0,47,47,0,7,1,6,5,5,0.9304838696175669,0.961109844684599
eighth_synthetic,CHEMBL1936,35803,8,0.3,4.0,47,47,0,8,1,7,5,5,0.9063806756909292,0.9555588055581574
eighth_synthetic,CHEMBL1936,35803,8,0.3,6.0,46,46,0,10,2,8,6,6,0.9203447997829061,0.9578111936728829
eighth_synthetic,CHEMBL1936,35803,9,0.2,4.0,47,46,-1,8,1,7,4,5,0.9247645229283363,0.9494017634060485
eighth_synthetic,CHEMBL1936,35803,9,0.2,6.0,47,46,-1,8,1,7,4,5,0.9432653115169441,0.9638306274994631
eighth_synthetic,CHEMBL1936,35803,9,0.3,4.0,46,46,0,8,1,7,5,5,0.9356906751858718,0.9556060968011353
eighth_synthetic,CHEMBL1936,35803,9,0.3,6.0,46,46,0,8,1,7,5,5,0.9486208426366728,0.9647172605775796
eighth_synthetic,CHEMBL1937,35803,0,0.2,4.0,39,41,2,10,9,1,7,5,0.7260245389999999,0.9550463505833612
eighth_synthetic,CHEMBL1937,35803,0,0.2,6.0,38,42,4,12,11,1,9,5,0.727787185,0.971922499867348
eighth_synthetic,CHEMBL1937,35803,0,0.3,4.0,36,42,6,16,11,5,11,5,0.780706956670091,0.9561373942265448
eighth_synthetic,CHEMBL1937,35803,0,0.3,6.0,36,43,7,16,14,2,12,5,0.742029914375,0.9795260109954502
eighth_synthetic,CHEMBL1937,35803,1,0.2,4.0,38,41,3,12,9,3,8,5,0.7609477319631446,0.9466304553347253
eighth_synthetic,CHEMBL1937,35803,1,0.2,6.0,38,42,4,12,10,2,9,5,0.6862636366666667,0.9734339010397585
eighth_synthetic,CHEMBL1937,35803,1,0.3,4.0,37,41,4,12,9,3,8,4,0.7630080161983955,0.9403093536453357
eighth_synthetic,CHEMBL1937,35803,1,0.3,6.0,36,40,4,11,10,1,8,4,0.7713114681818181,0.9721537789115956
eighth_synthetic,CHEMBL1937,35803,2,0.2,4.0,39,41,2,11,8,3,7,5,0.7542909166870667,0.9407039244085301
eighth_synthetic,CHEMBL1937,35803,2,0.2,6.0,38,42,4,11,9,2,9,5,0.6900079527272727,0.967645437723706
eighth_synthetic,CHEMBL1937,35803,2,0.3,4.0,37,39,2,10,9,1,7,5,0.7854214149999998,0.965380405749924
eighth_synthetic,CHEMBL1937,35803,2,0.3,6.0,36,40,4,14,11,3,9,5,0.7643697200474169,0.9751992722781228
eighth_synthetic,CHEMBL1937,35803,3,0.2,4.0,41,41,0,9,6,3,5,5,0.739961496048047,0.9441460539629701
eighth_synthetic,CHEMBL1937,35803,3,0.2,6.0,38,41,3,11,10,1,8,5,0.7358561899999999,0.9626142306053314
eighth_synthetic,CHEMBL1937,35803,3,0.3,4.0,36,40,4,14,10,4,8,4,0.7883295461906987,0.9493707407963576
eighth_synthetic,CHEMBL1937,35803,3,0.3,6.0,36,42,6,14,13,1,10,4,0.7440390314285714,0.9806708479501063
eighth_synthetic,CHEMBL1937,35803,4,0.2,4.0,40,41,1,9,7,2,5,4,0.717486869143226,0.9603775436318814
eighth_synthetic,CHEMBL1937,35803,4,0.2,6.0,38,41,3,10,9,1,7,4,0.7260245389999999,0.9724304787380641
eighth_synthetic,CHEMBL1937,35803,4,0.3,4.0,35,42,7,15,12,3,11,4,0.7623180547512465,0.9660429745612412
eighth_synthetic,CHEMBL1937,35803,4,0.3,6.0,35,43,8,15,12,3,12,4,0.7159279166666667,0.9832059441925846
eighth_synthetic,CHEMBL1937,35803,5,0.2,4.0,38,40,2,9,7,2,6,4,0.7581485159070804,0.9651309731376424
eighth_synthetic,CHEMBL1937,35803,5,0.2,6.0,38,41,3,9,7,2,7,4,0.6786554199999999,0.9751639344353192
eighth_synthetic,CHEMBL1937,35803,5,0.3,4.0,35,41,6,13,10,3,10,4,0.7808087901760796,0.9601021165089525
eighth_synthetic,CHEMBL1937,35803,5,0.3,6.0,35,42,7,15,12,3,11,4,0.7730834920442557,0.9828553766022259
eighth_synthetic,CHEMBL1937,35803,6,0.2,4.0,38,41,3,10,8,2,7,4,0.7460602462289034,0.9476001257580989
eighth_synthetic,CHEMBL1937,35803,6,0.2,6.0,38,41,3,9,7,2,7,4,0.6786554199999999,0.9727443915731203
eighth_synthetic,CHEMBL1937,35803,6,0.3,4.0,37,40,3,11,9,2,7,4,0.7714209292990031,0.9603568023563921
eighth_synthetic,CHEMBL1937,35803,6,0.3,6.0,36,40,4,12,9,3,8,4,0.7494199067219864,0.9797427502973056
eighth_synthetic,CHEMBL1937,35803,7,0.2,4.0,40,42,2,10,7,3,6,4,0.7268182972289033,0.9624073969754703
eighth_synthetic,CHEMBL1937,35803,7,0.2,6.0,39,42,3,10,8,2,7,4,0.724263254,0.9766587770628176
eighth_synthetic,CHEMBL1937,35803,7,0.3,4.0,35,39,4,15,10,5,8,4,0.8074206573222337,0.9515903386375194
eighth_synthetic,CHEMBL1937,35803,7,0.3,6.0,35,42,7,14,12,2,11,4,0.72299375,0.9806287650970221
eighth_synthetic,CHEMBL1937,35803,8,0.2,4.0,39,40,1,10,8,2,6,5,0.7623884984296987,0.9356426631963863
eighth_synthetic,CHEMBL1937,35803,8,0.2,6.0,38,41,3,10,9,1,8,5,0.744934193,0.9679424905391285
eighth_synthetic,CHEMBL1937,35803,8,0.3,4.0,37,42,5,14,11,3,9,4,0.7550561860940945,0.963973284698567
eighth_synthetic,CHEMBL1937,35803,8,0.3,6.0,36,43,7,13,10,3,11,4,0.7111629069230769,0.9813979555181777
eighth_synthetic,CHEMBL1937,35803,9,0.2,4.0,38,40,2,10,7,3,6,4,0.761080383189112,0.9632964533827766
eighth_synthetic,CHEMBL1937,35803,9,0.2,6.0,38,41,3,10,9,1,7,4,0.7260245389999999,0.9769065373296684
eighth_synthetic,CHEMBL1937,35803,9,0.3,4.0,36,39,3,12,9,3,7,4,0.7946870836298112,0.9409296491334032
eighth_synthetic,CHEMBL1937,35803,9,0.3,6.0,35,40,5,11,9,2,9,4,0.7277103127272727,0.9667337490251328
eighth_synthetic,CHEMBL1941,35803,0,0.2,4.0,23,22,-1,11,5,6,3,4,0.20245295196434732,0.28183810621000904
eighth_synthetic,CHEMBL1941,35803,0,0.2,6.0,23,22,-1,10,5,5,3,4,0.215937962436,0.30301560408
eighth_synthetic,CHEMBL1941,35803,0,0.3,4.0,23,22,-1,10,4,6,3,4,0.22014341560918366,0.3146104230136994
eighth_synthetic,CHEMBL1941,35803,0,0.3,6.0,23,22,-1,10,4,6,3,4,0.254318888834513,0.35431175326656905
eighth_synthetic,CHEMBL1941,35803,1,0.2,4.0,23,22,-1,11,5,6,3,4,0.20245295196434732,0.28183810621000904
eighth_synthetic,CHEMBL1941,35803,1,0.2,6.0,23,22,-1,10,5,5,3,4,0.215937962436,0.30301560408
eighth_synthetic,CHEMBL1941,35803,1,0.3,4.0,23,22,-1,11,4,7,3,4,0.20646942482178704,0.29357757703155396
eighth_synthetic,CHEMBL1941,35803,1,0.3,6.0,23,22,-1,10,4,6,3,4,0.254531555804513,0.355630352236569
eighth_synthetic,CHEMBL1941,35803,2,0.2,4.0,23,22,-1,11,5,6,3,4,0.20245295196434732,0.28183810621000904
eighth_synthetic,CHEMBL1941,35803,2,0.2,6.0,23,22,-1,10,5,5,3,4,0.215937962436,0.30301560408
eighth_synthetic,CHEMBL1941,35803,2,0.3,4.0,23,22,-1,11,4,7,3,4,0.20646942482178704,0.29357757703155396
eighth_synthetic,CHEMBL1941,35803,2,0.3,6.0,23,22,-1,10,4,6,3,4,0.254531555804513,0.355630352236569
eighth_synthetic,CHEMBL1941,35803,3,0.2,4.0,23,22,-1,11,5,6,3,4,0.20245295196434732,0.28183810621000904
eighth_synthetic,CHEMBL1941,35803,3,0.2,6.0,23,22,-1,10,5,5,3,4,0.215937962436,0.30301560408
eighth_synthetic,CHEMBL1941,35803,3,0.3,4.0,23,22,-1,11,4,7,3,4,0.20646942482178704,0.29357757703155396
eighth_synthetic,CHEMBL1941,35803,3,0.3,6.0,23,22,-1,10,4,6,3,4,0.254531555804513,0.355630352236569
eighth_synthetic,CHEMBL1941,35803,4,0.2,4.0,23,22,-1,11,4,7,3,4,0.20044427528107606,0.28733347742154486
eighth_synthetic,CHEMBL1941,35803,4,0.2,6.0,23,22,-1,11,4,7,3,4,0.2315128873041027,0.3234255958332446
eighth_synthetic,CHEMBL1941,35803,4,0.3,4.0,23,22,-1,10,5,5,3,4,0.22235295996078203,0.3085655146810099
eighth_synthetic,CHEMBL1941,35803,4,0.3,6.0,23,22,-1,9,5,4,3,4,0.2395474169288889,0.33506577992222225
eighth_synthetic,CHEMBL1941,35803,5,0.2,4.0,23,22,-1,11,5,6,3,4,0.20245295196434732,0.28183810621000904
eighth_synthetic,CHEMBL1941,35803,5,0.2,6.0,23,22,-1,10,5,5,3,4,0.215937962436,0.30301560408
eighth_synthetic,CHEMBL1941,35803,5,0.3,4.0,23,22,-1,11,4,7,3,4,0.20646942482178704,0.29357757703155396
eighth_synthetic,CHEMBL1941,35803,5,0.3,6.0,23,22,-1,10,4,6,3,4,0.254531555804513,0.355630352236569
eighth_synthetic,CHEMBL1941,35803,6,0.2,4.0,23,22,-1,11,5,6,3,4,0.20245295196434732,0.28183810621000904
eighth_synthetic,CHEMBL1941,35803,6,0.2,6.0,23,22,-1,10,5,5,3,4,0.215937962436,0.30301560408
eighth_synthetic,CHEMBL1941,35803,6,0.3,4.0,23,22,-1,11,4,7,3,4,0.20646942482178704,0.29357757703155396
eighth_synthetic,CHEMBL1941,35803,6,0.3,6.0,23,22,-1,10,4,6,3,4,0.254531555804513,0.355630352236569
eighth_synthetic,CHEMBL1941,35803,7,0.2,4.0,23,22,-1,10,5,5,3,4,0.215725295466,0.30169700510999997
eighth_synthetic,CHEMBL1941,35803,7,0.2,6.0,23,22,-1,10,5,5,3,4,0.215725295466,0.30169700510999997
eighth_synthetic,CHEMBL1941,35803,7,0.3,4.0,23,22,-1,10,5,5,3,4,0.22235295996078203,0.3085655146810099
eighth_synthetic,CHEMBL1941,35803,7,0.3,6.0,23,22,-1,9,5,4,3,4,0.2395474169288889,0.33506577992222225
eighth_synthetic,CHEMBL1941,35803,8,0.2,4.0,23,22,-1,11,5,6,3,4,0.20245295196434732,0.28183810621000904
eighth_synthetic,CHEMBL1941,35803,8,0.2,6.0,23,22,-1,10,5,5,3,4,0.215937962436,0.30301560408
eighth_synthetic,CHEMBL1941,35803,8,0.3,4.0,23,22,-1,10,5,5,3,4,0.22235295996078203,0.3085655146810099
eighth_synthetic,CHEMBL1941,35803,8,0.3,6.0,23,22,-1,9,5,4,3,4,0.2395474169288889,0.33506577992222225
eighth_synthetic,CHEMBL1941,35803,9,0.2,4.0,23,22,-1,11,5,6,3,4,0.20245295196434732,0.28183810621000904
eighth_synthetic,CHEMBL1941,35803,9,0.2,6.0,23,22,-1,10,5,5,3,4,0.215937962436,0.30301560408
eighth_synthetic,CHEMBL1941,35803,9,0.3,4.0,23,22,-1,11,4,7,3,4,0.20646942482178704,0.29357757703155396
eighth_synthetic,CHEMBL1941,35803,9,0.3,6.0,23,22,-1,10,4,6,3,4,0.254531555804513,0.355630352236569
eighth_synthetic,CHEMBL1942,35803,0,0.2,4.0,22,22,0,7,0,7,2,2,0.6332140362923092,0.6882007452486822
eighth_synthetic,CHEMBL1942,35803,0,0.2,6.0,22,22,0,7,0,7,2,2,0.6847100699089915,0.7264009310644729
eighth_synthetic,CHEMBL1942,35803,0,0.3,4.0,22,22,0,6,0,6,2,2,0.807399781230362,0.8529739713544884
eighth_synthetic,CHEMBL1942,35803,0,0.3,6.0,22,22,0,6,0,6,2,2,0.8255341764666887,0.865287642642388
eighth_synthetic,CHEMBL1942,35803,1,0.2,4.0,22,22,0,6,0,6,2,2,0.5818172768500435,0.6392356716706572
eighth_synthetic,CHEMBL1942,35803,1,0.2,6.0,22,22,0,6,0,6,2,2,0.5866248570956565,0.6408809424701175
eighth_synthetic,CHEMBL1942,35803,1,0.3,4.0,22,22,0,6,0,6,2,2,0.6990196039417391,0.7465819282766182
eighth_synthetic,CHEMBL1942,35803,1,0.3,6.0,22,22,0,7,0,7,2,2,0.7388457498906854,0.7823778865445156
eighth_synthetic,CHEMBL1942,35803,2,0.2,4.0,22,22,0,6,0,6,2,2,0.6901974541386665,0.7456277147485273
eighth_synthetic,CHEMBL1942,35803,2,0.2,6.0,22,22,0,6,0,6,2,2,0.7006022561444306,0.752526998223482
eighth_synthetic,CHEMBL1942,35803,2,0.3,4.0,22,22,0,7,0,7,2,2,0.5850708160851789,0.6498529710184215
eighth_synthetic,CHEMBL1942,35803,2,0.3,6.0,22,22,0,8,0,8,2,2,0.6676269318413304,0.718569135029506
eighth_synthetic,CHEMBL1942,35803,3,0.2,4.0,22,22,0,6,0,6,2,2,0.5818172768500435,0.6392356716706572
eighth_synthetic,CHEMBL1942,35803,3,0.2,6.0,22,22,0,7,0,7,2,2,0.6317612467573215,0.6857259056140247
eighth_synthetic,CHEMBL1942,35803,3,0.3,4.0,22,22,0,7,0,7,2,2,0.6347329208867887,0.6940167339532543
eighth_synthetic,CHEMBL1942,35803,3,0.3,6.0,22,22,0,8,0,8,2,2,0.7137461848756885,0.7611071399198848
eighth_synthetic,CHEMBL1942,35803,4,0.2,4.0,22,22,0,6,0,6,2,2,0.5818172768500435,0.6392356716706572
eighth_synthetic,CHEMBL1942,35803,4,0.2,6.0,22,22,0,6,0,6,2,2,0.5866248570956565,0.6408809424701175
eighth_synthetic,CHEMBL1942,35803,4,0.3,4.0,22,22,0,7,0,7,2,2,0.6256521936039612,0.68738284793889
eighth_synthetic,CHEMBL1942,35803,4,0.3,6.0,22,22,0,7,0,7,2,2,0.6753204802460054,0.7254455693511517
eighth_synthetic,CHEMBL1942,35803,5,0.2,4.0,22,22,0,6,0,6,2,2,0.52078204,0.5766284850000001
eighth_synthetic,CHEMBL1942,35803,5,0.2,6.0,22,22,0,7,0,7,2,2,0.5753245463896158,0.6306523706396384
eighth_synthetic,CHEMBL1942,35803,5,0.3,4.0,22,22,0,6,0,6,2,2,0.7569587262102839,0.7981063183672563
eighth_synthetic,CHEMBL1942,35803,5,0.3,6.0,22,22,0,7,0,7,2,2,0.7915534676442376,0.8309927492763771
eighth_synthetic,CHEMBL1942,35803,6,0.2,4.0,22,22,0,7,0,7,2,2,0.5327548987851415,0.5961896681578585
eighth_synthetic,CHEMBL1942,35803,6,0.2,6.0,22,22,0,7,0,7,2,2,0.5776255667756275,0.6297489501339821
eighth_synthetic,CHEMBL1942,35803,6,0.3,4.0,22,22,0,6,0,6,2,2,0.7569587262102839,0.7981063183672563
eighth_synthetic,CHEMBL1942,35803,6,0.3,6.0,22,22,0,7,0,7,2,2,0.7915534676442376,0.8309927492763771
eighth_synthetic,CHEMBL1942,35803,7,0.2,4.0,22,22,0,6,0,6,2,2,0.5818172768500435,0.6392356716706572
eighth_synthetic,CHEMBL1942,35803,7,0.2,6.0,22,22,0,6,0,6,2,2,0.5866248570956565,0.6408809424701175
eighth_synthetic,CHEMBL1942,35803,7,0.3,4.0,22,22,0,7,0,7,2,2,0.6855299535923465,0.7418640481092454
eighth_synthetic,CHEMBL1942,35803,7,0.3,6.0,22,22,0,7,0,7,2,2,0.7411467702766971,0.7814744660388593
eighth_synthetic,CHEMBL1942,35803,8,0.2,4.0,22,22,0,6,0,6,2,2,0.7481365764072114,0.7971521048391654
eighth_synthetic,CHEMBL1942,35803,8,0.2,6.0,22,22,0,6,0,6,2,2,0.7620945935235749,0.8092443380773203
eighth_synthetic,CHEMBL1942,35803,8,0.3,4.0,22,22,0,6,0,6,2,2,0.8653389034989069,0.9044983614451265
eighth_synthetic,CHEMBL1942,35803,8,0.3,6.0,22,22,0,6,0,6,2,2,0.8870265138458328,0.9220049824962263
eighth_synthetic,CHEMBL1942,35803,9,0.2,4.0,22,22,0,6,0,6,2,2,0.629162217288623,0.6830205280778703
eighth_synthetic,CHEMBL1942,35803,9,0.2,6.0,22,22,0,7,0,7,2,2,0.6730194598599938,0.726348989856808
eighth_synthetic,CHEMBL1942,35803,9,0.3,4.0,22,22,0,7,0,7,2,2,0.6855299535923465,0.7418640481092454
eighth_synthetic,CHEMBL1942,35803,9,0.3,6.0,22,22,0,7,0,7,2,2,0.7411467702766971,0.7814744660388593
eighth_synthetic,CHEMBL1951,35803,0,0.2,4.0,13,17,4,20,5,15,7,3,0.49523186884135634,0.8164234586742323
eighth_synthetic,CHEMBL1951,35803,0,0.2,6.0,13,17,4,21,9,12,7,3,0.42085359795068245,0.8563419260870279
eighth_synthetic,CHEMBL1951,35803,0,0.3,4.0,12,17,5,24,8,16,8,3,0.5324738958026837,0.8750559041400313
eighth_synthetic,CHEMBL1951,35803,0,0.3,6.0,12,17,5,25,16,9,8,3,0.3820961651459676,0.9265542770288012
eighth_synthetic,CHEMBL1951,35803,1,0.2,4.0,15,17,2,20,5,15,6,4,0.5050578553159217,0.8414502022253659
eighth_synthetic,CHEMBL1951,35803,1,0.2,6.0,15,17,2,20,10,10,6,4,0.393013928291433,0.8870747116948028
eighth_synthetic,CHEMBL1951,35803,1,0.3,4.0,13,16,3,26,10,16,6,3,0.48705926058466387,0.8329581115462552
eighth_synthetic,CHEMBL1951,35803,1,0.3,6.0,13,16,3,25,13,12,6,3,0.43566657748960474,0.8665596247186784
eighth_synthetic,CHEMBL1951,35803,2,0.2,4.0,15,16,1,20,7,13,5,4,0.4798416907891353,0.8290328552855231
eighth_synthetic,CHEMBL1951,35803,2,0.2,6.0,15,16,1,21,12,9,5,4,0.37041135281055515,0.8666641889802271
eighth_synthetic,CHEMBL1951,35803,2,0.3,4.0,12,17,5,24,7,17,7,2,0.46755134035051715,0.8336766290669996
eighth_synthetic,CHEMBL1951,35803,2,0.3,6.0,12,17,5,25,11,14,7,2,0.43202624837212517,0.8866325758671882
eighth_synthetic,CHEMBL1951,35803,3,0.2,4.0,15,17,2,20,6,14,6,4,0.45687459110279205,0.7842553901551392
eighth_synthetic,CHEMBL1951,35803,3,0.2,6.0,15,17,2,21,10,11,6,4,0.38223594564996144,0.8373864336955856
eighth_synthetic,CHEMBL1951,35803,3,0.3,4.0,13,16,3,24,8,16,6,3,0.5352081550882319,0.8560186562833253
eighth_synthetic,CHEMBL1951,35803,3,0.3,6.0,13,16,3,25,16,9,6,3,0.39342009787247,0.90941435174097
eighth_synthetic,CHEMBL1951,35803,4,0.2,4.0,13,17,4,22,9,13,7,3,0.4408535876017574,0.8126040300870968
eighth_synthetic,CHEMBL1951,35803,4,0.2,6.0,13,17,4,22,12,10,7,3,0.37516581402950866,0.8424389575234748
eighth_synthetic,CHEMBL1951,35803,4,0.3,4.0,13,16,3,22,8,14,6,3,0.49116667743808234,0.8849954083132018
eighth_synthetic,CHEMBL1951,35803,4,0.3,6.0,13,16,3,24,13,11,6,3,0.4289853800763919,0.9287868638128156
eighth_synthetic,CHEMBL1951,35803,5,0.2,4.0,13,16,3,19,5,14,6,3,0.49687761610410897,0.794489052157031
eighth_synthetic,CHEMBL1951,35803,5,0.2,6.0,13,16,3,20,9,11,6,3,0.40673799795108295,0.8354188467862975
eighth_synthetic,CHEMBL1951,35803,5,0.3,4.0,12,18,6,24,10,14,9,3,0.44181017032344466,0.9098722631813171
eighth_synthetic,CHEMBL1951,35803,5,0.3,6.0,12,18,6,24,13,11,9,3,0.39712454059506125,0.9489105292371055
eighth_synthetic,CHEMBL1951,35803,6,0.2,4.0,15,16,1,18,8,10,5,4,0.39920535362777,0.8538226936455168
eighth_synthetic,CHEMBL1951,35803,6,0.2,6.0,15,16,1,20,11,9,5,4,0.36840571343245954,0.8883136559409538
eighth_synthetic,CHEMBL1951,35803,6,0.3,4.0,12,17,5,24,8,16,7,2,0.48505868270224384,0.848260152936613
eighth_synthetic,CHEMBL1951,35803,6,0.3,6.0,12,17,5,25,14,11,7,2,0.3736988737852912,0.8891970869739757
eighth_synthetic,CHEMBL1951,35803,7,0.2,4.0,14,17,3,19,9,10,6,3,0.40316996599773114,0.8408240581739254
eighth_synthetic,CHEMBL1951,35803,7,0.2,6.0,14,17,3,20,11,9,6,3,0.39240892764058743,0.8820740622310239
eighth_synthetic,CHEMBL1951,35803,7,0.3,4.0,12,18,6,23,8,15,8,2,0.4584884419911397,0.8303785500678218
eighth_synthetic,CHEMBL1951,35803,7,0.3,6.0,12,18,6,24,12,12,8,2,0.4124736006505634,0.8937258510073883
eighth_synthetic,CHEMBL1951,35803,8,0.2,4.0,15,15,0,21,11,10,4,4,0.45894612049050776,0.8407621803454008
eighth_synthetic,CHEMBL1951,35803,8,0.2,6.0,15,15,0,21,13,8,4,4,0.4271557958013647,0.8797453981348352
eighth_synthetic,CHEMBL1951,35803,8,0.3,4.0,13,17,4,25,7,18,8,4,0.5255986131177492,0.8458131296134122
eighth_synthetic,CHEMBL1951,35803,8,0.3,6.0,13,17,4,27,13,14,8,4,0.448068390067904,0.8940769274872082
eighth_synthetic,CHEMBL1951,35803,9,0.2,4.0,15,17,2,20,7,13,6,4,0.43788303175043275,0.7922554134926602
eighth_synthetic,CHEMBL1951,35803,9,0.2,6.0,15,17,2,22,12,10,6,4,0.3541107906651037,0.8460299270585516
eighth_synthetic,CHEMBL1951,35803,9,0.3,4.0,14,16,2,24,9,15,6,4,0.5215887495964918,0.8706089205690164
eighth_synthetic,CHEMBL1951,35803,9,0.3,6.0,14,16,2,26,18,8,6,4,0.35160036669230765,0.9108875655038557
eighth_synthetic,CHEMBL1955,35803,0,0.2,4.0,34,34,0,11,2,9,6,6,0.8256405109684409,0.9113224376939987
eighth_synthetic,CHEMBL1955,35803,0,0.2,6.0,34,35,1,12,2,10,7,6,0.7698076041666666,0.9193059823274482
eighth_synthetic,CHEMBL1955,35803,0,0.3,4.0,34,34,0,11,2,9,6,6,0.8414002416411893,0.927152341561651
eighth_synthetic,CHEMBL1955,35803,0,0.3,6.0,34,35,1,12,2,10,7,6,0.785364807340016,0.9341013871082228
eighth_synthetic,CHEMBL1955,35803,1,0.2,4.0,34,34,0,11,2,9,6,6,0.8804763666532335,0.9273329521213424
eighth_synthetic,CHEMBL1955,35803,1,0.2,6.0,34,35,1,11,2,9,7,6,0.8276186057054757,0.9283104355751831
eighth_synthetic,CHEMBL1955,35803,1,0.3,4.0,33,34,1,11,3,8,7,6,0.865352344368462,0.927152341561651
eighth_synthetic,CHEMBL1955,35803,1,0.3,6.0,33,35,2,11,3,8,8,6,0.8113000598254719,0.9281255021458719
eighth_synthetic,CHEMBL1955,35803,2,0.2,4.0,34,34,0,11,2,9,6,6,0.8278923131004458,0.9008675002040221
eighth_synthetic,CHEMBL1955,35803,2,0.2,6.0,34,36,2,11,3,8,7,5,0.7798548245454545,0.9220525496172486
eighth_synthetic,CHEMBL1955,35803,2,0.3,4.0,34,34,0,11,2,9,6,6,0.8985182438325442,0.9447724590384006
eighth_synthetic,CHEMBL1955,35803,2,0.3,6.0,34,35,1,11,2,9,7,6,0.7873479570981992,0.946099980700022
eighth_synthetic,CHEMBL1955,35803,3,0.2,4.0,34,34,0,11,2,9,6,6,0.8414002416411893,0.927152341561651
eighth_synthetic,CHEMBL1955,35803,3,0.2,6.0,34,35,1,11,2,9,7,6,0.7873479570981992,0.9281255021458719
eighth_synthetic,CHEMBL1955,35803,3,0.3,4.0,34,34,0,11,2,9,6,6,0.8962360973259819,0.9431628559889947
eighth_synthetic,CHEMBL1955,35803,3,0.3,6.0,34,35,1,11,2,9,7,6,0.8445901000764021,0.94445087715421
eighth_synthetic,CHEMBL1955,35803,4,0.2,4.0,34,34,0,11,2,9,6,6,0.8804763666532335,0.9273329521213424
eighth_synthetic,CHEMBL1955,35803,4,0.2,6.0,34,35,1,11,2,9,7,6,0.8276186057054757,0.9283104355751831
eighth_synthetic,CHEMBL1955,35803,4,0.3,4.0,34,34,0,11,2,9,6,6,0.8804763666532335,0.9273329521213424
eighth_synthetic,CHEMBL1955,35803,4,0.3,6.0,34,35,1,12,2,10,7,6,0.8222795685633527,0.9342709094184248
eighth_synthetic,CHEMBL1955,35803,5,0.2,4.0,34,34,0,11,2,9,6,6,0.8804763666532335,0.9273329521213424
eighth_synthetic,CHEMBL1955,35803,5,0.2,6.0,34,35,1,11,2,9,7,6,0.8276186057054757,0.9283104355751831
eighth_synthetic,CHEMBL1955,35803,5,0.3,4.0,34,33,-1,11,1,10,5,6,0.9174991533900431,0.9449530695980916
eighth_synthetic,CHEMBL1955,35803,5,0.3,6.0,34,35,1,11,2,9,7,6,0.8276186057054757,0.9462849141293334
eighth_synthetic,CHEMBL1955,35803,6,0.2,4.0,33,34,1,11,3,8,7,6,0.8518444158277186,0.9008675002040221
eighth_synthetic,CHEMBL1955,35803,6,0.2,6.0,33,34,1,11,3,8,7,6,0.7947264136363635,0.9012218612814228
eighth_synthetic,CHEMBL1955,35803,6,0.3,4.0,34,34,0,11,2,9,6,6,0.8414002416411893,0.927152341561651
eighth_synthetic,CHEMBL1955,35803,6,0.3,6.0,34,35,1,12,2,10,7,6,0.785364807340016,0.9341013871082228
eighth_synthetic,CHEMBL1955,35803,7,0.2,4.0,34,34,0,11,2,9,6,6,0.8256405109684409,0.9113224376939987
eighth_synthetic,CHEMBL1955,35803,7,0.2,6.0,34,35,1,12,2,10,7,6,0.7698076041666666,0.9193059823274482
eighth_synthetic,CHEMBL1955,35803,7,0.3,4.0,33,33,0,11,2,9,6,6,0.8866154004325232,0.9289425551707479
eighth_synthetic,CHEMBL1955,35803,7,0.3,6.0,33,35,2,11,3,8,8,6,0.7943285654545454,0.9299595391209952
eighth_synthetic,CHEMBL1955,35803,8,0.2,4.0,33,34,1,11,3,8,7,6,0.8495926136957137,0.9113224376939987
eighth_synthetic,CHEMBL1955,35803,8,0.2,6.0,33,35,2,11,3,8,8,6,0.7943285654545454,0.911985060566845
eighth_synthetic,CHEMBL1955,35803,8,0.3,4.0,33,33,0,11,2,9,6,6,0.8865850560579656,0.9168780146313658
eighth_synthetic,CHEMBL1955,35803,8,0.3,6.0,33,34,1,11,3,8,7,6,0.8519685566145665,0.9175472362897611
eighth_synthetic,CHEMBL1955,35803,9,0.2,4.0,34,34,0,11,2,9,6,6,0.8278923131004458,0.9008675002040221
eighth_synthetic,CHEMBL1955,35803,9,0.2,6.0,34,36,2,11,3,8,7,5,0.7798548245454545,0.9220525496172486
eighth_synthetic,CHEMBL1955,35803,9,0.3,4.0,33,34,1,11,3,8,7,6,0.865352344368462,0.927152341561651
eighth_synthetic,CHEMBL1955,35803,9,0.3,6.0,33,35,2,11,3,8,8,6,0.8113000598254719,0.9281255021458719
eighth_synthetic,CHEMBL1957,35803,0,0.2,4.0,49,50,1,21,11,10,21,20,0.9638972780952381,0.9926064452380953
eighth_synthetic,CHEMBL1957,35803,0,0.2,6.0,47,50,3,22,12,10,22,19,0.9645044609090909,0.9926536885271138
eighth_synthetic,CHEMBL1957,35803,0,0.3,4.0,49,49,0,21,11,10,20,20,0.9646590452465831,0.9934497676215758
eighth_synthetic,CHEMBL1957,35803,0,0.3,6.0,47,49,2,22,12,10,21,19,0.9655942303570746,0.9934719025173077
eighth_synthetic,CHEMBL1957,35803,1,0.2,4.0,49,50,1,21,11,10,21,20,0.9638972780952381,0.9926064452380953
eighth_synthetic,CHEMBL1957,35803,1,0.2,6.0,47,50,3,22,12,10,22,19,0.9645044609090909,0.9927455804823327
eighth_synthetic,CHEMBL1957,35803,1,0.3,4.0,49,50,1,21,11,10,21,20,0.9638972780952381,0.9926064452380953
eighth_synthetic,CHEMBL1957,35803,1,0.3,6.0,47,50,3,22,12,10,22,19,0.9645044609090909,0.9925704453643731
eighth_synthetic,CHEMBL1957,35803,2,0.2,4.0,49,50,1,21,11,10,21,20,0.9638972780952381,0.9926064452380953
eighth_synthetic,CHEMBL1957,35803,2,0.2,6.0,48,50,2,22,12,10,22,20,0.9645044609090909,0.9922941346591224
eighth_synthetic,CHEMBL1957,35803,2,0.3,4.0,49,49,0,21,11,10,20,20,0.9646590452465831,0.9934497676215758
eighth_synthetic,CHEMBL1957,35803,2,0.3,6.0,48,49,1,22,12,10,21,20,0.9655942303570746,0.9932042406045354
eighth_synthetic,CHEMBL1957,35803,3,0.2,4.0,49,50,1,21,11,10,21,20,0.9638972780952381,0.9926064452380953
eighth_synthetic,CHEMBL1957,35803,3,0.2,6.0,47,50,3,22,12,10,22,19,0.9645044609090909,0.9926536885271138
eighth_synthetic,CHEMBL1957,35803,3,0.3,4.0,49,49,0,21,11,10,20,20,0.9646590452465831,0.9934497676215758
eighth_synthetic,CHEMBL1957,35803,3,0.3,6.0,48,49,1,22,12,10,21,20,0.9655942303570746,0.9931123486493164
eighth_synthetic,CHEMBL1957,35803,4,0.2,4.0,49,50,1,21,11,10,21,20,0.9638972780952381,0.9926064452380953
eighth_synthetic,CHEMBL1957,35803,4,0.2,6.0,47,50,3,22,12,10,22,19,0.9645044609090909,0.9926536885271138
eighth_synthetic,CHEMBL1957,35803,4,0.3,4.0,49,50,1,21,11,10,21,20,0.9638972780952381,0.9926064452380953
eighth_synthetic,CHEMBL1957,35803,4,0.3,6.0,47,50,3,22,12,10,22,19,0.9645044609090909,0.9929174837778189
eighth_synthetic,CHEMBL1957,35803,5,0.2,4.0,48,49,1,22,12,10,21,20,0.9651812260948588,0.9925256661276147
eighth_synthetic,CHEMBL1957,35803,5,0.2,6.0,47,49,2,22,12,10,21,19,0.9655872957461349,0.9932452043752817
eighth_synthetic,CHEMBL1957,35803,5,0.3,4.0,49,49,0,21,11,10,20,20,0.9646590452465831,0.9934497676215758
eighth_synthetic,CHEMBL1957,35803,5,0.3,6.0,47,49,2,22,12,10,21,19,0.9655942303570746,0.9934719025173077
eighth_synthetic,CHEMBL1957,35803,6,0.2,4.0,49,50,1,21,11,10,21,20,0.9638972780952381,0.9926064452380953
eighth_synthetic,CHEMBL1957,35803,6,0.2,6.0,47,50,3,22,12,10,22,19,0.9645044609090909,0.9927455804823327
eighth_synthetic,CHEMBL1957,35803,6,0.3,4.0,49,50,1,21,11,10,21,20,0.9638972780952381,0.9926064452380953
eighth_synthetic,CHEMBL1957,35803,6,0.3,6.0,47,50,3,22,12,10,22,19,0.9645044609090909,0.9926536885271138
eighth_synthetic,CHEMBL1957,35803,7,0.2,4.0,48,49,1,22,12,10,21,20,0.9651812260948588,0.9925256661276147
eighth_synthetic,CHEMBL1957,35803,7,0.2,6.0,47,49,2,22,12,10,21,19,0.9655872957461349,0.9930700692573221
eighth_synthetic,CHEMBL1957,35803,7,0.3,4.0,48,48,0,23,12,11,21,21,0.9662934280115276,0.9935215054287222
eighth_synthetic,CHEMBL1957,35803,7,0.3,6.0,47,48,1,23,12,11,21,20,0.9670287040987221,0.9941427849765291
eighth_synthetic,CHEMBL1957,35803,8,0.2,4.0,49,49,0,21,11,10,20,20,0.9646590452465831,0.9934497676215758
eighth_synthetic,CHEMBL1957,35803,8,0.2,6.0,48,49,1,22,12,10,21,20,0.9655942303570746,0.993287483767276
eighth_synthetic,CHEMBL1957,35803,8,0.3,4.0,48,48,0,23,12,11,21,21,0.9662934280115276,0.9935215054287222
eighth_synthetic,CHEMBL1957,35803,8,0.3,6.0,47,48,1,23,12,11,21,20,0.9670287040987221,0.9940548883237108
eighth_synthetic,CHEMBL1957,35803,9,0.2,4.0,49,50,1,21,11,10,21,20,0.9638972780952381,0.9926064452380953
eighth_synthetic,CHEMBL1957,35803,9,0.2,6.0,47,50,3,22,12,10,22,19,0.9645044609090909,0.9927455804823327
eighth_synthetic,CHEMBL1957,35803,9,0.3,4.0,49,49,0,21,11,10,20,20,0.9646590452465831,0.9934497676215758
eighth_synthetic,CHEMBL1957,35803,9,0.3,6.0,47,49,2,22,12,10,21,19,0.9655942303570746,0.9934719025173077
eighth_synthetic,CHEMBL1824,35804,0,0.2,4.0,48,49,1,16,16,0,15,14,0.914610795,0.9710327339567664
eighth_synthetic,CHEMBL1824,35804,0,0.2,6.0,46,49,3,17,17,0,16,13,0.9154868894117647,0.9742508102716552
eighth_synthetic,CHEMBL1824,35804,0,0.3,4.0,49,49,0,15,15,0,14,14,0.9136631439999999,0.9711479467515546
eighth_synthetic,CHEMBL1824,35804,0,0.3,6.0,46,49,3,17,17,0,16,13,0.9154868894117647,0.9734416829459065
eighth_synthetic,CHEMBL1824,35804,1,0.2,4.0,49,49,0,15,15,0,14,14,0.9136631439999999,0.9707622239872825
eighth_synthetic,CHEMBL1824,35804,1,0.2,6.0,46,49,3,17,17,0,16,13,0.9154868894117647,0.9735806898384598
eighth_synthetic,CHEMBL1824,35804,1,0.3,4.0,48,49,1,16,16,0,15,14,0.914610795,0.9686638448468903
eighth_synthetic,CHEMBL1824,35804,1,0.3,6.0,45,49,4,18,18,0,17,13,0.9164198622222222,0.9743688638727465
eighth_synthetic,CHEMBL1824,35804,2,0.2,4.0,50,49,-1,14,14,0,13,14,0.9126846014285714,0.9694403007142858
eighth_synthetic,CHEMBL1824,35804,2,0.2,6.0,46,49,3,17,17,0,16,13,0.9154868894117647,0.9725691259682977
eighth_synthetic,CHEMBL1824,35804,2,0.3,4.0,47,49,2,17,17,0,16,14,0.9154868894117647,0.9724247667442657
eighth_synthetic,CHEMBL1824,35804,2,0.3,6.0,44,49,5,19,19,0,18,13,0.91741281,0.9759767517627113
eighth_synthetic,CHEMBL1824,35804,3,0.2,4.0,48,49,1,16,16,0,15,14,0.914610795,0.9670544417694918
eighth_synthetic,CHEMBL1824,35804,3,0.2,6.0,47,49,2,17,17,0,16,14,0.9154868894117647,0.9728440000245323
eighth_synthetic,CHEMBL1824,35804,3,0.3,4.0,48,49,1,16,16,0,15,14,0.914610795,0.9719800217446912
eighth_synthetic,CHEMBL1824,35804,3,0.3,6.0,46,49,3,17,17,0,16,13,0.9154868894117647,0.9743764483217034
eighth_synthetic,CHEMBL1824,35804,4,0.2,4.0,48,49,1,16,16,0,15,14,0.914610795,0.9710327339567664
eighth_synthetic,CHEMBL1824,35804,4,0.2,6.0,47,49,2,17,17,0,16,14,0.9154868894117647,0.973384997226433
eighth_synthetic,CHEMBL1824,35804,4,0.3,4.0,47,49,2,17,17,0,16,14,0.9154868894117647,0.9715332017673955
eighth_synthetic,CHEMBL1824,35804,4,0.3,6.0,44,49,5,19,19,0,18,13,0.91741281,0.9760304899826802
eighth_synthetic,CHEMBL1824,35804,5,0.2,4.0,48,49,1,16,16,0,15,14,0.914610795,0.9716724930006737
eighth_synthetic,CHEMBL1824,35804,5,0.2,6.0,47,49,2,17,17,0,16,14,0.9154868894117647,0.9734702154787938
eighth_synthetic,CHEMBL1824,35804,5,0.3,4.0,49,49,0,15,15,0,14,14,0.9136631439999999,0.9707622239872825
eighth_synthetic,CHEMBL1824,35804,5,0.3,6.0,46,49,3,17,17,0,16,13,0.9154868894117647,0.9733949914249171
eighth_synthetic,CHEMBL1824,35804,6,0.2,4.0,49,49,0,15,15,0,14,14,0.9136631439999999,0.9669044350851285
eighth_synthetic,CHEMBL1824,35804,6,0.2,6.0,47,49,2,17,17,0,16,14,0.9154868894117647,0.9699524625912207
eighth_synthetic,CHEMBL1824,35804,6,0.3,4.0,49,49,0,15,15,0,14,14,0.9136631439999999,0.9711479467515546
eighth_synthetic,CHEMBL1824,35804,6,0.3,6.0,46,49,3,17,17,0,16,13,0.9154868894117647,0.9736872200511435
eighth_synthetic,CHEMBL1824,35804,7,0.2,4.0,49,49,0,15,15,0,14,14,0.9136631439999999,0.9711479467515546
eighth_synthetic,CHEMBL1824,35804,7,0.2,6.0,48,49,1,16,16,0,15,14,0.914610795,0.9722491578439572
eighth_synthetic,CHEMBL1824,35804,7,0.3,4.0,49,49,0,15,15,0,14,14,0.9136631439999999,0.9711479467515546
eighth_synthetic,CHEMBL1824,35804,7,0.3,6.0,46,49,3,17,17,0,16,13,0.9154868894117647,0.9751177604444614
eighth_synthetic,CHEMBL1824,35804,8,0.2,4.0,49,49,0,15,15,0,14,14,0.9136631439999999,0.969240889656768
eighth_synthetic,CHEMBL1824,35804,8,0.2,6.0,47,48,1,17,17,0,16,15,0.9154868894117647,0.9673092309038898
eighth_synthetic,CHEMBL1824,35804,8,0.3,4.0,48,49,1,16,16,0,15,14,0.914610795,0.9710327339567664
eighth_synthetic,CHEMBL1824,35804,8,0.3,6.0,45,49,4,18,18,0,17,13,0.9164198622222222,0.9767510737057274
eighth_synthetic,CHEMBL1824,35804,9,0.2,4.0,48,49,1,16,16,0,15,14,0.914610795,0.9680017295574166
eighth_synthetic,CHEMBL1824,35804,9,0.2,6.0,46,49,3,17,17,0,16,13,0.9154868894117647,0.975880223392919
eighth_synthetic,CHEMBL1824,35804,9,0.3,4.0,47,49,2,17,17,0,16,14,0.9154868894117647,0.9730815519364526
eighth_synthetic,CHEMBL1824,35804,9,0.3,6.0,45,49,4,18,18,0,17,13,0.9164198622222222,0.9781493232368005
eighth_synthetic,CHEMBL1825,35804,0,0.2,4.0,48,47,-1,17,12,5,16,17,0.9751068376470587,0.992447045882353
eighth_synthetic,CHEMBL1825,35804,0,0.2,6.0,48,47,-1,17,12,5,16,17,0.9751068376470587,0.992447045882353
eighth_synthetic,CHEMBL1825,35804,0,0.3,4.0,47,47,0,17,12,5,16,16,0.9751068376470587,0.9931713601502237
eighth_synthetic,CHEMBL1825,35804,0,0.3,6.0,46,47,1,18,13,5,17,16,0.9751345966666665,0.9924103796984399
eighth_synthetic,CHEMBL1825,35804,1,0.2,4.0,48,47,-1,17,12,5,16,17,0.9751068376470587,0.992447045882353
eighth_synthetic,CHEMBL1825,35804,1,0.2,6.0,48,47,-1,17,12,5,16,17,0.9751068376470587,0.992447045882353
eighth_synthetic,CHEMBL1825,35804,1,0.3,4.0,47,47,0,17,12,5,16,16,0.9751068376470587,0.9931713601502237
eighth_synthetic,CHEMBL1825,35804,1,0.3,6.0,46,47,1,18,13,5,17,16,0.9751345966666665,0.9924425864545623
eighth_synthetic,CHEMBL1825,35804,2,0.2,4.0,48,47,-1,17,12,5,16,17,0.9751068376470587,0.992447045882353
eighth_synthetic,CHEMBL1825,35804,2,0.2,6.0,48,47,-1,17,12,5,16,17,0.9751068376470587,0.992447045882353
eighth_synthetic,CHEMBL1825,35804,2,0.3,4.0,47,47,0,17,12,5,16,16,0.9751068376470587,0.9931713601502237
eighth_synthetic,CHEMBL1825,35804,2,0.3,6.0,46,47,1,18,13,5,17,16,0.9751345966666665,0.9924425864545623
eighth_synthetic,CHEMBL1825,35804,3,0.2,4.0,48,47,-1,17,12,5,16,17,0.9751068376470587,0.992447045882353
eighth_synthetic,CHEMBL1825,35804,3,0.2,6.0,47,47,0,18,13,5,17,17,0.9751345966666665,0.9916876574927489
eighth_synthetic,CHEMBL1825,35804,3,0.3,4.0,47,47,0,17,12,5,16,16,0.9751068376470587,0.9931713601502237
eighth_synthetic,CHEMBL1825,35804,3,0.3,6.0,46,47,1,18,13,5,17,16,0.9751345966666665,0.9924425864545623
eighth_synthetic,CHEMBL1825,35804,4,0.2,4.0,48,47,-1,17,12,5,16,17,0.9751068376470587,0.992447045882353
eighth_synthetic,CHEMBL1825,35804,4,0.2,6.0,48,47,-1,17,12,5,16,17,0.9751068376470587,0.992447045882353
eighth_synthetic,CHEMBL1825,35804,4,0.3,4.0,48,47,-1,17,12,5,16,17,0.9751068376470587,0.992447045882353
eighth_synthetic,CHEMBL1825,35804,4,0.3,6.0,48,47,-1,17,12,5,16,17,0.9751068376470587,0.992447045882353
eighth_synthetic,CHEMBL1825,35804,5,0.2,4.0,48,47,-1,17,12,5,16,17,0.9751068376470587,0.992447045882353
eighth_synthetic,CHEMBL1825,35804,5,0.2,6.0,48,47,-1,17,12,5,16,17,0.9751068376470587,0.992447045882353
eighth_synthetic,CHEMBL1825,35804,5,0.3,4.0,48,47,-1,17,12,5,16,17,0.9751068376470587,0.992447045882353
eighth_synthetic,CHEMBL1825,35804,5,0.3,6.0,47,47,0,18,13,5,17,17,0.9751345966666665,0.9917198642488712
eighth_synthetic,CHEMBL1825,35804,6,0.2,4.0,47,47,0,17,12,5,16,16,0.9751068376470587,0.9931713601502237
eighth_synthetic,CHEMBL1825,35804,6,0.2,6.0,47,47,0,17,12,5,16,16,0.9751068376470587,0.9932122811589672
eighth_synthetic,CHEMBL1825,35804,6,0.3,4.0,47,47,0,17,12,5,16,16,0.9751068376470587,0.9931713601502237
eighth_synthetic,CHEMBL1825,35804,6,0.3,6.0,46,47,1,18,13,5,17,16,0.9751345966666665,0.9924425864545623
eighth_synthetic,CHEMBL1825,35804,7,0.2,4.0,48,47,-1,17,12,5,16,17,0.9751068376470587,0.992447045882353
eighth_synthetic,CHEMBL1825,35804,7,0.2,6.0,47,47,0,18,13,5,17,17,0.9751345966666665,0.9917198642488712
eighth_synthetic,CHEMBL1825,35804,7,0.3,4.0,47,47,0,17,12,5,16,16,0.9751068376470587,0.9931713601502237
eighth_synthetic,CHEMBL1825,35804,7,0.3,6.0,46,47,1,18,13,5,17,16,0.9751345966666665,0.9924425864545623
eighth_synthetic,CHEMBL1825,35804,8,0.2,4.0,47,47,0,17,12,5,16,16,0.9751068376470587,0.9931713601502237
eighth_synthetic,CHEMBL1825,35804,8,0.2,6.0,46,47,1,18,13,5,17,16,0.9751345966666665,0.9924425864545623
eighth_synthetic,CHEMBL1825,35804,8,0.3,4.0,47,47,0,17,12,5,16,16,0.9751068376470587,0.9931713601502237
eighth_synthetic,CHEMBL1825,35804,8,0.3,6.0,46,47,1,18,13,5,17,16,0.9751345966666665,0.9924425864545623
eighth_synthetic,CHEMBL1825,35804,9,0.2,4.0,47,47,0,17,12,5,16,16,0.9751068376470587,0.9931713601502237
eighth_synthetic,CHEMBL1825,35804,9,0.2,6.0,46,47,1,18,13,5,17,16,0.9751345966666665,0.9924103796984399
eighth_synthetic,CHEMBL1825,35804,9,0.3,4.0,47,47,0,17,12,5,16,16,0.9751068376470587,0.9931713601502237
eighth_synthetic,CHEMBL1825,35804,9,0.3,6.0,47,47,0,17,12,5,16,16,0.9751068376470587,0.9932122811589672
eighth_synthetic,CHEMBL1827,35804,0,0.2,4.0,50,50,0,16,16,0,16,16,0.947622859375,0.9846346637500001
eighth_synthetic,CHEMBL1827,35804,0,0.2,6.0,48,50,2,17,17,0,17,15,0.9488110382352941,0.9853434335747356
eighth_synthetic,CHEMBL1827,35804,0,0.3,4.0,49,50,1,17,17,0,17,16,0.9488110382352941,0.98530475470524
eighth_synthetic,CHEMBL1827,35804,0,0.3,6.0,47,50,3,18,18,0,18,15,0.9498886450000001,0.9858641590208878
eighth_synthetic,CHEMBL1827,35804,1,0.2,4.0,49,50,1,17,17,0,17,16,0.9488110382352941,0.98530475470524
eighth_synthetic,CHEMBL1827,35804,1,0.2,6.0,47,50,3,18,18,0,18,15,0.9498886450000001,0.9869429085410418
eighth_synthetic,CHEMBL1827,35804,1,0.3,4.0,48,50,2,17,17,0,17,15,0.9488110382352941,0.9853419015011889
eighth_synthetic,CHEMBL1827,35804,1,0.3,6.0,46,50,4,19,19,0,19,15,0.9508803005263158,0.9871522763386568
eighth_synthetic,CHEMBL1827,35804,2,0.2,4.0,50,50,0,16,16,0,16,16,0.947622859375,0.9846346637500001
eighth_synthetic,CHEMBL1827,35804,2,0.2,6.0,48,50,2,17,17,0,17,15,0.9488110382352941,0.9853434335747356
eighth_synthetic,CHEMBL1827,35804,2,0.3,4.0,48,50,2,17,17,0,17,15,0.9488110382352941,0.9858228392327244
eighth_synthetic,CHEMBL1827,35804,2,0.3,6.0,46,50,4,19,19,0,19,15,0.9508803005263158,0.9858732938660563
eighth_synthetic,CHEMBL1827,35804,3,0.2,4.0,50,50,0,16,16,0,16,16,0.947622859375,0.9846346637500001
eighth_synthetic,CHEMBL1827,35804,3,0.2,6.0,47,50,3,18,18,0,18,15,0.9498886450000001,0.9854462342819514
eighth_synthetic,CHEMBL1827,35804,3,0.3,4.0,49,50,1,17,17,0,17,16,0.9488110382352941,0.98530475470524
eighth_synthetic,CHEMBL1827,35804,3,0.3,6.0,47,50,3,18,18,0,18,15,0.9498886450000001,0.9869866067265496
eighth_synthetic,CHEMBL1827,35804,4,0.2,4.0,50,50,0,16,16,0,16,16,0.947622859375,0.9846346637500001
eighth_synthetic,CHEMBL1827,35804,4,0.2,6.0,47,50,3,18,18,0,18,15,0.9498886450000001,0.9854025360964437
eighth_synthetic,CHEMBL1827,35804,4,0.3,4.0,48,50,2,17,17,0,17,15,0.9488110382352941,0.9858228392327244
eighth_synthetic,CHEMBL1827,35804,4,0.3,6.0,46,50,4,19,19,0,19,15,0.9508803005263158,0.9866907204201105
eighth_synthetic,CHEMBL1827,35804,5,0.2,4.0,49,50,1,17,17,0,17,16,0.9488110382352941,0.98530475470524
eighth_synthetic,CHEMBL1827,35804,5,0.2,6.0,47,50,3,18,18,0,18,15,0.9498886450000001,0.9859836395852083
eighth_synthetic,CHEMBL1827,35804,5,0.3,4.0,47,50,3,18,18,0,18,15,0.9498886450000001,0.9848787923604136
eighth_synthetic,CHEMBL1827,35804,5,0.3,6.0,47,50,3,18,18,0,18,15,0.9498886450000001,0.987661455226447
eighth_synthetic,CHEMBL1827,35804,6,0.2,4.0,49,50,1,17,17,0,17,16,0.9488110382352941,0.98530475470524
eighth_synthetic,CHEMBL1827,35804,6,0.2,6.0,48,50,2,17,17,0,17,15,0.9488110382352941,0.9869744161631339
eighth_synthetic,CHEMBL1827,35804,6,0.3,4.0,49,50,1,17,17,0,17,16,0.9488110382352941,0.98530475470524
eighth_synthetic,CHEMBL1827,35804,6,0.3,6.0,48,50,2,17,17,0,17,15,0.9488110382352941,0.9869744161631339
eighth_synthetic,CHEMBL1827,35804,7,0.2,4.0,49,50,1,17,17,0,17,16,0.9488110382352941,0.9841859151157197
eighth_synthetic,CHEMBL1827,35804,7,0.2,6.0,47,50,3,18,18,0,18,15,0.9498886450000001,0.9859812964559946
eighth_synthetic,CHEMBL1827,35804,7,0.3,4.0,49,50,1,17,17,0,17,16,0.9488110382352941,0.98530475470524
eighth_synthetic,CHEMBL1827,35804,7,0.3,6.0,46,50,4,19,19,0,19,15,0.9508803005263158,0.9868647612297577
eighth_synthetic,CHEMBL1827,35804,8,0.2,4.0,48,50,2,17,17,0,17,15,0.9488110382352941,0.9858228392327244
eighth_synthetic,CHEMBL1827,35804,8,0.2,6.0,47,50,3,18,18,0,18,15,0.9498886450000001,0.9870507210832833
eighth_synthetic,CHEMBL1827,35804,8,0.3,4.0,49,50,1,17,17,0,17,16,0.9488110382352941,0.98530475470524
eighth_synthetic,CHEMBL1827,35804,8,0.3,6.0,45,50,5,20,20,0,20,15,0.9518152105000001,0.9857555033660684
eighth_synthetic,CHEMBL1827,35804,9,0.2,4.0,48,50,2,17,17,0,17,15,0.9488110382352941,0.9853419015011889
eighth_synthetic,CHEMBL1827,35804,9,0.2,6.0,48,50,2,17,17,0,17,15,0.9488110382352941,0.9871224252140381
eighth_synthetic,CHEMBL1827,35804,9,0.3,4.0,48,50,2,17,17,0,17,15,0.9488110382352941,0.9853419015011889
eighth_synthetic,CHEMBL1827,35804,9,0.3,6.0,46,50,4,19,19,0,19,15,0.9508803005263158,0.9875070828667409
eighth_synthetic,CHEMBL1829,35804,0,0.2,4.0,41,45,4,13,10,3,12,8,0.8472886223964324,0.9494332309683039
eighth_synthetic,CHEMBL1829,35804,0,0.2,6.0,40,47,7,15,11,4,15,8,0.8243960539999999,0.9610252208915634
eighth_synthetic,CHEMBL1829,35804,0,0.3,4.0,41,46,5,14,12,2,13,8,0.841577219705111,0.9534191055428082
eighth_synthetic,CHEMBL1829,35804,0,0.3,6.0,39,45,6,15,11,4,14,8,0.8374485845538261,0.9634953546148457
eighth_synthetic,CHEMBL1829,35804,1,0.2,4.0,41,45,4,13,11,2,12,8,0.8346587076923077,0.9512426511838671
eighth_synthetic,CHEMBL1829,35804,1,0.2,6.0,41,46,5,14,12,2,13,8,0.8341187071428572,0.9624560632139694
eighth_synthetic,CHEMBL1829,35804,1,0.3,4.0,39,46,7,15,13,2,15,8,0.8469453700000001,0.9552036867982332
eighth_synthetic,CHEMBL1829,35804,1,0.3,6.0,39,45,6,15,11,4,14,8,0.8374485845538261,0.9670614398900478
eighth_synthetic,CHEMBL1829,35804,2,0.2,4.0,41,46,5,14,11,3,13,8,0.8376567687691324,0.9523645728090028
eighth_synthetic,CHEMBL1829,35804,2,0.2,6.0,41,46,5,14,10,4,13,8,0.831572305923791,0.9624499063379144
eighth_synthetic,CHEMBL1829,35804,2,0.3,4.0,39,45,6,14,12,2,14,8,0.8483629892857144,0.9577151687724507
eighth_synthetic,CHEMBL1829,35804,2,0.3,6.0,39,46,7,16,12,4,15,8,0.835958543644212,0.9696002696499479
eighth_synthetic,CHEMBL1829,35804,3,0.2,4.0,42,47,5,14,12,2,14,9,0.8346582864285714,0.9464657543160735
eighth_synthetic,CHEMBL1829,35804,3,0.2,6.0,41,45,4,14,9,5,12,8,0.8417679012002849,0.9609335258254665
eighth_synthetic,CHEMBL1829,35804,3,0.3,4.0,40,45,5,14,11,3,13,8,0.8408372973405609,0.9470076495998759
eighth_synthetic,CHEMBL1829,35804,3,0.3,6.0,38,46,8,17,13,4,16,8,0.837633055112037,0.9632119699561218
eighth_synthetic,CHEMBL1829,35804,4,0.2,4.0,42,45,3,14,11,3,12,9,0.829925865197704,0.9354849563244471
eighth_synthetic,CHEMBL1829,35804,4,0.2,6.0,42,44,2,14,10,4,11,9,0.8568233191576252,0.954111023413332
eighth_synthetic,CHEMBL1829,35804,4,0.3,4.0,41,46,5,13,11,2,13,8,0.8429842961538461,0.9532622133383922
eighth_synthetic,CHEMBL1829,35804,4,0.3,6.0,39,45,6,15,11,4,14,8,0.837261639326624,0.9625722232652886
eighth_synthetic,CHEMBL1829,35804,5,0.2,4.0,42,45,3,13,11,2,12,9,0.8426909519901196,0.9374463531174937
eighth_synthetic,CHEMBL1829,35804,5,0.2,6.0,41,45,4,13,9,4,12,8,0.8320264667928764,0.9575435333039342
eighth_synthetic,CHEMBL1829,35804,5,0.3,4.0,39,46,7,15,13,2,15,8,0.8469453700000001,0.9510219825646569
eighth_synthetic,CHEMBL1829,35804,5,0.3,6.0,38,46,8,17,13,4,16,8,0.8380255717587859,0.9660434269910939
eighth_synthetic,CHEMBL1829,35804,6,0.2,4.0,41,46,5,14,12,2,13,8,0.8341187071428572,0.9440025780380913
eighth_synthetic,CHEMBL1829,35804,6,0.2,6.0,41,44,3,14,10,4,11,8,0.8568233191576252,0.961217017975365
eighth_synthetic,CHEMBL1829,35804,6,0.3,4.0,39,44,5,15,12,3,13,8,0.836715925517857,0.9496273543322442
eighth_synthetic,CHEMBL1829,35804,6,0.3,6.0,39,46,7,16,14,2,15,8,0.8389404125,0.9662448357051503
eighth_synthetic,CHEMBL1829,35804,7,0.2,4.0,45,45,0,12,10,2,10,10,0.829609227989296,0.9378974255542579
eighth_synthetic,CHEMBL1829,35804,7,0.2,6.0,43,46,3,14,12,2,13,10,0.8341187071428572,0.9362633608973873
eighth_synthetic,CHEMBL1829,35804,7,0.3,4.0,41,47,6,14,12,2,14,8,0.8346582864285714,0.9532347713793332
eighth_synthetic,CHEMBL1829,35804,7,0.3,6.0,39,45,6,15,11,4,14,8,0.837261639326624,0.961409011951485
eighth_synthetic,CHEMBL1829,35804,8,0.2,4.0,41,45,4,13,11,2,12,8,0.8346587076923077,0.94599345704349
eighth_synthetic,CHEMBL1829,35804,8,0.2,6.0,41,44,3,14,10,4,11,8,0.8568233191576252,0.9642109847911057
eighth_synthetic,CHEMBL1829,35804,8,0.3,4.0,41,44,3,13,10,3,11,8,0.8392133352799545,0.9473316508716448
eighth_synthetic,CHEMBL1829,35804,8,0.3,6.0,39,45,6,15,11,4,14,8,0.8374485845538261,0.9616134866491406
eighth_synthetic,CHEMBL1829,35804,9,0.2,4.0,41,45,4,13,11,2,12,8,0.8346587076923077,0.9502356664145946
eighth_synthetic,CHEMBL1829,35804,9,0.2,6.0,40,43,3,13,10,3,11,8,0.8518714998697994,0.9597979392801151
eighth_synthetic,CHEMBL1829,35804,9,0.3,4.0,38,45,7,17,14,3,15,8,0.8540907230090365,0.9462953793471965
eighth_synthetic,CHEMBL1829,35804,9,0.3,6.0,38,45,7,18,12,6,15,8,0.8516182565670417,0.9686925064291627
eighth_synthetic,CHEMBL1833,35804,0,0.2,4.0,37,40,3,13,5,8,11,8,0.7273126894080852,0.8495499874736717
eighth_synthetic,CHEMBL1833,35804,0,0.2,6.0,37,40,3,13,5,8,11,8,0.7284685111912186,0.8511093840092285
eighth_synthetic,CHEMBL1833,35804,0,0.3,4.0,36,40,4,13,5,8,11,7,0.7112208939878063,0.8501828321255345
eighth_synthetic,CHEMBL1833,35804,0,0.3,6.0,36,40,4,13,5,8,11,7,0.7261408342303087,0.8525756699042224
eighth_synthetic,CHEMBL1833,35804,1,0.2,4.0,36,40,4,13,5,8,11,7,0.7083415998144514,0.8537903585332528
eighth_synthetic,CHEMBL1833,35804,1,0.2,6.0,36,40,4,13,5,8,11,7,0.7257303661057376,0.8588272484645607
eighth_synthetic,CHEMBL1833,35804,1,0.3,4.0,36,40,4,12,5,7,11,7,0.6733214784345765,0.8645775212661936
eighth_synthetic,CHEMBL1833,35804,1,0.3,6.0,36,40,4,13,5,8,11,7,0.7018349826368092,0.8788613752322632
eighth_synthetic,CHEMBL1833,35804,2,0.2,4.0,37,40,3,12,6,6,11,8,0.64593026,0.8389752793805682
eighth_synthetic,CHEMBL1833,35804,2,0.2,6.0,37,40,3,12,6,6,11,8,0.64593026,0.8398692098062824
eighth_synthetic,CHEMBL1833,35804,2,0.3,4.0,35,40,5,14,6,8,12,7,0.7071077805494947,0.8426002874463594
eighth_synthetic,CHEMBL1833,35804,2,0.3,6.0,35,40,5,15,6,9,12,7,0.7389059803720218,0.8551865331087559
eighth_synthetic,CHEMBL1833,35804,3,0.2,4.0,36,40,4,12,5,7,11,7,0.6880567907178875,0.8454507962127987
eighth_synthetic,CHEMBL1833,35804,3,0.2,6.0,36,40,4,12,5,7,11,7,0.7034423003762013,0.8476047771086845
eighth_synthetic,CHEMBL1833,35804,3,0.3,4.0,36,40,4,14,5,9,11,7,0.7433445908055949,0.8584881795383168
eighth_synthetic,CHEMBL1833,35804,3,0.3,6.0,36,40,4,14,5,9,11,7,0.747376985739001,0.8627670333467891
eighth_synthetic,CHEMBL1833,35804,4,0.2,4.0,37,39,2,12,5,7,10,8,0.7012813102689027,0.8212861569231965
eighth_synthetic,CHEMBL1833,35804,4,0.2,6.0,37,39,2,13,5,8,10,8,0.7244977628107125,0.8351031483595771
eighth_synthetic,CHEMBL1833,35804,4,0.3,4.0,36,40,4,11,5,6,11,7,0.6489495145454546,0.8569148138697109
eighth_synthetic,CHEMBL1833,35804,4,0.3,6.0,36,40,4,11,5,6,11,7,0.6489495145454546,0.8578900106977628
eighth_synthetic,CHEMBL1833,35804,5,0.2,4.0,37,40,3,13,5,8,11,8,0.724568343246158,0.8468831110646916
eighth_synthetic,CHEMBL1833,35804,5,0.2,6.0,37,40,3,13,5,8,11,8,0.728473031949213,0.8507297015962887
eighth_synthetic,CHEMBL1833,35804,5,0.3,4.0,35,40,5,14,6,8,12,7,0.7045594591134192,0.8401239022094493
eighth_synthetic,CHEMBL1833,35804,5,0.3,6.0,35,40,5,14,6,8,12,7,0.7207061706696135,0.844801014288521
eighth_synthetic,CHEMBL1833,35804,6,0.2,4.0,37,40,3,12,6,6,11,8,0.64593026,0.8389752793805682
eighth_synthetic,CHEMBL1833,35804,6,0.2,6.0,37,40,3,12,6,6,11,8,0.64593026,0.8398692098062824
eighth_synthetic,CHEMBL1833,35804,6,0.3,4.0,35,40,5,13,6,7,12,7,0.6855440860472808,0.8313745788118145
eighth_synthetic,CHEMBL1833,35804,6,0.3,6.0,35,40,5,14,6,8,12,7,0.720747237183863,0.8449546586091462
eighth_synthetic,CHEMBL1833,35804,7,0.2,4.0,37,40,3,12,6,6,11,8,0.64593026,0.8389752793805682
eighth_synthetic,CHEMBL1833,35804,7,0.2,6.0,37,40,3,12,6,6,11,8,0.64593026,0.8398692098062824
eighth_synthetic,CHEMBL1833,35804,7,0.3,4.0,35,40,5,14,6,8,12,7,0.7045594591134192,0.8401239022094493
eighth_synthetic,CHEMBL1833,35804,7,0.3,6.0,35,40,5,14,6,8,12,7,0.7207061706696135,0.844801014288521
eighth_synthetic,CHEMBL1833,35804,8,0.2,4.0,36,40,4,12,5,7,11,7,0.7016543417679099,0.8431945789176195
eighth_synthetic,CHEMBL1833,35804,8,0.2,6.0,36,40,4,12,5,7,11,7,0.7058405873515711,0.8472785198071838
eighth_synthetic,CHEMBL1833,35804,8,0.3,4.0,36,39,3,14,6,8,11,8,0.688196803584867,0.8407324505135071
eighth_synthetic,CHEMBL1833,35804,8,0.3,6.0,36,39,3,14,6,8,11,8,0.6947441459342162,0.8470993603546191
eighth_synthetic,CHEMBL1833,35804,9,0.2,4.0,38,39,1,13,5,8,10,9,0.6810479870647295,0.8513193485716083
eighth_synthetic,CHEMBL1833,35804,9,0.2,6.0,38,39,1,13,5,8,10,9,0.6959679273072317,0.8537504670229443
eighth_synthetic,CHEMBL1833,35804,9,0.3,4.0,36,38,2,13,5,8,10,8,0.7105812324493448,0.8331827533267706
eighth_synthetic,CHEMBL1833,35804,9,0.3,6.0,36,38,2,14,5,9,10,8,0.7446626665038342,0.8466439893866227
eighth_synthetic,CHEMBL1836,35804,0,0.2,4.0,47,46,-1,9,2,7,8,9,0.8253646688888889,0.8963484500000001
eighth_synthetic,CHEMBL1836,35804,0,0.2,6.0,47,46,-1,10,2,8,8,9,0.8234645544716583,0.8971852989523537
eighth_synthetic,CHEMBL1836,35804,0,0.3,4.0,47,46,-1,9,2,7,8,9,0.8253646688888889,0.8963484500000001
eighth_synthetic,CHEMBL1836,35804,0,0.3,6.0,47,46,-1,10,2,8,8,9,0.8234645544716583,0.8971852989523537
eighth_synthetic,CHEMBL1836,35804,1,0.2,4.0,47,46,-1,10,3,7,8,9,0.807414452,0.8816448645406639
eighth_synthetic,CHEMBL1836,35804,1,0.2,6.0,47,46,-1,10,2,8,8,9,0.8388321821431364,0.9023819984824424
eighth_synthetic,CHEMBL1836,35804,1,0.3,4.0,47,46,-1,11,3,8,8,9,0.7997580989639114,0.8829188570471256
eighth_synthetic,CHEMBL1836,35804,1,0.3,6.0,47,45,-2,11,2,9,7,9,0.8590168629186107,0.9098453267308169
eighth_synthetic,CHEMBL1836,35804,2,0.2,4.0,47,46,-1,9,2,7,8,9,0.8269193611111111,0.8963484500000001
eighth_synthetic,CHEMBL1836,35804,2,0.2,6.0,47,46,-1,9,2,7,8,9,0.8318995233333334,0.8963484500000001
eighth_synthetic,CHEMBL1836,35804,2,0.3,4.0,47,46,-1,10,2,8,8,9,0.8106655128603025,0.8962794832111742
eighth_synthetic,CHEMBL1836,35804,2,0.3,6.0,47,46,-1,10,2,8,8,9,0.8423104470673355,0.9051614659214561
eighth_synthetic,CHEMBL1836,35804,3,0.2,4.0,47,46,-1,9,2,7,8,9,0.8253646688888889,0.8963484500000001
eighth_synthetic,CHEMBL1836,35804,3,0.2,6.0,47,46,-1,9,2,7,8,9,0.8269193611111111,0.8963484500000001
eighth_synthetic,CHEMBL1836,35804,3,0.3,4.0,47,46,-1,11,3,8,8,9,0.7997580989639114,0.8799856395720799
eighth_synthetic,CHEMBL1836,35804,3,0.3,6.0,47,45,-2,12,2,10,7,9,0.8416600132346642,0.9088028843945297
eighth_synthetic,CHEMBL1836,35804,4,0.2,4.0,47,46,-1,10,2,8,8,9,0.8106655128603025,0.8962794832111742
eighth_synthetic,CHEMBL1836,35804,4,0.2,6.0,47,46,-1,10,2,8,8,9,0.8423104470673355,0.9051614659214561
eighth_synthetic,CHEMBL1836,35804,4,0.3,4.0,47,46,-1,11,4,7,8,9,0.7968025890909091,0.866681440780707
eighth_synthetic,CHEMBL1836,35804,4,0.3,6.0,47,46,-1,11,2,9,8,9,0.8438523349870358,0.9066475453473348
eighth_synthetic,CHEMBL1836,35804,5,0.2,4.0,47,46,-1,10,2,8,8,9,0.8151476588603025,0.8962794832111742
eighth_synthetic,CHEMBL1836,35804,5,0.2,6.0,47,46,-1,10,2,8,8,9,0.8423104470673355,0.9051614659214561
eighth_synthetic,CHEMBL1836,35804,5,0.3,4.0,47,46,-1,11,3,8,8,9,0.7997580989639114,0.8829188570471256
eighth_synthetic,CHEMBL1836,35804,5,0.3,6.0,47,46,-1,11,2,9,8,9,0.8517410947367925,0.9098453267308169
eighth_synthetic,CHEMBL1836,35804,6,0.2,4.0,47,46,-1,10,2,8,8,9,0.8151476588603025,0.8962794832111742
eighth_synthetic,CHEMBL1836,35804,6,0.2,6.0,47,46,-1,10,2,8,8,9,0.8423104470673355,0.9051614659214561
eighth_synthetic,CHEMBL1836,35804,6,0.3,4.0,47,46,-1,11,3,8,8,9,0.7997580989639114,0.8829188570471256
eighth_synthetic,CHEMBL1836,35804,6,0.3,6.0,47,46,-1,11,2,9,8,9,0.8517410947367925,0.9098453267308169
eighth_synthetic,CHEMBL1836,35804,7,0.2,4.0,47,46,-1,9,2,7,8,9,0.8253646688888889,0.8963484500000001
eighth_synthetic,CHEMBL1836,35804,7,0.2,6.0,47,46,-1,9,2,7,8,9,0.8269193611111111,0.8963484500000001
eighth_synthetic,CHEMBL1836,35804,7,0.3,4.0,47,46,-1,11,3,8,8,9,0.7997580989639114,0.8829188570471256
eighth_synthetic,CHEMBL1836,35804,7,0.3,6.0,47,45,-2,11,2,9,7,9,0.8590168629186107,0.9098453267308169
eighth_synthetic,CHEMBL1836,35804,8,0.2,4.0,47,46,-1,10,3,7,8,9,0.807414452,0.8816448645406639
eighth_synthetic,CHEMBL1836,35804,8,0.2,6.0,47,46,-1,11,2,9,8,9,0.8346084651043587,0.9025942658498146
eighth_synthetic,CHEMBL1836,35804,8,0.3,4.0,47,46,-1,11,3,8,8,9,0.7997580989639114,0.8829188570471256
eighth_synthetic,CHEMBL1836,35804,8,0.3,6.0,47,45,-2,11,2,9,7,9,0.8590168629186107,0.9098453267308169
eighth_synthetic,CHEMBL1836,35804,9,0.2,4.0,47,46,-1,10,3,7,8,9,0.807414452,0.8784183253181137
eighth_synthetic,CHEMBL1836,35804,9,0.2,6.0,47,46,-1,10,2,8,8,9,0.8336328113426031,0.9016439063996259
eighth_synthetic,CHEMBL1836,35804,9,0.3,4.0,47,46,-1,11,3,8,8,9,0.7997580989639114,0.8829188570471256
eighth_synthetic,CHEMBL1836,35804,9,0.3,6.0,47,45,-2,12,2,10,7,9,0.8582014912942292,0.9131334673362704
eighth_synthetic,CHEMBL1841,35804,0,0.2,4.0,15,14,-1,5,3,2,0,1,0.24020659608793737,0.40903653550297764
eighth_synthetic,CHEMBL1841,35804,0,0.2,6.0,15,14,-1,6,3,3,0,1,0.3043353299349156,0.4742666930558402
eighth_synthetic,CHEMBL1841,35804,0,0.3,4.0,15,14,-1,6,3,3,0,1,0.2820665726348907,0.534440790743015
eighth_synthetic,CHEMBL1841,35804,0,0.3,6.0,15,14,-1,8,3,5,0,1,0.484782330931147,0.6633484130600602
eighth_synthetic,CHEMBL1841,35804,1,0.2,4.0,15,14,-1,8,4,4,0,1,0.3055435240446883,0.5072372790296
eighth_synthetic,CHEMBL1841,35804,1,0.2,6.0,15,14,-1,7,4,3,0,1,0.36788959973501534,0.49092356541844834
eighth_synthetic,CHEMBL1841,35804,1,0.3,4.0,15,14,-1,6,2,4,0,1,0.2584550187284699,0.5234244096724187
eighth_synthetic,CHEMBL1841,35804,1,0.3,6.0,15,14,-1,7,2,5,0,1,0.46405216746176425,0.7039954347844943
eighth_synthetic,CHEMBL1841,35804,2,0.2,4.0,15,14,-1,3,2,1,0,1,0.17660931928174708,0.401440225254786
eighth_synthetic,CHEMBL1841,35804,2,0.2,6.0,15,14,-1,6,2,4,0,1,0.4621430775503537,0.647825269992024
eighth_synthetic,CHEMBL1841,35804,2,0.3,4.0,15,14,-1,7,3,4,0,1,0.2627131723926079,0.49399284041427943
eighth_synthetic,CHEMBL1841,35804,2,0.3,6.0,15,14,-1,7,3,4,0,1,0.3823382810348618,0.5727142121284964
eighth_synthetic,CHEMBL1841,35804,3,0.2,4.0,15,14,-1,5,3,2,0,1,0.23914761387336542,0.29187434970990067
eighth_synthetic,CHEMBL1841,35804,3,0.2,6.0,15,14,-1,6,3,3,0,1,0.38588293068464874,0.47594836016768394
eighth_synthetic,CHEMBL1841,35804,3,0.3,4.0,15,14,-1,6,3,3,0,1,0.2633455622141547,0.4971814408798745
eighth_synthetic,CHEMBL1841,35804,3,0.3,6.0,15,14,-1,7,3,4,0,1,0.41637031675359965,0.6157743226425042
eighth_synthetic,CHEMBL1841,35804,4,0.2,4.0,15,14,-1,3,2,1,0,1,0.17660931928174708,0.401440225254786
eighth_synthetic,CHEMBL1841,35804,4,0.2,6.0,15,14,-1,6,2,4,0,1,0.4431047164984732,0.6181310878990925
eighth_synthetic,CHEMBL1841,35804,4,0.3,4.0,15,14,-1,5,2,3,0,1,0.2993517086569857,0.5742852590558494
eighth_synthetic,CHEMBL1841,35804,4,0.3,6.0,15,14,-1,6,2,4,0,1,0.39916166587972385,0.649077950916987
eighth_synthetic,CHEMBL1841,35804,5,0.2,4.0,15,14,-1,4,2,2,0,1,0.18523407292754723,0.37330841812674315
eighth_synthetic,CHEMBL1841,35804,5,0.2,6.0,15,14,-1,6,2,4,0,1,0.3381048709651191,0.6040324656126893
eighth_synthetic,CHEMBL1841,35804,5,0.3,4.0,15,14,-1,5,2,3,0,1,0.250716626695859,0.4472364084596667
eighth_synthetic,CHEMBL1841,35804,5,0.3,6.0,15,14,-1,7,2,5,0,1,0.5108893897709343,0.6805006895409144
eighth_synthetic,CHEMBL1841,35804,6,0.2,4.0,15,14,-1,7,3,4,0,1,0.36407498741675093,0.566801890378507
eighth_synthetic,CHEMBL1841,35804,6,0.2,6.0,15,14,-1,6,3,3,0,1,0.4184511838376977,0.5506117995124644
eighth_synthetic,CHEMBL1841,35804,6,0.3,4.0,15,14,-1,7,3,4,0,1,0.28346450051828703,0.5053900981755548
eighth_synthetic,CHEMBL1841,35804,6,0.3,6.0,15,14,-1,8,3,5,0,1,0.4308072509337739,0.6367199911072378
eighth_synthetic,CHEMBL1841,35804,7,0.2,4.0,15,14,-1,6,3,3,0,1,0.2633455622141547,0.4971814408798745
eighth_synthetic,CHEMBL1841,35804,7,0.2,6.0,15,14,-1,6,3,3,0,1,0.32191519059677004,0.5520183385482388
eighth_synthetic,CHEMBL1841,35804,7,0.3,4.0,15,14,-1,7,3,4,0,1,0.2672536801576561,0.4764769197214344
eighth_synthetic,CHEMBL1841,35804,7,0.3,6.0,15,14,-1,7,3,4,0,1,0.3751914361977778,0.5485028425348846
eighth_synthetic,CHEMBL1841,35804,8,0.2,4.0,15,14,-1,8,4,4,0,1,0.2583020817035011,0.45484692840361046
eighth_synthetic,CHEMBL1841,35804,8,0.2,6.0,15,14,-1,8,4,4,0,1,0.3908159539825875,0.5277184761893319
eighth_synthetic,CHEMBL1841,35804,8,0.3,4.0,15,14,-1,6,3,3,0,1,0.3354019536321362,0.5192942123680563
eighth_synthetic,CHEMBL1841,35804,8,0.3,6.0,15,14,-1,6,3,3,0,1,0.29237000200382357,0.47703014901919055
eighth_synthetic,CHEMBL1841,35804,9,0.2,4.0,15,14,-1,7,3,4,0,1,0.2672536801576561,0.4734535125785772
eighth_synthetic,CHEMBL1841,35804,9,0.2,6.0,15,14,-1,6,3,3,0,1,0.34659106194778694,0.5207226705886172
eighth_synthetic,CHEMBL1841,35804,9,0.3,4.0,15,14,-1,7,3,4,0,1,0.4360524560140444,0.5749258868387032
eighth_synthetic,CHEMBL1841,35804,9,0.3,6.0,15,14,-1,7,3,4,0,1,0.5057879761433278,0.6121731724851392
eighth_synthetic,CHEMBL1844,35804,0,0.2,4.0,49,48,-1,22,19,3,21,22,0.9565379477272727,0.9833872481818182
eighth_synthetic,CHEMBL1844,35804,0,0.2,6.0,48,48,0,22,19,3,21,21,0.9565379477272727,0.9842887683654983
eighth_synthetic,CHEMBL1844,35804,0,0.3,4.0,49,48,-1,22,19,3,21,22,0.9565379477272727,0.9833872481818182
eighth_synthetic,CHEMBL1844,35804,0,0.3,6.0,47,48,1,22,19,3,21,20,0.9565379477272727,0.9850081981653563
eighth_synthetic,CHEMBL1844,35804,1,0.2,4.0,49,48,-1,22,19,3,21,22,0.9565379477272727,0.9833872481818182
eighth_synthetic,CHEMBL1844,35804,1,0.2,6.0,48,48,0,22,19,3,21,21,0.9565379477272727,0.9842887683654983
eighth_synthetic,CHEMBL1844,35804,1,0.3,4.0,49,48,-1,22,19,3,21,22,0.9565379477272727,0.9833872481818182
eighth_synthetic,CHEMBL1844,35804,1,0.3,6.0,47,48,1,22,19,3,21,20,0.9565379477272727,0.9850155414082508
eighth_synthetic,CHEMBL1844,35804,2,0.2,4.0,49,48,-1,22,19,3,21,22,0.9565379477272727,0.9833872481818182
eighth_synthetic,CHEMBL1844,35804,2,0.2,6.0,48,48,0,22,19,3,21,21,0.9565379477272727,0.9843533559821708
eighth_synthetic,CHEMBL1844,35804,2,0.3,4.0,49,48,-1,22,19,3,21,22,0.9565379477272727,0.9833872481818182
eighth_synthetic,CHEMBL1844,35804,2,0.3,6.0,47,48,1,22,19,3,21,20,0.9565379477272727,0.9845339099237204
eighth_synthetic,CHEMBL1844,35804,3,0.2,4.0,49,48,-1,22,19,3,21,22,0.9565379477272727,0.9833872481818182
eighth_synthetic,CHEMBL1844,35804,3,0.2,6.0,48,48,0,22,19,3,21,21,0.9565379477272727,0.9838790677405348
eighth_synthetic,CHEMBL1844,35804,3,0.3,4.0,49,48,-1,22,19,3,21,22,0.9565379477272727,0.9833872481818182
eighth_synthetic,CHEMBL1844,35804,3,0.3,6.0,47,48,1,22,19,3,21,20,0.9565379477272727,0.9845339099237204
eighth_synthetic,CHEMBL1844,35804,4,0.2,4.0,49,48,-1,22,19,3,21,22,0.9565379477272727,0.9833872481818182
eighth_synthetic,CHEMBL1844,35804,4,0.2,6.0,48,48,0,22,19,3,21,21,0.9565379477272727,0.9840488499104584
eighth_synthetic,CHEMBL1844,35804,4,0.3,4.0,49,48,-1,22,19,3,21,22,0.9565379477272727,0.9833872481818182
eighth_synthetic,CHEMBL1844,35804,4,0.3,6.0,47,48,1,22,19,3,21,20,0.9565379477272727,0.9845339099237204
eighth_synthetic,CHEMBL1844,35804,5,0.2,4.0,49,48,-1,22,19,3,21,22,0.9565379477272727,0.9833872481818182
eighth_synthetic,CHEMBL1844,35804,5,0.2,6.0,48,48,0,22,19,3,21,21,0.9565379477272727,0.9840488499104584
eighth_synthetic,CHEMBL1844,35804,5,0.3,4.0,49,48,-1,22,19,3,21,22,0.9565379477272727,0.9833872481818182
eighth_synthetic,CHEMBL1844,35804,5,0.3,6.0,47,48,1,22,19,3,21,20,0.9565379477272727,0.9847738283787603
eighth_synthetic,CHEMBL1844,35804,6,0.2,4.0,49,48,-1,22,19,3,21,22,0.9565379477272727,0.9833872481818182
eighth_synthetic,CHEMBL1844,35804,6,0.2,6.0,48,48,0,22,19,3,21,21,0.9565379477272727,0.9843533559821708
eighth_synthetic,CHEMBL1844,35804,6,0.3,4.0,49,48,-1,22,19,3,21,22,0.9565379477272727,0.9833872481818182
eighth_synthetic,CHEMBL1844,35804,6,0.3,6.0,47,48,1,22,19,3,21,20,0.9565379477272727,0.9852481166203962
eighth_synthetic,CHEMBL1844,35804,7,0.2,4.0,49,48,-1,22,19,3,21,22,0.9565379477272727,0.9833872481818182
eighth_synthetic,CHEMBL1844,35804,7,0.2,6.0,48,48,0,22,19,3,21,21,0.9565379477272727,0.9840488499104584
eighth_synthetic,CHEMBL1844,35804,7,0.3,4.0,49,48,-1,22,19,3,21,22,0.9565379477272727,0.9833872481818182
eighth_synthetic,CHEMBL1844,35804,7,0.3,6.0,47,48,1,22,19,3,21,20,0.9565379477272727,0.9848384159954328
eighth_synthetic,CHEMBL1844,35804,8,0.2,4.0,49,48,-1,22,19,3,21,22,0.9565379477272727,0.9833872481818182
eighth_synthetic,CHEMBL1844,35804,8,0.2,6.0,48,48,0,22,19,3,21,21,0.9565379477272727,0.9842887683654983
eighth_synthetic,CHEMBL1844,35804,8,0.3,4.0,49,48,-1,22,19,3,21,22,0.9565379477272727,0.9833872481818182
eighth_synthetic,CHEMBL1844,35804,8,0.3,6.0,47,48,1,22,19,3,21,20,0.9565379477272727,0.9853200474799633
eighth_synthetic,CHEMBL1844,35804,9,0.2,4.0,49,48,-1,22,19,3,21,22,0.9565379477272727,0.9833872481818182
eighth_synthetic,CHEMBL1844,35804,9,0.2,6.0,48,48,0,22,19,3,21,21,0.9565379477272727,0.9843606992250652
eighth_synthetic,CHEMBL1844,35804,9,0.3,4.0,49,48,-1,22,19,3,21,22,0.9565379477272727,0.9833872481818182
eighth_synthetic,CHEMBL1844,35804,9,0.3,6.0,47,48,1,22,19,3,21,20,0.9565379477272727,0.9852481166203962
eighth_synthetic,CHEMBL1862,35804,0,0.2,4.0,49,49,0,13,2,11,12,12,0.9876502176923079,0.9953450242112052
eighth_synthetic,CHEMBL1862,35804,0,0.2,6.0,49,49,0,13,2,11,12,12,0.9876502176923079,0.9956239446919375
eighth_synthetic,CHEMBL1862,35804,0,0.3,4.0,50,49,-1,13,2,11,12,13,0.9876502176923079,0.9929768615384617
eighth_synthetic,CHEMBL1862,35804,0,0.3,6.0,49,48,-1,13,2,11,11,12,0.9878381090386464,0.993898346952814
eighth_synthetic,CHEMBL1862,35804,1,0.2,4.0,50,49,-1,13,2,11,12,13,0.9876502176923079,0.9929768615384617
eighth_synthetic,CHEMBL1862,35804,1,0.2,6.0,49,48,-1,12,2,10,11,12,0.9889348916666668,0.9953067666666667
eighth_synthetic,CHEMBL1862,35804,1,0.3,4.0,50,49,-1,13,2,11,12,13,0.9876502176923079,0.9929768615384617
eighth_synthetic,CHEMBL1862,35804,1,0.3,6.0,48,47,-1,14,3,11,12,13,0.9873644784088944,0.9948026258968644
eighth_synthetic,CHEMBL1862,35804,2,0.2,4.0,50,49,-1,13,2,11,12,13,0.9876502176923079,0.9929768615384617
eighth_synthetic,CHEMBL1862,35804,2,0.2,6.0,49,48,-1,12,2,10,11,12,0.9889348916666668,0.9953067666666667
eighth_synthetic,CHEMBL1862,35804,2,0.3,4.0,49,49,0,13,2,11,12,12,0.9876502176923079,0.9953450242112052
eighth_synthetic,CHEMBL1862,35804,2,0.3,6.0,49,49,0,13,2,11,12,12,0.9876502176923079,0.9956239446919375
eighth_synthetic,CHEMBL1862,35804,3,0.2,4.0,50,49,-1,13,2,11,12,13,0.9876502176923079,0.9929768615384617
eighth_synthetic,CHEMBL1862,35804,3,0.2,6.0,49,48,-1,12,2,10,11,12,0.9889348916666668,0.9953067666666667
eighth_synthetic,CHEMBL1862,35804,3,0.3,4.0,49,49,0,13,2,11,12,12,0.9876502176923079,0.9953450242112052
eighth_synthetic,CHEMBL1862,35804,3,0.3,6.0,49,49,0,13,2,11,12,12,0.9876502176923079,0.9956239446919375
eighth_synthetic,CHEMBL1862,35804,4,0.2,4.0,49,49,0,13,2,11,12,12,0.9876502176923079,0.9953450242112052
eighth_synthetic,CHEMBL1862,35804,4,0.2,6.0,49,49,0,13,2,11,12,12,0.9876502176923079,0.9956239446919375
eighth_synthetic,CHEMBL1862,35804,4,0.3,4.0,49,49,0,13,2,11,12,12,0.9876502176923079,0.9953450242112052
eighth_synthetic,CHEMBL1862,35804,4,0.3,6.0,48,48,0,14,3,11,12,12,0.9873644784088944,0.9949947716822349
eighth_synthetic,CHEMBL1862,35804,5,0.2,4.0,50,49,-1,13,2,11,12,13,0.9876502176923079,0.9929768615384617
eighth_synthetic,CHEMBL1862,35804,5,0.2,6.0,48,47,-1,15,3,12,12,13,0.9865186276817949,0.9936156048628456
eighth_synthetic,CHEMBL1862,35804,5,0.3,4.0,50,49,-1,13,2,11,12,13,0.9876502176923079,0.9929768615384617
eighth_synthetic,CHEMBL1862,35804,5,0.3,6.0,49,48,-1,13,2,11,11,12,0.9885619613634247,0.9946535940427771
eighth_synthetic,CHEMBL1862,35804,6,0.2,4.0,49,49,0,13,2,11,12,12,0.9876502176923079,0.9953450242112052
eighth_synthetic,CHEMBL1862,35804,6,0.2,6.0,48,48,0,14,3,11,12,12,0.9866923298216,0.9942934708129835
eighth_synthetic,CHEMBL1862,35804,6,0.3,4.0,49,49,0,13,2,11,12,12,0.9876502176923079,0.9953450242112052
eighth_synthetic,CHEMBL1862,35804,6,0.3,6.0,48,48,0,13,3,10,12,12,0.9876166076923076,0.9956239446919375
eighth_synthetic,CHEMBL1862,35804,7,0.2,4.0,49,49,0,13,2,11,12,12,0.9876502176923079,0.9953450242112052
eighth_synthetic,CHEMBL1862,35804,7,0.2,6.0,49,49,0,13,2,11,12,12,0.9876502176923079,0.9956239446919375
eighth_synthetic,CHEMBL1862,35804,7,0.3,4.0,49,49,0,13,2,11,12,12,0.9876502176923079,0.9953450242112052
eighth_synthetic,CHEMBL1862,35804,7,0.3,6.0,48,48,0,13,3,10,12,12,0.9876166076923076,0.9956239446919375
eighth_synthetic,CHEMBL1862,35804,8,0.2,4.0,49,49,0,13,2,11,12,12,0.9876502176923079,0.9953450242112052
eighth_synthetic,CHEMBL1862,35804,8,0.2,6.0,49,49,0,13,2,11,12,12,0.9876502176923079,0.9956239446919375
eighth_synthetic,CHEMBL1862,35804,8,0.3,4.0,50,49,-1,13,2,11,12,13,0.9876502176923079,0.9929768615384617
eighth_synthetic,CHEMBL1862,35804,8,0.3,6.0,48,47,-1,14,3,11,12,13,0.9873644784088944,0.9948026258968644
eighth_synthetic,CHEMBL1862,35804,9,0.2,4.0,50,49,-1,13,2,11,12,13,0.9876502176923079,0.9929768615384617
eighth_synthetic,CHEMBL1862,35804,9,0.2,6.0,49,49,0,13,2,11,12,12,0.9876502176923079,0.9933439563567746
eighth_synthetic,CHEMBL1862,35804,9,0.3,4.0,49,49,0,13,2,11,12,12,0.9876502176923079,0.9953450242112052
eighth_synthetic,CHEMBL1862,35804,9,0.3,6.0,49,49,0,13,2,11,12,12,0.9876502176923079,0.9956239446919375
eighth_synthetic,CHEMBL1865,35804,0,0.2,4.0,48,49,1,21,19,2,20,19,0.9277208961904762,0.9751043272329359
eighth_synthetic,CHEMBL1865,35804,0,0.2,6.0,47,49,2,22,20,2,21,19,0.9288738781818181,0.9774943453780831
eighth_synthetic,CHEMBL1865,35804,0,0.3,4.0,45,49,4,23,21,2,22,18,0.9299640965217391,0.9777254292194585
eighth_synthetic,CHEMBL1865,35804,0,0.3,6.0,44,49,5,24,22,2,23,18,0.9310594883333333,0.9807005204238278
eighth_synthetic,CHEMBL1865,35804,1,0.2,4.0,48,49,1,21,19,2,20,19,0.9277208961904762,0.976606839763203
eighth_synthetic,CHEMBL1865,35804,1,0.2,6.0,47,49,2,22,20,2,21,19,0.9288738781818181,0.9770366602889979
eighth_synthetic,CHEMBL1865,35804,1,0.3,4.0,48,49,1,21,19,2,20,19,0.9277208961904762,0.9751043272329359
eighth_synthetic,CHEMBL1865,35804,1,0.3,6.0,46,49,3,23,21,2,22,19,0.9299640965217391,0.977559317835356
eighth_synthetic,CHEMBL1865,35804,2,0.2,4.0,48,49,1,21,19,2,20,19,0.9277208961904762,0.9751043272329359
eighth_synthetic,CHEMBL1865,35804,2,0.2,6.0,46,49,3,23,21,2,22,19,0.9299640965217391,0.9777668480418944
eighth_synthetic,CHEMBL1865,35804,2,0.3,4.0,48,49,1,21,19,2,20,19,0.9277208961904762,0.9766592303718061
eighth_synthetic,CHEMBL1865,35804,2,0.3,6.0,45,49,4,23,21,2,22,18,0.9299640965217391,0.9787863332758207
eighth_synthetic,CHEMBL1865,35804,3,0.2,4.0,48,49,1,21,19,2,20,19,0.9277208961904762,0.9754960334181488
eighth_synthetic,CHEMBL1865,35804,3,0.2,6.0,46,49,3,23,21,2,22,19,0.9299640965217391,0.9779803418677969
eighth_synthetic,CHEMBL1865,35804,3,0.3,4.0,48,49,1,21,19,2,20,19,0.9277208961904762,0.9755164960398759
eighth_synthetic,CHEMBL1865,35804,3,0.3,6.0,45,49,4,23,21,2,22,18,0.9299640965217391,0.9794281589410659
eighth_synthetic,CHEMBL1865,35804,4,0.2,4.0,48,49,1,21,19,2,20,19,0.9277208961904762,0.9755164960398759
eighth_synthetic,CHEMBL1865,35804,4,0.2,6.0,47,49,2,22,20,2,21,19,0.9288738781818181,0.9768918515262691
eighth_synthetic,CHEMBL1865,35804,4,0.3,4.0,46,49,3,23,21,2,22,19,0.9299640965217391,0.9748774085869151
eighth_synthetic,CHEMBL1865,35804,4,0.3,6.0,45,49,4,23,21,2,22,18,0.9299640965217391,0.9799019907239983
eighth_synthetic,CHEMBL1865,35804,5,0.2,4.0,47,49,2,22,20,2,21,19,0.9288738781818181,0.9749954769192493
eighth_synthetic,CHEMBL1865,35804,5,0.2,6.0,47,49,2,22,20,2,21,19,0.9288738781818181,0.9776555887461084
eighth_synthetic,CHEMBL1865,35804,5,0.3,4.0,49,49,0,20,18,2,19,19,0.9264629129999999,0.9756568398252782
eighth_synthetic,CHEMBL1865,35804,5,0.3,6.0,46,49,3,23,21,2,22,19,0.9299640965217391,0.9759966139261603
eighth_synthetic,CHEMBL1865,35804,6,0.2,4.0,47,49,2,22,20,2,21,19,0.9288738781818181,0.9764797026427163
eighth_synthetic,CHEMBL1865,35804,6,0.2,6.0,47,49,2,22,20,2,21,19,0.9288738781818181,0.9778634923072009
eighth_synthetic,CHEMBL1865,35804,6,0.3,4.0,47,49,2,22,20,2,21,19,0.9288738781818181,0.9764296934254133
eighth_synthetic,CHEMBL1865,35804,6,0.3,6.0,44,48,4,23,21,2,22,18,0.9322220460869564,0.9795201556118099
eighth_synthetic,CHEMBL1865,35804,7,0.2,4.0,47,49,2,22,20,2,21,19,0.9288738781818181,0.9760862687815464
eighth_synthetic,CHEMBL1865,35804,7,0.2,6.0,47,49,2,22,20,2,21,19,0.9288738781818181,0.9778072107268158
eighth_synthetic,CHEMBL1865,35804,7,0.3,4.0,48,49,1,21,19,2,20,19,0.9277208961904762,0.975120495900371
eighth_synthetic,CHEMBL1865,35804,7,0.3,6.0,46,49,3,23,21,2,22,19,0.9299640965217391,0.977777595465586
eighth_synthetic,CHEMBL1865,35804,8,0.2,4.0,49,49,0,20,18,2,19,19,0.9264629129999999,0.9756568398252782
eighth_synthetic,CHEMBL1865,35804,8,0.2,6.0,46,48,2,22,20,2,21,19,0.9311297072727271,0.976677490868127
eighth_synthetic,CHEMBL1865,35804,8,0.3,4.0,48,49,1,21,19,2,20,19,0.9277208961904762,0.9751043272329359
eighth_synthetic,CHEMBL1865,35804,8,0.3,6.0,44,49,5,24,22,2,23,18,0.9310594883333333,0.9790208343960921
eighth_synthetic,CHEMBL1865,35804,9,0.2,4.0,48,49,1,21,19,2,20,19,0.9277208961904762,0.9751043272329359
eighth_synthetic,CHEMBL1865,35804,9,0.2,6.0,47,49,2,22,20,2,21,19,0.9288738781818181,0.9768355699458838
eighth_synthetic,CHEMBL1865,35804,9,0.3,4.0,48,49,1,21,19,2,20,19,0.9277208961904762,0.976606839763203
eighth_synthetic,CHEMBL1865,35804,9,0.3,6.0,46,49,3,23,21,2,22,19,0.9299640965217391,0.9779171211348899
eighth_synthetic,CHEMBL1867,35804,0,0.2,4.0,35,34,-1,7,0,7,5,6,0.6779032632119816,0.7744421943914759
eighth_synthetic,CHEMBL1867,35804,0,0.2,6.0,35,34,-1,7,0,7,5,6,0.7071085074587683,0.795746072711489
eighth_synthetic,CHEMBL1867,35804,0,0.3,4.0,35,34,-1,7,0,7,5,6,0.6779032632119816,0.7744421943914759
eighth_synthetic,CHEMBL1867,35804,0,0.3,6.0,35,34,-1,7,0,7,5,6,0.7071085074587683,0.795746072711489
eighth_synthetic,CHEMBL1867,35804,1,0.2,4.0,35,34,-1,7,0,7,5,6,0.6779032632119816,0.7744421943914759
eighth_synthetic,CHEMBL1867,35804,1,0.2,6.0,35,34,-1,7,0,7,5,6,0.7071085074587683,0.795746072711489
eighth_synthetic,CHEMBL1867,35804,1,0.3,4.0,35,34,-1,7,0,7,5,6,0.6779032632119816,0.7744421943914759
eighth_synthetic,CHEMBL1867,35804,1,0.3,6.0,35,34,-1,7,0,7,5,6,0.7071085074587683,0.795746072711489
eighth_synthetic,CHEMBL1867,35804,2,0.2,4.0,35,34,-1,7,0,7,5,6,0.6779032632119816,0.7744421943914759
eighth_synthetic,CHEMBL1867,35804,2,0.2,6.0,35,34,-1,7,0,7,5,6,0.7071085074587683,0.795746072711489
eighth_synthetic,CHEMBL1867,35804,2,0.3,4.0,35,34,-1,8,0,8,5,6,0.7170667936990462,0.8021241026976249
eighth_synthetic,CHEMBL1867,35804,2,0.3,6.0,35,34,-1,8,0,8,5,6,0.7435701314387932,0.8212081642665497
eighth_synthetic,CHEMBL1867,35804,3,0.2,4.0,35,34,-1,8,0,8,5,6,0.7061750732337422,0.792608312895213
eighth_synthetic,CHEMBL1867,35804,3,0.2,6.0,35,35,0,8,0,8,6,6,0.6303177059014223,0.8198194188309182
eighth_synthetic,CHEMBL1867,35804,3,0.3,4.0,34,34,0,9,1,8,6,6,0.6584302650966598,0.8349449517280968
eighth_synthetic,CHEMBL1867,35804,3,0.3,6.0,34,35,1,9,1,8,7,6,0.5910014941345977,0.862331360688985
eighth_synthetic,CHEMBL1867,35804,4,0.2,4.0,35,34,-1,6,0,6,5,6,0.6688234300000001,0.766433475
eighth_synthetic,CHEMBL1867,35804,4,0.2,6.0,35,34,-1,6,0,6,5,6,0.6688234300000001,0.766433475
eighth_synthetic,CHEMBL1867,35804,4,0.3,4.0,34,34,0,7,1,6,6,6,0.6127731971428573,0.8246055589130238
eighth_synthetic,CHEMBL1867,35804,4,0.3,6.0,34,34,0,7,1,6,6,6,0.6127731971428573,0.8287182493647884
eighth_synthetic,CHEMBL1867,35804,5,0.2,4.0,35,34,-1,7,0,7,5,6,0.6779032632119816,0.7744421943914759
eighth_synthetic,CHEMBL1867,35804,5,0.2,6.0,35,34,-1,7,0,7,5,6,0.7071085074587683,0.795746072711489
eighth_synthetic,CHEMBL1867,35804,5,0.3,4.0,34,33,-1,8,1,7,5,6,0.7061750732337422,0.8184944128952131
eighth_synthetic,CHEMBL1867,35804,5,0.3,6.0,34,34,0,8,1,7,6,6,0.6303177059014223,0.8457055188309183
eighth_synthetic,CHEMBL1867,35804,6,0.2,4.0,35,35,0,8,0,8,6,6,0.6277243303104838,0.7984555778914373
eighth_synthetic,CHEMBL1867,35804,6,0.2,6.0,35,35,0,8,0,8,6,6,0.6532789190264223,0.8206950755667428
eighth_synthetic,CHEMBL1867,35804,6,0.3,4.0,34,34,0,9,1,8,6,6,0.6584302650966598,0.8349449517280968
eighth_synthetic,CHEMBL1867,35804,6,0.3,6.0,34,35,1,9,1,8,7,6,0.5910014941345977,0.862331360688985
eighth_synthetic,CHEMBL1867,35804,7,0.2,4.0,35,34,-1,8,1,7,5,6,0.6263607990604838,0.7208961700925415
eighth_synthetic,CHEMBL1867,35804,7,0.2,6.0,35,34,-1,8,1,7,5,6,0.6519153877764223,0.7395370636225529
eighth_synthetic,CHEMBL1867,35804,7,0.3,4.0,34,34,0,8,1,7,6,6,0.6277243303104838,0.8243416778914373
eighth_synthetic,CHEMBL1867,35804,7,0.3,6.0,34,34,0,8,1,7,6,6,0.6532789190264223,0.8465811755667427
eighth_synthetic,CHEMBL1867,35804,8,0.2,4.0,35,34,-1,8,1,7,5,6,0.6263607990604838,0.7208961700925415
eighth_synthetic,CHEMBL1867,35804,8,0.2,6.0,35,34,-1,8,1,7,5,6,0.6519153877764223,0.7395370636225529
eighth_synthetic,CHEMBL1867,35804,8,0.3,4.0,34,33,-1,7,1,6,5,6,0.6779032632119816,0.8040263086771903
eighth_synthetic,CHEMBL1867,35804,8,0.3,6.0,34,33,-1,7,1,6,5,6,0.7071085074587683,0.8253301869972033
eighth_synthetic,CHEMBL1867,35804,9,0.2,4.0,35,34,-1,9,1,8,5,6,0.6668997666213744,0.7514518690645554
eighth_synthetic,CHEMBL1867,35804,9,0.2,6.0,35,34,-1,9,1,8,5,6,0.6904582890567051,0.7684154793480443
eighth_synthetic,CHEMBL1867,35804,9,0.3,4.0,35,34,-1,8,0,8,5,6,0.7170667936990462,0.8021241026976249
eighth_synthetic,CHEMBL1867,35804,9,0.3,6.0,35,34,-1,8,0,8,5,6,0.7435701314387932,0.8212081642665497
eighth_synthetic,CHEMBL1868,35804,0,0.2,4.0,43,44,1,10,3,7,9,8,0.8905260898793237,0.9126831494013107
eighth_synthetic,CHEMBL1868,35804,0,0.2,6.0,43,44,1,11,3,8,9,8,0.9079918010377682,0.925630549661867
eighth_synthetic,CHEMBL1868,35804,0,0.3,4.0,43,43,0,9,2,7,8,8,0.9171778820731417,0.9366374874805339
eighth_synthetic,CHEMBL1868,35804,0,0.3,6.0,43,43,0,11,2,9,8,8,0.9345278450030008,0.9498749472384095
eighth_synthetic,CHEMBL1868,35804,1,0.2,4.0,43,44,1,10,3,7,9,8,0.8976861298658274,0.9166057487324804
eighth_synthetic,CHEMBL1868,35804,1,0.2,6.0,43,44,1,11,3,8,9,8,0.909828776444628,0.9261573501167345
eighth_synthetic,CHEMBL1868,35804,1,0.3,4.0,43,43,0,9,2,7,8,8,0.9092222820881375,0.9322790437792341
eighth_synthetic,CHEMBL1868,35804,1,0.3,6.0,43,43,0,11,2,9,8,8,0.9320745055404337,0.9494608505481433
eighth_synthetic,CHEMBL1868,35804,2,0.2,4.0,44,44,0,10,2,8,8,8,0.9164167847820318,0.9383995211513284
eighth_synthetic,CHEMBL1868,35804,2,0.2,6.0,44,44,0,10,2,8,8,8,0.9260946518124419,0.9448705505532498
eighth_synthetic,CHEMBL1868,35804,2,0.3,4.0,43,44,1,11,3,8,9,8,0.8962917815865011,0.935618812440886
eighth_synthetic,CHEMBL1868,35804,2,0.3,6.0,43,44,1,11,2,9,9,8,0.844443932393837,0.9486851448795978
eighth_synthetic,CHEMBL1868,35804,3,0.2,4.0,43,44,1,11,3,8,9,8,0.8962917815865011,0.917913072848901
eighth_synthetic,CHEMBL1868,35804,3,0.2,6.0,43,44,1,11,3,8,9,8,0.9081567475756553,0.9256158698765162
eighth_synthetic,CHEMBL1868,35804,3,0.3,4.0,43,44,1,10,3,7,9,8,0.8976861298658274,0.9360820622836638
eighth_synthetic,CHEMBL1868,35804,3,0.3,6.0,43,44,1,11,2,9,9,8,0.8461159612628097,0.949226625119816
eighth_synthetic,CHEMBL1868,35804,4,0.2,4.0,43,45,2,11,3,8,10,8,0.8828039998780249,0.9239630891222845
eighth_synthetic,CHEMBL1868,35804,4,0.2,6.0,43,45,2,11,3,8,10,8,0.8864004069458029,0.9264884696104694
eighth_synthetic,CHEMBL1868,35804,4,0.3,4.0,43,43,0,10,2,8,8,8,0.9176258187820319,0.9383995211513284
eighth_synthetic,CHEMBL1868,35804,4,0.3,6.0,43,43,0,11,2,9,8,8,0.9331574202374084,0.9495208254539972
eighth_synthetic,CHEMBL1868,35804,5,0.2,4.0,43,44,1,10,3,7,9,8,0.8905260898793237,0.9126831494013107
eighth_synthetic,CHEMBL1868,35804,5,0.2,6.0,43,44,1,11,3,8,9,8,0.9081968328245889,0.9257387400143177
eighth_synthetic,CHEMBL1868,35804,5,0.3,4.0,43,43,0,10,2,8,8,8,0.9176258187820319,0.9383995211513284
eighth_synthetic,CHEMBL1868,35804,5,0.3,6.0,43,43,0,11,2,9,8,8,0.9331574202374084,0.9495208254539972
eighth_synthetic,CHEMBL1868,35804,6,0.2,4.0,43,44,1,9,3,6,9,8,0.8914347333333335,0.9106494644444444
eighth_synthetic,CHEMBL1868,35804,6,0.2,6.0,43,44,1,11,3,8,9,8,0.9092524976378541,0.9263929240191373
eighth_synthetic,CHEMBL1868,35804,6,0.3,4.0,43,43,0,8,2,6,8,8,0.91258153,0.932440635
eighth_synthetic,CHEMBL1868,35804,6,0.3,6.0,43,43,0,10,2,8,8,8,0.9286297118629177,0.9452762322799895
eighth_synthetic,CHEMBL1868,35804,7,0.2,4.0,43,45,2,10,4,6,10,8,0.86005628,0.9126928415511835
eighth_synthetic,CHEMBL1868,35804,7,0.2,6.0,43,45,2,11,3,8,10,8,0.8214569779533705,0.9256318981359422
eighth_synthetic,CHEMBL1868,35804,7,0.3,4.0,43,44,1,11,3,8,9,8,0.8962917815865011,0.935618812440886
eighth_synthetic,CHEMBL1868,35804,7,0.3,6.0,43,44,1,11,2,9,9,8,0.844443932393837,0.9486851448795978
eighth_synthetic,CHEMBL1868,35804,8,0.2,4.0,43,44,1,10,3,7,9,8,0.8905260898793237,0.9126831494013107
eighth_synthetic,CHEMBL1868,35804,8,0.2,6.0,43,44,1,11,3,8,9,8,0.9075804687688813,0.925851443778919
eighth_synthetic,CHEMBL1868,35804,8,0.3,4.0,43,43,0,10,2,8,8,8,0.9136949237451513,0.9360723701337911
eighth_synthetic,CHEMBL1868,35804,8,0.3,6.0,43,43,0,10,2,8,8,8,0.9267463863332208,0.9445454468641679
eighth_synthetic,CHEMBL1868,35804,9,0.2,4.0,43,45,2,11,4,7,10,8,0.8685919544234796,0.9179218838942398
eighth_synthetic,CHEMBL1868,35804,9,0.2,6.0,43,45,2,11,3,8,10,8,0.8216219244912574,0.9256172183505914
eighth_synthetic,CHEMBL1868,35804,9,0.3,4.0,43,43,0,10,2,8,8,8,0.9136949237451513,0.9360723701337911
eighth_synthetic,CHEMBL1868,35804,9,0.3,6.0,43,43,0,10,2,8,8,8,0.9267463863332208,0.9445454468641679
eighth_synthetic,CHEMBL1871,35804,0,0.2,4.0,35,39,4,16,3,13,11,7,0.8029001146468288,0.9062896490040492
eighth_synthetic,CHEMBL1871,35804,0,0.2,6.0,35,40,5,16,2,14,12,7,0.819556300104973,0.9289351387521749
eighth_synthetic,CHEMBL1871,35804,0,0.3,4.0,35,38,3,17,3,14,12,9,0.8253409067391889,0.9150848340203896
eighth_synthetic,CHEMBL1871,35804,0,0.3,6.0,35,39,4,19,3,16,13,9,0.8419317085610415,0.9275323306626104
eighth_synthetic,CHEMBL1871,35804,1,0.2,4.0,36,37,1,15,2,13,10,9,0.8354827958749004,0.9149354146314527
eighth_synthetic,CHEMBL1871,35804,1,0.2,6.0,36,39,3,17,2,15,12,9,0.8017818640337451,0.9238032251490031
eighth_synthetic,CHEMBL1871,35804,1,0.3,4.0,34,36,2,19,4,15,11,9,0.8056022802690234,0.8993176883664789
eighth_synthetic,CHEMBL1871,35804,1,0.3,6.0,34,37,3,20,4,16,12,9,0.8191551844203288,0.910949865561037
eighth_synthetic,CHEMBL1871,35804,2,0.2,4.0,35,38,3,17,3,14,10,7,0.8067320927169238,0.9099608374807009
eighth_synthetic,CHEMBL1871,35804,2,0.2,6.0,35,38,3,17,3,14,10,7,0.8192592995443895,0.9150422474168564
eighth_synthetic,CHEMBL1871,35804,2,0.3,4.0,34,39,5,18,3,15,12,7,0.8303132717744032,0.9137745125778286
eighth_synthetic,CHEMBL1871,35804,2,0.3,6.0,34,39,5,18,3,15,12,7,0.8513494102212348,0.9215902400557296
eighth_synthetic,CHEMBL1871,35804,3,0.2,4.0,36,38,2,15,2,13,9,7,0.8263563792082337,0.9112701849236735
eighth_synthetic,CHEMBL1871,35804,3,0.2,6.0,35,40,5,16,2,14,12,7,0.7941703468915076,0.9166246680440973
eighth_synthetic,CHEMBL1871,35804,3,0.3,4.0,35,39,4,19,4,15,13,9,0.7808591770861583,0.9029944596286688
eighth_synthetic,CHEMBL1871,35804,3,0.3,6.0,35,39,4,20,4,16,13,9,0.8046046978853598,0.9146114698104686
eighth_synthetic,CHEMBL1871,35804,4,0.2,4.0,36,38,2,17,3,14,11,9,0.805237223802177,0.9046612511686105
eighth_synthetic,CHEMBL1871,35804,4,0.2,6.0,36,37,1,19,4,15,11,10,0.8221222577740629,0.9067732321661354
eighth_synthetic,CHEMBL1871,35804,4,0.3,4.0,34,38,4,18,3,15,12,8,0.8142003310547926,0.9040166220502347
eighth_synthetic,CHEMBL1871,35804,4,0.3,6.0,34,38,4,20,4,16,13,9,0.8195775539622859,0.9104140847340944
eighth_synthetic,CHEMBL1871,35804,5,0.2,4.0,35,39,4,17,3,14,12,8,0.7964607542257909,0.9028658308613918
eighth_synthetic,CHEMBL1871,35804,5,0.2,6.0,35,39,4,18,3,15,12,8,0.8146327755953389,0.9144642880270586
eighth_synthetic,CHEMBL1871,35804,5,0.3,4.0,34,40,6,16,2,14,12,6,0.7936855632399029,0.917038324898862
eighth_synthetic,CHEMBL1871,35804,5,0.3,6.0,33,40,7,18,3,15,14,7,0.7948092672541696,0.9143715230317326
eighth_synthetic,CHEMBL1871,35804,6,0.2,4.0,35,38,3,17,3,14,11,8,0.805237223802177,0.8991912133572041
eighth_synthetic,CHEMBL1871,35804,6,0.2,6.0,35,37,2,19,4,15,11,9,0.8187454760987208,0.9014640022499121
eighth_synthetic,CHEMBL1871,35804,6,0.3,4.0,34,40,6,18,3,15,14,8,0.7663423417688024,0.9225622971859296
eighth_synthetic,CHEMBL1871,35804,6,0.3,6.0,34,40,6,18,3,15,14,8,0.7763278000319475,0.9267401543469984
eighth_synthetic,CHEMBL1871,35804,7,0.2,4.0,35,40,5,18,4,14,13,8,0.7768338410210283,0.8945227021791882
eighth_synthetic,CHEMBL1871,35804,7,0.2,6.0,35,39,4,17,3,14,12,8,0.7920412706037719,0.9131638361711991
eighth_synthetic,CHEMBL1871,35804,7,0.3,4.0,33,37,4,17,3,14,11,7,0.8040915441624814,0.911492184975736
eighth_synthetic,CHEMBL1871,35804,7,0.3,6.0,33,37,4,20,4,16,12,8,0.8188118918434025,0.9161721409893394
eighth_synthetic,CHEMBL1871,35804,8,0.2,4.0,35,40,5,16,2,14,12,7,0.7872392194899028,0.9159275177862907
eighth_synthetic,CHEMBL1871,35804,8,0.2,6.0,35,41,6,17,2,15,13,7,0.7961600888573561,0.9240753345801815
eighth_synthetic,CHEMBL1871,35804,8,0.3,4.0,35,37,2,19,4,15,12,10,0.781140922714918,0.9096558729124937
eighth_synthetic,CHEMBL1871,35804,8,0.3,6.0,35,38,3,22,4,18,14,11,0.7773239422284384,0.9230069796454233
eighth_synthetic,CHEMBL1871,35804,9,0.2,4.0,36,39,3,16,2,14,11,8,0.7908554557399028,0.9176543541511683
eighth_synthetic,CHEMBL1871,35804,9,0.2,6.0,35,38,3,18,3,15,12,9,0.8014275266047,0.9140971164942285
eighth_synthetic,CHEMBL1871,35804,9,0.3,4.0,35,40,5,18,3,15,14,9,0.7663423417688024,0.9200162724439013
eighth_synthetic,CHEMBL1871,35804,9,0.3,6.0,35,40,5,18,3,15,14,9,0.7763278000319475,0.9241312422653267
eighth_synthetic,CHEMBL1873,35804,0,0.2,4.0,27,26,-1,10,2,8,6,7,0.6084469663200001,0.6316577447699999
eighth_synthetic,CHEMBL1873,35804,0,0.2,6.0,27,26,-1,11,2,9,6,7,0.6168173248335651,0.6497279143992262
eighth_synthetic,CHEMBL1873,35804,0,0.3,4.0,26,26,0,12,3,9,6,6,0.5162228660966217,0.5955107751563588
eighth_synthetic,CHEMBL1873,35804,0,0.3,6.0,26,26,0,11,3,8,6,6,0.5808913325952981,0.6468205396839425
eighth_synthetic,CHEMBL1873,35804,1,0.2,4.0,27,26,-1,12,3,9,6,7,0.5116444190307964,0.5353598142970868
eighth_synthetic,CHEMBL1873,35804,1,0.2,6.0,27,26,-1,12,3,9,6,7,0.565654069840206,0.5944432006566401
eighth_synthetic,CHEMBL1873,35804,1,0.3,4.0,26,26,0,12,3,9,6,6,0.5162228660966217,0.5955107751563588
eighth_synthetic,CHEMBL1873,35804,1,0.3,6.0,26,26,0,12,3,9,6,6,0.5908604640431245,0.662121295601238
eighth_synthetic,CHEMBL1873,35804,2,0.2,4.0,27,26,-1,11,3,8,6,7,0.5532754709909091,0.5743992413545455
eighth_synthetic,CHEMBL1873,35804,2,0.2,6.0,27,26,-1,12,3,9,6,7,0.5655459242391013,0.5957351054659573
eighth_synthetic,CHEMBL1873,35804,2,0.3,4.0,27,26,-1,11,2,9,6,7,0.5580156827881416,0.583863960396822
eighth_synthetic,CHEMBL1873,35804,2,0.3,6.0,27,26,-1,11,2,9,6,7,0.6168173248335651,0.6497279143992262
eighth_synthetic,CHEMBL1873,35804,3,0.2,4.0,26,26,0,11,3,8,6,6,0.558270140517264,0.6400184713828421
eighth_synthetic,CHEMBL1873,35804,3,0.2,6.0,26,26,0,12,3,9,6,6,0.5908604640431245,0.662121295601238
eighth_synthetic,CHEMBL1873,35804,3,0.3,4.0,27,26,-1,12,3,9,6,7,0.5116444190307964,0.5353598142970868
eighth_synthetic,CHEMBL1873,35804,3,0.3,6.0,27,26,-1,12,3,9,6,7,0.5655459242391013,0.5957351054659573
eighth_synthetic,CHEMBL1873,35804,4,0.2,4.0,26,26,0,11,3,8,6,6,0.558270140517264,0.6400184713828421
eighth_synthetic,CHEMBL1873,35804,4,0.2,6.0,26,26,0,12,3,9,6,6,0.5908604640431245,0.662121295601238
eighth_synthetic,CHEMBL1873,35804,4,0.3,4.0,27,26,-1,11,2,9,6,7,0.5580987242881416,0.583863960396822
eighth_synthetic,CHEMBL1873,35804,4,0.3,6.0,27,26,-1,10,2,8,6,7,0.60853831197,0.6316577447699999
eighth_synthetic,CHEMBL1873,35804,5,0.2,4.0,27,26,-1,9,2,7,6,7,0.6645506314666666,0.6875695330777778
eighth_synthetic,CHEMBL1873,35804,5,0.2,6.0,27,26,-1,9,2,7,6,7,0.6645506314666666,0.6875695330777778
eighth_synthetic,CHEMBL1873,35804,5,0.3,4.0,26,26,0,11,3,8,6,6,0.5537418557417692,0.6379706956251187
eighth_synthetic,CHEMBL1873,35804,5,0.3,6.0,26,26,0,10,3,7,6,6,0.6286290678548279,0.6986574286523368
eighth_synthetic,CHEMBL1873,35804,6,0.2,4.0,26,26,0,10,2,8,6,6,0.6139394195589903,0.7038388978011263
eighth_synthetic,CHEMBL1873,35804,6,0.2,6.0,26,26,0,10,2,8,6,6,0.6388227308448279,0.7113211729323368
eighth_synthetic,CHEMBL1873,35804,6,0.3,4.0,26,26,0,10,3,7,6,6,0.6037457565689903,0.6911751535211264
eighth_synthetic,CHEMBL1873,35804,6,0.3,6.0,26,26,0,10,3,7,6,6,0.6286290678548279,0.6986574286523368
eighth_synthetic,CHEMBL1873,35804,7,0.2,4.0,27,26,-1,12,3,9,6,7,0.5116444190307964,0.5353598142970868
eighth_synthetic,CHEMBL1873,35804,7,0.2,6.0,27,26,-1,12,3,9,6,7,0.5655459242391013,0.5957351054659573
eighth_synthetic,CHEMBL1873,35804,7,0.3,4.0,26,26,0,10,2,8,6,6,0.6139411027989904,0.7038388978011263
eighth_synthetic,CHEMBL1873,35804,7,0.3,6.0,26,26,0,11,2,9,6,6,0.6444331864379541,0.7221492127286233
eighth_synthetic,CHEMBL1873,35804,8,0.2,4.0,27,26,-1,12,3,9,6,7,0.5116444190307964,0.5353598142970868
eighth_synthetic,CHEMBL1873,35804,8,0.2,6.0,27,26,-1,12,3,9,6,7,0.565654069840206,0.5944432006566401
eighth_synthetic,CHEMBL1873,35804,8,0.3,4.0,27,26,-1,10,2,8,6,7,0.6084469663200001,0.6316577447699999
eighth_synthetic,CHEMBL1873,35804,8,0.3,6.0,27,26,-1,11,2,9,6,7,0.6168173248335651,0.6497279143992262
eighth_synthetic,CHEMBL1873,35804,9,0.2,4.0,26,26,0,10,3,7,6,6,0.6037457565689903,0.6911751535211264
eighth_synthetic,CHEMBL1873,35804,9,0.2,6.0,26,26,0,10,3,7,6,6,0.6286290678548279,0.6986574286523368
eighth_synthetic,CHEMBL1873,35804,9,0.3,4.0,26,26,0,11,2,9,6,6,0.5630103523144965,0.6494831904251186
eighth_synthetic,CHEMBL1873,35804,9,0.3,6.0,26,26,0,10,2,8,6,6,0.6388244140848279,0.7113211729323368
eighth_synthetic,CHEMBL1889,35804,0,0.2,4.0,47,46,-1,18,6,12,16,17,0.9558629773201555,0.9781932999988112
eighth_synthetic,CHEMBL1889,35804,0,0.2,6.0,46,46,0,18,6,12,17,17,0.955988046111111,0.9798744081147941
eighth_synthetic,CHEMBL1889,35804,0,0.3,4.0,46,45,-1,17,5,12,16,17,0.9585786111764705,0.9789793058823529
eighth_synthetic,CHEMBL1889,35804,0,0.3,6.0,46,45,-1,18,5,13,16,17,0.9600387910980547,0.9798150494843695
eighth_synthetic,CHEMBL1889,35804,1,0.2,4.0,47,47,0,18,5,13,17,17,0.9524469738888889,0.9781932999988112
eighth_synthetic,CHEMBL1889,35804,1,0.2,6.0,47,46,-1,18,6,12,16,17,0.9551040683664058,0.9798744081147941
eighth_synthetic,CHEMBL1889,35804,1,0.3,4.0,46,46,0,18,6,12,17,17,0.955988046111111,0.9781932999988112
eighth_synthetic,CHEMBL1889,35804,1,0.3,6.0,46,46,0,19,6,13,17,17,0.9577904368277868,0.9806059047941529
eighth_synthetic,CHEMBL1889,35804,2,0.2,4.0,47,46,-1,17,5,12,16,17,0.9578540217647058,0.9789793058823529
eighth_synthetic,CHEMBL1889,35804,2,0.2,6.0,47,45,-2,18,5,13,15,17,0.9591548133533495,0.9798150494843695
eighth_synthetic,CHEMBL1889,35804,2,0.3,4.0,47,47,0,18,5,13,17,17,0.9524469738888889,0.9781932999988112
eighth_synthetic,CHEMBL1889,35804,2,0.3,6.0,47,46,-1,18,6,12,16,17,0.9551040683664058,0.9798744081147941
eighth_synthetic,CHEMBL1889,35804,3,0.2,4.0,47,46,-1,18,6,12,16,17,0.9558629773201555,0.9781932999988112
eighth_synthetic,CHEMBL1889,35804,3,0.2,6.0,46,46,0,18,6,12,17,17,0.955988046111111,0.9798744081147941
eighth_synthetic,CHEMBL1889,35804,3,0.3,4.0,46,46,0,18,6,12,17,17,0.955988046111111,0.9781932999988112
eighth_synthetic,CHEMBL1889,35804,3,0.3,6.0,46,46,0,19,6,13,17,17,0.9575077199876307,0.9806190545676287
eighth_synthetic,CHEMBL1889,35804,4,0.2,4.0,46,45,-1,17,5,12,16,17,0.9585786111764705,0.9789793058823529
eighth_synthetic,CHEMBL1889,35804,4,0.2,6.0,46,45,-1,18,5,13,16,17,0.9600387910980547,0.9798150494843695
eighth_synthetic,CHEMBL1889,35804,4,0.3,4.0,46,46,0,18,6,12,17,17,0.955988046111111,0.9781932999988112
eighth_synthetic,CHEMBL1889,35804,4,0.3,6.0,46,46,0,19,6,13,17,17,0.9575077199876307,0.9806190545676287
eighth_synthetic,CHEMBL1889,35804,5,0.2,4.0,46,46,0,18,6,12,17,17,0.955988046111111,0.9781932999988112
eighth_synthetic,CHEMBL1889,35804,5,0.2,6.0,46,46,0,19,6,13,17,17,0.9577904368277868,0.9806059047941529
eighth_synthetic,CHEMBL1889,35804,5,0.3,4.0,46,46,0,18,6,12,17,17,0.955988046111111,0.9781932999988112
eighth_synthetic,CHEMBL1889,35804,5,0.3,6.0,46,46,0,19,6,13,17,17,0.9575077199876307,0.9806190545676287
eighth_synthetic,CHEMBL1889,35804,6,0.2,4.0,47,46,-1,18,6,12,16,17,0.9558629773201555,0.9781932999988112
eighth_synthetic,CHEMBL1889,35804,6,0.2,6.0,46,46,0,18,6,12,17,17,0.955988046111111,0.9798744081147941
eighth_synthetic,CHEMBL1889,35804,6,0.3,4.0,47,46,-1,18,6,12,16,17,0.9558629773201555,0.9781932999988112
eighth_synthetic,CHEMBL1889,35804,6,0.3,6.0,46,46,0,18,6,12,17,17,0.955988046111111,0.9798744081147941
eighth_synthetic,CHEMBL1889,35804,7,0.2,4.0,47,46,-1,17,5,12,16,17,0.9578540217647058,0.9789793058823529
eighth_synthetic,CHEMBL1889,35804,7,0.2,6.0,47,45,-2,18,5,13,15,17,0.9594532366846256,0.9798011691679229
eighth_synthetic,CHEMBL1889,35804,7,0.3,4.0,46,46,0,18,6,12,17,17,0.955988046111111,0.9781932999988112
eighth_synthetic,CHEMBL1889,35804,7,0.3,6.0,46,46,0,19,6,13,17,17,0.9577904368277868,0.9806059047941529
eighth_synthetic,CHEMBL1889,35804,8,0.2,4.0,46,45,-1,17,5,12,16,17,0.9585786111764705,0.9789793058823529
eighth_synthetic,CHEMBL1889,35804,8,0.2,6.0,46,45,-1,19,5,14,16,17,0.9616279847101544,0.9805496703021718
eighth_synthetic,CHEMBL1889,35804,8,0.3,4.0,47,46,-1,17,5,12,16,17,0.9578540217647058,0.9789793058823529
eighth_synthetic,CHEMBL1889,35804,8,0.3,6.0,47,45,-2,17,5,12,15,17,0.9576426347409004,0.9789793058823529
eighth_synthetic,CHEMBL1889,35804,9,0.2,4.0,46,46,0,18,6,12,17,17,0.955988046111111,0.9781932999988112
eighth_synthetic,CHEMBL1889,35804,9,0.2,6.0,46,46,0,19,6,13,17,17,0.9577904368277868,0.9806059047941529
eighth_synthetic,CHEMBL1889,35804,9,0.3,4.0,47,45,-2,17,5,12,15,17,0.9584461853978115,0.9789793058823529
eighth_synthetic,CHEMBL1889,35804,9,0.3,6.0,46,45,-1,17,5,12,16,17,0.9585786111764705,0.9789793058823529
eighth_synthetic,CHEMBL1898,35804,0,0.2,4.0,46,48,2,8,0,8,8,6,0.8921338200000001,0.9779752682727203
eighth_synthetic,CHEMBL1898,35804,0,0.2,6.0,46,48,2,8,0,8,8,6,0.8921338200000001,0.9780244812860994
eighth_synthetic,CHEMBL1898,35804,0,0.3,4.0,46,47,1,8,1,7,8,7,0.92540975125,0.9769426625
eighth_synthetic,CHEMBL1898,35804,0,0.3,6.0,45,46,1,9,2,7,8,7,0.9575493095581784,0.9787185079748836
eighth_synthetic,CHEMBL1898,35804,1,0.2,4.0,46,47,1,9,1,8,8,7,0.924506184564536,0.9703638113847775
eighth_synthetic,CHEMBL1898,35804,1,0.2,6.0,46,47,1,9,1,8,8,7,0.9323578116488537,0.9781727833608043
eighth_synthetic,CHEMBL1898,35804,1,0.3,4.0,45,47,2,8,1,7,8,6,0.92540975125,0.9779752682727203
eighth_synthetic,CHEMBL1898,35804,1,0.3,6.0,45,47,2,9,1,8,8,6,0.9318833973359563,0.9796801246736386
eighth_synthetic,CHEMBL1898,35804,2,0.2,4.0,46,48,2,8,0,8,8,6,0.8921338200000001,0.9779752682727203
eighth_synthetic,CHEMBL1898,35804,2,0.2,6.0,46,48,2,8,0,8,8,6,0.8921338200000001,0.9780244812860994
eighth_synthetic,CHEMBL1898,35804,2,0.3,4.0,45,47,2,8,1,7,8,6,0.92540975125,0.9779752682727203
eighth_synthetic,CHEMBL1898,35804,2,0.3,6.0,45,47,2,9,1,8,8,6,0.9318833973359563,0.9796801246736386
eighth_synthetic,CHEMBL1898,35804,3,0.2,4.0,46,48,2,8,0,8,8,6,0.8921338200000001,0.9779752682727203
eighth_synthetic,CHEMBL1898,35804,3,0.2,6.0,46,48,2,8,0,8,8,6,0.8921338200000001,0.9780244812860994
eighth_synthetic,CHEMBL1898,35804,3,0.3,4.0,45,46,1,9,2,7,8,7,0.9501720967867584,0.9703638113847775
eighth_synthetic,CHEMBL1898,35804,3,0.3,6.0,45,46,1,10,2,8,8,7,0.9605886080863287,0.979648032202119
eighth_synthetic,CHEMBL1898,35804,4,0.2,4.0,46,47,1,9,1,8,8,7,0.924506184564536,0.9703638113847775
eighth_synthetic,CHEMBL1898,35804,4,0.2,6.0,46,47,1,9,1,8,8,7,0.9323578116488537,0.9781727833608043
eighth_synthetic,CHEMBL1898,35804,4,0.3,4.0,45,48,3,9,1,8,9,6,0.89324154,0.9695789758180321
eighth_synthetic,CHEMBL1898,35804,4,0.3,6.0,45,47,2,8,1,7,8,6,0.92540975125,0.9780244812860994
eighth_synthetic,CHEMBL1898,35804,5,0.2,4.0,46,48,2,8,0,8,8,6,0.8921338200000001,0.9779752682727203
eighth_synthetic,CHEMBL1898,35804,5,0.2,6.0,46,48,2,8,0,8,8,6,0.8921338200000001,0.9780244812860994
eighth_synthetic,CHEMBL1898,35804,5,0.3,4.0,45,46,1,9,2,7,8,7,0.953672305318781,0.9750731246562881
eighth_synthetic,CHEMBL1898,35804,5,0.3,6.0,45,46,1,10,2,8,8,7,0.9610690616675515,0.9802876182780839
eighth_synthetic,CHEMBL1898,35804,6,0.2,4.0,46,47,1,9,1,8,8,7,0.924506184564536,0.9703638113847775
eighth_synthetic,CHEMBL1898,35804,6,0.2,6.0,46,47,1,9,1,8,8,7,0.9323578116488537,0.9781727833608043
eighth_synthetic,CHEMBL1898,35804,6,0.3,4.0,46,47,1,9,1,8,8,7,0.924506184564536,0.9703638113847775
eighth_synthetic,CHEMBL1898,35804,6,0.3,6.0,45,46,1,9,2,7,8,7,0.9580237238710758,0.9781727833608043
eighth_synthetic,CHEMBL1898,35804,7,0.2,4.0,46,48,2,8,0,8,8,6,0.8921338200000001,0.9779752682727203
eighth_synthetic,CHEMBL1898,35804,7,0.2,6.0,46,48,2,8,0,8,8,6,0.8921338200000001,0.9780244812860994
eighth_synthetic,CHEMBL1898,35804,7,0.3,4.0,45,46,1,9,2,7,8,7,0.9501720967867584,0.9703638113847775
eighth_synthetic,CHEMBL1898,35804,7,0.3,6.0,45,46,1,10,2,8,8,7,0.9605886080863287,0.979648032202119
eighth_synthetic,CHEMBL1898,35804,8,0.2,4.0,46,48,2,9,1,8,9,7,0.89324154,0.9686611040200584
eighth_synthetic,CHEMBL1898,35804,8,0.2,6.0,46,47,1,8,1,7,8,7,0.92540975125,0.9769426625
eighth_synthetic,CHEMBL1898,35804,8,0.3,4.0,46,47,1,9,1,8,8,7,0.9280063930965589,0.9750731246562881
eighth_synthetic,CHEMBL1898,35804,8,0.3,6.0,45,46,1,9,2,7,8,7,0.9585575611835453,0.9788834345563208
eighth_synthetic,CHEMBL1898,35804,9,0.2,4.0,46,47,1,9,1,8,8,7,0.9280063930965589,0.9750731246562881
eighth_synthetic,CHEMBL1898,35804,9,0.2,6.0,46,47,1,9,1,8,8,7,0.932891648961323,0.9788834345563208
eighth_synthetic,CHEMBL1898,35804,9,0.3,4.0,45,46,1,9,2,7,8,7,0.953672305318781,0.9750731246562881
eighth_synthetic,CHEMBL1898,35804,9,0.3,6.0,45,46,1,10,2,8,8,7,0.9610690616675515,0.9802876182780839
eighth_synthetic,CHEMBL1899,35804,0,0.2,4.0,39,39,0,11,1,10,10,10,0.8403179381818181,0.9419625914764925
eighth_synthetic,CHEMBL1899,35804,0,0.2,6.0,39,39,0,12,1,11,10,10,0.8385220512451431,0.9456269087344125
eighth_synthetic,CHEMBL1899,35804,0,0.3,4.0,39,38,-1,11,1,10,9,10,0.8917606738389032,0.9160894184271313
eighth_synthetic,CHEMBL1899,35804,0,0.3,6.0,39,39,0,13,1,12,10,10,0.8527941112165761,0.9326612063128329
eighth_synthetic,CHEMBL1899,35804,1,0.2,4.0,39,39,0,10,0,10,9,9,0.9591523258373129,0.986729296497464
eighth_synthetic,CHEMBL1899,35804,1,0.2,6.0,39,40,1,11,0,11,10,9,0.90296873543213,0.9870840406416939
eighth_synthetic,CHEMBL1899,35804,1,0.3,4.0,39,38,-1,13,2,11,10,11,0.8413656123539279,0.8947037028979294
eighth_synthetic,CHEMBL1899,35804,1,0.3,6.0,39,40,1,14,2,12,12,11,0.7510145660672656,0.9017820651856091
eighth_synthetic,CHEMBL1899,35804,2,0.2,4.0,39,38,-1,11,2,9,10,11,0.83882187,0.8845845727272728
eighth_synthetic,CHEMBL1899,35804,2,0.2,6.0,39,38,-1,12,2,10,10,11,0.8371506554118099,0.8866086997317505
eighth_synthetic,CHEMBL1899,35804,2,0.3,4.0,39,38,-1,12,1,11,9,10,0.8896405867167553,0.921813211472757
eighth_synthetic,CHEMBL1899,35804,2,0.3,6.0,39,40,1,13,1,12,11,10,0.7974616853656483,0.9326292006677653
eighth_synthetic,CHEMBL1899,35804,3,0.2,4.0,40,39,-1,12,1,11,9,10,0.8896405867167553,0.921813211472757
eighth_synthetic,CHEMBL1899,35804,3,0.2,6.0,40,41,1,12,1,11,11,10,0.7861142258333333,0.9288904346514602
eighth_synthetic,CHEMBL1899,35804,3,0.3,4.0,40,39,-1,12,1,11,9,10,0.8896405867167553,0.921813211472757
eighth_synthetic,CHEMBL1899,35804,3,0.3,6.0,40,41,1,13,1,12,11,10,0.8020395004663124,0.9342317933383543
eighth_synthetic,CHEMBL1899,35804,4,0.2,4.0,39,38,-1,11,2,9,10,11,0.83882187,0.8845845727272728
eighth_synthetic,CHEMBL1899,35804,4,0.2,6.0,39,38,-1,12,2,10,10,11,0.8371506554118099,0.8866086997317505
eighth_synthetic,CHEMBL1899,35804,4,0.3,4.0,39,38,-1,12,2,10,10,11,0.8392861110189945,0.8871977668915371
eighth_synthetic,CHEMBL1899,35804,4,0.3,6.0,39,39,0,13,2,11,11,11,0.8011352435432355,0.9012685299387232
eighth_synthetic,CHEMBL1899,35804,5,0.2,4.0,39,38,-1,12,2,10,10,11,0.8392861110189945,0.8871977668915371
eighth_synthetic,CHEMBL1899,35804,5,0.2,6.0,39,39,0,12,2,10,11,11,0.7851346141666666,0.8931802326351931
eighth_synthetic,CHEMBL1899,35804,5,0.3,4.0,38,39,1,13,2,11,11,10,0.796150461709841,0.909215216072297
eighth_synthetic,CHEMBL1899,35804,5,0.3,6.0,38,40,2,13,2,11,12,10,0.7461644646153845,0.9206652076657124
eighth_synthetic,CHEMBL1899,35804,6,0.2,4.0,39,38,-1,11,2,9,10,11,0.83882187,0.8845845727272728
eighth_synthetic,CHEMBL1899,35804,6,0.2,6.0,39,38,-1,12,2,10,10,11,0.8237770998726365,0.8847286761201638
eighth_synthetic,CHEMBL1899,35804,6,0.3,4.0,40,39,-1,11,1,10,9,10,0.893754025306648,0.9223468759067853
eighth_synthetic,CHEMBL1899,35804,6,0.3,6.0,40,40,0,12,1,11,10,10,0.8526615588385051,0.9297734018146907
eighth_synthetic,CHEMBL1899,35804,7,0.2,4.0,40,39,-1,11,1,10,9,10,0.8917606738389032,0.9160894184271313
eighth_synthetic,CHEMBL1899,35804,7,0.2,6.0,40,40,0,12,1,11,10,10,0.8460576871718385,0.9289251074336167
eighth_synthetic,CHEMBL1899,35804,7,0.3,4.0,39,38,-1,11,1,10,9,10,0.8917606738389032,0.9160894184271313
eighth_synthetic,CHEMBL1899,35804,7,0.3,6.0,39,39,0,13,1,12,10,10,0.8527941112165761,0.9326612063128329
eighth_synthetic,CHEMBL1899,35804,8,0.2,4.0,40,39,-1,12,1,11,9,10,0.8896405867167553,0.921813211472757
eighth_synthetic,CHEMBL1899,35804,8,0.2,6.0,40,41,1,12,1,11,11,10,0.7861142258333333,0.9288904346514602
eighth_synthetic,CHEMBL1899,35804,8,0.3,4.0,40,39,-1,11,1,10,9,10,0.893754025306648,0.9223468759067853
eighth_synthetic,CHEMBL1899,35804,8,0.3,6.0,40,40,0,13,1,12,10,10,0.8500543077695215,0.9281657629659457
eighth_synthetic,CHEMBL1899,35804,9,0.2,4.0,39,40,1,11,0,11,10,9,0.8972769025793753,0.9797248946560052
eighth_synthetic,CHEMBL1899,35804,9,0.2,6.0,39,41,2,11,0,11,11,9,0.8434134145454546,0.9879246574751953
eighth_synthetic,CHEMBL1899,35804,9,0.3,4.0,39,38,-1,12,1,11,9,10,0.8896405867167553,0.921813211472757
eighth_synthetic,CHEMBL1899,35804,9,0.3,6.0,39,40,1,13,1,12,11,10,0.7974616853656483,0.9326292006677653
eighth_synthetic,CHEMBL1902,35804,0,0.2,4.0,31,31,0,4,0,4,2,2,0.3302270654,0.49998416837500004
eighth_synthetic,CHEMBL1902,35804,0,0.2,6.0,31,31,0,6,0,6,2,2,0.4373493025019501,0.5978736258959692
eighth_synthetic,CHEMBL1902,35804,0,0.3,4.0,31,31,0,4,0,4,2,2,0.3302270654,0.49998416837500004
eighth_synthetic,CHEMBL1902,35804,0,0.3,6.0,31,31,0,6,0,6,2,2,0.4373493025019501,0.5978736258959692
eighth_synthetic,CHEMBL1902,35804,1,0.2,4.0,31,31,0,5,0,5,2,2,0.3455274234838217,0.5595827962166875
eighth_synthetic,CHEMBL1902,35804,1,0.2,6.0,31,31,0,5,0,5,2,2,0.45269776142827833,0.5933618170714475
eighth_synthetic,CHEMBL1902,35804,1,0.3,4.0,31,31,0,4,0,4,2,2,0.3302270654,0.49998416837500004
eighth_synthetic,CHEMBL1902,35804,1,0.3,6.0,31,31,0,5,0,5,2,2,0.3735609536871171,0.5443229527271986
eighth_synthetic,CHEMBL1902,35804,2,0.2,4.0,31,31,0,4,0,4,2,2,0.3302270654,0.49998416837500004
eighth_synthetic,CHEMBL1902,35804,2,0.2,6.0,31,31,0,5,0,5,2,2,0.3735609536871171,0.5443229527271986
eighth_synthetic,CHEMBL1902,35804,2,0.3,4.0,31,31,0,3,0,3,2,2,0.4374552872,0.6635582525
eighth_synthetic,CHEMBL1902,35804,2,0.3,6.0,31,31,0,4,0,4,2,2,0.4648155921088964,0.6780882119089982
eighth_synthetic,CHEMBL1902,35804,3,0.2,4.0,31,31,0,4,0,4,2,2,0.42977367935477717,0.6971630162708593
eighth_synthetic,CHEMBL1902,35804,3,0.2,6.0,31,31,0,4,0,4,2,2,0.5637366017853479,0.7393867923393095
eighth_synthetic,CHEMBL1902,35804,3,0.3,4.0,31,31,0,3,0,3,2,2,0.43844286000000005,0.6645096486666667
eighth_synthetic,CHEMBL1902,35804,3,0.3,6.0,31,31,0,5,0,5,2,2,0.511163646756193,0.687512582172252
eighth_synthetic,CHEMBL1902,35804,4,0.2,4.0,31,31,0,3,0,3,2,2,0.4374552872,0.6635582525
eighth_synthetic,CHEMBL1902,35804,4,0.2,6.0,31,31,0,4,0,4,2,2,0.4648155921088964,0.6780882119089982
eighth_synthetic,CHEMBL1902,35804,4,0.3,4.0,31,31,0,5,0,5,2,2,0.3455274234838217,0.5595827962166875
eighth_synthetic,CHEMBL1902,35804,4,0.3,6.0,31,31,0,6,0,6,2,2,0.503296642286251,0.6387393461828433
eighth_synthetic,CHEMBL1902,35804,5,0.2,4.0,31,31,0,5,0,5,2,2,0.3455274234838217,0.5595827962166875
eighth_synthetic,CHEMBL1902,35804,5,0.2,6.0,31,31,0,6,0,6,2,2,0.46839755232949615,0.614747862582205
eighth_synthetic,CHEMBL1902,35804,5,0.3,4.0,31,31,0,4,0,4,2,2,0.3302270654,0.49998416837500004
eighth_synthetic,CHEMBL1902,35804,5,0.3,6.0,31,31,0,6,0,6,2,2,0.4373493025019501,0.5978736258959692
eighth_synthetic,CHEMBL1902,35804,6,0.2,4.0,31,31,0,5,0,5,2,2,0.3455274234838217,0.5595827962166875
eighth_synthetic,CHEMBL1902,35804,6,0.2,6.0,31,31,0,6,0,6,2,2,0.46839755232949615,0.614747862582205
eighth_synthetic,CHEMBL1902,35804,6,0.3,4.0,31,31,0,5,0,5,2,2,0.3455274234838217,0.5595827962166875
eighth_synthetic,CHEMBL1902,35804,6,0.3,6.0,31,31,0,6,0,6,2,2,0.46839755232949615,0.614747862582205
eighth_synthetic,CHEMBL1902,35804,7,0.2,4.0,31,31,0,4,0,4,2,2,0.3302270654,0.49998416837500004
eighth_synthetic,CHEMBL1902,35804,7,0.2,6.0,31,31,0,5,0,5,2,2,0.415439861635223,0.5731127330479644
eighth_synthetic,CHEMBL1902,35804,7,0.3,4.0,31,31,0,3,0,3,2,2,0.4374552872,0.6635582525
eighth_synthetic,CHEMBL1902,35804,7,0.3,6.0,31,31,0,4,0,4,2,2,0.4648155921088964,0.6780882119089982
eighth_synthetic,CHEMBL1902,35804,8,0.2,4.0,31,31,0,4,0,4,2,2,0.3302270654,0.49998416837500004
eighth_synthetic,CHEMBL1902,35804,8,0.2,6.0,31,31,0,5,0,5,2,2,0.3735609536871171,0.5443229527271986
eighth_synthetic,CHEMBL1902,35804,8,0.3,4.0,31,31,0,5,0,5,2,2,0.3455274234838217,0.5595827962166875
eighth_synthetic,CHEMBL1902,35804,8,0.3,6.0,31,31,0,5,0,5,2,2,0.45269776142827833,0.5933618170714475
eighth_synthetic,CHEMBL1902,35804,9,0.2,4.0,31,31,0,5,0,5,2,2,0.3455274234838217,0.5595827962166875
eighth_synthetic,CHEMBL1902,35804,9,0.2,6.0,31,31,0,6,0,6,2,2,0.46839755232949615,0.614747862582205
eighth_synthetic,CHEMBL1902,35804,9,0.3,4.0,31,31,0,4,0,4,2,2,0.43051435895477713,0.6978765633958594
eighth_synthetic,CHEMBL1902,35804,9,0.3,6.0,31,31,0,5,0,5,2,2,0.5903004544973541,0.736551446516501
eighth_synthetic,CHEMBL1904,35804,0,0.2,4.0,31,31,0,7,0,7,3,3,0.5670300525919749,0.6477009466960256
eighth_synthetic,CHEMBL1904,35804,0,0.2,6.0,31,31,0,8,0,8,3,3,0.6516173311070228,0.6922419191546019
eighth_synthetic,CHEMBL1904,35804,0,0.3,4.0,31,31,0,9,0,9,4,4,0.616105519138584,0.71967704712235
eighth_synthetic,CHEMBL1904,35804,0,0.3,6.0,31,31,0,10,0,10,4,4,0.6491728433021781,0.7523982200094811
eighth_synthetic,CHEMBL1904,35804,1,0.2,4.0,31,31,0,7,0,7,3,3,0.5475024054491178,0.6637056014405394
eighth_synthetic,CHEMBL1904,35804,1,0.2,6.0,31,31,0,8,0,8,3,3,0.5881933961070229,0.7082026460551716
eighth_synthetic,CHEMBL1904,35804,1,0.3,4.0,30,31,1,7,0,7,3,2,0.641666513216349,0.7695967461346866
eighth_synthetic,CHEMBL1904,35804,1,0.3,6.0,30,32,2,8,0,8,4,2,0.5885846848570229,0.809227179398208
eighth_synthetic,CHEMBL1904,35804,2,0.2,4.0,31,31,0,8,1,7,3,3,0.5825980253143055,0.6729884294151067
eighth_synthetic,CHEMBL1904,35804,2,0.2,6.0,31,32,1,8,1,7,4,3,0.546065915949296,0.6886412606034938
eighth_synthetic,CHEMBL1904,35804,2,0.3,4.0,29,31,2,8,1,7,3,1,0.5735576040643054,0.6887233234191454
eighth_synthetic,CHEMBL1904,35804,2,0.3,6.0,29,32,3,8,1,7,4,1,0.49068825094929597,0.7063645229252882
eighth_synthetic,CHEMBL1904,35804,3,0.2,4.0,31,31,0,9,1,8,3,3,0.5202427580274729,0.6370715468238434
eighth_synthetic,CHEMBL1904,35804,3,0.2,6.0,31,31,0,9,1,8,3,3,0.539384542417774,0.6479765572749601
eighth_synthetic,CHEMBL1904,35804,3,0.3,4.0,30,31,1,9,1,8,4,3,0.6884589833788831,0.7857184687470067
eighth_synthetic,CHEMBL1904,35804,3,0.3,6.0,30,32,2,9,1,8,5,3,0.6083546056097816,0.8071225324987039
eighth_synthetic,CHEMBL1904,35804,4,0.2,4.0,31,31,0,9,0,9,4,4,0.6169108871819576,0.7091403294278109
eighth_synthetic,CHEMBL1904,35804,4,0.2,6.0,31,31,0,8,0,8,4,4,0.580936432199296,0.6977781857656286
eighth_synthetic,CHEMBL1904,35804,4,0.3,4.0,32,31,-1,9,0,9,3,4,0.6324580638143461,0.7195074529463983
eighth_synthetic,CHEMBL1904,35804,4,0.3,6.0,32,31,-1,10,0,10,3,4,0.7140861280808184,0.7523767287870843
eighth_synthetic,CHEMBL1904,35804,5,0.2,4.0,31,31,0,9,1,8,3,3,0.6050935585130971,0.7062140074057409
eighth_synthetic,CHEMBL1904,35804,5,0.2,6.0,31,32,1,9,1,8,4,3,0.5925330657511073,0.722805480592164
eighth_synthetic,CHEMBL1904,35804,5,0.3,4.0,31,31,0,8,0,8,3,3,0.6671358298426313,0.774469653234075
eighth_synthetic,CHEMBL1904,35804,5,0.3,6.0,31,31,0,8,0,8,3,3,0.7459651528777226,0.7933214415066803
eighth_synthetic,CHEMBL1904,35804,6,0.2,4.0,31,31,0,8,0,8,3,3,0.5781028718297023,0.6903909227704672
eighth_synthetic,CHEMBL1904,35804,6,0.2,6.0,31,31,0,7,0,7,3,3,0.5465114939420525,0.6742833849961593
eighth_synthetic,CHEMBL1904,35804,6,0.3,4.0,31,31,0,8,0,8,3,3,0.6726539833272343,0.7800299983314586
eighth_synthetic,CHEMBL1904,35804,6,0.3,6.0,31,32,1,9,0,9,4,3,0.6831282381135312,0.8150223020886371
eighth_synthetic,CHEMBL1904,35804,7,0.2,4.0,31,31,0,9,1,8,3,3,0.5202427580274729,0.6370715468238434
eighth_synthetic,CHEMBL1904,35804,7,0.2,6.0,31,31,0,9,1,8,3,3,0.539384542417774,0.6479765572749601
eighth_synthetic,CHEMBL1904,35804,7,0.3,4.0,30,31,1,8,1,7,3,2,0.5802240207549162,0.6847519884484782
eighth_synthetic,CHEMBL1904,35804,7,0.3,6.0,30,31,1,8,1,7,3,2,0.5852919025610042,0.7000893595346287
eighth_synthetic,CHEMBL1904,35804,8,0.2,4.0,32,31,-1,8,1,7,3,4,0.5892644420049162,0.6690170944444395
eighth_synthetic,CHEMBL1904,35804,8,0.2,6.0,32,31,-1,8,1,7,3,4,0.6406695675610042,0.6823660972128345
eighth_synthetic,CHEMBL1904,35804,8,0.3,4.0,31,31,0,8,1,7,3,3,0.6550002906544876,0.7616099770143123
eighth_synthetic,CHEMBL1904,35804,8,0.3,6.0,31,31,0,8,1,7,3,3,0.6638505941116459,0.7805536207652188
eighth_synthetic,CHEMBL1904,35804,9,0.2,4.0,31,31,0,8,1,7,3,3,0.4871408747679781,0.5952031612604719
eighth_synthetic,CHEMBL1904,35804,9,0.2,6.0,31,31,0,8,1,7,3,3,0.486273827199296,0.6044587218716394
eighth_synthetic,CHEMBL1904,35804,9,0.3,4.0,32,31,-1,9,0,9,3,4,0.7124278860683315,0.7878004389289361
eighth_synthetic,CHEMBL1904,35804,9,0.3,6.0,32,31,-1,8,0,8,3,4,0.7570729785343047,0.7925006916900096
eighth_synthetic,CHEMBL1906,35804,0,0.2,4.0,48,48,0,21,19,2,20,20,0.9653958657142857,0.9882128543301124
eighth_synthetic,CHEMBL1906,35804,0,0.2,6.0,46,48,2,21,19,2,20,18,0.9653958657142857,0.9895866877301431
eighth_synthetic,CHEMBL1906,35804,0,0.3,4.0,47,48,1,21,19,2,20,19,0.9653958657142857,0.9889273877297508
eighth_synthetic,CHEMBL1906,35804,0,0.3,6.0,46,48,2,21,19,2,20,18,0.9653958657142857,0.9905907185864173
eighth_synthetic,CHEMBL1906,35804,1,0.2,4.0,47,48,1,21,19,2,20,19,0.9653958657142857,0.9888200796765206
eighth_synthetic,CHEMBL1906,35804,1,0.2,6.0,46,48,2,21,19,2,20,18,0.9653958657142857,0.9897997130748503
eighth_synthetic,CHEMBL1906,35804,1,0.3,4.0,47,48,1,21,19,2,20,19,0.9653958657142857,0.9889273877297508
eighth_synthetic,CHEMBL1906,35804,1,0.3,6.0,45,48,3,22,20,2,21,18,0.9659248109090908,0.9900030743026796
eighth_synthetic,CHEMBL1906,35804,2,0.2,4.0,47,48,1,21,19,2,20,19,0.9653958657142857,0.9889273877297508
eighth_synthetic,CHEMBL1906,35804,2,0.2,6.0,47,48,1,21,19,2,20,19,0.9653958657142857,0.9897408136023551
eighth_synthetic,CHEMBL1906,35804,2,0.3,4.0,46,48,2,21,19,2,20,18,0.9653958657142857,0.9895304974636029
eighth_synthetic,CHEMBL1906,35804,2,0.3,6.0,45,48,3,22,20,2,21,18,0.9659248109090908,0.9909768667686888
eighth_synthetic,CHEMBL1906,35804,3,0.2,4.0,48,48,0,21,19,2,20,20,0.9653958657142857,0.9882128543301124
eighth_synthetic,CHEMBL1906,35804,3,0.2,6.0,46,48,2,21,19,2,20,18,0.9653958657142857,0.9903923984423709
eighth_synthetic,CHEMBL1906,35804,3,0.3,4.0,47,48,1,21,19,2,20,19,0.9653958657142857,0.9889273877297508
eighth_synthetic,CHEMBL1906,35804,3,0.3,6.0,45,48,3,22,20,2,21,18,0.9659248109090908,0.9907721618007153
eighth_synthetic,CHEMBL1906,35804,4,0.2,4.0,47,48,1,21,19,2,20,19,0.9653958657142857,0.9889377449743376
eighth_synthetic,CHEMBL1906,35804,4,0.2,6.0,47,48,1,21,19,2,20,19,0.9653958657142857,0.9897422410812389
eighth_synthetic,CHEMBL1906,35804,4,0.3,4.0,48,48,0,21,19,2,20,20,0.9653958657142857,0.9882232115746993
eighth_synthetic,CHEMBL1906,35804,4,0.3,6.0,47,48,1,21,19,2,20,19,0.9653958657142857,0.9895439209371927
eighth_synthetic,CHEMBL1906,35804,5,0.2,4.0,49,48,-1,20,18,2,19,20,0.9648897715,0.9881534399999999
eighth_synthetic,CHEMBL1906,35804,5,0.2,6.0,46,48,2,21,19,2,20,18,0.9653958657142857,0.9898991267045281
eighth_synthetic,CHEMBL1906,35804,5,0.3,4.0,47,48,1,21,19,2,20,19,0.9653958657142857,0.9889273877297508
eighth_synthetic,CHEMBL1906,35804,5,0.3,6.0,45,48,3,22,20,2,21,18,0.9659248109090908,0.9907909609709921
eighth_synthetic,CHEMBL1906,35804,6,0.2,4.0,47,48,1,21,19,2,20,19,0.9653958657142857,0.9888874749365227
eighth_synthetic,CHEMBL1906,35804,6,0.2,6.0,46,48,2,21,19,2,20,18,0.9653958657142857,0.9905852125664484
eighth_synthetic,CHEMBL1906,35804,6,0.3,4.0,47,48,1,21,19,2,20,19,0.9653958657142857,0.9889273877297508
eighth_synthetic,CHEMBL1906,35804,6,0.3,6.0,46,48,2,21,19,2,20,18,0.9653958657142857,0.9906202088071635
eighth_synthetic,CHEMBL1906,35804,7,0.2,4.0,48,48,0,21,19,2,20,20,0.9653958657142857,0.9882128543301124
eighth_synthetic,CHEMBL1906,35804,7,0.2,6.0,47,48,1,21,19,2,20,19,0.9653958657142857,0.9895130032375625
eighth_synthetic,CHEMBL1906,35804,7,0.3,4.0,48,48,0,21,19,2,20,20,0.9653958657142857,0.9881729415368843
eighth_synthetic,CHEMBL1906,35804,7,0.3,6.0,45,48,3,22,20,2,21,18,0.9659248109090908,0.9898085129643015
eighth_synthetic,CHEMBL1906,35804,8,0.2,4.0,48,48,0,21,19,2,20,20,0.9653958657142857,0.9882128543301124
eighth_synthetic,CHEMBL1906,35804,8,0.2,6.0,46,48,2,21,19,2,20,18,0.9653958657142857,0.9896358723197506
eighth_synthetic,CHEMBL1906,35804,8,0.3,4.0,46,48,2,21,19,2,20,18,0.9653958657142857,0.989570410256831
eighth_synthetic,CHEMBL1906,35804,8,0.3,6.0,45,48,3,22,20,2,21,18,0.9659248109090908,0.9910009216852994
eighth_synthetic,CHEMBL1906,35804,9,0.2,4.0,49,48,-1,20,18,2,19,20,0.9648897715,0.9881534399999999
eighth_synthetic,CHEMBL1906,35804,9,0.2,6.0,46,48,2,21,19,2,20,18,0.9653958657142857,0.9899188210733895
eighth_synthetic,CHEMBL1906,35804,9,0.3,4.0,48,48,0,21,19,2,20,20,0.9653958657142857,0.9882802495901144
eighth_synthetic,CHEMBL1906,35804,9,0.3,6.0,45,48,3,22,20,2,21,18,0.9659248109090908,0.9906105126063316
eighth_synthetic,CHEMBL1908,35804,0,0.2,4.0,44,43,-1,15,6,9,11,12,0.7111373316546061,0.9287276191217353
eighth_synthetic,CHEMBL1908,35804,0,0.2,6.0,44,43,-1,16,6,10,11,12,0.7397584004646711,0.9352668904176873
eighth_synthetic,CHEMBL1908,35804,0,0.3,4.0,43,42,-1,16,8,8,11,12,0.7193530120907776,0.9321469844539639
eighth_synthetic,CHEMBL1908,35804,0,0.3,6.0,42,42,0,18,7,11,12,12,0.7746679617541882,0.9418423085189185
eighth_synthetic,CHEMBL1908,35804,1,0.2,4.0,45,44,-1,15,5,10,11,12,0.704544597654606,0.9229516221349066
eighth_synthetic,CHEMBL1908,35804,1,0.2,6.0,44,43,-1,15,5,10,10,11,0.7372768535087201,0.9379976669047054
eighth_synthetic,CHEMBL1908,35804,1,0.3,4.0,44,42,-2,15,7,8,10,12,0.741894920861127,0.9340505417737203
eighth_synthetic,CHEMBL1908,35804,1,0.3,6.0,43,42,-1,16,7,9,11,12,0.7690273798396712,0.9408395242190544
eighth_synthetic,CHEMBL1908,35804,2,0.2,4.0,45,44,-1,15,5,10,11,12,0.7010625553276012,0.9304065636802655
eighth_synthetic,CHEMBL1908,35804,2,0.2,6.0,45,44,-1,15,5,10,11,12,0.7047038318157032,0.9399506479576207
eighth_synthetic,CHEMBL1908,35804,2,0.3,4.0,43,43,0,16,7,9,12,12,0.7107213859261932,0.9271259238489981
eighth_synthetic,CHEMBL1908,35804,2,0.3,6.0,42,43,1,17,7,10,13,12,0.711177750255996,0.9370737522915472
eighth_synthetic,CHEMBL1908,35804,3,0.2,4.0,45,44,-1,14,5,9,11,12,0.7072909721428572,0.9366771216867557
eighth_synthetic,CHEMBL1908,35804,3,0.2,6.0,45,44,-1,15,5,10,11,12,0.7060049405332386,0.9378989763131543
eighth_synthetic,CHEMBL1908,35804,3,0.3,4.0,44,44,0,16,6,10,12,12,0.7096623359261932,0.937531161010386
eighth_synthetic,CHEMBL1908,35804,3,0.3,6.0,43,43,0,16,6,10,11,11,0.7403488257894251,0.9481649055800524
eighth_synthetic,CHEMBL1908,35804,4,0.2,4.0,44,43,-1,16,6,10,11,12,0.7247427800108576,0.9321469844539639
eighth_synthetic,CHEMBL1908,35804,4,0.2,6.0,44,43,-1,16,6,10,11,12,0.7428002601087378,0.9385890932824883
eighth_synthetic,CHEMBL1908,35804,4,0.3,4.0,43,44,1,17,7,10,13,12,0.7093576220481819,0.9355058277014185
eighth_synthetic,CHEMBL1908,35804,4,0.3,6.0,43,44,1,17,7,10,13,12,0.6909036287903624,0.9466557429829244
eighth_synthetic,CHEMBL1908,35804,5,0.2,4.0,45,44,-1,14,5,9,11,12,0.7072909721428572,0.9303317621114552
eighth_synthetic,CHEMBL1908,35804,5,0.2,6.0,44,43,-1,15,5,10,10,11,0.7440078490928865,0.9396933240794004
eighth_synthetic,CHEMBL1908,35804,5,0.3,4.0,42,43,1,18,8,10,13,12,0.7233135155652067,0.9294598687343493
eighth_synthetic,CHEMBL1908,35804,5,0.3,6.0,42,43,1,18,8,10,13,12,0.7068097773188781,0.9439084865381433
eighth_synthetic,CHEMBL1908,35804,6,0.2,4.0,44,44,0,16,6,10,12,12,0.7096623359261932,0.9271259238489981
eighth_synthetic,CHEMBL1908,35804,6,0.2,6.0,44,44,0,16,6,10,12,12,0.69005496808976,0.9378366497872328
eighth_synthetic,CHEMBL1908,35804,6,0.3,4.0,42,42,0,17,8,9,12,12,0.7228144253043365,0.9268806178148722
eighth_synthetic,CHEMBL1908,35804,6,0.3,6.0,42,42,0,17,7,10,12,12,0.7614552869985501,0.9407512505276427
eighth_synthetic,CHEMBL1908,35804,7,0.2,4.0,44,44,0,16,6,10,12,12,0.7204349422096643,0.9368019618302315
eighth_synthetic,CHEMBL1908,35804,7,0.2,6.0,44,44,0,16,6,10,12,12,0.724241895143978,0.9392862403377479
eighth_synthetic,CHEMBL1908,35804,7,0.3,4.0,43,43,0,17,7,10,12,12,0.7235509811866896,0.9304383674130214
eighth_synthetic,CHEMBL1908,35804,7,0.3,6.0,42,43,1,17,6,11,12,11,0.7294257526432029,0.9450758843813312
eighth_synthetic,CHEMBL1908,35804,8,0.2,4.0,45,44,-1,15,5,10,11,12,0.7457443789879393,0.9295222841677859
eighth_synthetic,CHEMBL1908,35804,8,0.2,6.0,45,44,-1,15,5,10,11,12,0.7389892146290773,0.9399167683133836
eighth_synthetic,CHEMBL1908,35804,8,0.3,4.0,43,42,-1,16,8,8,11,12,0.7193530120907776,0.9321469844539639
eighth_synthetic,CHEMBL1908,35804,8,0.3,6.0,42,42,0,18,7,11,12,12,0.7755180684965022,0.9422619462186026
eighth_synthetic,CHEMBL1908,35804,9,0.2,4.0,44,44,0,16,6,10,12,12,0.7040143703011932,0.926563974206846
eighth_synthetic,CHEMBL1908,35804,9,0.2,6.0,44,44,0,16,6,10,12,12,0.71826489746476,0.9377586186122201
eighth_synthetic,CHEMBL1908,35804,9,0.3,4.0,42,43,1,18,8,10,13,12,0.7138622416928587,0.9208323406842938
eighth_synthetic,CHEMBL1908,35804,9,0.3,6.0,42,43,1,18,8,10,13,12,0.7050874562706975,0.9423221194584317
eighth_synthetic,CHEMBL1913,35804,0,0.2,4.0,46,47,1,17,12,5,15,14,0.86159542,0.9746310120779034
eighth_synthetic,CHEMBL1913,35804,0,0.2,6.0,46,46,0,17,11,6,14,14,0.8744547704343013,0.9782396833576861
eighth_synthetic,CHEMBL1913,35804,0,0.3,4.0,45,47,2,18,13,5,16,14,0.8636450077777778,0.9736496738838741
eighth_synthetic,CHEMBL1913,35804,0,0.3,6.0,45,45,0,18,11,7,14,14,0.887292705170288,0.9791125359099644
eighth_synthetic,CHEMBL1913,35804,1,0.2,4.0,46,47,1,17,12,5,15,14,0.8624447023529411,0.9723246559652051
eighth_synthetic,CHEMBL1913,35804,1,0.2,6.0,46,46,0,17,10,7,14,14,0.885839408415599,0.9779144132069614
eighth_synthetic,CHEMBL1913,35804,1,0.3,4.0,47,46,-1,17,12,5,14,15,0.8633291081795845,0.9661308974038678
eighth_synthetic,CHEMBL1913,35804,1,0.3,6.0,46,45,-1,18,12,6,14,15,0.8901915773485973,0.9721927511726486
eighth_synthetic,CHEMBL1913,35804,2,0.2,4.0,47,46,-1,16,11,5,13,14,0.8619787711908087,0.9771047624364623
eighth_synthetic,CHEMBL1913,35804,2,0.2,6.0,46,46,0,17,11,6,14,14,0.8734370588602635,0.9768770310204791
eighth_synthetic,CHEMBL1913,35804,2,0.3,4.0,46,46,0,18,13,5,15,15,0.8654703243918298,0.9658120632521747
eighth_synthetic,CHEMBL1913,35804,2,0.3,6.0,46,46,0,19,13,6,15,15,0.8761716842433939,0.9733448640776221
eighth_synthetic,CHEMBL1913,35804,3,0.2,4.0,46,47,1,18,13,5,16,15,0.8644471077777778,0.9636338380346263
eighth_synthetic,CHEMBL1913,35804,3,0.2,6.0,46,46,0,18,12,6,15,15,0.8759498630934479,0.9733611560492594
eighth_synthetic,CHEMBL1913,35804,3,0.3,4.0,46,45,-1,17,12,5,14,15,0.8702923964148787,0.9694878738142476
eighth_synthetic,CHEMBL1913,35804,3,0.3,6.0,46,45,-1,18,11,7,14,15,0.8919126282226445,0.9726532007580668
eighth_synthetic,CHEMBL1913,35804,4,0.2,4.0,47,47,0,17,12,5,15,15,0.8624447023529411,0.9663658013731116
eighth_synthetic,CHEMBL1913,35804,4,0.2,6.0,46,46,0,17,11,6,15,15,0.880792628569533,0.972504247241384
eighth_synthetic,CHEMBL1913,35804,4,0.3,4.0,46,46,0,18,13,5,15,15,0.8654703243918298,0.967800013020389
eighth_synthetic,CHEMBL1913,35804,4,0.3,6.0,46,45,-1,19,12,7,14,15,0.8870690313845548,0.9736289548930884
eighth_synthetic,CHEMBL1913,35804,5,0.2,4.0,46,47,1,17,12,5,15,14,0.86159542,0.9759201837393395
eighth_synthetic,CHEMBL1913,35804,5,0.2,6.0,46,46,0,17,11,6,14,14,0.8748230903342389,0.9784316788600589
eighth_synthetic,CHEMBL1913,35804,5,0.3,4.0,45,46,1,17,12,5,15,14,0.8692089905882353,0.9699848640060876
eighth_synthetic,CHEMBL1913,35804,5,0.3,6.0,45,46,1,17,11,6,15,14,0.8804243086695954,0.9775601530001642
eighth_synthetic,CHEMBL1913,35804,6,0.2,4.0,46,47,1,18,13,5,16,15,0.8644471077777778,0.9646260905379922
eighth_synthetic,CHEMBL1913,35804,6,0.2,6.0,46,46,0,18,11,7,15,15,0.8865421079480658,0.9735144060478825
eighth_synthetic,CHEMBL1913,35804,6,0.3,4.0,45,47,2,18,13,5,16,14,0.8636450077777778,0.9736496738838741
eighth_synthetic,CHEMBL1913,35804,6,0.3,6.0,45,45,0,18,11,7,14,14,0.887292705170288,0.9791125359099644
eighth_synthetic,CHEMBL1913,35804,7,0.2,4.0,46,46,0,17,12,5,15,15,0.8694079905882353,0.9694878738142476
eighth_synthetic,CHEMBL1913,35804,7,0.2,6.0,46,45,-1,17,11,6,14,15,0.8812190586695955,0.9729550351540803
eighth_synthetic,CHEMBL1913,35804,7,0.3,4.0,46,46,0,17,12,5,14,14,0.8604798825531234,0.9759201837393395
eighth_synthetic,CHEMBL1913,35804,7,0.3,6.0,45,45,0,17,11,6,14,14,0.8815873785695332,0.9784316788600589
eighth_synthetic,CHEMBL1913,35804,8,0.2,4.0,46,46,0,17,11,6,14,14,0.8697007968751376,0.9693770795376281
eighth_synthetic,CHEMBL1913,35804,8,0.2,6.0,46,46,0,17,10,7,14,14,0.8855890731100109,0.9774637940259447
eighth_synthetic,CHEMBL1913,35804,8,0.3,4.0,46,46,0,18,13,5,15,15,0.8699999096059285,0.967800013020389
eighth_synthetic,CHEMBL1913,35804,8,0.3,6.0,46,45,-1,19,12,7,14,15,0.887853661483645,0.9744001394807418
eighth_synthetic,CHEMBL1913,35804,9,0.2,4.0,46,47,1,18,13,5,16,15,0.8636450077777778,0.9668043157555406
eighth_synthetic,CHEMBL1913,35804,9,0.2,6.0,46,46,0,18,12,6,15,15,0.8757899498546179,0.9738216056346778
eighth_synthetic,CHEMBL1913,35804,9,0.3,4.0,47,46,-1,16,11,5,13,14,0.8670745545566696,0.9771047624364623
eighth_synthetic,CHEMBL1913,35804,9,0.3,6.0,45,46,1,18,12,6,15,14,0.8756569984726219,0.9778594338101247
eighth_synthetic,CHEMBL1914,35804,0,0.2,4.0,43,46,3,17,14,3,14,11,0.9297294121108448,0.9831069403011692
eighth_synthetic,CHEMBL1914,35804,0,0.2,6.0,40,45,5,16,14,2,14,9,0.9312224975000001,0.9923524677152792
eighth_synthetic,CHEMBL1914,35804,0,0.3,4.0,44,47,3,16,14,2,14,11,0.9219430475,0.9792768930035475
eighth_synthetic,CHEMBL1914,35804,0,0.3,6.0,39,45,6,20,18,2,15,9,0.9324350544740572,0.9865477842343722
eighth_synthetic,CHEMBL1914,35804,1,0.2,4.0,46,47,1,15,13,2,13,12,0.9205492573333334,0.9780027172898547
eighth_synthetic,CHEMBL1914,35804,1,0.2,6.0,41,47,6,17,15,2,15,9,0.9233270682352942,0.9872909973234641
eighth_synthetic,CHEMBL1914,35804,1,0.3,4.0,43,46,3,17,15,2,14,11,0.9258651143734195,0.9796827061508547
eighth_synthetic,CHEMBL1914,35804,1,0.3,6.0,37,44,7,21,18,3,16,9,0.9413123238124724,0.9888839668393631
eighth_synthetic,CHEMBL1914,35804,2,0.2,4.0,44,47,3,16,14,2,14,11,0.9219430475,0.9859609659156215
eighth_synthetic,CHEMBL1914,35804,2,0.2,6.0,40,44,4,17,14,3,13,9,0.9348055805076222,0.9897925539293707
eighth_synthetic,CHEMBL1914,35804,2,0.3,4.0,45,47,2,16,14,2,14,12,0.9219430475,0.9753154611124661
eighth_synthetic,CHEMBL1914,35804,2,0.3,6.0,37,45,8,21,19,2,17,9,0.9357160728294035,0.9838938859005447
eighth_synthetic,CHEMBL1914,35804,3,0.2,4.0,45,47,2,16,14,2,14,12,0.9219430475,0.9755284429215714
eighth_synthetic,CHEMBL1914,35804,3,0.2,6.0,40,46,6,17,15,2,15,9,0.9281537388235295,0.9866122476920417
eighth_synthetic,CHEMBL1914,35804,3,0.3,4.0,40,46,6,18,15,3,15,9,0.9312223725491313,0.986424130680844
eighth_synthetic,CHEMBL1914,35804,3,0.3,6.0,36,46,10,23,20,3,19,9,0.9365947034440043,0.9908203646894037
eighth_synthetic,CHEMBL1914,35804,4,0.2,4.0,44,47,3,16,14,2,14,11,0.9219430475,0.9808181911646909
eighth_synthetic,CHEMBL1914,35804,4,0.2,6.0,39,46,7,18,16,2,16,9,0.9298302866666666,0.9879953179492866
eighth_synthetic,CHEMBL1914,35804,4,0.3,4.0,41,46,5,17,14,3,14,9,0.9297294121108448,0.9849165891173127
eighth_synthetic,CHEMBL1914,35804,4,0.3,6.0,37,47,10,22,20,2,19,9,0.9315398513636364,0.9893073571312656
eighth_synthetic,CHEMBL1914,35804,5,0.2,4.0,43,47,4,17,15,2,15,11,0.9233270682352942,0.9819593367263935
eighth_synthetic,CHEMBL1914,35804,5,0.2,6.0,39,46,7,18,16,2,16,9,0.9298302866666666,0.9895872180109069
eighth_synthetic,CHEMBL1914,35804,5,0.3,4.0,44,47,3,16,14,2,14,11,0.9219430475,0.9816489549388328
eighth_synthetic,CHEMBL1914,35804,5,0.3,6.0,36,47,11,23,21,2,20,9,0.932872537826087,0.9874420138379864
eighth_synthetic,CHEMBL1914,35804,6,0.2,4.0,44,47,3,16,14,2,14,11,0.9219430475,0.9832351795227403
eighth_synthetic,CHEMBL1914,35804,6,0.2,6.0,40,45,5,18,16,2,14,9,0.9294385083045084,0.9900679169025827
eighth_synthetic,CHEMBL1914,35804,6,0.3,4.0,42,47,5,17,15,2,15,10,0.9233270682352942,0.9829606690076979
eighth_synthetic,CHEMBL1914,35804,6,0.3,6.0,37,45,8,22,20,2,17,9,0.9350275917945976,0.9884920836446148
eighth_synthetic,CHEMBL1914,35804,7,0.2,4.0,45,47,2,15,13,2,13,11,0.9205492573333334,0.9844446068351292
eighth_synthetic,CHEMBL1914,35804,7,0.2,6.0,40,44,4,17,14,3,13,9,0.9348055805076222,0.987056706649773
eighth_synthetic,CHEMBL1914,35804,7,0.3,4.0,42,47,5,17,15,2,15,10,0.9233270682352942,0.9812063243084947
eighth_synthetic,CHEMBL1914,35804,7,0.3,6.0,37,46,9,22,20,2,18,9,0.9331405058826125,0.9882747073991418
eighth_synthetic,CHEMBL1914,35804,8,0.2,4.0,43,47,4,17,15,2,15,11,0.9233270682352942,0.97826509478657
eighth_synthetic,CHEMBL1914,35804,8,0.2,6.0,39,46,7,19,17,2,16,9,0.9314432368421053,0.9878978179935958
eighth_synthetic,CHEMBL1914,35804,8,0.3,4.0,41,47,6,17,15,2,15,9,0.9233270682352942,0.9877210456791504
eighth_synthetic,CHEMBL1914,35804,8,0.3,6.0,37,46,9,21,19,2,18,9,0.9342536871428571,0.9912783691991253
eighth_synthetic,CHEMBL1914,35804,9,0.2,4.0,42,47,5,17,15,2,15,10,0.9233270682352942,0.9830801446370413
eighth_synthetic,CHEMBL1914,35804,9,0.2,6.0,39,47,8,19,17,2,17,9,0.9269207610526315,0.9909659441315449
eighth_synthetic,CHEMBL1914,35804,9,0.3,4.0,43,47,4,17,15,2,15,11,0.9233270682352942,0.9828642415399296
eighth_synthetic,CHEMBL1914,35804,9,0.3,6.0,37,45,8,22,19,3,17,9,0.9379431778179945,0.986901114738723
eighth_synthetic,CHEMBL1936,35804,0,0.2,4.0,47,45,-2,8,2,6,5,7,0.8991156286988264,0.9446109146291102
eighth_synthetic,CHEMBL1936,35804,0,0.2,6.0,47,45,-2,9,2,7,5,7,0.9175271431905041,0.9561267166175048
eighth_synthetic,CHEMBL1936,35804,0,0.3,4.0,46,45,-1,8,2,6,5,6,0.8991156286988264,0.9533784642311659
eighth_synthetic,CHEMBL1936,35804,0,0.3,6.0,46,45,-1,9,1,8,5,6,0.9308897061905912,0.968043864451375
eighth_synthetic,CHEMBL1936,35804,1,0.2,4.0,47,46,-1,8,1,7,5,6,0.9192885512541535,0.9532001889469237
eighth_synthetic,CHEMBL1936,35804,1,0.2,6.0,47,47,0,8,1,7,6,6,0.8907071440169887,0.9641937082899484
eighth_synthetic,CHEMBL1936,35804,1,0.3,4.0,46,45,-1,6,1,5,5,6,0.9018190316666667,0.9547972466666668
eighth_synthetic,CHEMBL1936,35804,1,0.3,6.0,46,45,-1,6,1,5,5,6,0.9018190316666667,0.9547972466666668
eighth_synthetic,CHEMBL1936,35804,2,0.2,4.0,47,46,-1,8,1,7,5,6,0.9229340008926357,0.9583186921263597
eighth_synthetic,CHEMBL1936,35804,2,0.2,6.0,47,47,0,9,1,8,6,6,0.9030763098571707,0.968663178129893
eighth_synthetic,CHEMBL1936,35804,2,0.3,4.0,46,45,-1,8,1,7,5,6,0.9192885512541535,0.9532001889469237
eighth_synthetic,CHEMBL1936,35804,2,0.3,6.0,46,46,0,9,1,8,6,6,0.9019320421786097,0.967759836843568
eighth_synthetic,CHEMBL1936,35804,3,0.2,4.0,47,46,-1,8,2,6,5,6,0.9064218417970629,0.9583450836173389
eighth_synthetic,CHEMBL1936,35804,3,0.2,6.0,47,45,-2,10,2,8,5,7,0.9249961497658911,0.9604827191229441
eighth_synthetic,CHEMBL1936,35804,3,0.3,4.0,46,46,0,8,2,6,6,6,0.9189480884438092,0.9602418870993054
eighth_synthetic,CHEMBL1936,35804,3,0.3,6.0,46,46,0,9,1,8,6,6,0.9021943404969289,0.9687226477098724
eighth_synthetic,CHEMBL1936,35804,4,0.2,4.0,47,47,0,8,1,7,6,6,0.8957583861988264,0.958415579855084
eighth_synthetic,CHEMBL1936,35804,4,0.2,6.0,47,47,0,8,1,7,6,6,0.9044561178474555,0.9650052622793923
eighth_synthetic,CHEMBL1936,35804,4,0.3,4.0,46,45,-1,8,2,6,5,6,0.8954701790603444,0.9482599610517299
eighth_synthetic,CHEMBL1936,35804,4,0.3,6.0,46,45,-1,8,1,7,5,6,0.9219972148920865,0.9634969804016158
eighth_synthetic,CHEMBL1936,35804,5,0.2,4.0,47,46,-1,7,2,5,5,6,0.8963376042857142,0.9550854824023495
eighth_synthetic,CHEMBL1936,35804,5,0.2,6.0,47,45,-2,9,2,7,5,7,0.917034749215075,0.9563798678713139
eighth_synthetic,CHEMBL1936,35804,5,0.3,4.0,46,46,0,10,2,8,6,6,0.9247158011517588,0.960452672594959
eighth_synthetic,CHEMBL1936,35804,5,0.3,6.0,46,46,0,10,1,9,6,6,0.9112810244503662,0.9711273813724492
eighth_synthetic,CHEMBL1936,35804,6,0.2,4.0,47,46,-1,8,1,7,5,6,0.9192885512541535,0.9532001889469237
eighth_synthetic,CHEMBL1936,35804,6,0.2,6.0,47,47,0,8,1,7,6,6,0.8907071440169887,0.9641937082899484
eighth_synthetic,CHEMBL1936,35804,6,0.3,4.0,46,46,0,10,2,8,6,6,0.9247158011517588,0.960452672594959
eighth_synthetic,CHEMBL1936,35804,6,0.3,6.0,46,46,0,10,1,9,6,6,0.9112810244503662,0.9711273813724492
eighth_synthetic,CHEMBL1936,35804,7,0.2,4.0,47,45,-2,9,2,7,5,7,0.907770725996346,0.9486721787950163
eighth_synthetic,CHEMBL1936,35804,7,0.2,6.0,47,45,-2,10,2,8,5,7,0.9254393043437771,0.9602548829945159
eighth_synthetic,CHEMBL1936,35804,7,0.3,4.0,46,46,0,9,2,7,6,6,0.9253995791029974,0.9625663765463008
eighth_synthetic,CHEMBL1936,35804,7,0.3,6.0,46,46,0,10,1,9,6,6,0.9119903997658909,0.9717655344840936
eighth_synthetic,CHEMBL1936,35804,8,0.2,4.0,47,46,-1,8,1,7,5,6,0.9302402139908721,0.9632853115125328
eighth_synthetic,CHEMBL1936,35804,8,0.2,6.0,47,47,0,8,1,7,6,6,0.8926193105904041,0.9657118142498888
eighth_synthetic,CHEMBL1936,35804,8,0.3,4.0,46,47,1,10,2,8,7,6,0.9000589496859259,0.9564353802343895
eighth_synthetic,CHEMBL1936,35804,8,0.3,6.0,46,46,0,10,1,9,6,6,0.9209217573859926,0.9704992372615132
eighth_synthetic,CHEMBL1936,35804,9,0.2,4.0,47,46,-1,8,2,6,5,6,0.8991156286988264,0.9533784642311659
eighth_synthetic,CHEMBL1936,35804,9,0.2,6.0,47,45,-2,9,2,7,5,7,0.9162465544200474,0.9556708088583759
eighth_synthetic,CHEMBL1936,35804,9,0.3,4.0,46,46,0,9,2,7,6,6,0.9253995791029974,0.9625663765463008
eighth_synthetic,CHEMBL1936,35804,9,0.3,6.0,46,46,0,9,1,8,6,6,0.9027407324137796,0.9688470382782158
eighth_synthetic,CHEMBL1937,35804,0,0.2,4.0,38,43,5,16,13,3,13,8,0.8031843625,0.9415774765600128
eighth_synthetic,CHEMBL1937,35804,0,0.2,6.0,37,43,6,17,14,3,14,8,0.8050365082352942,0.9527859193441293
eighth_synthetic,CHEMBL1937,35804,0,0.3,4.0,35,43,8,18,17,1,15,7,0.8043176827777778,0.9574215294706876
eighth_synthetic,CHEMBL1937,35804,0,0.3,6.0,35,43,8,18,17,1,15,7,0.8043176827777778,0.9782115544108824
eighth_synthetic,CHEMBL1937,35804,1,0.2,4.0,37,43,6,17,14,3,14,8,0.8050365082352942,0.9335039764018487
eighth_synthetic,CHEMBL1937,35804,1,0.2,6.0,37,43,6,17,14,3,14,8,0.8050365082352942,0.953616436864976
eighth_synthetic,CHEMBL1937,35804,1,0.3,4.0,36,42,6,16,13,3,13,7,0.8082352749999999,0.9355228676191214
eighth_synthetic,CHEMBL1937,35804,1,0.3,6.0,34,42,8,17,15,2,14,6,0.8101696676470588,0.9665099656137743
eighth_synthetic,CHEMBL1937,35804,2,0.2,4.0,38,43,5,16,13,3,13,8,0.8031843625,0.930218804309974
eighth_synthetic,CHEMBL1937,35804,2,0.2,6.0,37,43,6,17,14,3,14,8,0.8050365082352942,0.951173324758107
eighth_synthetic,CHEMBL1937,35804,2,0.3,4.0,35,41,6,16,14,2,13,7,0.82063323,0.9483509643666586
eighth_synthetic,CHEMBL1937,35804,2,0.3,6.0,35,41,6,17,16,1,13,7,0.8176581205882353,0.9698520904442479
eighth_synthetic,CHEMBL1937,35804,3,0.2,4.0,40,43,3,14,11,3,11,8,0.799515205,0.928708147963952
eighth_synthetic,CHEMBL1937,35804,3,0.2,6.0,37,42,5,17,13,4,13,8,0.815858005694312,0.9443908390814009
eighth_synthetic,CHEMBL1937,35804,3,0.3,4.0,34,43,9,18,16,2,15,6,0.8070411438888889,0.9479112157287326
eighth_synthetic,CHEMBL1937,35804,3,0.3,6.0,34,43,9,18,16,2,15,6,0.8070411438888889,0.972186682922289
eighth_synthetic,CHEMBL1937,35804,4,0.2,4.0,39,43,4,14,11,3,11,7,0.799515205,0.9418598684747822
eighth_synthetic,CHEMBL1937,35804,4,0.2,6.0,37,43,6,16,13,3,13,7,0.8031843625,0.9514038188663668
eighth_synthetic,CHEMBL1937,35804,4,0.3,4.0,34,43,9,18,17,1,15,6,0.8043176827777778,0.9594772729755808
eighth_synthetic,CHEMBL1937,35804,4,0.3,6.0,34,43,9,18,17,1,15,6,0.8043176827777778,0.9759090616887577
eighth_synthetic,CHEMBL1937,35804,5,0.2,4.0,37,42,5,15,12,3,12,7,0.806472904,0.9370216337508835
eighth_synthetic,CHEMBL1937,35804,5,0.2,6.0,37,42,5,15,12,3,12,7,0.806472904,0.951973252316132
eighth_synthetic,CHEMBL1937,35804,5,0.3,4.0,34,42,8,17,16,1,14,6,0.8067624641176471,0.9598284212954639
eighth_synthetic,CHEMBL1937,35804,5,0.3,6.0,34,43,9,18,17,1,15,6,0.8043176827777778,0.9762095176042548
eighth_synthetic,CHEMBL1937,35804,6,0.2,4.0,37,42,5,15,12,3,12,7,0.806472904,0.9331206297029923
eighth_synthetic,CHEMBL1937,35804,6,0.2,6.0,37,42,5,15,12,3,12,7,0.806472904,0.9514154798803386
eighth_synthetic,CHEMBL1937,35804,6,0.3,4.0,35,41,6,16,13,3,13,7,0.8155228156250001,0.9427849037902956
eighth_synthetic,CHEMBL1937,35804,6,0.3,6.0,34,41,7,17,14,3,13,6,0.8227168674590178,0.968390165185028
eighth_synthetic,CHEMBL1937,35804,7,0.2,4.0,39,43,4,14,12,2,11,7,0.7960136121428573,0.9509080799578101
eighth_synthetic,CHEMBL1937,35804,7,0.2,6.0,38,43,5,15,13,2,12,7,0.7979922266666667,0.9606333188415663
eighth_synthetic,CHEMBL1937,35804,7,0.3,4.0,34,43,9,19,17,2,15,6,0.8093980836842105,0.9448329067601628
eighth_synthetic,CHEMBL1937,35804,7,0.3,6.0,34,43,9,19,17,2,15,6,0.8093980836842105,0.9681077692995845
eighth_synthetic,CHEMBL1937,35804,8,0.2,4.0,38,43,5,16,13,3,13,8,0.8031843625,0.92619313887388
eighth_synthetic,CHEMBL1937,35804,8,0.2,6.0,37,43,6,17,14,3,14,8,0.8050365082352942,0.9511318984146799
eighth_synthetic,CHEMBL1937,35804,8,0.3,4.0,36,43,7,17,15,2,14,7,0.8021528435294119,0.9571941163895924
eighth_synthetic,CHEMBL1937,35804,8,0.3,6.0,35,43,8,18,16,2,15,7,0.8043176827777778,0.9717869702866166
eighth_synthetic,CHEMBL1937,35804,9,0.2,4.0,37,41,4,15,11,4,11,7,0.8133946496536765,0.9414034251775576
eighth_synthetic,CHEMBL1937,35804,9,0.2,6.0,37,42,5,15,12,3,12,7,0.806472904,0.9526656112371693
eighth_synthetic,CHEMBL1937,35804,9,0.3,4.0,34,41,7,16,14,2,13,6,0.8155228156250001,0.9354080524573063
eighth_synthetic,CHEMBL1937,35804,9,0.3,6.0,34,41,7,17,14,3,13,6,0.8275266692237238,0.9608715043699434
eighth_synthetic,CHEMBL1941,35804,0,0.2,4.0,23,23,0,8,4,4,3,3,0.2419730921175,0.35227380112499995
eighth_synthetic,CHEMBL1941,35804,0,0.2,6.0,23,23,0,9,4,5,3,3,0.2508067174376316,0.3504121682957901
eighth_synthetic,CHEMBL1941,35804,0,0.3,4.0,23,23,0,8,4,4,3,3,0.25033438496827326,0.36725832452948615
eighth_synthetic,CHEMBL1941,35804,0,0.3,6.0,23,23,0,9,4,5,3,3,0.3426283536213829,0.4634335425070014
eighth_synthetic,CHEMBL1941,35804,1,0.2,4.0,23,23,0,8,4,4,3,3,0.2419730921175,0.35227380112499995
eighth_synthetic,CHEMBL1941,35804,1,0.2,6.0,23,23,0,9,4,5,3,3,0.2508067174376316,0.3504121682957901
eighth_synthetic,CHEMBL1941,35804,1,0.3,4.0,23,23,0,8,4,4,3,3,0.25038682493077324,0.36725832452948615
eighth_synthetic,CHEMBL1941,35804,1,0.3,6.0,23,23,0,9,4,5,3,3,0.29748315680232573,0.4065270954876547
eighth_synthetic,CHEMBL1941,35804,2,0.2,4.0,23,23,0,8,4,4,3,3,0.2419730921175,0.35227380112499995
eighth_synthetic,CHEMBL1941,35804,2,0.2,6.0,23,23,0,9,4,5,3,3,0.2508067174376316,0.3504121682957901
eighth_synthetic,CHEMBL1941,35804,2,0.3,4.0,23,23,0,8,4,4,3,3,0.25038682493077324,0.36725832452948615
eighth_synthetic,CHEMBL1941,35804,2,0.3,6.0,23,23,0,9,4,5,3,3,0.29748315680232573,0.4065270954876547
eighth_synthetic,CHEMBL1941,35804,3,0.2,4.0,23,23,0,8,4,4,3,3,0.2419730921175,0.35227380112499995
eighth_synthetic,CHEMBL1941,35804,3,0.2,6.0,23,23,0,9,4,5,3,3,0.2508067174376316,0.3504121682957901
eighth_synthetic,CHEMBL1941,35804,3,0.3,4.0,23,23,0,8,4,4,3,3,0.25038682493077324,0.36725832452948615
eighth_synthetic,CHEMBL1941,35804,3,0.3,6.0,23,23,0,9,4,5,3,3,0.29748315680232573,0.4065270954876547
eighth_synthetic,CHEMBL1941,35804,4,0.2,4.0,23,23,0,8,4,4,3,3,0.25033438496827326,0.36725832452948615
eighth_synthetic,CHEMBL1941,35804,4,0.2,6.0,23,23,0,8,4,4,3,3,0.29443164644028086,0.41540309421584776
eighth_synthetic,CHEMBL1941,35804,4,0.3,4.0,23,23,0,8,4,4,3,3,0.2419730921175,0.35227380112499995
eighth_synthetic,CHEMBL1941,35804,4,0.3,6.0,23,23,0,10,4,6,3,3,0.29854624680088837,0.4001386643498342
eighth_synthetic,CHEMBL1941,35804,5,0.2,4.0,23,23,0,8,4,4,3,3,0.2419730921175,0.35227380112499995
eighth_synthetic,CHEMBL1941,35804,5,0.2,6.0,23,23,0,9,4,5,3,3,0.2508067174376316,0.3504121682957901
eighth_synthetic,CHEMBL1941,35804,5,0.3,4.0,23,23,0,8,4,4,3,3,0.25038682493077324,0.36725832452948615
eighth_synthetic,CHEMBL1941,35804,5,0.3,6.0,23,23,0,9,4,5,3,3,0.29748315680232573,0.4065270954876547
eighth_synthetic,CHEMBL1941,35804,6,0.2,4.0,23,23,0,8,4,4,3,3,0.2419730921175,0.35227380112499995
eighth_synthetic,CHEMBL1941,35804,6,0.2,6.0,23,23,0,9,4,5,3,3,0.2508067174376316,0.3504121682957901
eighth_synthetic,CHEMBL1941,35804,6,0.3,4.0,23,23,0,8,4,4,3,3,0.25038682493077324,0.36725832452948615
eighth_synthetic,CHEMBL1941,35804,6,0.3,6.0,23,23,0,9,4,5,3,3,0.29748315680232573,0.4065270954876547
eighth_synthetic,CHEMBL1941,35804,7,0.2,4.0,23,23,0,8,4,4,3,3,0.24192065215500003,0.35227380112499995
eighth_synthetic,CHEMBL1941,35804,7,0.2,6.0,23,23,0,9,4,5,3,3,0.29595191425668876,0.40731861531513675
eighth_synthetic,CHEMBL1941,35804,7,0.3,4.0,23,23,0,8,4,4,3,3,0.2419730921175,0.35227380112499995
eighth_synthetic,CHEMBL1941,35804,7,0.3,6.0,23,23,0,10,4,6,3,3,0.29854624680088837,0.4001386643498342
eighth_synthetic,CHEMBL1941,35804,8,0.2,4.0,23,23,0,8,4,4,3,3,0.2419730921175,0.35227380112499995
eighth_synthetic,CHEMBL1941,35804,8,0.2,6.0,23,23,0,9,4,5,3,3,0.2508067174376316,0.3504121682957901
eighth_synthetic,CHEMBL1941,35804,8,0.3,4.0,23,23,0,8,4,4,3,3,0.2419730921175,0.35227380112499995
eighth_synthetic,CHEMBL1941,35804,8,0.3,6.0,23,23,0,10,4,6,3,3,0.29854624680088837,0.4001386643498342
eighth_synthetic,CHEMBL1941,35804,9,0.2,4.0,23,23,0,8,4,4,3,3,0.2419730921175,0.35227380112499995
eighth_synthetic,CHEMBL1941,35804,9,0.2,6.0,23,23,0,9,4,5,3,3,0.2508067174376316,0.3504121682957901
eighth_synthetic,CHEMBL1941,35804,9,0.3,4.0,23,23,0,8,4,4,3,3,0.25038682493077324,0.36725832452948615
eighth_synthetic,CHEMBL1941,35804,9,0.3,6.0,23,23,0,9,4,5,3,3,0.29748315680232573,0.4065270954876547
eighth_synthetic,CHEMBL1942,35804,0,0.2,4.0,22,22,0,5,0,5,3,3,0.6642653518824146,0.7088315026067262
eighth_synthetic,CHEMBL1942,35804,0,0.2,6.0,22,22,0,4,0,4,3,3,0.6810051625,0.7083529380000001
eighth_synthetic,CHEMBL1942,35804,0,0.3,4.0,22,22,0,6,0,6,3,3,0.7762845693684981,0.7970095560864952
eighth_synthetic,CHEMBL1942,35804,0,0.3,6.0,22,22,0,6,0,6,3,3,0.7857852425134332,0.8043749786733727
eighth_synthetic,CHEMBL1942,35804,1,0.2,4.0,22,22,0,5,1,4,3,3,0.7414786001556275,0.7652049587129142
eighth_synthetic,CHEMBL1942,35804,1,0.2,6.0,22,22,0,5,1,4,3,3,0.7443475033999858,0.7671028035020335
eighth_synthetic,CHEMBL1942,35804,1,0.3,4.0,22,22,0,5,0,5,3,3,0.8367104400814525,0.884470254208647
eighth_synthetic,CHEMBL1942,35804,1,0.3,6.0,22,22,0,4,0,4,3,3,0.9260476617499822,0.9504105283775419
eighth_synthetic,CHEMBL1942,35804,2,0.2,4.0,22,22,0,6,0,6,3,3,0.7762845693684981,0.7970095560864952
eighth_synthetic,CHEMBL1942,35804,2,0.2,6.0,22,22,0,6,0,6,3,3,0.7857852425134332,0.8043749786733727
eighth_synthetic,CHEMBL1942,35804,2,0.3,4.0,22,22,0,6,0,6,3,3,0.7968097183032227,0.8555161720128109
eighth_synthetic,CHEMBL1942,35804,2,0.3,6.0,22,22,0,4,0,4,3,3,0.9260476617499822,0.9504105283775419
eighth_synthetic,CHEMBL1942,35804,3,0.2,4.0,22,22,0,5,0,5,3,3,0.8367104400814525,0.884470254208647
eighth_synthetic,CHEMBL1942,35804,3,0.2,6.0,22,22,0,4,0,4,3,3,0.9260476617499822,0.9504105283775419
eighth_synthetic,CHEMBL1942,35804,3,0.3,4.0,22,22,0,5,0,5,3,3,0.7594971918082396,0.8288175985024591
eighth_synthetic,CHEMBL1942,35804,3,0.3,6.0,22,22,0,4,0,4,3,3,0.9242323910018804,0.9489739353551984
eighth_synthetic,CHEMBL1942,35804,4,0.2,4.0,22,22,0,5,1,4,3,3,0.7414786001556275,0.7652049587129142
eighth_synthetic,CHEMBL1942,35804,4,0.2,6.0,22,22,0,5,1,4,3,3,0.7443475033999858,0.7671028035020335
eighth_synthetic,CHEMBL1942,35804,4,0.3,4.0,22,22,0,6,1,5,3,3,0.7119401958074874,0.7512330099980051
eighth_synthetic,CHEMBL1942,35804,4,0.3,6.0,22,22,0,5,1,4,3,3,0.7433989176161341,0.7662711221060138
eighth_synthetic,CHEMBL1942,35804,5,0.2,4.0,22,22,0,5,1,4,3,3,0.646692707525825,0.6934428270957328
eighth_synthetic,CHEMBL1942,35804,5,0.2,6.0,22,22,0,4,1,3,3,3,0.684939367,0.7092539385000001
eighth_synthetic,CHEMBL1942,35804,5,0.3,4.0,22,22,0,4,0,4,3,3,0.8000449624072812,0.858335557869666
eighth_synthetic,CHEMBL1942,35804,5,0.3,6.0,22,22,0,4,0,4,3,3,0.9242323910018804,0.9489739353551984
eighth_synthetic,CHEMBL1942,35804,6,0.2,4.0,22,22,0,5,1,4,3,3,0.6642653518824146,0.7095523030067262
eighth_synthetic,CHEMBL1942,35804,6,0.2,6.0,22,22,0,4,1,3,3,3,0.6810051625,0.7092539385000001
eighth_synthetic,CHEMBL1942,35804,6,0.3,4.0,22,22,0,4,0,4,3,3,0.8000449624072812,0.858335557869666
eighth_synthetic,CHEMBL1942,35804,6,0.3,6.0,22,22,0,4,0,4,3,3,0.9242323910018804,0.9489739353551984
eighth_synthetic,CHEMBL1942,35804,7,0.2,4.0,22,22,0,5,1,4,3,3,0.7414786001556275,0.7652049587129142
eighth_synthetic,CHEMBL1942,35804,7,0.2,6.0,22,22,0,5,1,4,3,3,0.7443475033999858,0.7671028035020335
eighth_synthetic,CHEMBL1942,35804,7,0.3,4.0,22,22,0,6,0,6,3,3,0.7174498516983686,0.7555277587663669
eighth_synthetic,CHEMBL1942,35804,7,0.3,6.0,22,22,0,5,0,5,3,3,0.7443475033999858,0.7663820031020335
eighth_synthetic,CHEMBL1942,35804,8,0.2,4.0,22,22,0,5,0,5,3,3,0.7348670130865701,0.75860965939088
eighth_synthetic,CHEMBL1942,35804,8,0.2,6.0,22,22,0,6,0,6,3,3,0.7845750620146986,0.8034172499918103
eighth_synthetic,CHEMBL1942,35804,8,0.3,4.0,22,22,0,5,0,5,3,3,0.7348670130865701,0.75860965939088
eighth_synthetic,CHEMBL1942,35804,8,0.3,6.0,22,22,0,6,0,6,3,3,0.7845750620146986,0.8034172499918103
eighth_synthetic,CHEMBL1942,35804,9,0.2,4.0,22,22,0,5,0,5,3,3,0.830098853012395,0.8785957552866128
eighth_synthetic,CHEMBL1942,35804,9,0.2,6.0,22,22,0,4,0,4,3,3,0.9248619295201677,0.9493709266325172
eighth_synthetic,CHEMBL1942,35804,9,0.3,4.0,22,22,0,6,0,6,3,3,0.7174498516983686,0.7555277587663669
eighth_synthetic,CHEMBL1942,35804,9,0.3,6.0,22,22,0,5,0,5,3,3,0.7443475033999858,0.7663820031020335
eighth_synthetic,CHEMBL1951,35804,0,0.2,4.0,13,17,4,20,7,13,8,4,0.5537942661014179,0.8361446396812662
eighth_synthetic,CHEMBL1951,35804,0,0.2,6.0,13,19,6,20,11,9,10,4,0.4578624778223925,0.8960076385867183
eighth_synthetic,CHEMBL1951,35804,0,0.3,4.0,13,16,3,21,8,13,7,4,0.5683127789768898,0.9210830522221591
eighth_synthetic,CHEMBL1951,35804,0,0.3,6.0,13,18,5,24,16,8,9,4,0.4183698862154331,0.966242966190396
eighth_synthetic,CHEMBL1951,35804,1,0.2,4.0,15,17,2,19,6,13,7,5,0.5621830376111029,0.8679822088361606
eighth_synthetic,CHEMBL1951,35804,1,0.2,6.0,15,19,4,20,12,8,9,5,0.42699194495851966,0.9128823926935142
eighth_synthetic,CHEMBL1951,35804,1,0.3,4.0,14,17,3,21,11,10,7,4,0.49949594010088444,0.91385727313617
eighth_synthetic,CHEMBL1951,35804,1,0.3,6.0,14,18,4,24,18,6,8,4,0.38987903454876643,0.9501733482830326
eighth_synthetic,CHEMBL1951,35804,2,0.2,4.0,15,17,2,19,8,11,7,5,0.5410569069893733,0.882561944830776
eighth_synthetic,CHEMBL1951,35804,2,0.2,6.0,15,18,3,19,13,6,8,5,0.4003285142105263,0.9198448277387953
eighth_synthetic,CHEMBL1951,35804,2,0.3,4.0,12,17,5,23,11,12,8,3,0.48880611094752185,0.8855624501596202
eighth_synthetic,CHEMBL1951,35804,2,0.3,6.0,12,18,6,24,15,9,9,3,0.4253398837175937,0.9280684059760187
eighth_synthetic,CHEMBL1951,35804,3,0.2,4.0,15,17,2,18,7,11,7,5,0.5323857680576671,0.8501502082130541
eighth_synthetic,CHEMBL1951,35804,3,0.2,6.0,15,19,4,20,12,8,9,5,0.43665701545851976,0.9077212185231103
eighth_synthetic,CHEMBL1951,35804,3,0.3,4.0,14,16,2,23,8,15,6,4,0.5850459731246876,0.8840930022572969
eighth_synthetic,CHEMBL1951,35804,3,0.3,6.0,14,18,4,23,16,7,8,4,0.4194580604370371,0.9570365549860081
eighth_synthetic,CHEMBL1951,35804,4,0.2,4.0,13,18,5,20,9,11,9,4,0.5197054417604472,0.8479283357218129
eighth_synthetic,CHEMBL1951,35804,4,0.2,6.0,13,18,5,20,12,8,9,4,0.42880937395851965,0.8813806303978288
eighth_synthetic,CHEMBL1951,35804,4,0.3,4.0,13,17,4,23,11,12,8,4,0.508856452285096,0.8919641443383246
eighth_synthetic,CHEMBL1951,35804,4,0.3,6.0,13,17,4,24,17,7,8,4,0.3957952833354939,0.9345186262784644
eighth_synthetic,CHEMBL1951,35804,5,0.2,4.0,13,16,3,19,9,10,7,4,0.50738450686371,0.8353185242812
eighth_synthetic,CHEMBL1951,35804,5,0.2,6.0,13,17,4,20,14,6,8,4,0.3900044975,0.8822222935982479
eighth_synthetic,CHEMBL1951,35804,5,0.3,4.0,12,20,8,23,10,13,11,3,0.5094169594755705,0.921743037771151
eighth_synthetic,CHEMBL1951,35804,5,0.3,6.0,12,20,8,23,13,10,11,3,0.43554514474879336,0.9595168637797306
eighth_synthetic,CHEMBL1951,35804,6,0.2,4.0,14,19,5,21,11,10,9,4,0.4803609316768217,0.8308691793600952
eighth_synthetic,CHEMBL1951,35804,6,0.2,6.0,14,19,5,21,14,7,9,4,0.41088124710335205,0.8671103665152794
eighth_synthetic,CHEMBL1951,35804,6,0.3,4.0,12,17,5,23,9,14,8,3,0.5339247487601739,0.9079947869772765
eighth_synthetic,CHEMBL1951,35804,6,0.3,6.0,12,18,6,23,15,8,9,3,0.39950834956747194,0.9526929459558966
eighth_synthetic,CHEMBL1951,35804,7,0.2,4.0,14,18,4,17,9,8,8,4,0.48151928560844093,0.8945251822968047
eighth_synthetic,CHEMBL1951,35804,7,0.2,6.0,14,19,5,19,12,7,9,4,0.4147152921079923,0.9300032956381542
eighth_synthetic,CHEMBL1951,35804,7,0.3,4.0,13,17,4,21,7,14,7,3,0.5449676708223342,0.8829445923343819
eighth_synthetic,CHEMBL1951,35804,7,0.3,6.0,13,18,5,22,12,10,8,3,0.45785227616446567,0.9658345834263001
eighth_synthetic,CHEMBL1951,35804,8,0.2,4.0,16,18,2,20,12,8,8,6,0.48357243746099315,0.8712900335909503
eighth_synthetic,CHEMBL1951,35804,8,0.2,6.0,16,18,2,21,15,6,8,6,0.42385324091287596,0.9108048677416407
eighth_synthetic,CHEMBL1951,35804,8,0.3,4.0,13,18,5,19,7,12,9,4,0.5471298864680546,0.9244439955096609
eighth_synthetic,CHEMBL1951,35804,8,0.3,6.0,13,20,7,23,14,9,11,4,0.4381977786979067,0.963878440744149
eighth_synthetic,CHEMBL1951,35804,9,0.2,4.0,15,17,2,18,7,11,7,5,0.5125287261000494,0.854545095248432
eighth_synthetic,CHEMBL1951,35804,9,0.2,6.0,15,19,4,20,12,8,9,5,0.42039151500259264,0.9091645533597841
eighth_synthetic,CHEMBL1951,35804,9,0.3,4.0,14,16,2,21,8,13,7,5,0.5645546380316981,0.9207378046450575
eighth_synthetic,CHEMBL1951,35804,9,0.3,6.0,14,18,4,24,17,7,9,5,0.4014627558333333,0.9579484282225982
eighth_synthetic,CHEMBL1955,35804,0,0.2,4.0,34,35,1,10,2,8,8,7,0.8905739864027685,0.9429272814006738
eighth_synthetic,CHEMBL1955,35804,0,0.2,6.0,34,36,2,10,2,8,9,7,0.8266500800000001,0.9437091470527814
eighth_synthetic,CHEMBL1955,35804,0,0.3,4.0,34,35,1,11,2,9,8,7,0.8991047744471653,0.9478182584758642
eighth_synthetic,CHEMBL1955,35804,0,0.3,6.0,34,36,2,11,2,9,9,7,0.8422147692805063,0.9487861273721966
eighth_synthetic,CHEMBL1955,35804,1,0.2,4.0,34,35,1,10,1,9,8,7,0.9253827120072394,0.9424850670972906
eighth_synthetic,CHEMBL1955,35804,1,0.2,6.0,34,36,2,10,1,9,9,7,0.8650385843438185,0.9436489833814434
eighth_synthetic,CHEMBL1955,35804,1,0.3,4.0,33,34,1,10,1,9,8,7,0.9283148658918818,0.9426833424008555
eighth_synthetic,CHEMBL1955,35804,1,0.3,6.0,33,35,2,10,1,9,9,7,0.8657358602085571,0.9436760159824409
eighth_synthetic,CHEMBL1955,35804,2,0.2,4.0,34,35,1,9,2,7,8,7,0.8828652633333334,0.9374991054695501
eighth_synthetic,CHEMBL1955,35804,2,0.2,6.0,34,36,2,9,2,7,8,6,0.8828652633333334,0.9763924775366412
eighth_synthetic,CHEMBL1955,35804,2,0.3,4.0,34,35,1,10,1,9,8,7,0.9279884018918818,0.9426833424008555
eighth_synthetic,CHEMBL1955,35804,2,0.3,6.0,34,36,2,11,2,9,9,7,0.8422147692805063,0.9487373478531299
eighth_synthetic,CHEMBL1955,35804,3,0.2,4.0,34,35,1,10,1,9,8,7,0.9279884018918818,0.9426833424008555
eighth_synthetic,CHEMBL1955,35804,3,0.2,6.0,34,36,2,10,1,9,9,7,0.8654093962085572,0.9436760159824409
eighth_synthetic,CHEMBL1955,35804,3,0.3,4.0,34,35,1,11,1,10,8,7,0.9307490704512298,0.9474162454727886
eighth_synthetic,CHEMBL1955,35804,3,0.3,6.0,34,36,2,11,1,10,9,7,0.8771134095930687,0.9487314331255257
eighth_synthetic,CHEMBL1955,35804,4,0.2,4.0,34,35,1,10,1,9,8,7,0.9253827120072394,0.9424850670972906
eighth_synthetic,CHEMBL1955,35804,4,0.2,6.0,34,36,2,10,1,9,9,7,0.8650385843438185,0.9436489833814434
eighth_synthetic,CHEMBL1955,35804,4,0.3,4.0,34,35,1,11,2,9,8,7,0.8967359654611268,0.9476380081998962
eighth_synthetic,CHEMBL1955,35804,4,0.3,6.0,34,36,2,11,2,9,9,7,0.8418776675852894,0.9487615522803807
eighth_synthetic,CHEMBL1955,35804,5,0.2,4.0,34,35,1,10,1,9,8,7,0.9253827120072394,0.9424850670972906
eighth_synthetic,CHEMBL1955,35804,5,0.2,6.0,34,36,2,10,1,9,9,7,0.8650385843438185,0.9436489833814434
eighth_synthetic,CHEMBL1955,35804,5,0.3,4.0,34,35,1,10,1,9,8,7,0.9253827120072394,0.9424850670972906
eighth_synthetic,CHEMBL1955,35804,5,0.3,6.0,34,36,2,11,2,9,9,7,0.8418776675852894,0.9487127727613136
eighth_synthetic,CHEMBL1955,35804,6,0.2,4.0,33,34,1,8,1,7,8,7,0.9173479387500001,0.9297905662499999
eighth_synthetic,CHEMBL1955,35804,6,0.2,6.0,33,35,2,9,2,7,9,7,0.8833877522222222,0.9375194662844465
eighth_synthetic,CHEMBL1955,35804,6,0.3,4.0,34,35,1,11,2,9,8,7,0.8991047744471653,0.9478182584758642
eighth_synthetic,CHEMBL1955,35804,6,0.3,6.0,34,36,2,11,2,9,9,7,0.8422147692805063,0.9487861273721966
eighth_synthetic,CHEMBL1955,35804,7,0.2,4.0,34,35,1,10,2,8,8,7,0.8905739864027685,0.9429272814006738
eighth_synthetic,CHEMBL1955,35804,7,0.2,6.0,34,36,2,10,2,8,9,7,0.8266500800000001,0.9437091470527814
eighth_synthetic,CHEMBL1955,35804,7,0.3,4.0,33,34,1,9,1,8,8,7,0.9220817782252984,0.9366783771978652
eighth_synthetic,CHEMBL1955,35804,7,0.3,6.0,33,36,3,10,2,8,10,7,0.82712032,0.943655489581808
eighth_synthetic,CHEMBL1955,35804,8,0.2,4.0,33,34,1,9,1,8,8,7,0.9220817782252984,0.9366783771978652
eighth_synthetic,CHEMBL1955,35804,8,0.2,6.0,33,35,2,9,1,8,9,7,0.8510552155555556,0.937467136584229
eighth_synthetic,CHEMBL1955,35804,8,0.3,4.0,33,34,1,9,1,8,8,7,0.9219043628938568,0.9370077562435688
eighth_synthetic,CHEMBL1955,35804,8,0.3,6.0,33,35,2,10,2,8,9,7,0.8944643313438185,0.9436960801116389
eighth_synthetic,CHEMBL1955,35804,9,0.2,4.0,34,35,1,9,2,7,8,7,0.8828652633333334,0.9374991054695501
eighth_synthetic,CHEMBL1955,35804,9,0.2,6.0,34,36,2,9,2,7,8,6,0.8828652633333334,0.9763924775366412
eighth_synthetic,CHEMBL1955,35804,9,0.3,4.0,33,34,1,10,1,9,8,7,0.9283148658918818,0.9426833424008555
eighth_synthetic,CHEMBL1955,35804,9,0.3,6.0,33,35,2,10,1,9,9,7,0.8657358602085571,0.9436760159824409
eighth_synthetic,CHEMBL1957,35804,0,0.2,4.0,48,50,2,17,9,8,17,15,0.9745754929411765,0.99384974
eighth_synthetic,CHEMBL1957,35804,0,0.2,6.0,47,50,3,18,10,8,18,15,0.9749768355555557,0.993520883635906
eighth_synthetic,CHEMBL1957,35804,0,0.3,4.0,48,49,1,18,9,9,17,16,0.9754194523769016,0.9944123848060179
eighth_synthetic,CHEMBL1957,35804,0,0.3,6.0,47,49,2,19,10,9,18,16,0.9762203030709985,0.9940827559022724
eighth_synthetic,CHEMBL1957,35804,1,0.2,4.0,48,50,2,17,9,8,17,15,0.9745754929411765,0.99384974
eighth_synthetic,CHEMBL1957,35804,1,0.2,6.0,48,50,2,17,9,8,17,15,0.9745754929411765,0.99384974
eighth_synthetic,CHEMBL1957,35804,1,0.3,4.0,48,50,2,17,9,8,17,15,0.9745754929411765,0.99384974
eighth_synthetic,CHEMBL1957,35804,1,0.3,6.0,47,49,2,19,11,8,18,16,0.9745656877394255,0.9933661139708582
eighth_synthetic,CHEMBL1957,35804,2,0.2,4.0,48,50,2,17,9,8,17,15,0.9745754929411765,0.99384974
eighth_synthetic,CHEMBL1957,35804,2,0.2,6.0,47,50,3,18,10,8,18,15,0.9749768355555557,0.993520883635906
eighth_synthetic,CHEMBL1957,35804,2,0.3,4.0,48,49,1,18,9,9,17,16,0.9754194523769016,0.9944123848060179
eighth_synthetic,CHEMBL1957,35804,2,0.3,6.0,48,49,1,18,9,9,17,16,0.975910338797165,0.9944245575942704
eighth_synthetic,CHEMBL1957,35804,3,0.2,4.0,48,50,2,17,9,8,17,15,0.9745754929411765,0.99384974
eighth_synthetic,CHEMBL1957,35804,3,0.2,6.0,47,50,3,18,10,8,18,15,0.9749768355555557,0.993520883635906
eighth_synthetic,CHEMBL1957,35804,3,0.3,4.0,48,49,1,18,9,9,17,16,0.9754194523769016,0.9944123848060179
eighth_synthetic,CHEMBL1957,35804,3,0.3,6.0,47,48,1,19,11,8,17,16,0.9753155413367398,0.9940827559022724
eighth_synthetic,CHEMBL1957,35804,4,0.2,4.0,48,50,2,17,9,8,17,15,0.9745754929411765,0.99384974
eighth_synthetic,CHEMBL1957,35804,4,0.2,6.0,47,50,3,18,10,8,18,15,0.9749768355555557,0.993520883635906
eighth_synthetic,CHEMBL1957,35804,4,0.3,4.0,48,50,2,17,9,8,17,15,0.9745754929411765,0.99384974
eighth_synthetic,CHEMBL1957,35804,4,0.3,6.0,47,50,3,18,10,8,18,15,0.9749768355555557,0.993520883635906
eighth_synthetic,CHEMBL1957,35804,5,0.2,4.0,47,49,2,19,10,9,18,16,0.9757047888014142,0.9934758631528718
eighth_synthetic,CHEMBL1957,35804,5,0.2,6.0,47,50,3,18,10,8,18,15,0.9749768355555557,0.9941156981003915
eighth_synthetic,CHEMBL1957,35804,5,0.3,4.0,48,49,1,18,9,9,17,16,0.9754194523769016,0.9944123848060179
eighth_synthetic,CHEMBL1957,35804,5,0.3,6.0,47,49,2,19,10,9,18,16,0.9762203030709985,0.9940827559022724
eighth_synthetic,CHEMBL1957,35804,6,0.2,4.0,48,50,2,17,9,8,17,15,0.9745754929411765,0.99384974
eighth_synthetic,CHEMBL1957,35804,6,0.2,6.0,48,50,2,17,9,8,17,15,0.9745754929411765,0.99384974
eighth_synthetic,CHEMBL1957,35804,6,0.3,4.0,48,50,2,17,9,8,17,15,0.9745754929411765,0.99384974
eighth_synthetic,CHEMBL1957,35804,6,0.3,6.0,47,50,3,18,10,8,18,15,0.9749768355555557,0.993520883635906
eighth_synthetic,CHEMBL1957,35804,7,0.2,4.0,47,49,2,19,10,9,18,16,0.9757047888014142,0.9934758631528718
eighth_synthetic,CHEMBL1957,35804,7,0.2,6.0,46,50,4,19,11,8,19,15,0.9753464494736843,0.9937901521712289
eighth_synthetic,CHEMBL1957,35804,7,0.3,4.0,47,48,1,19,10,9,17,16,0.9759895921058472,0.9941809729690995
eighth_synthetic,CHEMBL1957,35804,7,0.3,6.0,47,49,2,19,10,9,18,16,0.9762203030709985,0.9946462643423113
eighth_synthetic,CHEMBL1957,35804,8,0.2,4.0,48,49,1,18,9,9,17,16,0.9754194523769016,0.9944123848060179
eighth_synthetic,CHEMBL1957,35804,8,0.2,6.0,48,49,1,18,9,9,17,16,0.975910338797165,0.9944245575942704
eighth_synthetic,CHEMBL1957,35804,8,0.3,4.0,47,48,1,19,10,9,17,16,0.9759895921058472,0.9941809729690995
eighth_synthetic,CHEMBL1957,35804,8,0.3,6.0,46,49,3,20,11,9,19,16,0.9765092629174486,0.9943104673975108
eighth_synthetic,CHEMBL1957,35804,9,0.2,4.0,48,50,2,17,9,8,17,15,0.9745754929411765,0.99384974
eighth_synthetic,CHEMBL1957,35804,9,0.2,6.0,48,50,2,17,9,8,17,15,0.9745754929411765,0.99384974
eighth_synthetic,CHEMBL1957,35804,9,0.3,4.0,48,49,1,18,9,9,17,16,0.9754194523769016,0.9944123848060179
eighth_synthetic,CHEMBL1957,35804,9,0.3,6.0,47,49,2,19,10,9,18,16,0.9762203030709985,0.9940827559022724
eighth_synthetic,CHEMBL1824,35805,0,0.2,4.0,47,49,2,16,16,0,16,14,0.9098488206249999,0.9732488434551733
eighth_synthetic,CHEMBL1824,35805,0,0.2,6.0,45,49,4,17,17,0,17,13,0.9113896723529411,0.9764063966561833
eighth_synthetic,CHEMBL1824,35805,0,0.3,4.0,48,49,1,15,15,0,15,14,0.9081096286666667,0.973615598894968
eighth_synthetic,CHEMBL1824,35805,0,0.3,6.0,45,49,4,17,17,0,17,13,0.9113896723529411,0.9752736863109323
eighth_synthetic,CHEMBL1824,35805,1,0.2,4.0,48,49,1,15,15,0,15,14,0.9081096286666667,0.9732502679864441
eighth_synthetic,CHEMBL1824,35805,1,0.2,6.0,45,49,4,17,17,0,17,13,0.9113896723529411,0.9754968684083252
eighth_synthetic,CHEMBL1824,35805,1,0.3,4.0,48,49,1,15,15,0,15,14,0.9081096286666667,0.973615598894968
eighth_synthetic,CHEMBL1824,35805,1,0.3,6.0,44,49,5,18,18,0,18,13,0.913050896111111,0.9760630348703442
eighth_synthetic,CHEMBL1824,35805,2,0.2,4.0,49,49,0,15,15,0,15,15,0.9081096286666667,0.9697234906666666
eighth_synthetic,CHEMBL1824,35805,2,0.2,6.0,45,49,4,17,17,0,17,13,0.9113896723529411,0.9744407096425616
eighth_synthetic,CHEMBL1824,35805,2,0.3,4.0,46,49,3,17,17,0,17,14,0.9113896723529411,0.9749153901749262
eighth_synthetic,CHEMBL1824,35805,2,0.3,6.0,43,49,6,19,19,0,19,13,0.9145505205263158,0.9776549548916563
eighth_synthetic,CHEMBL1824,35805,3,0.2,4.0,48,49,1,15,15,0,15,14,0.9081096286666667,0.9718706514572167
eighth_synthetic,CHEMBL1824,35805,3,0.2,6.0,46,49,3,17,17,0,17,14,0.9113896723529411,0.9749448392778154
eighth_synthetic,CHEMBL1824,35805,3,0.3,4.0,47,49,2,16,16,0,16,14,0.9098488206249999,0.9744706216210055
eighth_synthetic,CHEMBL1824,35805,3,0.3,6.0,45,49,4,17,17,0,17,13,0.9113896723529411,0.9765682624097406
eighth_synthetic,CHEMBL1824,35805,4,0.2,4.0,47,49,2,16,16,0,16,14,0.9098488206249999,0.9732488434551733
eighth_synthetic,CHEMBL1824,35805,4,0.2,6.0,46,49,3,17,17,0,17,14,0.9113896723529411,0.975514903286794
eighth_synthetic,CHEMBL1824,35805,4,0.3,4.0,46,49,3,17,17,0,17,14,0.9113896723529411,0.9737654813129664
eighth_synthetic,CHEMBL1824,35805,4,0.3,6.0,43,49,6,19,19,0,19,13,0.9145505205263158,0.9777494525179089
eighth_synthetic,CHEMBL1824,35805,5,0.2,4.0,47,49,2,16,16,0,16,14,0.9098488206249999,0.974141604403886
eighth_synthetic,CHEMBL1824,35805,5,0.2,6.0,46,49,3,17,17,0,17,14,0.9113896723529411,0.9756337264760556
eighth_synthetic,CHEMBL1824,35805,5,0.3,4.0,48,49,1,15,15,0,15,14,0.9081096286666667,0.9732502679864441
eighth_synthetic,CHEMBL1824,35805,5,0.3,6.0,45,49,4,17,17,0,17,13,0.9113896723529411,0.9752293876607212
eighth_synthetic,CHEMBL1824,35805,6,0.2,4.0,49,49,0,15,15,0,15,15,0.9081096286666667,0.9697234906666666
eighth_synthetic,CHEMBL1824,35805,6,0.2,6.0,46,49,3,17,17,0,17,14,0.9113896723529411,0.9725145219522725
eighth_synthetic,CHEMBL1824,35805,6,0.3,4.0,48,49,1,15,15,0,15,14,0.9081096286666667,0.973615598894968
eighth_synthetic,CHEMBL1824,35805,6,0.3,6.0,45,49,4,17,17,0,17,13,0.9113896723529411,0.9756415851134035
eighth_synthetic,CHEMBL1824,35805,7,0.2,4.0,48,49,1,15,15,0,15,14,0.9081096286666667,0.973615598894968
eighth_synthetic,CHEMBL1824,35805,7,0.2,6.0,47,49,2,16,16,0,16,14,0.9098488206249999,0.9746561096064783
eighth_synthetic,CHEMBL1824,35805,7,0.3,4.0,48,49,1,15,15,0,15,14,0.9081096286666667,0.973615598894968
eighth_synthetic,CHEMBL1824,35805,7,0.3,6.0,45,49,4,17,17,0,17,13,0.9113896723529411,0.9765746375102878
eighth_synthetic,CHEMBL1824,35805,8,0.2,4.0,49,49,0,15,15,0,15,15,0.9081096286666667,0.9697234906666666
eighth_synthetic,CHEMBL1824,35805,8,0.2,6.0,46,49,3,17,17,0,17,14,0.9113896723529411,0.9723439192120319
eighth_synthetic,CHEMBL1824,35805,8,0.3,4.0,47,49,2,16,16,0,16,14,0.9098488206249999,0.9732488434551733
eighth_synthetic,CHEMBL1824,35805,8,0.3,6.0,44,49,5,18,18,0,18,13,0.913050896111111,0.978343998528199
eighth_synthetic,CHEMBL1824,35805,9,0.2,4.0,48,49,1,15,15,0,15,14,0.9081096286666667,0.9731738815007712
eighth_synthetic,CHEMBL1824,35805,9,0.2,6.0,45,49,4,17,17,0,17,13,0.9113896723529411,0.977543538705573
eighth_synthetic,CHEMBL1824,35805,9,0.3,4.0,46,49,3,17,17,0,17,14,0.9113896723529411,0.975286807451216
eighth_synthetic,CHEMBL1824,35805,9,0.3,6.0,44,49,5,18,18,0,18,13,0.913050896111111,0.9797419236075952
eighth_synthetic,CHEMBL1825,35805,0,0.2,4.0,48,47,-1,15,8,7,14,15,0.9819740886666666,0.9936887199999999
eighth_synthetic,CHEMBL1825,35805,0,0.2,6.0,48,47,-1,15,8,7,14,15,0.9819740886666666,0.9936887199999999
eighth_synthetic,CHEMBL1825,35805,0,0.3,4.0,47,47,0,15,8,7,14,14,0.9819740886666666,0.9943826386881603
eighth_synthetic,CHEMBL1825,35805,0,0.3,6.0,47,47,0,15,8,7,14,14,0.9819740886666666,0.9944318128102717
eighth_synthetic,CHEMBL1825,35805,1,0.2,4.0,48,47,-1,15,8,7,14,15,0.9819740886666666,0.9936887199999999
eighth_synthetic,CHEMBL1825,35805,1,0.2,6.0,48,47,-1,15,8,7,14,15,0.9819740886666666,0.9936887199999999
eighth_synthetic,CHEMBL1825,35805,1,0.3,4.0,47,47,0,15,8,7,14,14,0.9819740886666666,0.9943826386881603
eighth_synthetic,CHEMBL1825,35805,1,0.3,6.0,47,47,0,15,8,7,14,14,0.9819740886666666,0.9944318128102717
eighth_synthetic,CHEMBL1825,35805,2,0.2,4.0,48,47,-1,15,8,7,14,15,0.9819740886666666,0.9936887199999999
eighth_synthetic,CHEMBL1825,35805,2,0.2,6.0,48,47,-1,15,8,7,14,15,0.9819740886666666,0.9936887199999999
eighth_synthetic,CHEMBL1825,35805,2,0.3,4.0,47,47,0,15,8,7,14,14,0.9819740886666666,0.9943826386881603
eighth_synthetic,CHEMBL1825,35805,2,0.3,6.0,47,47,0,15,8,7,14,14,0.9819740886666666,0.9944318128102717
eighth_synthetic,CHEMBL1825,35805,3,0.2,4.0,48,47,-1,15,8,7,14,15,0.9819740886666666,0.9936887199999999
eighth_synthetic,CHEMBL1825,35805,3,0.2,6.0,48,47,-1,15,8,7,14,15,0.9819740886666666,0.9936887199999999
eighth_synthetic,CHEMBL1825,35805,3,0.3,4.0,47,47,0,15,8,7,14,14,0.9819740886666666,0.9943826386881603
eighth_synthetic,CHEMBL1825,35805,3,0.3,6.0,47,47,0,15,8,7,14,14,0.9819740886666666,0.9944318128102717
eighth_synthetic,CHEMBL1825,35805,4,0.2,4.0,48,47,-1,15,8,7,14,15,0.9819740886666666,0.9936887199999999
eighth_synthetic,CHEMBL1825,35805,4,0.2,6.0,48,47,-1,15,8,7,14,15,0.9819740886666666,0.9936887199999999
eighth_synthetic,CHEMBL1825,35805,4,0.3,4.0,48,47,-1,15,8,7,14,15,0.9819740886666666,0.9936887199999999
eighth_synthetic,CHEMBL1825,35805,4,0.3,6.0,48,47,-1,15,8,7,14,15,0.9819740886666666,0.9936887199999999
eighth_synthetic,CHEMBL1825,35805,5,0.2,4.0,48,47,-1,15,8,7,14,15,0.9819740886666666,0.9936887199999999
eighth_synthetic,CHEMBL1825,35805,5,0.2,6.0,48,47,-1,15,8,7,14,15,0.9819740886666666,0.9936887199999999
eighth_synthetic,CHEMBL1825,35805,5,0.3,4.0,48,47,-1,15,8,7,14,15,0.9819740886666666,0.9936887199999999
eighth_synthetic,CHEMBL1825,35805,5,0.3,6.0,48,47,-1,15,8,7,14,15,0.9819740886666666,0.9936887199999999
eighth_synthetic,CHEMBL1825,35805,6,0.2,4.0,47,47,0,15,8,7,14,14,0.9819740886666666,0.9943826386881603
eighth_synthetic,CHEMBL1825,35805,6,0.2,6.0,47,47,0,15,8,7,14,14,0.9819740886666666,0.9944318128102717
eighth_synthetic,CHEMBL1825,35805,6,0.3,4.0,47,47,0,15,8,7,14,14,0.9819740886666666,0.9943826386881603
eighth_synthetic,CHEMBL1825,35805,6,0.3,6.0,47,47,0,15,8,7,14,14,0.9819740886666666,0.9944318128102717
eighth_synthetic,CHEMBL1825,35805,7,0.2,4.0,48,47,-1,15,8,7,14,15,0.9819740886666666,0.9936887199999999
eighth_synthetic,CHEMBL1825,35805,7,0.2,6.0,48,47,-1,15,8,7,14,15,0.9819740886666666,0.9936887199999999
eighth_synthetic,CHEMBL1825,35805,7,0.3,4.0,47,47,0,15,8,7,14,14,0.9819740886666666,0.9943826386881603
eighth_synthetic,CHEMBL1825,35805,7,0.3,6.0,47,47,0,15,8,7,14,14,0.9819740886666666,0.9944318128102717
eighth_synthetic,CHEMBL1825,35805,8,0.2,4.0,47,47,0,15,8,7,14,14,0.9819740886666666,0.9943826386881603
eighth_synthetic,CHEMBL1825,35805,8,0.2,6.0,47,47,0,15,8,7,14,14,0.9819740886666666,0.9944318128102717
eighth_synthetic,CHEMBL1825,35805,8,0.3,4.0,47,47,0,15,8,7,14,14,0.9819740886666666,0.9943826386881603
eighth_synthetic,CHEMBL1825,35805,8,0.3,6.0,47,47,0,15,8,7,14,14,0.9819740886666666,0.9944318128102717
eighth_synthetic,CHEMBL1825,35805,9,0.2,4.0,47,47,0,15,8,7,14,14,0.9819740886666666,0.9943826386881603
eighth_synthetic,CHEMBL1825,35805,9,0.2,6.0,47,47,0,15,8,7,14,14,0.9819740886666666,0.9944318128102717
eighth_synthetic,CHEMBL1825,35805,9,0.3,4.0,47,47,0,15,8,7,14,14,0.9819740886666666,0.9943826386881603
eighth_synthetic,CHEMBL1825,35805,9,0.3,6.0,47,47,0,15,8,7,14,14,0.9819740886666666,0.9944318128102717
eighth_synthetic,CHEMBL1827,35805,0,0.2,4.0,50,50,0,16,15,1,16,16,0.9540854668750001,0.9849483000000001
eighth_synthetic,CHEMBL1827,35805,0,0.2,6.0,48,49,1,17,17,0,16,15,0.9557464413120383,0.9854650645072477
eighth_synthetic,CHEMBL1827,35805,0,0.3,4.0,49,50,1,17,16,1,17,16,0.9548647511764706,0.9855395744962804
eighth_synthetic,CHEMBL1827,35805,0,0.3,6.0,48,50,2,17,17,0,17,15,0.9548647511764706,0.9872199392063541
eighth_synthetic,CHEMBL1827,35805,1,0.2,4.0,49,50,1,17,16,1,17,16,0.9548647511764706,0.9855395744962804
eighth_synthetic,CHEMBL1827,35805,1,0.2,6.0,47,50,3,18,18,0,18,15,0.9556920961111113,0.987234450141917
eighth_synthetic,CHEMBL1827,35805,1,0.3,4.0,48,50,2,17,17,0,17,15,0.9548647511764706,0.9855716544022618
eighth_synthetic,CHEMBL1827,35805,1,0.3,6.0,46,50,4,19,19,0,19,15,0.9565462015789474,0.9875945614411588
eighth_synthetic,CHEMBL1827,35805,2,0.2,4.0,50,50,0,16,15,1,16,16,0.9540854668750001,0.9849483000000001
eighth_synthetic,CHEMBL1827,35805,2,0.2,6.0,48,50,2,17,17,0,17,15,0.9548647511764706,0.9854650645072477
eighth_synthetic,CHEMBL1827,35805,2,0.3,4.0,48,50,2,17,17,0,17,15,0.9548647511764706,0.9859223434070612
eighth_synthetic,CHEMBL1827,35805,2,0.3,6.0,47,49,2,18,18,0,17,15,0.9565248034613697,0.986795122624094
eighth_synthetic,CHEMBL1827,35805,3,0.2,4.0,50,50,0,16,15,1,16,16,0.9540854668750001,0.9849483000000001
eighth_synthetic,CHEMBL1827,35805,3,0.2,6.0,48,50,2,17,17,0,17,15,0.9548647511764706,0.9867261875326899
eighth_synthetic,CHEMBL1827,35805,3,0.3,4.0,49,50,1,17,16,1,17,16,0.9548647511764706,0.9855395744962804
eighth_synthetic,CHEMBL1827,35805,3,0.3,6.0,47,50,3,18,18,0,18,15,0.9556920961111113,0.9874258649368808
eighth_synthetic,CHEMBL1827,35805,4,0.2,4.0,50,50,0,16,15,1,16,16,0.9540854668750001,0.9849483000000001
eighth_synthetic,CHEMBL1827,35805,4,0.2,6.0,48,50,2,17,17,0,17,15,0.9548647511764706,0.9865235130439051
eighth_synthetic,CHEMBL1827,35805,4,0.3,4.0,48,50,2,17,17,0,17,15,0.9548647511764706,0.9859223434070612
eighth_synthetic,CHEMBL1827,35805,4,0.3,6.0,47,49,2,18,18,0,17,15,0.9565248034613697,0.9878115334045474
eighth_synthetic,CHEMBL1827,35805,5,0.2,4.0,49,50,1,17,16,1,17,16,0.9548647511764706,0.9855395744962804
eighth_synthetic,CHEMBL1827,35805,5,0.2,6.0,47,50,3,18,18,0,18,15,0.9556920961111113,0.9863134432799708
eighth_synthetic,CHEMBL1827,35805,5,0.3,4.0,48,50,2,17,17,0,17,15,0.9548647511764706,0.9859223434070612
eighth_synthetic,CHEMBL1827,35805,5,0.3,6.0,47,50,3,18,18,0,18,15,0.9556920961111113,0.9879427155783035
eighth_synthetic,CHEMBL1827,35805,6,0.2,4.0,49,50,1,17,16,1,17,16,0.9548647511764706,0.9855395744962804
eighth_synthetic,CHEMBL1827,35805,6,0.2,6.0,48,50,2,17,17,0,17,15,0.9548647511764706,0.9873065036180101
eighth_synthetic,CHEMBL1827,35805,6,0.3,4.0,49,50,1,17,16,1,17,16,0.9548647511764706,0.9855395744962804
eighth_synthetic,CHEMBL1827,35805,6,0.3,6.0,48,50,2,17,17,0,17,15,0.9548647511764706,0.9873065036180101
eighth_synthetic,CHEMBL1827,35805,7,0.2,4.0,49,50,1,17,16,1,17,16,0.9548647511764706,0.9843029042048985
eighth_synthetic,CHEMBL1827,35805,7,0.2,6.0,48,50,2,17,17,0,17,15,0.9548647511764706,0.9871345423808076
eighth_synthetic,CHEMBL1827,35805,7,0.3,4.0,49,50,1,17,16,1,17,16,0.9548647511764706,0.9855395744962804
eighth_synthetic,CHEMBL1827,35805,7,0.3,6.0,46,50,4,19,19,0,19,15,0.9565462015789474,0.9874417042339644
eighth_synthetic,CHEMBL1827,35805,8,0.2,4.0,48,50,2,17,17,0,17,15,0.9548647511764706,0.9859223434070612
eighth_synthetic,CHEMBL1827,35805,8,0.2,6.0,47,50,3,18,18,0,18,15,0.9556920961111113,0.9875081962314041
eighth_synthetic,CHEMBL1827,35805,8,0.3,4.0,49,50,1,17,16,1,17,16,0.9548647511764706,0.9855395744962804
eighth_synthetic,CHEMBL1827,35805,8,0.3,6.0,46,50,4,19,19,0,19,15,0.9565462015789474,0.9867661608165124
eighth_synthetic,CHEMBL1827,35805,9,0.2,4.0,48,50,2,17,17,0,17,15,0.9548647511764706,0.9855716544022618
eighth_synthetic,CHEMBL1827,35805,9,0.2,6.0,48,50,2,17,17,0,17,15,0.9548647511764706,0.9874454023902224
eighth_synthetic,CHEMBL1827,35805,9,0.3,4.0,48,50,2,17,17,0,17,15,0.9548647511764706,0.9855716544022618
eighth_synthetic,CHEMBL1827,35805,9,0.3,6.0,46,50,4,19,19,0,19,15,0.9565462015789474,0.9879723161595644
eighth_synthetic,CHEMBL1829,35805,0,0.2,4.0,42,46,4,15,13,2,14,10,0.8246031159999999,0.9467598880687821
eighth_synthetic,CHEMBL1829,35805,0,0.2,6.0,40,47,7,16,12,4,16,9,0.797380905,0.956086497595387
eighth_synthetic,CHEMBL1829,35805,0,0.3,4.0,41,45,4,15,13,2,13,9,0.8395910378873516,0.9503726313345665
eighth_synthetic,CHEMBL1829,35805,0,0.3,6.0,40,43,3,16,13,3,13,10,0.7935849475078856,0.9587653494557972
eighth_synthetic,CHEMBL1829,35805,1,0.2,4.0,41,46,5,14,13,1,13,8,0.8229433957142857,0.9538248478439424
eighth_synthetic,CHEMBL1829,35805,1,0.2,6.0,41,46,5,15,13,2,14,9,0.7912411282580772,0.9592819706212115
eighth_synthetic,CHEMBL1829,35805,1,0.3,4.0,40,45,5,16,14,2,14,9,0.8481798151912314,0.952911941975229
eighth_synthetic,CHEMBL1829,35805,1,0.3,6.0,40,45,5,17,14,3,14,9,0.8364550082566753,0.9651197772071152
eighth_synthetic,CHEMBL1829,35805,2,0.2,4.0,41,45,4,15,13,2,13,9,0.8319873440389796,0.9503256365058567
eighth_synthetic,CHEMBL1829,35805,2,0.2,6.0,41,46,5,15,13,2,14,9,0.8112744240996375,0.959323890709752
eighth_synthetic,CHEMBL1829,35805,2,0.3,4.0,40,44,4,15,13,2,13,9,0.8581033295373135,0.9545220715237563
eighth_synthetic,CHEMBL1829,35805,2,0.3,6.0,40,46,6,17,15,2,15,9,0.8197980725806564,0.9659131399312445
eighth_synthetic,CHEMBL1829,35805,3,0.2,4.0,42,45,3,15,12,3,13,10,0.8453867676473483,0.9455463998553915
eighth_synthetic,CHEMBL1829,35805,3,0.2,6.0,40,45,5,15,12,3,14,9,0.842724657598114,0.9581743700375923
eighth_synthetic,CHEMBL1829,35805,3,0.3,4.0,40,45,5,16,15,1,14,9,0.8276155113605399,0.9461909177588734
eighth_synthetic,CHEMBL1829,35805,3,0.3,6.0,39,45,6,19,15,4,16,10,0.8076358513403303,0.9587055980833018
eighth_synthetic,CHEMBL1829,35805,4,0.2,4.0,42,45,3,15,11,4,13,10,0.846848488400086,0.9346544408938675
eighth_synthetic,CHEMBL1829,35805,4,0.2,6.0,42,45,3,15,13,2,13,10,0.8136568755914105,0.9518551319761865
eighth_synthetic,CHEMBL1829,35805,4,0.3,4.0,41,45,4,15,13,2,13,9,0.8420511998794773,0.9510304621651697
eighth_synthetic,CHEMBL1829,35805,4,0.3,6.0,40,45,5,17,14,3,15,10,0.7930493971467389,0.9583974142977849
eighth_synthetic,CHEMBL1829,35805,5,0.2,4.0,42,45,3,14,11,3,13,10,0.8430862566471216,0.9369296388505787
eighth_synthetic,CHEMBL1829,35805,5,0.2,6.0,41,44,3,15,12,3,13,10,0.8301522845324587,0.9552633669128369
eighth_synthetic,CHEMBL1829,35805,5,0.3,4.0,40,45,5,17,15,2,14,9,0.8346115719377404,0.9501429899425086
eighth_synthetic,CHEMBL1829,35805,5,0.3,6.0,39,45,6,18,15,3,16,10,0.7983380861941423,0.9625370948288349
eighth_synthetic,CHEMBL1829,35805,6,0.2,4.0,41,45,4,15,12,3,13,9,0.846848488400086,0.9427741030393456
eighth_synthetic,CHEMBL1829,35805,6,0.2,6.0,41,45,4,15,14,1,13,9,0.8136714474329707,0.9582163576185914
eighth_synthetic,CHEMBL1829,35805,6,0.3,4.0,40,45,5,16,15,1,14,9,0.8305548118749999,0.9482953352581056
eighth_synthetic,CHEMBL1829,35805,6,0.3,6.0,40,45,5,17,15,2,14,9,0.8012249085509248,0.9633135030728472
eighth_synthetic,CHEMBL1829,35805,7,0.2,4.0,45,45,0,12,10,2,10,10,0.8120369268396802,0.9425769182019413
eighth_synthetic,CHEMBL1829,35805,7,0.2,6.0,43,43,0,13,11,2,11,11,0.8257925157973631,0.9439232309152106
eighth_synthetic,CHEMBL1829,35805,7,0.3,4.0,41,45,4,15,13,2,13,9,0.8420511998794773,0.950957054271011
eighth_synthetic,CHEMBL1829,35805,7,0.3,6.0,40,44,4,17,14,3,14,10,0.7958004025001626,0.9563653432971071
eighth_synthetic,CHEMBL1829,35805,8,0.2,4.0,41,44,3,14,11,3,12,9,0.8573857304286635,0.9432824344912165
eighth_synthetic,CHEMBL1829,35805,8,0.2,6.0,41,46,5,15,13,2,14,9,0.784372572,0.960393776508626
eighth_synthetic,CHEMBL1829,35805,8,0.3,4.0,41,45,4,14,12,2,13,9,0.8430862566471216,0.9447627650712997
eighth_synthetic,CHEMBL1829,35805,8,0.3,6.0,40,44,4,17,14,3,14,10,0.8364550082566753,0.9570754464137373
eighth_synthetic,CHEMBL1829,35805,9,0.2,4.0,41,44,3,14,12,2,12,9,0.8496098905935909,0.947202419067436
eighth_synthetic,CHEMBL1829,35805,9,0.2,6.0,40,45,5,15,12,3,14,9,0.8232058924328213,0.9588128743355198
eighth_synthetic,CHEMBL1829,35805,9,0.3,4.0,39,44,5,18,15,3,15,10,0.8615085931111828,0.9487321273568868
eighth_synthetic,CHEMBL1829,35805,9,0.3,6.0,38,47,9,18,15,3,17,8,0.8327225911111111,0.969849094910771
eighth_synthetic,CHEMBL1833,35805,0,0.2,4.0,37,40,3,15,4,11,12,9,0.7237068024987939,0.8728379567873128
eighth_synthetic,CHEMBL1833,35805,0,0.2,6.0,37,40,3,15,4,11,12,9,0.7275909917305142,0.8742309654515559
eighth_synthetic,CHEMBL1833,35805,0,0.3,4.0,37,39,2,15,5,10,11,9,0.7197823685102646,0.8713420541270334
eighth_synthetic,CHEMBL1833,35805,0,0.3,6.0,37,39,2,16,5,11,11,9,0.749686560661463,0.8814938650137495
eighth_synthetic,CHEMBL1833,35805,1,0.2,4.0,37,39,2,15,5,10,11,9,0.6964720906386513,0.8542375924213611
eighth_synthetic,CHEMBL1833,35805,1,0.2,6.0,37,39,2,15,5,10,11,9,0.7096592600257023,0.8565417275544676
eighth_synthetic,CHEMBL1833,35805,1,0.3,4.0,37,40,3,16,5,11,12,9,0.714239054244465,0.8740902650368519
eighth_synthetic,CHEMBL1833,35805,1,0.3,6.0,37,40,3,16,5,11,12,9,0.7208507465925836,0.8804141777389343
eighth_synthetic,CHEMBL1833,35805,2,0.2,4.0,37,41,4,14,4,10,13,9,0.6735249242857143,0.8636452563818279
eighth_synthetic,CHEMBL1833,35805,2,0.2,6.0,37,41,4,15,4,11,13,9,0.6947327713949285,0.8730131955404025
eighth_synthetic,CHEMBL1833,35805,2,0.3,4.0,36,38,2,16,5,11,10,8,0.7298328675485963,0.8811592829653118
eighth_synthetic,CHEMBL1833,35805,2,0.3,6.0,36,38,2,16,5,11,10,8,0.748841264727458,0.8868127185990025
eighth_synthetic,CHEMBL1833,35805,3,0.2,4.0,37,39,2,16,5,11,11,9,0.713120577904068,0.8611529455545426
eighth_synthetic,CHEMBL1833,35805,3,0.2,6.0,37,39,2,16,5,11,11,9,0.7274808767450499,0.8652015344344208
eighth_synthetic,CHEMBL1833,35805,3,0.3,4.0,37,39,2,15,5,10,11,9,0.7318345858321272,0.8728379567873128
eighth_synthetic,CHEMBL1833,35805,3,0.3,6.0,37,39,2,15,5,10,11,9,0.7357187750638476,0.8742309654515559
eighth_synthetic,CHEMBL1833,35805,4,0.2,4.0,38,38,0,15,5,10,10,10,0.7430257299909508,0.8558552859667485
eighth_synthetic,CHEMBL1833,35805,4,0.2,6.0,38,38,0,16,5,11,10,10,0.7626681936729931,0.8676865063116983
eighth_synthetic,CHEMBL1833,35805,4,0.3,4.0,37,40,3,14,5,9,12,9,0.6822332635714287,0.8636452563818279
eighth_synthetic,CHEMBL1833,35805,4,0.3,6.0,37,40,3,15,5,10,12,9,0.7028605547282619,0.8730131955404025
eighth_synthetic,CHEMBL1833,35805,5,0.2,4.0,37,40,3,14,4,10,12,9,0.7080915291481572,0.8645779667572329
eighth_synthetic,CHEMBL1833,35805,5,0.2,6.0,37,40,3,14,4,10,12,9,0.7087200485195674,0.8653599665421792
eighth_synthetic,CHEMBL1833,35805,5,0.3,4.0,36,38,2,14,5,9,10,8,0.700100111398555,0.8688296204514583
eighth_synthetic,CHEMBL1833,35805,5,0.3,6.0,36,38,2,14,5,9,10,8,0.7142292214561097,0.8712983366655009
eighth_synthetic,CHEMBL1833,35805,6,0.2,4.0,37,41,4,15,4,11,13,9,0.6928131217923545,0.8703944554598572
eighth_synthetic,CHEMBL1833,35805,6,0.2,6.0,37,41,4,15,4,11,13,9,0.6949436045023506,0.8731132755147848
eighth_synthetic,CHEMBL1833,35805,6,0.3,4.0,36,38,2,15,5,10,10,8,0.7156670167579887,0.8740047140157705
eighth_synthetic,CHEMBL1833,35805,6,0.3,6.0,36,38,2,15,5,10,10,8,0.7326450692637037,0.8793719031600805
eighth_synthetic,CHEMBL1833,35805,7,0.2,4.0,37,41,4,14,4,10,13,9,0.6735249242857143,0.8636452563818279
eighth_synthetic,CHEMBL1833,35805,7,0.2,6.0,37,41,4,14,4,10,13,9,0.6735249242857143,0.8644000353634322
eighth_synthetic,CHEMBL1833,35805,7,0.3,4.0,36,38,2,14,5,9,10,8,0.700100111398555,0.8688296204514583
eighth_synthetic,CHEMBL1833,35805,7,0.3,6.0,36,38,2,14,5,9,10,8,0.7142292214561097,0.8712983366655009
eighth_synthetic,CHEMBL1833,35805,8,0.2,4.0,37,39,2,15,5,10,11,9,0.7085666317414251,0.8530319490896049
eighth_synthetic,CHEMBL1833,35805,8,0.2,6.0,37,39,2,16,5,11,11,9,0.7293166211147029,0.8649426872108876
eighth_synthetic,CHEMBL1833,35805,8,0.3,4.0,37,38,1,15,5,10,10,9,0.73253155753378,0.8760802660139722
eighth_synthetic,CHEMBL1833,35805,8,0.3,6.0,37,38,1,15,5,10,10,9,0.7379236289631053,0.8814213163111304
eighth_synthetic,CHEMBL1833,35805,9,0.2,4.0,38,40,2,15,4,11,12,10,0.714474971843598,0.8733947682145828
eighth_synthetic,CHEMBL1833,35805,9,0.2,6.0,38,40,2,15,4,11,12,10,0.728248759310632,0.8760659434586014
eighth_synthetic,CHEMBL1833,35805,9,0.3,4.0,37,37,0,15,5,10,9,9,0.7507495679629353,0.8769279577870311
eighth_synthetic,CHEMBL1833,35805,9,0.3,6.0,37,37,0,16,5,11,9,9,0.7822722630720893,0.8892687357249169
eighth_synthetic,CHEMBL1836,35805,0,0.2,4.0,47,46,-1,14,2,12,13,14,0.7955334071428571,0.9160225942857144
eighth_synthetic,CHEMBL1836,35805,0,0.2,6.0,47,45,-2,15,2,13,12,14,0.805098273027568,0.9165556746891261
eighth_synthetic,CHEMBL1836,35805,0,0.3,4.0,47,46,-1,14,2,12,13,14,0.7955334071428571,0.9160225942857144
eighth_synthetic,CHEMBL1836,35805,0,0.3,6.0,46,45,-1,14,1,13,12,13,0.8137512182438229,0.9306915943097779
eighth_synthetic,CHEMBL1836,35805,1,0.2,4.0,47,46,-1,15,2,13,13,14,0.8033197744772029,0.909464164515056
eighth_synthetic,CHEMBL1836,35805,1,0.2,6.0,47,46,-1,15,2,13,13,14,0.8156381952635178,0.9196678507461058
eighth_synthetic,CHEMBL1836,35805,1,0.3,4.0,47,45,-2,16,2,14,12,14,0.8142293832050249,0.9083498763549009
eighth_synthetic,CHEMBL1836,35805,1,0.3,6.0,46,44,-2,15,2,13,11,13,0.8583290227531517,0.9373455477522598
eighth_synthetic,CHEMBL1836,35805,2,0.2,4.0,47,46,-1,14,2,12,13,14,0.80360936,0.9160225942857144
eighth_synthetic,CHEMBL1836,35805,2,0.2,6.0,47,45,-2,14,2,12,12,14,0.8121589214285713,0.9160225942857144
eighth_synthetic,CHEMBL1836,35805,2,0.3,4.0,47,46,-1,15,2,13,13,14,0.8100757209414902,0.9143967915968384
eighth_synthetic,CHEMBL1836,35805,2,0.3,6.0,46,45,-1,14,1,13,12,13,0.8289640101674648,0.934962983935165
eighth_synthetic,CHEMBL1836,35805,3,0.2,4.0,47,46,-1,14,2,12,13,14,0.7955334071428571,0.9160225942857144
eighth_synthetic,CHEMBL1836,35805,3,0.2,6.0,47,46,-1,14,2,12,13,14,0.8051245428571429,0.9160225942857144
eighth_synthetic,CHEMBL1836,35805,3,0.3,4.0,47,46,-1,16,3,13,13,14,0.802193303382647,0.9063525263370947
eighth_synthetic,CHEMBL1836,35805,3,0.3,6.0,46,44,-2,16,2,14,11,13,0.8406364297983573,0.9361187207584534
eighth_synthetic,CHEMBL1836,35805,4,0.2,4.0,47,46,-1,15,2,13,13,14,0.8086615502748234,0.9143967915968384
eighth_synthetic,CHEMBL1836,35805,4,0.2,6.0,47,45,-2,15,2,13,12,14,0.8192968788229671,0.9205423050061541
eighth_synthetic,CHEMBL1836,35805,4,0.3,4.0,46,46,0,15,2,13,13,13,0.8033197744772029,0.9139332143444522
eighth_synthetic,CHEMBL1836,35805,4,0.3,6.0,46,45,-1,15,1,14,12,13,0.8320616571978969,0.9360509278598426
eighth_synthetic,CHEMBL1836,35805,5,0.2,4.0,47,45,-2,15,2,13,12,14,0.8166411409414901,0.9143967915968384
eighth_synthetic,CHEMBL1836,35805,5,0.2,6.0,47,45,-2,15,2,13,12,14,0.8192968788229671,0.9205423050061541
eighth_synthetic,CHEMBL1836,35805,5,0.3,4.0,46,45,-1,15,1,14,12,13,0.8229142060853598,0.9209963481118942
eighth_synthetic,CHEMBL1836,35805,5,0.3,6.0,46,45,-1,15,1,14,12,13,0.8378883647531518,0.9373455477522598
eighth_synthetic,CHEMBL1836,35805,6,0.2,4.0,47,45,-2,15,2,13,12,14,0.8166411409414901,0.9143967915968384
eighth_synthetic,CHEMBL1836,35805,6,0.2,6.0,47,45,-2,15,2,13,12,14,0.8192968788229671,0.9205423050061541
eighth_synthetic,CHEMBL1836,35805,6,0.3,4.0,46,45,-1,15,1,14,12,13,0.8229142060853598,0.9209963481118942
eighth_synthetic,CHEMBL1836,35805,6,0.3,6.0,46,45,-1,15,1,14,12,13,0.8378883647531518,0.9373455477522598
eighth_synthetic,CHEMBL1836,35805,7,0.2,4.0,47,46,-1,14,2,12,13,14,0.7955334071428571,0.9160225942857144
eighth_synthetic,CHEMBL1836,35805,7,0.2,6.0,47,46,-1,14,2,12,13,14,0.8051245428571429,0.9160225942857144
eighth_synthetic,CHEMBL1836,35805,7,0.3,4.0,47,45,-2,16,2,14,12,14,0.8142293832050249,0.9083498763549009
eighth_synthetic,CHEMBL1836,35805,7,0.3,6.0,46,44,-2,15,2,13,11,13,0.8583290227531517,0.9373455477522598
eighth_synthetic,CHEMBL1836,35805,8,0.2,4.0,47,46,-1,15,2,13,13,14,0.8019056038105362,0.909464164515056
eighth_synthetic,CHEMBL1836,35805,8,0.2,6.0,47,45,-2,16,2,14,12,14,0.8149564640228932,0.9199397850955299
eighth_synthetic,CHEMBL1836,35805,8,0.3,4.0,47,45,-2,16,2,14,12,14,0.8142293832050249,0.9083498763549009
eighth_synthetic,CHEMBL1836,35805,8,0.3,6.0,46,44,-2,15,2,13,11,13,0.8583290227531517,0.9373455477522598
eighth_synthetic,CHEMBL1836,35805,9,0.2,4.0,47,46,-1,15,3,12,13,14,0.7880949826666667,0.9073336578293961
eighth_synthetic,CHEMBL1836,35805,9,0.2,6.0,47,45,-2,15,2,13,12,14,0.8134701712677123,0.9192476851137369
eighth_synthetic,CHEMBL1836,35805,9,0.3,4.0,46,45,-1,16,2,14,12,13,0.8142293832050249,0.9125396105699597
eighth_synthetic,CHEMBL1836,35805,9,0.3,6.0,46,44,-2,16,2,14,11,13,0.8566726881445602,0.9390363858118718
eighth_synthetic,CHEMBL1841,35805,0,0.2,4.0,14,16,2,4,2,2,2,0,0.3317696971464884,0.5507171205791824
eighth_synthetic,CHEMBL1841,35805,0,0.2,6.0,14,16,2,5,2,3,2,0,0.43825733284937396,0.6144678405566352
eighth_synthetic,CHEMBL1841,35805,0,0.3,4.0,15,16,1,9,3,6,2,1,0.45155603481309936,0.6638395950561482
eighth_synthetic,CHEMBL1841,35805,0,0.3,6.0,15,16,1,9,3,6,2,1,0.5402294304120678,0.6912179282129163
eighth_synthetic,CHEMBL1841,35805,1,0.2,4.0,14,16,2,6,2,4,2,0,0.4687139758523399,0.6753500505517341
eighth_synthetic,CHEMBL1841,35805,1,0.2,6.0,14,16,2,6,2,4,2,0,0.5610264113233823,0.6933837755318134
eighth_synthetic,CHEMBL1841,35805,1,0.3,4.0,14,16,2,7,2,5,2,0,0.3910901515895125,0.6435964350560399
eighth_synthetic,CHEMBL1841,35805,1,0.3,6.0,14,16,2,7,2,5,2,0,0.5025697247905916,0.7065042731106141
eighth_synthetic,CHEMBL1841,35805,2,0.2,4.0,14,16,2,6,3,3,2,0,0.36441503019920246,0.5362264635251464
eighth_synthetic,CHEMBL1841,35805,2,0.2,6.0,14,16,2,8,3,5,2,0,0.49460199845461594,0.6315369780188751
eighth_synthetic,CHEMBL1841,35805,2,0.3,4.0,14,16,2,6,2,4,2,0,0.4539494478961381,0.6679491072470722
eighth_synthetic,CHEMBL1841,35805,2,0.3,6.0,14,16,2,7,2,5,2,0,0.5332008004625844,0.6993396981982164
eighth_synthetic,CHEMBL1841,35805,3,0.2,4.0,14,16,2,4,2,2,2,0,0.48859435812161,0.5696066265887506
eighth_synthetic,CHEMBL1841,35805,3,0.2,6.0,14,16,2,5,2,3,2,0,0.5534143877900914,0.6201251392348762
eighth_synthetic,CHEMBL1841,35805,3,0.3,4.0,14,16,2,7,2,5,2,0,0.4531975030382297,0.7026229856889444
eighth_synthetic,CHEMBL1841,35805,3,0.3,6.0,14,16,2,7,2,5,2,0,0.5440961465262953,0.7342311054279295
eighth_synthetic,CHEMBL1841,35805,4,0.2,4.0,14,16,2,7,3,4,2,0,0.3364819280270478,0.48695105643541137
eighth_synthetic,CHEMBL1841,35805,4,0.2,6.0,14,16,2,7,3,4,2,0,0.45917017919407055,0.600725916400191
eighth_synthetic,CHEMBL1841,35805,4,0.3,4.0,14,16,2,6,2,4,2,0,0.387071714463528,0.656809671411268
eighth_synthetic,CHEMBL1841,35805,4,0.3,6.0,14,16,2,6,2,4,2,0,0.4720011965223126,0.6904537990496187
eighth_synthetic,CHEMBL1841,35805,5,0.2,4.0,14,16,2,6,2,4,2,0,0.3021595495495813,0.5276034195089431
eighth_synthetic,CHEMBL1841,35805,5,0.2,6.0,14,16,2,6,2,4,2,0,0.42971468171930804,0.6583656169402199
eighth_synthetic,CHEMBL1841,35805,5,0.3,4.0,14,16,2,6,2,4,2,0,0.41916291175677234,0.6152219680125918
eighth_synthetic,CHEMBL1841,35805,5,0.3,6.0,14,16,2,7,2,5,2,0,0.5581711911593027,0.7035209969981144
eighth_synthetic,CHEMBL1841,35805,6,0.2,4.0,14,16,2,6,2,4,2,0,0.4664008416934953,0.6424621843984349
eighth_synthetic,CHEMBL1841,35805,6,0.2,6.0,14,16,2,6,2,4,2,0,0.5643652737688069,0.6877053391750932
eighth_synthetic,CHEMBL1841,35805,6,0.3,4.0,14,16,2,7,2,5,2,0,0.4470398641187791,0.7016650477357617
eighth_synthetic,CHEMBL1841,35805,6,0.3,6.0,14,16,2,8,2,6,2,0,0.5608258614448356,0.7426844222118798
eighth_synthetic,CHEMBL1841,35805,7,0.2,4.0,14,16,2,6,2,4,2,0,0.387071714463528,0.656809671411268
eighth_synthetic,CHEMBL1841,35805,7,0.2,6.0,14,16,2,6,2,4,2,0,0.4720011965223126,0.6904537990496187
eighth_synthetic,CHEMBL1841,35805,7,0.3,4.0,14,16,2,5,2,3,2,0,0.4010870186127507,0.6338809215255361
eighth_synthetic,CHEMBL1841,35805,7,0.3,6.0,14,16,2,6,2,4,2,0,0.5139200907193361,0.675877652457788
eighth_synthetic,CHEMBL1841,35805,8,0.2,4.0,14,16,2,6,2,4,2,0,0.4687139758523399,0.6753500505517341
eighth_synthetic,CHEMBL1841,35805,8,0.2,6.0,14,16,2,7,2,5,2,0,0.5788770517629371,0.709015681523924
eighth_synthetic,CHEMBL1841,35805,8,0.3,4.0,14,16,2,6,2,4,2,0,0.36903728298219135,0.5387428553447472
eighth_synthetic,CHEMBL1841,35805,8,0.3,6.0,14,16,2,5,2,3,2,0,0.42134494512390647,0.6194469119555895
eighth_synthetic,CHEMBL1841,35805,9,0.2,4.0,14,16,2,5,2,3,2,0,0.4010870186127507,0.6162605995255361
eighth_synthetic,CHEMBL1841,35805,9,0.2,6.0,14,16,2,6,2,4,2,0,0.5139200907193361,0.6611940507911214
eighth_synthetic,CHEMBL1841,35805,9,0.3,4.0,14,16,2,8,3,5,2,0,0.4707383300428399,0.6202032744495662
eighth_synthetic,CHEMBL1841,35805,9,0.3,6.0,14,16,2,8,3,5,2,0,0.5627718432697566,0.6653487194827135
eighth_synthetic,CHEMBL1844,35805,0,0.2,4.0,49,48,-1,22,19,3,21,22,0.9608764354545456,0.9864781722727273
eighth_synthetic,CHEMBL1844,35805,0,0.2,6.0,48,48,0,23,20,3,22,22,0.9612399773913044,0.9863087403695382
eighth_synthetic,CHEMBL1844,35805,0,0.3,4.0,49,48,-1,22,19,3,21,22,0.9608764354545456,0.9864781722727273
eighth_synthetic,CHEMBL1844,35805,0,0.3,6.0,48,48,0,23,20,3,22,22,0.9612399773913044,0.9864015745584765
eighth_synthetic,CHEMBL1844,35805,1,0.2,4.0,49,48,-1,22,19,3,21,22,0.9608764354545456,0.9864781722727273
eighth_synthetic,CHEMBL1844,35805,1,0.2,6.0,48,48,0,23,20,3,22,22,0.9612399773913044,0.9863087403695382
eighth_synthetic,CHEMBL1844,35805,1,0.3,4.0,49,48,-1,22,19,3,21,22,0.9608764354545456,0.9864781722727273
eighth_synthetic,CHEMBL1844,35805,1,0.3,6.0,48,48,0,23,20,3,22,22,0.9612399773913044,0.9863373983248284
eighth_synthetic,CHEMBL1844,35805,2,0.2,4.0,49,48,-1,22,19,3,21,22,0.9608764354545456,0.9864781722727273
eighth_synthetic,CHEMBL1844,35805,2,0.2,6.0,48,48,0,23,20,3,22,22,0.9612399773913044,0.9864015745584765
eighth_synthetic,CHEMBL1844,35805,2,0.3,4.0,49,48,-1,22,19,3,21,22,0.9608764354545456,0.9864781722727273
eighth_synthetic,CHEMBL1844,35805,2,0.3,6.0,48,48,0,23,20,3,22,22,0.9612399773913044,0.9859141990631777
eighth_synthetic,CHEMBL1844,35805,3,0.2,4.0,49,48,-1,22,19,3,21,22,0.9608764354545456,0.9864781722727273
eighth_synthetic,CHEMBL1844,35805,3,0.2,6.0,48,48,0,23,20,3,22,22,0.9612399773913044,0.9859141990631777
eighth_synthetic,CHEMBL1844,35805,3,0.3,4.0,49,48,-1,22,19,3,21,22,0.9608764354545456,0.9864781722727273
eighth_synthetic,CHEMBL1844,35805,3,0.3,6.0,48,48,0,23,20,3,22,22,0.9612399773913044,0.9859141990631777
eighth_synthetic,CHEMBL1844,35805,4,0.2,4.0,49,48,-1,22,19,3,21,22,0.9608764354545456,0.9864781722727273
eighth_synthetic,CHEMBL1844,35805,4,0.2,6.0,49,48,-1,22,19,3,21,22,0.9608764354545456,0.9864781722727273
eighth_synthetic,CHEMBL1844,35805,4,0.3,4.0,49,48,-1,22,19,3,21,22,0.9608764354545456,0.9864781722727273
eighth_synthetic,CHEMBL1844,35805,4,0.3,6.0,48,48,0,23,20,3,22,22,0.9612399773913044,0.9859141990631777
eighth_synthetic,CHEMBL1844,35805,5,0.2,4.0,49,48,-1,22,19,3,21,22,0.9608764354545456,0.9864781722727273
eighth_synthetic,CHEMBL1844,35805,5,0.2,6.0,49,48,-1,22,19,3,21,22,0.9608764354545456,0.9864781722727273
eighth_synthetic,CHEMBL1844,35805,5,0.3,4.0,49,48,-1,22,19,3,21,22,0.9608764354545456,0.9864781722727273
eighth_synthetic,CHEMBL1844,35805,5,0.3,6.0,47,48,1,24,21,3,23,22,0.9615788200000001,0.9857753257063528
eighth_synthetic,CHEMBL1844,35805,6,0.2,4.0,49,48,-1,22,19,3,21,22,0.9608764354545456,0.9864781722727273
eighth_synthetic,CHEMBL1844,35805,6,0.2,6.0,48,48,0,23,20,3,22,22,0.9612399773913044,0.9864015745584765
eighth_synthetic,CHEMBL1844,35805,6,0.3,4.0,49,48,-1,22,19,3,21,22,0.9608764354545456,0.9864781722727273
eighth_synthetic,CHEMBL1844,35805,6,0.3,6.0,47,48,1,24,21,3,23,22,0.9615788200000001,0.9862423938893475
eighth_synthetic,CHEMBL1844,35805,7,0.2,4.0,49,48,-1,22,19,3,21,22,0.9608764354545456,0.9864781722727273
eighth_synthetic,CHEMBL1844,35805,7,0.2,6.0,49,48,-1,22,19,3,21,22,0.9608764354545456,0.9864781722727273
eighth_synthetic,CHEMBL1844,35805,7,0.3,4.0,49,48,-1,22,19,3,21,22,0.9608764354545456,0.9864781722727273
eighth_synthetic,CHEMBL1844,35805,7,0.3,6.0,47,48,1,24,21,3,23,22,0.9615788200000001,0.9858642918040852
eighth_synthetic,CHEMBL1844,35805,8,0.2,4.0,49,48,-1,22,19,3,21,22,0.9608764354545456,0.9864781722727273
eighth_synthetic,CHEMBL1844,35805,8,0.2,6.0,48,48,0,23,20,3,22,22,0.9612399773913044,0.9863087403695382
eighth_synthetic,CHEMBL1844,35805,8,0.3,4.0,49,48,-1,22,19,3,21,22,0.9608764354545456,0.9864781722727273
eighth_synthetic,CHEMBL1844,35805,8,0.3,6.0,47,48,1,24,21,3,23,22,0.9615788200000001,0.9862698577631672
eighth_synthetic,CHEMBL1844,35805,9,0.2,4.0,49,48,-1,22,19,3,21,22,0.9608764354545456,0.9864781722727273
eighth_synthetic,CHEMBL1844,35805,9,0.2,6.0,48,48,0,23,20,3,22,22,0.9612399773913044,0.9863373983248284
eighth_synthetic,CHEMBL1844,35805,9,0.3,4.0,49,48,-1,22,19,3,21,22,0.9608764354545456,0.9864781722727273
eighth_synthetic,CHEMBL1844,35805,9,0.3,6.0,47,48,1,24,21,3,23,22,0.9615788200000001,0.9862423938893475
eighth_synthetic,CHEMBL1862,35805,0,0.2,4.0,49,49,0,13,4,9,12,12,0.9719141130769231,0.9959045655934547
eighth_synthetic,CHEMBL1862,35805,0,0.2,6.0,49,49,0,13,4,9,12,12,0.9719141130769231,0.9961804839151986
eighth_synthetic,CHEMBL1862,35805,0,0.3,4.0,50,49,-1,12,3,9,11,12,0.9723067391666667,0.9959091708333333
eighth_synthetic,CHEMBL1862,35805,0,0.3,6.0,49,48,-1,12,3,9,11,12,0.97305961,0.9959091708333333
eighth_synthetic,CHEMBL1862,35805,1,0.2,4.0,50,49,-1,12,3,9,11,12,0.9723067391666667,0.9959091708333333
eighth_synthetic,CHEMBL1862,35805,1,0.2,6.0,49,48,-1,12,3,9,11,12,0.97305961,0.9959091708333333
eighth_synthetic,CHEMBL1862,35805,1,0.3,4.0,50,49,-1,12,3,9,11,12,0.9723067391666667,0.9959091708333333
eighth_synthetic,CHEMBL1862,35805,1,0.3,6.0,48,47,-1,13,3,10,11,12,0.9755959573301105,0.9955548385543119
eighth_synthetic,CHEMBL1862,35805,2,0.2,4.0,50,49,-1,12,3,9,11,12,0.9723067391666667,0.9959091708333333
eighth_synthetic,CHEMBL1862,35805,2,0.2,6.0,49,48,-1,13,3,10,11,12,0.9730017827488885,0.9941593708716581
eighth_synthetic,CHEMBL1862,35805,2,0.3,4.0,49,49,0,13,4,9,12,12,0.9719141130769231,0.9959045655934547
eighth_synthetic,CHEMBL1862,35805,2,0.3,6.0,49,49,0,13,4,9,12,12,0.9719141130769231,0.9961804839151986
eighth_synthetic,CHEMBL1862,35805,3,0.2,4.0,50,49,-1,12,3,9,11,12,0.9723067391666667,0.9959091708333333
eighth_synthetic,CHEMBL1862,35805,3,0.2,6.0,49,48,-1,13,3,10,11,12,0.9730017827488885,0.9941593708716581
eighth_synthetic,CHEMBL1862,35805,3,0.3,4.0,49,49,0,13,4,9,12,12,0.9719141130769231,0.9959045655934547
eighth_synthetic,CHEMBL1862,35805,3,0.3,6.0,49,49,0,13,4,9,12,12,0.9719141130769231,0.9961804839151986
eighth_synthetic,CHEMBL1862,35805,4,0.2,4.0,49,49,0,13,4,9,12,12,0.9719141130769231,0.9959045655934547
eighth_synthetic,CHEMBL1862,35805,4,0.2,6.0,49,49,0,13,4,9,12,12,0.9719141130769231,0.9961804839151986
eighth_synthetic,CHEMBL1862,35805,4,0.3,4.0,49,49,0,13,4,9,12,12,0.9719141130769231,0.9959045655934547
eighth_synthetic,CHEMBL1862,35805,4,0.3,6.0,48,48,0,14,4,10,12,12,0.9736807532351026,0.9958320815788314
eighth_synthetic,CHEMBL1862,35805,5,0.2,4.0,50,49,-1,12,3,9,11,12,0.9723067391666667,0.9959091708333333
eighth_synthetic,CHEMBL1862,35805,5,0.2,6.0,48,47,-1,13,3,10,11,12,0.9755959573301105,0.9955548385543119
eighth_synthetic,CHEMBL1862,35805,5,0.3,4.0,50,49,-1,12,3,9,11,12,0.9723067391666667,0.9959091708333333
eighth_synthetic,CHEMBL1862,35805,5,0.3,6.0,49,48,-1,13,3,10,11,12,0.9741322004070335,0.9955548385543119
eighth_synthetic,CHEMBL1862,35805,6,0.2,4.0,49,49,0,13,4,9,12,12,0.9719141130769231,0.9959045655934547
eighth_synthetic,CHEMBL1862,35805,6,0.2,6.0,48,48,0,13,4,9,12,12,0.972655943076923,0.9961804839151986
eighth_synthetic,CHEMBL1862,35805,6,0.3,4.0,49,49,0,13,4,9,12,12,0.9719141130769231,0.9959045655934547
eighth_synthetic,CHEMBL1862,35805,6,0.3,6.0,48,48,0,14,4,10,12,12,0.9726310796953965,0.9945362901592242
eighth_synthetic,CHEMBL1862,35805,7,0.2,4.0,49,49,0,13,4,9,12,12,0.9719141130769231,0.9959045655934547
eighth_synthetic,CHEMBL1862,35805,7,0.2,6.0,49,49,0,13,4,9,12,12,0.9719141130769231,0.9961804839151986
eighth_synthetic,CHEMBL1862,35805,7,0.3,4.0,49,49,0,13,4,9,12,12,0.9719141130769231,0.9959045655934547
eighth_synthetic,CHEMBL1862,35805,7,0.3,6.0,48,48,0,13,4,9,12,12,0.972655943076923,0.9961804839151986
eighth_synthetic,CHEMBL1862,35805,8,0.2,4.0,49,49,0,13,4,9,12,12,0.9719141130769231,0.9959045655934547
eighth_synthetic,CHEMBL1862,35805,8,0.2,6.0,49,49,0,13,4,9,12,12,0.9719141130769231,0.9961804839151986
eighth_synthetic,CHEMBL1862,35805,8,0.3,4.0,50,49,-1,12,3,9,11,12,0.9723067391666667,0.9959091708333333
eighth_synthetic,CHEMBL1862,35805,8,0.3,6.0,48,47,-1,14,3,11,11,12,0.9753610929304989,0.9939553337526865
eighth_synthetic,CHEMBL1862,35805,9,0.2,4.0,50,49,-1,12,3,9,11,12,0.9723067391666667,0.9959091708333333
eighth_synthetic,CHEMBL1862,35805,9,0.2,6.0,50,49,-1,12,3,9,11,12,0.9723067391666667,0.9959091708333333
eighth_synthetic,CHEMBL1862,35805,9,0.3,4.0,49,49,0,13,4,9,12,12,0.9719141130769231,0.9959045655934547
eighth_synthetic,CHEMBL1862,35805,9,0.3,6.0,49,49,0,13,4,9,12,12,0.9719141130769231,0.9961804839151986
eighth_synthetic,CHEMBL1865,35805,0,0.2,4.0,48,49,1,19,17,2,19,18,0.9333075126315791,0.9788965386144369
eighth_synthetic,CHEMBL1865,35805,0,0.2,6.0,46,49,3,20,18,2,20,17,0.934494497,0.9815825325977908
eighth_synthetic,CHEMBL1865,35805,0,0.3,4.0,45,49,4,21,19,2,21,17,0.9355997114285716,0.9809739619475276
eighth_synthetic,CHEMBL1865,35805,0,0.3,6.0,43,49,6,23,21,2,23,17,0.9376499778260872,0.9833343724626736
eighth_synthetic,CHEMBL1865,35805,1,0.2,4.0,47,49,2,19,17,2,19,17,0.9333075126315791,0.9810042171834591
eighth_synthetic,CHEMBL1865,35805,1,0.2,6.0,46,49,3,20,18,2,20,17,0.934494497,0.9810997736517708
eighth_synthetic,CHEMBL1865,35805,1,0.3,4.0,48,49,1,19,17,2,19,18,0.9333075126315791,0.9788965386144369
eighth_synthetic,CHEMBL1865,35805,1,0.3,6.0,45,49,4,21,19,2,21,17,0.9355997114285716,0.9814522079326496
eighth_synthetic,CHEMBL1865,35805,2,0.2,4.0,48,49,1,19,17,2,19,18,0.9333075126315791,0.9788965386144369
eighth_synthetic,CHEMBL1865,35805,2,0.2,6.0,45,49,4,21,19,2,21,17,0.9355997114285716,0.9815767585907134
eighth_synthetic,CHEMBL1865,35805,2,0.3,4.0,47,49,2,19,17,2,19,17,0.9333075126315791,0.9810158596425517
eighth_synthetic,CHEMBL1865,35805,2,0.3,6.0,44,49,5,22,20,2,22,17,0.9366134563636365,0.9814809848469441
eighth_synthetic,CHEMBL1865,35805,3,0.2,4.0,47,49,2,19,17,2,19,17,0.9333075126315791,0.9799783247013464
eighth_synthetic,CHEMBL1865,35805,3,0.2,6.0,45,49,4,21,19,2,21,17,0.9355997114285716,0.9820377231112548
eighth_synthetic,CHEMBL1865,35805,3,0.3,4.0,47,49,2,19,17,2,19,17,0.9333075126315791,0.9793324004501307
eighth_synthetic,CHEMBL1865,35805,3,0.3,6.0,44,49,5,22,20,2,22,17,0.9366134563636365,0.9821878329893196
eighth_synthetic,CHEMBL1865,35805,4,0.2,4.0,47,49,2,19,17,2,19,17,0.9333075126315791,0.9793324004501307
eighth_synthetic,CHEMBL1865,35805,4,0.2,6.0,46,49,3,20,18,2,20,17,0.934494497,0.9808773811421421
eighth_synthetic,CHEMBL1865,35805,4,0.3,4.0,46,49,3,20,18,2,20,17,0.934494497,0.979214092210188
eighth_synthetic,CHEMBL1865,35805,4,0.3,6.0,44,49,5,22,20,2,22,17,0.9366134563636365,0.9827171209043244
eighth_synthetic,CHEMBL1865,35805,5,0.2,4.0,47,49,2,19,17,2,19,17,0.9333075126315791,0.9793324004501307
eighth_synthetic,CHEMBL1865,35805,5,0.2,6.0,46,49,3,20,18,2,20,17,0.934494497,0.9817505817185911
eighth_synthetic,CHEMBL1865,35805,5,0.3,4.0,48,49,1,19,17,2,19,18,0.9333075126315791,0.9788965386144369
eighth_synthetic,CHEMBL1865,35805,5,0.3,6.0,45,49,4,21,19,2,21,17,0.9355997114285716,0.9800620457486328
eighth_synthetic,CHEMBL1865,35805,6,0.2,4.0,46,49,3,20,18,2,20,17,0.934494497,0.9801997504043329
eighth_synthetic,CHEMBL1865,35805,6,0.2,6.0,46,49,3,20,18,2,20,17,0.934494497,0.9821043299989467
eighth_synthetic,CHEMBL1865,35805,6,0.3,4.0,46,49,3,20,18,2,20,17,0.934494497,0.980188690068195
eighth_synthetic,CHEMBL1865,35805,6,0.3,6.0,43,48,5,22,20,2,22,17,0.9384749404545456,0.9821649107364405
eighth_synthetic,CHEMBL1865,35805,7,0.2,4.0,47,49,2,19,17,2,19,17,0.9333075126315791,0.9810158596425517
eighth_synthetic,CHEMBL1865,35805,7,0.2,6.0,46,49,3,20,18,2,20,17,0.934494497,0.9819744800034946
eighth_synthetic,CHEMBL1865,35805,7,0.3,4.0,48,49,1,19,17,2,19,18,0.9333075126315791,0.9790052043584958
eighth_synthetic,CHEMBL1865,35805,7,0.3,6.0,45,49,4,21,19,2,21,17,0.9355997114285716,0.9816448914345041
eighth_synthetic,CHEMBL1865,35805,8,0.2,4.0,48,49,1,19,17,2,19,18,0.9333075126315791,0.9788965386144369
eighth_synthetic,CHEMBL1865,35805,8,0.2,6.0,45,48,3,20,18,2,20,17,0.9364046570000001,0.9807449836207909
eighth_synthetic,CHEMBL1865,35805,8,0.3,4.0,48,49,1,19,17,2,19,18,0.9333075126315791,0.9788965386144369
eighth_synthetic,CHEMBL1865,35805,8,0.3,6.0,43,49,6,23,21,2,23,17,0.9376499778260872,0.9818588412805659
eighth_synthetic,CHEMBL1865,35805,9,0.2,4.0,48,49,1,19,17,2,19,18,0.9333075126315791,0.9788965386144369
eighth_synthetic,CHEMBL1865,35805,9,0.2,6.0,46,49,3,20,18,2,20,17,0.934494497,0.98074753114669
eighth_synthetic,CHEMBL1865,35805,9,0.3,4.0,47,49,2,19,17,2,19,17,0.9333075126315791,0.9810042171834591
eighth_synthetic,CHEMBL1865,35805,9,0.3,6.0,45,49,4,21,19,2,21,17,0.9355997114285716,0.9820009027937793
eighth_synthetic,CHEMBL1867,35805,0,0.2,4.0,34,33,-1,10,0,10,6,7,0.6785569428425478,0.8070384025265124
eighth_synthetic,CHEMBL1867,35805,0,0.2,6.0,34,33,-1,9,0,9,6,7,0.7119827623703245,0.8366040096113672
eighth_synthetic,CHEMBL1867,35805,0,0.3,4.0,34,33,-1,9,0,9,6,7,0.6985414672856803,0.825209875267626
eighth_synthetic,CHEMBL1867,35805,0,0.3,6.0,34,33,-1,9,0,9,6,7,0.7119827623703245,0.8366040096113672
eighth_synthetic,CHEMBL1867,35805,1,0.2,4.0,34,33,-1,10,0,10,6,7,0.6981385996781184,0.8270196719875285
eighth_synthetic,CHEMBL1867,35805,1,0.2,6.0,34,33,-1,10,0,10,6,7,0.7351661044747768,0.8504906718630497
eighth_synthetic,CHEMBL1867,35805,1,0.3,4.0,34,33,-1,9,0,9,6,7,0.6985414672856803,0.825209875267626
eighth_synthetic,CHEMBL1867,35805,1,0.3,6.0,34,33,-1,9,0,9,6,7,0.7119827623703245,0.8366040096113672
eighth_synthetic,CHEMBL1867,35805,2,0.2,4.0,34,33,-1,10,0,10,6,7,0.6981385996781184,0.8270196719875285
eighth_synthetic,CHEMBL1867,35805,2,0.2,6.0,34,33,-1,10,0,10,6,7,0.7351661044747768,0.8504906718630497
eighth_synthetic,CHEMBL1867,35805,2,0.3,4.0,34,33,-1,10,0,10,6,7,0.7368067133448064,0.8492941715294121
eighth_synthetic,CHEMBL1867,35805,2,0.3,6.0,34,33,-1,10,0,10,6,7,0.7748699116741988,0.8732303751212236
eighth_synthetic,CHEMBL1867,35805,3,0.2,4.0,34,33,-1,10,0,10,6,7,0.717471172916459,0.8315951612602289
eighth_synthetic,CHEMBL1867,35805,3,0.2,6.0,34,34,0,10,0,10,7,7,0.647200926133292,0.8512829386963107
eighth_synthetic,CHEMBL1867,35805,3,0.3,4.0,34,34,0,12,1,11,7,7,0.6514372557637159,0.8104700833647885
eighth_synthetic,CHEMBL1867,35805,3,0.3,6.0,34,35,1,12,1,11,8,7,0.5928787167777434,0.8293567344593812
eighth_synthetic,CHEMBL1867,35805,4,0.2,4.0,34,33,-1,10,0,10,6,7,0.6972614248955081,0.8108865631492354
eighth_synthetic,CHEMBL1867,35805,4,0.2,6.0,34,33,-1,10,0,10,6,7,0.7471962601095233,0.8472659553677835
eighth_synthetic,CHEMBL1867,35805,4,0.3,4.0,34,34,0,11,1,10,7,7,0.6114372075322141,0.7818978568756055
eighth_synthetic,CHEMBL1867,35805,4,0.3,6.0,34,34,0,10,1,9,7,7,0.622711306,0.7987143316549468
eighth_synthetic,CHEMBL1867,35805,5,0.2,4.0,34,33,-1,10,0,10,6,7,0.6785569428425478,0.8070384025265124
eighth_synthetic,CHEMBL1867,35805,5,0.2,6.0,34,33,-1,9,0,9,6,7,0.7119827623703245,0.8366040096113672
eighth_synthetic,CHEMBL1867,35805,5,0.3,4.0,34,33,-1,12,1,11,6,7,0.6688118660015787,0.7836436133715651
eighth_synthetic,CHEMBL1867,35805,5,0.3,6.0,34,34,0,11,1,10,7,7,0.6203948819393564,0.8142823624511916
eighth_synthetic,CHEMBL1867,35805,6,0.2,4.0,34,34,0,10,0,10,7,7,0.6577074105571123,0.8392301665183807
eighth_synthetic,CHEMBL1867,35805,6,0.2,6.0,34,34,0,10,0,10,7,7,0.669804576133292,0.8524610913051772
eighth_synthetic,CHEMBL1867,35805,6,0.3,4.0,34,34,0,12,1,11,7,7,0.6514372557637159,0.8104700833647885
eighth_synthetic,CHEMBL1867,35805,6,0.3,6.0,34,35,1,12,1,11,8,7,0.5928787167777434,0.8293567344593812
eighth_synthetic,CHEMBL1867,35805,7,0.2,4.0,35,34,-1,10,1,9,7,8,0.6610783675571122,0.7766507317408633
eighth_synthetic,CHEMBL1867,35805,7,0.2,6.0,35,34,-1,10,1,9,7,8,0.673175533133292,0.7869054526502304
eighth_synthetic,CHEMBL1867,35805,7,0.3,4.0,34,34,0,12,1,11,7,7,0.6352443569430118,0.7962036803507924
eighth_synthetic,CHEMBL1867,35805,7,0.3,6.0,34,34,0,12,1,11,7,7,0.6661624082511088,0.8265320453834512
eighth_synthetic,CHEMBL1867,35805,8,0.2,4.0,35,34,-1,10,1,9,7,8,0.6610783675571122,0.7766507317408633
eighth_synthetic,CHEMBL1867,35805,8,0.2,6.0,35,34,-1,10,1,9,7,8,0.673175533133292,0.7869054526502304
eighth_synthetic,CHEMBL1867,35805,8,0.3,4.0,34,33,-1,12,1,11,6,7,0.6526189671808748,0.7693772103575688
eighth_synthetic,CHEMBL1867,35805,8,0.3,6.0,34,33,-1,11,1,10,6,7,0.7003407271830278,0.8112008834592678
eighth_synthetic,CHEMBL1867,35805,9,0.2,4.0,35,34,-1,10,1,9,7,8,0.6997464812238002,0.7989252312827471
eighth_synthetic,CHEMBL1867,35805,9,0.2,6.0,35,34,-1,10,1,9,7,8,0.7128793403327139,0.8096451559084044
eighth_synthetic,CHEMBL1867,35805,9,0.3,4.0,34,33,-1,10,0,10,6,7,0.7368067133448064,0.8492941715294121
eighth_synthetic,CHEMBL1867,35805,9,0.3,6.0,34,33,-1,10,0,10,6,7,0.7748699116741988,0.8732303751212236
eighth_synthetic,CHEMBL1868,35805,0,0.2,4.0,42,42,0,15,5,10,10,10,0.8113019722928106,0.8967273558724866
eighth_synthetic,CHEMBL1868,35805,0,0.2,6.0,42,42,0,15,5,10,10,10,0.8294469584715851,0.9021406080762786
eighth_synthetic,CHEMBL1868,35805,0,0.3,4.0,41,41,0,15,4,11,9,9,0.8434445824629282,0.9150208160192385
eighth_synthetic,CHEMBL1868,35805,0,0.3,6.0,41,41,0,15,4,11,9,9,0.8560806589263531,0.9187819962694656
eighth_synthetic,CHEMBL1868,35805,1,0.2,4.0,42,42,0,15,5,10,10,10,0.8200226237761805,0.8998605624070811
eighth_synthetic,CHEMBL1868,35805,1,0.2,6.0,42,42,0,15,5,10,10,10,0.8309305649759343,0.902605463625569
eighth_synthetic,CHEMBL1868,35805,1,0.3,4.0,41,41,0,14,4,10,9,9,0.8250688703137258,0.90685623129195
eighth_synthetic,CHEMBL1868,35805,1,0.3,6.0,41,41,0,15,4,11,9,9,0.8540974002157097,0.9183712500951283
eighth_synthetic,CHEMBL1868,35805,2,0.2,4.0,42,43,1,14,5,9,10,9,0.8200434788205484,0.8967949988659972
eighth_synthetic,CHEMBL1868,35805,2,0.2,6.0,42,43,1,14,5,9,10,9,0.8315690558751028,0.9016263881663419
eighth_synthetic,CHEMBL1868,35805,2,0.3,4.0,41,42,1,15,5,10,10,9,0.816463651132652,0.9047514701322835
eighth_synthetic,CHEMBL1868,35805,2,0.3,6.0,41,42,1,15,5,10,10,9,0.8302792029889897,0.9172336407647521
eighth_synthetic,CHEMBL1868,35805,3,0.2,4.0,42,42,0,15,5,10,10,10,0.816463651132652,0.896152947510128
eighth_synthetic,CHEMBL1868,35805,3,0.2,6.0,42,42,0,15,5,10,10,10,0.8302792029889897,0.9020595551562456
eighth_synthetic,CHEMBL1868,35805,3,0.3,4.0,41,42,1,15,5,10,10,9,0.8200226237761805,0.9084590850292364
eighth_synthetic,CHEMBL1868,35805,3,0.3,6.0,41,42,1,15,5,10,10,9,0.8309305649759343,0.9177795492340756
eighth_synthetic,CHEMBL1868,35805,4,0.2,4.0,42,43,1,14,5,9,10,9,0.8168069389014402,0.8969434952759123
eighth_synthetic,CHEMBL1868,35805,4,0.2,6.0,42,43,1,14,5,9,10,9,0.8203311390142887,0.8988440620171971
eighth_synthetic,CHEMBL1868,35805,4,0.3,4.0,42,42,0,15,5,10,10,10,0.8230433943673481,0.9080872459929842
eighth_synthetic,CHEMBL1868,35805,4,0.3,6.0,42,42,0,15,5,10,10,10,0.8414192873793608,0.9137223155613868
eighth_synthetic,CHEMBL1868,35805,5,0.2,4.0,42,42,0,15,5,10,10,10,0.8182921435113888,0.8968546450999239
eighth_synthetic,CHEMBL1868,35805,5,0.2,6.0,42,42,0,15,5,10,10,10,0.8305465771927392,0.9021584034473739
eighth_synthetic,CHEMBL1868,35805,5,0.3,4.0,42,42,0,15,5,10,10,10,0.8230433943673481,0.9080872459929842
eighth_synthetic,CHEMBL1868,35805,5,0.3,6.0,42,42,0,15,5,10,10,10,0.8414192873793608,0.9137223155613868
eighth_synthetic,CHEMBL1868,35805,6,0.2,4.0,42,42,0,14,5,9,10,10,0.811276568715896,0.8947219282693427
eighth_synthetic,CHEMBL1868,35805,6,0.2,6.0,42,42,0,15,5,10,10,10,0.8306982869733894,0.9027584212916506
eighth_synthetic,CHEMBL1868,35805,6,0.3,4.0,41,41,0,15,4,11,9,9,0.8431162968123315,0.9129562958312439
eighth_synthetic,CHEMBL1868,35805,6,0.3,6.0,41,41,0,15,4,11,9,9,0.8560312353415455,0.9184801699646037
eighth_synthetic,CHEMBL1868,35805,7,0.2,4.0,42,43,1,14,5,9,10,9,0.811276568715896,0.898371878221652
eighth_synthetic,CHEMBL1868,35805,7,0.2,6.0,42,43,1,14,5,9,10,9,0.8194394484599267,0.9066233095156866
eighth_synthetic,CHEMBL1868,35805,7,0.3,4.0,41,42,1,15,5,10,10,9,0.816463651132652,0.9047514701322835
eighth_synthetic,CHEMBL1868,35805,7,0.3,6.0,41,42,1,15,5,10,10,9,0.8302792029889897,0.9172336407647521
eighth_synthetic,CHEMBL1868,35805,8,0.2,4.0,42,42,0,14,5,9,10,10,0.8074633837406868,0.8907494837368929
eighth_synthetic,CHEMBL1868,35805,8,0.2,6.0,42,42,0,15,5,10,10,10,0.8300469249864448,0.9022125128223271
eighth_synthetic,CHEMBL1868,35805,8,0.3,4.0,41,41,0,15,4,11,9,9,0.837728831790066,0.9085469833444948
eighth_synthetic,CHEMBL1868,35805,8,0.3,6.0,41,41,0,15,4,11,9,9,0.8551124991508516,0.9178354132041519
eighth_synthetic,CHEMBL1868,35805,9,0.2,4.0,42,43,1,14,5,9,10,9,0.8168069389014402,0.8977564406905535
eighth_synthetic,CHEMBL1868,35805,9,0.2,6.0,42,43,1,14,5,9,10,9,0.8203311390142887,0.9065364671013654
eighth_synthetic,CHEMBL1868,35805,9,0.3,4.0,41,41,0,15,4,11,9,9,0.837728831790066,0.9085469833444948
eighth_synthetic,CHEMBL1868,35805,9,0.3,6.0,41,41,0,15,4,11,9,9,0.8551124991508516,0.9178354132041519
eighth_synthetic,CHEMBL1871,35805,0,0.2,4.0,36,39,3,26,4,22,19,16,0.7016470747936944,0.888257267890237
eighth_synthetic,CHEMBL1871,35805,0,0.2,6.0,35,39,4,27,4,23,20,16,0.7193901422480836,0.8916193302799124
eighth_synthetic,CHEMBL1871,35805,0,0.3,4.0,35,38,3,28,5,23,20,17,0.7314702501731379,0.8918650713249284
eighth_synthetic,CHEMBL1871,35805,0,0.3,6.0,35,39,4,28,5,23,21,17,0.7551314227727705,0.9004672721013952
eighth_synthetic,CHEMBL1871,35805,1,0.2,4.0,36,37,1,27,4,23,18,17,0.7141792900137388,0.8933989460147715
eighth_synthetic,CHEMBL1871,35805,1,0.2,6.0,36,38,2,27,4,23,19,17,0.7265997480860108,0.9009037482895969
eighth_synthetic,CHEMBL1871,35805,1,0.3,4.0,33,36,3,29,6,23,19,16,0.731763067067164,0.8908007181902091
eighth_synthetic,CHEMBL1871,35805,1,0.3,6.0,32,36,4,29,5,24,19,15,0.7623855037916762,0.9035529651373007
eighth_synthetic,CHEMBL1871,35805,2,0.2,4.0,35,39,4,27,5,22,20,16,0.7121774153967628,0.8792435922640104
eighth_synthetic,CHEMBL1871,35805,2,0.2,6.0,35,39,4,27,5,22,20,16,0.7238482139561319,0.8821129903980052
eighth_synthetic,CHEMBL1871,35805,2,0.3,4.0,34,39,5,28,5,23,21,16,0.7395824567352092,0.8829169284175477
eighth_synthetic,CHEMBL1871,35805,2,0.3,6.0,34,39,5,28,5,23,21,16,0.7578219927905882,0.88752481532899
eighth_synthetic,CHEMBL1871,35805,3,0.2,4.0,36,39,3,26,4,22,19,16,0.7137752003236125,0.8810228598940879
eighth_synthetic,CHEMBL1871,35805,3,0.2,6.0,36,40,4,26,4,22,20,16,0.7169424832578621,0.8940846939184666
eighth_synthetic,CHEMBL1871,35805,3,0.3,4.0,34,40,6,28,4,24,22,16,0.7359453228337903,0.8896107016714419
eighth_synthetic,CHEMBL1871,35805,3,0.3,6.0,34,40,6,28,4,24,22,16,0.7537605182076448,0.8977989258054474
eighth_synthetic,CHEMBL1871,35805,4,0.2,4.0,36,38,2,28,5,23,20,18,0.7131912576195046,0.8757316764380084
eighth_synthetic,CHEMBL1871,35805,4,0.2,6.0,35,37,2,28,5,23,19,17,0.7394331731937381,0.8914802781534432
eighth_synthetic,CHEMBL1871,35805,4,0.3,4.0,34,38,4,28,5,23,20,16,0.7312722352964569,0.8876240221172187
eighth_synthetic,CHEMBL1871,35805,4,0.3,6.0,33,38,5,29,6,23,21,16,0.7568836927166928,0.8946511968944193
eighth_synthetic,CHEMBL1871,35805,5,0.2,4.0,35,40,5,28,5,23,22,17,0.7215687062022634,0.8753679500476833
eighth_synthetic,CHEMBL1871,35805,5,0.2,6.0,35,40,5,28,5,23,22,17,0.7357114751234333,0.8828107534859172
eighth_synthetic,CHEMBL1871,35805,5,0.3,4.0,34,40,6,27,4,23,21,15,0.7021060266254607,0.8880196432239024
eighth_synthetic,CHEMBL1871,35805,5,0.3,6.0,33,40,7,28,4,24,22,15,0.7283576843335189,0.8923603658673679
eighth_synthetic,CHEMBL1871,35805,6,0.2,4.0,35,39,4,28,6,22,21,17,0.707174312059455,0.873371870192616
eighth_synthetic,CHEMBL1871,35805,6,0.2,6.0,34,38,4,28,5,23,20,16,0.7309447324177303,0.8890164011159037
eighth_synthetic,CHEMBL1871,35805,6,0.3,4.0,34,40,6,28,4,24,22,16,0.7190543967835362,0.8947542950120358
eighth_synthetic,CHEMBL1871,35805,6,0.3,6.0,34,40,6,28,4,24,22,16,0.7315002102251259,0.8983891253455624
eighth_synthetic,CHEMBL1871,35805,7,0.2,4.0,36,39,3,26,4,22,20,17,0.7131874817132353,0.8811336014461362
eighth_synthetic,CHEMBL1871,35805,7,0.2,6.0,35,39,4,27,4,23,21,17,0.7203115231372005,0.8840429307904775
eighth_synthetic,CHEMBL1871,35805,7,0.3,4.0,33,37,4,28,5,23,19,15,0.7183310619621971,0.8895445221943176
eighth_synthetic,CHEMBL1871,35805,7,0.3,6.0,32,37,5,29,6,23,20,15,0.7473337412421924,0.8970609147154188
eighth_synthetic,CHEMBL1871,35805,8,0.2,4.0,35,40,5,27,4,23,21,16,0.7021060266254607,0.887100368839281
eighth_synthetic,CHEMBL1871,35805,8,0.2,6.0,35,41,6,27,4,23,22,16,0.7208855087306634,0.8916297100027561
eighth_synthetic,CHEMBL1871,35805,8,0.3,4.0,33,35,2,28,5,23,18,16,0.7088067496260315,0.8996995689134509
eighth_synthetic,CHEMBL1871,35805,8,0.3,6.0,33,37,4,28,5,23,20,16,0.7198914841948618,0.9112996177771411
eighth_synthetic,CHEMBL1871,35805,9,0.2,4.0,36,40,4,27,5,22,21,17,0.6952204800734072,0.8822265075755064
eighth_synthetic,CHEMBL1871,35805,9,0.2,6.0,35,39,4,28,5,23,21,17,0.7138018246906617,0.8877303324193677
eighth_synthetic,CHEMBL1871,35805,9,0.3,4.0,35,40,5,28,4,24,22,17,0.7190543967835362,0.8938624397086709
eighth_synthetic,CHEMBL1871,35805,9,0.3,6.0,35,40,5,28,4,24,22,17,0.7315002102251259,0.8974761358374922
eighth_synthetic,CHEMBL1873,35805,0,0.2,4.0,27,26,-1,10,3,7,5,6,0.5080382876320001,0.5228223425599999
eighth_synthetic,CHEMBL1873,35805,0,0.2,6.0,27,26,-1,11,3,8,5,6,0.5256248477908121,0.5501100719602019
eighth_synthetic,CHEMBL1873,35805,0,0.3,4.0,26,26,0,12,3,9,5,5,0.5015852026908393,0.5106665901377221
eighth_synthetic,CHEMBL1873,35805,0,0.3,6.0,26,26,0,11,3,8,5,5,0.551159164040735,0.554326907139536
eighth_synthetic,CHEMBL1873,35805,1,0.2,4.0,27,26,-1,12,3,9,5,6,0.42881880735620753,0.4477775090542276
eighth_synthetic,CHEMBL1873,35805,1,0.2,6.0,27,26,-1,11,3,8,5,6,0.46207509126545454,0.4762686497181818
eighth_synthetic,CHEMBL1873,35805,1,0.3,4.0,26,26,0,11,3,8,5,5,0.5469617549718248,0.5560550804229695
eighth_synthetic,CHEMBL1873,35805,1,0.3,6.0,26,26,0,11,3,8,5,5,0.6147089205660924,0.6281081952270108
eighth_synthetic,CHEMBL1873,35805,2,0.2,4.0,27,26,-1,11,4,7,5,6,0.4620375701836364,0.4754906463545454
eighth_synthetic,CHEMBL1873,35805,2,0.2,6.0,27,26,-1,12,4,8,5,6,0.48199197678324435,0.5044487063218518
eighth_synthetic,CHEMBL1873,35805,2,0.3,4.0,27,26,-1,11,3,8,5,6,0.46758023278859007,0.48751486879552103
eighth_synthetic,CHEMBL1873,35805,2,0.3,6.0,27,26,-1,11,3,8,5,6,0.5256248477908121,0.550115996451111
eighth_synthetic,CHEMBL1873,35805,3,0.2,4.0,26,26,0,11,4,7,5,5,0.541419092366871,0.5440969166274485
eighth_synthetic,CHEMBL1873,35805,3,0.2,6.0,26,26,0,12,4,8,5,5,0.5636523768272513,0.5760021089580932
eighth_synthetic,CHEMBL1873,35805,3,0.3,4.0,27,26,-1,11,3,8,5,6,0.46758023278859007,0.48744881015006647
eighth_synthetic,CHEMBL1873,35805,3,0.3,6.0,27,26,-1,11,3,8,5,6,0.5256248477908121,0.5500499378056564
eighth_synthetic,CHEMBL1873,35805,4,0.2,4.0,26,26,0,11,4,7,5,5,0.541419092366871,0.5440969166274485
eighth_synthetic,CHEMBL1873,35805,4,0.2,6.0,26,26,0,12,4,8,5,5,0.5636523768272513,0.5760021089580932
eighth_synthetic,CHEMBL1873,35805,4,0.3,4.0,27,26,-1,12,2,10,5,6,0.4330593228767636,0.45645429983921654
eighth_synthetic,CHEMBL1873,35805,4,0.3,6.0,27,26,-1,10,2,8,5,6,0.508139612912,0.52367814626
eighth_synthetic,CHEMBL1873,35805,5,0.2,4.0,27,26,-1,11,3,8,5,6,0.5307402988176153,0.5453684032903459
eighth_synthetic,CHEMBL1873,35805,5,0.2,6.0,27,26,-1,11,3,8,5,6,0.5423998096448162,0.5559533582690533
eighth_synthetic,CHEMBL1873,35805,5,0.3,4.0,26,26,0,12,3,9,5,5,0.5645283096136534,0.5739529079372059
eighth_synthetic,CHEMBL1873,35805,5,0.3,6.0,26,26,0,11,3,8,5,5,0.6314838824200965,0.6339514815358623
eighth_synthetic,CHEMBL1873,35805,6,0.2,4.0,26,26,0,12,3,9,5,5,0.5006949007485212,0.5083817307768167
eighth_synthetic,CHEMBL1873,35805,6,0.2,6.0,26,26,0,11,3,8,5,5,0.551159164040735,0.5543870412940817
eighth_synthetic,CHEMBL1873,35805,6,0.3,4.0,26,26,0,12,4,8,5,5,0.5594475355591125,0.5629912577913115
eighth_synthetic,CHEMBL1873,35805,6,0.3,6.0,26,26,0,12,4,8,5,5,0.5790294251934217,0.5813584547412071
eighth_synthetic,CHEMBL1873,35805,7,0.2,4.0,27,26,-1,11,3,8,5,6,0.46758023278859007,0.48744881015006647
eighth_synthetic,CHEMBL1873,35805,7,0.2,6.0,27,26,-1,11,3,8,5,6,0.5256248477908121,0.5500499378056564
eighth_synthetic,CHEMBL1873,35805,7,0.3,4.0,26,26,0,10,3,7,5,5,0.5953579620335582,0.5982892398601933
eighth_synthetic,CHEMBL1873,35805,7,0.3,6.0,26,26,0,11,3,8,5,5,0.6147089205660924,0.6281683293815563
eighth_synthetic,CHEMBL1873,35805,8,0.2,4.0,27,26,-1,12,3,9,5,6,0.42881880735620753,0.4477775090542276
eighth_synthetic,CHEMBL1873,35805,8,0.2,6.0,27,26,-1,11,3,8,5,6,0.46207509126545454,0.4762686497181818
eighth_synthetic,CHEMBL1873,35805,8,0.3,4.0,27,26,-1,10,3,7,5,6,0.5080382876320001,0.5228223425599999
eighth_synthetic,CHEMBL1873,35805,8,0.3,6.0,27,26,-1,11,3,8,5,6,0.5256248477908121,0.5501100719602019
eighth_synthetic,CHEMBL1873,35805,9,0.2,4.0,26,26,0,12,4,8,5,5,0.5594475355591125,0.5629912577913115
eighth_synthetic,CHEMBL1873,35805,9,0.2,6.0,26,26,0,12,4,8,5,5,0.5790294251934217,0.5813584547412071
eighth_synthetic,CHEMBL1873,35805,9,0.3,4.0,26,26,0,12,3,9,5,5,0.5015852026908393,0.5107271438960554
eighth_synthetic,CHEMBL1873,35805,9,0.3,6.0,26,26,0,11,3,8,5,5,0.551159164040735,0.5543929657849906
eighth_synthetic,CHEMBL1889,35805,0,0.2,4.0,46,46,0,18,6,12,17,17,0.9538942605555556,0.9760097970916952
eighth_synthetic,CHEMBL1889,35805,0,0.2,6.0,46,46,0,18,6,12,17,17,0.9538942605555556,0.9785135612716694
eighth_synthetic,CHEMBL1889,35805,0,0.3,4.0,46,45,-1,18,5,13,16,17,0.9573507811823796,0.9767884311146499
eighth_synthetic,CHEMBL1889,35805,0,0.3,6.0,46,45,-1,19,5,14,16,17,0.9608809804891871,0.9795213436129124
eighth_synthetic,CHEMBL1889,35805,1,0.2,4.0,46,47,1,18,6,12,18,17,0.9536869466666666,0.9760097970916952
eighth_synthetic,CHEMBL1889,35805,1,0.2,6.0,46,47,1,18,6,12,18,17,0.9536869466666666,0.9785135612716694
eighth_synthetic,CHEMBL1889,35805,1,0.3,4.0,46,47,1,19,7,12,18,17,0.952088867894737,0.9733664834491506
eighth_synthetic,CHEMBL1889,35805,1,0.3,6.0,46,46,0,18,6,12,17,17,0.9538942605555556,0.9785135612716694
eighth_synthetic,CHEMBL1889,35805,2,0.2,4.0,46,46,0,17,5,12,17,17,0.9556925435294119,0.9776875852941176
eighth_synthetic,CHEMBL1889,35805,2,0.2,6.0,46,46,0,18,5,13,17,17,0.957455019090207,0.978683053081786
eighth_synthetic,CHEMBL1889,35805,2,0.3,4.0,46,47,1,18,6,12,18,17,0.9536869466666666,0.9760097970916952
eighth_synthetic,CHEMBL1889,35805,2,0.3,6.0,46,47,1,18,6,12,18,17,0.9536869466666666,0.9785135612716694
eighth_synthetic,CHEMBL1889,35805,3,0.2,4.0,46,46,0,18,6,12,17,17,0.9538942605555556,0.9760097970916952
eighth_synthetic,CHEMBL1889,35805,3,0.2,6.0,46,46,0,18,6,12,17,17,0.9538942605555556,0.9785135612716694
eighth_synthetic,CHEMBL1889,35805,3,0.3,4.0,46,46,0,18,6,12,17,17,0.9538942605555556,0.9760097970916952
eighth_synthetic,CHEMBL1889,35805,3,0.3,6.0,46,46,0,19,6,13,17,17,0.9556586207170381,0.9794131635980106
eighth_synthetic,CHEMBL1889,35805,4,0.2,4.0,46,45,-1,18,5,13,16,17,0.9573507811823796,0.9767884311146499
eighth_synthetic,CHEMBL1889,35805,4,0.2,6.0,46,45,-1,19,5,14,16,17,0.9608809804891871,0.9795213436129124
eighth_synthetic,CHEMBL1889,35805,4,0.3,4.0,46,46,0,18,6,12,17,17,0.9538942605555556,0.9760097970916952
eighth_synthetic,CHEMBL1889,35805,4,0.3,6.0,46,46,0,19,6,13,17,17,0.9556586207170381,0.9794131635980106
eighth_synthetic,CHEMBL1889,35805,5,0.2,4.0,46,47,1,19,7,12,18,17,0.952088867894737,0.9733664834491506
eighth_synthetic,CHEMBL1889,35805,5,0.2,6.0,46,46,0,18,6,12,17,17,0.9538942605555556,0.9785135612716694
eighth_synthetic,CHEMBL1889,35805,5,0.3,4.0,46,46,0,18,6,12,17,17,0.9538942605555556,0.9760097970916952
eighth_synthetic,CHEMBL1889,35805,5,0.3,6.0,46,46,0,19,6,13,17,17,0.9556586207170381,0.9794131635980106
eighth_synthetic,CHEMBL1889,35805,6,0.2,4.0,46,46,0,18,6,12,17,17,0.9538942605555556,0.9760097970916952
eighth_synthetic,CHEMBL1889,35805,6,0.2,6.0,46,46,0,18,6,12,17,17,0.9538942605555556,0.9785135612716694
eighth_synthetic,CHEMBL1889,35805,6,0.3,4.0,46,46,0,18,6,12,17,17,0.9538942605555556,0.9760097970916952
eighth_synthetic,CHEMBL1889,35805,6,0.3,6.0,46,46,0,18,6,12,17,17,0.9538942605555556,0.9785135612716694
eighth_synthetic,CHEMBL1889,35805,7,0.2,4.0,46,47,1,18,6,12,18,17,0.9536869466666666,0.9748042104379638
eighth_synthetic,CHEMBL1889,35805,7,0.2,6.0,46,46,0,17,5,12,17,17,0.9556925435294119,0.9776875852941176
eighth_synthetic,CHEMBL1889,35805,7,0.3,4.0,46,47,1,19,7,12,18,17,0.952088867894737,0.9733664834491506
eighth_synthetic,CHEMBL1889,35805,7,0.3,6.0,46,46,0,18,6,12,17,17,0.9538942605555556,0.9785135612716694
eighth_synthetic,CHEMBL1889,35805,8,0.2,4.0,46,46,0,18,6,12,17,17,0.9538942605555556,0.9748042104379638
eighth_synthetic,CHEMBL1889,35805,8,0.2,6.0,46,45,-1,18,5,13,16,17,0.9590439774235404,0.978683053081786
eighth_synthetic,CHEMBL1889,35805,8,0.3,4.0,46,46,0,17,5,12,17,17,0.9556925435294119,0.9776875852941176
eighth_synthetic,CHEMBL1889,35805,8,0.3,6.0,46,46,0,17,5,12,17,17,0.9556925435294119,0.9776875852941176
eighth_synthetic,CHEMBL1889,35805,9,0.2,4.0,46,47,1,19,7,12,18,17,0.952088867894737,0.9733664834491506
eighth_synthetic,CHEMBL1889,35805,9,0.2,6.0,46,46,0,18,6,12,17,17,0.9538942605555556,0.9785135612716694
eighth_synthetic,CHEMBL1889,35805,9,0.3,4.0,46,45,-1,18,5,13,16,17,0.9573507811823796,0.9767884311146499
eighth_synthetic,CHEMBL1889,35805,9,0.3,6.0,46,45,-1,18,5,13,16,17,0.9594067514261572,0.9786277512873993
eighth_synthetic,CHEMBL1898,35805,0,0.2,4.0,47,47,0,7,1,6,6,6,0.9593997785714287,0.9760081515209158
eighth_synthetic,CHEMBL1898,35805,0,0.2,6.0,47,47,0,7,1,6,6,6,0.9593997785714287,0.976070942776251
eighth_synthetic,CHEMBL1898,35805,0,0.3,4.0,47,47,0,8,2,6,7,7,0.9465879579627277,0.9698972124158387
eighth_synthetic,CHEMBL1898,35805,0,0.3,6.0,46,46,0,8,2,6,7,7,0.9613104846340467,0.9765719163078301
eighth_synthetic,CHEMBL1898,35805,1,0.2,4.0,47,47,0,8,2,6,7,7,0.9530614174722414,0.9713435281789304
eighth_synthetic,CHEMBL1898,35805,1,0.2,6.0,47,47,0,8,2,6,7,7,0.9600903739377489,0.976788293490863
eighth_synthetic,CHEMBL1898,35805,1,0.3,4.0,46,47,1,8,2,6,7,6,0.9465879579627277,0.97121829749664
eighth_synthetic,CHEMBL1898,35805,1,0.3,6.0,46,47,1,8,2,6,7,6,0.9590565846340466,0.9779479437370497
eighth_synthetic,CHEMBL1898,35805,2,0.2,4.0,47,47,0,7,1,6,6,6,0.9593997785714287,0.9760081515209158
eighth_synthetic,CHEMBL1898,35805,2,0.2,6.0,47,47,0,7,1,6,6,6,0.9593997785714287,0.976070942776251
eighth_synthetic,CHEMBL1898,35805,2,0.3,4.0,46,47,1,8,2,6,7,6,0.9465879579627277,0.97121829749664
eighth_synthetic,CHEMBL1898,35805,2,0.3,6.0,46,47,1,8,2,6,7,6,0.9590565846340466,0.9779479437370497
eighth_synthetic,CHEMBL1898,35805,3,0.2,4.0,47,47,0,7,1,6,6,6,0.9593997785714287,0.9760081515209158
eighth_synthetic,CHEMBL1898,35805,3,0.2,6.0,47,47,0,7,1,6,6,6,0.9593997785714287,0.976070942776251
eighth_synthetic,CHEMBL1898,35805,3,0.3,4.0,46,47,1,9,3,6,8,7,0.9505385488642146,0.9676041716397948
eighth_synthetic,CHEMBL1898,35805,3,0.3,6.0,46,46,0,9,2,7,7,7,0.9645626909527072,0.9783770331543938
eighth_synthetic,CHEMBL1898,35805,4,0.2,4.0,47,47,0,8,2,6,7,7,0.9530614174722414,0.9713435281789304
eighth_synthetic,CHEMBL1898,35805,4,0.2,6.0,47,47,0,8,2,6,7,7,0.9600903739377489,0.976788293490863
eighth_synthetic,CHEMBL1898,35805,4,0.3,4.0,47,47,0,7,2,5,6,6,0.9546456292684928,0.9760081515209158
eighth_synthetic,CHEMBL1898,35805,4,0.3,6.0,46,47,1,7,2,5,7,6,0.9557346642857143,0.976070942776251
eighth_synthetic,CHEMBL1898,35805,5,0.2,4.0,47,47,0,7,1,6,6,6,0.9593997785714287,0.9760081515209158
eighth_synthetic,CHEMBL1898,35805,5,0.2,6.0,47,47,0,7,1,6,6,6,0.9593997785714287,0.976070942776251
eighth_synthetic,CHEMBL1898,35805,5,0.3,4.0,46,47,1,9,3,6,8,7,0.9532551806513582,0.9696934850654606
eighth_synthetic,CHEMBL1898,35805,5,0.3,6.0,46,46,0,8,2,6,7,7,0.9613104846340467,0.9765719163078301
eighth_synthetic,CHEMBL1898,35805,6,0.2,4.0,47,47,0,8,2,6,7,7,0.9530614174722414,0.9713435281789304
eighth_synthetic,CHEMBL1898,35805,6,0.2,6.0,47,47,0,8,2,6,7,7,0.9600903739377489,0.976788293490863
eighth_synthetic,CHEMBL1898,35805,6,0.3,4.0,47,47,0,8,2,6,7,7,0.9530614174722414,0.9713435281789304
eighth_synthetic,CHEMBL1898,35805,6,0.3,6.0,46,46,0,8,2,6,7,7,0.9623442739377489,0.976788293490863
eighth_synthetic,CHEMBL1898,35805,7,0.2,4.0,47,47,0,7,1,6,6,6,0.9593997785714287,0.9760081515209158
eighth_synthetic,CHEMBL1898,35805,7,0.2,6.0,47,47,0,7,1,6,6,6,0.9593997785714287,0.976070942776251
eighth_synthetic,CHEMBL1898,35805,7,0.3,4.0,46,47,1,9,3,6,8,7,0.9505385488642146,0.9676041716397948
eighth_synthetic,CHEMBL1898,35805,7,0.3,6.0,46,46,0,9,2,7,7,7,0.9645626909527072,0.9783770331543938
eighth_synthetic,CHEMBL1898,35805,8,0.2,4.0,48,47,-1,7,2,5,6,7,0.9546456292684928,0.97449834
eighth_synthetic,CHEMBL1898,35805,8,0.2,6.0,47,47,0,7,2,5,7,7,0.9557346642857143,0.97449834
eighth_synthetic,CHEMBL1898,35805,8,0.3,4.0,47,47,0,8,2,6,7,7,0.9561176282327779,0.9736940057828045
eighth_synthetic,CHEMBL1898,35805,8,0.3,6.0,46,46,0,7,2,5,7,7,0.95831055,0.97449834
eighth_synthetic,CHEMBL1898,35805,9,0.2,4.0,47,47,0,8,2,6,7,7,0.9561176282327779,0.9736940057828045
eighth_synthetic,CHEMBL1898,35805,9,0.2,6.0,47,47,0,7,2,5,7,7,0.9557346642857143,0.97449834
eighth_synthetic,CHEMBL1898,35805,9,0.3,4.0,46,47,1,9,3,6,8,7,0.9532551806513582,0.9696934850654606
eighth_synthetic,CHEMBL1898,35805,9,0.3,6.0,46,46,0,8,2,6,7,7,0.9613104846340467,0.9765719163078301
eighth_synthetic,CHEMBL1899,35805,0,0.2,4.0,39,38,-1,10,1,9,8,9,0.8286280363324412,0.874171186799025
eighth_synthetic,CHEMBL1899,35805,0,0.2,6.0,39,39,0,10,1,9,9,9,0.812461085,0.9161745635318604
eighth_synthetic,CHEMBL1899,35805,0,0.3,4.0,38,38,0,10,1,9,9,9,0.861943339218396,0.9075577686039976
eighth_synthetic,CHEMBL1899,35805,0,0.3,6.0,38,40,2,12,1,11,11,9,0.7782816002848584,0.927936376880517
eighth_synthetic,CHEMBL1899,35805,1,0.2,4.0,38,39,1,10,1,9,10,9,0.810027149,0.9169215641085036
eighth_synthetic,CHEMBL1899,35805,1,0.2,6.0,38,40,2,11,1,10,11,9,0.7668597209090908,0.9227874638545214
eighth_synthetic,CHEMBL1899,35805,1,0.3,4.0,39,40,1,12,1,11,10,9,0.7729171254590312,0.885997081259605
eighth_synthetic,CHEMBL1899,35805,1,0.3,6.0,39,41,2,11,1,10,11,9,0.7528352163636364,0.92373482103738
eighth_synthetic,CHEMBL1899,35805,2,0.2,4.0,39,39,0,11,1,10,9,9,0.7956515839278293,0.8645123988030395
eighth_synthetic,CHEMBL1899,35805,2,0.2,6.0,39,39,0,9,1,8,9,9,0.8711149055555556,0.9085855677777778
eighth_synthetic,CHEMBL1899,35805,2,0.3,4.0,38,39,1,11,1,10,10,9,0.8072427938349055,0.915229383375001
eighth_synthetic,CHEMBL1899,35805,2,0.3,6.0,38,41,3,12,1,11,12,9,0.7180310683333332,0.9279643935393295
eighth_synthetic,CHEMBL1899,35805,3,0.2,4.0,39,40,1,11,1,10,10,9,0.8072427938349055,0.915229383375001
eighth_synthetic,CHEMBL1899,35805,3,0.2,6.0,39,41,2,11,1,10,11,9,0.7528352163636364,0.92373482103738
eighth_synthetic,CHEMBL1899,35805,3,0.3,4.0,39,40,1,11,1,10,10,9,0.8072427938349055,0.915229383375001
eighth_synthetic,CHEMBL1899,35805,3,0.3,6.0,39,41,2,12,1,11,11,9,0.7720359252848583,0.9299707610703661
eighth_synthetic,CHEMBL1899,35805,4,0.2,4.0,39,39,0,11,1,10,9,9,0.7956515839278293,0.8645123988030395
eighth_synthetic,CHEMBL1899,35805,4,0.2,6.0,39,39,0,9,1,8,9,9,0.8711149055555556,0.9085855677777778
eighth_synthetic,CHEMBL1899,35805,4,0.3,4.0,39,39,0,10,1,9,9,9,0.861943339218396,0.9075577686039976
eighth_synthetic,CHEMBL1899,35805,4,0.3,6.0,39,40,1,11,1,10,10,9,0.8185630694016637,0.9237042574095846
eighth_synthetic,CHEMBL1899,35805,5,0.2,4.0,39,39,0,11,1,10,9,9,0.8305665356423336,0.8948638368075602
eighth_synthetic,CHEMBL1899,35805,5,0.2,6.0,39,40,1,10,1,9,10,9,0.8020950039999999,0.9162180730072219
eighth_synthetic,CHEMBL1899,35805,5,0.3,4.0,38,38,0,9,0,9,8,8,0.9317520146871067,0.9745611062266639
eighth_synthetic,CHEMBL1899,35805,5,0.3,6.0,38,40,2,10,0,10,10,8,0.8020950039999999,0.9842128525390823
eighth_synthetic,CHEMBL1899,35805,6,0.2,4.0,39,39,0,10,1,9,9,9,0.8356832649881708,0.8945194628843186
eighth_synthetic,CHEMBL1899,35805,6,0.2,6.0,39,39,0,10,1,9,9,9,0.8488422765552086,0.903791617235646
eighth_synthetic,CHEMBL1899,35805,6,0.3,4.0,39,40,1,11,1,10,10,9,0.7833699990801553,0.9033763781752928
eighth_synthetic,CHEMBL1899,35805,6,0.3,6.0,39,40,1,11,1,10,10,9,0.8257741103107545,0.9249762284338341
eighth_synthetic,CHEMBL1899,35805,7,0.2,4.0,39,39,0,10,1,9,9,9,0.861943339218396,0.9075577686039976
eighth_synthetic,CHEMBL1899,35805,7,0.2,6.0,39,40,1,11,1,10,10,9,0.8185630694016637,0.9237042574095846
eighth_synthetic,CHEMBL1899,35805,7,0.3,4.0,38,38,0,10,1,9,9,9,0.861943339218396,0.9075577686039976
eighth_synthetic,CHEMBL1899,35805,7,0.3,6.0,38,40,2,12,1,11,11,9,0.7782816002848584,0.927936376880517
eighth_synthetic,CHEMBL1899,35805,8,0.2,4.0,39,40,1,11,1,10,10,9,0.8072427938349055,0.915229383375001
eighth_synthetic,CHEMBL1899,35805,8,0.2,6.0,39,41,2,11,1,10,11,9,0.7528352163636364,0.92373482103738
eighth_synthetic,CHEMBL1899,35805,8,0.3,4.0,39,40,1,11,1,10,10,9,0.7723278421204012,0.8848779453704804
eighth_synthetic,CHEMBL1899,35805,8,0.3,6.0,39,40,1,11,1,10,10,9,0.8257741103107545,0.9249762284338341
eighth_synthetic,CHEMBL1899,35805,9,0.2,4.0,39,39,0,10,1,9,9,9,0.8122701399999999,0.9169215641085036
eighth_synthetic,CHEMBL1899,35805,9,0.2,6.0,39,40,1,11,1,10,10,9,0.7596696963636362,0.9236952669688697
eighth_synthetic,CHEMBL1899,35805,9,0.3,4.0,38,39,1,11,1,10,10,9,0.8072427938349055,0.915229383375001
eighth_synthetic,CHEMBL1899,35805,9,0.3,6.0,38,41,3,12,1,11,12,9,0.7180310683333332,0.9279643935393295
eighth_synthetic,CHEMBL1902,35805,0,0.2,4.0,31,31,0,7,1,6,2,2,0.2210953574487764,0.32388310960615224
eighth_synthetic,CHEMBL1902,35805,0,0.2,6.0,31,31,0,8,1,7,2,2,0.32408666407908504,0.4437529916886513
eighth_synthetic,CHEMBL1902,35805,0,0.3,4.0,31,31,0,7,1,6,2,2,0.2210953574487764,0.32388310960615224
eighth_synthetic,CHEMBL1902,35805,0,0.3,6.0,31,31,0,8,1,7,2,2,0.32408666407908504,0.4437529916886513
eighth_synthetic,CHEMBL1902,35805,1,0.2,4.0,31,31,0,6,1,5,2,2,0.27931170557102425,0.46512954057933387
eighth_synthetic,CHEMBL1902,35805,1,0.2,6.0,31,31,0,6,1,5,2,2,0.38032738569824476,0.4950798864335911
eighth_synthetic,CHEMBL1902,35805,1,0.3,4.0,31,31,0,7,1,6,2,2,0.2210953574487764,0.32388310960615224
eighth_synthetic,CHEMBL1902,35805,1,0.3,6.0,31,31,0,7,1,6,2,2,0.2692466066901547,0.3878943673938834
eighth_synthetic,CHEMBL1902,35805,2,0.2,4.0,31,31,0,7,1,6,2,2,0.2210953574487764,0.32388310960615224
eighth_synthetic,CHEMBL1902,35805,2,0.2,6.0,31,31,0,7,1,6,2,2,0.2692466066901547,0.3878943673938834
eighth_synthetic,CHEMBL1902,35805,2,0.3,4.0,31,31,0,7,1,6,2,2,0.2662182878138386,0.36998994315183625
eighth_synthetic,CHEMBL1902,35805,2,0.3,6.0,31,31,0,7,1,6,2,2,0.3794668732253189,0.4988634262272731
eighth_synthetic,CHEMBL1902,35805,3,0.2,4.0,31,31,0,6,1,5,2,2,0.3319551243302635,0.5189208463826319
eighth_synthetic,CHEMBL1902,35805,3,0.2,6.0,31,31,0,6,1,5,2,2,0.5089176966559362,0.6245437884058791
eighth_synthetic,CHEMBL1902,35805,3,0.3,4.0,31,31,0,7,1,6,2,2,0.253494454583439,0.3606477316618106
eighth_synthetic,CHEMBL1902,35805,3,0.3,6.0,31,31,0,7,1,6,2,2,0.3671693067156258,0.4906670036877125
eighth_synthetic,CHEMBL1902,35805,4,0.2,4.0,31,31,0,7,1,6,2,2,0.2662182878138386,0.36998994315183625
eighth_synthetic,CHEMBL1902,35805,4,0.2,6.0,31,31,0,7,1,6,2,2,0.3794668732253189,0.4988634262272731
eighth_synthetic,CHEMBL1902,35805,4,0.3,4.0,31,31,0,6,1,5,2,2,0.27931170557102425,0.46512954057933387
eighth_synthetic,CHEMBL1902,35805,4,0.3,6.0,31,31,0,7,1,6,2,2,0.427133054284438,0.5436060971933675
eighth_synthetic,CHEMBL1902,35805,5,0.2,4.0,31,31,0,7,1,6,2,2,0.26048974262394003,0.4270194584884385
eighth_synthetic,CHEMBL1902,35805,5,0.2,6.0,31,31,0,7,1,6,2,2,0.3952258605457931,0.5167024412941044
eighth_synthetic,CHEMBL1902,35805,5,0.3,4.0,31,31,0,7,1,6,2,2,0.2210953574487764,0.32388310960615224
eighth_synthetic,CHEMBL1902,35805,5,0.3,6.0,31,31,0,8,1,7,2,2,0.32408666407908504,0.4437529916886513
eighth_synthetic,CHEMBL1902,35805,6,0.2,4.0,31,31,0,7,1,6,2,2,0.26048974262394003,0.4270194584884385
eighth_synthetic,CHEMBL1902,35805,6,0.2,6.0,31,31,0,7,1,6,2,2,0.3952258605457931,0.5167024412941044
eighth_synthetic,CHEMBL1902,35805,6,0.3,4.0,31,31,0,7,1,6,2,2,0.26048974262394003,0.4270194584884385
eighth_synthetic,CHEMBL1902,35805,6,0.3,6.0,31,31,0,7,1,6,2,2,0.3952258605457931,0.5167024412941044
eighth_synthetic,CHEMBL1902,35805,7,0.2,4.0,31,31,0,6,1,5,2,2,0.23335158953333332,0.3448038002166666
eighth_synthetic,CHEMBL1902,35805,7,0.2,6.0,31,31,0,7,1,6,2,2,0.30115380042879963,0.4147980232931466
eighth_synthetic,CHEMBL1902,35805,7,0.3,4.0,31,31,0,7,1,6,2,2,0.2662182878138386,0.36998994315183625
eighth_synthetic,CHEMBL1902,35805,7,0.3,6.0,31,31,0,7,1,6,2,2,0.3794668732253189,0.4988634262272731
eighth_synthetic,CHEMBL1902,35805,8,0.2,4.0,31,31,0,7,1,6,2,2,0.2210953574487764,0.32388310960615224
eighth_synthetic,CHEMBL1902,35805,8,0.2,6.0,31,31,0,7,1,6,2,2,0.2692466066901547,0.3878943673938834
eighth_synthetic,CHEMBL1902,35805,8,0.3,4.0,31,31,0,6,1,5,2,2,0.27931170557102425,0.46512954057933387
eighth_synthetic,CHEMBL1902,35805,8,0.3,6.0,31,31,0,6,1,5,2,2,0.38032738569824476,0.4950798864335911
eighth_synthetic,CHEMBL1902,35805,9,0.2,4.0,31,31,0,7,1,6,2,2,0.26048974262394003,0.4270194584884385
eighth_synthetic,CHEMBL1902,35805,9,0.2,6.0,31,31,0,7,1,6,2,2,0.3952258605457931,0.5167024412941044
eighth_synthetic,CHEMBL1902,35805,9,0.3,4.0,31,31,0,6,1,5,2,2,0.3171106522281307,0.5080215996442686
eighth_synthetic,CHEMBL1902,35805,9,0.3,6.0,31,31,0,6,1,5,2,2,0.494570535727961,0.6149812954430584
eighth_synthetic,CHEMBL1904,35805,0,0.2,4.0,31,32,1,10,0,10,8,7,0.5994460944010578,0.7576896912004776
eighth_synthetic,CHEMBL1904,35805,0,0.2,6.0,31,32,1,11,0,11,8,7,0.6608775904660779,0.8057226248724507
eighth_synthetic,CHEMBL1904,35805,0,0.3,4.0,30,32,2,12,0,12,9,7,0.633904807628951,0.7934386557463329
eighth_synthetic,CHEMBL1904,35805,0,0.3,6.0,30,32,2,13,0,13,9,7,0.7005503484126453,0.8344919022154575
eighth_synthetic,CHEMBL1904,35805,1,0.2,4.0,30,32,2,10,0,10,8,6,0.5729807064010577,0.7694549398210033
eighth_synthetic,CHEMBL1904,35805,1,0.2,6.0,30,32,2,11,0,11,8,6,0.6299019541024415,0.8178000750368276
eighth_synthetic,CHEMBL1904,35805,1,0.3,4.0,30,32,2,11,0,11,8,6,0.6019883705218523,0.7844440844344885
eighth_synthetic,CHEMBL1904,35805,1,0.3,6.0,30,33,3,12,0,12,9,6,0.5873668562605714,0.832198263763991
eighth_synthetic,CHEMBL1904,35805,2,0.2,4.0,31,32,1,10,0,10,8,7,0.6451068301729797,0.7878494240569341
eighth_synthetic,CHEMBL1904,35805,2,0.2,6.0,31,33,2,11,0,11,9,7,0.5943998795171958,0.8109734823581248
eighth_synthetic,CHEMBL1904,35805,2,0.3,4.0,30,32,2,10,0,10,8,6,0.6186414421729798,0.801178318925247
eighth_synthetic,CHEMBL1904,35805,2,0.3,6.0,30,33,3,11,0,11,9,6,0.5634242431535594,0.8244955448747363
eighth_synthetic,CHEMBL1904,35805,3,0.2,4.0,30,32,2,10,0,10,8,6,0.6020741287536835,0.804357026446503
eighth_synthetic,CHEMBL1904,35805,3,0.2,6.0,30,32,2,11,0,11,8,6,0.6390620053569713,0.8243017512900505
eighth_synthetic,CHEMBL1904,35805,3,0.3,4.0,30,32,2,11,0,11,9,7,0.7310802330130811,0.8709422420679421
eighth_synthetic,CHEMBL1904,35805,3,0.3,6.0,30,33,3,12,0,12,10,7,0.6836074706922869,0.8913038892021529
eighth_synthetic,CHEMBL1904,35805,4,0.2,4.0,30,32,2,10,0,10,9,7,0.644500816,0.7922403061169314
eighth_synthetic,CHEMBL1904,35805,4,0.2,6.0,30,32,2,11,0,11,9,7,0.6640838876990139,0.8115572010044843
eighth_synthetic,CHEMBL1904,35805,4,0.3,4.0,31,32,1,12,0,12,8,7,0.6404016111589033,0.7929093021575738
eighth_synthetic,CHEMBL1904,35805,4,0.3,6.0,31,32,1,13,0,13,8,7,0.7089320177817681,0.8344228261322008
eighth_synthetic,CHEMBL1904,35805,5,0.2,4.0,31,32,1,11,0,11,8,7,0.6524963799333302,0.8047668252354708
eighth_synthetic,CHEMBL1904,35805,5,0.2,6.0,31,33,2,12,0,12,9,7,0.6241579032438904,0.8264250236839926
eighth_synthetic,CHEMBL1904,35805,5,0.3,4.0,31,32,1,12,1,11,8,7,0.5730571509622843,0.7291461714822233
eighth_synthetic,CHEMBL1904,35805,5,0.3,6.0,31,32,1,13,1,12,8,7,0.6443832807203377,0.7737023095329387
eighth_synthetic,CHEMBL1904,35805,6,0.2,4.0,30,32,2,9,0,9,8,6,0.5882610455555555,0.7855143808271323
eighth_synthetic,CHEMBL1904,35805,6,0.2,6.0,30,32,2,10,0,10,8,6,0.6078185894689153,0.8070927285922019
eighth_synthetic,CHEMBL1904,35805,6,0.3,4.0,31,32,1,12,0,12,8,7,0.6344098194397675,0.7897795873630017
eighth_synthetic,CHEMBL1904,35805,6,0.3,6.0,31,33,2,13,0,13,9,7,0.6415869568741838,0.8339979864377688
eighth_synthetic,CHEMBL1904,35805,7,0.2,4.0,30,32,2,10,0,10,8,6,0.6020741287536835,0.804357026446503
eighth_synthetic,CHEMBL1904,35805,7,0.2,6.0,30,32,2,11,0,11,8,6,0.6390620053569713,0.8243017512900505
eighth_synthetic,CHEMBL1904,35805,7,0.3,4.0,30,32,2,9,0,9,8,6,0.6665732001571215,0.8667859699657594
eighth_synthetic,CHEMBL1904,35805,7,0.3,6.0,30,32,2,10,0,10,8,6,0.6857071998307444,0.8856811773473028
eighth_synthetic,CHEMBL1904,35805,8,0.2,4.0,31,32,1,9,0,9,8,7,0.6959791868237882,0.8519760867787453
eighth_synthetic,CHEMBL1904,35805,8,0.2,6.0,31,32,1,10,0,10,8,7,0.7197803998307444,0.87080690857903
eighth_synthetic,CHEMBL1904,35805,8,0.3,4.0,30,32,2,10,0,10,8,6,0.6957630262801027,0.876215026703324
eighth_synthetic,CHEMBL1904,35805,8,0.3,6.0,30,32,2,11,0,11,8,6,0.7133933331631641,0.8949582200253776
eighth_synthetic,CHEMBL1904,35805,9,0.2,4.0,30,32,2,9,0,9,8,6,0.5882610455555555,0.7855143808271323
eighth_synthetic,CHEMBL1904,35805,9,0.2,6.0,30,32,2,10,0,10,8,6,0.6078185894689153,0.8070927285922019
eighth_synthetic,CHEMBL1904,35805,9,0.3,4.0,31,32,1,10,0,10,8,7,0.7227779193773521,0.8639676889112915
eighth_synthetic,CHEMBL1904,35805,9,0.3,6.0,31,32,1,11,0,11,8,7,0.7447973245550945,0.882197303780064
eighth_synthetic,CHEMBL1906,35805,0,0.2,4.0,48,49,1,19,19,0,19,18,0.9618818673684211,0.9907631556788236
eighth_synthetic,CHEMBL1906,35805,0,0.2,6.0,46,49,3,21,21,0,21,18,0.9634867752380952,0.9909471270422213
eighth_synthetic,CHEMBL1906,35805,0,0.3,4.0,47,49,2,20,20,0,20,18,0.9627084140000001,0.9907177320784119
eighth_synthetic,CHEMBL1906,35805,0,0.3,6.0,46,49,3,21,21,0,21,18,0.9634867752380952,0.9916830563099669
eighth_synthetic,CHEMBL1906,35805,1,0.2,4.0,47,49,2,20,20,0,20,18,0.9627084140000001,0.9906619159830429
eighth_synthetic,CHEMBL1906,35805,1,0.2,6.0,46,49,3,21,21,0,21,18,0.9634867752380952,0.9910737550256092
eighth_synthetic,CHEMBL1906,35805,1,0.3,4.0,47,49,2,20,20,0,20,18,0.9627084140000001,0.9907177320784119
eighth_synthetic,CHEMBL1906,35805,1,0.3,6.0,45,49,4,22,22,0,22,18,0.9642562554545454,0.9912956589773441
eighth_synthetic,CHEMBL1906,35805,2,0.2,4.0,47,49,2,20,20,0,20,18,0.9627084140000001,0.9907177320784119
eighth_synthetic,CHEMBL1906,35805,2,0.2,6.0,47,49,2,20,20,0,20,18,0.9627084140000001,0.9914771227026907
eighth_synthetic,CHEMBL1906,35805,2,0.3,4.0,46,49,3,21,21,0,21,18,0.9634867752380952,0.9900250884109665
eighth_synthetic,CHEMBL1906,35805,2,0.3,6.0,45,49,4,22,22,0,22,18,0.9642562554545454,0.9918940641679275
eighth_synthetic,CHEMBL1906,35805,3,0.2,4.0,48,49,1,19,19,0,19,18,0.9618818673684211,0.9907631556788236
eighth_synthetic,CHEMBL1906,35805,3,0.2,6.0,46,49,3,21,21,0,21,18,0.9634867752380952,0.9915303420463821
eighth_synthetic,CHEMBL1906,35805,3,0.3,4.0,47,49,2,20,20,0,20,18,0.9627084140000001,0.9907177320784119
eighth_synthetic,CHEMBL1906,35805,3,0.3,6.0,45,49,4,22,22,0,22,18,0.9642562554545454,0.9918523642085885
eighth_synthetic,CHEMBL1906,35805,4,0.2,4.0,47,49,2,20,20,0,20,18,0.9627084140000001,0.9900894247433543
eighth_synthetic,CHEMBL1906,35805,4,0.2,6.0,47,49,2,20,20,0,20,18,0.9627084140000001,0.9913900332754062
eighth_synthetic,CHEMBL1906,35805,4,0.3,4.0,48,49,1,19,19,0,19,18,0.9618818673684211,0.9901017795366576
eighth_synthetic,CHEMBL1906,35805,4,0.3,6.0,47,49,2,20,20,0,20,18,0.9627084140000001,0.9912296832986423
eighth_synthetic,CHEMBL1906,35805,5,0.2,4.0,49,49,0,18,18,0,18,18,0.9610595655555555,0.9906634005555556
eighth_synthetic,CHEMBL1906,35805,5,0.2,6.0,46,49,3,21,21,0,21,18,0.9634867752380952,0.9908613369792072
eighth_synthetic,CHEMBL1906,35805,5,0.3,4.0,47,49,2,20,20,0,20,18,0.9627084140000001,0.9907177320784119
eighth_synthetic,CHEMBL1906,35805,5,0.3,6.0,45,49,4,22,22,0,22,18,0.9642562554545454,0.9918362272214677
eighth_synthetic,CHEMBL1906,35805,6,0.2,4.0,47,49,2,20,20,0,20,18,0.9627084140000001,0.99052671277169
eighth_synthetic,CHEMBL1906,35805,6,0.2,6.0,46,49,3,21,21,0,21,18,0.9634867752380952,0.9916580325798593
eighth_synthetic,CHEMBL1906,35805,6,0.3,4.0,47,49,2,20,20,0,20,18,0.9627084140000001,0.9907177320784119
eighth_synthetic,CHEMBL1906,35805,6,0.3,6.0,46,49,3,21,21,0,21,18,0.9634867752380952,0.9916642992444505
eighth_synthetic,CHEMBL1906,35805,7,0.2,4.0,48,49,1,19,19,0,19,18,0.9618818673684211,0.9907631556788236
eighth_synthetic,CHEMBL1906,35805,7,0.2,6.0,47,49,2,20,20,0,20,18,0.9627084140000001,0.9913364676447192
eighth_synthetic,CHEMBL1906,35805,7,0.3,4.0,48,49,1,19,19,0,19,18,0.9618818673684211,0.9905620827243795
eighth_synthetic,CHEMBL1906,35805,7,0.3,6.0,45,49,4,22,22,0,22,18,0.9642562554545454,0.991125999983365
eighth_synthetic,CHEMBL1906,35805,8,0.2,4.0,48,49,1,19,19,0,19,18,0.9618818673684211,0.9907631556788236
eighth_synthetic,CHEMBL1906,35805,8,0.2,6.0,46,49,3,21,21,0,21,18,0.9634867752380952,0.990911464561626
eighth_synthetic,CHEMBL1906,35805,8,0.3,4.0,46,49,3,21,21,0,21,18,0.9634867752380952,0.9902070115602254
eighth_synthetic,CHEMBL1906,35805,8,0.3,6.0,45,49,4,22,22,0,22,18,0.9642562554545454,0.9919018134686367
eighth_synthetic,CHEMBL1906,35805,9,0.2,4.0,49,49,0,18,18,0,18,18,0.9610595655555555,0.9906634005555556
eighth_synthetic,CHEMBL1906,35805,9,0.2,6.0,46,49,3,21,21,0,21,18,0.9634867752380952,0.9908444315641283
eighth_synthetic,CHEMBL1906,35805,9,0.3,4.0,48,49,1,19,19,0,19,18,0.9618818673684211,0.9906208365089784
eighth_synthetic,CHEMBL1906,35805,9,0.3,6.0,45,49,4,22,22,0,22,18,0.9642562554545454,0.9916735642960472
eighth_synthetic,CHEMBL1908,35805,0,0.2,4.0,43,43,0,13,5,8,9,9,0.7128686251459369,0.9240889587918194
eighth_synthetic,CHEMBL1908,35805,0,0.2,6.0,43,43,0,13,5,8,9,9,0.7189763915634091,0.9300065339406666
eighth_synthetic,CHEMBL1908,35805,0,0.3,4.0,43,42,-1,13,7,6,8,9,0.7158918796343875,0.9240889587918194
eighth_synthetic,CHEMBL1908,35805,0,0.3,6.0,42,42,0,15,7,8,9,9,0.7582240083281151,0.9386950349768598
eighth_synthetic,CHEMBL1908,35805,1,0.2,4.0,43,44,1,13,6,7,9,8,0.7436481059151675,0.9092752047937555
eighth_synthetic,CHEMBL1908,35805,1,0.2,6.0,42,44,2,13,5,8,9,7,0.711117115409563,0.9266938750163777
eighth_synthetic,CHEMBL1908,35805,1,0.3,4.0,43,43,0,14,6,8,9,9,0.6866810846605027,0.9330340761260455
eighth_synthetic,CHEMBL1908,35805,1,0.3,6.0,43,43,0,14,6,8,9,9,0.6933796128803085,0.9401249860583138
eighth_synthetic,CHEMBL1908,35805,2,0.2,4.0,44,44,0,12,4,8,9,9,0.6807948833333333,0.930795212970578
eighth_synthetic,CHEMBL1908,35805,2,0.2,6.0,44,44,0,12,4,8,9,9,0.6807948833333333,0.9314295065824719
eighth_synthetic,CHEMBL1908,35805,2,0.3,4.0,43,43,0,15,7,8,9,9,0.7037405234119759,0.9265318371642514
eighth_synthetic,CHEMBL1908,35805,2,0.3,6.0,42,43,1,16,7,9,10,9,0.685169648059671,0.9367021217485767
eighth_synthetic,CHEMBL1908,35805,3,0.2,4.0,44,44,0,12,4,8,9,9,0.6807948833333333,0.930795212970578
eighth_synthetic,CHEMBL1908,35805,3,0.2,6.0,44,44,0,12,4,8,9,9,0.6807948833333333,0.9314295065824719
eighth_synthetic,CHEMBL1908,35805,3,0.3,4.0,43,44,1,14,5,9,10,9,0.6534806190640842,0.9335767761756637
eighth_synthetic,CHEMBL1908,35805,3,0.3,6.0,42,44,2,14,5,9,10,8,0.659152116451737,0.9452311382107672
eighth_synthetic,CHEMBL1908,35805,4,0.2,4.0,43,43,0,13,5,8,9,9,0.7128686251459369,0.9240889587918194
eighth_synthetic,CHEMBL1908,35805,4,0.2,6.0,43,43,0,14,5,9,9,9,0.7377732652011134,0.9349011534203574
eighth_synthetic,CHEMBL1908,35805,4,0.3,4.0,43,44,1,15,6,9,10,9,0.6580833244598118,0.9313211054936175
eighth_synthetic,CHEMBL1908,35805,4,0.3,6.0,43,45,2,15,6,9,11,9,0.6392297860216212,0.9431961168278437
eighth_synthetic,CHEMBL1908,35805,5,0.2,4.0,45,45,0,12,4,8,9,9,0.7315836554466767,0.9331502489958236
eighth_synthetic,CHEMBL1908,35805,5,0.2,6.0,44,45,1,12,4,8,9,8,0.7328594950805543,0.9399124122327093
eighth_synthetic,CHEMBL1908,35805,5,0.3,4.0,42,43,1,15,7,8,10,9,0.7149369484598118,0.9231800370039465
eighth_synthetic,CHEMBL1908,35805,5,0.3,6.0,42,44,2,16,7,9,11,9,0.6798386445509742,0.9415255683241193
eighth_synthetic,CHEMBL1908,35805,6,0.2,4.0,43,44,1,13,5,8,9,8,0.7128686251459369,0.9307981138645093
eighth_synthetic,CHEMBL1908,35805,6,0.2,6.0,43,44,1,14,5,9,10,9,0.6777041964517371,0.9339448972390655
eighth_synthetic,CHEMBL1908,35805,6,0.3,4.0,42,42,0,14,7,7,9,9,0.7025758762069412,0.9284454172513427
eighth_synthetic,CHEMBL1908,35805,6,0.3,6.0,42,42,0,15,7,8,9,9,0.7265063901877057,0.9391046979458227
eighth_synthetic,CHEMBL1908,35805,7,0.2,4.0,43,44,1,13,5,8,10,9,0.6628415569230769,0.9291528647967924
eighth_synthetic,CHEMBL1908,35805,7,0.2,6.0,43,44,1,14,5,9,10,9,0.6856480616065194,0.9355966183077215
eighth_synthetic,CHEMBL1908,35805,7,0.3,4.0,43,43,0,14,6,8,9,9,0.7135580947783698,0.9223498700170445
eighth_synthetic,CHEMBL1908,35805,7,0.3,6.0,42,43,1,15,6,9,9,8,0.6869680408543725,0.9429465047103063
eighth_synthetic,CHEMBL1908,35805,8,0.2,4.0,43,44,1,13,5,8,9,8,0.7336031336074752,0.9176442445324279
eighth_synthetic,CHEMBL1908,35805,8,0.2,6.0,43,44,1,14,5,9,10,9,0.7113048714517369,0.9192595634164494
eighth_synthetic,CHEMBL1908,35805,8,0.3,4.0,43,42,-1,13,6,7,8,9,0.7358710431236276,0.9404477626402874
eighth_synthetic,CHEMBL1908,35805,8,0.3,6.0,43,42,-1,14,6,8,8,9,0.7612532609844457,0.9504045202314879
eighth_synthetic,CHEMBL1908,35805,9,0.2,4.0,43,44,1,13,5,8,9,8,0.7138845782228599,0.9300676805197944
eighth_synthetic,CHEMBL1908,35805,9,0.2,6.0,43,44,1,14,5,9,10,9,0.6786475814517371,0.9338511566734278
eighth_synthetic,CHEMBL1908,35805,9,0.3,4.0,42,43,1,16,7,9,10,9,0.6802131336161242,0.918011959292746
eighth_synthetic,CHEMBL1908,35805,9,0.3,6.0,42,44,2,16,7,9,11,9,0.6734524535889235,0.939913663491885
eighth_synthetic,CHEMBL1913,35805,0,0.2,4.0,46,46,0,16,12,4,12,12,0.805005189375,0.969359832846574
eighth_synthetic,CHEMBL1913,35805,0,0.2,6.0,46,46,0,16,12,4,12,12,0.805005189375,0.972088610107746
eighth_synthetic,CHEMBL1913,35805,0,0.3,4.0,45,46,1,17,13,4,13,12,0.8093409576470587,0.9693055134363756
eighth_synthetic,CHEMBL1913,35805,0,0.3,6.0,45,46,1,17,13,4,13,12,0.8093409576470587,0.9734721317809575
eighth_synthetic,CHEMBL1913,35805,1,0.2,4.0,46,46,0,17,13,4,13,13,0.8093409576470587,0.9631547900903181
eighth_synthetic,CHEMBL1913,35805,1,0.2,6.0,46,46,0,17,13,4,13,13,0.8093409576470587,0.9671842667010433
eighth_synthetic,CHEMBL1913,35805,1,0.3,4.0,47,46,-1,17,13,4,13,14,0.8212765153755863,0.9577349235147868
eighth_synthetic,CHEMBL1913,35805,1,0.3,6.0,46,46,0,17,13,4,14,14,0.8452456988671635,0.9632062703826376
eighth_synthetic,CHEMBL1913,35805,2,0.2,4.0,47,46,-1,15,11,4,11,12,0.8141436114256645,0.9703997035232216
eighth_synthetic,CHEMBL1913,35805,2,0.2,6.0,46,46,0,15,11,4,12,12,0.8209625526666665,0.9706624019550347
eighth_synthetic,CHEMBL1913,35805,2,0.3,4.0,46,46,0,17,13,4,13,13,0.8212765153755863,0.9613711230057767
eighth_synthetic,CHEMBL1913,35805,2,0.3,6.0,45,46,1,17,13,4,14,13,0.8279148764705883,0.9691202607052289
eighth_synthetic,CHEMBL1913,35805,3,0.2,4.0,46,46,0,18,14,4,14,14,0.8133443133333333,0.9559546220604681
eighth_synthetic,CHEMBL1913,35805,3,0.2,6.0,46,46,0,18,14,4,14,14,0.8133443133333333,0.9646532891212605
eighth_synthetic,CHEMBL1913,35805,3,0.3,4.0,46,46,0,16,12,4,13,13,0.8363006850865605,0.96552420059874
eighth_synthetic,CHEMBL1913,35805,3,0.3,6.0,45,46,1,16,12,4,14,13,0.84335394375,0.9681524111723099
eighth_synthetic,CHEMBL1913,35805,4,0.2,4.0,47,46,-1,17,13,4,13,14,0.8154547491755163,0.9578934729535442
eighth_synthetic,CHEMBL1913,35805,4,0.2,6.0,46,46,0,17,13,4,14,14,0.8279148764705883,0.9632308368370697
eighth_synthetic,CHEMBL1913,35805,4,0.3,4.0,46,46,0,17,13,4,13,13,0.8212765153755863,0.9638856468608443
eighth_synthetic,CHEMBL1913,35805,4,0.3,6.0,45,46,1,17,13,4,14,13,0.8279148764705883,0.9694941354625518
eighth_synthetic,CHEMBL1913,35805,5,0.2,4.0,46,46,0,16,12,4,12,12,0.805005189375,0.9702769972325954
eighth_synthetic,CHEMBL1913,35805,5,0.2,6.0,46,46,0,16,12,4,12,12,0.805005189375,0.9722215317423663
eighth_synthetic,CHEMBL1913,35805,5,0.3,4.0,45,46,1,17,13,4,14,13,0.8279148764705883,0.9604817167964929
eighth_synthetic,CHEMBL1913,35805,5,0.3,6.0,45,46,1,17,13,4,14,13,0.8279148764705883,0.9667858254892883
eighth_synthetic,CHEMBL1913,35805,6,0.2,4.0,46,46,0,18,14,4,14,14,0.8133443133333333,0.9576639340503951
eighth_synthetic,CHEMBL1913,35805,6,0.2,6.0,46,46,0,18,14,4,14,14,0.8133443133333333,0.9649114421460335
eighth_synthetic,CHEMBL1913,35805,6,0.3,4.0,45,46,1,17,13,4,13,12,0.8093409576470587,0.9693055134363756
eighth_synthetic,CHEMBL1913,35805,6,0.3,6.0,45,46,1,17,13,4,13,12,0.8093409576470587,0.9734721317809575
eighth_synthetic,CHEMBL1913,35805,7,0.2,4.0,46,46,0,16,12,4,13,13,0.8245719712499999,0.96552420059874
eighth_synthetic,CHEMBL1913,35805,7,0.2,6.0,46,46,0,16,12,4,13,13,0.8245719712499999,0.9681524111723099
eighth_synthetic,CHEMBL1913,35805,7,0.3,4.0,46,46,0,16,12,4,12,12,0.8115010928739861,0.9702769972325954
eighth_synthetic,CHEMBL1913,35805,7,0.3,6.0,45,46,1,16,12,4,13,12,0.8245719712499999,0.9722215317423663
eighth_synthetic,CHEMBL1913,35805,8,0.2,4.0,46,46,0,16,12,4,13,13,0.8245719712499999,0.9628246892913879
eighth_synthetic,CHEMBL1913,35805,8,0.2,6.0,46,46,0,16,12,4,13,13,0.8245719712499999,0.9654077534603374
eighth_synthetic,CHEMBL1913,35805,8,0.3,4.0,45,46,1,18,14,4,14,13,0.8133443133333333,0.9598674573784547
eighth_synthetic,CHEMBL1913,35805,8,0.3,6.0,45,46,1,18,14,4,14,13,0.8133443133333333,0.9702892120956279
eighth_synthetic,CHEMBL1913,35805,9,0.2,4.0,46,46,0,17,13,4,13,13,0.8093409576470587,0.9631809827598171
eighth_synthetic,CHEMBL1913,35805,9,0.2,6.0,46,46,0,17,13,4,13,13,0.8093409576470587,0.9693935992020473
eighth_synthetic,CHEMBL1913,35805,9,0.3,4.0,46,46,0,16,12,4,12,12,0.805005189375,0.9654721118141345
eighth_synthetic,CHEMBL1913,35805,9,0.3,6.0,45,46,1,17,13,4,13,12,0.8093409576470587,0.9718008999757984
eighth_synthetic,CHEMBL1914,35805,0,0.2,4.0,42,45,3,16,13,3,13,10,0.9261426131124639,0.9843430680920924
eighth_synthetic,CHEMBL1914,35805,0,0.2,6.0,40,46,6,17,15,2,14,8,0.9260447276470589,0.9891084943278581
eighth_synthetic,CHEMBL1914,35805,0,0.3,4.0,44,46,2,13,11,2,11,9,0.918562156923077,0.9815747510163834
eighth_synthetic,CHEMBL1914,35805,0,0.3,6.0,39,46,7,19,17,2,15,8,0.92940827,0.9859104547195079
eighth_synthetic,CHEMBL1914,35805,1,0.2,4.0,45,46,1,13,11,2,11,10,0.918562156923077,0.977566814740106
eighth_synthetic,CHEMBL1914,35805,1,0.2,6.0,41,45,4,16,14,2,13,9,0.92431890625,0.9850501185811468
eighth_synthetic,CHEMBL1914,35805,1,0.3,4.0,43,46,3,14,12,2,12,9,0.9206654785714287,0.9828568657742357
eighth_synthetic,CHEMBL1914,35805,1,0.3,6.0,37,45,8,22,19,3,17,9,0.9348633635561913,0.9874129681389854
eighth_synthetic,CHEMBL1914,35805,2,0.2,4.0,43,46,3,14,12,2,12,9,0.9206654785714287,0.9871959360550109
eighth_synthetic,CHEMBL1914,35805,2,0.2,6.0,40,46,6,17,15,2,14,8,0.9260447276470589,0.9886878485913406
eighth_synthetic,CHEMBL1914,35805,2,0.3,4.0,45,46,1,13,11,2,11,10,0.918562156923077,0.9765092017142295
eighth_synthetic,CHEMBL1914,35805,2,0.3,6.0,39,46,7,19,17,2,15,8,0.92940827,0.983469543105443
eighth_synthetic,CHEMBL1914,35805,3,0.2,4.0,44,46,2,13,11,2,11,9,0.918562156923077,0.9774416949826414
eighth_synthetic,CHEMBL1914,35805,3,0.2,6.0,40,46,6,17,15,2,14,8,0.9260447276470589,0.9848605684495384
eighth_synthetic,CHEMBL1914,35805,3,0.3,4.0,40,45,5,18,15,3,14,9,0.9290004877666347,0.9854621493945229
eighth_synthetic,CHEMBL1914,35805,3,0.3,6.0,36,45,9,22,20,2,18,9,0.9340863040909091,0.9894946690337867
eighth_synthetic,CHEMBL1914,35805,4,0.2,4.0,43,46,3,14,12,2,12,9,0.9206654785714287,0.9795867012278221
eighth_synthetic,CHEMBL1914,35805,4,0.2,6.0,40,46,6,17,15,2,14,8,0.9260447276470589,0.9875037859122581
eighth_synthetic,CHEMBL1914,35805,4,0.3,4.0,41,45,4,17,14,3,13,9,0.9275500535176132,0.9842035671056379
eighth_synthetic,CHEMBL1914,35805,4,0.3,6.0,36,45,9,22,20,2,18,9,0.9340863040909091,0.986840813402842
eighth_synthetic,CHEMBL1914,35805,5,0.2,4.0,42,46,4,15,13,2,13,9,0.9226022266666668,0.9825111470482123
eighth_synthetic,CHEMBL1914,35805,5,0.2,6.0,40,46,6,18,16,2,14,8,0.9278122372222223,0.9875189330814439
eighth_synthetic,CHEMBL1914,35805,5,0.3,4.0,43,46,3,14,12,2,12,9,0.9206654785714287,0.9830657508606812
eighth_synthetic,CHEMBL1914,35805,5,0.3,6.0,36,46,10,22,20,2,18,8,0.9340863040909091,0.9864407516313682
eighth_synthetic,CHEMBL1914,35805,6,0.2,4.0,43,46,3,14,12,2,12,9,0.9206654785714287,0.9843911608287764
eighth_synthetic,CHEMBL1914,35805,6,0.2,6.0,40,46,6,17,15,2,14,8,0.9260447276470589,0.9888777471550393
eighth_synthetic,CHEMBL1914,35805,6,0.3,4.0,42,46,4,16,14,2,13,9,0.92431890625,0.9801101832277186
eighth_synthetic,CHEMBL1914,35805,6,0.3,6.0,37,46,9,21,19,2,17,8,0.9325271042857143,0.9875909310542512
eighth_synthetic,CHEMBL1914,35805,7,0.2,4.0,44,45,1,13,11,2,11,10,0.918562156923077,0.9853320548395617
eighth_synthetic,CHEMBL1914,35805,7,0.2,6.0,40,46,6,17,15,2,14,8,0.9260447276470589,0.9863406825963187
eighth_synthetic,CHEMBL1914,35805,7,0.3,4.0,42,45,3,15,13,2,13,10,0.9226022266666668,0.9813687639688654
eighth_synthetic,CHEMBL1914,35805,7,0.3,6.0,37,46,9,21,19,2,17,8,0.9325271042857143,0.9875312084262969
eighth_synthetic,CHEMBL1914,35805,8,0.2,4.0,43,46,3,14,12,2,12,9,0.9206654785714287,0.9812448490191815
eighth_synthetic,CHEMBL1914,35805,8,0.2,6.0,39,46,7,19,17,2,15,8,0.92940827,0.9870740549422263
eighth_synthetic,CHEMBL1914,35805,8,0.3,4.0,41,46,5,16,14,2,13,8,0.92431890625,0.987319727196329
eighth_synthetic,CHEMBL1914,35805,8,0.3,6.0,37,46,9,21,19,2,17,8,0.9325271042857143,0.9895054390990149
eighth_synthetic,CHEMBL1914,35805,9,0.2,4.0,42,46,4,16,14,2,13,9,0.92431890625,0.9812680212708378
eighth_synthetic,CHEMBL1914,35805,9,0.2,6.0,40,45,5,18,16,2,14,9,0.9278122372222223,0.9899181796187592
eighth_synthetic,CHEMBL1914,35805,9,0.3,4.0,42,46,4,15,13,2,13,9,0.9226022266666668,0.9822159621341964
eighth_synthetic,CHEMBL1914,35805,9,0.3,6.0,37,46,9,21,19,2,17,8,0.9325271042857143,0.9858750130920659
eighth_synthetic,CHEMBL1936,35805,0,0.2,4.0,47,47,0,10,1,9,8,8,0.8692446283908423,0.9485559402578441
eighth_synthetic,CHEMBL1936,35805,0,0.2,6.0,47,47,0,10,1,9,8,8,0.8865528618840489,0.9535529527903019
eighth_synthetic,CHEMBL1936,35805,0,0.3,4.0,46,46,0,10,1,9,7,7,0.8904348820725199,0.956755396376138
eighth_synthetic,CHEMBL1936,35805,0,0.3,6.0,46,46,0,10,1,9,7,7,0.9181363286996433,0.9656050940800732
eighth_synthetic,CHEMBL1936,35805,1,0.2,4.0,47,48,1,11,1,10,9,8,0.8543108943127706,0.9470214124452686
eighth_synthetic,CHEMBL1936,35805,1,0.2,6.0,47,48,1,11,1,10,9,8,0.8657905831639948,0.9568137086491796
eighth_synthetic,CHEMBL1936,35805,1,0.3,4.0,46,46,0,9,1,8,7,7,0.9117628334469143,0.9608718635055578
eighth_synthetic,CHEMBL1936,35805,1,0.3,6.0,46,46,0,9,1,8,7,7,0.9140879625131783,0.9630459976671202
eighth_synthetic,CHEMBL1936,35805,2,0.2,4.0,47,48,1,11,1,10,9,8,0.8493710203553113,0.9528254804846749
eighth_synthetic,CHEMBL1936,35805,2,0.2,6.0,47,48,1,11,1,10,9,8,0.8651057780764083,0.957720089860753
eighth_synthetic,CHEMBL1936,35805,2,0.3,4.0,46,47,1,9,1,8,8,7,0.8603942388346408,0.9505475433039601
eighth_synthetic,CHEMBL1936,35805,2,0.3,6.0,46,47,1,9,1,8,8,7,0.8732973262233042,0.9614743093714048
eighth_synthetic,CHEMBL1936,35805,3,0.2,4.0,47,47,0,11,1,10,8,8,0.8760696521994267,0.9523777988502954
eighth_synthetic,CHEMBL1936,35805,3,0.2,6.0,47,47,0,11,1,10,8,8,0.8960899935067477,0.9576603580273545
eighth_synthetic,CHEMBL1936,35805,3,0.3,4.0,46,47,1,10,1,9,8,7,0.8745786969910296,0.9609385308323628
eighth_synthetic,CHEMBL1936,35805,3,0.3,6.0,46,47,1,10,1,9,8,7,0.886049647198034,0.9661975581668729
eighth_synthetic,CHEMBL1936,35805,4,0.2,4.0,47,47,0,10,1,9,8,8,0.8436030055854392,0.9493827891816004
eighth_synthetic,CHEMBL1936,35805,4,0.2,6.0,47,47,0,10,1,9,8,8,0.8512651572680638,0.953666259797693
eighth_synthetic,CHEMBL1936,35805,4,0.3,4.0,46,46,0,10,1,9,7,7,0.8958687434257253,0.9503709215327909
eighth_synthetic,CHEMBL1936,35805,4,0.3,6.0,46,46,0,10,1,9,7,7,0.9188896142959884,0.9646080747473424
eighth_synthetic,CHEMBL1936,35805,5,0.2,4.0,47,47,0,10,1,9,8,8,0.8659773944870807,0.9487516616972353
eighth_synthetic,CHEMBL1936,35805,5,0.2,6.0,47,47,0,10,1,9,8,8,0.8860166894315793,0.9535816712777961
eighth_synthetic,CHEMBL1936,35805,5,0.3,4.0,46,47,1,11,1,10,8,7,0.876860678363096,0.9602758601005312
eighth_synthetic,CHEMBL1936,35805,5,0.3,6.0,46,47,1,11,1,10,8,7,0.8950774468268192,0.9686760751826081
eighth_synthetic,CHEMBL1936,35805,6,0.2,4.0,47,48,1,10,1,9,9,8,0.8409175989511768,0.9428093259735641
eighth_synthetic,CHEMBL1936,35805,6,0.2,6.0,47,48,1,10,1,9,9,8,0.8525303776009737,0.9526434154342643
eighth_synthetic,CHEMBL1936,35805,6,0.3,4.0,46,47,1,11,1,10,8,7,0.876860678363096,0.9602758601005312
eighth_synthetic,CHEMBL1936,35805,6,0.3,6.0,46,47,1,11,1,10,8,7,0.8950774468268192,0.9686760751826081
eighth_synthetic,CHEMBL1936,35805,7,0.2,4.0,47,47,0,11,1,10,8,8,0.8790398648392099,0.9521998702690307
eighth_synthetic,CHEMBL1936,35805,7,0.2,6.0,47,47,0,11,1,10,8,8,0.8965774230089928,0.9576342503114507
eighth_synthetic,CHEMBL1936,35805,7,0.3,4.0,46,47,1,11,1,10,8,7,0.8747066612903357,0.9635010272823847
eighth_synthetic,CHEMBL1936,35805,7,0.3,6.0,46,47,1,11,1,10,8,7,0.8947270025976567,0.9691354571696514
eighth_synthetic,CHEMBL1936,35805,8,0.2,4.0,47,48,1,11,1,10,9,8,0.8646251511287644,0.9560027197746895
eighth_synthetic,CHEMBL1936,35805,8,0.2,6.0,47,48,1,11,1,10,9,8,0.8674077125529842,0.9581728540267229
eighth_synthetic,CHEMBL1936,35805,8,0.3,4.0,46,47,1,11,0,11,8,7,0.8739148777864937,0.9545594685066792
eighth_synthetic,CHEMBL1936,35805,8,0.3,6.0,46,47,1,11,0,11,8,7,0.8957231253112827,0.9677815638320173
eighth_synthetic,CHEMBL1936,35805,9,0.2,4.0,47,47,0,11,1,10,8,8,0.879246543690898,0.9491983686485708
eighth_synthetic,CHEMBL1936,35805,9,0.2,6.0,47,47,0,11,1,10,8,8,0.896583129057344,0.9572072865198925
eighth_synthetic,CHEMBL1936,35805,9,0.3,4.0,46,47,1,10,1,9,8,7,0.8735264746139663,0.9609831744316818
eighth_synthetic,CHEMBL1936,35805,9,0.3,6.0,46,47,1,10,1,9,8,7,0.8859027682414371,0.9662037228985918
eighth_synthetic,CHEMBL1937,35805,0,0.2,4.0,39,44,5,15,11,4,12,7,0.7792149225508876,0.942615926238248
eighth_synthetic,CHEMBL1937,35805,0,0.2,6.0,38,44,6,16,12,4,13,7,0.7836496514142122,0.9559361605687482
eighth_synthetic,CHEMBL1937,35805,0,0.3,4.0,36,45,9,18,14,4,16,7,0.7744213294444446,0.9540592973449846
eighth_synthetic,CHEMBL1937,35805,0,0.3,6.0,36,45,9,17,13,4,16,7,0.7856966276470588,0.9739818771342572
eighth_synthetic,CHEMBL1937,35805,1,0.2,4.0,38,45,7,16,13,3,14,7,0.75963792875,0.9333178891150439
eighth_synthetic,CHEMBL1937,35805,1,0.2,6.0,38,45,7,15,11,4,14,7,0.7457113400000001,0.9543856110568669
eighth_synthetic,CHEMBL1937,35805,1,0.3,4.0,37,44,7,14,11,3,13,6,0.7827438785714287,0.9415627454860188
eighth_synthetic,CHEMBL1937,35805,1,0.3,6.0,35,42,7,14,10,4,13,6,0.8277148171428571,0.9602810790152286
eighth_synthetic,CHEMBL1937,35805,2,0.2,4.0,39,45,6,15,12,3,13,7,0.7547549106666669,0.9309384028700974
eighth_synthetic,CHEMBL1937,35805,2,0.2,6.0,38,45,7,15,11,4,14,7,0.7457113400000001,0.9519274370716716
eighth_synthetic,CHEMBL1937,35805,2,0.3,4.0,35,41,6,16,11,5,13,7,0.8527678461750863,0.9531384755905118
eighth_synthetic,CHEMBL1937,35805,2,0.3,6.0,34,43,9,18,12,6,16,7,0.8040500984792998,0.9605659425510861
eighth_synthetic,CHEMBL1937,35805,3,0.2,4.0,41,45,4,13,10,3,11,7,0.7438638407692308,0.9321610088916054
eighth_synthetic,CHEMBL1937,35805,3,0.2,6.0,38,43,5,14,10,4,12,7,0.8050160557070996,0.9456483280938628
eighth_synthetic,CHEMBL1937,35805,3,0.3,4.0,35,44,9,18,14,4,15,6,0.7894351354590731,0.9436127604420377
eighth_synthetic,CHEMBL1937,35805,3,0.3,6.0,35,43,8,16,11,5,14,6,0.8240111751642121,0.9673855510371161
eighth_synthetic,CHEMBL1937,35805,4,0.2,4.0,40,45,5,13,9,4,11,6,0.7512985846153849,0.9442271272324159
eighth_synthetic,CHEMBL1937,35805,4,0.2,6.0,38,45,7,14,9,5,13,6,0.7841130478571429,0.9535634955503982
eighth_synthetic,CHEMBL1937,35805,4,0.3,4.0,35,45,10,18,15,3,16,6,0.7690517922222224,0.9533632993274099
eighth_synthetic,CHEMBL1937,35805,4,0.3,6.0,35,45,10,17,12,5,16,6,0.7656908294117648,0.9698612982835849
eighth_synthetic,CHEMBL1937,35805,5,0.2,4.0,38,44,6,13,9,4,12,6,0.7856714900000001,0.9455240016943341
eighth_synthetic,CHEMBL1937,35805,5,0.2,6.0,38,44,6,13,7,6,12,6,0.769489046923077,0.9524551165761321
eighth_synthetic,CHEMBL1937,35805,5,0.3,4.0,35,44,9,18,13,5,15,6,0.81193709993341,0.9542274150849513
eighth_synthetic,CHEMBL1937,35805,5,0.3,6.0,35,45,10,18,13,5,16,6,0.800457325701522,0.9710346359880927
eighth_synthetic,CHEMBL1937,35805,6,0.2,4.0,38,44,6,14,11,3,12,6,0.7648765971428573,0.9336449783023032
eighth_synthetic,CHEMBL1937,35805,6,0.2,6.0,38,44,6,13,8,5,12,6,0.7609682415384615,0.9515790167680513
eighth_synthetic,CHEMBL1937,35805,6,0.3,4.0,36,43,7,15,11,4,13,6,0.810909908035871,0.9527209895339587
eighth_synthetic,CHEMBL1937,35805,6,0.3,6.0,35,44,9,17,11,6,15,6,0.7851477011705525,0.9657415005508544
eighth_synthetic,CHEMBL1937,35805,7,0.2,4.0,40,45,5,13,9,4,11,6,0.7512985846153849,0.951683713839505
eighth_synthetic,CHEMBL1937,35805,7,0.2,6.0,39,45,6,13,8,5,12,6,0.7809106130769231,0.96209425900182
eighth_synthetic,CHEMBL1937,35805,7,0.3,4.0,34,45,11,19,15,4,17,6,0.7785256436842107,0.9411622018546185
eighth_synthetic,CHEMBL1937,35805,7,0.3,6.0,34,44,10,17,11,6,16,6,0.7869040888235294,0.9620690287067228
eighth_synthetic,CHEMBL1937,35805,8,0.2,4.0,39,44,5,13,10,3,12,7,0.7788870076923078,0.9325395139161868
eighth_synthetic,CHEMBL1937,35805,8,0.2,6.0,38,44,6,15,12,3,13,7,0.7694103706666667,0.9527001567958909
eighth_synthetic,CHEMBL1937,35805,8,0.3,4.0,37,45,8,16,12,4,14,6,0.765678658125,0.9600809196307356
eighth_synthetic,CHEMBL1937,35805,8,0.3,6.0,36,44,8,15,9,6,14,6,0.7783468806666668,0.9748282487726233
eighth_synthetic,CHEMBL1937,35805,9,0.2,4.0,38,44,6,14,10,4,12,6,0.7829927743495954,0.9456305417260081
eighth_synthetic,CHEMBL1937,35805,9,0.2,6.0,38,44,6,13,9,4,12,6,0.7898369,0.9534702063503389
eighth_synthetic,CHEMBL1937,35805,9,0.3,4.0,35,43,8,15,11,4,14,6,0.8088526406666667,0.9336182091984125
eighth_synthetic,CHEMBL1937,35805,9,0.3,6.0,34,42,8,17,10,7,15,7,0.8048138376411407,0.9569617257533051
eighth_synthetic,CHEMBL1941,35805,0,0.2,4.0,23,22,-1,11,5,6,3,4,0.1777939639445404,0.2623134009975647
eighth_synthetic,CHEMBL1941,35805,0,0.2,6.0,23,22,-1,10,5,5,3,4,0.191765569065,0.28203654334
eighth_synthetic,CHEMBL1941,35805,0,0.3,4.0,23,22,-1,10,5,5,3,4,0.1956344648913737,0.2943081993076155
eighth_synthetic,CHEMBL1941,35805,0,0.3,6.0,23,22,-1,10,5,5,3,4,0.2297001432696125,0.333269560176099
eighth_synthetic,CHEMBL1941,35805,1,0.2,4.0,23,22,-1,11,5,6,3,4,0.1777939639445404,0.2623134009975647
eighth_synthetic,CHEMBL1941,35805,1,0.2,6.0,23,22,-1,10,5,5,3,4,0.191765569065,0.28203654334
eighth_synthetic,CHEMBL1941,35805,1,0.3,4.0,23,22,-1,11,5,6,3,4,0.18131114196851647,0.27351584295903336
eighth_synthetic,CHEMBL1941,35805,1,0.3,6.0,23,22,-1,10,5,5,3,4,0.2297001432696125,0.33332059036609907
eighth_synthetic,CHEMBL1941,35805,2,0.2,4.0,23,22,-1,11,5,6,3,4,0.1777939639445404,0.2623134009975647
eighth_synthetic,CHEMBL1941,35805,2,0.2,6.0,23,22,-1,10,5,5,3,4,0.191765569065,0.28203654334
eighth_synthetic,CHEMBL1941,35805,2,0.3,4.0,23,22,-1,11,5,6,3,4,0.18131114196851647,0.27351584295903336
eighth_synthetic,CHEMBL1941,35805,2,0.3,6.0,23,22,-1,10,5,5,3,4,0.2297001432696125,0.33332059036609907
eighth_synthetic,CHEMBL1941,35805,3,0.2,4.0,23,22,-1,11,5,6,3,4,0.1777939639445404,0.2623134009975647
eighth_synthetic,CHEMBL1941,35805,3,0.2,6.0,23,22,-1,10,5,5,3,4,0.191765569065,0.28203654334
eighth_synthetic,CHEMBL1941,35805,3,0.3,4.0,23,22,-1,11,5,6,3,4,0.18131114196851647,0.27351584295903336
eighth_synthetic,CHEMBL1941,35805,3,0.3,6.0,23,22,-1,10,5,5,3,4,0.2297001432696125,0.33332059036609907
eighth_synthetic,CHEMBL1941,35805,4,0.2,4.0,23,22,-1,10,5,5,3,4,0.1956344648913737,0.2943081993076155
eighth_synthetic,CHEMBL1941,35805,4,0.2,6.0,23,22,-1,10,5,5,3,4,0.2297001432696125,0.333269560176099
eighth_synthetic,CHEMBL1941,35805,4,0.3,4.0,23,22,-1,11,5,6,3,4,0.1777939639445404,0.2623134009975647
eighth_synthetic,CHEMBL1941,35805,4,0.3,6.0,23,22,-1,10,5,5,3,4,0.191765569065,0.28203654334
eighth_synthetic,CHEMBL1941,35805,5,0.2,4.0,23,22,-1,11,5,6,3,4,0.1777939639445404,0.2623134009975647
eighth_synthetic,CHEMBL1941,35805,5,0.2,6.0,23,22,-1,10,5,5,3,4,0.191765569065,0.28203654334
eighth_synthetic,CHEMBL1941,35805,5,0.3,4.0,23,22,-1,11,5,6,3,4,0.18131114196851647,0.27351584295903336
eighth_synthetic,CHEMBL1941,35805,5,0.3,6.0,23,22,-1,10,5,5,3,4,0.2297001432696125,0.33332059036609907
eighth_synthetic,CHEMBL1941,35805,6,0.2,4.0,23,22,-1,11,5,6,3,4,0.1777939639445404,0.2623134009975647
eighth_synthetic,CHEMBL1941,35805,6,0.2,6.0,23,22,-1,10,5,5,3,4,0.191765569065,0.28203654334
eighth_synthetic,CHEMBL1941,35805,6,0.3,4.0,23,22,-1,11,5,6,3,4,0.18131114196851647,0.27351584295903336
eighth_synthetic,CHEMBL1941,35805,6,0.3,6.0,23,22,-1,10,5,5,3,4,0.2297001432696125,0.33332059036609907
eighth_synthetic,CHEMBL1941,35805,7,0.2,4.0,23,22,-1,10,5,5,3,4,0.191765569065,0.28198551315000003
eighth_synthetic,CHEMBL1941,35805,7,0.2,6.0,23,22,-1,10,5,5,3,4,0.191765569065,0.28198551315000003
eighth_synthetic,CHEMBL1941,35805,7,0.3,4.0,23,22,-1,11,5,6,3,4,0.1777939639445404,0.2623134009975647
eighth_synthetic,CHEMBL1941,35805,7,0.3,6.0,23,22,-1,10,5,5,3,4,0.191765569065,0.28203654334
eighth_synthetic,CHEMBL1941,35805,8,0.2,4.0,23,22,-1,11,5,6,3,4,0.1777939639445404,0.2623134009975647
eighth_synthetic,CHEMBL1941,35805,8,0.2,6.0,23,22,-1,10,5,5,3,4,0.191765569065,0.28203654334
eighth_synthetic,CHEMBL1941,35805,8,0.3,4.0,23,22,-1,11,5,6,3,4,0.1777939639445404,0.2623134009975647
eighth_synthetic,CHEMBL1941,35805,8,0.3,6.0,23,22,-1,10,5,5,3,4,0.191765569065,0.28203654334
eighth_synthetic,CHEMBL1941,35805,9,0.2,4.0,23,22,-1,11,5,6,3,4,0.1777939639445404,0.2623134009975647
eighth_synthetic,CHEMBL1941,35805,9,0.2,6.0,23,22,-1,10,5,5,3,4,0.191765569065,0.28203654334
eighth_synthetic,CHEMBL1941,35805,9,0.3,4.0,23,22,-1,11,5,6,3,4,0.18131114196851647,0.27351584295903336
eighth_synthetic,CHEMBL1941,35805,9,0.3,6.0,23,22,-1,10,5,5,3,4,0.2297001432696125,0.33332059036609907
eighth_synthetic,CHEMBL1942,35805,0,0.2,4.0,22,22,0,5,0,5,3,3,0.7399877802004993,0.8281556930197123
eighth_synthetic,CHEMBL1942,35805,0,0.2,6.0,22,22,0,6,0,6,3,3,0.8288913491771569,0.8959764372797915
eighth_synthetic,CHEMBL1942,35805,0,0.3,4.0,22,22,0,5,0,5,3,3,0.9060385103200227,0.9522622942917766
eighth_synthetic,CHEMBL1942,35805,0,0.3,6.0,22,22,0,6,0,6,3,3,0.9291300494933868,0.9662128036717729
eighth_synthetic,CHEMBL1942,35805,1,0.2,4.0,22,22,0,5,1,4,3,3,0.721764004059968,0.7674594630564047
eighth_synthetic,CHEMBL1942,35805,1,0.2,6.0,22,22,0,6,1,5,3,3,0.7463071917024773,0.7861407828793046
eighth_synthetic,CHEMBL1942,35805,1,0.3,4.0,22,22,0,4,0,4,3,3,0.8931764343249601,0.9499157213205058
eighth_synthetic,CHEMBL1942,35805,1,0.3,6.0,22,22,0,5,0,5,3,3,0.9161506800364233,0.9605290281839144
eighth_synthetic,CHEMBL1942,35805,2,0.2,4.0,22,22,0,5,0,5,3,3,0.9060385103200227,0.9522622942917766
eighth_synthetic,CHEMBL1942,35805,2,0.2,6.0,22,22,0,5,0,5,3,3,0.9170017052250697,0.9607331570059344
eighth_synthetic,CHEMBL1942,35805,2,0.3,4.0,22,22,0,5,0,5,3,3,0.8441082516604675,0.9009157180761169
eighth_synthetic,CHEMBL1942,35805,2,0.3,6.0,22,22,0,5,0,5,3,3,0.9044909147150231,0.951083786119278
eighth_synthetic,CHEMBL1942,35805,3,0.2,4.0,22,22,0,4,0,4,3,3,0.8931764343249601,0.9499157213205058
eighth_synthetic,CHEMBL1942,35805,3,0.2,6.0,22,22,0,4,0,4,3,3,0.8977454073367862,0.9522585259796518
eighth_synthetic,CHEMBL1942,35805,3,0.3,4.0,22,22,0,6,0,6,3,3,0.7702793877674906,0.848252650310795
eighth_synthetic,CHEMBL1942,35805,3,0.3,6.0,22,22,0,6,0,6,3,3,0.8287026440246379,0.8958313634157024
eighth_synthetic,CHEMBL1942,35805,4,0.2,4.0,22,22,0,5,1,4,3,3,0.721764004059968,0.7674594630564047
eighth_synthetic,CHEMBL1942,35805,4,0.2,6.0,22,22,0,6,1,5,3,3,0.7463071917024773,0.7861407828793046
eighth_synthetic,CHEMBL1942,35805,4,0.3,4.0,22,22,0,7,1,6,3,3,0.6705057140432528,0.7342944973250599
eighth_synthetic,CHEMBL1942,35805,4,0.3,6.0,22,22,0,8,1,7,3,3,0.7330580927342365,0.7855862326432586
eighth_synthetic,CHEMBL1942,35805,5,0.2,4.0,22,22,0,5,1,4,3,3,0.6176435325999999,0.694699438
eighth_synthetic,CHEMBL1942,35805,5,0.2,6.0,22,22,0,6,1,5,3,3,0.6564941501446196,0.7239455588928699
eighth_synthetic,CHEMBL1942,35805,5,0.3,4.0,22,22,0,5,0,5,3,3,0.7947681611204894,0.8769200393532417
eighth_synthetic,CHEMBL1942,35805,5,0.3,6.0,22,22,0,6,0,6,3,3,0.8384191151258049,0.9037023984695659
eighth_synthetic,CHEMBL1942,35805,6,0.2,4.0,22,22,0,6,1,5,3,3,0.6226755306670827,0.6964021491830935
eighth_synthetic,CHEMBL1942,35805,6,0.2,6.0,22,22,0,7,1,6,3,3,0.6957768350136698,0.7557225971478576
eighth_synthetic,CHEMBL1942,35805,6,0.3,4.0,22,22,0,5,0,5,3,3,0.7947681611204894,0.8769200393532417
eighth_synthetic,CHEMBL1942,35805,6,0.3,6.0,22,22,0,6,0,6,3,3,0.8384191151258049,0.9037023984695659
eighth_synthetic,CHEMBL1942,35805,7,0.2,4.0,22,22,0,5,1,4,3,3,0.721764004059968,0.7674594630564047
eighth_synthetic,CHEMBL1942,35805,7,0.2,6.0,22,22,0,6,1,5,3,3,0.7463071917024773,0.7861407828793046
eighth_synthetic,CHEMBL1942,35805,7,0.3,4.0,22,22,0,5,0,5,3,3,0.8441082516604675,0.9009157180761169
eighth_synthetic,CHEMBL1942,35805,7,0.3,6.0,22,22,0,6,0,6,3,3,0.9187043907350144,0.9581716612662259
eighth_synthetic,CHEMBL1942,35805,8,0.2,4.0,22,22,0,6,0,6,3,3,0.8218879366504535,0.8910414638238446
eighth_synthetic,CHEMBL1942,35805,8,0.2,6.0,22,22,0,6,0,6,3,3,0.8391283027830103,0.9038725058212495
eighth_synthetic,CHEMBL1942,35805,8,0.3,4.0,22,22,0,6,0,6,3,3,0.8218879366504535,0.8910414638238446
eighth_synthetic,CHEMBL1942,35805,8,0.3,6.0,22,22,0,7,0,7,3,3,0.8606487982190049,0.9166922959897803
eighth_synthetic,CHEMBL1942,35805,9,0.2,4.0,22,22,0,5,0,5,3,3,0.8019180388600546,0.8795022692353719
eighth_synthetic,CHEMBL1942,35805,9,0.2,6.0,22,22,0,5,0,5,3,3,0.8092260553556407,0.886098888222213
eighth_synthetic,CHEMBL1942,35805,9,0.3,4.0,22,22,0,5,0,5,3,3,0.8441082516604675,0.9009157180761169
eighth_synthetic,CHEMBL1942,35805,9,0.3,6.0,22,22,0,6,0,6,3,3,0.9187043907350144,0.9581716612662259
eighth_synthetic,CHEMBL1951,35805,0,0.2,4.0,13,16,3,25,9,16,6,3,0.435642557881036,0.7431203219159913
eighth_synthetic,CHEMBL1951,35805,0,0.2,6.0,13,16,3,25,13,12,6,3,0.38170308576165624,0.7917705994933525
eighth_synthetic,CHEMBL1951,35805,0,0.3,4.0,12,15,3,26,11,15,6,3,0.4719791111280594,0.8311470590621283
eighth_synthetic,CHEMBL1951,35805,0,0.3,6.0,12,17,5,27,17,10,7,2,0.36874171955181034,0.8782323957927536
eighth_synthetic,CHEMBL1951,35805,1,0.2,4.0,14,16,2,23,11,12,6,4,0.38835099761145975,0.7531707418124438
eighth_synthetic,CHEMBL1951,35805,1,0.2,6.0,14,18,4,24,15,9,7,3,0.3120420683333333,0.7938332002007651
eighth_synthetic,CHEMBL1951,35805,1,0.3,4.0,13,16,3,26,13,13,6,3,0.41967588281079254,0.7864602813808267
eighth_synthetic,CHEMBL1951,35805,1,0.3,6.0,13,17,4,26,18,8,6,2,0.3253794119230769,0.8352952842068124
eighth_synthetic,CHEMBL1951,35805,2,0.2,4.0,15,16,1,24,12,12,4,3,0.42937128079345666,0.7670254811308554
eighth_synthetic,CHEMBL1951,35805,2,0.2,6.0,15,17,2,23,14,9,5,3,0.34427610293297467,0.8111723046959974
eighth_synthetic,CHEMBL1951,35805,2,0.3,4.0,11,16,5,28,12,16,7,2,0.44785226730328903,0.802629199488076
eighth_synthetic,CHEMBL1951,35805,2,0.3,6.0,11,18,7,27,14,13,8,1,0.40794426323200234,0.8419300497485097
eighth_synthetic,CHEMBL1951,35805,3,0.2,4.0,14,16,2,24,11,13,6,4,0.39979155503423014,0.7347969375786402
eighth_synthetic,CHEMBL1951,35805,3,0.2,6.0,14,18,4,25,14,11,7,3,0.35625544191595515,0.7814847479868433
eighth_synthetic,CHEMBL1951,35805,3,0.3,4.0,13,15,2,28,12,16,5,3,0.48779406143606535,0.7798929589063153
eighth_synthetic,CHEMBL1951,35805,3,0.3,6.0,13,17,4,29,19,10,6,2,0.3703187314233859,0.8288914383394255
eighth_synthetic,CHEMBL1951,35805,4,0.2,4.0,13,16,3,23,12,11,5,2,0.40066957532956915,0.7815967165050555
eighth_synthetic,CHEMBL1951,35805,4,0.2,6.0,13,17,4,22,14,8,6,2,0.3205793218181818,0.8252163908179394
eighth_synthetic,CHEMBL1951,35805,4,0.3,4.0,12,15,3,25,11,14,6,3,0.45570615994518754,0.8375142121433423
eighth_synthetic,CHEMBL1951,35805,4,0.3,6.0,12,17,5,26,15,11,7,2,0.37958471266789157,0.8782809472553965
eighth_synthetic,CHEMBL1951,35805,5,0.2,4.0,13,15,2,24,11,13,5,3,0.43210609878690787,0.7403358191267931
eighth_synthetic,CHEMBL1951,35805,5,0.2,6.0,13,17,4,24,13,11,6,2,0.3664442044774341,0.7708058451747414
eighth_synthetic,CHEMBL1951,35805,5,0.3,4.0,12,17,5,26,12,14,7,2,0.4204200182582793,0.8538575323534333
eighth_synthetic,CHEMBL1951,35805,5,0.3,6.0,12,17,5,26,16,10,7,2,0.3382610185348756,0.8890760932200696
eighth_synthetic,CHEMBL1951,35805,6,0.2,4.0,14,16,2,21,12,9,5,3,0.36281512176479974,0.7738229202335305
eighth_synthetic,CHEMBL1951,35805,6,0.2,6.0,14,16,2,22,15,7,5,3,0.29295163272727276,0.8253459879077011
eighth_synthetic,CHEMBL1951,35805,6,0.3,4.0,11,17,6,26,12,14,7,1,0.4360129423691906,0.7841991088299192
eighth_synthetic,CHEMBL1951,35805,6,0.3,6.0,11,18,7,27,16,11,8,1,0.34765550858913946,0.840159283484348
eighth_synthetic,CHEMBL1951,35805,7,0.2,4.0,14,16,2,22,10,12,5,3,0.3817552653426794,0.7640674033913942
eighth_synthetic,CHEMBL1951,35805,7,0.2,6.0,14,17,3,23,13,10,5,2,0.3375829861698593,0.8012566080641467
eighth_synthetic,CHEMBL1951,35805,7,0.3,4.0,12,16,4,25,11,14,6,2,0.41544094059344916,0.7661323512072086
eighth_synthetic,CHEMBL1951,35805,7,0.3,6.0,12,17,5,28,16,12,7,2,0.39246628655045834,0.8287174435733643
eighth_synthetic,CHEMBL1951,35805,8,0.2,4.0,15,16,1,23,12,11,4,3,0.4036354210618661,0.7726321030401021
eighth_synthetic,CHEMBL1951,35805,8,0.2,6.0,15,16,1,24,16,8,4,3,0.3372111429166667,0.8096726458991204
eighth_synthetic,CHEMBL1951,35805,8,0.3,4.0,12,16,4,26,10,16,8,4,0.46859472209818176,0.8025156045884727
eighth_synthetic,CHEMBL1951,35805,8,0.3,6.0,12,17,5,29,16,13,8,3,0.3873644854953511,0.8481647656844429
eighth_synthetic,CHEMBL1951,35805,9,0.2,4.0,14,16,2,24,12,12,6,4,0.3930153960045539,0.739865541487594
eighth_synthetic,CHEMBL1951,35805,9,0.2,6.0,14,18,4,25,15,10,7,3,0.3292660328762706,0.7826125996136697
eighth_synthetic,CHEMBL1951,35805,9,0.3,4.0,13,16,3,25,14,11,6,3,0.43065254451977525,0.8167556024683875
eighth_synthetic,CHEMBL1951,35805,9,0.3,6.0,13,17,4,28,20,8,7,3,0.327913515,0.8590943495263588
eighth_synthetic,CHEMBL1955,35805,0,0.2,4.0,34,37,3,11,1,10,8,5,0.8411350616993325,0.9306573875206398
eighth_synthetic,CHEMBL1955,35805,0,0.2,6.0,34,37,3,10,1,9,8,5,0.8253452689999999,0.9502178054455215
eighth_synthetic,CHEMBL1955,35805,0,0.3,4.0,34,37,3,11,1,10,8,5,0.8590422106960898,0.9460041486716597
eighth_synthetic,CHEMBL1955,35805,0,0.3,6.0,34,37,3,10,1,9,8,5,0.8469343847658388,0.9674282294493711
eighth_synthetic,CHEMBL1955,35805,1,0.2,4.0,34,36,2,12,1,11,8,6,0.8462367873523141,0.9274620203774072
eighth_synthetic,CHEMBL1955,35805,1,0.2,6.0,34,36,2,12,1,11,8,6,0.8497015523523258,0.9289111402463858
eighth_synthetic,CHEMBL1955,35805,1,0.3,4.0,33,36,3,12,2,10,9,6,0.8336296024136943,0.9210348925202675
eighth_synthetic,CHEMBL1955,35805,1,0.3,6.0,33,36,3,12,2,10,9,6,0.8352056456381991,0.9223164704655247
eighth_synthetic,CHEMBL1955,35805,2,0.2,4.0,35,36,1,9,0,9,6,5,0.9561880639779857,0.9673768835800557
eighth_synthetic,CHEMBL1955,35805,2,0.2,6.0,35,37,2,9,1,8,7,5,0.9043569498491997,0.9679230862946103
eighth_synthetic,CHEMBL1955,35805,2,0.3,4.0,34,37,3,11,1,10,8,5,0.8774371441885042,0.9602623633926054
eighth_synthetic,CHEMBL1955,35805,2,0.3,6.0,34,37,3,11,1,10,8,5,0.8796532060273805,0.9620361848482157
eighth_synthetic,CHEMBL1955,35805,3,0.2,4.0,34,37,3,11,1,10,8,5,0.8545669026331211,0.9418007645675643
eighth_synthetic,CHEMBL1955,35805,3,0.2,6.0,34,37,3,11,1,10,8,5,0.8562862225143989,0.943198849598754
eighth_synthetic,CHEMBL1955,35805,3,0.3,4.0,34,36,2,12,1,11,8,6,0.8626516739326747,0.9415298847658423
eighth_synthetic,CHEMBL1955,35805,3,0.3,6.0,34,36,2,12,1,11,8,6,0.8676924821571914,0.9432531602495936
eighth_synthetic,CHEMBL1955,35805,4,0.2,4.0,34,36,2,12,1,11,8,6,0.8462367873523141,0.9274620203774072
eighth_synthetic,CHEMBL1955,35805,4,0.2,6.0,34,36,2,12,1,11,8,6,0.8497015523523258,0.9289111402463858
eighth_synthetic,CHEMBL1955,35805,4,0.3,4.0,34,36,2,12,1,11,8,6,0.850339153076702,0.931315122472828
eighth_synthetic,CHEMBL1955,35805,4,0.3,6.0,34,37,3,11,1,10,8,5,0.8406012752934462,0.9546675756240038
eighth_synthetic,CHEMBL1955,35805,5,0.2,4.0,34,36,2,12,1,11,8,6,0.8462367873523141,0.9274620203774072
eighth_synthetic,CHEMBL1955,35805,5,0.2,6.0,34,36,2,12,1,11,8,6,0.8497015523523258,0.9289111402463858
eighth_synthetic,CHEMBL1955,35805,5,0.3,4.0,34,36,2,12,1,11,8,6,0.8672011754447486,0.944385152633695
eighth_synthetic,CHEMBL1955,35805,5,0.3,6.0,34,36,2,12,1,11,8,6,0.8711212872392257,0.9461786975583921
eighth_synthetic,CHEMBL1955,35805,6,0.2,4.0,34,36,2,11,1,10,7,5,0.8958351566916595,0.919405442769828
eighth_synthetic,CHEMBL1955,35805,6,0.2,6.0,34,36,2,11,1,10,7,5,0.918548070668304,0.941700989602623
eighth_synthetic,CHEMBL1955,35805,6,0.3,4.0,34,37,3,11,1,10,8,5,0.8590422106960898,0.9460041486716597
eighth_synthetic,CHEMBL1955,35805,6,0.3,6.0,34,37,3,10,1,9,8,5,0.8469343847658388,0.9674282294493711
eighth_synthetic,CHEMBL1955,35805,7,0.2,4.0,34,37,3,11,1,10,8,5,0.8411350616993325,0.9306573875206398
eighth_synthetic,CHEMBL1955,35805,7,0.2,6.0,34,37,3,10,1,9,8,5,0.8253452689999999,0.9502178054455215
eighth_synthetic,CHEMBL1955,35805,7,0.3,4.0,33,36,3,12,2,10,9,6,0.8381791039257681,0.9238901603881201
eighth_synthetic,CHEMBL1955,35805,7,0.3,6.0,33,36,3,12,2,10,9,6,0.8386344507202333,0.9252420077743232
eighth_synthetic,CHEMBL1955,35805,8,0.2,4.0,33,36,3,12,2,10,9,6,0.8172147158333335,0.9069670281318324
eighth_synthetic,CHEMBL1955,35805,8,0.2,6.0,33,36,3,12,2,10,9,6,0.8172147158333335,0.9079744504623166
eighth_synthetic,CHEMBL1955,35805,8,0.3,4.0,34,35,1,11,1,10,7,6,0.9186098186669984,0.9406027212747592
eighth_synthetic,CHEMBL1955,35805,8,0.3,6.0,34,35,1,11,1,10,7,6,0.9228863042609734,0.9414603095593551
eighth_synthetic,CHEMBL1955,35805,9,0.2,4.0,35,36,1,9,0,9,6,5,0.9561880639779857,0.9673768835800557
eighth_synthetic,CHEMBL1955,35805,9,0.2,6.0,35,37,2,9,1,8,7,5,0.9043569498491997,0.9679230862946103
eighth_synthetic,CHEMBL1955,35805,9,0.3,4.0,33,36,3,12,2,10,9,6,0.8336296024136943,0.9210348925202675
eighth_synthetic,CHEMBL1955,35805,9,0.3,6.0,33,36,3,12,2,10,9,6,0.8352056456381991,0.9223164704655247
eighth_synthetic,CHEMBL1957,35805,0,0.2,4.0,49,49,0,18,10,8,17,17,0.9757086377777777,0.993919103888889
eighth_synthetic,CHEMBL1957,35805,0,0.2,6.0,48,49,1,18,10,8,17,16,0.9757086377777777,0.9940563073227404
eighth_synthetic,CHEMBL1957,35805,0,0.3,4.0,49,48,-1,18,10,8,16,17,0.9783588695355534,0.9944575466680367
eighth_synthetic,CHEMBL1957,35805,0,0.3,6.0,48,49,1,18,10,8,17,16,0.9757086377777777,0.994603522868124
eighth_synthetic,CHEMBL1957,35805,1,0.2,4.0,49,49,0,18,10,8,17,17,0.9757086377777777,0.993919103888889
eighth_synthetic,CHEMBL1957,35805,1,0.2,6.0,49,49,0,18,10,8,17,17,0.9757086377777777,0.993919103888889
eighth_synthetic,CHEMBL1957,35805,1,0.3,4.0,49,49,0,18,10,8,17,17,0.9757086377777777,0.993919103888889
eighth_synthetic,CHEMBL1957,35805,1,0.3,6.0,48,49,1,18,10,8,17,16,0.9757086377777777,0.9940563073227404
eighth_synthetic,CHEMBL1957,35805,2,0.2,4.0,49,49,0,18,10,8,17,17,0.9757086377777777,0.993919103888889
eighth_synthetic,CHEMBL1957,35805,2,0.2,6.0,48,49,1,18,10,8,17,16,0.9757086377777777,0.9940563073227404
eighth_synthetic,CHEMBL1957,35805,2,0.3,4.0,49,48,-1,18,10,8,16,17,0.9783588695355534,0.9944575466680367
eighth_synthetic,CHEMBL1957,35805,2,0.3,6.0,49,49,0,18,10,8,17,17,0.9757086377777777,0.9944663194342725
eighth_synthetic,CHEMBL1957,35805,3,0.2,4.0,49,49,0,18,10,8,17,17,0.9757086377777777,0.993919103888889
eighth_synthetic,CHEMBL1957,35805,3,0.2,6.0,48,49,1,18,10,8,17,16,0.9757086377777777,0.9940563073227404
eighth_synthetic,CHEMBL1957,35805,3,0.3,4.0,49,48,-1,18,10,8,16,17,0.9783588695355534,0.9944575466680367
eighth_synthetic,CHEMBL1957,35805,3,0.3,6.0,48,49,1,18,10,8,17,16,0.9757086377777777,0.994603522868124
eighth_synthetic,CHEMBL1957,35805,4,0.2,4.0,49,49,0,18,10,8,17,17,0.9757086377777777,0.993919103888889
eighth_synthetic,CHEMBL1957,35805,4,0.2,6.0,48,49,1,18,10,8,17,16,0.9757086377777777,0.9940563073227404
eighth_synthetic,CHEMBL1957,35805,4,0.3,4.0,49,49,0,18,10,8,17,17,0.9757086377777777,0.993919103888889
eighth_synthetic,CHEMBL1957,35805,4,0.3,6.0,48,49,1,18,10,8,17,16,0.9757086377777777,0.9940563073227404
eighth_synthetic,CHEMBL1957,35805,5,0.2,4.0,48,48,0,17,10,7,16,16,0.9774115723529411,0.9947429982352941
eighth_synthetic,CHEMBL1957,35805,5,0.2,6.0,48,49,1,18,10,8,17,16,0.9757086377777777,0.9949783437984502
eighth_synthetic,CHEMBL1957,35805,5,0.3,4.0,49,48,-1,18,10,8,16,17,0.9783588695355534,0.9944575466680367
eighth_synthetic,CHEMBL1957,35805,5,0.3,6.0,48,49,1,18,10,8,17,16,0.9757086377777777,0.994603522868124
eighth_synthetic,CHEMBL1957,35805,6,0.2,4.0,49,49,0,18,10,8,17,17,0.9757086377777777,0.993919103888889
eighth_synthetic,CHEMBL1957,35805,6,0.2,6.0,49,49,0,18,10,8,17,17,0.9757086377777777,0.993919103888889
eighth_synthetic,CHEMBL1957,35805,6,0.3,4.0,49,49,0,18,10,8,17,17,0.9757086377777777,0.993919103888889
eighth_synthetic,CHEMBL1957,35805,6,0.3,6.0,48,49,1,18,10,8,17,16,0.9757086377777777,0.9940563073227404
eighth_synthetic,CHEMBL1957,35805,7,0.2,4.0,48,48,0,17,10,7,16,16,0.9774115723529411,0.9947429982352941
eighth_synthetic,CHEMBL1957,35805,7,0.2,6.0,47,49,2,18,10,8,17,15,0.9757086377777777,0.9950085383434126
eighth_synthetic,CHEMBL1957,35805,7,0.3,4.0,48,48,0,18,10,8,16,16,0.9783588695355534,0.9951571777898105
eighth_synthetic,CHEMBL1957,35805,7,0.3,6.0,48,49,1,18,10,8,17,16,0.9757086377777777,0.9955255593438337
eighth_synthetic,CHEMBL1957,35805,8,0.2,4.0,49,48,-1,18,10,8,16,17,0.9783588695355534,0.9944575466680367
eighth_synthetic,CHEMBL1957,35805,8,0.2,6.0,49,49,0,18,10,8,17,17,0.9757086377777777,0.9944663194342725
eighth_synthetic,CHEMBL1957,35805,8,0.3,4.0,48,48,0,18,10,8,16,16,0.9783588695355534,0.9951571777898105
eighth_synthetic,CHEMBL1957,35805,8,0.3,6.0,47,49,2,18,10,8,17,15,0.9757086377777777,0.9955557538887962
eighth_synthetic,CHEMBL1957,35805,9,0.2,4.0,49,49,0,18,10,8,17,17,0.9757086377777777,0.993919103888889
eighth_synthetic,CHEMBL1957,35805,9,0.2,6.0,49,49,0,18,10,8,17,17,0.9757086377777777,0.993919103888889
eighth_synthetic,CHEMBL1957,35805,9,0.3,4.0,49,48,-1,18,10,8,16,17,0.9783588695355534,0.9944575466680367
eighth_synthetic,CHEMBL1957,35805,9,0.3,6.0,48,49,1,18,10,8,17,16,0.9757086377777777,0.994603522868124
