source,target,scorer_seed,rep,fraction,boost,scorecap_hits,chemdep_hits,delta_hits,changed_compounds,changed_scaffolds,within_scaffold_replacements,added_true_hits,removed_true_hits,added_original_score,removed_original_score
fifth_synthetic,CHEMBL222,35501,0,0.2,4.0,44,46,2,17,2,15,15,13,0.765791413366779,0.9498328733854026
fifth_synthetic,CHEMBL222,35501,0,0.2,6.0,44,48,4,18,4,14,17,13,0.7262228066666666,0.9540085024532465
fifth_synthetic,CHEMBL222,35501,0,0.3,4.0,44,45,1,17,2,15,14,13,0.7848418423242934,0.9551195079105642
fifth_synthetic,CHEMBL222,35501,0,0.3,6.0,44,46,2,17,3,14,15,13,0.7144314905882352,0.9619567823594224
fifth_synthetic,CHEMBL222,35501,1,0.2,4.0,44,46,2,18,3,15,15,13,0.7822610263148898,0.9432080478945246
fifth_synthetic,CHEMBL222,35501,1,0.2,6.0,44,48,4,18,4,14,17,13,0.7043038899999999,0.9527245342279633
fifth_synthetic,CHEMBL222,35501,1,0.3,4.0,44,46,2,17,3,14,15,13,0.772088627999312,0.9412700842345489
fifth_synthetic,CHEMBL222,35501,1,0.3,6.0,44,45,1,17,2,15,14,13,0.7269034663156332,0.9582306300714561
fifth_synthetic,CHEMBL222,35501,2,0.2,4.0,44,45,1,17,2,15,14,13,0.7848418423242934,0.9468907348166384
fifth_synthetic,CHEMBL222,35501,2,0.2,6.0,44,47,3,17,4,13,16,13,0.738869561764706,0.9509713682592074
fifth_synthetic,CHEMBL222,35501,2,0.3,4.0,43,46,3,18,2,16,15,12,0.8138639664167384,0.9464531199946646
fifth_synthetic,CHEMBL222,35501,2,0.3,6.0,43,48,5,18,4,14,17,12,0.7369024654092091,0.962338683841534
fifth_synthetic,CHEMBL222,35501,3,0.2,4.0,45,48,3,18,4,14,17,14,0.7719518136660167,0.9261165949266564
fifth_synthetic,CHEMBL222,35501,3,0.2,6.0,44,48,4,17,4,13,17,13,0.7265468711764705,0.9429990018035234
fifth_synthetic,CHEMBL222,35501,3,0.3,4.0,44,46,2,17,2,15,15,13,0.7642204372455734,0.9485379220078154
fifth_synthetic,CHEMBL222,35501,3,0.3,6.0,44,46,2,17,3,14,15,13,0.7310897094117647,0.9625644715986259
fifth_synthetic,CHEMBL222,35501,4,0.2,4.0,45,45,0,18,3,15,14,14,0.7994034083142398,0.9425515971354241
fifth_synthetic,CHEMBL222,35501,4,0.2,6.0,45,48,3,18,4,14,17,14,0.7122582194444445,0.9546514266497419
fifth_synthetic,CHEMBL222,35501,4,0.3,4.0,45,47,2,17,2,15,16,14,0.7207203147058823,0.9491387478931398
fifth_synthetic,CHEMBL222,35501,4,0.3,6.0,44,46,2,17,2,15,15,13,0.6993603217647059,0.9627555879778692
fifth_synthetic,CHEMBL222,35501,5,0.2,4.0,45,45,0,17,2,15,14,14,0.78237119465665,0.9478428564981796
fifth_synthetic,CHEMBL222,35501,5,0.2,6.0,45,47,2,17,3,14,16,14,0.7348378441176471,0.9532431136085845
fifth_synthetic,CHEMBL222,35501,5,0.3,4.0,44,46,2,18,3,15,15,13,0.7819274695291198,0.9554336875866145
fifth_synthetic,CHEMBL222,35501,5,0.3,6.0,44,47,3,18,2,16,16,13,0.674136195,0.9637347860800628
fifth_synthetic,CHEMBL222,35501,6,0.2,4.0,46,45,-1,18,4,14,14,15,0.7874677925897475,0.9283845793873255
fifth_synthetic,CHEMBL222,35501,6,0.2,6.0,45,46,1,16,3,13,15,14,0.7488134612499999,0.9503152823104021
fifth_synthetic,CHEMBL222,35501,6,0.3,4.0,44,45,1,19,2,17,14,13,0.7649855298154119,0.9571225869129862
fifth_synthetic,CHEMBL222,35501,6,0.3,6.0,44,48,4,19,4,15,17,13,0.6883336878947369,0.9655628729895631
fifth_synthetic,CHEMBL222,35501,7,0.2,4.0,44,45,1,18,2,16,14,13,0.7895512605312105,0.9470792918963468
fifth_synthetic,CHEMBL222,35501,7,0.2,6.0,44,48,4,18,4,14,17,13,0.7107521072222223,0.9532906431790242
fifth_synthetic,CHEMBL222,35501,7,0.3,4.0,45,45,0,19,3,16,14,14,0.7715063913421731,0.9470420156934448
fifth_synthetic,CHEMBL222,35501,7,0.3,6.0,44,47,3,19,4,15,17,14,0.6942170105263158,0.9572551283161294
fifth_synthetic,CHEMBL222,35501,8,0.2,4.0,46,47,1,18,3,15,16,15,0.7399365675549057,0.9367573605903513
fifth_synthetic,CHEMBL222,35501,8,0.2,6.0,45,47,2,17,2,15,16,14,0.6781769594117646,0.9500735300914971
fifth_synthetic,CHEMBL222,35501,8,0.3,4.0,43,47,4,18,3,15,16,12,0.8093494040874158,0.9468208375082914
fifth_synthetic,CHEMBL222,35501,8,0.3,6.0,43,48,5,17,4,13,17,12,0.7181246400000001,0.9635044716596535
fifth_synthetic,CHEMBL222,35501,9,0.2,4.0,45,46,1,18,3,15,15,14,0.7770721406848079,0.9358622128593375
fifth_synthetic,CHEMBL222,35501,9,0.2,6.0,44,47,3,17,3,14,16,13,0.7100348723529413,0.9505888848946195
fifth_synthetic,CHEMBL222,35501,9,0.3,4.0,44,45,1,18,1,17,14,13,0.7944297716475732,0.9543321215786877
fifth_synthetic,CHEMBL222,35501,9,0.3,6.0,44,47,3,18,3,15,16,13,0.7087454016666667,0.963590804908976
fifth_synthetic,CHEMBL225,35501,0,0.2,4.0,39,40,1,13,5,8,10,9,0.7868653681767351,0.8816042899105603
fifth_synthetic,CHEMBL225,35501,0,0.2,6.0,39,42,3,14,7,7,12,9,0.7548198491642711,0.8922377746518659
fifth_synthetic,CHEMBL225,35501,0,0.3,4.0,38,41,3,14,5,9,11,8,0.7971764150129964,0.903677682581456
fifth_synthetic,CHEMBL225,35501,0,0.3,6.0,38,42,4,15,6,9,12,8,0.7936380555618187,0.9145619410476544
fifth_synthetic,CHEMBL225,35501,1,0.2,4.0,39,42,3,14,5,9,12,9,0.7944853758478796,0.8895498263851052
fifth_synthetic,CHEMBL225,35501,1,0.2,6.0,39,44,5,14,7,7,14,9,0.7431239092857141,0.8925531257843556
fifth_synthetic,CHEMBL225,35501,1,0.3,4.0,38,41,3,14,5,9,11,8,0.7948638446830438,0.9025221966283652
fifth_synthetic,CHEMBL225,35501,1,0.3,6.0,38,42,4,14,6,8,12,8,0.7798645560805345,0.9086856598694849
fifth_synthetic,CHEMBL225,35501,2,0.2,4.0,39,43,4,13,5,8,13,9,0.750534153076923,0.8809826749708948
fifth_synthetic,CHEMBL225,35501,2,0.2,6.0,39,43,4,14,5,9,13,9,0.7642130446812174,0.8902655142015791
fifth_synthetic,CHEMBL225,35501,2,0.3,4.0,38,40,2,15,5,10,11,9,0.8100232358006014,0.8948544748783814
fifth_synthetic,CHEMBL225,35501,2,0.3,6.0,38,43,5,16,8,8,14,9,0.7648378728204678,0.905454417443686
fifth_synthetic,CHEMBL225,35501,3,0.2,4.0,38,41,3,12,5,7,11,8,0.7685813299128482,0.8783872426136782
fifth_synthetic,CHEMBL225,35501,3,0.2,6.0,38,41,3,13,5,8,11,8,0.7888636625713293,0.8910604757948933
fifth_synthetic,CHEMBL225,35501,3,0.3,4.0,37,39,2,14,5,9,10,8,0.7998175407944401,0.9021431937538608
fifth_synthetic,CHEMBL225,35501,3,0.3,6.0,37,43,6,15,9,6,14,8,0.7298373833333333,0.9144642201595616
fifth_synthetic,CHEMBL225,35501,4,0.2,4.0,39,43,4,14,6,8,13,9,0.7441295392110127,0.8854497522672024
fifth_synthetic,CHEMBL225,35501,4,0.2,6.0,39,43,4,14,6,8,13,9,0.7445764160805346,0.8901462826409708
fifth_synthetic,CHEMBL225,35501,4,0.3,4.0,37,42,5,13,5,8,12,7,0.7801229276118599,0.9041363758450592
fifth_synthetic,CHEMBL225,35501,4,0.3,6.0,37,43,6,14,6,8,13,7,0.7620243346519632,0.9153973224103229
fifth_synthetic,CHEMBL225,35501,5,0.2,4.0,39,40,1,13,5,8,10,9,0.7862152412139423,0.87951956314365
fifth_synthetic,CHEMBL225,35501,5,0.2,6.0,39,41,2,14,6,8,11,9,0.7875340759590914,0.8919563798412294
fifth_synthetic,CHEMBL225,35501,5,0.3,4.0,37,39,2,12,5,7,10,8,0.7761652257461814,0.888535396152676
fifth_synthetic,CHEMBL225,35501,5,0.3,6.0,37,40,3,14,6,8,11,8,0.7871115571903232,0.9082114788734881
fifth_synthetic,CHEMBL225,35501,6,0.2,4.0,38,41,3,12,5,7,11,8,0.7716393076023146,0.8820531418805948
fifth_synthetic,CHEMBL225,35501,6,0.2,6.0,38,43,5,13,7,6,13,8,0.7275040099999999,0.8916507851381534
fifth_synthetic,CHEMBL225,35501,6,0.3,4.0,38,40,2,15,5,10,11,9,0.809332800348346,0.89361572834671
fifth_synthetic,CHEMBL225,35501,6,0.3,6.0,38,42,4,16,7,9,13,9,0.7939616664642051,0.9052046615689466
fifth_synthetic,CHEMBL225,35501,7,0.2,4.0,39,40,1,13,5,8,10,9,0.7882413335593088,0.8814741472381059
fifth_synthetic,CHEMBL225,35501,7,0.2,6.0,39,42,3,13,7,6,12,9,0.7370008338461538,0.8843459390610607
fifth_synthetic,CHEMBL225,35501,7,0.3,4.0,37,39,2,14,5,9,11,9,0.8030515556894597,0.8865281517604615
fifth_synthetic,CHEMBL225,35501,7,0.3,6.0,37,40,3,15,7,8,12,9,0.7879979287109683,0.8988923527489597
fifth_synthetic,CHEMBL225,35501,8,0.2,4.0,39,42,3,12,6,6,12,9,0.7365268241666665,0.8749366814923935
fifth_synthetic,CHEMBL225,35501,8,0.2,6.0,39,43,4,14,7,7,13,9,0.7479699770214142,0.8923270510664618
fifth_synthetic,CHEMBL225,35501,8,0.3,4.0,37,39,2,15,5,10,11,9,0.8125271221368177,0.8926939756641885
fifth_synthetic,CHEMBL225,35501,8,0.3,6.0,37,41,4,16,8,8,13,9,0.7837964550415328,0.9050295990629428
fifth_synthetic,CHEMBL225,35501,9,0.2,4.0,39,42,3,14,6,8,12,9,0.7649295252855299,0.8865646214857928
fifth_synthetic,CHEMBL225,35501,9,0.2,6.0,39,43,4,14,7,7,13,9,0.7473998682233917,0.8921252304544228
fifth_synthetic,CHEMBL225,35501,9,0.3,4.0,38,40,2,16,5,11,11,9,0.8159976935895579,0.8983358592229347
fifth_synthetic,CHEMBL225,35501,9,0.3,6.0,38,43,5,16,8,8,14,9,0.7648378728204678,0.9052769810761077
fifth_synthetic,CHEMBL226,35501,0,0.2,4.0,39,43,4,18,5,13,14,10,0.7693280051746366,0.9298804149847459
fifth_synthetic,CHEMBL226,35501,0,0.2,6.0,38,45,7,19,8,11,17,10,0.7563728857894736,0.9459640922000527
fifth_synthetic,CHEMBL226,35501,0,0.3,4.0,37,46,9,21,9,12,19,10,0.7435196924944055,0.9456814139400294
fifth_synthetic,CHEMBL226,35501,0,0.3,6.0,37,47,10,21,10,11,20,10,0.7408840680952381,0.9601806983137268
fifth_synthetic,CHEMBL226,35501,1,0.2,4.0,38,45,7,18,7,11,17,10,0.7465119166666666,0.9476827356517897
fifth_synthetic,CHEMBL226,35501,1,0.2,6.0,38,45,7,18,7,11,17,10,0.7465119166666666,0.9551405872309731
fifth_synthetic,CHEMBL226,35501,1,0.3,4.0,36,43,7,21,8,13,17,10,0.7494900341235132,0.9471889276024059
fifth_synthetic,CHEMBL226,35501,1,0.3,6.0,36,46,10,20,10,10,19,9,0.7466900035,0.9666588888280243
fifth_synthetic,CHEMBL226,35501,2,0.2,4.0,38,42,4,19,6,13,15,11,0.7799727372578463,0.9317827659311748
fifth_synthetic,CHEMBL226,35501,2,0.2,6.0,38,45,7,19,8,11,17,10,0.7766195984210525,0.9469364699246214
fifth_synthetic,CHEMBL226,35501,2,0.3,4.0,37,43,6,19,8,11,16,10,0.7725115843400626,0.93670917100856
fifth_synthetic,CHEMBL226,35501,2,0.3,6.0,36,45,9,20,11,9,18,9,0.763161192,0.9631585853946186
fifth_synthetic,CHEMBL226,35501,3,0.2,4.0,38,44,6,18,6,12,16,10,0.7447746816666666,0.9345394207736403
fifth_synthetic,CHEMBL226,35501,3,0.2,6.0,37,44,7,19,7,12,17,10,0.7469254863157895,0.9467110285576781
fifth_synthetic,CHEMBL226,35501,3,0.3,4.0,36,43,7,21,9,12,17,10,0.7561846779134939,0.9466651977158277
fifth_synthetic,CHEMBL226,35501,3,0.3,6.0,36,45,9,20,10,10,18,9,0.7502228950000001,0.9665327263563462
fifth_synthetic,CHEMBL226,35501,4,0.2,4.0,38,43,5,19,6,13,16,11,0.7211997006208343,0.93874684063274
fifth_synthetic,CHEMBL226,35501,4,0.2,6.0,38,45,7,18,7,11,17,10,0.714519918888889,0.9539927372914696
fifth_synthetic,CHEMBL226,35501,4,0.3,4.0,36,43,7,21,8,13,17,10,0.7556448452914056,0.9415364259465484
fifth_synthetic,CHEMBL226,35501,4,0.3,6.0,36,46,10,20,10,10,19,9,0.744146752,0.9656744892988378
fifth_synthetic,CHEMBL226,35501,5,0.2,4.0,39,44,5,18,6,12,15,10,0.7510117490611753,0.932842406204315
fifth_synthetic,CHEMBL226,35501,5,0.2,6.0,38,45,7,19,8,11,17,10,0.7435553163157894,0.9464786607634821
fifth_synthetic,CHEMBL226,35501,5,0.3,4.0,36,44,8,22,9,13,19,11,0.717501674344389,0.9423254388744119
fifth_synthetic,CHEMBL226,35501,5,0.3,6.0,36,45,9,21,9,12,19,10,0.7086960076190477,0.9643132357907437
fifth_synthetic,CHEMBL226,35501,6,0.2,4.0,37,44,7,21,7,14,19,12,0.7335896411808538,0.9296851710333771
fifth_synthetic,CHEMBL226,35501,6,0.2,6.0,37,45,8,20,7,13,19,11,0.7319826094999999,0.94678308650705
fifth_synthetic,CHEMBL226,35501,6,0.3,4.0,36,44,8,20,8,12,17,9,0.7109846149368501,0.9430756091014223
fifth_synthetic,CHEMBL226,35501,6,0.3,6.0,36,46,10,20,10,10,19,9,0.7062027765,0.9657458793935774
fifth_synthetic,CHEMBL226,35501,7,0.2,4.0,37,44,7,19,7,12,17,10,0.74379277,0.9306470641375848
fifth_synthetic,CHEMBL226,35501,7,0.2,6.0,37,44,7,19,7,12,17,10,0.7420587473684211,0.9476801911088665
fifth_synthetic,CHEMBL226,35501,7,0.3,4.0,36,44,8,20,9,11,17,9,0.7726777672398965,0.9490127804212966
fifth_synthetic,CHEMBL226,35501,7,0.3,6.0,36,45,9,20,10,10,18,9,0.771357306,0.9667423958971332
fifth_synthetic,CHEMBL226,35501,8,0.2,4.0,39,44,5,18,6,12,15,10,0.752657276745986,0.931349917577562
fifth_synthetic,CHEMBL226,35501,8,0.2,6.0,39,46,7,18,8,10,17,10,0.7411903111111111,0.9525513279227871
fifth_synthetic,CHEMBL226,35501,8,0.3,4.0,36,43,7,19,9,10,16,9,0.7965998249022873,0.9437256339609672
fifth_synthetic,CHEMBL226,35501,8,0.3,6.0,36,45,9,20,12,8,18,9,0.7879953025,0.9643130942069883
fifth_synthetic,CHEMBL226,35501,9,0.2,4.0,39,44,5,17,6,11,15,10,0.7830506336109084,0.9346651996748827
fifth_synthetic,CHEMBL226,35501,9,0.2,6.0,38,45,7,18,8,10,17,10,0.7821875922222221,0.951500521335919
fifth_synthetic,CHEMBL226,35501,9,0.3,4.0,36,42,6,22,8,14,17,11,0.7891353101111669,0.9376835607044939
fifth_synthetic,CHEMBL226,35501,9,0.3,6.0,36,46,10,20,10,10,19,9,0.7727271080000001,0.9658509618818739
fifth_synthetic,CHEMBL227,35501,0,0.2,4.0,49,49,0,9,2,7,8,8,0.9770969117726196,0.997535968429885
fifth_synthetic,CHEMBL227,35501,0,0.2,6.0,49,49,0,9,3,6,8,8,0.9710307588888889,0.9976619357763052
fifth_synthetic,CHEMBL227,35501,0,0.3,4.0,50,49,-1,8,2,6,7,8,0.97277887875,0.9973918875000001
fifth_synthetic,CHEMBL227,35501,0,0.3,6.0,50,49,-1,8,2,6,7,8,0.97277887875,0.9973918875000001
fifth_synthetic,CHEMBL227,35501,1,0.2,4.0,50,49,-1,8,2,6,7,8,0.97277887875,0.9973918875000001
fifth_synthetic,CHEMBL227,35501,1,0.2,6.0,50,49,-1,8,2,6,7,8,0.97277887875,0.9973918875000001
fifth_synthetic,CHEMBL227,35501,1,0.3,4.0,49,49,0,9,2,7,8,8,0.9770969117726196,0.997535968429885
fifth_synthetic,CHEMBL227,35501,1,0.3,6.0,49,49,0,9,3,6,8,8,0.9710307588888889,0.9976619357763052
fifth_synthetic,CHEMBL227,35501,2,0.2,4.0,50,49,-1,8,2,6,7,8,0.97277887875,0.9973918875000001
fifth_synthetic,CHEMBL227,35501,2,0.2,6.0,50,49,-1,8,2,6,7,8,0.97277887875,0.9973918875000001
fifth_synthetic,CHEMBL227,35501,2,0.3,4.0,49,49,0,9,2,7,8,8,0.9770969117726196,0.997535968429885
fifth_synthetic,CHEMBL227,35501,2,0.3,6.0,49,49,0,9,3,6,8,8,0.9710307588888889,0.9976619357763052
fifth_synthetic,CHEMBL227,35501,3,0.2,4.0,49,49,0,9,2,7,8,8,0.9770969117726196,0.997535968429885
fifth_synthetic,CHEMBL227,35501,3,0.2,6.0,49,49,0,9,3,6,8,8,0.9710307588888889,0.9976619357763052
fifth_synthetic,CHEMBL227,35501,3,0.3,4.0,49,49,0,9,2,7,8,8,0.9770969117726196,0.997535968429885
fifth_synthetic,CHEMBL227,35501,3,0.3,6.0,49,49,0,9,3,6,8,8,0.9710307588888889,0.9976619357763052
fifth_synthetic,CHEMBL227,35501,4,0.2,4.0,50,49,-1,8,2,6,7,8,0.97277887875,0.9973918875000001
fifth_synthetic,CHEMBL227,35501,4,0.2,6.0,50,49,-1,8,2,6,7,8,0.97277887875,0.9973918875000001
fifth_synthetic,CHEMBL227,35501,4,0.3,4.0,49,49,0,9,2,7,8,8,0.9770969117726196,0.997535968429885
fifth_synthetic,CHEMBL227,35501,4,0.3,6.0,49,49,0,9,3,6,8,8,0.9710307588888889,0.9976619357763052
fifth_synthetic,CHEMBL227,35501,5,0.2,4.0,50,49,-1,8,2,6,7,8,0.97277887875,0.9973918875000001
fifth_synthetic,CHEMBL227,35501,5,0.2,6.0,50,49,-1,8,2,6,7,8,0.97277887875,0.9973918875000001
fifth_synthetic,CHEMBL227,35501,5,0.3,4.0,49,49,0,9,2,7,8,8,0.9770969117726196,0.997535968429885
fifth_synthetic,CHEMBL227,35501,5,0.3,6.0,49,49,0,9,3,6,8,8,0.9710307588888889,0.9976619357763052
fifth_synthetic,CHEMBL227,35501,6,0.2,4.0,49,49,0,9,2,7,8,8,0.9770969117726196,0.997535968429885
fifth_synthetic,CHEMBL227,35501,6,0.2,6.0,49,49,0,9,3,6,8,8,0.9710307588888889,0.9976619357763052
fifth_synthetic,CHEMBL227,35501,6,0.3,4.0,49,49,0,9,2,7,8,8,0.9770969117726196,0.997535968429885
fifth_synthetic,CHEMBL227,35501,6,0.3,6.0,49,49,0,9,3,6,8,8,0.9710307588888889,0.9976619357763052
fifth_synthetic,CHEMBL227,35501,7,0.2,4.0,50,49,-1,8,2,6,7,8,0.97277887875,0.9973918875000001
fifth_synthetic,CHEMBL227,35501,7,0.2,6.0,50,49,-1,8,2,6,7,8,0.97277887875,0.9973918875000001
fifth_synthetic,CHEMBL227,35501,7,0.3,4.0,49,49,0,9,2,7,8,8,0.9770969117726196,0.997535968429885
fifth_synthetic,CHEMBL227,35501,7,0.3,6.0,49,49,0,9,3,6,8,8,0.9710307588888889,0.9976619357763052
fifth_synthetic,CHEMBL227,35501,8,0.2,4.0,49,49,0,9,2,7,8,8,0.9770969117726196,0.997535968429885
fifth_synthetic,CHEMBL227,35501,8,0.2,6.0,49,49,0,9,3,6,8,8,0.9710307588888889,0.9976619357763052
fifth_synthetic,CHEMBL227,35501,8,0.3,4.0,49,49,0,9,2,7,8,8,0.9770969117726196,0.997535968429885
fifth_synthetic,CHEMBL227,35501,8,0.3,6.0,49,49,0,9,3,6,8,8,0.9710307588888889,0.9976619357763052
fifth_synthetic,CHEMBL227,35501,9,0.2,4.0,49,49,0,9,2,7,8,8,0.9770969117726196,0.997535968429885
fifth_synthetic,CHEMBL227,35501,9,0.2,6.0,49,49,0,9,3,6,8,8,0.9710307588888889,0.9976619357763052
fifth_synthetic,CHEMBL227,35501,9,0.3,4.0,49,49,0,9,2,7,8,8,0.9770969117726196,0.997535968429885
fifth_synthetic,CHEMBL227,35501,9,0.3,6.0,49,49,0,9,3,6,8,8,0.9710307588888889,0.9976619357763052
fifth_synthetic,CHEMBL231,35501,0,0.2,4.0,46,48,2,9,4,5,8,6,0.8505821599999999,0.937179394978459
fifth_synthetic,CHEMBL231,35501,0,0.2,6.0,46,48,2,9,3,6,8,6,0.8717976118786391,0.9533768169597572
fifth_synthetic,CHEMBL231,35501,0,0.3,4.0,46,46,0,8,2,6,6,6,0.8799939304123516,0.9399150478022784
fifth_synthetic,CHEMBL231,35501,0,0.3,6.0,45,45,0,8,2,6,6,6,0.894930947041259,0.9691286947125195
fifth_synthetic,CHEMBL231,35501,1,0.2,4.0,46,47,1,7,2,5,7,6,0.8807384342857142,0.946293078747603
fifth_synthetic,CHEMBL231,35501,1,0.2,6.0,46,47,1,8,2,6,7,6,0.8874450596134691,0.9706673055702546
fifth_synthetic,CHEMBL231,35501,1,0.3,4.0,45,46,1,9,2,7,7,6,0.8848051465796894,0.9373625550956256
fifth_synthetic,CHEMBL231,35501,1,0.3,6.0,45,45,0,9,2,7,6,6,0.8970609645179084,0.9712132487216244
fifth_synthetic,CHEMBL231,35501,2,0.2,4.0,46,47,1,8,3,5,7,6,0.8677303826349085,0.9295022989041527
fifth_synthetic,CHEMBL231,35501,2,0.2,6.0,46,46,0,7,1,6,6,6,0.9021273395582502,0.966944961733688
fifth_synthetic,CHEMBL231,35501,2,0.3,4.0,46,48,2,8,3,5,8,6,0.86397338375,0.9528309643507664
fifth_synthetic,CHEMBL231,35501,2,0.3,6.0,46,48,2,9,3,6,8,6,0.8717976118786391,0.9739053583404483
fifth_synthetic,CHEMBL231,35501,3,0.2,4.0,46,48,2,8,3,5,8,6,0.86397338375,0.9524784972068191
fifth_synthetic,CHEMBL231,35501,3,0.2,6.0,46,47,1,8,2,6,7,6,0.8874450596134691,0.9710051298118013
fifth_synthetic,CHEMBL231,35501,3,0.3,4.0,46,47,1,8,3,5,7,6,0.8677303826349085,0.9508126129466138
fifth_synthetic,CHEMBL231,35501,3,0.3,6.0,46,48,2,8,3,5,8,6,0.86397338375,0.9740589241160272
fifth_synthetic,CHEMBL231,35501,4,0.2,4.0,46,47,1,8,2,6,7,6,0.8809933152774431,0.9399150478022784
fifth_synthetic,CHEMBL231,35501,4,0.2,6.0,46,46,0,8,1,7,6,6,0.894420118291259,0.9691286947125195
fifth_synthetic,CHEMBL231,35501,4,0.3,4.0,46,46,0,8,2,6,6,6,0.8795344947596162,0.942624270584453
fifth_synthetic,CHEMBL231,35501,4,0.3,6.0,45,45,0,8,2,6,6,6,0.904134888904857,0.969563051616285
fifth_synthetic,CHEMBL231,35501,5,0.2,4.0,46,47,1,8,2,6,7,6,0.8805338796247075,0.942624270584453
fifth_synthetic,CHEMBL231,35501,5,0.2,6.0,46,46,0,8,1,7,6,6,0.903624060154857,0.969563051616285
fifth_synthetic,CHEMBL231,35501,5,0.3,4.0,46,46,0,8,2,6,6,6,0.8795344947596162,0.942624270584453
fifth_synthetic,CHEMBL231,35501,5,0.3,6.0,45,45,0,8,2,6,6,6,0.904134888904857,0.969563051616285
fifth_synthetic,CHEMBL231,35501,6,0.2,4.0,46,47,1,8,2,6,7,6,0.8809933152774431,0.9399150478022784
fifth_synthetic,CHEMBL231,35501,6,0.2,6.0,46,46,0,8,1,7,6,6,0.894420118291259,0.9691286947125195
fifth_synthetic,CHEMBL231,35501,6,0.3,4.0,46,48,2,8,3,5,8,6,0.86397338375,0.9528309643507664
fifth_synthetic,CHEMBL231,35501,6,0.3,6.0,46,48,2,9,3,6,8,6,0.8717976118786391,0.9739053583404483
fifth_synthetic,CHEMBL231,35501,7,0.2,4.0,46,47,1,8,3,5,7,6,0.8677303826349085,0.9295022989041527
fifth_synthetic,CHEMBL231,35501,7,0.2,6.0,46,46,0,7,1,6,6,6,0.9021273395582502,0.966944961733688
fifth_synthetic,CHEMBL231,35501,7,0.3,4.0,45,47,2,9,3,6,8,6,0.8743126024688382,0.9461218676488399
fifth_synthetic,CHEMBL231,35501,7,0.3,6.0,45,46,1,9,2,7,7,6,0.886247538481119,0.9724950960065277
fifth_synthetic,CHEMBL231,35501,8,0.2,4.0,46,47,1,7,2,5,7,6,0.8807384342857142,0.946293078747603
fifth_synthetic,CHEMBL231,35501,8,0.2,6.0,46,47,1,8,2,6,7,6,0.8874450596134691,0.9706673055702546
fifth_synthetic,CHEMBL231,35501,8,0.3,4.0,46,46,0,8,2,6,6,6,0.8799939304123516,0.9399150478022784
fifth_synthetic,CHEMBL231,35501,8,0.3,6.0,45,45,0,8,2,6,6,6,0.894930947041259,0.9691286947125195
fifth_synthetic,CHEMBL231,35501,9,0.2,4.0,46,46,0,8,2,6,6,6,0.8795344947596162,0.9406059191803002
fifth_synthetic,CHEMBL231,35501,9,0.2,6.0,46,46,0,7,1,6,6,6,0.8992287206187289,0.9691182258277805
fifth_synthetic,CHEMBL231,35501,9,0.3,4.0,45,46,1,8,2,6,7,6,0.885518040277443,0.9399150478022784
fifth_synthetic,CHEMBL231,35501,9,0.3,6.0,45,46,1,9,2,7,7,6,0.886247538481119,0.9721948077918197
fifth_synthetic,CHEMBL232,35501,0,0.2,4.0,40,42,2,8,5,3,8,6,0.6707450187499999,0.9329569414661336
fifth_synthetic,CHEMBL232,35501,0,0.2,6.0,40,41,1,8,4,4,7,6,0.7295050688132051,0.9385648396844495
fifth_synthetic,CHEMBL232,35501,0,0.3,4.0,40,43,3,10,5,5,8,5,0.6512009370972838,0.9401008577146159
fifth_synthetic,CHEMBL232,35501,0,0.3,6.0,40,44,4,9,5,4,9,5,0.6018001404444444,0.972829885494808
fifth_synthetic,CHEMBL232,35501,1,0.2,4.0,41,41,0,8,4,4,6,6,0.7528681580958145,0.9325569623053578
fifth_synthetic,CHEMBL232,35501,1,0.2,6.0,40,43,3,8,4,4,8,5,0.60432636875,0.9539379232238101
fifth_synthetic,CHEMBL232,35501,1,0.3,4.0,39,42,3,9,5,4,8,5,0.6314477116159973,0.9228637256618311
fifth_synthetic,CHEMBL232,35501,1,0.3,6.0,39,41,2,10,4,6,7,5,0.7131202301439005,0.9541055507622161
fifth_synthetic,CHEMBL232,35501,2,0.2,4.0,41,43,2,8,4,4,8,6,0.58380713675,0.9341377377794838
fifth_synthetic,CHEMBL232,35501,2,0.2,6.0,40,43,3,8,3,5,8,5,0.58334945425,0.9541621087476415
fifth_synthetic,CHEMBL232,35501,2,0.3,4.0,40,41,1,8,4,4,6,5,0.7453406601118561,0.9354725508245145
fifth_synthetic,CHEMBL232,35501,2,0.3,6.0,39,43,4,9,4,5,8,4,0.7072549453812246,0.9662553050060796
fifth_synthetic,CHEMBL232,35501,3,0.2,4.0,41,41,0,7,4,3,6,6,0.726026314657819,0.9276651144783569
fifth_synthetic,CHEMBL232,35501,3,0.2,6.0,40,42,2,7,4,3,7,5,0.6230688742857142,0.9480184754061352
fifth_synthetic,CHEMBL232,35501,3,0.3,4.0,40,40,0,8,3,5,5,5,0.7789631661971962,0.9583980453528484
fifth_synthetic,CHEMBL232,35501,3,0.3,6.0,40,43,3,8,4,4,8,5,0.63840328625,0.969409311188283
fifth_synthetic,CHEMBL232,35501,4,0.2,4.0,40,42,2,10,5,5,8,6,0.6799820008766517,0.9264520265786051
fifth_synthetic,CHEMBL232,35501,4,0.2,6.0,40,44,4,10,5,5,10,6,0.5611485694,0.9329158670944195
fifth_synthetic,CHEMBL232,35501,4,0.3,4.0,40,40,0,9,4,5,6,6,0.782592610334032,0.9396171133794888
fifth_synthetic,CHEMBL232,35501,4,0.3,6.0,40,43,3,10,5,5,9,6,0.6560578938431021,0.950234054155129
fifth_synthetic,CHEMBL232,35501,5,0.2,4.0,40,41,1,8,5,3,7,6,0.7272966378255915,0.9146843551685623
fifth_synthetic,CHEMBL232,35501,5,0.2,6.0,40,42,2,9,5,4,8,6,0.6763833453812246,0.9257017050817331
fifth_synthetic,CHEMBL232,35501,5,0.3,4.0,40,42,2,9,6,3,8,6,0.6990557702894147,0.940387284057063
fifth_synthetic,CHEMBL232,35501,5,0.3,6.0,40,42,2,9,5,4,8,6,0.671208916722849,0.9453888816282492
fifth_synthetic,CHEMBL232,35501,6,0.2,4.0,40,41,1,9,5,4,7,6,0.7510149071962796,0.9204749709380958
fifth_synthetic,CHEMBL232,35501,6,0.2,6.0,40,43,3,10,5,5,9,6,0.6560578938431021,0.9326689403683133
fifth_synthetic,CHEMBL232,35501,6,0.3,4.0,40,41,1,8,5,3,7,6,0.705292945067997,0.9059316417016612
fifth_synthetic,CHEMBL232,35501,6,0.3,6.0,39,41,2,9,5,4,7,5,0.7547520576675537,0.9353502929002969
fifth_synthetic,CHEMBL232,35501,7,0.2,4.0,40,41,1,8,5,3,7,6,0.7272966378255915,0.9146843551685623
fifth_synthetic,CHEMBL232,35501,7,0.2,6.0,40,42,2,9,5,4,8,6,0.6763833453812246,0.9257017050817331
fifth_synthetic,CHEMBL232,35501,7,0.3,4.0,40,43,3,9,5,4,8,5,0.6627289354147851,0.9328293205185356
fifth_synthetic,CHEMBL232,35501,7,0.3,6.0,39,43,4,9,4,5,8,4,0.7016736878339601,0.9567312151139805
fifth_synthetic,CHEMBL232,35501,8,0.2,4.0,40,42,2,9,5,4,8,6,0.679496932282664,0.913842030945108
fifth_synthetic,CHEMBL232,35501,8,0.2,6.0,40,41,1,9,4,5,7,6,0.7547520576675537,0.9408590595011914
fifth_synthetic,CHEMBL232,35501,8,0.3,4.0,39,42,3,10,5,5,8,5,0.6799820008766517,0.9489575252622439
fifth_synthetic,CHEMBL232,35501,8,0.3,6.0,39,43,4,10,4,6,9,5,0.5862663774505641,0.9579360230538618
fifth_synthetic,CHEMBL232,35501,9,0.2,4.0,41,41,0,8,5,3,6,6,0.728734517770223,0.9351952156778806
fifth_synthetic,CHEMBL232,35501,9,0.2,6.0,41,42,1,8,5,3,7,6,0.67028048875,0.9388717479546912
fifth_synthetic,CHEMBL232,35501,9,0.3,4.0,40,41,1,9,5,4,7,6,0.7510149071962796,0.9399429218635047
fifth_synthetic,CHEMBL232,35501,9,0.3,6.0,40,43,3,9,5,4,9,6,0.618977761111111,0.9453253625563725
fifth_synthetic,CHEMBL234,35501,0,0.2,4.0,48,48,0,23,23,0,22,22,0.9405881547826086,0.981953489208874
fifth_synthetic,CHEMBL234,35501,0,0.2,6.0,47,48,1,24,24,0,23,22,0.9416250483333334,0.9828735906128999
fifth_synthetic,CHEMBL234,35501,0,0.3,4.0,49,48,-1,23,23,0,22,23,0.9405881547826086,0.981034447826087
fifth_synthetic,CHEMBL234,35501,0,0.3,6.0,46,48,2,25,25,0,24,22,0.9426004168,0.9828852969073225
fifth_synthetic,CHEMBL234,35501,1,0.2,4.0,49,48,-1,23,23,0,22,23,0.9405881547826086,0.981034447826087
fifth_synthetic,CHEMBL234,35501,1,0.2,6.0,47,48,1,24,24,0,23,22,0.9416250483333334,0.9825593270120488
fifth_synthetic,CHEMBL234,35501,1,0.3,4.0,48,48,0,23,23,0,22,22,0.9405881547826086,0.9822302678887738
fifth_synthetic,CHEMBL234,35501,1,0.3,6.0,46,48,2,25,25,0,24,22,0.9426004168,0.9824809909486819
fifth_synthetic,CHEMBL234,35501,2,0.2,4.0,48,48,0,23,23,0,22,22,0.9405881547826086,0.9822302678887738
fifth_synthetic,CHEMBL234,35501,2,0.2,6.0,47,48,1,24,24,0,23,22,0.9416250483333334,0.9829101312199846
fifth_synthetic,CHEMBL234,35501,2,0.3,4.0,48,48,0,23,23,0,22,22,0.9405881547826086,0.9822302678887738
fifth_synthetic,CHEMBL234,35501,2,0.3,6.0,46,48,2,25,25,0,24,22,0.9426004168,0.9831013820065391
fifth_synthetic,CHEMBL234,35501,3,0.2,4.0,48,48,0,23,23,0,22,22,0.9405881547826086,0.9822302678887738
fifth_synthetic,CHEMBL234,35501,3,0.2,6.0,47,48,1,24,24,0,23,22,0.9416250483333334,0.9828369310882005
fifth_synthetic,CHEMBL234,35501,3,0.3,4.0,49,48,-1,23,23,0,22,23,0.9405881547826086,0.981034447826087
fifth_synthetic,CHEMBL234,35501,3,0.3,6.0,46,48,2,25,25,0,24,22,0.9426004168,0.9817915126048117
fifth_synthetic,CHEMBL234,35501,4,0.2,4.0,48,48,0,23,23,0,22,22,0.9405881547826086,0.981953489208874
fifth_synthetic,CHEMBL234,35501,4,0.2,6.0,47,48,1,24,24,0,23,22,0.9416250483333334,0.9827478750499813
fifth_synthetic,CHEMBL234,35501,4,0.3,4.0,49,48,-1,23,23,0,22,23,0.9405881547826086,0.981034447826087
fifth_synthetic,CHEMBL234,35501,4,0.3,6.0,46,48,2,25,25,0,24,22,0.9426004168,0.9829555690338354
fifth_synthetic,CHEMBL234,35501,5,0.2,4.0,48,48,0,23,23,0,22,22,0.9405881547826086,0.9822302678887738
fifth_synthetic,CHEMBL234,35501,5,0.2,6.0,47,48,1,24,24,0,23,22,0.9416250483333334,0.9829590423318925
fifth_synthetic,CHEMBL234,35501,5,0.3,4.0,48,48,0,23,23,0,22,22,0.9405881547826086,0.981953489208874
fifth_synthetic,CHEMBL234,35501,5,0.3,6.0,46,48,2,25,25,0,24,22,0.9426004168,0.983304216758084
fifth_synthetic,CHEMBL234,35501,6,0.2,4.0,49,48,-1,23,23,0,22,23,0.9405881547826086,0.981034447826087
fifth_synthetic,CHEMBL234,35501,6,0.2,6.0,47,48,1,24,24,0,23,22,0.9416250483333334,0.982510415900141
fifth_synthetic,CHEMBL234,35501,6,0.3,4.0,48,48,0,23,23,0,22,22,0.9405881547826086,0.9822302678887738
fifth_synthetic,CHEMBL234,35501,6,0.3,6.0,46,48,2,25,25,0,24,22,0.9426004168,0.9831716541330519
fifth_synthetic,CHEMBL234,35501,7,0.2,4.0,49,48,-1,23,23,0,22,23,0.9405881547826086,0.981034447826087
fifth_synthetic,CHEMBL234,35501,7,0.2,6.0,47,48,1,24,24,0,23,22,0.9416250483333334,0.9825593270120488
fifth_synthetic,CHEMBL234,35501,7,0.3,4.0,48,48,0,23,23,0,22,22,0.9405881547826086,0.9822302678887738
fifth_synthetic,CHEMBL234,35501,7,0.3,6.0,46,48,2,25,25,0,24,22,0.9426004168,0.9831716541330519
fifth_synthetic,CHEMBL234,35501,8,0.2,4.0,49,48,-1,23,23,0,22,23,0.9405881547826086,0.981034447826087
fifth_synthetic,CHEMBL234,35501,8,0.2,6.0,47,48,1,24,24,0,23,22,0.9416250483333334,0.9822408357236942
fifth_synthetic,CHEMBL234,35501,8,0.3,4.0,49,48,-1,23,23,0,22,23,0.9405881547826086,0.981034447826087
fifth_synthetic,CHEMBL234,35501,8,0.3,6.0,46,48,2,25,25,0,24,22,0.9426004168,0.9821476790555209
fifth_synthetic,CHEMBL234,35501,9,0.2,4.0,49,48,-1,23,23,0,22,23,0.9405881547826086,0.981034447826087
fifth_synthetic,CHEMBL234,35501,9,0.2,6.0,47,48,1,24,24,0,23,22,0.9416250483333334,0.982118724480002
fifth_synthetic,CHEMBL234,35501,9,0.3,4.0,48,48,0,23,23,0,22,22,0.9405881547826086,0.9822302678887738
fifth_synthetic,CHEMBL234,35501,9,0.3,6.0,46,48,2,25,25,0,24,22,0.9426004168,0.9832220689469408
fifth_synthetic,CHEMBL236,35501,0,0.2,4.0,47,49,2,26,23,3,25,23,0.9281251173227384,0.9853492606116718
fifth_synthetic,CHEMBL236,35501,0,0.2,6.0,46,50,4,25,23,2,25,21,0.9273240392,0.987211399118826
fifth_synthetic,CHEMBL236,35501,0,0.3,4.0,47,49,2,26,23,3,25,23,0.9281251173227384,0.9853492606116718
fifth_synthetic,CHEMBL236,35501,0,0.3,6.0,45,50,5,26,24,2,26,21,0.928989753076923,0.9869655921219226
fifth_synthetic,CHEMBL236,35501,1,0.2,4.0,49,50,1,23,21,2,23,22,0.9240512752173913,0.9843522252571354
fifth_synthetic,CHEMBL236,35501,1,0.2,6.0,46,49,3,25,23,2,25,22,0.9273240392,0.9854319475271897
fifth_synthetic,CHEMBL236,35501,1,0.3,4.0,46,50,4,25,23,2,25,21,0.9273240392,0.9853579121394168
fifth_synthetic,CHEMBL236,35501,1,0.3,6.0,45,50,5,25,23,2,25,20,0.9273240392,0.9870259918060708
fifth_synthetic,CHEMBL236,35501,2,0.2,4.0,49,50,1,23,21,2,23,22,0.9240512752173913,0.9843522252571354
fifth_synthetic,CHEMBL236,35501,2,0.2,6.0,47,50,3,25,23,2,25,22,0.9273240392,0.9849204124682067
fifth_synthetic,CHEMBL236,35501,2,0.3,4.0,47,49,2,26,23,3,25,23,0.9281251173227384,0.9843212071006554
fifth_synthetic,CHEMBL236,35501,2,0.3,6.0,45,49,4,26,24,2,25,21,0.9289563656196609,0.987112807989871
fifth_synthetic,CHEMBL236,35501,3,0.2,4.0,48,50,2,25,23,2,25,23,0.9273240392,0.9846241780908072
fifth_synthetic,CHEMBL236,35501,3,0.2,6.0,46,50,4,25,23,2,25,21,0.9273240392,0.9864176819935487
fifth_synthetic,CHEMBL236,35501,3,0.3,4.0,47,50,3,25,23,2,25,22,0.9273240392,0.9844069210700371
fifth_synthetic,CHEMBL236,35501,3,0.3,6.0,44,50,6,26,24,2,26,20,0.928989753076923,0.9871379479220891
fifth_synthetic,CHEMBL236,35501,4,0.2,4.0,47,50,3,25,23,2,25,22,0.9273240392,0.9852852675048867
fifth_synthetic,CHEMBL236,35501,4,0.2,6.0,46,50,4,25,23,2,25,21,0.9273240392,0.9865379099370233
fifth_synthetic,CHEMBL236,35501,4,0.3,4.0,47,50,3,25,23,2,25,22,0.9273240392,0.9844069210700371
fifth_synthetic,CHEMBL236,35501,4,0.3,6.0,44,50,6,26,24,2,26,20,0.928989753076923,0.9871987294384196
fifth_synthetic,CHEMBL236,35501,5,0.2,4.0,49,50,1,24,22,2,24,23,0.92571650125,0.984425292132182
fifth_synthetic,CHEMBL236,35501,5,0.2,6.0,46,50,4,25,23,2,25,21,0.9273240392,0.9863346745443635
fifth_synthetic,CHEMBL236,35501,5,0.3,4.0,47,50,3,25,23,2,25,22,0.9273240392,0.9854954248486228
fifth_synthetic,CHEMBL236,35501,5,0.3,6.0,45,50,5,26,24,2,26,21,0.928989753076923,0.9875120942990192
fifth_synthetic,CHEMBL236,35501,6,0.2,4.0,49,50,1,24,22,2,24,23,0.92571650125,0.9835103479292137
fifth_synthetic,CHEMBL236,35501,6,0.2,6.0,46,50,4,25,23,2,25,21,0.9273240392,0.9864855294391692
fifth_synthetic,CHEMBL236,35501,6,0.3,4.0,47,50,3,25,23,2,25,22,0.9273240392,0.9840372986289103
fifth_synthetic,CHEMBL236,35501,6,0.3,6.0,46,50,4,25,23,2,25,21,0.9273240392,0.9863653006978614
fifth_synthetic,CHEMBL236,35501,7,0.2,4.0,49,50,1,23,21,2,23,22,0.9240512752173913,0.9843522252571354
fifth_synthetic,CHEMBL236,35501,7,0.2,6.0,46,50,4,25,23,2,25,21,0.9273240392,0.9851937179287922
fifth_synthetic,CHEMBL236,35501,7,0.3,4.0,46,50,4,25,23,2,25,21,0.9273240392,0.9860547973497471
fifth_synthetic,CHEMBL236,35501,7,0.3,6.0,44,50,6,26,24,2,26,20,0.928989753076923,0.9884918223741922
fifth_synthetic,CHEMBL236,35501,8,0.2,4.0,48,50,2,24,22,2,24,22,0.92571650125,0.9849005667536034
fifth_synthetic,CHEMBL236,35501,8,0.2,6.0,46,50,4,25,23,2,25,21,0.9273240392,0.9856439911854141
fifth_synthetic,CHEMBL236,35501,8,0.3,4.0,46,50,4,25,23,2,25,21,0.9273240392,0.9855627379169318
fifth_synthetic,CHEMBL236,35501,8,0.3,6.0,44,50,6,26,24,2,26,20,0.928989753076923,0.9878907974145315
fifth_synthetic,CHEMBL236,35501,9,0.2,4.0,50,50,0,23,21,2,23,23,0.9240512752173913,0.9838562865217392
fifth_synthetic,CHEMBL236,35501,9,0.2,6.0,47,49,2,26,23,3,25,23,0.9281938707310362,0.9842104601509075
fifth_synthetic,CHEMBL236,35501,9,0.3,4.0,46,50,4,25,23,2,25,21,0.9273240392,0.9854776855648839
fifth_synthetic,CHEMBL236,35501,9,0.3,6.0,45,49,4,26,24,2,25,21,0.9289563656196609,0.987253256817959
fifth_synthetic,CHEMBL238,35501,0,0.2,4.0,42,43,1,13,7,6,8,7,0.8494695219365946,0.96509568133238
fifth_synthetic,CHEMBL238,35501,0,0.2,6.0,41,45,4,15,7,8,11,7,0.8400963137001554,0.9809899394826082
fifth_synthetic,CHEMBL238,35501,0,0.3,4.0,41,45,4,14,7,7,11,7,0.8899878265939626,0.9722998950552588
fifth_synthetic,CHEMBL238,35501,0,0.3,6.0,38,45,7,16,9,7,14,7,0.8607720556931485,0.9804554571522064
fifth_synthetic,CHEMBL238,35501,1,0.2,4.0,44,45,1,13,5,8,9,8,0.8474769761625083,0.9650836683290238
fifth_synthetic,CHEMBL238,35501,1,0.2,6.0,42,44,2,15,8,7,10,8,0.8591025907498941,0.972326043327301
fifth_synthetic,CHEMBL238,35501,1,0.3,4.0,42,45,3,14,7,7,11,8,0.8544889216328755,0.9680064337741877
fifth_synthetic,CHEMBL238,35501,1,0.3,6.0,40,44,4,16,9,7,12,8,0.8654832029160544,0.9796905124732895
fifth_synthetic,CHEMBL238,35501,2,0.2,4.0,43,44,1,13,7,6,10,9,0.8867600417584812,0.9642224270856246
fifth_synthetic,CHEMBL238,35501,2,0.2,6.0,41,43,2,15,8,7,11,9,0.9083528471061804,0.9748681124629418
fifth_synthetic,CHEMBL238,35501,2,0.3,4.0,42,44,2,12,6,6,9,7,0.8623313258141633,0.968262864177833
fifth_synthetic,CHEMBL238,35501,2,0.3,6.0,39,45,6,16,8,8,13,7,0.8531184350740153,0.9813444299830508
fifth_synthetic,CHEMBL238,35501,3,0.2,4.0,45,46,1,13,6,7,10,9,0.8645248423076922,0.9708257176980442
fifth_synthetic,CHEMBL238,35501,3,0.2,6.0,42,45,3,16,8,8,12,9,0.8791551635334738,0.9730557451785816
fifth_synthetic,CHEMBL238,35501,3,0.3,4.0,42,44,2,14,7,7,11,9,0.8726607919135697,0.9611587877218885
fifth_synthetic,CHEMBL238,35501,3,0.3,6.0,39,44,5,17,11,6,14,9,0.8779906989692532,0.9795727705391987
fifth_synthetic,CHEMBL238,35501,4,0.2,4.0,43,45,2,13,4,9,9,7,0.8537975954491863,0.9752747563946003
fifth_synthetic,CHEMBL238,35501,4,0.2,6.0,42,46,4,14,6,8,11,7,0.8156643693681815,0.9809061135774223
fifth_synthetic,CHEMBL238,35501,4,0.3,4.0,41,44,3,15,8,7,11,8,0.8741920273179973,0.9670657507538806
fifth_synthetic,CHEMBL238,35501,4,0.3,6.0,40,45,5,17,10,7,13,8,0.8432003721783192,0.9833030771936431
fifth_synthetic,CHEMBL238,35501,5,0.2,4.0,43,44,1,14,7,7,9,8,0.8457304028651862,0.9603695377775093
fifth_synthetic,CHEMBL238,35501,5,0.2,6.0,42,44,2,14,8,6,10,8,0.8580411719308163,0.9767031737499747
fifth_synthetic,CHEMBL238,35501,5,0.3,4.0,40,45,5,13,6,7,11,6,0.8575573413007465,0.9725925334888406
fifth_synthetic,CHEMBL238,35501,5,0.3,6.0,39,46,7,16,7,9,13,6,0.8402838300400997,0.9843131353527197
fifth_synthetic,CHEMBL238,35501,6,0.2,4.0,44,44,0,12,6,6,8,8,0.8874746255758086,0.9676018605705855
fifth_synthetic,CHEMBL238,35501,6,0.2,6.0,42,45,3,14,8,6,11,8,0.8496353438967231,0.9767744002402218
fifth_synthetic,CHEMBL238,35501,6,0.3,4.0,41,44,3,12,6,6,9,6,0.8863258758141632,0.9642537299066564
fifth_synthetic,CHEMBL238,35501,6,0.3,6.0,38,45,7,15,8,7,13,6,0.8643167377001554,0.9782822761045004
fifth_synthetic,CHEMBL238,35501,7,0.2,4.0,42,45,3,14,8,6,11,8,0.8809423957142857,0.9621290911901098
fifth_synthetic,CHEMBL238,35501,7,0.2,6.0,41,45,4,15,8,7,12,8,0.8903008498356954,0.9765286200336468
fifth_synthetic,CHEMBL238,35501,7,0.3,4.0,41,44,3,14,8,6,11,8,0.8856662142382495,0.9648169133529451
fifth_synthetic,CHEMBL238,35501,7,0.3,6.0,39,44,5,17,10,7,13,8,0.8904343434511486,0.9771229139769491
fifth_synthetic,CHEMBL238,35501,8,0.2,4.0,44,45,1,14,7,7,10,9,0.8873813280614468,0.9554555272262266
fifth_synthetic,CHEMBL238,35501,8,0.2,6.0,43,44,1,15,9,6,10,9,0.8819105998790646,0.9729925559891183
fifth_synthetic,CHEMBL238,35501,8,0.3,4.0,41,44,3,14,8,6,10,7,0.8793704050080435,0.9578845731560363
fifth_synthetic,CHEMBL238,35501,8,0.3,6.0,39,44,5,15,9,6,12,7,0.8880858031104581,0.9760831966699843
fifth_synthetic,CHEMBL238,35501,9,0.2,4.0,44,45,1,11,4,7,8,7,0.8621680460827004,0.9735010375670037
fifth_synthetic,CHEMBL238,35501,9,0.2,6.0,42,46,4,13,5,8,11,7,0.8321337325403868,0.981534208932003
fifth_synthetic,CHEMBL238,35501,9,0.3,4.0,40,44,4,13,7,6,11,7,0.8934501982238234,0.9686513184721248
fifth_synthetic,CHEMBL238,35501,9,0.3,6.0,38,44,6,16,8,8,13,7,0.8712571765072126,0.980862012026698
fifth_synthetic,CHEMBL239,35501,0,0.2,4.0,30,34,4,15,2,13,9,5,0.6812932409439614,0.8624670362428472
fifth_synthetic,CHEMBL239,35501,0,0.2,6.0,30,36,6,16,6,10,11,5,0.6171958005785888,0.8830431683277618
fifth_synthetic,CHEMBL239,35501,0,0.3,4.0,29,37,8,16,4,12,12,4,0.6814736444356659,0.8885673532121225
fifth_synthetic,CHEMBL239,35501,0,0.3,6.0,29,38,9,17,7,10,13,4,0.6454543210921796,0.903112527032439
fifth_synthetic,CHEMBL239,35501,1,0.2,4.0,31,33,2,15,2,13,8,6,0.7234715115565945,0.8713110231235167
fifth_synthetic,CHEMBL239,35501,1,0.2,6.0,31,36,5,16,8,8,11,6,0.612399750625,0.8904963317970476
fifth_synthetic,CHEMBL239,35501,1,0.3,4.0,29,32,3,17,2,15,8,5,0.710114505616828,0.874768999988115
fifth_synthetic,CHEMBL239,35501,1,0.3,6.0,29,37,8,18,7,11,13,5,0.5973800140503546,0.9018358006707958
fifth_synthetic,CHEMBL239,35501,2,0.2,4.0,30,36,6,15,3,12,10,4,0.6860457517676826,0.8836968062883263
fifth_synthetic,CHEMBL239,35501,2,0.2,6.0,30,37,7,15,7,8,11,4,0.6051525406666666,0.890885936404397
fifth_synthetic,CHEMBL239,35501,2,0.3,4.0,29,35,6,17,2,15,10,4,0.7275799449773901,0.9048715929852803
fifth_synthetic,CHEMBL239,35501,2,0.3,6.0,29,38,9,17,7,10,13,4,0.64020543230926,0.9251909368843959
fifth_synthetic,CHEMBL239,35501,3,0.2,4.0,31,36,5,15,4,11,10,5,0.6694310324924273,0.8744248155367532
fifth_synthetic,CHEMBL239,35501,3,0.2,6.0,31,37,6,15,7,8,11,5,0.6135648259504946,0.8848163443575575
fifth_synthetic,CHEMBL239,35501,3,0.3,4.0,28,33,5,16,2,14,8,3,0.7143930717177099,0.8866863956784259
fifth_synthetic,CHEMBL239,35501,3,0.3,6.0,28,37,9,16,5,11,12,3,0.6148550262146952,0.9258306394999396
fifth_synthetic,CHEMBL239,35501,4,0.2,4.0,31,33,2,14,3,11,8,6,0.6824860155276007,0.8505594610902688
fifth_synthetic,CHEMBL239,35501,4,0.2,6.0,31,35,4,16,6,10,10,6,0.6610075983177555,0.872226810153398
fifth_synthetic,CHEMBL239,35501,4,0.3,4.0,29,33,4,16,2,14,9,5,0.7248749047329887,0.8906361611287751
fifth_synthetic,CHEMBL239,35501,4,0.3,6.0,29,37,8,18,9,9,13,5,0.6237279860698567,0.9145491865552159
fifth_synthetic,CHEMBL239,35501,5,0.2,4.0,31,35,4,16,4,12,10,6,0.7028601824943974,0.8688827452317418
fifth_synthetic,CHEMBL239,35501,5,0.2,6.0,31,36,5,15,8,7,11,6,0.5995944139999999,0.8963414178031213
fifth_synthetic,CHEMBL239,35501,5,0.3,4.0,30,31,1,15,2,13,7,6,0.7465797288565246,0.8663106159913355
fifth_synthetic,CHEMBL239,35501,5,0.3,6.0,30,35,5,19,8,11,11,6,0.6674248359061061,0.9029794988456092
fifth_synthetic,CHEMBL239,35501,6,0.2,4.0,31,33,2,14,3,11,8,6,0.6827910627146655,0.8466733896668703
fifth_synthetic,CHEMBL239,35501,6,0.2,6.0,31,36,5,16,7,9,11,6,0.5880281287035888,0.8760049799733434
fifth_synthetic,CHEMBL239,35501,6,0.3,4.0,30,33,3,18,2,16,9,6,0.7473865186527648,0.886250590168849
fifth_synthetic,CHEMBL239,35501,6,0.3,6.0,30,37,7,19,9,10,13,6,0.6434520868030221,0.9067770314605185
fifth_synthetic,CHEMBL239,35501,7,0.2,4.0,30,35,5,14,3,11,10,5,0.6790720197309378,0.8595443774620852
fifth_synthetic,CHEMBL239,35501,7,0.2,6.0,30,37,7,16,8,8,12,5,0.604192388125,0.8804281020301437
fifth_synthetic,CHEMBL239,35501,7,0.3,4.0,29,35,6,16,3,13,10,4,0.7067436806595642,0.9152705183361258
fifth_synthetic,CHEMBL239,35501,7,0.3,6.0,29,37,8,16,8,8,12,4,0.6120789055785887,0.9324703955124203
fifth_synthetic,CHEMBL239,35501,8,0.2,4.0,31,33,2,16,2,14,8,6,0.7292984620136638,0.8743050284720841
fifth_synthetic,CHEMBL239,35501,8,0.2,6.0,31,36,5,16,7,9,11,6,0.6342276280785888,0.8903671053348826
fifth_synthetic,CHEMBL239,35501,8,0.3,4.0,28,32,4,17,2,15,8,4,0.7253387750648377,0.8807263154522695
fifth_synthetic,CHEMBL239,35501,8,0.3,6.0,28,36,8,17,7,10,12,4,0.6423787846726543,0.9225706821843436
fifth_synthetic,CHEMBL239,35501,9,0.2,4.0,30,34,4,15,3,12,9,5,0.6632135271268645,0.8500809699729014
fifth_synthetic,CHEMBL239,35501,9,0.2,6.0,30,36,6,16,7,9,11,5,0.5990342899535888,0.8686779114063257
fifth_synthetic,CHEMBL239,35501,9,0.3,4.0,30,33,3,18,2,16,9,6,0.7509331342226393,0.8870922501375968
fifth_synthetic,CHEMBL239,35501,9,0.3,6.0,30,37,7,19,9,10,13,6,0.6440768778584016,0.9058225664817257
fifth_synthetic,CHEMBL222,35502,0,0.2,4.0,44,45,1,19,3,16,15,14,0.7085970721822688,0.9456399434209793
fifth_synthetic,CHEMBL222,35502,0,0.2,6.0,44,46,2,19,4,15,16,14,0.7036023749909803,0.9472202305197183
fifth_synthetic,CHEMBL222,35502,0,0.3,4.0,43,44,1,18,4,14,15,14,0.7098967732047048,0.939134603720069
fifth_synthetic,CHEMBL222,35502,0,0.3,6.0,42,44,2,18,4,14,16,14,0.6907404405555555,0.9437923821266294
fifth_synthetic,CHEMBL222,35502,1,0.2,4.0,44,45,1,19,4,15,15,14,0.7155601576919555,0.9362463594269969
fifth_synthetic,CHEMBL222,35502,1,0.2,6.0,44,45,1,19,3,16,15,14,0.6989317300793869,0.9458437897890061
fifth_synthetic,CHEMBL222,35502,1,0.3,4.0,44,45,1,18,4,14,15,14,0.709272564112474,0.9352267977446149
fifth_synthetic,CHEMBL222,35502,1,0.3,6.0,42,44,2,20,4,16,16,14,0.7208619487002432,0.9432365665059479
fifth_synthetic,CHEMBL222,35502,2,0.2,4.0,44,44,0,17,3,14,14,14,0.704203563981452,0.9381995020753997
fifth_synthetic,CHEMBL222,35502,2,0.2,6.0,44,44,0,17,3,14,14,14,0.7171618518926707,0.9408585255252196
fifth_synthetic,CHEMBL222,35502,2,0.3,4.0,43,45,2,18,3,15,15,13,0.7319455439838454,0.9399217919989447
fifth_synthetic,CHEMBL222,35502,2,0.3,6.0,42,46,4,19,4,15,17,13,0.7219601190947479,0.9458467538188448
fifth_synthetic,CHEMBL222,35502,3,0.2,4.0,45,46,1,19,6,13,16,15,0.7551373996864691,0.921915380107473
fifth_synthetic,CHEMBL222,35502,3,0.2,6.0,44,47,3,19,4,15,17,14,0.715387959800245,0.9372961849751008
fifth_synthetic,CHEMBL222,35502,3,0.3,4.0,44,45,1,18,3,15,15,14,0.6945430315334675,0.9429540381747934
fifth_synthetic,CHEMBL222,35502,3,0.3,6.0,42,43,1,19,3,16,15,14,0.7233635655806991,0.9442914004947666
fifth_synthetic,CHEMBL222,35502,4,0.2,4.0,44,44,0,20,5,15,15,15,0.7569554070085843,0.929765382926672
fifth_synthetic,CHEMBL222,35502,4,0.2,6.0,44,45,1,20,4,16,16,15,0.7175872990754176,0.940578900546362
fifth_synthetic,CHEMBL222,35502,4,0.3,4.0,45,46,1,19,3,16,16,15,0.6721715998738113,0.9443632234495118
fifth_synthetic,CHEMBL222,35502,4,0.3,6.0,43,44,1,19,2,17,15,14,0.6944248108438571,0.9531335947027284
fifth_synthetic,CHEMBL222,35502,5,0.2,4.0,44,44,0,18,4,14,15,15,0.7372291891124739,0.9327092492924451
fifth_synthetic,CHEMBL222,35502,5,0.2,6.0,44,45,1,18,4,14,16,15,0.7110390761111111,0.9355428635211077
fifth_synthetic,CHEMBL222,35502,5,0.3,4.0,43,45,2,20,5,15,16,14,0.7134550558371788,0.9412340742606515
fifth_synthetic,CHEMBL222,35502,5,0.3,6.0,42,46,4,20,5,15,18,14,0.6838002415,0.948811030828633
fifth_synthetic,CHEMBL222,35502,6,0.2,4.0,46,44,-2,19,5,14,14,16,0.7428274328732686,0.9242600591948575
fifth_synthetic,CHEMBL222,35502,6,0.2,6.0,44,44,0,19,4,15,15,15,0.7476869285989506,0.9357197389479632
fifth_synthetic,CHEMBL222,35502,6,0.3,4.0,43,44,1,19,3,16,15,14,0.7053459274993159,0.9496781982523911
fifth_synthetic,CHEMBL222,35502,6,0.3,6.0,43,46,3,19,4,15,17,14,0.6680044621052631,0.9553999402996084
fifth_synthetic,CHEMBL222,35502,7,0.2,4.0,44,44,0,19,3,16,14,14,0.7253451150299951,0.9417156840460272
fifth_synthetic,CHEMBL222,35502,7,0.2,6.0,44,46,2,19,4,15,16,14,0.6972854074829158,0.9466625740872312
fifth_synthetic,CHEMBL222,35502,7,0.3,4.0,44,44,0,19,4,15,15,15,0.7254953453531165,0.9376296381283954
fifth_synthetic,CHEMBL222,35502,7,0.3,6.0,43,45,2,19,5,14,17,15,0.7052454721052631,0.9467038092651524
fifth_synthetic,CHEMBL222,35502,8,0.2,4.0,46,45,-1,18,3,15,14,15,0.6821100264948566,0.939426219803041
fifth_synthetic,CHEMBL222,35502,8,0.2,6.0,45,46,1,18,3,15,16,15,0.6603001916666666,0.9425629127350784
fifth_synthetic,CHEMBL222,35502,8,0.3,4.0,43,45,2,19,4,15,15,13,0.7375775328646454,0.9398682753387216
fifth_synthetic,CHEMBL222,35502,8,0.3,6.0,42,46,4,19,4,15,17,13,0.7086739924829158,0.9483120177274531
fifth_synthetic,CHEMBL222,35502,9,0.2,4.0,45,44,-1,19,4,15,14,15,0.7129419844522161,0.9317649746853786
fifth_synthetic,CHEMBL222,35502,9,0.2,6.0,44,45,1,18,3,15,15,14,0.6982697912319668,0.9437448353353813
fifth_synthetic,CHEMBL222,35502,9,0.3,4.0,43,44,1,20,3,17,15,14,0.7200430660085841,0.9417281935764572
fifth_synthetic,CHEMBL222,35502,9,0.3,6.0,42,46,4,21,5,16,18,14,0.7009669033906979,0.9486616018205567
fifth_synthetic,CHEMBL225,35502,0,0.2,4.0,41,41,0,14,3,11,9,9,0.8086353615389167,0.9021936352286664
fifth_synthetic,CHEMBL225,35502,0,0.2,6.0,41,42,1,13,3,10,9,8,0.810572429970697,0.9175945211276193
fifth_synthetic,CHEMBL225,35502,0,0.3,4.0,40,42,2,14,2,12,10,8,0.8124032192509665,0.9143190714910375
fifth_synthetic,CHEMBL225,35502,0,0.3,6.0,40,43,3,14,3,11,11,8,0.8061883757858983,0.9220387333031066
fifth_synthetic,CHEMBL225,35502,1,0.2,4.0,41,43,2,12,2,10,10,8,0.8051918425701876,0.9110425902132092
fifth_synthetic,CHEMBL225,35502,1,0.2,6.0,41,43,2,12,2,10,10,8,0.816017240502101,0.9148381213819178
fifth_synthetic,CHEMBL225,35502,1,0.3,4.0,40,42,2,13,2,11,10,8,0.803646361958224,0.909888032884115
fifth_synthetic,CHEMBL225,35502,1,0.3,6.0,40,43,3,13,3,10,11,8,0.792496376143736,0.9163467357908156
fifth_synthetic,CHEMBL225,35502,2,0.2,4.0,41,44,3,12,2,10,11,8,0.7954744885147899,0.9032112116059107
fifth_synthetic,CHEMBL225,35502,2,0.2,6.0,41,44,3,12,2,10,11,8,0.7951437232001367,0.907315967435795
fifth_synthetic,CHEMBL225,35502,2,0.3,4.0,40,41,1,13,2,11,9,8,0.8139916323664617,0.9156409759474283
fifth_synthetic,CHEMBL225,35502,2,0.3,6.0,40,43,3,14,4,10,11,8,0.8092660377031945,0.9264377553006262
fifth_synthetic,CHEMBL225,35502,3,0.2,4.0,40,42,2,12,2,10,9,7,0.7973599308409999,0.9124563395039078
fifth_synthetic,CHEMBL225,35502,3,0.2,6.0,40,42,2,12,2,10,9,7,0.8155141767502148,0.9196681487529657
fifth_synthetic,CHEMBL225,35502,3,0.3,4.0,39,41,2,13,1,12,9,7,0.8197769682556802,0.9222500354877966
fifth_synthetic,CHEMBL225,35502,3,0.3,6.0,39,43,4,14,4,10,11,7,0.7918239391463613,0.9343420171912153
fifth_synthetic,CHEMBL225,35502,4,0.2,4.0,41,44,3,13,3,10,11,8,0.7850213808560298,0.9059272127996015
fifth_synthetic,CHEMBL225,35502,4,0.2,6.0,41,44,3,13,3,10,11,8,0.7875674607591207,0.9108933873258539
fifth_synthetic,CHEMBL225,35502,4,0.3,4.0,39,43,4,12,2,10,11,7,0.7929404209273656,0.913252553153283
fifth_synthetic,CHEMBL225,35502,4,0.3,6.0,39,44,5,12,2,10,11,6,0.795698674155714,0.9364600378055448
fifth_synthetic,CHEMBL225,35502,5,0.2,4.0,41,41,0,14,3,11,9,9,0.8047439100218626,0.9006822255877143
fifth_synthetic,CHEMBL225,35502,5,0.2,6.0,41,42,1,13,3,10,9,8,0.8107876093078905,0.9173564543227997
fifth_synthetic,CHEMBL225,35502,5,0.3,4.0,39,41,2,12,1,11,9,7,0.8048298327754887,0.9157459439119684
fifth_synthetic,CHEMBL225,35502,5,0.3,6.0,39,41,2,13,2,11,9,7,0.810429731405401,0.929273381171363
fifth_synthetic,CHEMBL225,35502,6,0.2,4.0,40,42,2,11,2,9,9,7,0.7976101563110486,0.9125280523325682
fifth_synthetic,CHEMBL225,35502,6,0.2,6.0,40,44,4,12,4,8,11,7,0.76197604,0.9204003816803444
fifth_synthetic,CHEMBL225,35502,6,0.3,4.0,40,41,1,14,2,12,9,8,0.8171373592958359,0.9172874706419634
fifth_synthetic,CHEMBL225,35502,6,0.3,6.0,40,42,2,14,3,11,10,8,0.8235169320751169,0.9260886231117581
fifth_synthetic,CHEMBL225,35502,7,0.2,4.0,41,41,0,13,3,10,9,9,0.8027674446192081,0.8984573319028222
fifth_synthetic,CHEMBL225,35502,7,0.2,6.0,41,42,1,12,3,9,9,8,0.7962771840040882,0.9113025825470462
fifth_synthetic,CHEMBL225,35502,7,0.3,4.0,39,40,1,13,1,12,8,7,0.8227961711611188,0.9247225272913824
fifth_synthetic,CHEMBL225,35502,7,0.3,6.0,39,41,2,13,3,10,9,7,0.8107855160207855,0.9337556472414961
fifth_synthetic,CHEMBL225,35502,8,0.2,4.0,41,43,2,12,3,9,10,8,0.7828278582469674,0.9079373862441353
fifth_synthetic,CHEMBL225,35502,8,0.2,6.0,41,44,3,13,4,9,11,8,0.7790689885487698,0.9178108551810524
fifth_synthetic,CHEMBL225,35502,8,0.3,4.0,39,40,1,14,1,13,8,7,0.8307718045406894,0.9287677810639956
fifth_synthetic,CHEMBL225,35502,8,0.3,6.0,39,41,2,14,3,11,9,7,0.8235928525942334,0.9383037420982842
fifth_synthetic,CHEMBL225,35502,9,0.2,4.0,41,43,2,13,3,10,10,8,0.7901196855197353,0.9114657472698293
fifth_synthetic,CHEMBL225,35502,9,0.2,6.0,41,43,2,13,3,10,10,8,0.8062289829167406,0.9175966040428634
fifth_synthetic,CHEMBL225,35502,9,0.3,4.0,40,41,1,14,2,12,9,8,0.818407674021369,0.9180746399632798
fifth_synthetic,CHEMBL225,35502,9,0.3,6.0,40,43,3,14,4,10,11,8,0.8091266555655448,0.9262045032403812
fifth_synthetic,CHEMBL226,35502,0,0.2,4.0,39,45,6,21,9,12,19,13,0.763807162567728,0.9132512874774991
fifth_synthetic,CHEMBL226,35502,0,0.2,6.0,38,46,8,22,10,12,21,13,0.7590499740909091,0.927268430501898
fifth_synthetic,CHEMBL226,35502,0,0.3,4.0,38,47,9,24,11,13,22,13,0.7581975715243082,0.9300457223942008
fifth_synthetic,CHEMBL226,35502,0,0.3,6.0,38,47,9,24,12,12,22,13,0.7309986466666666,0.9423072607790992
fifth_synthetic,CHEMBL226,35502,1,0.2,4.0,38,45,7,22,9,13,20,13,0.7838187316356934,0.9247346731246942
fifth_synthetic,CHEMBL226,35502,1,0.2,6.0,38,46,8,22,9,13,21,13,0.7497757881818182,0.9314544829498073
fifth_synthetic,CHEMBL226,35502,1,0.3,4.0,37,45,8,24,11,13,21,13,0.7742277717442391,0.9262380648269208
fifth_synthetic,CHEMBL226,35502,1,0.3,6.0,37,46,9,24,12,12,22,13,0.7489251391666666,0.9417291135483344
fifth_synthetic,CHEMBL226,35502,2,0.2,4.0,38,45,7,21,9,12,20,13,0.7702566505132848,0.9146042206959761
fifth_synthetic,CHEMBL226,35502,2,0.2,6.0,38,45,7,22,10,12,20,13,0.7571557545454546,0.9279697977451633
fifth_synthetic,CHEMBL226,35502,2,0.3,4.0,37,42,5,22,9,13,18,13,0.7691988460873767,0.9179402828729996
fifth_synthetic,CHEMBL226,35502,2,0.3,6.0,36,46,10,25,13,12,23,13,0.7697517051999999,0.9361859341987758
fifth_synthetic,CHEMBL226,35502,3,0.2,4.0,38,45,7,22,10,12,20,13,0.7791065975421795,0.9138468348100556
fifth_synthetic,CHEMBL226,35502,3,0.2,6.0,38,45,7,22,10,12,20,13,0.7777757481818182,0.9296690869600542
fifth_synthetic,CHEMBL226,35502,3,0.3,4.0,36,44,8,25,11,14,21,13,0.785365082140589,0.9234035061800633
fifth_synthetic,CHEMBL226,35502,3,0.3,6.0,36,46,10,25,12,13,23,13,0.7580848216000001,0.9381419100047313
fifth_synthetic,CHEMBL226,35502,4,0.2,4.0,38,45,7,22,9,13,20,13,0.7493319536855799,0.9188796290479899
fifth_synthetic,CHEMBL226,35502,4,0.2,6.0,38,46,8,22,9,13,21,13,0.7249195645454546,0.93058538107637
fifth_synthetic,CHEMBL226,35502,4,0.3,4.0,37,44,7,24,10,14,20,13,0.7802551419025203,0.9227344033617152
fifth_synthetic,CHEMBL226,35502,4,0.3,6.0,37,47,10,24,12,12,23,13,0.7500281545833333,0.9411412906103044
fifth_synthetic,CHEMBL226,35502,5,0.2,4.0,39,44,5,20,9,11,18,13,0.7773755437963976,0.9143131755995901
fifth_synthetic,CHEMBL226,35502,5,0.2,6.0,38,46,8,22,10,12,21,13,0.7479040986363636,0.9275900493901567
fifth_synthetic,CHEMBL226,35502,5,0.3,4.0,36,45,9,25,10,15,22,13,0.7517759870662966,0.9235705284239402
fifth_synthetic,CHEMBL226,35502,5,0.3,6.0,36,46,10,25,11,14,23,13,0.7491126473599999,0.9381874316601504
fifth_synthetic,CHEMBL226,35502,6,0.2,4.0,38,45,7,22,7,15,20,13,0.7622629495808627,0.9187001079877407
fifth_synthetic,CHEMBL226,35502,6,0.2,6.0,38,46,8,22,8,14,21,13,0.754369015,0.9305781377081359
fifth_synthetic,CHEMBL226,35502,6,0.3,4.0,37,45,8,24,12,12,21,13,0.7675354587115457,0.9231847105325768
fifth_synthetic,CHEMBL226,35502,6,0.3,6.0,37,47,10,24,12,12,23,13,0.7163556704166666,0.9412290064182139
fifth_synthetic,CHEMBL226,35502,7,0.2,4.0,38,45,7,21,8,13,20,13,0.7431579863809524,0.9145609585452787
fifth_synthetic,CHEMBL226,35502,7,0.2,6.0,38,46,8,22,9,13,21,13,0.7356370051818182,0.9300484942671989
fifth_synthetic,CHEMBL226,35502,7,0.3,4.0,36,45,9,25,11,14,22,13,0.7762697876311592,0.9238623809175678
fifth_synthetic,CHEMBL226,35502,7,0.3,6.0,36,46,10,25,12,13,23,13,0.7776181972,0.9382628969310615
fifth_synthetic,CHEMBL226,35502,8,0.2,4.0,39,45,6,21,9,12,19,13,0.78208034432048,0.9165945117877767
fifth_synthetic,CHEMBL226,35502,8,0.2,6.0,39,46,7,21,10,11,20,13,0.7423375161904763,0.9334168959383969
fifth_synthetic,CHEMBL226,35502,8,0.3,4.0,37,44,7,24,12,12,20,13,0.7878655384967619,0.9205537123513818
fifth_synthetic,CHEMBL226,35502,8,0.3,6.0,36,45,9,25,14,11,22,13,0.7817690028,0.9368939199720187
fifth_synthetic,CHEMBL226,35502,9,0.2,4.0,39,44,5,21,8,13,18,13,0.7791038404125569,0.9143801819883747
fifth_synthetic,CHEMBL226,35502,9,0.2,6.0,38,45,7,22,10,12,20,13,0.7747763363636365,0.9289977049046603
fifth_synthetic,CHEMBL226,35502,9,0.3,4.0,37,44,7,24,9,15,20,13,0.7797435459156897,0.9234350346082105
fifth_synthetic,CHEMBL226,35502,9,0.3,6.0,37,46,9,24,12,12,22,13,0.7690903070833333,0.9412887248031119
fifth_synthetic,CHEMBL227,35502,0,0.2,4.0,49,49,0,10,4,6,9,9,0.966404038,0.9951560711233371
fifth_synthetic,CHEMBL227,35502,0,0.2,6.0,49,49,0,10,4,6,9,9,0.966404038,0.9952554807307635
fifth_synthetic,CHEMBL227,35502,0,0.3,4.0,50,49,-1,9,3,6,8,9,0.9676215755555556,0.99474562
fifth_synthetic,CHEMBL227,35502,0,0.3,6.0,50,49,-1,9,3,6,8,9,0.9676215755555556,0.99474562
fifth_synthetic,CHEMBL227,35502,1,0.2,4.0,50,49,-1,9,3,6,8,9,0.9676215755555556,0.99474562
fifth_synthetic,CHEMBL227,35502,1,0.2,6.0,50,49,-1,9,3,6,8,9,0.9676215755555556,0.99474562
fifth_synthetic,CHEMBL227,35502,1,0.3,4.0,49,49,0,10,4,6,9,9,0.966404038,0.9951560711233371
fifth_synthetic,CHEMBL227,35502,1,0.3,6.0,49,49,0,10,4,6,9,9,0.966404038,0.9952554807307635
fifth_synthetic,CHEMBL227,35502,2,0.2,4.0,50,49,-1,9,3,6,8,9,0.9676215755555556,0.99474562
fifth_synthetic,CHEMBL227,35502,2,0.2,6.0,50,49,-1,9,3,6,8,9,0.9676215755555556,0.99474562
fifth_synthetic,CHEMBL227,35502,2,0.3,4.0,49,49,0,10,4,6,9,9,0.966404038,0.9951560711233371
fifth_synthetic,CHEMBL227,35502,2,0.3,6.0,49,49,0,10,4,6,9,9,0.966404038,0.9952554807307635
fifth_synthetic,CHEMBL227,35502,3,0.2,4.0,49,49,0,10,4,6,9,9,0.966404038,0.9951560711233371
fifth_synthetic,CHEMBL227,35502,3,0.2,6.0,49,49,0,10,4,6,9,9,0.966404038,0.9952554807307635
fifth_synthetic,CHEMBL227,35502,3,0.3,4.0,49,49,0,10,4,6,9,9,0.966404038,0.9951560711233371
fifth_synthetic,CHEMBL227,35502,3,0.3,6.0,49,49,0,10,4,6,9,9,0.966404038,0.9952554807307635
fifth_synthetic,CHEMBL227,35502,4,0.2,4.0,50,49,-1,9,3,6,8,9,0.9676215755555556,0.99474562
fifth_synthetic,CHEMBL227,35502,4,0.2,6.0,50,49,-1,9,3,6,8,9,0.9676215755555556,0.99474562
fifth_synthetic,CHEMBL227,35502,4,0.3,4.0,49,49,0,10,4,6,9,9,0.966404038,0.9951560711233371
fifth_synthetic,CHEMBL227,35502,4,0.3,6.0,49,49,0,10,4,6,9,9,0.966404038,0.9952554807307635
fifth_synthetic,CHEMBL227,35502,5,0.2,4.0,50,49,-1,9,3,6,8,9,0.9676215755555556,0.99474562
fifth_synthetic,CHEMBL227,35502,5,0.2,6.0,50,49,-1,9,3,6,8,9,0.9676215755555556,0.99474562
fifth_synthetic,CHEMBL227,35502,5,0.3,4.0,49,49,0,10,4,6,9,9,0.966404038,0.9951560711233371
fifth_synthetic,CHEMBL227,35502,5,0.3,6.0,49,49,0,10,4,6,9,9,0.966404038,0.9952554807307635
fifth_synthetic,CHEMBL227,35502,6,0.2,4.0,49,49,0,10,4,6,9,9,0.966404038,0.9951560711233371
fifth_synthetic,CHEMBL227,35502,6,0.2,6.0,49,49,0,10,4,6,9,9,0.966404038,0.9952554807307635
fifth_synthetic,CHEMBL227,35502,6,0.3,4.0,49,49,0,10,4,6,9,9,0.966404038,0.9951560711233371
fifth_synthetic,CHEMBL227,35502,6,0.3,6.0,49,49,0,10,4,6,9,9,0.966404038,0.9952554807307635
fifth_synthetic,CHEMBL227,35502,7,0.2,4.0,50,49,-1,9,3,6,8,9,0.9676215755555556,0.99474562
fifth_synthetic,CHEMBL227,35502,7,0.2,6.0,50,49,-1,9,3,6,8,9,0.9676215755555556,0.99474562
fifth_synthetic,CHEMBL227,35502,7,0.3,4.0,49,49,0,10,4,6,9,9,0.966404038,0.9951560711233371
fifth_synthetic,CHEMBL227,35502,7,0.3,6.0,49,49,0,10,4,6,9,9,0.966404038,0.9952554807307635
fifth_synthetic,CHEMBL227,35502,8,0.2,4.0,49,49,0,10,4,6,9,9,0.966404038,0.9951560711233371
fifth_synthetic,CHEMBL227,35502,8,0.2,6.0,49,49,0,10,4,6,9,9,0.966404038,0.9952554807307635
fifth_synthetic,CHEMBL227,35502,8,0.3,4.0,49,49,0,10,4,6,9,9,0.966404038,0.9951560711233371
fifth_synthetic,CHEMBL227,35502,8,0.3,6.0,49,49,0,10,4,6,9,9,0.966404038,0.9952554807307635
fifth_synthetic,CHEMBL227,35502,9,0.2,4.0,49,49,0,10,4,6,9,9,0.966404038,0.9951560711233371
fifth_synthetic,CHEMBL227,35502,9,0.2,6.0,49,49,0,10,4,6,9,9,0.966404038,0.9952554807307635
fifth_synthetic,CHEMBL227,35502,9,0.3,4.0,49,49,0,10,4,6,9,9,0.966404038,0.9951560711233371
fifth_synthetic,CHEMBL227,35502,9,0.3,6.0,49,49,0,10,4,6,9,9,0.966404038,0.9952554807307635
fifth_synthetic,CHEMBL231,35502,0,0.2,4.0,48,48,0,10,3,7,9,9,0.885844627,0.9612678107598638
fifth_synthetic,CHEMBL231,35502,0,0.2,6.0,47,48,1,11,3,8,10,9,0.8794424590936583,0.9618108882724935
fifth_synthetic,CHEMBL231,35502,0,0.3,4.0,47,46,-1,10,2,8,8,9,0.8971903588561772,0.9530931726895073
fifth_synthetic,CHEMBL231,35502,0,0.3,6.0,45,45,0,11,2,9,9,9,0.8899146884688343,0.960725571331697
fifth_synthetic,CHEMBL231,35502,1,0.2,4.0,47,47,0,9,2,7,9,9,0.9032628833333334,0.957139908888889
fifth_synthetic,CHEMBL231,35502,1,0.2,6.0,46,47,1,11,3,8,10,9,0.8851291054572946,0.9614867522572084
fifth_synthetic,CHEMBL231,35502,1,0.3,4.0,46,46,0,11,2,9,9,9,0.8994249412775118,0.9475685348941586
fifth_synthetic,CHEMBL231,35502,1,0.3,6.0,45,45,0,12,2,10,9,9,0.8915189612297189,0.962659382842011
fifth_synthetic,CHEMBL231,35502,2,0.2,4.0,48,47,-1,9,2,7,8,9,0.8963776408100355,0.957139908888889
fifth_synthetic,CHEMBL231,35502,2,0.2,6.0,46,46,0,10,2,8,9,9,0.8923968460030242,0.9580134038803673
fifth_synthetic,CHEMBL231,35502,2,0.3,4.0,47,48,1,10,3,7,10,9,0.88874717,0.9612678107598638
fifth_synthetic,CHEMBL231,35502,2,0.3,6.0,46,48,2,12,4,8,11,9,0.8745438258358534,0.9646783339185876
fifth_synthetic,CHEMBL231,35502,3,0.2,4.0,47,47,0,10,2,8,9,9,0.9089845406897543,0.960958713741624
fifth_synthetic,CHEMBL231,35502,3,0.2,6.0,46,47,1,11,3,8,10,9,0.8851291054572946,0.9617726529030932
fifth_synthetic,CHEMBL231,35502,3,0.3,4.0,47,47,0,10,3,7,9,9,0.8887611067290319,0.9612678107598638
fifth_synthetic,CHEMBL231,35502,3,0.3,6.0,46,48,2,11,4,7,11,9,0.8825573236363635,0.9645695589290345
fifth_synthetic,CHEMBL231,35502,4,0.2,4.0,47,47,0,10,2,8,9,9,0.9026110171271453,0.9530931726895073
fifth_synthetic,CHEMBL231,35502,4,0.2,6.0,46,46,0,11,2,9,9,9,0.8896990884688344,0.960725571331697
fifth_synthetic,CHEMBL231,35502,4,0.3,4.0,47,46,-1,10,2,8,8,9,0.8934516390071497,0.9506581336940674
fifth_synthetic,CHEMBL231,35502,4,0.3,6.0,45,45,0,11,2,9,9,9,0.8941369110572446,0.9603695771144671
fifth_synthetic,CHEMBL231,35502,5,0.2,4.0,47,47,0,10,2,8,9,9,0.8988722972781178,0.9506581336940674
fifth_synthetic,CHEMBL231,35502,5,0.2,6.0,46,46,0,11,2,9,9,9,0.8939213110572447,0.9603695771144671
fifth_synthetic,CHEMBL231,35502,5,0.3,4.0,47,46,-1,10,2,8,8,9,0.8934516390071497,0.9506581336940674
fifth_synthetic,CHEMBL231,35502,5,0.3,6.0,45,45,0,11,2,9,9,9,0.8941369110572446,0.9603695771144671
fifth_synthetic,CHEMBL231,35502,6,0.2,4.0,47,47,0,10,2,8,9,9,0.9026110171271453,0.9530931726895073
fifth_synthetic,CHEMBL231,35502,6,0.2,6.0,46,46,0,11,2,9,9,9,0.8896990884688344,0.960725571331697
fifth_synthetic,CHEMBL231,35502,6,0.3,4.0,47,48,1,10,3,7,10,9,0.88874717,0.9612678107598638
fifth_synthetic,CHEMBL231,35502,6,0.3,6.0,46,48,2,12,4,8,11,9,0.8745438258358534,0.9646783339185876
fifth_synthetic,CHEMBL231,35502,7,0.2,4.0,48,47,-1,9,2,7,8,9,0.8963776408100355,0.957139908888889
fifth_synthetic,CHEMBL231,35502,7,0.2,6.0,46,46,0,10,2,8,9,9,0.8923968460030242,0.9580134038803673
fifth_synthetic,CHEMBL231,35502,7,0.3,4.0,46,47,1,11,3,8,10,9,0.8951608210246775,0.9569326985737555
fifth_synthetic,CHEMBL231,35502,7,0.3,6.0,45,46,1,12,3,9,10,9,0.8841061560964314,0.9639455356482517
fifth_synthetic,CHEMBL231,35502,8,0.2,4.0,47,47,0,9,2,7,9,9,0.9032628833333334,0.957139908888889
fifth_synthetic,CHEMBL231,35502,8,0.2,6.0,46,47,1,11,3,8,10,9,0.8851291054572946,0.9614867522572084
fifth_synthetic,CHEMBL231,35502,8,0.3,4.0,47,46,-1,10,2,8,8,9,0.8971903588561772,0.9530931726895073
fifth_synthetic,CHEMBL231,35502,8,0.3,6.0,45,45,0,11,2,9,9,9,0.8899146884688343,0.960725571331697
fifth_synthetic,CHEMBL231,35502,9,0.2,4.0,47,46,-1,10,2,8,8,9,0.8934516390071497,0.9506581336940674
fifth_synthetic,CHEMBL231,35502,9,0.2,6.0,46,46,0,10,2,8,9,9,0.904673907159945,0.9598190489455467
fifth_synthetic,CHEMBL231,35502,9,0.3,4.0,46,46,0,10,2,8,9,9,0.9034317331271453,0.9530931726895073
fifth_synthetic,CHEMBL231,35502,9,0.3,6.0,45,46,1,12,3,9,10,9,0.8841061560964314,0.9636834600561905
fifth_synthetic,CHEMBL232,35502,0,0.2,4.0,40,40,0,10,4,6,8,8,0.7621374850305211,0.9431781741528089
fifth_synthetic,CHEMBL232,35502,0,0.2,6.0,40,40,0,10,4,6,8,8,0.7882500790512219,0.9477634392279995
fifth_synthetic,CHEMBL232,35502,0,0.3,4.0,41,42,1,9,3,6,7,6,0.7334357946537042,0.9691204961627249
fifth_synthetic,CHEMBL232,35502,0,0.3,6.0,41,43,2,10,4,6,8,6,0.7289138558976954,0.9729575344889504
fifth_synthetic,CHEMBL232,35502,1,0.2,4.0,41,40,-1,10,3,7,7,8,0.8389479749843417,0.9430064850265591
fifth_synthetic,CHEMBL232,35502,1,0.2,6.0,40,42,2,10,4,6,9,7,0.682144796,0.9590429700555673
fifth_synthetic,CHEMBL232,35502,1,0.3,4.0,40,40,0,10,6,4,8,8,0.769906179,0.9438536343566346
fifth_synthetic,CHEMBL232,35502,1,0.3,6.0,40,40,0,12,5,7,8,8,0.8278082039614056,0.953553860949364
fifth_synthetic,CHEMBL232,35502,2,0.2,4.0,41,41,0,10,3,7,8,8,0.7173003076477494,0.9454228481672976
fifth_synthetic,CHEMBL232,35502,2,0.2,6.0,40,41,1,10,3,7,8,7,0.7239102781466585,0.9593828281685504
fifth_synthetic,CHEMBL232,35502,2,0.3,4.0,40,40,0,8,3,5,7,7,0.821111295060817,0.9597305549132373
fifth_synthetic,CHEMBL232,35502,2,0.3,6.0,39,41,2,10,3,7,8,6,0.7891673518946887,0.9803780544613978
fifth_synthetic,CHEMBL232,35502,3,0.2,4.0,41,40,-1,9,3,6,7,8,0.8276066988174312,0.9402863967732991
fifth_synthetic,CHEMBL232,35502,3,0.2,6.0,40,41,1,9,4,5,8,7,0.7249768366666667,0.9549952328531934
fifth_synthetic,CHEMBL232,35502,3,0.3,4.0,40,40,0,9,3,6,7,7,0.8402561338625251,0.9645839414444263
fifth_synthetic,CHEMBL232,35502,3,0.3,6.0,40,41,1,10,4,6,8,7,0.7503260988976954,0.969680862396752
fifth_synthetic,CHEMBL232,35502,4,0.2,4.0,40,40,0,11,5,6,8,8,0.8064982948514475,0.9470948829201098
fifth_synthetic,CHEMBL232,35502,4,0.2,6.0,40,42,2,11,5,6,10,8,0.6843646054545455,0.9523414437480859
fifth_synthetic,CHEMBL232,35502,4,0.3,4.0,40,40,0,11,4,7,8,8,0.837262487749933,0.9475828138459761
fifth_synthetic,CHEMBL232,35502,4,0.3,6.0,40,42,2,12,5,7,10,8,0.709723949164161,0.9559133144822965
fifth_synthetic,CHEMBL232,35502,5,0.2,4.0,40,40,0,9,4,5,8,8,0.8108939947643763,0.9402863967732991
fifth_synthetic,CHEMBL232,35502,5,0.2,6.0,40,41,1,10,4,6,9,8,0.7587615129969933,0.9476392887025918
fifth_synthetic,CHEMBL232,35502,5,0.3,4.0,40,40,0,11,5,6,8,8,0.7804533821076908,0.9479142576581073
fifth_synthetic,CHEMBL232,35502,5,0.3,6.0,40,41,1,11,5,6,9,8,0.7406368718647471,0.9524524195950324
fifth_synthetic,CHEMBL232,35502,6,0.2,4.0,40,40,0,10,4,6,8,8,0.8239065413365922,0.9430064850265591
fifth_synthetic,CHEMBL232,35502,6,0.2,6.0,40,42,2,11,4,7,10,8,0.7167519599972666,0.9519877719911682
fifth_synthetic,CHEMBL232,35502,6,0.3,4.0,40,40,0,9,4,5,8,8,0.7990456262752771,0.9389508313011922
fifth_synthetic,CHEMBL232,35502,6,0.3,6.0,39,40,1,10,4,6,8,7,0.8212809357566935,0.9562854512043317
fifth_synthetic,CHEMBL232,35502,7,0.2,4.0,40,40,0,9,4,5,8,8,0.8108939947643763,0.9402863967732991
fifth_synthetic,CHEMBL232,35502,7,0.2,6.0,40,41,1,10,4,6,9,8,0.7587615129969933,0.9476392887025918
fifth_synthetic,CHEMBL232,35502,7,0.3,4.0,41,40,-1,9,3,6,6,7,0.7873181496425229,0.9638707136977211
fifth_synthetic,CHEMBL232,35502,7,0.3,6.0,40,40,0,10,3,7,6,6,0.8391558450955758,0.9808891668256485
fifth_synthetic,CHEMBL232,35502,8,0.2,4.0,40,40,0,10,4,6,8,8,0.7621374850305211,0.9431781741528089
fifth_synthetic,CHEMBL232,35502,8,0.2,6.0,40,40,0,11,4,7,8,8,0.8041113806879032,0.9497492464608864
fifth_synthetic,CHEMBL232,35502,8,0.3,4.0,40,40,0,12,6,6,8,8,0.8003078002804935,0.9486313194859948
fifth_synthetic,CHEMBL232,35502,8,0.3,6.0,40,42,2,12,5,7,10,8,0.7119548792093515,0.9559123222628255
fifth_synthetic,CHEMBL232,35502,9,0.2,4.0,41,41,0,9,4,5,7,7,0.8001451322762819,0.9425461089860734
fifth_synthetic,CHEMBL232,35502,9,0.2,6.0,41,42,1,9,4,5,8,7,0.72854924,0.9457567273496872
fifth_synthetic,CHEMBL232,35502,9,0.3,4.0,40,40,0,11,5,6,8,8,0.8064982948514475,0.9480919992576683
fifth_synthetic,CHEMBL232,35502,9,0.3,6.0,40,42,2,11,5,6,10,8,0.6843646054545455,0.9524779304088479
fifth_synthetic,CHEMBL234,35502,0,0.2,4.0,48,47,-1,24,24,0,22,23,0.9473877208333333,0.982977141479244
fifth_synthetic,CHEMBL234,35502,0,0.2,6.0,47,47,0,25,25,0,23,23,0.9482177504,0.9838424015220439
fifth_synthetic,CHEMBL234,35502,0,0.3,4.0,49,47,-2,23,23,0,21,23,0.94650251,0.9828308847826088
fifth_synthetic,CHEMBL234,35502,0,0.3,6.0,46,47,1,26,26,0,24,23,0.9490095907692306,0.9837860905485558
fifth_synthetic,CHEMBL234,35502,1,0.2,4.0,49,47,-2,23,23,0,21,23,0.94650251,0.9828308847826088
fifth_synthetic,CHEMBL234,35502,1,0.2,6.0,47,47,0,25,25,0,23,23,0.9482177504,0.9835337274708513
fifth_synthetic,CHEMBL234,35502,1,0.3,4.0,48,47,-1,24,24,0,22,23,0.9473877208333333,0.9831220479502282
fifth_synthetic,CHEMBL234,35502,1,0.3,6.0,46,47,1,26,26,0,24,23,0.9490095907692306,0.983292960674203
fifth_synthetic,CHEMBL234,35502,2,0.2,4.0,48,47,-1,24,24,0,22,23,0.9473877208333333,0.9831220479502282
fifth_synthetic,CHEMBL234,35502,2,0.2,6.0,47,47,0,25,25,0,23,23,0.9482177504,0.983861622254791
fifth_synthetic,CHEMBL234,35502,2,0.3,4.0,48,47,-1,24,24,0,22,23,0.9473877208333333,0.9831220479502282
fifth_synthetic,CHEMBL234,35502,2,0.3,6.0,46,47,1,26,26,0,24,23,0.9490095907692306,0.9840122449227942
fifth_synthetic,CHEMBL234,35502,3,0.2,4.0,48,47,-1,24,24,0,22,23,0.9473877208333333,0.9831220479502282
fifth_synthetic,CHEMBL234,35502,3,0.2,6.0,47,47,0,25,25,0,23,23,0.9482177504,0.9837526161759574
fifth_synthetic,CHEMBL234,35502,3,0.3,4.0,49,47,-2,23,23,0,21,23,0.94650251,0.9828308847826088
fifth_synthetic,CHEMBL234,35502,3,0.3,6.0,46,47,1,26,26,0,24,23,0.9490095907692306,0.9826716579088638
fifth_synthetic,CHEMBL234,35502,4,0.2,4.0,48,47,-1,24,24,0,22,23,0.9473877208333333,0.982977141479244
fifth_synthetic,CHEMBL234,35502,4,0.2,6.0,47,47,0,25,25,0,23,23,0.9482177504,0.9837497072873121
fifth_synthetic,CHEMBL234,35502,4,0.3,4.0,49,47,-2,23,23,0,21,23,0.94650251,0.9828308847826088
fifth_synthetic,CHEMBL234,35502,4,0.3,6.0,46,47,1,26,26,0,24,23,0.9490095907692306,0.983890904085896
fifth_synthetic,CHEMBL234,35502,5,0.2,4.0,48,47,-1,24,24,0,22,23,0.9473877208333333,0.9831220479502282
fifth_synthetic,CHEMBL234,35502,5,0.2,6.0,47,47,0,25,25,0,23,23,0.9482177504,0.9838580044034134
fifth_synthetic,CHEMBL234,35502,5,0.3,4.0,48,47,-1,24,24,0,22,23,0.9473877208333333,0.982977141479244
fifth_synthetic,CHEMBL234,35502,5,0.3,6.0,46,47,1,26,26,0,24,23,0.9490095907692306,0.9841842273549489
fifth_synthetic,CHEMBL234,35502,6,0.2,4.0,49,47,-2,23,23,0,21,23,0.94650251,0.9828308847826088
fifth_synthetic,CHEMBL234,35502,6,0.2,6.0,47,47,0,25,25,0,23,23,0.9482177504,0.9835373453222289
fifth_synthetic,CHEMBL234,35502,6,0.3,4.0,48,47,-1,24,24,0,22,23,0.9473877208333333,0.9831220479502282
fifth_synthetic,CHEMBL234,35502,6,0.3,6.0,46,47,1,26,26,0,24,23,0.9490095907692306,0.9841170584601341
fifth_synthetic,CHEMBL234,35502,7,0.2,4.0,49,47,-2,23,23,0,21,23,0.94650251,0.9828308847826088
fifth_synthetic,CHEMBL234,35502,7,0.2,6.0,47,47,0,25,25,0,23,23,0.9482177504,0.9835337274708513
fifth_synthetic,CHEMBL234,35502,7,0.3,4.0,48,47,-1,24,24,0,22,23,0.9473877208333333,0.9831220479502282
fifth_synthetic,CHEMBL234,35502,7,0.3,6.0,46,47,1,26,26,0,24,23,0.9490095907692306,0.9841170584601341
fifth_synthetic,CHEMBL234,35502,8,0.2,4.0,49,47,-2,23,23,0,21,23,0.94650251,0.9828308847826088
fifth_synthetic,CHEMBL234,35502,8,0.2,6.0,47,47,0,25,25,0,23,23,0.9482177504,0.9832118495274605
fifth_synthetic,CHEMBL234,35502,8,0.3,4.0,49,47,-2,23,23,0,21,23,0.94650251,0.9828308847826088
fifth_synthetic,CHEMBL234,35502,8,0.3,6.0,46,47,1,26,26,0,24,23,0.9490095907692306,0.9829654714658724
fifth_synthetic,CHEMBL234,35502,9,0.2,4.0,49,47,-2,23,23,0,21,23,0.94650251,0.9828308847826088
fifth_synthetic,CHEMBL234,35502,9,0.2,6.0,47,47,0,25,25,0,23,23,0.9482177504,0.9831064613000043
fifth_synthetic,CHEMBL234,35502,9,0.3,4.0,48,47,-1,24,24,0,22,23,0.9473877208333333,0.9831220479502282
fifth_synthetic,CHEMBL234,35502,9,0.3,6.0,46,47,1,26,26,0,24,23,0.9490095907692306,0.9841013739946517
fifth_synthetic,CHEMBL236,35502,0,0.2,4.0,46,50,4,22,13,9,22,18,0.9091237759090909,0.984805842540561
fifth_synthetic,CHEMBL236,35502,0,0.2,6.0,46,50,4,22,13,9,22,18,0.9091237759090909,0.9867715821428598
fifth_synthetic,CHEMBL236,35502,0,0.3,4.0,47,49,2,21,12,9,20,18,0.9075387096723281,0.9849724801290062
fifth_synthetic,CHEMBL236,35502,0,0.3,6.0,45,49,4,22,12,10,21,17,0.9088960825039348,0.9870580544795
fifth_synthetic,CHEMBL236,35502,1,0.2,4.0,49,48,-1,19,11,8,17,18,0.9383890373485247,0.9836481305444246
fifth_synthetic,CHEMBL236,35502,1,0.2,6.0,46,49,3,20,13,7,20,17,0.942571171,0.9852097984067187
fifth_synthetic,CHEMBL236,35502,1,0.3,4.0,46,50,4,21,14,7,21,17,0.9418632390476189,0.985435187361702
fifth_synthetic,CHEMBL236,35502,1,0.3,6.0,45,49,4,22,14,8,21,17,0.9447525783152728,0.9863217061604658
fifth_synthetic,CHEMBL236,35502,2,0.2,4.0,47,49,2,19,12,7,19,17,0.9415631431578947,0.9847045543961727
fifth_synthetic,CHEMBL236,35502,2,0.2,6.0,47,49,2,20,13,7,19,17,0.9420989254155117,0.9860781233562594
fifth_synthetic,CHEMBL236,35502,2,0.3,4.0,46,49,3,21,12,9,20,17,0.9085932493280822,0.9843142078397988
fifth_synthetic,CHEMBL236,35502,2,0.3,6.0,45,48,3,21,13,8,20,17,0.90974661888827,0.9867450443048705
fifth_synthetic,CHEMBL236,35502,3,0.2,4.0,48,49,1,20,13,7,19,18,0.9425471461045131,0.9851232664980996
fifth_synthetic,CHEMBL236,35502,3,0.2,6.0,46,49,3,21,14,7,21,18,0.943716200952381,0.9861248363770058
fifth_synthetic,CHEMBL236,35502,3,0.3,4.0,46,48,2,21,14,7,19,17,0.9405362752200936,0.9849232458211671
fifth_synthetic,CHEMBL236,35502,3,0.3,6.0,44,50,6,22,15,7,22,16,0.9429884009090909,0.9875679824372461
fifth_synthetic,CHEMBL236,35502,4,0.2,4.0,47,49,2,20,12,8,19,17,0.9422953132764466,0.9860178979662659
fifth_synthetic,CHEMBL236,35502,4,0.2,6.0,46,50,4,21,13,8,21,17,0.942316950952381,0.9867096673578414
fifth_synthetic,CHEMBL236,35502,4,0.3,4.0,46,49,3,21,14,7,20,17,0.9429725139580425,0.9849232458211671
fifth_synthetic,CHEMBL236,35502,4,0.3,6.0,44,49,5,22,14,8,21,16,0.9427192593221168,0.9875976452236963
fifth_synthetic,CHEMBL236,35502,5,0.2,4.0,48,49,1,20,12,8,19,18,0.9425260401559445,0.9847462353868455
fifth_synthetic,CHEMBL236,35502,5,0.2,6.0,46,49,3,22,13,9,21,18,0.943165700685753,0.9858311117707662
fifth_synthetic,CHEMBL236,35502,5,0.3,4.0,46,48,2,22,13,9,20,18,0.9470751399549372,0.9852000199793219
fifth_synthetic,CHEMBL236,35502,5,0.3,6.0,45,49,4,22,14,8,21,17,0.9445518508322834,0.9878191686139417
fifth_synthetic,CHEMBL236,35502,6,0.2,4.0,48,47,-1,19,12,7,17,18,0.9438358078235695,0.9839653686468252
fifth_synthetic,CHEMBL236,35502,6,0.2,6.0,46,50,4,22,15,7,22,18,0.9429884009090909,0.9860635930046794
fifth_synthetic,CHEMBL236,35502,6,0.3,4.0,47,48,1,20,12,8,18,17,0.944612911570933,0.9846244856007182
fifth_synthetic,CHEMBL236,35502,6,0.3,6.0,46,49,3,21,14,7,20,17,0.9430334384909635,0.9865265932964808
fifth_synthetic,CHEMBL236,35502,7,0.2,4.0,48,48,0,19,11,8,18,18,0.9425617745015227,0.9836481305444246
fifth_synthetic,CHEMBL236,35502,7,0.2,6.0,46,49,3,21,13,8,20,17,0.9437114249017144,0.9852712547940993
fifth_synthetic,CHEMBL236,35502,7,0.3,4.0,45,49,4,22,14,8,21,17,0.9444936955963132,0.985883040999481
fifth_synthetic,CHEMBL236,35502,7,0.3,6.0,44,50,6,22,14,8,22,16,0.9434214895454546,0.9890187554102554
fifth_synthetic,CHEMBL236,35502,8,0.2,4.0,47,49,2,19,11,8,19,17,0.9420800752631578,0.9855696892051456
fifth_synthetic,CHEMBL236,35502,8,0.2,6.0,46,49,3,21,12,9,20,17,0.9420489816707888,0.985986954832727
fifth_synthetic,CHEMBL236,35502,8,0.3,4.0,46,48,2,21,13,8,19,17,0.944373171364182,0.9857059868388095
fifth_synthetic,CHEMBL236,35502,8,0.3,6.0,44,50,6,22,14,8,22,16,0.9434214895454546,0.9881775886601574
fifth_synthetic,CHEMBL236,35502,9,0.2,4.0,50,50,0,19,11,8,19,19,0.9398556815789473,0.9830057178947369
fifth_synthetic,CHEMBL236,35502,9,0.2,6.0,47,47,0,21,11,10,18,18,0.9054974077666047,0.9838497953984422
fifth_synthetic,CHEMBL236,35502,9,0.3,4.0,46,49,3,21,13,8,20,17,0.9398807122144323,0.9855880516534231
fifth_synthetic,CHEMBL236,35502,9,0.3,6.0,45,49,4,22,14,8,21,17,0.945265597575167,0.9866631440925413
fifth_synthetic,CHEMBL238,35502,0,0.2,4.0,41,44,3,17,6,11,15,12,0.8530300707899043,0.9564324897152825
fifth_synthetic,CHEMBL238,35502,0,0.2,6.0,41,45,4,19,6,13,15,11,0.8472346337852441,0.9714309232853642
fifth_synthetic,CHEMBL238,35502,0,0.3,4.0,40,45,5,18,7,11,16,11,0.8522373016390452,0.965545234052209
fifth_synthetic,CHEMBL238,35502,0,0.3,6.0,38,45,7,20,7,13,17,10,0.7982163528539592,0.9750242088400615
fifth_synthetic,CHEMBL238,35502,1,0.2,4.0,44,47,3,17,5,12,15,12,0.8312271137665841,0.9567873851226552
fifth_synthetic,CHEMBL238,35502,1,0.2,6.0,42,48,6,19,7,12,18,12,0.8410867278727346,0.9637236423178923
fifth_synthetic,CHEMBL238,35502,1,0.3,4.0,42,45,3,18,6,12,15,12,0.8276779767444961,0.9624114235251918
fifth_synthetic,CHEMBL238,35502,1,0.3,6.0,40,46,6,20,7,13,18,12,0.798488603199636,0.9715566410686651
fifth_synthetic,CHEMBL238,35502,2,0.2,4.0,43,46,3,17,7,10,16,13,0.8489951877587129,0.9574750238537436
fifth_synthetic,CHEMBL238,35502,2,0.2,6.0,41,44,3,20,7,13,16,13,0.8455226852196512,0.9655230500139567
fifth_synthetic,CHEMBL238,35502,2,0.3,4.0,42,46,4,16,5,11,15,11,0.8258723694936323,0.9625381211872399
fifth_synthetic,CHEMBL238,35502,2,0.3,6.0,39,46,7,20,7,13,18,11,0.778122660296799,0.9738291611101172
fifth_synthetic,CHEMBL238,35502,3,0.2,4.0,45,48,3,17,5,12,16,13,0.8305658602695729,0.9639690786372168
fifth_synthetic,CHEMBL238,35502,3,0.2,6.0,42,48,6,19,7,12,18,12,0.787147329626011,0.970155885819805
fifth_synthetic,CHEMBL238,35502,3,0.3,4.0,42,45,3,18,7,11,15,12,0.8284660320628511,0.9611512163425616
fifth_synthetic,CHEMBL238,35502,3,0.3,6.0,39,46,7,20,8,12,19,12,0.7711856824790979,0.9757582727253522
fifth_synthetic,CHEMBL238,35502,4,0.2,4.0,43,47,4,16,5,11,14,10,0.8445080961370237,0.9719203406079338
fifth_synthetic,CHEMBL238,35502,4,0.2,6.0,42,49,7,17,5,12,17,10,0.7950852964705882,0.9756368461443115
fifth_synthetic,CHEMBL238,35502,4,0.3,4.0,41,46,5,19,6,13,16,11,0.8373613020005849,0.9659576131490647
fifth_synthetic,CHEMBL238,35502,4,0.3,6.0,40,48,8,20,7,13,19,11,0.7460320424790979,0.9797459105095806
fifth_synthetic,CHEMBL238,35502,5,0.2,4.0,43,46,3,18,6,12,15,12,0.8574234599230371,0.9548065106802377
fifth_synthetic,CHEMBL238,35502,5,0.2,6.0,42,47,5,19,7,12,17,12,0.8147749533488549,0.9659220344801366
fifth_synthetic,CHEMBL238,35502,5,0.3,4.0,40,47,7,16,5,11,16,9,0.820518553125,0.9710948598758661
fifth_synthetic,CHEMBL238,35502,5,0.3,6.0,39,47,8,20,6,14,18,10,0.7729601012829402,0.9760426600123129
fifth_synthetic,CHEMBL238,35502,6,0.2,4.0,44,46,2,16,6,10,14,12,0.8471846972274053,0.9609832836091703
fifth_synthetic,CHEMBL238,35502,6,0.2,6.0,42,48,6,19,7,12,18,12,0.7842135696866466,0.9673415875631107
fifth_synthetic,CHEMBL238,35502,6,0.3,4.0,41,45,4,16,6,10,14,10,0.8488370516761369,0.9583589196964709
fifth_synthetic,CHEMBL238,35502,6,0.3,6.0,38,44,6,20,7,13,16,10,0.8045726282358941,0.9693715857956244
fifth_synthetic,CHEMBL238,35502,7,0.2,4.0,42,46,4,17,7,10,16,12,0.8451658718547209,0.9579363291126296
fifth_synthetic,CHEMBL238,35502,7,0.2,6.0,41,46,5,18,7,11,16,11,0.8085964985213464,0.9713967228037743
fifth_synthetic,CHEMBL238,35502,7,0.3,4.0,40,44,4,18,8,10,16,12,0.8506834583057118,0.9599039329305986
fifth_synthetic,CHEMBL238,35502,7,0.3,6.0,39,45,6,20,7,13,17,11,0.8250892528721829,0.9727604400871744
fifth_synthetic,CHEMBL238,35502,8,0.2,4.0,44,46,2,17,7,10,15,13,0.8465941872325802,0.9533671391507011
fifth_synthetic,CHEMBL238,35502,8,0.2,6.0,43,47,4,19,7,12,17,13,0.7851254637278947,0.9646107478922913
fifth_synthetic,CHEMBL238,35502,8,0.3,4.0,41,45,4,18,8,10,15,11,0.8473314082751112,0.9535468163082914
fifth_synthetic,CHEMBL238,35502,8,0.3,6.0,39,45,6,20,7,13,17,11,0.7985136389019503,0.9666091022539248
fifth_synthetic,CHEMBL238,35502,9,0.2,4.0,44,47,3,15,5,10,14,11,0.8118381614037165,0.9659146979696592
fifth_synthetic,CHEMBL238,35502,9,0.2,6.0,42,47,5,18,5,13,16,11,0.7621248326920581,0.9714222354717956
fifth_synthetic,CHEMBL238,35502,9,0.3,4.0,40,45,5,17,6,11,15,10,0.853036161284905,0.9646308446301916
fifth_synthetic,CHEMBL238,35502,9,0.3,6.0,38,45,7,20,7,13,17,10,0.8015709422405536,0.9751430841637403
fifth_synthetic,CHEMBL239,35502,0,0.2,4.0,30,34,4,15,5,10,8,4,0.6415314365138893,0.8646299428032908
fifth_synthetic,CHEMBL239,35502,0,0.2,6.0,30,35,5,14,6,8,9,4,0.6047866375665448,0.8992952840402972
fifth_synthetic,CHEMBL239,35502,0,0.3,4.0,30,34,4,15,5,10,8,4,0.6318664850431838,0.8816306105158606
fifth_synthetic,CHEMBL239,35502,0,0.3,6.0,30,37,7,15,8,7,11,4,0.5744793957287749,0.9185782617700785
fifth_synthetic,CHEMBL239,35502,1,0.2,4.0,31,31,0,14,4,10,5,5,0.6995439856831339,0.8583995076205797
fifth_synthetic,CHEMBL239,35502,1,0.2,6.0,31,36,5,14,9,5,10,5,0.583934045,0.895866900372571
fifth_synthetic,CHEMBL239,35502,1,0.3,4.0,29,31,2,15,4,11,6,4,0.6707885398805985,0.8730022346194118
fifth_synthetic,CHEMBL239,35502,1,0.3,6.0,29,35,6,16,7,9,10,4,0.5803125957578049,0.9199856616496079
fifth_synthetic,CHEMBL239,35502,2,0.2,4.0,30,34,4,14,5,9,8,4,0.6235193610733055,0.8750250672044689
fifth_synthetic,CHEMBL239,35502,2,0.2,6.0,30,37,7,13,7,6,10,3,0.5636357938461539,0.9031974028102894
fifth_synthetic,CHEMBL239,35502,2,0.3,4.0,29,34,5,15,4,11,8,3,0.6706668935041509,0.9000426359472012
fifth_synthetic,CHEMBL239,35502,2,0.3,6.0,29,37,8,15,7,8,11,3,0.6113836530621083,0.9406495129272062
fifth_synthetic,CHEMBL239,35502,3,0.2,4.0,31,34,3,15,6,9,8,5,0.6262357314565791,0.8481032882350265
fifth_synthetic,CHEMBL239,35502,3,0.2,6.0,31,36,5,14,8,6,10,5,0.5689083239951161,0.8779631490095857
fifth_synthetic,CHEMBL239,35502,3,0.3,4.0,28,31,3,16,5,11,6,3,0.6444806792782241,0.8622012957865695
fifth_synthetic,CHEMBL239,35502,3,0.3,6.0,28,34,6,15,6,9,8,2,0.5676044472734318,0.9192452286813898
fifth_synthetic,CHEMBL239,35502,4,0.2,4.0,32,31,-1,13,5,8,5,6,0.6536829862960527,0.83044423450019
fifth_synthetic,CHEMBL239,35502,4,0.2,6.0,32,33,1,14,7,7,7,6,0.6418997910924809,0.8760362089322606
fifth_synthetic,CHEMBL239,35502,4,0.3,4.0,29,31,2,13,3,10,6,4,0.6557976099335868,0.8995837793881456
fifth_synthetic,CHEMBL239,35502,4,0.3,6.0,29,36,7,16,9,7,11,4,0.5913608916207267,0.9281606274140188
fifth_synthetic,CHEMBL239,35502,5,0.2,4.0,32,36,4,13,6,7,9,5,0.6512261285140616,0.8949951126324753
fifth_synthetic,CHEMBL239,35502,5,0.2,6.0,32,36,4,13,9,4,9,5,0.5779125061538462,0.9036717043085486
fifth_synthetic,CHEMBL239,35502,5,0.3,4.0,29,30,1,15,4,11,6,5,0.7240747565840008,0.8624864077144851
fifth_synthetic,CHEMBL239,35502,5,0.3,6.0,29,34,5,17,10,7,10,5,0.6356732677720517,0.9090380773069527
fifth_synthetic,CHEMBL239,35502,6,0.2,4.0,32,32,0,14,6,8,6,6,0.6493164738320507,0.8356674367322366
fifth_synthetic,CHEMBL239,35502,6,0.2,6.0,32,35,3,14,8,6,9,6,0.5569081661379733,0.8798984155441409
fifth_synthetic,CHEMBL239,35502,6,0.3,4.0,30,31,1,17,4,13,6,5,0.7273012327000308,0.8759538559316042
fifth_synthetic,CHEMBL239,35502,6,0.3,6.0,30,36,6,17,10,7,11,5,0.6203826844665662,0.9126207257165393
fifth_synthetic,CHEMBL239,35502,7,0.2,4.0,31,33,2,13,5,8,7,5,0.6041781485496751,0.8497032871843365
fifth_synthetic,CHEMBL239,35502,7,0.2,6.0,31,36,5,14,8,6,10,5,0.5575619957142858,0.8924677220173471
fifth_synthetic,CHEMBL239,35502,7,0.3,4.0,29,34,5,14,5,9,8,3,0.6412508379891919,0.9078163062347342
fifth_synthetic,CHEMBL239,35502,7,0.3,6.0,29,37,8,14,8,6,11,3,0.5823262168522589,0.9501883179035414
fifth_synthetic,CHEMBL239,35502,8,0.2,4.0,31,32,1,14,5,9,6,5,0.6722813298201732,0.8529571415039566
fifth_synthetic,CHEMBL239,35502,8,0.2,6.0,31,35,4,14,8,6,9,5,0.6099861654236876,0.8950316479828847
fifth_synthetic,CHEMBL239,35502,8,0.3,4.0,29,31,2,15,4,11,6,4,0.6692621947236006,0.8750652535824347
fifth_synthetic,CHEMBL239,35502,8,0.3,6.0,29,34,5,15,7,8,8,3,0.6184467999400985,0.9376506830060098
fifth_synthetic,CHEMBL239,35502,9,0.2,4.0,31,31,0,15,5,10,6,6,0.6366523582297529,0.8280071015460976
fifth_synthetic,CHEMBL239,35502,9,0.2,6.0,31,34,3,14,7,7,8,5,0.5729906747094019,0.8838684220621184
fifth_synthetic,CHEMBL239,35502,9,0.3,4.0,30,32,2,15,4,11,7,5,0.7151200867143405,0.8935293649710182
fifth_synthetic,CHEMBL239,35502,9,0.3,6.0,30,37,7,17,11,6,12,5,0.6021307623529412,0.9126744466804865
fifth_synthetic,CHEMBL222,35503,0,0.2,4.0,45,47,2,18,5,13,15,13,0.7599827361110595,0.9450966789508554
fifth_synthetic,CHEMBL222,35503,0,0.2,6.0,45,47,2,18,5,13,15,13,0.7461940143103546,0.9468868341065255
fifth_synthetic,CHEMBL222,35503,0,0.3,4.0,44,45,1,17,4,13,13,12,0.792472581376362,0.9489091082526987
fifth_synthetic,CHEMBL222,35503,0,0.3,6.0,44,45,1,16,4,12,13,12,0.7658406855671804,0.9642518399548755
fifth_synthetic,CHEMBL222,35503,1,0.2,4.0,45,46,1,18,5,13,14,13,0.7849944229639887,0.9350255639974561
fifth_synthetic,CHEMBL222,35503,1,0.2,6.0,45,48,3,17,6,11,15,12,0.7376077835294117,0.9544471603910796
fifth_synthetic,CHEMBL222,35503,1,0.3,4.0,45,45,0,17,5,12,13,13,0.781658536743386,0.9340823227527689
fifth_synthetic,CHEMBL222,35503,1,0.3,6.0,44,45,1,16,3,13,13,12,0.7391081312243976,0.9593280277601949
fifth_synthetic,CHEMBL222,35503,2,0.2,4.0,45,45,0,17,4,13,13,13,0.792472581376362,0.9393801393924124
fifth_synthetic,CHEMBL222,35503,2,0.2,6.0,45,46,1,17,5,12,14,13,0.7652746981808756,0.9434099433179325
fifth_synthetic,CHEMBL222,35503,2,0.3,4.0,44,46,2,18,4,14,14,12,0.8236092054375316,0.9408537807821588
fifth_synthetic,CHEMBL222,35503,2,0.3,6.0,43,47,4,18,4,14,15,11,0.7731276915925136,0.9554265861358768
fifth_synthetic,CHEMBL222,35503,3,0.2,4.0,46,47,1,18,6,12,15,14,0.8061815563687534,0.9182065619742004
fifth_synthetic,CHEMBL222,35503,3,0.2,6.0,45,48,3,17,6,11,16,13,0.7740822658823528,0.9354534208207972
fifth_synthetic,CHEMBL222,35503,3,0.3,4.0,45,45,0,18,4,14,13,13,0.7763341705556224,0.9440846100249863
fifth_synthetic,CHEMBL222,35503,3,0.3,6.0,44,44,0,16,2,14,12,12,0.7724915097913293,0.9648763440230771
fifth_synthetic,CHEMBL222,35503,4,0.2,4.0,45,45,0,18,5,13,13,13,0.8037124115460671,0.9362658741658392
fifth_synthetic,CHEMBL222,35503,4,0.2,6.0,45,48,3,18,7,11,16,13,0.7483213305555556,0.948254119484202
fifth_synthetic,CHEMBL222,35503,4,0.3,4.0,46,46,0,18,4,14,14,14,0.7587575011199568,0.9434238407071054
fifth_synthetic,CHEMBL222,35503,4,0.3,6.0,44,45,1,16,3,13,13,12,0.7535403185991489,0.9650638785216795
fifth_synthetic,CHEMBL222,35503,5,0.2,4.0,45,45,0,17,4,13,13,13,0.7882671849599644,0.9426412856978293
fifth_synthetic,CHEMBL222,35503,5,0.2,6.0,45,46,1,17,4,13,14,13,0.755206448769111,0.9467051167830373
fifth_synthetic,CHEMBL222,35503,5,0.3,4.0,44,48,4,18,6,12,16,12,0.7687289466666667,0.9483027382912353
fifth_synthetic,CHEMBL222,35503,5,0.3,6.0,44,47,3,17,6,11,15,12,0.7495549752941176,0.9657796904137621
fifth_synthetic,CHEMBL222,35503,6,0.2,4.0,47,45,-2,18,5,13,13,15,0.7980184965663185,0.9215292493579543
fifth_synthetic,CHEMBL222,35503,6,0.2,6.0,45,46,1,16,5,11,14,13,0.75986224875,0.9433044743732675
fifth_synthetic,CHEMBL222,35503,6,0.3,4.0,44,45,1,18,4,14,13,12,0.7958718835619455,0.9611158120446363
fifth_synthetic,CHEMBL222,35503,6,0.3,6.0,44,47,3,18,4,14,15,12,0.7365079805041603,0.9680708227444135
fifth_synthetic,CHEMBL222,35503,7,0.2,4.0,45,46,1,18,5,13,14,13,0.786939823224088,0.9412551166492644
fifth_synthetic,CHEMBL222,35503,7,0.2,6.0,45,48,3,18,6,12,16,13,0.71073888,0.9463421120671978
fifth_synthetic,CHEMBL222,35503,7,0.3,4.0,45,45,0,18,5,13,13,13,0.8091764765486426,0.9479172183536966
fifth_synthetic,CHEMBL222,35503,7,0.3,6.0,44,46,2,18,5,13,15,13,0.7752538977263825,0.9588870386535923
fifth_synthetic,CHEMBL222,35503,8,0.2,4.0,47,47,0,18,4,14,15,15,0.7683662458043007,0.929522860122566
fifth_synthetic,CHEMBL222,35503,8,0.2,6.0,46,47,1,17,3,14,15,14,0.7215566488235293,0.9415940571131278
fifth_synthetic,CHEMBL222,35503,8,0.3,4.0,44,48,4,18,6,12,16,12,0.7941581674197873,0.9380767925845641
fifth_synthetic,CHEMBL222,35503,8,0.3,6.0,43,48,5,17,6,11,16,11,0.765917164117647,0.9565343928617736
fifth_synthetic,CHEMBL222,35503,9,0.2,4.0,46,46,0,18,4,14,14,14,0.786939823224088,0.9293593608201327
fifth_synthetic,CHEMBL222,35503,9,0.2,6.0,45,47,2,17,5,12,15,13,0.7219386335294117,0.9432467410094987
fifth_synthetic,CHEMBL222,35503,9,0.3,4.0,44,44,0,18,4,14,12,12,0.7994986159994089,0.9498665031345881
fifth_synthetic,CHEMBL222,35503,9,0.3,6.0,44,47,3,17,5,12,15,12,0.7179268941176469,0.9660709311293113
fifth_synthetic,CHEMBL225,35503,0,0.2,4.0,40,41,1,15,4,11,11,10,0.8306263756372905,0.9033033326896119
fifth_synthetic,CHEMBL225,35503,0,0.2,6.0,40,42,2,14,4,10,11,9,0.8323452973867908,0.9175590978606849
fifth_synthetic,CHEMBL225,35503,0,0.3,4.0,39,41,2,14,4,10,11,9,0.8154480156622513,0.9126267982950579
fifth_synthetic,CHEMBL225,35503,0,0.3,6.0,39,42,3,14,4,10,11,8,0.8350267519204085,0.9354892765893982
fifth_synthetic,CHEMBL225,35503,1,0.2,4.0,41,42,1,13,3,10,10,9,0.8337214408577392,0.9121745640707369
fifth_synthetic,CHEMBL225,35503,1,0.2,6.0,41,43,2,13,4,9,11,9,0.8166992920430327,0.9150987543908966
fifth_synthetic,CHEMBL225,35503,1,0.3,4.0,39,41,2,15,4,11,11,9,0.8237865098641955,0.9162329772601124
fifth_synthetic,CHEMBL225,35503,1,0.3,6.0,39,42,3,14,4,10,11,8,0.8349510155262175,0.9352607340924932
fifth_synthetic,CHEMBL225,35503,2,0.2,4.0,41,43,2,12,3,9,10,8,0.8155959304661525,0.9214501530623749
fifth_synthetic,CHEMBL225,35503,2,0.2,6.0,41,43,2,12,3,9,10,8,0.8265157585531777,0.9255687160432687
fifth_synthetic,CHEMBL225,35503,2,0.3,4.0,40,40,0,14,4,10,10,10,0.8216819023082306,0.9011623242563136
fifth_synthetic,CHEMBL225,35503,2,0.3,6.0,40,43,3,15,6,9,12,9,0.807864919696639,0.9258957958964232
fifth_synthetic,CHEMBL225,35503,3,0.2,4.0,40,42,2,13,3,10,10,8,0.8180029607131938,0.912980391794757
fifth_synthetic,CHEMBL225,35503,3,0.2,6.0,40,42,2,13,3,10,10,8,0.8361700151450553,0.9198649223400263
fifth_synthetic,CHEMBL225,35503,3,0.3,4.0,39,40,1,15,4,11,10,9,0.8331166710610869,0.9162379897360681
fifth_synthetic,CHEMBL225,35503,3,0.3,6.0,39,42,3,15,5,10,11,8,0.8303017119025573,0.9368336523775491
fifth_synthetic,CHEMBL225,35503,4,0.2,4.0,41,44,3,13,4,9,11,8,0.7938399505089385,0.9229240246410367
fifth_synthetic,CHEMBL225,35503,4,0.2,6.0,41,44,3,13,4,9,11,8,0.8076226473422758,0.9277152398460835
fifth_synthetic,CHEMBL225,35503,4,0.3,4.0,39,42,3,12,3,9,10,7,0.8121409113846833,0.9296544030201602
fifth_synthetic,CHEMBL225,35503,4,0.3,6.0,39,43,4,13,4,9,11,7,0.8167507127268911,0.9396965037741238
fifth_synthetic,CHEMBL225,35503,5,0.2,4.0,40,41,1,15,4,11,11,10,0.8255760809980365,0.9017524667349567
fifth_synthetic,CHEMBL225,35503,5,0.2,6.0,40,42,2,14,4,10,11,9,0.8323174233489798,0.9173165659167449
fifth_synthetic,CHEMBL225,35503,5,0.3,4.0,39,40,1,15,4,11,10,9,0.8205798279531369,0.9123220425766346
fifth_synthetic,CHEMBL225,35503,5,0.3,6.0,39,41,2,16,5,11,11,9,0.8393038275003237,0.9264389057553117
fifth_synthetic,CHEMBL225,35503,6,0.2,4.0,40,42,2,11,3,8,10,8,0.8089543554545454,0.9063368012665258
fifth_synthetic,CHEMBL225,35503,6,0.2,6.0,40,44,4,13,5,8,12,8,0.7821149715384615,0.9205975139622254
fifth_synthetic,CHEMBL225,35503,6,0.3,4.0,40,40,0,15,4,11,10,10,0.8241641143148736,0.9030835460463559
fifth_synthetic,CHEMBL225,35503,6,0.3,6.0,40,41,1,16,5,11,11,10,0.8374674777153215,0.9163077948472109
fifth_synthetic,CHEMBL225,35503,7,0.2,4.0,40,41,1,14,4,10,11,10,0.821475690181329,0.8964313062583515
fifth_synthetic,CHEMBL225,35503,7,0.2,6.0,40,42,2,14,4,10,11,9,0.8324336034626346,0.9174515293415669
fifth_synthetic,CHEMBL225,35503,7,0.3,4.0,39,39,0,16,4,12,10,10,0.826977804093879,0.9035322449501679
fifth_synthetic,CHEMBL225,35503,7,0.3,6.0,39,40,1,17,5,12,11,10,0.8471197430578892,0.9182452935630356
fifth_synthetic,CHEMBL225,35503,8,0.2,4.0,41,43,2,13,4,9,11,9,0.8087933871273323,0.908372415709902
fifth_synthetic,CHEMBL225,35503,8,0.2,6.0,41,44,3,14,5,9,12,9,0.798953195102581,0.9177038353766803
fifth_synthetic,CHEMBL225,35503,8,0.3,4.0,39,39,0,16,4,12,10,10,0.83325071521004,0.9061323316332495
fifth_synthetic,CHEMBL225,35503,8,0.3,6.0,39,41,2,17,6,11,12,10,0.8334574214498319,0.9185955866780502
fifth_synthetic,CHEMBL225,35503,9,0.2,4.0,41,43,2,14,4,10,11,9,0.8150782880048417,0.9119635953498576
fifth_synthetic,CHEMBL225,35503,9,0.2,6.0,41,43,2,14,4,10,11,9,0.8289663058577864,0.9175224309502061
fifth_synthetic,CHEMBL225,35503,9,0.3,4.0,40,40,0,16,4,12,10,10,0.8367727901266576,0.9097988328990099
fifth_synthetic,CHEMBL225,35503,9,0.3,6.0,40,42,2,15,5,10,11,9,0.8277469894672672,0.9256624870937237
fifth_synthetic,CHEMBL226,35503,0,0.2,4.0,40,43,3,21,4,17,16,13,0.7497375073373403,0.9140552729255709
fifth_synthetic,CHEMBL226,35503,0,0.2,6.0,39,44,5,22,8,14,18,13,0.7201247172727272,0.9277693841643458
fifth_synthetic,CHEMBL226,35503,0,0.3,4.0,37,44,7,23,7,16,19,12,0.75401623580849,0.935215704920381
fifth_synthetic,CHEMBL226,35503,0,0.3,6.0,37,46,9,23,10,13,21,12,0.732380584347826,0.9483973641947823
fifth_synthetic,CHEMBL226,35503,1,0.2,4.0,40,44,4,21,6,15,17,13,0.7457146761482291,0.9292890434182359
fifth_synthetic,CHEMBL226,35503,1,0.2,6.0,40,46,6,21,9,12,19,13,0.7319155076190476,0.9360167439377849
fifth_synthetic,CHEMBL226,35503,1,0.3,4.0,37,43,6,23,6,17,18,12,0.7563112844667114,0.9320865330531759
fifth_synthetic,CHEMBL226,35503,1,0.3,6.0,37,45,8,23,10,13,20,12,0.7319773347826086,0.9479336891998756
fifth_synthetic,CHEMBL226,35503,2,0.2,4.0,39,44,5,21,5,16,18,13,0.7404855000806151,0.915147330175136
fifth_synthetic,CHEMBL226,35503,2,0.2,6.0,39,44,5,22,8,14,18,13,0.7248904018181818,0.9284730622344555
fifth_synthetic,CHEMBL226,35503,2,0.3,4.0,38,43,5,21,6,15,17,12,0.7478560034194219,0.9282079463679273
fifth_synthetic,CHEMBL226,35503,2,0.3,6.0,37,44,7,23,10,13,19,12,0.7275392482608696,0.94560853037518
fifth_synthetic,CHEMBL226,35503,3,0.2,4.0,40,42,2,21,6,15,15,13,0.7623855643643986,0.9174454830631995
fifth_synthetic,CHEMBL226,35503,3,0.2,6.0,39,44,5,22,9,13,18,13,0.7386449222727272,0.9283106925258644
fifth_synthetic,CHEMBL226,35503,3,0.3,4.0,37,42,5,23,7,16,17,12,0.7687227233882309,0.9309934991176101
fifth_synthetic,CHEMBL226,35503,3,0.3,6.0,37,45,8,23,11,12,20,12,0.7431920326086956,0.9477027974720241
fifth_synthetic,CHEMBL226,35503,4,0.2,4.0,40,43,3,21,6,15,16,13,0.7472644866651331,0.9230382423908319
fifth_synthetic,CHEMBL226,35503,4,0.2,6.0,40,44,4,21,9,12,17,13,0.7279112199999999,0.9350974055971539
fifth_synthetic,CHEMBL226,35503,4,0.3,4.0,37,42,5,23,6,17,17,12,0.7736136616325748,0.92843539340828
fifth_synthetic,CHEMBL226,35503,4,0.3,6.0,37,46,9,23,11,12,21,12,0.7411421404347827,0.9473209265956976
fifth_synthetic,CHEMBL226,35503,5,0.2,4.0,40,42,2,21,4,17,15,13,0.7764675859213096,0.915483443886704
fifth_synthetic,CHEMBL226,35503,5,0.2,6.0,39,44,5,22,9,13,18,13,0.7321732990909091,0.9280345274931758
fifth_synthetic,CHEMBL226,35503,5,0.3,4.0,37,44,7,23,7,16,19,12,0.7493355812901499,0.9320744866315889
fifth_synthetic,CHEMBL226,35503,5,0.3,6.0,37,45,8,23,9,14,20,12,0.7261000182608695,0.9479167581466009
fifth_synthetic,CHEMBL226,35503,6,0.2,4.0,39,43,4,22,5,17,17,13,0.7389967331731593,0.9174612935003925
fifth_synthetic,CHEMBL226,35503,6,0.2,6.0,39,45,6,22,7,15,19,13,0.7280085563636365,0.9293677828520767
fifth_synthetic,CHEMBL226,35503,6,0.3,4.0,37,43,6,23,7,16,18,12,0.7522700849456029,0.9294027665205504
fifth_synthetic,CHEMBL226,35503,6,0.3,6.0,37,45,8,23,11,12,20,12,0.7257696582608695,0.9474871890421062
fifth_synthetic,CHEMBL226,35503,7,0.2,4.0,39,43,4,22,6,16,17,13,0.755798726318814,0.9144876823919847
fifth_synthetic,CHEMBL226,35503,7,0.2,6.0,39,44,5,22,8,14,18,13,0.7308488681818183,0.9289036691889078
fifth_synthetic,CHEMBL226,35503,7,0.3,4.0,37,43,6,23,7,16,18,12,0.7596579603790152,0.9325023028322057
fifth_synthetic,CHEMBL226,35503,7,0.3,6.0,37,45,8,23,10,13,20,12,0.7363471586956523,0.9480203533826108
fifth_synthetic,CHEMBL226,35503,8,0.2,4.0,40,42,2,20,5,15,15,13,0.7557484321578773,0.9152318274368717
fifth_synthetic,CHEMBL226,35503,8,0.2,6.0,40,45,5,21,9,12,18,13,0.7298268328571428,0.9339978524370235
fifth_synthetic,CHEMBL226,35503,8,0.3,4.0,38,43,5,22,7,15,17,12,0.7655932652006929,0.92850869453358
fifth_synthetic,CHEMBL226,35503,8,0.3,6.0,37,45,8,23,12,11,20,12,0.7444175521739129,0.9462742028013524
fifth_synthetic,CHEMBL226,35503,9,0.2,4.0,41,43,2,19,5,14,15,13,0.7499609611791701,0.9162350936710184
fifth_synthetic,CHEMBL226,35503,9,0.2,6.0,40,45,5,21,9,12,18,13,0.7324458957142856,0.9330986544725794
fifth_synthetic,CHEMBL226,35503,9,0.3,4.0,37,43,6,23,6,17,18,12,0.7554765097183456,0.9273590065261479
fifth_synthetic,CHEMBL226,35503,9,0.3,6.0,37,46,9,23,10,13,21,12,0.730486034347826,0.9471575819346902
fifth_synthetic,CHEMBL227,35503,0,0.2,4.0,49,49,0,9,2,7,8,8,0.9765095025084014,0.9965869098814303
fifth_synthetic,CHEMBL227,35503,0,0.2,6.0,49,50,1,9,2,7,9,8,0.9774752655555555,0.9967093753088732
fifth_synthetic,CHEMBL227,35503,0,0.3,4.0,50,50,0,8,1,7,8,8,0.98063011125,0.99631963875
fifth_synthetic,CHEMBL227,35503,0,0.3,6.0,50,50,0,8,1,7,8,8,0.98063011125,0.99631963875
fifth_synthetic,CHEMBL227,35503,1,0.2,4.0,50,50,0,8,1,7,8,8,0.98063011125,0.99631963875
fifth_synthetic,CHEMBL227,35503,1,0.2,6.0,50,50,0,8,1,7,8,8,0.98063011125,0.99631963875
fifth_synthetic,CHEMBL227,35503,1,0.3,4.0,49,49,0,9,2,7,8,8,0.9765095025084014,0.9965869098814303
fifth_synthetic,CHEMBL227,35503,1,0.3,6.0,49,50,1,9,2,7,9,8,0.9774752655555555,0.9967093753088732
fifth_synthetic,CHEMBL227,35503,2,0.2,4.0,50,50,0,8,1,7,8,8,0.98063011125,0.99631963875
fifth_synthetic,CHEMBL227,35503,2,0.2,6.0,50,50,0,8,1,7,8,8,0.98063011125,0.99631963875
fifth_synthetic,CHEMBL227,35503,2,0.3,4.0,49,49,0,9,2,7,8,8,0.9765095025084014,0.9965869098814303
fifth_synthetic,CHEMBL227,35503,2,0.3,6.0,49,50,1,9,2,7,9,8,0.9774752655555555,0.9967093753088732
fifth_synthetic,CHEMBL227,35503,3,0.2,4.0,49,49,0,9,2,7,8,8,0.9765095025084014,0.9965869098814303
fifth_synthetic,CHEMBL227,35503,3,0.2,6.0,49,50,1,9,2,7,9,8,0.9774752655555555,0.9967093753088732
fifth_synthetic,CHEMBL227,35503,3,0.3,4.0,49,49,0,9,2,7,8,8,0.9765095025084014,0.9965869098814303
fifth_synthetic,CHEMBL227,35503,3,0.3,6.0,49,50,1,9,2,7,9,8,0.9774752655555555,0.9967093753088732
fifth_synthetic,CHEMBL227,35503,4,0.2,4.0,50,50,0,8,1,7,8,8,0.98063011125,0.99631963875
fifth_synthetic,CHEMBL227,35503,4,0.2,6.0,50,50,0,8,1,7,8,8,0.98063011125,0.99631963875
fifth_synthetic,CHEMBL227,35503,4,0.3,4.0,49,49,0,9,2,7,8,8,0.9765095025084014,0.9965869098814303
fifth_synthetic,CHEMBL227,35503,4,0.3,6.0,49,50,1,9,2,7,9,8,0.9774752655555555,0.9967093753088732
fifth_synthetic,CHEMBL227,35503,5,0.2,4.0,50,50,0,8,1,7,8,8,0.98063011125,0.99631963875
fifth_synthetic,CHEMBL227,35503,5,0.2,6.0,50,50,0,8,1,7,8,8,0.98063011125,0.99631963875
fifth_synthetic,CHEMBL227,35503,5,0.3,4.0,49,49,0,9,2,7,8,8,0.9765095025084014,0.9965869098814303
fifth_synthetic,CHEMBL227,35503,5,0.3,6.0,49,50,1,9,2,7,9,8,0.9774752655555555,0.9967093753088732
fifth_synthetic,CHEMBL227,35503,6,0.2,4.0,49,49,0,9,2,7,8,8,0.9765095025084014,0.9965869098814303
fifth_synthetic,CHEMBL227,35503,6,0.2,6.0,49,50,1,9,2,7,9,8,0.9774752655555555,0.9967093753088732
fifth_synthetic,CHEMBL227,35503,6,0.3,4.0,49,49,0,9,2,7,8,8,0.9765095025084014,0.9965869098814303
fifth_synthetic,CHEMBL227,35503,6,0.3,6.0,49,50,1,9,2,7,9,8,0.9774752655555555,0.9967093753088732
fifth_synthetic,CHEMBL227,35503,7,0.2,4.0,50,50,0,8,1,7,8,8,0.98063011125,0.99631963875
fifth_synthetic,CHEMBL227,35503,7,0.2,6.0,50,50,0,8,1,7,8,8,0.98063011125,0.99631963875
fifth_synthetic,CHEMBL227,35503,7,0.3,4.0,49,49,0,9,2,7,8,8,0.9765095025084014,0.9965869098814303
fifth_synthetic,CHEMBL227,35503,7,0.3,6.0,49,50,1,9,2,7,9,8,0.9774752655555555,0.9967093753088732
fifth_synthetic,CHEMBL227,35503,8,0.2,4.0,49,49,0,9,2,7,8,8,0.9765095025084014,0.9965869098814303
fifth_synthetic,CHEMBL227,35503,8,0.2,6.0,49,50,1,9,2,7,9,8,0.9774752655555555,0.9967093753088732
fifth_synthetic,CHEMBL227,35503,8,0.3,4.0,49,49,0,9,2,7,8,8,0.9765095025084014,0.9965869098814303
fifth_synthetic,CHEMBL227,35503,8,0.3,6.0,49,50,1,9,2,7,9,8,0.9774752655555555,0.9967093753088732
fifth_synthetic,CHEMBL227,35503,9,0.2,4.0,49,49,0,9,2,7,8,8,0.9765095025084014,0.9965869098814303
fifth_synthetic,CHEMBL227,35503,9,0.2,6.0,49,50,1,9,2,7,9,8,0.9774752655555555,0.9967093753088732
fifth_synthetic,CHEMBL227,35503,9,0.3,4.0,49,49,0,9,2,7,8,8,0.9765095025084014,0.9965869098814303
fifth_synthetic,CHEMBL227,35503,9,0.3,6.0,49,50,1,9,2,7,9,8,0.9774752655555555,0.9967093753088732
fifth_synthetic,CHEMBL231,35503,0,0.2,4.0,46,48,2,11,4,7,11,9,0.8300010881818182,0.9429139639417748
fifth_synthetic,CHEMBL231,35503,0,0.2,6.0,45,47,2,12,4,8,11,9,0.8441353982617844,0.9444030375387545
fifth_synthetic,CHEMBL231,35503,0,0.3,4.0,45,46,1,11,4,7,10,9,0.8321257738418716,0.934841676108947
fifth_synthetic,CHEMBL231,35503,0,0.3,6.0,44,44,0,11,2,9,9,9,0.8570984970394414,0.9554284795941335
fifth_synthetic,CHEMBL231,35503,1,0.2,4.0,45,46,1,10,3,7,10,9,0.839538807,0.937351428
fifth_synthetic,CHEMBL231,35503,1,0.2,6.0,45,46,1,11,3,8,10,9,0.8491544799219466,0.9563400969587107
fifth_synthetic,CHEMBL231,35503,1,0.3,4.0,45,46,1,11,3,8,10,9,0.838627259297803,0.9409853226401178
fifth_synthetic,CHEMBL231,35503,1,0.3,6.0,44,44,0,11,2,9,9,9,0.8570984970394414,0.9554284795941335
fifth_synthetic,CHEMBL231,35503,2,0.2,4.0,46,46,0,11,4,7,10,10,0.8321257738418716,0.9238581618181818
fifth_synthetic,CHEMBL231,35503,2,0.2,6.0,45,45,0,10,2,8,9,9,0.8562589429141413,0.9522962021537975
fifth_synthetic,CHEMBL231,35503,2,0.3,4.0,45,47,2,11,4,7,11,9,0.8349375972727272,0.9429139639417748
fifth_synthetic,CHEMBL231,35503,2,0.3,6.0,45,47,2,12,4,8,11,9,0.8441353982617844,0.9599619279560748
fifth_synthetic,CHEMBL231,35503,3,0.2,4.0,46,46,0,11,3,8,10,10,0.8507942195693207,0.9407355945908897
fifth_synthetic,CHEMBL231,35503,3,0.2,6.0,45,46,1,11,3,8,10,9,0.8491544799219466,0.9565801087952795
fifth_synthetic,CHEMBL231,35503,3,0.3,4.0,45,46,1,11,4,7,10,9,0.8321257738418716,0.9429139639417748
fifth_synthetic,CHEMBL231,35503,3,0.3,6.0,45,47,2,11,4,7,11,9,0.8349375972727272,0.9600020939940838
fifth_synthetic,CHEMBL231,35503,4,0.2,4.0,45,47,2,11,4,7,11,9,0.8349375972727272,0.934841676108947
fifth_synthetic,CHEMBL231,35503,4,0.2,6.0,45,45,0,11,2,9,9,9,0.8526213970394415,0.9554284795941335
fifth_synthetic,CHEMBL231,35503,4,0.3,4.0,45,45,0,11,3,8,9,9,0.8367986767760383,0.9319242501675344
fifth_synthetic,CHEMBL231,35503,4,0.3,6.0,44,44,0,10,2,8,9,9,0.8611837529141413,0.9522962021537975
fifth_synthetic,CHEMBL231,35503,5,0.2,4.0,45,46,1,11,3,8,10,9,0.838627259297803,0.9319242501675344
fifth_synthetic,CHEMBL231,35503,5,0.2,6.0,45,45,0,10,2,8,9,9,0.8562589429141413,0.9522962021537975
fifth_synthetic,CHEMBL231,35503,5,0.3,4.0,45,45,0,11,3,8,9,9,0.8367986767760383,0.9319242501675344
fifth_synthetic,CHEMBL231,35503,5,0.3,6.0,44,44,0,10,2,8,9,9,0.8611837529141413,0.9522962021537975
fifth_synthetic,CHEMBL231,35503,6,0.2,4.0,45,47,2,11,4,7,11,9,0.8349375972727272,0.934841676108947
fifth_synthetic,CHEMBL231,35503,6,0.2,6.0,45,45,0,11,2,9,9,9,0.8526213970394415,0.9554284795941335
fifth_synthetic,CHEMBL231,35503,6,0.3,4.0,45,47,2,11,4,7,11,9,0.8349375972727272,0.9429139639417748
fifth_synthetic,CHEMBL231,35503,6,0.3,6.0,45,47,2,12,4,8,11,9,0.8441353982617844,0.9599619279560748
fifth_synthetic,CHEMBL231,35503,7,0.2,4.0,46,46,0,11,4,7,10,10,0.8321257738418716,0.9238581618181818
fifth_synthetic,CHEMBL231,35503,7,0.2,6.0,45,45,0,10,2,8,9,9,0.8562589429141413,0.9522962021537975
fifth_synthetic,CHEMBL231,35503,7,0.3,4.0,45,46,1,11,3,8,10,9,0.8507942195693207,0.9517191088816547
fifth_synthetic,CHEMBL231,35503,7,0.3,6.0,44,45,1,12,3,9,10,9,0.8492511597861546,0.959094370895464
fifth_synthetic,CHEMBL231,35503,8,0.2,4.0,45,46,1,10,3,7,10,9,0.839538807,0.937351428
fifth_synthetic,CHEMBL231,35503,8,0.2,6.0,45,46,1,11,3,8,10,9,0.8491544799219466,0.9563400969587107
fifth_synthetic,CHEMBL231,35503,8,0.3,4.0,45,46,1,11,4,7,10,9,0.8321257738418716,0.934841676108947
fifth_synthetic,CHEMBL231,35503,8,0.3,6.0,44,44,0,11,2,9,9,9,0.8570984970394414,0.9554284795941335
fifth_synthetic,CHEMBL231,35503,9,0.2,4.0,45,45,0,11,3,8,9,9,0.8367986767760383,0.9319242501675344
fifth_synthetic,CHEMBL231,35503,9,0.2,6.0,45,45,0,9,2,7,9,9,0.8463642466666665,0.9514935466666667
fifth_synthetic,CHEMBL231,35503,9,0.3,4.0,45,46,1,10,3,7,10,9,0.839538807,0.9473186077198417
fifth_synthetic,CHEMBL231,35503,9,0.3,6.0,44,45,1,12,3,9,10,9,0.8492511597861546,0.9588743600452759
fifth_synthetic,CHEMBL232,35503,0,0.2,4.0,40,41,1,9,4,5,8,7,0.7350325990041318,0.936050616534386
fifth_synthetic,CHEMBL232,35503,0,0.2,6.0,40,41,1,10,4,6,8,7,0.7834798656972491,0.9465692078859804
fifth_synthetic,CHEMBL232,35503,0,0.3,4.0,40,42,2,10,4,6,8,6,0.7263111816375408,0.9655249685259752
fifth_synthetic,CHEMBL232,35503,0,0.3,6.0,40,44,4,10,5,5,10,6,0.6627096450000001,0.9731866585639702
fifth_synthetic,CHEMBL232,35503,1,0.2,4.0,40,40,0,8,3,5,6,6,0.8221333735435037,0.947410314146798
fifth_synthetic,CHEMBL232,35503,1,0.2,6.0,40,42,2,9,3,6,8,6,0.7371758121644547,0.9564553358795931
fifth_synthetic,CHEMBL232,35503,1,0.3,4.0,39,40,1,9,3,6,7,6,0.7168948871765841,0.9627685797845348
fifth_synthetic,CHEMBL232,35503,1,0.3,6.0,39,40,1,10,3,7,7,6,0.7655326119404767,0.9695144350537233
fifth_synthetic,CHEMBL232,35503,2,0.2,4.0,40,42,2,8,3,5,8,6,0.6557734175000001,0.9484042587916321
fifth_synthetic,CHEMBL232,35503,2,0.2,6.0,40,43,3,9,3,6,9,6,0.632306381111111,0.9565796042968405
fifth_synthetic,CHEMBL232,35503,2,0.3,4.0,39,39,0,9,3,6,6,6,0.8317048008733683,0.9400944856598255
fifth_synthetic,CHEMBL232,35503,2,0.3,6.0,39,42,3,10,3,7,9,6,0.7377802282200661,0.9559857208209573
fifth_synthetic,CHEMBL232,35503,3,0.2,4.0,40,40,0,7,3,4,6,6,0.805600768778371,0.9442721546764202
fifth_synthetic,CHEMBL232,35503,3,0.2,6.0,40,41,1,9,3,6,7,6,0.7940310210757426,0.9560259851248083
fifth_synthetic,CHEMBL232,35503,3,0.3,4.0,39,39,0,9,3,6,6,6,0.8315567319804449,0.961301775140301
fifth_synthetic,CHEMBL232,35503,3,0.3,6.0,39,41,2,9,4,5,8,6,0.7933293910533435,0.970152272281128
fifth_synthetic,CHEMBL232,35503,4,0.2,4.0,40,41,1,10,4,6,8,7,0.7332024588348031,0.9417655845863644
fifth_synthetic,CHEMBL232,35503,4,0.2,6.0,40,42,2,10,4,6,9,7,0.6928480199480093,0.9472910117932946
fifth_synthetic,CHEMBL232,35503,4,0.3,4.0,39,39,0,10,3,7,6,6,0.8509874320866698,0.9652087144614911
fifth_synthetic,CHEMBL232,35503,4,0.3,6.0,39,41,2,10,4,6,8,6,0.7875450101680752,0.9731700295256223
fifth_synthetic,CHEMBL232,35503,5,0.2,4.0,40,40,0,9,4,5,7,7,0.8111312283334075,0.9364238696600906
fifth_synthetic,CHEMBL232,35503,5,0.2,6.0,40,40,0,9,4,5,7,7,0.821740277964528,0.9415861251814192
fifth_synthetic,CHEMBL232,35503,5,0.3,4.0,40,41,1,10,5,5,8,7,0.7711610342485783,0.9431668372943346
fifth_synthetic,CHEMBL232,35503,5,0.3,6.0,40,41,1,11,5,6,8,7,0.8176263669502348,0.9515194222348208
fifth_synthetic,CHEMBL232,35503,6,0.2,4.0,40,40,0,10,4,6,7,7,0.8238042661900101,0.9397192257380258
fifth_synthetic,CHEMBL232,35503,6,0.2,6.0,40,41,1,10,4,6,8,7,0.7875450101680752,0.9470018093702537
fifth_synthetic,CHEMBL232,35503,6,0.3,4.0,39,39,0,7,3,4,6,6,0.7767994330053123,0.9426787701665253
fifth_synthetic,CHEMBL232,35503,6,0.3,6.0,39,40,1,9,3,6,7,6,0.7854689841337898,0.9524953524807243
fifth_synthetic,CHEMBL232,35503,7,0.2,4.0,40,40,0,9,4,5,7,7,0.8111312283334075,0.9364238696600906
fifth_synthetic,CHEMBL232,35503,7,0.2,6.0,40,40,0,10,4,6,7,7,0.8387146981882342,0.9466153936909475
fifth_synthetic,CHEMBL232,35503,7,0.3,4.0,40,41,1,8,3,5,6,5,0.7825947235557497,0.9743236033126896
fifth_synthetic,CHEMBL232,35503,7,0.3,6.0,40,43,3,9,3,6,8,5,0.7562894040856557,0.9848818098681514
fifth_synthetic,CHEMBL232,35503,8,0.2,4.0,40,41,1,9,4,5,8,7,0.7350325990041318,0.936050616534386
fifth_synthetic,CHEMBL232,35503,8,0.2,6.0,40,41,1,10,4,6,8,7,0.7794103317204109,0.9435492148757758
fifth_synthetic,CHEMBL232,35503,8,0.3,4.0,39,40,1,10,3,7,7,6,0.7353875259385216,0.9650263207029323
fifth_synthetic,CHEMBL232,35503,8,0.3,6.0,39,41,2,10,3,7,8,6,0.7178351656250993,0.9731474117676902
fifth_synthetic,CHEMBL232,35503,9,0.2,4.0,41,42,1,9,5,4,8,7,0.764494124099937,0.9389092543869074
fifth_synthetic,CHEMBL232,35503,9,0.2,6.0,41,43,2,10,5,5,9,7,0.7413857590201591,0.946925874847017
fifth_synthetic,CHEMBL232,35503,9,0.3,4.0,40,41,1,10,5,5,8,7,0.792688361834803,0.9431191392217109
fifth_synthetic,CHEMBL232,35503,9,0.3,6.0,40,42,2,11,5,6,9,7,0.774824410880153,0.9515132329008033
fifth_synthetic,CHEMBL234,35503,0,0.2,4.0,48,47,-1,21,20,1,19,20,0.948648416190476,0.983130162997282
fifth_synthetic,CHEMBL234,35503,0,0.2,6.0,47,47,0,22,21,1,20,20,0.9493806018181817,0.9839753682752641
fifth_synthetic,CHEMBL234,35503,0,0.3,4.0,49,47,-2,20,19,1,18,20,0.947965812,0.9828545184999999
fifth_synthetic,CHEMBL234,35503,0,0.3,6.0,46,47,1,23,22,1,21,20,0.9500884860869564,0.9840023673959898
fifth_synthetic,CHEMBL234,35503,1,0.2,4.0,49,47,-2,20,19,1,18,20,0.947965812,0.9828545184999999
fifth_synthetic,CHEMBL234,35503,1,0.2,6.0,47,47,0,22,21,1,20,20,0.9493806018181817,0.9836067452574728
fifth_synthetic,CHEMBL234,35503,1,0.3,4.0,48,47,-1,21,20,1,19,20,0.948648416190476,0.9833693020489604
fifth_synthetic,CHEMBL234,35503,1,0.3,6.0,46,47,1,23,22,1,21,20,0.9500884860869564,0.9837830179019976
fifth_synthetic,CHEMBL234,35503,2,0.2,4.0,48,47,-1,21,20,1,19,20,0.948648416190476,0.9833693020489604
fifth_synthetic,CHEMBL234,35503,2,0.2,6.0,47,47,0,22,21,1,20,20,0.9493806018181817,0.9840067393534067
fifth_synthetic,CHEMBL234,35503,2,0.3,4.0,48,47,-1,21,20,1,19,20,0.948648416190476,0.9833693020489604
fifth_synthetic,CHEMBL234,35503,2,0.3,6.0,46,47,1,23,22,1,21,20,0.9500884860869564,0.9843431073886405
fifth_synthetic,CHEMBL234,35503,3,0.2,4.0,48,47,-1,21,20,1,19,20,0.948648416190476,0.9833693020489604
fifth_synthetic,CHEMBL234,35503,3,0.2,6.0,47,47,0,22,21,1,20,20,0.9493806018181817,0.9840424704367567
fifth_synthetic,CHEMBL234,35503,3,0.3,4.0,49,47,-2,20,19,1,18,20,0.947965812,0.9828545184999999
fifth_synthetic,CHEMBL234,35503,3,0.3,6.0,46,47,1,23,22,1,21,20,0.9500884860869564,0.9830654387531715
fifth_synthetic,CHEMBL234,35503,4,0.2,4.0,48,47,-1,21,20,1,19,20,0.948648416190476,0.983130162997282
fifth_synthetic,CHEMBL234,35503,4,0.2,6.0,47,47,0,22,21,1,20,20,0.9493806018181817,0.9839316023534651
fifth_synthetic,CHEMBL234,35503,4,0.3,4.0,49,47,-2,20,19,1,18,20,0.947965812,0.9828545184999999
fifth_synthetic,CHEMBL234,35503,4,0.3,6.0,46,47,1,23,22,1,21,20,0.9500884860869564,0.9839681898380028
fifth_synthetic,CHEMBL234,35503,5,0.2,4.0,48,47,-1,21,20,1,19,20,0.948648416190476,0.9833693020489604
fifth_synthetic,CHEMBL234,35503,5,0.2,6.0,47,47,0,22,21,1,20,20,0.9493806018181817,0.9839786000227093
fifth_synthetic,CHEMBL234,35503,5,0.3,4.0,48,47,-1,21,20,1,19,20,0.948648416190476,0.983130162997282
fifth_synthetic,CHEMBL234,35503,5,0.3,6.0,46,47,1,23,22,1,21,20,0.9500884860869564,0.9842938698865275
fifth_synthetic,CHEMBL234,35503,6,0.2,4.0,49,47,-2,20,19,1,18,20,0.947965812,0.9828545184999999
fifth_synthetic,CHEMBL234,35503,6,0.2,6.0,47,47,0,22,21,1,20,20,0.9493806018181817,0.9836348845881702
fifth_synthetic,CHEMBL234,35503,6,0.3,4.0,48,47,-1,21,20,1,19,20,0.948648416190476,0.9833693020489604
fifth_synthetic,CHEMBL234,35503,6,0.3,6.0,46,47,1,23,22,1,21,20,0.9500884860869564,0.9843089298306534
fifth_synthetic,CHEMBL234,35503,7,0.2,4.0,49,47,-2,20,19,1,18,20,0.947965812,0.9828545184999999
fifth_synthetic,CHEMBL234,35503,7,0.2,6.0,47,47,0,22,21,1,20,20,0.9493806018181817,0.9836067452574728
fifth_synthetic,CHEMBL234,35503,7,0.3,4.0,48,47,-1,21,20,1,19,20,0.948648416190476,0.9833693020489604
fifth_synthetic,CHEMBL234,35503,7,0.3,6.0,46,47,1,23,22,1,21,20,0.9500884860869564,0.9843089298306534
fifth_synthetic,CHEMBL234,35503,8,0.2,4.0,49,47,-2,20,19,1,18,20,0.947965812,0.9828545184999999
fifth_synthetic,CHEMBL234,35503,8,0.2,6.0,47,47,0,22,21,1,20,20,0.9493806018181817,0.9832284036398456
fifth_synthetic,CHEMBL234,35503,8,0.3,4.0,49,47,-2,20,19,1,18,20,0.947965812,0.9828545184999999
fifth_synthetic,CHEMBL234,35503,8,0.3,6.0,46,47,1,23,22,1,21,20,0.9500884860869564,0.9835033713488706
fifth_synthetic,CHEMBL234,35503,9,0.2,4.0,49,47,-2,20,19,1,18,20,0.947965812,0.9828545184999999
fifth_synthetic,CHEMBL234,35503,9,0.2,6.0,47,47,0,22,21,1,20,20,0.9493806018181817,0.9832922740538931
fifth_synthetic,CHEMBL234,35503,9,0.3,4.0,48,47,-1,21,20,1,19,20,0.948648416190476,0.9833693020489604
fifth_synthetic,CHEMBL234,35503,9,0.3,6.0,46,47,1,23,22,1,21,20,0.9500884860869564,0.9843849704442743
fifth_synthetic,CHEMBL236,35503,0,0.2,4.0,48,50,2,24,22,2,24,22,0.9334277508333333,0.9864495361702282
fifth_synthetic,CHEMBL236,35503,0,0.2,6.0,46,50,4,25,23,2,25,21,0.9347709648,0.9881231512311345
fifth_synthetic,CHEMBL236,35503,0,0.3,4.0,48,50,2,24,22,2,24,22,0.9334277508333333,0.9864495361702282
fifth_synthetic,CHEMBL236,35503,0,0.3,6.0,45,49,4,25,22,3,24,20,0.9347142086078994,0.9882647302587481
fifth_synthetic,CHEMBL236,35503,1,0.2,4.0,49,50,1,22,21,1,22,21,0.9303477418181815,0.985946282061256
fifth_synthetic,CHEMBL236,35503,1,0.2,6.0,46,49,3,24,23,1,24,21,0.9346088216666667,0.9862147652073926
fifth_synthetic,CHEMBL236,35503,1,0.3,4.0,46,50,4,25,24,1,25,21,0.9343824768000001,0.9863494233241403
fifth_synthetic,CHEMBL236,35503,1,0.3,6.0,45,50,5,25,24,1,25,20,0.9343824768000001,0.9880717706829191
fifth_synthetic,CHEMBL236,35503,2,0.2,4.0,48,50,2,23,22,1,23,21,0.9316074052173913,0.9850301840017452
fifth_synthetic,CHEMBL236,35503,2,0.2,6.0,47,49,2,24,23,1,23,21,0.9339590607031992,0.9865982462364759
fifth_synthetic,CHEMBL236,35503,2,0.3,4.0,47,50,3,24,22,2,24,21,0.9317196758333334,0.9850071512285808
fifth_synthetic,CHEMBL236,35503,2,0.3,6.0,44,49,5,24,22,2,24,19,0.933800255,0.988529207733048
fifth_synthetic,CHEMBL236,35503,3,0.2,4.0,48,50,2,24,23,1,24,22,0.9330230758333333,0.986246174330323
fifth_synthetic,CHEMBL236,35503,3,0.2,6.0,46,50,4,25,24,1,25,21,0.9343824768000001,0.9874820776402956
fifth_synthetic,CHEMBL236,35503,3,0.3,4.0,47,50,3,24,23,1,24,21,0.9330230758333333,0.986058282787052
fifth_synthetic,CHEMBL236,35503,3,0.3,6.0,44,50,6,25,24,1,25,19,0.9343824768000001,0.9888693594904945
fifth_synthetic,CHEMBL236,35503,4,0.2,4.0,47,50,3,24,22,2,24,21,0.9334277508333333,0.9868443472263797
fifth_synthetic,CHEMBL236,35503,4,0.2,6.0,46,50,4,25,23,2,25,21,0.9347709648,0.9873169615470616
fifth_synthetic,CHEMBL236,35503,4,0.3,4.0,47,50,3,24,23,1,24,21,0.9330230758333333,0.986058282787052
fifth_synthetic,CHEMBL236,35503,4,0.3,6.0,44,49,5,25,23,2,24,19,0.9338506806078994,0.9885811484547318
fifth_synthetic,CHEMBL236,35503,5,0.2,4.0,49,50,1,23,21,2,23,22,0.9320296747826086,0.9860678356683471
fifth_synthetic,CHEMBL236,35503,5,0.2,6.0,46,49,3,25,22,3,24,21,0.9347142086078994,0.9871390497358351
fifth_synthetic,CHEMBL236,35503,5,0.3,4.0,47,50,3,25,22,3,25,22,0.9339947408,0.9863364950188312
fifth_synthetic,CHEMBL236,35503,5,0.3,6.0,45,49,4,25,22,3,24,20,0.9349952142750715,0.989103110625002
fifth_synthetic,CHEMBL236,35503,6,0.2,4.0,49,50,1,23,22,1,23,22,0.9316074052173913,0.985247594514266
fifth_synthetic,CHEMBL236,35503,6,0.2,6.0,46,50,4,25,24,1,25,21,0.9343824768000001,0.9874888265831143
fifth_synthetic,CHEMBL236,35503,6,0.3,4.0,47,50,3,24,22,2,24,21,0.9317196758333334,0.9855747352733771
fifth_synthetic,CHEMBL236,35503,6,0.3,6.0,46,49,3,25,23,2,24,21,0.9345047982750714,0.987148827820333
fifth_synthetic,CHEMBL236,35503,7,0.2,4.0,49,50,1,22,21,1,22,21,0.9303477418181815,0.985946282061256
fifth_synthetic,CHEMBL236,35503,7,0.2,6.0,46,50,4,25,24,1,25,21,0.9343824768000001,0.9862800789592518
fifth_synthetic,CHEMBL236,35503,7,0.3,4.0,46,50,4,25,23,2,25,21,0.9347709648,0.9871914255251142
fifth_synthetic,CHEMBL236,35503,7,0.3,6.0,44,50,6,25,23,2,25,19,0.9347709648,0.9901670926277808
fifth_synthetic,CHEMBL236,35503,8,0.2,4.0,48,50,2,23,21,2,23,21,0.9320296747826086,0.9864798124225921
fifth_synthetic,CHEMBL236,35503,8,0.2,6.0,46,49,3,25,22,3,24,21,0.9347142086078994,0.9863875287771998
fifth_synthetic,CHEMBL236,35503,8,0.3,4.0,46,50,4,25,23,2,25,21,0.9347709648,0.9865446506904493
fifth_synthetic,CHEMBL236,35503,8,0.3,6.0,44,50,6,25,23,2,25,19,0.9347709648,0.9893741770063161
fifth_synthetic,CHEMBL236,35503,9,0.2,4.0,50,50,0,22,21,1,22,22,0.9303477418181815,0.985515579090909
fifth_synthetic,CHEMBL236,35503,9,0.2,6.0,47,47,0,24,22,2,22,22,0.9355918605030946,0.9850656928262568
fifth_synthetic,CHEMBL236,35503,9,0.3,4.0,46,50,4,25,23,2,25,21,0.9347709648,0.9864689766304798
fifth_synthetic,CHEMBL236,35503,9,0.3,6.0,44,49,5,24,22,2,24,19,0.9355083299999999,0.9888681765677269
fifth_synthetic,CHEMBL238,35503,0,0.2,4.0,42,45,3,12,3,9,9,6,0.6914257378020844,0.9540711181001246
fifth_synthetic,CHEMBL238,35503,0,0.2,6.0,41,46,5,13,4,9,10,5,0.7412890013240966,0.9742227875069095
fifth_synthetic,CHEMBL238,35503,0,0.3,4.0,41,46,5,12,5,7,10,5,0.7064472133333334,0.9579716368806102
fifth_synthetic,CHEMBL238,35503,0,0.3,6.0,38,45,7,14,6,8,12,5,0.744385003074713,0.9722913897664976
fifth_synthetic,CHEMBL238,35503,1,0.2,4.0,44,46,2,11,3,8,8,6,0.7402235931799709,0.9523997106413392
fifth_synthetic,CHEMBL238,35503,1,0.2,6.0,42,46,4,13,6,7,10,6,0.7627216576199722,0.9629119044483467
fifth_synthetic,CHEMBL238,35503,1,0.3,4.0,42,45,3,12,4,8,9,6,0.7268845653020843,0.9534610012752261
fifth_synthetic,CHEMBL238,35503,1,0.3,6.0,40,44,4,13,5,8,10,6,0.7768541244010196,0.9731750705924026
fifth_synthetic,CHEMBL238,35503,2,0.2,4.0,43,45,2,13,5,8,9,7,0.7359228900635608,0.94583744491105
fifth_synthetic,CHEMBL238,35503,2,0.2,6.0,41,44,3,15,6,9,11,8,0.7958719280172826,0.9667664002219853
fifth_synthetic,CHEMBL238,35503,2,0.3,4.0,42,45,3,12,4,8,9,6,0.7071774427749459,0.956610392395191
fifth_synthetic,CHEMBL238,35503,2,0.3,6.0,39,45,6,14,6,8,12,6,0.7466351820756886,0.977750599433337
fifth_synthetic,CHEMBL238,35503,3,0.2,4.0,45,46,1,10,4,6,8,7,0.7146617989999999,0.9591060452174964
fifth_synthetic,CHEMBL238,35503,3,0.2,6.0,42,46,4,14,7,7,11,7,0.7696518441598018,0.9649539223479774
fifth_synthetic,CHEMBL238,35503,3,0.3,4.0,42,44,2,13,5,8,10,8,0.7648452234875355,0.9529650212032318
fifth_synthetic,CHEMBL238,35503,3,0.3,6.0,39,44,5,15,8,7,13,8,0.788079566603976,0.9742222669789296
fifth_synthetic,CHEMBL238,35503,4,0.2,4.0,43,46,3,10,3,7,8,5,0.670703276,0.9694669191388025
fifth_synthetic,CHEMBL238,35503,4,0.2,6.0,42,46,4,11,4,7,9,5,0.6898169963636364,0.9743863242058187
fifth_synthetic,CHEMBL238,35503,4,0.3,4.0,41,45,4,14,5,9,11,7,0.7417397768098545,0.9603768344068503
fifth_synthetic,CHEMBL238,35503,4,0.3,6.0,40,46,6,14,6,8,12,6,0.7466351820756886,0.9794109282049533
fifth_synthetic,CHEMBL238,35503,5,0.2,4.0,43,45,2,11,3,8,8,6,0.7422694749981527,0.9450796768107399
fifth_synthetic,CHEMBL238,35503,5,0.2,6.0,42,46,4,13,5,8,10,6,0.7710506009312017,0.9673525563153542
fifth_synthetic,CHEMBL238,35503,5,0.3,4.0,40,46,6,12,3,9,10,4,0.7096233405639021,0.9644484771723087
fifth_synthetic,CHEMBL238,35503,5,0.3,6.0,39,47,8,14,6,8,12,4,0.7532807234395441,0.9809009468010897
fifth_synthetic,CHEMBL238,35503,6,0.2,4.0,44,46,2,9,2,7,8,6,0.6539348022222221,0.9539475170081394
fifth_synthetic,CHEMBL238,35503,6,0.2,6.0,42,46,4,12,4,8,10,6,0.7178140102538318,0.9684237640470803
fifth_synthetic,CHEMBL238,35503,6,0.3,4.0,42,47,5,11,2,9,9,4,0.6907003285113648,0.950535340670207
fifth_synthetic,CHEMBL238,35503,6,0.3,6.0,38,44,6,15,5,10,12,6,0.7850074433506159,0.9718798960430988
fifth_synthetic,CHEMBL238,35503,7,0.2,4.0,42,46,4,11,5,6,10,6,0.7486050815637525,0.9504414588046555
fifth_synthetic,CHEMBL238,35503,7,0.2,6.0,41,47,6,13,7,6,12,6,0.7705370092307693,0.9682597131477405
fifth_synthetic,CHEMBL238,35503,7,0.3,4.0,41,45,4,12,5,7,10,6,0.7269620622939114,0.946599097330914
fifth_synthetic,CHEMBL238,35503,7,0.3,6.0,39,45,6,14,7,7,12,6,0.777535793439544,0.9681411811305207
fifth_synthetic,CHEMBL238,35503,8,0.2,4.0,44,46,2,11,4,7,9,7,0.7359434323725523,0.9431197535718759
fifth_synthetic,CHEMBL238,35503,8,0.2,6.0,43,46,3,12,5,7,10,7,0.7566402257549699,0.9629001043074447
fifth_synthetic,CHEMBL238,35503,8,0.3,4.0,41,46,5,13,4,9,10,5,0.7597827548082012,0.9439820489489729
fifth_synthetic,CHEMBL238,35503,8,0.3,6.0,39,45,6,15,6,9,12,6,0.808536885350616,0.9683748844044154
fifth_synthetic,CHEMBL238,35503,9,0.2,4.0,44,48,4,10,2,8,9,5,0.6688545307526937,0.9619947682167898
fifth_synthetic,CHEMBL238,35503,9,0.2,6.0,42,46,4,12,3,9,10,6,0.7409435434332999,0.9757633565956105
fifth_synthetic,CHEMBL238,35503,9,0.3,4.0,40,46,6,14,5,9,12,6,0.7361778040547733,0.9555137954062347
fifth_synthetic,CHEMBL238,35503,9,0.3,6.0,38,46,8,16,7,9,14,6,0.780559052574975,0.9748970657412654
fifth_synthetic,CHEMBL239,35503,0,0.2,4.0,30,32,2,19,4,15,10,8,0.6416554453511653,0.8683028986246363
fifth_synthetic,CHEMBL239,35503,0,0.2,6.0,30,34,4,19,7,12,12,8,0.6004153184210527,0.8797526371250937
fifth_synthetic,CHEMBL239,35503,0,0.3,4.0,30,33,3,17,3,14,10,7,0.658252418283861,0.8982081552111013
fifth_synthetic,CHEMBL239,35503,0,0.3,6.0,30,36,6,18,7,11,13,7,0.6071869849355044,0.9108070521288855
fifth_synthetic,CHEMBL239,35503,1,0.2,4.0,31,31,0,18,4,14,9,9,0.703570764005817,0.863036141123286
fifth_synthetic,CHEMBL239,35503,1,0.2,6.0,31,35,4,19,9,10,13,9,0.6085282147368422,0.8792825655988554
fifth_synthetic,CHEMBL239,35503,1,0.3,4.0,29,32,3,20,4,16,11,8,0.694151672380709,0.8728777504458719
fifth_synthetic,CHEMBL239,35503,1,0.3,6.0,29,33,4,21,8,13,12,8,0.5911482847931715,0.8955988483232851
fifth_synthetic,CHEMBL239,35503,2,0.2,4.0,30,33,3,17,3,14,10,7,0.6770635733071222,0.8928029368356097
fifth_synthetic,CHEMBL239,35503,2,0.2,6.0,30,36,6,17,6,11,13,7,0.6075334388235295,0.8986910908457677
fifth_synthetic,CHEMBL239,35503,2,0.3,4.0,29,34,5,19,2,17,12,7,0.7125624733526665,0.8944434143950221
fifth_synthetic,CHEMBL239,35503,2,0.3,6.0,29,37,8,19,8,11,15,7,0.6097404752631579,0.9121550942224824
fifth_synthetic,CHEMBL239,35503,3,0.2,4.0,31,32,1,17,3,14,9,8,0.6652770320104414,0.8865132913681367
fifth_synthetic,CHEMBL239,35503,3,0.2,6.0,31,36,5,17,7,10,13,8,0.5773168517647058,0.894906809415446
fifth_synthetic,CHEMBL239,35503,3,0.3,4.0,28,32,4,19,2,17,11,7,0.7037965232355734,0.884342036245954
fifth_synthetic,CHEMBL239,35503,3,0.3,6.0,28,34,6,19,6,13,12,6,0.6116043510588929,0.9117890712461193
fifth_synthetic,CHEMBL239,35503,4,0.2,4.0,32,31,-1,16,3,13,8,9,0.6885284758860941,0.8607108245323185
fifth_synthetic,CHEMBL239,35503,4,0.2,6.0,32,33,1,18,7,11,10,9,0.6417918350430871,0.8779749282041351
fifth_synthetic,CHEMBL239,35503,4,0.3,4.0,29,32,3,20,4,16,11,8,0.687368665858864,0.8852705368303345
fifth_synthetic,CHEMBL239,35503,4,0.3,6.0,29,35,6,21,10,11,14,8,0.6048764061904761,0.9051308675107803
fifth_synthetic,CHEMBL239,35503,5,0.2,4.0,32,33,1,18,6,12,10,9,0.6621688110429303,0.8751971408427419
fifth_synthetic,CHEMBL239,35503,5,0.2,6.0,32,36,4,18,9,9,13,9,0.5907141622222222,0.8825807213364572
fifth_synthetic,CHEMBL239,35503,5,0.3,4.0,30,29,-1,22,5,17,10,11,0.7159555752162304,0.8516980305666614
fifth_synthetic,CHEMBL239,35503,5,0.3,6.0,30,32,2,22,10,12,11,9,0.66075263861344,0.8913225010469461
fifth_synthetic,CHEMBL239,35503,6,0.2,4.0,32,31,-1,16,4,12,8,9,0.6667656231624584,0.8574437023492272
fifth_synthetic,CHEMBL239,35503,6,0.2,6.0,32,35,3,18,8,10,12,9,0.5686921283333334,0.8813770401125052
fifth_synthetic,CHEMBL239,35503,6,0.3,4.0,30,32,2,20,4,16,11,9,0.7139931814483612,0.8758826141197756
fifth_synthetic,CHEMBL239,35503,6,0.3,6.0,30,36,6,21,11,10,15,9,0.6139088533333333,0.8942857062974747
fifth_synthetic,CHEMBL239,35503,7,0.2,4.0,31,32,1,16,4,12,9,8,0.6392291338511349,0.8744677886411544
fifth_synthetic,CHEMBL239,35503,7,0.2,6.0,31,35,4,18,7,11,12,8,0.5988718883333334,0.8912793864809081
fifth_synthetic,CHEMBL239,35503,7,0.3,4.0,29,33,4,19,3,16,11,7,0.7018175946888863,0.902686890631523
fifth_synthetic,CHEMBL239,35503,7,0.3,6.0,29,37,8,19,9,10,15,7,0.588189257368421,0.9165780596708755
fifth_synthetic,CHEMBL239,35503,8,0.2,4.0,31,31,0,19,4,15,9,9,0.6971245270206321,0.8659233924071721
fifth_synthetic,CHEMBL239,35503,8,0.2,6.0,31,35,4,19,9,10,13,9,0.6085282147368422,0.8790381690221123
fifth_synthetic,CHEMBL239,35503,8,0.3,4.0,28,31,3,21,3,18,12,9,0.7161463788740278,0.8709697625898072
fifth_synthetic,CHEMBL239,35503,8,0.3,6.0,28,34,6,20,8,12,13,7,0.6351818765059482,0.9095278793558574
fifth_synthetic,CHEMBL239,35503,9,0.2,4.0,31,32,1,17,3,14,9,8,0.6403975483858441,0.8675622085848895
fifth_synthetic,CHEMBL239,35503,9,0.2,6.0,31,34,3,18,7,11,11,8,0.5782212250000001,0.88229244101997
fifth_synthetic,CHEMBL239,35503,9,0.3,4.0,30,32,2,20,4,16,11,9,0.7329403660493622,0.8763331379549749
fifth_synthetic,CHEMBL239,35503,9,0.3,6.0,30,35,5,21,10,11,14,9,0.6382512828018607,0.8934321777970252
fifth_synthetic,CHEMBL222,35504,0,0.2,4.0,45,45,0,16,4,12,12,12,0.7637117163881112,0.9480278659514232
fifth_synthetic,CHEMBL222,35504,0,0.2,6.0,45,46,1,17,5,12,13,12,0.7556670074867351,0.9524352599953946
fifth_synthetic,CHEMBL222,35504,0,0.3,4.0,44,45,1,16,4,12,13,12,0.7546929315015531,0.9443831684661956
fifth_synthetic,CHEMBL222,35504,0,0.3,6.0,44,45,1,16,4,12,13,12,0.7634386975393415,0.9604462379810765
fifth_synthetic,CHEMBL222,35504,1,0.2,4.0,45,45,0,17,5,12,12,12,0.7735673076286329,0.9422746777956007
fifth_synthetic,CHEMBL222,35504,1,0.2,6.0,45,46,1,17,5,12,13,12,0.7345434251896781,0.9512556936371667
fifth_synthetic,CHEMBL222,35504,1,0.3,4.0,45,45,0,16,5,11,12,12,0.7453958204483832,0.9394768794387861
fifth_synthetic,CHEMBL222,35504,1,0.3,6.0,44,45,1,15,4,11,13,12,0.7442126293333333,0.9572497693892487
fifth_synthetic,CHEMBL222,35504,2,0.2,4.0,45,44,-1,15,4,11,11,12,0.7722754862683233,0.9429038316854057
fifth_synthetic,CHEMBL222,35504,2,0.2,6.0,45,45,0,16,5,11,12,12,0.7714258156643414,0.9491205233662374
fifth_synthetic,CHEMBL222,35504,2,0.3,4.0,44,46,2,16,4,12,13,11,0.7832690613249362,0.9430708927564146
fifth_synthetic,CHEMBL222,35504,2,0.3,6.0,43,46,3,17,5,12,14,11,0.7783491218017331,0.953539181406358
fifth_synthetic,CHEMBL222,35504,3,0.2,4.0,45,47,2,15,5,10,13,11,0.8046104935496302,0.9406110059180265
fifth_synthetic,CHEMBL222,35504,3,0.2,6.0,45,47,2,16,5,11,14,12,0.757142048125,0.9420839798180543
fifth_synthetic,CHEMBL222,35504,3,0.3,4.0,45,45,0,15,4,11,12,12,0.7506886626666667,0.9449994991371445
fifth_synthetic,CHEMBL222,35504,3,0.3,6.0,44,44,0,16,3,13,12,12,0.7848703861189974,0.9609265462266918
fifth_synthetic,CHEMBL222,35504,4,0.2,4.0,45,45,0,18,6,12,13,13,0.794651183315931,0.9345402936504151
fifth_synthetic,CHEMBL222,35504,4,0.2,6.0,45,46,1,18,6,12,14,13,0.7488273104569181,0.9458864455158488
fifth_synthetic,CHEMBL222,35504,4,0.3,4.0,45,46,1,15,3,12,13,12,0.7116724373333334,0.9571132166201853
fifth_synthetic,CHEMBL222,35504,4,0.3,6.0,44,45,1,16,3,13,13,12,0.7363474804546561,0.9610996726749597
fifth_synthetic,CHEMBL222,35504,5,0.2,4.0,45,45,0,16,5,11,13,13,0.775837938125,0.9361280156399642
fifth_synthetic,CHEMBL222,35504,5,0.2,6.0,45,45,0,17,5,12,13,13,0.7790435065076154,0.9438216263028105
fifth_synthetic,CHEMBL222,35504,5,0.3,4.0,44,46,2,18,5,13,14,12,0.73367177956721,0.9476947457237053
fifth_synthetic,CHEMBL222,35504,5,0.3,6.0,44,47,3,17,4,13,15,12,0.6907311411764706,0.9625255951894037
fifth_synthetic,CHEMBL222,35504,6,0.2,4.0,46,44,-2,16,5,11,11,13,0.7890131793548427,0.9341633274039594
fifth_synthetic,CHEMBL222,35504,6,0.2,6.0,45,45,0,16,6,10,13,13,0.7714193812500001,0.9402420759816302
fifth_synthetic,CHEMBL222,35504,6,0.3,4.0,44,46,2,17,4,13,14,12,0.7345744944507006,0.954935029928131
fifth_synthetic,CHEMBL222,35504,6,0.3,6.0,44,46,2,18,5,13,14,12,0.7239864628127478,0.9643363372569537
fifth_synthetic,CHEMBL222,35504,7,0.2,4.0,45,45,0,17,4,13,12,12,0.76447611448439,0.9448408882690406
fifth_synthetic,CHEMBL222,35504,7,0.2,6.0,45,47,2,16,5,11,13,11,0.7276585725,0.9598146165487645
fifth_synthetic,CHEMBL222,35504,7,0.3,4.0,45,45,0,17,5,12,13,13,0.7619175990602853,0.9442542276857537
fifth_synthetic,CHEMBL222,35504,7,0.3,6.0,44,46,2,18,5,13,15,13,0.7357798622571923,0.9563796348407371
fifth_synthetic,CHEMBL222,35504,8,0.2,4.0,46,46,0,15,3,12,12,12,0.7029522641605453,0.9526221975544897
fifth_synthetic,CHEMBL222,35504,8,0.2,6.0,45,46,1,15,3,12,13,12,0.6959030186666666,0.9579459621718397
fifth_synthetic,CHEMBL222,35504,8,0.3,4.0,44,45,1,17,5,12,12,11,0.805664991096636,0.945959192064123
fifth_synthetic,CHEMBL222,35504,8,0.3,6.0,43,47,4,17,6,11,15,11,0.7484860288235294,0.9536713076833827
fifth_synthetic,CHEMBL222,35504,9,0.2,4.0,45,45,0,16,4,12,12,12,0.7483718560270645,0.9418026082755051
fifth_synthetic,CHEMBL222,35504,9,0.2,6.0,45,46,1,16,5,11,13,12,0.7276585725,0.9486533711799022
fifth_synthetic,CHEMBL222,35504,9,0.3,4.0,44,46,2,18,4,14,14,12,0.7492528633159311,0.9451157739162679
fifth_synthetic,CHEMBL222,35504,9,0.3,6.0,44,46,2,17,5,12,14,12,0.7168800647058824,0.9621378325696917
fifth_synthetic,CHEMBL225,35504,0,0.2,4.0,40,40,0,15,4,11,12,12,0.8154934591829279,0.8933296725483119
fifth_synthetic,CHEMBL225,35504,0,0.2,6.0,40,41,1,14,4,10,12,11,0.8120644251060273,0.9051367027483569
fifth_synthetic,CHEMBL225,35504,0,0.3,4.0,39,41,2,16,3,13,13,11,0.7956700065121498,0.9107029970110445
fifth_synthetic,CHEMBL225,35504,0,0.3,6.0,39,42,3,16,4,12,14,11,0.7855157363309688,0.9166373765064568
fifth_synthetic,CHEMBL225,35504,1,0.2,4.0,41,42,1,14,3,11,13,12,0.8052872064694176,0.885679389475026
fifth_synthetic,CHEMBL225,35504,1,0.2,6.0,41,43,2,14,3,11,13,11,0.8072739613983132,0.9041822783818209
fifth_synthetic,CHEMBL225,35504,1,0.3,4.0,39,41,2,15,3,12,13,11,0.7827200764161221,0.90583457812689
fifth_synthetic,CHEMBL225,35504,1,0.3,6.0,39,41,2,15,3,12,13,11,0.7913290717258991,0.9112308057523338
fifth_synthetic,CHEMBL225,35504,2,0.2,4.0,41,43,2,14,3,11,14,12,0.7567457164285715,0.8831281126602202
fifth_synthetic,CHEMBL225,35504,2,0.2,6.0,41,43,2,15,3,12,14,12,0.7717419365552703,0.8916455045015873
fifth_synthetic,CHEMBL225,35504,2,0.3,4.0,39,40,1,15,3,12,12,11,0.8314133278299525,0.9104747135949648
fifth_synthetic,CHEMBL225,35504,2,0.3,6.0,39,43,4,15,5,10,14,10,0.8031797265180173,0.9282565627480218
fifth_synthetic,CHEMBL225,35504,3,0.2,4.0,40,41,1,14,3,11,12,11,0.8048699540723093,0.8886485379769776
fifth_synthetic,CHEMBL225,35504,3,0.2,6.0,40,41,1,14,3,11,12,11,0.8120373750925359,0.8937841907199672
fifth_synthetic,CHEMBL225,35504,3,0.3,4.0,38,39,1,13,2,11,11,10,0.7795070404924285,0.912750588735698
fifth_synthetic,CHEMBL225,35504,3,0.3,6.0,38,40,2,15,3,12,12,10,0.7961516223769166,0.927780253969838
fifth_synthetic,CHEMBL225,35504,4,0.2,4.0,41,43,2,15,4,11,14,12,0.7535713979796915,0.8877583414261686
fifth_synthetic,CHEMBL225,35504,4,0.2,6.0,41,43,2,15,4,11,14,12,0.7573191505180172,0.8916417008424842
fifth_synthetic,CHEMBL225,35504,4,0.3,4.0,39,42,3,15,3,12,14,11,0.7685871226463583,0.8970236163507498
fifth_synthetic,CHEMBL225,35504,4,0.3,6.0,39,43,4,15,3,12,14,10,0.7723348751846839,0.917782037533473
fifth_synthetic,CHEMBL225,35504,5,0.2,4.0,40,40,0,15,4,11,12,12,0.8153271031722784,0.8918634954682142
fifth_synthetic,CHEMBL225,35504,5,0.2,6.0,40,41,1,14,4,10,12,11,0.8120373750925359,0.9049106256149324
fifth_synthetic,CHEMBL225,35504,5,0.3,4.0,38,39,1,12,2,10,11,10,0.7680411274746143,0.9059656527463673
fifth_synthetic,CHEMBL225,35504,5,0.3,6.0,38,40,2,14,3,11,12,10,0.7818943997213793,0.9226833146122002
fifth_synthetic,CHEMBL225,35504,6,0.2,4.0,40,41,1,13,3,10,12,11,0.7969332359370822,0.8855445737526255
fifth_synthetic,CHEMBL225,35504,6,0.2,6.0,40,43,3,13,4,9,13,10,0.7759275253846154,0.9057460160532541
fifth_synthetic,CHEMBL225,35504,6,0.3,4.0,39,40,1,15,3,12,12,11,0.8299049182796264,0.9089208859649583
fifth_synthetic,CHEMBL225,35504,6,0.3,6.0,39,41,2,16,4,12,13,11,0.8297279506794929,0.9190868490220455
fifth_synthetic,CHEMBL225,35504,7,0.2,4.0,40,40,0,13,4,9,12,12,0.7969332359370822,0.8815552400784644
fifth_synthetic,CHEMBL225,35504,7,0.2,6.0,40,41,1,13,4,9,12,11,0.7987887122751065,0.8979615611811138
fifth_synthetic,CHEMBL225,35504,7,0.3,4.0,38,38,0,14,3,11,11,11,0.8286690583380397,0.9032498155521171
fifth_synthetic,CHEMBL225,35504,7,0.3,6.0,38,39,1,15,4,11,12,11,0.82800493093723,0.9138144035274567
fifth_synthetic,CHEMBL225,35504,8,0.2,4.0,41,42,1,13,3,10,12,11,0.7949086574859197,0.8946087393919727
fifth_synthetic,CHEMBL225,35504,8,0.2,6.0,41,43,2,14,4,10,13,11,0.7907347488232317,0.9041711004388885
fifth_synthetic,CHEMBL225,35504,8,0.3,4.0,38,38,0,14,3,11,11,11,0.8304451326749491,0.9041561520988377
fifth_synthetic,CHEMBL225,35504,8,0.3,6.0,38,40,2,16,5,11,13,11,0.820078892229731,0.9188874491494307
fifth_synthetic,CHEMBL225,35504,9,0.2,4.0,41,42,1,13,3,10,12,11,0.7945444853611826,0.8937338198992456
fifth_synthetic,CHEMBL225,35504,9,0.2,6.0,41,42,1,14,3,11,12,11,0.812488311239046,0.9038154480633346
fifth_synthetic,CHEMBL225,35504,9,0.3,4.0,39,40,1,15,3,12,12,11,0.8280254671209117,0.9092545498207089
fifth_synthetic,CHEMBL225,35504,9,0.3,6.0,39,41,2,16,4,12,13,11,0.8299962409665543,0.9191321245958614
fifth_synthetic,CHEMBL226,35504,0,0.2,4.0,39,43,4,20,7,13,16,12,0.6998710554495895,0.9222933403532897
fifth_synthetic,CHEMBL226,35504,0,0.2,6.0,38,45,7,20,9,11,18,11,0.6894136940000001,0.9429174669176504
fifth_synthetic,CHEMBL226,35504,0,0.3,4.0,38,46,8,22,10,12,19,11,0.674925171702246,0.944423693740259
fifth_synthetic,CHEMBL226,35504,0,0.3,6.0,38,47,9,21,10,11,19,10,0.6661323395238096,0.9600945975016197
fifth_synthetic,CHEMBL226,35504,1,0.2,4.0,38,45,7,20,8,12,18,11,0.6843528195,0.9419404423156502
fifth_synthetic,CHEMBL226,35504,1,0.2,6.0,38,45,7,19,8,11,17,10,0.7097429663157895,0.9494494016613623
fifth_synthetic,CHEMBL226,35504,1,0.3,4.0,37,43,6,22,9,13,18,12,0.6964086993438167,0.9378542572705167
fifth_synthetic,CHEMBL226,35504,1,0.3,6.0,37,46,9,21,10,11,19,10,0.6851960761904763,0.9595495762433796
fifth_synthetic,CHEMBL226,35504,2,0.2,4.0,38,42,4,20,7,13,16,12,0.7022634722781983,0.9241561550491781
fifth_synthetic,CHEMBL226,35504,2,0.2,6.0,38,45,7,19,8,11,17,10,0.6901787189473685,0.94527292616601
fifth_synthetic,CHEMBL226,35504,2,0.3,4.0,37,43,6,22,10,12,18,12,0.7101413184961424,0.9268831390442973
fifth_synthetic,CHEMBL226,35504,2,0.3,6.0,36,45,9,23,12,11,20,11,0.7088771899999999,0.9502624036811945
fifth_synthetic,CHEMBL226,35504,3,0.2,4.0,38,44,6,21,8,13,18,12,0.6812906595238095,0.9229865583393972
fifth_synthetic,CHEMBL226,35504,3,0.2,6.0,38,44,6,21,9,12,17,11,0.712307099047619,0.9390502406568828
fifth_synthetic,CHEMBL226,35504,3,0.3,4.0,36,43,7,24,11,13,19,12,0.7073651581888706,0.9327493078184713
fifth_synthetic,CHEMBL226,35504,3,0.3,6.0,36,45,9,23,12,11,20,11,0.7187448573913044,0.9531003927050522
fifth_synthetic,CHEMBL226,35504,4,0.2,4.0,38,43,5,19,7,12,16,11,0.6932992827408767,0.9372386422346066
fifth_synthetic,CHEMBL226,35504,4,0.2,6.0,38,45,7,19,8,11,17,10,0.6829020147368422,0.9483092069539663
fifth_synthetic,CHEMBL226,35504,4,0.3,4.0,37,43,6,22,10,12,18,12,0.7003128511074792,0.9332123419440755
fifth_synthetic,CHEMBL226,35504,4,0.3,6.0,37,46,9,22,11,11,20,11,0.6843000318181819,0.9570188707037701
fifth_synthetic,CHEMBL226,35504,5,0.2,4.0,39,43,4,19,8,11,15,11,0.7109734626252384,0.9313972247611922
fifth_synthetic,CHEMBL226,35504,5,0.2,6.0,38,45,7,19,9,10,17,10,0.70261827,0.9446808106937891
fifth_synthetic,CHEMBL226,35504,5,0.3,4.0,36,44,8,24,10,14,20,12,0.7024347415928585,0.9313486346148595
fifth_synthetic,CHEMBL226,35504,5,0.3,6.0,36,45,9,23,10,13,20,11,0.6920690773913044,0.9528789576894325
fifth_synthetic,CHEMBL226,35504,6,0.2,4.0,38,44,6,23,8,15,18,12,0.6714408779777089,0.9184796931712348
fifth_synthetic,CHEMBL226,35504,6,0.2,6.0,38,44,6,22,9,13,18,12,0.6973138900000001,0.9346771332488935
fifth_synthetic,CHEMBL226,35504,6,0.3,4.0,37,44,7,21,10,11,18,11,0.6831348979483397,0.9395638347421309
fifth_synthetic,CHEMBL226,35504,6,0.3,6.0,37,46,9,21,11,10,19,10,0.67675368,0.9588593415929199
fifth_synthetic,CHEMBL226,35504,7,0.2,4.0,38,44,6,21,9,12,17,11,0.698687218095238,0.9238599853839379
fifth_synthetic,CHEMBL226,35504,7,0.2,6.0,38,44,6,22,9,13,18,12,0.6709399154545455,0.9341374580914832
fifth_synthetic,CHEMBL226,35504,7,0.3,4.0,36,44,8,24,11,13,20,12,0.7178812922286376,0.9317921811316419
fifth_synthetic,CHEMBL226,35504,7,0.3,6.0,36,45,9,23,11,12,20,11,0.7171663182608696,0.9529924862309285
fifth_synthetic,CHEMBL226,35504,8,0.2,4.0,39,44,5,19,7,12,16,11,0.6832994710505642,0.9328862147026965
fifth_synthetic,CHEMBL226,35504,8,0.2,6.0,39,46,7,18,8,10,17,10,0.6650549616666667,0.9528466386075346
fifth_synthetic,CHEMBL226,35504,8,0.3,4.0,37,43,6,22,10,12,17,11,0.7323814490450814,0.9329141130902326
fifth_synthetic,CHEMBL226,35504,8,0.3,6.0,36,45,9,22,12,10,19,10,0.7234233931818181,0.9523522926864474
fifth_synthetic,CHEMBL226,35504,9,0.2,4.0,39,43,4,18,6,12,15,11,0.7155118879469771,0.9314761679203458
fifth_synthetic,CHEMBL226,35504,9,0.2,6.0,38,45,7,19,8,11,17,10,0.7097429663157895,0.9462789459109623
fifth_synthetic,CHEMBL226,35504,9,0.3,4.0,37,42,5,23,9,14,17,12,0.7432466900347938,0.9334216319085563
fifth_synthetic,CHEMBL226,35504,9,0.3,6.0,37,46,9,21,10,11,19,10,0.7108365576190476,0.9591904468273843
fifth_synthetic,CHEMBL227,35504,0,0.2,4.0,48,49,1,12,2,10,12,11,0.9783538591666666,0.9951906281486217
fifth_synthetic,CHEMBL227,35504,0,0.2,6.0,48,49,1,12,2,10,12,11,0.9783538591666666,0.9952894324745635
fifth_synthetic,CHEMBL227,35504,0,0.3,4.0,49,49,0,12,2,10,12,12,0.9783538591666666,0.9914603291666667
fifth_synthetic,CHEMBL227,35504,0,0.3,6.0,49,49,0,12,2,10,12,12,0.9783538591666666,0.9914603291666667
fifth_synthetic,CHEMBL227,35504,1,0.2,4.0,49,49,0,12,2,10,12,12,0.9783538591666666,0.9914603291666667
fifth_synthetic,CHEMBL227,35504,1,0.2,6.0,49,49,0,12,2,10,12,12,0.9783538591666666,0.9914603291666667
fifth_synthetic,CHEMBL227,35504,1,0.3,4.0,48,49,1,12,2,10,12,11,0.9783538591666666,0.9951906281486217
fifth_synthetic,CHEMBL227,35504,1,0.3,6.0,48,49,1,12,2,10,12,11,0.9783538591666666,0.9952894324745635
fifth_synthetic,CHEMBL227,35504,2,0.2,4.0,49,49,0,12,2,10,12,12,0.9783538591666666,0.9914603291666667
fifth_synthetic,CHEMBL227,35504,2,0.2,6.0,49,49,0,12,2,10,12,12,0.9783538591666666,0.9914603291666667
fifth_synthetic,CHEMBL227,35504,2,0.3,4.0,48,49,1,12,2,10,12,11,0.9783538591666666,0.9951906281486217
fifth_synthetic,CHEMBL227,35504,2,0.3,6.0,48,49,1,12,2,10,12,11,0.9783538591666666,0.9952894324745635
fifth_synthetic,CHEMBL227,35504,3,0.2,4.0,48,49,1,12,2,10,12,11,0.9783538591666666,0.9951906281486217
fifth_synthetic,CHEMBL227,35504,3,0.2,6.0,48,49,1,12,2,10,12,11,0.9783538591666666,0.9952894324745635
fifth_synthetic,CHEMBL227,35504,3,0.3,4.0,48,49,1,12,2,10,12,11,0.9783538591666666,0.9951906281486217
fifth_synthetic,CHEMBL227,35504,3,0.3,6.0,48,49,1,12,2,10,12,11,0.9783538591666666,0.9952894324745635
fifth_synthetic,CHEMBL227,35504,4,0.2,4.0,49,49,0,12,2,10,12,12,0.9783538591666666,0.9914603291666667
fifth_synthetic,CHEMBL227,35504,4,0.2,6.0,49,49,0,12,2,10,12,12,0.9783538591666666,0.9914603291666667
fifth_synthetic,CHEMBL227,35504,4,0.3,4.0,48,49,1,12,2,10,12,11,0.9783538591666666,0.9951906281486217
fifth_synthetic,CHEMBL227,35504,4,0.3,6.0,48,49,1,12,2,10,12,11,0.9783538591666666,0.9952894324745635
fifth_synthetic,CHEMBL227,35504,5,0.2,4.0,49,49,0,12,2,10,12,12,0.9783538591666666,0.9914603291666667
fifth_synthetic,CHEMBL227,35504,5,0.2,6.0,49,49,0,12,2,10,12,12,0.9783538591666666,0.9914603291666667
fifth_synthetic,CHEMBL227,35504,5,0.3,4.0,48,49,1,12,2,10,12,11,0.9783538591666666,0.9951906281486217
fifth_synthetic,CHEMBL227,35504,5,0.3,6.0,48,49,1,12,2,10,12,11,0.9783538591666666,0.9952894324745635
fifth_synthetic,CHEMBL227,35504,6,0.2,4.0,48,49,1,12,2,10,12,11,0.9783538591666666,0.9951906281486217
fifth_synthetic,CHEMBL227,35504,6,0.2,6.0,48,49,1,12,2,10,12,11,0.9783538591666666,0.9952894324745635
fifth_synthetic,CHEMBL227,35504,6,0.3,4.0,48,49,1,12,2,10,12,11,0.9783538591666666,0.9951906281486217
fifth_synthetic,CHEMBL227,35504,6,0.3,6.0,48,49,1,12,2,10,12,11,0.9783538591666666,0.9952894324745635
fifth_synthetic,CHEMBL227,35504,7,0.2,4.0,49,49,0,12,2,10,12,12,0.9783538591666666,0.9914603291666667
fifth_synthetic,CHEMBL227,35504,7,0.2,6.0,49,49,0,12,2,10,12,12,0.9783538591666666,0.9914603291666667
fifth_synthetic,CHEMBL227,35504,7,0.3,4.0,48,49,1,12,2,10,12,11,0.9783538591666666,0.9951906281486217
fifth_synthetic,CHEMBL227,35504,7,0.3,6.0,48,49,1,12,2,10,12,11,0.9783538591666666,0.9952894324745635
fifth_synthetic,CHEMBL227,35504,8,0.2,4.0,48,49,1,12,2,10,12,11,0.9783538591666666,0.9951906281486217
fifth_synthetic,CHEMBL227,35504,8,0.2,6.0,48,49,1,12,2,10,12,11,0.9783538591666666,0.9952894324745635
fifth_synthetic,CHEMBL227,35504,8,0.3,4.0,48,49,1,12,2,10,12,11,0.9783538591666666,0.9951906281486217
fifth_synthetic,CHEMBL227,35504,8,0.3,6.0,48,49,1,12,2,10,12,11,0.9783538591666666,0.9952894324745635
fifth_synthetic,CHEMBL227,35504,9,0.2,4.0,48,49,1,12,2,10,12,11,0.9783538591666666,0.9951906281486217
fifth_synthetic,CHEMBL227,35504,9,0.2,6.0,48,49,1,12,2,10,12,11,0.9783538591666666,0.9952894324745635
fifth_synthetic,CHEMBL227,35504,9,0.3,4.0,48,49,1,12,2,10,12,11,0.9783538591666666,0.9951906281486217
fifth_synthetic,CHEMBL227,35504,9,0.3,6.0,48,49,1,12,2,10,12,11,0.9783538591666666,0.9952894324745635
fifth_synthetic,CHEMBL231,35504,0,0.2,4.0,48,47,-1,11,3,8,9,10,0.8745330918500717,0.9508334438097776
fifth_synthetic,CHEMBL231,35504,0,0.2,6.0,47,47,0,12,3,9,10,10,0.8822336548463164,0.9520481371717474
fifth_synthetic,CHEMBL231,35504,0,0.3,4.0,47,47,0,11,3,8,10,10,0.8771836127272727,0.9428892091657919
fifth_synthetic,CHEMBL231,35504,0,0.3,6.0,45,45,0,12,3,9,10,10,0.8955102973587192,0.950978277269165
fifth_synthetic,CHEMBL231,35504,1,0.2,4.0,47,47,0,10,2,8,10,10,0.887899704,0.9461124700000001
fifth_synthetic,CHEMBL231,35504,1,0.2,6.0,46,47,1,12,3,9,11,10,0.8870986498463164,0.9517149392275907
fifth_synthetic,CHEMBL231,35504,1,0.3,4.0,46,47,1,11,3,8,11,10,0.88249088,0.9428892091657919
fifth_synthetic,CHEMBL231,35504,1,0.3,6.0,45,45,0,13,3,10,10,10,0.8957749098707362,0.9531500838490655
fifth_synthetic,CHEMBL231,35504,2,0.2,4.0,48,47,-1,10,2,8,9,10,0.8837502199999999,0.9461124700000001
fifth_synthetic,CHEMBL231,35504,2,0.2,6.0,46,46,0,11,3,8,10,10,0.8989314361959816,0.9477129928577681
fifth_synthetic,CHEMBL231,35504,2,0.3,4.0,47,47,0,11,3,8,10,10,0.8771836127272727,0.9508334438097776
fifth_synthetic,CHEMBL231,35504,2,0.3,6.0,46,47,1,13,4,9,11,10,0.8780928075504459,0.9554087688735853
fifth_synthetic,CHEMBL231,35504,3,0.2,4.0,47,47,0,11,3,8,10,10,0.8771836127272727,0.9506104208620403
fifth_synthetic,CHEMBL231,35504,3,0.2,6.0,46,47,1,12,3,9,11,10,0.8870986498463164,0.9520203165582205
fifth_synthetic,CHEMBL231,35504,3,0.3,4.0,47,47,0,11,3,8,10,10,0.8771836127272727,0.9508334438097776
fifth_synthetic,CHEMBL231,35504,3,0.3,6.0,46,47,1,12,4,8,11,10,0.8731185316666666,0.95471631449343
fifth_synthetic,CHEMBL231,35504,4,0.2,4.0,47,47,0,11,3,8,10,10,0.8771836127272727,0.9428892091657919
fifth_synthetic,CHEMBL231,35504,4,0.2,6.0,46,46,0,12,3,9,10,10,0.8927359690253859,0.950978277269165
fifth_synthetic,CHEMBL231,35504,4,0.3,4.0,47,47,0,10,2,8,10,10,0.887899704,0.9461124700000001
fifth_synthetic,CHEMBL231,35504,4,0.3,6.0,45,45,0,12,3,9,10,10,0.9017073331808946,0.9503378903536102
fifth_synthetic,CHEMBL231,35504,5,0.2,4.0,47,47,0,10,2,8,10,10,0.887899704,0.9461124700000001
fifth_synthetic,CHEMBL231,35504,5,0.2,6.0,46,46,0,12,3,9,10,10,0.8989330048475613,0.9503378903536102
fifth_synthetic,CHEMBL231,35504,5,0.3,4.0,47,47,0,10,2,8,10,10,0.887899704,0.9461124700000001
fifth_synthetic,CHEMBL231,35504,5,0.3,6.0,45,45,0,12,3,9,10,10,0.9017073331808946,0.9503378903536102
fifth_synthetic,CHEMBL231,35504,6,0.2,4.0,47,47,0,11,3,8,10,10,0.8771836127272727,0.9428892091657919
fifth_synthetic,CHEMBL231,35504,6,0.2,6.0,46,46,0,12,3,9,10,10,0.8927359690253859,0.950978277269165
fifth_synthetic,CHEMBL231,35504,6,0.3,4.0,47,47,0,11,3,8,10,10,0.8771836127272727,0.9508334438097776
fifth_synthetic,CHEMBL231,35504,6,0.3,6.0,46,47,1,13,4,9,11,10,0.8780928075504459,0.9554087688735853
fifth_synthetic,CHEMBL231,35504,7,0.2,4.0,48,47,-1,10,2,8,9,10,0.8837502199999999,0.9461124700000001
fifth_synthetic,CHEMBL231,35504,7,0.2,6.0,46,46,0,11,3,8,10,10,0.8989314361959816,0.9477129928577681
fifth_synthetic,CHEMBL231,35504,7,0.3,4.0,46,47,1,12,4,8,11,10,0.8731185316666666,0.9472809358588461
fifth_synthetic,CHEMBL231,35504,7,0.3,6.0,45,46,1,13,4,9,11,10,0.8879187667926639,0.9547030926533212
fifth_synthetic,CHEMBL231,35504,8,0.2,4.0,47,47,0,10,2,8,10,10,0.887899704,0.9461124700000001
fifth_synthetic,CHEMBL231,35504,8,0.2,6.0,46,47,1,12,3,9,11,10,0.8870986498463164,0.9517149392275907
fifth_synthetic,CHEMBL231,35504,8,0.3,4.0,47,47,0,11,3,8,10,10,0.8771836127272727,0.9428892091657919
fifth_synthetic,CHEMBL231,35504,8,0.3,6.0,45,45,0,12,3,9,10,10,0.8955102973587192,0.950978277269165
fifth_synthetic,CHEMBL231,35504,9,0.2,4.0,47,47,0,10,2,8,10,10,0.887899704,0.9461124700000001
fifth_synthetic,CHEMBL231,35504,9,0.2,6.0,46,46,0,11,3,8,10,10,0.8954010854559035,0.9491214966188977
fifth_synthetic,CHEMBL231,35504,9,0.3,4.0,46,47,1,11,3,8,11,10,0.88249088,0.9428892091657919
fifth_synthetic,CHEMBL231,35504,9,0.3,6.0,45,46,1,13,4,9,11,10,0.8879187667926639,0.954421205886586
fifth_synthetic,CHEMBL232,35504,0,0.2,4.0,40,41,1,7,4,3,6,5,0.7881541380311313,0.9258217558393789
fifth_synthetic,CHEMBL232,35504,0,0.2,6.0,40,41,1,7,3,4,6,5,0.7534464723736599,0.9326424683639338
fifth_synthetic,CHEMBL232,35504,0,0.3,4.0,40,41,1,8,3,5,5,4,0.8316670988608843,0.9629238087151619
fifth_synthetic,CHEMBL232,35504,0,0.3,6.0,40,44,4,8,4,4,8,4,0.6445114869999999,0.9713150488062146
fifth_synthetic,CHEMBL232,35504,1,0.2,4.0,40,40,0,6,2,4,4,4,0.8386898668646835,0.9422846572912578
fifth_synthetic,CHEMBL232,35504,1,0.2,6.0,40,41,1,7,2,5,5,4,0.8496018449734377,0.9551160025383645
fifth_synthetic,CHEMBL232,35504,1,0.3,4.0,39,40,1,6,3,3,5,4,0.8081756891204624,0.9567589548543932
fifth_synthetic,CHEMBL232,35504,1,0.3,6.0,39,40,1,7,2,5,5,4,0.74102125436744,0.9670979149326417
fifth_synthetic,CHEMBL232,35504,2,0.2,4.0,40,40,0,6,2,4,4,4,0.8454799718234489,0.9455686950325416
fifth_synthetic,CHEMBL232,35504,2,0.2,6.0,40,43,3,7,2,5,7,4,0.6397726365714286,0.955513166615657
fifth_synthetic,CHEMBL232,35504,2,0.3,4.0,39,39,0,5,1,4,3,3,0.8620341495536517,0.9723912591453889
fifth_synthetic,CHEMBL232,35504,2,0.3,6.0,39,41,2,7,1,6,5,3,0.8629325115874861,0.9885101409953057
fifth_synthetic,CHEMBL232,35504,3,0.2,4.0,40,40,0,5,2,3,4,4,0.8204919802285016,0.9378617692998651
fifth_synthetic,CHEMBL232,35504,3,0.2,6.0,40,41,1,6,2,4,5,4,0.826224318609687,0.9484638500132826
fifth_synthetic,CHEMBL232,35504,3,0.3,4.0,40,40,0,7,2,5,4,4,0.8542967024724009,0.9562241922257595
fifth_synthetic,CHEMBL232,35504,3,0.3,6.0,40,42,2,7,3,4,6,4,0.7935692002368747,0.9670207672429864
fifth_synthetic,CHEMBL232,35504,4,0.2,4.0,40,40,0,8,3,5,5,5,0.8418626507388594,0.9331423578713156
fifth_synthetic,CHEMBL232,35504,4,0.2,6.0,40,41,1,8,3,5,6,5,0.7389080738517579,0.9407917269734352
fifth_synthetic,CHEMBL232,35504,4,0.3,4.0,40,40,0,8,3,5,5,5,0.8440112999537166,0.9341069267937271
fifth_synthetic,CHEMBL232,35504,4,0.3,6.0,40,41,1,9,4,5,6,5,0.8355462891967249,0.9467974334401426
fifth_synthetic,CHEMBL232,35504,5,0.2,4.0,40,40,0,6,3,3,5,5,0.8070930668570847,0.9188413660832208
fifth_synthetic,CHEMBL232,35504,5,0.2,6.0,40,40,0,7,3,4,5,5,0.837612208516369,0.9323959862582748
fifth_synthetic,CHEMBL232,35504,5,0.3,4.0,40,41,1,8,5,3,6,5,0.7782309001428135,0.9354168459775039
fifth_synthetic,CHEMBL232,35504,5,0.3,6.0,40,41,1,8,4,4,6,5,0.8084399285342176,0.9411085367518783
fifth_synthetic,CHEMBL232,35504,6,0.2,4.0,40,40,0,7,3,4,5,5,0.8246053858840144,0.9253496133925067
fifth_synthetic,CHEMBL232,35504,6,0.2,6.0,40,40,0,8,3,5,5,5,0.8566440578463156,0.9402251026870976
fifth_synthetic,CHEMBL232,35504,6,0.3,4.0,39,40,1,5,3,2,5,4,0.7772781259999999,0.9367473019806761
fifth_synthetic,CHEMBL232,35504,6,0.3,6.0,39,40,1,6,2,4,5,4,0.8289358677692699,0.9483323307750363
fifth_synthetic,CHEMBL232,35504,7,0.2,4.0,40,40,0,6,3,3,5,5,0.8070930668570847,0.9188413660832208
fifth_synthetic,CHEMBL232,35504,7,0.2,6.0,40,40,0,7,3,4,5,5,0.837612208516369,0.9323959862582748
fifth_synthetic,CHEMBL232,35504,7,0.3,4.0,39,41,2,6,3,3,5,3,0.7851367646204443,0.9779739616332379
fifth_synthetic,CHEMBL232,35504,7,0.3,6.0,39,43,4,8,3,5,7,3,0.7898074433269524,0.9553953899356732
fifth_synthetic,CHEMBL232,35504,8,0.2,4.0,40,41,1,7,4,3,6,5,0.7881541380311313,0.9258217558393789
fifth_synthetic,CHEMBL232,35504,8,0.2,6.0,40,41,1,7,3,4,6,5,0.7534464723736599,0.9326424683639338
fifth_synthetic,CHEMBL232,35504,8,0.3,4.0,39,40,1,8,3,5,5,4,0.8418626507388594,0.9602271878592382
fifth_synthetic,CHEMBL232,35504,8,0.3,6.0,39,40,1,8,2,6,5,4,0.7718437271787104,0.9709670077883228
fifth_synthetic,CHEMBL232,35504,9,0.2,4.0,41,41,0,7,4,3,5,5,0.779894318577942,0.9285109783807923
fifth_synthetic,CHEMBL232,35504,9,0.2,6.0,41,41,0,7,4,3,5,5,0.7884925618794203,0.9330108861766003
fifth_synthetic,CHEMBL232,35504,9,0.3,4.0,40,41,1,8,4,4,6,5,0.8048752301485126,0.934555190645609
fifth_synthetic,CHEMBL232,35504,9,0.3,6.0,40,41,1,8,4,4,6,5,0.8162920256017581,0.9409851581480977
fifth_synthetic,CHEMBL234,35504,0,0.2,4.0,48,48,0,22,22,0,21,21,0.9397254122727272,0.9824081370247687
fifth_synthetic,CHEMBL234,35504,0,0.2,6.0,47,48,1,23,23,0,22,21,0.9407611856521739,0.9833857514712743
fifth_synthetic,CHEMBL234,35504,0,0.3,4.0,49,48,-1,22,22,0,21,22,0.9397254122727272,0.9814605009090911
fifth_synthetic,CHEMBL234,35504,0,0.3,6.0,46,48,2,24,24,0,23,21,0.9417166820833334,0.9835125645978647
fifth_synthetic,CHEMBL234,35504,1,0.2,4.0,49,48,-1,22,22,0,21,22,0.9397254122727272,0.9814605009090911
fifth_synthetic,CHEMBL234,35504,1,0.2,6.0,47,48,1,23,23,0,22,21,0.9407611856521739,0.9831882950128544
fifth_synthetic,CHEMBL234,35504,1,0.3,4.0,48,48,0,22,22,0,21,21,0.9397254122727272,0.9828689729403589
fifth_synthetic,CHEMBL234,35504,1,0.3,6.0,46,48,2,24,24,0,23,21,0.9417166820833334,0.9828331648673526
fifth_synthetic,CHEMBL234,35504,2,0.2,4.0,48,48,0,22,22,0,21,21,0.9397254122727272,0.9828689729403589
fifth_synthetic,CHEMBL234,35504,2,0.2,6.0,47,48,1,23,23,0,22,21,0.9407611856521739,0.9834466977640333
fifth_synthetic,CHEMBL234,35504,2,0.3,4.0,48,48,0,22,22,0,21,21,0.9397254122727272,0.9828689729403589
fifth_synthetic,CHEMBL234,35504,2,0.3,6.0,46,48,2,24,24,0,23,21,0.9417166820833334,0.983785578212112
fifth_synthetic,CHEMBL234,35504,3,0.2,4.0,48,48,0,22,22,0,21,21,0.9397254122727272,0.9828689729403589
fifth_synthetic,CHEMBL234,35504,3,0.2,6.0,47,48,1,23,23,0,22,21,0.9407611856521739,0.9834927594401816
fifth_synthetic,CHEMBL234,35504,3,0.3,4.0,49,48,-1,22,22,0,21,22,0.9397254122727272,0.9814605009090911
fifth_synthetic,CHEMBL234,35504,3,0.3,6.0,46,48,2,24,24,0,23,21,0.9417166820833334,0.982139713711644
fifth_synthetic,CHEMBL234,35504,4,0.2,4.0,48,48,0,22,22,0,21,21,0.9397254122727272,0.9824081370247687
fifth_synthetic,CHEMBL234,35504,4,0.2,6.0,47,48,1,23,23,0,22,21,0.9407611856521739,0.9834122324914837
fifth_synthetic,CHEMBL234,35504,4,0.3,4.0,49,48,-1,22,22,0,21,22,0.9397254122727272,0.9814605009090911
fifth_synthetic,CHEMBL234,35504,4,0.3,6.0,46,48,2,24,24,0,23,21,0.9417166820833334,0.9834684221582227
fifth_synthetic,CHEMBL234,35504,5,0.2,4.0,48,48,0,22,22,0,21,21,0.9397254122727272,0.9828689729403589
fifth_synthetic,CHEMBL234,35504,5,0.2,6.0,47,48,1,23,23,0,22,21,0.9407611856521739,0.9835576416260964
fifth_synthetic,CHEMBL234,35504,5,0.3,4.0,48,48,0,22,22,0,21,21,0.9397254122727272,0.9824081370247687
fifth_synthetic,CHEMBL234,35504,5,0.3,6.0,46,48,2,24,24,0,23,21,0.9417166820833334,0.9837639724653521
fifth_synthetic,CHEMBL234,35504,6,0.2,4.0,49,48,-1,22,22,0,21,22,0.9397254122727272,0.9814605009090911
fifth_synthetic,CHEMBL234,35504,6,0.2,6.0,47,48,1,23,23,0,22,21,0.9407611856521739,0.9830773511507915
fifth_synthetic,CHEMBL234,35504,6,0.3,4.0,48,48,0,22,22,0,21,21,0.9397254122727272,0.9828689729403589
fifth_synthetic,CHEMBL234,35504,6,0.3,6.0,46,48,2,24,24,0,23,21,0.9417166820833334,0.9837414357724698
fifth_synthetic,CHEMBL234,35504,7,0.2,4.0,49,48,-1,22,22,0,21,22,0.9397254122727272,0.9814605009090911
fifth_synthetic,CHEMBL234,35504,7,0.2,6.0,47,48,1,23,23,0,22,21,0.9407611856521739,0.9831882950128544
fifth_synthetic,CHEMBL234,35504,7,0.3,4.0,48,48,0,22,22,0,21,21,0.9397254122727272,0.9828689729403589
fifth_synthetic,CHEMBL234,35504,7,0.3,6.0,46,48,2,24,24,0,23,21,0.9417166820833334,0.9837414357724698
fifth_synthetic,CHEMBL234,35504,8,0.2,4.0,49,48,-1,22,22,0,21,22,0.9397254122727272,0.9814605009090911
fifth_synthetic,CHEMBL234,35504,8,0.2,6.0,47,48,1,23,23,0,22,21,0.9407611856521739,0.9828340404201393
fifth_synthetic,CHEMBL234,35504,8,0.3,4.0,49,48,-1,22,22,0,21,22,0.9397254122727272,0.9814605009090911
fifth_synthetic,CHEMBL234,35504,8,0.3,6.0,46,48,2,24,24,0,23,21,0.9417166820833334,0.9824979724916041
fifth_synthetic,CHEMBL234,35504,9,0.2,4.0,49,48,-1,22,22,0,21,22,0.9397254122727272,0.9814605009090911
fifth_synthetic,CHEMBL234,35504,9,0.2,6.0,47,48,1,23,23,0,22,21,0.9407611856521739,0.9827691582342247
fifth_synthetic,CHEMBL234,35504,9,0.3,4.0,48,48,0,22,22,0,21,21,0.9397254122727272,0.9828689729403589
fifth_synthetic,CHEMBL234,35504,9,0.3,6.0,46,48,2,24,24,0,23,21,0.9417166820833334,0.9837602005677445
fifth_synthetic,CHEMBL236,35504,0,0.2,4.0,46,50,4,29,21,8,29,25,0.8874940927586207,0.9871110543400496
fifth_synthetic,CHEMBL236,35504,0,0.2,6.0,46,50,4,29,21,8,29,25,0.8874940927586207,0.9887775214058203
fifth_synthetic,CHEMBL236,35504,0,0.3,4.0,47,50,3,29,20,9,29,26,0.8874940927586207,0.986958991801853
fifth_synthetic,CHEMBL236,35504,0,0.3,6.0,45,50,5,30,22,8,30,25,0.8902162029999999,0.9884690606035685
fifth_synthetic,CHEMBL236,35504,1,0.2,4.0,49,50,1,28,19,9,28,27,0.8880190810714286,0.9854071092116341
fifth_synthetic,CHEMBL236,35504,1,0.2,6.0,47,49,2,28,20,8,27,25,0.8877414441704278,0.9871625028995606
fifth_synthetic,CHEMBL236,35504,1,0.3,4.0,46,50,4,29,20,9,29,25,0.8907006386206896,0.9869878827897907
fifth_synthetic,CHEMBL236,35504,1,0.3,6.0,45,50,5,29,21,8,29,24,0.8907006386206896,0.9885816158091095
fifth_synthetic,CHEMBL236,35504,2,0.2,4.0,48,50,2,28,19,9,28,26,0.8880190810714286,0.9856939382690523
fifth_synthetic,CHEMBL236,35504,2,0.2,6.0,47,49,2,28,20,8,27,25,0.8874137454987691,0.9875205932274399
fifth_synthetic,CHEMBL236,35504,2,0.3,4.0,46,50,4,29,20,9,29,25,0.8645265137931033,0.9861936978630589
fifth_synthetic,CHEMBL236,35504,2,0.3,6.0,45,49,4,29,22,7,28,24,0.8645496002335163,0.9884579031664915
fifth_synthetic,CHEMBL236,35504,3,0.2,4.0,48,50,2,28,20,8,28,26,0.9114809060714286,0.9870249611645282
fifth_synthetic,CHEMBL236,35504,3,0.2,6.0,46,50,4,29,22,7,29,25,0.9133534351724137,0.9880233814171772
fifth_synthetic,CHEMBL236,35504,3,0.3,4.0,46,50,4,29,20,9,29,25,0.8907006386206896,0.9863500442945617
fifth_synthetic,CHEMBL236,35504,3,0.3,6.0,44,50,6,30,22,8,30,24,0.893315864,0.9887994705607535
fifth_synthetic,CHEMBL236,35504,4,0.2,4.0,47,49,2,28,20,8,27,25,0.8873543819860664,0.9876080341014154
fifth_synthetic,CHEMBL236,35504,4,0.2,6.0,46,50,4,29,20,9,29,25,0.8907006386206896,0.9880948790050463
fifth_synthetic,CHEMBL236,35504,4,0.3,4.0,46,50,4,29,20,9,29,25,0.8907006386206896,0.9863500442945617
fifth_synthetic,CHEMBL236,35504,4,0.3,6.0,44,50,6,30,22,8,30,24,0.893315864,0.988714717315365
fifth_synthetic,CHEMBL236,35504,5,0.2,4.0,48,50,2,28,20,8,28,26,0.9114809060714286,0.9865026052815765
fifth_synthetic,CHEMBL236,35504,5,0.2,6.0,46,50,4,29,22,7,29,25,0.9133534351724137,0.9880716747432564
fifth_synthetic,CHEMBL236,35504,5,0.3,4.0,46,50,4,29,22,7,29,25,0.9133534351724137,0.9873851514371367
fifth_synthetic,CHEMBL236,35504,5,0.3,6.0,45,49,4,30,23,7,29,25,0.9149528771321844,0.9889945644044353
fifth_synthetic,CHEMBL236,35504,6,0.2,4.0,49,49,0,28,20,8,27,27,0.9111422316289237,0.9854382175132638
fifth_synthetic,CHEMBL236,35504,6,0.2,6.0,46,50,4,29,22,7,29,25,0.9133534351724137,0.9882364095200947
fifth_synthetic,CHEMBL236,35504,6,0.3,4.0,47,49,2,28,20,8,27,25,0.8873543819860664,0.9865596874804474
fifth_synthetic,CHEMBL236,35504,6,0.3,6.0,46,49,3,29,21,8,28,25,0.8901161766884667,0.9879549507395954
fifth_synthetic,CHEMBL236,35504,7,0.2,4.0,49,49,0,28,20,8,27,27,0.8873543819860664,0.9854071092116341
fifth_synthetic,CHEMBL236,35504,7,0.2,6.0,46,50,4,29,20,9,29,25,0.8907006386206896,0.9871920728707512
fifth_synthetic,CHEMBL236,35504,7,0.3,4.0,45,50,5,30,23,7,30,25,0.9152135673333334,0.9871673416954108
fifth_synthetic,CHEMBL236,35504,7,0.3,6.0,44,50,6,31,24,7,31,25,0.916986189032258,0.9892641572405398
fifth_synthetic,CHEMBL236,35504,8,0.2,4.0,48,50,2,28,19,9,28,26,0.8880190810714286,0.9865807422215068
fifth_synthetic,CHEMBL236,35504,8,0.2,6.0,46,50,4,29,20,9,29,25,0.8907006386206896,0.9874359582288694
fifth_synthetic,CHEMBL236,35504,8,0.3,4.0,46,49,3,29,21,8,28,25,0.8900588601934435,0.98720626880038
fifth_synthetic,CHEMBL236,35504,8,0.3,6.0,44,50,6,30,22,8,30,24,0.893315864,0.9892298128830622
fifth_synthetic,CHEMBL236,35504,9,0.2,4.0,50,50,0,28,20,8,28,28,0.9114809060714286,0.9850502217857142
fifth_synthetic,CHEMBL236,35504,9,0.2,6.0,47,48,1,28,21,7,27,26,0.8805887494273403,0.9862572764168193
fifth_synthetic,CHEMBL236,35504,9,0.3,4.0,46,50,4,29,20,9,29,25,0.8907006386206896,0.9871213776738941
fifth_synthetic,CHEMBL236,35504,9,0.3,6.0,45,49,4,29,22,7,28,24,0.8904325754059302,0.9887211396375046
fifth_synthetic,CHEMBL238,35504,0,0.2,4.0,43,45,2,15,6,9,12,10,0.8029980287423784,0.9507702932230723
fifth_synthetic,CHEMBL238,35504,0,0.2,6.0,42,47,5,15,8,7,13,8,0.7823783546666667,0.9697362570642388
fifth_synthetic,CHEMBL238,35504,0,0.3,4.0,42,46,4,14,7,7,12,8,0.7884092294856221,0.9610513304638387
fifth_synthetic,CHEMBL238,35504,0,0.3,6.0,39,45,6,17,7,10,14,8,0.7779470702242426,0.9733953826465306
fifth_synthetic,CHEMBL238,35504,1,0.2,4.0,45,45,0,14,5,9,10,10,0.8367638874137847,0.9473897922553501
fifth_synthetic,CHEMBL238,35504,1,0.2,6.0,43,47,4,15,9,6,13,9,0.8122374026666666,0.9600652111762817
fifth_synthetic,CHEMBL238,35504,1,0.3,4.0,42,46,4,14,6,8,12,8,0.7970475950811197,0.9573423178445047
fifth_synthetic,CHEMBL238,35504,1,0.3,6.0,40,46,6,16,8,8,15,9,0.7569955912499999,0.9702724639497584
fifth_synthetic,CHEMBL238,35504,2,0.2,4.0,44,44,0,15,8,7,11,11,0.8294478675956256,0.950905443058792
fifth_synthetic,CHEMBL238,35504,2,0.2,6.0,42,44,2,17,9,8,13,11,0.853237126694831,0.9634283669388833
fifth_synthetic,CHEMBL238,35504,2,0.3,4.0,42,44,2,14,5,9,11,9,0.7645972722239769,0.9540658417438214
fifth_synthetic,CHEMBL238,35504,2,0.3,6.0,39,44,5,17,8,9,14,9,0.7433710343520814,0.9709583324539873
fifth_synthetic,CHEMBL238,35504,3,0.2,4.0,45,47,2,14,6,8,12,10,0.7918056142857143,0.9552168280375067
fifth_synthetic,CHEMBL238,35504,3,0.2,6.0,42,46,4,17,8,9,14,10,0.767196569300219,0.9641379435707831
fifth_synthetic,CHEMBL238,35504,3,0.3,4.0,42,44,2,16,7,9,12,10,0.8184181124738816,0.9538345744898127
fifth_synthetic,CHEMBL238,35504,3,0.3,6.0,39,44,5,16,9,7,14,9,0.76177130375,0.9743423613952196
fifth_synthetic,CHEMBL238,35504,4,0.2,4.0,44,47,3,13,5,8,11,8,0.7909387283420332,0.9643485098691453
fifth_synthetic,CHEMBL238,35504,4,0.2,6.0,43,47,4,13,6,7,12,8,0.7665720284615385,0.9689952124558252
fifth_synthetic,CHEMBL238,35504,4,0.3,4.0,41,45,4,17,7,10,13,9,0.7903091860928089,0.959018886037714
fifth_synthetic,CHEMBL238,35504,4,0.3,6.0,40,46,6,17,8,9,15,9,0.7386287435294118,0.9751621638939691
fifth_synthetic,CHEMBL238,35504,5,0.2,4.0,44,44,0,16,7,9,11,11,0.836011621036981,0.9477391280540763
fifth_synthetic,CHEMBL238,35504,5,0.2,6.0,43,46,3,15,7,8,12,9,0.7675235059884494,0.9639743698645128
fifth_synthetic,CHEMBL238,35504,5,0.3,4.0,40,46,6,15,6,9,13,7,0.7709282421628051,0.9628739664409666
fifth_synthetic,CHEMBL238,35504,5,0.3,6.0,39,48,9,16,7,9,15,6,0.7239018962499999,0.975676718929035
fifth_synthetic,CHEMBL238,35504,6,0.2,4.0,45,45,0,14,6,8,11,11,0.7880299616284792,0.9522067501319416
fifth_synthetic,CHEMBL238,35504,6,0.2,6.0,43,45,2,15,6,9,12,10,0.7544242866551161,0.9648249366452241
fifth_synthetic,CHEMBL238,35504,6,0.3,4.0,43,45,2,15,6,9,11,9,0.7953942162622922,0.9478669054751285
fifth_synthetic,CHEMBL238,35504,6,0.3,6.0,39,44,5,16,8,8,13,8,0.7643011531141715,0.9667293631198339
fifth_synthetic,CHEMBL238,35504,7,0.2,4.0,43,44,1,13,7,6,11,10,0.8284236207692307,0.9535250731945393
fifth_synthetic,CHEMBL238,35504,7,0.2,6.0,42,46,4,15,8,7,13,9,0.7809863519999999,0.9640882176251746
fifth_synthetic,CHEMBL238,35504,7,0.3,4.0,42,45,3,14,7,7,12,9,0.8396625956033166,0.9542840077073617
fifth_synthetic,CHEMBL238,35504,7,0.3,6.0,40,46,6,16,8,8,14,8,0.7949051264990864,0.9699131255649922
fifth_synthetic,CHEMBL238,35504,8,0.2,4.0,45,45,0,14,6,8,11,11,0.8334286322239768,0.9409183479929331
fifth_synthetic,CHEMBL238,35504,8,0.2,6.0,44,46,2,14,7,7,12,10,0.7721247235714285,0.9597996009632156
fifth_synthetic,CHEMBL238,35504,8,0.3,4.0,42,44,2,16,8,8,11,9,0.836011621036981,0.9474105218049513
fifth_synthetic,CHEMBL238,35504,8,0.3,6.0,40,45,5,17,9,8,14,9,0.7979757394015731,0.964737386574145
fifth_synthetic,CHEMBL238,35504,9,0.2,4.0,44,46,2,14,5,9,11,9,0.7512796280570505,0.9561157510373873
fifth_synthetic,CHEMBL238,35504,9,0.2,6.0,42,45,3,15,5,10,12,9,0.7193620453217828,0.965281665534913
fifth_synthetic,CHEMBL238,35504,9,0.3,4.0,41,45,4,16,8,8,13,9,0.8111442064026297,0.9560003609976885
fifth_synthetic,CHEMBL238,35504,9,0.3,6.0,39,44,5,17,8,9,13,8,0.7769706525771839,0.9739035237569543
fifth_synthetic,CHEMBL239,35504,0,0.2,4.0,30,32,2,15,3,12,9,7,0.6809637067407415,0.8522035269673005
fifth_synthetic,CHEMBL239,35504,0,0.2,6.0,30,35,5,16,5,11,11,6,0.6534907017792488,0.8893900506747259
fifth_synthetic,CHEMBL239,35504,0,0.3,4.0,29,34,5,14,3,11,10,5,0.6645561920648019,0.8975915139588241
fifth_synthetic,CHEMBL239,35504,0,0.3,6.0,29,36,7,16,6,10,12,5,0.6348441580292488,0.9139342474464701
fifth_synthetic,CHEMBL239,35504,1,0.2,4.0,30,31,1,17,4,13,9,8,0.7205292933627119,0.8486311082367822
fifth_synthetic,CHEMBL239,35504,1,0.2,6.0,30,35,5,17,8,9,12,7,0.6406522764705882,0.8819154705519316
fifth_synthetic,CHEMBL239,35504,1,0.3,4.0,28,30,2,18,5,13,9,7,0.6546941401172568,0.8202749696144617
fifth_synthetic,CHEMBL239,35504,1,0.3,6.0,28,33,5,19,7,12,12,7,0.6168479671651231,0.8921069369177488
fifth_synthetic,CHEMBL239,35504,2,0.2,4.0,30,34,4,16,3,13,10,6,0.6886550729224132,0.8761923971396567
fifth_synthetic,CHEMBL239,35504,2,0.2,6.0,30,36,6,15,5,10,11,5,0.6356750713333333,0.9036342193116104
fifth_synthetic,CHEMBL239,35504,2,0.3,4.0,28,33,5,16,4,12,12,7,0.670325972670961,0.8561796182242276
fifth_synthetic,CHEMBL239,35504,2,0.3,6.0,28,37,9,17,6,11,14,5,0.6515347252039989,0.9181988638587744
fifth_synthetic,CHEMBL239,35504,3,0.2,4.0,31,34,3,15,4,11,10,7,0.6594377234817888,0.8620313530001192
fifth_synthetic,CHEMBL239,35504,3,0.2,6.0,31,35,4,15,5,10,10,6,0.6401374818978653,0.8952874822234314
fifth_synthetic,CHEMBL239,35504,3,0.3,4.0,27,31,4,18,4,14,10,6,0.6929134103532889,0.8336043681873792
fifth_synthetic,CHEMBL239,35504,3,0.3,6.0,27,34,7,18,5,13,12,5,0.6383236334569907,0.9012808976941158
fifth_synthetic,CHEMBL239,35504,4,0.2,4.0,31,31,0,15,4,11,8,8,0.6753497378311148,0.8318371941641965
fifth_synthetic,CHEMBL239,35504,4,0.2,6.0,31,33,2,16,5,11,9,7,0.6940447731184493,0.8811992013516481
fifth_synthetic,CHEMBL239,35504,4,0.3,4.0,27,30,3,16,3,13,9,6,0.6916973130323396,0.8617386116384573
fifth_synthetic,CHEMBL239,35504,4,0.3,6.0,27,35,8,19,8,11,14,6,0.6455643257088411,0.9052360747881893
fifth_synthetic,CHEMBL239,35504,5,0.2,4.0,31,33,2,15,4,11,9,7,0.7053133719011623,0.8747292625635041
fifth_synthetic,CHEMBL239,35504,5,0.2,6.0,31,35,4,16,8,8,11,7,0.6258998375,0.8871886048686128
fifth_synthetic,CHEMBL239,35504,5,0.3,4.0,28,29,1,17,3,14,8,7,0.7192563736412402,0.8517085253180752
fifth_synthetic,CHEMBL239,35504,5,0.3,6.0,28,34,6,20,9,11,13,7,0.679325584806867,0.894218678355222
fifth_synthetic,CHEMBL239,35504,6,0.2,4.0,31,32,1,14,3,11,8,7,0.7163104863381696,0.8632738442901011
fifth_synthetic,CHEMBL239,35504,6,0.2,6.0,31,35,4,16,6,10,11,7,0.6299504061542488,0.8862154011748984
fifth_synthetic,CHEMBL239,35504,6,0.3,4.0,28,30,2,17,3,14,9,7,0.7367937319866952,0.8746698592287339
fifth_synthetic,CHEMBL239,35504,6,0.3,6.0,28,35,7,19,9,10,14,7,0.6606671367614727,0.8987340154195871
fifth_synthetic,CHEMBL239,35504,7,0.2,4.0,30,31,1,16,3,13,9,8,0.6916973130323396,0.8387555838005037
fifth_synthetic,CHEMBL239,35504,7,0.2,6.0,30,35,5,16,6,10,11,6,0.6274270643750001,0.889832197793228
fifth_synthetic,CHEMBL239,35504,7,0.3,4.0,28,33,5,15,4,11,11,6,0.6668718568151223,0.8848843563358358
fifth_synthetic,CHEMBL239,35504,7,0.3,6.0,28,36,8,17,7,10,13,5,0.6384282816745872,0.9241192209312823
fifth_synthetic,CHEMBL239,35504,8,0.2,4.0,30,30,0,16,4,12,9,9,0.7123485933381645,0.8245013031276164
fifth_synthetic,CHEMBL239,35504,8,0.2,6.0,30,34,4,17,7,10,11,7,0.6662583269687047,0.8817628737583041
fifth_synthetic,CHEMBL239,35504,8,0.3,4.0,27,31,4,17,4,13,10,6,0.6766696363679935,0.8365821902610471
fifth_synthetic,CHEMBL239,35504,8,0.3,6.0,27,34,7,18,6,12,12,5,0.6654274251236574,0.9143993096684299
fifth_synthetic,CHEMBL239,35504,9,0.2,4.0,30,31,1,16,4,12,9,8,0.6470519259019204,0.825603326669979
fifth_synthetic,CHEMBL239,35504,9,0.2,6.0,30,34,4,16,5,11,10,6,0.6262612549042488,0.8767196088967406
fifth_synthetic,CHEMBL239,35504,9,0.3,4.0,28,30,2,17,3,14,9,7,0.7359564021934417,0.8743694080302822
fifth_synthetic,CHEMBL239,35504,9,0.3,6.0,28,36,8,19,10,9,15,7,0.63775646,0.8978678336860965
fifth_synthetic,CHEMBL222,35505,0,0.2,4.0,45,47,2,17,4,13,15,13,0.772466653686002,0.9540071347491571
fifth_synthetic,CHEMBL222,35505,0,0.2,6.0,45,48,3,18,4,14,16,13,0.7490786654722573,0.9577282689513166
fifth_synthetic,CHEMBL222,35505,0,0.3,4.0,44,46,2,17,5,12,15,13,0.7793191565274867,0.9499920084143255
fifth_synthetic,CHEMBL222,35505,0,0.3,6.0,43,45,2,18,4,14,15,13,0.784885171466332,0.9570251017328454
fifth_synthetic,CHEMBL222,35505,1,0.2,4.0,45,47,2,18,5,13,15,13,0.7819836535585178,0.9474527138906595
fifth_synthetic,CHEMBL222,35505,1,0.2,6.0,45,48,3,18,4,14,16,13,0.7297410305420633,0.9564830373515372
fifth_synthetic,CHEMBL222,35505,1,0.3,4.0,45,47,2,17,5,12,15,13,0.7835854403205998,0.947418920850434
fifth_synthetic,CHEMBL222,35505,1,0.3,6.0,43,46,3,18,4,14,16,13,0.7432454512339802,0.9542646080734338
fifth_synthetic,CHEMBL222,35505,2,0.2,4.0,45,46,1,16,4,12,14,13,0.7776703850604547,0.9495543360766922
fifth_synthetic,CHEMBL222,35505,2,0.2,6.0,45,46,1,17,3,14,14,13,0.7811843286114104,0.9548527492486915
fifth_synthetic,CHEMBL222,35505,2,0.3,4.0,44,47,3,17,4,13,15,12,0.8017681768480864,0.9515689448976327
fifth_synthetic,CHEMBL222,35505,2,0.3,6.0,43,47,4,18,3,15,16,12,0.7726955059107764,0.9594094869691379
fifth_synthetic,CHEMBL222,35505,3,0.2,4.0,46,49,3,17,5,12,16,13,0.8034532203205998,0.940512343375517
fifth_synthetic,CHEMBL222,35505,3,0.2,6.0,45,49,4,18,4,14,17,13,0.7428831567895358,0.9481183636682613
fifth_synthetic,CHEMBL222,35505,3,0.3,4.0,45,47,2,16,4,12,15,13,0.7609669625,0.9515723068053757
fifth_synthetic,CHEMBL222,35505,3,0.3,6.0,43,45,2,19,3,16,15,13,0.7858123272289007,0.9572911246992133
fifth_synthetic,CHEMBL222,35505,4,0.2,4.0,45,46,1,19,5,14,15,14,0.7858067983949218,0.9405127696889131
fifth_synthetic,CHEMBL222,35505,4,0.2,6.0,45,48,3,19,5,14,17,14,0.7286198905135337,0.9503952328116788
fifth_synthetic,CHEMBL222,35505,4,0.3,4.0,46,48,2,16,4,12,15,13,0.7609669625,0.9628284299870761
fifth_synthetic,CHEMBL222,35505,4,0.3,6.0,44,46,2,18,3,15,15,13,0.7655697850395708,0.9653565488160704
fifth_synthetic,CHEMBL222,35505,5,0.2,4.0,45,46,1,17,4,13,15,14,0.7725431291441293,0.9435735695849111
fifth_synthetic,CHEMBL222,35505,5,0.2,6.0,45,47,2,18,4,14,16,14,0.7513997753687129,0.9487698884066808
fifth_synthetic,CHEMBL222,35505,5,0.3,4.0,44,48,4,19,5,14,17,13,0.7526318664558965,0.9520761355715716
fifth_synthetic,CHEMBL222,35505,5,0.3,6.0,43,48,5,19,5,14,18,13,0.7181334410526317,0.9590412673302506
fifth_synthetic,CHEMBL222,35505,6,0.2,4.0,47,47,0,17,4,13,14,14,0.7816554356716159,0.9416743030167384
fifth_synthetic,CHEMBL222,35505,6,0.2,6.0,45,46,1,18,4,14,15,14,0.7750489651093769,0.9461241165374249
fifth_synthetic,CHEMBL222,35505,6,0.3,4.0,44,45,1,18,4,14,14,13,0.8016530372887931,0.9615700065176009
fifth_synthetic,CHEMBL222,35505,6,0.3,6.0,44,48,4,19,4,15,17,13,0.7127484987703597,0.9687891450155816
fifth_synthetic,CHEMBL222,35505,7,0.2,4.0,45,46,1,18,4,14,14,13,0.7913668955044169,0.9524576609810335
fifth_synthetic,CHEMBL222,35505,7,0.2,6.0,45,48,3,18,4,14,16,13,0.7351150427642855,0.957218242748821
fifth_synthetic,CHEMBL222,35505,7,0.3,4.0,45,46,1,18,5,13,15,14,0.7829912170231929,0.9502590446412703
fifth_synthetic,CHEMBL222,35505,7,0.3,6.0,44,46,2,19,4,15,16,14,0.7473097224417882,0.9602487597992903
fifth_synthetic,CHEMBL222,35505,8,0.2,4.0,47,48,1,17,4,13,15,14,0.7570412585558939,0.9507472555302044
fifth_synthetic,CHEMBL222,35505,8,0.2,6.0,46,48,2,17,3,14,16,14,0.6910072994117646,0.9539095122748665
fifth_synthetic,CHEMBL222,35505,8,0.3,4.0,44,48,4,18,5,13,16,12,0.8076442674238504,0.9515185548821472
fifth_synthetic,CHEMBL222,35505,8,0.3,6.0,43,48,5,18,5,13,17,12,0.7850947638753967,0.9592354830996153
fifth_synthetic,CHEMBL222,35505,9,0.2,4.0,46,47,1,17,4,13,14,13,0.7816554356716159,0.9500749126946438
fifth_synthetic,CHEMBL222,35505,9,0.2,6.0,45,47,2,17,3,14,15,13,0.737571577632773,0.9547580214571236
fifth_synthetic,CHEMBL222,35505,9,0.3,4.0,44,46,2,19,4,15,15,13,0.7709155752370273,0.9520116431358353
fifth_synthetic,CHEMBL222,35505,9,0.3,6.0,43,47,4,20,4,16,17,13,0.7411250540984393,0.9587334775866305
fifth_synthetic,CHEMBL225,35505,0,0.2,4.0,40,43,3,18,5,13,14,11,0.7992893741653231,0.9121980209868984
fifth_synthetic,CHEMBL225,35505,0,0.2,6.0,40,44,4,18,6,12,15,11,0.7815784292945893,0.9156447341089111
fifth_synthetic,CHEMBL225,35505,0,0.3,4.0,39,43,4,18,4,14,14,10,0.8074304514455511,0.9207742827298004
fifth_synthetic,CHEMBL225,35505,0,0.3,6.0,39,43,4,18,4,14,14,10,0.816850461070563,0.9266819354235041
fifth_synthetic,CHEMBL225,35505,1,0.2,4.0,41,44,3,16,5,11,14,11,0.7689664129048634,0.9078648774904303
fifth_synthetic,CHEMBL225,35505,1,0.2,6.0,41,45,4,16,5,11,15,11,0.759196875625,0.9084902888213209
fifth_synthetic,CHEMBL225,35505,1,0.3,4.0,39,43,4,17,4,13,14,10,0.7995102761916615,0.9171840620944558
fifth_synthetic,CHEMBL225,35505,1,0.3,6.0,39,44,5,17,5,12,15,10,0.7816997315833345,0.9225178506954167
fifth_synthetic,CHEMBL225,35505,2,0.2,4.0,41,45,4,17,4,13,15,11,0.7616045725821855,0.9049773036887403
fifth_synthetic,CHEMBL225,35505,2,0.2,6.0,41,45,4,17,4,13,15,11,0.7673516567480907,0.9078848055754878
fifth_synthetic,CHEMBL225,35505,2,0.3,4.0,39,42,3,18,5,13,14,11,0.8120961696108757,0.9140213452860251
fifth_synthetic,CHEMBL225,35505,2,0.3,6.0,39,44,5,19,7,12,16,11,0.7806707904158694,0.9221636502342581
fifth_synthetic,CHEMBL225,35505,3,0.2,4.0,40,44,4,17,5,12,14,10,0.774898235883014,0.9116408614528945
fifth_synthetic,CHEMBL225,35505,3,0.2,6.0,40,44,4,17,5,12,14,10,0.7829493740167827,0.9166868878375471
fifth_synthetic,CHEMBL225,35505,3,0.3,4.0,38,42,4,18,5,13,15,11,0.7975708846525005,0.9084045098267519
fifth_synthetic,CHEMBL225,35505,3,0.3,6.0,38,45,7,18,7,11,17,10,0.7543247705555555,0.9243364395027531
fifth_synthetic,CHEMBL225,35505,4,0.2,4.0,41,46,5,17,4,13,16,11,0.7594973212064273,0.9068064697993552
fifth_synthetic,CHEMBL225,35505,4,0.2,6.0,41,46,5,17,4,13,16,11,0.7633041962892168,0.9106833158535454
fifth_synthetic,CHEMBL225,35505,4,0.3,4.0,39,44,5,16,4,12,14,9,0.7791799100318292,0.9203531865731948
fifth_synthetic,CHEMBL225,35505,4,0.3,6.0,39,45,6,17,5,12,15,9,0.7677234139362756,0.9287362416936781
fifth_synthetic,CHEMBL225,35505,5,0.2,4.0,40,43,3,18,5,13,14,11,0.7989387059160585,0.9101943920190547
fifth_synthetic,CHEMBL225,35505,5,0.2,6.0,40,44,4,18,6,12,15,11,0.781524408793628,0.9153519507975894
fifth_synthetic,CHEMBL225,35505,5,0.3,4.0,38,42,4,18,5,13,15,11,0.7944197702448013,0.9056616951401788
fifth_synthetic,CHEMBL225,35505,5,0.3,6.0,38,43,5,18,5,13,15,10,0.8034429539796794,0.9239369902010682
fifth_synthetic,CHEMBL225,35505,6,0.2,4.0,40,44,4,16,5,11,14,10,0.7684639766255426,0.9114526402124528
fifth_synthetic,CHEMBL225,35505,6,0.2,6.0,40,45,5,17,5,12,15,10,0.7730488912344018,0.9171483361953982
fifth_synthetic,CHEMBL225,35505,6,0.3,4.0,39,42,3,18,5,13,14,11,0.8090674425566622,0.9126172584515797
fifth_synthetic,CHEMBL225,35505,6,0.3,6.0,39,42,3,18,5,13,14,11,0.8184874521816741,0.9178809609159931
fifth_synthetic,CHEMBL225,35505,7,0.2,4.0,40,43,3,16,5,11,14,11,0.7833138141255427,0.9049722722088458
fifth_synthetic,CHEMBL225,35505,7,0.2,6.0,40,43,3,16,5,11,14,11,0.7853569906865518,0.905622116604704
fifth_synthetic,CHEMBL225,35505,7,0.3,4.0,38,41,3,19,5,14,14,11,0.813861017863744,0.9131401122230524
fifth_synthetic,CHEMBL225,35505,7,0.3,6.0,38,42,4,19,6,13,15,11,0.8155718101378453,0.9195581830817422
fifth_synthetic,CHEMBL225,35505,8,0.2,4.0,41,45,4,16,5,11,15,11,0.7608636762188732,0.9093704997689058
fifth_synthetic,CHEMBL225,35505,8,0.2,6.0,41,46,5,17,6,11,16,11,0.7612869371393304,0.9163680553168734
fifth_synthetic,CHEMBL225,35505,8,0.3,4.0,38,41,3,19,5,14,14,11,0.8159343219417327,0.913910325818856
fifth_synthetic,CHEMBL225,35505,8,0.3,6.0,38,42,4,19,6,13,15,11,0.8155718101378453,0.919665751688401
fifth_synthetic,CHEMBL225,35505,9,0.2,4.0,41,45,4,16,5,11,15,11,0.7614144437818291,0.9077813862238163
fifth_synthetic,CHEMBL225,35505,9,0.2,6.0,41,45,4,16,5,11,15,11,0.7654592485572929,0.9111760911484422
fifth_synthetic,CHEMBL225,35505,9,0.3,4.0,39,42,3,18,5,13,14,11,0.810620546207559,0.9130329399055144
fifth_synthetic,CHEMBL225,35505,9,0.3,6.0,39,44,5,18,7,11,16,11,0.7687813264953715,0.9179401651683029
fifth_synthetic,CHEMBL226,35505,0,0.2,4.0,41,40,-1,22,7,15,14,15,0.7400866217825445,0.9017981631856472
fifth_synthetic,CHEMBL226,35505,0,0.2,6.0,39,41,2,24,10,14,17,15,0.7237779633333332,0.9129272196262296
fifth_synthetic,CHEMBL226,35505,0,0.3,4.0,37,42,5,24,10,14,18,13,0.7056043070770986,0.9245866828877313
fifth_synthetic,CHEMBL226,35505,0,0.3,6.0,37,43,6,24,11,13,19,13,0.70068990125,0.9370847438042026
fifth_synthetic,CHEMBL226,35505,1,0.2,4.0,39,42,3,23,8,15,17,14,0.7587292651247246,0.9152068623387339
fifth_synthetic,CHEMBL226,35505,1,0.2,6.0,39,43,4,23,9,14,18,14,0.7466849108695652,0.9211429373971048
fifth_synthetic,CHEMBL226,35505,1,0.3,4.0,37,41,4,24,8,16,17,13,0.737506801702235,0.9206647706675221
fifth_synthetic,CHEMBL226,35505,1,0.3,6.0,37,43,6,24,11,13,19,13,0.72323290125,0.9364946590041597
fifth_synthetic,CHEMBL226,35505,2,0.2,4.0,39,40,1,24,7,17,16,15,0.750487003622102,0.8967879837065533
fifth_synthetic,CHEMBL226,35505,2,0.2,6.0,39,42,3,23,9,14,17,14,0.7301167834782609,0.917944093692735
fifth_synthetic,CHEMBL226,35505,2,0.3,4.0,38,40,2,24,8,16,16,14,0.7457411997222049,0.9080361865892751
fifth_synthetic,CHEMBL226,35505,2,0.3,6.0,36,41,5,25,12,13,18,13,0.7289130039999999,0.9300297230346806
fifth_synthetic,CHEMBL226,35505,3,0.2,4.0,39,41,2,24,8,16,17,15,0.7219878741470825,0.9008096797729407
fifth_synthetic,CHEMBL226,35505,3,0.2,6.0,38,41,3,24,8,16,17,14,0.7158011883333333,0.9148979147125957
fifth_synthetic,CHEMBL226,35505,3,0.3,4.0,36,41,5,24,9,15,18,13,0.7304155779052023,0.9201833448959941
fifth_synthetic,CHEMBL226,35505,3,0.3,6.0,36,42,6,25,11,14,19,13,0.7206857547999997,0.9330104821602363
fifth_synthetic,CHEMBL226,35505,4,0.2,4.0,39,40,1,24,8,16,16,15,0.7332345962970326,0.9062181349123124
fifth_synthetic,CHEMBL226,35505,4,0.2,6.0,39,42,3,23,9,14,17,14,0.71974862,0.9203590863181162
fifth_synthetic,CHEMBL226,35505,4,0.3,4.0,38,41,3,24,7,17,17,14,0.7419545723990207,0.9167214508023113
fifth_synthetic,CHEMBL226,35505,4,0.3,6.0,37,43,6,24,11,13,19,13,0.7237795554166665,0.9356085605383425
fifth_synthetic,CHEMBL226,35505,5,0.2,4.0,40,39,-1,23,9,14,14,15,0.7440428803886165,0.9012572067494393
fifth_synthetic,CHEMBL226,35505,5,0.2,6.0,39,41,2,23,10,13,16,14,0.7359996530434781,0.9176099724561012
fifth_synthetic,CHEMBL226,35505,5,0.3,4.0,36,42,6,25,9,16,19,13,0.7282781049839469,0.9179746851506494
fifth_synthetic,CHEMBL226,35505,5,0.3,6.0,36,43,7,25,9,16,20,13,0.6955597800000001,0.932909493378384
fifth_synthetic,CHEMBL226,35505,6,0.2,4.0,38,41,3,25,7,18,18,15,0.7287677535889943,0.9053665898375961
fifth_synthetic,CHEMBL226,35505,6,0.2,6.0,38,42,4,25,7,18,19,15,0.7013168139999999,0.9162624913083526
fifth_synthetic,CHEMBL226,35505,6,0.3,4.0,38,40,2,24,9,15,16,14,0.7272349011668302,0.9172096918134057
fifth_synthetic,CHEMBL226,35505,6,0.3,6.0,37,42,5,24,12,12,18,13,0.7125758141666667,0.9356986698945056
fifth_synthetic,CHEMBL226,35505,7,0.2,4.0,38,41,3,24,7,17,17,14,0.7153259885835644,0.9017754888634325
fifth_synthetic,CHEMBL226,35505,7,0.2,6.0,38,41,3,24,8,16,17,14,0.7009305795833333,0.9156013844517507
fifth_synthetic,CHEMBL226,35505,7,0.3,4.0,36,41,5,25,9,16,18,13,0.7525224286292161,0.9169883949463324
fifth_synthetic,CHEMBL226,35505,7,0.3,6.0,36,42,6,25,11,14,19,13,0.7367324572,0.9327972693604012
fifth_synthetic,CHEMBL226,35505,8,0.2,4.0,41,40,-1,21,8,13,14,15,0.7137943423941808,0.9074910945564929
fifth_synthetic,CHEMBL226,35505,8,0.2,6.0,40,42,2,22,9,13,16,14,0.7109787072727273,0.9224329797694356
fifth_synthetic,CHEMBL226,35505,8,0.3,4.0,38,39,1,24,9,15,15,14,0.7703035777175637,0.9127387331356202
fifth_synthetic,CHEMBL226,35505,8,0.3,6.0,36,42,6,25,13,12,19,13,0.7498978084,0.9307822698109568
fifth_synthetic,CHEMBL226,35505,9,0.2,4.0,40,40,0,21,7,14,15,15,0.75445504188238,0.9014554093505763
fifth_synthetic,CHEMBL226,35505,9,0.2,6.0,39,43,4,23,9,14,18,14,0.7466849108695652,0.9185039147827468
fifth_synthetic,CHEMBL226,35505,9,0.3,4.0,37,40,3,24,8,16,17,14,0.7674298372440518,0.9200301173710767
fifth_synthetic,CHEMBL226,35505,9,0.3,6.0,37,44,7,24,11,13,20,13,0.7459883691666666,0.9361451690402678
fifth_synthetic,CHEMBL227,35505,0,0.2,4.0,49,49,0,12,4,8,11,11,0.9677413524999999,0.9934790439907631
fifth_synthetic,CHEMBL227,35505,0,0.2,6.0,49,49,0,12,4,8,11,11,0.9677413524999999,0.9935590741108928
fifth_synthetic,CHEMBL227,35505,0,0.3,4.0,50,49,-1,11,3,8,10,11,0.9693447,0.9929872154545454
fifth_synthetic,CHEMBL227,35505,0,0.3,6.0,50,49,-1,11,3,8,10,11,0.9693447,0.9929872154545454
fifth_synthetic,CHEMBL227,35505,1,0.2,4.0,50,49,-1,11,3,8,10,11,0.9693447,0.9929872154545454
fifth_synthetic,CHEMBL227,35505,1,0.2,6.0,50,49,-1,11,3,8,10,11,0.9693447,0.9929872154545454
fifth_synthetic,CHEMBL227,35505,1,0.3,4.0,49,49,0,12,4,8,11,11,0.9677413524999999,0.9934790439907631
fifth_synthetic,CHEMBL227,35505,1,0.3,6.0,49,49,0,12,4,8,11,11,0.9677413524999999,0.9935590741108928
fifth_synthetic,CHEMBL227,35505,2,0.2,4.0,50,49,-1,11,3,8,10,11,0.9693447,0.9929872154545454
fifth_synthetic,CHEMBL227,35505,2,0.2,6.0,50,49,-1,11,3,8,10,11,0.9693447,0.9929872154545454
fifth_synthetic,CHEMBL227,35505,2,0.3,4.0,49,49,0,12,4,8,11,11,0.9677413524999999,0.9934790439907631
fifth_synthetic,CHEMBL227,35505,2,0.3,6.0,49,49,0,12,4,8,11,11,0.9677413524999999,0.9935590741108928
fifth_synthetic,CHEMBL227,35505,3,0.2,4.0,49,49,0,12,4,8,11,11,0.9677413524999999,0.9934790439907631
fifth_synthetic,CHEMBL227,35505,3,0.2,6.0,49,49,0,12,4,8,11,11,0.9677413524999999,0.9935590741108928
fifth_synthetic,CHEMBL227,35505,3,0.3,4.0,49,49,0,12,4,8,11,11,0.9677413524999999,0.9934790439907631
fifth_synthetic,CHEMBL227,35505,3,0.3,6.0,49,49,0,12,4,8,11,11,0.9677413524999999,0.9935590741108928
fifth_synthetic,CHEMBL227,35505,4,0.2,4.0,50,49,-1,11,3,8,10,11,0.9693447,0.9929872154545454
fifth_synthetic,CHEMBL227,35505,4,0.2,6.0,50,49,-1,11,3,8,10,11,0.9693447,0.9929872154545454
fifth_synthetic,CHEMBL227,35505,4,0.3,4.0,49,49,0,12,4,8,11,11,0.9677413524999999,0.9934790439907631
fifth_synthetic,CHEMBL227,35505,4,0.3,6.0,49,49,0,12,4,8,11,11,0.9677413524999999,0.9935590741108928
fifth_synthetic,CHEMBL227,35505,5,0.2,4.0,50,49,-1,11,3,8,10,11,0.9693447,0.9929872154545454
fifth_synthetic,CHEMBL227,35505,5,0.2,6.0,50,49,-1,11,3,8,10,11,0.9693447,0.9929872154545454
fifth_synthetic,CHEMBL227,35505,5,0.3,4.0,49,49,0,12,4,8,11,11,0.9677413524999999,0.9934790439907631
fifth_synthetic,CHEMBL227,35505,5,0.3,6.0,49,49,0,12,4,8,11,11,0.9677413524999999,0.9935590741108928
fifth_synthetic,CHEMBL227,35505,6,0.2,4.0,49,49,0,12,4,8,11,11,0.9677413524999999,0.9934790439907631
fifth_synthetic,CHEMBL227,35505,6,0.2,6.0,49,49,0,12,4,8,11,11,0.9677413524999999,0.9935590741108928
fifth_synthetic,CHEMBL227,35505,6,0.3,4.0,49,49,0,12,4,8,11,11,0.9677413524999999,0.9934790439907631
fifth_synthetic,CHEMBL227,35505,6,0.3,6.0,49,49,0,12,4,8,11,11,0.9677413524999999,0.9935590741108928
fifth_synthetic,CHEMBL227,35505,7,0.2,4.0,50,49,-1,11,3,8,10,11,0.9693447,0.9929872154545454
fifth_synthetic,CHEMBL227,35505,7,0.2,6.0,50,49,-1,11,3,8,10,11,0.9693447,0.9929872154545454
fifth_synthetic,CHEMBL227,35505,7,0.3,4.0,49,49,0,12,4,8,11,11,0.9677413524999999,0.9934790439907631
fifth_synthetic,CHEMBL227,35505,7,0.3,6.0,49,49,0,12,4,8,11,11,0.9677413524999999,0.9935590741108928
fifth_synthetic,CHEMBL227,35505,8,0.2,4.0,49,49,0,12,4,8,11,11,0.9677413524999999,0.9934790439907631
fifth_synthetic,CHEMBL227,35505,8,0.2,6.0,49,49,0,12,4,8,11,11,0.9677413524999999,0.9935590741108928
fifth_synthetic,CHEMBL227,35505,8,0.3,4.0,49,49,0,12,4,8,11,11,0.9677413524999999,0.9934790439907631
fifth_synthetic,CHEMBL227,35505,8,0.3,6.0,49,49,0,12,4,8,11,11,0.9677413524999999,0.9935590741108928
fifth_synthetic,CHEMBL227,35505,9,0.2,4.0,49,49,0,12,4,8,11,11,0.9677413524999999,0.9934790439907631
fifth_synthetic,CHEMBL227,35505,9,0.2,6.0,49,49,0,12,4,8,11,11,0.9677413524999999,0.9935590741108928
fifth_synthetic,CHEMBL227,35505,9,0.3,4.0,49,49,0,12,4,8,11,11,0.9677413524999999,0.9934790439907631
fifth_synthetic,CHEMBL227,35505,9,0.3,6.0,49,49,0,12,4,8,11,11,0.9677413524999999,0.9935590741108928
fifth_synthetic,CHEMBL231,35505,0,0.2,4.0,47,48,1,15,3,12,14,13,0.8656833873333333,0.9334857007784966
fifth_synthetic,CHEMBL231,35505,0,0.2,6.0,46,47,1,16,3,13,14,13,0.86194407247512,0.9347967454314285
fifth_synthetic,CHEMBL231,35505,0,0.3,4.0,46,46,0,15,3,12,13,13,0.8642668820892584,0.9285071028388497
fifth_synthetic,CHEMBL231,35505,0,0.3,6.0,45,44,-1,17,3,14,13,14,0.8586232228703222,0.9457721248158871
fifth_synthetic,CHEMBL231,35505,1,0.2,4.0,46,46,0,14,2,12,13,13,0.8732764221428571,0.9288400464285714
fifth_synthetic,CHEMBL231,35505,1,0.2,6.0,45,45,0,16,3,13,14,14,0.86257677872512,0.934246973133086
fifth_synthetic,CHEMBL231,35505,1,0.3,4.0,45,46,1,16,3,13,14,13,0.868672802726503,0.9257701821688007
fifth_synthetic,CHEMBL231,35505,1,0.3,6.0,45,44,-1,17,3,14,13,14,0.8583865932799831,0.9474476401792027
fifth_synthetic,CHEMBL231,35505,2,0.2,4.0,47,46,-1,14,2,12,12,13,0.868670695095634,0.9288400464285714
fifth_synthetic,CHEMBL231,35505,2,0.2,6.0,45,45,0,17,3,14,14,14,0.8658666529243558,0.9354199086152936
fifth_synthetic,CHEMBL231,35505,2,0.3,4.0,46,47,1,15,3,12,14,13,0.8680053606666666,0.9334857007784966
fifth_synthetic,CHEMBL231,35505,2,0.3,6.0,45,46,1,16,3,13,14,13,0.86257677872512,0.9347967454314285
fifth_synthetic,CHEMBL231,35505,3,0.2,4.0,47,46,-1,14,1,13,12,13,0.8838041743258886,0.9418989598477603
fifth_synthetic,CHEMBL231,35505,3,0.2,6.0,46,46,0,15,2,13,13,13,0.866459643973461,0.9428932283150095
fifth_synthetic,CHEMBL231,35505,3,0.3,4.0,46,46,0,15,3,12,13,13,0.8642668820892584,0.9334857007784966
fifth_synthetic,CHEMBL231,35505,3,0.3,6.0,45,46,1,16,3,13,14,13,0.8717942718820081,0.9348592270690059
fifth_synthetic,CHEMBL231,35505,4,0.2,4.0,46,47,1,15,3,12,14,13,0.8680053606666666,0.9285071028388497
fifth_synthetic,CHEMBL231,35505,4,0.2,6.0,45,45,0,17,3,14,14,14,0.8612093263931381,0.9374658085611454
fifth_synthetic,CHEMBL231,35505,4,0.3,4.0,46,46,0,15,2,13,13,13,0.8729620695749365,0.9258984681412045
fifth_synthetic,CHEMBL231,35505,4,0.3,6.0,45,44,-1,17,3,14,13,14,0.8630439198112007,0.945401740233351
fifth_synthetic,CHEMBL231,35505,5,0.2,4.0,46,46,0,15,2,13,13,13,0.8729620695749365,0.9258984681412045
fifth_synthetic,CHEMBL231,35505,5,0.2,6.0,45,45,0,17,3,14,14,14,0.8656300233340166,0.9370954239786089
fifth_synthetic,CHEMBL231,35505,5,0.3,4.0,46,46,0,15,2,13,13,13,0.8729620695749365,0.9258984681412045
fifth_synthetic,CHEMBL231,35505,5,0.3,6.0,45,44,-1,17,3,14,13,14,0.8630439198112007,0.945401740233351
fifth_synthetic,CHEMBL231,35505,6,0.2,4.0,46,47,1,15,3,12,14,13,0.8680053606666666,0.9285071028388497
fifth_synthetic,CHEMBL231,35505,6,0.2,6.0,45,45,0,17,3,14,14,14,0.8612093263931381,0.9374658085611454
fifth_synthetic,CHEMBL231,35505,6,0.3,4.0,46,47,1,15,3,12,14,13,0.8680053606666666,0.9334857007784966
fifth_synthetic,CHEMBL231,35505,6,0.3,6.0,45,46,1,16,3,13,14,13,0.86257677872512,0.9347967454314285
fifth_synthetic,CHEMBL231,35505,7,0.2,4.0,47,46,-1,14,2,12,12,13,0.868670695095634,0.9288400464285714
fifth_synthetic,CHEMBL231,35505,7,0.2,6.0,45,45,0,17,3,14,14,14,0.8658666529243558,0.9354199086152936
fifth_synthetic,CHEMBL231,35505,7,0.3,4.0,46,46,0,15,2,13,13,13,0.8783914627041628,0.9406954220300926
fifth_synthetic,CHEMBL231,35505,7,0.3,6.0,45,45,0,17,3,14,14,14,0.8612093263931381,0.9484334911844255
fifth_synthetic,CHEMBL231,35505,8,0.2,4.0,46,46,0,14,2,12,13,13,0.8732764221428571,0.9288400464285714
fifth_synthetic,CHEMBL231,35505,8,0.2,6.0,45,45,0,16,3,13,14,14,0.86257677872512,0.934246973133086
fifth_synthetic,CHEMBL231,35505,8,0.3,4.0,46,46,0,15,3,12,13,13,0.8642668820892584,0.9285071028388497
fifth_synthetic,CHEMBL231,35505,8,0.3,6.0,45,44,-1,17,3,14,13,14,0.8586232228703222,0.9457721248158871
fifth_synthetic,CHEMBL231,35505,9,0.2,4.0,46,46,0,15,2,13,13,13,0.8729620695749365,0.9258984681412045
fifth_synthetic,CHEMBL231,35505,9,0.2,6.0,45,45,0,17,3,14,14,14,0.8743053110110879,0.9371542302257406
fifth_synthetic,CHEMBL231,35505,9,0.3,4.0,45,46,1,15,3,12,14,13,0.8686802473333333,0.9285071028388497
fifth_synthetic,CHEMBL231,35505,9,0.3,6.0,45,44,-1,16,3,13,13,14,0.8548806342927093,0.9452462028462169
fifth_synthetic,CHEMBL232,35505,0,0.2,4.0,40,41,1,11,3,8,9,8,0.7581079985499822,0.9424443921553856
fifth_synthetic,CHEMBL232,35505,0,0.2,6.0,40,41,1,11,3,8,9,8,0.7704927125315727,0.9458527351519119
fifth_synthetic,CHEMBL232,35505,0,0.3,4.0,40,44,4,12,4,8,11,7,0.6964329916898399,0.9412926488209239
fifth_synthetic,CHEMBL232,35505,0,0.3,6.0,40,45,5,12,5,7,12,7,0.6713155828333331,0.9478029193750772
fifth_synthetic,CHEMBL232,35505,1,0.2,4.0,40,42,2,11,4,7,9,7,0.7656242401302908,0.9432650672903559
fifth_synthetic,CHEMBL232,35505,1,0.2,6.0,40,43,3,11,3,8,10,7,0.674507838181818,0.9571423267480441
fifth_synthetic,CHEMBL232,35505,1,0.3,4.0,39,40,1,11,2,9,8,7,0.7270799439104509,0.9617579066606812
fifth_synthetic,CHEMBL232,35505,1,0.3,6.0,39,40,1,11,2,9,8,7,0.749378916448412,0.9671429993666977
fifth_synthetic,CHEMBL232,35505,2,0.2,4.0,40,43,3,11,4,7,10,7,0.7037818112727272,0.9450971862117861
fifth_synthetic,CHEMBL232,35505,2,0.2,6.0,40,43,3,11,3,8,10,7,0.6803121839999999,0.9574000714633147
fifth_synthetic,CHEMBL232,35505,2,0.3,4.0,39,42,3,11,3,8,9,6,0.7763730049968323,0.9573520811919031
fifth_synthetic,CHEMBL232,35505,2,0.3,6.0,39,42,3,11,2,9,9,6,0.7522332335532028,0.9776689020164134
fifth_synthetic,CHEMBL232,35505,3,0.2,4.0,40,41,1,10,4,6,8,7,0.7959257111433199,0.9407391231832716
fifth_synthetic,CHEMBL232,35505,3,0.2,6.0,40,42,2,10,3,7,9,7,0.7060234819999999,0.9532944514387903
fifth_synthetic,CHEMBL232,35505,3,0.3,4.0,40,41,1,11,2,9,8,7,0.8046281361555709,0.9589593056127235
fifth_synthetic,CHEMBL232,35505,3,0.3,6.0,40,43,3,12,3,9,10,7,0.7319405238652247,0.9675052876731355
fifth_synthetic,CHEMBL232,35505,4,0.2,4.0,40,42,2,12,3,9,10,8,0.6990476054527667,0.945306726616988
fifth_synthetic,CHEMBL232,35505,4,0.2,6.0,40,43,3,12,3,9,11,8,0.6287637719999999,0.9500961797786095
fifth_synthetic,CHEMBL232,35505,4,0.3,4.0,40,41,1,13,3,10,9,8,0.7885111571289566,0.9475752725747119
fifth_synthetic,CHEMBL232,35505,4,0.3,6.0,40,43,3,13,4,9,11,8,0.7044379006988639,0.9536637892003678
fifth_synthetic,CHEMBL232,35505,5,0.2,4.0,40,40,0,11,3,8,8,8,0.8013301042180323,0.9413772644225248
fifth_synthetic,CHEMBL232,35505,5,0.2,6.0,40,41,1,12,3,9,9,8,0.7561615679556607,0.9482390685564498
fifth_synthetic,CHEMBL232,35505,5,0.3,4.0,40,41,1,11,4,7,9,8,0.7602583704984549,0.9465236986357197
fifth_synthetic,CHEMBL232,35505,5,0.3,6.0,40,42,2,11,4,7,10,8,0.7117536934406636,0.9501308507840449
fifth_synthetic,CHEMBL232,35505,6,0.2,4.0,40,41,1,12,3,9,9,8,0.7731033896998629,0.9436395347507477
fifth_synthetic,CHEMBL232,35505,6,0.2,6.0,40,42,2,12,3,9,10,8,0.7060439124237692,0.9498613015058531
fifth_synthetic,CHEMBL232,35505,6,0.3,4.0,39,40,1,10,4,6,8,7,0.7854993854049804,0.9406816949079255
fifth_synthetic,CHEMBL232,35505,6,0.3,6.0,39,40,1,11,3,8,8,7,0.8019438103845452,0.9553652686298101
fifth_synthetic,CHEMBL232,35505,7,0.2,4.0,40,40,0,11,3,8,8,8,0.8013301042180323,0.9413772644225248
fifth_synthetic,CHEMBL232,35505,7,0.2,6.0,40,41,1,11,3,8,9,8,0.7375614135532026,0.9457013216572414
fifth_synthetic,CHEMBL232,35505,7,0.3,4.0,39,43,4,11,5,6,10,6,0.7505093367318004,0.9372814600995344
fifth_synthetic,CHEMBL232,35505,7,0.3,6.0,39,43,4,11,4,7,10,6,0.7522179816224818,0.9544180511577092
fifth_synthetic,CHEMBL232,35505,8,0.2,4.0,40,41,1,11,3,8,9,8,0.7581079985499822,0.9424443921553856
fifth_synthetic,CHEMBL232,35505,8,0.2,6.0,40,41,1,11,3,8,9,8,0.7704927125315727,0.9458527351519119
fifth_synthetic,CHEMBL232,35505,8,0.3,4.0,39,41,2,12,2,10,9,7,0.7051226791235837,0.9632121583599894
fifth_synthetic,CHEMBL232,35505,8,0.3,6.0,39,42,3,12,2,10,10,7,0.6520552143206084,0.9696426410188801
fifth_synthetic,CHEMBL232,35505,9,0.2,4.0,41,43,2,10,4,6,10,8,0.701781616,0.9425404148768625
fifth_synthetic,CHEMBL232,35505,9,0.2,6.0,41,43,2,10,4,6,10,8,0.691455803,0.9453288124790852
fifth_synthetic,CHEMBL232,35505,9,0.3,4.0,40,42,2,11,4,7,10,8,0.7341040964939272,0.945739255676191
fifth_synthetic,CHEMBL232,35505,9,0.3,6.0,40,43,3,11,4,7,11,8,0.6574308236363636,0.9500195185074393
fifth_synthetic,CHEMBL234,35505,0,0.2,4.0,48,48,0,23,21,2,22,22,0.9441328404347825,0.9810960008080535
fifth_synthetic,CHEMBL234,35505,0,0.2,6.0,47,48,1,24,22,2,23,22,0.9450333283333334,0.9821251656848666
fifth_synthetic,CHEMBL234,35505,0,0.3,4.0,49,48,-1,22,20,2,21,22,0.9431751286363635,0.9809427113636363
fifth_synthetic,CHEMBL234,35505,0,0.3,6.0,46,48,2,25,23,2,24,22,0.9458758992,0.9820751020532184
fifth_synthetic,CHEMBL234,35505,1,0.2,4.0,49,48,-1,22,20,2,21,22,0.9431751286363635,0.9809427113636363
fifth_synthetic,CHEMBL234,35505,1,0.2,6.0,47,48,1,24,22,2,23,22,0.9450333283333334,0.9817542730350493
fifth_synthetic,CHEMBL234,35505,1,0.3,4.0,48,48,0,23,21,2,22,22,0.9441328404347825,0.9809811951239406
fifth_synthetic,CHEMBL234,35505,1,0.3,6.0,46,48,2,25,23,2,24,22,0.9458758992,0.9816932434920868
fifth_synthetic,CHEMBL234,35505,2,0.2,4.0,48,48,0,23,21,2,22,22,0.9441328404347825,0.9809811951239406
fifth_synthetic,CHEMBL234,35505,2,0.2,6.0,47,48,1,24,22,2,23,22,0.9450333283333334,0.9821098321904845
fifth_synthetic,CHEMBL234,35505,2,0.3,4.0,48,48,0,23,21,2,22,22,0.9441328404347825,0.9809811951239406
fifth_synthetic,CHEMBL234,35505,2,0.3,6.0,46,48,2,25,23,2,24,22,0.9458758992,0.982291469970559
fifth_synthetic,CHEMBL234,35505,3,0.2,4.0,48,48,0,23,21,2,22,22,0.9441328404347825,0.9809811951239406
fifth_synthetic,CHEMBL234,35505,3,0.2,6.0,47,48,1,24,22,2,23,22,0.9450333283333334,0.9820006689079349
fifth_synthetic,CHEMBL234,35505,3,0.3,4.0,49,48,-1,22,20,2,21,22,0.9431751286363635,0.9809427113636363
fifth_synthetic,CHEMBL234,35505,3,0.3,6.0,46,48,2,25,23,2,24,22,0.9458758992,0.9810405275496694
fifth_synthetic,CHEMBL234,35505,4,0.2,4.0,48,48,0,23,21,2,22,22,0.9441328404347825,0.9810960008080535
fifth_synthetic,CHEMBL234,35505,4,0.2,6.0,47,48,1,24,22,2,23,22,0.9450333283333334,0.9819949897766614
fifth_synthetic,CHEMBL234,35505,4,0.3,4.0,49,48,-1,22,20,2,21,22,0.9431751286363635,0.9809427113636363
fifth_synthetic,CHEMBL234,35505,4,0.3,6.0,46,48,2,25,23,2,24,22,0.9458758992,0.9821798988044661
fifth_synthetic,CHEMBL234,35505,5,0.2,4.0,48,48,0,23,21,2,22,22,0.9441328404347825,0.9809811951239406
fifth_synthetic,CHEMBL234,35505,5,0.2,6.0,47,48,1,24,22,2,23,22,0.9450333283333334,0.9820972192778662
fifth_synthetic,CHEMBL234,35505,5,0.3,4.0,48,48,0,23,21,2,22,22,0.9441328404347825,0.9810960008080535
fifth_synthetic,CHEMBL234,35505,5,0.3,6.0,46,48,2,25,23,2,24,22,0.9458758992,0.9825238473521775
fifth_synthetic,CHEMBL234,35505,6,0.2,4.0,49,48,-1,22,20,2,21,22,0.9431751286363635,0.9809427113636363
fifth_synthetic,CHEMBL234,35505,6,0.2,6.0,47,48,1,24,22,2,23,22,0.9450333283333334,0.9817668859476675
fifth_synthetic,CHEMBL234,35505,6,0.3,4.0,48,48,0,23,21,2,22,22,0.9441328404347825,0.9809811951239406
fifth_synthetic,CHEMBL234,35505,6,0.3,6.0,46,48,2,25,23,2,24,22,0.9458758992,0.9823962667218068
fifth_synthetic,CHEMBL234,35505,7,0.2,4.0,49,48,-1,22,20,2,21,22,0.9431751286363635,0.9809427113636363
fifth_synthetic,CHEMBL234,35505,7,0.2,6.0,47,48,1,24,22,2,23,22,0.9450333283333334,0.9817542730350493
fifth_synthetic,CHEMBL234,35505,7,0.3,4.0,48,48,0,23,21,2,22,22,0.9441328404347825,0.9809811951239406
fifth_synthetic,CHEMBL234,35505,7,0.3,6.0,46,48,2,25,23,2,24,22,0.9458758992,0.9823962667218068
fifth_synthetic,CHEMBL234,35505,8,0.2,4.0,49,48,-1,22,20,2,21,22,0.9431751286363635,0.9809427113636363
fifth_synthetic,CHEMBL234,35505,8,0.2,6.0,47,48,1,24,22,2,23,22,0.9450333283333334,0.9814173068378484
fifth_synthetic,CHEMBL234,35505,8,0.3,4.0,49,48,-1,22,20,2,21,22,0.9431751286363635,0.9809427113636363
fifth_synthetic,CHEMBL234,35505,8,0.3,6.0,46,48,2,25,23,2,24,22,0.9458758992,0.9813841872196117
fifth_synthetic,CHEMBL234,35505,9,0.2,4.0,49,48,-1,22,20,2,21,22,0.9431751286363635,0.9809427113636363
fifth_synthetic,CHEMBL234,35505,9,0.2,6.0,47,48,1,24,22,2,23,22,0.9450333283333334,0.981320756467917
fifth_synthetic,CHEMBL234,35505,9,0.3,4.0,48,48,0,23,21,2,22,22,0.9441328404347825,0.9809811951239406
fifth_synthetic,CHEMBL234,35505,9,0.3,6.0,46,48,2,25,23,2,24,22,0.9458758992,0.9824164388424363
fifth_synthetic,CHEMBL236,35505,0,0.2,4.0,47,50,3,28,25,3,28,25,0.9271615746428573,0.987377630561568
fifth_synthetic,CHEMBL236,35505,0,0.2,6.0,46,50,4,28,25,3,28,24,0.9271615746428573,0.9891505574605074
fifth_synthetic,CHEMBL236,35505,0,0.3,4.0,47,50,3,28,25,3,28,25,0.9271615746428573,0.987377630561568
fifth_synthetic,CHEMBL236,35505,0,0.3,6.0,45,50,5,29,26,3,29,24,0.9287196548275862,0.9885585391376416
fifth_synthetic,CHEMBL236,35505,1,0.2,4.0,49,50,1,27,24,3,27,26,0.9258986425925926,0.9859007845164997
fifth_synthetic,CHEMBL236,35505,1,0.2,6.0,46,49,3,27,24,3,27,24,0.9265052959259258,0.9874212619466243
fifth_synthetic,CHEMBL236,35505,1,0.3,4.0,46,50,4,28,25,3,28,24,0.9271615746428573,0.9879451378113095
fifth_synthetic,CHEMBL236,35505,1,0.3,6.0,45,50,5,28,25,3,28,23,0.9271615746428573,0.9890363751534463
fifth_synthetic,CHEMBL236,35505,2,0.2,4.0,48,49,1,28,25,3,27,26,0.9271794238574863,0.985149390229409
fifth_synthetic,CHEMBL236,35505,2,0.2,6.0,47,50,3,28,25,3,28,25,0.9271615746428573,0.9873335558242495
fifth_synthetic,CHEMBL236,35505,2,0.3,4.0,47,50,3,28,25,3,28,25,0.9271615746428573,0.9864816318793859
fifth_synthetic,CHEMBL236,35505,2,0.3,6.0,45,49,4,28,25,3,27,23,0.9281218859875884,0.9889816050347674
fifth_synthetic,CHEMBL236,35505,3,0.2,4.0,48,49,1,28,25,3,27,26,0.9271794238574863,0.986941704546429
fifth_synthetic,CHEMBL236,35505,3,0.2,6.0,46,50,4,28,25,3,28,24,0.9271615746428573,0.9885410078102487
fifth_synthetic,CHEMBL236,35505,3,0.3,4.0,47,50,3,28,25,3,28,25,0.9271615746428573,0.9870891717325601
fifth_synthetic,CHEMBL236,35505,3,0.3,6.0,44,50,6,29,26,3,29,23,0.9287196548275862,0.9890654793308791
fifth_synthetic,CHEMBL236,35505,4,0.2,4.0,47,50,3,28,25,3,28,25,0.9271615746428573,0.9874985334769028
fifth_synthetic,CHEMBL236,35505,4,0.2,6.0,46,50,4,28,25,3,28,24,0.9271615746428573,0.9885831948649998
fifth_synthetic,CHEMBL236,35505,4,0.3,4.0,47,50,3,28,25,3,28,25,0.9271615746428573,0.9870891717325601
fifth_synthetic,CHEMBL236,35505,4,0.3,6.0,44,50,6,29,26,3,29,23,0.9287196548275862,0.9888824125664266
fifth_synthetic,CHEMBL236,35505,5,0.2,4.0,48,50,2,28,25,3,28,26,0.9271615746428573,0.9859927650996684
fifth_synthetic,CHEMBL236,35505,5,0.2,6.0,46,50,4,28,25,3,28,24,0.9271615746428573,0.9881041876628854
fifth_synthetic,CHEMBL236,35505,5,0.3,4.0,47,50,3,28,25,3,28,25,0.9271615746428573,0.9876582505631778
fifth_synthetic,CHEMBL236,35505,5,0.3,6.0,45,50,5,29,26,3,29,24,0.9287196548275862,0.9893129836793194
fifth_synthetic,CHEMBL236,35505,6,0.2,4.0,49,49,0,28,25,3,27,27,0.9271794238574863,0.9854974535525416
fifth_synthetic,CHEMBL236,35505,6,0.2,6.0,46,50,4,28,25,3,28,24,0.9271615746428573,0.9886234720436899
fifth_synthetic,CHEMBL236,35505,6,0.3,4.0,47,50,3,28,25,3,28,25,0.9271615746428573,0.9867665622063516
fifth_synthetic,CHEMBL236,35505,6,0.3,6.0,46,50,4,28,25,3,28,24,0.9271615746428573,0.9884826591034412
fifth_synthetic,CHEMBL236,35505,7,0.2,4.0,49,49,0,27,24,3,26,26,0.925917152889245,0.9859007845164997
fifth_synthetic,CHEMBL236,35505,7,0.2,6.0,46,50,4,28,25,3,28,24,0.9271615746428573,0.9875689108389756
fifth_synthetic,CHEMBL236,35505,7,0.3,4.0,46,50,4,28,25,3,28,24,0.9271615746428573,0.9885169091101405
fifth_synthetic,CHEMBL236,35505,7,0.3,6.0,44,50,6,29,26,3,29,23,0.9287196548275862,0.9901202268599364
fifth_synthetic,CHEMBL236,35505,8,0.2,4.0,48,49,1,28,25,3,27,26,0.9271794238574863,0.9863265182235087
fifth_synthetic,CHEMBL236,35505,8,0.2,6.0,46,50,4,28,25,3,28,24,0.9271615746428573,0.9876516856335081
fifth_synthetic,CHEMBL236,35505,8,0.3,4.0,46,50,4,28,25,3,28,24,0.9271615746428573,0.9880822638151585
fifth_synthetic,CHEMBL236,35505,8,0.3,6.0,44,50,6,29,26,3,29,23,0.9287196548275862,0.9896953629142379
fifth_synthetic,CHEMBL236,35505,9,0.2,4.0,50,50,0,27,24,3,27,27,0.9258986425925926,0.9854655370370371
fifth_synthetic,CHEMBL236,35505,9,0.2,6.0,47,50,3,28,25,3,28,25,0.9271615746428573,0.9862270052244757
fifth_synthetic,CHEMBL236,35505,9,0.3,4.0,46,50,4,28,25,3,28,24,0.9271615746428573,0.9880362003547997
fifth_synthetic,CHEMBL236,35505,9,0.3,6.0,45,49,4,28,25,3,27,23,0.9281218859875884,0.9890916975133349
fifth_synthetic,CHEMBL238,35505,0,0.2,4.0,41,42,1,19,7,12,12,11,0.8532824224391299,0.9545961763600171
fifth_synthetic,CHEMBL238,35505,0,0.2,6.0,41,44,3,19,8,11,14,11,0.8390975136391275,0.9729314101307305
fifth_synthetic,CHEMBL238,35505,0,0.3,4.0,40,45,5,19,10,9,15,10,0.8282801885008301,0.9627847836798482
fifth_synthetic,CHEMBL238,35505,0,0.3,6.0,38,44,6,21,10,11,16,10,0.8011623300686614,0.9747460235980664
fifth_synthetic,CHEMBL238,35505,1,0.2,4.0,43,45,2,18,8,10,14,12,0.8543743371099971,0.9546849322640928
fifth_synthetic,CHEMBL238,35505,1,0.2,6.0,42,46,4,19,9,10,16,12,0.8597991073684211,0.966306708572714
fifth_synthetic,CHEMBL238,35505,1,0.3,4.0,42,44,2,18,8,10,13,11,0.8236850456731205,0.9631296121443871
fifth_synthetic,CHEMBL238,35505,1,0.3,6.0,40,43,3,20,8,12,14,11,0.8064609607468762,0.9744554536774708
fifth_synthetic,CHEMBL238,35505,2,0.2,4.0,43,43,0,19,8,11,13,13,0.8519124083333669,0.9538499413899516
fifth_synthetic,CHEMBL238,35505,2,0.2,6.0,41,43,2,20,9,11,15,13,0.8728941059549378,0.9668534459061512
fifth_synthetic,CHEMBL238,35505,2,0.3,4.0,41,42,1,18,8,10,12,11,0.8326389885665413,0.9556797670847055
fifth_synthetic,CHEMBL238,35505,2,0.3,6.0,39,43,4,20,8,12,15,11,0.782100337215377,0.9742223485714101
fifth_synthetic,CHEMBL238,35505,3,0.2,4.0,44,45,1,18,8,10,14,13,0.8340647400000001,0.9612116361377829
fifth_synthetic,CHEMBL238,35505,3,0.2,6.0,42,45,3,20,9,11,16,13,0.8005642765000001,0.9674788528046774
fifth_synthetic,CHEMBL238,35505,3,0.3,4.0,42,42,0,19,7,12,13,13,0.8480928616851444,0.9573574035895341
fifth_synthetic,CHEMBL238,35505,3,0.3,6.0,39,42,3,22,8,14,16,13,0.8242458910772296,0.9720997585456751
fifth_synthetic,CHEMBL238,35505,4,0.2,4.0,43,45,2,17,8,9,13,11,0.8541338008257529,0.9663083775625556
fifth_synthetic,CHEMBL238,35505,4,0.2,6.0,42,45,3,17,7,10,13,10,0.8267119902533847,0.9758424633519541
fifth_synthetic,CHEMBL238,35505,4,0.3,4.0,41,44,3,20,9,11,15,12,0.8410978143989973,0.9624224728903059
fifth_synthetic,CHEMBL238,35505,4,0.3,6.0,40,43,3,21,7,14,15,12,0.7928515233000776,0.9758068220305977
fifth_synthetic,CHEMBL238,35505,5,0.2,4.0,43,44,1,18,8,10,13,12,0.8533617509988859,0.9562910179911955
fifth_synthetic,CHEMBL238,35505,5,0.2,6.0,42,43,1,19,8,11,13,12,0.8175465730023405,0.9685122953682853
fifth_synthetic,CHEMBL238,35505,5,0.3,4.0,39,45,6,19,9,10,15,9,0.8306661657033432,0.9624725980075667
fifth_synthetic,CHEMBL238,35505,5,0.3,6.0,39,45,6,19,7,12,15,9,0.7850532024762302,0.9799965789384839
fifth_synthetic,CHEMBL238,35505,6,0.2,4.0,44,44,0,16,7,9,12,12,0.8514158075,0.9621628083453575
fifth_synthetic,CHEMBL238,35505,6,0.2,6.0,42,43,1,19,6,13,13,12,0.7984002579658952,0.9686850064626228
fifth_synthetic,CHEMBL238,35505,6,0.3,4.0,41,44,3,18,8,10,13,10,0.8487057712286761,0.9536376213555321
fifth_synthetic,CHEMBL238,35505,6,0.3,6.0,38,43,5,21,7,14,15,10,0.8163764511853742,0.9699291638300144
fifth_synthetic,CHEMBL238,35505,7,0.2,4.0,42,44,2,18,8,10,14,12,0.8604120950247274,0.9578398093144309
fifth_synthetic,CHEMBL238,35505,7,0.2,6.0,41,46,5,19,9,10,17,12,0.8206348205263158,0.9684580704691347
fifth_synthetic,CHEMBL238,35505,7,0.3,4.0,40,44,4,20,11,9,15,11,0.8518090944087012,0.9562260283049518
fifth_synthetic,CHEMBL238,35505,7,0.3,6.0,39,43,4,21,11,10,15,11,0.8210033494151961,0.9722591694759518
fifth_synthetic,CHEMBL238,35505,8,0.2,4.0,44,43,-1,18,7,11,12,13,0.8545940729004022,0.9517248375184892
fifth_synthetic,CHEMBL238,35505,8,0.2,6.0,43,43,0,19,8,11,13,13,0.8158749611261409,0.9654498748450389
fifth_synthetic,CHEMBL238,35505,8,0.3,4.0,41,44,3,19,9,10,14,11,0.8508729553745353,0.9528923064832197
fifth_synthetic,CHEMBL238,35505,8,0.3,6.0,39,43,4,21,9,12,15,11,0.8336993076469197,0.9679527325091748
fifth_synthetic,CHEMBL238,35505,9,0.2,4.0,44,45,1,17,6,11,13,12,0.8316871931844839,0.9596683735105627
fifth_synthetic,CHEMBL238,35505,9,0.2,6.0,42,44,2,18,3,15,13,11,0.7863494079670166,0.9723769934285015
fifth_synthetic,CHEMBL238,35505,9,0.3,4.0,40,45,5,20,10,10,16,11,0.8561315560177013,0.9587696478531488
fifth_synthetic,CHEMBL238,35505,9,0.3,6.0,38,44,6,21,7,14,17,11,0.8266197679525575,0.9725880297406501
fifth_synthetic,CHEMBL239,35505,0,0.2,4.0,29,31,2,20,5,15,11,9,0.6903340511179568,0.8578340969973921
fifth_synthetic,CHEMBL239,35505,0,0.2,6.0,29,34,5,17,6,11,12,7,0.6374848971564819,0.9076827104800903
fifth_synthetic,CHEMBL239,35505,0,0.3,4.0,28,33,5,20,5,15,13,8,0.6913547631131991,0.8704098063075246
fifth_synthetic,CHEMBL239,35505,0,0.3,6.0,28,37,9,17,7,10,15,6,0.6384859142153054,0.9280324193103421
fifth_synthetic,CHEMBL239,35505,1,0.2,4.0,30,30,0,21,5,16,10,10,0.7429708695865884,0.8478199606353908
fifth_synthetic,CHEMBL239,35505,1,0.2,6.0,30,36,6,18,9,9,14,8,0.6348474905555554,0.8932730944468654
fifth_synthetic,CHEMBL239,35505,1,0.3,4.0,29,31,2,22,7,15,12,10,0.6550506594252297,0.8411700129089277
fifth_synthetic,CHEMBL239,35505,1,0.3,6.0,29,34,5,19,7,12,12,7,0.6315458873478592,0.9222257077678362
fifth_synthetic,CHEMBL239,35505,2,0.2,4.0,29,32,3,18,4,14,10,7,0.6811297511644874,0.8805911033327027
fifth_synthetic,CHEMBL239,35505,2,0.2,6.0,29,35,6,16,6,10,12,6,0.6149680656250001,0.915829328268641
fifth_synthetic,CHEMBL239,35505,2,0.3,4.0,28,31,3,22,6,16,12,9,0.6907111434897808,0.850043610468257
fifth_synthetic,CHEMBL239,35505,2,0.3,6.0,28,35,7,18,7,11,13,6,0.640052001203344,0.9287767849279073
fifth_synthetic,CHEMBL239,35505,3,0.2,4.0,30,32,2,17,3,14,10,8,0.6953938311011533,0.8903002669697284
fifth_synthetic,CHEMBL239,35505,3,0.2,6.0,30,36,6,16,6,10,13,7,0.633270845728762,0.9130365544844888
fifth_synthetic,CHEMBL239,35505,3,0.3,4.0,27,32,5,22,6,16,13,8,0.6593647212390962,0.8495877868258851
fifth_synthetic,CHEMBL239,35505,3,0.3,6.0,27,34,7,19,6,13,13,6,0.6416272165225493,0.9137290175940395
fifth_synthetic,CHEMBL239,35505,4,0.2,4.0,30,31,1,16,4,12,10,9,0.7004982220005026,0.8639849043656822
fifth_synthetic,CHEMBL239,35505,4,0.2,6.0,30,34,4,17,6,11,12,8,0.6937567759927983,0.8924868847222084
fifth_synthetic,CHEMBL239,35505,4,0.3,4.0,29,30,1,22,6,16,11,10,0.6821241881967863,0.8511722511387465
fifth_synthetic,CHEMBL239,35505,4,0.3,6.0,29,34,5,20,9,11,12,7,0.6345881290830097,0.9196092856949919
fifth_synthetic,CHEMBL239,35505,5,0.2,4.0,30,31,1,18,5,13,10,9,0.71887456916154,0.8781086253529189
fifth_synthetic,CHEMBL239,35505,5,0.2,6.0,30,36,6,17,9,8,14,8,0.6218305305882352,0.8976763541248504
fifth_synthetic,CHEMBL239,35505,5,0.3,4.0,30,29,-1,23,6,17,10,11,0.7086983190261555,0.8490226641910682
fifth_synthetic,CHEMBL239,35505,5,0.3,6.0,30,33,3,21,10,11,11,8,0.664904936648063,0.9038208799433531
fifth_synthetic,CHEMBL239,35505,6,0.2,4.0,30,32,2,17,5,12,11,9,0.641922172309307,0.8667951311451157
fifth_synthetic,CHEMBL239,35505,6,0.2,6.0,30,35,5,17,7,10,13,8,0.6197984559800113,0.8964954428334417
fifth_synthetic,CHEMBL239,35505,6,0.3,4.0,30,30,0,23,6,17,11,11,0.7347439276315554,0.8480353571556241
fifth_synthetic,CHEMBL239,35505,6,0.3,6.0,30,36,6,20,10,10,14,8,0.6543516185830096,0.9078534891853295
fifth_synthetic,CHEMBL239,35505,7,0.2,4.0,29,31,2,19,5,14,11,9,0.6854051642790089,0.8547776127547086
fifth_synthetic,CHEMBL239,35505,7,0.2,6.0,29,35,6,17,7,10,13,7,0.6148405323529412,0.9076110597108429
fifth_synthetic,CHEMBL239,35505,7,0.3,4.0,28,31,3,20,5,15,11,8,0.6993084444383056,0.8772104137086354
fifth_synthetic,CHEMBL239,35505,7,0.3,6.0,28,36,8,18,8,10,14,6,0.6310648923144551,0.9330942078917784
fifth_synthetic,CHEMBL239,35505,8,0.2,4.0,30,30,0,21,6,15,10,10,0.7092045635978615,0.8311933823410613
fifth_synthetic,CHEMBL239,35505,8,0.2,6.0,30,34,4,18,8,10,12,8,0.650722011203344,0.892806185311502
fifth_synthetic,CHEMBL239,35505,8,0.3,4.0,28,30,2,22,6,16,11,9,0.686167659498527,0.8456286557693953
fifth_synthetic,CHEMBL239,35505,8,0.3,6.0,28,33,5,19,7,12,11,6,0.6610183570488651,0.925280685116514
fifth_synthetic,CHEMBL239,35505,9,0.2,4.0,30,32,2,16,3,13,10,8,0.6907235774562175,0.8836351875281672
fifth_synthetic,CHEMBL239,35505,9,0.2,6.0,30,36,6,16,6,10,13,7,0.633270845728762,0.9122300075309004
fifth_synthetic,CHEMBL239,35505,9,0.3,4.0,30,30,0,23,7,16,11,11,0.7176820986178363,0.8446618296823023
fifth_synthetic,CHEMBL239,35505,9,0.3,6.0,30,36,6,20,11,9,14,8,0.630798987,0.9072540193863642
