target,scorer_seed,regime,rep,fraction,boost,mechanism,budget,method,hits,selected,scaffolds
CHEMBL222,35501,original,0,0.2,4.0,inactive_logit,20,full,20,20,20
CHEMBL222,35501,original,0,0.2,4.0,inactive_logit,20,score_cap1,16,20,20
CHEMBL222,35501,original,0,0.2,4.0,inactive_logit,40,full,38,40,40
CHEMBL222,35501,original,0,0.2,4.0,inactive_logit,40,score_cap1,36,40,40
CHEMBL222,35501,original,0,0.2,4.0,inactive_logit,50,score_only,46,50,50
CHEMBL222,35501,original,0,0.2,4.0,inactive_logit,50,plus_group_stats,46,50,50
CHEMBL222,35501,original,0,0.2,4.0,inactive_logit,50,plus_group_evidence,47,50,50
CHEMBL222,35501,original,0,0.2,4.0,inactive_logit,50,full,46,50,50
CHEMBL222,35501,original,0,0.2,4.0,inactive_logit,50,score_cap1,44,50,50
CHEMBL222,35501,original,0,0.2,4.0,inactive_logit,75,full,64,75,75
CHEMBL222,35501,original,0,0.2,4.0,inactive_logit,75,score_cap1,64,75,75
CHEMBL222,35501,original,0,0.2,6.0,inactive_logit,20,full,20,20,20
CHEMBL222,35501,original,0,0.2,6.0,inactive_logit,20,score_cap1,16,20,20
CHEMBL222,35501,original,0,0.2,6.0,inactive_logit,40,full,38,40,40
CHEMBL222,35501,original,0,0.2,6.0,inactive_logit,40,score_cap1,36,40,40
CHEMBL222,35501,original,0,0.2,6.0,inactive_logit,50,score_only,47,50,50
CHEMBL222,35501,original,0,0.2,6.0,inactive_logit,50,plus_group_stats,48,50,50
CHEMBL222,35501,original,0,0.2,6.0,inactive_logit,50,plus_group_evidence,48,50,50
CHEMBL222,35501,original,0,0.2,6.0,inactive_logit,50,full,48,50,50
CHEMBL222,35501,original,0,0.2,6.0,inactive_logit,50,score_cap1,44,50,50
CHEMBL222,35501,original,0,0.2,6.0,inactive_logit,75,full,65,75,75
CHEMBL222,35501,original,0,0.2,6.0,inactive_logit,75,score_cap1,64,75,75
CHEMBL222,35501,original,0,0.3,4.0,inactive_logit,20,full,19,20,20
CHEMBL222,35501,original,0,0.3,4.0,inactive_logit,20,score_cap1,17,20,20
CHEMBL222,35501,original,0,0.3,4.0,inactive_logit,40,full,36,40,40
CHEMBL222,35501,original,0,0.3,4.0,inactive_logit,40,score_cap1,35,40,40
CHEMBL222,35501,original,0,0.3,4.0,inactive_logit,50,score_only,42,50,50
CHEMBL222,35501,original,0,0.3,4.0,inactive_logit,50,plus_group_stats,45,50,50
CHEMBL222,35501,original,0,0.3,4.0,inactive_logit,50,plus_group_evidence,45,50,50
CHEMBL222,35501,original,0,0.3,4.0,inactive_logit,50,full,45,50,50
CHEMBL222,35501,original,0,0.3,4.0,inactive_logit,50,score_cap1,44,50,50
CHEMBL222,35501,original,0,0.3,4.0,inactive_logit,75,full,64,75,75
CHEMBL222,35501,original,0,0.3,4.0,inactive_logit,75,score_cap1,61,75,75
CHEMBL222,35501,original,0,0.3,6.0,inactive_logit,20,full,20,20,20
CHEMBL222,35501,original,0,0.3,6.0,inactive_logit,20,score_cap1,15,20,20
CHEMBL222,35501,original,0,0.3,6.0,inactive_logit,40,full,37,40,40
CHEMBL222,35501,original,0,0.3,6.0,inactive_logit,40,score_cap1,34,40,40
CHEMBL222,35501,original,0,0.3,6.0,inactive_logit,50,score_only,47,50,50
CHEMBL222,35501,original,0,0.3,6.0,inactive_logit,50,plus_group_stats,46,50,50
CHEMBL222,35501,original,0,0.3,6.0,inactive_logit,50,plus_group_evidence,46,50,50
CHEMBL222,35501,original,0,0.3,6.0,inactive_logit,50,full,46,50,50
CHEMBL222,35501,original,0,0.3,6.0,inactive_logit,50,score_cap1,44,50,50
CHEMBL222,35501,original,0,0.3,6.0,inactive_logit,75,full,64,75,75
CHEMBL222,35501,original,0,0.3,6.0,inactive_logit,75,score_cap1,61,75,75
CHEMBL222,35501,unseen,0,,,logit_b5,50,full,46,50,50
CHEMBL222,35501,unseen,0,,,logit_b5,50,score_only,47,50,50
CHEMBL222,35501,unseen,0,,,logit_b5,50,score_cap1,45,50,50
CHEMBL222,35501,unseen,0,,,logit_b7,50,full,47,50,50
CHEMBL222,35501,unseen,0,,,logit_b7,50,score_only,48,50,50
CHEMBL222,35501,unseen,0,,,logit_b7,50,score_cap1,44,50,50
CHEMBL222,35501,unseen,0,,,additive_inactive,50,full,47,50,50
CHEMBL222,35501,unseen,0,,,additive_inactive,50,score_only,46,50,50
CHEMBL222,35501,unseen,0,,,additive_inactive,50,score_cap1,47,50,50
CHEMBL222,35501,unseen,0,,,blockwide_logit,50,full,44,50,50
CHEMBL222,35501,unseen,0,,,blockwide_logit,50,score_only,43,50,50
CHEMBL222,35501,unseen,0,,,blockwide_logit,50,score_cap1,46,50,50
CHEMBL222,35501,unseen,0,,,heterogeneous_inactive,50,full,46,50,50
CHEMBL222,35501,unseen,0,,,heterogeneous_inactive,50,score_only,45,50,50
CHEMBL222,35501,unseen,0,,,heterogeneous_inactive,50,score_cap1,44,50,50
CHEMBL222,35501,original,1,0.2,4.0,inactive_logit,20,full,20,20,20
CHEMBL222,35501,original,1,0.2,4.0,inactive_logit,20,score_cap1,18,20,20
CHEMBL222,35501,original,1,0.2,4.0,inactive_logit,40,full,36,40,40
CHEMBL222,35501,original,1,0.2,4.0,inactive_logit,40,score_cap1,36,40,40
CHEMBL222,35501,original,1,0.2,4.0,inactive_logit,50,score_only,44,50,50
CHEMBL222,35501,original,1,0.2,4.0,inactive_logit,50,plus_group_stats,46,50,50
CHEMBL222,35501,original,1,0.2,4.0,inactive_logit,50,plus_group_evidence,46,50,50
CHEMBL222,35501,original,1,0.2,4.0,inactive_logit,50,full,46,50,50
CHEMBL222,35501,original,1,0.2,4.0,inactive_logit,50,score_cap1,44,50,50
CHEMBL222,35501,original,1,0.2,4.0,inactive_logit,75,full,65,75,75
CHEMBL222,35501,original,1,0.2,4.0,inactive_logit,75,score_cap1,62,75,75
CHEMBL222,35501,original,1,0.2,6.0,inactive_logit,20,full,20,20,20
CHEMBL222,35501,original,1,0.2,6.0,inactive_logit,20,score_cap1,16,20,20
CHEMBL222,35501,original,1,0.2,6.0,inactive_logit,40,full,38,40,40
CHEMBL222,35501,original,1,0.2,6.0,inactive_logit,40,score_cap1,36,40,40
CHEMBL222,35501,original,1,0.2,6.0,inactive_logit,50,score_only,46,50,50
CHEMBL222,35501,original,1,0.2,6.0,inactive_logit,50,plus_group_stats,47,50,50
CHEMBL222,35501,original,1,0.2,6.0,inactive_logit,50,plus_group_evidence,47,50,50
CHEMBL222,35501,original,1,0.2,6.0,inactive_logit,50,full,48,50,50
CHEMBL222,35501,original,1,0.2,6.0,inactive_logit,50,score_cap1,44,50,50
CHEMBL222,35501,original,1,0.2,6.0,inactive_logit,75,full,65,75,75
CHEMBL222,35501,original,1,0.2,6.0,inactive_logit,75,score_cap1,62,75,75
CHEMBL222,35501,original,1,0.3,4.0,inactive_logit,20,full,20,20,20
CHEMBL222,35501,original,1,0.3,4.0,inactive_logit,20,score_cap1,19,20,20
CHEMBL222,35501,original,1,0.3,4.0,inactive_logit,40,full,37,40,40
CHEMBL222,35501,original,1,0.3,4.0,inactive_logit,40,score_cap1,36,40,40
CHEMBL222,35501,original,1,0.3,4.0,inactive_logit,50,score_only,44,50,50
CHEMBL222,35501,original,1,0.3,4.0,inactive_logit,50,plus_group_stats,46,50,50
CHEMBL222,35501,original,1,0.3,4.0,inactive_logit,50,plus_group_evidence,46,50,50
CHEMBL222,35501,original,1,0.3,4.0,inactive_logit,50,full,46,50,50
CHEMBL222,35501,original,1,0.3,4.0,inactive_logit,50,score_cap1,44,50,50
CHEMBL222,35501,original,1,0.3,4.0,inactive_logit,75,full,64,75,75
CHEMBL222,35501,original,1,0.3,4.0,inactive_logit,75,score_cap1,61,75,75
CHEMBL222,35501,original,1,0.3,6.0,inactive_logit,20,full,20,20,20
CHEMBL222,35501,original,1,0.3,6.0,inactive_logit,20,score_cap1,15,20,20
CHEMBL222,35501,original,1,0.3,6.0,inactive_logit,40,full,36,40,40
CHEMBL222,35501,original,1,0.3,6.0,inactive_logit,40,score_cap1,34,40,40
CHEMBL222,35501,original,1,0.3,6.0,inactive_logit,50,score_only,45,50,50
CHEMBL222,35501,original,1,0.3,6.0,inactive_logit,50,plus_group_stats,45,50,50
CHEMBL222,35501,original,1,0.3,6.0,inactive_logit,50,plus_group_evidence,45,50,50
CHEMBL222,35501,original,1,0.3,6.0,inactive_logit,50,full,45,50,50
CHEMBL222,35501,original,1,0.3,6.0,inactive_logit,50,score_cap1,44,50,50
CHEMBL222,35501,original,1,0.3,6.0,inactive_logit,75,full,65,75,75
CHEMBL222,35501,original,1,0.3,6.0,inactive_logit,75,score_cap1,61,75,75
CHEMBL222,35501,unseen,1,,,logit_b5,50,full,46,50,50
CHEMBL222,35501,unseen,1,,,logit_b5,50,score_only,47,50,50
CHEMBL222,35501,unseen,1,,,logit_b5,50,score_cap1,45,50,50
CHEMBL222,35501,unseen,1,,,logit_b7,50,full,47,50,50
CHEMBL222,35501,unseen,1,,,logit_b7,50,score_only,47,50,50
CHEMBL222,35501,unseen,1,,,logit_b7,50,score_cap1,44,50,50
CHEMBL222,35501,unseen,1,,,additive_inactive,50,full,47,50,50
CHEMBL222,35501,unseen,1,,,additive_inactive,50,score_only,47,50,50
CHEMBL222,35501,unseen,1,,,additive_inactive,50,score_cap1,47,50,50
CHEMBL222,35501,unseen,1,,,blockwide_logit,50,full,43,50,50
CHEMBL222,35501,unseen,1,,,blockwide_logit,50,score_only,45,50,50
CHEMBL222,35501,unseen,1,,,blockwide_logit,50,score_cap1,47,50,50
CHEMBL222,35501,unseen,1,,,heterogeneous_inactive,50,full,46,50,50
CHEMBL222,35501,unseen,1,,,heterogeneous_inactive,50,score_only,46,50,50
CHEMBL222,35501,unseen,1,,,heterogeneous_inactive,50,score_cap1,45,50,50
CHEMBL222,35501,original,2,0.2,4.0,inactive_logit,20,full,19,20,20
CHEMBL222,35501,original,2,0.2,4.0,inactive_logit,20,score_cap1,17,20,20
CHEMBL222,35501,original,2,0.2,4.0,inactive_logit,40,full,36,40,40
CHEMBL222,35501,original,2,0.2,4.0,inactive_logit,40,score_cap1,36,40,40
CHEMBL222,35501,original,2,0.2,4.0,inactive_logit,50,score_only,44,50,50
CHEMBL222,35501,original,2,0.2,4.0,inactive_logit,50,plus_group_stats,45,50,50
CHEMBL222,35501,original,2,0.2,4.0,inactive_logit,50,plus_group_evidence,45,50,50
CHEMBL222,35501,original,2,0.2,4.0,inactive_logit,50,full,45,50,50
CHEMBL222,35501,original,2,0.2,4.0,inactive_logit,50,score_cap1,44,50,50
CHEMBL222,35501,original,2,0.2,4.0,inactive_logit,75,full,64,75,75
CHEMBL222,35501,original,2,0.2,4.0,inactive_logit,75,score_cap1,62,75,75
CHEMBL222,35501,original,2,0.2,6.0,inactive_logit,20,full,20,20,20
CHEMBL222,35501,original,2,0.2,6.0,inactive_logit,20,score_cap1,16,20,20
CHEMBL222,35501,original,2,0.2,6.0,inactive_logit,40,full,38,40,40
CHEMBL222,35501,original,2,0.2,6.0,inactive_logit,40,score_cap1,36,40,40
CHEMBL222,35501,original,2,0.2,6.0,inactive_logit,50,score_only,47,50,50
CHEMBL222,35501,original,2,0.2,6.0,inactive_logit,50,plus_group_stats,47,50,50
CHEMBL222,35501,original,2,0.2,6.0,inactive_logit,50,plus_group_evidence,47,50,50
CHEMBL222,35501,original,2,0.2,6.0,inactive_logit,50,full,47,50,50
CHEMBL222,35501,original,2,0.2,6.0,inactive_logit,50,score_cap1,44,50,50
CHEMBL222,35501,original,2,0.2,6.0,inactive_logit,75,full,64,75,75
CHEMBL222,35501,original,2,0.2,6.0,inactive_logit,75,score_cap1,62,75,75
CHEMBL222,35501,original,2,0.3,4.0,inactive_logit,20,full,19,20,20
CHEMBL222,35501,original,2,0.3,4.0,inactive_logit,20,score_cap1,16,20,20
CHEMBL222,35501,original,2,0.3,4.0,inactive_logit,40,full,36,40,40
CHEMBL222,35501,original,2,0.3,4.0,inactive_logit,40,score_cap1,35,40,40
CHEMBL222,35501,original,2,0.3,4.0,inactive_logit,50,score_only,44,50,50
CHEMBL222,35501,original,2,0.3,4.0,inactive_logit,50,plus_group_stats,46,50,50
CHEMBL222,35501,original,2,0.3,4.0,inactive_logit,50,plus_group_evidence,46,50,50
CHEMBL222,35501,original,2,0.3,4.0,inactive_logit,50,full,46,50,50
CHEMBL222,35501,original,2,0.3,4.0,inactive_logit,50,score_cap1,43,50,50
CHEMBL222,35501,original,2,0.3,4.0,inactive_logit,75,full,65,75,75
CHEMBL222,35501,original,2,0.3,4.0,inactive_logit,75,score_cap1,61,75,75
CHEMBL222,35501,original,2,0.3,6.0,inactive_logit,20,full,20,20,20
CHEMBL222,35501,original,2,0.3,6.0,inactive_logit,20,score_cap1,15,20,20
CHEMBL222,35501,original,2,0.3,6.0,inactive_logit,40,full,38,40,40
CHEMBL222,35501,original,2,0.3,6.0,inactive_logit,40,score_cap1,34,40,40
CHEMBL222,35501,original,2,0.3,6.0,inactive_logit,50,score_only,46,50,50
CHEMBL222,35501,original,2,0.3,6.0,inactive_logit,50,plus_group_stats,48,50,50
CHEMBL222,35501,original,2,0.3,6.0,inactive_logit,50,plus_group_evidence,48,50,50
CHEMBL222,35501,original,2,0.3,6.0,inactive_logit,50,full,48,50,50
CHEMBL222,35501,original,2,0.3,6.0,inactive_logit,50,score_cap1,43,50,50
CHEMBL222,35501,original,2,0.3,6.0,inactive_logit,75,full,66,75,75
CHEMBL222,35501,original,2,0.3,6.0,inactive_logit,75,score_cap1,61,75,75
CHEMBL222,35501,unseen,2,,,logit_b5,50,full,46,50,50
CHEMBL222,35501,unseen,2,,,logit_b5,50,score_only,44,50,50
CHEMBL222,35501,unseen,2,,,logit_b5,50,score_cap1,45,50,50
CHEMBL222,35501,unseen,2,,,logit_b7,50,full,48,50,50
CHEMBL222,35501,unseen,2,,,logit_b7,50,score_only,48,50,50
CHEMBL222,35501,unseen,2,,,logit_b7,50,score_cap1,44,50,50
CHEMBL222,35501,unseen,2,,,additive_inactive,50,full,47,50,50
CHEMBL222,35501,unseen,2,,,additive_inactive,50,score_only,47,50,50
CHEMBL222,35501,unseen,2,,,additive_inactive,50,score_cap1,48,50,50
CHEMBL222,35501,unseen,2,,,blockwide_logit,50,full,44,50,50
CHEMBL222,35501,unseen,2,,,blockwide_logit,50,score_only,42,50,50
CHEMBL222,35501,unseen,2,,,blockwide_logit,50,score_cap1,47,50,50
CHEMBL222,35501,unseen,2,,,heterogeneous_inactive,50,full,45,50,50
CHEMBL222,35501,unseen,2,,,heterogeneous_inactive,50,score_only,43,50,50
CHEMBL222,35501,unseen,2,,,heterogeneous_inactive,50,score_cap1,44,50,50
CHEMBL222,35501,original,3,0.2,4.0,inactive_logit,20,full,20,20,20
CHEMBL222,35501,original,3,0.2,4.0,inactive_logit,20,score_cap1,19,20,20
CHEMBL222,35501,original,3,0.2,4.0,inactive_logit,40,full,38,40,40
CHEMBL222,35501,original,3,0.2,4.0,inactive_logit,40,score_cap1,37,40,40
CHEMBL222,35501,original,3,0.2,4.0,inactive_logit,50,score_only,45,50,50
CHEMBL222,35501,original,3,0.2,4.0,inactive_logit,50,plus_group_stats,48,50,50
CHEMBL222,35501,original,3,0.2,4.0,inactive_logit,50,plus_group_evidence,47,50,50
CHEMBL222,35501,original,3,0.2,4.0,inactive_logit,50,full,48,50,50
CHEMBL222,35501,original,3,0.2,4.0,inactive_logit,50,score_cap1,45,50,50
CHEMBL222,35501,original,3,0.2,4.0,inactive_logit,75,full,65,75,75
CHEMBL222,35501,original,3,0.2,4.0,inactive_logit,75,score_cap1,62,75,75
CHEMBL222,35501,original,3,0.2,6.0,inactive_logit,20,full,20,20,20
CHEMBL222,35501,original,3,0.2,6.0,inactive_logit,20,score_cap1,16,20,20
CHEMBL222,35501,original,3,0.2,6.0,inactive_logit,40,full,38,40,40
CHEMBL222,35501,original,3,0.2,6.0,inactive_logit,40,score_cap1,36,40,40
CHEMBL222,35501,original,3,0.2,6.0,inactive_logit,50,score_only,45,50,50
CHEMBL222,35501,original,3,0.2,6.0,inactive_logit,50,plus_group_stats,48,50,50
CHEMBL222,35501,original,3,0.2,6.0,inactive_logit,50,plus_group_evidence,48,50,50
CHEMBL222,35501,original,3,0.2,6.0,inactive_logit,50,full,48,50,50
CHEMBL222,35501,original,3,0.2,6.0,inactive_logit,50,score_cap1,44,50,50
CHEMBL222,35501,original,3,0.2,6.0,inactive_logit,75,full,66,75,75
CHEMBL222,35501,original,3,0.2,6.0,inactive_logit,75,score_cap1,62,75,75
CHEMBL222,35501,original,3,0.3,4.0,inactive_logit,20,full,19,20,20
CHEMBL222,35501,original,3,0.3,4.0,inactive_logit,20,score_cap1,16,20,20
CHEMBL222,35501,original,3,0.3,4.0,inactive_logit,40,full,37,40,40
CHEMBL222,35501,original,3,0.3,4.0,inactive_logit,40,score_cap1,36,40,40
CHEMBL222,35501,original,3,0.3,4.0,inactive_logit,50,score_only,45,50,50
CHEMBL222,35501,original,3,0.3,4.0,inactive_logit,50,plus_group_stats,46,50,50
CHEMBL222,35501,original,3,0.3,4.0,inactive_logit,50,plus_group_evidence,46,50,50
CHEMBL222,35501,original,3,0.3,4.0,inactive_logit,50,full,46,50,50
CHEMBL222,35501,original,3,0.3,4.0,inactive_logit,50,score_cap1,44,50,50
CHEMBL222,35501,original,3,0.3,4.0,inactive_logit,75,full,64,75,75
CHEMBL222,35501,original,3,0.3,4.0,inactive_logit,75,score_cap1,62,75,75
CHEMBL222,35501,original,3,0.3,6.0,inactive_logit,20,full,20,20,20
CHEMBL222,35501,original,3,0.3,6.0,inactive_logit,20,score_cap1,15,20,20
CHEMBL222,35501,original,3,0.3,6.0,inactive_logit,40,full,36,40,40
CHEMBL222,35501,original,3,0.3,6.0,inactive_logit,40,score_cap1,34,40,40
CHEMBL222,35501,original,3,0.3,6.0,inactive_logit,50,score_only,46,50,50
CHEMBL222,35501,original,3,0.3,6.0,inactive_logit,50,plus_group_stats,46,50,50
CHEMBL222,35501,original,3,0.3,6.0,inactive_logit,50,plus_group_evidence,46,50,50
CHEMBL222,35501,original,3,0.3,6.0,inactive_logit,50,full,46,50,50
CHEMBL222,35501,original,3,0.3,6.0,inactive_logit,50,score_cap1,44,50,50
CHEMBL222,35501,original,3,0.3,6.0,inactive_logit,75,full,64,75,75
CHEMBL222,35501,original,3,0.3,6.0,inactive_logit,75,score_cap1,62,75,75
CHEMBL222,35501,unseen,3,,,logit_b5,50,full,47,50,50
CHEMBL222,35501,unseen,3,,,logit_b5,50,score_only,45,50,50
CHEMBL222,35501,unseen,3,,,logit_b5,50,score_cap1,44,50,50
CHEMBL222,35501,unseen,3,,,logit_b7,50,full,48,50,50
CHEMBL222,35501,unseen,3,,,logit_b7,50,score_only,49,50,50
CHEMBL222,35501,unseen,3,,,logit_b7,50,score_cap1,44,50,50
CHEMBL222,35501,unseen,3,,,additive_inactive,50,full,48,50,50
CHEMBL222,35501,unseen,3,,,additive_inactive,50,score_only,47,50,50
CHEMBL222,35501,unseen,3,,,additive_inactive,50,score_cap1,48,50,50
CHEMBL222,35501,unseen,3,,,blockwide_logit,50,full,44,50,50
CHEMBL222,35501,unseen,3,,,blockwide_logit,50,score_only,43,50,50
CHEMBL222,35501,unseen,3,,,blockwide_logit,50,score_cap1,48,50,50
CHEMBL222,35501,unseen,3,,,heterogeneous_inactive,50,full,48,50,50
CHEMBL222,35501,unseen,3,,,heterogeneous_inactive,50,score_only,44,50,50
CHEMBL222,35501,unseen,3,,,heterogeneous_inactive,50,score_cap1,44,50,50
CHEMBL222,35501,original,4,0.2,4.0,inactive_logit,20,full,20,20,20
CHEMBL222,35501,original,4,0.2,4.0,inactive_logit,20,score_cap1,19,20,20
CHEMBL222,35501,original,4,0.2,4.0,inactive_logit,40,full,35,40,40
CHEMBL222,35501,original,4,0.2,4.0,inactive_logit,40,score_cap1,36,40,40
CHEMBL222,35501,original,4,0.2,4.0,inactive_logit,50,score_only,43,50,50
CHEMBL222,35501,original,4,0.2,4.0,inactive_logit,50,plus_group_stats,45,50,50
CHEMBL222,35501,original,4,0.2,4.0,inactive_logit,50,plus_group_evidence,45,50,50
CHEMBL222,35501,original,4,0.2,4.0,inactive_logit,50,full,45,50,50
CHEMBL222,35501,original,4,0.2,4.0,inactive_logit,50,score_cap1,45,50,50
CHEMBL222,35501,original,4,0.2,4.0,inactive_logit,75,full,64,75,75
CHEMBL222,35501,original,4,0.2,4.0,inactive_logit,75,score_cap1,63,75,75
CHEMBL222,35501,original,4,0.2,6.0,inactive_logit,20,full,20,20,20
CHEMBL222,35501,original,4,0.2,6.0,inactive_logit,20,score_cap1,16,20,20
CHEMBL222,35501,original,4,0.2,6.0,inactive_logit,40,full,38,40,40
CHEMBL222,35501,original,4,0.2,6.0,inactive_logit,40,score_cap1,36,40,40
CHEMBL222,35501,original,4,0.2,6.0,inactive_logit,50,score_only,45,50,50
CHEMBL222,35501,original,4,0.2,6.0,inactive_logit,50,plus_group_stats,47,50,50
CHEMBL222,35501,original,4,0.2,6.0,inactive_logit,50,plus_group_evidence,47,50,50
CHEMBL222,35501,original,4,0.2,6.0,inactive_logit,50,full,48,50,50
CHEMBL222,35501,original,4,0.2,6.0,inactive_logit,50,score_cap1,45,50,50
CHEMBL222,35501,original,4,0.2,6.0,inactive_logit,75,full,65,75,75
CHEMBL222,35501,original,4,0.2,6.0,inactive_logit,75,score_cap1,63,75,75
CHEMBL222,35501,original,4,0.3,4.0,inactive_logit,20,full,20,20,20
CHEMBL222,35501,original,4,0.3,4.0,inactive_logit,20,score_cap1,16,20,20
CHEMBL222,35501,original,4,0.3,4.0,inactive_logit,40,full,38,40,40
CHEMBL222,35501,original,4,0.3,4.0,inactive_logit,40,score_cap1,36,40,40
CHEMBL222,35501,original,4,0.3,4.0,inactive_logit,50,score_only,46,50,50
CHEMBL222,35501,original,4,0.3,4.0,inactive_logit,50,plus_group_stats,47,50,50
CHEMBL222,35501,original,4,0.3,4.0,inactive_logit,50,plus_group_evidence,46,50,50
CHEMBL222,35501,original,4,0.3,4.0,inactive_logit,50,full,47,50,50
CHEMBL222,35501,original,4,0.3,4.0,inactive_logit,50,score_cap1,45,50,50
CHEMBL222,35501,original,4,0.3,4.0,inactive_logit,75,full,64,75,75
CHEMBL222,35501,original,4,0.3,4.0,inactive_logit,75,score_cap1,63,75,75
CHEMBL222,35501,original,4,0.3,6.0,inactive_logit,20,full,20,20,20
CHEMBL222,35501,original,4,0.3,6.0,inactive_logit,20,score_cap1,15,20,20
CHEMBL222,35501,original,4,0.3,6.0,inactive_logit,40,full,36,40,40
CHEMBL222,35501,original,4,0.3,6.0,inactive_logit,40,score_cap1,34,40,40
CHEMBL222,35501,original,4,0.3,6.0,inactive_logit,50,score_only,47,50,50
CHEMBL222,35501,original,4,0.3,6.0,inactive_logit,50,plus_group_stats,46,50,50
CHEMBL222,35501,original,4,0.3,6.0,inactive_logit,50,plus_group_evidence,46,50,50
CHEMBL222,35501,original,4,0.3,6.0,inactive_logit,50,full,46,50,50
CHEMBL222,35501,original,4,0.3,6.0,inactive_logit,50,score_cap1,44,50,50
CHEMBL222,35501,original,4,0.3,6.0,inactive_logit,75,full,64,75,75
CHEMBL222,35501,original,4,0.3,6.0,inactive_logit,75,score_cap1,63,75,75
CHEMBL222,35501,unseen,4,,,logit_b5,50,full,47,50,50
CHEMBL222,35501,unseen,4,,,logit_b5,50,score_only,48,50,50
CHEMBL222,35501,unseen,4,,,logit_b5,50,score_cap1,45,50,50
CHEMBL222,35501,unseen,4,,,logit_b7,50,full,47,50,50
CHEMBL222,35501,unseen,4,,,logit_b7,50,score_only,47,50,50
CHEMBL222,35501,unseen,4,,,logit_b7,50,score_cap1,44,50,50
CHEMBL222,35501,unseen,4,,,additive_inactive,50,full,48,50,50
CHEMBL222,35501,unseen,4,,,additive_inactive,50,score_only,46,50,50
CHEMBL222,35501,unseen,4,,,additive_inactive,50,score_cap1,47,50,50
CHEMBL222,35501,unseen,4,,,blockwide_logit,50,full,45,50,50
CHEMBL222,35501,unseen,4,,,blockwide_logit,50,score_only,46,50,50
CHEMBL222,35501,unseen,4,,,blockwide_logit,50,score_cap1,47,50,50
CHEMBL222,35501,unseen,4,,,heterogeneous_inactive,50,full,47,50,50
CHEMBL222,35501,unseen,4,,,heterogeneous_inactive,50,score_only,46,50,50
CHEMBL222,35501,unseen,4,,,heterogeneous_inactive,50,score_cap1,45,50,50
CHEMBL222,35501,original,5,0.2,4.0,inactive_logit,20,full,19,20,20
CHEMBL222,35501,original,5,0.2,4.0,inactive_logit,20,score_cap1,18,20,20
CHEMBL222,35501,original,5,0.2,4.0,inactive_logit,40,full,36,40,40
CHEMBL222,35501,original,5,0.2,4.0,inactive_logit,40,score_cap1,36,40,40
CHEMBL222,35501,original,5,0.2,4.0,inactive_logit,50,score_only,44,50,50
CHEMBL222,35501,original,5,0.2,4.0,inactive_logit,50,plus_group_stats,45,50,50
CHEMBL222,35501,original,5,0.2,4.0,inactive_logit,50,plus_group_evidence,45,50,50
CHEMBL222,35501,original,5,0.2,4.0,inactive_logit,50,full,45,50,50
CHEMBL222,35501,original,5,0.2,4.0,inactive_logit,50,score_cap1,45,50,50
CHEMBL222,35501,original,5,0.2,4.0,inactive_logit,75,full,63,75,75
CHEMBL222,35501,original,5,0.2,4.0,inactive_logit,75,score_cap1,63,75,75
CHEMBL222,35501,original,5,0.2,6.0,inactive_logit,20,full,20,20,20
CHEMBL222,35501,original,5,0.2,6.0,inactive_logit,20,score_cap1,16,20,20
CHEMBL222,35501,original,5,0.2,6.0,inactive_logit,40,full,38,40,40
CHEMBL222,35501,original,5,0.2,6.0,inactive_logit,40,score_cap1,36,40,40
CHEMBL222,35501,original,5,0.2,6.0,inactive_logit,50,score_only,47,50,50
CHEMBL222,35501,original,5,0.2,6.0,inactive_logit,50,plus_group_stats,47,50,50
CHEMBL222,35501,original,5,0.2,6.0,inactive_logit,50,plus_group_evidence,47,50,50
CHEMBL222,35501,original,5,0.2,6.0,inactive_logit,50,full,47,50,50
CHEMBL222,35501,original,5,0.2,6.0,inactive_logit,50,score_cap1,45,50,50
CHEMBL222,35501,original,5,0.2,6.0,inactive_logit,75,full,64,75,75
CHEMBL222,35501,original,5,0.2,6.0,inactive_logit,75,score_cap1,63,75,75
CHEMBL222,35501,original,5,0.3,4.0,inactive_logit,20,full,20,20,20
CHEMBL222,35501,original,5,0.3,4.0,inactive_logit,20,score_cap1,17,20,20
CHEMBL222,35501,original,5,0.3,4.0,inactive_logit,40,full,38,40,40
CHEMBL222,35501,original,5,0.3,4.0,inactive_logit,40,score_cap1,35,40,40
CHEMBL222,35501,original,5,0.3,4.0,inactive_logit,50,score_only,44,50,50
CHEMBL222,35501,original,5,0.3,4.0,inactive_logit,50,plus_group_stats,47,50,50
CHEMBL222,35501,original,5,0.3,4.0,inactive_logit,50,plus_group_evidence,46,50,50
CHEMBL222,35501,original,5,0.3,4.0,inactive_logit,50,full,46,50,50
CHEMBL222,35501,original,5,0.3,4.0,inactive_logit,50,score_cap1,44,50,50
CHEMBL222,35501,original,5,0.3,4.0,inactive_logit,75,full,66,75,75
CHEMBL222,35501,original,5,0.3,4.0,inactive_logit,75,score_cap1,61,75,75
CHEMBL222,35501,original,5,0.3,6.0,inactive_logit,20,full,20,20,20
CHEMBL222,35501,original,5,0.3,6.0,inactive_logit,20,score_cap1,15,20,20
CHEMBL222,35501,original,5,0.3,6.0,inactive_logit,40,full,37,40,40
CHEMBL222,35501,original,5,0.3,6.0,inactive_logit,40,score_cap1,34,40,40
CHEMBL222,35501,original,5,0.3,6.0,inactive_logit,50,score_only,46,50,50
CHEMBL222,35501,original,5,0.3,6.0,inactive_logit,50,plus_group_stats,47,50,50
CHEMBL222,35501,original,5,0.3,6.0,inactive_logit,50,plus_group_evidence,47,50,50
CHEMBL222,35501,original,5,0.3,6.0,inactive_logit,50,full,47,50,50
CHEMBL222,35501,original,5,0.3,6.0,inactive_logit,50,score_cap1,44,50,50
CHEMBL222,35501,original,5,0.3,6.0,inactive_logit,75,full,66,75,75
CHEMBL222,35501,original,5,0.3,6.0,inactive_logit,75,score_cap1,61,75,75
CHEMBL222,35501,unseen,5,,,logit_b5,50,full,45,50,50
CHEMBL222,35501,unseen,5,,,logit_b5,50,score_only,45,50,50
CHEMBL222,35501,unseen,5,,,logit_b5,50,score_cap1,45,50,50
CHEMBL222,35501,unseen,5,,,logit_b7,50,full,48,50,50
CHEMBL222,35501,unseen,5,,,logit_b7,50,score_only,48,50,50
CHEMBL222,35501,unseen,5,,,logit_b7,50,score_cap1,44,50,50
CHEMBL222,35501,unseen,5,,,additive_inactive,50,full,47,50,50
CHEMBL222,35501,unseen,5,,,additive_inactive,50,score_only,47,50,50
CHEMBL222,35501,unseen,5,,,additive_inactive,50,score_cap1,48,50,50
CHEMBL222,35501,unseen,5,,,blockwide_logit,50,full,44,50,50
CHEMBL222,35501,unseen,5,,,blockwide_logit,50,score_only,42,50,50
CHEMBL222,35501,unseen,5,,,blockwide_logit,50,score_cap1,46,50,50
CHEMBL222,35501,unseen,5,,,heterogeneous_inactive,50,full,44,50,50
CHEMBL222,35501,unseen,5,,,heterogeneous_inactive,50,score_only,43,50,50
CHEMBL222,35501,unseen,5,,,heterogeneous_inactive,50,score_cap1,44,50,50
CHEMBL222,35501,original,6,0.2,4.0,inactive_logit,20,full,20,20,20
CHEMBL222,35501,original,6,0.2,4.0,inactive_logit,20,score_cap1,19,20,20
CHEMBL222,35501,original,6,0.2,4.0,inactive_logit,40,full,36,40,40
CHEMBL222,35501,original,6,0.2,4.0,inactive_logit,40,score_cap1,38,40,40
CHEMBL222,35501,original,6,0.2,4.0,inactive_logit,50,score_only,44,50,50
CHEMBL222,35501,original,6,0.2,4.0,inactive_logit,50,plus_group_stats,45,50,50
CHEMBL222,35501,original,6,0.2,4.0,inactive_logit,50,plus_group_evidence,45,50,50
CHEMBL222,35501,original,6,0.2,4.0,inactive_logit,50,full,45,50,50
CHEMBL222,35501,original,6,0.2,4.0,inactive_logit,50,score_cap1,46,50,50
CHEMBL222,35501,original,6,0.2,4.0,inactive_logit,75,full,63,75,75
CHEMBL222,35501,original,6,0.2,4.0,inactive_logit,75,score_cap1,63,75,75
CHEMBL222,35501,original,6,0.2,6.0,inactive_logit,20,full,20,20,20
CHEMBL222,35501,original,6,0.2,6.0,inactive_logit,20,score_cap1,17,20,20
CHEMBL222,35501,original,6,0.2,6.0,inactive_logit,40,full,36,40,40
CHEMBL222,35501,original,6,0.2,6.0,inactive_logit,40,score_cap1,36,40,40
CHEMBL222,35501,original,6,0.2,6.0,inactive_logit,50,score_only,46,50,50
CHEMBL222,35501,original,6,0.2,6.0,inactive_logit,50,plus_group_stats,46,50,50
CHEMBL222,35501,original,6,0.2,6.0,inactive_logit,50,plus_group_evidence,46,50,50
CHEMBL222,35501,original,6,0.2,6.0,inactive_logit,50,full,46,50,50
CHEMBL222,35501,original,6,0.2,6.0,inactive_logit,50,score_cap1,45,50,50
CHEMBL222,35501,original,6,0.2,6.0,inactive_logit,75,full,64,75,75
CHEMBL222,35501,original,6,0.2,6.0,inactive_logit,75,score_cap1,63,75,75
CHEMBL222,35501,original,6,0.3,4.0,inactive_logit,20,full,19,20,20
CHEMBL222,35501,original,6,0.3,4.0,inactive_logit,20,score_cap1,16,20,20
CHEMBL222,35501,original,6,0.3,4.0,inactive_logit,40,full,35,40,40
CHEMBL222,35501,original,6,0.3,4.0,inactive_logit,40,score_cap1,34,40,40
CHEMBL222,35501,original,6,0.3,4.0,inactive_logit,50,score_only,44,50,50
CHEMBL222,35501,original,6,0.3,4.0,inactive_logit,50,plus_group_stats,44,50,50
CHEMBL222,35501,original,6,0.3,4.0,inactive_logit,50,plus_group_evidence,45,50,50
CHEMBL222,35501,original,6,0.3,4.0,inactive_logit,50,full,45,50,50
CHEMBL222,35501,original,6,0.3,4.0,inactive_logit,50,score_cap1,44,50,50
CHEMBL222,35501,original,6,0.3,4.0,inactive_logit,75,full,64,75,75
CHEMBL222,35501,original,6,0.3,4.0,inactive_logit,75,score_cap1,62,75,75
CHEMBL222,35501,original,6,0.3,6.0,inactive_logit,20,full,20,20,20
CHEMBL222,35501,original,6,0.3,6.0,inactive_logit,20,score_cap1,14,20,20
CHEMBL222,35501,original,6,0.3,6.0,inactive_logit,40,full,38,40,40
CHEMBL222,35501,original,6,0.3,6.0,inactive_logit,40,score_cap1,34,40,40
CHEMBL222,35501,original,6,0.3,6.0,inactive_logit,50,score_only,47,50,50
CHEMBL222,35501,original,6,0.3,6.0,inactive_logit,50,plus_group_stats,47,50,50
CHEMBL222,35501,original,6,0.3,6.0,inactive_logit,50,plus_group_evidence,48,50,50
CHEMBL222,35501,original,6,0.3,6.0,inactive_logit,50,full,48,50,50
CHEMBL222,35501,original,6,0.3,6.0,inactive_logit,50,score_cap1,44,50,50
CHEMBL222,35501,original,6,0.3,6.0,inactive_logit,75,full,65,75,75
CHEMBL222,35501,original,6,0.3,6.0,inactive_logit,75,score_cap1,62,75,75
CHEMBL222,35501,unseen,6,,,logit_b5,50,full,48,50,50
CHEMBL222,35501,unseen,6,,,logit_b5,50,score_only,47,50,50
CHEMBL222,35501,unseen,6,,,logit_b5,50,score_cap1,45,50,50
CHEMBL222,35501,unseen,6,,,logit_b7,50,full,47,50,50
CHEMBL222,35501,unseen,6,,,logit_b7,50,score_only,47,50,50
CHEMBL222,35501,unseen,6,,,logit_b7,50,score_cap1,44,50,50
CHEMBL222,35501,unseen,6,,,additive_inactive,50,full,47,50,50
CHEMBL222,35501,unseen,6,,,additive_inactive,50,score_only,46,50,50
CHEMBL222,35501,unseen,6,,,additive_inactive,50,score_cap1,47,50,50
CHEMBL222,35501,unseen,6,,,blockwide_logit,50,full,44,50,50
CHEMBL222,35501,unseen,6,,,blockwide_logit,50,score_only,43,50,50
CHEMBL222,35501,unseen,6,,,blockwide_logit,50,score_cap1,46,50,50
CHEMBL222,35501,unseen,6,,,heterogeneous_inactive,50,full,45,50,50
CHEMBL222,35501,unseen,6,,,heterogeneous_inactive,50,score_only,43,50,50
CHEMBL222,35501,unseen,6,,,heterogeneous_inactive,50,score_cap1,44,50,50
CHEMBL222,35501,original,7,0.2,4.0,inactive_logit,20,full,20,20,20
CHEMBL222,35501,original,7,0.2,4.0,inactive_logit,20,score_cap1,17,20,20
CHEMBL222,35501,original,7,0.2,4.0,inactive_logit,40,full,36,40,40
CHEMBL222,35501,original,7,0.2,4.0,inactive_logit,40,score_cap1,36,40,40
CHEMBL222,35501,original,7,0.2,4.0,inactive_logit,50,score_only,45,50,50
CHEMBL222,35501,original,7,0.2,4.0,inactive_logit,50,plus_group_stats,45,50,50
CHEMBL222,35501,original,7,0.2,4.0,inactive_logit,50,plus_group_evidence,46,50,50
CHEMBL222,35501,original,7,0.2,4.0,inactive_logit,50,full,45,50,50
CHEMBL222,35501,original,7,0.2,4.0,inactive_logit,50,score_cap1,44,50,50
CHEMBL222,35501,original,7,0.2,4.0,inactive_logit,75,full,64,75,75
CHEMBL222,35501,original,7,0.2,4.0,inactive_logit,75,score_cap1,63,75,75
CHEMBL222,35501,original,7,0.2,6.0,inactive_logit,20,full,20,20,20
CHEMBL222,35501,original,7,0.2,6.0,inactive_logit,20,score_cap1,16,20,20
CHEMBL222,35501,original,7,0.2,6.0,inactive_logit,40,full,38,40,40
CHEMBL222,35501,original,7,0.2,6.0,inactive_logit,40,score_cap1,36,40,40
CHEMBL222,35501,original,7,0.2,6.0,inactive_logit,50,score_only,46,50,50
CHEMBL222,35501,original,7,0.2,6.0,inactive_logit,50,plus_group_stats,48,50,50
CHEMBL222,35501,original,7,0.2,6.0,inactive_logit,50,plus_group_evidence,48,50,50
CHEMBL222,35501,original,7,0.2,6.0,inactive_logit,50,full,48,50,50
CHEMBL222,35501,original,7,0.2,6.0,inactive_logit,50,score_cap1,44,50,50
CHEMBL222,35501,original,7,0.2,6.0,inactive_logit,75,full,65,75,75
CHEMBL222,35501,original,7,0.2,6.0,inactive_logit,75,score_cap1,63,75,75
CHEMBL222,35501,original,7,0.3,4.0,inactive_logit,20,full,19,20,20
CHEMBL222,35501,original,7,0.3,4.0,inactive_logit,20,score_cap1,17,20,20
CHEMBL222,35501,original,7,0.3,4.0,inactive_logit,40,full,35,40,40
CHEMBL222,35501,original,7,0.3,4.0,inactive_logit,40,score_cap1,35,40,40
CHEMBL222,35501,original,7,0.3,4.0,inactive_logit,50,score_only,42,50,50
CHEMBL222,35501,original,7,0.3,4.0,inactive_logit,50,plus_group_stats,45,50,50
CHEMBL222,35501,original,7,0.3,4.0,inactive_logit,50,plus_group_evidence,45,50,50
CHEMBL222,35501,original,7,0.3,4.0,inactive_logit,50,full,45,50,50
CHEMBL222,35501,original,7,0.3,4.0,inactive_logit,50,score_cap1,45,50,50
CHEMBL222,35501,original,7,0.3,4.0,inactive_logit,75,full,63,75,75
CHEMBL222,35501,original,7,0.3,4.0,inactive_logit,75,score_cap1,62,75,75
CHEMBL222,35501,original,7,0.3,6.0,inactive_logit,20,full,20,20,20
CHEMBL222,35501,original,7,0.3,6.0,inactive_logit,20,score_cap1,15,20,20
CHEMBL222,35501,original,7,0.3,6.0,inactive_logit,40,full,37,40,40
CHEMBL222,35501,original,7,0.3,6.0,inactive_logit,40,score_cap1,34,40,40
CHEMBL222,35501,original,7,0.3,6.0,inactive_logit,50,score_only,46,50,50
CHEMBL222,35501,original,7,0.3,6.0,inactive_logit,50,plus_group_stats,47,50,50
CHEMBL222,35501,original,7,0.3,6.0,inactive_logit,50,plus_group_evidence,47,50,50
CHEMBL222,35501,original,7,0.3,6.0,inactive_logit,50,full,47,50,50
CHEMBL222,35501,original,7,0.3,6.0,inactive_logit,50,score_cap1,44,50,50
CHEMBL222,35501,original,7,0.3,6.0,inactive_logit,75,full,64,75,75
CHEMBL222,35501,original,7,0.3,6.0,inactive_logit,75,score_cap1,62,75,75
CHEMBL222,35501,unseen,7,,,logit_b5,50,full,46,50,50
CHEMBL222,35501,unseen,7,,,logit_b5,50,score_only,44,50,50
CHEMBL222,35501,unseen,7,,,logit_b5,50,score_cap1,44,50,50
CHEMBL222,35501,unseen,7,,,logit_b7,50,full,49,50,50
CHEMBL222,35501,unseen,7,,,logit_b7,50,score_only,48,50,50
CHEMBL222,35501,unseen,7,,,logit_b7,50,score_cap1,44,50,50
CHEMBL222,35501,unseen,7,,,additive_inactive,50,full,48,50,50
CHEMBL222,35501,unseen,7,,,additive_inactive,50,score_only,47,50,50
CHEMBL222,35501,unseen,7,,,additive_inactive,50,score_cap1,48,50,50
CHEMBL222,35501,unseen,7,,,blockwide_logit,50,full,45,50,50
CHEMBL222,35501,unseen,7,,,blockwide_logit,50,score_only,44,50,50
CHEMBL222,35501,unseen,7,,,blockwide_logit,50,score_cap1,46,50,50
CHEMBL222,35501,unseen,7,,,heterogeneous_inactive,50,full,47,50,50
CHEMBL222,35501,unseen,7,,,heterogeneous_inactive,50,score_only,45,50,50
CHEMBL222,35501,unseen,7,,,heterogeneous_inactive,50,score_cap1,44,50,50
CHEMBL222,35501,original,8,0.2,4.0,inactive_logit,20,full,20,20,20
CHEMBL222,35501,original,8,0.2,4.0,inactive_logit,20,score_cap1,18,20,20
CHEMBL222,35501,original,8,0.2,4.0,inactive_logit,40,full,37,40,40
CHEMBL222,35501,original,8,0.2,4.0,inactive_logit,40,score_cap1,37,40,40
CHEMBL222,35501,original,8,0.2,4.0,inactive_logit,50,score_only,45,50,50
CHEMBL222,35501,original,8,0.2,4.0,inactive_logit,50,plus_group_stats,47,50,50
CHEMBL222,35501,original,8,0.2,4.0,inactive_logit,50,plus_group_evidence,46,50,50
CHEMBL222,35501,original,8,0.2,4.0,inactive_logit,50,full,47,50,50
CHEMBL222,35501,original,8,0.2,4.0,inactive_logit,50,score_cap1,46,50,50
CHEMBL222,35501,original,8,0.2,4.0,inactive_logit,75,full,64,75,75
CHEMBL222,35501,original,8,0.2,4.0,inactive_logit,75,score_cap1,63,75,75
CHEMBL222,35501,original,8,0.2,6.0,inactive_logit,20,full,20,20,20
CHEMBL222,35501,original,8,0.2,6.0,inactive_logit,20,score_cap1,17,20,20
CHEMBL222,35501,original,8,0.2,6.0,inactive_logit,40,full,37,40,40
CHEMBL222,35501,original,8,0.2,6.0,inactive_logit,40,score_cap1,36,40,40
CHEMBL222,35501,original,8,0.2,6.0,inactive_logit,50,score_only,47,50,50
CHEMBL222,35501,original,8,0.2,6.0,inactive_logit,50,plus_group_stats,47,50,50
CHEMBL222,35501,original,8,0.2,6.0,inactive_logit,50,plus_group_evidence,47,50,50
CHEMBL222,35501,original,8,0.2,6.0,inactive_logit,50,full,47,50,50
CHEMBL222,35501,original,8,0.2,6.0,inactive_logit,50,score_cap1,45,50,50
CHEMBL222,35501,original,8,0.2,6.0,inactive_logit,75,full,65,75,75
CHEMBL222,35501,original,8,0.2,6.0,inactive_logit,75,score_cap1,63,75,75
CHEMBL222,35501,original,8,0.3,4.0,inactive_logit,20,full,20,20,20
CHEMBL222,35501,original,8,0.3,4.0,inactive_logit,20,score_cap1,16,20,20
CHEMBL222,35501,original,8,0.3,4.0,inactive_logit,40,full,38,40,40
CHEMBL222,35501,original,8,0.3,4.0,inactive_logit,40,score_cap1,35,40,40
CHEMBL222,35501,original,8,0.3,4.0,inactive_logit,50,score_only,44,50,50
CHEMBL222,35501,original,8,0.3,4.0,inactive_logit,50,plus_group_stats,47,50,50
CHEMBL222,35501,original,8,0.3,4.0,inactive_logit,50,plus_group_evidence,47,50,50
CHEMBL222,35501,original,8,0.3,4.0,inactive_logit,50,full,47,50,50
CHEMBL222,35501,original,8,0.3,4.0,inactive_logit,50,score_cap1,43,50,50
CHEMBL222,35501,original,8,0.3,4.0,inactive_logit,75,full,66,75,75
CHEMBL222,35501,original,8,0.3,4.0,inactive_logit,75,score_cap1,61,75,75
CHEMBL222,35501,original,8,0.3,6.0,inactive_logit,20,full,20,20,20
CHEMBL222,35501,original,8,0.3,6.0,inactive_logit,20,score_cap1,15,20,20
CHEMBL222,35501,original,8,0.3,6.0,inactive_logit,40,full,38,40,40
CHEMBL222,35501,original,8,0.3,6.0,inactive_logit,40,score_cap1,34,40,40
CHEMBL222,35501,original,8,0.3,6.0,inactive_logit,50,score_only,46,50,50
CHEMBL222,35501,original,8,0.3,6.0,inactive_logit,50,plus_group_stats,48,50,50
CHEMBL222,35501,original,8,0.3,6.0,inactive_logit,50,plus_group_evidence,48,50,50
CHEMBL222,35501,original,8,0.3,6.0,inactive_logit,50,full,48,50,50
CHEMBL222,35501,original,8,0.3,6.0,inactive_logit,50,score_cap1,43,50,50
CHEMBL222,35501,original,8,0.3,6.0,inactive_logit,75,full,66,75,75
CHEMBL222,35501,original,8,0.3,6.0,inactive_logit,75,score_cap1,61,75,75
CHEMBL222,35501,unseen,8,,,logit_b5,50,full,46,50,50
CHEMBL222,35501,unseen,8,,,logit_b5,50,score_only,44,50,50
CHEMBL222,35501,unseen,8,,,logit_b5,50,score_cap1,44,50,50
CHEMBL222,35501,unseen,8,,,logit_b7,50,full,47,50,50
CHEMBL222,35501,unseen,8,,,logit_b7,50,score_only,47,50,50
CHEMBL222,35501,unseen,8,,,logit_b7,50,score_cap1,44,50,50
CHEMBL222,35501,unseen,8,,,additive_inactive,50,full,47,50,50
CHEMBL222,35501,unseen,8,,,additive_inactive,50,score_only,45,50,50
CHEMBL222,35501,unseen,8,,,additive_inactive,50,score_cap1,46,50,50
CHEMBL222,35501,unseen,8,,,blockwide_logit,50,full,45,50,50
CHEMBL222,35501,unseen,8,,,blockwide_logit,50,score_only,44,50,50
CHEMBL222,35501,unseen,8,,,blockwide_logit,50,score_cap1,47,50,50
CHEMBL222,35501,unseen,8,,,heterogeneous_inactive,50,full,46,50,50
CHEMBL222,35501,unseen,8,,,heterogeneous_inactive,50,score_only,45,50,50
CHEMBL222,35501,unseen,8,,,heterogeneous_inactive,50,score_cap1,44,50,50
CHEMBL222,35501,original,9,0.2,4.0,inactive_logit,20,full,20,20,20
CHEMBL222,35501,original,9,0.2,4.0,inactive_logit,20,score_cap1,18,20,20
CHEMBL222,35501,original,9,0.2,4.0,inactive_logit,40,full,36,40,40
CHEMBL222,35501,original,9,0.2,4.0,inactive_logit,40,score_cap1,37,40,40
CHEMBL222,35501,original,9,0.2,4.0,inactive_logit,50,score_only,44,50,50
CHEMBL222,35501,original,9,0.2,4.0,inactive_logit,50,plus_group_stats,46,50,50
CHEMBL222,35501,original,9,0.2,4.0,inactive_logit,50,plus_group_evidence,45,50,50
CHEMBL222,35501,original,9,0.2,4.0,inactive_logit,50,full,46,50,50
CHEMBL222,35501,original,9,0.2,4.0,inactive_logit,50,score_cap1,45,50,50
CHEMBL222,35501,original,9,0.2,4.0,inactive_logit,75,full,64,75,75
CHEMBL222,35501,original,9,0.2,4.0,inactive_logit,75,score_cap1,62,75,75
CHEMBL222,35501,original,9,0.2,6.0,inactive_logit,20,full,20,20,20
CHEMBL222,35501,original,9,0.2,6.0,inactive_logit,20,score_cap1,17,20,20
CHEMBL222,35501,original,9,0.2,6.0,inactive_logit,40,full,37,40,40
CHEMBL222,35501,original,9,0.2,6.0,inactive_logit,40,score_cap1,36,40,40
CHEMBL222,35501,original,9,0.2,6.0,inactive_logit,50,score_only,46,50,50
CHEMBL222,35501,original,9,0.2,6.0,inactive_logit,50,plus_group_stats,47,50,50
CHEMBL222,35501,original,9,0.2,6.0,inactive_logit,50,plus_group_evidence,47,50,50
CHEMBL222,35501,original,9,0.2,6.0,inactive_logit,50,full,47,50,50
CHEMBL222,35501,original,9,0.2,6.0,inactive_logit,50,score_cap1,44,50,50
CHEMBL222,35501,original,9,0.2,6.0,inactive_logit,75,full,65,75,75
CHEMBL222,35501,original,9,0.2,6.0,inactive_logit,75,score_cap1,62,75,75
CHEMBL222,35501,original,9,0.3,4.0,inactive_logit,20,full,20,20,20
CHEMBL222,35501,original,9,0.3,4.0,inactive_logit,20,score_cap1,17,20,20
CHEMBL222,35501,original,9,0.3,4.0,inactive_logit,40,full,35,40,40
CHEMBL222,35501,original,9,0.3,4.0,inactive_logit,40,score_cap1,35,40,40
CHEMBL222,35501,original,9,0.3,4.0,inactive_logit,50,score_only,44,50,50
CHEMBL222,35501,original,9,0.3,4.0,inactive_logit,50,plus_group_stats,45,50,50
CHEMBL222,35501,original,9,0.3,4.0,inactive_logit,50,plus_group_evidence,45,50,50
CHEMBL222,35501,original,9,0.3,4.0,inactive_logit,50,full,45,50,50
CHEMBL222,35501,original,9,0.3,4.0,inactive_logit,50,score_cap1,44,50,50
CHEMBL222,35501,original,9,0.3,4.0,inactive_logit,75,full,64,75,75
CHEMBL222,35501,original,9,0.3,4.0,inactive_logit,75,score_cap1,61,75,75
CHEMBL222,35501,original,9,0.3,6.0,inactive_logit,20,full,20,20,20
CHEMBL222,35501,original,9,0.3,6.0,inactive_logit,20,score_cap1,15,20,20
CHEMBL222,35501,original,9,0.3,6.0,inactive_logit,40,full,37,40,40
CHEMBL222,35501,original,9,0.3,6.0,inactive_logit,40,score_cap1,34,40,40
CHEMBL222,35501,original,9,0.3,6.0,inactive_logit,50,score_only,46,50,50
CHEMBL222,35501,original,9,0.3,6.0,inactive_logit,50,plus_group_stats,46,50,50
CHEMBL222,35501,original,9,0.3,6.0,inactive_logit,50,plus_group_evidence,46,50,50
CHEMBL222,35501,original,9,0.3,6.0,inactive_logit,50,full,47,50,50
CHEMBL222,35501,original,9,0.3,6.0,inactive_logit,50,score_cap1,44,50,50
CHEMBL222,35501,original,9,0.3,6.0,inactive_logit,75,full,65,75,75
CHEMBL222,35501,original,9,0.3,6.0,inactive_logit,75,score_cap1,61,75,75
CHEMBL222,35501,unseen,9,,,logit_b5,50,full,45,50,50
CHEMBL222,35501,unseen,9,,,logit_b5,50,score_only,44,50,50
CHEMBL222,35501,unseen,9,,,logit_b5,50,score_cap1,44,50,50
CHEMBL222,35501,unseen,9,,,logit_b7,50,full,48,50,50
CHEMBL222,35501,unseen,9,,,logit_b7,50,score_only,48,50,50
CHEMBL222,35501,unseen,9,,,logit_b7,50,score_cap1,44,50,50
CHEMBL222,35501,unseen,9,,,additive_inactive,50,full,47,50,50
CHEMBL222,35501,unseen,9,,,additive_inactive,50,score_only,46,50,50
CHEMBL222,35501,unseen,9,,,additive_inactive,50,score_cap1,47,50,50
CHEMBL222,35501,unseen,9,,,blockwide_logit,50,full,44,50,50
CHEMBL222,35501,unseen,9,,,blockwide_logit,50,score_only,43,50,50
CHEMBL222,35501,unseen,9,,,blockwide_logit,50,score_cap1,46,50,50
CHEMBL222,35501,unseen,9,,,heterogeneous_inactive,50,full,46,50,50
CHEMBL222,35501,unseen,9,,,heterogeneous_inactive,50,score_only,44,50,50
CHEMBL222,35501,unseen,9,,,heterogeneous_inactive,50,score_cap1,45,50,50
CHEMBL225,35501,original,0,0.2,4.0,inactive_logit,20,full,19,20,20
CHEMBL225,35501,original,0,0.2,4.0,inactive_logit,20,score_cap1,15,20,20
CHEMBL225,35501,original,0,0.2,4.0,inactive_logit,40,full,32,40,40
CHEMBL225,35501,original,0,0.2,4.0,inactive_logit,40,score_cap1,31,40,40
CHEMBL225,35501,original,0,0.2,4.0,inactive_logit,50,score_only,40,50,50
CHEMBL225,35501,original,0,0.2,4.0,inactive_logit,50,plus_group_stats,39,50,50
CHEMBL225,35501,original,0,0.2,4.0,inactive_logit,50,plus_group_evidence,39,50,50
CHEMBL225,35501,original,0,0.2,4.0,inactive_logit,50,full,40,50,50
CHEMBL225,35501,original,0,0.2,4.0,inactive_logit,50,score_cap1,39,50,50
CHEMBL225,35501,original,0,0.2,4.0,inactive_logit,75,full,58,75,75
CHEMBL225,35501,original,0,0.2,4.0,inactive_logit,75,score_cap1,55,75,75
CHEMBL225,35501,original,0,0.2,6.0,inactive_logit,20,full,19,20,20
CHEMBL225,35501,original,0,0.2,6.0,inactive_logit,20,score_cap1,15,20,20
CHEMBL225,35501,original,0,0.2,6.0,inactive_logit,40,full,34,40,40
CHEMBL225,35501,original,0,0.2,6.0,inactive_logit,40,score_cap1,31,40,40
CHEMBL225,35501,original,0,0.2,6.0,inactive_logit,50,score_only,42,50,50
CHEMBL225,35501,original,0,0.2,6.0,inactive_logit,50,plus_group_stats,41,50,50
CHEMBL225,35501,original,0,0.2,6.0,inactive_logit,50,plus_group_evidence,41,50,50
CHEMBL225,35501,original,0,0.2,6.0,inactive_logit,50,full,42,50,50
CHEMBL225,35501,original,0,0.2,6.0,inactive_logit,50,score_cap1,39,50,50
CHEMBL225,35501,original,0,0.2,6.0,inactive_logit,75,full,58,75,75
CHEMBL225,35501,original,0,0.2,6.0,inactive_logit,75,score_cap1,55,75,75
CHEMBL225,35501,original,0,0.3,4.0,inactive_logit,20,full,18,20,20
CHEMBL225,35501,original,0,0.3,4.0,inactive_logit,20,score_cap1,14,20,20
CHEMBL225,35501,original,0,0.3,4.0,inactive_logit,40,full,34,40,40
CHEMBL225,35501,original,0,0.3,4.0,inactive_logit,40,score_cap1,30,40,40
CHEMBL225,35501,original,0,0.3,4.0,inactive_logit,50,score_only,41,50,50
CHEMBL225,35501,original,0,0.3,4.0,inactive_logit,50,plus_group_stats,41,50,50
CHEMBL225,35501,original,0,0.3,4.0,inactive_logit,50,plus_group_evidence,41,50,50
CHEMBL225,35501,original,0,0.3,4.0,inactive_logit,50,full,41,50,50
CHEMBL225,35501,original,0,0.3,4.0,inactive_logit,50,score_cap1,38,50,50
CHEMBL225,35501,original,0,0.3,4.0,inactive_logit,75,full,59,75,75
CHEMBL225,35501,original,0,0.3,4.0,inactive_logit,75,score_cap1,55,75,75
CHEMBL225,35501,original,0,0.3,6.0,inactive_logit,20,full,19,20,20
CHEMBL225,35501,original,0,0.3,6.0,inactive_logit,20,score_cap1,14,20,20
CHEMBL225,35501,original,0,0.3,6.0,inactive_logit,40,full,34,40,40
CHEMBL225,35501,original,0,0.3,6.0,inactive_logit,40,score_cap1,30,40,40
CHEMBL225,35501,original,0,0.3,6.0,inactive_logit,50,score_only,43,50,50
CHEMBL225,35501,original,0,0.3,6.0,inactive_logit,50,plus_group_stats,41,50,50
CHEMBL225,35501,original,0,0.3,6.0,inactive_logit,50,plus_group_evidence,41,50,50
CHEMBL225,35501,original,0,0.3,6.0,inactive_logit,50,full,42,50,50
CHEMBL225,35501,original,0,0.3,6.0,inactive_logit,50,score_cap1,38,50,50
CHEMBL225,35501,original,0,0.3,6.0,inactive_logit,75,full,60,75,75
CHEMBL225,35501,original,0,0.3,6.0,inactive_logit,75,score_cap1,55,75,75
CHEMBL225,35501,unseen,0,,,logit_b5,50,full,42,50,50
CHEMBL225,35501,unseen,0,,,logit_b5,50,score_only,42,50,50
CHEMBL225,35501,unseen,0,,,logit_b5,50,score_cap1,39,50,50
CHEMBL225,35501,unseen,0,,,logit_b7,50,full,43,50,50
CHEMBL225,35501,unseen,0,,,logit_b7,50,score_only,43,50,50
CHEMBL225,35501,unseen,0,,,logit_b7,50,score_cap1,37,50,50
CHEMBL225,35501,unseen,0,,,additive_inactive,50,full,42,50,50
CHEMBL225,35501,unseen,0,,,additive_inactive,50,score_only,42,50,50
CHEMBL225,35501,unseen,0,,,additive_inactive,50,score_cap1,41,50,50
CHEMBL225,35501,unseen,0,,,blockwide_logit,50,full,39,50,50
CHEMBL225,35501,unseen,0,,,blockwide_logit,50,score_only,40,50,50
CHEMBL225,35501,unseen,0,,,blockwide_logit,50,score_cap1,39,50,50
CHEMBL225,35501,unseen,0,,,heterogeneous_inactive,50,full,41,50,50
CHEMBL225,35501,unseen,0,,,heterogeneous_inactive,50,score_only,40,50,50
CHEMBL225,35501,unseen,0,,,heterogeneous_inactive,50,score_cap1,38,50,50
CHEMBL225,35501,original,1,0.2,4.0,inactive_logit,20,full,19,20,20
CHEMBL225,35501,original,1,0.2,4.0,inactive_logit,20,score_cap1,16,20,20
CHEMBL225,35501,original,1,0.2,4.0,inactive_logit,40,full,34,40,40
CHEMBL225,35501,original,1,0.2,4.0,inactive_logit,40,score_cap1,32,40,40
CHEMBL225,35501,original,1,0.2,4.0,inactive_logit,50,score_only,42,50,50
CHEMBL225,35501,original,1,0.2,4.0,inactive_logit,50,plus_group_stats,41,50,50
CHEMBL225,35501,original,1,0.2,4.0,inactive_logit,50,plus_group_evidence,41,50,50
CHEMBL225,35501,original,1,0.2,4.0,inactive_logit,50,full,42,50,50
CHEMBL225,35501,original,1,0.2,4.0,inactive_logit,50,score_cap1,39,50,50
CHEMBL225,35501,original,1,0.2,4.0,inactive_logit,75,full,60,75,75
CHEMBL225,35501,original,1,0.2,4.0,inactive_logit,75,score_cap1,56,75,75
CHEMBL225,35501,original,1,0.2,6.0,inactive_logit,20,full,19,20,20
CHEMBL225,35501,original,1,0.2,6.0,inactive_logit,20,score_cap1,16,20,20
CHEMBL225,35501,original,1,0.2,6.0,inactive_logit,40,full,36,40,40
CHEMBL225,35501,original,1,0.2,6.0,inactive_logit,40,score_cap1,32,40,40
CHEMBL225,35501,original,1,0.2,6.0,inactive_logit,50,score_only,43,50,50
CHEMBL225,35501,original,1,0.2,6.0,inactive_logit,50,plus_group_stats,43,50,50
CHEMBL225,35501,original,1,0.2,6.0,inactive_logit,50,plus_group_evidence,43,50,50
CHEMBL225,35501,original,1,0.2,6.0,inactive_logit,50,full,44,50,50
CHEMBL225,35501,original,1,0.2,6.0,inactive_logit,50,score_cap1,39,50,50
CHEMBL225,35501,original,1,0.2,6.0,inactive_logit,75,full,60,75,75
CHEMBL225,35501,original,1,0.2,6.0,inactive_logit,75,score_cap1,56,75,75
CHEMBL225,35501,original,1,0.3,4.0,inactive_logit,20,full,18,20,20
CHEMBL225,35501,original,1,0.3,4.0,inactive_logit,20,score_cap1,14,20,20
CHEMBL225,35501,original,1,0.3,4.0,inactive_logit,40,full,33,40,40
CHEMBL225,35501,original,1,0.3,4.0,inactive_logit,40,score_cap1,30,40,40
CHEMBL225,35501,original,1,0.3,4.0,inactive_logit,50,score_only,40,50,50
CHEMBL225,35501,original,1,0.3,4.0,inactive_logit,50,plus_group_stats,41,50,50
CHEMBL225,35501,original,1,0.3,4.0,inactive_logit,50,plus_group_evidence,41,50,50
CHEMBL225,35501,original,1,0.3,4.0,inactive_logit,50,full,41,50,50
CHEMBL225,35501,original,1,0.3,4.0,inactive_logit,50,score_cap1,38,50,50
CHEMBL225,35501,original,1,0.3,4.0,inactive_logit,75,full,58,75,75
CHEMBL225,35501,original,1,0.3,4.0,inactive_logit,75,score_cap1,54,75,75
CHEMBL225,35501,original,1,0.3,6.0,inactive_logit,20,full,19,20,20
CHEMBL225,35501,original,1,0.3,6.0,inactive_logit,20,score_cap1,14,20,20
CHEMBL225,35501,original,1,0.3,6.0,inactive_logit,40,full,34,40,40
CHEMBL225,35501,original,1,0.3,6.0,inactive_logit,40,score_cap1,30,40,40
CHEMBL225,35501,original,1,0.3,6.0,inactive_logit,50,score_only,43,50,50
CHEMBL225,35501,original,1,0.3,6.0,inactive_logit,50,plus_group_stats,41,50,50
CHEMBL225,35501,original,1,0.3,6.0,inactive_logit,50,plus_group_evidence,41,50,50
CHEMBL225,35501,original,1,0.3,6.0,inactive_logit,50,full,42,50,50
CHEMBL225,35501,original,1,0.3,6.0,inactive_logit,50,score_cap1,38,50,50
CHEMBL225,35501,original,1,0.3,6.0,inactive_logit,75,full,58,75,75
CHEMBL225,35501,original,1,0.3,6.0,inactive_logit,75,score_cap1,54,75,75
CHEMBL225,35501,unseen,1,,,logit_b5,50,full,40,50,50
CHEMBL225,35501,unseen,1,,,logit_b5,50,score_only,41,50,50
CHEMBL225,35501,unseen,1,,,logit_b5,50,score_cap1,39,50,50
CHEMBL225,35501,unseen,1,,,logit_b7,50,full,44,50,50
CHEMBL225,35501,unseen,1,,,logit_b7,50,score_only,43,50,50
CHEMBL225,35501,unseen,1,,,logit_b7,50,score_cap1,38,50,50
CHEMBL225,35501,unseen,1,,,additive_inactive,50,full,41,50,50
CHEMBL225,35501,unseen,1,,,additive_inactive,50,score_only,41,50,50
CHEMBL225,35501,unseen,1,,,additive_inactive,50,score_cap1,39,50,50
CHEMBL225,35501,unseen,1,,,blockwide_logit,50,full,40,50,50
CHEMBL225,35501,unseen,1,,,blockwide_logit,50,score_only,40,50,50
CHEMBL225,35501,unseen,1,,,blockwide_logit,50,score_cap1,39,50,50
CHEMBL225,35501,unseen,1,,,heterogeneous_inactive,50,full,41,50,50
CHEMBL225,35501,unseen,1,,,heterogeneous_inactive,50,score_only,40,50,50
CHEMBL225,35501,unseen,1,,,heterogeneous_inactive,50,score_cap1,37,50,50
CHEMBL225,35501,original,2,0.2,4.0,inactive_logit,20,full,19,20,20
CHEMBL225,35501,original,2,0.2,4.0,inactive_logit,20,score_cap1,16,20,20
CHEMBL225,35501,original,2,0.2,4.0,inactive_logit,40,full,35,40,40
CHEMBL225,35501,original,2,0.2,4.0,inactive_logit,40,score_cap1,32,40,40
CHEMBL225,35501,original,2,0.2,4.0,inactive_logit,50,score_only,41,50,50
CHEMBL225,35501,original,2,0.2,4.0,inactive_logit,50,plus_group_stats,42,50,50
CHEMBL225,35501,original,2,0.2,4.0,inactive_logit,50,plus_group_evidence,42,50,50
CHEMBL225,35501,original,2,0.2,4.0,inactive_logit,50,full,43,50,50
CHEMBL225,35501,original,2,0.2,4.0,inactive_logit,50,score_cap1,39,50,50
CHEMBL225,35501,original,2,0.2,4.0,inactive_logit,75,full,60,75,75
CHEMBL225,35501,original,2,0.2,4.0,inactive_logit,75,score_cap1,56,75,75
CHEMBL225,35501,original,2,0.2,6.0,inactive_logit,20,full,19,20,20
CHEMBL225,35501,original,2,0.2,6.0,inactive_logit,20,score_cap1,16,20,20
CHEMBL225,35501,original,2,0.2,6.0,inactive_logit,40,full,35,40,40
CHEMBL225,35501,original,2,0.2,6.0,inactive_logit,40,score_cap1,32,40,40
CHEMBL225,35501,original,2,0.2,6.0,inactive_logit,50,score_only,43,50,50
CHEMBL225,35501,original,2,0.2,6.0,inactive_logit,50,plus_group_stats,42,50,50
CHEMBL225,35501,original,2,0.2,6.0,inactive_logit,50,plus_group_evidence,42,50,50
CHEMBL225,35501,original,2,0.2,6.0,inactive_logit,50,full,43,50,50
CHEMBL225,35501,original,2,0.2,6.0,inactive_logit,50,score_cap1,39,50,50
CHEMBL225,35501,original,2,0.2,6.0,inactive_logit,75,full,60,75,75
CHEMBL225,35501,original,2,0.2,6.0,inactive_logit,75,score_cap1,56,75,75
CHEMBL225,35501,original,2,0.3,4.0,inactive_logit,20,full,18,20,20
CHEMBL225,35501,original,2,0.3,4.0,inactive_logit,20,score_cap1,14,20,20
CHEMBL225,35501,original,2,0.3,4.0,inactive_logit,40,full,33,40,40
CHEMBL225,35501,original,2,0.3,4.0,inactive_logit,40,score_cap1,30,40,40
CHEMBL225,35501,original,2,0.3,4.0,inactive_logit,50,score_only,42,50,50
CHEMBL225,35501,original,2,0.3,4.0,inactive_logit,50,plus_group_stats,40,50,50
CHEMBL225,35501,original,2,0.3,4.0,inactive_logit,50,plus_group_evidence,40,50,50
CHEMBL225,35501,original,2,0.3,4.0,inactive_logit,50,full,40,50,50
CHEMBL225,35501,original,2,0.3,4.0,inactive_logit,50,score_cap1,38,50,50
CHEMBL225,35501,original,2,0.3,4.0,inactive_logit,75,full,59,75,75
CHEMBL225,35501,original,2,0.3,4.0,inactive_logit,75,score_cap1,55,75,75
CHEMBL225,35501,original,2,0.3,6.0,inactive_logit,20,full,19,20,20
CHEMBL225,35501,original,2,0.3,6.0,inactive_logit,20,score_cap1,14,20,20
CHEMBL225,35501,original,2,0.3,6.0,inactive_logit,40,full,35,40,40
CHEMBL225,35501,original,2,0.3,6.0,inactive_logit,40,score_cap1,30,40,40
CHEMBL225,35501,original,2,0.3,6.0,inactive_logit,50,score_only,43,50,50
CHEMBL225,35501,original,2,0.3,6.0,inactive_logit,50,plus_group_stats,42,50,50
CHEMBL225,35501,original,2,0.3,6.0,inactive_logit,50,plus_group_evidence,42,50,50
CHEMBL225,35501,original,2,0.3,6.0,inactive_logit,50,full,43,50,50
CHEMBL225,35501,original,2,0.3,6.0,inactive_logit,50,score_cap1,38,50,50
CHEMBL225,35501,original,2,0.3,6.0,inactive_logit,75,full,60,75,75
CHEMBL225,35501,original,2,0.3,6.0,inactive_logit,75,score_cap1,55,75,75
CHEMBL225,35501,unseen,2,,,logit_b5,50,full,43,50,50
CHEMBL225,35501,unseen,2,,,logit_b5,50,score_only,42,50,50
CHEMBL225,35501,unseen,2,,,logit_b5,50,score_cap1,39,50,50
CHEMBL225,35501,unseen,2,,,logit_b7,50,full,44,50,50
CHEMBL225,35501,unseen,2,,,logit_b7,50,score_only,43,50,50
CHEMBL225,35501,unseen,2,,,logit_b7,50,score_cap1,38,50,50
CHEMBL225,35501,unseen,2,,,additive_inactive,50,full,42,50,50
CHEMBL225,35501,unseen,2,,,additive_inactive,50,score_only,42,50,50
CHEMBL225,35501,unseen,2,,,additive_inactive,50,score_cap1,41,50,50
CHEMBL225,35501,unseen,2,,,blockwide_logit,50,full,39,50,50
CHEMBL225,35501,unseen,2,,,blockwide_logit,50,score_only,39,50,50
CHEMBL225,35501,unseen,2,,,blockwide_logit,50,score_cap1,39,50,50
CHEMBL225,35501,unseen,2,,,heterogeneous_inactive,50,full,41,50,50
CHEMBL225,35501,unseen,2,,,heterogeneous_inactive,50,score_only,40,50,50
CHEMBL225,35501,unseen,2,,,heterogeneous_inactive,50,score_cap1,38,50,50
CHEMBL225,35501,original,3,0.2,4.0,inactive_logit,20,full,18,20,20
CHEMBL225,35501,original,3,0.2,4.0,inactive_logit,20,score_cap1,15,20,20
CHEMBL225,35501,original,3,0.2,4.0,inactive_logit,40,full,33,40,40
CHEMBL225,35501,original,3,0.2,4.0,inactive_logit,40,score_cap1,31,40,40
CHEMBL225,35501,original,3,0.2,4.0,inactive_logit,50,score_only,41,50,50
CHEMBL225,35501,original,3,0.2,4.0,inactive_logit,50,plus_group_stats,40,50,50
CHEMBL225,35501,original,3,0.2,4.0,inactive_logit,50,plus_group_evidence,40,50,50
CHEMBL225,35501,original,3,0.2,4.0,inactive_logit,50,full,41,50,50
CHEMBL225,35501,original,3,0.2,4.0,inactive_logit,50,score_cap1,38,50,50
CHEMBL225,35501,original,3,0.2,4.0,inactive_logit,75,full,58,75,75
CHEMBL225,35501,original,3,0.2,4.0,inactive_logit,75,score_cap1,55,75,75
CHEMBL225,35501,original,3,0.2,6.0,inactive_logit,20,full,19,20,20
CHEMBL225,35501,original,3,0.2,6.0,inactive_logit,20,score_cap1,15,20,20
CHEMBL225,35501,original,3,0.2,6.0,inactive_logit,40,full,33,40,40
CHEMBL225,35501,original,3,0.2,6.0,inactive_logit,40,score_cap1,31,40,40
CHEMBL225,35501,original,3,0.2,6.0,inactive_logit,50,score_only,42,50,50
CHEMBL225,35501,original,3,0.2,6.0,inactive_logit,50,plus_group_stats,40,50,50
CHEMBL225,35501,original,3,0.2,6.0,inactive_logit,50,plus_group_evidence,40,50,50
CHEMBL225,35501,original,3,0.2,6.0,inactive_logit,50,full,41,50,50
CHEMBL225,35501,original,3,0.2,6.0,inactive_logit,50,score_cap1,38,50,50
CHEMBL225,35501,original,3,0.2,6.0,inactive_logit,75,full,58,75,75
CHEMBL225,35501,original,3,0.2,6.0,inactive_logit,75,score_cap1,55,75,75
CHEMBL225,35501,original,3,0.3,4.0,inactive_logit,20,full,19,20,20
CHEMBL225,35501,original,3,0.3,4.0,inactive_logit,20,score_cap1,13,20,20
CHEMBL225,35501,original,3,0.3,4.0,inactive_logit,40,full,31,40,40
CHEMBL225,35501,original,3,0.3,4.0,inactive_logit,40,score_cap1,29,40,40
CHEMBL225,35501,original,3,0.3,4.0,inactive_logit,50,score_only,39,50,50
CHEMBL225,35501,original,3,0.3,4.0,inactive_logit,50,plus_group_stats,39,50,50
CHEMBL225,35501,original,3,0.3,4.0,inactive_logit,50,plus_group_evidence,39,50,50
CHEMBL225,35501,original,3,0.3,4.0,inactive_logit,50,full,39,50,50
CHEMBL225,35501,original,3,0.3,4.0,inactive_logit,50,score_cap1,37,50,50
CHEMBL225,35501,original,3,0.3,4.0,inactive_logit,75,full,57,75,75
CHEMBL225,35501,original,3,0.3,4.0,inactive_logit,75,score_cap1,54,75,75
CHEMBL225,35501,original,3,0.3,6.0,inactive_logit,20,full,19,20,20
CHEMBL225,35501,original,3,0.3,6.0,inactive_logit,20,score_cap1,13,20,20
CHEMBL225,35501,original,3,0.3,6.0,inactive_logit,40,full,35,40,40
CHEMBL225,35501,original,3,0.3,6.0,inactive_logit,40,score_cap1,29,40,40
CHEMBL225,35501,original,3,0.3,6.0,inactive_logit,50,score_only,42,50,50
CHEMBL225,35501,original,3,0.3,6.0,inactive_logit,50,plus_group_stats,42,50,50
CHEMBL225,35501,original,3,0.3,6.0,inactive_logit,50,plus_group_evidence,42,50,50
CHEMBL225,35501,original,3,0.3,6.0,inactive_logit,50,full,43,50,50
CHEMBL225,35501,original,3,0.3,6.0,inactive_logit,50,score_cap1,37,50,50
CHEMBL225,35501,original,3,0.3,6.0,inactive_logit,75,full,57,75,75
CHEMBL225,35501,original,3,0.3,6.0,inactive_logit,75,score_cap1,54,75,75
CHEMBL225,35501,unseen,3,,,logit_b5,50,full,40,50,50
CHEMBL225,35501,unseen,3,,,logit_b5,50,score_only,41,50,50
CHEMBL225,35501,unseen,3,,,logit_b5,50,score_cap1,39,50,50
CHEMBL225,35501,unseen,3,,,logit_b7,50,full,43,50,50
CHEMBL225,35501,unseen,3,,,logit_b7,50,score_only,43,50,50
CHEMBL225,35501,unseen,3,,,logit_b7,50,score_cap1,38,50,50
CHEMBL225,35501,unseen,3,,,additive_inactive,50,full,43,50,50
CHEMBL225,35501,unseen,3,,,additive_inactive,50,score_only,43,50,50
CHEMBL225,35501,unseen,3,,,additive_inactive,50,score_cap1,41,50,50
CHEMBL225,35501,unseen,3,,,blockwide_logit,50,full,41,50,50
CHEMBL225,35501,unseen,3,,,blockwide_logit,50,score_only,40,50,50
CHEMBL225,35501,unseen,3,,,blockwide_logit,50,score_cap1,39,50,50
CHEMBL225,35501,unseen,3,,,heterogeneous_inactive,50,full,42,50,50
CHEMBL225,35501,unseen,3,,,heterogeneous_inactive,50,score_only,42,50,50
CHEMBL225,35501,unseen,3,,,heterogeneous_inactive,50,score_cap1,38,50,50
CHEMBL225,35501,original,4,0.2,4.0,inactive_logit,20,full,18,20,20
CHEMBL225,35501,original,4,0.2,4.0,inactive_logit,20,score_cap1,15,20,20
CHEMBL225,35501,original,4,0.2,4.0,inactive_logit,40,full,35,40,40
CHEMBL225,35501,original,4,0.2,4.0,inactive_logit,40,score_cap1,32,40,40
CHEMBL225,35501,original,4,0.2,4.0,inactive_logit,50,score_only,41,50,50
CHEMBL225,35501,original,4,0.2,4.0,inactive_logit,50,plus_group_stats,42,50,50
CHEMBL225,35501,original,4,0.2,4.0,inactive_logit,50,plus_group_evidence,42,50,50
CHEMBL225,35501,original,4,0.2,4.0,inactive_logit,50,full,43,50,50
CHEMBL225,35501,original,4,0.2,4.0,inactive_logit,50,score_cap1,39,50,50
CHEMBL225,35501,original,4,0.2,4.0,inactive_logit,75,full,59,75,75
CHEMBL225,35501,original,4,0.2,4.0,inactive_logit,75,score_cap1,56,75,75
CHEMBL225,35501,original,4,0.2,6.0,inactive_logit,20,full,19,20,20
CHEMBL225,35501,original,4,0.2,6.0,inactive_logit,20,score_cap1,15,20,20
CHEMBL225,35501,original,4,0.2,6.0,inactive_logit,40,full,35,40,40
CHEMBL225,35501,original,4,0.2,6.0,inactive_logit,40,score_cap1,32,40,40
CHEMBL225,35501,original,4,0.2,6.0,inactive_logit,50,score_only,43,50,50
CHEMBL225,35501,original,4,0.2,6.0,inactive_logit,50,plus_group_stats,42,50,50
CHEMBL225,35501,original,4,0.2,6.0,inactive_logit,50,plus_group_evidence,42,50,50
CHEMBL225,35501,original,4,0.2,6.0,inactive_logit,50,full,43,50,50
CHEMBL225,35501,original,4,0.2,6.0,inactive_logit,50,score_cap1,39,50,50
CHEMBL225,35501,original,4,0.2,6.0,inactive_logit,75,full,59,75,75
CHEMBL225,35501,original,4,0.2,6.0,inactive_logit,75,score_cap1,56,75,75
CHEMBL225,35501,original,4,0.3,4.0,inactive_logit,20,full,18,20,20
CHEMBL225,35501,original,4,0.3,4.0,inactive_logit,20,score_cap1,14,20,20
CHEMBL225,35501,original,4,0.3,4.0,inactive_logit,40,full,34,40,40
CHEMBL225,35501,original,4,0.3,4.0,inactive_logit,40,score_cap1,30,40,40
CHEMBL225,35501,original,4,0.3,4.0,inactive_logit,50,score_only,41,50,50
CHEMBL225,35501,original,4,0.3,4.0,inactive_logit,50,plus_group_stats,41,50,50
CHEMBL225,35501,original,4,0.3,4.0,inactive_logit,50,plus_group_evidence,41,50,50
CHEMBL225,35501,original,4,0.3,4.0,inactive_logit,50,full,42,50,50
CHEMBL225,35501,original,4,0.3,4.0,inactive_logit,50,score_cap1,37,50,50
CHEMBL225,35501,original,4,0.3,4.0,inactive_logit,75,full,59,75,75
CHEMBL225,35501,original,4,0.3,4.0,inactive_logit,75,score_cap1,54,75,75
CHEMBL225,35501,original,4,0.3,6.0,inactive_logit,20,full,19,20,20
CHEMBL225,35501,original,4,0.3,6.0,inactive_logit,20,score_cap1,14,20,20
CHEMBL225,35501,original,4,0.3,6.0,inactive_logit,40,full,35,40,40
CHEMBL225,35501,original,4,0.3,6.0,inactive_logit,40,score_cap1,30,40,40
CHEMBL225,35501,original,4,0.3,6.0,inactive_logit,50,score_only,43,50,50
CHEMBL225,35501,original,4,0.3,6.0,inactive_logit,50,plus_group_stats,42,50,50
CHEMBL225,35501,original,4,0.3,6.0,inactive_logit,50,plus_group_evidence,42,50,50
CHEMBL225,35501,original,4,0.3,6.0,inactive_logit,50,full,43,50,50
CHEMBL225,35501,original,4,0.3,6.0,inactive_logit,50,score_cap1,37,50,50
CHEMBL225,35501,original,4,0.3,6.0,inactive_logit,75,full,60,75,75
CHEMBL225,35501,original,4,0.3,6.0,inactive_logit,75,score_cap1,54,75,75
CHEMBL225,35501,unseen,4,,,logit_b5,50,full,44,50,50
CHEMBL225,35501,unseen,4,,,logit_b5,50,score_only,43,50,50
CHEMBL225,35501,unseen,4,,,logit_b5,50,score_cap1,39,50,50
CHEMBL225,35501,unseen,4,,,logit_b7,50,full,44,50,50
CHEMBL225,35501,unseen,4,,,logit_b7,50,score_only,43,50,50
CHEMBL225,35501,unseen,4,,,logit_b7,50,score_cap1,38,50,50
CHEMBL225,35501,unseen,4,,,additive_inactive,50,full,44,50,50
CHEMBL225,35501,unseen,4,,,additive_inactive,50,score_only,44,50,50
CHEMBL225,35501,unseen,4,,,additive_inactive,50,score_cap1,41,50,50
CHEMBL225,35501,unseen,4,,,blockwide_logit,50,full,43,50,50
CHEMBL225,35501,unseen,4,,,blockwide_logit,50,score_only,42,50,50
CHEMBL225,35501,unseen,4,,,blockwide_logit,50,score_cap1,39,50,50
CHEMBL225,35501,unseen,4,,,heterogeneous_inactive,50,full,43,50,50
CHEMBL225,35501,unseen,4,,,heterogeneous_inactive,50,score_only,42,50,50
CHEMBL225,35501,unseen,4,,,heterogeneous_inactive,50,score_cap1,39,50,50
CHEMBL225,35501,original,5,0.2,4.0,inactive_logit,20,full,18,20,20
CHEMBL225,35501,original,5,0.2,4.0,inactive_logit,20,score_cap1,15,20,20
CHEMBL225,35501,original,5,0.2,4.0,inactive_logit,40,full,32,40,40
CHEMBL225,35501,original,5,0.2,4.0,inactive_logit,40,score_cap1,31,40,40
CHEMBL225,35501,original,5,0.2,4.0,inactive_logit,50,score_only,40,50,50
CHEMBL225,35501,original,5,0.2,4.0,inactive_logit,50,plus_group_stats,39,50,50
CHEMBL225,35501,original,5,0.2,4.0,inactive_logit,50,plus_group_evidence,39,50,50
CHEMBL225,35501,original,5,0.2,4.0,inactive_logit,50,full,40,50,50
CHEMBL225,35501,original,5,0.2,4.0,inactive_logit,50,score_cap1,39,50,50
CHEMBL225,35501,original,5,0.2,4.0,inactive_logit,75,full,58,75,75
CHEMBL225,35501,original,5,0.2,4.0,inactive_logit,75,score_cap1,55,75,75
CHEMBL225,35501,original,5,0.2,6.0,inactive_logit,20,full,19,20,20
CHEMBL225,35501,original,5,0.2,6.0,inactive_logit,20,score_cap1,15,20,20
CHEMBL225,35501,original,5,0.2,6.0,inactive_logit,40,full,33,40,40
CHEMBL225,35501,original,5,0.2,6.0,inactive_logit,40,score_cap1,31,40,40
CHEMBL225,35501,original,5,0.2,6.0,inactive_logit,50,score_only,42,50,50
CHEMBL225,35501,original,5,0.2,6.0,inactive_logit,50,plus_group_stats,40,50,50
CHEMBL225,35501,original,5,0.2,6.0,inactive_logit,50,plus_group_evidence,40,50,50
CHEMBL225,35501,original,5,0.2,6.0,inactive_logit,50,full,41,50,50
CHEMBL225,35501,original,5,0.2,6.0,inactive_logit,50,score_cap1,39,50,50
CHEMBL225,35501,original,5,0.2,6.0,inactive_logit,75,full,58,75,75
CHEMBL225,35501,original,5,0.2,6.0,inactive_logit,75,score_cap1,55,75,75
CHEMBL225,35501,original,5,0.3,4.0,inactive_logit,20,full,18,20,20
CHEMBL225,35501,original,5,0.3,4.0,inactive_logit,20,score_cap1,13,20,20
CHEMBL225,35501,original,5,0.3,4.0,inactive_logit,40,full,31,40,40
CHEMBL225,35501,original,5,0.3,4.0,inactive_logit,40,score_cap1,29,40,40
CHEMBL225,35501,original,5,0.3,4.0,inactive_logit,50,score_only,39,50,50
CHEMBL225,35501,original,5,0.3,4.0,inactive_logit,50,plus_group_stats,39,50,50
CHEMBL225,35501,original,5,0.3,4.0,inactive_logit,50,plus_group_evidence,39,50,50
CHEMBL225,35501,original,5,0.3,4.0,inactive_logit,50,full,39,50,50
CHEMBL225,35501,original,5,0.3,4.0,inactive_logit,50,score_cap1,37,50,50
CHEMBL225,35501,original,5,0.3,4.0,inactive_logit,75,full,57,75,75
CHEMBL225,35501,original,5,0.3,4.0,inactive_logit,75,score_cap1,54,75,75
CHEMBL225,35501,original,5,0.3,6.0,inactive_logit,20,full,19,20,20
CHEMBL225,35501,original,5,0.3,6.0,inactive_logit,20,score_cap1,13,20,20
CHEMBL225,35501,original,5,0.3,6.0,inactive_logit,40,full,33,40,40
CHEMBL225,35501,original,5,0.3,6.0,inactive_logit,40,score_cap1,29,40,40
CHEMBL225,35501,original,5,0.3,6.0,inactive_logit,50,score_only,42,50,50
CHEMBL225,35501,original,5,0.3,6.0,inactive_logit,50,plus_group_stats,40,50,50
CHEMBL225,35501,original,5,0.3,6.0,inactive_logit,50,plus_group_evidence,40,50,50
CHEMBL225,35501,original,5,0.3,6.0,inactive_logit,50,full,40,50,50
CHEMBL225,35501,original,5,0.3,6.0,inactive_logit,50,score_cap1,37,50,50
CHEMBL225,35501,original,5,0.3,6.0,inactive_logit,75,full,57,75,75
CHEMBL225,35501,original,5,0.3,6.0,inactive_logit,75,score_cap1,54,75,75
CHEMBL225,35501,unseen,5,,,logit_b5,50,full,41,50,50
CHEMBL225,35501,unseen,5,,,logit_b5,50,score_only,41,50,50
CHEMBL225,35501,unseen,5,,,logit_b5,50,score_cap1,39,50,50
CHEMBL225,35501,unseen,5,,,logit_b7,50,full,44,50,50
CHEMBL225,35501,unseen,5,,,logit_b7,50,score_only,43,50,50
CHEMBL225,35501,unseen,5,,,logit_b7,50,score_cap1,38,50,50
CHEMBL225,35501,unseen,5,,,additive_inactive,50,full,41,50,50
CHEMBL225,35501,unseen,5,,,additive_inactive,50,score_only,41,50,50
CHEMBL225,35501,unseen,5,,,additive_inactive,50,score_cap1,40,50,50
CHEMBL225,35501,unseen,5,,,blockwide_logit,50,full,39,50,50
CHEMBL225,35501,unseen,5,,,blockwide_logit,50,score_only,40,50,50
CHEMBL225,35501,unseen,5,,,blockwide_logit,50,score_cap1,39,50,50
CHEMBL225,35501,unseen,5,,,heterogeneous_inactive,50,full,42,50,50
CHEMBL225,35501,unseen,5,,,heterogeneous_inactive,50,score_only,40,50,50
CHEMBL225,35501,unseen,5,,,heterogeneous_inactive,50,score_cap1,38,50,50
CHEMBL225,35501,original,6,0.2,4.0,inactive_logit,20,full,19,20,20
CHEMBL225,35501,original,6,0.2,4.0,inactive_logit,20,score_cap1,15,20,20
CHEMBL225,35501,original,6,0.2,4.0,inactive_logit,40,full,33,40,40
CHEMBL225,35501,original,6,0.2,4.0,inactive_logit,40,score_cap1,31,40,40
CHEMBL225,35501,original,6,0.2,4.0,inactive_logit,50,score_only,42,50,50
CHEMBL225,35501,original,6,0.2,4.0,inactive_logit,50,plus_group_stats,40,50,50
CHEMBL225,35501,original,6,0.2,4.0,inactive_logit,50,plus_group_evidence,40,50,50
CHEMBL225,35501,original,6,0.2,4.0,inactive_logit,50,full,41,50,50
CHEMBL225,35501,original,6,0.2,4.0,inactive_logit,50,score_cap1,38,50,50
CHEMBL225,35501,original,6,0.2,4.0,inactive_logit,75,full,59,75,75
CHEMBL225,35501,original,6,0.2,4.0,inactive_logit,75,score_cap1,56,75,75
CHEMBL225,35501,original,6,0.2,6.0,inactive_logit,20,full,19,20,20
CHEMBL225,35501,original,6,0.2,6.0,inactive_logit,20,score_cap1,15,20,20
CHEMBL225,35501,original,6,0.2,6.0,inactive_logit,40,full,35,40,40
CHEMBL225,35501,original,6,0.2,6.0,inactive_logit,40,score_cap1,31,40,40
CHEMBL225,35501,original,6,0.2,6.0,inactive_logit,50,score_only,42,50,50
CHEMBL225,35501,original,6,0.2,6.0,inactive_logit,50,plus_group_stats,42,50,50
CHEMBL225,35501,original,6,0.2,6.0,inactive_logit,50,plus_group_evidence,42,50,50
CHEMBL225,35501,original,6,0.2,6.0,inactive_logit,50,full,43,50,50
CHEMBL225,35501,original,6,0.2,6.0,inactive_logit,50,score_cap1,38,50,50
CHEMBL225,35501,original,6,0.2,6.0,inactive_logit,75,full,60,75,75
CHEMBL225,35501,original,6,0.2,6.0,inactive_logit,75,score_cap1,56,75,75
CHEMBL225,35501,original,6,0.3,4.0,inactive_logit,20,full,18,20,20
CHEMBL225,35501,original,6,0.3,4.0,inactive_logit,20,score_cap1,14,20,20
CHEMBL225,35501,original,6,0.3,4.0,inactive_logit,40,full,33,40,40
CHEMBL225,35501,original,6,0.3,4.0,inactive_logit,40,score_cap1,30,40,40
CHEMBL225,35501,original,6,0.3,4.0,inactive_logit,50,score_only,41,50,50
CHEMBL225,35501,original,6,0.3,4.0,inactive_logit,50,plus_group_stats,40,50,50
CHEMBL225,35501,original,6,0.3,4.0,inactive_logit,50,plus_group_evidence,40,50,50
CHEMBL225,35501,original,6,0.3,4.0,inactive_logit,50,full,40,50,50
CHEMBL225,35501,original,6,0.3,4.0,inactive_logit,50,score_cap1,38,50,50
CHEMBL225,35501,original,6,0.3,4.0,inactive_logit,75,full,58,75,75
CHEMBL225,35501,original,6,0.3,4.0,inactive_logit,75,score_cap1,55,75,75
CHEMBL225,35501,original,6,0.3,6.0,inactive_logit,20,full,19,20,20
CHEMBL225,35501,original,6,0.3,6.0,inactive_logit,20,score_cap1,14,20,20
CHEMBL225,35501,original,6,0.3,6.0,inactive_logit,40,full,34,40,40
CHEMBL225,35501,original,6,0.3,6.0,inactive_logit,40,score_cap1,30,40,40
CHEMBL225,35501,original,6,0.3,6.0,inactive_logit,50,score_only,43,50,50
CHEMBL225,35501,original,6,0.3,6.0,inactive_logit,50,plus_group_stats,41,50,50
CHEMBL225,35501,original,6,0.3,6.0,inactive_logit,50,plus_group_evidence,41,50,50
CHEMBL225,35501,original,6,0.3,6.0,inactive_logit,50,full,42,50,50
CHEMBL225,35501,original,6,0.3,6.0,inactive_logit,50,score_cap1,38,50,50
CHEMBL225,35501,original,6,0.3,6.0,inactive_logit,75,full,59,75,75
CHEMBL225,35501,original,6,0.3,6.0,inactive_logit,75,score_cap1,55,75,75
CHEMBL225,35501,unseen,6,,,logit_b5,50,full,40,50,50
CHEMBL225,35501,unseen,6,,,logit_b5,50,score_only,41,50,50
CHEMBL225,35501,unseen,6,,,logit_b5,50,score_cap1,39,50,50
CHEMBL225,35501,unseen,6,,,logit_b7,50,full,44,50,50
CHEMBL225,35501,unseen,6,,,logit_b7,50,score_only,44,50,50
CHEMBL225,35501,unseen,6,,,logit_b7,50,score_cap1,38,50,50
CHEMBL225,35501,unseen,6,,,additive_inactive,50,full,44,50,50
CHEMBL225,35501,unseen,6,,,additive_inactive,50,score_only,43,50,50
CHEMBL225,35501,unseen,6,,,additive_inactive,50,score_cap1,41,50,50
CHEMBL225,35501,unseen,6,,,blockwide_logit,50,full,41,50,50
CHEMBL225,35501,unseen,6,,,blockwide_logit,50,score_only,41,50,50
CHEMBL225,35501,unseen,6,,,blockwide_logit,50,score_cap1,39,50,50
CHEMBL225,35501,unseen,6,,,heterogeneous_inactive,50,full,42,50,50
CHEMBL225,35501,unseen,6,,,heterogeneous_inactive,50,score_only,42,50,50
CHEMBL225,35501,unseen,6,,,heterogeneous_inactive,50,score_cap1,39,50,50
CHEMBL225,35501,original,7,0.2,4.0,inactive_logit,20,full,19,20,20
CHEMBL225,35501,original,7,0.2,4.0,inactive_logit,20,score_cap1,15,20,20
CHEMBL225,35501,original,7,0.2,4.0,inactive_logit,40,full,32,40,40
CHEMBL225,35501,original,7,0.2,4.0,inactive_logit,40,score_cap1,31,40,40
CHEMBL225,35501,original,7,0.2,4.0,inactive_logit,50,score_only,41,50,50
CHEMBL225,35501,original,7,0.2,4.0,inactive_logit,50,plus_group_stats,39,50,50
CHEMBL225,35501,original,7,0.2,4.0,inactive_logit,50,plus_group_evidence,39,50,50
CHEMBL225,35501,original,7,0.2,4.0,inactive_logit,50,full,40,50,50
CHEMBL225,35501,original,7,0.2,4.0,inactive_logit,50,score_cap1,39,50,50
CHEMBL225,35501,original,7,0.2,4.0,inactive_logit,75,full,58,75,75
CHEMBL225,35501,original,7,0.2,4.0,inactive_logit,75,score_cap1,56,75,75
CHEMBL225,35501,original,7,0.2,6.0,inactive_logit,20,full,19,20,20
CHEMBL225,35501,original,7,0.2,6.0,inactive_logit,20,score_cap1,15,20,20
CHEMBL225,35501,original,7,0.2,6.0,inactive_logit,40,full,34,40,40
CHEMBL225,35501,original,7,0.2,6.0,inactive_logit,40,score_cap1,31,40,40
CHEMBL225,35501,original,7,0.2,6.0,inactive_logit,50,score_only,42,50,50
CHEMBL225,35501,original,7,0.2,6.0,inactive_logit,50,plus_group_stats,41,50,50
CHEMBL225,35501,original,7,0.2,6.0,inactive_logit,50,plus_group_evidence,41,50,50
CHEMBL225,35501,original,7,0.2,6.0,inactive_logit,50,full,42,50,50
CHEMBL225,35501,original,7,0.2,6.0,inactive_logit,50,score_cap1,39,50,50
CHEMBL225,35501,original,7,0.2,6.0,inactive_logit,75,full,59,75,75
CHEMBL225,35501,original,7,0.2,6.0,inactive_logit,75,score_cap1,56,75,75
CHEMBL225,35501,original,7,0.3,4.0,inactive_logit,20,full,18,20,20
CHEMBL225,35501,original,7,0.3,4.0,inactive_logit,20,score_cap1,13,20,20
CHEMBL225,35501,original,7,0.3,4.0,inactive_logit,40,full,31,40,40
CHEMBL225,35501,original,7,0.3,4.0,inactive_logit,40,score_cap1,29,40,40
CHEMBL225,35501,original,7,0.3,4.0,inactive_logit,50,score_only,39,50,50
CHEMBL225,35501,original,7,0.3,4.0,inactive_logit,50,plus_group_stats,38,50,50
CHEMBL225,35501,original,7,0.3,4.0,inactive_logit,50,plus_group_evidence,38,50,50
CHEMBL225,35501,original,7,0.3,4.0,inactive_logit,50,full,39,50,50
CHEMBL225,35501,original,7,0.3,4.0,inactive_logit,50,score_cap1,37,50,50
CHEMBL225,35501,original,7,0.3,4.0,inactive_logit,75,full,57,75,75
CHEMBL225,35501,original,7,0.3,4.0,inactive_logit,75,score_cap1,55,75,75
CHEMBL225,35501,original,7,0.3,6.0,inactive_logit,20,full,19,20,20
CHEMBL225,35501,original,7,0.3,6.0,inactive_logit,20,score_cap1,13,20,20
CHEMBL225,35501,original,7,0.3,6.0,inactive_logit,40,full,32,40,40
CHEMBL225,35501,original,7,0.3,6.0,inactive_logit,40,score_cap1,29,40,40
CHEMBL225,35501,original,7,0.3,6.0,inactive_logit,50,score_only,42,50,50
CHEMBL225,35501,original,7,0.3,6.0,inactive_logit,50,plus_group_stats,39,50,50
CHEMBL225,35501,original,7,0.3,6.0,inactive_logit,50,plus_group_evidence,39,50,50
CHEMBL225,35501,original,7,0.3,6.0,inactive_logit,50,full,40,50,50
CHEMBL225,35501,original,7,0.3,6.0,inactive_logit,50,score_cap1,37,50,50
CHEMBL225,35501,original,7,0.3,6.0,inactive_logit,75,full,57,75,75
CHEMBL225,35501,original,7,0.3,6.0,inactive_logit,75,score_cap1,55,75,75
CHEMBL225,35501,unseen,7,,,logit_b5,50,full,40,50,50
CHEMBL225,35501,unseen,7,,,logit_b5,50,score_only,41,50,50
CHEMBL225,35501,unseen,7,,,logit_b5,50,score_cap1,39,50,50
CHEMBL225,35501,unseen,7,,,logit_b7,50,full,44,50,50
CHEMBL225,35501,unseen,7,,,logit_b7,50,score_only,43,50,50
CHEMBL225,35501,unseen,7,,,logit_b7,50,score_cap1,38,50,50
CHEMBL225,35501,unseen,7,,,additive_inactive,50,full,42,50,50
CHEMBL225,35501,unseen,7,,,additive_inactive,50,score_only,42,50,50
CHEMBL225,35501,unseen,7,,,additive_inactive,50,score_cap1,41,50,50
CHEMBL225,35501,unseen,7,,,blockwide_logit,50,full,39,50,50
CHEMBL225,35501,unseen,7,,,blockwide_logit,50,score_only,39,50,50
CHEMBL225,35501,unseen,7,,,blockwide_logit,50,score_cap1,39,50,50
CHEMBL225,35501,unseen,7,,,heterogeneous_inactive,50,full,40,50,50
CHEMBL225,35501,unseen,7,,,heterogeneous_inactive,50,score_only,39,50,50
CHEMBL225,35501,unseen,7,,,heterogeneous_inactive,50,score_cap1,38,50,50
CHEMBL225,35501,original,8,0.2,4.0,inactive_logit,20,full,19,20,20
CHEMBL225,35501,original,8,0.2,4.0,inactive_logit,20,score_cap1,15,20,20
CHEMBL225,35501,original,8,0.2,4.0,inactive_logit,40,full,34,40,40
CHEMBL225,35501,original,8,0.2,4.0,inactive_logit,40,score_cap1,32,40,40
CHEMBL225,35501,original,8,0.2,4.0,inactive_logit,50,score_only,42,50,50
CHEMBL225,35501,original,8,0.2,4.0,inactive_logit,50,plus_group_stats,41,50,50
CHEMBL225,35501,original,8,0.2,4.0,inactive_logit,50,plus_group_evidence,41,50,50
CHEMBL225,35501,original,8,0.2,4.0,inactive_logit,50,full,42,50,50
CHEMBL225,35501,original,8,0.2,4.0,inactive_logit,50,score_cap1,39,50,50
CHEMBL225,35501,original,8,0.2,4.0,inactive_logit,75,full,59,75,75
CHEMBL225,35501,original,8,0.2,4.0,inactive_logit,75,score_cap1,56,75,75
CHEMBL225,35501,original,8,0.2,6.0,inactive_logit,20,full,19,20,20
CHEMBL225,35501,original,8,0.2,6.0,inactive_logit,20,score_cap1,15,20,20
CHEMBL225,35501,original,8,0.2,6.0,inactive_logit,40,full,35,40,40
CHEMBL225,35501,original,8,0.2,6.0,inactive_logit,40,score_cap1,32,40,40
CHEMBL225,35501,original,8,0.2,6.0,inactive_logit,50,score_only,43,50,50
CHEMBL225,35501,original,8,0.2,6.0,inactive_logit,50,plus_group_stats,42,50,50
CHEMBL225,35501,original,8,0.2,6.0,inactive_logit,50,plus_group_evidence,42,50,50
CHEMBL225,35501,original,8,0.2,6.0,inactive_logit,50,full,43,50,50
CHEMBL225,35501,original,8,0.2,6.0,inactive_logit,50,score_cap1,39,50,50
CHEMBL225,35501,original,8,0.2,6.0,inactive_logit,75,full,59,75,75
CHEMBL225,35501,original,8,0.2,6.0,inactive_logit,75,score_cap1,56,75,75
CHEMBL225,35501,original,8,0.3,4.0,inactive_logit,20,full,18,20,20
CHEMBL225,35501,original,8,0.3,4.0,inactive_logit,20,score_cap1,13,20,20
CHEMBL225,35501,original,8,0.3,4.0,inactive_logit,40,full,31,40,40
CHEMBL225,35501,original,8,0.3,4.0,inactive_logit,40,score_cap1,29,40,40
CHEMBL225,35501,original,8,0.3,4.0,inactive_logit,50,score_only,39,50,50
CHEMBL225,35501,original,8,0.3,4.0,inactive_logit,50,plus_group_stats,38,50,50
CHEMBL225,35501,original,8,0.3,4.0,inactive_logit,50,plus_group_evidence,38,50,50
CHEMBL225,35501,original,8,0.3,4.0,inactive_logit,50,full,39,50,50
CHEMBL225,35501,original,8,0.3,4.0,inactive_logit,50,score_cap1,37,50,50
CHEMBL225,35501,original,8,0.3,4.0,inactive_logit,75,full,57,75,75
CHEMBL225,35501,original,8,0.3,4.0,inactive_logit,75,score_cap1,55,75,75
CHEMBL225,35501,original,8,0.3,6.0,inactive_logit,20,full,19,20,20
CHEMBL225,35501,original,8,0.3,6.0,inactive_logit,20,score_cap1,13,20,20
CHEMBL225,35501,original,8,0.3,6.0,inactive_logit,40,full,33,40,40
CHEMBL225,35501,original,8,0.3,6.0,inactive_logit,40,score_cap1,29,40,40
CHEMBL225,35501,original,8,0.3,6.0,inactive_logit,50,score_only,42,50,50
CHEMBL225,35501,original,8,0.3,6.0,inactive_logit,50,plus_group_stats,40,50,50
CHEMBL225,35501,original,8,0.3,6.0,inactive_logit,50,plus_group_evidence,40,50,50
CHEMBL225,35501,original,8,0.3,6.0,inactive_logit,50,full,41,50,50
CHEMBL225,35501,original,8,0.3,6.0,inactive_logit,50,score_cap1,37,50,50
CHEMBL225,35501,original,8,0.3,6.0,inactive_logit,75,full,58,75,75
CHEMBL225,35501,original,8,0.3,6.0,inactive_logit,75,score_cap1,55,75,75
CHEMBL225,35501,unseen,8,,,logit_b5,50,full,40,50,50
CHEMBL225,35501,unseen,8,,,logit_b5,50,score_only,41,50,50
CHEMBL225,35501,unseen,8,,,logit_b5,50,score_cap1,39,50,50
CHEMBL225,35501,unseen,8,,,logit_b7,50,full,43,50,50
CHEMBL225,35501,unseen,8,,,logit_b7,50,score_only,42,50,50
CHEMBL225,35501,unseen,8,,,logit_b7,50,score_cap1,37,50,50
CHEMBL225,35501,unseen,8,,,additive_inactive,50,full,44,50,50
CHEMBL225,35501,unseen,8,,,additive_inactive,50,score_only,43,50,50
CHEMBL225,35501,unseen,8,,,additive_inactive,50,score_cap1,40,50,50
CHEMBL225,35501,unseen,8,,,blockwide_logit,50,full,42,50,50
CHEMBL225,35501,unseen,8,,,blockwide_logit,50,score_only,41,50,50
CHEMBL225,35501,unseen,8,,,blockwide_logit,50,score_cap1,39,50,50
CHEMBL225,35501,unseen,8,,,heterogeneous_inactive,50,full,42,50,50
CHEMBL225,35501,unseen,8,,,heterogeneous_inactive,50,score_only,42,50,50
CHEMBL225,35501,unseen,8,,,heterogeneous_inactive,50,score_cap1,38,50,50
CHEMBL225,35501,original,9,0.2,4.0,inactive_logit,20,full,18,20,20
CHEMBL225,35501,original,9,0.2,4.0,inactive_logit,20,score_cap1,15,20,20
CHEMBL225,35501,original,9,0.2,4.0,inactive_logit,40,full,34,40,40
CHEMBL225,35501,original,9,0.2,4.0,inactive_logit,40,score_cap1,32,40,40
CHEMBL225,35501,original,9,0.2,4.0,inactive_logit,50,score_only,41,50,50
CHEMBL225,35501,original,9,0.2,4.0,inactive_logit,50,plus_group_stats,41,50,50
CHEMBL225,35501,original,9,0.2,4.0,inactive_logit,50,plus_group_evidence,41,50,50
CHEMBL225,35501,original,9,0.2,4.0,inactive_logit,50,full,42,50,50
CHEMBL225,35501,original,9,0.2,4.0,inactive_logit,50,score_cap1,39,50,50
CHEMBL225,35501,original,9,0.2,4.0,inactive_logit,75,full,59,75,75
CHEMBL225,35501,original,9,0.2,4.0,inactive_logit,75,score_cap1,56,75,75
CHEMBL225,35501,original,9,0.2,6.0,inactive_logit,20,full,19,20,20
CHEMBL225,35501,original,9,0.2,6.0,inactive_logit,20,score_cap1,15,20,20
CHEMBL225,35501,original,9,0.2,6.0,inactive_logit,40,full,35,40,40
CHEMBL225,35501,original,9,0.2,6.0,inactive_logit,40,score_cap1,32,40,40
CHEMBL225,35501,original,9,0.2,6.0,inactive_logit,50,score_only,43,50,50
CHEMBL225,35501,original,9,0.2,6.0,inactive_logit,50,plus_group_stats,42,50,50
CHEMBL225,35501,original,9,0.2,6.0,inactive_logit,50,plus_group_evidence,42,50,50
CHEMBL225,35501,original,9,0.2,6.0,inactive_logit,50,full,43,50,50
CHEMBL225,35501,original,9,0.2,6.0,inactive_logit,50,score_cap1,39,50,50
CHEMBL225,35501,original,9,0.2,6.0,inactive_logit,75,full,59,75,75
CHEMBL225,35501,original,9,0.2,6.0,inactive_logit,75,score_cap1,56,75,75
CHEMBL225,35501,original,9,0.3,4.0,inactive_logit,20,full,18,20,20
CHEMBL225,35501,original,9,0.3,4.0,inactive_logit,20,score_cap1,14,20,20
CHEMBL225,35501,original,9,0.3,4.0,inactive_logit,40,full,32,40,40
CHEMBL225,35501,original,9,0.3,4.0,inactive_logit,40,score_cap1,30,40,40
CHEMBL225,35501,original,9,0.3,4.0,inactive_logit,50,score_only,40,50,50
CHEMBL225,35501,original,9,0.3,4.0,inactive_logit,50,plus_group_stats,40,50,50
CHEMBL225,35501,original,9,0.3,4.0,inactive_logit,50,plus_group_evidence,40,50,50
CHEMBL225,35501,original,9,0.3,4.0,inactive_logit,50,full,40,50,50
CHEMBL225,35501,original,9,0.3,4.0,inactive_logit,50,score_cap1,38,50,50
CHEMBL225,35501,original,9,0.3,4.0,inactive_logit,75,full,58,75,75
CHEMBL225,35501,original,9,0.3,4.0,inactive_logit,75,score_cap1,55,75,75
CHEMBL225,35501,original,9,0.3,6.0,inactive_logit,20,full,19,20,20
CHEMBL225,35501,original,9,0.3,6.0,inactive_logit,20,score_cap1,14,20,20
CHEMBL225,35501,original,9,0.3,6.0,inactive_logit,40,full,35,40,40
CHEMBL225,35501,original,9,0.3,6.0,inactive_logit,40,score_cap1,30,40,40
CHEMBL225,35501,original,9,0.3,6.0,inactive_logit,50,score_only,43,50,50
CHEMBL225,35501,original,9,0.3,6.0,inactive_logit,50,plus_group_stats,42,50,50
CHEMBL225,35501,original,9,0.3,6.0,inactive_logit,50,plus_group_evidence,42,50,50
CHEMBL225,35501,original,9,0.3,6.0,inactive_logit,50,full,43,50,50
CHEMBL225,35501,original,9,0.3,6.0,inactive_logit,50,score_cap1,38,50,50
CHEMBL225,35501,original,9,0.3,6.0,inactive_logit,75,full,58,75,75
CHEMBL225,35501,original,9,0.3,6.0,inactive_logit,75,score_cap1,55,75,75
CHEMBL225,35501,unseen,9,,,logit_b5,50,full,40,50,50
CHEMBL225,35501,unseen,9,,,logit_b5,50,score_only,41,50,50
CHEMBL225,35501,unseen,9,,,logit_b5,50,score_cap1,39,50,50
CHEMBL225,35501,unseen,9,,,logit_b7,50,full,43,50,50
CHEMBL225,35501,unseen,9,,,logit_b7,50,score_only,42,50,50
CHEMBL225,35501,unseen,9,,,logit_b7,50,score_cap1,37,50,50
CHEMBL225,35501,unseen,9,,,additive_inactive,50,full,44,50,50
CHEMBL225,35501,unseen,9,,,additive_inactive,50,score_only,43,50,50
CHEMBL225,35501,unseen,9,,,additive_inactive,50,score_cap1,41,50,50
CHEMBL225,35501,unseen,9,,,blockwide_logit,50,full,41,50,50
CHEMBL225,35501,unseen,9,,,blockwide_logit,50,score_only,41,50,50
CHEMBL225,35501,unseen,9,,,blockwide_logit,50,score_cap1,39,50,50
CHEMBL225,35501,unseen,9,,,heterogeneous_inactive,50,full,41,50,50
CHEMBL225,35501,unseen,9,,,heterogeneous_inactive,50,score_only,42,50,50
CHEMBL225,35501,unseen,9,,,heterogeneous_inactive,50,score_cap1,39,50,50
CHEMBL226,35501,original,0,0.2,4.0,inactive_logit,20,full,18,20,20
CHEMBL226,35501,original,0,0.2,4.0,inactive_logit,20,score_cap1,14,20,20
CHEMBL226,35501,original,0,0.2,4.0,inactive_logit,40,full,36,40,40
CHEMBL226,35501,original,0,0.2,4.0,inactive_logit,40,score_cap1,32,40,40
CHEMBL226,35501,original,0,0.2,4.0,inactive_logit,50,score_only,37,50,50
CHEMBL226,35501,original,0,0.2,4.0,inactive_logit,50,plus_group_stats,44,50,50
CHEMBL226,35501,original,0,0.2,4.0,inactive_logit,50,plus_group_evidence,44,50,50
CHEMBL226,35501,original,0,0.2,4.0,inactive_logit,50,full,43,50,50
CHEMBL226,35501,original,0,0.2,4.0,inactive_logit,50,score_cap1,39,50,50
CHEMBL226,35501,original,0,0.2,4.0,inactive_logit,75,full,61,75,75
CHEMBL226,35501,original,0,0.2,4.0,inactive_logit,75,score_cap1,59,75,75
CHEMBL226,35501,original,0,0.2,6.0,inactive_logit,20,full,18,20,20
CHEMBL226,35501,original,0,0.2,6.0,inactive_logit,20,score_cap1,12,20,20
CHEMBL226,35501,original,0,0.2,6.0,inactive_logit,40,full,37,40,40
CHEMBL226,35501,original,0,0.2,6.0,inactive_logit,40,score_cap1,30,40,40
CHEMBL226,35501,original,0,0.2,6.0,inactive_logit,50,score_only,40,50,50
CHEMBL226,35501,original,0,0.2,6.0,inactive_logit,50,plus_group_stats,46,50,50
CHEMBL226,35501,original,0,0.2,6.0,inactive_logit,50,plus_group_evidence,46,50,50
CHEMBL226,35501,original,0,0.2,6.0,inactive_logit,50,full,45,50,50
CHEMBL226,35501,original,0,0.2,6.0,inactive_logit,50,score_cap1,38,50,50
CHEMBL226,35501,original,0,0.2,6.0,inactive_logit,75,full,62,75,75
CHEMBL226,35501,original,0,0.2,6.0,inactive_logit,75,score_cap1,59,75,75
CHEMBL226,35501,original,0,0.3,4.0,inactive_logit,20,full,19,20,20
CHEMBL226,35501,original,0,0.3,4.0,inactive_logit,20,score_cap1,11,20,20
CHEMBL226,35501,original,0,0.3,4.0,inactive_logit,40,full,37,40,40
CHEMBL226,35501,original,0,0.3,4.0,inactive_logit,40,score_cap1,28,40,40
CHEMBL226,35501,original,0,0.3,4.0,inactive_logit,50,score_only,39,50,50
CHEMBL226,35501,original,0,0.3,4.0,inactive_logit,50,plus_group_stats,46,50,50
CHEMBL226,35501,original,0,0.3,4.0,inactive_logit,50,plus_group_evidence,46,50,50
CHEMBL226,35501,original,0,0.3,4.0,inactive_logit,50,full,46,50,50
CHEMBL226,35501,original,0,0.3,4.0,inactive_logit,50,score_cap1,37,50,50
CHEMBL226,35501,original,0,0.3,4.0,inactive_logit,75,full,64,75,75
CHEMBL226,35501,original,0,0.3,4.0,inactive_logit,75,score_cap1,57,75,75
CHEMBL226,35501,original,0,0.3,6.0,inactive_logit,20,full,18,20,20
CHEMBL226,35501,original,0,0.3,6.0,inactive_logit,20,score_cap1,9,20,20
CHEMBL226,35501,original,0,0.3,6.0,inactive_logit,40,full,38,40,40
CHEMBL226,35501,original,0,0.3,6.0,inactive_logit,40,score_cap1,28,40,40
CHEMBL226,35501,original,0,0.3,6.0,inactive_logit,50,score_only,41,50,50
CHEMBL226,35501,original,0,0.3,6.0,inactive_logit,50,plus_group_stats,48,50,50
CHEMBL226,35501,original,0,0.3,6.0,inactive_logit,50,plus_group_evidence,47,50,50
CHEMBL226,35501,original,0,0.3,6.0,inactive_logit,50,full,47,50,50
CHEMBL226,35501,original,0,0.3,6.0,inactive_logit,50,score_cap1,37,50,50
CHEMBL226,35501,original,0,0.3,6.0,inactive_logit,75,full,65,75,75
CHEMBL226,35501,original,0,0.3,6.0,inactive_logit,75,score_cap1,57,75,75
CHEMBL226,35501,unseen,0,,,logit_b5,50,full,46,50,50
CHEMBL226,35501,unseen,0,,,logit_b5,50,score_only,40,50,50
CHEMBL226,35501,unseen,0,,,logit_b5,50,score_cap1,39,50,50
CHEMBL226,35501,unseen,0,,,logit_b7,50,full,45,50,50
CHEMBL226,35501,unseen,0,,,logit_b7,50,score_only,39,50,50
CHEMBL226,35501,unseen,0,,,logit_b7,50,score_cap1,36,50,50
CHEMBL226,35501,unseen,0,,,additive_inactive,50,full,44,50,50
CHEMBL226,35501,unseen,0,,,additive_inactive,50,score_only,39,50,50
CHEMBL226,35501,unseen,0,,,additive_inactive,50,score_cap1,44,50,50
CHEMBL226,35501,unseen,0,,,blockwide_logit,50,full,44,50,50
CHEMBL226,35501,unseen,0,,,blockwide_logit,50,score_only,38,50,50
CHEMBL226,35501,unseen,0,,,blockwide_logit,50,score_cap1,38,50,50
CHEMBL226,35501,unseen,0,,,heterogeneous_inactive,50,full,45,50,50
CHEMBL226,35501,unseen,0,,,heterogeneous_inactive,50,score_only,39,50,50
CHEMBL226,35501,unseen,0,,,heterogeneous_inactive,50,score_cap1,38,50,50
CHEMBL226,35501,original,1,0.2,4.0,inactive_logit,20,full,18,20,20
CHEMBL226,35501,original,1,0.2,4.0,inactive_logit,20,score_cap1,12,20,20
CHEMBL226,35501,original,1,0.2,4.0,inactive_logit,40,full,37,40,40
CHEMBL226,35501,original,1,0.2,4.0,inactive_logit,40,score_cap1,31,40,40
CHEMBL226,35501,original,1,0.2,4.0,inactive_logit,50,score_only,40,50,50
CHEMBL226,35501,original,1,0.2,4.0,inactive_logit,50,plus_group_stats,45,50,50
CHEMBL226,35501,original,1,0.2,4.0,inactive_logit,50,plus_group_evidence,44,50,50
CHEMBL226,35501,original,1,0.2,4.0,inactive_logit,50,full,45,50,50
CHEMBL226,35501,original,1,0.2,4.0,inactive_logit,50,score_cap1,38,50,50
CHEMBL226,35501,original,1,0.2,4.0,inactive_logit,75,full,63,75,75
CHEMBL226,35501,original,1,0.2,4.0,inactive_logit,75,score_cap1,58,75,75
CHEMBL226,35501,original,1,0.2,6.0,inactive_logit,20,full,18,20,20
CHEMBL226,35501,original,1,0.2,6.0,inactive_logit,20,score_cap1,12,20,20
CHEMBL226,35501,original,1,0.2,6.0,inactive_logit,40,full,37,40,40
CHEMBL226,35501,original,1,0.2,6.0,inactive_logit,40,score_cap1,31,40,40
CHEMBL226,35501,original,1,0.2,6.0,inactive_logit,50,score_only,40,50,50
CHEMBL226,35501,original,1,0.2,6.0,inactive_logit,50,plus_group_stats,46,50,50
CHEMBL226,35501,original,1,0.2,6.0,inactive_logit,50,plus_group_evidence,45,50,50
CHEMBL226,35501,original,1,0.2,6.0,inactive_logit,50,full,45,50,50
CHEMBL226,35501,original,1,0.2,6.0,inactive_logit,50,score_cap1,38,50,50
CHEMBL226,35501,original,1,0.2,6.0,inactive_logit,75,full,65,75,75
CHEMBL226,35501,original,1,0.2,6.0,inactive_logit,75,score_cap1,58,75,75
CHEMBL226,35501,original,1,0.3,4.0,inactive_logit,20,full,18,20,20
CHEMBL226,35501,original,1,0.3,4.0,inactive_logit,20,score_cap1,11,20,20
CHEMBL226,35501,original,1,0.3,4.0,inactive_logit,40,full,35,40,40
CHEMBL226,35501,original,1,0.3,4.0,inactive_logit,40,score_cap1,28,40,40
CHEMBL226,35501,original,1,0.3,4.0,inactive_logit,50,score_only,37,50,50
CHEMBL226,35501,original,1,0.3,4.0,inactive_logit,50,plus_group_stats,43,50,50
CHEMBL226,35501,original,1,0.3,4.0,inactive_logit,50,plus_group_evidence,43,50,50
CHEMBL226,35501,original,1,0.3,4.0,inactive_logit,50,full,43,50,50
CHEMBL226,35501,original,1,0.3,4.0,inactive_logit,50,score_cap1,36,50,50
CHEMBL226,35501,original,1,0.3,4.0,inactive_logit,75,full,61,75,75
CHEMBL226,35501,original,1,0.3,4.0,inactive_logit,75,score_cap1,57,75,75
CHEMBL226,35501,original,1,0.3,6.0,inactive_logit,20,full,18,20,20
CHEMBL226,35501,original,1,0.3,6.0,inactive_logit,20,score_cap1,9,20,20
CHEMBL226,35501,original,1,0.3,6.0,inactive_logit,40,full,38,40,40
CHEMBL226,35501,original,1,0.3,6.0,inactive_logit,40,score_cap1,28,40,40
CHEMBL226,35501,original,1,0.3,6.0,inactive_logit,50,score_only,41,50,50
CHEMBL226,35501,original,1,0.3,6.0,inactive_logit,50,plus_group_stats,47,50,50
CHEMBL226,35501,original,1,0.3,6.0,inactive_logit,50,plus_group_evidence,46,50,50
CHEMBL226,35501,original,1,0.3,6.0,inactive_logit,50,full,46,50,50
CHEMBL226,35501,original,1,0.3,6.0,inactive_logit,50,score_cap1,36,50,50
CHEMBL226,35501,original,1,0.3,6.0,inactive_logit,75,full,64,75,75
CHEMBL226,35501,original,1,0.3,6.0,inactive_logit,75,score_cap1,57,75,75
CHEMBL226,35501,unseen,1,,,logit_b5,50,full,46,50,50
CHEMBL226,35501,unseen,1,,,logit_b5,50,score_only,40,50,50
CHEMBL226,35501,unseen,1,,,logit_b5,50,score_cap1,39,50,50
CHEMBL226,35501,unseen,1,,,logit_b7,50,full,47,50,50
CHEMBL226,35501,unseen,1,,,logit_b7,50,score_only,41,50,50
CHEMBL226,35501,unseen,1,,,logit_b7,50,score_cap1,37,50,50
CHEMBL226,35501,unseen,1,,,additive_inactive,50,full,42,50,50
CHEMBL226,35501,unseen,1,,,additive_inactive,50,score_only,37,50,50
CHEMBL226,35501,unseen,1,,,additive_inactive,50,score_cap1,43,50,50
CHEMBL226,35501,unseen,1,,,blockwide_logit,50,full,45,50,50
CHEMBL226,35501,unseen,1,,,blockwide_logit,50,score_only,40,50,50
CHEMBL226,35501,unseen,1,,,blockwide_logit,50,score_cap1,42,50,50
CHEMBL226,35501,unseen,1,,,heterogeneous_inactive,50,full,44,50,50
CHEMBL226,35501,unseen,1,,,heterogeneous_inactive,50,score_only,36,50,50
CHEMBL226,35501,unseen,1,,,heterogeneous_inactive,50,score_cap1,39,50,50
CHEMBL226,35501,original,2,0.2,4.0,inactive_logit,20,full,18,20,20
CHEMBL226,35501,original,2,0.2,4.0,inactive_logit,20,score_cap1,14,20,20
CHEMBL226,35501,original,2,0.2,4.0,inactive_logit,40,full,36,40,40
CHEMBL226,35501,original,2,0.2,4.0,inactive_logit,40,score_cap1,31,40,40
CHEMBL226,35501,original,2,0.2,4.0,inactive_logit,50,score_only,37,50,50
CHEMBL226,35501,original,2,0.2,4.0,inactive_logit,50,plus_group_stats,44,50,50
CHEMBL226,35501,original,2,0.2,4.0,inactive_logit,50,plus_group_evidence,43,50,50
CHEMBL226,35501,original,2,0.2,4.0,inactive_logit,50,full,42,50,50
CHEMBL226,35501,original,2,0.2,4.0,inactive_logit,50,score_cap1,38,50,50
CHEMBL226,35501,original,2,0.2,4.0,inactive_logit,75,full,62,75,75
CHEMBL226,35501,original,2,0.2,4.0,inactive_logit,75,score_cap1,58,75,75
CHEMBL226,35501,original,2,0.2,6.0,inactive_logit,20,full,18,20,20
CHEMBL226,35501,original,2,0.2,6.0,inactive_logit,20,score_cap1,12,20,20
CHEMBL226,35501,original,2,0.2,6.0,inactive_logit,40,full,37,40,40
CHEMBL226,35501,original,2,0.2,6.0,inactive_logit,40,score_cap1,30,40,40
CHEMBL226,35501,original,2,0.2,6.0,inactive_logit,50,score_only,39,50,50
CHEMBL226,35501,original,2,0.2,6.0,inactive_logit,50,plus_group_stats,46,50,50
CHEMBL226,35501,original,2,0.2,6.0,inactive_logit,50,plus_group_evidence,46,50,50
CHEMBL226,35501,original,2,0.2,6.0,inactive_logit,50,full,45,50,50
CHEMBL226,35501,original,2,0.2,6.0,inactive_logit,50,score_cap1,38,50,50
CHEMBL226,35501,original,2,0.2,6.0,inactive_logit,75,full,62,75,75
CHEMBL226,35501,original,2,0.2,6.0,inactive_logit,75,score_cap1,58,75,75
CHEMBL226,35501,original,2,0.3,4.0,inactive_logit,20,full,18,20,20
CHEMBL226,35501,original,2,0.3,4.0,inactive_logit,20,score_cap1,13,20,20
CHEMBL226,35501,original,2,0.3,4.0,inactive_logit,40,full,36,40,40
CHEMBL226,35501,original,2,0.3,4.0,inactive_logit,40,score_cap1,31,40,40
CHEMBL226,35501,original,2,0.3,4.0,inactive_logit,50,score_only,37,50,50
CHEMBL226,35501,original,2,0.3,4.0,inactive_logit,50,plus_group_stats,43,50,50
CHEMBL226,35501,original,2,0.3,4.0,inactive_logit,50,plus_group_evidence,42,50,50
CHEMBL226,35501,original,2,0.3,4.0,inactive_logit,50,full,43,50,50
CHEMBL226,35501,original,2,0.3,4.0,inactive_logit,50,score_cap1,37,50,50
CHEMBL226,35501,original,2,0.3,4.0,inactive_logit,75,full,61,75,75
CHEMBL226,35501,original,2,0.3,4.0,inactive_logit,75,score_cap1,57,75,75
CHEMBL226,35501,original,2,0.3,6.0,inactive_logit,20,full,18,20,20
CHEMBL226,35501,original,2,0.3,6.0,inactive_logit,20,score_cap1,9,20,20
CHEMBL226,35501,original,2,0.3,6.0,inactive_logit,40,full,36,40,40
CHEMBL226,35501,original,2,0.3,6.0,inactive_logit,40,score_cap1,28,40,40
CHEMBL226,35501,original,2,0.3,6.0,inactive_logit,50,score_only,40,50,50
CHEMBL226,35501,original,2,0.3,6.0,inactive_logit,50,plus_group_stats,46,50,50
CHEMBL226,35501,original,2,0.3,6.0,inactive_logit,50,plus_group_evidence,45,50,50
CHEMBL226,35501,original,2,0.3,6.0,inactive_logit,50,full,45,50,50
CHEMBL226,35501,original,2,0.3,6.0,inactive_logit,50,score_cap1,36,50,50
CHEMBL226,35501,original,2,0.3,6.0,inactive_logit,75,full,62,75,75
CHEMBL226,35501,original,2,0.3,6.0,inactive_logit,75,score_cap1,57,75,75
CHEMBL226,35501,unseen,2,,,logit_b5,50,full,45,50,50
CHEMBL226,35501,unseen,2,,,logit_b5,50,score_only,39,50,50
CHEMBL226,35501,unseen,2,,,logit_b5,50,score_cap1,38,50,50
CHEMBL226,35501,unseen,2,,,logit_b7,50,full,45,50,50
CHEMBL226,35501,unseen,2,,,logit_b7,50,score_only,39,50,50
CHEMBL226,35501,unseen,2,,,logit_b7,50,score_cap1,35,50,50
CHEMBL226,35501,unseen,2,,,additive_inactive,50,full,43,50,50
CHEMBL226,35501,unseen,2,,,additive_inactive,50,score_only,37,50,50
CHEMBL226,35501,unseen,2,,,additive_inactive,50,score_cap1,43,50,50
CHEMBL226,35501,unseen,2,,,blockwide_logit,50,full,42,50,50
CHEMBL226,35501,unseen,2,,,blockwide_logit,50,score_only,36,50,50
CHEMBL226,35501,unseen,2,,,blockwide_logit,50,score_cap1,39,50,50
CHEMBL226,35501,unseen,2,,,heterogeneous_inactive,50,full,43,50,50
CHEMBL226,35501,unseen,2,,,heterogeneous_inactive,50,score_only,38,50,50
CHEMBL226,35501,unseen,2,,,heterogeneous_inactive,50,score_cap1,37,50,50
CHEMBL226,35501,original,3,0.2,4.0,inactive_logit,20,full,18,20,20
CHEMBL226,35501,original,3,0.2,4.0,inactive_logit,20,score_cap1,14,20,20
CHEMBL226,35501,original,3,0.2,4.0,inactive_logit,40,full,37,40,40
CHEMBL226,35501,original,3,0.2,4.0,inactive_logit,40,score_cap1,31,40,40
CHEMBL226,35501,original,3,0.2,4.0,inactive_logit,50,score_only,37,50,50
CHEMBL226,35501,original,3,0.2,4.0,inactive_logit,50,plus_group_stats,43,50,50
CHEMBL226,35501,original,3,0.2,4.0,inactive_logit,50,plus_group_evidence,45,50,50
CHEMBL226,35501,original,3,0.2,4.0,inactive_logit,50,full,44,50,50
CHEMBL226,35501,original,3,0.2,4.0,inactive_logit,50,score_cap1,38,50,50
CHEMBL226,35501,original,3,0.2,4.0,inactive_logit,75,full,62,75,75
CHEMBL226,35501,original,3,0.2,4.0,inactive_logit,75,score_cap1,58,75,75
CHEMBL226,35501,original,3,0.2,6.0,inactive_logit,20,full,18,20,20
CHEMBL226,35501,original,3,0.2,6.0,inactive_logit,20,score_cap1,12,20,20
CHEMBL226,35501,original,3,0.2,6.0,inactive_logit,40,full,37,40,40
CHEMBL226,35501,original,3,0.2,6.0,inactive_logit,40,score_cap1,30,40,40
CHEMBL226,35501,original,3,0.2,6.0,inactive_logit,50,score_only,39,50,50
CHEMBL226,35501,original,3,0.2,6.0,inactive_logit,50,plus_group_stats,45,50,50
CHEMBL226,35501,original,3,0.2,6.0,inactive_logit,50,plus_group_evidence,45,50,50
CHEMBL226,35501,original,3,0.2,6.0,inactive_logit,50,full,44,50,50
CHEMBL226,35501,original,3,0.2,6.0,inactive_logit,50,score_cap1,37,50,50
CHEMBL226,35501,original,3,0.2,6.0,inactive_logit,75,full,62,75,75
CHEMBL226,35501,original,3,0.2,6.0,inactive_logit,75,score_cap1,58,75,75
CHEMBL226,35501,original,3,0.3,4.0,inactive_logit,20,full,18,20,20
CHEMBL226,35501,original,3,0.3,4.0,inactive_logit,20,score_cap1,11,20,20
CHEMBL226,35501,original,3,0.3,4.0,inactive_logit,40,full,36,40,40
CHEMBL226,35501,original,3,0.3,4.0,inactive_logit,40,score_cap1,29,40,40
CHEMBL226,35501,original,3,0.3,4.0,inactive_logit,50,score_only,37,50,50
CHEMBL226,35501,original,3,0.3,4.0,inactive_logit,50,plus_group_stats,42,50,50
CHEMBL226,35501,original,3,0.3,4.0,inactive_logit,50,plus_group_evidence,43,50,50
CHEMBL226,35501,original,3,0.3,4.0,inactive_logit,50,full,43,50,50
CHEMBL226,35501,original,3,0.3,4.0,inactive_logit,50,score_cap1,36,50,50
CHEMBL226,35501,original,3,0.3,4.0,inactive_logit,75,full,62,75,75
CHEMBL226,35501,original,3,0.3,4.0,inactive_logit,75,score_cap1,56,75,75
CHEMBL226,35501,original,3,0.3,6.0,inactive_logit,20,full,18,20,20
CHEMBL226,35501,original,3,0.3,6.0,inactive_logit,20,score_cap1,9,20,20
CHEMBL226,35501,original,3,0.3,6.0,inactive_logit,40,full,37,40,40
CHEMBL226,35501,original,3,0.3,6.0,inactive_logit,40,score_cap1,28,40,40
CHEMBL226,35501,original,3,0.3,6.0,inactive_logit,50,score_only,40,50,50
CHEMBL226,35501,original,3,0.3,6.0,inactive_logit,50,plus_group_stats,47,50,50
CHEMBL226,35501,original,3,0.3,6.0,inactive_logit,50,plus_group_evidence,45,50,50
CHEMBL226,35501,original,3,0.3,6.0,inactive_logit,50,full,45,50,50
CHEMBL226,35501,original,3,0.3,6.0,inactive_logit,50,score_cap1,36,50,50
CHEMBL226,35501,original,3,0.3,6.0,inactive_logit,75,full,63,75,75
CHEMBL226,35501,original,3,0.3,6.0,inactive_logit,75,score_cap1,56,75,75
CHEMBL226,35501,unseen,3,,,logit_b5,50,full,43,50,50
CHEMBL226,35501,unseen,3,,,logit_b5,50,score_only,37,50,50
CHEMBL226,35501,unseen,3,,,logit_b5,50,score_cap1,37,50,50
CHEMBL226,35501,unseen,3,,,logit_b7,50,full,46,50,50
CHEMBL226,35501,unseen,3,,,logit_b7,50,score_only,40,50,50
CHEMBL226,35501,unseen,3,,,logit_b7,50,score_cap1,36,50,50
CHEMBL226,35501,unseen,3,,,additive_inactive,50,full,44,50,50
CHEMBL226,35501,unseen,3,,,additive_inactive,50,score_only,37,50,50
CHEMBL226,35501,unseen,3,,,additive_inactive,50,score_cap1,43,50,50
CHEMBL226,35501,unseen,3,,,blockwide_logit,50,full,42,50,50
CHEMBL226,35501,unseen,3,,,blockwide_logit,50,score_only,37,50,50
CHEMBL226,35501,unseen,3,,,blockwide_logit,50,score_cap1,39,50,50
CHEMBL226,35501,unseen,3,,,heterogeneous_inactive,50,full,45,50,50
CHEMBL226,35501,unseen,3,,,heterogeneous_inactive,50,score_only,39,50,50
CHEMBL226,35501,unseen,3,,,heterogeneous_inactive,50,score_cap1,37,50,50
CHEMBL226,35501,original,4,0.2,4.0,inactive_logit,20,full,18,20,20
CHEMBL226,35501,original,4,0.2,4.0,inactive_logit,20,score_cap1,13,20,20
CHEMBL226,35501,original,4,0.2,4.0,inactive_logit,40,full,35,40,40
CHEMBL226,35501,original,4,0.2,4.0,inactive_logit,40,score_cap1,31,40,40
CHEMBL226,35501,original,4,0.2,4.0,inactive_logit,50,score_only,37,50,50
CHEMBL226,35501,original,4,0.2,4.0,inactive_logit,50,plus_group_stats,43,50,50
CHEMBL226,35501,original,4,0.2,4.0,inactive_logit,50,plus_group_evidence,43,50,50
CHEMBL226,35501,original,4,0.2,4.0,inactive_logit,50,full,43,50,50
CHEMBL226,35501,original,4,0.2,4.0,inactive_logit,50,score_cap1,38,50,50
CHEMBL226,35501,original,4,0.2,4.0,inactive_logit,75,full,62,75,75
CHEMBL226,35501,original,4,0.2,4.0,inactive_logit,75,score_cap1,58,75,75
CHEMBL226,35501,original,4,0.2,6.0,inactive_logit,20,full,18,20,20
CHEMBL226,35501,original,4,0.2,6.0,inactive_logit,20,score_cap1,12,20,20
CHEMBL226,35501,original,4,0.2,6.0,inactive_logit,40,full,37,40,40
CHEMBL226,35501,original,4,0.2,6.0,inactive_logit,40,score_cap1,31,40,40
CHEMBL226,35501,original,4,0.2,6.0,inactive_logit,50,score_only,39,50,50
CHEMBL226,35501,original,4,0.2,6.0,inactive_logit,50,plus_group_stats,46,50,50
CHEMBL226,35501,original,4,0.2,6.0,inactive_logit,50,plus_group_evidence,45,50,50
CHEMBL226,35501,original,4,0.2,6.0,inactive_logit,50,full,45,50,50
CHEMBL226,35501,original,4,0.2,6.0,inactive_logit,50,score_cap1,38,50,50
CHEMBL226,35501,original,4,0.2,6.0,inactive_logit,75,full,63,75,75
CHEMBL226,35501,original,4,0.2,6.0,inactive_logit,75,score_cap1,58,75,75
CHEMBL226,35501,original,4,0.3,4.0,inactive_logit,20,full,18,20,20
CHEMBL226,35501,original,4,0.3,4.0,inactive_logit,20,score_cap1,13,20,20
CHEMBL226,35501,original,4,0.3,4.0,inactive_logit,40,full,36,40,40
CHEMBL226,35501,original,4,0.3,4.0,inactive_logit,40,score_cap1,29,40,40
CHEMBL226,35501,original,4,0.3,4.0,inactive_logit,50,score_only,37,50,50
CHEMBL226,35501,original,4,0.3,4.0,inactive_logit,50,plus_group_stats,43,50,50
CHEMBL226,35501,original,4,0.3,4.0,inactive_logit,50,plus_group_evidence,43,50,50
CHEMBL226,35501,original,4,0.3,4.0,inactive_logit,50,full,43,50,50
CHEMBL226,35501,original,4,0.3,4.0,inactive_logit,50,score_cap1,36,50,50
CHEMBL226,35501,original,4,0.3,4.0,inactive_logit,75,full,62,75,75
CHEMBL226,35501,original,4,0.3,4.0,inactive_logit,75,score_cap1,57,75,75
CHEMBL226,35501,original,4,0.3,6.0,inactive_logit,20,full,18,20,20
CHEMBL226,35501,original,4,0.3,6.0,inactive_logit,20,score_cap1,9,20,20
CHEMBL226,35501,original,4,0.3,6.0,inactive_logit,40,full,38,40,40
CHEMBL226,35501,original,4,0.3,6.0,inactive_logit,40,score_cap1,28,40,40
CHEMBL226,35501,original,4,0.3,6.0,inactive_logit,50,score_only,41,50,50
CHEMBL226,35501,original,4,0.3,6.0,inactive_logit,50,plus_group_stats,47,50,50
CHEMBL226,35501,original,4,0.3,6.0,inactive_logit,50,plus_group_evidence,46,50,50
CHEMBL226,35501,original,4,0.3,6.0,inactive_logit,50,full,46,50,50
CHEMBL226,35501,original,4,0.3,6.0,inactive_logit,50,score_cap1,36,50,50
CHEMBL226,35501,original,4,0.3,6.0,inactive_logit,75,full,64,75,75
CHEMBL226,35501,original,4,0.3,6.0,inactive_logit,75,score_cap1,57,75,75
CHEMBL226,35501,unseen,4,,,logit_b5,50,full,47,50,50
CHEMBL226,35501,unseen,4,,,logit_b5,50,score_only,41,50,50
CHEMBL226,35501,unseen,4,,,logit_b5,50,score_cap1,40,50,50
CHEMBL226,35501,unseen,4,,,logit_b7,50,full,45,50,50
CHEMBL226,35501,unseen,4,,,logit_b7,50,score_only,39,50,50
CHEMBL226,35501,unseen,4,,,logit_b7,50,score_cap1,36,50,50
CHEMBL226,35501,unseen,4,,,additive_inactive,50,full,43,50,50
CHEMBL226,35501,unseen,4,,,additive_inactive,50,score_only,38,50,50
CHEMBL226,35501,unseen,4,,,additive_inactive,50,score_cap1,44,50,50
CHEMBL226,35501,unseen,4,,,blockwide_logit,50,full,44,50,50
CHEMBL226,35501,unseen,4,,,blockwide_logit,50,score_only,38,50,50
CHEMBL226,35501,unseen,4,,,blockwide_logit,50,score_cap1,40,50,50
CHEMBL226,35501,unseen,4,,,heterogeneous_inactive,50,full,46,50,50
CHEMBL226,35501,unseen,4,,,heterogeneous_inactive,50,score_only,40,50,50
CHEMBL226,35501,unseen,4,,,heterogeneous_inactive,50,score_cap1,38,50,50
CHEMBL226,35501,original,5,0.2,4.0,inactive_logit,20,full,18,20,20
CHEMBL226,35501,original,5,0.2,4.0,inactive_logit,20,score_cap1,13,20,20
CHEMBL226,35501,original,5,0.2,4.0,inactive_logit,40,full,36,40,40
CHEMBL226,35501,original,5,0.2,4.0,inactive_logit,40,score_cap1,31,40,40
CHEMBL226,35501,original,5,0.2,4.0,inactive_logit,50,score_only,38,50,50
CHEMBL226,35501,original,5,0.2,4.0,inactive_logit,50,plus_group_stats,43,50,50
CHEMBL226,35501,original,5,0.2,4.0,inactive_logit,50,plus_group_evidence,44,50,50
CHEMBL226,35501,original,5,0.2,4.0,inactive_logit,50,full,44,50,50
CHEMBL226,35501,original,5,0.2,4.0,inactive_logit,50,score_cap1,39,50,50
CHEMBL226,35501,original,5,0.2,4.0,inactive_logit,75,full,61,75,75
CHEMBL226,35501,original,5,0.2,4.0,inactive_logit,75,score_cap1,59,75,75
CHEMBL226,35501,original,5,0.2,6.0,inactive_logit,20,full,18,20,20
CHEMBL226,35501,original,5,0.2,6.0,inactive_logit,20,score_cap1,12,20,20
CHEMBL226,35501,original,5,0.2,6.0,inactive_logit,40,full,37,40,40
CHEMBL226,35501,original,5,0.2,6.0,inactive_logit,40,score_cap1,30,40,40
CHEMBL226,35501,original,5,0.2,6.0,inactive_logit,50,score_only,40,50,50
CHEMBL226,35501,original,5,0.2,6.0,inactive_logit,50,plus_group_stats,45,50,50
CHEMBL226,35501,original,5,0.2,6.0,inactive_logit,50,plus_group_evidence,46,50,50
CHEMBL226,35501,original,5,0.2,6.0,inactive_logit,50,full,45,50,50
CHEMBL226,35501,original,5,0.2,6.0,inactive_logit,50,score_cap1,38,50,50
CHEMBL226,35501,original,5,0.2,6.0,inactive_logit,75,full,61,75,75
CHEMBL226,35501,original,5,0.2,6.0,inactive_logit,75,score_cap1,59,75,75
CHEMBL226,35501,original,5,0.3,4.0,inactive_logit,20,full,19,20,20
CHEMBL226,35501,original,5,0.3,4.0,inactive_logit,20,score_cap1,12,20,20
CHEMBL226,35501,original,5,0.3,4.0,inactive_logit,40,full,37,40,40
CHEMBL226,35501,original,5,0.3,4.0,inactive_logit,40,score_cap1,28,40,40
CHEMBL226,35501,original,5,0.3,4.0,inactive_logit,50,score_only,37,50,50
CHEMBL226,35501,original,5,0.3,4.0,inactive_logit,50,plus_group_stats,43,50,50
CHEMBL226,35501,original,5,0.3,4.0,inactive_logit,50,plus_group_evidence,44,50,50
CHEMBL226,35501,original,5,0.3,4.0,inactive_logit,50,full,44,50,50
CHEMBL226,35501,original,5,0.3,4.0,inactive_logit,50,score_cap1,36,50,50
CHEMBL226,35501,original,5,0.3,4.0,inactive_logit,75,full,63,75,75
CHEMBL226,35501,original,5,0.3,4.0,inactive_logit,75,score_cap1,56,75,75
CHEMBL226,35501,original,5,0.3,6.0,inactive_logit,20,full,18,20,20
CHEMBL226,35501,original,5,0.3,6.0,inactive_logit,20,score_cap1,9,20,20
CHEMBL226,35501,original,5,0.3,6.0,inactive_logit,40,full,37,40,40
CHEMBL226,35501,original,5,0.3,6.0,inactive_logit,40,score_cap1,28,40,40
CHEMBL226,35501,original,5,0.3,6.0,inactive_logit,50,score_only,40,50,50
CHEMBL226,35501,original,5,0.3,6.0,inactive_logit,50,plus_group_stats,47,50,50
CHEMBL226,35501,original,5,0.3,6.0,inactive_logit,50,plus_group_evidence,45,50,50
CHEMBL226,35501,original,5,0.3,6.0,inactive_logit,50,full,45,50,50
CHEMBL226,35501,original,5,0.3,6.0,inactive_logit,50,score_cap1,36,50,50
CHEMBL226,35501,original,5,0.3,6.0,inactive_logit,75,full,64,75,75
CHEMBL226,35501,original,5,0.3,6.0,inactive_logit,75,score_cap1,56,75,75
CHEMBL226,35501,unseen,5,,,logit_b5,50,full,46,50,50
CHEMBL226,35501,unseen,5,,,logit_b5,50,score_only,40,50,50
CHEMBL226,35501,unseen,5,,,logit_b5,50,score_cap1,39,50,50
CHEMBL226,35501,unseen,5,,,logit_b7,50,full,46,50,50
CHEMBL226,35501,unseen,5,,,logit_b7,50,score_only,41,50,50
CHEMBL226,35501,unseen,5,,,logit_b7,50,score_cap1,36,50,50
CHEMBL226,35501,unseen,5,,,additive_inactive,50,full,44,50,50
CHEMBL226,35501,unseen,5,,,additive_inactive,50,score_only,39,50,50
CHEMBL226,35501,unseen,5,,,additive_inactive,50,score_cap1,44,50,50
CHEMBL226,35501,unseen,5,,,blockwide_logit,50,full,44,50,50
CHEMBL226,35501,unseen,5,,,blockwide_logit,50,score_only,38,50,50
CHEMBL226,35501,unseen,5,,,blockwide_logit,50,score_cap1,38,50,50
CHEMBL226,35501,unseen,5,,,heterogeneous_inactive,50,full,44,50,50
CHEMBL226,35501,unseen,5,,,heterogeneous_inactive,50,score_only,37,50,50
CHEMBL226,35501,unseen,5,,,heterogeneous_inactive,50,score_cap1,38,50,50
CHEMBL226,35501,original,6,0.2,4.0,inactive_logit,20,full,19,20,20
CHEMBL226,35501,original,6,0.2,4.0,inactive_logit,20,score_cap1,13,20,20
CHEMBL226,35501,original,6,0.2,4.0,inactive_logit,40,full,37,40,40
CHEMBL226,35501,original,6,0.2,4.0,inactive_logit,40,score_cap1,30,40,40
CHEMBL226,35501,original,6,0.2,4.0,inactive_logit,50,score_only,37,50,50
CHEMBL226,35501,original,6,0.2,4.0,inactive_logit,50,plus_group_stats,43,50,50
CHEMBL226,35501,original,6,0.2,4.0,inactive_logit,50,plus_group_evidence,44,50,50
CHEMBL226,35501,original,6,0.2,4.0,inactive_logit,50,full,44,50,50
CHEMBL226,35501,original,6,0.2,4.0,inactive_logit,50,score_cap1,37,50,50
CHEMBL226,35501,original,6,0.2,4.0,inactive_logit,75,full,64,75,75
CHEMBL226,35501,original,6,0.2,4.0,inactive_logit,75,score_cap1,58,75,75
CHEMBL226,35501,original,6,0.2,6.0,inactive_logit,20,full,18,20,20
CHEMBL226,35501,original,6,0.2,6.0,inactive_logit,20,score_cap1,12,20,20
CHEMBL226,35501,original,6,0.2,6.0,inactive_logit,40,full,37,40,40
CHEMBL226,35501,original,6,0.2,6.0,inactive_logit,40,score_cap1,30,40,40
CHEMBL226,35501,original,6,0.2,6.0,inactive_logit,50,score_only,39,50,50
CHEMBL226,35501,original,6,0.2,6.0,inactive_logit,50,plus_group_stats,46,50,50
CHEMBL226,35501,original,6,0.2,6.0,inactive_logit,50,plus_group_evidence,45,50,50
CHEMBL226,35501,original,6,0.2,6.0,inactive_logit,50,full,45,50,50
CHEMBL226,35501,original,6,0.2,6.0,inactive_logit,50,score_cap1,37,50,50
CHEMBL226,35501,original,6,0.2,6.0,inactive_logit,75,full,64,75,75
CHEMBL226,35501,original,6,0.2,6.0,inactive_logit,75,score_cap1,58,75,75
CHEMBL226,35501,original,6,0.3,4.0,inactive_logit,20,full,18,20,20
CHEMBL226,35501,original,6,0.3,4.0,inactive_logit,20,score_cap1,12,20,20
CHEMBL226,35501,original,6,0.3,4.0,inactive_logit,40,full,36,40,40
CHEMBL226,35501,original,6,0.3,4.0,inactive_logit,40,score_cap1,29,40,40
CHEMBL226,35501,original,6,0.3,4.0,inactive_logit,50,score_only,37,50,50
CHEMBL226,35501,original,6,0.3,4.0,inactive_logit,50,plus_group_stats,44,50,50
CHEMBL226,35501,original,6,0.3,4.0,inactive_logit,50,plus_group_evidence,44,50,50
CHEMBL226,35501,original,6,0.3,4.0,inactive_logit,50,full,44,50,50
CHEMBL226,35501,original,6,0.3,4.0,inactive_logit,50,score_cap1,36,50,50
CHEMBL226,35501,original,6,0.3,4.0,inactive_logit,75,full,62,75,75
CHEMBL226,35501,original,6,0.3,4.0,inactive_logit,75,score_cap1,57,75,75
CHEMBL226,35501,original,6,0.3,6.0,inactive_logit,20,full,18,20,20
CHEMBL226,35501,original,6,0.3,6.0,inactive_logit,20,score_cap1,9,20,20
CHEMBL226,35501,original,6,0.3,6.0,inactive_logit,40,full,37,40,40
CHEMBL226,35501,original,6,0.3,6.0,inactive_logit,40,score_cap1,28,40,40
CHEMBL226,35501,original,6,0.3,6.0,inactive_logit,50,score_only,40,50,50
CHEMBL226,35501,original,6,0.3,6.0,inactive_logit,50,plus_group_stats,47,50,50
CHEMBL226,35501,original,6,0.3,6.0,inactive_logit,50,plus_group_evidence,46,50,50
CHEMBL226,35501,original,6,0.3,6.0,inactive_logit,50,full,46,50,50
CHEMBL226,35501,original,6,0.3,6.0,inactive_logit,50,score_cap1,36,50,50
CHEMBL226,35501,original,6,0.3,6.0,inactive_logit,75,full,64,75,75
CHEMBL226,35501,original,6,0.3,6.0,inactive_logit,75,score_cap1,57,75,75
CHEMBL226,35501,unseen,6,,,logit_b5,50,full,47,50,50
CHEMBL226,35501,unseen,6,,,logit_b5,50,score_only,41,50,50
CHEMBL226,35501,unseen,6,,,logit_b5,50,score_cap1,40,50,50
CHEMBL226,35501,unseen,6,,,logit_b7,50,full,45,50,50
CHEMBL226,35501,unseen,6,,,logit_b7,50,score_only,41,50,50
CHEMBL226,35501,unseen,6,,,logit_b7,50,score_cap1,36,50,50
CHEMBL226,35501,unseen,6,,,additive_inactive,50,full,44,50,50
CHEMBL226,35501,unseen,6,,,additive_inactive,50,score_only,37,50,50
CHEMBL226,35501,unseen,6,,,additive_inactive,50,score_cap1,44,50,50
CHEMBL226,35501,unseen,6,,,blockwide_logit,50,full,40,50,50
CHEMBL226,35501,unseen,6,,,blockwide_logit,50,score_only,36,50,50
CHEMBL226,35501,unseen,6,,,blockwide_logit,50,score_cap1,39,50,50
CHEMBL226,35501,unseen,6,,,heterogeneous_inactive,50,full,42,50,50
CHEMBL226,35501,unseen,6,,,heterogeneous_inactive,50,score_only,37,50,50
CHEMBL226,35501,unseen,6,,,heterogeneous_inactive,50,score_cap1,36,50,50
CHEMBL226,35501,original,7,0.2,4.0,inactive_logit,20,full,18,20,20
CHEMBL226,35501,original,7,0.2,4.0,inactive_logit,20,score_cap1,14,20,20
CHEMBL226,35501,original,7,0.2,4.0,inactive_logit,40,full,37,40,40
CHEMBL226,35501,original,7,0.2,4.0,inactive_logit,40,score_cap1,30,40,40
CHEMBL226,35501,original,7,0.2,4.0,inactive_logit,50,score_only,38,50,50
CHEMBL226,35501,original,7,0.2,4.0,inactive_logit,50,plus_group_stats,43,50,50
CHEMBL226,35501,original,7,0.2,4.0,inactive_logit,50,plus_group_evidence,44,50,50
CHEMBL226,35501,original,7,0.2,4.0,inactive_logit,50,full,44,50,50
CHEMBL226,35501,original,7,0.2,4.0,inactive_logit,50,score_cap1,37,50,50
CHEMBL226,35501,original,7,0.2,4.0,inactive_logit,75,full,62,75,75
CHEMBL226,35501,original,7,0.2,4.0,inactive_logit,75,score_cap1,59,75,75
CHEMBL226,35501,original,7,0.2,6.0,inactive_logit,20,full,18,20,20
CHEMBL226,35501,original,7,0.2,6.0,inactive_logit,20,score_cap1,12,20,20
CHEMBL226,35501,original,7,0.2,6.0,inactive_logit,40,full,37,40,40
CHEMBL226,35501,original,7,0.2,6.0,inactive_logit,40,score_cap1,30,40,40
CHEMBL226,35501,original,7,0.2,6.0,inactive_logit,50,score_only,40,50,50
CHEMBL226,35501,original,7,0.2,6.0,inactive_logit,50,plus_group_stats,46,50,50
CHEMBL226,35501,original,7,0.2,6.0,inactive_logit,50,plus_group_evidence,45,50,50
CHEMBL226,35501,original,7,0.2,6.0,inactive_logit,50,full,44,50,50
CHEMBL226,35501,original,7,0.2,6.0,inactive_logit,50,score_cap1,37,50,50
CHEMBL226,35501,original,7,0.2,6.0,inactive_logit,75,full,63,75,75
CHEMBL226,35501,original,7,0.2,6.0,inactive_logit,75,score_cap1,59,75,75
CHEMBL226,35501,original,7,0.3,4.0,inactive_logit,20,full,19,20,20
CHEMBL226,35501,original,7,0.3,4.0,inactive_logit,20,score_cap1,11,20,20
CHEMBL226,35501,original,7,0.3,4.0,inactive_logit,40,full,36,40,40
CHEMBL226,35501,original,7,0.3,4.0,inactive_logit,40,score_cap1,28,40,40
CHEMBL226,35501,original,7,0.3,4.0,inactive_logit,50,score_only,38,50,50
CHEMBL226,35501,original,7,0.3,4.0,inactive_logit,50,plus_group_stats,43,50,50
CHEMBL226,35501,original,7,0.3,4.0,inactive_logit,50,plus_group_evidence,44,50,50
CHEMBL226,35501,original,7,0.3,4.0,inactive_logit,50,full,44,50,50
CHEMBL226,35501,original,7,0.3,4.0,inactive_logit,50,score_cap1,36,50,50
CHEMBL226,35501,original,7,0.3,4.0,inactive_logit,75,full,62,75,75
CHEMBL226,35501,original,7,0.3,4.0,inactive_logit,75,score_cap1,56,75,75
CHEMBL226,35501,original,7,0.3,6.0,inactive_logit,20,full,18,20,20
CHEMBL226,35501,original,7,0.3,6.0,inactive_logit,20,score_cap1,9,20,20
CHEMBL226,35501,original,7,0.3,6.0,inactive_logit,40,full,37,40,40
CHEMBL226,35501,original,7,0.3,6.0,inactive_logit,40,score_cap1,28,40,40
CHEMBL226,35501,original,7,0.3,6.0,inactive_logit,50,score_only,40,50,50
CHEMBL226,35501,original,7,0.3,6.0,inactive_logit,50,plus_group_stats,47,50,50
CHEMBL226,35501,original,7,0.3,6.0,inactive_logit,50,plus_group_evidence,45,50,50
CHEMBL226,35501,original,7,0.3,6.0,inactive_logit,50,full,45,50,50
CHEMBL226,35501,original,7,0.3,6.0,inactive_logit,50,score_cap1,36,50,50
CHEMBL226,35501,original,7,0.3,6.0,inactive_logit,75,full,64,75,75
CHEMBL226,35501,original,7,0.3,6.0,inactive_logit,75,score_cap1,56,75,75
CHEMBL226,35501,unseen,7,,,logit_b5,50,full,46,50,50
CHEMBL226,35501,unseen,7,,,logit_b5,50,score_only,40,50,50
CHEMBL226,35501,unseen,7,,,logit_b5,50,score_cap1,39,50,50
CHEMBL226,35501,unseen,7,,,logit_b7,50,full,46,50,50
CHEMBL226,35501,unseen,7,,,logit_b7,50,score_only,40,50,50
CHEMBL226,35501,unseen,7,,,logit_b7,50,score_cap1,36,50,50
CHEMBL226,35501,unseen,7,,,additive_inactive,50,full,43,50,50
CHEMBL226,35501,unseen,7,,,additive_inactive,50,score_only,37,50,50
CHEMBL226,35501,unseen,7,,,additive_inactive,50,score_cap1,43,50,50
CHEMBL226,35501,unseen,7,,,blockwide_logit,50,full,40,50,50
CHEMBL226,35501,unseen,7,,,blockwide_logit,50,score_only,36,50,50
CHEMBL226,35501,unseen,7,,,blockwide_logit,50,score_cap1,38,50,50
CHEMBL226,35501,unseen,7,,,heterogeneous_inactive,50,full,43,50,50
CHEMBL226,35501,unseen,7,,,heterogeneous_inactive,50,score_only,37,50,50
CHEMBL226,35501,unseen,7,,,heterogeneous_inactive,50,score_cap1,36,50,50
CHEMBL226,35501,original,8,0.2,4.0,inactive_logit,20,full,18,20,20
CHEMBL226,35501,original,8,0.2,4.0,inactive_logit,20,score_cap1,14,20,20
CHEMBL226,35501,original,8,0.2,4.0,inactive_logit,40,full,36,40,40
CHEMBL226,35501,original,8,0.2,4.0,inactive_logit,40,score_cap1,32,40,40
CHEMBL226,35501,original,8,0.2,4.0,inactive_logit,50,score_only,37,50,50
CHEMBL226,35501,original,8,0.2,4.0,inactive_logit,50,plus_group_stats,44,50,50
CHEMBL226,35501,original,8,0.2,4.0,inactive_logit,50,plus_group_evidence,43,50,50
CHEMBL226,35501,original,8,0.2,4.0,inactive_logit,50,full,44,50,50
CHEMBL226,35501,original,8,0.2,4.0,inactive_logit,50,score_cap1,39,50,50
CHEMBL226,35501,original,8,0.2,4.0,inactive_logit,75,full,61,75,75
CHEMBL226,35501,original,8,0.2,4.0,inactive_logit,75,score_cap1,59,75,75
CHEMBL226,35501,original,8,0.2,6.0,inactive_logit,20,full,18,20,20
CHEMBL226,35501,original,8,0.2,6.0,inactive_logit,20,score_cap1,12,20,20
CHEMBL226,35501,original,8,0.2,6.0,inactive_logit,40,full,37,40,40
CHEMBL226,35501,original,8,0.2,6.0,inactive_logit,40,score_cap1,31,40,40
CHEMBL226,35501,original,8,0.2,6.0,inactive_logit,50,score_only,41,50,50
CHEMBL226,35501,original,8,0.2,6.0,inactive_logit,50,plus_group_stats,47,50,50
CHEMBL226,35501,original,8,0.2,6.0,inactive_logit,50,plus_group_evidence,46,50,50
CHEMBL226,35501,original,8,0.2,6.0,inactive_logit,50,full,46,50,50
CHEMBL226,35501,original,8,0.2,6.0,inactive_logit,50,score_cap1,39,50,50
CHEMBL226,35501,original,8,0.2,6.0,inactive_logit,75,full,62,75,75
CHEMBL226,35501,original,8,0.2,6.0,inactive_logit,75,score_cap1,59,75,75
CHEMBL226,35501,original,8,0.3,4.0,inactive_logit,20,full,18,20,20
CHEMBL226,35501,original,8,0.3,4.0,inactive_logit,20,score_cap1,13,20,20
CHEMBL226,35501,original,8,0.3,4.0,inactive_logit,40,full,35,40,40
CHEMBL226,35501,original,8,0.3,4.0,inactive_logit,40,score_cap1,30,40,40
CHEMBL226,35501,original,8,0.3,4.0,inactive_logit,50,score_only,37,50,50
CHEMBL226,35501,original,8,0.3,4.0,inactive_logit,50,plus_group_stats,43,50,50
CHEMBL226,35501,original,8,0.3,4.0,inactive_logit,50,plus_group_evidence,42,50,50
CHEMBL226,35501,original,8,0.3,4.0,inactive_logit,50,full,43,50,50
CHEMBL226,35501,original,8,0.3,4.0,inactive_logit,50,score_cap1,36,50,50
CHEMBL226,35501,original,8,0.3,4.0,inactive_logit,75,full,61,75,75
CHEMBL226,35501,original,8,0.3,4.0,inactive_logit,75,score_cap1,56,75,75
CHEMBL226,35501,original,8,0.3,6.0,inactive_logit,20,full,18,20,20
CHEMBL226,35501,original,8,0.3,6.0,inactive_logit,20,score_cap1,9,20,20
CHEMBL226,35501,original,8,0.3,6.0,inactive_logit,40,full,36,40,40
CHEMBL226,35501,original,8,0.3,6.0,inactive_logit,40,score_cap1,28,40,40
CHEMBL226,35501,original,8,0.3,6.0,inactive_logit,50,score_only,39,50,50
CHEMBL226,35501,original,8,0.3,6.0,inactive_logit,50,plus_group_stats,45,50,50
CHEMBL226,35501,original,8,0.3,6.0,inactive_logit,50,plus_group_evidence,45,50,50
CHEMBL226,35501,original,8,0.3,6.0,inactive_logit,50,full,45,50,50
CHEMBL226,35501,original,8,0.3,6.0,inactive_logit,50,score_cap1,36,50,50
CHEMBL226,35501,original,8,0.3,6.0,inactive_logit,75,full,64,75,75
CHEMBL226,35501,original,8,0.3,6.0,inactive_logit,75,score_cap1,56,75,75
CHEMBL226,35501,unseen,8,,,logit_b5,50,full,44,50,50
CHEMBL226,35501,unseen,8,,,logit_b5,50,score_only,38,50,50
CHEMBL226,35501,unseen,8,,,logit_b5,50,score_cap1,38,50,50
CHEMBL226,35501,unseen,8,,,logit_b7,50,full,46,50,50
CHEMBL226,35501,unseen,8,,,logit_b7,50,score_only,41,50,50
CHEMBL226,35501,unseen,8,,,logit_b7,50,score_cap1,36,50,50
CHEMBL226,35501,unseen,8,,,additive_inactive,50,full,44,50,50
CHEMBL226,35501,unseen,8,,,additive_inactive,50,score_only,38,50,50
CHEMBL226,35501,unseen,8,,,additive_inactive,50,score_cap1,43,50,50
CHEMBL226,35501,unseen,8,,,blockwide_logit,50,full,43,50,50
CHEMBL226,35501,unseen,8,,,blockwide_logit,50,score_only,39,50,50
CHEMBL226,35501,unseen,8,,,blockwide_logit,50,score_cap1,40,50,50
CHEMBL226,35501,unseen,8,,,heterogeneous_inactive,50,full,44,50,50
CHEMBL226,35501,unseen,8,,,heterogeneous_inactive,50,score_only,39,50,50
CHEMBL226,35501,unseen,8,,,heterogeneous_inactive,50,score_cap1,38,50,50
CHEMBL226,35501,original,9,0.2,4.0,inactive_logit,20,full,18,20,20
CHEMBL226,35501,original,9,0.2,4.0,inactive_logit,20,score_cap1,14,20,20
CHEMBL226,35501,original,9,0.2,4.0,inactive_logit,40,full,36,40,40
CHEMBL226,35501,original,9,0.2,4.0,inactive_logit,40,score_cap1,32,40,40
CHEMBL226,35501,original,9,0.2,4.0,inactive_logit,50,score_only,38,50,50
CHEMBL226,35501,original,9,0.2,4.0,inactive_logit,50,plus_group_stats,44,50,50
CHEMBL226,35501,original,9,0.2,4.0,inactive_logit,50,plus_group_evidence,43,50,50
CHEMBL226,35501,original,9,0.2,4.0,inactive_logit,50,full,44,50,50
CHEMBL226,35501,original,9,0.2,4.0,inactive_logit,50,score_cap1,39,50,50
CHEMBL226,35501,original,9,0.2,4.0,inactive_logit,75,full,61,75,75
CHEMBL226,35501,original,9,0.2,4.0,inactive_logit,75,score_cap1,57,75,75
CHEMBL226,35501,original,9,0.2,6.0,inactive_logit,20,full,18,20,20
CHEMBL226,35501,original,9,0.2,6.0,inactive_logit,20,score_cap1,12,20,20
CHEMBL226,35501,original,9,0.2,6.0,inactive_logit,40,full,37,40,40
CHEMBL226,35501,original,9,0.2,6.0,inactive_logit,40,score_cap1,31,40,40
CHEMBL226,35501,original,9,0.2,6.0,inactive_logit,50,score_only,39,50,50
CHEMBL226,35501,original,9,0.2,6.0,inactive_logit,50,plus_group_stats,45,50,50
CHEMBL226,35501,original,9,0.2,6.0,inactive_logit,50,plus_group_evidence,45,50,50
CHEMBL226,35501,original,9,0.2,6.0,inactive_logit,50,full,45,50,50
CHEMBL226,35501,original,9,0.2,6.0,inactive_logit,50,score_cap1,38,50,50
CHEMBL226,35501,original,9,0.2,6.0,inactive_logit,75,full,62,75,75
CHEMBL226,35501,original,9,0.2,6.0,inactive_logit,75,score_cap1,57,75,75
CHEMBL226,35501,original,9,0.3,4.0,inactive_logit,20,full,18,20,20
CHEMBL226,35501,original,9,0.3,4.0,inactive_logit,20,score_cap1,12,20,20
CHEMBL226,35501,original,9,0.3,4.0,inactive_logit,40,full,35,40,40
CHEMBL226,35501,original,9,0.3,4.0,inactive_logit,40,score_cap1,29,40,40
CHEMBL226,35501,original,9,0.3,4.0,inactive_logit,50,score_only,37,50,50
CHEMBL226,35501,original,9,0.3,4.0,inactive_logit,50,plus_group_stats,43,50,50
CHEMBL226,35501,original,9,0.3,4.0,inactive_logit,50,plus_group_evidence,42,50,50
CHEMBL226,35501,original,9,0.3,4.0,inactive_logit,50,full,42,50,50
CHEMBL226,35501,original,9,0.3,4.0,inactive_logit,50,score_cap1,36,50,50
CHEMBL226,35501,original,9,0.3,4.0,inactive_logit,75,full,62,75,75
CHEMBL226,35501,original,9,0.3,4.0,inactive_logit,75,score_cap1,56,75,75
CHEMBL226,35501,original,9,0.3,6.0,inactive_logit,20,full,18,20,20
CHEMBL226,35501,original,9,0.3,6.0,inactive_logit,20,score_cap1,9,20,20
CHEMBL226,35501,original,9,0.3,6.0,inactive_logit,40,full,38,40,40
CHEMBL226,35501,original,9,0.3,6.0,inactive_logit,40,score_cap1,28,40,40
CHEMBL226,35501,original,9,0.3,6.0,inactive_logit,50,score_only,40,50,50
CHEMBL226,35501,original,9,0.3,6.0,inactive_logit,50,plus_group_stats,47,50,50
CHEMBL226,35501,original,9,0.3,6.0,inactive_logit,50,plus_group_evidence,46,50,50
CHEMBL226,35501,original,9,0.3,6.0,inactive_logit,50,full,46,50,50
CHEMBL226,35501,original,9,0.3,6.0,inactive_logit,50,score_cap1,36,50,50
CHEMBL226,35501,original,9,0.3,6.0,inactive_logit,75,full,64,75,75
CHEMBL226,35501,original,9,0.3,6.0,inactive_logit,75,score_cap1,56,75,75
CHEMBL226,35501,unseen,9,,,logit_b5,50,full,46,50,50
CHEMBL226,35501,unseen,9,,,logit_b5,50,score_only,39,50,50
CHEMBL226,35501,unseen,9,,,logit_b5,50,score_cap1,39,50,50
CHEMBL226,35501,unseen,9,,,logit_b7,50,full,46,50,50
CHEMBL226,35501,unseen,9,,,logit_b7,50,score_only,40,50,50
CHEMBL226,35501,unseen,9,,,logit_b7,50,score_cap1,36,50,50
CHEMBL226,35501,unseen,9,,,additive_inactive,50,full,42,50,50
CHEMBL226,35501,unseen,9,,,additive_inactive,50,score_only,35,50,50
CHEMBL226,35501,unseen,9,,,additive_inactive,50,score_cap1,42,50,50
CHEMBL226,35501,unseen,9,,,blockwide_logit,50,full,43,50,50
CHEMBL226,35501,unseen,9,,,blockwide_logit,50,score_only,38,50,50
CHEMBL226,35501,unseen,9,,,blockwide_logit,50,score_cap1,40,50,50
CHEMBL226,35501,unseen,9,,,heterogeneous_inactive,50,full,46,50,50
CHEMBL226,35501,unseen,9,,,heterogeneous_inactive,50,score_only,38,50,50
CHEMBL226,35501,unseen,9,,,heterogeneous_inactive,50,score_cap1,38,50,50
CHEMBL227,35501,original,0,0.2,4.0,inactive_logit,20,full,20,20,20
CHEMBL227,35501,original,0,0.2,4.0,inactive_logit,20,score_cap1,19,20,20
CHEMBL227,35501,original,0,0.2,4.0,inactive_logit,40,full,40,40,40
CHEMBL227,35501,original,0,0.2,4.0,inactive_logit,40,score_cap1,39,40,40
CHEMBL227,35501,original,0,0.2,4.0,inactive_logit,50,score_only,49,50,50
CHEMBL227,35501,original,0,0.2,4.0,inactive_logit,50,plus_group_stats,48,50,50
CHEMBL227,35501,original,0,0.2,4.0,inactive_logit,50,plus_group_evidence,49,50,50
CHEMBL227,35501,original,0,0.2,4.0,inactive_logit,50,full,49,50,50
CHEMBL227,35501,original,0,0.2,4.0,inactive_logit,50,score_cap1,49,50,50
CHEMBL227,35501,original,0,0.2,4.0,inactive_logit,75,full,59,75,75
CHEMBL227,35501,original,0,0.2,4.0,inactive_logit,75,score_cap1,59,75,75
CHEMBL227,35501,original,0,0.2,6.0,inactive_logit,20,full,20,20,20
CHEMBL227,35501,original,0,0.2,6.0,inactive_logit,20,score_cap1,19,20,20
CHEMBL227,35501,original,0,0.2,6.0,inactive_logit,40,full,40,40,40
CHEMBL227,35501,original,0,0.2,6.0,inactive_logit,40,score_cap1,39,40,40
CHEMBL227,35501,original,0,0.2,6.0,inactive_logit,50,score_only,49,50,50
CHEMBL227,35501,original,0,0.2,6.0,inactive_logit,50,plus_group_stats,49,50,50
CHEMBL227,35501,original,0,0.2,6.0,inactive_logit,50,plus_group_evidence,50,50,50
CHEMBL227,35501,original,0,0.2,6.0,inactive_logit,50,full,49,50,50
CHEMBL227,35501,original,0,0.2,6.0,inactive_logit,50,score_cap1,49,50,50
CHEMBL227,35501,original,0,0.2,6.0,inactive_logit,75,full,60,75,75
CHEMBL227,35501,original,0,0.2,6.0,inactive_logit,75,score_cap1,59,75,75
CHEMBL227,35501,original,0,0.3,4.0,inactive_logit,20,full,20,20,20
CHEMBL227,35501,original,0,0.3,4.0,inactive_logit,20,score_cap1,20,20,20
CHEMBL227,35501,original,0,0.3,4.0,inactive_logit,40,full,40,40,40
CHEMBL227,35501,original,0,0.3,4.0,inactive_logit,40,score_cap1,40,40,40
CHEMBL227,35501,original,0,0.3,4.0,inactive_logit,50,score_only,50,50,50
CHEMBL227,35501,original,0,0.3,4.0,inactive_logit,50,plus_group_stats,49,50,50
CHEMBL227,35501,original,0,0.3,4.0,inactive_logit,50,plus_group_evidence,50,50,50
CHEMBL227,35501,original,0,0.3,4.0,inactive_logit,50,full,49,50,50
CHEMBL227,35501,original,0,0.3,4.0,inactive_logit,50,score_cap1,50,50,50
CHEMBL227,35501,original,0,0.3,4.0,inactive_logit,75,full,59,75,75
CHEMBL227,35501,original,0,0.3,4.0,inactive_logit,75,score_cap1,60,75,75
CHEMBL227,35501,original,0,0.3,6.0,inactive_logit,20,full,20,20,20
CHEMBL227,35501,original,0,0.3,6.0,inactive_logit,20,score_cap1,20,20,20
CHEMBL227,35501,original,0,0.3,6.0,inactive_logit,40,full,40,40,40
CHEMBL227,35501,original,0,0.3,6.0,inactive_logit,40,score_cap1,40,40,40
CHEMBL227,35501,original,0,0.3,6.0,inactive_logit,50,score_only,50,50,50
CHEMBL227,35501,original,0,0.3,6.0,inactive_logit,50,plus_group_stats,49,50,50
CHEMBL227,35501,original,0,0.3,6.0,inactive_logit,50,plus_group_evidence,50,50,50
CHEMBL227,35501,original,0,0.3,6.0,inactive_logit,50,full,49,50,50
CHEMBL227,35501,original,0,0.3,6.0,inactive_logit,50,score_cap1,50,50,50
CHEMBL227,35501,original,0,0.3,6.0,inactive_logit,75,full,59,75,75
CHEMBL227,35501,original,0,0.3,6.0,inactive_logit,75,score_cap1,60,75,75
CHEMBL227,35501,unseen,0,,,logit_b5,50,full,49,50,50
CHEMBL227,35501,unseen,0,,,logit_b5,50,score_only,50,50,50
CHEMBL227,35501,unseen,0,,,logit_b5,50,score_cap1,50,50,50
CHEMBL227,35501,unseen,0,,,logit_b7,50,full,49,50,50
CHEMBL227,35501,unseen,0,,,logit_b7,50,score_only,48,50,50
CHEMBL227,35501,unseen,0,,,logit_b7,50,score_cap1,49,50,50
CHEMBL227,35501,unseen,0,,,additive_inactive,50,full,49,50,50
CHEMBL227,35501,unseen,0,,,additive_inactive,50,score_only,49,50,50
CHEMBL227,35501,unseen,0,,,additive_inactive,50,score_cap1,49,50,50
CHEMBL227,35501,unseen,0,,,blockwide_logit,50,full,49,50,50
CHEMBL227,35501,unseen,0,,,blockwide_logit,50,score_only,49,50,50
CHEMBL227,35501,unseen,0,,,blockwide_logit,50,score_cap1,50,50,50
CHEMBL227,35501,unseen,0,,,heterogeneous_inactive,50,full,49,50,50
CHEMBL227,35501,unseen,0,,,heterogeneous_inactive,50,score_only,49,50,50
CHEMBL227,35501,unseen,0,,,heterogeneous_inactive,50,score_cap1,49,50,50
CHEMBL227,35501,original,1,0.2,4.0,inactive_logit,20,full,20,20,20
CHEMBL227,35501,original,1,0.2,4.0,inactive_logit,20,score_cap1,20,20,20
CHEMBL227,35501,original,1,0.2,4.0,inactive_logit,40,full,40,40,40
CHEMBL227,35501,original,1,0.2,4.0,inactive_logit,40,score_cap1,40,40,40
CHEMBL227,35501,original,1,0.2,4.0,inactive_logit,50,score_only,50,50,50
CHEMBL227,35501,original,1,0.2,4.0,inactive_logit,50,plus_group_stats,49,50,50
CHEMBL227,35501,original,1,0.2,4.0,inactive_logit,50,plus_group_evidence,50,50,50
CHEMBL227,35501,original,1,0.2,4.0,inactive_logit,50,full,49,50,50
CHEMBL227,35501,original,1,0.2,4.0,inactive_logit,50,score_cap1,50,50,50
CHEMBL227,35501,original,1,0.2,4.0,inactive_logit,75,full,59,75,75
CHEMBL227,35501,original,1,0.2,4.0,inactive_logit,75,score_cap1,60,75,75
CHEMBL227,35501,original,1,0.2,6.0,inactive_logit,20,full,20,20,20
CHEMBL227,35501,original,1,0.2,6.0,inactive_logit,20,score_cap1,20,20,20
CHEMBL227,35501,original,1,0.2,6.0,inactive_logit,40,full,40,40,40
CHEMBL227,35501,original,1,0.2,6.0,inactive_logit,40,score_cap1,40,40,40
CHEMBL227,35501,original,1,0.2,6.0,inactive_logit,50,score_only,50,50,50
CHEMBL227,35501,original,1,0.2,6.0,inactive_logit,50,plus_group_stats,49,50,50
CHEMBL227,35501,original,1,0.2,6.0,inactive_logit,50,plus_group_evidence,50,50,50
CHEMBL227,35501,original,1,0.2,6.0,inactive_logit,50,full,49,50,50
CHEMBL227,35501,original,1,0.2,6.0,inactive_logit,50,score_cap1,50,50,50
CHEMBL227,35501,original,1,0.2,6.0,inactive_logit,75,full,59,75,75
CHEMBL227,35501,original,1,0.2,6.0,inactive_logit,75,score_cap1,60,75,75
CHEMBL227,35501,original,1,0.3,4.0,inactive_logit,20,full,20,20,20
CHEMBL227,35501,original,1,0.3,4.0,inactive_logit,20,score_cap1,19,20,20
CHEMBL227,35501,original,1,0.3,4.0,inactive_logit,40,full,40,40,40
CHEMBL227,35501,original,1,0.3,4.0,inactive_logit,40,score_cap1,39,40,40
CHEMBL227,35501,original,1,0.3,4.0,inactive_logit,50,score_only,49,50,50
CHEMBL227,35501,original,1,0.3,4.0,inactive_logit,50,plus_group_stats,48,50,50
CHEMBL227,35501,original,1,0.3,4.0,inactive_logit,50,plus_group_evidence,49,50,50
CHEMBL227,35501,original,1,0.3,4.0,inactive_logit,50,full,49,50,50
CHEMBL227,35501,original,1,0.3,4.0,inactive_logit,50,score_cap1,49,50,50
CHEMBL227,35501,original,1,0.3,4.0,inactive_logit,75,full,59,75,75
CHEMBL227,35501,original,1,0.3,4.0,inactive_logit,75,score_cap1,59,75,75
CHEMBL227,35501,original,1,0.3,6.0,inactive_logit,20,full,20,20,20
CHEMBL227,35501,original,1,0.3,6.0,inactive_logit,20,score_cap1,19,20,20
CHEMBL227,35501,original,1,0.3,6.0,inactive_logit,40,full,40,40,40
CHEMBL227,35501,original,1,0.3,6.0,inactive_logit,40,score_cap1,39,40,40
CHEMBL227,35501,original,1,0.3,6.0,inactive_logit,50,score_only,49,50,50
CHEMBL227,35501,original,1,0.3,6.0,inactive_logit,50,plus_group_stats,49,50,50
CHEMBL227,35501,original,1,0.3,6.0,inactive_logit,50,plus_group_evidence,50,50,50
CHEMBL227,35501,original,1,0.3,6.0,inactive_logit,50,full,49,50,50
CHEMBL227,35501,original,1,0.3,6.0,inactive_logit,50,score_cap1,49,50,50
CHEMBL227,35501,original,1,0.3,6.0,inactive_logit,75,full,60,75,75
CHEMBL227,35501,original,1,0.3,6.0,inactive_logit,75,score_cap1,59,75,75
CHEMBL227,35501,unseen,1,,,logit_b5,50,full,49,50,50
CHEMBL227,35501,unseen,1,,,logit_b5,50,score_only,50,50,50
CHEMBL227,35501,unseen,1,,,logit_b5,50,score_cap1,50,50,50
CHEMBL227,35501,unseen,1,,,logit_b7,50,full,49,50,50
CHEMBL227,35501,unseen,1,,,logit_b7,50,score_only,49,50,50
CHEMBL227,35501,unseen,1,,,logit_b7,50,score_cap1,49,50,50
CHEMBL227,35501,unseen,1,,,additive_inactive,50,full,49,50,50
CHEMBL227,35501,unseen,1,,,additive_inactive,50,score_only,50,50,50
CHEMBL227,35501,unseen,1,,,additive_inactive,50,score_cap1,50,50,50
CHEMBL227,35501,unseen,1,,,blockwide_logit,50,full,49,50,50
CHEMBL227,35501,unseen,1,,,blockwide_logit,50,score_only,50,50,50
CHEMBL227,35501,unseen,1,,,blockwide_logit,50,score_cap1,50,50,50
CHEMBL227,35501,unseen,1,,,heterogeneous_inactive,50,full,49,50,50
CHEMBL227,35501,unseen,1,,,heterogeneous_inactive,50,score_only,50,50,50
CHEMBL227,35501,unseen,1,,,heterogeneous_inactive,50,score_cap1,50,50,50
CHEMBL227,35501,original,2,0.2,4.0,inactive_logit,20,full,20,20,20
CHEMBL227,35501,original,2,0.2,4.0,inactive_logit,20,score_cap1,20,20,20
CHEMBL227,35501,original,2,0.2,4.0,inactive_logit,40,full,40,40,40
CHEMBL227,35501,original,2,0.2,4.0,inactive_logit,40,score_cap1,40,40,40
CHEMBL227,35501,original,2,0.2,4.0,inactive_logit,50,score_only,50,50,50
CHEMBL227,35501,original,2,0.2,4.0,inactive_logit,50,plus_group_stats,49,50,50
CHEMBL227,35501,original,2,0.2,4.0,inactive_logit,50,plus_group_evidence,50,50,50
CHEMBL227,35501,original,2,0.2,4.0,inactive_logit,50,full,49,50,50
CHEMBL227,35501,original,2,0.2,4.0,inactive_logit,50,score_cap1,50,50,50
CHEMBL227,35501,original,2,0.2,4.0,inactive_logit,75,full,59,75,75
CHEMBL227,35501,original,2,0.2,4.0,inactive_logit,75,score_cap1,60,75,75
CHEMBL227,35501,original,2,0.2,6.0,inactive_logit,20,full,20,20,20
CHEMBL227,35501,original,2,0.2,6.0,inactive_logit,20,score_cap1,20,20,20
CHEMBL227,35501,original,2,0.2,6.0,inactive_logit,40,full,40,40,40
CHEMBL227,35501,original,2,0.2,6.0,inactive_logit,40,score_cap1,40,40,40
CHEMBL227,35501,original,2,0.2,6.0,inactive_logit,50,score_only,50,50,50
CHEMBL227,35501,original,2,0.2,6.0,inactive_logit,50,plus_group_stats,49,50,50
CHEMBL227,35501,original,2,0.2,6.0,inactive_logit,50,plus_group_evidence,50,50,50
CHEMBL227,35501,original,2,0.2,6.0,inactive_logit,50,full,49,50,50
CHEMBL227,35501,original,2,0.2,6.0,inactive_logit,50,score_cap1,50,50,50
CHEMBL227,35501,original,2,0.2,6.0,inactive_logit,75,full,59,75,75
CHEMBL227,35501,original,2,0.2,6.0,inactive_logit,75,score_cap1,60,75,75
CHEMBL227,35501,original,2,0.3,4.0,inactive_logit,20,full,20,20,20
CHEMBL227,35501,original,2,0.3,4.0,inactive_logit,20,score_cap1,19,20,20
CHEMBL227,35501,original,2,0.3,4.0,inactive_logit,40,full,40,40,40
CHEMBL227,35501,original,2,0.3,4.0,inactive_logit,40,score_cap1,39,40,40
CHEMBL227,35501,original,2,0.3,4.0,inactive_logit,50,score_only,49,50,50
CHEMBL227,35501,original,2,0.3,4.0,inactive_logit,50,plus_group_stats,48,50,50
CHEMBL227,35501,original,2,0.3,4.0,inactive_logit,50,plus_group_evidence,49,50,50
CHEMBL227,35501,original,2,0.3,4.0,inactive_logit,50,full,49,50,50
CHEMBL227,35501,original,2,0.3,4.0,inactive_logit,50,score_cap1,49,50,50
CHEMBL227,35501,original,2,0.3,4.0,inactive_logit,75,full,59,75,75
CHEMBL227,35501,original,2,0.3,4.0,inactive_logit,75,score_cap1,59,75,75
CHEMBL227,35501,original,2,0.3,6.0,inactive_logit,20,full,20,20,20
CHEMBL227,35501,original,2,0.3,6.0,inactive_logit,20,score_cap1,19,20,20
CHEMBL227,35501,original,2,0.3,6.0,inactive_logit,40,full,40,40,40
CHEMBL227,35501,original,2,0.3,6.0,inactive_logit,40,score_cap1,39,40,40
CHEMBL227,35501,original,2,0.3,6.0,inactive_logit,50,score_only,49,50,50
CHEMBL227,35501,original,2,0.3,6.0,inactive_logit,50,plus_group_stats,49,50,50
CHEMBL227,35501,original,2,0.3,6.0,inactive_logit,50,plus_group_evidence,50,50,50
CHEMBL227,35501,original,2,0.3,6.0,inactive_logit,50,full,49,50,50
CHEMBL227,35501,original,2,0.3,6.0,inactive_logit,50,score_cap1,49,50,50
CHEMBL227,35501,original,2,0.3,6.0,inactive_logit,75,full,60,75,75
CHEMBL227,35501,original,2,0.3,6.0,inactive_logit,75,score_cap1,59,75,75
CHEMBL227,35501,unseen,2,,,logit_b5,50,full,49,50,50
CHEMBL227,35501,unseen,2,,,logit_b5,50,score_only,50,50,50
CHEMBL227,35501,unseen,2,,,logit_b5,50,score_cap1,50,50,50
CHEMBL227,35501,unseen,2,,,logit_b7,50,full,49,50,50
CHEMBL227,35501,unseen,2,,,logit_b7,50,score_only,50,50,50
CHEMBL227,35501,unseen,2,,,logit_b7,50,score_cap1,50,50,50
CHEMBL227,35501,unseen,2,,,additive_inactive,50,full,49,50,50
CHEMBL227,35501,unseen,2,,,additive_inactive,50,score_only,49,50,50
CHEMBL227,35501,unseen,2,,,additive_inactive,50,score_cap1,49,50,50
CHEMBL227,35501,unseen,2,,,blockwide_logit,50,full,49,50,50
CHEMBL227,35501,unseen,2,,,blockwide_logit,50,score_only,49,50,50
CHEMBL227,35501,unseen,2,,,blockwide_logit,50,score_cap1,50,50,50
CHEMBL227,35501,unseen,2,,,heterogeneous_inactive,50,full,49,50,50
CHEMBL227,35501,unseen,2,,,heterogeneous_inactive,50,score_only,49,50,50
CHEMBL227,35501,unseen,2,,,heterogeneous_inactive,50,score_cap1,49,50,50
CHEMBL227,35501,original,3,0.2,4.0,inactive_logit,20,full,20,20,20
CHEMBL227,35501,original,3,0.2,4.0,inactive_logit,20,score_cap1,19,20,20
CHEMBL227,35501,original,3,0.2,4.0,inactive_logit,40,full,40,40,40
CHEMBL227,35501,original,3,0.2,4.0,inactive_logit,40,score_cap1,39,40,40
CHEMBL227,35501,original,3,0.2,4.0,inactive_logit,50,score_only,49,50,50
CHEMBL227,35501,original,3,0.2,4.0,inactive_logit,50,plus_group_stats,48,50,50
CHEMBL227,35501,original,3,0.2,4.0,inactive_logit,50,plus_group_evidence,49,50,50
CHEMBL227,35501,original,3,0.2,4.0,inactive_logit,50,full,49,50,50
CHEMBL227,35501,original,3,0.2,4.0,inactive_logit,50,score_cap1,49,50,50
CHEMBL227,35501,original,3,0.2,4.0,inactive_logit,75,full,59,75,75
CHEMBL227,35501,original,3,0.2,4.0,inactive_logit,75,score_cap1,59,75,75
CHEMBL227,35501,original,3,0.2,6.0,inactive_logit,20,full,20,20,20
CHEMBL227,35501,original,3,0.2,6.0,inactive_logit,20,score_cap1,19,20,20
CHEMBL227,35501,original,3,0.2,6.0,inactive_logit,40,full,40,40,40
CHEMBL227,35501,original,3,0.2,6.0,inactive_logit,40,score_cap1,39,40,40
CHEMBL227,35501,original,3,0.2,6.0,inactive_logit,50,score_only,49,50,50
CHEMBL227,35501,original,3,0.2,6.0,inactive_logit,50,plus_group_stats,49,50,50
CHEMBL227,35501,original,3,0.2,6.0,inactive_logit,50,plus_group_evidence,50,50,50
CHEMBL227,35501,original,3,0.2,6.0,inactive_logit,50,full,49,50,50
CHEMBL227,35501,original,3,0.2,6.0,inactive_logit,50,score_cap1,49,50,50
CHEMBL227,35501,original,3,0.2,6.0,inactive_logit,75,full,60,75,75
CHEMBL227,35501,original,3,0.2,6.0,inactive_logit,75,score_cap1,59,75,75
CHEMBL227,35501,original,3,0.3,4.0,inactive_logit,20,full,20,20,20
CHEMBL227,35501,original,3,0.3,4.0,inactive_logit,20,score_cap1,19,20,20
CHEMBL227,35501,original,3,0.3,4.0,inactive_logit,40,full,40,40,40
CHEMBL227,35501,original,3,0.3,4.0,inactive_logit,40,score_cap1,39,40,40
CHEMBL227,35501,original,3,0.3,4.0,inactive_logit,50,score_only,49,50,50
CHEMBL227,35501,original,3,0.3,4.0,inactive_logit,50,plus_group_stats,48,50,50
CHEMBL227,35501,original,3,0.3,4.0,inactive_logit,50,plus_group_evidence,49,50,50
CHEMBL227,35501,original,3,0.3,4.0,inactive_logit,50,full,49,50,50
CHEMBL227,35501,original,3,0.3,4.0,inactive_logit,50,score_cap1,49,50,50
CHEMBL227,35501,original,3,0.3,4.0,inactive_logit,75,full,59,75,75
CHEMBL227,35501,original,3,0.3,4.0,inactive_logit,75,score_cap1,59,75,75
CHEMBL227,35501,original,3,0.3,6.0,inactive_logit,20,full,20,20,20
CHEMBL227,35501,original,3,0.3,6.0,inactive_logit,20,score_cap1,19,20,20
CHEMBL227,35501,original,3,0.3,6.0,inactive_logit,40,full,40,40,40
CHEMBL227,35501,original,3,0.3,6.0,inactive_logit,40,score_cap1,39,40,40
CHEMBL227,35501,original,3,0.3,6.0,inactive_logit,50,score_only,49,50,50
CHEMBL227,35501,original,3,0.3,6.0,inactive_logit,50,plus_group_stats,49,50,50
CHEMBL227,35501,original,3,0.3,6.0,inactive_logit,50,plus_group_evidence,50,50,50
CHEMBL227,35501,original,3,0.3,6.0,inactive_logit,50,full,49,50,50
CHEMBL227,35501,original,3,0.3,6.0,inactive_logit,50,score_cap1,49,50,50
CHEMBL227,35501,original,3,0.3,6.0,inactive_logit,75,full,60,75,75
CHEMBL227,35501,original,3,0.3,6.0,inactive_logit,75,score_cap1,59,75,75
CHEMBL227,35501,unseen,3,,,logit_b5,50,full,49,50,50
CHEMBL227,35501,unseen,3,,,logit_b5,50,score_only,50,50,50
CHEMBL227,35501,unseen,3,,,logit_b5,50,score_cap1,50,50,50
CHEMBL227,35501,unseen,3,,,logit_b7,50,full,49,50,50
CHEMBL227,35501,unseen,3,,,logit_b7,50,score_only,48,50,50
CHEMBL227,35501,unseen,3,,,logit_b7,50,score_cap1,49,50,50
CHEMBL227,35501,unseen,3,,,additive_inactive,50,full,49,50,50
CHEMBL227,35501,unseen,3,,,additive_inactive,50,score_only,50,50,50
CHEMBL227,35501,unseen,3,,,additive_inactive,50,score_cap1,50,50,50
CHEMBL227,35501,unseen,3,,,blockwide_logit,50,full,49,50,50
CHEMBL227,35501,unseen,3,,,blockwide_logit,50,score_only,50,50,50
CHEMBL227,35501,unseen,3,,,blockwide_logit,50,score_cap1,50,50,50
CHEMBL227,35501,unseen,3,,,heterogeneous_inactive,50,full,49,50,50
CHEMBL227,35501,unseen,3,,,heterogeneous_inactive,50,score_only,50,50,50
CHEMBL227,35501,unseen,3,,,heterogeneous_inactive,50,score_cap1,50,50,50
CHEMBL227,35501,original,4,0.2,4.0,inactive_logit,20,full,20,20,20
CHEMBL227,35501,original,4,0.2,4.0,inactive_logit,20,score_cap1,20,20,20
CHEMBL227,35501,original,4,0.2,4.0,inactive_logit,40,full,40,40,40
CHEMBL227,35501,original,4,0.2,4.0,inactive_logit,40,score_cap1,40,40,40
CHEMBL227,35501,original,4,0.2,4.0,inactive_logit,50,score_only,50,50,50
CHEMBL227,35501,original,4,0.2,4.0,inactive_logit,50,plus_group_stats,49,50,50
CHEMBL227,35501,original,4,0.2,4.0,inactive_logit,50,plus_group_evidence,50,50,50
CHEMBL227,35501,original,4,0.2,4.0,inactive_logit,50,full,49,50,50
CHEMBL227,35501,original,4,0.2,4.0,inactive_logit,50,score_cap1,50,50,50
CHEMBL227,35501,original,4,0.2,4.0,inactive_logit,75,full,59,75,75
CHEMBL227,35501,original,4,0.2,4.0,inactive_logit,75,score_cap1,60,75,75
CHEMBL227,35501,original,4,0.2,6.0,inactive_logit,20,full,20,20,20
CHEMBL227,35501,original,4,0.2,6.0,inactive_logit,20,score_cap1,20,20,20
CHEMBL227,35501,original,4,0.2,6.0,inactive_logit,40,full,40,40,40
CHEMBL227,35501,original,4,0.2,6.0,inactive_logit,40,score_cap1,40,40,40
CHEMBL227,35501,original,4,0.2,6.0,inactive_logit,50,score_only,50,50,50
CHEMBL227,35501,original,4,0.2,6.0,inactive_logit,50,plus_group_stats,49,50,50
CHEMBL227,35501,original,4,0.2,6.0,inactive_logit,50,plus_group_evidence,50,50,50
CHEMBL227,35501,original,4,0.2,6.0,inactive_logit,50,full,49,50,50
CHEMBL227,35501,original,4,0.2,6.0,inactive_logit,50,score_cap1,50,50,50
CHEMBL227,35501,original,4,0.2,6.0,inactive_logit,75,full,59,75,75
CHEMBL227,35501,original,4,0.2,6.0,inactive_logit,75,score_cap1,60,75,75
CHEMBL227,35501,original,4,0.3,4.0,inactive_logit,20,full,20,20,20
CHEMBL227,35501,original,4,0.3,4.0,inactive_logit,20,score_cap1,19,20,20
CHEMBL227,35501,original,4,0.3,4.0,inactive_logit,40,full,40,40,40
CHEMBL227,35501,original,4,0.3,4.0,inactive_logit,40,score_cap1,39,40,40
CHEMBL227,35501,original,4,0.3,4.0,inactive_logit,50,score_only,49,50,50
CHEMBL227,35501,original,4,0.3,4.0,inactive_logit,50,plus_group_stats,48,50,50
CHEMBL227,35501,original,4,0.3,4.0,inactive_logit,50,plus_group_evidence,49,50,50
CHEMBL227,35501,original,4,0.3,4.0,inactive_logit,50,full,49,50,50
CHEMBL227,35501,original,4,0.3,4.0,inactive_logit,50,score_cap1,49,50,50
CHEMBL227,35501,original,4,0.3,4.0,inactive_logit,75,full,59,75,75
CHEMBL227,35501,original,4,0.3,4.0,inactive_logit,75,score_cap1,59,75,75
CHEMBL227,35501,original,4,0.3,6.0,inactive_logit,20,full,20,20,20
CHEMBL227,35501,original,4,0.3,6.0,inactive_logit,20,score_cap1,19,20,20
CHEMBL227,35501,original,4,0.3,6.0,inactive_logit,40,full,40,40,40
CHEMBL227,35501,original,4,0.3,6.0,inactive_logit,40,score_cap1,39,40,40
CHEMBL227,35501,original,4,0.3,6.0,inactive_logit,50,score_only,49,50,50
CHEMBL227,35501,original,4,0.3,6.0,inactive_logit,50,plus_group_stats,49,50,50
CHEMBL227,35501,original,4,0.3,6.0,inactive_logit,50,plus_group_evidence,50,50,50
CHEMBL227,35501,original,4,0.3,6.0,inactive_logit,50,full,49,50,50
CHEMBL227,35501,original,4,0.3,6.0,inactive_logit,50,score_cap1,49,50,50
CHEMBL227,35501,original,4,0.3,6.0,inactive_logit,75,full,60,75,75
CHEMBL227,35501,original,4,0.3,6.0,inactive_logit,75,score_cap1,59,75,75
CHEMBL227,35501,unseen,4,,,logit_b5,50,full,49,50,50
CHEMBL227,35501,unseen,4,,,logit_b5,50,score_only,49,50,50
CHEMBL227,35501,unseen,4,,,logit_b5,50,score_cap1,49,50,50
CHEMBL227,35501,unseen,4,,,logit_b7,50,full,49,50,50
CHEMBL227,35501,unseen,4,,,logit_b7,50,score_only,48,50,50
CHEMBL227,35501,unseen,4,,,logit_b7,50,score_cap1,49,50,50
CHEMBL227,35501,unseen,4,,,additive_inactive,50,full,49,50,50
CHEMBL227,35501,unseen,4,,,additive_inactive,50,score_only,50,50,50
CHEMBL227,35501,unseen,4,,,additive_inactive,50,score_cap1,50,50,50
CHEMBL227,35501,unseen,4,,,blockwide_logit,50,full,49,50,50
CHEMBL227,35501,unseen,4,,,blockwide_logit,50,score_only,50,50,50
CHEMBL227,35501,unseen,4,,,blockwide_logit,50,score_cap1,50,50,50
CHEMBL227,35501,unseen,4,,,heterogeneous_inactive,50,full,49,50,50
CHEMBL227,35501,unseen,4,,,heterogeneous_inactive,50,score_only,50,50,50
CHEMBL227,35501,unseen,4,,,heterogeneous_inactive,50,score_cap1,50,50,50
CHEMBL227,35501,original,5,0.2,4.0,inactive_logit,20,full,20,20,20
CHEMBL227,35501,original,5,0.2,4.0,inactive_logit,20,score_cap1,20,20,20
CHEMBL227,35501,original,5,0.2,4.0,inactive_logit,40,full,40,40,40
CHEMBL227,35501,original,5,0.2,4.0,inactive_logit,40,score_cap1,40,40,40
CHEMBL227,35501,original,5,0.2,4.0,inactive_logit,50,score_only,50,50,50
CHEMBL227,35501,original,5,0.2,4.0,inactive_logit,50,plus_group_stats,49,50,50
CHEMBL227,35501,original,5,0.2,4.0,inactive_logit,50,plus_group_evidence,50,50,50
CHEMBL227,35501,original,5,0.2,4.0,inactive_logit,50,full,49,50,50
CHEMBL227,35501,original,5,0.2,4.0,inactive_logit,50,score_cap1,50,50,50
CHEMBL227,35501,original,5,0.2,4.0,inactive_logit,75,full,59,75,75
CHEMBL227,35501,original,5,0.2,4.0,inactive_logit,75,score_cap1,60,75,75
CHEMBL227,35501,original,5,0.2,6.0,inactive_logit,20,full,20,20,20
CHEMBL227,35501,original,5,0.2,6.0,inactive_logit,20,score_cap1,20,20,20
CHEMBL227,35501,original,5,0.2,6.0,inactive_logit,40,full,40,40,40
CHEMBL227,35501,original,5,0.2,6.0,inactive_logit,40,score_cap1,40,40,40
CHEMBL227,35501,original,5,0.2,6.0,inactive_logit,50,score_only,50,50,50
CHEMBL227,35501,original,5,0.2,6.0,inactive_logit,50,plus_group_stats,49,50,50
CHEMBL227,35501,original,5,0.2,6.0,inactive_logit,50,plus_group_evidence,50,50,50
CHEMBL227,35501,original,5,0.2,6.0,inactive_logit,50,full,49,50,50
CHEMBL227,35501,original,5,0.2,6.0,inactive_logit,50,score_cap1,50,50,50
CHEMBL227,35501,original,5,0.2,6.0,inactive_logit,75,full,59,75,75
CHEMBL227,35501,original,5,0.2,6.0,inactive_logit,75,score_cap1,60,75,75
CHEMBL227,35501,original,5,0.3,4.0,inactive_logit,20,full,20,20,20
CHEMBL227,35501,original,5,0.3,4.0,inactive_logit,20,score_cap1,19,20,20
CHEMBL227,35501,original,5,0.3,4.0,inactive_logit,40,full,40,40,40
CHEMBL227,35501,original,5,0.3,4.0,inactive_logit,40,score_cap1,39,40,40
CHEMBL227,35501,original,5,0.3,4.0,inactive_logit,50,score_only,49,50,50
CHEMBL227,35501,original,5,0.3,4.0,inactive_logit,50,plus_group_stats,48,50,50
CHEMBL227,35501,original,5,0.3,4.0,inactive_logit,50,plus_group_evidence,49,50,50
CHEMBL227,35501,original,5,0.3,4.0,inactive_logit,50,full,49,50,50
CHEMBL227,35501,original,5,0.3,4.0,inactive_logit,50,score_cap1,49,50,50
CHEMBL227,35501,original,5,0.3,4.0,inactive_logit,75,full,59,75,75
CHEMBL227,35501,original,5,0.3,4.0,inactive_logit,75,score_cap1,59,75,75
CHEMBL227,35501,original,5,0.3,6.0,inactive_logit,20,full,20,20,20
CHEMBL227,35501,original,5,0.3,6.0,inactive_logit,20,score_cap1,19,20,20
CHEMBL227,35501,original,5,0.3,6.0,inactive_logit,40,full,40,40,40
CHEMBL227,35501,original,5,0.3,6.0,inactive_logit,40,score_cap1,39,40,40
CHEMBL227,35501,original,5,0.3,6.0,inactive_logit,50,score_only,49,50,50
CHEMBL227,35501,original,5,0.3,6.0,inactive_logit,50,plus_group_stats,49,50,50
CHEMBL227,35501,original,5,0.3,6.0,inactive_logit,50,plus_group_evidence,50,50,50
CHEMBL227,35501,original,5,0.3,6.0,inactive_logit,50,full,49,50,50
CHEMBL227,35501,original,5,0.3,6.0,inactive_logit,50,score_cap1,49,50,50
CHEMBL227,35501,original,5,0.3,6.0,inactive_logit,75,full,60,75,75
CHEMBL227,35501,original,5,0.3,6.0,inactive_logit,75,score_cap1,59,75,75
CHEMBL227,35501,unseen,5,,,logit_b5,50,full,49,50,50
CHEMBL227,35501,unseen,5,,,logit_b5,50,score_only,49,50,50
CHEMBL227,35501,unseen,5,,,logit_b5,50,score_cap1,49,50,50
CHEMBL227,35501,unseen,5,,,logit_b7,50,full,49,50,50
CHEMBL227,35501,unseen,5,,,logit_b7,50,score_only,49,50,50
CHEMBL227,35501,unseen,5,,,logit_b7,50,score_cap1,49,50,50
CHEMBL227,35501,unseen,5,,,additive_inactive,50,full,49,50,50
CHEMBL227,35501,unseen,5,,,additive_inactive,50,score_only,49,50,50
CHEMBL227,35501,unseen,5,,,additive_inactive,50,score_cap1,49,50,50
CHEMBL227,35501,unseen,5,,,blockwide_logit,50,full,49,50,50
CHEMBL227,35501,unseen,5,,,blockwide_logit,50,score_only,49,50,50
CHEMBL227,35501,unseen,5,,,blockwide_logit,50,score_cap1,50,50,50
CHEMBL227,35501,unseen,5,,,heterogeneous_inactive,50,full,49,50,50
CHEMBL227,35501,unseen,5,,,heterogeneous_inactive,50,score_only,49,50,50
CHEMBL227,35501,unseen,5,,,heterogeneous_inactive,50,score_cap1,49,50,50
CHEMBL227,35501,original,6,0.2,4.0,inactive_logit,20,full,20,20,20
CHEMBL227,35501,original,6,0.2,4.0,inactive_logit,20,score_cap1,19,20,20
CHEMBL227,35501,original,6,0.2,4.0,inactive_logit,40,full,40,40,40
CHEMBL227,35501,original,6,0.2,4.0,inactive_logit,40,score_cap1,39,40,40
CHEMBL227,35501,original,6,0.2,4.0,inactive_logit,50,score_only,49,50,50
CHEMBL227,35501,original,6,0.2,4.0,inactive_logit,50,plus_group_stats,48,50,50
CHEMBL227,35501,original,6,0.2,4.0,inactive_logit,50,plus_group_evidence,49,50,50
CHEMBL227,35501,original,6,0.2,4.0,inactive_logit,50,full,49,50,50
CHEMBL227,35501,original,6,0.2,4.0,inactive_logit,50,score_cap1,49,50,50
CHEMBL227,35501,original,6,0.2,4.0,inactive_logit,75,full,59,75,75
CHEMBL227,35501,original,6,0.2,4.0,inactive_logit,75,score_cap1,59,75,75
CHEMBL227,35501,original,6,0.2,6.0,inactive_logit,20,full,20,20,20
CHEMBL227,35501,original,6,0.2,6.0,inactive_logit,20,score_cap1,19,20,20
CHEMBL227,35501,original,6,0.2,6.0,inactive_logit,40,full,40,40,40
CHEMBL227,35501,original,6,0.2,6.0,inactive_logit,40,score_cap1,39,40,40
CHEMBL227,35501,original,6,0.2,6.0,inactive_logit,50,score_only,49,50,50
CHEMBL227,35501,original,6,0.2,6.0,inactive_logit,50,plus_group_stats,49,50,50
CHEMBL227,35501,original,6,0.2,6.0,inactive_logit,50,plus_group_evidence,50,50,50
CHEMBL227,35501,original,6,0.2,6.0,inactive_logit,50,full,49,50,50
CHEMBL227,35501,original,6,0.2,6.0,inactive_logit,50,score_cap1,49,50,50
CHEMBL227,35501,original,6,0.2,6.0,inactive_logit,75,full,60,75,75
CHEMBL227,35501,original,6,0.2,6.0,inactive_logit,75,score_cap1,59,75,75
CHEMBL227,35501,original,6,0.3,4.0,inactive_logit,20,full,20,20,20
CHEMBL227,35501,original,6,0.3,4.0,inactive_logit,20,score_cap1,19,20,20
CHEMBL227,35501,original,6,0.3,4.0,inactive_logit,40,full,40,40,40
CHEMBL227,35501,original,6,0.3,4.0,inactive_logit,40,score_cap1,39,40,40
CHEMBL227,35501,original,6,0.3,4.0,inactive_logit,50,score_only,49,50,50
CHEMBL227,35501,original,6,0.3,4.0,inactive_logit,50,plus_group_stats,48,50,50
CHEMBL227,35501,original,6,0.3,4.0,inactive_logit,50,plus_group_evidence,49,50,50
CHEMBL227,35501,original,6,0.3,4.0,inactive_logit,50,full,49,50,50
CHEMBL227,35501,original,6,0.3,4.0,inactive_logit,50,score_cap1,49,50,50
CHEMBL227,35501,original,6,0.3,4.0,inactive_logit,75,full,59,75,75
CHEMBL227,35501,original,6,0.3,4.0,inactive_logit,75,score_cap1,59,75,75
CHEMBL227,35501,original,6,0.3,6.0,inactive_logit,20,full,20,20,20
CHEMBL227,35501,original,6,0.3,6.0,inactive_logit,20,score_cap1,19,20,20
CHEMBL227,35501,original,6,0.3,6.0,inactive_logit,40,full,40,40,40
CHEMBL227,35501,original,6,0.3,6.0,inactive_logit,40,score_cap1,39,40,40
CHEMBL227,35501,original,6,0.3,6.0,inactive_logit,50,score_only,49,50,50
CHEMBL227,35501,original,6,0.3,6.0,inactive_logit,50,plus_group_stats,49,50,50
CHEMBL227,35501,original,6,0.3,6.0,inactive_logit,50,plus_group_evidence,50,50,50
CHEMBL227,35501,original,6,0.3,6.0,inactive_logit,50,full,49,50,50
CHEMBL227,35501,original,6,0.3,6.0,inactive_logit,50,score_cap1,49,50,50
CHEMBL227,35501,original,6,0.3,6.0,inactive_logit,75,full,60,75,75
CHEMBL227,35501,original,6,0.3,6.0,inactive_logit,75,score_cap1,59,75,75
CHEMBL227,35501,unseen,6,,,logit_b5,50,full,49,50,50
CHEMBL227,35501,unseen,6,,,logit_b5,50,score_only,50,50,50
CHEMBL227,35501,unseen,6,,,logit_b5,50,score_cap1,50,50,50
CHEMBL227,35501,unseen,6,,,logit_b7,50,full,49,50,50
CHEMBL227,35501,unseen,6,,,logit_b7,50,score_only,50,50,50
CHEMBL227,35501,unseen,6,,,logit_b7,50,score_cap1,50,50,50
CHEMBL227,35501,unseen,6,,,additive_inactive,50,full,49,50,50
CHEMBL227,35501,unseen,6,,,additive_inactive,50,score_only,50,50,50
CHEMBL227,35501,unseen,6,,,additive_inactive,50,score_cap1,50,50,50
CHEMBL227,35501,unseen,6,,,blockwide_logit,50,full,49,50,50
CHEMBL227,35501,unseen,6,,,blockwide_logit,50,score_only,50,50,50
CHEMBL227,35501,unseen,6,,,blockwide_logit,50,score_cap1,50,50,50
CHEMBL227,35501,unseen,6,,,heterogeneous_inactive,50,full,49,50,50
CHEMBL227,35501,unseen,6,,,heterogeneous_inactive,50,score_only,50,50,50
CHEMBL227,35501,unseen,6,,,heterogeneous_inactive,50,score_cap1,50,50,50
CHEMBL227,35501,original,7,0.2,4.0,inactive_logit,20,full,20,20,20
CHEMBL227,35501,original,7,0.2,4.0,inactive_logit,20,score_cap1,20,20,20
CHEMBL227,35501,original,7,0.2,4.0,inactive_logit,40,full,40,40,40
CHEMBL227,35501,original,7,0.2,4.0,inactive_logit,40,score_cap1,40,40,40
CHEMBL227,35501,original,7,0.2,4.0,inactive_logit,50,score_only,50,50,50
CHEMBL227,35501,original,7,0.2,4.0,inactive_logit,50,plus_group_stats,49,50,50
CHEMBL227,35501,original,7,0.2,4.0,inactive_logit,50,plus_group_evidence,50,50,50
CHEMBL227,35501,original,7,0.2,4.0,inactive_logit,50,full,49,50,50
CHEMBL227,35501,original,7,0.2,4.0,inactive_logit,50,score_cap1,50,50,50
CHEMBL227,35501,original,7,0.2,4.0,inactive_logit,75,full,59,75,75
CHEMBL227,35501,original,7,0.2,4.0,inactive_logit,75,score_cap1,60,75,75
CHEMBL227,35501,original,7,0.2,6.0,inactive_logit,20,full,20,20,20
CHEMBL227,35501,original,7,0.2,6.0,inactive_logit,20,score_cap1,20,20,20
CHEMBL227,35501,original,7,0.2,6.0,inactive_logit,40,full,40,40,40
CHEMBL227,35501,original,7,0.2,6.0,inactive_logit,40,score_cap1,40,40,40
CHEMBL227,35501,original,7,0.2,6.0,inactive_logit,50,score_only,50,50,50
CHEMBL227,35501,original,7,0.2,6.0,inactive_logit,50,plus_group_stats,49,50,50
CHEMBL227,35501,original,7,0.2,6.0,inactive_logit,50,plus_group_evidence,50,50,50
CHEMBL227,35501,original,7,0.2,6.0,inactive_logit,50,full,49,50,50
CHEMBL227,35501,original,7,0.2,6.0,inactive_logit,50,score_cap1,50,50,50
CHEMBL227,35501,original,7,0.2,6.0,inactive_logit,75,full,59,75,75
CHEMBL227,35501,original,7,0.2,6.0,inactive_logit,75,score_cap1,60,75,75
CHEMBL227,35501,original,7,0.3,4.0,inactive_logit,20,full,20,20,20
CHEMBL227,35501,original,7,0.3,4.0,inactive_logit,20,score_cap1,19,20,20
CHEMBL227,35501,original,7,0.3,4.0,inactive_logit,40,full,40,40,40
CHEMBL227,35501,original,7,0.3,4.0,inactive_logit,40,score_cap1,39,40,40
CHEMBL227,35501,original,7,0.3,4.0,inactive_logit,50,score_only,49,50,50
CHEMBL227,35501,original,7,0.3,4.0,inactive_logit,50,plus_group_stats,48,50,50
CHEMBL227,35501,original,7,0.3,4.0,inactive_logit,50,plus_group_evidence,49,50,50
CHEMBL227,35501,original,7,0.3,4.0,inactive_logit,50,full,49,50,50
CHEMBL227,35501,original,7,0.3,4.0,inactive_logit,50,score_cap1,49,50,50
CHEMBL227,35501,original,7,0.3,4.0,inactive_logit,75,full,59,75,75
CHEMBL227,35501,original,7,0.3,4.0,inactive_logit,75,score_cap1,59,75,75
CHEMBL227,35501,original,7,0.3,6.0,inactive_logit,20,full,20,20,20
CHEMBL227,35501,original,7,0.3,6.0,inactive_logit,20,score_cap1,19,20,20
CHEMBL227,35501,original,7,0.3,6.0,inactive_logit,40,full,40,40,40
CHEMBL227,35501,original,7,0.3,6.0,inactive_logit,40,score_cap1,39,40,40
CHEMBL227,35501,original,7,0.3,6.0,inactive_logit,50,score_only,49,50,50
CHEMBL227,35501,original,7,0.3,6.0,inactive_logit,50,plus_group_stats,49,50,50
CHEMBL227,35501,original,7,0.3,6.0,inactive_logit,50,plus_group_evidence,50,50,50
CHEMBL227,35501,original,7,0.3,6.0,inactive_logit,50,full,49,50,50
CHEMBL227,35501,original,7,0.3,6.0,inactive_logit,50,score_cap1,49,50,50
CHEMBL227,35501,original,7,0.3,6.0,inactive_logit,75,full,60,75,75
CHEMBL227,35501,original,7,0.3,6.0,inactive_logit,75,score_cap1,59,75,75
CHEMBL227,35501,unseen,7,,,logit_b5,50,full,49,50,50
CHEMBL227,35501,unseen,7,,,logit_b5,50,score_only,50,50,50
CHEMBL227,35501,unseen,7,,,logit_b5,50,score_cap1,50,50,50
CHEMBL227,35501,unseen,7,,,logit_b7,50,full,49,50,50
CHEMBL227,35501,unseen,7,,,logit_b7,50,score_only,49,50,50
CHEMBL227,35501,unseen,7,,,logit_b7,50,score_cap1,49,50,50
CHEMBL227,35501,unseen,7,,,additive_inactive,50,full,49,50,50
CHEMBL227,35501,unseen,7,,,additive_inactive,50,score_only,50,50,50
CHEMBL227,35501,unseen,7,,,additive_inactive,50,score_cap1,50,50,50
CHEMBL227,35501,unseen,7,,,blockwide_logit,50,full,49,50,50
CHEMBL227,35501,unseen,7,,,blockwide_logit,50,score_only,50,50,50
CHEMBL227,35501,unseen,7,,,blockwide_logit,50,score_cap1,50,50,50
CHEMBL227,35501,unseen,7,,,heterogeneous_inactive,50,full,49,50,50
CHEMBL227,35501,unseen,7,,,heterogeneous_inactive,50,score_only,50,50,50
CHEMBL227,35501,unseen,7,,,heterogeneous_inactive,50,score_cap1,50,50,50
CHEMBL227,35501,original,8,0.2,4.0,inactive_logit,20,full,20,20,20
CHEMBL227,35501,original,8,0.2,4.0,inactive_logit,20,score_cap1,19,20,20
CHEMBL227,35501,original,8,0.2,4.0,inactive_logit,40,full,40,40,40
CHEMBL227,35501,original,8,0.2,4.0,inactive_logit,40,score_cap1,39,40,40
CHEMBL227,35501,original,8,0.2,4.0,inactive_logit,50,score_only,49,50,50
CHEMBL227,35501,original,8,0.2,4.0,inactive_logit,50,plus_group_stats,48,50,50
CHEMBL227,35501,original,8,0.2,4.0,inactive_logit,50,plus_group_evidence,49,50,50
CHEMBL227,35501,original,8,0.2,4.0,inactive_logit,50,full,49,50,50
CHEMBL227,35501,original,8,0.2,4.0,inactive_logit,50,score_cap1,49,50,50
CHEMBL227,35501,original,8,0.2,4.0,inactive_logit,75,full,59,75,75
CHEMBL227,35501,original,8,0.2,4.0,inactive_logit,75,score_cap1,59,75,75
CHEMBL227,35501,original,8,0.2,6.0,inactive_logit,20,full,20,20,20
CHEMBL227,35501,original,8,0.2,6.0,inactive_logit,20,score_cap1,19,20,20
CHEMBL227,35501,original,8,0.2,6.0,inactive_logit,40,full,40,40,40
CHEMBL227,35501,original,8,0.2,6.0,inactive_logit,40,score_cap1,39,40,40
CHEMBL227,35501,original,8,0.2,6.0,inactive_logit,50,score_only,49,50,50
CHEMBL227,35501,original,8,0.2,6.0,inactive_logit,50,plus_group_stats,49,50,50
CHEMBL227,35501,original,8,0.2,6.0,inactive_logit,50,plus_group_evidence,50,50,50
CHEMBL227,35501,original,8,0.2,6.0,inactive_logit,50,full,49,50,50
CHEMBL227,35501,original,8,0.2,6.0,inactive_logit,50,score_cap1,49,50,50
CHEMBL227,35501,original,8,0.2,6.0,inactive_logit,75,full,60,75,75
CHEMBL227,35501,original,8,0.2,6.0,inactive_logit,75,score_cap1,59,75,75
CHEMBL227,35501,original,8,0.3,4.0,inactive_logit,20,full,20,20,20
CHEMBL227,35501,original,8,0.3,4.0,inactive_logit,20,score_cap1,19,20,20
CHEMBL227,35501,original,8,0.3,4.0,inactive_logit,40,full,40,40,40
CHEMBL227,35501,original,8,0.3,4.0,inactive_logit,40,score_cap1,39,40,40
CHEMBL227,35501,original,8,0.3,4.0,inactive_logit,50,score_only,49,50,50
CHEMBL227,35501,original,8,0.3,4.0,inactive_logit,50,plus_group_stats,48,50,50
CHEMBL227,35501,original,8,0.3,4.0,inactive_logit,50,plus_group_evidence,49,50,50
CHEMBL227,35501,original,8,0.3,4.0,inactive_logit,50,full,49,50,50
CHEMBL227,35501,original,8,0.3,4.0,inactive_logit,50,score_cap1,49,50,50
CHEMBL227,35501,original,8,0.3,4.0,inactive_logit,75,full,59,75,75
CHEMBL227,35501,original,8,0.3,4.0,inactive_logit,75,score_cap1,59,75,75
CHEMBL227,35501,original,8,0.3,6.0,inactive_logit,20,full,20,20,20
CHEMBL227,35501,original,8,0.3,6.0,inactive_logit,20,score_cap1,19,20,20
CHEMBL227,35501,original,8,0.3,6.0,inactive_logit,40,full,40,40,40
CHEMBL227,35501,original,8,0.3,6.0,inactive_logit,40,score_cap1,39,40,40
CHEMBL227,35501,original,8,0.3,6.0,inactive_logit,50,score_only,49,50,50
CHEMBL227,35501,original,8,0.3,6.0,inactive_logit,50,plus_group_stats,49,50,50
CHEMBL227,35501,original,8,0.3,6.0,inactive_logit,50,plus_group_evidence,50,50,50
CHEMBL227,35501,original,8,0.3,6.0,inactive_logit,50,full,49,50,50
CHEMBL227,35501,original,8,0.3,6.0,inactive_logit,50,score_cap1,49,50,50
CHEMBL227,35501,original,8,0.3,6.0,inactive_logit,75,full,60,75,75
CHEMBL227,35501,original,8,0.3,6.0,inactive_logit,75,score_cap1,59,75,75
CHEMBL227,35501,unseen,8,,,logit_b5,50,full,49,50,50
CHEMBL227,35501,unseen,8,,,logit_b5,50,score_only,50,50,50
CHEMBL227,35501,unseen,8,,,logit_b5,50,score_cap1,50,50,50
CHEMBL227,35501,unseen,8,,,logit_b7,50,full,49,50,50
CHEMBL227,35501,unseen,8,,,logit_b7,50,score_only,49,50,50
CHEMBL227,35501,unseen,8,,,logit_b7,50,score_cap1,49,50,50
CHEMBL227,35501,unseen,8,,,additive_inactive,50,full,49,50,50
CHEMBL227,35501,unseen,8,,,additive_inactive,50,score_only,50,50,50
CHEMBL227,35501,unseen,8,,,additive_inactive,50,score_cap1,50,50,50
CHEMBL227,35501,unseen,8,,,blockwide_logit,50,full,49,50,50
CHEMBL227,35501,unseen,8,,,blockwide_logit,50,score_only,50,50,50
CHEMBL227,35501,unseen,8,,,blockwide_logit,50,score_cap1,50,50,50
CHEMBL227,35501,unseen,8,,,heterogeneous_inactive,50,full,49,50,50
CHEMBL227,35501,unseen,8,,,heterogeneous_inactive,50,score_only,50,50,50
CHEMBL227,35501,unseen,8,,,heterogeneous_inactive,50,score_cap1,50,50,50
CHEMBL227,35501,original,9,0.2,4.0,inactive_logit,20,full,20,20,20
CHEMBL227,35501,original,9,0.2,4.0,inactive_logit,20,score_cap1,19,20,20
CHEMBL227,35501,original,9,0.2,4.0,inactive_logit,40,full,40,40,40
CHEMBL227,35501,original,9,0.2,4.0,inactive_logit,40,score_cap1,39,40,40
CHEMBL227,35501,original,9,0.2,4.0,inactive_logit,50,score_only,49,50,50
CHEMBL227,35501,original,9,0.2,4.0,inactive_logit,50,plus_group_stats,48,50,50
CHEMBL227,35501,original,9,0.2,4.0,inactive_logit,50,plus_group_evidence,49,50,50
CHEMBL227,35501,original,9,0.2,4.0,inactive_logit,50,full,49,50,50
CHEMBL227,35501,original,9,0.2,4.0,inactive_logit,50,score_cap1,49,50,50
CHEMBL227,35501,original,9,0.2,4.0,inactive_logit,75,full,59,75,75
CHEMBL227,35501,original,9,0.2,4.0,inactive_logit,75,score_cap1,59,75,75
CHEMBL227,35501,original,9,0.2,6.0,inactive_logit,20,full,20,20,20
CHEMBL227,35501,original,9,0.2,6.0,inactive_logit,20,score_cap1,19,20,20
CHEMBL227,35501,original,9,0.2,6.0,inactive_logit,40,full,40,40,40
CHEMBL227,35501,original,9,0.2,6.0,inactive_logit,40,score_cap1,39,40,40
CHEMBL227,35501,original,9,0.2,6.0,inactive_logit,50,score_only,49,50,50
CHEMBL227,35501,original,9,0.2,6.0,inactive_logit,50,plus_group_stats,49,50,50
CHEMBL227,35501,original,9,0.2,6.0,inactive_logit,50,plus_group_evidence,50,50,50
CHEMBL227,35501,original,9,0.2,6.0,inactive_logit,50,full,49,50,50
CHEMBL227,35501,original,9,0.2,6.0,inactive_logit,50,score_cap1,49,50,50
CHEMBL227,35501,original,9,0.2,6.0,inactive_logit,75,full,60,75,75
CHEMBL227,35501,original,9,0.2,6.0,inactive_logit,75,score_cap1,59,75,75
CHEMBL227,35501,original,9,0.3,4.0,inactive_logit,20,full,20,20,20
CHEMBL227,35501,original,9,0.3,4.0,inactive_logit,20,score_cap1,19,20,20
CHEMBL227,35501,original,9,0.3,4.0,inactive_logit,40,full,40,40,40
CHEMBL227,35501,original,9,0.3,4.0,inactive_logit,40,score_cap1,39,40,40
CHEMBL227,35501,original,9,0.3,4.0,inactive_logit,50,score_only,49,50,50
CHEMBL227,35501,original,9,0.3,4.0,inactive_logit,50,plus_group_stats,48,50,50
CHEMBL227,35501,original,9,0.3,4.0,inactive_logit,50,plus_group_evidence,49,50,50
CHEMBL227,35501,original,9,0.3,4.0,inactive_logit,50,full,49,50,50
CHEMBL227,35501,original,9,0.3,4.0,inactive_logit,50,score_cap1,49,50,50
CHEMBL227,35501,original,9,0.3,4.0,inactive_logit,75,full,59,75,75
CHEMBL227,35501,original,9,0.3,4.0,inactive_logit,75,score_cap1,59,75,75
CHEMBL227,35501,original,9,0.3,6.0,inactive_logit,20,full,20,20,20
CHEMBL227,35501,original,9,0.3,6.0,inactive_logit,20,score_cap1,19,20,20
CHEMBL227,35501,original,9,0.3,6.0,inactive_logit,40,full,40,40,40
CHEMBL227,35501,original,9,0.3,6.0,inactive_logit,40,score_cap1,39,40,40
CHEMBL227,35501,original,9,0.3,6.0,inactive_logit,50,score_only,49,50,50
CHEMBL227,35501,original,9,0.3,6.0,inactive_logit,50,plus_group_stats,49,50,50
CHEMBL227,35501,original,9,0.3,6.0,inactive_logit,50,plus_group_evidence,50,50,50
CHEMBL227,35501,original,9,0.3,6.0,inactive_logit,50,full,49,50,50
CHEMBL227,35501,original,9,0.3,6.0,inactive_logit,50,score_cap1,49,50,50
CHEMBL227,35501,original,9,0.3,6.0,inactive_logit,75,full,60,75,75
CHEMBL227,35501,original,9,0.3,6.0,inactive_logit,75,score_cap1,59,75,75
CHEMBL227,35501,unseen,9,,,logit_b5,50,full,49,50,50
CHEMBL227,35501,unseen,9,,,logit_b5,50,score_only,49,50,50
CHEMBL227,35501,unseen,9,,,logit_b5,50,score_cap1,49,50,50
CHEMBL227,35501,unseen,9,,,logit_b7,50,full,49,50,50
CHEMBL227,35501,unseen,9,,,logit_b7,50,score_only,49,50,50
CHEMBL227,35501,unseen,9,,,logit_b7,50,score_cap1,49,50,50
CHEMBL227,35501,unseen,9,,,additive_inactive,50,full,49,50,50
CHEMBL227,35501,unseen,9,,,additive_inactive,50,score_only,49,50,50
CHEMBL227,35501,unseen,9,,,additive_inactive,50,score_cap1,49,50,50
CHEMBL227,35501,unseen,9,,,blockwide_logit,50,full,49,50,50
CHEMBL227,35501,unseen,9,,,blockwide_logit,50,score_only,49,50,50
CHEMBL227,35501,unseen,9,,,blockwide_logit,50,score_cap1,50,50,50
CHEMBL227,35501,unseen,9,,,heterogeneous_inactive,50,full,49,50,50
CHEMBL227,35501,unseen,9,,,heterogeneous_inactive,50,score_only,49,50,50
CHEMBL227,35501,unseen,9,,,heterogeneous_inactive,50,score_cap1,49,50,50
CHEMBL231,35501,original,0,0.2,4.0,inactive_logit,20,full,19,20,20
CHEMBL231,35501,original,0,0.2,4.0,inactive_logit,20,score_cap1,19,20,20
CHEMBL231,35501,original,0,0.2,4.0,inactive_logit,40,full,39,40,40
CHEMBL231,35501,original,0,0.2,4.0,inactive_logit,40,score_cap1,38,40,40
CHEMBL231,35501,original,0,0.2,4.0,inactive_logit,50,score_only,47,50,50
CHEMBL231,35501,original,0,0.2,4.0,inactive_logit,50,plus_group_stats,47,50,50
CHEMBL231,35501,original,0,0.2,4.0,inactive_logit,50,plus_group_evidence,48,50,50
CHEMBL231,35501,original,0,0.2,4.0,inactive_logit,50,full,48,50,50
CHEMBL231,35501,original,0,0.2,4.0,inactive_logit,50,score_cap1,46,50,50
CHEMBL231,35501,original,0,0.2,4.0,inactive_logit,75,full,64,75,75
CHEMBL231,35501,original,0,0.2,4.0,inactive_logit,75,score_cap1,64,75,75
CHEMBL231,35501,original,0,0.2,6.0,inactive_logit,20,full,19,20,20
CHEMBL231,35501,original,0,0.2,6.0,inactive_logit,20,score_cap1,19,20,20
CHEMBL231,35501,original,0,0.2,6.0,inactive_logit,40,full,38,40,40
CHEMBL231,35501,original,0,0.2,6.0,inactive_logit,40,score_cap1,37,40,40
CHEMBL231,35501,original,0,0.2,6.0,inactive_logit,50,score_only,47,50,50
CHEMBL231,35501,original,0,0.2,6.0,inactive_logit,50,plus_group_stats,47,50,50
CHEMBL231,35501,original,0,0.2,6.0,inactive_logit,50,plus_group_evidence,48,50,50
CHEMBL231,35501,original,0,0.2,6.0,inactive_logit,50,full,48,50,50
CHEMBL231,35501,original,0,0.2,6.0,inactive_logit,50,score_cap1,46,50,50
CHEMBL231,35501,original,0,0.2,6.0,inactive_logit,75,full,64,75,75
CHEMBL231,35501,original,0,0.2,6.0,inactive_logit,75,score_cap1,64,75,75
CHEMBL231,35501,original,0,0.3,4.0,inactive_logit,20,full,19,20,20
CHEMBL231,35501,original,0,0.3,4.0,inactive_logit,20,score_cap1,20,20,20
CHEMBL231,35501,original,0,0.3,4.0,inactive_logit,40,full,38,40,40
CHEMBL231,35501,original,0,0.3,4.0,inactive_logit,40,score_cap1,37,40,40
CHEMBL231,35501,original,0,0.3,4.0,inactive_logit,50,score_only,45,50,50
CHEMBL231,35501,original,0,0.3,4.0,inactive_logit,50,plus_group_stats,46,50,50
CHEMBL231,35501,original,0,0.3,4.0,inactive_logit,50,plus_group_evidence,46,50,50
CHEMBL231,35501,original,0,0.3,4.0,inactive_logit,50,full,46,50,50
CHEMBL231,35501,original,0,0.3,4.0,inactive_logit,50,score_cap1,46,50,50
CHEMBL231,35501,original,0,0.3,4.0,inactive_logit,75,full,64,75,75
CHEMBL231,35501,original,0,0.3,4.0,inactive_logit,75,score_cap1,64,75,75
CHEMBL231,35501,original,0,0.3,6.0,inactive_logit,20,full,19,20,20
CHEMBL231,35501,original,0,0.3,6.0,inactive_logit,20,score_cap1,19,20,20
CHEMBL231,35501,original,0,0.3,6.0,inactive_logit,40,full,36,40,40
CHEMBL231,35501,original,0,0.3,6.0,inactive_logit,40,score_cap1,35,40,40
CHEMBL231,35501,original,0,0.3,6.0,inactive_logit,50,score_only,44,50,50
CHEMBL231,35501,original,0,0.3,6.0,inactive_logit,50,plus_group_stats,45,50,50
CHEMBL231,35501,original,0,0.3,6.0,inactive_logit,50,plus_group_evidence,45,50,50
CHEMBL231,35501,original,0,0.3,6.0,inactive_logit,50,full,45,50,50
CHEMBL231,35501,original,0,0.3,6.0,inactive_logit,50,score_cap1,45,50,50
CHEMBL231,35501,original,0,0.3,6.0,inactive_logit,75,full,64,75,75
CHEMBL231,35501,original,0,0.3,6.0,inactive_logit,75,score_cap1,64,75,75
CHEMBL231,35501,unseen,0,,,logit_b5,50,full,47,50,50
CHEMBL231,35501,unseen,0,,,logit_b5,50,score_only,47,50,50
CHEMBL231,35501,unseen,0,,,logit_b5,50,score_cap1,46,50,50
CHEMBL231,35501,unseen,0,,,logit_b7,50,full,45,50,50
CHEMBL231,35501,unseen,0,,,logit_b7,50,score_only,44,50,50
CHEMBL231,35501,unseen,0,,,logit_b7,50,score_cap1,45,50,50
CHEMBL231,35501,unseen,0,,,additive_inactive,50,full,48,50,50
CHEMBL231,35501,unseen,0,,,additive_inactive,50,score_only,47,50,50
CHEMBL231,35501,unseen,0,,,additive_inactive,50,score_cap1,47,50,50
CHEMBL231,35501,unseen,0,,,blockwide_logit,50,full,47,50,50
CHEMBL231,35501,unseen,0,,,blockwide_logit,50,score_only,45,50,50
CHEMBL231,35501,unseen,0,,,blockwide_logit,50,score_cap1,46,50,50
CHEMBL231,35501,unseen,0,,,heterogeneous_inactive,50,full,47,50,50
CHEMBL231,35501,unseen,0,,,heterogeneous_inactive,50,score_only,45,50,50
CHEMBL231,35501,unseen,0,,,heterogeneous_inactive,50,score_cap1,46,50,50
CHEMBL231,35501,original,1,0.2,4.0,inactive_logit,20,full,19,20,20
CHEMBL231,35501,original,1,0.2,4.0,inactive_logit,20,score_cap1,19,20,20
CHEMBL231,35501,original,1,0.2,4.0,inactive_logit,40,full,37,40,40
CHEMBL231,35501,original,1,0.2,4.0,inactive_logit,40,score_cap1,37,40,40
CHEMBL231,35501,original,1,0.2,4.0,inactive_logit,50,score_only,45,50,50
CHEMBL231,35501,original,1,0.2,4.0,inactive_logit,50,plus_group_stats,46,50,50
CHEMBL231,35501,original,1,0.2,4.0,inactive_logit,50,plus_group_evidence,47,50,50
CHEMBL231,35501,original,1,0.2,4.0,inactive_logit,50,full,47,50,50
CHEMBL231,35501,original,1,0.2,4.0,inactive_logit,50,score_cap1,46,50,50
CHEMBL231,35501,original,1,0.2,4.0,inactive_logit,75,full,64,75,75
CHEMBL231,35501,original,1,0.2,4.0,inactive_logit,75,score_cap1,64,75,75
CHEMBL231,35501,original,1,0.2,6.0,inactive_logit,20,full,19,20,20
CHEMBL231,35501,original,1,0.2,6.0,inactive_logit,20,score_cap1,19,20,20
CHEMBL231,35501,original,1,0.2,6.0,inactive_logit,40,full,37,40,40
CHEMBL231,35501,original,1,0.2,6.0,inactive_logit,40,score_cap1,36,40,40
CHEMBL231,35501,original,1,0.2,6.0,inactive_logit,50,score_only,46,50,50
CHEMBL231,35501,original,1,0.2,6.0,inactive_logit,50,plus_group_stats,46,50,50
CHEMBL231,35501,original,1,0.2,6.0,inactive_logit,50,plus_group_evidence,47,50,50
CHEMBL231,35501,original,1,0.2,6.0,inactive_logit,50,full,47,50,50
CHEMBL231,35501,original,1,0.2,6.0,inactive_logit,50,score_cap1,46,50,50
CHEMBL231,35501,original,1,0.2,6.0,inactive_logit,75,full,64,75,75
CHEMBL231,35501,original,1,0.2,6.0,inactive_logit,75,score_cap1,64,75,75
CHEMBL231,35501,original,1,0.3,4.0,inactive_logit,20,full,19,20,20
CHEMBL231,35501,original,1,0.3,4.0,inactive_logit,20,score_cap1,20,20,20
CHEMBL231,35501,original,1,0.3,4.0,inactive_logit,40,full,37,40,40
CHEMBL231,35501,original,1,0.3,4.0,inactive_logit,40,score_cap1,37,40,40
CHEMBL231,35501,original,1,0.3,4.0,inactive_logit,50,score_only,44,50,50
CHEMBL231,35501,original,1,0.3,4.0,inactive_logit,50,plus_group_stats,46,50,50
CHEMBL231,35501,original,1,0.3,4.0,inactive_logit,50,plus_group_evidence,46,50,50
CHEMBL231,35501,original,1,0.3,4.0,inactive_logit,50,full,46,50,50
CHEMBL231,35501,original,1,0.3,4.0,inactive_logit,50,score_cap1,45,50,50
CHEMBL231,35501,original,1,0.3,4.0,inactive_logit,75,full,64,75,75
CHEMBL231,35501,original,1,0.3,4.0,inactive_logit,75,score_cap1,64,75,75
CHEMBL231,35501,original,1,0.3,6.0,inactive_logit,20,full,19,20,20
CHEMBL231,35501,original,1,0.3,6.0,inactive_logit,20,score_cap1,18,20,20
CHEMBL231,35501,original,1,0.3,6.0,inactive_logit,40,full,37,40,40
CHEMBL231,35501,original,1,0.3,6.0,inactive_logit,40,score_cap1,35,40,40
CHEMBL231,35501,original,1,0.3,6.0,inactive_logit,50,score_only,44,50,50
CHEMBL231,35501,original,1,0.3,6.0,inactive_logit,50,plus_group_stats,45,50,50
CHEMBL231,35501,original,1,0.3,6.0,inactive_logit,50,plus_group_evidence,45,50,50
CHEMBL231,35501,original,1,0.3,6.0,inactive_logit,50,full,45,50,50
CHEMBL231,35501,original,1,0.3,6.0,inactive_logit,50,score_cap1,45,50,50
CHEMBL231,35501,original,1,0.3,6.0,inactive_logit,75,full,64,75,75
CHEMBL231,35501,original,1,0.3,6.0,inactive_logit,75,score_cap1,64,75,75
CHEMBL231,35501,unseen,1,,,logit_b5,50,full,48,50,50
CHEMBL231,35501,unseen,1,,,logit_b5,50,score_only,47,50,50
CHEMBL231,35501,unseen,1,,,logit_b5,50,score_cap1,46,50,50
CHEMBL231,35501,unseen,1,,,logit_b7,50,full,46,50,50
CHEMBL231,35501,unseen,1,,,logit_b7,50,score_only,45,50,50
CHEMBL231,35501,unseen,1,,,logit_b7,50,score_cap1,45,50,50
CHEMBL231,35501,unseen,1,,,additive_inactive,50,full,48,50,50
CHEMBL231,35501,unseen,1,,,additive_inactive,50,score_only,48,50,50
CHEMBL231,35501,unseen,1,,,additive_inactive,50,score_cap1,47,50,50
CHEMBL231,35501,unseen,1,,,blockwide_logit,50,full,48,50,50
CHEMBL231,35501,unseen,1,,,blockwide_logit,50,score_only,48,50,50
CHEMBL231,35501,unseen,1,,,blockwide_logit,50,score_cap1,47,50,50
CHEMBL231,35501,unseen,1,,,heterogeneous_inactive,50,full,48,50,50
CHEMBL231,35501,unseen,1,,,heterogeneous_inactive,50,score_only,47,50,50
CHEMBL231,35501,unseen,1,,,heterogeneous_inactive,50,score_cap1,46,50,50
CHEMBL231,35501,original,2,0.2,4.0,inactive_logit,20,full,19,20,20
CHEMBL231,35501,original,2,0.2,4.0,inactive_logit,20,score_cap1,20,20,20
CHEMBL231,35501,original,2,0.2,4.0,inactive_logit,40,full,38,40,40
CHEMBL231,35501,original,2,0.2,4.0,inactive_logit,40,score_cap1,38,40,40
CHEMBL231,35501,original,2,0.2,4.0,inactive_logit,50,score_only,46,50,50
CHEMBL231,35501,original,2,0.2,4.0,inactive_logit,50,plus_group_stats,46,50,50
CHEMBL231,35501,original,2,0.2,4.0,inactive_logit,50,plus_group_evidence,47,50,50
CHEMBL231,35501,original,2,0.2,4.0,inactive_logit,50,full,47,50,50
CHEMBL231,35501,original,2,0.2,4.0,inactive_logit,50,score_cap1,46,50,50
CHEMBL231,35501,original,2,0.2,4.0,inactive_logit,75,full,64,75,75
CHEMBL231,35501,original,2,0.2,4.0,inactive_logit,75,score_cap1,64,75,75
CHEMBL231,35501,original,2,0.2,6.0,inactive_logit,20,full,19,20,20
CHEMBL231,35501,original,2,0.2,6.0,inactive_logit,20,score_cap1,20,20,20
CHEMBL231,35501,original,2,0.2,6.0,inactive_logit,40,full,36,40,40
CHEMBL231,35501,original,2,0.2,6.0,inactive_logit,40,score_cap1,36,40,40
CHEMBL231,35501,original,2,0.2,6.0,inactive_logit,50,score_only,45,50,50
CHEMBL231,35501,original,2,0.2,6.0,inactive_logit,50,plus_group_stats,46,50,50
CHEMBL231,35501,original,2,0.2,6.0,inactive_logit,50,plus_group_evidence,46,50,50
CHEMBL231,35501,original,2,0.2,6.0,inactive_logit,50,full,46,50,50
CHEMBL231,35501,original,2,0.2,6.0,inactive_logit,50,score_cap1,46,50,50
CHEMBL231,35501,original,2,0.2,6.0,inactive_logit,75,full,64,75,75
CHEMBL231,35501,original,2,0.2,6.0,inactive_logit,75,score_cap1,64,75,75
CHEMBL231,35501,original,2,0.3,4.0,inactive_logit,20,full,19,20,20
CHEMBL231,35501,original,2,0.3,4.0,inactive_logit,20,score_cap1,18,20,20
CHEMBL231,35501,original,2,0.3,4.0,inactive_logit,40,full,38,40,40
CHEMBL231,35501,original,2,0.3,4.0,inactive_logit,40,score_cap1,37,40,40
CHEMBL231,35501,original,2,0.3,4.0,inactive_logit,50,score_only,46,50,50
CHEMBL231,35501,original,2,0.3,4.0,inactive_logit,50,plus_group_stats,47,50,50
CHEMBL231,35501,original,2,0.3,4.0,inactive_logit,50,plus_group_evidence,48,50,50
CHEMBL231,35501,original,2,0.3,4.0,inactive_logit,50,full,48,50,50
CHEMBL231,35501,original,2,0.3,4.0,inactive_logit,50,score_cap1,46,50,50
CHEMBL231,35501,original,2,0.3,4.0,inactive_logit,75,full,64,75,75
CHEMBL231,35501,original,2,0.3,4.0,inactive_logit,75,score_cap1,64,75,75
CHEMBL231,35501,original,2,0.3,6.0,inactive_logit,20,full,19,20,20
CHEMBL231,35501,original,2,0.3,6.0,inactive_logit,20,score_cap1,18,20,20
CHEMBL231,35501,original,2,0.3,6.0,inactive_logit,40,full,38,40,40
CHEMBL231,35501,original,2,0.3,6.0,inactive_logit,40,score_cap1,36,40,40
CHEMBL231,35501,original,2,0.3,6.0,inactive_logit,50,score_only,47,50,50
CHEMBL231,35501,original,2,0.3,6.0,inactive_logit,50,plus_group_stats,47,50,50
CHEMBL231,35501,original,2,0.3,6.0,inactive_logit,50,plus_group_evidence,48,50,50
CHEMBL231,35501,original,2,0.3,6.0,inactive_logit,50,full,48,50,50
CHEMBL231,35501,original,2,0.3,6.0,inactive_logit,50,score_cap1,46,50,50
CHEMBL231,35501,original,2,0.3,6.0,inactive_logit,75,full,64,75,75
CHEMBL231,35501,original,2,0.3,6.0,inactive_logit,75,score_cap1,64,75,75
CHEMBL231,35501,unseen,2,,,logit_b5,50,full,47,50,50
CHEMBL231,35501,unseen,2,,,logit_b5,50,score_only,47,50,50
CHEMBL231,35501,unseen,2,,,logit_b5,50,score_cap1,46,50,50
CHEMBL231,35501,unseen,2,,,logit_b7,50,full,46,50,50
CHEMBL231,35501,unseen,2,,,logit_b7,50,score_only,46,50,50
CHEMBL231,35501,unseen,2,,,logit_b7,50,score_cap1,45,50,50
CHEMBL231,35501,unseen,2,,,additive_inactive,50,full,48,50,50
CHEMBL231,35501,unseen,2,,,additive_inactive,50,score_only,47,50,50
CHEMBL231,35501,unseen,2,,,additive_inactive,50,score_cap1,47,50,50
CHEMBL231,35501,unseen,2,,,blockwide_logit,50,full,47,50,50
CHEMBL231,35501,unseen,2,,,blockwide_logit,50,score_only,45,50,50
CHEMBL231,35501,unseen,2,,,blockwide_logit,50,score_cap1,46,50,50
CHEMBL231,35501,unseen,2,,,heterogeneous_inactive,50,full,46,50,50
CHEMBL231,35501,unseen,2,,,heterogeneous_inactive,50,score_only,45,50,50
CHEMBL231,35501,unseen,2,,,heterogeneous_inactive,50,score_cap1,46,50,50
CHEMBL231,35501,original,3,0.2,4.0,inactive_logit,20,full,19,20,20
CHEMBL231,35501,original,3,0.2,4.0,inactive_logit,20,score_cap1,19,20,20
CHEMBL231,35501,original,3,0.2,4.0,inactive_logit,40,full,38,40,40
CHEMBL231,35501,original,3,0.2,4.0,inactive_logit,40,score_cap1,37,40,40
CHEMBL231,35501,original,3,0.2,4.0,inactive_logit,50,score_only,46,50,50
CHEMBL231,35501,original,3,0.2,4.0,inactive_logit,50,plus_group_stats,47,50,50
CHEMBL231,35501,original,3,0.2,4.0,inactive_logit,50,plus_group_evidence,48,50,50
CHEMBL231,35501,original,3,0.2,4.0,inactive_logit,50,full,48,50,50
CHEMBL231,35501,original,3,0.2,4.0,inactive_logit,50,score_cap1,46,50,50
CHEMBL231,35501,original,3,0.2,4.0,inactive_logit,75,full,64,75,75
CHEMBL231,35501,original,3,0.2,4.0,inactive_logit,75,score_cap1,64,75,75
CHEMBL231,35501,original,3,0.2,6.0,inactive_logit,20,full,19,20,20
CHEMBL231,35501,original,3,0.2,6.0,inactive_logit,20,score_cap1,19,20,20
CHEMBL231,35501,original,3,0.2,6.0,inactive_logit,40,full,37,40,40
CHEMBL231,35501,original,3,0.2,6.0,inactive_logit,40,score_cap1,36,40,40
CHEMBL231,35501,original,3,0.2,6.0,inactive_logit,50,score_only,47,50,50
CHEMBL231,35501,original,3,0.2,6.0,inactive_logit,50,plus_group_stats,47,50,50
CHEMBL231,35501,original,3,0.2,6.0,inactive_logit,50,plus_group_evidence,47,50,50
CHEMBL231,35501,original,3,0.2,6.0,inactive_logit,50,full,47,50,50
CHEMBL231,35501,original,3,0.2,6.0,inactive_logit,50,score_cap1,46,50,50
CHEMBL231,35501,original,3,0.2,6.0,inactive_logit,75,full,64,75,75
CHEMBL231,35501,original,3,0.2,6.0,inactive_logit,75,score_cap1,64,75,75
CHEMBL231,35501,original,3,0.3,4.0,inactive_logit,20,full,19,20,20
CHEMBL231,35501,original,3,0.3,4.0,inactive_logit,20,score_cap1,18,20,20
CHEMBL231,35501,original,3,0.3,4.0,inactive_logit,40,full,38,40,40
CHEMBL231,35501,original,3,0.3,4.0,inactive_logit,40,score_cap1,37,40,40
CHEMBL231,35501,original,3,0.3,4.0,inactive_logit,50,score_only,47,50,50
CHEMBL231,35501,original,3,0.3,4.0,inactive_logit,50,plus_group_stats,46,50,50
CHEMBL231,35501,original,3,0.3,4.0,inactive_logit,50,plus_group_evidence,47,50,50
CHEMBL231,35501,original,3,0.3,4.0,inactive_logit,50,full,47,50,50
CHEMBL231,35501,original,3,0.3,4.0,inactive_logit,50,score_cap1,46,50,50
CHEMBL231,35501,original,3,0.3,4.0,inactive_logit,75,full,64,75,75
CHEMBL231,35501,original,3,0.3,4.0,inactive_logit,75,score_cap1,64,75,75
CHEMBL231,35501,original,3,0.3,6.0,inactive_logit,20,full,19,20,20
CHEMBL231,35501,original,3,0.3,6.0,inactive_logit,20,score_cap1,18,20,20
CHEMBL231,35501,original,3,0.3,6.0,inactive_logit,40,full,38,40,40
CHEMBL231,35501,original,3,0.3,6.0,inactive_logit,40,score_cap1,36,40,40
CHEMBL231,35501,original,3,0.3,6.0,inactive_logit,50,score_only,47,50,50
CHEMBL231,35501,original,3,0.3,6.0,inactive_logit,50,plus_group_stats,47,50,50
CHEMBL231,35501,original,3,0.3,6.0,inactive_logit,50,plus_group_evidence,48,50,50
CHEMBL231,35501,original,3,0.3,6.0,inactive_logit,50,full,48,50,50
CHEMBL231,35501,original,3,0.3,6.0,inactive_logit,50,score_cap1,46,50,50
CHEMBL231,35501,original,3,0.3,6.0,inactive_logit,75,full,64,75,75
CHEMBL231,35501,original,3,0.3,6.0,inactive_logit,75,score_cap1,64,75,75
CHEMBL231,35501,unseen,3,,,logit_b5,50,full,48,50,50
CHEMBL231,35501,unseen,3,,,logit_b5,50,score_only,47,50,50
CHEMBL231,35501,unseen,3,,,logit_b5,50,score_cap1,46,50,50
CHEMBL231,35501,unseen,3,,,logit_b7,50,full,46,50,50
CHEMBL231,35501,unseen,3,,,logit_b7,50,score_only,44,50,50
CHEMBL231,35501,unseen,3,,,logit_b7,50,score_cap1,45,50,50
CHEMBL231,35501,unseen,3,,,additive_inactive,50,full,48,50,50
CHEMBL231,35501,unseen,3,,,additive_inactive,50,score_only,48,50,50
CHEMBL231,35501,unseen,3,,,additive_inactive,50,score_cap1,47,50,50
CHEMBL231,35501,unseen,3,,,blockwide_logit,50,full,48,50,50
CHEMBL231,35501,unseen,3,,,blockwide_logit,50,score_only,47,50,50
CHEMBL231,35501,unseen,3,,,blockwide_logit,50,score_cap1,46,50,50
CHEMBL231,35501,unseen,3,,,heterogeneous_inactive,50,full,48,50,50
CHEMBL231,35501,unseen,3,,,heterogeneous_inactive,50,score_only,47,50,50
CHEMBL231,35501,unseen,3,,,heterogeneous_inactive,50,score_cap1,46,50,50
CHEMBL231,35501,original,4,0.2,4.0,inactive_logit,20,full,19,20,20
CHEMBL231,35501,original,4,0.2,4.0,inactive_logit,20,score_cap1,20,20,20
CHEMBL231,35501,original,4,0.2,4.0,inactive_logit,40,full,38,40,40
CHEMBL231,35501,original,4,0.2,4.0,inactive_logit,40,score_cap1,37,40,40
CHEMBL231,35501,original,4,0.2,4.0,inactive_logit,50,score_only,45,50,50
CHEMBL231,35501,original,4,0.2,4.0,inactive_logit,50,plus_group_stats,46,50,50
CHEMBL231,35501,original,4,0.2,4.0,inactive_logit,50,plus_group_evidence,47,50,50
CHEMBL231,35501,original,4,0.2,4.0,inactive_logit,50,full,47,50,50
CHEMBL231,35501,original,4,0.2,4.0,inactive_logit,50,score_cap1,46,50,50
CHEMBL231,35501,original,4,0.2,4.0,inactive_logit,75,full,64,75,75
CHEMBL231,35501,original,4,0.2,4.0,inactive_logit,75,score_cap1,64,75,75
CHEMBL231,35501,original,4,0.2,6.0,inactive_logit,20,full,19,20,20
CHEMBL231,35501,original,4,0.2,6.0,inactive_logit,20,score_cap1,19,20,20
CHEMBL231,35501,original,4,0.2,6.0,inactive_logit,40,full,37,40,40
CHEMBL231,35501,original,4,0.2,6.0,inactive_logit,40,score_cap1,36,40,40
CHEMBL231,35501,original,4,0.2,6.0,inactive_logit,50,score_only,45,50,50
CHEMBL231,35501,original,4,0.2,6.0,inactive_logit,50,plus_group_stats,46,50,50
CHEMBL231,35501,original,4,0.2,6.0,inactive_logit,50,plus_group_evidence,46,50,50
CHEMBL231,35501,original,4,0.2,6.0,inactive_logit,50,full,46,50,50
CHEMBL231,35501,original,4,0.2,6.0,inactive_logit,50,score_cap1,46,50,50
CHEMBL231,35501,original,4,0.2,6.0,inactive_logit,75,full,64,75,75
CHEMBL231,35501,original,4,0.2,6.0,inactive_logit,75,score_cap1,64,75,75
CHEMBL231,35501,original,4,0.3,4.0,inactive_logit,20,full,19,20,20
CHEMBL231,35501,original,4,0.3,4.0,inactive_logit,20,score_cap1,20,20,20
CHEMBL231,35501,original,4,0.3,4.0,inactive_logit,40,full,37,40,40
CHEMBL231,35501,original,4,0.3,4.0,inactive_logit,40,score_cap1,37,40,40
CHEMBL231,35501,original,4,0.3,4.0,inactive_logit,50,score_only,45,50,50
CHEMBL231,35501,original,4,0.3,4.0,inactive_logit,50,plus_group_stats,46,50,50
CHEMBL231,35501,original,4,0.3,4.0,inactive_logit,50,plus_group_evidence,46,50,50
CHEMBL231,35501,original,4,0.3,4.0,inactive_logit,50,full,46,50,50
CHEMBL231,35501,original,4,0.3,4.0,inactive_logit,50,score_cap1,46,50,50
CHEMBL231,35501,original,4,0.3,4.0,inactive_logit,75,full,63,75,75
CHEMBL231,35501,original,4,0.3,4.0,inactive_logit,75,score_cap1,64,75,75
CHEMBL231,35501,original,4,0.3,6.0,inactive_logit,20,full,19,20,20
CHEMBL231,35501,original,4,0.3,6.0,inactive_logit,20,score_cap1,19,20,20
CHEMBL231,35501,original,4,0.3,6.0,inactive_logit,40,full,36,40,40
CHEMBL231,35501,original,4,0.3,6.0,inactive_logit,40,score_cap1,35,40,40
CHEMBL231,35501,original,4,0.3,6.0,inactive_logit,50,score_only,44,50,50
CHEMBL231,35501,original,4,0.3,6.0,inactive_logit,50,plus_group_stats,45,50,50
CHEMBL231,35501,original,4,0.3,6.0,inactive_logit,50,plus_group_evidence,45,50,50
CHEMBL231,35501,original,4,0.3,6.0,inactive_logit,50,full,45,50,50
CHEMBL231,35501,original,4,0.3,6.0,inactive_logit,50,score_cap1,45,50,50
CHEMBL231,35501,original,4,0.3,6.0,inactive_logit,75,full,63,75,75
CHEMBL231,35501,original,4,0.3,6.0,inactive_logit,75,score_cap1,64,75,75
CHEMBL231,35501,unseen,4,,,logit_b5,50,full,46,50,50
CHEMBL231,35501,unseen,4,,,logit_b5,50,score_only,45,50,50
CHEMBL231,35501,unseen,4,,,logit_b5,50,score_cap1,46,50,50
CHEMBL231,35501,unseen,4,,,logit_b7,50,full,46,50,50
CHEMBL231,35501,unseen,4,,,logit_b7,50,score_only,46,50,50
CHEMBL231,35501,unseen,4,,,logit_b7,50,score_cap1,45,50,50
CHEMBL231,35501,unseen,4,,,additive_inactive,50,full,48,50,50
CHEMBL231,35501,unseen,4,,,additive_inactive,50,score_only,47,50,50
CHEMBL231,35501,unseen,4,,,additive_inactive,50,score_cap1,47,50,50
CHEMBL231,35501,unseen,4,,,blockwide_logit,50,full,47,50,50
CHEMBL231,35501,unseen,4,,,blockwide_logit,50,score_only,46,50,50
CHEMBL231,35501,unseen,4,,,blockwide_logit,50,score_cap1,46,50,50
CHEMBL231,35501,unseen,4,,,heterogeneous_inactive,50,full,47,50,50
CHEMBL231,35501,unseen,4,,,heterogeneous_inactive,50,score_only,45,50,50
CHEMBL231,35501,unseen,4,,,heterogeneous_inactive,50,score_cap1,46,50,50
CHEMBL231,35501,original,5,0.2,4.0,inactive_logit,20,full,19,20,20
CHEMBL231,35501,original,5,0.2,4.0,inactive_logit,20,score_cap1,20,20,20
CHEMBL231,35501,original,5,0.2,4.0,inactive_logit,40,full,37,40,40
CHEMBL231,35501,original,5,0.2,4.0,inactive_logit,40,score_cap1,37,40,40
CHEMBL231,35501,original,5,0.2,4.0,inactive_logit,50,score_only,45,50,50
CHEMBL231,35501,original,5,0.2,4.0,inactive_logit,50,plus_group_stats,46,50,50
CHEMBL231,35501,original,5,0.2,4.0,inactive_logit,50,plus_group_evidence,47,50,50
CHEMBL231,35501,original,5,0.2,4.0,inactive_logit,50,full,47,50,50
CHEMBL231,35501,original,5,0.2,4.0,inactive_logit,50,score_cap1,46,50,50
CHEMBL231,35501,original,5,0.2,4.0,inactive_logit,75,full,64,75,75
CHEMBL231,35501,original,5,0.2,4.0,inactive_logit,75,score_cap1,64,75,75
CHEMBL231,35501,original,5,0.2,6.0,inactive_logit,20,full,19,20,20
CHEMBL231,35501,original,5,0.2,6.0,inactive_logit,20,score_cap1,19,20,20
CHEMBL231,35501,original,5,0.2,6.0,inactive_logit,40,full,37,40,40
CHEMBL231,35501,original,5,0.2,6.0,inactive_logit,40,score_cap1,36,40,40
CHEMBL231,35501,original,5,0.2,6.0,inactive_logit,50,score_only,45,50,50
CHEMBL231,35501,original,5,0.2,6.0,inactive_logit,50,plus_group_stats,46,50,50
CHEMBL231,35501,original,5,0.2,6.0,inactive_logit,50,plus_group_evidence,46,50,50
CHEMBL231,35501,original,5,0.2,6.0,inactive_logit,50,full,46,50,50
CHEMBL231,35501,original,5,0.2,6.0,inactive_logit,50,score_cap1,46,50,50
CHEMBL231,35501,original,5,0.2,6.0,inactive_logit,75,full,64,75,75
CHEMBL231,35501,original,5,0.2,6.0,inactive_logit,75,score_cap1,64,75,75
CHEMBL231,35501,original,5,0.3,4.0,inactive_logit,20,full,19,20,20
CHEMBL231,35501,original,5,0.3,4.0,inactive_logit,20,score_cap1,20,20,20
CHEMBL231,35501,original,5,0.3,4.0,inactive_logit,40,full,37,40,40
CHEMBL231,35501,original,5,0.3,4.0,inactive_logit,40,score_cap1,37,40,40
CHEMBL231,35501,original,5,0.3,4.0,inactive_logit,50,score_only,45,50,50
CHEMBL231,35501,original,5,0.3,4.0,inactive_logit,50,plus_group_stats,46,50,50
CHEMBL231,35501,original,5,0.3,4.0,inactive_logit,50,plus_group_evidence,46,50,50
CHEMBL231,35501,original,5,0.3,4.0,inactive_logit,50,full,46,50,50
CHEMBL231,35501,original,5,0.3,4.0,inactive_logit,50,score_cap1,46,50,50
CHEMBL231,35501,original,5,0.3,4.0,inactive_logit,75,full,63,75,75
CHEMBL231,35501,original,5,0.3,4.0,inactive_logit,75,score_cap1,64,75,75
CHEMBL231,35501,original,5,0.3,6.0,inactive_logit,20,full,19,20,20
CHEMBL231,35501,original,5,0.3,6.0,inactive_logit,20,score_cap1,19,20,20
CHEMBL231,35501,original,5,0.3,6.0,inactive_logit,40,full,36,40,40
CHEMBL231,35501,original,5,0.3,6.0,inactive_logit,40,score_cap1,35,40,40
CHEMBL231,35501,original,5,0.3,6.0,inactive_logit,50,score_only,44,50,50
CHEMBL231,35501,original,5,0.3,6.0,inactive_logit,50,plus_group_stats,45,50,50
CHEMBL231,35501,original,5,0.3,6.0,inactive_logit,50,plus_group_evidence,45,50,50
CHEMBL231,35501,original,5,0.3,6.0,inactive_logit,50,full,45,50,50
CHEMBL231,35501,original,5,0.3,6.0,inactive_logit,50,score_cap1,45,50,50
CHEMBL231,35501,original,5,0.3,6.0,inactive_logit,75,full,63,75,75
CHEMBL231,35501,original,5,0.3,6.0,inactive_logit,75,score_cap1,64,75,75
CHEMBL231,35501,unseen,5,,,logit_b5,50,full,46,50,50
CHEMBL231,35501,unseen,5,,,logit_b5,50,score_only,45,50,50
CHEMBL231,35501,unseen,5,,,logit_b5,50,score_cap1,46,50,50
CHEMBL231,35501,unseen,5,,,logit_b7,50,full,47,50,50
CHEMBL231,35501,unseen,5,,,logit_b7,50,score_only,46,50,50
CHEMBL231,35501,unseen,5,,,logit_b7,50,score_cap1,46,50,50
CHEMBL231,35501,unseen,5,,,additive_inactive,50,full,48,50,50
CHEMBL231,35501,unseen,5,,,additive_inactive,50,score_only,47,50,50
CHEMBL231,35501,unseen,5,,,additive_inactive,50,score_cap1,47,50,50
CHEMBL231,35501,unseen,5,,,blockwide_logit,50,full,47,50,50
CHEMBL231,35501,unseen,5,,,blockwide_logit,50,score_only,45,50,50
CHEMBL231,35501,unseen,5,,,blockwide_logit,50,score_cap1,46,50,50
CHEMBL231,35501,unseen,5,,,heterogeneous_inactive,50,full,47,50,50
CHEMBL231,35501,unseen,5,,,heterogeneous_inactive,50,score_only,46,50,50
CHEMBL231,35501,unseen,5,,,heterogeneous_inactive,50,score_cap1,46,50,50
CHEMBL231,35501,original,6,0.2,4.0,inactive_logit,20,full,19,20,20
CHEMBL231,35501,original,6,0.2,4.0,inactive_logit,20,score_cap1,20,20,20
CHEMBL231,35501,original,6,0.2,4.0,inactive_logit,40,full,38,40,40
CHEMBL231,35501,original,6,0.2,4.0,inactive_logit,40,score_cap1,37,40,40
CHEMBL231,35501,original,6,0.2,4.0,inactive_logit,50,score_only,45,50,50
CHEMBL231,35501,original,6,0.2,4.0,inactive_logit,50,plus_group_stats,46,50,50
CHEMBL231,35501,original,6,0.2,4.0,inactive_logit,50,plus_group_evidence,47,50,50
CHEMBL231,35501,original,6,0.2,4.0,inactive_logit,50,full,47,50,50
CHEMBL231,35501,original,6,0.2,4.0,inactive_logit,50,score_cap1,46,50,50
CHEMBL231,35501,original,6,0.2,4.0,inactive_logit,75,full,64,75,75
CHEMBL231,35501,original,6,0.2,4.0,inactive_logit,75,score_cap1,64,75,75
CHEMBL231,35501,original,6,0.2,6.0,inactive_logit,20,full,19,20,20
CHEMBL231,35501,original,6,0.2,6.0,inactive_logit,20,score_cap1,19,20,20
CHEMBL231,35501,original,6,0.2,6.0,inactive_logit,40,full,37,40,40
CHEMBL231,35501,original,6,0.2,6.0,inactive_logit,40,score_cap1,36,40,40
CHEMBL231,35501,original,6,0.2,6.0,inactive_logit,50,score_only,45,50,50
CHEMBL231,35501,original,6,0.2,6.0,inactive_logit,50,plus_group_stats,46,50,50
CHEMBL231,35501,original,6,0.2,6.0,inactive_logit,50,plus_group_evidence,46,50,50
CHEMBL231,35501,original,6,0.2,6.0,inactive_logit,50,full,46,50,50
CHEMBL231,35501,original,6,0.2,6.0,inactive_logit,50,score_cap1,46,50,50
CHEMBL231,35501,original,6,0.2,6.0,inactive_logit,75,full,64,75,75
CHEMBL231,35501,original,6,0.2,6.0,inactive_logit,75,score_cap1,64,75,75
CHEMBL231,35501,original,6,0.3,4.0,inactive_logit,20,full,19,20,20
CHEMBL231,35501,original,6,0.3,4.0,inactive_logit,20,score_cap1,18,20,20
CHEMBL231,35501,original,6,0.3,4.0,inactive_logit,40,full,38,40,40
CHEMBL231,35501,original,6,0.3,4.0,inactive_logit,40,score_cap1,37,40,40
CHEMBL231,35501,original,6,0.3,4.0,inactive_logit,50,score_only,46,50,50
CHEMBL231,35501,original,6,0.3,4.0,inactive_logit,50,plus_group_stats,47,50,50
CHEMBL231,35501,original,6,0.3,4.0,inactive_logit,50,plus_group_evidence,48,50,50
CHEMBL231,35501,original,6,0.3,4.0,inactive_logit,50,full,48,50,50
CHEMBL231,35501,original,6,0.3,4.0,inactive_logit,50,score_cap1,46,50,50
CHEMBL231,35501,original,6,0.3,4.0,inactive_logit,75,full,64,75,75
CHEMBL231,35501,original,6,0.3,4.0,inactive_logit,75,score_cap1,64,75,75
CHEMBL231,35501,original,6,0.3,6.0,inactive_logit,20,full,19,20,20
CHEMBL231,35501,original,6,0.3,6.0,inactive_logit,20,score_cap1,18,20,20
CHEMBL231,35501,original,6,0.3,6.0,inactive_logit,40,full,38,40,40
CHEMBL231,35501,original,6,0.3,6.0,inactive_logit,40,score_cap1,36,40,40
CHEMBL231,35501,original,6,0.3,6.0,inactive_logit,50,score_only,47,50,50
CHEMBL231,35501,original,6,0.3,6.0,inactive_logit,50,plus_group_stats,47,50,50
CHEMBL231,35501,original,6,0.3,6.0,inactive_logit,50,plus_group_evidence,48,50,50
CHEMBL231,35501,original,6,0.3,6.0,inactive_logit,50,full,48,50,50
CHEMBL231,35501,original,6,0.3,6.0,inactive_logit,50,score_cap1,46,50,50
CHEMBL231,35501,original,6,0.3,6.0,inactive_logit,75,full,64,75,75
CHEMBL231,35501,original,6,0.3,6.0,inactive_logit,75,score_cap1,64,75,75
CHEMBL231,35501,unseen,6,,,logit_b5,50,full,46,50,50
CHEMBL231,35501,unseen,6,,,logit_b5,50,score_only,45,50,50
CHEMBL231,35501,unseen,6,,,logit_b5,50,score_cap1,46,50,50
CHEMBL231,35501,unseen,6,,,logit_b7,50,full,46,50,50
CHEMBL231,35501,unseen,6,,,logit_b7,50,score_only,44,50,50
CHEMBL231,35501,unseen,6,,,logit_b7,50,score_cap1,45,50,50
CHEMBL231,35501,unseen,6,,,additive_inactive,50,full,47,50,50
CHEMBL231,35501,unseen,6,,,additive_inactive,50,score_only,47,50,50
CHEMBL231,35501,unseen,6,,,additive_inactive,50,score_cap1,47,50,50
CHEMBL231,35501,unseen,6,,,blockwide_logit,50,full,48,50,50
CHEMBL231,35501,unseen,6,,,blockwide_logit,50,score_only,46,50,50
CHEMBL231,35501,unseen,6,,,blockwide_logit,50,score_cap1,46,50,50
CHEMBL231,35501,unseen,6,,,heterogeneous_inactive,50,full,48,50,50
CHEMBL231,35501,unseen,6,,,heterogeneous_inactive,50,score_only,46,50,50
CHEMBL231,35501,unseen,6,,,heterogeneous_inactive,50,score_cap1,46,50,50
CHEMBL231,35501,original,7,0.2,4.0,inactive_logit,20,full,19,20,20
CHEMBL231,35501,original,7,0.2,4.0,inactive_logit,20,score_cap1,20,20,20
CHEMBL231,35501,original,7,0.2,4.0,inactive_logit,40,full,38,40,40
CHEMBL231,35501,original,7,0.2,4.0,inactive_logit,40,score_cap1,38,40,40
CHEMBL231,35501,original,7,0.2,4.0,inactive_logit,50,score_only,46,50,50
CHEMBL231,35501,original,7,0.2,4.0,inactive_logit,50,plus_group_stats,46,50,50
CHEMBL231,35501,original,7,0.2,4.0,inactive_logit,50,plus_group_evidence,47,50,50
CHEMBL231,35501,original,7,0.2,4.0,inactive_logit,50,full,47,50,50
CHEMBL231,35501,original,7,0.2,4.0,inactive_logit,50,score_cap1,46,50,50
CHEMBL231,35501,original,7,0.2,4.0,inactive_logit,75,full,64,75,75
CHEMBL231,35501,original,7,0.2,4.0,inactive_logit,75,score_cap1,64,75,75
CHEMBL231,35501,original,7,0.2,6.0,inactive_logit,20,full,19,20,20
CHEMBL231,35501,original,7,0.2,6.0,inactive_logit,20,score_cap1,20,20,20
CHEMBL231,35501,original,7,0.2,6.0,inactive_logit,40,full,36,40,40
CHEMBL231,35501,original,7,0.2,6.0,inactive_logit,40,score_cap1,36,40,40
CHEMBL231,35501,original,7,0.2,6.0,inactive_logit,50,score_only,45,50,50
CHEMBL231,35501,original,7,0.2,6.0,inactive_logit,50,plus_group_stats,46,50,50
CHEMBL231,35501,original,7,0.2,6.0,inactive_logit,50,plus_group_evidence,46,50,50
CHEMBL231,35501,original,7,0.2,6.0,inactive_logit,50,full,46,50,50
CHEMBL231,35501,original,7,0.2,6.0,inactive_logit,50,score_cap1,46,50,50
CHEMBL231,35501,original,7,0.2,6.0,inactive_logit,75,full,64,75,75
CHEMBL231,35501,original,7,0.2,6.0,inactive_logit,75,score_cap1,64,75,75
CHEMBL231,35501,original,7,0.3,4.0,inactive_logit,20,full,19,20,20
CHEMBL231,35501,original,7,0.3,4.0,inactive_logit,20,score_cap1,19,20,20
CHEMBL231,35501,original,7,0.3,4.0,inactive_logit,40,full,38,40,40
CHEMBL231,35501,original,7,0.3,4.0,inactive_logit,40,score_cap1,37,40,40
CHEMBL231,35501,original,7,0.3,4.0,inactive_logit,50,score_only,45,50,50
CHEMBL231,35501,original,7,0.3,4.0,inactive_logit,50,plus_group_stats,47,50,50
CHEMBL231,35501,original,7,0.3,4.0,inactive_logit,50,plus_group_evidence,47,50,50
CHEMBL231,35501,original,7,0.3,4.0,inactive_logit,50,full,47,50,50
CHEMBL231,35501,original,7,0.3,4.0,inactive_logit,50,score_cap1,45,50,50
CHEMBL231,35501,original,7,0.3,4.0,inactive_logit,75,full,64,75,75
CHEMBL231,35501,original,7,0.3,4.0,inactive_logit,75,score_cap1,64,75,75
CHEMBL231,35501,original,7,0.3,6.0,inactive_logit,20,full,19,20,20
CHEMBL231,35501,original,7,0.3,6.0,inactive_logit,20,score_cap1,18,20,20
CHEMBL231,35501,original,7,0.3,6.0,inactive_logit,40,full,37,40,40
CHEMBL231,35501,original,7,0.3,6.0,inactive_logit,40,score_cap1,35,40,40
CHEMBL231,35501,original,7,0.3,6.0,inactive_logit,50,score_only,46,50,50
CHEMBL231,35501,original,7,0.3,6.0,inactive_logit,50,plus_group_stats,46,50,50
CHEMBL231,35501,original,7,0.3,6.0,inactive_logit,50,plus_group_evidence,46,50,50
CHEMBL231,35501,original,7,0.3,6.0,inactive_logit,50,full,46,50,50
CHEMBL231,35501,original,7,0.3,6.0,inactive_logit,50,score_cap1,45,50,50
CHEMBL231,35501,original,7,0.3,6.0,inactive_logit,75,full,64,75,75
CHEMBL231,35501,original,7,0.3,6.0,inactive_logit,75,score_cap1,64,75,75
CHEMBL231,35501,unseen,7,,,logit_b5,50,full,46,50,50
CHEMBL231,35501,unseen,7,,,logit_b5,50,score_only,45,50,50
CHEMBL231,35501,unseen,7,,,logit_b5,50,score_cap1,46,50,50
CHEMBL231,35501,unseen,7,,,logit_b7,50,full,47,50,50
CHEMBL231,35501,unseen,7,,,logit_b7,50,score_only,46,50,50
CHEMBL231,35501,unseen,7,,,logit_b7,50,score_cap1,46,50,50
CHEMBL231,35501,unseen,7,,,additive_inactive,50,full,48,50,50
CHEMBL231,35501,unseen,7,,,additive_inactive,50,score_only,47,50,50
CHEMBL231,35501,unseen,7,,,additive_inactive,50,score_cap1,47,50,50
CHEMBL231,35501,unseen,7,,,blockwide_logit,50,full,47,50,50
CHEMBL231,35501,unseen,7,,,blockwide_logit,50,score_only,45,50,50
CHEMBL231,35501,unseen,7,,,blockwide_logit,50,score_cap1,46,50,50
CHEMBL231,35501,unseen,7,,,heterogeneous_inactive,50,full,46,50,50
CHEMBL231,35501,unseen,7,,,heterogeneous_inactive,50,score_only,45,50,50
CHEMBL231,35501,unseen,7,,,heterogeneous_inactive,50,score_cap1,46,50,50
CHEMBL231,35501,original,8,0.2,4.0,inactive_logit,20,full,19,20,20
CHEMBL231,35501,original,8,0.2,4.0,inactive_logit,20,score_cap1,19,20,20
CHEMBL231,35501,original,8,0.2,4.0,inactive_logit,40,full,37,40,40
CHEMBL231,35501,original,8,0.2,4.0,inactive_logit,40,score_cap1,37,40,40
CHEMBL231,35501,original,8,0.2,4.0,inactive_logit,50,score_only,45,50,50
CHEMBL231,35501,original,8,0.2,4.0,inactive_logit,50,plus_group_stats,46,50,50
CHEMBL231,35501,original,8,0.2,4.0,inactive_logit,50,plus_group_evidence,47,50,50
CHEMBL231,35501,original,8,0.2,4.0,inactive_logit,50,full,47,50,50
CHEMBL231,35501,original,8,0.2,4.0,inactive_logit,50,score_cap1,46,50,50
CHEMBL231,35501,original,8,0.2,4.0,inactive_logit,75,full,64,75,75
CHEMBL231,35501,original,8,0.2,4.0,inactive_logit,75,score_cap1,64,75,75
CHEMBL231,35501,original,8,0.2,6.0,inactive_logit,20,full,19,20,20
CHEMBL231,35501,original,8,0.2,6.0,inactive_logit,20,score_cap1,19,20,20
CHEMBL231,35501,original,8,0.2,6.0,inactive_logit,40,full,37,40,40
CHEMBL231,35501,original,8,0.2,6.0,inactive_logit,40,score_cap1,36,40,40
CHEMBL231,35501,original,8,0.2,6.0,inactive_logit,50,score_only,46,50,50
CHEMBL231,35501,original,8,0.2,6.0,inactive_logit,50,plus_group_stats,46,50,50
CHEMBL231,35501,original,8,0.2,6.0,inactive_logit,50,plus_group_evidence,47,50,50
CHEMBL231,35501,original,8,0.2,6.0,inactive_logit,50,full,47,50,50
CHEMBL231,35501,original,8,0.2,6.0,inactive_logit,50,score_cap1,46,50,50
CHEMBL231,35501,original,8,0.2,6.0,inactive_logit,75,full,64,75,75
CHEMBL231,35501,original,8,0.2,6.0,inactive_logit,75,score_cap1,64,75,75
CHEMBL231,35501,original,8,0.3,4.0,inactive_logit,20,full,19,20,20
CHEMBL231,35501,original,8,0.3,4.0,inactive_logit,20,score_cap1,20,20,20
CHEMBL231,35501,original,8,0.3,4.0,inactive_logit,40,full,38,40,40
CHEMBL231,35501,original,8,0.3,4.0,inactive_logit,40,score_cap1,37,40,40
CHEMBL231,35501,original,8,0.3,4.0,inactive_logit,50,score_only,45,50,50
CHEMBL231,35501,original,8,0.3,4.0,inactive_logit,50,plus_group_stats,46,50,50
CHEMBL231,35501,original,8,0.3,4.0,inactive_logit,50,plus_group_evidence,46,50,50
CHEMBL231,35501,original,8,0.3,4.0,inactive_logit,50,full,46,50,50
CHEMBL231,35501,original,8,0.3,4.0,inactive_logit,50,score_cap1,46,50,50
CHEMBL231,35501,original,8,0.3,4.0,inactive_logit,75,full,64,75,75
CHEMBL231,35501,original,8,0.3,4.0,inactive_logit,75,score_cap1,64,75,75
CHEMBL231,35501,original,8,0.3,6.0,inactive_logit,20,full,19,20,20
CHEMBL231,35501,original,8,0.3,6.0,inactive_logit,20,score_cap1,19,20,20
CHEMBL231,35501,original,8,0.3,6.0,inactive_logit,40,full,36,40,40
CHEMBL231,35501,original,8,0.3,6.0,inactive_logit,40,score_cap1,35,40,40
CHEMBL231,35501,original,8,0.3,6.0,inactive_logit,50,score_only,44,50,50
CHEMBL231,35501,original,8,0.3,6.0,inactive_logit,50,plus_group_stats,45,50,50
CHEMBL231,35501,original,8,0.3,6.0,inactive_logit,50,plus_group_evidence,45,50,50
CHEMBL231,35501,original,8,0.3,6.0,inactive_logit,50,full,45,50,50
CHEMBL231,35501,original,8,0.3,6.0,inactive_logit,50,score_cap1,45,50,50
CHEMBL231,35501,original,8,0.3,6.0,inactive_logit,75,full,64,75,75
CHEMBL231,35501,original,8,0.3,6.0,inactive_logit,75,score_cap1,64,75,75
CHEMBL231,35501,unseen,8,,,logit_b5,50,full,48,50,50
CHEMBL231,35501,unseen,8,,,logit_b5,50,score_only,47,50,50
CHEMBL231,35501,unseen,8,,,logit_b5,50,score_cap1,46,50,50
CHEMBL231,35501,unseen,8,,,logit_b7,50,full,46,50,50
CHEMBL231,35501,unseen,8,,,logit_b7,50,score_only,45,50,50
CHEMBL231,35501,unseen,8,,,logit_b7,50,score_cap1,45,50,50
CHEMBL231,35501,unseen,8,,,additive_inactive,50,full,48,50,50
CHEMBL231,35501,unseen,8,,,additive_inactive,50,score_only,47,50,50
CHEMBL231,35501,unseen,8,,,additive_inactive,50,score_cap1,47,50,50
CHEMBL231,35501,unseen,8,,,blockwide_logit,50,full,47,50,50
CHEMBL231,35501,unseen,8,,,blockwide_logit,50,score_only,45,50,50
CHEMBL231,35501,unseen,8,,,blockwide_logit,50,score_cap1,46,50,50
CHEMBL231,35501,unseen,8,,,heterogeneous_inactive,50,full,46,50,50
CHEMBL231,35501,unseen,8,,,heterogeneous_inactive,50,score_only,45,50,50
CHEMBL231,35501,unseen,8,,,heterogeneous_inactive,50,score_cap1,46,50,50
CHEMBL231,35501,original,9,0.2,4.0,inactive_logit,20,full,19,20,20
CHEMBL231,35501,original,9,0.2,4.0,inactive_logit,20,score_cap1,20,20,20
CHEMBL231,35501,original,9,0.2,4.0,inactive_logit,40,full,37,40,40
CHEMBL231,35501,original,9,0.2,4.0,inactive_logit,40,score_cap1,37,40,40
CHEMBL231,35501,original,9,0.2,4.0,inactive_logit,50,score_only,46,50,50
CHEMBL231,35501,original,9,0.2,4.0,inactive_logit,50,plus_group_stats,46,50,50
CHEMBL231,35501,original,9,0.2,4.0,inactive_logit,50,plus_group_evidence,46,50,50
CHEMBL231,35501,original,9,0.2,4.0,inactive_logit,50,full,46,50,50
CHEMBL231,35501,original,9,0.2,4.0,inactive_logit,50,score_cap1,46,50,50
CHEMBL231,35501,original,9,0.2,4.0,inactive_logit,75,full,64,75,75
CHEMBL231,35501,original,9,0.2,4.0,inactive_logit,75,score_cap1,64,75,75
CHEMBL231,35501,original,9,0.2,6.0,inactive_logit,20,full,19,20,20
CHEMBL231,35501,original,9,0.2,6.0,inactive_logit,20,score_cap1,19,20,20
CHEMBL231,35501,original,9,0.2,6.0,inactive_logit,40,full,37,40,40
CHEMBL231,35501,original,9,0.2,6.0,inactive_logit,40,score_cap1,36,40,40
CHEMBL231,35501,original,9,0.2,6.0,inactive_logit,50,score_only,45,50,50
CHEMBL231,35501,original,9,0.2,6.0,inactive_logit,50,plus_group_stats,46,50,50
CHEMBL231,35501,original,9,0.2,6.0,inactive_logit,50,plus_group_evidence,46,50,50
CHEMBL231,35501,original,9,0.2,6.0,inactive_logit,50,full,46,50,50
CHEMBL231,35501,original,9,0.2,6.0,inactive_logit,50,score_cap1,46,50,50
CHEMBL231,35501,original,9,0.2,6.0,inactive_logit,75,full,64,75,75
CHEMBL231,35501,original,9,0.2,6.0,inactive_logit,75,score_cap1,64,75,75
CHEMBL231,35501,original,9,0.3,4.0,inactive_logit,20,full,19,20,20
CHEMBL231,35501,original,9,0.3,4.0,inactive_logit,20,score_cap1,19,20,20
CHEMBL231,35501,original,9,0.3,4.0,inactive_logit,40,full,37,40,40
CHEMBL231,35501,original,9,0.3,4.0,inactive_logit,40,score_cap1,37,40,40
CHEMBL231,35501,original,9,0.3,4.0,inactive_logit,50,score_only,44,50,50
CHEMBL231,35501,original,9,0.3,4.0,inactive_logit,50,plus_group_stats,46,50,50
CHEMBL231,35501,original,9,0.3,4.0,inactive_logit,50,plus_group_evidence,46,50,50
CHEMBL231,35501,original,9,0.3,4.0,inactive_logit,50,full,46,50,50
CHEMBL231,35501,original,9,0.3,4.0,inactive_logit,50,score_cap1,45,50,50
CHEMBL231,35501,original,9,0.3,4.0,inactive_logit,75,full,64,75,75
CHEMBL231,35501,original,9,0.3,4.0,inactive_logit,75,score_cap1,64,75,75
CHEMBL231,35501,original,9,0.3,6.0,inactive_logit,20,full,19,20,20
CHEMBL231,35501,original,9,0.3,6.0,inactive_logit,20,score_cap1,18,20,20
CHEMBL231,35501,original,9,0.3,6.0,inactive_logit,40,full,37,40,40
CHEMBL231,35501,original,9,0.3,6.0,inactive_logit,40,score_cap1,35,40,40
CHEMBL231,35501,original,9,0.3,6.0,inactive_logit,50,score_only,45,50,50
CHEMBL231,35501,original,9,0.3,6.0,inactive_logit,50,plus_group_stats,46,50,50
CHEMBL231,35501,original,9,0.3,6.0,inactive_logit,50,plus_group_evidence,46,50,50
CHEMBL231,35501,original,9,0.3,6.0,inactive_logit,50,full,46,50,50
CHEMBL231,35501,original,9,0.3,6.0,inactive_logit,50,score_cap1,45,50,50
CHEMBL231,35501,original,9,0.3,6.0,inactive_logit,75,full,64,75,75
CHEMBL231,35501,original,9,0.3,6.0,inactive_logit,75,score_cap1,64,75,75
CHEMBL231,35501,unseen,9,,,logit_b5,50,full,47,50,50
CHEMBL231,35501,unseen,9,,,logit_b5,50,score_only,47,50,50
CHEMBL231,35501,unseen,9,,,logit_b5,50,score_cap1,46,50,50
CHEMBL231,35501,unseen,9,,,logit_b7,50,full,46,50,50
CHEMBL231,35501,unseen,9,,,logit_b7,50,score_only,46,50,50
CHEMBL231,35501,unseen,9,,,logit_b7,50,score_cap1,45,50,50
CHEMBL231,35501,unseen,9,,,additive_inactive,50,full,48,50,50
CHEMBL231,35501,unseen,9,,,additive_inactive,50,score_only,47,50,50
CHEMBL231,35501,unseen,9,,,additive_inactive,50,score_cap1,47,50,50
CHEMBL231,35501,unseen,9,,,blockwide_logit,50,full,47,50,50
CHEMBL231,35501,unseen,9,,,blockwide_logit,50,score_only,45,50,50
CHEMBL231,35501,unseen,9,,,blockwide_logit,50,score_cap1,46,50,50
CHEMBL231,35501,unseen,9,,,heterogeneous_inactive,50,full,46,50,50
CHEMBL231,35501,unseen,9,,,heterogeneous_inactive,50,score_only,45,50,50
CHEMBL231,35501,unseen,9,,,heterogeneous_inactive,50,score_cap1,46,50,50
CHEMBL232,35501,original,0,0.2,4.0,inactive_logit,20,full,18,20,20
CHEMBL232,35501,original,0,0.2,4.0,inactive_logit,20,score_cap1,17,20,20
CHEMBL232,35501,original,0,0.2,4.0,inactive_logit,40,full,35,40,40
CHEMBL232,35501,original,0,0.2,4.0,inactive_logit,40,score_cap1,33,40,40
CHEMBL232,35501,original,0,0.2,4.0,inactive_logit,50,score_only,39,50,50
CHEMBL232,35501,original,0,0.2,4.0,inactive_logit,50,plus_group_stats,41,50,50
CHEMBL232,35501,original,0,0.2,4.0,inactive_logit,50,plus_group_evidence,41,50,50
CHEMBL232,35501,original,0,0.2,4.0,inactive_logit,50,full,42,50,50
CHEMBL232,35501,original,0,0.2,4.0,inactive_logit,50,score_cap1,40,50,50
CHEMBL232,35501,original,0,0.2,4.0,inactive_logit,75,full,57,75,75
CHEMBL232,35501,original,0,0.2,4.0,inactive_logit,75,score_cap1,56,75,75
CHEMBL232,35501,original,0,0.2,6.0,inactive_logit,20,full,18,20,20
CHEMBL232,35501,original,0,0.2,6.0,inactive_logit,20,score_cap1,15,20,20
CHEMBL232,35501,original,0,0.2,6.0,inactive_logit,40,full,35,40,40
CHEMBL232,35501,original,0,0.2,6.0,inactive_logit,40,score_cap1,33,40,40
CHEMBL232,35501,original,0,0.2,6.0,inactive_logit,50,score_only,40,50,50
CHEMBL232,35501,original,0,0.2,6.0,inactive_logit,50,plus_group_stats,41,50,50
CHEMBL232,35501,original,0,0.2,6.0,inactive_logit,50,plus_group_evidence,40,50,50
CHEMBL232,35501,original,0,0.2,6.0,inactive_logit,50,full,41,50,50
CHEMBL232,35501,original,0,0.2,6.0,inactive_logit,50,score_cap1,40,50,50
CHEMBL232,35501,original,0,0.2,6.0,inactive_logit,75,full,57,75,75
CHEMBL232,35501,original,0,0.2,6.0,inactive_logit,75,score_cap1,56,75,75
CHEMBL232,35501,original,0,0.3,4.0,inactive_logit,20,full,19,20,20
CHEMBL232,35501,original,0,0.3,4.0,inactive_logit,20,score_cap1,15,20,20
CHEMBL232,35501,original,0,0.3,4.0,inactive_logit,40,full,35,40,40
CHEMBL232,35501,original,0,0.3,4.0,inactive_logit,40,score_cap1,33,40,40
CHEMBL232,35501,original,0,0.3,4.0,inactive_logit,50,score_only,41,50,50
CHEMBL232,35501,original,0,0.3,4.0,inactive_logit,50,plus_group_stats,42,50,50
CHEMBL232,35501,original,0,0.3,4.0,inactive_logit,50,plus_group_evidence,41,50,50
CHEMBL232,35501,original,0,0.3,4.0,inactive_logit,50,full,43,50,50
CHEMBL232,35501,original,0,0.3,4.0,inactive_logit,50,score_cap1,40,50,50
CHEMBL232,35501,original,0,0.3,4.0,inactive_logit,75,full,57,75,75
CHEMBL232,35501,original,0,0.3,4.0,inactive_logit,75,score_cap1,56,75,75
CHEMBL232,35501,original,0,0.3,6.0,inactive_logit,20,full,19,20,20
CHEMBL232,35501,original,0,0.3,6.0,inactive_logit,20,score_cap1,15,20,20
CHEMBL232,35501,original,0,0.3,6.0,inactive_logit,40,full,36,40,40
CHEMBL232,35501,original,0,0.3,6.0,inactive_logit,40,score_cap1,33,40,40
CHEMBL232,35501,original,0,0.3,6.0,inactive_logit,50,score_only,42,50,50
CHEMBL232,35501,original,0,0.3,6.0,inactive_logit,50,plus_group_stats,44,50,50
CHEMBL232,35501,original,0,0.3,6.0,inactive_logit,50,plus_group_evidence,44,50,50
CHEMBL232,35501,original,0,0.3,6.0,inactive_logit,50,full,44,50,50
CHEMBL232,35501,original,0,0.3,6.0,inactive_logit,50,score_cap1,40,50,50
CHEMBL232,35501,original,0,0.3,6.0,inactive_logit,75,full,58,75,75
CHEMBL232,35501,original,0,0.3,6.0,inactive_logit,75,score_cap1,56,75,75
CHEMBL232,35501,unseen,0,,,logit_b5,50,full,42,50,50
CHEMBL232,35501,unseen,0,,,logit_b5,50,score_only,39,50,50
CHEMBL232,35501,unseen,0,,,logit_b5,50,score_cap1,40,50,50
CHEMBL232,35501,unseen,0,,,logit_b7,50,full,43,50,50
CHEMBL232,35501,unseen,0,,,logit_b7,50,score_only,42,50,50
CHEMBL232,35501,unseen,0,,,logit_b7,50,score_cap1,40,50,50
CHEMBL232,35501,unseen,0,,,additive_inactive,50,full,41,50,50
CHEMBL232,35501,unseen,0,,,additive_inactive,50,score_only,42,50,50
CHEMBL232,35501,unseen,0,,,additive_inactive,50,score_cap1,42,50,50
CHEMBL232,35501,unseen,0,,,blockwide_logit,50,full,41,50,50
CHEMBL232,35501,unseen,0,,,blockwide_logit,50,score_only,39,50,50
CHEMBL232,35501,unseen,0,,,blockwide_logit,50,score_cap1,41,50,50
CHEMBL232,35501,unseen,0,,,heterogeneous_inactive,50,full,40,50,50
CHEMBL232,35501,unseen,0,,,heterogeneous_inactive,50,score_only,38,50,50
CHEMBL232,35501,unseen,0,,,heterogeneous_inactive,50,score_cap1,39,50,50
CHEMBL232,35501,original,1,0.2,4.0,inactive_logit,20,full,16,20,20
CHEMBL232,35501,original,1,0.2,4.0,inactive_logit,20,score_cap1,17,20,20
CHEMBL232,35501,original,1,0.2,4.0,inactive_logit,40,full,34,40,40
CHEMBL232,35501,original,1,0.2,4.0,inactive_logit,40,score_cap1,34,40,40
CHEMBL232,35501,original,1,0.2,4.0,inactive_logit,50,score_only,39,50,50
CHEMBL232,35501,original,1,0.2,4.0,inactive_logit,50,plus_group_stats,41,50,50
CHEMBL232,35501,original,1,0.2,4.0,inactive_logit,50,plus_group_evidence,41,50,50
CHEMBL232,35501,original,1,0.2,4.0,inactive_logit,50,full,41,50,50
CHEMBL232,35501,original,1,0.2,4.0,inactive_logit,50,score_cap1,41,50,50
CHEMBL232,35501,original,1,0.2,4.0,inactive_logit,75,full,56,75,75
CHEMBL232,35501,original,1,0.2,4.0,inactive_logit,75,score_cap1,56,75,75
CHEMBL232,35501,original,1,0.2,6.0,inactive_logit,20,full,18,20,20
CHEMBL232,35501,original,1,0.2,6.0,inactive_logit,20,score_cap1,15,20,20
CHEMBL232,35501,original,1,0.2,6.0,inactive_logit,40,full,36,40,40
CHEMBL232,35501,original,1,0.2,6.0,inactive_logit,40,score_cap1,33,40,40
CHEMBL232,35501,original,1,0.2,6.0,inactive_logit,50,score_only,39,50,50
CHEMBL232,35501,original,1,0.2,6.0,inactive_logit,50,plus_group_stats,43,50,50
CHEMBL232,35501,original,1,0.2,6.0,inactive_logit,50,plus_group_evidence,42,50,50
CHEMBL232,35501,original,1,0.2,6.0,inactive_logit,50,full,43,50,50
CHEMBL232,35501,original,1,0.2,6.0,inactive_logit,50,score_cap1,40,50,50
CHEMBL232,35501,original,1,0.2,6.0,inactive_logit,75,full,58,75,75
CHEMBL232,35501,original,1,0.2,6.0,inactive_logit,75,score_cap1,55,75,75
CHEMBL232,35501,original,1,0.3,4.0,inactive_logit,20,full,18,20,20
CHEMBL232,35501,original,1,0.3,4.0,inactive_logit,20,score_cap1,17,20,20
CHEMBL232,35501,original,1,0.3,4.0,inactive_logit,40,full,35,40,40
CHEMBL232,35501,original,1,0.3,4.0,inactive_logit,40,score_cap1,33,40,40
CHEMBL232,35501,original,1,0.3,4.0,inactive_logit,50,score_only,38,50,50
CHEMBL232,35501,original,1,0.3,4.0,inactive_logit,50,plus_group_stats,39,50,50
CHEMBL232,35501,original,1,0.3,4.0,inactive_logit,50,plus_group_evidence,39,50,50
CHEMBL232,35501,original,1,0.3,4.0,inactive_logit,50,full,42,50,50
CHEMBL232,35501,original,1,0.3,4.0,inactive_logit,50,score_cap1,39,50,50
CHEMBL232,35501,original,1,0.3,4.0,inactive_logit,75,full,58,75,75
CHEMBL232,35501,original,1,0.3,4.0,inactive_logit,75,score_cap1,57,75,75
CHEMBL232,35501,original,1,0.3,6.0,inactive_logit,20,full,17,20,20
CHEMBL232,35501,original,1,0.3,6.0,inactive_logit,20,score_cap1,15,20,20
CHEMBL232,35501,original,1,0.3,6.0,inactive_logit,40,full,35,40,40
CHEMBL232,35501,original,1,0.3,6.0,inactive_logit,40,score_cap1,32,40,40
CHEMBL232,35501,original,1,0.3,6.0,inactive_logit,50,score_only,39,50,50
CHEMBL232,35501,original,1,0.3,6.0,inactive_logit,50,plus_group_stats,40,50,50
CHEMBL232,35501,original,1,0.3,6.0,inactive_logit,50,plus_group_evidence,40,50,50
CHEMBL232,35501,original,1,0.3,6.0,inactive_logit,50,full,41,50,50
CHEMBL232,35501,original,1,0.3,6.0,inactive_logit,50,score_cap1,39,50,50
CHEMBL232,35501,original,1,0.3,6.0,inactive_logit,75,full,58,75,75
CHEMBL232,35501,original,1,0.3,6.0,inactive_logit,75,score_cap1,57,75,75
CHEMBL232,35501,unseen,1,,,logit_b5,50,full,44,50,50
CHEMBL232,35501,unseen,1,,,logit_b5,50,score_only,41,50,50
CHEMBL232,35501,unseen,1,,,logit_b5,50,score_cap1,41,50,50
CHEMBL232,35501,unseen,1,,,logit_b7,50,full,42,50,50
CHEMBL232,35501,unseen,1,,,logit_b7,50,score_only,41,50,50
CHEMBL232,35501,unseen,1,,,logit_b7,50,score_cap1,39,50,50
CHEMBL232,35501,unseen,1,,,additive_inactive,50,full,42,50,50
CHEMBL232,35501,unseen,1,,,additive_inactive,50,score_only,43,50,50
CHEMBL232,35501,unseen,1,,,additive_inactive,50,score_cap1,42,50,50
CHEMBL232,35501,unseen,1,,,blockwide_logit,50,full,42,50,50
CHEMBL232,35501,unseen,1,,,blockwide_logit,50,score_only,42,50,50
CHEMBL232,35501,unseen,1,,,blockwide_logit,50,score_cap1,41,50,50
CHEMBL232,35501,unseen,1,,,heterogeneous_inactive,50,full,42,50,50
CHEMBL232,35501,unseen,1,,,heterogeneous_inactive,50,score_only,41,50,50
CHEMBL232,35501,unseen,1,,,heterogeneous_inactive,50,score_cap1,41,50,50
CHEMBL232,35501,original,2,0.2,4.0,inactive_logit,20,full,18,20,20
CHEMBL232,35501,original,2,0.2,4.0,inactive_logit,20,score_cap1,16,20,20
CHEMBL232,35501,original,2,0.2,4.0,inactive_logit,40,full,35,40,40
CHEMBL232,35501,original,2,0.2,4.0,inactive_logit,40,score_cap1,34,40,40
CHEMBL232,35501,original,2,0.2,4.0,inactive_logit,50,score_only,39,50,50
CHEMBL232,35501,original,2,0.2,4.0,inactive_logit,50,plus_group_stats,42,50,50
CHEMBL232,35501,original,2,0.2,4.0,inactive_logit,50,plus_group_evidence,41,50,50
CHEMBL232,35501,original,2,0.2,4.0,inactive_logit,50,full,43,50,50
CHEMBL232,35501,original,2,0.2,4.0,inactive_logit,50,score_cap1,41,50,50
CHEMBL232,35501,original,2,0.2,4.0,inactive_logit,75,full,58,75,75
CHEMBL232,35501,original,2,0.2,4.0,inactive_logit,75,score_cap1,56,75,75
CHEMBL232,35501,original,2,0.2,6.0,inactive_logit,20,full,18,20,20
CHEMBL232,35501,original,2,0.2,6.0,inactive_logit,20,score_cap1,15,20,20
CHEMBL232,35501,original,2,0.2,6.0,inactive_logit,40,full,35,40,40
CHEMBL232,35501,original,2,0.2,6.0,inactive_logit,40,score_cap1,33,40,40
CHEMBL232,35501,original,2,0.2,6.0,inactive_logit,50,score_only,41,50,50
CHEMBL232,35501,original,2,0.2,6.0,inactive_logit,50,plus_group_stats,43,50,50
CHEMBL232,35501,original,2,0.2,6.0,inactive_logit,50,plus_group_evidence,41,50,50
CHEMBL232,35501,original,2,0.2,6.0,inactive_logit,50,full,43,50,50
CHEMBL232,35501,original,2,0.2,6.0,inactive_logit,50,score_cap1,40,50,50
CHEMBL232,35501,original,2,0.2,6.0,inactive_logit,75,full,58,75,75
CHEMBL232,35501,original,2,0.2,6.0,inactive_logit,75,score_cap1,55,75,75
CHEMBL232,35501,original,2,0.3,4.0,inactive_logit,20,full,17,20,20
CHEMBL232,35501,original,2,0.3,4.0,inactive_logit,20,score_cap1,18,20,20
CHEMBL232,35501,original,2,0.3,4.0,inactive_logit,40,full,33,40,40
CHEMBL232,35501,original,2,0.3,4.0,inactive_logit,40,score_cap1,33,40,40
CHEMBL232,35501,original,2,0.3,4.0,inactive_logit,50,score_only,38,50,50
CHEMBL232,35501,original,2,0.3,4.0,inactive_logit,50,plus_group_stats,40,50,50
CHEMBL232,35501,original,2,0.3,4.0,inactive_logit,50,plus_group_evidence,40,50,50
CHEMBL232,35501,original,2,0.3,4.0,inactive_logit,50,full,41,50,50
CHEMBL232,35501,original,2,0.3,4.0,inactive_logit,50,score_cap1,40,50,50
CHEMBL232,35501,original,2,0.3,4.0,inactive_logit,75,full,55,75,75
CHEMBL232,35501,original,2,0.3,4.0,inactive_logit,75,score_cap1,55,75,75
CHEMBL232,35501,original,2,0.3,6.0,inactive_logit,20,full,18,20,20
CHEMBL232,35501,original,2,0.3,6.0,inactive_logit,20,score_cap1,15,20,20
CHEMBL232,35501,original,2,0.3,6.0,inactive_logit,40,full,36,40,40
CHEMBL232,35501,original,2,0.3,6.0,inactive_logit,40,score_cap1,32,40,40
CHEMBL232,35501,original,2,0.3,6.0,inactive_logit,50,score_only,38,50,50
CHEMBL232,35501,original,2,0.3,6.0,inactive_logit,50,plus_group_stats,42,50,50
CHEMBL232,35501,original,2,0.3,6.0,inactive_logit,50,plus_group_evidence,42,50,50
CHEMBL232,35501,original,2,0.3,6.0,inactive_logit,50,full,43,50,50
CHEMBL232,35501,original,2,0.3,6.0,inactive_logit,50,score_cap1,39,50,50
CHEMBL232,35501,original,2,0.3,6.0,inactive_logit,75,full,57,75,75
CHEMBL232,35501,original,2,0.3,6.0,inactive_logit,75,score_cap1,54,75,75
CHEMBL232,35501,unseen,2,,,logit_b5,50,full,42,50,50
CHEMBL232,35501,unseen,2,,,logit_b5,50,score_only,39,50,50
CHEMBL232,35501,unseen,2,,,logit_b5,50,score_cap1,40,50,50
CHEMBL232,35501,unseen,2,,,logit_b7,50,full,42,50,50
CHEMBL232,35501,unseen,2,,,logit_b7,50,score_only,42,50,50
CHEMBL232,35501,unseen,2,,,logit_b7,50,score_cap1,40,50,50
CHEMBL232,35501,unseen,2,,,additive_inactive,50,full,41,50,50
CHEMBL232,35501,unseen,2,,,additive_inactive,50,score_only,42,50,50
CHEMBL232,35501,unseen,2,,,additive_inactive,50,score_cap1,42,50,50
CHEMBL232,35501,unseen,2,,,blockwide_logit,50,full,41,50,50
CHEMBL232,35501,unseen,2,,,blockwide_logit,50,score_only,39,50,50
CHEMBL232,35501,unseen,2,,,blockwide_logit,50,score_cap1,40,50,50
CHEMBL232,35501,unseen,2,,,heterogeneous_inactive,50,full,41,50,50
CHEMBL232,35501,unseen,2,,,heterogeneous_inactive,50,score_only,38,50,50
CHEMBL232,35501,unseen,2,,,heterogeneous_inactive,50,score_cap1,39,50,50
CHEMBL232,35501,original,3,0.2,4.0,inactive_logit,20,full,17,20,20
CHEMBL232,35501,original,3,0.2,4.0,inactive_logit,20,score_cap1,17,20,20
CHEMBL232,35501,original,3,0.2,4.0,inactive_logit,40,full,34,40,40
CHEMBL232,35501,original,3,0.2,4.0,inactive_logit,40,score_cap1,34,40,40
CHEMBL232,35501,original,3,0.2,4.0,inactive_logit,50,score_only,39,50,50
CHEMBL232,35501,original,3,0.2,4.0,inactive_logit,50,plus_group_stats,41,50,50
CHEMBL232,35501,original,3,0.2,4.0,inactive_logit,50,plus_group_evidence,41,50,50
CHEMBL232,35501,original,3,0.2,4.0,inactive_logit,50,full,41,50,50
CHEMBL232,35501,original,3,0.2,4.0,inactive_logit,50,score_cap1,41,50,50
CHEMBL232,35501,original,3,0.2,4.0,inactive_logit,75,full,57,75,75
CHEMBL232,35501,original,3,0.2,4.0,inactive_logit,75,score_cap1,57,75,75
CHEMBL232,35501,original,3,0.2,6.0,inactive_logit,20,full,18,20,20
CHEMBL232,35501,original,3,0.2,6.0,inactive_logit,20,score_cap1,15,20,20
CHEMBL232,35501,original,3,0.2,6.0,inactive_logit,40,full,35,40,40
CHEMBL232,35501,original,3,0.2,6.0,inactive_logit,40,score_cap1,33,40,40
CHEMBL232,35501,original,3,0.2,6.0,inactive_logit,50,score_only,39,50,50
CHEMBL232,35501,original,3,0.2,6.0,inactive_logit,50,plus_group_stats,42,50,50
CHEMBL232,35501,original,3,0.2,6.0,inactive_logit,50,plus_group_evidence,41,50,50
CHEMBL232,35501,original,3,0.2,6.0,inactive_logit,50,full,42,50,50
CHEMBL232,35501,original,3,0.2,6.0,inactive_logit,50,score_cap1,40,50,50
CHEMBL232,35501,original,3,0.2,6.0,inactive_logit,75,full,58,75,75
CHEMBL232,35501,original,3,0.2,6.0,inactive_logit,75,score_cap1,56,75,75
CHEMBL232,35501,original,3,0.3,4.0,inactive_logit,20,full,17,20,20
CHEMBL232,35501,original,3,0.3,4.0,inactive_logit,20,score_cap1,16,20,20
CHEMBL232,35501,original,3,0.3,4.0,inactive_logit,40,full,33,40,40
CHEMBL232,35501,original,3,0.3,4.0,inactive_logit,40,score_cap1,33,40,40
CHEMBL232,35501,original,3,0.3,4.0,inactive_logit,50,score_only,39,50,50
CHEMBL232,35501,original,3,0.3,4.0,inactive_logit,50,plus_group_stats,40,50,50
CHEMBL232,35501,original,3,0.3,4.0,inactive_logit,50,plus_group_evidence,40,50,50
CHEMBL232,35501,original,3,0.3,4.0,inactive_logit,50,full,40,50,50
CHEMBL232,35501,original,3,0.3,4.0,inactive_logit,50,score_cap1,40,50,50
CHEMBL232,35501,original,3,0.3,4.0,inactive_logit,75,full,56,75,75
CHEMBL232,35501,original,3,0.3,4.0,inactive_logit,75,score_cap1,56,75,75
CHEMBL232,35501,original,3,0.3,6.0,inactive_logit,20,full,18,20,20
CHEMBL232,35501,original,3,0.3,6.0,inactive_logit,20,score_cap1,15,20,20
CHEMBL232,35501,original,3,0.3,6.0,inactive_logit,40,full,35,40,40
CHEMBL232,35501,original,3,0.3,6.0,inactive_logit,40,score_cap1,32,40,40
CHEMBL232,35501,original,3,0.3,6.0,inactive_logit,50,score_only,40,50,50
CHEMBL232,35501,original,3,0.3,6.0,inactive_logit,50,plus_group_stats,43,50,50
CHEMBL232,35501,original,3,0.3,6.0,inactive_logit,50,plus_group_evidence,42,50,50
CHEMBL232,35501,original,3,0.3,6.0,inactive_logit,50,full,43,50,50
CHEMBL232,35501,original,3,0.3,6.0,inactive_logit,50,score_cap1,40,50,50
CHEMBL232,35501,original,3,0.3,6.0,inactive_logit,75,full,58,75,75
CHEMBL232,35501,original,3,0.3,6.0,inactive_logit,75,score_cap1,56,75,75
CHEMBL232,35501,unseen,3,,,logit_b5,50,full,43,50,50
CHEMBL232,35501,unseen,3,,,logit_b5,50,score_only,40,50,50
CHEMBL232,35501,unseen,3,,,logit_b5,50,score_cap1,41,50,50
CHEMBL232,35501,unseen,3,,,logit_b7,50,full,43,50,50
CHEMBL232,35501,unseen,3,,,logit_b7,50,score_only,42,50,50
CHEMBL232,35501,unseen,3,,,logit_b7,50,score_cap1,39,50,50
CHEMBL232,35501,unseen,3,,,additive_inactive,50,full,42,50,50
CHEMBL232,35501,unseen,3,,,additive_inactive,50,score_only,43,50,50
CHEMBL232,35501,unseen,3,,,additive_inactive,50,score_cap1,42,50,50
CHEMBL232,35501,unseen,3,,,blockwide_logit,50,full,41,50,50
CHEMBL232,35501,unseen,3,,,blockwide_logit,50,score_only,41,50,50
CHEMBL232,35501,unseen,3,,,blockwide_logit,50,score_cap1,41,50,50
CHEMBL232,35501,unseen,3,,,heterogeneous_inactive,50,full,41,50,50
CHEMBL232,35501,unseen,3,,,heterogeneous_inactive,50,score_only,40,50,50
CHEMBL232,35501,unseen,3,,,heterogeneous_inactive,50,score_cap1,40,50,50
CHEMBL232,35501,original,4,0.2,4.0,inactive_logit,20,full,16,20,20
CHEMBL232,35501,original,4,0.2,4.0,inactive_logit,20,score_cap1,16,20,20
CHEMBL232,35501,original,4,0.2,4.0,inactive_logit,40,full,34,40,40
CHEMBL232,35501,original,4,0.2,4.0,inactive_logit,40,score_cap1,33,40,40
CHEMBL232,35501,original,4,0.2,4.0,inactive_logit,50,score_only,39,50,50
CHEMBL232,35501,original,4,0.2,4.0,inactive_logit,50,plus_group_stats,40,50,50
CHEMBL232,35501,original,4,0.2,4.0,inactive_logit,50,plus_group_evidence,40,50,50
CHEMBL232,35501,original,4,0.2,4.0,inactive_logit,50,full,42,50,50
CHEMBL232,35501,original,4,0.2,4.0,inactive_logit,50,score_cap1,40,50,50
CHEMBL232,35501,original,4,0.2,4.0,inactive_logit,75,full,57,75,75
CHEMBL232,35501,original,4,0.2,4.0,inactive_logit,75,score_cap1,56,75,75
CHEMBL232,35501,original,4,0.2,6.0,inactive_logit,20,full,18,20,20
CHEMBL232,35501,original,4,0.2,6.0,inactive_logit,20,score_cap1,15,20,20
CHEMBL232,35501,original,4,0.2,6.0,inactive_logit,40,full,36,40,40
CHEMBL232,35501,original,4,0.2,6.0,inactive_logit,40,score_cap1,33,40,40
CHEMBL232,35501,original,4,0.2,6.0,inactive_logit,50,score_only,40,50,50
CHEMBL232,35501,original,4,0.2,6.0,inactive_logit,50,plus_group_stats,43,50,50
CHEMBL232,35501,original,4,0.2,6.0,inactive_logit,50,plus_group_evidence,42,50,50
CHEMBL232,35501,original,4,0.2,6.0,inactive_logit,50,full,44,50,50
CHEMBL232,35501,original,4,0.2,6.0,inactive_logit,50,score_cap1,40,50,50
CHEMBL232,35501,original,4,0.2,6.0,inactive_logit,75,full,59,75,75
CHEMBL232,35501,original,4,0.2,6.0,inactive_logit,75,score_cap1,56,75,75
CHEMBL232,35501,original,4,0.3,4.0,inactive_logit,20,full,16,20,20
CHEMBL232,35501,original,4,0.3,4.0,inactive_logit,20,score_cap1,16,20,20
CHEMBL232,35501,original,4,0.3,4.0,inactive_logit,40,full,33,40,40
CHEMBL232,35501,original,4,0.3,4.0,inactive_logit,40,score_cap1,32,40,40
CHEMBL232,35501,original,4,0.3,4.0,inactive_logit,50,score_only,39,50,50
CHEMBL232,35501,original,4,0.3,4.0,inactive_logit,50,plus_group_stats,40,50,50
CHEMBL232,35501,original,4,0.3,4.0,inactive_logit,50,plus_group_evidence,40,50,50
CHEMBL232,35501,original,4,0.3,4.0,inactive_logit,50,full,40,50,50
CHEMBL232,35501,original,4,0.3,4.0,inactive_logit,50,score_cap1,40,50,50
CHEMBL232,35501,original,4,0.3,4.0,inactive_logit,75,full,56,75,75
CHEMBL232,35501,original,4,0.3,4.0,inactive_logit,75,score_cap1,56,75,75
CHEMBL232,35501,original,4,0.3,6.0,inactive_logit,20,full,18,20,20
CHEMBL232,35501,original,4,0.3,6.0,inactive_logit,20,score_cap1,15,20,20
CHEMBL232,35501,original,4,0.3,6.0,inactive_logit,40,full,36,40,40
CHEMBL232,35501,original,4,0.3,6.0,inactive_logit,40,score_cap1,32,40,40
CHEMBL232,35501,original,4,0.3,6.0,inactive_logit,50,score_only,40,50,50
CHEMBL232,35501,original,4,0.3,6.0,inactive_logit,50,plus_group_stats,43,50,50
CHEMBL232,35501,original,4,0.3,6.0,inactive_logit,50,plus_group_evidence,42,50,50
CHEMBL232,35501,original,4,0.3,6.0,inactive_logit,50,full,43,50,50
CHEMBL232,35501,original,4,0.3,6.0,inactive_logit,50,score_cap1,40,50,50
CHEMBL232,35501,original,4,0.3,6.0,inactive_logit,75,full,58,75,75
CHEMBL232,35501,original,4,0.3,6.0,inactive_logit,75,score_cap1,56,75,75
CHEMBL232,35501,unseen,4,,,logit_b5,50,full,42,50,50
CHEMBL232,35501,unseen,4,,,logit_b5,50,score_only,40,50,50
CHEMBL232,35501,unseen,4,,,logit_b5,50,score_cap1,41,50,50
CHEMBL232,35501,unseen,4,,,logit_b7,50,full,44,50,50
CHEMBL232,35501,unseen,4,,,logit_b7,50,score_only,42,50,50
CHEMBL232,35501,unseen,4,,,logit_b7,50,score_cap1,39,50,50
CHEMBL232,35501,unseen,4,,,additive_inactive,50,full,41,50,50
CHEMBL232,35501,unseen,4,,,additive_inactive,50,score_only,42,50,50
CHEMBL232,35501,unseen,4,,,additive_inactive,50,score_cap1,42,50,50
CHEMBL232,35501,unseen,4,,,blockwide_logit,50,full,41,50,50
CHEMBL232,35501,unseen,4,,,blockwide_logit,50,score_only,39,50,50
CHEMBL232,35501,unseen,4,,,blockwide_logit,50,score_cap1,40,50,50
CHEMBL232,35501,unseen,4,,,heterogeneous_inactive,50,full,40,50,50
CHEMBL232,35501,unseen,4,,,heterogeneous_inactive,50,score_only,38,50,50
CHEMBL232,35501,unseen,4,,,heterogeneous_inactive,50,score_cap1,39,50,50
CHEMBL232,35501,original,5,0.2,4.0,inactive_logit,20,full,17,20,20
CHEMBL232,35501,original,5,0.2,4.0,inactive_logit,20,score_cap1,17,20,20
CHEMBL232,35501,original,5,0.2,4.0,inactive_logit,40,full,33,40,40
CHEMBL232,35501,original,5,0.2,4.0,inactive_logit,40,score_cap1,34,40,40
CHEMBL232,35501,original,5,0.2,4.0,inactive_logit,50,score_only,39,50,50
CHEMBL232,35501,original,5,0.2,4.0,inactive_logit,50,plus_group_stats,40,50,50
CHEMBL232,35501,original,5,0.2,4.0,inactive_logit,50,plus_group_evidence,40,50,50
CHEMBL232,35501,original,5,0.2,4.0,inactive_logit,50,full,41,50,50
CHEMBL232,35501,original,5,0.2,4.0,inactive_logit,50,score_cap1,40,50,50
CHEMBL232,35501,original,5,0.2,4.0,inactive_logit,75,full,57,75,75
CHEMBL232,35501,original,5,0.2,4.0,inactive_logit,75,score_cap1,57,75,75
CHEMBL232,35501,original,5,0.2,6.0,inactive_logit,20,full,18,20,20
CHEMBL232,35501,original,5,0.2,6.0,inactive_logit,20,score_cap1,15,20,20
CHEMBL232,35501,original,5,0.2,6.0,inactive_logit,40,full,35,40,40
CHEMBL232,35501,original,5,0.2,6.0,inactive_logit,40,score_cap1,33,40,40
CHEMBL232,35501,original,5,0.2,6.0,inactive_logit,50,score_only,39,50,50
CHEMBL232,35501,original,5,0.2,6.0,inactive_logit,50,plus_group_stats,41,50,50
CHEMBL232,35501,original,5,0.2,6.0,inactive_logit,50,plus_group_evidence,41,50,50
CHEMBL232,35501,original,5,0.2,6.0,inactive_logit,50,full,42,50,50
CHEMBL232,35501,original,5,0.2,6.0,inactive_logit,50,score_cap1,40,50,50
CHEMBL232,35501,original,5,0.2,6.0,inactive_logit,75,full,58,75,75
CHEMBL232,35501,original,5,0.2,6.0,inactive_logit,75,score_cap1,57,75,75
CHEMBL232,35501,original,5,0.3,4.0,inactive_logit,20,full,18,20,20
CHEMBL232,35501,original,5,0.3,4.0,inactive_logit,20,score_cap1,16,20,20
CHEMBL232,35501,original,5,0.3,4.0,inactive_logit,40,full,35,40,40
CHEMBL232,35501,original,5,0.3,4.0,inactive_logit,40,score_cap1,33,40,40
CHEMBL232,35501,original,5,0.3,4.0,inactive_logit,50,score_only,40,50,50
CHEMBL232,35501,original,5,0.3,4.0,inactive_logit,50,plus_group_stats,41,50,50
CHEMBL232,35501,original,5,0.3,4.0,inactive_logit,50,plus_group_evidence,41,50,50
CHEMBL232,35501,original,5,0.3,4.0,inactive_logit,50,full,42,50,50
CHEMBL232,35501,original,5,0.3,4.0,inactive_logit,50,score_cap1,40,50,50
CHEMBL232,35501,original,5,0.3,4.0,inactive_logit,75,full,57,75,75
CHEMBL232,35501,original,5,0.3,4.0,inactive_logit,75,score_cap1,57,75,75
CHEMBL232,35501,original,5,0.3,6.0,inactive_logit,20,full,19,20,20
CHEMBL232,35501,original,5,0.3,6.0,inactive_logit,20,score_cap1,15,20,20
CHEMBL232,35501,original,5,0.3,6.0,inactive_logit,40,full,35,40,40
CHEMBL232,35501,original,5,0.3,6.0,inactive_logit,40,score_cap1,33,40,40
CHEMBL232,35501,original,5,0.3,6.0,inactive_logit,50,score_only,40,50,50
CHEMBL232,35501,original,5,0.3,6.0,inactive_logit,50,plus_group_stats,42,50,50
CHEMBL232,35501,original,5,0.3,6.0,inactive_logit,50,plus_group_evidence,41,50,50
CHEMBL232,35501,original,5,0.3,6.0,inactive_logit,50,full,42,50,50
CHEMBL232,35501,original,5,0.3,6.0,inactive_logit,50,score_cap1,40,50,50
CHEMBL232,35501,original,5,0.3,6.0,inactive_logit,75,full,58,75,75
CHEMBL232,35501,original,5,0.3,6.0,inactive_logit,75,score_cap1,57,75,75
CHEMBL232,35501,unseen,5,,,logit_b5,50,full,41,50,50
CHEMBL232,35501,unseen,5,,,logit_b5,50,score_only,39,50,50
CHEMBL232,35501,unseen,5,,,logit_b5,50,score_cap1,40,50,50
CHEMBL232,35501,unseen,5,,,logit_b7,50,full,43,50,50
CHEMBL232,35501,unseen,5,,,logit_b7,50,score_only,43,50,50
CHEMBL232,35501,unseen,5,,,logit_b7,50,score_cap1,40,50,50
CHEMBL232,35501,unseen,5,,,additive_inactive,50,full,42,50,50
CHEMBL232,35501,unseen,5,,,additive_inactive,50,score_only,42,50,50
CHEMBL232,35501,unseen,5,,,additive_inactive,50,score_cap1,42,50,50
CHEMBL232,35501,unseen,5,,,blockwide_logit,50,full,41,50,50
CHEMBL232,35501,unseen,5,,,blockwide_logit,50,score_only,40,50,50
CHEMBL232,35501,unseen,5,,,blockwide_logit,50,score_cap1,40,50,50
CHEMBL232,35501,unseen,5,,,heterogeneous_inactive,50,full,41,50,50
CHEMBL232,35501,unseen,5,,,heterogeneous_inactive,50,score_only,39,50,50
CHEMBL232,35501,unseen,5,,,heterogeneous_inactive,50,score_cap1,40,50,50
CHEMBL232,35501,original,6,0.2,4.0,inactive_logit,20,full,16,20,20
CHEMBL232,35501,original,6,0.2,4.0,inactive_logit,20,score_cap1,17,20,20
CHEMBL232,35501,original,6,0.2,4.0,inactive_logit,40,full,33,40,40
CHEMBL232,35501,original,6,0.2,4.0,inactive_logit,40,score_cap1,33,40,40
CHEMBL232,35501,original,6,0.2,4.0,inactive_logit,50,score_only,39,50,50
CHEMBL232,35501,original,6,0.2,4.0,inactive_logit,50,plus_group_stats,40,50,50
CHEMBL232,35501,original,6,0.2,4.0,inactive_logit,50,plus_group_evidence,40,50,50
CHEMBL232,35501,original,6,0.2,4.0,inactive_logit,50,full,41,50,50
CHEMBL232,35501,original,6,0.2,4.0,inactive_logit,50,score_cap1,40,50,50
CHEMBL232,35501,original,6,0.2,4.0,inactive_logit,75,full,56,75,75
CHEMBL232,35501,original,6,0.2,4.0,inactive_logit,75,score_cap1,56,75,75
CHEMBL232,35501,original,6,0.2,6.0,inactive_logit,20,full,18,20,20
CHEMBL232,35501,original,6,0.2,6.0,inactive_logit,20,score_cap1,15,20,20
CHEMBL232,35501,original,6,0.2,6.0,inactive_logit,40,full,36,40,40
CHEMBL232,35501,original,6,0.2,6.0,inactive_logit,40,score_cap1,33,40,40
CHEMBL232,35501,original,6,0.2,6.0,inactive_logit,50,score_only,39,50,50
CHEMBL232,35501,original,6,0.2,6.0,inactive_logit,50,plus_group_stats,42,50,50
CHEMBL232,35501,original,6,0.2,6.0,inactive_logit,50,plus_group_evidence,42,50,50
CHEMBL232,35501,original,6,0.2,6.0,inactive_logit,50,full,43,50,50
CHEMBL232,35501,original,6,0.2,6.0,inactive_logit,50,score_cap1,40,50,50
CHEMBL232,35501,original,6,0.2,6.0,inactive_logit,75,full,58,75,75
CHEMBL232,35501,original,6,0.2,6.0,inactive_logit,75,score_cap1,56,75,75
CHEMBL232,35501,original,6,0.3,4.0,inactive_logit,20,full,18,20,20
CHEMBL232,35501,original,6,0.3,4.0,inactive_logit,20,score_cap1,17,20,20
CHEMBL232,35501,original,6,0.3,4.0,inactive_logit,40,full,35,40,40
CHEMBL232,35501,original,6,0.3,4.0,inactive_logit,40,score_cap1,35,40,40
CHEMBL232,35501,original,6,0.3,4.0,inactive_logit,50,score_only,38,50,50
CHEMBL232,35501,original,6,0.3,4.0,inactive_logit,50,plus_group_stats,40,50,50
CHEMBL232,35501,original,6,0.3,4.0,inactive_logit,50,plus_group_evidence,40,50,50
CHEMBL232,35501,original,6,0.3,4.0,inactive_logit,50,full,41,50,50
CHEMBL232,35501,original,6,0.3,4.0,inactive_logit,50,score_cap1,40,50,50
CHEMBL232,35501,original,6,0.3,4.0,inactive_logit,75,full,57,75,75
CHEMBL232,35501,original,6,0.3,4.0,inactive_logit,75,score_cap1,57,75,75
CHEMBL232,35501,original,6,0.3,6.0,inactive_logit,20,full,17,20,20
CHEMBL232,35501,original,6,0.3,6.0,inactive_logit,20,score_cap1,15,20,20
CHEMBL232,35501,original,6,0.3,6.0,inactive_logit,40,full,34,40,40
CHEMBL232,35501,original,6,0.3,6.0,inactive_logit,40,score_cap1,32,40,40
CHEMBL232,35501,original,6,0.3,6.0,inactive_logit,50,score_only,38,50,50
CHEMBL232,35501,original,6,0.3,6.0,inactive_logit,50,plus_group_stats,40,50,50
CHEMBL232,35501,original,6,0.3,6.0,inactive_logit,50,plus_group_evidence,40,50,50
CHEMBL232,35501,original,6,0.3,6.0,inactive_logit,50,full,41,50,50
CHEMBL232,35501,original,6,0.3,6.0,inactive_logit,50,score_cap1,39,50,50
CHEMBL232,35501,original,6,0.3,6.0,inactive_logit,75,full,57,75,75
CHEMBL232,35501,original,6,0.3,6.0,inactive_logit,75,score_cap1,56,75,75
CHEMBL232,35501,unseen,6,,,logit_b5,50,full,42,50,50
CHEMBL232,35501,unseen,6,,,logit_b5,50,score_only,39,50,50
CHEMBL232,35501,unseen,6,,,logit_b5,50,score_cap1,40,50,50
CHEMBL232,35501,unseen,6,,,logit_b7,50,full,43,50,50
CHEMBL232,35501,unseen,6,,,logit_b7,50,score_only,42,50,50
CHEMBL232,35501,unseen,6,,,logit_b7,50,score_cap1,40,50,50
CHEMBL232,35501,unseen,6,,,additive_inactive,50,full,42,50,50
CHEMBL232,35501,unseen,6,,,additive_inactive,50,score_only,42,50,50
CHEMBL232,35501,unseen,6,,,additive_inactive,50,score_cap1,42,50,50
CHEMBL232,35501,unseen,6,,,blockwide_logit,50,full,41,50,50
CHEMBL232,35501,unseen,6,,,blockwide_logit,50,score_only,40,50,50
CHEMBL232,35501,unseen,6,,,blockwide_logit,50,score_cap1,40,50,50
CHEMBL232,35501,unseen,6,,,heterogeneous_inactive,50,full,41,50,50
CHEMBL232,35501,unseen,6,,,heterogeneous_inactive,50,score_only,38,50,50
CHEMBL232,35501,unseen,6,,,heterogeneous_inactive,50,score_cap1,39,50,50
CHEMBL232,35501,original,7,0.2,4.0,inactive_logit,20,full,17,20,20
CHEMBL232,35501,original,7,0.2,4.0,inactive_logit,20,score_cap1,17,20,20
CHEMBL232,35501,original,7,0.2,4.0,inactive_logit,40,full,33,40,40
CHEMBL232,35501,original,7,0.2,4.0,inactive_logit,40,score_cap1,33,40,40
CHEMBL232,35501,original,7,0.2,4.0,inactive_logit,50,score_only,39,50,50
CHEMBL232,35501,original,7,0.2,4.0,inactive_logit,50,plus_group_stats,40,50,50
CHEMBL232,35501,original,7,0.2,4.0,inactive_logit,50,plus_group_evidence,40,50,50
CHEMBL232,35501,original,7,0.2,4.0,inactive_logit,50,full,41,50,50
CHEMBL232,35501,original,7,0.2,4.0,inactive_logit,50,score_cap1,40,50,50
CHEMBL232,35501,original,7,0.2,4.0,inactive_logit,75,full,57,75,75
CHEMBL232,35501,original,7,0.2,4.0,inactive_logit,75,score_cap1,57,75,75
CHEMBL232,35501,original,7,0.2,6.0,inactive_logit,20,full,18,20,20
CHEMBL232,35501,original,7,0.2,6.0,inactive_logit,20,score_cap1,15,20,20
CHEMBL232,35501,original,7,0.2,6.0,inactive_logit,40,full,35,40,40
CHEMBL232,35501,original,7,0.2,6.0,inactive_logit,40,score_cap1,33,40,40
CHEMBL232,35501,original,7,0.2,6.0,inactive_logit,50,score_only,39,50,50
CHEMBL232,35501,original,7,0.2,6.0,inactive_logit,50,plus_group_stats,41,50,50
CHEMBL232,35501,original,7,0.2,6.0,inactive_logit,50,plus_group_evidence,41,50,50
CHEMBL232,35501,original,7,0.2,6.0,inactive_logit,50,full,42,50,50
CHEMBL232,35501,original,7,0.2,6.0,inactive_logit,50,score_cap1,40,50,50
CHEMBL232,35501,original,7,0.2,6.0,inactive_logit,75,full,58,75,75
CHEMBL232,35501,original,7,0.2,6.0,inactive_logit,75,score_cap1,57,75,75
CHEMBL232,35501,original,7,0.3,4.0,inactive_logit,20,full,19,20,20
CHEMBL232,35501,original,7,0.3,4.0,inactive_logit,20,score_cap1,17,20,20
CHEMBL232,35501,original,7,0.3,4.0,inactive_logit,40,full,35,40,40
CHEMBL232,35501,original,7,0.3,4.0,inactive_logit,40,score_cap1,34,40,40
CHEMBL232,35501,original,7,0.3,4.0,inactive_logit,50,score_only,40,50,50
CHEMBL232,35501,original,7,0.3,4.0,inactive_logit,50,plus_group_stats,42,50,50
CHEMBL232,35501,original,7,0.3,4.0,inactive_logit,50,plus_group_evidence,41,50,50
CHEMBL232,35501,original,7,0.3,4.0,inactive_logit,50,full,43,50,50
CHEMBL232,35501,original,7,0.3,4.0,inactive_logit,50,score_cap1,40,50,50
CHEMBL232,35501,original,7,0.3,4.0,inactive_logit,75,full,56,75,75
CHEMBL232,35501,original,7,0.3,4.0,inactive_logit,75,score_cap1,56,75,75
CHEMBL232,35501,original,7,0.3,6.0,inactive_logit,20,full,19,20,20
CHEMBL232,35501,original,7,0.3,6.0,inactive_logit,20,score_cap1,15,20,20
CHEMBL232,35501,original,7,0.3,6.0,inactive_logit,40,full,35,40,40
CHEMBL232,35501,original,7,0.3,6.0,inactive_logit,40,score_cap1,33,40,40
CHEMBL232,35501,original,7,0.3,6.0,inactive_logit,50,score_only,40,50,50
CHEMBL232,35501,original,7,0.3,6.0,inactive_logit,50,plus_group_stats,43,50,50
CHEMBL232,35501,original,7,0.3,6.0,inactive_logit,50,plus_group_evidence,42,50,50
CHEMBL232,35501,original,7,0.3,6.0,inactive_logit,50,full,43,50,50
CHEMBL232,35501,original,7,0.3,6.0,inactive_logit,50,score_cap1,39,50,50
CHEMBL232,35501,original,7,0.3,6.0,inactive_logit,75,full,57,75,75
CHEMBL232,35501,original,7,0.3,6.0,inactive_logit,75,score_cap1,55,75,75
CHEMBL232,35501,unseen,7,,,logit_b5,50,full,42,50,50
CHEMBL232,35501,unseen,7,,,logit_b5,50,score_only,39,50,50
CHEMBL232,35501,unseen,7,,,logit_b5,50,score_cap1,40,50,50
CHEMBL232,35501,unseen,7,,,logit_b7,50,full,43,50,50
CHEMBL232,35501,unseen,7,,,logit_b7,50,score_only,41,50,50
CHEMBL232,35501,unseen,7,,,logit_b7,50,score_cap1,39,50,50
CHEMBL232,35501,unseen,7,,,additive_inactive,50,full,41,50,50
CHEMBL232,35501,unseen,7,,,additive_inactive,50,score_only,42,50,50
CHEMBL232,35501,unseen,7,,,additive_inactive,50,score_cap1,42,50,50
CHEMBL232,35501,unseen,7,,,blockwide_logit,50,full,42,50,50
CHEMBL232,35501,unseen,7,,,blockwide_logit,50,score_only,39,50,50
CHEMBL232,35501,unseen,7,,,blockwide_logit,50,score_cap1,40,50,50
CHEMBL232,35501,unseen,7,,,heterogeneous_inactive,50,full,40,50,50
CHEMBL232,35501,unseen,7,,,heterogeneous_inactive,50,score_only,38,50,50
CHEMBL232,35501,unseen,7,,,heterogeneous_inactive,50,score_cap1,39,50,50
CHEMBL232,35501,original,8,0.2,4.0,inactive_logit,20,full,18,20,20
CHEMBL232,35501,original,8,0.2,4.0,inactive_logit,20,score_cap1,17,20,20
CHEMBL232,35501,original,8,0.2,4.0,inactive_logit,40,full,35,40,40
CHEMBL232,35501,original,8,0.2,4.0,inactive_logit,40,score_cap1,34,40,40
CHEMBL232,35501,original,8,0.2,4.0,inactive_logit,50,score_only,39,50,50
CHEMBL232,35501,original,8,0.2,4.0,inactive_logit,50,plus_group_stats,41,50,50
CHEMBL232,35501,original,8,0.2,4.0,inactive_logit,50,plus_group_evidence,41,50,50
CHEMBL232,35501,original,8,0.2,4.0,inactive_logit,50,full,42,50,50
CHEMBL232,35501,original,8,0.2,4.0,inactive_logit,50,score_cap1,40,50,50
CHEMBL232,35501,original,8,0.2,4.0,inactive_logit,75,full,57,75,75
CHEMBL232,35501,original,8,0.2,4.0,inactive_logit,75,score_cap1,56,75,75
CHEMBL232,35501,original,8,0.2,6.0,inactive_logit,20,full,17,20,20
CHEMBL232,35501,original,8,0.2,6.0,inactive_logit,20,score_cap1,16,20,20
CHEMBL232,35501,original,8,0.2,6.0,inactive_logit,40,full,35,40,40
CHEMBL232,35501,original,8,0.2,6.0,inactive_logit,40,score_cap1,33,40,40
CHEMBL232,35501,original,8,0.2,6.0,inactive_logit,50,score_only,40,50,50
CHEMBL232,35501,original,8,0.2,6.0,inactive_logit,50,plus_group_stats,41,50,50
CHEMBL232,35501,original,8,0.2,6.0,inactive_logit,50,plus_group_evidence,40,50,50
CHEMBL232,35501,original,8,0.2,6.0,inactive_logit,50,full,41,50,50
CHEMBL232,35501,original,8,0.2,6.0,inactive_logit,50,score_cap1,40,50,50
CHEMBL232,35501,original,8,0.2,6.0,inactive_logit,75,full,57,75,75
CHEMBL232,35501,original,8,0.2,6.0,inactive_logit,75,score_cap1,56,75,75
CHEMBL232,35501,original,8,0.3,4.0,inactive_logit,20,full,16,20,20
CHEMBL232,35501,original,8,0.3,4.0,inactive_logit,20,score_cap1,16,20,20
CHEMBL232,35501,original,8,0.3,4.0,inactive_logit,40,full,34,40,40
CHEMBL232,35501,original,8,0.3,4.0,inactive_logit,40,score_cap1,32,40,40
CHEMBL232,35501,original,8,0.3,4.0,inactive_logit,50,score_only,38,50,50
CHEMBL232,35501,original,8,0.3,4.0,inactive_logit,50,plus_group_stats,39,50,50
CHEMBL232,35501,original,8,0.3,4.0,inactive_logit,50,plus_group_evidence,39,50,50
CHEMBL232,35501,original,8,0.3,4.0,inactive_logit,50,full,42,50,50
CHEMBL232,35501,original,8,0.3,4.0,inactive_logit,50,score_cap1,39,50,50
CHEMBL232,35501,original,8,0.3,4.0,inactive_logit,75,full,57,75,75
CHEMBL232,35501,original,8,0.3,4.0,inactive_logit,75,score_cap1,56,75,75
CHEMBL232,35501,original,8,0.3,6.0,inactive_logit,20,full,18,20,20
CHEMBL232,35501,original,8,0.3,6.0,inactive_logit,20,score_cap1,15,20,20
CHEMBL232,35501,original,8,0.3,6.0,inactive_logit,40,full,36,40,40
CHEMBL232,35501,original,8,0.3,6.0,inactive_logit,40,score_cap1,32,40,40
CHEMBL232,35501,original,8,0.3,6.0,inactive_logit,50,score_only,39,50,50
CHEMBL232,35501,original,8,0.3,6.0,inactive_logit,50,plus_group_stats,42,50,50
CHEMBL232,35501,original,8,0.3,6.0,inactive_logit,50,plus_group_evidence,42,50,50
CHEMBL232,35501,original,8,0.3,6.0,inactive_logit,50,full,43,50,50
CHEMBL232,35501,original,8,0.3,6.0,inactive_logit,50,score_cap1,39,50,50
CHEMBL232,35501,original,8,0.3,6.0,inactive_logit,75,full,59,75,75
CHEMBL232,35501,original,8,0.3,6.0,inactive_logit,75,score_cap1,56,75,75
CHEMBL232,35501,unseen,8,,,logit_b5,50,full,42,50,50
CHEMBL232,35501,unseen,8,,,logit_b5,50,score_only,40,50,50
CHEMBL232,35501,unseen,8,,,logit_b5,50,score_cap1,41,50,50
CHEMBL232,35501,unseen,8,,,logit_b7,50,full,43,50,50
CHEMBL232,35501,unseen,8,,,logit_b7,50,score_only,42,50,50
CHEMBL232,35501,unseen,8,,,logit_b7,50,score_cap1,40,50,50
CHEMBL232,35501,unseen,8,,,additive_inactive,50,full,41,50,50
CHEMBL232,35501,unseen,8,,,additive_inactive,50,score_only,42,50,50
CHEMBL232,35501,unseen,8,,,additive_inactive,50,score_cap1,42,50,50
CHEMBL232,35501,unseen,8,,,blockwide_logit,50,full,40,50,50
CHEMBL232,35501,unseen,8,,,blockwide_logit,50,score_only,40,50,50
CHEMBL232,35501,unseen,8,,,blockwide_logit,50,score_cap1,40,50,50
CHEMBL232,35501,unseen,8,,,heterogeneous_inactive,50,full,41,50,50
CHEMBL232,35501,unseen,8,,,heterogeneous_inactive,50,score_only,40,50,50
CHEMBL232,35501,unseen,8,,,heterogeneous_inactive,50,score_cap1,40,50,50
CHEMBL232,35501,original,9,0.2,4.0,inactive_logit,20,full,18,20,20
CHEMBL232,35501,original,9,0.2,4.0,inactive_logit,20,score_cap1,17,20,20
CHEMBL232,35501,original,9,0.2,4.0,inactive_logit,40,full,35,40,40
CHEMBL232,35501,original,9,0.2,4.0,inactive_logit,40,score_cap1,34,40,40
CHEMBL232,35501,original,9,0.2,4.0,inactive_logit,50,score_only,41,50,50
CHEMBL232,35501,original,9,0.2,4.0,inactive_logit,50,plus_group_stats,42,50,50
CHEMBL232,35501,original,9,0.2,4.0,inactive_logit,50,plus_group_evidence,41,50,50
CHEMBL232,35501,original,9,0.2,4.0,inactive_logit,50,full,41,50,50
CHEMBL232,35501,original,9,0.2,4.0,inactive_logit,50,score_cap1,41,50,50
CHEMBL232,35501,original,9,0.2,4.0,inactive_logit,75,full,56,75,75
CHEMBL232,35501,original,9,0.2,4.0,inactive_logit,75,score_cap1,56,75,75
CHEMBL232,35501,original,9,0.2,6.0,inactive_logit,20,full,19,20,20
CHEMBL232,35501,original,9,0.2,6.0,inactive_logit,20,score_cap1,15,20,20
CHEMBL232,35501,original,9,0.2,6.0,inactive_logit,40,full,36,40,40
CHEMBL232,35501,original,9,0.2,6.0,inactive_logit,40,score_cap1,34,40,40
CHEMBL232,35501,original,9,0.2,6.0,inactive_logit,50,score_only,41,50,50
CHEMBL232,35501,original,9,0.2,6.0,inactive_logit,50,plus_group_stats,43,50,50
CHEMBL232,35501,original,9,0.2,6.0,inactive_logit,50,plus_group_evidence,42,50,50
CHEMBL232,35501,original,9,0.2,6.0,inactive_logit,50,full,42,50,50
CHEMBL232,35501,original,9,0.2,6.0,inactive_logit,50,score_cap1,41,50,50
CHEMBL232,35501,original,9,0.2,6.0,inactive_logit,75,full,57,75,75
CHEMBL232,35501,original,9,0.2,6.0,inactive_logit,75,score_cap1,56,75,75
CHEMBL232,35501,original,9,0.3,4.0,inactive_logit,20,full,17,20,20
CHEMBL232,35501,original,9,0.3,4.0,inactive_logit,20,score_cap1,16,20,20
CHEMBL232,35501,original,9,0.3,4.0,inactive_logit,40,full,34,40,40
CHEMBL232,35501,original,9,0.3,4.0,inactive_logit,40,score_cap1,33,40,40
CHEMBL232,35501,original,9,0.3,4.0,inactive_logit,50,score_only,40,50,50
CHEMBL232,35501,original,9,0.3,4.0,inactive_logit,50,plus_group_stats,41,50,50
CHEMBL232,35501,original,9,0.3,4.0,inactive_logit,50,plus_group_evidence,41,50,50
CHEMBL232,35501,original,9,0.3,4.0,inactive_logit,50,full,41,50,50
CHEMBL232,35501,original,9,0.3,4.0,inactive_logit,50,score_cap1,40,50,50
CHEMBL232,35501,original,9,0.3,4.0,inactive_logit,75,full,56,75,75
CHEMBL232,35501,original,9,0.3,4.0,inactive_logit,75,score_cap1,56,75,75
CHEMBL232,35501,original,9,0.3,6.0,inactive_logit,20,full,19,20,20
CHEMBL232,35501,original,9,0.3,6.0,inactive_logit,20,score_cap1,15,20,20
CHEMBL232,35501,original,9,0.3,6.0,inactive_logit,40,full,36,40,40
CHEMBL232,35501,original,9,0.3,6.0,inactive_logit,40,score_cap1,33,40,40
CHEMBL232,35501,original,9,0.3,6.0,inactive_logit,50,score_only,40,50,50
CHEMBL232,35501,original,9,0.3,6.0,inactive_logit,50,plus_group_stats,43,50,50
CHEMBL232,35501,original,9,0.3,6.0,inactive_logit,50,plus_group_evidence,42,50,50
CHEMBL232,35501,original,9,0.3,6.0,inactive_logit,50,full,43,50,50
CHEMBL232,35501,original,9,0.3,6.0,inactive_logit,50,score_cap1,40,50,50
CHEMBL232,35501,original,9,0.3,6.0,inactive_logit,75,full,58,75,75
CHEMBL232,35501,original,9,0.3,6.0,inactive_logit,75,score_cap1,56,75,75
CHEMBL232,35501,unseen,9,,,logit_b5,50,full,42,50,50
CHEMBL232,35501,unseen,9,,,logit_b5,50,score_only,39,50,50
CHEMBL232,35501,unseen,9,,,logit_b5,50,score_cap1,40,50,50
CHEMBL232,35501,unseen,9,,,logit_b7,50,full,44,50,50
CHEMBL232,35501,unseen,9,,,logit_b7,50,score_only,43,50,50
CHEMBL232,35501,unseen,9,,,logit_b7,50,score_cap1,40,50,50
CHEMBL232,35501,unseen,9,,,additive_inactive,50,full,41,50,50
CHEMBL232,35501,unseen,9,,,additive_inactive,50,score_only,42,50,50
CHEMBL232,35501,unseen,9,,,additive_inactive,50,score_cap1,42,50,50
CHEMBL232,35501,unseen,9,,,blockwide_logit,50,full,42,50,50
CHEMBL232,35501,unseen,9,,,blockwide_logit,50,score_only,40,50,50
CHEMBL232,35501,unseen,9,,,blockwide_logit,50,score_cap1,40,50,50
CHEMBL232,35501,unseen,9,,,heterogeneous_inactive,50,full,41,50,50
CHEMBL232,35501,unseen,9,,,heterogeneous_inactive,50,score_only,39,50,50
CHEMBL232,35501,unseen,9,,,heterogeneous_inactive,50,score_cap1,39,50,50
CHEMBL234,35501,original,0,0.2,4.0,inactive_logit,20,full,19,20,20
CHEMBL234,35501,original,0,0.2,4.0,inactive_logit,20,score_cap1,18,20,20
CHEMBL234,35501,original,0,0.2,4.0,inactive_logit,40,full,38,40,40
CHEMBL234,35501,original,0,0.2,4.0,inactive_logit,40,score_cap1,38,40,40
CHEMBL234,35501,original,0,0.2,4.0,inactive_logit,50,score_only,47,50,50
CHEMBL234,35501,original,0,0.2,4.0,inactive_logit,50,plus_group_stats,48,50,50
CHEMBL234,35501,original,0,0.2,4.0,inactive_logit,50,plus_group_evidence,48,50,50
CHEMBL234,35501,original,0,0.2,4.0,inactive_logit,50,full,48,50,50
CHEMBL234,35501,original,0,0.2,4.0,inactive_logit,50,score_cap1,48,50,50
CHEMBL234,35501,original,0,0.2,4.0,inactive_logit,75,full,71,75,75
CHEMBL234,35501,original,0,0.2,4.0,inactive_logit,75,score_cap1,71,75,75
CHEMBL234,35501,original,0,0.2,6.0,inactive_logit,20,full,19,20,20
CHEMBL234,35501,original,0,0.2,6.0,inactive_logit,20,score_cap1,17,20,20
CHEMBL234,35501,original,0,0.2,6.0,inactive_logit,40,full,38,40,40
CHEMBL234,35501,original,0,0.2,6.0,inactive_logit,40,score_cap1,37,40,40
CHEMBL234,35501,original,0,0.2,6.0,inactive_logit,50,score_only,48,50,50
CHEMBL234,35501,original,0,0.2,6.0,inactive_logit,50,plus_group_stats,48,50,50
CHEMBL234,35501,original,0,0.2,6.0,inactive_logit,50,plus_group_evidence,48,50,50
CHEMBL234,35501,original,0,0.2,6.0,inactive_logit,50,full,48,50,50
CHEMBL234,35501,original,0,0.2,6.0,inactive_logit,50,score_cap1,47,50,50
CHEMBL234,35501,original,0,0.2,6.0,inactive_logit,75,full,72,75,75
CHEMBL234,35501,original,0,0.2,6.0,inactive_logit,75,score_cap1,71,75,75
CHEMBL234,35501,original,0,0.3,4.0,inactive_logit,20,full,19,20,20
CHEMBL234,35501,original,0,0.3,4.0,inactive_logit,20,score_cap1,19,20,20
CHEMBL234,35501,original,0,0.3,4.0,inactive_logit,40,full,38,40,40
CHEMBL234,35501,original,0,0.3,4.0,inactive_logit,40,score_cap1,39,40,40
CHEMBL234,35501,original,0,0.3,4.0,inactive_logit,50,score_only,48,50,50
CHEMBL234,35501,original,0,0.3,4.0,inactive_logit,50,plus_group_stats,48,50,50
CHEMBL234,35501,original,0,0.3,4.0,inactive_logit,50,plus_group_evidence,48,50,50
CHEMBL234,35501,original,0,0.3,4.0,inactive_logit,50,full,48,50,50
CHEMBL234,35501,original,0,0.3,4.0,inactive_logit,50,score_cap1,49,50,50
CHEMBL234,35501,original,0,0.3,4.0,inactive_logit,75,full,70,75,75
CHEMBL234,35501,original,0,0.3,4.0,inactive_logit,75,score_cap1,71,75,75
CHEMBL234,35501,original,0,0.3,6.0,inactive_logit,20,full,19,20,20
CHEMBL234,35501,original,0,0.3,6.0,inactive_logit,20,score_cap1,16,20,20
CHEMBL234,35501,original,0,0.3,6.0,inactive_logit,40,full,38,40,40
CHEMBL234,35501,original,0,0.3,6.0,inactive_logit,40,score_cap1,36,40,40
CHEMBL234,35501,original,0,0.3,6.0,inactive_logit,50,score_only,48,50,50
CHEMBL234,35501,original,0,0.3,6.0,inactive_logit,50,plus_group_stats,48,50,50
CHEMBL234,35501,original,0,0.3,6.0,inactive_logit,50,plus_group_evidence,48,50,50
CHEMBL234,35501,original,0,0.3,6.0,inactive_logit,50,full,48,50,50
CHEMBL234,35501,original,0,0.3,6.0,inactive_logit,50,score_cap1,46,50,50
CHEMBL234,35501,original,0,0.3,6.0,inactive_logit,75,full,71,75,75
CHEMBL234,35501,original,0,0.3,6.0,inactive_logit,75,score_cap1,70,75,75
CHEMBL234,35501,unseen,0,,,logit_b5,50,full,48,50,50
CHEMBL234,35501,unseen,0,,,logit_b5,50,score_only,48,50,50
CHEMBL234,35501,unseen,0,,,logit_b5,50,score_cap1,48,50,50
CHEMBL234,35501,unseen,0,,,logit_b7,50,full,48,50,50
CHEMBL234,35501,unseen,0,,,logit_b7,50,score_only,48,50,50
CHEMBL234,35501,unseen,0,,,logit_b7,50,score_cap1,46,50,50
CHEMBL234,35501,unseen,0,,,additive_inactive,50,full,48,50,50
CHEMBL234,35501,unseen,0,,,additive_inactive,50,score_only,48,50,50
CHEMBL234,35501,unseen,0,,,additive_inactive,50,score_cap1,49,50,50
CHEMBL234,35501,unseen,0,,,blockwide_logit,50,full,48,50,50
CHEMBL234,35501,unseen,0,,,blockwide_logit,50,score_only,48,50,50
CHEMBL234,35501,unseen,0,,,blockwide_logit,50,score_cap1,47,50,50
CHEMBL234,35501,unseen,0,,,heterogeneous_inactive,50,full,48,50,50
CHEMBL234,35501,unseen,0,,,heterogeneous_inactive,50,score_only,48,50,50
CHEMBL234,35501,unseen,0,,,heterogeneous_inactive,50,score_cap1,47,50,50
CHEMBL234,35501,original,1,0.2,4.0,inactive_logit,20,full,19,20,20
CHEMBL234,35501,original,1,0.2,4.0,inactive_logit,20,score_cap1,19,20,20
CHEMBL234,35501,original,1,0.2,4.0,inactive_logit,40,full,38,40,40
CHEMBL234,35501,original,1,0.2,4.0,inactive_logit,40,score_cap1,39,40,40
CHEMBL234,35501,original,1,0.2,4.0,inactive_logit,50,score_only,48,50,50
CHEMBL234,35501,original,1,0.2,4.0,inactive_logit,50,plus_group_stats,48,50,50
CHEMBL234,35501,original,1,0.2,4.0,inactive_logit,50,plus_group_evidence,48,50,50
CHEMBL234,35501,original,1,0.2,4.0,inactive_logit,50,full,48,50,50
CHEMBL234,35501,original,1,0.2,4.0,inactive_logit,50,score_cap1,49,50,50
CHEMBL234,35501,original,1,0.2,4.0,inactive_logit,75,full,71,75,75
CHEMBL234,35501,original,1,0.2,4.0,inactive_logit,75,score_cap1,72,75,75
CHEMBL234,35501,original,1,0.2,6.0,inactive_logit,20,full,19,20,20
CHEMBL234,35501,original,1,0.2,6.0,inactive_logit,20,score_cap1,17,20,20
CHEMBL234,35501,original,1,0.2,6.0,inactive_logit,40,full,38,40,40
CHEMBL234,35501,original,1,0.2,6.0,inactive_logit,40,score_cap1,37,40,40
CHEMBL234,35501,original,1,0.2,6.0,inactive_logit,50,score_only,48,50,50
CHEMBL234,35501,original,1,0.2,6.0,inactive_logit,50,plus_group_stats,48,50,50
CHEMBL234,35501,original,1,0.2,6.0,inactive_logit,50,plus_group_evidence,48,50,50
CHEMBL234,35501,original,1,0.2,6.0,inactive_logit,50,full,48,50,50
CHEMBL234,35501,original,1,0.2,6.0,inactive_logit,50,score_cap1,47,50,50
CHEMBL234,35501,original,1,0.2,6.0,inactive_logit,75,full,71,75,75
CHEMBL234,35501,original,1,0.2,6.0,inactive_logit,75,score_cap1,71,75,75
CHEMBL234,35501,original,1,0.3,4.0,inactive_logit,20,full,19,20,20
CHEMBL234,35501,original,1,0.3,4.0,inactive_logit,20,score_cap1,18,20,20
CHEMBL234,35501,original,1,0.3,4.0,inactive_logit,40,full,38,40,40
CHEMBL234,35501,original,1,0.3,4.0,inactive_logit,40,score_cap1,38,40,40
CHEMBL234,35501,original,1,0.3,4.0,inactive_logit,50,score_only,48,50,50
CHEMBL234,35501,original,1,0.3,4.0,inactive_logit,50,plus_group_stats,48,50,50
CHEMBL234,35501,original,1,0.3,4.0,inactive_logit,50,plus_group_evidence,48,50,50
CHEMBL234,35501,original,1,0.3,4.0,inactive_logit,50,full,48,50,50
CHEMBL234,35501,original,1,0.3,4.0,inactive_logit,50,score_cap1,48,50,50
CHEMBL234,35501,original,1,0.3,4.0,inactive_logit,75,full,71,75,75
CHEMBL234,35501,original,1,0.3,4.0,inactive_logit,75,score_cap1,71,75,75
CHEMBL234,35501,original,1,0.3,6.0,inactive_logit,20,full,19,20,20
CHEMBL234,35501,original,1,0.3,6.0,inactive_logit,20,score_cap1,17,20,20
CHEMBL234,35501,original,1,0.3,6.0,inactive_logit,40,full,38,40,40
CHEMBL234,35501,original,1,0.3,6.0,inactive_logit,40,score_cap1,37,40,40
CHEMBL234,35501,original,1,0.3,6.0,inactive_logit,50,score_only,46,50,50
CHEMBL234,35501,original,1,0.3,6.0,inactive_logit,50,plus_group_stats,48,50,50
CHEMBL234,35501,original,1,0.3,6.0,inactive_logit,50,plus_group_evidence,48,50,50
CHEMBL234,35501,original,1,0.3,6.0,inactive_logit,50,full,48,50,50
CHEMBL234,35501,original,1,0.3,6.0,inactive_logit,50,score_cap1,46,50,50
CHEMBL234,35501,original,1,0.3,6.0,inactive_logit,75,full,71,75,75
CHEMBL234,35501,original,1,0.3,6.0,inactive_logit,75,score_cap1,70,75,75
CHEMBL234,35501,unseen,1,,,logit_b5,50,full,48,50,50
CHEMBL234,35501,unseen,1,,,logit_b5,50,score_only,47,50,50
CHEMBL234,35501,unseen,1,,,logit_b5,50,score_cap1,47,50,50
CHEMBL234,35501,unseen,1,,,logit_b7,50,full,48,50,50
CHEMBL234,35501,unseen,1,,,logit_b7,50,score_only,48,50,50
CHEMBL234,35501,unseen,1,,,logit_b7,50,score_cap1,46,50,50
CHEMBL234,35501,unseen,1,,,additive_inactive,50,full,48,50,50
CHEMBL234,35501,unseen,1,,,additive_inactive,50,score_only,48,50,50
CHEMBL234,35501,unseen,1,,,additive_inactive,50,score_cap1,49,50,50
CHEMBL234,35501,unseen,1,,,blockwide_logit,50,full,48,50,50
CHEMBL234,35501,unseen,1,,,blockwide_logit,50,score_only,48,50,50
CHEMBL234,35501,unseen,1,,,blockwide_logit,50,score_cap1,49,50,50
CHEMBL234,35501,unseen,1,,,heterogeneous_inactive,50,full,48,50,50
CHEMBL234,35501,unseen,1,,,heterogeneous_inactive,50,score_only,48,50,50
CHEMBL234,35501,unseen,1,,,heterogeneous_inactive,50,score_cap1,47,50,50
CHEMBL234,35501,original,2,0.2,4.0,inactive_logit,20,full,19,20,20
CHEMBL234,35501,original,2,0.2,4.0,inactive_logit,20,score_cap1,18,20,20
CHEMBL234,35501,original,2,0.2,4.0,inactive_logit,40,full,38,40,40
CHEMBL234,35501,original,2,0.2,4.0,inactive_logit,40,score_cap1,38,40,40
CHEMBL234,35501,original,2,0.2,4.0,inactive_logit,50,score_only,48,50,50
CHEMBL234,35501,original,2,0.2,4.0,inactive_logit,50,plus_group_stats,48,50,50
CHEMBL234,35501,original,2,0.2,4.0,inactive_logit,50,plus_group_evidence,48,50,50
CHEMBL234,35501,original,2,0.2,4.0,inactive_logit,50,full,48,50,50
CHEMBL234,35501,original,2,0.2,4.0,inactive_logit,50,score_cap1,48,50,50
CHEMBL234,35501,original,2,0.2,4.0,inactive_logit,75,full,71,75,75
CHEMBL234,35501,original,2,0.2,4.0,inactive_logit,75,score_cap1,71,75,75
CHEMBL234,35501,original,2,0.2,6.0,inactive_logit,20,full,19,20,20
CHEMBL234,35501,original,2,0.2,6.0,inactive_logit,20,score_cap1,17,20,20
CHEMBL234,35501,original,2,0.2,6.0,inactive_logit,40,full,38,40,40
CHEMBL234,35501,original,2,0.2,6.0,inactive_logit,40,score_cap1,37,40,40
CHEMBL234,35501,original,2,0.2,6.0,inactive_logit,50,score_only,47,50,50
CHEMBL234,35501,original,2,0.2,6.0,inactive_logit,50,plus_group_stats,48,50,50
CHEMBL234,35501,original,2,0.2,6.0,inactive_logit,50,plus_group_evidence,48,50,50
CHEMBL234,35501,original,2,0.2,6.0,inactive_logit,50,full,48,50,50
CHEMBL234,35501,original,2,0.2,6.0,inactive_logit,50,score_cap1,47,50,50
CHEMBL234,35501,original,2,0.2,6.0,inactive_logit,75,full,72,75,75
CHEMBL234,35501,original,2,0.2,6.0,inactive_logit,75,score_cap1,71,75,75
CHEMBL234,35501,original,2,0.3,4.0,inactive_logit,20,full,19,20,20
CHEMBL234,35501,original,2,0.3,4.0,inactive_logit,20,score_cap1,18,20,20
CHEMBL234,35501,original,2,0.3,4.0,inactive_logit,40,full,38,40,40
CHEMBL234,35501,original,2,0.3,4.0,inactive_logit,40,score_cap1,38,40,40
CHEMBL234,35501,original,2,0.3,4.0,inactive_logit,50,score_only,48,50,50
CHEMBL234,35501,original,2,0.3,4.0,inactive_logit,50,plus_group_stats,48,50,50
CHEMBL234,35501,original,2,0.3,4.0,inactive_logit,50,plus_group_evidence,48,50,50
CHEMBL234,35501,original,2,0.3,4.0,inactive_logit,50,full,48,50,50
CHEMBL234,35501,original,2,0.3,4.0,inactive_logit,50,score_cap1,48,50,50
CHEMBL234,35501,original,2,0.3,4.0,inactive_logit,75,full,71,75,75
CHEMBL234,35501,original,2,0.3,4.0,inactive_logit,75,score_cap1,71,75,75
CHEMBL234,35501,original,2,0.3,6.0,inactive_logit,20,full,19,20,20
CHEMBL234,35501,original,2,0.3,6.0,inactive_logit,20,score_cap1,16,20,20
CHEMBL234,35501,original,2,0.3,6.0,inactive_logit,40,full,38,40,40
CHEMBL234,35501,original,2,0.3,6.0,inactive_logit,40,score_cap1,36,40,40
CHEMBL234,35501,original,2,0.3,6.0,inactive_logit,50,score_only,47,50,50
CHEMBL234,35501,original,2,0.3,6.0,inactive_logit,50,plus_group_stats,48,50,50
CHEMBL234,35501,original,2,0.3,6.0,inactive_logit,50,plus_group_evidence,48,50,50
CHEMBL234,35501,original,2,0.3,6.0,inactive_logit,50,full,48,50,50
CHEMBL234,35501,original,2,0.3,6.0,inactive_logit,50,score_cap1,46,50,50
CHEMBL234,35501,original,2,0.3,6.0,inactive_logit,75,full,71,75,75
CHEMBL234,35501,original,2,0.3,6.0,inactive_logit,75,score_cap1,70,75,75
CHEMBL234,35501,unseen,2,,,logit_b5,50,full,48,50,50
CHEMBL234,35501,unseen,2,,,logit_b5,50,score_only,47,50,50
CHEMBL234,35501,unseen,2,,,logit_b5,50,score_cap1,47,50,50
CHEMBL234,35501,unseen,2,,,logit_b7,50,full,48,50,50
CHEMBL234,35501,unseen,2,,,logit_b7,50,score_only,48,50,50
CHEMBL234,35501,unseen,2,,,logit_b7,50,score_cap1,46,50,50
CHEMBL234,35501,unseen,2,,,additive_inactive,50,full,48,50,50
CHEMBL234,35501,unseen,2,,,additive_inactive,50,score_only,48,50,50
CHEMBL234,35501,unseen,2,,,additive_inactive,50,score_cap1,49,50,50
CHEMBL234,35501,unseen,2,,,blockwide_logit,50,full,48,50,50
CHEMBL234,35501,unseen,2,,,blockwide_logit,50,score_only,48,50,50
CHEMBL234,35501,unseen,2,,,blockwide_logit,50,score_cap1,49,50,50
CHEMBL234,35501,unseen,2,,,heterogeneous_inactive,50,full,48,50,50
CHEMBL234,35501,unseen,2,,,heterogeneous_inactive,50,score_only,48,50,50
CHEMBL234,35501,unseen,2,,,heterogeneous_inactive,50,score_cap1,48,50,50
CHEMBL234,35501,original,3,0.2,4.0,inactive_logit,20,full,19,20,20
CHEMBL234,35501,original,3,0.2,4.0,inactive_logit,20,score_cap1,18,20,20
CHEMBL234,35501,original,3,0.2,4.0,inactive_logit,40,full,38,40,40
CHEMBL234,35501,original,3,0.2,4.0,inactive_logit,40,score_cap1,38,40,40
CHEMBL234,35501,original,3,0.2,4.0,inactive_logit,50,score_only,48,50,50
CHEMBL234,35501,original,3,0.2,4.0,inactive_logit,50,plus_group_stats,48,50,50
CHEMBL234,35501,original,3,0.2,4.0,inactive_logit,50,plus_group_evidence,48,50,50
CHEMBL234,35501,original,3,0.2,4.0,inactive_logit,50,full,48,50,50
CHEMBL234,35501,original,3,0.2,4.0,inactive_logit,50,score_cap1,48,50,50
CHEMBL234,35501,original,3,0.2,4.0,inactive_logit,75,full,71,75,75
CHEMBL234,35501,original,3,0.2,4.0,inactive_logit,75,score_cap1,71,75,75
CHEMBL234,35501,original,3,0.2,6.0,inactive_logit,20,full,19,20,20
CHEMBL234,35501,original,3,0.2,6.0,inactive_logit,20,score_cap1,17,20,20
CHEMBL234,35501,original,3,0.2,6.0,inactive_logit,40,full,38,40,40
CHEMBL234,35501,original,3,0.2,6.0,inactive_logit,40,score_cap1,37,40,40
CHEMBL234,35501,original,3,0.2,6.0,inactive_logit,50,score_only,48,50,50
CHEMBL234,35501,original,3,0.2,6.0,inactive_logit,50,plus_group_stats,48,50,50
CHEMBL234,35501,original,3,0.2,6.0,inactive_logit,50,plus_group_evidence,48,50,50
CHEMBL234,35501,original,3,0.2,6.0,inactive_logit,50,full,48,50,50
CHEMBL234,35501,original,3,0.2,6.0,inactive_logit,50,score_cap1,47,50,50
CHEMBL234,35501,original,3,0.2,6.0,inactive_logit,75,full,72,75,75
CHEMBL234,35501,original,3,0.2,6.0,inactive_logit,75,score_cap1,71,75,75
CHEMBL234,35501,original,3,0.3,4.0,inactive_logit,20,full,19,20,20
CHEMBL234,35501,original,3,0.3,4.0,inactive_logit,20,score_cap1,19,20,20
CHEMBL234,35501,original,3,0.3,4.0,inactive_logit,40,full,38,40,40
CHEMBL234,35501,original,3,0.3,4.0,inactive_logit,40,score_cap1,39,40,40
CHEMBL234,35501,original,3,0.3,4.0,inactive_logit,50,score_only,48,50,50
CHEMBL234,35501,original,3,0.3,4.0,inactive_logit,50,plus_group_stats,48,50,50
CHEMBL234,35501,original,3,0.3,4.0,inactive_logit,50,plus_group_evidence,48,50,50
CHEMBL234,35501,original,3,0.3,4.0,inactive_logit,50,full,48,50,50
CHEMBL234,35501,original,3,0.3,4.0,inactive_logit,50,score_cap1,49,50,50
CHEMBL234,35501,original,3,0.3,4.0,inactive_logit,75,full,71,75,75
CHEMBL234,35501,original,3,0.3,4.0,inactive_logit,75,score_cap1,72,75,75
CHEMBL234,35501,original,3,0.3,6.0,inactive_logit,20,full,19,20,20
CHEMBL234,35501,original,3,0.3,6.0,inactive_logit,20,score_cap1,18,20,20
CHEMBL234,35501,original,3,0.3,6.0,inactive_logit,40,full,38,40,40
CHEMBL234,35501,original,3,0.3,6.0,inactive_logit,40,score_cap1,37,40,40
CHEMBL234,35501,original,3,0.3,6.0,inactive_logit,50,score_only,46,50,50
CHEMBL234,35501,original,3,0.3,6.0,inactive_logit,50,plus_group_stats,48,50,50
CHEMBL234,35501,original,3,0.3,6.0,inactive_logit,50,plus_group_evidence,48,50,50
CHEMBL234,35501,original,3,0.3,6.0,inactive_logit,50,full,48,50,50
CHEMBL234,35501,original,3,0.3,6.0,inactive_logit,50,score_cap1,46,50,50
CHEMBL234,35501,original,3,0.3,6.0,inactive_logit,75,full,71,75,75
CHEMBL234,35501,original,3,0.3,6.0,inactive_logit,75,score_cap1,70,75,75
CHEMBL234,35501,unseen,3,,,logit_b5,50,full,48,50,50
CHEMBL234,35501,unseen,3,,,logit_b5,50,score_only,48,50,50
CHEMBL234,35501,unseen,3,,,logit_b5,50,score_cap1,48,50,50
CHEMBL234,35501,unseen,3,,,logit_b7,50,full,48,50,50
CHEMBL234,35501,unseen,3,,,logit_b7,50,score_only,48,50,50
CHEMBL234,35501,unseen,3,,,logit_b7,50,score_cap1,46,50,50
CHEMBL234,35501,unseen,3,,,additive_inactive,50,full,48,50,50
CHEMBL234,35501,unseen,3,,,additive_inactive,50,score_only,48,50,50
CHEMBL234,35501,unseen,3,,,additive_inactive,50,score_cap1,49,50,50
CHEMBL234,35501,unseen,3,,,blockwide_logit,50,full,48,50,50
CHEMBL234,35501,unseen,3,,,blockwide_logit,50,score_only,48,50,50
CHEMBL234,35501,unseen,3,,,blockwide_logit,50,score_cap1,49,50,50
CHEMBL234,35501,unseen,3,,,heterogeneous_inactive,50,full,48,50,50
CHEMBL234,35501,unseen,3,,,heterogeneous_inactive,50,score_only,48,50,50
CHEMBL234,35501,unseen,3,,,heterogeneous_inactive,50,score_cap1,47,50,50
CHEMBL234,35501,original,4,0.2,4.0,inactive_logit,20,full,19,20,20
CHEMBL234,35501,original,4,0.2,4.0,inactive_logit,20,score_cap1,18,20,20
CHEMBL234,35501,original,4,0.2,4.0,inactive_logit,40,full,38,40,40
CHEMBL234,35501,original,4,0.2,4.0,inactive_logit,40,score_cap1,38,40,40
CHEMBL234,35501,original,4,0.2,4.0,inactive_logit,50,score_only,48,50,50
CHEMBL234,35501,original,4,0.2,4.0,inactive_logit,50,plus_group_stats,48,50,50
CHEMBL234,35501,original,4,0.2,4.0,inactive_logit,50,plus_group_evidence,48,50,50
CHEMBL234,35501,original,4,0.2,4.0,inactive_logit,50,full,48,50,50
CHEMBL234,35501,original,4,0.2,4.0,inactive_logit,50,score_cap1,48,50,50
CHEMBL234,35501,original,4,0.2,4.0,inactive_logit,75,full,72,75,75
CHEMBL234,35501,original,4,0.2,4.0,inactive_logit,75,score_cap1,72,75,75
CHEMBL234,35501,original,4,0.2,6.0,inactive_logit,20,full,19,20,20
CHEMBL234,35501,original,4,0.2,6.0,inactive_logit,20,score_cap1,17,20,20
CHEMBL234,35501,original,4,0.2,6.0,inactive_logit,40,full,38,40,40
CHEMBL234,35501,original,4,0.2,6.0,inactive_logit,40,score_cap1,37,40,40
CHEMBL234,35501,original,4,0.2,6.0,inactive_logit,50,score_only,48,50,50
CHEMBL234,35501,original,4,0.2,6.0,inactive_logit,50,plus_group_stats,48,50,50
CHEMBL234,35501,original,4,0.2,6.0,inactive_logit,50,plus_group_evidence,48,50,50
CHEMBL234,35501,original,4,0.2,6.0,inactive_logit,50,full,48,50,50
CHEMBL234,35501,original,4,0.2,6.0,inactive_logit,50,score_cap1,47,50,50
CHEMBL234,35501,original,4,0.2,6.0,inactive_logit,75,full,71,75,75
CHEMBL234,35501,original,4,0.2,6.0,inactive_logit,75,score_cap1,71,75,75
CHEMBL234,35501,original,4,0.3,4.0,inactive_logit,20,full,19,20,20
CHEMBL234,35501,original,4,0.3,4.0,inactive_logit,20,score_cap1,19,20,20
CHEMBL234,35501,original,4,0.3,4.0,inactive_logit,40,full,38,40,40
CHEMBL234,35501,original,4,0.3,4.0,inactive_logit,40,score_cap1,39,40,40
CHEMBL234,35501,original,4,0.3,4.0,inactive_logit,50,score_only,47,50,50
CHEMBL234,35501,original,4,0.3,4.0,inactive_logit,50,plus_group_stats,48,50,50
CHEMBL234,35501,original,4,0.3,4.0,inactive_logit,50,plus_group_evidence,48,50,50
CHEMBL234,35501,original,4,0.3,4.0,inactive_logit,50,full,48,50,50
CHEMBL234,35501,original,4,0.3,4.0,inactive_logit,50,score_cap1,49,50,50
CHEMBL234,35501,original,4,0.3,4.0,inactive_logit,75,full,70,75,75
CHEMBL234,35501,original,4,0.3,4.0,inactive_logit,75,score_cap1,71,75,75
CHEMBL234,35501,original,4,0.3,6.0,inactive_logit,20,full,19,20,20
CHEMBL234,35501,original,4,0.3,6.0,inactive_logit,20,score_cap1,16,20,20
CHEMBL234,35501,original,4,0.3,6.0,inactive_logit,40,full,38,40,40
CHEMBL234,35501,original,4,0.3,6.0,inactive_logit,40,score_cap1,36,40,40
CHEMBL234,35501,original,4,0.3,6.0,inactive_logit,50,score_only,47,50,50
CHEMBL234,35501,original,4,0.3,6.0,inactive_logit,50,plus_group_stats,48,50,50
CHEMBL234,35501,original,4,0.3,6.0,inactive_logit,50,plus_group_evidence,48,50,50
CHEMBL234,35501,original,4,0.3,6.0,inactive_logit,50,full,48,50,50
CHEMBL234,35501,original,4,0.3,6.0,inactive_logit,50,score_cap1,46,50,50
CHEMBL234,35501,original,4,0.3,6.0,inactive_logit,75,full,72,75,75
CHEMBL234,35501,original,4,0.3,6.0,inactive_logit,75,score_cap1,70,75,75
CHEMBL234,35501,unseen,4,,,logit_b5,50,full,48,50,50
CHEMBL234,35501,unseen,4,,,logit_b5,50,score_only,47,50,50
CHEMBL234,35501,unseen,4,,,logit_b5,50,score_cap1,47,50,50
CHEMBL234,35501,unseen,4,,,logit_b7,50,full,48,50,50
CHEMBL234,35501,unseen,4,,,logit_b7,50,score_only,47,50,50
CHEMBL234,35501,unseen,4,,,logit_b7,50,score_cap1,46,50,50
CHEMBL234,35501,unseen,4,,,additive_inactive,50,full,48,50,50
CHEMBL234,35501,unseen,4,,,additive_inactive,50,score_only,48,50,50
CHEMBL234,35501,unseen,4,,,additive_inactive,50,score_cap1,49,50,50
CHEMBL234,35501,unseen,4,,,blockwide_logit,50,full,48,50,50
CHEMBL234,35501,unseen,4,,,blockwide_logit,50,score_only,48,50,50
CHEMBL234,35501,unseen,4,,,blockwide_logit,50,score_cap1,49,50,50
CHEMBL234,35501,unseen,4,,,heterogeneous_inactive,50,full,48,50,50
CHEMBL234,35501,unseen,4,,,heterogeneous_inactive,50,score_only,48,50,50
CHEMBL234,35501,unseen,4,,,heterogeneous_inactive,50,score_cap1,47,50,50
CHEMBL234,35501,original,5,0.2,4.0,inactive_logit,20,full,19,20,20
CHEMBL234,35501,original,5,0.2,4.0,inactive_logit,20,score_cap1,18,20,20
CHEMBL234,35501,original,5,0.2,4.0,inactive_logit,40,full,38,40,40
CHEMBL234,35501,original,5,0.2,4.0,inactive_logit,40,score_cap1,38,40,40
CHEMBL234,35501,original,5,0.2,4.0,inactive_logit,50,score_only,48,50,50
CHEMBL234,35501,original,5,0.2,4.0,inactive_logit,50,plus_group_stats,48,50,50
CHEMBL234,35501,original,5,0.2,4.0,inactive_logit,50,plus_group_evidence,48,50,50
CHEMBL234,35501,original,5,0.2,4.0,inactive_logit,50,full,48,50,50
CHEMBL234,35501,original,5,0.2,4.0,inactive_logit,50,score_cap1,48,50,50
CHEMBL234,35501,original,5,0.2,4.0,inactive_logit,75,full,71,75,75
CHEMBL234,35501,original,5,0.2,4.0,inactive_logit,75,score_cap1,71,75,75
CHEMBL234,35501,original,5,0.2,6.0,inactive_logit,20,full,19,20,20
CHEMBL234,35501,original,5,0.2,6.0,inactive_logit,20,score_cap1,17,20,20
CHEMBL234,35501,original,5,0.2,6.0,inactive_logit,40,full,38,40,40
CHEMBL234,35501,original,5,0.2,6.0,inactive_logit,40,score_cap1,37,40,40
CHEMBL234,35501,original,5,0.2,6.0,inactive_logit,50,score_only,48,50,50
CHEMBL234,35501,original,5,0.2,6.0,inactive_logit,50,plus_group_stats,48,50,50
CHEMBL234,35501,original,5,0.2,6.0,inactive_logit,50,plus_group_evidence,48,50,50
CHEMBL234,35501,original,5,0.2,6.0,inactive_logit,50,full,48,50,50
CHEMBL234,35501,original,5,0.2,6.0,inactive_logit,50,score_cap1,47,50,50
CHEMBL234,35501,original,5,0.2,6.0,inactive_logit,75,full,72,75,75
CHEMBL234,35501,original,5,0.2,6.0,inactive_logit,75,score_cap1,71,75,75
CHEMBL234,35501,original,5,0.3,4.0,inactive_logit,20,full,19,20,20
CHEMBL234,35501,original,5,0.3,4.0,inactive_logit,20,score_cap1,18,20,20
CHEMBL234,35501,original,5,0.3,4.0,inactive_logit,40,full,38,40,40
CHEMBL234,35501,original,5,0.3,4.0,inactive_logit,40,score_cap1,38,40,40
CHEMBL234,35501,original,5,0.3,4.0,inactive_logit,50,score_only,46,50,50
CHEMBL234,35501,original,5,0.3,4.0,inactive_logit,50,plus_group_stats,48,50,50
CHEMBL234,35501,original,5,0.3,4.0,inactive_logit,50,plus_group_evidence,48,50,50
CHEMBL234,35501,original,5,0.3,4.0,inactive_logit,50,full,48,50,50
CHEMBL234,35501,original,5,0.3,4.0,inactive_logit,50,score_cap1,48,50,50
CHEMBL234,35501,original,5,0.3,4.0,inactive_logit,75,full,70,75,75
CHEMBL234,35501,original,5,0.3,4.0,inactive_logit,75,score_cap1,70,75,75
CHEMBL234,35501,original,5,0.3,6.0,inactive_logit,20,full,19,20,20
CHEMBL234,35501,original,5,0.3,6.0,inactive_logit,20,score_cap1,16,20,20
CHEMBL234,35501,original,5,0.3,6.0,inactive_logit,40,full,38,40,40
CHEMBL234,35501,original,5,0.3,6.0,inactive_logit,40,score_cap1,36,40,40
CHEMBL234,35501,original,5,0.3,6.0,inactive_logit,50,score_only,48,50,50
CHEMBL234,35501,original,5,0.3,6.0,inactive_logit,50,plus_group_stats,48,50,50
CHEMBL234,35501,original,5,0.3,6.0,inactive_logit,50,plus_group_evidence,48,50,50
CHEMBL234,35501,original,5,0.3,6.0,inactive_logit,50,full,48,50,50
CHEMBL234,35501,original,5,0.3,6.0,inactive_logit,50,score_cap1,46,50,50
CHEMBL234,35501,original,5,0.3,6.0,inactive_logit,75,full,72,75,75
CHEMBL234,35501,original,5,0.3,6.0,inactive_logit,75,score_cap1,70,75,75
CHEMBL234,35501,unseen,5,,,logit_b5,50,full,48,50,50
CHEMBL234,35501,unseen,5,,,logit_b5,50,score_only,48,50,50
CHEMBL234,35501,unseen,5,,,logit_b5,50,score_cap1,48,50,50
CHEMBL234,35501,unseen,5,,,logit_b7,50,full,48,50,50
CHEMBL234,35501,unseen,5,,,logit_b7,50,score_only,48,50,50
CHEMBL234,35501,unseen,5,,,logit_b7,50,score_cap1,46,50,50
CHEMBL234,35501,unseen,5,,,additive_inactive,50,full,48,50,50
CHEMBL234,35501,unseen,5,,,additive_inactive,50,score_only,48,50,50
CHEMBL234,35501,unseen,5,,,additive_inactive,50,score_cap1,49,50,50
CHEMBL234,35501,unseen,5,,,blockwide_logit,50,full,48,50,50
CHEMBL234,35501,unseen,5,,,blockwide_logit,50,score_only,48,50,50
CHEMBL234,35501,unseen,5,,,blockwide_logit,50,score_cap1,48,50,50
CHEMBL234,35501,unseen,5,,,heterogeneous_inactive,50,full,48,50,50
CHEMBL234,35501,unseen,5,,,heterogeneous_inactive,50,score_only,48,50,50
CHEMBL234,35501,unseen,5,,,heterogeneous_inactive,50,score_cap1,47,50,50
CHEMBL234,35501,original,6,0.2,4.0,inactive_logit,20,full,19,20,20
CHEMBL234,35501,original,6,0.2,4.0,inactive_logit,20,score_cap1,19,20,20
CHEMBL234,35501,original,6,0.2,4.0,inactive_logit,40,full,38,40,40
CHEMBL234,35501,original,6,0.2,4.0,inactive_logit,40,score_cap1,39,40,40
CHEMBL234,35501,original,6,0.2,4.0,inactive_logit,50,score_only,48,50,50
CHEMBL234,35501,original,6,0.2,4.0,inactive_logit,50,plus_group_stats,48,50,50
CHEMBL234,35501,original,6,0.2,4.0,inactive_logit,50,plus_group_evidence,48,50,50
CHEMBL234,35501,original,6,0.2,4.0,inactive_logit,50,full,48,50,50
CHEMBL234,35501,original,6,0.2,4.0,inactive_logit,50,score_cap1,49,50,50
CHEMBL234,35501,original,6,0.2,4.0,inactive_logit,75,full,71,75,75
CHEMBL234,35501,original,6,0.2,4.0,inactive_logit,75,score_cap1,72,75,75
CHEMBL234,35501,original,6,0.2,6.0,inactive_logit,20,full,19,20,20
CHEMBL234,35501,original,6,0.2,6.0,inactive_logit,20,score_cap1,17,20,20
CHEMBL234,35501,original,6,0.2,6.0,inactive_logit,40,full,38,40,40
CHEMBL234,35501,original,6,0.2,6.0,inactive_logit,40,score_cap1,37,40,40
CHEMBL234,35501,original,6,0.2,6.0,inactive_logit,50,score_only,47,50,50
CHEMBL234,35501,original,6,0.2,6.0,inactive_logit,50,plus_group_stats,48,50,50
CHEMBL234,35501,original,6,0.2,6.0,inactive_logit,50,plus_group_evidence,48,50,50
CHEMBL234,35501,original,6,0.2,6.0,inactive_logit,50,full,48,50,50
CHEMBL234,35501,original,6,0.2,6.0,inactive_logit,50,score_cap1,47,50,50
CHEMBL234,35501,original,6,0.2,6.0,inactive_logit,75,full,72,75,75
CHEMBL234,35501,original,6,0.2,6.0,inactive_logit,75,score_cap1,71,75,75
CHEMBL234,35501,original,6,0.3,4.0,inactive_logit,20,full,19,20,20
CHEMBL234,35501,original,6,0.3,4.0,inactive_logit,20,score_cap1,18,20,20
CHEMBL234,35501,original,6,0.3,4.0,inactive_logit,40,full,38,40,40
CHEMBL234,35501,original,6,0.3,4.0,inactive_logit,40,score_cap1,38,40,40
CHEMBL234,35501,original,6,0.3,4.0,inactive_logit,50,score_only,48,50,50
CHEMBL234,35501,original,6,0.3,4.0,inactive_logit,50,plus_group_stats,48,50,50
CHEMBL234,35501,original,6,0.3,4.0,inactive_logit,50,plus_group_evidence,48,50,50
CHEMBL234,35501,original,6,0.3,4.0,inactive_logit,50,full,48,50,50
CHEMBL234,35501,original,6,0.3,4.0,inactive_logit,50,score_cap1,48,50,50
CHEMBL234,35501,original,6,0.3,4.0,inactive_logit,75,full,71,75,75
CHEMBL234,35501,original,6,0.3,4.0,inactive_logit,75,score_cap1,71,75,75
CHEMBL234,35501,original,6,0.3,6.0,inactive_logit,20,full,19,20,20
CHEMBL234,35501,original,6,0.3,6.0,inactive_logit,20,score_cap1,16,20,20
CHEMBL234,35501,original,6,0.3,6.0,inactive_logit,40,full,38,40,40
CHEMBL234,35501,original,6,0.3,6.0,inactive_logit,40,score_cap1,36,40,40
CHEMBL234,35501,original,6,0.3,6.0,inactive_logit,50,score_only,46,50,50
CHEMBL234,35501,original,6,0.3,6.0,inactive_logit,50,plus_group_stats,48,50,50
CHEMBL234,35501,original,6,0.3,6.0,inactive_logit,50,plus_group_evidence,48,50,50
CHEMBL234,35501,original,6,0.3,6.0,inactive_logit,50,full,48,50,50
CHEMBL234,35501,original,6,0.3,6.0,inactive_logit,50,score_cap1,46,50,50
CHEMBL234,35501,original,6,0.3,6.0,inactive_logit,75,full,72,75,75
CHEMBL234,35501,original,6,0.3,6.0,inactive_logit,75,score_cap1,70,75,75
CHEMBL234,35501,unseen,6,,,logit_b5,50,full,48,50,50
CHEMBL234,35501,unseen,6,,,logit_b5,50,score_only,47,50,50
CHEMBL234,35501,unseen,6,,,logit_b5,50,score_cap1,47,50,50
CHEMBL234,35501,unseen,6,,,logit_b7,50,full,48,50,50
CHEMBL234,35501,unseen,6,,,logit_b7,50,score_only,48,50,50
CHEMBL234,35501,unseen,6,,,logit_b7,50,score_cap1,46,50,50
CHEMBL234,35501,unseen,6,,,additive_inactive,50,full,48,50,50
CHEMBL234,35501,unseen,6,,,additive_inactive,50,score_only,48,50,50
CHEMBL234,35501,unseen,6,,,additive_inactive,50,score_cap1,49,50,50
CHEMBL234,35501,unseen,6,,,blockwide_logit,50,full,48,50,50
CHEMBL234,35501,unseen,6,,,blockwide_logit,50,score_only,48,50,50
CHEMBL234,35501,unseen,6,,,blockwide_logit,50,score_cap1,47,50,50
CHEMBL234,35501,unseen,6,,,heterogeneous_inactive,50,full,48,50,50
CHEMBL234,35501,unseen,6,,,heterogeneous_inactive,50,score_only,47,50,50
CHEMBL234,35501,unseen,6,,,heterogeneous_inactive,50,score_cap1,47,50,50
CHEMBL234,35501,original,7,0.2,4.0,inactive_logit,20,full,19,20,20
CHEMBL234,35501,original,7,0.2,4.0,inactive_logit,20,score_cap1,19,20,20
CHEMBL234,35501,original,7,0.2,4.0,inactive_logit,40,full,38,40,40
CHEMBL234,35501,original,7,0.2,4.0,inactive_logit,40,score_cap1,39,40,40
CHEMBL234,35501,original,7,0.2,4.0,inactive_logit,50,score_only,48,50,50
CHEMBL234,35501,original,7,0.2,4.0,inactive_logit,50,plus_group_stats,48,50,50
CHEMBL234,35501,original,7,0.2,4.0,inactive_logit,50,plus_group_evidence,48,50,50
CHEMBL234,35501,original,7,0.2,4.0,inactive_logit,50,full,48,50,50
CHEMBL234,35501,original,7,0.2,4.0,inactive_logit,50,score_cap1,49,50,50
CHEMBL234,35501,original,7,0.2,4.0,inactive_logit,75,full,71,75,75
CHEMBL234,35501,original,7,0.2,4.0,inactive_logit,75,score_cap1,72,75,75
CHEMBL234,35501,original,7,0.2,6.0,inactive_logit,20,full,19,20,20
CHEMBL234,35501,original,7,0.2,6.0,inactive_logit,20,score_cap1,17,20,20
CHEMBL234,35501,original,7,0.2,6.0,inactive_logit,40,full,38,40,40
CHEMBL234,35501,original,7,0.2,6.0,inactive_logit,40,score_cap1,37,40,40
CHEMBL234,35501,original,7,0.2,6.0,inactive_logit,50,score_only,48,50,50
CHEMBL234,35501,original,7,0.2,6.0,inactive_logit,50,plus_group_stats,48,50,50
CHEMBL234,35501,original,7,0.2,6.0,inactive_logit,50,plus_group_evidence,48,50,50
CHEMBL234,35501,original,7,0.2,6.0,inactive_logit,50,full,48,50,50
CHEMBL234,35501,original,7,0.2,6.0,inactive_logit,50,score_cap1,47,50,50
CHEMBL234,35501,original,7,0.2,6.0,inactive_logit,75,full,71,75,75
CHEMBL234,35501,original,7,0.2,6.0,inactive_logit,75,score_cap1,71,75,75
CHEMBL234,35501,original,7,0.3,4.0,inactive_logit,20,full,19,20,20
CHEMBL234,35501,original,7,0.3,4.0,inactive_logit,20,score_cap1,18,20,20
CHEMBL234,35501,original,7,0.3,4.0,inactive_logit,40,full,38,40,40
CHEMBL234,35501,original,7,0.3,4.0,inactive_logit,40,score_cap1,38,40,40
CHEMBL234,35501,original,7,0.3,4.0,inactive_logit,50,score_only,48,50,50
CHEMBL234,35501,original,7,0.3,4.0,inactive_logit,50,plus_group_stats,48,50,50
CHEMBL234,35501,original,7,0.3,4.0,inactive_logit,50,plus_group_evidence,48,50,50
CHEMBL234,35501,original,7,0.3,4.0,inactive_logit,50,full,48,50,50
CHEMBL234,35501,original,7,0.3,4.0,inactive_logit,50,score_cap1,48,50,50
CHEMBL234,35501,original,7,0.3,4.0,inactive_logit,75,full,71,75,75
CHEMBL234,35501,original,7,0.3,4.0,inactive_logit,75,score_cap1,71,75,75
CHEMBL234,35501,original,7,0.3,6.0,inactive_logit,20,full,19,20,20
CHEMBL234,35501,original,7,0.3,6.0,inactive_logit,20,score_cap1,16,20,20
CHEMBL234,35501,original,7,0.3,6.0,inactive_logit,40,full,38,40,40
CHEMBL234,35501,original,7,0.3,6.0,inactive_logit,40,score_cap1,36,40,40
CHEMBL234,35501,original,7,0.3,6.0,inactive_logit,50,score_only,46,50,50
CHEMBL234,35501,original,7,0.3,6.0,inactive_logit,50,plus_group_stats,48,50,50
CHEMBL234,35501,original,7,0.3,6.0,inactive_logit,50,plus_group_evidence,48,50,50
CHEMBL234,35501,original,7,0.3,6.0,inactive_logit,50,full,48,50,50
CHEMBL234,35501,original,7,0.3,6.0,inactive_logit,50,score_cap1,46,50,50
CHEMBL234,35501,original,7,0.3,6.0,inactive_logit,75,full,72,75,75
CHEMBL234,35501,original,7,0.3,6.0,inactive_logit,75,score_cap1,70,75,75
CHEMBL234,35501,unseen,7,,,logit_b5,50,full,48,50,50
CHEMBL234,35501,unseen,7,,,logit_b5,50,score_only,47,50,50
CHEMBL234,35501,unseen,7,,,logit_b5,50,score_cap1,47,50,50
CHEMBL234,35501,unseen,7,,,logit_b7,50,full,48,50,50
CHEMBL234,35501,unseen,7,,,logit_b7,50,score_only,48,50,50
CHEMBL234,35501,unseen,7,,,logit_b7,50,score_cap1,46,50,50
CHEMBL234,35501,unseen,7,,,additive_inactive,50,full,48,50,50
CHEMBL234,35501,unseen,7,,,additive_inactive,50,score_only,48,50,50
CHEMBL234,35501,unseen,7,,,additive_inactive,50,score_cap1,49,50,50
CHEMBL234,35501,unseen,7,,,blockwide_logit,50,full,48,50,50
CHEMBL234,35501,unseen,7,,,blockwide_logit,50,score_only,48,50,50
CHEMBL234,35501,unseen,7,,,blockwide_logit,50,score_cap1,48,50,50
CHEMBL234,35501,unseen,7,,,heterogeneous_inactive,50,full,48,50,50
CHEMBL234,35501,unseen,7,,,heterogeneous_inactive,50,score_only,48,50,50
CHEMBL234,35501,unseen,7,,,heterogeneous_inactive,50,score_cap1,47,50,50
CHEMBL234,35501,original,8,0.2,4.0,inactive_logit,20,full,19,20,20
CHEMBL234,35501,original,8,0.2,4.0,inactive_logit,20,score_cap1,19,20,20
CHEMBL234,35501,original,8,0.2,4.0,inactive_logit,40,full,38,40,40
CHEMBL234,35501,original,8,0.2,4.0,inactive_logit,40,score_cap1,39,40,40
CHEMBL234,35501,original,8,0.2,4.0,inactive_logit,50,score_only,48,50,50
CHEMBL234,35501,original,8,0.2,4.0,inactive_logit,50,plus_group_stats,48,50,50
CHEMBL234,35501,original,8,0.2,4.0,inactive_logit,50,plus_group_evidence,48,50,50
CHEMBL234,35501,original,8,0.2,4.0,inactive_logit,50,full,48,50,50
CHEMBL234,35501,original,8,0.2,4.0,inactive_logit,50,score_cap1,49,50,50
CHEMBL234,35501,original,8,0.2,4.0,inactive_logit,75,full,71,75,75
CHEMBL234,35501,original,8,0.2,4.0,inactive_logit,75,score_cap1,72,75,75
CHEMBL234,35501,original,8,0.2,6.0,inactive_logit,20,full,19,20,20
CHEMBL234,35501,original,8,0.2,6.0,inactive_logit,20,score_cap1,18,20,20
CHEMBL234,35501,original,8,0.2,6.0,inactive_logit,40,full,38,40,40
CHEMBL234,35501,original,8,0.2,6.0,inactive_logit,40,score_cap1,37,40,40
CHEMBL234,35501,original,8,0.2,6.0,inactive_logit,50,score_only,48,50,50
CHEMBL234,35501,original,8,0.2,6.0,inactive_logit,50,plus_group_stats,48,50,50
CHEMBL234,35501,original,8,0.2,6.0,inactive_logit,50,plus_group_evidence,48,50,50
CHEMBL234,35501,original,8,0.2,6.0,inactive_logit,50,full,48,50,50
CHEMBL234,35501,original,8,0.2,6.0,inactive_logit,50,score_cap1,47,50,50
CHEMBL234,35501,original,8,0.2,6.0,inactive_logit,75,full,72,75,75
CHEMBL234,35501,original,8,0.2,6.0,inactive_logit,75,score_cap1,71,75,75
CHEMBL234,35501,original,8,0.3,4.0,inactive_logit,20,full,19,20,20
CHEMBL234,35501,original,8,0.3,4.0,inactive_logit,20,score_cap1,19,20,20
CHEMBL234,35501,original,8,0.3,4.0,inactive_logit,40,full,38,40,40
CHEMBL234,35501,original,8,0.3,4.0,inactive_logit,40,score_cap1,39,40,40
CHEMBL234,35501,original,8,0.3,4.0,inactive_logit,50,score_only,48,50,50
CHEMBL234,35501,original,8,0.3,4.0,inactive_logit,50,plus_group_stats,48,50,50
CHEMBL234,35501,original,8,0.3,4.0,inactive_logit,50,plus_group_evidence,48,50,50
CHEMBL234,35501,original,8,0.3,4.0,inactive_logit,50,full,48,50,50
CHEMBL234,35501,original,8,0.3,4.0,inactive_logit,50,score_cap1,49,50,50
CHEMBL234,35501,original,8,0.3,4.0,inactive_logit,75,full,70,75,75
CHEMBL234,35501,original,8,0.3,4.0,inactive_logit,75,score_cap1,71,75,75
CHEMBL234,35501,original,8,0.3,6.0,inactive_logit,20,full,19,20,20
CHEMBL234,35501,original,8,0.3,6.0,inactive_logit,20,score_cap1,17,20,20
CHEMBL234,35501,original,8,0.3,6.0,inactive_logit,40,full,38,40,40
CHEMBL234,35501,original,8,0.3,6.0,inactive_logit,40,score_cap1,37,40,40
CHEMBL234,35501,original,8,0.3,6.0,inactive_logit,50,score_only,47,50,50
CHEMBL234,35501,original,8,0.3,6.0,inactive_logit,50,plus_group_stats,48,50,50
CHEMBL234,35501,original,8,0.3,6.0,inactive_logit,50,plus_group_evidence,48,50,50
CHEMBL234,35501,original,8,0.3,6.0,inactive_logit,50,full,48,50,50
CHEMBL234,35501,original,8,0.3,6.0,inactive_logit,50,score_cap1,46,50,50
CHEMBL234,35501,original,8,0.3,6.0,inactive_logit,75,full,71,75,75
CHEMBL234,35501,original,8,0.3,6.0,inactive_logit,75,score_cap1,70,75,75
CHEMBL234,35501,unseen,8,,,logit_b5,50,full,48,50,50
CHEMBL234,35501,unseen,8,,,logit_b5,50,score_only,47,50,50
CHEMBL234,35501,unseen,8,,,logit_b5,50,score_cap1,47,50,50
CHEMBL234,35501,unseen,8,,,logit_b7,50,full,48,50,50
CHEMBL234,35501,unseen,8,,,logit_b7,50,score_only,48,50,50
CHEMBL234,35501,unseen,8,,,logit_b7,50,score_cap1,46,50,50
CHEMBL234,35501,unseen,8,,,additive_inactive,50,full,48,50,50
CHEMBL234,35501,unseen,8,,,additive_inactive,50,score_only,48,50,50
CHEMBL234,35501,unseen,8,,,additive_inactive,50,score_cap1,49,50,50
CHEMBL234,35501,unseen,8,,,blockwide_logit,50,full,48,50,50
CHEMBL234,35501,unseen,8,,,blockwide_logit,50,score_only,48,50,50
CHEMBL234,35501,unseen,8,,,blockwide_logit,50,score_cap1,49,50,50
CHEMBL234,35501,unseen,8,,,heterogeneous_inactive,50,full,48,50,50
CHEMBL234,35501,unseen,8,,,heterogeneous_inactive,50,score_only,47,50,50
CHEMBL234,35501,unseen,8,,,heterogeneous_inactive,50,score_cap1,47,50,50
CHEMBL234,35501,original,9,0.2,4.0,inactive_logit,20,full,19,20,20
CHEMBL234,35501,original,9,0.2,4.0,inactive_logit,20,score_cap1,19,20,20
CHEMBL234,35501,original,9,0.2,4.0,inactive_logit,40,full,38,40,40
CHEMBL234,35501,original,9,0.2,4.0,inactive_logit,40,score_cap1,39,40,40
CHEMBL234,35501,original,9,0.2,4.0,inactive_logit,50,score_only,48,50,50
CHEMBL234,35501,original,9,0.2,4.0,inactive_logit,50,plus_group_stats,48,50,50
CHEMBL234,35501,original,9,0.2,4.0,inactive_logit,50,plus_group_evidence,48,50,50
CHEMBL234,35501,original,9,0.2,4.0,inactive_logit,50,full,48,50,50
CHEMBL234,35501,original,9,0.2,4.0,inactive_logit,50,score_cap1,49,50,50
CHEMBL234,35501,original,9,0.2,4.0,inactive_logit,75,full,71,75,75
CHEMBL234,35501,original,9,0.2,4.0,inactive_logit,75,score_cap1,72,75,75
CHEMBL234,35501,original,9,0.2,6.0,inactive_logit,20,full,19,20,20
CHEMBL234,35501,original,9,0.2,6.0,inactive_logit,20,score_cap1,18,20,20
CHEMBL234,35501,original,9,0.2,6.0,inactive_logit,40,full,38,40,40
CHEMBL234,35501,original,9,0.2,6.0,inactive_logit,40,score_cap1,37,40,40
CHEMBL234,35501,original,9,0.2,6.0,inactive_logit,50,score_only,48,50,50
CHEMBL234,35501,original,9,0.2,6.0,inactive_logit,50,plus_group_stats,48,50,50
CHEMBL234,35501,original,9,0.2,6.0,inactive_logit,50,plus_group_evidence,48,50,50
CHEMBL234,35501,original,9,0.2,6.0,inactive_logit,50,full,48,50,50
CHEMBL234,35501,original,9,0.2,6.0,inactive_logit,50,score_cap1,47,50,50
CHEMBL234,35501,original,9,0.2,6.0,inactive_logit,75,full,72,75,75
CHEMBL234,35501,original,9,0.2,6.0,inactive_logit,75,score_cap1,71,75,75
CHEMBL234,35501,original,9,0.3,4.0,inactive_logit,20,full,19,20,20
CHEMBL234,35501,original,9,0.3,4.0,inactive_logit,20,score_cap1,18,20,20
CHEMBL234,35501,original,9,0.3,4.0,inactive_logit,40,full,38,40,40
CHEMBL234,35501,original,9,0.3,4.0,inactive_logit,40,score_cap1,38,40,40
CHEMBL234,35501,original,9,0.3,4.0,inactive_logit,50,score_only,48,50,50
CHEMBL234,35501,original,9,0.3,4.0,inactive_logit,50,plus_group_stats,48,50,50
CHEMBL234,35501,original,9,0.3,4.0,inactive_logit,50,plus_group_evidence,48,50,50
CHEMBL234,35501,original,9,0.3,4.0,inactive_logit,50,full,48,50,50
CHEMBL234,35501,original,9,0.3,4.0,inactive_logit,50,score_cap1,48,50,50
CHEMBL234,35501,original,9,0.3,4.0,inactive_logit,75,full,70,75,75
CHEMBL234,35501,original,9,0.3,4.0,inactive_logit,75,score_cap1,70,75,75
CHEMBL234,35501,original,9,0.3,6.0,inactive_logit,20,full,19,20,20
CHEMBL234,35501,original,9,0.3,6.0,inactive_logit,20,score_cap1,16,20,20
CHEMBL234,35501,original,9,0.3,6.0,inactive_logit,40,full,38,40,40
CHEMBL234,35501,original,9,0.3,6.0,inactive_logit,40,score_cap1,36,40,40
CHEMBL234,35501,original,9,0.3,6.0,inactive_logit,50,score_only,47,50,50
CHEMBL234,35501,original,9,0.3,6.0,inactive_logit,50,plus_group_stats,48,50,50
CHEMBL234,35501,original,9,0.3,6.0,inactive_logit,50,plus_group_evidence,48,50,50
CHEMBL234,35501,original,9,0.3,6.0,inactive_logit,50,full,48,50,50
CHEMBL234,35501,original,9,0.3,6.0,inactive_logit,50,score_cap1,46,50,50
CHEMBL234,35501,original,9,0.3,6.0,inactive_logit,75,full,72,75,75
CHEMBL234,35501,original,9,0.3,6.0,inactive_logit,75,score_cap1,70,75,75
CHEMBL234,35501,unseen,9,,,logit_b5,50,full,48,50,50
CHEMBL234,35501,unseen,9,,,logit_b5,50,score_only,47,50,50
CHEMBL234,35501,unseen,9,,,logit_b5,50,score_cap1,47,50,50
CHEMBL234,35501,unseen,9,,,logit_b7,50,full,48,50,50
CHEMBL234,35501,unseen,9,,,logit_b7,50,score_only,48,50,50
CHEMBL234,35501,unseen,9,,,logit_b7,50,score_cap1,46,50,50
CHEMBL234,35501,unseen,9,,,additive_inactive,50,full,48,50,50
CHEMBL234,35501,unseen,9,,,additive_inactive,50,score_only,48,50,50
CHEMBL234,35501,unseen,9,,,additive_inactive,50,score_cap1,49,50,50
CHEMBL234,35501,unseen,9,,,blockwide_logit,50,full,48,50,50
CHEMBL234,35501,unseen,9,,,blockwide_logit,50,score_only,48,50,50
CHEMBL234,35501,unseen,9,,,blockwide_logit,50,score_cap1,48,50,50
CHEMBL234,35501,unseen,9,,,heterogeneous_inactive,50,full,48,50,50
CHEMBL234,35501,unseen,9,,,heterogeneous_inactive,50,score_only,48,50,50
CHEMBL234,35501,unseen,9,,,heterogeneous_inactive,50,score_cap1,47,50,50
CHEMBL236,35501,original,0,0.2,4.0,inactive_logit,20,full,20,20,20
CHEMBL236,35501,original,0,0.2,4.0,inactive_logit,20,score_cap1,18,20,20
CHEMBL236,35501,original,0,0.2,4.0,inactive_logit,40,full,39,40,40
CHEMBL236,35501,original,0,0.2,4.0,inactive_logit,40,score_cap1,38,40,40
CHEMBL236,35501,original,0,0.2,4.0,inactive_logit,50,score_only,47,50,50
CHEMBL236,35501,original,0,0.2,4.0,inactive_logit,50,plus_group_stats,50,50,50
CHEMBL236,35501,original,0,0.2,4.0,inactive_logit,50,plus_group_evidence,50,50,50
CHEMBL236,35501,original,0,0.2,4.0,inactive_logit,50,full,49,50,50
CHEMBL236,35501,original,0,0.2,4.0,inactive_logit,50,score_cap1,47,50,50
CHEMBL236,35501,original,0,0.2,4.0,inactive_logit,75,full,72,75,75
CHEMBL236,35501,original,0,0.2,4.0,inactive_logit,75,score_cap1,71,75,75
CHEMBL236,35501,original,0,0.2,6.0,inactive_logit,20,full,20,20,20
CHEMBL236,35501,original,0,0.2,6.0,inactive_logit,20,score_cap1,16,20,20
CHEMBL236,35501,original,0,0.2,6.0,inactive_logit,40,full,40,40,40
CHEMBL236,35501,original,0,0.2,6.0,inactive_logit,40,score_cap1,36,40,40
CHEMBL236,35501,original,0,0.2,6.0,inactive_logit,50,score_only,48,50,50
CHEMBL236,35501,original,0,0.2,6.0,inactive_logit,50,plus_group_stats,50,50,50
CHEMBL236,35501,original,0,0.2,6.0,inactive_logit,50,plus_group_evidence,50,50,50
CHEMBL236,35501,original,0,0.2,6.0,inactive_logit,50,full,50,50,50
CHEMBL236,35501,original,0,0.2,6.0,inactive_logit,50,score_cap1,46,50,50
CHEMBL236,35501,original,0,0.2,6.0,inactive_logit,75,full,73,75,75
CHEMBL236,35501,original,0,0.2,6.0,inactive_logit,75,score_cap1,71,75,75
CHEMBL236,35501,original,0,0.3,4.0,inactive_logit,20,full,20,20,20
CHEMBL236,35501,original,0,0.3,4.0,inactive_logit,20,score_cap1,18,20,20
CHEMBL236,35501,original,0,0.3,4.0,inactive_logit,40,full,39,40,40
CHEMBL236,35501,original,0,0.3,4.0,inactive_logit,40,score_cap1,38,40,40
CHEMBL236,35501,original,0,0.3,4.0,inactive_logit,50,score_only,47,50,50
CHEMBL236,35501,original,0,0.3,4.0,inactive_logit,50,plus_group_stats,50,50,50
CHEMBL236,35501,original,0,0.3,4.0,inactive_logit,50,plus_group_evidence,50,50,50
CHEMBL236,35501,original,0,0.3,4.0,inactive_logit,50,full,49,50,50
CHEMBL236,35501,original,0,0.3,4.0,inactive_logit,50,score_cap1,47,50,50
CHEMBL236,35501,original,0,0.3,4.0,inactive_logit,75,full,71,75,75
CHEMBL236,35501,original,0,0.3,4.0,inactive_logit,75,score_cap1,71,75,75
CHEMBL236,35501,original,0,0.3,6.0,inactive_logit,20,full,20,20,20
CHEMBL236,35501,original,0,0.3,6.0,inactive_logit,20,score_cap1,16,20,20
CHEMBL236,35501,original,0,0.3,6.0,inactive_logit,40,full,40,40,40
CHEMBL236,35501,original,0,0.3,6.0,inactive_logit,40,score_cap1,36,40,40
CHEMBL236,35501,original,0,0.3,6.0,inactive_logit,50,score_only,47,50,50
CHEMBL236,35501,original,0,0.3,6.0,inactive_logit,50,plus_group_stats,49,50,50
CHEMBL236,35501,original,0,0.3,6.0,inactive_logit,50,plus_group_evidence,50,50,50
CHEMBL236,35501,original,0,0.3,6.0,inactive_logit,50,full,50,50,50
CHEMBL236,35501,original,0,0.3,6.0,inactive_logit,50,score_cap1,45,50,50
CHEMBL236,35501,original,0,0.3,6.0,inactive_logit,75,full,72,75,75
CHEMBL236,35501,original,0,0.3,6.0,inactive_logit,75,score_cap1,69,75,75
CHEMBL236,35501,unseen,0,,,logit_b5,50,full,50,50,50
CHEMBL236,35501,unseen,0,,,logit_b5,50,score_only,48,50,50
CHEMBL236,35501,unseen,0,,,logit_b5,50,score_cap1,48,50,50
CHEMBL236,35501,unseen,0,,,logit_b7,50,full,50,50,50
CHEMBL236,35501,unseen,0,,,logit_b7,50,score_only,48,50,50
CHEMBL236,35501,unseen,0,,,logit_b7,50,score_cap1,44,50,50
CHEMBL236,35501,unseen,0,,,additive_inactive,50,full,50,50,50
CHEMBL236,35501,unseen,0,,,additive_inactive,50,score_only,48,50,50
CHEMBL236,35501,unseen,0,,,additive_inactive,50,score_cap1,49,50,50
CHEMBL236,35501,unseen,0,,,blockwide_logit,50,full,50,50,50
CHEMBL236,35501,unseen,0,,,blockwide_logit,50,score_only,46,50,50
CHEMBL236,35501,unseen,0,,,blockwide_logit,50,score_cap1,50,50,50
CHEMBL236,35501,unseen,0,,,heterogeneous_inactive,50,full,50,50,50
CHEMBL236,35501,unseen,0,,,heterogeneous_inactive,50,score_only,46,50,50
CHEMBL236,35501,unseen,0,,,heterogeneous_inactive,50,score_cap1,45,50,50
CHEMBL236,35501,original,1,0.2,4.0,inactive_logit,20,full,20,20,20
CHEMBL236,35501,original,1,0.2,4.0,inactive_logit,20,score_cap1,19,20,20
CHEMBL236,35501,original,1,0.2,4.0,inactive_logit,40,full,40,40,40
CHEMBL236,35501,original,1,0.2,4.0,inactive_logit,40,score_cap1,39,40,40
CHEMBL236,35501,original,1,0.2,4.0,inactive_logit,50,score_only,49,50,50
CHEMBL236,35501,original,1,0.2,4.0,inactive_logit,50,plus_group_stats,50,50,50
CHEMBL236,35501,original,1,0.2,4.0,inactive_logit,50,plus_group_evidence,50,50,50
CHEMBL236,35501,original,1,0.2,4.0,inactive_logit,50,full,50,50,50
CHEMBL236,35501,original,1,0.2,4.0,inactive_logit,50,score_cap1,49,50,50
CHEMBL236,35501,original,1,0.2,4.0,inactive_logit,75,full,71,75,75
CHEMBL236,35501,original,1,0.2,4.0,inactive_logit,75,score_cap1,73,75,75
CHEMBL236,35501,original,1,0.2,6.0,inactive_logit,20,full,20,20,20
CHEMBL236,35501,original,1,0.2,6.0,inactive_logit,20,score_cap1,18,20,20
CHEMBL236,35501,original,1,0.2,6.0,inactive_logit,40,full,40,40,40
CHEMBL236,35501,original,1,0.2,6.0,inactive_logit,40,score_cap1,37,40,40
CHEMBL236,35501,original,1,0.2,6.0,inactive_logit,50,score_only,47,50,50
CHEMBL236,35501,original,1,0.2,6.0,inactive_logit,50,plus_group_stats,49,50,50
CHEMBL236,35501,original,1,0.2,6.0,inactive_logit,50,plus_group_evidence,49,50,50
CHEMBL236,35501,original,1,0.2,6.0,inactive_logit,50,full,49,50,50
CHEMBL236,35501,original,1,0.2,6.0,inactive_logit,50,score_cap1,46,50,50
CHEMBL236,35501,original,1,0.2,6.0,inactive_logit,75,full,72,75,75
CHEMBL236,35501,original,1,0.2,6.0,inactive_logit,75,score_cap1,71,75,75
CHEMBL236,35501,original,1,0.3,4.0,inactive_logit,20,full,20,20,20
CHEMBL236,35501,original,1,0.3,4.0,inactive_logit,20,score_cap1,17,20,20
CHEMBL236,35501,original,1,0.3,4.0,inactive_logit,40,full,40,40,40
CHEMBL236,35501,original,1,0.3,4.0,inactive_logit,40,score_cap1,37,40,40
CHEMBL236,35501,original,1,0.3,4.0,inactive_logit,50,score_only,46,50,50
CHEMBL236,35501,original,1,0.3,4.0,inactive_logit,50,plus_group_stats,49,50,50
CHEMBL236,35501,original,1,0.3,4.0,inactive_logit,50,plus_group_evidence,50,50,50
CHEMBL236,35501,original,1,0.3,4.0,inactive_logit,50,full,50,50,50
CHEMBL236,35501,original,1,0.3,4.0,inactive_logit,50,score_cap1,46,50,50
CHEMBL236,35501,original,1,0.3,4.0,inactive_logit,75,full,71,75,75
CHEMBL236,35501,original,1,0.3,4.0,inactive_logit,75,score_cap1,71,75,75
CHEMBL236,35501,original,1,0.3,6.0,inactive_logit,20,full,20,20,20
CHEMBL236,35501,original,1,0.3,6.0,inactive_logit,20,score_cap1,16,20,20
CHEMBL236,35501,original,1,0.3,6.0,inactive_logit,40,full,40,40,40
CHEMBL236,35501,original,1,0.3,6.0,inactive_logit,40,score_cap1,36,40,40
CHEMBL236,35501,original,1,0.3,6.0,inactive_logit,50,score_only,49,50,50
CHEMBL236,35501,original,1,0.3,6.0,inactive_logit,50,plus_group_stats,50,50,50
CHEMBL236,35501,original,1,0.3,6.0,inactive_logit,50,plus_group_evidence,50,50,50
CHEMBL236,35501,original,1,0.3,6.0,inactive_logit,50,full,50,50,50
CHEMBL236,35501,original,1,0.3,6.0,inactive_logit,50,score_cap1,45,50,50
CHEMBL236,35501,original,1,0.3,6.0,inactive_logit,75,full,71,75,75
CHEMBL236,35501,original,1,0.3,6.0,inactive_logit,75,score_cap1,69,75,75
CHEMBL236,35501,unseen,1,,,logit_b5,50,full,50,50,50
CHEMBL236,35501,unseen,1,,,logit_b5,50,score_only,47,50,50
CHEMBL236,35501,unseen,1,,,logit_b5,50,score_cap1,46,50,50
CHEMBL236,35501,unseen,1,,,logit_b7,50,full,50,50,50
CHEMBL236,35501,unseen,1,,,logit_b7,50,score_only,47,50,50
CHEMBL236,35501,unseen,1,,,logit_b7,50,score_cap1,44,50,50
CHEMBL236,35501,unseen,1,,,additive_inactive,50,full,50,50,50
CHEMBL236,35501,unseen,1,,,additive_inactive,50,score_only,48,50,50
CHEMBL236,35501,unseen,1,,,additive_inactive,50,score_cap1,49,50,50
CHEMBL236,35501,unseen,1,,,blockwide_logit,50,full,50,50,50
CHEMBL236,35501,unseen,1,,,blockwide_logit,50,score_only,47,50,50
CHEMBL236,35501,unseen,1,,,blockwide_logit,50,score_cap1,49,50,50
CHEMBL236,35501,unseen,1,,,heterogeneous_inactive,50,full,49,50,50
CHEMBL236,35501,unseen,1,,,heterogeneous_inactive,50,score_only,45,50,50
CHEMBL236,35501,unseen,1,,,heterogeneous_inactive,50,score_cap1,46,50,50
CHEMBL236,35501,original,2,0.2,4.0,inactive_logit,20,full,20,20,20
CHEMBL236,35501,original,2,0.2,4.0,inactive_logit,20,score_cap1,19,20,20
CHEMBL236,35501,original,2,0.2,4.0,inactive_logit,40,full,40,40,40
CHEMBL236,35501,original,2,0.2,4.0,inactive_logit,40,score_cap1,39,40,40
CHEMBL236,35501,original,2,0.2,4.0,inactive_logit,50,score_only,48,50,50
CHEMBL236,35501,original,2,0.2,4.0,inactive_logit,50,plus_group_stats,50,50,50
CHEMBL236,35501,original,2,0.2,4.0,inactive_logit,50,plus_group_evidence,50,50,50
CHEMBL236,35501,original,2,0.2,4.0,inactive_logit,50,full,50,50,50
CHEMBL236,35501,original,2,0.2,4.0,inactive_logit,50,score_cap1,49,50,50
CHEMBL236,35501,original,2,0.2,4.0,inactive_logit,75,full,71,75,75
CHEMBL236,35501,original,2,0.2,4.0,inactive_logit,75,score_cap1,72,75,75
CHEMBL236,35501,original,2,0.2,6.0,inactive_logit,20,full,20,20,20
CHEMBL236,35501,original,2,0.2,6.0,inactive_logit,20,score_cap1,18,20,20
CHEMBL236,35501,original,2,0.2,6.0,inactive_logit,40,full,40,40,40
CHEMBL236,35501,original,2,0.2,6.0,inactive_logit,40,score_cap1,37,40,40
CHEMBL236,35501,original,2,0.2,6.0,inactive_logit,50,score_only,48,50,50
CHEMBL236,35501,original,2,0.2,6.0,inactive_logit,50,plus_group_stats,50,50,50
CHEMBL236,35501,original,2,0.2,6.0,inactive_logit,50,plus_group_evidence,50,50,50
CHEMBL236,35501,original,2,0.2,6.0,inactive_logit,50,full,50,50,50
CHEMBL236,35501,original,2,0.2,6.0,inactive_logit,50,score_cap1,47,50,50
CHEMBL236,35501,original,2,0.2,6.0,inactive_logit,75,full,71,75,75
CHEMBL236,35501,original,2,0.2,6.0,inactive_logit,75,score_cap1,71,75,75
CHEMBL236,35501,original,2,0.3,4.0,inactive_logit,20,full,20,20,20
CHEMBL236,35501,original,2,0.3,4.0,inactive_logit,20,score_cap1,19,20,20
CHEMBL236,35501,original,2,0.3,4.0,inactive_logit,40,full,39,40,40
CHEMBL236,35501,original,2,0.3,4.0,inactive_logit,40,score_cap1,38,40,40
CHEMBL236,35501,original,2,0.3,4.0,inactive_logit,50,score_only,47,50,50
CHEMBL236,35501,original,2,0.3,4.0,inactive_logit,50,plus_group_stats,50,50,50
CHEMBL236,35501,original,2,0.3,4.0,inactive_logit,50,plus_group_evidence,50,50,50
CHEMBL236,35501,original,2,0.3,4.0,inactive_logit,50,full,49,50,50
CHEMBL236,35501,original,2,0.3,4.0,inactive_logit,50,score_cap1,47,50,50
CHEMBL236,35501,original,2,0.3,4.0,inactive_logit,75,full,69,75,75
CHEMBL236,35501,original,2,0.3,4.0,inactive_logit,75,score_cap1,71,75,75
CHEMBL236,35501,original,2,0.3,6.0,inactive_logit,20,full,20,20,20
CHEMBL236,35501,original,2,0.3,6.0,inactive_logit,20,score_cap1,16,20,20
CHEMBL236,35501,original,2,0.3,6.0,inactive_logit,40,full,40,40,40
CHEMBL236,35501,original,2,0.3,6.0,inactive_logit,40,score_cap1,35,40,40
CHEMBL236,35501,original,2,0.3,6.0,inactive_logit,50,score_only,46,50,50
CHEMBL236,35501,original,2,0.3,6.0,inactive_logit,50,plus_group_stats,49,50,50
CHEMBL236,35501,original,2,0.3,6.0,inactive_logit,50,plus_group_evidence,49,50,50
CHEMBL236,35501,original,2,0.3,6.0,inactive_logit,50,full,49,50,50
CHEMBL236,35501,original,2,0.3,6.0,inactive_logit,50,score_cap1,45,50,50
CHEMBL236,35501,original,2,0.3,6.0,inactive_logit,75,full,70,75,75
CHEMBL236,35501,original,2,0.3,6.0,inactive_logit,75,score_cap1,69,75,75
CHEMBL236,35501,unseen,2,,,logit_b5,50,full,50,50,50
CHEMBL236,35501,unseen,2,,,logit_b5,50,score_only,47,50,50
CHEMBL236,35501,unseen,2,,,logit_b5,50,score_cap1,46,50,50
CHEMBL236,35501,unseen,2,,,logit_b7,50,full,50,50,50
CHEMBL236,35501,unseen,2,,,logit_b7,50,score_only,48,50,50
CHEMBL236,35501,unseen,2,,,logit_b7,50,score_cap1,44,50,50
CHEMBL236,35501,unseen,2,,,additive_inactive,50,full,50,50,50
CHEMBL236,35501,unseen,2,,,additive_inactive,50,score_only,48,50,50
CHEMBL236,35501,unseen,2,,,additive_inactive,50,score_cap1,49,50,50
CHEMBL236,35501,unseen,2,,,blockwide_logit,50,full,50,50,50
CHEMBL236,35501,unseen,2,,,blockwide_logit,50,score_only,46,50,50
CHEMBL236,35501,unseen,2,,,blockwide_logit,50,score_cap1,49,50,50
CHEMBL236,35501,unseen,2,,,heterogeneous_inactive,50,full,50,50,50
CHEMBL236,35501,unseen,2,,,heterogeneous_inactive,50,score_only,45,50,50
CHEMBL236,35501,unseen,2,,,heterogeneous_inactive,50,score_cap1,45,50,50
CHEMBL236,35501,original,3,0.2,4.0,inactive_logit,20,full,20,20,20
CHEMBL236,35501,original,3,0.2,4.0,inactive_logit,20,score_cap1,18,20,20
CHEMBL236,35501,original,3,0.2,4.0,inactive_logit,40,full,40,40,40
CHEMBL236,35501,original,3,0.2,4.0,inactive_logit,40,score_cap1,38,40,40
CHEMBL236,35501,original,3,0.2,4.0,inactive_logit,50,score_only,47,50,50
CHEMBL236,35501,original,3,0.2,4.0,inactive_logit,50,plus_group_stats,50,50,50
CHEMBL236,35501,original,3,0.2,4.0,inactive_logit,50,plus_group_evidence,50,50,50
CHEMBL236,35501,original,3,0.2,4.0,inactive_logit,50,full,50,50,50
CHEMBL236,35501,original,3,0.2,4.0,inactive_logit,50,score_cap1,48,50,50
CHEMBL236,35501,original,3,0.2,4.0,inactive_logit,75,full,70,75,75
CHEMBL236,35501,original,3,0.2,4.0,inactive_logit,75,score_cap1,72,75,75
CHEMBL236,35501,original,3,0.2,6.0,inactive_logit,20,full,20,20,20
CHEMBL236,35501,original,3,0.2,6.0,inactive_logit,20,score_cap1,18,20,20
CHEMBL236,35501,original,3,0.2,6.0,inactive_logit,40,full,40,40,40
CHEMBL236,35501,original,3,0.2,6.0,inactive_logit,40,score_cap1,36,40,40
CHEMBL236,35501,original,3,0.2,6.0,inactive_logit,50,score_only,48,50,50
CHEMBL236,35501,original,3,0.2,6.0,inactive_logit,50,plus_group_stats,50,50,50
CHEMBL236,35501,original,3,0.2,6.0,inactive_logit,50,plus_group_evidence,50,50,50
CHEMBL236,35501,original,3,0.2,6.0,inactive_logit,50,full,50,50,50
CHEMBL236,35501,original,3,0.2,6.0,inactive_logit,50,score_cap1,46,50,50
CHEMBL236,35501,original,3,0.2,6.0,inactive_logit,75,full,71,75,75
CHEMBL236,35501,original,3,0.2,6.0,inactive_logit,75,score_cap1,71,75,75
CHEMBL236,35501,original,3,0.3,4.0,inactive_logit,20,full,20,20,20
CHEMBL236,35501,original,3,0.3,4.0,inactive_logit,20,score_cap1,18,20,20
CHEMBL236,35501,original,3,0.3,4.0,inactive_logit,40,full,40,40,40
CHEMBL236,35501,original,3,0.3,4.0,inactive_logit,40,score_cap1,38,40,40
CHEMBL236,35501,original,3,0.3,4.0,inactive_logit,50,score_only,47,50,50
CHEMBL236,35501,original,3,0.3,4.0,inactive_logit,50,plus_group_stats,49,50,50
CHEMBL236,35501,original,3,0.3,4.0,inactive_logit,50,plus_group_evidence,50,50,50
CHEMBL236,35501,original,3,0.3,4.0,inactive_logit,50,full,50,50,50
CHEMBL236,35501,original,3,0.3,4.0,inactive_logit,50,score_cap1,47,50,50
CHEMBL236,35501,original,3,0.3,4.0,inactive_logit,75,full,70,75,75
CHEMBL236,35501,original,3,0.3,4.0,inactive_logit,75,score_cap1,70,75,75
CHEMBL236,35501,original,3,0.3,6.0,inactive_logit,20,full,20,20,20
CHEMBL236,35501,original,3,0.3,6.0,inactive_logit,20,score_cap1,15,20,20
CHEMBL236,35501,original,3,0.3,6.0,inactive_logit,40,full,40,40,40
CHEMBL236,35501,original,3,0.3,6.0,inactive_logit,40,score_cap1,35,40,40
CHEMBL236,35501,original,3,0.3,6.0,inactive_logit,50,score_only,47,50,50
CHEMBL236,35501,original,3,0.3,6.0,inactive_logit,50,plus_group_stats,50,50,50
CHEMBL236,35501,original,3,0.3,6.0,inactive_logit,50,plus_group_evidence,50,50,50
CHEMBL236,35501,original,3,0.3,6.0,inactive_logit,50,full,50,50,50
CHEMBL236,35501,original,3,0.3,6.0,inactive_logit,50,score_cap1,44,50,50
CHEMBL236,35501,original,3,0.3,6.0,inactive_logit,75,full,72,75,75
CHEMBL236,35501,original,3,0.3,6.0,inactive_logit,75,score_cap1,69,75,75
CHEMBL236,35501,unseen,3,,,logit_b5,50,full,50,50,50
CHEMBL236,35501,unseen,3,,,logit_b5,50,score_only,48,50,50
CHEMBL236,35501,unseen,3,,,logit_b5,50,score_cap1,47,50,50
CHEMBL236,35501,unseen,3,,,logit_b7,50,full,50,50,50
CHEMBL236,35501,unseen,3,,,logit_b7,50,score_only,48,50,50
CHEMBL236,35501,unseen,3,,,logit_b7,50,score_cap1,44,50,50
CHEMBL236,35501,unseen,3,,,additive_inactive,50,full,50,50,50
CHEMBL236,35501,unseen,3,,,additive_inactive,50,score_only,49,50,50
CHEMBL236,35501,unseen,3,,,additive_inactive,50,score_cap1,48,50,50
CHEMBL236,35501,unseen,3,,,blockwide_logit,50,full,50,50,50
CHEMBL236,35501,unseen,3,,,blockwide_logit,50,score_only,48,50,50
CHEMBL236,35501,unseen,3,,,blockwide_logit,50,score_cap1,50,50,50
CHEMBL236,35501,unseen,3,,,heterogeneous_inactive,50,full,49,50,50
CHEMBL236,35501,unseen,3,,,heterogeneous_inactive,50,score_only,48,50,50
CHEMBL236,35501,unseen,3,,,heterogeneous_inactive,50,score_cap1,46,50,50
CHEMBL236,35501,original,4,0.2,4.0,inactive_logit,20,full,20,20,20
CHEMBL236,35501,original,4,0.2,4.0,inactive_logit,20,score_cap1,17,20,20
CHEMBL236,35501,original,4,0.2,4.0,inactive_logit,40,full,40,40,40
CHEMBL236,35501,original,4,0.2,4.0,inactive_logit,40,score_cap1,37,40,40
CHEMBL236,35501,original,4,0.2,4.0,inactive_logit,50,score_only,46,50,50
CHEMBL236,35501,original,4,0.2,4.0,inactive_logit,50,plus_group_stats,50,50,50
CHEMBL236,35501,original,4,0.2,4.0,inactive_logit,50,plus_group_evidence,50,50,50
CHEMBL236,35501,original,4,0.2,4.0,inactive_logit,50,full,50,50,50
CHEMBL236,35501,original,4,0.2,4.0,inactive_logit,50,score_cap1,47,50,50
CHEMBL236,35501,original,4,0.2,4.0,inactive_logit,75,full,73,75,75
CHEMBL236,35501,original,4,0.2,4.0,inactive_logit,75,score_cap1,71,75,75
CHEMBL236,35501,original,4,0.2,6.0,inactive_logit,20,full,20,20,20
CHEMBL236,35501,original,4,0.2,6.0,inactive_logit,20,score_cap1,16,20,20
CHEMBL236,35501,original,4,0.2,6.0,inactive_logit,40,full,40,40,40
CHEMBL236,35501,original,4,0.2,6.0,inactive_logit,40,score_cap1,36,40,40
CHEMBL236,35501,original,4,0.2,6.0,inactive_logit,50,score_only,49,50,50
CHEMBL236,35501,original,4,0.2,6.0,inactive_logit,50,plus_group_stats,50,50,50
CHEMBL236,35501,original,4,0.2,6.0,inactive_logit,50,plus_group_evidence,50,50,50
CHEMBL236,35501,original,4,0.2,6.0,inactive_logit,50,full,50,50,50
CHEMBL236,35501,original,4,0.2,6.0,inactive_logit,50,score_cap1,46,50,50
CHEMBL236,35501,original,4,0.2,6.0,inactive_logit,75,full,73,75,75
CHEMBL236,35501,original,4,0.2,6.0,inactive_logit,75,score_cap1,71,75,75
CHEMBL236,35501,original,4,0.3,4.0,inactive_logit,20,full,20,20,20
CHEMBL236,35501,original,4,0.3,4.0,inactive_logit,20,score_cap1,18,20,20
CHEMBL236,35501,original,4,0.3,4.0,inactive_logit,40,full,40,40,40
CHEMBL236,35501,original,4,0.3,4.0,inactive_logit,40,score_cap1,38,40,40
CHEMBL236,35501,original,4,0.3,4.0,inactive_logit,50,score_only,47,50,50
CHEMBL236,35501,original,4,0.3,4.0,inactive_logit,50,plus_group_stats,49,50,50
CHEMBL236,35501,original,4,0.3,4.0,inactive_logit,50,plus_group_evidence,50,50,50
CHEMBL236,35501,original,4,0.3,4.0,inactive_logit,50,full,50,50,50
CHEMBL236,35501,original,4,0.3,4.0,inactive_logit,50,score_cap1,47,50,50
CHEMBL236,35501,original,4,0.3,4.0,inactive_logit,75,full,70,75,75
CHEMBL236,35501,original,4,0.3,4.0,inactive_logit,75,score_cap1,70,75,75
CHEMBL236,35501,original,4,0.3,6.0,inactive_logit,20,full,20,20,20
CHEMBL236,35501,original,4,0.3,6.0,inactive_logit,20,score_cap1,15,20,20
CHEMBL236,35501,original,4,0.3,6.0,inactive_logit,40,full,40,40,40
CHEMBL236,35501,original,4,0.3,6.0,inactive_logit,40,score_cap1,35,40,40
CHEMBL236,35501,original,4,0.3,6.0,inactive_logit,50,score_only,47,50,50
CHEMBL236,35501,original,4,0.3,6.0,inactive_logit,50,plus_group_stats,49,50,50
CHEMBL236,35501,original,4,0.3,6.0,inactive_logit,50,plus_group_evidence,50,50,50
CHEMBL236,35501,original,4,0.3,6.0,inactive_logit,50,full,50,50,50
CHEMBL236,35501,original,4,0.3,6.0,inactive_logit,50,score_cap1,44,50,50
CHEMBL236,35501,original,4,0.3,6.0,inactive_logit,75,full,71,75,75
CHEMBL236,35501,original,4,0.3,6.0,inactive_logit,75,score_cap1,69,75,75
CHEMBL236,35501,unseen,4,,,logit_b5,50,full,50,50,50
CHEMBL236,35501,unseen,4,,,logit_b5,50,score_only,48,50,50
CHEMBL236,35501,unseen,4,,,logit_b5,50,score_cap1,48,50,50
CHEMBL236,35501,unseen,4,,,logit_b7,50,full,49,50,50
CHEMBL236,35501,unseen,4,,,logit_b7,50,score_only,46,50,50
CHEMBL236,35501,unseen,4,,,logit_b7,50,score_cap1,45,50,50
CHEMBL236,35501,unseen,4,,,additive_inactive,50,full,50,50,50
CHEMBL236,35501,unseen,4,,,additive_inactive,50,score_only,49,50,50
CHEMBL236,35501,unseen,4,,,additive_inactive,50,score_cap1,49,50,50
CHEMBL236,35501,unseen,4,,,blockwide_logit,50,full,50,50,50
CHEMBL236,35501,unseen,4,,,blockwide_logit,50,score_only,48,50,50
CHEMBL236,35501,unseen,4,,,blockwide_logit,50,score_cap1,50,50,50
CHEMBL236,35501,unseen,4,,,heterogeneous_inactive,50,full,50,50,50
CHEMBL236,35501,unseen,4,,,heterogeneous_inactive,50,score_only,46,50,50
CHEMBL236,35501,unseen,4,,,heterogeneous_inactive,50,score_cap1,46,50,50
CHEMBL236,35501,original,5,0.2,4.0,inactive_logit,20,full,20,20,20
CHEMBL236,35501,original,5,0.2,4.0,inactive_logit,20,score_cap1,19,20,20
CHEMBL236,35501,original,5,0.2,4.0,inactive_logit,40,full,40,40,40
CHEMBL236,35501,original,5,0.2,4.0,inactive_logit,40,score_cap1,39,40,40
CHEMBL236,35501,original,5,0.2,4.0,inactive_logit,50,score_only,49,50,50
CHEMBL236,35501,original,5,0.2,4.0,inactive_logit,50,plus_group_stats,50,50,50
CHEMBL236,35501,original,5,0.2,4.0,inactive_logit,50,plus_group_evidence,50,50,50
CHEMBL236,35501,original,5,0.2,4.0,inactive_logit,50,full,50,50,50
CHEMBL236,35501,original,5,0.2,4.0,inactive_logit,50,score_cap1,49,50,50
CHEMBL236,35501,original,5,0.2,4.0,inactive_logit,75,full,71,75,75
CHEMBL236,35501,original,5,0.2,4.0,inactive_logit,75,score_cap1,72,75,75
CHEMBL236,35501,original,5,0.2,6.0,inactive_logit,20,full,20,20,20
CHEMBL236,35501,original,5,0.2,6.0,inactive_logit,20,score_cap1,17,20,20
CHEMBL236,35501,original,5,0.2,6.0,inactive_logit,40,full,40,40,40
CHEMBL236,35501,original,5,0.2,6.0,inactive_logit,40,score_cap1,36,40,40
CHEMBL236,35501,original,5,0.2,6.0,inactive_logit,50,score_only,47,50,50
CHEMBL236,35501,original,5,0.2,6.0,inactive_logit,50,plus_group_stats,49,50,50
CHEMBL236,35501,original,5,0.2,6.0,inactive_logit,50,plus_group_evidence,50,50,50
CHEMBL236,35501,original,5,0.2,6.0,inactive_logit,50,full,50,50,50
CHEMBL236,35501,original,5,0.2,6.0,inactive_logit,50,score_cap1,46,50,50
CHEMBL236,35501,original,5,0.2,6.0,inactive_logit,75,full,72,75,75
CHEMBL236,35501,original,5,0.2,6.0,inactive_logit,75,score_cap1,71,75,75
CHEMBL236,35501,original,5,0.3,4.0,inactive_logit,20,full,20,20,20
CHEMBL236,35501,original,5,0.3,4.0,inactive_logit,20,score_cap1,18,20,20
CHEMBL236,35501,original,5,0.3,4.0,inactive_logit,40,full,40,40,40
CHEMBL236,35501,original,5,0.3,4.0,inactive_logit,40,score_cap1,37,40,40
CHEMBL236,35501,original,5,0.3,4.0,inactive_logit,50,score_only,47,50,50
CHEMBL236,35501,original,5,0.3,4.0,inactive_logit,50,plus_group_stats,50,50,50
CHEMBL236,35501,original,5,0.3,4.0,inactive_logit,50,plus_group_evidence,50,50,50
CHEMBL236,35501,original,5,0.3,4.0,inactive_logit,50,full,50,50,50
CHEMBL236,35501,original,5,0.3,4.0,inactive_logit,50,score_cap1,47,50,50
CHEMBL236,35501,original,5,0.3,4.0,inactive_logit,75,full,71,75,75
CHEMBL236,35501,original,5,0.3,4.0,inactive_logit,75,score_cap1,70,75,75
CHEMBL236,35501,original,5,0.3,6.0,inactive_logit,20,full,20,20,20
CHEMBL236,35501,original,5,0.3,6.0,inactive_logit,20,score_cap1,15,20,20
CHEMBL236,35501,original,5,0.3,6.0,inactive_logit,40,full,40,40,40
CHEMBL236,35501,original,5,0.3,6.0,inactive_logit,40,score_cap1,35,40,40
CHEMBL236,35501,original,5,0.3,6.0,inactive_logit,50,score_only,48,50,50
CHEMBL236,35501,original,5,0.3,6.0,inactive_logit,50,plus_group_stats,50,50,50
CHEMBL236,35501,original,5,0.3,6.0,inactive_logit,50,plus_group_evidence,50,50,50
CHEMBL236,35501,original,5,0.3,6.0,inactive_logit,50,full,50,50,50
CHEMBL236,35501,original,5,0.3,6.0,inactive_logit,50,score_cap1,45,50,50
CHEMBL236,35501,original,5,0.3,6.0,inactive_logit,75,full,72,75,75
CHEMBL236,35501,original,5,0.3,6.0,inactive_logit,75,score_cap1,69,75,75
CHEMBL236,35501,unseen,5,,,logit_b5,50,full,50,50,50
CHEMBL236,35501,unseen,5,,,logit_b5,50,score_only,48,50,50
CHEMBL236,35501,unseen,5,,,logit_b5,50,score_cap1,48,50,50
CHEMBL236,35501,unseen,5,,,logit_b7,50,full,49,50,50
CHEMBL236,35501,unseen,5,,,logit_b7,50,score_only,46,50,50
CHEMBL236,35501,unseen,5,,,logit_b7,50,score_cap1,44,50,50
CHEMBL236,35501,unseen,5,,,additive_inactive,50,full,50,50,50
CHEMBL236,35501,unseen,5,,,additive_inactive,50,score_only,50,50,50
CHEMBL236,35501,unseen,5,,,additive_inactive,50,score_cap1,49,50,50
CHEMBL236,35501,unseen,5,,,blockwide_logit,50,full,50,50,50
CHEMBL236,35501,unseen,5,,,blockwide_logit,50,score_only,49,50,50
CHEMBL236,35501,unseen,5,,,blockwide_logit,50,score_cap1,50,50,50
CHEMBL236,35501,unseen,5,,,heterogeneous_inactive,50,full,49,50,50
CHEMBL236,35501,unseen,5,,,heterogeneous_inactive,50,score_only,48,50,50
CHEMBL236,35501,unseen,5,,,heterogeneous_inactive,50,score_cap1,47,50,50
CHEMBL236,35501,original,6,0.2,4.0,inactive_logit,20,full,20,20,20
CHEMBL236,35501,original,6,0.2,4.0,inactive_logit,20,score_cap1,20,20,20
CHEMBL236,35501,original,6,0.2,4.0,inactive_logit,40,full,40,40,40
CHEMBL236,35501,original,6,0.2,4.0,inactive_logit,40,score_cap1,40,40,40
CHEMBL236,35501,original,6,0.2,4.0,inactive_logit,50,score_only,47,50,50
CHEMBL236,35501,original,6,0.2,4.0,inactive_logit,50,plus_group_stats,49,50,50
CHEMBL236,35501,original,6,0.2,4.0,inactive_logit,50,plus_group_evidence,50,50,50
CHEMBL236,35501,original,6,0.2,4.0,inactive_logit,50,full,50,50,50
CHEMBL236,35501,original,6,0.2,4.0,inactive_logit,50,score_cap1,49,50,50
CHEMBL236,35501,original,6,0.2,4.0,inactive_logit,75,full,70,75,75
CHEMBL236,35501,original,6,0.2,4.0,inactive_logit,75,score_cap1,71,75,75
CHEMBL236,35501,original,6,0.2,6.0,inactive_logit,20,full,20,20,20
CHEMBL236,35501,original,6,0.2,6.0,inactive_logit,20,score_cap1,17,20,20
CHEMBL236,35501,original,6,0.2,6.0,inactive_logit,40,full,40,40,40
CHEMBL236,35501,original,6,0.2,6.0,inactive_logit,40,score_cap1,36,40,40
CHEMBL236,35501,original,6,0.2,6.0,inactive_logit,50,score_only,47,50,50
CHEMBL236,35501,original,6,0.2,6.0,inactive_logit,50,plus_group_stats,50,50,50
CHEMBL236,35501,original,6,0.2,6.0,inactive_logit,50,plus_group_evidence,50,50,50
CHEMBL236,35501,original,6,0.2,6.0,inactive_logit,50,full,50,50,50
CHEMBL236,35501,original,6,0.2,6.0,inactive_logit,50,score_cap1,46,50,50
CHEMBL236,35501,original,6,0.2,6.0,inactive_logit,75,full,72,75,75
CHEMBL236,35501,original,6,0.2,6.0,inactive_logit,75,score_cap1,71,75,75
CHEMBL236,35501,original,6,0.3,4.0,inactive_logit,20,full,20,20,20
CHEMBL236,35501,original,6,0.3,4.0,inactive_logit,20,score_cap1,19,20,20
CHEMBL236,35501,original,6,0.3,4.0,inactive_logit,40,full,40,40,40
CHEMBL236,35501,original,6,0.3,4.0,inactive_logit,40,score_cap1,38,40,40
CHEMBL236,35501,original,6,0.3,4.0,inactive_logit,50,score_only,46,50,50
CHEMBL236,35501,original,6,0.3,4.0,inactive_logit,50,plus_group_stats,49,50,50
CHEMBL236,35501,original,6,0.3,4.0,inactive_logit,50,plus_group_evidence,50,50,50
CHEMBL236,35501,original,6,0.3,4.0,inactive_logit,50,full,50,50,50
CHEMBL236,35501,original,6,0.3,4.0,inactive_logit,50,score_cap1,47,50,50
CHEMBL236,35501,original,6,0.3,4.0,inactive_logit,75,full,71,75,75
CHEMBL236,35501,original,6,0.3,4.0,inactive_logit,75,score_cap1,71,75,75
CHEMBL236,35501,original,6,0.3,6.0,inactive_logit,20,full,20,20,20
CHEMBL236,35501,original,6,0.3,6.0,inactive_logit,20,score_cap1,16,20,20
CHEMBL236,35501,original,6,0.3,6.0,inactive_logit,40,full,40,40,40
CHEMBL236,35501,original,6,0.3,6.0,inactive_logit,40,score_cap1,36,40,40
CHEMBL236,35501,original,6,0.3,6.0,inactive_logit,50,score_only,49,50,50
CHEMBL236,35501,original,6,0.3,6.0,inactive_logit,50,plus_group_stats,50,50,50
CHEMBL236,35501,original,6,0.3,6.0,inactive_logit,50,plus_group_evidence,50,50,50
CHEMBL236,35501,original,6,0.3,6.0,inactive_logit,50,full,50,50,50
CHEMBL236,35501,original,6,0.3,6.0,inactive_logit,50,score_cap1,46,50,50
CHEMBL236,35501,original,6,0.3,6.0,inactive_logit,75,full,71,75,75
CHEMBL236,35501,original,6,0.3,6.0,inactive_logit,75,score_cap1,69,75,75
CHEMBL236,35501,unseen,6,,,logit_b5,50,full,50,50,50
CHEMBL236,35501,unseen,6,,,logit_b5,50,score_only,48,50,50
CHEMBL236,35501,unseen,6,,,logit_b5,50,score_cap1,48,50,50
CHEMBL236,35501,unseen,6,,,logit_b7,50,full,50,50,50
CHEMBL236,35501,unseen,6,,,logit_b7,50,score_only,46,50,50
CHEMBL236,35501,unseen,6,,,logit_b7,50,score_cap1,44,50,50
CHEMBL236,35501,unseen,6,,,additive_inactive,50,full,50,50,50
CHEMBL236,35501,unseen,6,,,additive_inactive,50,score_only,49,50,50
CHEMBL236,35501,unseen,6,,,additive_inactive,50,score_cap1,50,50,50
CHEMBL236,35501,unseen,6,,,blockwide_logit,50,full,50,50,50
CHEMBL236,35501,unseen,6,,,blockwide_logit,50,score_only,49,50,50
CHEMBL236,35501,unseen,6,,,blockwide_logit,50,score_cap1,50,50,50
CHEMBL236,35501,unseen,6,,,heterogeneous_inactive,50,full,50,50,50
CHEMBL236,35501,unseen,6,,,heterogeneous_inactive,50,score_only,48,50,50
CHEMBL236,35501,unseen,6,,,heterogeneous_inactive,50,score_cap1,47,50,50
CHEMBL236,35501,original,7,0.2,4.0,inactive_logit,20,full,20,20,20
CHEMBL236,35501,original,7,0.2,4.0,inactive_logit,20,score_cap1,19,20,20
CHEMBL236,35501,original,7,0.2,4.0,inactive_logit,40,full,40,40,40
CHEMBL236,35501,original,7,0.2,4.0,inactive_logit,40,score_cap1,39,40,40
CHEMBL236,35501,original,7,0.2,4.0,inactive_logit,50,score_only,47,50,50
CHEMBL236,35501,original,7,0.2,4.0,inactive_logit,50,plus_group_stats,50,50,50
CHEMBL236,35501,original,7,0.2,4.0,inactive_logit,50,plus_group_evidence,50,50,50
CHEMBL236,35501,original,7,0.2,4.0,inactive_logit,50,full,50,50,50
CHEMBL236,35501,original,7,0.2,4.0,inactive_logit,50,score_cap1,49,50,50
CHEMBL236,35501,original,7,0.2,4.0,inactive_logit,75,full,70,75,75
CHEMBL236,35501,original,7,0.2,4.0,inactive_logit,75,score_cap1,72,75,75
CHEMBL236,35501,original,7,0.2,6.0,inactive_logit,20,full,20,20,20
CHEMBL236,35501,original,7,0.2,6.0,inactive_logit,20,score_cap1,18,20,20
CHEMBL236,35501,original,7,0.2,6.0,inactive_logit,40,full,40,40,40
CHEMBL236,35501,original,7,0.2,6.0,inactive_logit,40,score_cap1,37,40,40
CHEMBL236,35501,original,7,0.2,6.0,inactive_logit,50,score_only,47,50,50
CHEMBL236,35501,original,7,0.2,6.0,inactive_logit,50,plus_group_stats,50,50,50
CHEMBL236,35501,original,7,0.2,6.0,inactive_logit,50,plus_group_evidence,50,50,50
CHEMBL236,35501,original,7,0.2,6.0,inactive_logit,50,full,50,50,50
CHEMBL236,35501,original,7,0.2,6.0,inactive_logit,50,score_cap1,46,50,50
CHEMBL236,35501,original,7,0.2,6.0,inactive_logit,75,full,71,75,75
CHEMBL236,35501,original,7,0.2,6.0,inactive_logit,75,score_cap1,71,75,75
CHEMBL236,35501,original,7,0.3,4.0,inactive_logit,20,full,20,20,20
CHEMBL236,35501,original,7,0.3,4.0,inactive_logit,20,score_cap1,17,20,20
CHEMBL236,35501,original,7,0.3,4.0,inactive_logit,40,full,40,40,40
CHEMBL236,35501,original,7,0.3,4.0,inactive_logit,40,score_cap1,37,40,40
CHEMBL236,35501,original,7,0.3,4.0,inactive_logit,50,score_only,46,50,50
CHEMBL236,35501,original,7,0.3,4.0,inactive_logit,50,plus_group_stats,49,50,50
CHEMBL236,35501,original,7,0.3,4.0,inactive_logit,50,plus_group_evidence,50,50,50
CHEMBL236,35501,original,7,0.3,4.0,inactive_logit,50,full,50,50,50
CHEMBL236,35501,original,7,0.3,4.0,inactive_logit,50,score_cap1,46,50,50
CHEMBL236,35501,original,7,0.3,4.0,inactive_logit,75,full,71,75,75
CHEMBL236,35501,original,7,0.3,4.0,inactive_logit,75,score_cap1,69,75,75
CHEMBL236,35501,original,7,0.3,6.0,inactive_logit,20,full,20,20,20
CHEMBL236,35501,original,7,0.3,6.0,inactive_logit,20,score_cap1,14,20,20
CHEMBL236,35501,original,7,0.3,6.0,inactive_logit,40,full,40,40,40
CHEMBL236,35501,original,7,0.3,6.0,inactive_logit,40,score_cap1,34,40,40
CHEMBL236,35501,original,7,0.3,6.0,inactive_logit,50,score_only,48,50,50
CHEMBL236,35501,original,7,0.3,6.0,inactive_logit,50,plus_group_stats,50,50,50
CHEMBL236,35501,original,7,0.3,6.0,inactive_logit,50,plus_group_evidence,50,50,50
CHEMBL236,35501,original,7,0.3,6.0,inactive_logit,50,full,50,50,50
CHEMBL236,35501,original,7,0.3,6.0,inactive_logit,50,score_cap1,44,50,50
CHEMBL236,35501,original,7,0.3,6.0,inactive_logit,75,full,73,75,75
CHEMBL236,35501,original,7,0.3,6.0,inactive_logit,75,score_cap1,69,75,75
CHEMBL236,35501,unseen,7,,,logit_b5,50,full,50,50,50
CHEMBL236,35501,unseen,7,,,logit_b5,50,score_only,47,50,50
CHEMBL236,35501,unseen,7,,,logit_b5,50,score_cap1,46,50,50
CHEMBL236,35501,unseen,7,,,logit_b7,50,full,50,50,50
CHEMBL236,35501,unseen,7,,,logit_b7,50,score_only,48,50,50
CHEMBL236,35501,unseen,7,,,logit_b7,50,score_cap1,44,50,50
CHEMBL236,35501,unseen,7,,,additive_inactive,50,full,50,50,50
CHEMBL236,35501,unseen,7,,,additive_inactive,50,score_only,49,50,50
CHEMBL236,35501,unseen,7,,,additive_inactive,50,score_cap1,49,50,50
CHEMBL236,35501,unseen,7,,,blockwide_logit,50,full,50,50,50
CHEMBL236,35501,unseen,7,,,blockwide_logit,50,score_only,45,50,50
CHEMBL236,35501,unseen,7,,,blockwide_logit,50,score_cap1,48,50,50
CHEMBL236,35501,unseen,7,,,heterogeneous_inactive,50,full,50,50,50
CHEMBL236,35501,unseen,7,,,heterogeneous_inactive,50,score_only,47,50,50
CHEMBL236,35501,unseen,7,,,heterogeneous_inactive,50,score_cap1,45,50,50
CHEMBL236,35501,original,8,0.2,4.0,inactive_logit,20,full,20,20,20
CHEMBL236,35501,original,8,0.2,4.0,inactive_logit,20,score_cap1,18,20,20
CHEMBL236,35501,original,8,0.2,4.0,inactive_logit,40,full,40,40,40
CHEMBL236,35501,original,8,0.2,4.0,inactive_logit,40,score_cap1,38,40,40
CHEMBL236,35501,original,8,0.2,4.0,inactive_logit,50,score_only,47,50,50
CHEMBL236,35501,original,8,0.2,4.0,inactive_logit,50,plus_group_stats,50,50,50
CHEMBL236,35501,original,8,0.2,4.0,inactive_logit,50,plus_group_evidence,50,50,50
CHEMBL236,35501,original,8,0.2,4.0,inactive_logit,50,full,50,50,50
CHEMBL236,35501,original,8,0.2,4.0,inactive_logit,50,score_cap1,48,50,50
CHEMBL236,35501,original,8,0.2,4.0,inactive_logit,75,full,72,75,75
CHEMBL236,35501,original,8,0.2,4.0,inactive_logit,75,score_cap1,72,75,75
CHEMBL236,35501,original,8,0.2,6.0,inactive_logit,20,full,20,20,20
CHEMBL236,35501,original,8,0.2,6.0,inactive_logit,20,score_cap1,18,20,20
CHEMBL236,35501,original,8,0.2,6.0,inactive_logit,40,full,40,40,40
CHEMBL236,35501,original,8,0.2,6.0,inactive_logit,40,score_cap1,36,40,40
CHEMBL236,35501,original,8,0.2,6.0,inactive_logit,50,score_only,48,50,50
CHEMBL236,35501,original,8,0.2,6.0,inactive_logit,50,plus_group_stats,49,50,50
CHEMBL236,35501,original,8,0.2,6.0,inactive_logit,50,plus_group_evidence,50,50,50
CHEMBL236,35501,original,8,0.2,6.0,inactive_logit,50,full,50,50,50
CHEMBL236,35501,original,8,0.2,6.0,inactive_logit,50,score_cap1,46,50,50
CHEMBL236,35501,original,8,0.2,6.0,inactive_logit,75,full,72,75,75
CHEMBL236,35501,original,8,0.2,6.0,inactive_logit,75,score_cap1,71,75,75
CHEMBL236,35501,original,8,0.3,4.0,inactive_logit,20,full,20,20,20
CHEMBL236,35501,original,8,0.3,4.0,inactive_logit,20,score_cap1,17,20,20
CHEMBL236,35501,original,8,0.3,4.0,inactive_logit,40,full,40,40,40
CHEMBL236,35501,original,8,0.3,4.0,inactive_logit,40,score_cap1,37,40,40
CHEMBL236,35501,original,8,0.3,4.0,inactive_logit,50,score_only,45,50,50
CHEMBL236,35501,original,8,0.3,4.0,inactive_logit,50,plus_group_stats,49,50,50
CHEMBL236,35501,original,8,0.3,4.0,inactive_logit,50,plus_group_evidence,50,50,50
CHEMBL236,35501,original,8,0.3,4.0,inactive_logit,50,full,50,50,50
CHEMBL236,35501,original,8,0.3,4.0,inactive_logit,50,score_cap1,46,50,50
CHEMBL236,35501,original,8,0.3,4.0,inactive_logit,75,full,72,75,75
CHEMBL236,35501,original,8,0.3,4.0,inactive_logit,75,score_cap1,69,75,75
CHEMBL236,35501,original,8,0.3,6.0,inactive_logit,20,full,20,20,20
CHEMBL236,35501,original,8,0.3,6.0,inactive_logit,20,score_cap1,14,20,20
CHEMBL236,35501,original,8,0.3,6.0,inactive_logit,40,full,40,40,40
CHEMBL236,35501,original,8,0.3,6.0,inactive_logit,40,score_cap1,34,40,40
CHEMBL236,35501,original,8,0.3,6.0,inactive_logit,50,score_only,48,50,50
CHEMBL236,35501,original,8,0.3,6.0,inactive_logit,50,plus_group_stats,50,50,50
CHEMBL236,35501,original,8,0.3,6.0,inactive_logit,50,plus_group_evidence,50,50,50
CHEMBL236,35501,original,8,0.3,6.0,inactive_logit,50,full,50,50,50
CHEMBL236,35501,original,8,0.3,6.0,inactive_logit,50,score_cap1,44,50,50
CHEMBL236,35501,original,8,0.3,6.0,inactive_logit,75,full,73,75,75
CHEMBL236,35501,original,8,0.3,6.0,inactive_logit,75,score_cap1,69,75,75
CHEMBL236,35501,unseen,8,,,logit_b5,50,full,50,50,50
CHEMBL236,35501,unseen,8,,,logit_b5,50,score_only,46,50,50
CHEMBL236,35501,unseen,8,,,logit_b5,50,score_cap1,46,50,50
CHEMBL236,35501,unseen,8,,,logit_b7,50,full,50,50,50
CHEMBL236,35501,unseen,8,,,logit_b7,50,score_only,47,50,50
CHEMBL236,35501,unseen,8,,,logit_b7,50,score_cap1,44,50,50
CHEMBL236,35501,unseen,8,,,additive_inactive,50,full,50,50,50
CHEMBL236,35501,unseen,8,,,additive_inactive,50,score_only,50,50,50
CHEMBL236,35501,unseen,8,,,additive_inactive,50,score_cap1,50,50,50
CHEMBL236,35501,unseen,8,,,blockwide_logit,50,full,50,50,50
CHEMBL236,35501,unseen,8,,,blockwide_logit,50,score_only,49,50,50
CHEMBL236,35501,unseen,8,,,blockwide_logit,50,score_cap1,49,50,50
CHEMBL236,35501,unseen,8,,,heterogeneous_inactive,50,full,49,50,50
CHEMBL236,35501,unseen,8,,,heterogeneous_inactive,50,score_only,46,50,50
CHEMBL236,35501,unseen,8,,,heterogeneous_inactive,50,score_cap1,46,50,50
CHEMBL236,35501,original,9,0.2,4.0,inactive_logit,20,full,20,20,20
CHEMBL236,35501,original,9,0.2,4.0,inactive_logit,20,score_cap1,20,20,20
CHEMBL236,35501,original,9,0.2,4.0,inactive_logit,40,full,40,40,40
CHEMBL236,35501,original,9,0.2,4.0,inactive_logit,40,score_cap1,40,40,40
CHEMBL236,35501,original,9,0.2,4.0,inactive_logit,50,score_only,50,50,50
CHEMBL236,35501,original,9,0.2,4.0,inactive_logit,50,plus_group_stats,50,50,50
CHEMBL236,35501,original,9,0.2,4.0,inactive_logit,50,plus_group_evidence,50,50,50
CHEMBL236,35501,original,9,0.2,4.0,inactive_logit,50,full,50,50,50
CHEMBL236,35501,original,9,0.2,4.0,inactive_logit,50,score_cap1,50,50,50
CHEMBL236,35501,original,9,0.2,4.0,inactive_logit,75,full,70,75,75
CHEMBL236,35501,original,9,0.2,4.0,inactive_logit,75,score_cap1,75,75,75
CHEMBL236,35501,original,9,0.2,6.0,inactive_logit,20,full,20,20,20
CHEMBL236,35501,original,9,0.2,6.0,inactive_logit,20,score_cap1,20,20,20
CHEMBL236,35501,original,9,0.2,6.0,inactive_logit,40,full,39,40,40
CHEMBL236,35501,original,9,0.2,6.0,inactive_logit,40,score_cap1,38,40,40
CHEMBL236,35501,original,9,0.2,6.0,inactive_logit,50,score_only,47,50,50
CHEMBL236,35501,original,9,0.2,6.0,inactive_logit,50,plus_group_stats,48,50,50
CHEMBL236,35501,original,9,0.2,6.0,inactive_logit,50,plus_group_evidence,49,50,50
CHEMBL236,35501,original,9,0.2,6.0,inactive_logit,50,full,49,50,50
CHEMBL236,35501,original,9,0.2,6.0,inactive_logit,50,score_cap1,47,50,50
CHEMBL236,35501,original,9,0.2,6.0,inactive_logit,75,full,70,75,75
CHEMBL236,35501,original,9,0.2,6.0,inactive_logit,75,score_cap1,71,75,75
CHEMBL236,35501,original,9,0.3,4.0,inactive_logit,20,full,20,20,20
CHEMBL236,35501,original,9,0.3,4.0,inactive_logit,20,score_cap1,17,20,20
CHEMBL236,35501,original,9,0.3,4.0,inactive_logit,40,full,40,40,40
CHEMBL236,35501,original,9,0.3,4.0,inactive_logit,40,score_cap1,37,40,40
CHEMBL236,35501,original,9,0.3,4.0,inactive_logit,50,score_only,46,50,50
CHEMBL236,35501,original,9,0.3,4.0,inactive_logit,50,plus_group_stats,49,50,50
CHEMBL236,35501,original,9,0.3,4.0,inactive_logit,50,plus_group_evidence,50,50,50
CHEMBL236,35501,original,9,0.3,4.0,inactive_logit,50,full,50,50,50
CHEMBL236,35501,original,9,0.3,4.0,inactive_logit,50,score_cap1,46,50,50
CHEMBL236,35501,original,9,0.3,4.0,inactive_logit,75,full,72,75,75
CHEMBL236,35501,original,9,0.3,4.0,inactive_logit,75,score_cap1,71,75,75
CHEMBL236,35501,original,9,0.3,6.0,inactive_logit,20,full,20,20,20
CHEMBL236,35501,original,9,0.3,6.0,inactive_logit,20,score_cap1,16,20,20
CHEMBL236,35501,original,9,0.3,6.0,inactive_logit,40,full,40,40,40
CHEMBL236,35501,original,9,0.3,6.0,inactive_logit,40,score_cap1,36,40,40
CHEMBL236,35501,original,9,0.3,6.0,inactive_logit,50,score_only,48,50,50
CHEMBL236,35501,original,9,0.3,6.0,inactive_logit,50,plus_group_stats,49,50,50
CHEMBL236,35501,original,9,0.3,6.0,inactive_logit,50,plus_group_evidence,49,50,50
CHEMBL236,35501,original,9,0.3,6.0,inactive_logit,50,full,49,50,50
CHEMBL236,35501,original,9,0.3,6.0,inactive_logit,50,score_cap1,45,50,50
CHEMBL236,35501,original,9,0.3,6.0,inactive_logit,75,full,73,75,75
CHEMBL236,35501,original,9,0.3,6.0,inactive_logit,75,score_cap1,69,75,75
CHEMBL236,35501,unseen,9,,,logit_b5,50,full,50,50,50
CHEMBL236,35501,unseen,9,,,logit_b5,50,score_only,48,50,50
CHEMBL236,35501,unseen,9,,,logit_b5,50,score_cap1,47,50,50
CHEMBL236,35501,unseen,9,,,logit_b7,50,full,50,50,50
CHEMBL236,35501,unseen,9,,,logit_b7,50,score_only,46,50,50
CHEMBL236,35501,unseen,9,,,logit_b7,50,score_cap1,44,50,50
CHEMBL236,35501,unseen,9,,,additive_inactive,50,full,50,50,50
CHEMBL236,35501,unseen,9,,,additive_inactive,50,score_only,49,50,50
CHEMBL236,35501,unseen,9,,,additive_inactive,50,score_cap1,49,50,50
CHEMBL236,35501,unseen,9,,,blockwide_logit,50,full,50,50,50
CHEMBL236,35501,unseen,9,,,blockwide_logit,50,score_only,47,50,50
CHEMBL236,35501,unseen,9,,,blockwide_logit,50,score_cap1,49,50,50
CHEMBL236,35501,unseen,9,,,heterogeneous_inactive,50,full,50,50,50
CHEMBL236,35501,unseen,9,,,heterogeneous_inactive,50,score_only,47,50,50
CHEMBL236,35501,unseen,9,,,heterogeneous_inactive,50,score_cap1,46,50,50
CHEMBL238,35501,original,0,0.2,4.0,inactive_logit,20,full,19,20,20
CHEMBL238,35501,original,0,0.2,4.0,inactive_logit,20,score_cap1,19,20,20
CHEMBL238,35501,original,0,0.2,4.0,inactive_logit,40,full,38,40,40
CHEMBL238,35501,original,0,0.2,4.0,inactive_logit,40,score_cap1,33,40,40
CHEMBL238,35501,original,0,0.2,4.0,inactive_logit,50,score_only,39,50,50
CHEMBL238,35501,original,0,0.2,4.0,inactive_logit,50,plus_group_stats,41,50,50
CHEMBL238,35501,original,0,0.2,4.0,inactive_logit,50,plus_group_evidence,44,50,50
CHEMBL238,35501,original,0,0.2,4.0,inactive_logit,50,full,43,50,50
CHEMBL238,35501,original,0,0.2,4.0,inactive_logit,50,score_cap1,42,50,50
CHEMBL238,35501,original,0,0.2,4.0,inactive_logit,75,full,61,75,75
CHEMBL238,35501,original,0,0.2,4.0,inactive_logit,75,score_cap1,59,75,75
CHEMBL238,35501,original,0,0.2,6.0,inactive_logit,20,full,19,20,20
CHEMBL238,35501,original,0,0.2,6.0,inactive_logit,20,score_cap1,13,20,20
CHEMBL238,35501,original,0,0.2,6.0,inactive_logit,40,full,38,40,40
CHEMBL238,35501,original,0,0.2,6.0,inactive_logit,40,score_cap1,32,40,40
CHEMBL238,35501,original,0,0.2,6.0,inactive_logit,50,score_only,40,50,50
CHEMBL238,35501,original,0,0.2,6.0,inactive_logit,50,plus_group_stats,45,50,50
CHEMBL238,35501,original,0,0.2,6.0,inactive_logit,50,plus_group_evidence,46,50,50
CHEMBL238,35501,original,0,0.2,6.0,inactive_logit,50,full,45,50,50
CHEMBL238,35501,original,0,0.2,6.0,inactive_logit,50,score_cap1,41,50,50
CHEMBL238,35501,original,0,0.2,6.0,inactive_logit,75,full,62,75,75
CHEMBL238,35501,original,0,0.2,6.0,inactive_logit,75,score_cap1,59,75,75
CHEMBL238,35501,original,0,0.3,4.0,inactive_logit,20,full,19,20,20
CHEMBL238,35501,original,0,0.3,4.0,inactive_logit,20,score_cap1,15,20,20
CHEMBL238,35501,original,0,0.3,4.0,inactive_logit,40,full,38,40,40
CHEMBL238,35501,original,0,0.3,4.0,inactive_logit,40,score_cap1,33,40,40
CHEMBL238,35501,original,0,0.3,4.0,inactive_logit,50,score_only,41,50,50
CHEMBL238,35501,original,0,0.3,4.0,inactive_logit,50,plus_group_stats,44,50,50
CHEMBL238,35501,original,0,0.3,4.0,inactive_logit,50,plus_group_evidence,46,50,50
CHEMBL238,35501,original,0,0.3,4.0,inactive_logit,50,full,45,50,50
CHEMBL238,35501,original,0,0.3,4.0,inactive_logit,50,score_cap1,41,50,50
CHEMBL238,35501,original,0,0.3,4.0,inactive_logit,75,full,63,75,75
CHEMBL238,35501,original,0,0.3,4.0,inactive_logit,75,score_cap1,58,75,75
CHEMBL238,35501,original,0,0.3,6.0,inactive_logit,20,full,19,20,20
CHEMBL238,35501,original,0,0.3,6.0,inactive_logit,20,score_cap1,12,20,20
CHEMBL238,35501,original,0,0.3,6.0,inactive_logit,40,full,38,40,40
CHEMBL238,35501,original,0,0.3,6.0,inactive_logit,40,score_cap1,29,40,40
CHEMBL238,35501,original,0,0.3,6.0,inactive_logit,50,score_only,43,50,50
CHEMBL238,35501,original,0,0.3,6.0,inactive_logit,50,plus_group_stats,45,50,50
CHEMBL238,35501,original,0,0.3,6.0,inactive_logit,50,plus_group_evidence,46,50,50
CHEMBL238,35501,original,0,0.3,6.0,inactive_logit,50,full,45,50,50
CHEMBL238,35501,original,0,0.3,6.0,inactive_logit,50,score_cap1,38,50,50
CHEMBL238,35501,original,0,0.3,6.0,inactive_logit,75,full,65,75,75
CHEMBL238,35501,original,0,0.3,6.0,inactive_logit,75,score_cap1,58,75,75
CHEMBL238,35501,unseen,0,,,logit_b5,50,full,45,50,50
CHEMBL238,35501,unseen,0,,,logit_b5,50,score_only,39,50,50
CHEMBL238,35501,unseen,0,,,logit_b5,50,score_cap1,41,50,50
CHEMBL238,35501,unseen,0,,,logit_b7,50,full,47,50,50
CHEMBL238,35501,unseen,0,,,logit_b7,50,score_only,41,50,50
CHEMBL238,35501,unseen,0,,,logit_b7,50,score_cap1,39,50,50
CHEMBL238,35501,unseen,0,,,additive_inactive,50,full,46,50,50
CHEMBL238,35501,unseen,0,,,additive_inactive,50,score_only,44,50,50
CHEMBL238,35501,unseen,0,,,additive_inactive,50,score_cap1,47,50,50
CHEMBL238,35501,unseen,0,,,blockwide_logit,50,full,45,50,50
CHEMBL238,35501,unseen,0,,,blockwide_logit,50,score_only,41,50,50
CHEMBL238,35501,unseen,0,,,blockwide_logit,50,score_cap1,44,50,50
CHEMBL238,35501,unseen,0,,,heterogeneous_inactive,50,full,45,50,50
CHEMBL238,35501,unseen,0,,,heterogeneous_inactive,50,score_only,41,50,50
CHEMBL238,35501,unseen,0,,,heterogeneous_inactive,50,score_cap1,41,50,50
CHEMBL238,35501,original,1,0.2,4.0,inactive_logit,20,full,19,20,20
CHEMBL238,35501,original,1,0.2,4.0,inactive_logit,20,score_cap1,19,20,20
CHEMBL238,35501,original,1,0.2,4.0,inactive_logit,40,full,37,40,40
CHEMBL238,35501,original,1,0.2,4.0,inactive_logit,40,score_cap1,35,40,40
CHEMBL238,35501,original,1,0.2,4.0,inactive_logit,50,score_only,43,50,50
CHEMBL238,35501,original,1,0.2,4.0,inactive_logit,50,plus_group_stats,45,50,50
CHEMBL238,35501,original,1,0.2,4.0,inactive_logit,50,plus_group_evidence,45,50,50
CHEMBL238,35501,original,1,0.2,4.0,inactive_logit,50,full,45,50,50
CHEMBL238,35501,original,1,0.2,4.0,inactive_logit,50,score_cap1,44,50,50
CHEMBL238,35501,original,1,0.2,4.0,inactive_logit,75,full,61,75,75
CHEMBL238,35501,original,1,0.2,4.0,inactive_logit,75,score_cap1,61,75,75
CHEMBL238,35501,original,1,0.2,6.0,inactive_logit,20,full,19,20,20
CHEMBL238,35501,original,1,0.2,6.0,inactive_logit,20,score_cap1,16,20,20
CHEMBL238,35501,original,1,0.2,6.0,inactive_logit,40,full,38,40,40
CHEMBL238,35501,original,1,0.2,6.0,inactive_logit,40,score_cap1,34,40,40
CHEMBL238,35501,original,1,0.2,6.0,inactive_logit,50,score_only,43,50,50
CHEMBL238,35501,original,1,0.2,6.0,inactive_logit,50,plus_group_stats,46,50,50
CHEMBL238,35501,original,1,0.2,6.0,inactive_logit,50,plus_group_evidence,45,50,50
CHEMBL238,35501,original,1,0.2,6.0,inactive_logit,50,full,44,50,50
CHEMBL238,35501,original,1,0.2,6.0,inactive_logit,50,score_cap1,42,50,50
CHEMBL238,35501,original,1,0.2,6.0,inactive_logit,75,full,61,75,75
CHEMBL238,35501,original,1,0.2,6.0,inactive_logit,75,score_cap1,60,75,75
CHEMBL238,35501,original,1,0.3,4.0,inactive_logit,20,full,19,20,20
CHEMBL238,35501,original,1,0.3,4.0,inactive_logit,20,score_cap1,16,20,20
CHEMBL238,35501,original,1,0.3,4.0,inactive_logit,40,full,38,40,40
CHEMBL238,35501,original,1,0.3,4.0,inactive_logit,40,score_cap1,34,40,40
CHEMBL238,35501,original,1,0.3,4.0,inactive_logit,50,score_only,40,50,50
CHEMBL238,35501,original,1,0.3,4.0,inactive_logit,50,plus_group_stats,44,50,50
CHEMBL238,35501,original,1,0.3,4.0,inactive_logit,50,plus_group_evidence,45,50,50
CHEMBL238,35501,original,1,0.3,4.0,inactive_logit,50,full,45,50,50
CHEMBL238,35501,original,1,0.3,4.0,inactive_logit,50,score_cap1,42,50,50
CHEMBL238,35501,original,1,0.3,4.0,inactive_logit,75,full,62,75,75
CHEMBL238,35501,original,1,0.3,4.0,inactive_logit,75,score_cap1,59,75,75
CHEMBL238,35501,original,1,0.3,6.0,inactive_logit,20,full,19,20,20
CHEMBL238,35501,original,1,0.3,6.0,inactive_logit,20,score_cap1,13,20,20
CHEMBL238,35501,original,1,0.3,6.0,inactive_logit,40,full,37,40,40
CHEMBL238,35501,original,1,0.3,6.0,inactive_logit,40,score_cap1,30,40,40
CHEMBL238,35501,original,1,0.3,6.0,inactive_logit,50,score_only,41,50,50
CHEMBL238,35501,original,1,0.3,6.0,inactive_logit,50,plus_group_stats,44,50,50
CHEMBL238,35501,original,1,0.3,6.0,inactive_logit,50,plus_group_evidence,44,50,50
CHEMBL238,35501,original,1,0.3,6.0,inactive_logit,50,full,44,50,50
CHEMBL238,35501,original,1,0.3,6.0,inactive_logit,50,score_cap1,40,50,50
CHEMBL238,35501,original,1,0.3,6.0,inactive_logit,75,full,63,75,75
CHEMBL238,35501,original,1,0.3,6.0,inactive_logit,75,score_cap1,58,75,75
CHEMBL238,35501,unseen,1,,,logit_b5,50,full,46,50,50
CHEMBL238,35501,unseen,1,,,logit_b5,50,score_only,41,50,50
CHEMBL238,35501,unseen,1,,,logit_b5,50,score_cap1,41,50,50
CHEMBL238,35501,unseen,1,,,logit_b7,50,full,46,50,50
CHEMBL238,35501,unseen,1,,,logit_b7,50,score_only,40,50,50
CHEMBL238,35501,unseen,1,,,logit_b7,50,score_cap1,38,50,50
CHEMBL238,35501,unseen,1,,,additive_inactive,50,full,46,50,50
CHEMBL238,35501,unseen,1,,,additive_inactive,50,score_only,45,50,50
CHEMBL238,35501,unseen,1,,,additive_inactive,50,score_cap1,48,50,50
CHEMBL238,35501,unseen,1,,,blockwide_logit,50,full,44,50,50
CHEMBL238,35501,unseen,1,,,blockwide_logit,50,score_only,40,50,50
CHEMBL238,35501,unseen,1,,,blockwide_logit,50,score_cap1,44,50,50
CHEMBL238,35501,unseen,1,,,heterogeneous_inactive,50,full,44,50,50
CHEMBL238,35501,unseen,1,,,heterogeneous_inactive,50,score_only,40,50,50
CHEMBL238,35501,unseen,1,,,heterogeneous_inactive,50,score_cap1,42,50,50
CHEMBL238,35501,original,2,0.2,4.0,inactive_logit,20,full,19,20,20
CHEMBL238,35501,original,2,0.2,4.0,inactive_logit,20,score_cap1,19,20,20
CHEMBL238,35501,original,2,0.2,4.0,inactive_logit,40,full,37,40,40
CHEMBL238,35501,original,2,0.2,4.0,inactive_logit,40,score_cap1,35,40,40
CHEMBL238,35501,original,2,0.2,4.0,inactive_logit,50,score_only,41,50,50
CHEMBL238,35501,original,2,0.2,4.0,inactive_logit,50,plus_group_stats,44,50,50
CHEMBL238,35501,original,2,0.2,4.0,inactive_logit,50,plus_group_evidence,45,50,50
CHEMBL238,35501,original,2,0.2,4.0,inactive_logit,50,full,44,50,50
CHEMBL238,35501,original,2,0.2,4.0,inactive_logit,50,score_cap1,43,50,50
CHEMBL238,35501,original,2,0.2,4.0,inactive_logit,75,full,61,75,75
CHEMBL238,35501,original,2,0.2,4.0,inactive_logit,75,score_cap1,60,75,75
CHEMBL238,35501,original,2,0.2,6.0,inactive_logit,20,full,19,20,20
CHEMBL238,35501,original,2,0.2,6.0,inactive_logit,20,score_cap1,15,20,20
CHEMBL238,35501,original,2,0.2,6.0,inactive_logit,40,full,36,40,40
CHEMBL238,35501,original,2,0.2,6.0,inactive_logit,40,score_cap1,32,40,40
CHEMBL238,35501,original,2,0.2,6.0,inactive_logit,50,score_only,42,50,50
CHEMBL238,35501,original,2,0.2,6.0,inactive_logit,50,plus_group_stats,44,50,50
CHEMBL238,35501,original,2,0.2,6.0,inactive_logit,50,plus_group_evidence,43,50,50
CHEMBL238,35501,original,2,0.2,6.0,inactive_logit,50,full,43,50,50
CHEMBL238,35501,original,2,0.2,6.0,inactive_logit,50,score_cap1,41,50,50
CHEMBL238,35501,original,2,0.2,6.0,inactive_logit,75,full,63,75,75
CHEMBL238,35501,original,2,0.2,6.0,inactive_logit,75,score_cap1,60,75,75
CHEMBL238,35501,original,2,0.3,4.0,inactive_logit,20,full,19,20,20
CHEMBL238,35501,original,2,0.3,4.0,inactive_logit,20,score_cap1,17,20,20
CHEMBL238,35501,original,2,0.3,4.0,inactive_logit,40,full,36,40,40
CHEMBL238,35501,original,2,0.3,4.0,inactive_logit,40,score_cap1,34,40,40
CHEMBL238,35501,original,2,0.3,4.0,inactive_logit,50,score_only,37,50,50
CHEMBL238,35501,original,2,0.3,4.0,inactive_logit,50,plus_group_stats,44,50,50
CHEMBL238,35501,original,2,0.3,4.0,inactive_logit,50,plus_group_evidence,46,50,50
CHEMBL238,35501,original,2,0.3,4.0,inactive_logit,50,full,44,50,50
CHEMBL238,35501,original,2,0.3,4.0,inactive_logit,50,score_cap1,42,50,50
CHEMBL238,35501,original,2,0.3,4.0,inactive_logit,75,full,62,75,75
CHEMBL238,35501,original,2,0.3,4.0,inactive_logit,75,score_cap1,57,75,75
CHEMBL238,35501,original,2,0.3,6.0,inactive_logit,20,full,19,20,20
CHEMBL238,35501,original,2,0.3,6.0,inactive_logit,20,score_cap1,13,20,20
CHEMBL238,35501,original,2,0.3,6.0,inactive_logit,40,full,36,40,40
CHEMBL238,35501,original,2,0.3,6.0,inactive_logit,40,score_cap1,29,40,40
CHEMBL238,35501,original,2,0.3,6.0,inactive_logit,50,score_only,40,50,50
CHEMBL238,35501,original,2,0.3,6.0,inactive_logit,50,plus_group_stats,44,50,50
CHEMBL238,35501,original,2,0.3,6.0,inactive_logit,50,plus_group_evidence,45,50,50
CHEMBL238,35501,original,2,0.3,6.0,inactive_logit,50,full,45,50,50
CHEMBL238,35501,original,2,0.3,6.0,inactive_logit,50,score_cap1,39,50,50
CHEMBL238,35501,original,2,0.3,6.0,inactive_logit,75,full,64,75,75
CHEMBL238,35501,original,2,0.3,6.0,inactive_logit,75,score_cap1,57,75,75
CHEMBL238,35501,unseen,2,,,logit_b5,50,full,44,50,50
CHEMBL238,35501,unseen,2,,,logit_b5,50,score_only,39,50,50
CHEMBL238,35501,unseen,2,,,logit_b5,50,score_cap1,44,50,50
CHEMBL238,35501,unseen,2,,,logit_b7,50,full,46,50,50
CHEMBL238,35501,unseen,2,,,logit_b7,50,score_only,40,50,50
CHEMBL238,35501,unseen,2,,,logit_b7,50,score_cap1,39,50,50
CHEMBL238,35501,unseen,2,,,additive_inactive,50,full,46,50,50
CHEMBL238,35501,unseen,2,,,additive_inactive,50,score_only,43,50,50
CHEMBL238,35501,unseen,2,,,additive_inactive,50,score_cap1,48,50,50
CHEMBL238,35501,unseen,2,,,blockwide_logit,50,full,45,50,50
CHEMBL238,35501,unseen,2,,,blockwide_logit,50,score_only,39,50,50
CHEMBL238,35501,unseen,2,,,blockwide_logit,50,score_cap1,45,50,50
CHEMBL238,35501,unseen,2,,,heterogeneous_inactive,50,full,46,50,50
CHEMBL238,35501,unseen,2,,,heterogeneous_inactive,50,score_only,39,50,50
CHEMBL238,35501,unseen,2,,,heterogeneous_inactive,50,score_cap1,42,50,50
CHEMBL238,35501,original,3,0.2,4.0,inactive_logit,20,full,19,20,20
CHEMBL238,35501,original,3,0.2,4.0,inactive_logit,20,score_cap1,17,20,20
CHEMBL238,35501,original,3,0.2,4.0,inactive_logit,40,full,39,40,40
CHEMBL238,35501,original,3,0.2,4.0,inactive_logit,40,score_cap1,36,40,40
CHEMBL238,35501,original,3,0.2,4.0,inactive_logit,50,score_only,42,50,50
CHEMBL238,35501,original,3,0.2,4.0,inactive_logit,50,plus_group_stats,45,50,50
CHEMBL238,35501,original,3,0.2,4.0,inactive_logit,50,plus_group_evidence,46,50,50
CHEMBL238,35501,original,3,0.2,4.0,inactive_logit,50,full,46,50,50
CHEMBL238,35501,original,3,0.2,4.0,inactive_logit,50,score_cap1,45,50,50
CHEMBL238,35501,original,3,0.2,4.0,inactive_logit,75,full,62,75,75
CHEMBL238,35501,original,3,0.2,4.0,inactive_logit,75,score_cap1,62,75,75
CHEMBL238,35501,original,3,0.2,6.0,inactive_logit,20,full,19,20,20
CHEMBL238,35501,original,3,0.2,6.0,inactive_logit,20,score_cap1,16,20,20
CHEMBL238,35501,original,3,0.2,6.0,inactive_logit,40,full,37,40,40
CHEMBL238,35501,original,3,0.2,6.0,inactive_logit,40,score_cap1,33,40,40
CHEMBL238,35501,original,3,0.2,6.0,inactive_logit,50,score_only,42,50,50
CHEMBL238,35501,original,3,0.2,6.0,inactive_logit,50,plus_group_stats,44,50,50
CHEMBL238,35501,original,3,0.2,6.0,inactive_logit,50,plus_group_evidence,46,50,50
CHEMBL238,35501,original,3,0.2,6.0,inactive_logit,50,full,45,50,50
CHEMBL238,35501,original,3,0.2,6.0,inactive_logit,50,score_cap1,42,50,50
CHEMBL238,35501,original,3,0.2,6.0,inactive_logit,75,full,62,75,75
CHEMBL238,35501,original,3,0.2,6.0,inactive_logit,75,score_cap1,62,75,75
CHEMBL238,35501,original,3,0.3,4.0,inactive_logit,20,full,19,20,20
CHEMBL238,35501,original,3,0.3,4.0,inactive_logit,20,score_cap1,19,20,20
CHEMBL238,35501,original,3,0.3,4.0,inactive_logit,40,full,37,40,40
CHEMBL238,35501,original,3,0.3,4.0,inactive_logit,40,score_cap1,34,40,40
CHEMBL238,35501,original,3,0.3,4.0,inactive_logit,50,score_only,38,50,50
CHEMBL238,35501,original,3,0.3,4.0,inactive_logit,50,plus_group_stats,42,50,50
CHEMBL238,35501,original,3,0.3,4.0,inactive_logit,50,plus_group_evidence,44,50,50
CHEMBL238,35501,original,3,0.3,4.0,inactive_logit,50,full,44,50,50
CHEMBL238,35501,original,3,0.3,4.0,inactive_logit,50,score_cap1,42,50,50
CHEMBL238,35501,original,3,0.3,4.0,inactive_logit,75,full,60,75,75
CHEMBL238,35501,original,3,0.3,4.0,inactive_logit,75,score_cap1,58,75,75
CHEMBL238,35501,original,3,0.3,6.0,inactive_logit,20,full,19,20,20
CHEMBL238,35501,original,3,0.3,6.0,inactive_logit,20,score_cap1,13,20,20
CHEMBL238,35501,original,3,0.3,6.0,inactive_logit,40,full,37,40,40
CHEMBL238,35501,original,3,0.3,6.0,inactive_logit,40,score_cap1,29,40,40
CHEMBL238,35501,original,3,0.3,6.0,inactive_logit,50,score_only,40,50,50
CHEMBL238,35501,original,3,0.3,6.0,inactive_logit,50,plus_group_stats,43,50,50
CHEMBL238,35501,original,3,0.3,6.0,inactive_logit,50,plus_group_evidence,44,50,50
CHEMBL238,35501,original,3,0.3,6.0,inactive_logit,50,full,44,50,50
CHEMBL238,35501,original,3,0.3,6.0,inactive_logit,50,score_cap1,39,50,50
CHEMBL238,35501,original,3,0.3,6.0,inactive_logit,75,full,61,75,75
CHEMBL238,35501,original,3,0.3,6.0,inactive_logit,75,score_cap1,58,75,75
CHEMBL238,35501,unseen,3,,,logit_b5,50,full,46,50,50
CHEMBL238,35501,unseen,3,,,logit_b5,50,score_only,42,50,50
CHEMBL238,35501,unseen,3,,,logit_b5,50,score_cap1,42,50,50
CHEMBL238,35501,unseen,3,,,logit_b7,50,full,47,50,50
CHEMBL238,35501,unseen,3,,,logit_b7,50,score_only,42,50,50
CHEMBL238,35501,unseen,3,,,logit_b7,50,score_cap1,39,50,50
CHEMBL238,35501,unseen,3,,,additive_inactive,50,full,46,50,50
CHEMBL238,35501,unseen,3,,,additive_inactive,50,score_only,45,50,50
CHEMBL238,35501,unseen,3,,,additive_inactive,50,score_cap1,47,50,50
CHEMBL238,35501,unseen,3,,,blockwide_logit,50,full,43,50,50
CHEMBL238,35501,unseen,3,,,blockwide_logit,50,score_only,40,50,50
CHEMBL238,35501,unseen,3,,,blockwide_logit,50,score_cap1,44,50,50
CHEMBL238,35501,unseen,3,,,heterogeneous_inactive,50,full,45,50,50
CHEMBL238,35501,unseen,3,,,heterogeneous_inactive,50,score_only,41,50,50
CHEMBL238,35501,unseen,3,,,heterogeneous_inactive,50,score_cap1,41,50,50
CHEMBL238,35501,original,4,0.2,4.0,inactive_logit,20,full,19,20,20
CHEMBL238,35501,original,4,0.2,4.0,inactive_logit,20,score_cap1,17,20,20
CHEMBL238,35501,original,4,0.2,4.0,inactive_logit,40,full,39,40,40
CHEMBL238,35501,original,4,0.2,4.0,inactive_logit,40,score_cap1,33,40,40
CHEMBL238,35501,original,4,0.2,4.0,inactive_logit,50,score_only,44,50,50
CHEMBL238,35501,original,4,0.2,4.0,inactive_logit,50,plus_group_stats,45,50,50
CHEMBL238,35501,original,4,0.2,4.0,inactive_logit,50,plus_group_evidence,45,50,50
CHEMBL238,35501,original,4,0.2,4.0,inactive_logit,50,full,45,50,50
CHEMBL238,35501,original,4,0.2,4.0,inactive_logit,50,score_cap1,43,50,50
CHEMBL238,35501,original,4,0.2,4.0,inactive_logit,75,full,62,75,75
CHEMBL238,35501,original,4,0.2,4.0,inactive_logit,75,score_cap1,61,75,75
CHEMBL238,35501,original,4,0.2,6.0,inactive_logit,20,full,19,20,20
CHEMBL238,35501,original,4,0.2,6.0,inactive_logit,20,score_cap1,15,20,20
CHEMBL238,35501,original,4,0.2,6.0,inactive_logit,40,full,39,40,40
CHEMBL238,35501,original,4,0.2,6.0,inactive_logit,40,score_cap1,33,40,40
CHEMBL238,35501,original,4,0.2,6.0,inactive_logit,50,score_only,46,50,50
CHEMBL238,35501,original,4,0.2,6.0,inactive_logit,50,plus_group_stats,45,50,50
CHEMBL238,35501,original,4,0.2,6.0,inactive_logit,50,plus_group_evidence,46,50,50
CHEMBL238,35501,original,4,0.2,6.0,inactive_logit,50,full,46,50,50
CHEMBL238,35501,original,4,0.2,6.0,inactive_logit,50,score_cap1,42,50,50
CHEMBL238,35501,original,4,0.2,6.0,inactive_logit,75,full,63,75,75
CHEMBL238,35501,original,4,0.2,6.0,inactive_logit,75,score_cap1,60,75,75
CHEMBL238,35501,original,4,0.3,4.0,inactive_logit,20,full,19,20,20
CHEMBL238,35501,original,4,0.3,4.0,inactive_logit,20,score_cap1,17,20,20
CHEMBL238,35501,original,4,0.3,4.0,inactive_logit,40,full,38,40,40
CHEMBL238,35501,original,4,0.3,4.0,inactive_logit,40,score_cap1,33,40,40
CHEMBL238,35501,original,4,0.3,4.0,inactive_logit,50,score_only,37,50,50
CHEMBL238,35501,original,4,0.3,4.0,inactive_logit,50,plus_group_stats,42,50,50
CHEMBL238,35501,original,4,0.3,4.0,inactive_logit,50,plus_group_evidence,45,50,50
CHEMBL238,35501,original,4,0.3,4.0,inactive_logit,50,full,44,50,50
CHEMBL238,35501,original,4,0.3,4.0,inactive_logit,50,score_cap1,41,50,50
CHEMBL238,35501,original,4,0.3,4.0,inactive_logit,75,full,61,75,75
CHEMBL238,35501,original,4,0.3,4.0,inactive_logit,75,score_cap1,59,75,75
CHEMBL238,35501,original,4,0.3,6.0,inactive_logit,20,full,19,20,20
CHEMBL238,35501,original,4,0.3,6.0,inactive_logit,20,score_cap1,12,20,20
CHEMBL238,35501,original,4,0.3,6.0,inactive_logit,40,full,39,40,40
CHEMBL238,35501,original,4,0.3,6.0,inactive_logit,40,score_cap1,30,40,40
CHEMBL238,35501,original,4,0.3,6.0,inactive_logit,50,score_only,40,50,50
CHEMBL238,35501,original,4,0.3,6.0,inactive_logit,50,plus_group_stats,45,50,50
CHEMBL238,35501,original,4,0.3,6.0,inactive_logit,50,plus_group_evidence,46,50,50
CHEMBL238,35501,original,4,0.3,6.0,inactive_logit,50,full,45,50,50
CHEMBL238,35501,original,4,0.3,6.0,inactive_logit,50,score_cap1,40,50,50
CHEMBL238,35501,original,4,0.3,6.0,inactive_logit,75,full,63,75,75
CHEMBL238,35501,original,4,0.3,6.0,inactive_logit,75,score_cap1,58,75,75
CHEMBL238,35501,unseen,4,,,logit_b5,50,full,45,50,50
CHEMBL238,35501,unseen,4,,,logit_b5,50,score_only,42,50,50
CHEMBL238,35501,unseen,4,,,logit_b5,50,score_cap1,44,50,50
CHEMBL238,35501,unseen,4,,,logit_b7,50,full,46,50,50
CHEMBL238,35501,unseen,4,,,logit_b7,50,score_only,43,50,50
CHEMBL238,35501,unseen,4,,,logit_b7,50,score_cap1,38,50,50
CHEMBL238,35501,unseen,4,,,additive_inactive,50,full,45,50,50
CHEMBL238,35501,unseen,4,,,additive_inactive,50,score_only,43,50,50
CHEMBL238,35501,unseen,4,,,additive_inactive,50,score_cap1,48,50,50
CHEMBL238,35501,unseen,4,,,blockwide_logit,50,full,44,50,50
CHEMBL238,35501,unseen,4,,,blockwide_logit,50,score_only,37,50,50
CHEMBL238,35501,unseen,4,,,blockwide_logit,50,score_cap1,42,50,50
CHEMBL238,35501,unseen,4,,,heterogeneous_inactive,50,full,45,50,50
CHEMBL238,35501,unseen,4,,,heterogeneous_inactive,50,score_only,37,50,50
CHEMBL238,35501,unseen,4,,,heterogeneous_inactive,50,score_cap1,40,50,50
CHEMBL238,35501,original,5,0.2,4.0,inactive_logit,20,full,19,20,20
CHEMBL238,35501,original,5,0.2,4.0,inactive_logit,20,score_cap1,19,20,20
CHEMBL238,35501,original,5,0.2,4.0,inactive_logit,40,full,37,40,40
CHEMBL238,35501,original,5,0.2,4.0,inactive_logit,40,score_cap1,35,40,40
CHEMBL238,35501,original,5,0.2,4.0,inactive_logit,50,score_only,41,50,50
CHEMBL238,35501,original,5,0.2,4.0,inactive_logit,50,plus_group_stats,43,50,50
CHEMBL238,35501,original,5,0.2,4.0,inactive_logit,50,plus_group_evidence,45,50,50
CHEMBL238,35501,original,5,0.2,4.0,inactive_logit,50,full,44,50,50
CHEMBL238,35501,original,5,0.2,4.0,inactive_logit,50,score_cap1,43,50,50
CHEMBL238,35501,original,5,0.2,4.0,inactive_logit,75,full,62,75,75
CHEMBL238,35501,original,5,0.2,4.0,inactive_logit,75,score_cap1,61,75,75
CHEMBL238,35501,original,5,0.2,6.0,inactive_logit,20,full,19,20,20
CHEMBL238,35501,original,5,0.2,6.0,inactive_logit,20,score_cap1,15,20,20
CHEMBL238,35501,original,5,0.2,6.0,inactive_logit,40,full,39,40,40
CHEMBL238,35501,original,5,0.2,6.0,inactive_logit,40,score_cap1,33,40,40
CHEMBL238,35501,original,5,0.2,6.0,inactive_logit,50,score_only,41,50,50
CHEMBL238,35501,original,5,0.2,6.0,inactive_logit,50,plus_group_stats,45,50,50
CHEMBL238,35501,original,5,0.2,6.0,inactive_logit,50,plus_group_evidence,46,50,50
CHEMBL238,35501,original,5,0.2,6.0,inactive_logit,50,full,44,50,50
CHEMBL238,35501,original,5,0.2,6.0,inactive_logit,50,score_cap1,42,50,50
CHEMBL238,35501,original,5,0.2,6.0,inactive_logit,75,full,62,75,75
CHEMBL238,35501,original,5,0.2,6.0,inactive_logit,75,score_cap1,60,75,75
CHEMBL238,35501,original,5,0.3,4.0,inactive_logit,20,full,19,20,20
CHEMBL238,35501,original,5,0.3,4.0,inactive_logit,20,score_cap1,15,20,20
CHEMBL238,35501,original,5,0.3,4.0,inactive_logit,40,full,39,40,40
CHEMBL238,35501,original,5,0.3,4.0,inactive_logit,40,score_cap1,32,40,40
CHEMBL238,35501,original,5,0.3,4.0,inactive_logit,50,score_only,40,50,50
CHEMBL238,35501,original,5,0.3,4.0,inactive_logit,50,plus_group_stats,44,50,50
CHEMBL238,35501,original,5,0.3,4.0,inactive_logit,50,plus_group_evidence,46,50,50
CHEMBL238,35501,original,5,0.3,4.0,inactive_logit,50,full,45,50,50
CHEMBL238,35501,original,5,0.3,4.0,inactive_logit,50,score_cap1,40,50,50
CHEMBL238,35501,original,5,0.3,4.0,inactive_logit,75,full,63,75,75
CHEMBL238,35501,original,5,0.3,4.0,inactive_logit,75,score_cap1,57,75,75
CHEMBL238,35501,original,5,0.3,6.0,inactive_logit,20,full,19,20,20
CHEMBL238,35501,original,5,0.3,6.0,inactive_logit,20,score_cap1,11,20,20
CHEMBL238,35501,original,5,0.3,6.0,inactive_logit,40,full,37,40,40
CHEMBL238,35501,original,5,0.3,6.0,inactive_logit,40,score_cap1,29,40,40
CHEMBL238,35501,original,5,0.3,6.0,inactive_logit,50,score_only,42,50,50
CHEMBL238,35501,original,5,0.3,6.0,inactive_logit,50,plus_group_stats,45,50,50
CHEMBL238,35501,original,5,0.3,6.0,inactive_logit,50,plus_group_evidence,46,50,50
CHEMBL238,35501,original,5,0.3,6.0,inactive_logit,50,full,46,50,50
CHEMBL238,35501,original,5,0.3,6.0,inactive_logit,50,score_cap1,39,50,50
CHEMBL238,35501,original,5,0.3,6.0,inactive_logit,75,full,64,75,75
CHEMBL238,35501,original,5,0.3,6.0,inactive_logit,75,score_cap1,57,75,75
CHEMBL238,35501,unseen,5,,,logit_b5,50,full,47,50,50
CHEMBL238,35501,unseen,5,,,logit_b5,50,score_only,43,50,50
CHEMBL238,35501,unseen,5,,,logit_b5,50,score_cap1,44,50,50
CHEMBL238,35501,unseen,5,,,logit_b7,50,full,46,50,50
CHEMBL238,35501,unseen,5,,,logit_b7,50,score_only,41,50,50
CHEMBL238,35501,unseen,5,,,logit_b7,50,score_cap1,39,50,50
CHEMBL238,35501,unseen,5,,,additive_inactive,50,full,45,50,50
CHEMBL238,35501,unseen,5,,,additive_inactive,50,score_only,45,50,50
CHEMBL238,35501,unseen,5,,,additive_inactive,50,score_cap1,48,50,50
CHEMBL238,35501,unseen,5,,,blockwide_logit,50,full,44,50,50
CHEMBL238,35501,unseen,5,,,blockwide_logit,50,score_only,39,50,50
CHEMBL238,35501,unseen,5,,,blockwide_logit,50,score_cap1,43,50,50
CHEMBL238,35501,unseen,5,,,heterogeneous_inactive,50,full,43,50,50
CHEMBL238,35501,unseen,5,,,heterogeneous_inactive,50,score_only,39,50,50
CHEMBL238,35501,unseen,5,,,heterogeneous_inactive,50,score_cap1,41,50,50
CHEMBL238,35501,original,6,0.2,4.0,inactive_logit,20,full,19,20,20
CHEMBL238,35501,original,6,0.2,4.0,inactive_logit,20,score_cap1,18,20,20
CHEMBL238,35501,original,6,0.2,4.0,inactive_logit,40,full,38,40,40
CHEMBL238,35501,original,6,0.2,4.0,inactive_logit,40,score_cap1,35,40,40
CHEMBL238,35501,original,6,0.2,4.0,inactive_logit,50,score_only,40,50,50
CHEMBL238,35501,original,6,0.2,4.0,inactive_logit,50,plus_group_stats,44,50,50
CHEMBL238,35501,original,6,0.2,4.0,inactive_logit,50,plus_group_evidence,46,50,50
CHEMBL238,35501,original,6,0.2,4.0,inactive_logit,50,full,44,50,50
CHEMBL238,35501,original,6,0.2,4.0,inactive_logit,50,score_cap1,44,50,50
CHEMBL238,35501,original,6,0.2,4.0,inactive_logit,75,full,62,75,75
CHEMBL238,35501,original,6,0.2,4.0,inactive_logit,75,score_cap1,61,75,75
CHEMBL238,35501,original,6,0.2,6.0,inactive_logit,20,full,19,20,20
CHEMBL238,35501,original,6,0.2,6.0,inactive_logit,20,score_cap1,16,20,20
CHEMBL238,35501,original,6,0.2,6.0,inactive_logit,40,full,39,40,40
CHEMBL238,35501,original,6,0.2,6.0,inactive_logit,40,score_cap1,33,40,40
CHEMBL238,35501,original,6,0.2,6.0,inactive_logit,50,score_only,41,50,50
CHEMBL238,35501,original,6,0.2,6.0,inactive_logit,50,plus_group_stats,44,50,50
CHEMBL238,35501,original,6,0.2,6.0,inactive_logit,50,plus_group_evidence,46,50,50
CHEMBL238,35501,original,6,0.2,6.0,inactive_logit,50,full,45,50,50
CHEMBL238,35501,original,6,0.2,6.0,inactive_logit,50,score_cap1,42,50,50
CHEMBL238,35501,original,6,0.2,6.0,inactive_logit,75,full,64,75,75
CHEMBL238,35501,original,6,0.2,6.0,inactive_logit,75,score_cap1,60,75,75
CHEMBL238,35501,original,6,0.3,4.0,inactive_logit,20,full,19,20,20
CHEMBL238,35501,original,6,0.3,4.0,inactive_logit,20,score_cap1,17,20,20
CHEMBL238,35501,original,6,0.3,4.0,inactive_logit,40,full,38,40,40
CHEMBL238,35501,original,6,0.3,4.0,inactive_logit,40,score_cap1,33,40,40
CHEMBL238,35501,original,6,0.3,4.0,inactive_logit,50,score_only,38,50,50
CHEMBL238,35501,original,6,0.3,4.0,inactive_logit,50,plus_group_stats,44,50,50
CHEMBL238,35501,original,6,0.3,4.0,inactive_logit,50,plus_group_evidence,46,50,50
CHEMBL238,35501,original,6,0.3,4.0,inactive_logit,50,full,44,50,50
CHEMBL238,35501,original,6,0.3,4.0,inactive_logit,50,score_cap1,41,50,50
CHEMBL238,35501,original,6,0.3,4.0,inactive_logit,75,full,62,75,75
CHEMBL238,35501,original,6,0.3,4.0,inactive_logit,75,score_cap1,56,75,75
CHEMBL238,35501,original,6,0.3,6.0,inactive_logit,20,full,19,20,20
CHEMBL238,35501,original,6,0.3,6.0,inactive_logit,20,score_cap1,13,20,20
CHEMBL238,35501,original,6,0.3,6.0,inactive_logit,40,full,38,40,40
CHEMBL238,35501,original,6,0.3,6.0,inactive_logit,40,score_cap1,29,40,40
CHEMBL238,35501,original,6,0.3,6.0,inactive_logit,50,score_only,38,50,50
CHEMBL238,35501,original,6,0.3,6.0,inactive_logit,50,plus_group_stats,43,50,50
CHEMBL238,35501,original,6,0.3,6.0,inactive_logit,50,plus_group_evidence,44,50,50
CHEMBL238,35501,original,6,0.3,6.0,inactive_logit,50,full,45,50,50
CHEMBL238,35501,original,6,0.3,6.0,inactive_logit,50,score_cap1,38,50,50
CHEMBL238,35501,original,6,0.3,6.0,inactive_logit,75,full,63,75,75
CHEMBL238,35501,original,6,0.3,6.0,inactive_logit,75,score_cap1,56,75,75
CHEMBL238,35501,unseen,6,,,logit_b5,50,full,46,50,50
CHEMBL238,35501,unseen,6,,,logit_b5,50,score_only,42,50,50
CHEMBL238,35501,unseen,6,,,logit_b5,50,score_cap1,42,50,50
CHEMBL238,35501,unseen,6,,,logit_b7,50,full,47,50,50
CHEMBL238,35501,unseen,6,,,logit_b7,50,score_only,43,50,50
CHEMBL238,35501,unseen,6,,,logit_b7,50,score_cap1,39,50,50
CHEMBL238,35501,unseen,6,,,additive_inactive,50,full,46,50,50
CHEMBL238,35501,unseen,6,,,additive_inactive,50,score_only,45,50,50
CHEMBL238,35501,unseen,6,,,additive_inactive,50,score_cap1,47,50,50
CHEMBL238,35501,unseen,6,,,blockwide_logit,50,full,45,50,50
CHEMBL238,35501,unseen,6,,,blockwide_logit,50,score_only,42,50,50
CHEMBL238,35501,unseen,6,,,blockwide_logit,50,score_cap1,44,50,50
CHEMBL238,35501,unseen,6,,,heterogeneous_inactive,50,full,45,50,50
CHEMBL238,35501,unseen,6,,,heterogeneous_inactive,50,score_only,42,50,50
CHEMBL238,35501,unseen,6,,,heterogeneous_inactive,50,score_cap1,41,50,50
CHEMBL238,35501,original,7,0.2,4.0,inactive_logit,20,full,19,20,20
CHEMBL238,35501,original,7,0.2,4.0,inactive_logit,20,score_cap1,18,20,20
CHEMBL238,35501,original,7,0.2,4.0,inactive_logit,40,full,38,40,40
CHEMBL238,35501,original,7,0.2,4.0,inactive_logit,40,score_cap1,34,40,40
CHEMBL238,35501,original,7,0.2,4.0,inactive_logit,50,score_only,41,50,50
CHEMBL238,35501,original,7,0.2,4.0,inactive_logit,50,plus_group_stats,44,50,50
CHEMBL238,35501,original,7,0.2,4.0,inactive_logit,50,plus_group_evidence,45,50,50
CHEMBL238,35501,original,7,0.2,4.0,inactive_logit,50,full,45,50,50
CHEMBL238,35501,original,7,0.2,4.0,inactive_logit,50,score_cap1,42,50,50
CHEMBL238,35501,original,7,0.2,4.0,inactive_logit,75,full,62,75,75
CHEMBL238,35501,original,7,0.2,4.0,inactive_logit,75,score_cap1,60,75,75
CHEMBL238,35501,original,7,0.2,6.0,inactive_logit,20,full,19,20,20
CHEMBL238,35501,original,7,0.2,6.0,inactive_logit,20,score_cap1,14,20,20
CHEMBL238,35501,original,7,0.2,6.0,inactive_logit,40,full,38,40,40
CHEMBL238,35501,original,7,0.2,6.0,inactive_logit,40,score_cap1,32,40,40
CHEMBL238,35501,original,7,0.2,6.0,inactive_logit,50,score_only,42,50,50
CHEMBL238,35501,original,7,0.2,6.0,inactive_logit,50,plus_group_stats,46,50,50
CHEMBL238,35501,original,7,0.2,6.0,inactive_logit,50,plus_group_evidence,46,50,50
CHEMBL238,35501,original,7,0.2,6.0,inactive_logit,50,full,45,50,50
CHEMBL238,35501,original,7,0.2,6.0,inactive_logit,50,score_cap1,41,50,50
CHEMBL238,35501,original,7,0.2,6.0,inactive_logit,75,full,63,75,75
CHEMBL238,35501,original,7,0.2,6.0,inactive_logit,75,score_cap1,60,75,75
CHEMBL238,35501,original,7,0.3,4.0,inactive_logit,20,full,19,20,20
CHEMBL238,35501,original,7,0.3,4.0,inactive_logit,20,score_cap1,17,20,20
CHEMBL238,35501,original,7,0.3,4.0,inactive_logit,40,full,38,40,40
CHEMBL238,35501,original,7,0.3,4.0,inactive_logit,40,score_cap1,34,40,40
CHEMBL238,35501,original,7,0.3,4.0,inactive_logit,50,score_only,40,50,50
CHEMBL238,35501,original,7,0.3,4.0,inactive_logit,50,plus_group_stats,42,50,50
CHEMBL238,35501,original,7,0.3,4.0,inactive_logit,50,plus_group_evidence,44,50,50
CHEMBL238,35501,original,7,0.3,4.0,inactive_logit,50,full,44,50,50
CHEMBL238,35501,original,7,0.3,4.0,inactive_logit,50,score_cap1,41,50,50
CHEMBL238,35501,original,7,0.3,4.0,inactive_logit,75,full,62,75,75
CHEMBL238,35501,original,7,0.3,4.0,inactive_logit,75,score_cap1,58,75,75
CHEMBL238,35501,original,7,0.3,6.0,inactive_logit,20,full,19,20,20
CHEMBL238,35501,original,7,0.3,6.0,inactive_logit,20,score_cap1,12,20,20
CHEMBL238,35501,original,7,0.3,6.0,inactive_logit,40,full,37,40,40
CHEMBL238,35501,original,7,0.3,6.0,inactive_logit,40,score_cap1,30,40,40
CHEMBL238,35501,original,7,0.3,6.0,inactive_logit,50,score_only,41,50,50
CHEMBL238,35501,original,7,0.3,6.0,inactive_logit,50,plus_group_stats,45,50,50
CHEMBL238,35501,original,7,0.3,6.0,inactive_logit,50,plus_group_evidence,45,50,50
CHEMBL238,35501,original,7,0.3,6.0,inactive_logit,50,full,44,50,50
CHEMBL238,35501,original,7,0.3,6.0,inactive_logit,50,score_cap1,39,50,50
CHEMBL238,35501,original,7,0.3,6.0,inactive_logit,75,full,62,75,75
CHEMBL238,35501,original,7,0.3,6.0,inactive_logit,75,score_cap1,57,75,75
CHEMBL238,35501,unseen,7,,,logit_b5,50,full,45,50,50
CHEMBL238,35501,unseen,7,,,logit_b5,50,score_only,40,50,50
CHEMBL238,35501,unseen,7,,,logit_b5,50,score_cap1,41,50,50
CHEMBL238,35501,unseen,7,,,logit_b7,50,full,46,50,50
CHEMBL238,35501,unseen,7,,,logit_b7,50,score_only,41,50,50
CHEMBL238,35501,unseen,7,,,logit_b7,50,score_cap1,40,50,50
CHEMBL238,35501,unseen,7,,,additive_inactive,50,full,46,50,50
CHEMBL238,35501,unseen,7,,,additive_inactive,50,score_only,44,50,50
CHEMBL238,35501,unseen,7,,,additive_inactive,50,score_cap1,48,50,50
CHEMBL238,35501,unseen,7,,,blockwide_logit,50,full,44,50,50
CHEMBL238,35501,unseen,7,,,blockwide_logit,50,score_only,41,50,50
CHEMBL238,35501,unseen,7,,,blockwide_logit,50,score_cap1,44,50,50
CHEMBL238,35501,unseen,7,,,heterogeneous_inactive,50,full,45,50,50
CHEMBL238,35501,unseen,7,,,heterogeneous_inactive,50,score_only,39,50,50
CHEMBL238,35501,unseen,7,,,heterogeneous_inactive,50,score_cap1,41,50,50
CHEMBL238,35501,original,8,0.2,4.0,inactive_logit,20,full,19,20,20
CHEMBL238,35501,original,8,0.2,4.0,inactive_logit,20,score_cap1,20,20,20
CHEMBL238,35501,original,8,0.2,4.0,inactive_logit,40,full,38,40,40
CHEMBL238,35501,original,8,0.2,4.0,inactive_logit,40,score_cap1,36,40,40
CHEMBL238,35501,original,8,0.2,4.0,inactive_logit,50,score_only,40,50,50
CHEMBL238,35501,original,8,0.2,4.0,inactive_logit,50,plus_group_stats,44,50,50
CHEMBL238,35501,original,8,0.2,4.0,inactive_logit,50,plus_group_evidence,46,50,50
CHEMBL238,35501,original,8,0.2,4.0,inactive_logit,50,full,45,50,50
CHEMBL238,35501,original,8,0.2,4.0,inactive_logit,50,score_cap1,44,50,50
CHEMBL238,35501,original,8,0.2,4.0,inactive_logit,75,full,62,75,75
CHEMBL238,35501,original,8,0.2,4.0,inactive_logit,75,score_cap1,61,75,75
CHEMBL238,35501,original,8,0.2,6.0,inactive_logit,20,full,19,20,20
CHEMBL238,35501,original,8,0.2,6.0,inactive_logit,20,score_cap1,16,20,20
CHEMBL238,35501,original,8,0.2,6.0,inactive_logit,40,full,39,40,40
CHEMBL238,35501,original,8,0.2,6.0,inactive_logit,40,score_cap1,34,40,40
CHEMBL238,35501,original,8,0.2,6.0,inactive_logit,50,score_only,40,50,50
CHEMBL238,35501,original,8,0.2,6.0,inactive_logit,50,plus_group_stats,45,50,50
CHEMBL238,35501,original,8,0.2,6.0,inactive_logit,50,plus_group_evidence,45,50,50
CHEMBL238,35501,original,8,0.2,6.0,inactive_logit,50,full,44,50,50
CHEMBL238,35501,original,8,0.2,6.0,inactive_logit,50,score_cap1,43,50,50
CHEMBL238,35501,original,8,0.2,6.0,inactive_logit,75,full,62,75,75
CHEMBL238,35501,original,8,0.2,6.0,inactive_logit,75,score_cap1,59,75,75
CHEMBL238,35501,original,8,0.3,4.0,inactive_logit,20,full,19,20,20
CHEMBL238,35501,original,8,0.3,4.0,inactive_logit,20,score_cap1,18,20,20
CHEMBL238,35501,original,8,0.3,4.0,inactive_logit,40,full,38,40,40
CHEMBL238,35501,original,8,0.3,4.0,inactive_logit,40,score_cap1,33,40,40
CHEMBL238,35501,original,8,0.3,4.0,inactive_logit,50,score_only,39,50,50
CHEMBL238,35501,original,8,0.3,4.0,inactive_logit,50,plus_group_stats,44,50,50
CHEMBL238,35501,original,8,0.3,4.0,inactive_logit,50,plus_group_evidence,46,50,50
CHEMBL238,35501,original,8,0.3,4.0,inactive_logit,50,full,44,50,50
CHEMBL238,35501,original,8,0.3,4.0,inactive_logit,50,score_cap1,41,50,50
CHEMBL238,35501,original,8,0.3,4.0,inactive_logit,75,full,61,75,75
CHEMBL238,35501,original,8,0.3,4.0,inactive_logit,75,score_cap1,57,75,75
CHEMBL238,35501,original,8,0.3,6.0,inactive_logit,20,full,19,20,20
CHEMBL238,35501,original,8,0.3,6.0,inactive_logit,20,score_cap1,13,20,20
CHEMBL238,35501,original,8,0.3,6.0,inactive_logit,40,full,38,40,40
CHEMBL238,35501,original,8,0.3,6.0,inactive_logit,40,score_cap1,30,40,40
CHEMBL238,35501,original,8,0.3,6.0,inactive_logit,50,score_only,40,50,50
CHEMBL238,35501,original,8,0.3,6.0,inactive_logit,50,plus_group_stats,44,50,50
CHEMBL238,35501,original,8,0.3,6.0,inactive_logit,50,plus_group_evidence,44,50,50
CHEMBL238,35501,original,8,0.3,6.0,inactive_logit,50,full,44,50,50
CHEMBL238,35501,original,8,0.3,6.0,inactive_logit,50,score_cap1,39,50,50
CHEMBL238,35501,original,8,0.3,6.0,inactive_logit,75,full,62,75,75
CHEMBL238,35501,original,8,0.3,6.0,inactive_logit,75,score_cap1,57,75,75
CHEMBL238,35501,unseen,8,,,logit_b5,50,full,44,50,50
CHEMBL238,35501,unseen,8,,,logit_b5,50,score_only,38,50,50
CHEMBL238,35501,unseen,8,,,logit_b5,50,score_cap1,42,50,50
CHEMBL238,35501,unseen,8,,,logit_b7,50,full,45,50,50
CHEMBL238,35501,unseen,8,,,logit_b7,50,score_only,39,50,50
CHEMBL238,35501,unseen,8,,,logit_b7,50,score_cap1,39,50,50
CHEMBL238,35501,unseen,8,,,additive_inactive,50,full,45,50,50
CHEMBL238,35501,unseen,8,,,additive_inactive,50,score_only,44,50,50
CHEMBL238,35501,unseen,8,,,additive_inactive,50,score_cap1,46,50,50
CHEMBL238,35501,unseen,8,,,blockwide_logit,50,full,46,50,50
CHEMBL238,35501,unseen,8,,,blockwide_logit,50,score_only,41,50,50
CHEMBL238,35501,unseen,8,,,blockwide_logit,50,score_cap1,43,50,50
CHEMBL238,35501,unseen,8,,,heterogeneous_inactive,50,full,45,50,50
CHEMBL238,35501,unseen,8,,,heterogeneous_inactive,50,score_only,42,50,50
CHEMBL238,35501,unseen,8,,,heterogeneous_inactive,50,score_cap1,40,50,50
CHEMBL238,35501,original,9,0.2,4.0,inactive_logit,20,full,19,20,20
CHEMBL238,35501,original,9,0.2,4.0,inactive_logit,20,score_cap1,17,20,20
CHEMBL238,35501,original,9,0.2,4.0,inactive_logit,40,full,39,40,40
CHEMBL238,35501,original,9,0.2,4.0,inactive_logit,40,score_cap1,35,40,40
CHEMBL238,35501,original,9,0.2,4.0,inactive_logit,50,score_only,40,50,50
CHEMBL238,35501,original,9,0.2,4.0,inactive_logit,50,plus_group_stats,45,50,50
CHEMBL238,35501,original,9,0.2,4.0,inactive_logit,50,plus_group_evidence,47,50,50
CHEMBL238,35501,original,9,0.2,4.0,inactive_logit,50,full,45,50,50
CHEMBL238,35501,original,9,0.2,4.0,inactive_logit,50,score_cap1,44,50,50
CHEMBL238,35501,original,9,0.2,4.0,inactive_logit,75,full,63,75,75
CHEMBL238,35501,original,9,0.2,4.0,inactive_logit,75,score_cap1,60,75,75
CHEMBL238,35501,original,9,0.2,6.0,inactive_logit,20,full,19,20,20
CHEMBL238,35501,original,9,0.2,6.0,inactive_logit,20,score_cap1,15,20,20
CHEMBL238,35501,original,9,0.2,6.0,inactive_logit,40,full,38,40,40
CHEMBL238,35501,original,9,0.2,6.0,inactive_logit,40,score_cap1,32,40,40
CHEMBL238,35501,original,9,0.2,6.0,inactive_logit,50,score_only,41,50,50
CHEMBL238,35501,original,9,0.2,6.0,inactive_logit,50,plus_group_stats,43,50,50
CHEMBL238,35501,original,9,0.2,6.0,inactive_logit,50,plus_group_evidence,45,50,50
CHEMBL238,35501,original,9,0.2,6.0,inactive_logit,50,full,46,50,50
CHEMBL238,35501,original,9,0.2,6.0,inactive_logit,50,score_cap1,42,50,50
CHEMBL238,35501,original,9,0.2,6.0,inactive_logit,75,full,64,75,75
CHEMBL238,35501,original,9,0.2,6.0,inactive_logit,75,score_cap1,60,75,75
CHEMBL238,35501,original,9,0.3,4.0,inactive_logit,20,full,19,20,20
CHEMBL238,35501,original,9,0.3,4.0,inactive_logit,20,score_cap1,17,20,20
CHEMBL238,35501,original,9,0.3,4.0,inactive_logit,40,full,38,40,40
CHEMBL238,35501,original,9,0.3,4.0,inactive_logit,40,score_cap1,33,40,40
CHEMBL238,35501,original,9,0.3,4.0,inactive_logit,50,score_only,39,50,50
CHEMBL238,35501,original,9,0.3,4.0,inactive_logit,50,plus_group_stats,43,50,50
CHEMBL238,35501,original,9,0.3,4.0,inactive_logit,50,plus_group_evidence,45,50,50
CHEMBL238,35501,original,9,0.3,4.0,inactive_logit,50,full,44,50,50
CHEMBL238,35501,original,9,0.3,4.0,inactive_logit,50,score_cap1,40,50,50
CHEMBL238,35501,original,9,0.3,4.0,inactive_logit,75,full,62,75,75
CHEMBL238,35501,original,9,0.3,4.0,inactive_logit,75,score_cap1,57,75,75
CHEMBL238,35501,original,9,0.3,6.0,inactive_logit,20,full,19,20,20
CHEMBL238,35501,original,9,0.3,6.0,inactive_logit,20,score_cap1,12,20,20
CHEMBL238,35501,original,9,0.3,6.0,inactive_logit,40,full,37,40,40
CHEMBL238,35501,original,9,0.3,6.0,inactive_logit,40,score_cap1,29,40,40
CHEMBL238,35501,original,9,0.3,6.0,inactive_logit,50,score_only,41,50,50
CHEMBL238,35501,original,9,0.3,6.0,inactive_logit,50,plus_group_stats,44,50,50
CHEMBL238,35501,original,9,0.3,6.0,inactive_logit,50,plus_group_evidence,44,50,50
CHEMBL238,35501,original,9,0.3,6.0,inactive_logit,50,full,44,50,50
CHEMBL238,35501,original,9,0.3,6.0,inactive_logit,50,score_cap1,38,50,50
CHEMBL238,35501,original,9,0.3,6.0,inactive_logit,75,full,63,75,75
CHEMBL238,35501,original,9,0.3,6.0,inactive_logit,75,score_cap1,57,75,75
CHEMBL238,35501,unseen,9,,,logit_b5,50,full,46,50,50
CHEMBL238,35501,unseen,9,,,logit_b5,50,score_only,41,50,50
CHEMBL238,35501,unseen,9,,,logit_b5,50,score_cap1,43,50,50
CHEMBL238,35501,unseen,9,,,logit_b7,50,full,47,50,50
CHEMBL238,35501,unseen,9,,,logit_b7,50,score_only,43,50,50
CHEMBL238,35501,unseen,9,,,logit_b7,50,score_cap1,39,50,50
CHEMBL238,35501,unseen,9,,,additive_inactive,50,full,46,50,50
CHEMBL238,35501,unseen,9,,,additive_inactive,50,score_only,45,50,50
CHEMBL238,35501,unseen,9,,,additive_inactive,50,score_cap1,47,50,50
CHEMBL238,35501,unseen,9,,,blockwide_logit,50,full,44,50,50
CHEMBL238,35501,unseen,9,,,blockwide_logit,50,score_only,41,50,50
CHEMBL238,35501,unseen,9,,,blockwide_logit,50,score_cap1,44,50,50
CHEMBL238,35501,unseen,9,,,heterogeneous_inactive,50,full,45,50,50
CHEMBL238,35501,unseen,9,,,heterogeneous_inactive,50,score_only,40,50,50
CHEMBL238,35501,unseen,9,,,heterogeneous_inactive,50,score_cap1,43,50,50
CHEMBL239,35501,original,0,0.2,4.0,inactive_logit,20,full,16,20,20
CHEMBL239,35501,original,0,0.2,4.0,inactive_logit,20,score_cap1,12,20,20
CHEMBL239,35501,original,0,0.2,4.0,inactive_logit,40,full,31,40,40
CHEMBL239,35501,original,0,0.2,4.0,inactive_logit,40,score_cap1,25,40,40
CHEMBL239,35501,original,0,0.2,4.0,inactive_logit,50,score_only,31,50,50
CHEMBL239,35501,original,0,0.2,4.0,inactive_logit,50,plus_group_stats,34,50,50
CHEMBL239,35501,original,0,0.2,4.0,inactive_logit,50,plus_group_evidence,35,50,50
CHEMBL239,35501,original,0,0.2,4.0,inactive_logit,50,full,34,50,50
CHEMBL239,35501,original,0,0.2,4.0,inactive_logit,50,score_cap1,30,50,50
CHEMBL239,35501,original,0,0.2,4.0,inactive_logit,75,full,45,75,75
CHEMBL239,35501,original,0,0.2,4.0,inactive_logit,75,score_cap1,42,75,75
CHEMBL239,35501,original,0,0.2,6.0,inactive_logit,20,full,18,20,20
CHEMBL239,35501,original,0,0.2,6.0,inactive_logit,20,score_cap1,12,20,20
CHEMBL239,35501,original,0,0.2,6.0,inactive_logit,40,full,31,40,40
CHEMBL239,35501,original,0,0.2,6.0,inactive_logit,40,score_cap1,25,40,40
CHEMBL239,35501,original,0,0.2,6.0,inactive_logit,50,score_only,33,50,50
CHEMBL239,35501,original,0,0.2,6.0,inactive_logit,50,plus_group_stats,36,50,50
CHEMBL239,35501,original,0,0.2,6.0,inactive_logit,50,plus_group_evidence,37,50,50
CHEMBL239,35501,original,0,0.2,6.0,inactive_logit,50,full,36,50,50
CHEMBL239,35501,original,0,0.2,6.0,inactive_logit,50,score_cap1,30,50,50
CHEMBL239,35501,original,0,0.2,6.0,inactive_logit,75,full,47,75,75
CHEMBL239,35501,original,0,0.2,6.0,inactive_logit,75,score_cap1,42,75,75
CHEMBL239,35501,original,0,0.3,4.0,inactive_logit,20,full,16,20,20
CHEMBL239,35501,original,0,0.3,4.0,inactive_logit,20,score_cap1,11,20,20
CHEMBL239,35501,original,0,0.3,4.0,inactive_logit,40,full,32,40,40
CHEMBL239,35501,original,0,0.3,4.0,inactive_logit,40,score_cap1,24,40,40
CHEMBL239,35501,original,0,0.3,4.0,inactive_logit,50,score_only,32,50,50
CHEMBL239,35501,original,0,0.3,4.0,inactive_logit,50,plus_group_stats,37,50,50
CHEMBL239,35501,original,0,0.3,4.0,inactive_logit,50,plus_group_evidence,37,50,50
CHEMBL239,35501,original,0,0.3,4.0,inactive_logit,50,full,37,50,50
CHEMBL239,35501,original,0,0.3,4.0,inactive_logit,50,score_cap1,29,50,50
CHEMBL239,35501,original,0,0.3,4.0,inactive_logit,75,full,46,75,75
CHEMBL239,35501,original,0,0.3,4.0,inactive_logit,75,score_cap1,41,75,75
CHEMBL239,35501,original,0,0.3,6.0,inactive_logit,20,full,19,20,20
CHEMBL239,35501,original,0,0.3,6.0,inactive_logit,20,score_cap1,10,20,20
CHEMBL239,35501,original,0,0.3,6.0,inactive_logit,40,full,32,40,40
CHEMBL239,35501,original,0,0.3,6.0,inactive_logit,40,score_cap1,24,40,40
CHEMBL239,35501,original,0,0.3,6.0,inactive_logit,50,score_only,34,50,50
CHEMBL239,35501,original,0,0.3,6.0,inactive_logit,50,plus_group_stats,38,50,50
CHEMBL239,35501,original,0,0.3,6.0,inactive_logit,50,plus_group_evidence,38,50,50
CHEMBL239,35501,original,0,0.3,6.0,inactive_logit,50,full,38,50,50
CHEMBL239,35501,original,0,0.3,6.0,inactive_logit,50,score_cap1,29,50,50
CHEMBL239,35501,original,0,0.3,6.0,inactive_logit,75,full,47,75,75
CHEMBL239,35501,original,0,0.3,6.0,inactive_logit,75,score_cap1,41,75,75
CHEMBL239,35501,unseen,0,,,logit_b5,50,full,37,50,50
CHEMBL239,35501,unseen,0,,,logit_b5,50,score_only,34,50,50
CHEMBL239,35501,unseen,0,,,logit_b5,50,score_cap1,31,50,50
CHEMBL239,35501,unseen,0,,,logit_b7,50,full,36,50,50
CHEMBL239,35501,unseen,0,,,logit_b7,50,score_only,37,50,50
CHEMBL239,35501,unseen,0,,,logit_b7,50,score_cap1,30,50,50
CHEMBL239,35501,unseen,0,,,additive_inactive,50,full,37,50,50
CHEMBL239,35501,unseen,0,,,additive_inactive,50,score_only,35,50,50
CHEMBL239,35501,unseen,0,,,additive_inactive,50,score_cap1,33,50,50
CHEMBL239,35501,unseen,0,,,blockwide_logit,50,full,35,50,50
CHEMBL239,35501,unseen,0,,,blockwide_logit,50,score_only,32,50,50
CHEMBL239,35501,unseen,0,,,blockwide_logit,50,score_cap1,31,50,50
CHEMBL239,35501,unseen,0,,,heterogeneous_inactive,50,full,38,50,50
CHEMBL239,35501,unseen,0,,,heterogeneous_inactive,50,score_only,33,50,50
CHEMBL239,35501,unseen,0,,,heterogeneous_inactive,50,score_cap1,30,50,50
CHEMBL239,35501,original,1,0.2,4.0,inactive_logit,20,full,15,20,20
CHEMBL239,35501,original,1,0.2,4.0,inactive_logit,20,score_cap1,12,20,20
CHEMBL239,35501,original,1,0.2,4.0,inactive_logit,40,full,29,40,40
CHEMBL239,35501,original,1,0.2,4.0,inactive_logit,40,score_cap1,25,40,40
CHEMBL239,35501,original,1,0.2,4.0,inactive_logit,50,score_only,31,50,50
CHEMBL239,35501,original,1,0.2,4.0,inactive_logit,50,plus_group_stats,34,50,50
CHEMBL239,35501,original,1,0.2,4.0,inactive_logit,50,plus_group_evidence,35,50,50
CHEMBL239,35501,original,1,0.2,4.0,inactive_logit,50,full,33,50,50
CHEMBL239,35501,original,1,0.2,4.0,inactive_logit,50,score_cap1,31,50,50
CHEMBL239,35501,original,1,0.2,4.0,inactive_logit,75,full,44,75,75
CHEMBL239,35501,original,1,0.2,4.0,inactive_logit,75,score_cap1,43,75,75
CHEMBL239,35501,original,1,0.2,6.0,inactive_logit,20,full,18,20,20
CHEMBL239,35501,original,1,0.2,6.0,inactive_logit,20,score_cap1,12,20,20
CHEMBL239,35501,original,1,0.2,6.0,inactive_logit,40,full,31,40,40
CHEMBL239,35501,original,1,0.2,6.0,inactive_logit,40,score_cap1,25,40,40
CHEMBL239,35501,original,1,0.2,6.0,inactive_logit,50,score_only,35,50,50
CHEMBL239,35501,original,1,0.2,6.0,inactive_logit,50,plus_group_stats,36,50,50
CHEMBL239,35501,original,1,0.2,6.0,inactive_logit,50,plus_group_evidence,36,50,50
CHEMBL239,35501,original,1,0.2,6.0,inactive_logit,50,full,36,50,50
CHEMBL239,35501,original,1,0.2,6.0,inactive_logit,50,score_cap1,31,50,50
CHEMBL239,35501,original,1,0.2,6.0,inactive_logit,75,full,46,75,75
CHEMBL239,35501,original,1,0.2,6.0,inactive_logit,75,score_cap1,43,75,75
CHEMBL239,35501,original,1,0.3,4.0,inactive_logit,20,full,15,20,20
CHEMBL239,35501,original,1,0.3,4.0,inactive_logit,20,score_cap1,10,20,20
CHEMBL239,35501,original,1,0.3,4.0,inactive_logit,40,full,28,40,40
CHEMBL239,35501,original,1,0.3,4.0,inactive_logit,40,score_cap1,23,40,40
CHEMBL239,35501,original,1,0.3,4.0,inactive_logit,50,score_only,30,50,50
CHEMBL239,35501,original,1,0.3,4.0,inactive_logit,50,plus_group_stats,33,50,50
CHEMBL239,35501,original,1,0.3,4.0,inactive_logit,50,plus_group_evidence,32,50,50
CHEMBL239,35501,original,1,0.3,4.0,inactive_logit,50,full,32,50,50
CHEMBL239,35501,original,1,0.3,4.0,inactive_logit,50,score_cap1,29,50,50
CHEMBL239,35501,original,1,0.3,4.0,inactive_logit,75,full,43,75,75
CHEMBL239,35501,original,1,0.3,4.0,inactive_logit,75,score_cap1,42,75,75
CHEMBL239,35501,original,1,0.3,6.0,inactive_logit,20,full,17,20,20
CHEMBL239,35501,original,1,0.3,6.0,inactive_logit,20,score_cap1,9,20,20
CHEMBL239,35501,original,1,0.3,6.0,inactive_logit,40,full,32,40,40
CHEMBL239,35501,original,1,0.3,6.0,inactive_logit,40,score_cap1,23,40,40
CHEMBL239,35501,original,1,0.3,6.0,inactive_logit,50,score_only,33,50,50
CHEMBL239,35501,original,1,0.3,6.0,inactive_logit,50,plus_group_stats,37,50,50
CHEMBL239,35501,original,1,0.3,6.0,inactive_logit,50,plus_group_evidence,37,50,50
CHEMBL239,35501,original,1,0.3,6.0,inactive_logit,50,full,37,50,50
CHEMBL239,35501,original,1,0.3,6.0,inactive_logit,50,score_cap1,29,50,50
CHEMBL239,35501,original,1,0.3,6.0,inactive_logit,75,full,47,75,75
CHEMBL239,35501,original,1,0.3,6.0,inactive_logit,75,score_cap1,42,75,75
CHEMBL239,35501,unseen,1,,,logit_b5,50,full,38,50,50
CHEMBL239,35501,unseen,1,,,logit_b5,50,score_only,34,50,50
CHEMBL239,35501,unseen,1,,,logit_b5,50,score_cap1,32,50,50
CHEMBL239,35501,unseen,1,,,logit_b7,50,full,37,50,50
CHEMBL239,35501,unseen,1,,,logit_b7,50,score_only,35,50,50
CHEMBL239,35501,unseen,1,,,logit_b7,50,score_cap1,29,50,50
CHEMBL239,35501,unseen,1,,,additive_inactive,50,full,36,50,50
CHEMBL239,35501,unseen,1,,,additive_inactive,50,score_only,33,50,50
CHEMBL239,35501,unseen,1,,,additive_inactive,50,score_cap1,34,50,50
CHEMBL239,35501,unseen,1,,,blockwide_logit,50,full,33,50,50
CHEMBL239,35501,unseen,1,,,blockwide_logit,50,score_only,31,50,50
CHEMBL239,35501,unseen,1,,,blockwide_logit,50,score_cap1,31,50,50
CHEMBL239,35501,unseen,1,,,heterogeneous_inactive,50,full,34,50,50
CHEMBL239,35501,unseen,1,,,heterogeneous_inactive,50,score_only,31,50,50
CHEMBL239,35501,unseen,1,,,heterogeneous_inactive,50,score_cap1,30,50,50
CHEMBL239,35501,original,2,0.2,4.0,inactive_logit,20,full,17,20,20
CHEMBL239,35501,original,2,0.2,4.0,inactive_logit,20,score_cap1,12,20,20
CHEMBL239,35501,original,2,0.2,4.0,inactive_logit,40,full,31,40,40
CHEMBL239,35501,original,2,0.2,4.0,inactive_logit,40,score_cap1,25,40,40
CHEMBL239,35501,original,2,0.2,4.0,inactive_logit,50,score_only,31,50,50
CHEMBL239,35501,original,2,0.2,4.0,inactive_logit,50,plus_group_stats,36,50,50
CHEMBL239,35501,original,2,0.2,4.0,inactive_logit,50,plus_group_evidence,36,50,50
CHEMBL239,35501,original,2,0.2,4.0,inactive_logit,50,full,36,50,50
CHEMBL239,35501,original,2,0.2,4.0,inactive_logit,50,score_cap1,30,50,50
CHEMBL239,35501,original,2,0.2,4.0,inactive_logit,75,full,46,75,75
CHEMBL239,35501,original,2,0.2,4.0,inactive_logit,75,score_cap1,42,75,75
CHEMBL239,35501,original,2,0.2,6.0,inactive_logit,20,full,19,20,20
CHEMBL239,35501,original,2,0.2,6.0,inactive_logit,20,score_cap1,12,20,20
CHEMBL239,35501,original,2,0.2,6.0,inactive_logit,40,full,31,40,40
CHEMBL239,35501,original,2,0.2,6.0,inactive_logit,40,score_cap1,25,40,40
CHEMBL239,35501,original,2,0.2,6.0,inactive_logit,50,score_only,35,50,50
CHEMBL239,35501,original,2,0.2,6.0,inactive_logit,50,plus_group_stats,37,50,50
CHEMBL239,35501,original,2,0.2,6.0,inactive_logit,50,plus_group_evidence,37,50,50
CHEMBL239,35501,original,2,0.2,6.0,inactive_logit,50,full,37,50,50
CHEMBL239,35501,original,2,0.2,6.0,inactive_logit,50,score_cap1,30,50,50
CHEMBL239,35501,original,2,0.2,6.0,inactive_logit,75,full,47,75,75
CHEMBL239,35501,original,2,0.2,6.0,inactive_logit,75,score_cap1,42,75,75
CHEMBL239,35501,original,2,0.3,4.0,inactive_logit,20,full,15,20,20
CHEMBL239,35501,original,2,0.3,4.0,inactive_logit,20,score_cap1,10,20,20
CHEMBL239,35501,original,2,0.3,4.0,inactive_logit,40,full,30,40,40
CHEMBL239,35501,original,2,0.3,4.0,inactive_logit,40,score_cap1,23,40,40
CHEMBL239,35501,original,2,0.3,4.0,inactive_logit,50,score_only,31,50,50
CHEMBL239,35501,original,2,0.3,4.0,inactive_logit,50,plus_group_stats,35,50,50
CHEMBL239,35501,original,2,0.3,4.0,inactive_logit,50,plus_group_evidence,36,50,50
CHEMBL239,35501,original,2,0.3,4.0,inactive_logit,50,full,35,50,50
CHEMBL239,35501,original,2,0.3,4.0,inactive_logit,50,score_cap1,29,50,50
CHEMBL239,35501,original,2,0.3,4.0,inactive_logit,75,full,45,75,75
CHEMBL239,35501,original,2,0.3,4.0,inactive_logit,75,score_cap1,41,75,75
CHEMBL239,35501,original,2,0.3,6.0,inactive_logit,20,full,19,20,20
CHEMBL239,35501,original,2,0.3,6.0,inactive_logit,20,score_cap1,10,20,20
CHEMBL239,35501,original,2,0.3,6.0,inactive_logit,40,full,32,40,40
CHEMBL239,35501,original,2,0.3,6.0,inactive_logit,40,score_cap1,23,40,40
CHEMBL239,35501,original,2,0.3,6.0,inactive_logit,50,score_only,34,50,50
CHEMBL239,35501,original,2,0.3,6.0,inactive_logit,50,plus_group_stats,38,50,50
CHEMBL239,35501,original,2,0.3,6.0,inactive_logit,50,plus_group_evidence,38,50,50
CHEMBL239,35501,original,2,0.3,6.0,inactive_logit,50,full,38,50,50
CHEMBL239,35501,original,2,0.3,6.0,inactive_logit,50,score_cap1,29,50,50
CHEMBL239,35501,original,2,0.3,6.0,inactive_logit,75,full,48,75,75
CHEMBL239,35501,original,2,0.3,6.0,inactive_logit,75,score_cap1,41,75,75
CHEMBL239,35501,unseen,2,,,logit_b5,50,full,36,50,50
CHEMBL239,35501,unseen,2,,,logit_b5,50,score_only,33,50,50
CHEMBL239,35501,unseen,2,,,logit_b5,50,score_cap1,30,50,50
CHEMBL239,35501,unseen,2,,,logit_b7,50,full,37,50,50
CHEMBL239,35501,unseen,2,,,logit_b7,50,score_only,35,50,50
CHEMBL239,35501,unseen,2,,,logit_b7,50,score_cap1,29,50,50
CHEMBL239,35501,unseen,2,,,additive_inactive,50,full,35,50,50
CHEMBL239,35501,unseen,2,,,additive_inactive,50,score_only,33,50,50
CHEMBL239,35501,unseen,2,,,additive_inactive,50,score_cap1,34,50,50
CHEMBL239,35501,unseen,2,,,blockwide_logit,50,full,35,50,50
CHEMBL239,35501,unseen,2,,,blockwide_logit,50,score_only,33,50,50
CHEMBL239,35501,unseen,2,,,blockwide_logit,50,score_cap1,31,50,50
CHEMBL239,35501,unseen,2,,,heterogeneous_inactive,50,full,35,50,50
CHEMBL239,35501,unseen,2,,,heterogeneous_inactive,50,score_only,33,50,50
CHEMBL239,35501,unseen,2,,,heterogeneous_inactive,50,score_cap1,31,50,50
CHEMBL239,35501,original,3,0.2,4.0,inactive_logit,20,full,16,20,20
CHEMBL239,35501,original,3,0.2,4.0,inactive_logit,20,score_cap1,12,20,20
CHEMBL239,35501,original,3,0.2,4.0,inactive_logit,40,full,31,40,40
CHEMBL239,35501,original,3,0.2,4.0,inactive_logit,40,score_cap1,26,40,40
CHEMBL239,35501,original,3,0.2,4.0,inactive_logit,50,score_only,32,50,50
CHEMBL239,35501,original,3,0.2,4.0,inactive_logit,50,plus_group_stats,36,50,50
CHEMBL239,35501,original,3,0.2,4.0,inactive_logit,50,plus_group_evidence,36,50,50
CHEMBL239,35501,original,3,0.2,4.0,inactive_logit,50,full,36,50,50
CHEMBL239,35501,original,3,0.2,4.0,inactive_logit,50,score_cap1,31,50,50
CHEMBL239,35501,original,3,0.2,4.0,inactive_logit,75,full,46,75,75
CHEMBL239,35501,original,3,0.2,4.0,inactive_logit,75,score_cap1,43,75,75
CHEMBL239,35501,original,3,0.2,6.0,inactive_logit,20,full,18,20,20
CHEMBL239,35501,original,3,0.2,6.0,inactive_logit,20,score_cap1,12,20,20
CHEMBL239,35501,original,3,0.2,6.0,inactive_logit,40,full,31,40,40
CHEMBL239,35501,original,3,0.2,6.0,inactive_logit,40,score_cap1,26,40,40
CHEMBL239,35501,original,3,0.2,6.0,inactive_logit,50,score_only,34,50,50
CHEMBL239,35501,original,3,0.2,6.0,inactive_logit,50,plus_group_stats,37,50,50
CHEMBL239,35501,original,3,0.2,6.0,inactive_logit,50,plus_group_evidence,37,50,50
CHEMBL239,35501,original,3,0.2,6.0,inactive_logit,50,full,37,50,50
CHEMBL239,35501,original,3,0.2,6.0,inactive_logit,50,score_cap1,31,50,50
CHEMBL239,35501,original,3,0.2,6.0,inactive_logit,75,full,47,75,75
CHEMBL239,35501,original,3,0.2,6.0,inactive_logit,75,score_cap1,43,75,75
CHEMBL239,35501,original,3,0.3,4.0,inactive_logit,20,full,14,20,20
CHEMBL239,35501,original,3,0.3,4.0,inactive_logit,20,score_cap1,10,20,20
CHEMBL239,35501,original,3,0.3,4.0,inactive_logit,40,full,28,40,40
CHEMBL239,35501,original,3,0.3,4.0,inactive_logit,40,score_cap1,22,40,40
CHEMBL239,35501,original,3,0.3,4.0,inactive_logit,50,score_only,30,50,50
CHEMBL239,35501,original,3,0.3,4.0,inactive_logit,50,plus_group_stats,34,50,50
CHEMBL239,35501,original,3,0.3,4.0,inactive_logit,50,plus_group_evidence,33,50,50
CHEMBL239,35501,original,3,0.3,4.0,inactive_logit,50,full,33,50,50
CHEMBL239,35501,original,3,0.3,4.0,inactive_logit,50,score_cap1,28,50,50
CHEMBL239,35501,original,3,0.3,4.0,inactive_logit,75,full,43,75,75
CHEMBL239,35501,original,3,0.3,4.0,inactive_logit,75,score_cap1,40,75,75
CHEMBL239,35501,original,3,0.3,6.0,inactive_logit,20,full,18,20,20
CHEMBL239,35501,original,3,0.3,6.0,inactive_logit,20,score_cap1,9,20,20
CHEMBL239,35501,original,3,0.3,6.0,inactive_logit,40,full,32,40,40
CHEMBL239,35501,original,3,0.3,6.0,inactive_logit,40,score_cap1,22,40,40
CHEMBL239,35501,original,3,0.3,6.0,inactive_logit,50,score_only,33,50,50
CHEMBL239,35501,original,3,0.3,6.0,inactive_logit,50,plus_group_stats,37,50,50
CHEMBL239,35501,original,3,0.3,6.0,inactive_logit,50,plus_group_evidence,37,50,50
CHEMBL239,35501,original,3,0.3,6.0,inactive_logit,50,full,37,50,50
CHEMBL239,35501,original,3,0.3,6.0,inactive_logit,50,score_cap1,28,50,50
CHEMBL239,35501,original,3,0.3,6.0,inactive_logit,75,full,47,75,75
CHEMBL239,35501,original,3,0.3,6.0,inactive_logit,75,score_cap1,40,75,75
CHEMBL239,35501,unseen,3,,,logit_b5,50,full,36,50,50
CHEMBL239,35501,unseen,3,,,logit_b5,50,score_only,33,50,50
CHEMBL239,35501,unseen,3,,,logit_b5,50,score_cap1,30,50,50
CHEMBL239,35501,unseen,3,,,logit_b7,50,full,38,50,50
CHEMBL239,35501,unseen,3,,,logit_b7,50,score_only,36,50,50
CHEMBL239,35501,unseen,3,,,logit_b7,50,score_cap1,29,50,50
CHEMBL239,35501,unseen,3,,,additive_inactive,50,full,34,50,50
CHEMBL239,35501,unseen,3,,,additive_inactive,50,score_only,33,50,50
CHEMBL239,35501,unseen,3,,,additive_inactive,50,score_cap1,32,50,50
CHEMBL239,35501,unseen,3,,,blockwide_logit,50,full,33,50,50
CHEMBL239,35501,unseen,3,,,blockwide_logit,50,score_only,32,50,50
CHEMBL239,35501,unseen,3,,,blockwide_logit,50,score_cap1,31,50,50
CHEMBL239,35501,unseen,3,,,heterogeneous_inactive,50,full,34,50,50
CHEMBL239,35501,unseen,3,,,heterogeneous_inactive,50,score_only,31,50,50
CHEMBL239,35501,unseen,3,,,heterogeneous_inactive,50,score_cap1,30,50,50
CHEMBL239,35501,original,4,0.2,4.0,inactive_logit,20,full,15,20,20
CHEMBL239,35501,original,4,0.2,4.0,inactive_logit,20,score_cap1,14,20,20
CHEMBL239,35501,original,4,0.2,4.0,inactive_logit,40,full,30,40,40
CHEMBL239,35501,original,4,0.2,4.0,inactive_logit,40,score_cap1,26,40,40
CHEMBL239,35501,original,4,0.2,4.0,inactive_logit,50,score_only,32,50,50
CHEMBL239,35501,original,4,0.2,4.0,inactive_logit,50,plus_group_stats,35,50,50
CHEMBL239,35501,original,4,0.2,4.0,inactive_logit,50,plus_group_evidence,35,50,50
CHEMBL239,35501,original,4,0.2,4.0,inactive_logit,50,full,33,50,50
CHEMBL239,35501,original,4,0.2,4.0,inactive_logit,50,score_cap1,31,50,50
CHEMBL239,35501,original,4,0.2,4.0,inactive_logit,75,full,43,75,75
CHEMBL239,35501,original,4,0.2,4.0,inactive_logit,75,score_cap1,43,75,75
CHEMBL239,35501,original,4,0.2,6.0,inactive_logit,20,full,16,20,20
CHEMBL239,35501,original,4,0.2,6.0,inactive_logit,20,score_cap1,12,20,20
CHEMBL239,35501,original,4,0.2,6.0,inactive_logit,40,full,30,40,40
CHEMBL239,35501,original,4,0.2,6.0,inactive_logit,40,score_cap1,26,40,40
CHEMBL239,35501,original,4,0.2,6.0,inactive_logit,50,score_only,34,50,50
CHEMBL239,35501,original,4,0.2,6.0,inactive_logit,50,plus_group_stats,36,50,50
CHEMBL239,35501,original,4,0.2,6.0,inactive_logit,50,plus_group_evidence,36,50,50
CHEMBL239,35501,original,4,0.2,6.0,inactive_logit,50,full,35,50,50
CHEMBL239,35501,original,4,0.2,6.0,inactive_logit,50,score_cap1,31,50,50
CHEMBL239,35501,original,4,0.2,6.0,inactive_logit,75,full,45,75,75
CHEMBL239,35501,original,4,0.2,6.0,inactive_logit,75,score_cap1,43,75,75
CHEMBL239,35501,original,4,0.3,4.0,inactive_logit,20,full,14,20,20
CHEMBL239,35501,original,4,0.3,4.0,inactive_logit,20,score_cap1,9,20,20
CHEMBL239,35501,original,4,0.3,4.0,inactive_logit,40,full,27,40,40
CHEMBL239,35501,original,4,0.3,4.0,inactive_logit,40,score_cap1,23,40,40
CHEMBL239,35501,original,4,0.3,4.0,inactive_logit,50,score_only,30,50,50
CHEMBL239,35501,original,4,0.3,4.0,inactive_logit,50,plus_group_stats,33,50,50
CHEMBL239,35501,original,4,0.3,4.0,inactive_logit,50,plus_group_evidence,33,50,50
CHEMBL239,35501,original,4,0.3,4.0,inactive_logit,50,full,33,50,50
CHEMBL239,35501,original,4,0.3,4.0,inactive_logit,50,score_cap1,29,50,50
CHEMBL239,35501,original,4,0.3,4.0,inactive_logit,75,full,44,75,75
CHEMBL239,35501,original,4,0.3,4.0,inactive_logit,75,score_cap1,42,75,75
CHEMBL239,35501,original,4,0.3,6.0,inactive_logit,20,full,18,20,20
CHEMBL239,35501,original,4,0.3,6.0,inactive_logit,20,score_cap1,9,20,20
CHEMBL239,35501,original,4,0.3,6.0,inactive_logit,40,full,31,40,40
CHEMBL239,35501,original,4,0.3,6.0,inactive_logit,40,score_cap1,23,40,40
CHEMBL239,35501,original,4,0.3,6.0,inactive_logit,50,score_only,34,50,50
CHEMBL239,35501,original,4,0.3,6.0,inactive_logit,50,plus_group_stats,37,50,50
CHEMBL239,35501,original,4,0.3,6.0,inactive_logit,50,plus_group_evidence,37,50,50
CHEMBL239,35501,original,4,0.3,6.0,inactive_logit,50,full,37,50,50
CHEMBL239,35501,original,4,0.3,6.0,inactive_logit,50,score_cap1,29,50,50
CHEMBL239,35501,original,4,0.3,6.0,inactive_logit,75,full,47,75,75
CHEMBL239,35501,original,4,0.3,6.0,inactive_logit,75,score_cap1,42,75,75
CHEMBL239,35501,unseen,4,,,logit_b5,50,full,36,50,50
CHEMBL239,35501,unseen,4,,,logit_b5,50,score_only,33,50,50
CHEMBL239,35501,unseen,4,,,logit_b5,50,score_cap1,30,50,50
CHEMBL239,35501,unseen,4,,,logit_b7,50,full,37,50,50
CHEMBL239,35501,unseen,4,,,logit_b7,50,score_only,36,50,50
CHEMBL239,35501,unseen,4,,,logit_b7,50,score_cap1,29,50,50
CHEMBL239,35501,unseen,4,,,additive_inactive,50,full,35,50,50
CHEMBL239,35501,unseen,4,,,additive_inactive,50,score_only,33,50,50
CHEMBL239,35501,unseen,4,,,additive_inactive,50,score_cap1,34,50,50
CHEMBL239,35501,unseen,4,,,blockwide_logit,50,full,33,50,50
CHEMBL239,35501,unseen,4,,,blockwide_logit,50,score_only,31,50,50
CHEMBL239,35501,unseen,4,,,blockwide_logit,50,score_cap1,30,50,50
CHEMBL239,35501,unseen,4,,,heterogeneous_inactive,50,full,33,50,50
CHEMBL239,35501,unseen,4,,,heterogeneous_inactive,50,score_only,31,50,50
CHEMBL239,35501,unseen,4,,,heterogeneous_inactive,50,score_cap1,30,50,50
CHEMBL239,35501,original,5,0.2,4.0,inactive_logit,20,full,17,20,20
CHEMBL239,35501,original,5,0.2,4.0,inactive_logit,20,score_cap1,12,20,20
CHEMBL239,35501,original,5,0.2,4.0,inactive_logit,40,full,30,40,40
CHEMBL239,35501,original,5,0.2,4.0,inactive_logit,40,score_cap1,26,40,40
CHEMBL239,35501,original,5,0.2,4.0,inactive_logit,50,score_only,32,50,50
CHEMBL239,35501,original,5,0.2,4.0,inactive_logit,50,plus_group_stats,35,50,50
CHEMBL239,35501,original,5,0.2,4.0,inactive_logit,50,plus_group_evidence,35,50,50
CHEMBL239,35501,original,5,0.2,4.0,inactive_logit,50,full,35,50,50
CHEMBL239,35501,original,5,0.2,4.0,inactive_logit,50,score_cap1,31,50,50
CHEMBL239,35501,original,5,0.2,4.0,inactive_logit,75,full,45,75,75
CHEMBL239,35501,original,5,0.2,4.0,inactive_logit,75,score_cap1,44,75,75
CHEMBL239,35501,original,5,0.2,6.0,inactive_logit,20,full,19,20,20
CHEMBL239,35501,original,5,0.2,6.0,inactive_logit,20,score_cap1,12,20,20
CHEMBL239,35501,original,5,0.2,6.0,inactive_logit,40,full,31,40,40
CHEMBL239,35501,original,5,0.2,6.0,inactive_logit,40,score_cap1,26,40,40
CHEMBL239,35501,original,5,0.2,6.0,inactive_logit,50,score_only,36,50,50
CHEMBL239,35501,original,5,0.2,6.0,inactive_logit,50,plus_group_stats,37,50,50
CHEMBL239,35501,original,5,0.2,6.0,inactive_logit,50,plus_group_evidence,36,50,50
CHEMBL239,35501,original,5,0.2,6.0,inactive_logit,50,full,36,50,50
CHEMBL239,35501,original,5,0.2,6.0,inactive_logit,50,score_cap1,31,50,50
CHEMBL239,35501,original,5,0.2,6.0,inactive_logit,75,full,46,75,75
CHEMBL239,35501,original,5,0.2,6.0,inactive_logit,75,score_cap1,44,75,75
CHEMBL239,35501,original,5,0.3,4.0,inactive_logit,20,full,14,20,20
CHEMBL239,35501,original,5,0.3,4.0,inactive_logit,20,score_cap1,11,20,20
CHEMBL239,35501,original,5,0.3,4.0,inactive_logit,40,full,26,40,40
CHEMBL239,35501,original,5,0.3,4.0,inactive_logit,40,score_cap1,24,40,40
CHEMBL239,35501,original,5,0.3,4.0,inactive_logit,50,score_only,31,50,50
CHEMBL239,35501,original,5,0.3,4.0,inactive_logit,50,plus_group_stats,31,50,50
CHEMBL239,35501,original,5,0.3,4.0,inactive_logit,50,plus_group_evidence,31,50,50
CHEMBL239,35501,original,5,0.3,4.0,inactive_logit,50,full,31,50,50
CHEMBL239,35501,original,5,0.3,4.0,inactive_logit,50,score_cap1,30,50,50
CHEMBL239,35501,original,5,0.3,4.0,inactive_logit,75,full,42,75,75
CHEMBL239,35501,original,5,0.3,4.0,inactive_logit,75,score_cap1,43,75,75
CHEMBL239,35501,original,5,0.3,6.0,inactive_logit,20,full,17,20,20
CHEMBL239,35501,original,5,0.3,6.0,inactive_logit,20,score_cap1,9,20,20
CHEMBL239,35501,original,5,0.3,6.0,inactive_logit,40,full,30,40,40
CHEMBL239,35501,original,5,0.3,6.0,inactive_logit,40,score_cap1,24,40,40
CHEMBL239,35501,original,5,0.3,6.0,inactive_logit,50,score_only,33,50,50
CHEMBL239,35501,original,5,0.3,6.0,inactive_logit,50,plus_group_stats,35,50,50
CHEMBL239,35501,original,5,0.3,6.0,inactive_logit,50,plus_group_evidence,35,50,50
CHEMBL239,35501,original,5,0.3,6.0,inactive_logit,50,full,35,50,50
CHEMBL239,35501,original,5,0.3,6.0,inactive_logit,50,score_cap1,30,50,50
CHEMBL239,35501,original,5,0.3,6.0,inactive_logit,75,full,45,75,75
CHEMBL239,35501,original,5,0.3,6.0,inactive_logit,75,score_cap1,43,75,75
CHEMBL239,35501,unseen,5,,,logit_b5,50,full,35,50,50
CHEMBL239,35501,unseen,5,,,logit_b5,50,score_only,32,50,50
CHEMBL239,35501,unseen,5,,,logit_b5,50,score_cap1,30,50,50
CHEMBL239,35501,unseen,5,,,logit_b7,50,full,36,50,50
CHEMBL239,35501,unseen,5,,,logit_b7,50,score_only,36,50,50
CHEMBL239,35501,unseen,5,,,logit_b7,50,score_cap1,29,50,50
CHEMBL239,35501,unseen,5,,,additive_inactive,50,full,36,50,50
CHEMBL239,35501,unseen,5,,,additive_inactive,50,score_only,35,50,50
CHEMBL239,35501,unseen,5,,,additive_inactive,50,score_cap1,34,50,50
CHEMBL239,35501,unseen,5,,,blockwide_logit,50,full,33,50,50
CHEMBL239,35501,unseen,5,,,blockwide_logit,50,score_only,32,50,50
CHEMBL239,35501,unseen,5,,,blockwide_logit,50,score_cap1,31,50,50
CHEMBL239,35501,unseen,5,,,heterogeneous_inactive,50,full,36,50,50
CHEMBL239,35501,unseen,5,,,heterogeneous_inactive,50,score_only,34,50,50
CHEMBL239,35501,unseen,5,,,heterogeneous_inactive,50,score_cap1,30,50,50
CHEMBL239,35501,original,6,0.2,4.0,inactive_logit,20,full,16,20,20
CHEMBL239,35501,original,6,0.2,4.0,inactive_logit,20,score_cap1,12,20,20
CHEMBL239,35501,original,6,0.2,4.0,inactive_logit,40,full,30,40,40
CHEMBL239,35501,original,6,0.2,4.0,inactive_logit,40,score_cap1,26,40,40
CHEMBL239,35501,original,6,0.2,4.0,inactive_logit,50,score_only,33,50,50
CHEMBL239,35501,original,6,0.2,4.0,inactive_logit,50,plus_group_stats,35,50,50
CHEMBL239,35501,original,6,0.2,4.0,inactive_logit,50,plus_group_evidence,35,50,50
CHEMBL239,35501,original,6,0.2,4.0,inactive_logit,50,full,33,50,50
CHEMBL239,35501,original,6,0.2,4.0,inactive_logit,50,score_cap1,31,50,50
CHEMBL239,35501,original,6,0.2,4.0,inactive_logit,75,full,44,75,75
CHEMBL239,35501,original,6,0.2,4.0,inactive_logit,75,score_cap1,43,75,75
CHEMBL239,35501,original,6,0.2,6.0,inactive_logit,20,full,18,20,20
CHEMBL239,35501,original,6,0.2,6.0,inactive_logit,20,score_cap1,12,20,20
CHEMBL239,35501,original,6,0.2,6.0,inactive_logit,40,full,31,40,40
CHEMBL239,35501,original,6,0.2,6.0,inactive_logit,40,score_cap1,26,40,40
CHEMBL239,35501,original,6,0.2,6.0,inactive_logit,50,score_only,34,50,50
CHEMBL239,35501,original,6,0.2,6.0,inactive_logit,50,plus_group_stats,37,50,50
CHEMBL239,35501,original,6,0.2,6.0,inactive_logit,50,plus_group_evidence,37,50,50
CHEMBL239,35501,original,6,0.2,6.0,inactive_logit,50,full,36,50,50
CHEMBL239,35501,original,6,0.2,6.0,inactive_logit,50,score_cap1,31,50,50
CHEMBL239,35501,original,6,0.2,6.0,inactive_logit,75,full,46,75,75
CHEMBL239,35501,original,6,0.2,6.0,inactive_logit,75,score_cap1,43,75,75
CHEMBL239,35501,original,6,0.3,4.0,inactive_logit,20,full,14,20,20
CHEMBL239,35501,original,6,0.3,4.0,inactive_logit,20,score_cap1,10,20,20
CHEMBL239,35501,original,6,0.3,4.0,inactive_logit,40,full,28,40,40
CHEMBL239,35501,original,6,0.3,4.0,inactive_logit,40,score_cap1,24,40,40
CHEMBL239,35501,original,6,0.3,4.0,inactive_logit,50,score_only,32,50,50
CHEMBL239,35501,original,6,0.3,4.0,inactive_logit,50,plus_group_stats,34,50,50
CHEMBL239,35501,original,6,0.3,4.0,inactive_logit,50,plus_group_evidence,34,50,50
CHEMBL239,35501,original,6,0.3,4.0,inactive_logit,50,full,33,50,50
CHEMBL239,35501,original,6,0.3,4.0,inactive_logit,50,score_cap1,30,50,50
CHEMBL239,35501,original,6,0.3,4.0,inactive_logit,75,full,44,75,75
CHEMBL239,35501,original,6,0.3,4.0,inactive_logit,75,score_cap1,43,75,75
CHEMBL239,35501,original,6,0.3,6.0,inactive_logit,20,full,18,20,20
CHEMBL239,35501,original,6,0.3,6.0,inactive_logit,20,score_cap1,10,20,20
CHEMBL239,35501,original,6,0.3,6.0,inactive_logit,40,full,31,40,40
CHEMBL239,35501,original,6,0.3,6.0,inactive_logit,40,score_cap1,24,40,40
CHEMBL239,35501,original,6,0.3,6.0,inactive_logit,50,score_only,35,50,50
CHEMBL239,35501,original,6,0.3,6.0,inactive_logit,50,plus_group_stats,37,50,50
CHEMBL239,35501,original,6,0.3,6.0,inactive_logit,50,plus_group_evidence,37,50,50
CHEMBL239,35501,original,6,0.3,6.0,inactive_logit,50,full,37,50,50
CHEMBL239,35501,original,6,0.3,6.0,inactive_logit,50,score_cap1,30,50,50
CHEMBL239,35501,original,6,0.3,6.0,inactive_logit,75,full,47,75,75
CHEMBL239,35501,original,6,0.3,6.0,inactive_logit,75,score_cap1,43,75,75
CHEMBL239,35501,unseen,6,,,logit_b5,50,full,35,50,50
CHEMBL239,35501,unseen,6,,,logit_b5,50,score_only,34,50,50
CHEMBL239,35501,unseen,6,,,logit_b5,50,score_cap1,31,50,50
CHEMBL239,35501,unseen,6,,,logit_b7,50,full,37,50,50
CHEMBL239,35501,unseen,6,,,logit_b7,50,score_only,35,50,50
CHEMBL239,35501,unseen,6,,,logit_b7,50,score_cap1,29,50,50
CHEMBL239,35501,unseen,6,,,additive_inactive,50,full,36,50,50
CHEMBL239,35501,unseen,6,,,additive_inactive,50,score_only,34,50,50
CHEMBL239,35501,unseen,6,,,additive_inactive,50,score_cap1,34,50,50
CHEMBL239,35501,unseen,6,,,blockwide_logit,50,full,35,50,50
CHEMBL239,35501,unseen,6,,,blockwide_logit,50,score_only,33,50,50
CHEMBL239,35501,unseen,6,,,blockwide_logit,50,score_cap1,31,50,50
CHEMBL239,35501,unseen,6,,,heterogeneous_inactive,50,full,35,50,50
CHEMBL239,35501,unseen,6,,,heterogeneous_inactive,50,score_only,33,50,50
CHEMBL239,35501,unseen,6,,,heterogeneous_inactive,50,score_cap1,31,50,50
CHEMBL239,35501,original,7,0.2,4.0,inactive_logit,20,full,16,20,20
CHEMBL239,35501,original,7,0.2,4.0,inactive_logit,20,score_cap1,12,20,20
CHEMBL239,35501,original,7,0.2,4.0,inactive_logit,40,full,30,40,40
CHEMBL239,35501,original,7,0.2,4.0,inactive_logit,40,score_cap1,25,40,40
CHEMBL239,35501,original,7,0.2,4.0,inactive_logit,50,score_only,31,50,50
CHEMBL239,35501,original,7,0.2,4.0,inactive_logit,50,plus_group_stats,35,50,50
CHEMBL239,35501,original,7,0.2,4.0,inactive_logit,50,plus_group_evidence,36,50,50
CHEMBL239,35501,original,7,0.2,4.0,inactive_logit,50,full,35,50,50
CHEMBL239,35501,original,7,0.2,4.0,inactive_logit,50,score_cap1,30,50,50
CHEMBL239,35501,original,7,0.2,4.0,inactive_logit,75,full,45,75,75
CHEMBL239,35501,original,7,0.2,4.0,inactive_logit,75,score_cap1,42,75,75
CHEMBL239,35501,original,7,0.2,6.0,inactive_logit,20,full,19,20,20
CHEMBL239,35501,original,7,0.2,6.0,inactive_logit,20,score_cap1,12,20,20
CHEMBL239,35501,original,7,0.2,6.0,inactive_logit,40,full,31,40,40
CHEMBL239,35501,original,7,0.2,6.0,inactive_logit,40,score_cap1,25,40,40
CHEMBL239,35501,original,7,0.2,6.0,inactive_logit,50,score_only,35,50,50
CHEMBL239,35501,original,7,0.2,6.0,inactive_logit,50,plus_group_stats,37,50,50
CHEMBL239,35501,original,7,0.2,6.0,inactive_logit,50,plus_group_evidence,37,50,50
CHEMBL239,35501,original,7,0.2,6.0,inactive_logit,50,full,37,50,50
CHEMBL239,35501,original,7,0.2,6.0,inactive_logit,50,score_cap1,30,50,50
CHEMBL239,35501,original,7,0.2,6.0,inactive_logit,75,full,47,75,75
CHEMBL239,35501,original,7,0.2,6.0,inactive_logit,75,score_cap1,42,75,75
CHEMBL239,35501,original,7,0.3,4.0,inactive_logit,20,full,15,20,20
CHEMBL239,35501,original,7,0.3,4.0,inactive_logit,20,score_cap1,9,20,20
CHEMBL239,35501,original,7,0.3,4.0,inactive_logit,40,full,30,40,40
CHEMBL239,35501,original,7,0.3,4.0,inactive_logit,40,score_cap1,23,40,40
CHEMBL239,35501,original,7,0.3,4.0,inactive_logit,50,score_only,31,50,50
CHEMBL239,35501,original,7,0.3,4.0,inactive_logit,50,plus_group_stats,35,50,50
CHEMBL239,35501,original,7,0.3,4.0,inactive_logit,50,plus_group_evidence,36,50,50
CHEMBL239,35501,original,7,0.3,4.0,inactive_logit,50,full,35,50,50
CHEMBL239,35501,original,7,0.3,4.0,inactive_logit,50,score_cap1,29,50,50
CHEMBL239,35501,original,7,0.3,4.0,inactive_logit,75,full,46,75,75
CHEMBL239,35501,original,7,0.3,4.0,inactive_logit,75,score_cap1,41,75,75
CHEMBL239,35501,original,7,0.3,6.0,inactive_logit,20,full,18,20,20
CHEMBL239,35501,original,7,0.3,6.0,inactive_logit,20,score_cap1,9,20,20
CHEMBL239,35501,original,7,0.3,6.0,inactive_logit,40,full,31,40,40
CHEMBL239,35501,original,7,0.3,6.0,inactive_logit,40,score_cap1,23,40,40
CHEMBL239,35501,original,7,0.3,6.0,inactive_logit,50,score_only,34,50,50
CHEMBL239,35501,original,7,0.3,6.0,inactive_logit,50,plus_group_stats,37,50,50
CHEMBL239,35501,original,7,0.3,6.0,inactive_logit,50,plus_group_evidence,37,50,50
CHEMBL239,35501,original,7,0.3,6.0,inactive_logit,50,full,37,50,50
CHEMBL239,35501,original,7,0.3,6.0,inactive_logit,50,score_cap1,29,50,50
CHEMBL239,35501,original,7,0.3,6.0,inactive_logit,75,full,47,75,75
CHEMBL239,35501,original,7,0.3,6.0,inactive_logit,75,score_cap1,41,75,75
CHEMBL239,35501,unseen,7,,,logit_b5,50,full,37,50,50
CHEMBL239,35501,unseen,7,,,logit_b5,50,score_only,34,50,50
CHEMBL239,35501,unseen,7,,,logit_b5,50,score_cap1,31,50,50
CHEMBL239,35501,unseen,7,,,logit_b7,50,full,37,50,50
CHEMBL239,35501,unseen,7,,,logit_b7,50,score_only,37,50,50
CHEMBL239,35501,unseen,7,,,logit_b7,50,score_cap1,30,50,50
CHEMBL239,35501,unseen,7,,,additive_inactive,50,full,35,50,50
CHEMBL239,35501,unseen,7,,,additive_inactive,50,score_only,33,50,50
CHEMBL239,35501,unseen,7,,,additive_inactive,50,score_cap1,33,50,50
CHEMBL239,35501,unseen,7,,,blockwide_logit,50,full,33,50,50
CHEMBL239,35501,unseen,7,,,blockwide_logit,50,score_only,31,50,50
CHEMBL239,35501,unseen,7,,,blockwide_logit,50,score_cap1,31,50,50
CHEMBL239,35501,unseen,7,,,heterogeneous_inactive,50,full,34,50,50
CHEMBL239,35501,unseen,7,,,heterogeneous_inactive,50,score_only,31,50,50
CHEMBL239,35501,unseen,7,,,heterogeneous_inactive,50,score_cap1,30,50,50
CHEMBL239,35501,original,8,0.2,4.0,inactive_logit,20,full,14,20,20
CHEMBL239,35501,original,8,0.2,4.0,inactive_logit,20,score_cap1,12,20,20
CHEMBL239,35501,original,8,0.2,4.0,inactive_logit,40,full,29,40,40
CHEMBL239,35501,original,8,0.2,4.0,inactive_logit,40,score_cap1,25,40,40
CHEMBL239,35501,original,8,0.2,4.0,inactive_logit,50,score_only,31,50,50
CHEMBL239,35501,original,8,0.2,4.0,inactive_logit,50,plus_group_stats,34,50,50
CHEMBL239,35501,original,8,0.2,4.0,inactive_logit,50,plus_group_evidence,35,50,50
CHEMBL239,35501,original,8,0.2,4.0,inactive_logit,50,full,33,50,50
CHEMBL239,35501,original,8,0.2,4.0,inactive_logit,50,score_cap1,31,50,50
CHEMBL239,35501,original,8,0.2,4.0,inactive_logit,75,full,43,75,75
CHEMBL239,35501,original,8,0.2,4.0,inactive_logit,75,score_cap1,43,75,75
CHEMBL239,35501,original,8,0.2,6.0,inactive_logit,20,full,18,20,20
CHEMBL239,35501,original,8,0.2,6.0,inactive_logit,20,score_cap1,12,20,20
CHEMBL239,35501,original,8,0.2,6.0,inactive_logit,40,full,30,40,40
CHEMBL239,35501,original,8,0.2,6.0,inactive_logit,40,score_cap1,25,40,40
CHEMBL239,35501,original,8,0.2,6.0,inactive_logit,50,score_only,34,50,50
CHEMBL239,35501,original,8,0.2,6.0,inactive_logit,50,plus_group_stats,36,50,50
CHEMBL239,35501,original,8,0.2,6.0,inactive_logit,50,plus_group_evidence,36,50,50
CHEMBL239,35501,original,8,0.2,6.0,inactive_logit,50,full,36,50,50
CHEMBL239,35501,original,8,0.2,6.0,inactive_logit,50,score_cap1,31,50,50
CHEMBL239,35501,original,8,0.2,6.0,inactive_logit,75,full,46,75,75
CHEMBL239,35501,original,8,0.2,6.0,inactive_logit,75,score_cap1,43,75,75
CHEMBL239,35501,original,8,0.3,4.0,inactive_logit,20,full,13,20,20
CHEMBL239,35501,original,8,0.3,4.0,inactive_logit,20,score_cap1,10,20,20
CHEMBL239,35501,original,8,0.3,4.0,inactive_logit,40,full,27,40,40
CHEMBL239,35501,original,8,0.3,4.0,inactive_logit,40,score_cap1,22,40,40
CHEMBL239,35501,original,8,0.3,4.0,inactive_logit,50,score_only,30,50,50
CHEMBL239,35501,original,8,0.3,4.0,inactive_logit,50,plus_group_stats,33,50,50
CHEMBL239,35501,original,8,0.3,4.0,inactive_logit,50,plus_group_evidence,32,50,50
CHEMBL239,35501,original,8,0.3,4.0,inactive_logit,50,full,32,50,50
CHEMBL239,35501,original,8,0.3,4.0,inactive_logit,50,score_cap1,28,50,50
CHEMBL239,35501,original,8,0.3,4.0,inactive_logit,75,full,43,75,75
CHEMBL239,35501,original,8,0.3,4.0,inactive_logit,75,score_cap1,41,75,75
CHEMBL239,35501,original,8,0.3,6.0,inactive_logit,20,full,18,20,20
CHEMBL239,35501,original,8,0.3,6.0,inactive_logit,20,score_cap1,9,20,20
CHEMBL239,35501,original,8,0.3,6.0,inactive_logit,40,full,31,40,40
CHEMBL239,35501,original,8,0.3,6.0,inactive_logit,40,score_cap1,22,40,40
CHEMBL239,35501,original,8,0.3,6.0,inactive_logit,50,score_only,33,50,50
CHEMBL239,35501,original,8,0.3,6.0,inactive_logit,50,plus_group_stats,36,50,50
CHEMBL239,35501,original,8,0.3,6.0,inactive_logit,50,plus_group_evidence,36,50,50
CHEMBL239,35501,original,8,0.3,6.0,inactive_logit,50,full,36,50,50
CHEMBL239,35501,original,8,0.3,6.0,inactive_logit,50,score_cap1,28,50,50
CHEMBL239,35501,original,8,0.3,6.0,inactive_logit,75,full,46,75,75
CHEMBL239,35501,original,8,0.3,6.0,inactive_logit,75,score_cap1,41,75,75
CHEMBL239,35501,unseen,8,,,logit_b5,50,full,36,50,50
CHEMBL239,35501,unseen,8,,,logit_b5,50,score_only,33,50,50
CHEMBL239,35501,unseen,8,,,logit_b5,50,score_cap1,31,50,50
CHEMBL239,35501,unseen,8,,,logit_b7,50,full,37,50,50
CHEMBL239,35501,unseen,8,,,logit_b7,50,score_only,35,50,50
CHEMBL239,35501,unseen,8,,,logit_b7,50,score_cap1,29,50,50
CHEMBL239,35501,unseen,8,,,additive_inactive,50,full,36,50,50
CHEMBL239,35501,unseen,8,,,additive_inactive,50,score_only,33,50,50
CHEMBL239,35501,unseen,8,,,additive_inactive,50,score_cap1,34,50,50
CHEMBL239,35501,unseen,8,,,blockwide_logit,50,full,33,50,50
CHEMBL239,35501,unseen,8,,,blockwide_logit,50,score_only,31,50,50
CHEMBL239,35501,unseen,8,,,blockwide_logit,50,score_cap1,31,50,50
CHEMBL239,35501,unseen,8,,,heterogeneous_inactive,50,full,35,50,50
CHEMBL239,35501,unseen,8,,,heterogeneous_inactive,50,score_only,32,50,50
CHEMBL239,35501,unseen,8,,,heterogeneous_inactive,50,score_cap1,30,50,50
CHEMBL239,35501,original,9,0.2,4.0,inactive_logit,20,full,16,20,20
CHEMBL239,35501,original,9,0.2,4.0,inactive_logit,20,score_cap1,12,20,20
CHEMBL239,35501,original,9,0.2,4.0,inactive_logit,40,full,31,40,40
CHEMBL239,35501,original,9,0.2,4.0,inactive_logit,40,score_cap1,26,40,40
CHEMBL239,35501,original,9,0.2,4.0,inactive_logit,50,score_only,31,50,50
CHEMBL239,35501,original,9,0.2,4.0,inactive_logit,50,plus_group_stats,35,50,50
CHEMBL239,35501,original,9,0.2,4.0,inactive_logit,50,plus_group_evidence,35,50,50
CHEMBL239,35501,original,9,0.2,4.0,inactive_logit,50,full,34,50,50
CHEMBL239,35501,original,9,0.2,4.0,inactive_logit,50,score_cap1,30,50,50
CHEMBL239,35501,original,9,0.2,4.0,inactive_logit,75,full,45,75,75
CHEMBL239,35501,original,9,0.2,4.0,inactive_logit,75,score_cap1,42,75,75
CHEMBL239,35501,original,9,0.2,6.0,inactive_logit,20,full,18,20,20
CHEMBL239,35501,original,9,0.2,6.0,inactive_logit,20,score_cap1,12,20,20
CHEMBL239,35501,original,9,0.2,6.0,inactive_logit,40,full,31,40,40
CHEMBL239,35501,original,9,0.2,6.0,inactive_logit,40,score_cap1,26,40,40
CHEMBL239,35501,original,9,0.2,6.0,inactive_logit,50,score_only,33,50,50
CHEMBL239,35501,original,9,0.2,6.0,inactive_logit,50,plus_group_stats,37,50,50
CHEMBL239,35501,original,9,0.2,6.0,inactive_logit,50,plus_group_evidence,37,50,50
CHEMBL239,35501,original,9,0.2,6.0,inactive_logit,50,full,36,50,50
CHEMBL239,35501,original,9,0.2,6.0,inactive_logit,50,score_cap1,30,50,50
CHEMBL239,35501,original,9,0.2,6.0,inactive_logit,75,full,47,75,75
CHEMBL239,35501,original,9,0.2,6.0,inactive_logit,75,score_cap1,42,75,75
CHEMBL239,35501,original,9,0.3,4.0,inactive_logit,20,full,14,20,20
CHEMBL239,35501,original,9,0.3,4.0,inactive_logit,20,score_cap1,11,20,20
CHEMBL239,35501,original,9,0.3,4.0,inactive_logit,40,full,28,40,40
CHEMBL239,35501,original,9,0.3,4.0,inactive_logit,40,score_cap1,24,40,40
CHEMBL239,35501,original,9,0.3,4.0,inactive_logit,50,score_only,32,50,50
CHEMBL239,35501,original,9,0.3,4.0,inactive_logit,50,plus_group_stats,34,50,50
CHEMBL239,35501,original,9,0.3,4.0,inactive_logit,50,plus_group_evidence,34,50,50
CHEMBL239,35501,original,9,0.3,4.0,inactive_logit,50,full,33,50,50
CHEMBL239,35501,original,9,0.3,4.0,inactive_logit,50,score_cap1,30,50,50
CHEMBL239,35501,original,9,0.3,4.0,inactive_logit,75,full,44,75,75
CHEMBL239,35501,original,9,0.3,4.0,inactive_logit,75,score_cap1,43,75,75
CHEMBL239,35501,original,9,0.3,6.0,inactive_logit,20,full,19,20,20
CHEMBL239,35501,original,9,0.3,6.0,inactive_logit,20,score_cap1,10,20,20
CHEMBL239,35501,original,9,0.3,6.0,inactive_logit,40,full,31,40,40
CHEMBL239,35501,original,9,0.3,6.0,inactive_logit,40,score_cap1,24,40,40
CHEMBL239,35501,original,9,0.3,6.0,inactive_logit,50,score_only,36,50,50
CHEMBL239,35501,original,9,0.3,6.0,inactive_logit,50,plus_group_stats,37,50,50
CHEMBL239,35501,original,9,0.3,6.0,inactive_logit,50,plus_group_evidence,37,50,50
CHEMBL239,35501,original,9,0.3,6.0,inactive_logit,50,full,37,50,50
CHEMBL239,35501,original,9,0.3,6.0,inactive_logit,50,score_cap1,30,50,50
CHEMBL239,35501,original,9,0.3,6.0,inactive_logit,75,full,47,75,75
CHEMBL239,35501,original,9,0.3,6.0,inactive_logit,75,score_cap1,43,75,75
CHEMBL239,35501,unseen,9,,,logit_b5,50,full,37,50,50
CHEMBL239,35501,unseen,9,,,logit_b5,50,score_only,33,50,50
CHEMBL239,35501,unseen,9,,,logit_b5,50,score_cap1,30,50,50
CHEMBL239,35501,unseen,9,,,logit_b7,50,full,37,50,50
CHEMBL239,35501,unseen,9,,,logit_b7,50,score_only,36,50,50
CHEMBL239,35501,unseen,9,,,logit_b7,50,score_cap1,29,50,50
CHEMBL239,35501,unseen,9,,,additive_inactive,50,full,35,50,50
CHEMBL239,35501,unseen,9,,,additive_inactive,50,score_only,33,50,50
CHEMBL239,35501,unseen,9,,,additive_inactive,50,score_cap1,33,50,50
CHEMBL239,35501,unseen,9,,,blockwide_logit,50,full,35,50,50
CHEMBL239,35501,unseen,9,,,blockwide_logit,50,score_only,31,50,50
CHEMBL239,35501,unseen,9,,,blockwide_logit,50,score_cap1,31,50,50
CHEMBL239,35501,unseen,9,,,heterogeneous_inactive,50,full,35,50,50
CHEMBL239,35501,unseen,9,,,heterogeneous_inactive,50,score_only,32,50,50
CHEMBL239,35501,unseen,9,,,heterogeneous_inactive,50,score_cap1,30,50,50
